index_resource,entry,filename,archive_offset,bytes
at.rl,0,as_ia.vdx,0,268772
at.rl,1,as_u.vdx,268773,1301988
at.rl,2,at1f.vdx,1570762,1446347
at.rl,3,at1p.vdx,3017110,1123925
at.rl,4,at1pb.vdx,4141036,1118689
at.rl,5,at1s.vdx,5259726,146747
at.rl,6,at1sb.vdx,5406474,147548
at.rl,7,at2f.vdx,5554023,630099
at.rl,8,at2p.vdx,6184123,465893
at.rl,9,at2pb.vdx,6650017,461141
at.rl,10,at2s.vdx,7111159,46435
at.rl,11,at2_.vdx,7157595,1696613
at.rl,12,at3p.vdx,8854209,471764
at.rl,13,at3pb.vdx,9325974,468377
at.rl,14,at3s.vdx,9794352,354028
at.rl,15,at4s.vdx,10148381,97877
at.rl,16,at4_.vdx,10246259,1611021
at.rl,17,atab.vdx,11857281,1483219
at.rl,18,atabb.vdx,13340501,1534175
at.rl,19,atcd.vdx,14874677,1401480
at.rl,20,atcdb.vdx,16276158,1397129
at.rl,21,atpb41.vdx,17673288,29493
at.rl,22,atpb61.vdx,17702782,28554
at.rl,23,atpb81.vdx,17731337,30758
at.rl,24,at_dog.vdx,17762096,705556
at.rl,25,atwarp.vdx,18467653,1516772
at.rl,26,atdwarp.vdx,19984426,402849
at.rl,27,at_b.vdx,20387276,584212
at.rl,28,at_d.vdx,20971489,269341
at.rl,29,at_e.vdx,21240831,230978
at.rl,30,at_j.vdx,21471810,323070
at.rl,31,at_k.vdx,21794881,369508
at.rl,32,at_t.vdx,22164390,348497
at.rl,33,at_x.vdx,22512888,205220
at.rl,34,rt1_a.vdx,22718109,8116982
at.rl,35,rt1_b.vdx,30835092,10888672
at.rl,36,rt_x.vdx,41723765,1715078
at.rl,37,rt_xb.vdx,43438844,1732729
b.rl,0,b1_.vdx,0,1870813
b.rl,1,b1_2b.vdx,1870814,1841467
b.rl,2,b1_2f.vdx,3712282,1600225
b.rl,3,b1_s.vdx,5312508,1213115
b.rl,4,b4_1.vdx,6525624,1399270
b.rl,5,b_1ab.vdx,7924895,1633112
b.rl,6,b_1af.vdx,9558008,1668804
b.rl,7,b_1bb.vdx,11226813,2214008
b.rl,8,b_1bf.vdx,13440822,2200962
b.rl,9,b_d.vdx,15641785,547536
b.rl,10,b_drain.vdx,16189322,3111798
b.rl,11,b_fb.vdx,19301121,347204
b.rl,12,b_ff.vdx,19648326,352298
b.rl,13,b_pb.vdx,20000625,97906
b.rl,14,b_pf.vdx,20098532,99880
b.rl,15,bsten_01.vdx,20198413,2022
b.rl,16,bsten_02.vdx,20200436,1962
b.rl,17,bsten_03.vdx,20202399,1891
b.rl,18,bsten_04.vdx,20204291,1869
b.rl,19,bsten_05.vdx,20206161,1972
b.rl,20,bsten_06.vdx,20208134,1799
b.rl,21,bsten_07.vdx,20209934,1874
b.rl,22,bsten_08.vdx,20211809,1870
b.rl,23,bsten_09.vdx,20213680,1833
b.rl,24,bsten_10.vdx,20215514,1826
b.rl,25,bsten_11.vdx,20217341,1786
b.rl,26,bsten_12.vdx,20219128,1764
b.rl,27,bsten_13.vdx,20220893,1782
b.rl,28,bsten_14.vdx,20222676,1782
b.rl,29,bsten_15.vdx,20224459,1856
b.rl,30,bsten_16.vdx,20226316,1752
b.rl,31,bsten_17.vdx,20228069,1794
b.rl,32,bsten_18.vdx,20229864,1747
b.rl,33,bsten_19.vdx,20231612,1781
b.rl,34,bsten_20.vdx,20233394,1878
b.rl,35,bsten_21.vdx,20235273,1794
b.rl,36,bsten_22.vdx,20237068,1733
b.rl,37,bsten_23.vdx,20238802,1761
b.rl,38,bsten_24.vdx,20240564,1781
b.rl,39,bsten_25.vdx,20242346,1786
b.rl,40,bab.vdx,20244133,48042
b.rl,41,baf.vdx,20292176,48168
b.rl,42,bbb.vdx,20340345,45685
b.rl,43,bbf.vdx,20386031,45693
b.rl,44,bcb.vdx,20431725,45645
b.rl,45,bcf.vdx,20477371,45726
b.rl,46,bdb.vdx,20523098,45506
b.rl,47,bdf.vdx,20568605,45751
b.rl,48,beb.vdx,20614357,47480
b.rl,49,bef.vdx,20661838,47651
b.rl,50,bfb.vdx,20709490,44214
b.rl,51,bff.vdx,20753705,44338
b.rl,52,bgb.vdx,20798044,42738
b.rl,53,bgf.vdx,20840783,42950
b.rl,54,bhb.vdx,20883734,42585
b.rl,55,bhf.vdx,20926320,42724
b.rl,56,bib.vdx,20969045,42845
b.rl,57,bif.vdx,21011891,43108
b.rl,58,bjb.vdx,21055000,42878
b.rl,59,bjf.vdx,21097879,43175
b.rl,60,bkb.vdx,21141055,40776
b.rl,61,bkf.vdx,21181832,40955
b.rl,62,blb.vdx,21222788,39792
b.rl,63,blf.vdx,21262581,40037
b.rl,64,bmb.vdx,21302619,40497
b.rl,65,bmf.vdx,21343117,40812
b.rl,66,bnb.vdx,21383930,40328
b.rl,67,bnf.vdx,21424259,40564
b.rl,68,bob.vdx,21464824,40558
b.rl,69,bof.vdx,21505383,40869
b.rl,70,bpb.vdx,21546253,37903
b.rl,71,bpf.vdx,21584157,38150
b.rl,72,bqb.vdx,21622308,37978
b.rl,73,bqf.vdx,21660287,38189
b.rl,74,brb.vdx,21698477,38144
b.rl,75,brf.vdx,21736622,38357
b.rl,76,bsb.vdx,21774980,38497
b.rl,77,bsf.vdx,21813478,38788
b.rl,78,btb.vdx,21852267,35912
b.rl,79,btf.vdx,21888180,36168
b.rl,80,bub.vdx,21924349,36855
b.rl,81,buf.vdx,21961205,37110
b.rl,82,bvb.vdx,21998316,36337
b.rl,83,bvf.vdx,22034654,36597
b.rl,84,bwb.vdx,22071252,37073
b.rl,85,bwf.vdx,22108326,37433
b.rl,86,bxb.vdx,22145760,36780
b.rl,87,bxf.vdx,22182541,37116
b.rl,88,byb.vdx,22219658,32818
b.rl,89,byf.vdx,22252477,33156
b.rl,90,wab.vdx,22285634,75230
b.rl,91,waf.vdx,22360865,76897
b.rl,92,wbb.vdx,22437763,75221
b.rl,93,wbf.vdx,22512985,76836
b.rl,94,wcb.vdx,22589822,74350
b.rl,95,wcf.vdx,22664173,75987
b.rl,96,wdb.vdx,22740161,75916
b.rl,97,wdf.vdx,22816078,77387
b.rl,98,web.vdx,22893466,75312
b.rl,99,wef.vdx,22968779,76660
b.rl,100,wfb.vdx,23045440,70627
b.rl,101,wff.vdx,23116068,72232
b.rl,102,wgb.vdx,23188301,69893
b.rl,103,wgf.vdx,23258195,71622
b.rl,104,whb.vdx,23329818,70043
b.rl,105,whf.vdx,23399862,71630
b.rl,106,wib.vdx,23471493,69546
b.rl,107,wif.vdx,23541040,71172
b.rl,108,wjb.vdx,23612213,71413
b.rl,109,wjf.vdx,23683627,72832
b.rl,110,wkb.vdx,23756460,66176
b.rl,111,wkf.vdx,23822637,67905
b.rl,112,wlb.vdx,23890543,66123
b.rl,113,wlf.vdx,23956667,67830
b.rl,114,wmb.vdx,24024498,66020
b.rl,115,wmf.vdx,24090519,67714
b.rl,116,wnb.vdx,24158234,66702
b.rl,117,wnf.vdx,24224937,68254
b.rl,118,wob.vdx,24293192,67425
b.rl,119,wof.vdx,24360618,68892
b.rl,120,wpb.vdx,24429511,63256
b.rl,121,wpf.vdx,24492768,64922
b.rl,122,wqb.vdx,24557691,62535
b.rl,123,wqf.vdx,24620227,64270
b.rl,124,wrb.vdx,24684498,63162
b.rl,125,wrf.vdx,24747661,64786
b.rl,126,wsb.vdx,24812448,63523
b.rl,127,wsf.vdx,24875972,65075
b.rl,128,wtb.vdx,24941048,64202
b.rl,129,wtf.vdx,25005251,65459
b.rl,130,wub.vdx,25070711,60015
b.rl,131,wuf.vdx,25130727,61728
b.rl,132,wvb.vdx,25192456,60352
b.rl,133,wvf.vdx,25252809,62054
b.rl,134,wwb.vdx,25314864,59572
b.rl,135,wwf.vdx,25374437,61230
b.rl,136,wxb.vdx,25435668,61085
b.rl,137,wxf.vdx,25496754,62615
b.rl,138,wyb.vdx,25559370,56055
b.rl,139,wyf.vdx,25615426,57481
ch.rl,0,ch0k.vdx,0,173020
ch.rl,1,ch1k.vdx,173021,142844
ch.rl,2,ch1kb.vdx,315866,142801
ch.rl,3,ch2k.vdx,458668,122420
ch.rl,4,ch2_.vdx,581089,249114
ch.rl,5,ch3_0.vdx,830204,5276110
ch.rl,6,ch4kb.vdx,6106315,76894
ch.rl,7,chab.vdx,6183210,1394266
ch.rl,8,chabb.vdx,7577477,1375718
ch.rl,9,chal.vdx,8953196,627866
ch.rl,10,chcd.vdx,9581063,1357381
ch.rl,11,chfa.vdx,10938445,207092
ch.rl,12,chcdb.vdx,11145538,1361461
ch.rl,13,chex.vdx,12507000,872281
ch.rl,14,chor.vdx,13379282,554764
ch.rl,15,chorb.vdx,13934047,706085
ch.rl,16,chpu.vdx,14640133,890832
ch.rl,17,chpub.vdx,15530966,870542
ch.rl,18,chpuz01.vdx,16401509,5510
ch.rl,19,chpuz01_.vdx,16407020,3337
ch.rl,20,chpuz02.vdx,16410358,17974
ch.rl,21,chpuz02_.vdx,16428333,8514
ch.rl,22,chpuz03.vdx,16436848,18109
ch.rl,23,chpuz03_.vdx,16454958,8280
ch.rl,24,chpuz04.vdx,16463239,17117
ch.rl,25,chpuz04_.vdx,16480357,7933
ch.rl,26,chpuz05.vdx,16488291,18269
ch.rl,27,chpuz05_.vdx,16506561,8371
ch.rl,28,chpuz06.vdx,16514933,19270
ch.rl,29,chpuz06_.vdx,16534204,9302
ch.rl,30,chpuz07.vdx,16543507,6069
ch.rl,31,chpuz07_.vdx,16549577,3470
ch.rl,32,chpuz08.vdx,16553048,14433
ch.rl,33,chpuz08_.vdx,16567482,7730
ch.rl,34,chpuz09.vdx,16575213,14187
ch.rl,35,chpuz09_.vdx,16589401,7629
ch.rl,36,chpuz10.vdx,16597031,15323
ch.rl,37,chpuz10_.vdx,16612355,7902
ch.rl,38,chpuz11.vdx,16620258,15765
ch.rl,39,chpuz11_.vdx,16636024,8594
ch.rl,40,chpuz12.vdx,16644619,6424
ch.rl,41,chpuz12_.vdx,16651044,4110
ch.rl,42,chpuz13.vdx,16655155,7356
ch.rl,43,chpuz13_.vdx,16662512,4430
ch.rl,44,chpuz14.vdx,16666943,11299
ch.rl,45,chpuz14_.vdx,16678243,6909
ch.rl,46,chpuz15.vdx,16685153,11929
ch.rl,47,chpuz15_.vdx,16697083,7547
ch.rl,48,chpuz16.vdx,16704631,8546
ch.rl,49,chpuz16_.vdx,16713178,6302
ch.rl,50,chpuz17.vdx,16719481,8870
ch.rl,51,chpuz17_.vdx,16728352,6935
ch.rl,52,chpuz18.vdx,16735288,4130
ch.rl,53,chpuz18_.vdx,16739419,4120
ch.rl,54,chpuz19.vdx,16743540,5193
ch.rl,55,chpuz19_.vdx,16748734,5651
ch.rl,56,chpuz20.vdx,16754386,5484
ch.rl,57,chpuz20_.vdx,16759871,5228
ch.rl,58,chpuz21.vdx,16765100,5447
ch.rl,59,chpuz21_.vdx,16770548,5168
ch.rl,60,chpuz22.vdx,16775717,5354
ch.rl,61,chpuz22_.vdx,16781072,5088
ch.rl,62,chpuz23.vdx,16786161,5180
ch.rl,63,chpuz23_.vdx,16791342,5884
ch.rl,64,chpuz24.vdx,16797227,4537
ch.rl,65,chpuz24_.vdx,16801765,4487
ch.rl,66,chpuz25.vdx,16806253,2482
ch.rl,67,chpuz25_.vdx,16808736,3614
ch.rl,68,chpuz26.vdx,16812351,2460
ch.rl,69,chpuz26_.vdx,16814812,3471
ch.rl,70,chpuz27.vdx,16818284,2469
ch.rl,71,chpuz27_.vdx,16820754,3499
ch.rl,72,chpuz28.vdx,16824254,2496
ch.rl,73,chpuz28_.vdx,16826751,3470
ch.rl,74,chpuz29.vdx,16830222,2426
ch.rl,75,chpuz29_.vdx,16832649,3599
ch.rl,76,chpuz30.vdx,16836249,2554
ch.rl,77,chpuz30_.vdx,16838804,3536
ch.rl,78,chpuz31.vdx,16842341,2589
ch.rl,79,chpuz31_.vdx,16844931,3679
ch.rl,80,chpuzb.vdx,16848611,41220
d.rl,0,d1_.vdx,0,5275324
d.rl,1,d1_2.vdx,5275325,976733
d.rl,2,d1_3.vdx,6252059,1516500
d.rl,3,d1_3b.vdx,7768560,1499465
d.rl,4,d1_3bkgr.vdx,9268026,28068
d.rl,5,d2_1.vdx,9296095,1098760
d.rl,6,dpuzback.vdx,10394856,28071
d.rl,7,d_1ba.vdx,10422928,1605794
d.rl,8,d_1bc.vdx,12028723,1569310
d.rl,9,d_1fa.vdx,13598034,1583790
d.rl,10,d_1fc.vdx,15181825,1573213
d.rl,11,d_2ba.vdx,16755039,898469
d.rl,12,d_2bb.vdx,17653509,942447
d.rl,13,d_2bc.vdx,18595957,714226
d.rl,14,d_2bd.vdx,19310184,698883
d.rl,15,d_2fa.vdx,20009068,904149
d.rl,16,d_2fb.vdx,20913218,942133
d.rl,17,d_2fc.vdx,21855352,723176
d.rl,18,d_2fd.vdx,22578529,710264
d.rl,19,d_d.vdx,23288794,677698
d.rl,20,d_mask0.vdx,23966493,1865
d.rl,21,d_mask1.vdx,23968359,2010
d.rl,22,d_mask2.vdx,23970370,1825
d.rl,23,d_mask3.vdx,23972196,1977
d.rl,24,d_mask4.vdx,23974174,1997
d.rl,25,d_mask5.vdx,23976172,1909
d.rl,26,d_mask6.vdx,23978082,2057
d.rl,27,d_mask7.vdx,23980140,2053
d.rl,28,d_mask8.vdx,23982194,2023
d.rl,29,d_s.vdx,23984218,769928
d.rl,30,d_x.vdx,24754147,484716
d.rl,31,p_h1ab.vdx,25238864,14439
d.rl,32,p_h1af.vdx,25253304,12582
d.rl,33,p_h1bb.vdx,25265887,14234
d.rl,34,p_h1bf.vdx,25280122,12456
d.rl,35,p_h1cb.vdx,25292579,14337
d.rl,36,p_h1cf.vdx,25306917,12443
d.rl,37,p_h1db.vdx,25319361,15915
d.rl,38,p_h1df.vdx,25335277,13577
d.rl,39,p_h1eb.vdx,25348855,15453
d.rl,40,p_h1ef.vdx,25364309,13236
d.rl,41,p_h1fb.vdx,25377546,15908
d.rl,42,p_h1ff.vdx,25393455,13586
d.rl,43,p_h1gb.vdx,25407042,17917
d.rl,44,p_h1gf.vdx,25424960,15859
d.rl,45,p_h1hb.vdx,25440820,17705
d.rl,46,p_h1hf.vdx,25458526,15660
d.rl,47,p_h1ib.vdx,25474187,18135
d.rl,48,p_h1if.vdx,25492323,15893
d.rl,49,p_h2ab.vdx,25508217,11436
d.rl,50,p_h2af.vdx,25519654,10318
d.rl,51,p_h2bb.vdx,25529973,11367
d.rl,52,p_h2bf.vdx,25541341,10210
d.rl,53,p_h2cb.vdx,25551552,11550
d.rl,54,p_h2cf.vdx,25563103,10384
d.rl,55,p_h2db.vdx,25573488,12986
d.rl,56,p_h2df.vdx,25586475,11614
d.rl,57,p_h2eb.vdx,25598090,12772
d.rl,58,p_h2ef.vdx,25610863,11332
d.rl,59,p_h2fb.vdx,25622196,13104
d.rl,60,p_h2ff.vdx,25635301,11659
d.rl,61,p_h2gb.vdx,25646961,15429
d.rl,62,p_h2gf.vdx,25662391,13934
d.rl,63,p_h2hb.vdx,25676326,14878
d.rl,64,p_h2hf.vdx,25691205,13438
d.rl,65,p_h2ib.vdx,25704644,15502
d.rl,66,p_h2if.vdx,25720147,14007
d.rl,67,p_h3ab.vdx,25734155,14851
d.rl,68,p_h3af.vdx,25749007,13018
d.rl,69,p_h3bb.vdx,25762026,14554
d.rl,70,p_h3bf.vdx,25776581,12714
d.rl,71,p_h3cb.vdx,25789296,14704
d.rl,72,p_h3cf.vdx,25804001,12801
d.rl,73,p_h3db.vdx,25816803,16831
d.rl,74,p_h3df.vdx,25833635,14515
d.rl,75,p_h3eb.vdx,25848151,16337
d.rl,76,p_h3ef.vdx,25864489,14101
d.rl,77,p_h3fb.vdx,25878591,16642
d.rl,78,p_h3ff.vdx,25895234,14373
d.rl,79,p_h3gb.vdx,25909608,20276
d.rl,80,p_h3gf.vdx,25929885,17672
d.rl,81,p_h3hb.vdx,25947558,19439
d.rl,82,p_h3hf.vdx,25966998,17006
d.rl,83,p_h3ib.vdx,25984005,19827
d.rl,84,p_h3if.vdx,26003833,17304
d.rl,85,p_h4ab.vdx,26021138,17523
d.rl,86,p_h4af.vdx,26038662,15203
d.rl,87,p_h4bb.vdx,26053866,17137
d.rl,88,p_h4bf.vdx,26071004,14918
d.rl,89,p_h4cb.vdx,26085923,17544
d.rl,90,p_h4cf.vdx,26103468,15204
d.rl,91,p_h4db.vdx,26118673,20624
d.rl,92,p_h4df.vdx,26139298,17838
d.rl,93,p_h4eb.vdx,26157137,20256
d.rl,94,p_h4ef.vdx,26177394,17542
d.rl,95,p_h4fb.vdx,26194937,20989
d.rl,96,p_h4ff.vdx,26215927,18137
d.rl,97,p_h4gb.vdx,26234065,24942
d.rl,98,p_h4gf.vdx,26259008,21643
d.rl,99,p_h4hb.vdx,26280652,24362
d.rl,100,p_h4hf.vdx,26305015,21123
d.rl,101,p_h4ib.vdx,26326139,25288
d.rl,102,p_h4if.vdx,26351428,21799
d.rl,103,p_h5ab.vdx,26373228,15250
d.rl,104,p_h5af.vdx,26388479,13702
d.rl,105,p_h5bb.vdx,26402182,14804
d.rl,106,p_h5bf.vdx,26416987,13299
d.rl,107,p_h5cb.vdx,26430287,15208
d.rl,108,p_h5cf.vdx,26445496,13629
d.rl,109,p_h5db.vdx,26459126,18116
d.rl,110,p_h5df.vdx,26477243,16127
d.rl,111,p_h5eb.vdx,26493371,17727
d.rl,112,p_h5ef.vdx,26511099,15787
d.rl,113,p_h5fb.vdx,26526887,18154
d.rl,114,p_h5ff.vdx,26545042,16104
d.rl,115,p_h5gb.vdx,26561147,21927
d.rl,116,p_h5gf.vdx,26583075,19305
d.rl,117,p_h5hb.vdx,26602381,21310
d.rl,118,p_h5hf.vdx,26623692,18822
d.rl,119,p_h5ib.vdx,26642515,22172
d.rl,120,p_h5if.vdx,26664688,19471
d.rl,121,p_h6ab.vdx,26684160,16652
d.rl,122,p_h6af.vdx,26700813,14520
d.rl,123,p_h6bb.vdx,26715334,16347
d.rl,124,p_h6bf.vdx,26731682,14301
d.rl,125,p_h6cb.vdx,26745984,16425
d.rl,126,p_h6cf.vdx,26762410,14304
d.rl,127,p_h6db.vdx,26776715,19437
d.rl,128,p_h6df.vdx,26796153,16926
d.rl,129,p_h6eb.vdx,26813080,19243
d.rl,130,p_h6ef.vdx,26832324,16784
d.rl,131,p_h6fb.vdx,26849109,19561
d.rl,132,p_h6ff.vdx,26868671,16980
d.rl,133,p_h6gb.vdx,26885652,24061
d.rl,134,p_h6gf.vdx,26909714,20696
d.rl,135,p_h6hb.vdx,26930411,23685
d.rl,136,p_h6hf.vdx,26954097,20486
d.rl,137,p_h6ib.vdx,26974584,24009
d.rl,138,p_h6if.vdx,26998594,20734
d.rl,139,p_h7ab.vdx,27019329,24451
d.rl,140,p_h7af.vdx,27043781,21233
d.rl,141,p_h7bb.vdx,27065015,24364
d.rl,142,p_h7bf.vdx,27089380,21068
d.rl,143,p_h7cb.vdx,27110449,24599
d.rl,144,p_h7cf.vdx,27135049,21331
d.rl,145,p_h7db.vdx,27156381,30008
d.rl,146,p_h7df.vdx,27186390,25451
d.rl,147,p_h7eb.vdx,27211842,29778
d.rl,148,p_h7ef.vdx,27241621,25207
d.rl,149,p_h7fb.vdx,27266829,30064
d.rl,150,p_h7ff.vdx,27296894,25527
d.rl,151,p_h7gb.vdx,27322422,37599
d.rl,152,p_h7gf.vdx,27360022,31180
d.rl,153,p_h7hb.vdx,27391203,37238
d.rl,154,p_h7hf.vdx,27428442,30795
d.rl,155,p_h7ib.vdx,27459238,37515
d.rl,156,p_h7if.vdx,27496754,31127
d.rl,157,p_h8ab.vdx,27527882,19571
d.rl,158,p_h8af.vdx,27547454,17092
d.rl,159,p_h8bb.vdx,27564547,19310
d.rl,160,p_h8bf.vdx,27583858,16895
d.rl,161,p_h8cb.vdx,27600754,19491
d.rl,162,p_h8cf.vdx,27620246,17090
d.rl,163,p_h8db.vdx,27637337,23455
d.rl,164,p_h8df.vdx,27660793,20073
d.rl,165,p_h8eb.vdx,27680867,23353
d.rl,166,p_h8ef.vdx,27704221,20003
d.rl,167,p_h8fb.vdx,27724225,23452
d.rl,168,p_h8ff.vdx,27747678,20114
d.rl,169,p_h8gb.vdx,27767793,28373
d.rl,170,p_h8gf.vdx,27796167,24033
d.rl,171,p_h8hb.vdx,27820201,28432
d.rl,172,p_h8hf.vdx,27848634,24099
d.rl,173,p_h8ib.vdx,27872734,28633
d.rl,174,p_h8if.vdx,27901368,24113
d.rl,175,p_h9ab.vdx,27925482,22919
d.rl,176,p_h9af.vdx,27948402,19637
d.rl,177,p_h9bb.vdx,27968040,22699
d.rl,178,p_h9bf.vdx,27990740,19454
d.rl,179,p_h9cb.vdx,28010195,22972
d.rl,180,p_h9cf.vdx,28033168,19688
d.rl,181,p_h9db.vdx,28052857,27688
d.rl,182,p_h9df.vdx,28080546,23313
d.rl,183,p_h9eb.vdx,28103860,27521
d.rl,184,p_h9ef.vdx,28131382,23131
d.rl,185,p_h9fb.vdx,28154514,28179
d.rl,186,p_h9ff.vdx,28182694,23634
d.rl,187,p_h9gb.vdx,28206329,34869
d.rl,188,p_h9gf.vdx,28241199,29129
d.rl,189,p_h9hb.vdx,28270329,35205
d.rl,190,p_h9hf.vdx,28305535,29333
d.rl,191,p_h9ib.vdx,28334869,35458
d.rl,192,p_h9if.vdx,28370328,29459
d.rl,193,p_v1ab.vdx,28399788,16548
d.rl,194,p_v1af.vdx,28416337,14642
d.rl,195,p_v1bb.vdx,28430980,14257
d.rl,196,p_v1bf.vdx,28445238,12455
d.rl,197,p_v1cb.vdx,28457694,12064
d.rl,198,p_v1cf.vdx,28469759,10177
d.rl,199,p_v1db.vdx,28479937,21323
d.rl,200,p_v1df.vdx,28501261,18897
d.rl,201,p_v1eb.vdx,28520159,18019
d.rl,202,p_v1ef.vdx,28538179,15829
d.rl,203,p_v1fb.vdx,28554009,15116
d.rl,204,p_v1ff.vdx,28569126,12848
d.rl,205,p_v1gb.vdx,28581975,25567
d.rl,206,p_v1gf.vdx,28607543,23452
d.rl,207,p_v1hb.vdx,28630996,21168
d.rl,208,p_v1hf.vdx,28652165,19158
d.rl,209,p_v1ib.vdx,28671324,18653
d.rl,210,p_v1if.vdx,28689978,16531
d.rl,211,p_v2ab.vdx,28706510,12812
d.rl,212,p_v2af.vdx,28719323,11637
d.rl,213,p_v2bb.vdx,28730961,11267
d.rl,214,p_v2bf.vdx,28742229,10094
d.rl,215,p_v2cb.vdx,28752324,9421
d.rl,216,p_v2cf.vdx,28761746,8289
d.rl,217,p_v2db.vdx,28770036,16331
d.rl,218,p_v2df.vdx,28786368,14870
d.rl,219,p_v2eb.vdx,28801239,13855
d.rl,220,p_v2ef.vdx,28815095,12463
d.rl,221,p_v2fb.vdx,28827559,11800
d.rl,222,p_v2ff.vdx,28839360,10423
d.rl,223,p_v2gb.vdx,28849784,20914
d.rl,224,p_v2gf.vdx,28870699,19326
d.rl,225,p_v2hb.vdx,28890026,16917
d.rl,226,p_v2hf.vdx,28906944,15557
d.rl,227,p_v2ib.vdx,28922502,14540
d.rl,228,p_v2if.vdx,28937043,13179
d.rl,229,p_v3ab.vdx,28950223,16706
d.rl,230,p_v3af.vdx,28966930,14808
d.rl,231,p_v3bb.vdx,28981739,14180
d.rl,232,p_v3bf.vdx,28995920,12328
d.rl,233,p_v3cb.vdx,29008249,11975
d.rl,234,p_v3cf.vdx,29020225,10069
d.rl,235,p_v3db.vdx,29030295,21352
d.rl,236,p_v3df.vdx,29051648,18958
d.rl,237,p_v3eb.vdx,29070607,17884
d.rl,238,p_v3ef.vdx,29088492,15657
d.rl,239,p_v3fb.vdx,29104150,15066
d.rl,240,p_v3ff.vdx,29119217,12858
d.rl,241,p_v3gb.vdx,29132076,27992
d.rl,242,p_v3gf.vdx,29160069,25320
d.rl,243,p_v3hb.vdx,29185390,22493
d.rl,244,p_v3hf.vdx,29207884,20066
d.rl,245,p_v3ib.vdx,29227951,19386
d.rl,246,p_v3if.vdx,29247338,16961
d.rl,247,p_v4ab.vdx,29264300,18652
d.rl,248,p_v4af.vdx,29282953,16310
d.rl,249,p_v4bb.vdx,29299264,15842
d.rl,250,p_v4bf.vdx,29315107,13594
d.rl,251,p_v4cb.vdx,29328702,13168
d.rl,252,p_v4cf.vdx,29341871,10832
d.rl,253,p_v4db.vdx,29352704,24771
d.rl,254,p_v4df.vdx,29377476,21909
d.rl,255,p_v4eb.vdx,29399386,20483
d.rl,256,p_v4ef.vdx,29419870,17744
d.rl,257,p_v4fb.vdx,29437615,16984
d.rl,258,p_v4ff.vdx,29454600,14161
d.rl,259,p_v4gb.vdx,29468762,32906
d.rl,260,p_v4gf.vdx,29501669,29477
d.rl,261,p_v4hb.vdx,29531147,26396
d.rl,262,p_v4hf.vdx,29557544,23186
d.rl,263,p_v4ib.vdx,29580731,22631
d.rl,264,p_v4if.vdx,29603363,19216
d.rl,265,p_v5ab.vdx,29622580,16312
d.rl,266,p_v5af.vdx,29638893,14633
d.rl,267,p_v5bb.vdx,29653527,13392
d.rl,268,p_v5bf.vdx,29666920,11818
d.rl,269,p_v5cb.vdx,29678739,11434
d.rl,270,p_v5cf.vdx,29690174,9782
d.rl,271,p_v5db.vdx,29699957,21510
d.rl,272,p_v5df.vdx,29721468,19352
d.rl,273,p_v5eb.vdx,29740821,17699
d.rl,274,p_v5ef.vdx,29758521,15680
d.rl,275,p_v5fb.vdx,29774202,14575
d.rl,276,p_v5ff.vdx,29788778,12470
d.rl,277,p_v5gb.vdx,29801249,28774
d.rl,278,p_v5gf.vdx,29830024,26020
d.rl,279,p_v5hb.vdx,29856045,23154
d.rl,280,p_v5hf.vdx,29879200,20558
d.rl,281,p_v5ib.vdx,29899759,19559
d.rl,282,p_v5if.vdx,29919319,16802
d.rl,283,p_v6ab.vdx,29936122,18122
d.rl,284,p_v6af.vdx,29954245,15961
d.rl,285,p_v6bb.vdx,29970207,15128
d.rl,286,p_v6bf.vdx,29985336,13049
d.rl,287,p_v6cb.vdx,29998386,12774
d.rl,288,p_v6cf.vdx,30011161,10622
d.rl,289,p_v6db.vdx,30021784,24229
d.rl,290,p_v6df.vdx,30046014,21603
d.rl,291,p_v6eb.vdx,30067618,19931
d.rl,292,p_v6ef.vdx,30087550,17471
d.rl,293,p_v6fb.vdx,30105022,16308
d.rl,294,p_v6ff.vdx,30121331,13743
d.rl,295,p_v6gb.vdx,30135075,32512
d.rl,296,p_v6gf.vdx,30167588,28994
d.rl,297,p_v6hb.vdx,30196583,26339
d.rl,298,p_v6hf.vdx,30222923,23149
d.rl,299,p_v6ib.vdx,30246073,21796
d.rl,300,p_v6if.vdx,30267870,18548
d.rl,301,p_v7ab.vdx,30286419,22325
d.rl,302,p_v7af.vdx,30308745,19128
d.rl,303,p_v7bb.vdx,30327874,18135
d.rl,304,p_v7bf.vdx,30346010,14825
d.rl,305,p_v7cb.vdx,30360836,14779
d.rl,306,p_v7cf.vdx,30375616,11545
d.rl,307,p_v7db.vdx,30387162,31596
d.rl,308,p_v7df.vdx,30418759,27023
d.rl,309,p_v7eb.vdx,30445783,25235
d.rl,310,p_v7ef.vdx,30471019,20711
d.rl,311,p_v7fb.vdx,30491731,20360
d.rl,312,p_v7ff.vdx,30512092,15919
d.rl,313,p_v7gb.vdx,30528012,46050
d.rl,314,p_v7gf.vdx,30574063,39674
d.rl,315,p_v7hb.vdx,30613738,36481
d.rl,316,p_v7hf.vdx,30650220,30145
d.rl,317,p_v7ib.vdx,30680366,29505
d.rl,318,p_v7if.vdx,30709872,23193
d.rl,319,p_v8ab.vdx,30733066,19817
d.rl,320,p_v8af.vdx,30752884,17324
d.rl,321,p_v8bb.vdx,30770209,16040
d.rl,322,p_v8bf.vdx,30786250,13536
d.rl,323,p_v8cb.vdx,30799787,13129
d.rl,324,p_v8cf.vdx,30812917,10677
d.rl,325,p_v8db.vdx,30823595,28141
d.rl,326,p_v8df.vdx,30851737,24659
d.rl,327,p_v8eb.vdx,30876397,22161
d.rl,328,p_v8ef.vdx,30898559,18776
d.rl,329,p_v8fb.vdx,30917336,17886
d.rl,330,p_v8ff.vdx,30935223,14484
d.rl,331,p_v8gb.vdx,30949708,39106
d.rl,332,p_v8gf.vdx,30988815,34600
d.rl,333,p_v8hb.vdx,31023416,30248
d.rl,334,p_v8hf.vdx,31053665,25825
d.rl,335,p_v8ib.vdx,31079491,24933
d.rl,336,p_v8if.vdx,31104425,20440
d.rl,337,p_v9ab.vdx,31124866,22519
d.rl,338,p_v9af.vdx,31147386,19292
d.rl,339,p_v9bb.vdx,31166679,18039
d.rl,340,p_v9bf.vdx,31184719,14702
d.rl,341,p_v9cb.vdx,31199422,14752
d.rl,342,p_v9cf.vdx,31214175,11445
d.rl,343,p_v9db.vdx,31225621,31642
d.rl,344,p_v9df.vdx,31257264,27231
d.rl,345,p_v9eb.vdx,31284496,25209
d.rl,346,p_v9ef.vdx,31309706,20809
d.rl,347,p_v9fb.vdx,31330516,20219
d.rl,348,p_v9ff.vdx,31350736,15722
d.rl,349,p_v9gb.vdx,31366459,44368
d.rl,350,p_v9gf.vdx,31410828,38610
d.rl,351,p_v9hb.vdx,31449439,35288
d.rl,352,p_v9hf.vdx,31484728,29427
d.rl,353,p_v9ib.vdx,31514156,28665
d.rl,354,p_v9if.vdx,31542822,22747
dr.rl,0,come.vdx,0,72861
dr.rl,1,dr00cf.vdx,72862,39991
dr.rl,2,dr00db.vdx,112854,7275
dr.rl,3,dr00df.vdx,120130,7348
dr.rl,4,dr01cf.vdx,127479,60257
dr.rl,5,dr01db.vdx,187737,8467
dr.rl,6,dr01df.vdx,196205,8504
dr.rl,7,dr1_0.vdx,204710,4645852
dr.rl,8,dr02cf.vdx,4850563,86836
dr.rl,9,dr02db.vdx,4937400,9580
dr.rl,10,dr02df.vdx,4946981,9740
dr.rl,11,dr2_.vdx,4956722,1759359
dr.rl,12,dr2.vdx,6716082,48593
dr.rl,13,dr03cf.vdx,6764676,110853
dr.rl,14,dr03db.vdx,6875530,13263
dr.rl,15,dr03df.vdx,6888794,13411
dr.rl,16,dr04cf.vdx,6902206,106707
dr.rl,17,dr04db.vdx,7008914,16391
dr.rl,18,dr04df.vdx,7025306,16584
dr.rl,19,dr05cf.vdx,7041891,28593
dr.rl,20,dr05db.vdx,7070485,7194
dr.rl,21,dr05df.vdx,7077680,7170
dr.rl,22,dr06cf.vdx,7084851,53424
dr.rl,23,dr06db.vdx,7138276,8318
dr.rl,24,dr06df.vdx,7146595,8402
dr.rl,25,dr07cf.vdx,7154998,78125
dr.rl,26,dr07db.vdx,7233124,9161
dr.rl,27,dr07df.vdx,7242286,9185
dr.rl,28,dr08cf.vdx,7251472,126653
dr.rl,29,dr08db.vdx,7378126,11677
dr.rl,30,dr08df.vdx,7389804,11810
dr.rl,31,dr09cf.vdx,7401615,185351
dr.rl,32,dr09db.vdx,7586967,15017
dr.rl,33,dr09df.vdx,7601985,15343
dr.rl,34,dr10cf.vdx,7617329,23857
dr.rl,35,dr10db.vdx,7641187,6484
dr.rl,36,dr10df.vdx,7647672,6444
dr.rl,37,dr11cf.vdx,7654117,44012
dr.rl,38,dr11db.vdx,7698130,7022
dr.rl,39,dr11df.vdx,7705153,7093
dr.rl,40,dr12cf.vdx,7712247,56773
dr.rl,41,dr12db.vdx,7769021,7507
dr.rl,42,dr12df.vdx,7776529,7523
dr.rl,43,dr13cf.vdx,7784053,116603
dr.rl,44,dr13db.vdx,7900657,10558
dr.rl,45,dr13df.vdx,7911216,10682
dr.rl,46,dr14cf.vdx,7921899,229743
dr.rl,47,dr14db.vdx,8151643,13803
dr.rl,48,dr14df.vdx,8165447,14057
dr.rl,49,dr15cf.vdx,8179505,21711
dr.rl,50,dr15db.vdx,8201217,6125
dr.rl,51,dr15df.vdx,8207343,6102
dr.rl,52,dr16cf.vdx,8213446,34749
dr.rl,53,dr16db.vdx,8248196,7004
dr.rl,54,dr16df.vdx,8255201,6988
dr.rl,55,dr17cf.vdx,8262190,54099
dr.rl,56,dr17db.vdx,8316290,7211
dr.rl,57,dr17df.vdx,8323502,7226
dr.rl,58,dr18cf.vdx,8330729,83590
dr.rl,59,dr18db.vdx,8414320,8604
dr.rl,60,dr18df.vdx,8422925,8712
dr.rl,61,dr19cf.vdx,8431638,219411
dr.rl,62,dr19db.vdx,8651050,11256
dr.rl,63,dr19df.vdx,8662307,11443
dr.rl,64,dr20cf.vdx,8673751,20891
dr.rl,65,dr20db.vdx,8694643,6205
dr.rl,66,dr20df.vdx,8700849,6200
dr.rl,67,dr21cf.vdx,8707050,39360
dr.rl,68,dr21db.vdx,8746411,6620
dr.rl,69,dr21df.vdx,8753032,6608
dr.rl,70,dr22cf.vdx,8759641,58427
dr.rl,71,dr22db.vdx,8818069,8536
dr.rl,72,dr22df.vdx,8826606,8561
dr.rl,73,dr23cf.vdx,8835168,103103
dr.rl,74,dr23db.vdx,8938272,10541
dr.rl,75,dr23df.vdx,8948814,10704
dr.rl,76,dr24cf.vdx,8959519,232978
dr.rl,77,dr24db.vdx,9192498,13177
dr.rl,78,dr24df.vdx,9205676,13335
dr.rl,79,dr25cf.vdx,9219012,24887
dr.rl,80,dr25db.vdx,9243900,6228
dr.rl,81,dr25df.vdx,9250129,6285
dr.rl,82,dr26cf.vdx,9256415,44471
dr.rl,83,dr26db.vdx,9300887,7184
dr.rl,84,dr26df.vdx,9308072,7242
dr.rl,85,dr27cf.vdx,9315315,58573
dr.rl,86,dr27db.vdx,9373889,8160
dr.rl,87,dr27df.vdx,9382050,8239
dr.rl,88,dr28cf.vdx,9390290,108675
dr.rl,89,dr28db.vdx,9498966,11105
dr.rl,90,dr28df.vdx,9510072,11180
dr.rl,91,dr29cf.vdx,9521253,185180
dr.rl,92,dr29db.vdx,9706434,14117
dr.rl,93,dr29df.vdx,9720552,14434
dr.rl,94,dr_d.vdx,9734987,121072
dr.rl,95,dr_mi.vdx,9856060,2122521
dr.rl,96,dr_mo.vdx,11978582,920811
dr.rl,97,dr_mtb.vdx,12899394,913149
dr.rl,98,dr_mtf.vdx,13812544,918286
dr.rl,99,dr_r.vdx,14730831,273140
dr.rl,100,dr_tba.vdx,15003972,1284057
dr.rl,101,dr_tbc.vdx,16288030,1389110
dr.rl,102,dr_tfa.vdx,17677141,1315530
dr.rl,103,dr_tfc.vdx,18992672,1379822
dr.rl,104,dr_tray.vdx,20372495,24352
dr.rl,105,dr_v.vdx,20396848,1569592
dr.rl,106,dr_vb.vdx,21966441,1565559
fh.rl,0,f1_.vdx,0,7741294
fh.rl,1,f1_2.vdx,7741295,923175
fh.rl,2,f1_5.vdx,8664471,880282
fh.rl,3,f1_6.vdx,9544754,2398749
fh.rl,4,f1_d.vdx,11943504,868443
fh.rl,5,f1_pb.vdx,12811948,550950
fh.rl,6,f1_pf.vdx,13362899,545836
fh.rl,7,f1_r.vdx,13908736,1026509
fh.rl,8,f1_rm.vdx,14935246,675772
fh.rl,9,f2_.vdx,15611019,6867823
fh.rl,10,f2_1.vdx,22478843,840868
fh.rl,11,f2_3.vdx,23319712,256849
fh.rl,12,f2_d.vdx,23576562,47389
fh.rl,13,f3_0.vdx,23623952,559268
fh.rl,14,f3_2.vdx,24183221,627392
fh.rl,15,f3_clt.vdx,24810614,335613
fh.rl,16,f3_cmb.vdx,25146228,90096
fh.rl,17,f3_cmf.vdx,25236325,98179
fh.rl,18,f3_d.vdx,25334505,27065
fh.rl,19,f4_5.vdx,25361571,408481
fh.rl,20,f4_d.vdx,25770053,31183
fh.rl,21,f5_1.vdx,25801237,909166
fh.rl,22,f5_4.vdx,26710404,177826
fh.rl,23,f5_d.vdx,26888231,13746
fh.rl,24,f6_1.vdx,26901978,1934885
fh.rl,25,foy_spa.vdx,28836864,6247
fh.rl,26,foy_spb.vdx,28843112,6255
fh.rl,27,foy_spc.vdx,28849368,6261
fh.rl,28,foy_spd.vdx,28855630,6197
fh.rl,29,foy_spe.vdx,28861828,6129
fh.rl,30,foy_spf.vdx,28867958,5245
fh.rl,31,foy_spg.vdx,28873204,6201
fh.rl,32,foy_sph.vdx,28879406,6258
fh.rl,33,f_1ba.vdx,28885665,534978
fh.rl,34,f_1bb.vdx,29420644,717300
fh.rl,35,f_1bc.vdx,30137945,711018
fh.rl,36,f_1bd.vdx,30848964,636240
fh.rl,37,f_1fa.vdx,31485205,527887
fh.rl,38,f_1fb.vdx,32013093,706741
fh.rl,39,f_1fc.vdx,32719835,709252
fh.rl,40,f_1fd.vdx,33429088,653751
fh.rl,41,f_2ba.vdx,34082840,450123
fh.rl,42,f_2bb.vdx,34532964,283710
fh.rl,43,f_2bc.vdx,34816675,399904
fh.rl,44,f_2bd.vdx,35216580,603723
fh.rl,45,f_2fa.vdx,35820304,438093
fh.rl,46,f_2fb.vdx,36258398,288023
fh.rl,47,f_2fc.vdx,36546422,408411
fh.rl,48,f_2fd.vdx,36954834,601594
fh.rl,49,f_3ba.vdx,37556429,510583
fh.rl,50,f_3bb.vdx,38067013,212498
fh.rl,51,f_3bc.vdx,38279512,137460
fh.rl,52,f_3bd.vdx,38416973,428017
fh.rl,53,f_3fa.vdx,38844991,500268
fh.rl,54,f_3fb.vdx,39345260,208852
fh.rl,55,f_3fc.vdx,39554113,138302
fh.rl,56,f_3fd.vdx,39692416,439440
fh.rl,57,f_4ba.vdx,40131857,382902
fh.rl,58,f_4bb.vdx,40514760,220938
fh.rl,59,f_4bc.vdx,40735699,137193
fh.rl,60,f_4bd.vdx,40872893,360805
fh.rl,61,f_4fa.vdx,41233699,379914
fh.rl,62,f_4fb.vdx,41613614,217355
fh.rl,63,f_4fc.vdx,41830970,138301
fh.rl,64,f_4fd.vdx,41969272,369983
fh.rl,65,f_5ba.vdx,42339256,519916
fh.rl,66,f_5bb.vdx,42859173,367825
fh.rl,67,f_5bc.vdx,43226999,155147
fh.rl,68,f_5bd.vdx,43382147,229675
fh.rl,69,f_5fa.vdx,43611823,514065
fh.rl,70,f_5fb.vdx,44125889,363480
fh.rl,71,f_5fc.vdx,44489370,148390
fh.rl,72,f_5fd.vdx,44637761,237506
fh.rl,73,f_a_d.vdx,44875268,37860
fh.rl,74,f_a_f.vdx,44913129,38726
fh.rl,75,f_b_e.vdx,44951856,37624
fh.rl,76,f_b_g.vdx,44989481,38072
fh.rl,77,f_c_f.vdx,45027554,37291
fh.rl,78,f_c_h.vdx,45064846,37893
fh.rl,79,f_d_a.vdx,45102740,38579
fh.rl,80,f_d_g.vdx,45141320,36992
fh.rl,81,f_e_b.vdx,45178313,38505
fh.rl,82,f_e_h.vdx,45216819,37723
fh.rl,83,f_f_a.vdx,45254543,37271
fh.rl,84,f_f_c.vdx,45291815,38029
fh.rl,85,f_g_b.vdx,45329845,34976
fh.rl,86,f_g_d.vdx,45364822,38069
fh.rl,87,f_h_c.vdx,45402892,37030
fh.rl,88,f_h_e.vdx,45439923,38723
fh.rl,89,h1_2.vdx,45478647,641838
fh.rl,90,h1_8.vdx,46120486,623774
fh.rl,91,h2_.vdx,46744261,3467334
fh.rl,92,h2_1.vdx,50211596,698376
fh.rl,93,h2_3.vdx,50909973,676708
fh.rl,94,h2_e.vdx,51586682,213139
fh.rl,95,h2_g.vdx,51799822,189513
fh.rl,96,h3_2.vdx,51989336,648894
fh.rl,97,h3_4.vdx,52638231,567505
fh.rl,98,h3_k.vdx,53205737,191738
fh.rl,99,h4_3.vdx,53397476,667296
fh.rl,100,h4_5.vdx,54064773,587558
fh.rl,101,h4_7.vdx,54652332,510455
fh.rl,102,h4_m.vdx,55162788,175274
fh.rl,103,h5_4.vdx,55338063,596084
fh.rl,104,h5_q.vdx,55934148,247573
fh.rl,105,h7_4.vdx,56181722,550533
fh.rl,106,h7_t.vdx,56732256,290868
fh.rl,107,h8_1.vdx,57023125,699670
fh.rl,108,h8_u.vdx,57722796,211664
fh.rl,109,h8_w.vdx,57934461,176384
fh.rl,110,h8_x.vdx,58110846,333890
fh.rl,111,hb_.vdx,58444737,329395
fh.rl,112,hc_.vdx,58774133,361488
fh.rl,113,h_1ba.vdx,59135622,446775
fh.rl,114,h_1bb.vdx,59582398,712906
fh.rl,115,h_1bc.vdx,60295305,748052
fh.rl,116,h_1bd.vdx,61043358,407602
fh.rl,117,h_1fa.vdx,61450961,455369
fh.rl,118,h_1fb.vdx,61906331,726774
fh.rl,119,h_1fc.vdx,62633106,755913
fh.rl,120,h_1fd.vdx,63389020,410034
fh.rl,121,h_2ba.vdx,63799055,602372
fh.rl,122,h_2bb.vdx,64401428,624963
fh.rl,123,h_2bc.vdx,65026392,620835
fh.rl,124,h_2bd.vdx,65647228,605128
fh.rl,125,h_2fa.vdx,66252357,614807
fh.rl,126,h_2fb.vdx,66867165,622415
fh.rl,127,h_2fc.vdx,67489581,617159
fh.rl,128,h_2fd.vdx,68106741,607588
fh.rl,129,h_3ba.vdx,68714330,653784
fh.rl,130,h_3bb.vdx,69368115,617362
fh.rl,131,h_3bc.vdx,69985478,646446
fh.rl,132,h_3bd.vdx,70631925,673387
fh.rl,133,h_3fa.vdx,71305313,659614
fh.rl,134,h_3fb.vdx,71964928,620274
fh.rl,135,h_3fc.vdx,72585203,647595
fh.rl,136,h_3fd.vdx,73232799,675732
fh.rl,137,h_4ba.vdx,73908532,546917
fh.rl,138,h_4bb.vdx,74455450,590203
fh.rl,139,h_4bc.vdx,75045654,610626
fh.rl,140,h_4bd.vdx,75656281,576836
fh.rl,141,h_4fa.vdx,76233118,545646
fh.rl,142,h_4fb.vdx,76778765,603185
fh.rl,143,h_4fc.vdx,77381951,625249
fh.rl,144,h_4fd.vdx,78007201,573855
fh.rl,145,h_5b.vdx,78581057,1033057
fh.rl,146,h_5f.vdx,79614115,1043672
fh.rl,147,h_7b.vdx,80657788,1026000
fh.rl,148,h_7f.vdx,81683789,1055501
fh.rl,149,h_8ba.vdx,82739291,590887
fh.rl,150,h_8bb.vdx,83330179,620022
fh.rl,151,h_8bc.vdx,83950202,590064
fh.rl,152,h_8bd.vdx,84540267,566330
fh.rl,153,h_8fa.vdx,85106598,596402
fh.rl,154,h_8fb.vdx,85703001,622040
fh.rl,155,h_8fc.vdx,86325042,593046
fh.rl,156,h_8fd.vdx,86918089,561307
fh.rl,157,h_ghost1.vdx,87479397,340298
fh.rl,158,h_ghost2.vdx,87819696,333631
fh.rl,159,h_ghost3.vdx,88153328,256133
fh.rl,160,h_ghost4.vdx,88409462,211511
fh.rl,161,h_mask_a.vdx,88620974,2086
fh.rl,162,h_mask_b.vdx,88623061,1915
fh.rl,163,h_mask_c.vdx,88624977,1915
fh.rl,164,h_mask_d.vdx,88626893,1842
fh.rl,165,h_mask_e.vdx,88628736,1886
fh.rl,166,h_mask_f.vdx,88630623,1814
fh.rl,167,h_mask_g.vdx,88632438,1964
fh.rl,168,h_mask_h.vdx,88634403,1867
fh.rl,169,h_mask_i.vdx,88636271,1951
fh.rl,170,h_mask_j.vdx,88638223,1957
fh.rl,171,h_morph.vdx,88640181,1053502
fh.rl,172,h_pf.vdx,89693684,1555973
fh.rl,173,h_pb.vdx,91249658,1467946
fh.rl,174,h_p_up.vdx,92717605,153818
fh.rl,175,h_p_dn.vdx,92871424,153171
fh.rl,176,h_p2ab.vdx,93024596,43399
fh.rl,177,h_p2af.vdx,93067996,43264
fh.rl,178,h_p2bb.vdx,93111261,32115
fh.rl,179,h_p2bf.vdx,93143377,31862
fh.rl,180,h_p2cb.vdx,93175240,34352
fh.rl,181,h_p2cf.vdx,93209593,34081
fh.rl,182,h_p2db.vdx,93243675,28746
fh.rl,183,h_p2df.vdx,93272422,28657
fh.rl,184,h_p2eb.vdx,93301080,48177
fh.rl,185,h_p2ef.vdx,93349258,47926
fh.rl,186,h_p2fb.vdx,93397185,49087
fh.rl,187,h_p2ff.vdx,93446273,48668
fh.rl,188,h_p2gb.vdx,93494942,50453
fh.rl,189,h_p2gf.vdx,93545396,50144
fh.rl,190,h_p2hb.vdx,93595541,40892
fh.rl,191,h_p2hf.vdx,93636434,40676
fh.rl,192,h_p2ib.vdx,93677111,51029
fh.rl,193,h_p2if.vdx,93728141,50421
fh.rl,194,h_p2jb.vdx,93778563,38879
fh.rl,195,h_p2jf.vdx,93817443,38138
fh.rl,196,h_plmorp.vdx,93855582,217958
fh.rl,197,h_prmorp.vdx,94073541,241650
ga.rl,0,ga1p.vdx,0,1061723
ga.rl,1,ga1pb.vdx,1061724,1053121
ga.rl,2,ga1_.vdx,2114846,1595531
ga.rl,3,ga2p.vdx,3710378,517315
ga.rl,4,ga2pb.vdx,4227694,501359
ga.rl,5,ga2_.vdx,4729054,696470
ga.rl,6,ga3a_.vdx,5425525,3031416
ga.rl,7,ga3_.vdx,8456942,5601459
ga.rl,8,gaab.vdx,14058402,2636303
ga.rl,9,gaabb.vdx,16694706,2632947
ga.rl,10,gaback.vdx,19327654,27730
ga.rl,11,gacd.vdx,19355385,1595839
ga.rl,12,gacdb.vdx,20951225,1589752
ga.rl,13,gaex.vdx,22540978,904366
ga.rl,14,gapo.vdx,23445345,1411057
ga.rl,15,gat-a1b.vdx,24856403,21258
ga.rl,16,gat-a1f.vdx,24877662,22502
ga.rl,17,gat-a2b.vdx,24900165,19520
ga.rl,18,gat-a2f.vdx,24919686,20741
ga.rl,19,gat-a3b.vdx,24940428,18135
ga.rl,20,gat-a3f.vdx,24958564,19352
ga.rl,21,gat-a4b.vdx,24977917,17052
ga.rl,22,gat-a4f.vdx,24994970,18284
ga.rl,23,gat-a5b.vdx,25013255,15602
ga.rl,24,gat-a5f.vdx,25028858,16653
ga.rl,25,gat-a6b.vdx,25045512,15049
ga.rl,26,gat-a6f.vdx,25060562,16140
ga.rl,27,gat-a7b.vdx,25076703,13413
ga.rl,28,gat-a7f.vdx,25090117,14231
ga.rl,29,gat-a8b.vdx,25104349,10834
ga.rl,30,gat-a8f.vdx,25115184,11424
ga.rl,31,gat-b1b.vdx,25126609,20267
ga.rl,32,gat-b1f.vdx,25146877,21507
ga.rl,33,gat-b2b.vdx,25168385,18827
ga.rl,34,gat-b2f.vdx,25187213,20039
ga.rl,35,gat-b3b.vdx,25207253,17789
ga.rl,36,gat-b3f.vdx,25225043,18838
ga.rl,37,gat-b4b.vdx,25243882,16399
ga.rl,38,gat-b4f.vdx,25260282,17455
ga.rl,39,gat-b5b.vdx,25277738,15797
ga.rl,40,gat-b5f.vdx,25293536,16820
ga.rl,41,gat-b6b.vdx,25310357,14469
ga.rl,42,gat-b6f.vdx,25324827,15443
ga.rl,43,gat-b7b.vdx,25340271,13303
ga.rl,44,gat-b7f.vdx,25353575,14085
ga.rl,45,gat-b8b.vdx,25367661,10921
ga.rl,46,gat-b8f.vdx,25378583,11510
ga.rl,47,gat-c1b.vdx,25390094,18925
ga.rl,48,gat-c1f.vdx,25409020,19989
ga.rl,49,gat-c2b.vdx,25429010,18041
ga.rl,50,gat-c2f.vdx,25447052,19186
ga.rl,51,gat-c3b.vdx,25466239,16789
ga.rl,52,gat-c3f.vdx,25483029,17828
ga.rl,53,gat-c4b.vdx,25500858,15630
ga.rl,54,gat-c4f.vdx,25516489,16612
ga.rl,55,gat-c5b.vdx,25533102,15005
ga.rl,56,gat-c5f.vdx,25548108,15956
ga.rl,57,gat-c6b.vdx,25564065,14527
ga.rl,58,gat-c6f.vdx,25578593,15528
ga.rl,59,gat-c7b.vdx,25594122,13120
ga.rl,60,gat-c7f.vdx,25607243,13908
ga.rl,61,gat-c8b.vdx,25621152,10759
ga.rl,62,gat-c8f.vdx,25631912,11335
ga.rl,63,gat-d1b.vdx,25643248,18603
ga.rl,64,gat-d1f.vdx,25661852,19851
ga.rl,65,gat-d2b.vdx,25681704,17297
ga.rl,66,gat-d2f.vdx,25699002,18345
ga.rl,67,gat-d3b.vdx,25717348,16380
ga.rl,68,gat-d3f.vdx,25733729,17460
ga.rl,69,gat-d4b.vdx,25751190,16014
ga.rl,70,gat-d4f.vdx,25767205,17080
ga.rl,71,gat-d5b.vdx,25784286,15162
ga.rl,72,gat-d5f.vdx,25799449,16228
ga.rl,73,gat-d6b.vdx,25815678,14246
ga.rl,74,gat-d6f.vdx,25829925,15190
ga.rl,75,gat-d7b.vdx,25845116,13118
ga.rl,76,gat-d7f.vdx,25858235,13858
ga.rl,77,gat-d8b.vdx,25872094,10401
ga.rl,78,gat-d8f.vdx,25882496,10918
ga.rl,79,gat-e1b.vdx,25893415,18698
ga.rl,80,gat-e1f.vdx,25912114,19954
ga.rl,81,gat-e2b.vdx,25932069,17255
ga.rl,82,gat-e2f.vdx,25949325,18364
ga.rl,83,gat-e3b.vdx,25967690,16473
ga.rl,84,gat-e3f.vdx,25984164,17519
ga.rl,85,gat-e4b.vdx,26001684,14793
ga.rl,86,gat-e4f.vdx,26016478,15798
ga.rl,87,gat-e5b.vdx,26032277,14488
ga.rl,88,gat-e5f.vdx,26046766,15492
ga.rl,89,gat-e6b.vdx,26062259,14254
ga.rl,90,gat-e6f.vdx,26076514,15187
ga.rl,91,gat-e7b.vdx,26091702,13021
ga.rl,92,gat-e7f.vdx,26104724,13761
ga.rl,93,gat-e8b.vdx,26118486,10790
ga.rl,94,gat-e8f.vdx,26129277,11387
ga.rl,95,gat-f1b.vdx,26140665,18611
ga.rl,96,gat-f1f.vdx,26159277,19785
ga.rl,97,gat-f2b.vdx,26179063,17974
ga.rl,98,gat-f2f.vdx,26197038,19187
ga.rl,99,gat-f3b.vdx,26216226,16174
ga.rl,100,gat-f3f.vdx,26232401,17244
ga.rl,101,gat-f4b.vdx,26249646,15633
ga.rl,102,gat-f4f.vdx,26265280,16759
ga.rl,103,gat-f5b.vdx,26282040,14545
ga.rl,104,gat-f5f.vdx,26296586,15514
ga.rl,105,gat-f6b.vdx,26312101,14132
ga.rl,106,gat-f6f.vdx,26326234,15090
ga.rl,107,gat-f7b.vdx,26341325,12948
ga.rl,108,gat-f7f.vdx,26354274,13616
ga.rl,109,gat-f8b.vdx,26367891,10747
ga.rl,110,gat-f8f.vdx,26378639,11370
ga.rl,111,gat-g1b.vdx,26390010,18926
ga.rl,112,gat-g1f.vdx,26408937,20240
ga.rl,113,gat-g2b.vdx,26429178,17414
ga.rl,114,gat-g2f.vdx,26446593,18580
ga.rl,115,gat-g3b.vdx,26465174,16370
ga.rl,116,gat-g3f.vdx,26481545,17477
ga.rl,117,gat-g4b.vdx,26499023,15747
ga.rl,118,gat-g4f.vdx,26514771,16922
ga.rl,119,gat-g5b.vdx,26531694,14848
ga.rl,120,gat-g5f.vdx,26546543,15898
ga.rl,121,gat-g6b.vdx,26562442,14120
ga.rl,122,gat-g6f.vdx,26576563,15117
ga.rl,123,gat-g7b.vdx,26591681,13037
ga.rl,124,gat-g7f.vdx,26604719,13853
ga.rl,125,gat-g8b.vdx,26618573,10765
ga.rl,126,gat-g8f.vdx,26629339,11359
ga.rl,127,gat-h1b.vdx,26640699,20677
ga.rl,128,gat-h1f.vdx,26661377,22152
ga.rl,129,gat-h2b.vdx,26683530,18396
ga.rl,130,gat-h2f.vdx,26701927,19685
ga.rl,131,gat-h3b.vdx,26721613,17397
ga.rl,132,gat-h3f.vdx,26739011,18569
ga.rl,133,gat-h4b.vdx,26757581,16240
ga.rl,134,gat-h4f.vdx,26773822,17432
ga.rl,135,gat-h5b.vdx,26791255,15872
ga.rl,136,gat-h5f.vdx,26807128,16984
ga.rl,137,gat-h6b.vdx,26824113,14847
ga.rl,138,gat-h6f.vdx,26838961,15983
ga.rl,139,gat-h7b.vdx,26854945,13371
ga.rl,140,gat-h7f.vdx,26868317,14218
ga.rl,141,gat-h8b.vdx,26882536,11181
ga.rl,142,gat-h8f.vdx,26893718,11827
hdisk.rl,0,pid1.vdx,0,224669
hdisk.rl,1,pid2.vdx,224670,233585
hdisk.rl,2,title.vdx,458256,1685709
hdisk.rl,3,tripro.vdx,2143966,674992
hdisk.rl,4,vlogo.vdx,2818959,458699
hdisk.rl,5,credits.vdx,3277659,780655
hdisk.rl,6,wo_s.vdx,4058315,19901
hdisk.rl,7,ws_o.vdx,4078217,20091
hdisk.rl,8,todd.vdx,4098309,51990
hdisk.rl,9,hayes.vdx,4150300,51990
htbd.rl,0,ht1p.vdx,0,1492696
htbd.rl,1,ht1pb.vdx,1492697,1480881
htbd.rl,2,ht1x.vdx,2973579,664639
htbd.rl,3,ht1_0.vdx,3638219,4637050
htbd.rl,4,ht2p.vdx,8275270,620984
htbd.rl,5,ht2pb.vdx,8896255,607857
htbd.rl,6,ht2x.vdx,9504113,515444
htbd.rl,7,htab.vdx,10019558,2093495
htbd.rl,8,ht_mess.vdx,12113054,2069179
htbd.rl,9,htcd.vdx,14182234,2107860
htbd.rl,10,htcdb.vdx,16290095,2110313
htbd.rl,11,htfa.vdx,18400409,130644
htbd.rl,12,hta_bknd.vdx,18531054,28855
htbd.rl,13,htb_bknd.vdx,18559910,30227
htbd.rl,14,htsa00.vdx,18590138,10197
htbd.rl,15,htsa01.vdx,18600336,8813
htbd.rl,16,htsa02.vdx,18609150,9781
htbd.rl,17,htsa03.vdx,18618932,10646
htbd.rl,18,htsa04.vdx,18629579,11627
htbd.rl,19,htsb00.vdx,18641207,9891
htbd.rl,20,htsb01.vdx,18651099,9453
htbd.rl,21,htsb02.vdx,18660553,10305
htbd.rl,22,htsb03.vdx,18670859,11090
htbd.rl,23,htsb04.vdx,18681950,13229
htbd.rl,24,htaaa.vdx,18695180,54299
htbd.rl,25,htaab.vdx,18749480,45874
htbd.rl,26,htaac.vdx,18795355,49633
htbd.rl,27,htaad.vdx,18844989,48018
htbd.rl,28,htaae.vdx,18893008,52413
htbd.rl,29,htaaf.vdx,18945422,52817
htbd.rl,30,htaag.vdx,18998240,57769
htbd.rl,31,htaah.vdx,19056010,53532
htbd.rl,32,htaai.vdx,19109543,59223
htbd.rl,33,htaaj.vdx,19168767,58722
htbd.rl,34,htaak.vdx,19227490,74285
htbd.rl,35,htaal.vdx,19301776,74479
htbd.rl,36,htaam.vdx,19376256,73913
htbd.rl,37,htaan.vdx,19450170,62689
htbd.rl,38,htaba.vdx,19512860,38047
htbd.rl,39,htabb.vdx,19550908,31990
htbd.rl,40,htabc.vdx,19582899,34796
htbd.rl,41,htabd.vdx,19617696,33618
htbd.rl,42,htabe.vdx,19651315,36917
htbd.rl,43,htabf.vdx,19688233,37380
htbd.rl,44,htabg.vdx,19725614,40559
htbd.rl,45,htabh.vdx,19766174,37582
htbd.rl,46,htabi.vdx,19803757,41930
htbd.rl,47,htabj.vdx,19845688,41589
htbd.rl,48,htabk.vdx,19887278,51798
htbd.rl,49,htabl.vdx,19939077,51970
htbd.rl,50,htabm.vdx,19991048,51419
htbd.rl,51,htabn.vdx,20042468,43699
htbd.rl,52,htam00.vdx,20086168,10881
htbd.rl,53,htam01.vdx,20097050,10835
htbd.rl,54,htam02.vdx,20107886,10821
htbd.rl,55,htam03.vdx,20118708,10887
htbd.rl,56,htam04.vdx,20129596,10810
htbd.rl,57,htam05.vdx,20140407,10703
htbd.rl,58,htam06.vdx,20151111,10759
htbd.rl,59,htam07.vdx,20161871,10719
htbd.rl,60,htam08.vdx,20172591,10798
htbd.rl,61,htam09.vdx,20183390,10744
htbd.rl,62,htam10.vdx,20194135,10742
htbd.rl,63,htam11.vdx,20204878,10725
htbd.rl,64,htam12.vdx,20215604,10556
htbd.rl,65,htam13.vdx,20226161,10542
htbd.rl,66,htbaa.vdx,20236704,65984
htbd.rl,67,htbab.vdx,20302689,55622
htbd.rl,68,htbac.vdx,20358312,60762
htbd.rl,69,htbad.vdx,20419075,57946
htbd.rl,70,htbae.vdx,20477022,64102
htbd.rl,71,htbaf.vdx,20541125,63424
htbd.rl,72,htbag.vdx,20604550,70442
htbd.rl,73,htbah.vdx,20674993,64109
htbd.rl,74,htbai.vdx,20739103,72136
htbd.rl,75,htbaj.vdx,20811240,69997
htbd.rl,76,htbak.vdx,20881238,90146
htbd.rl,77,htbal.vdx,20971385,89752
htbd.rl,78,htbam.vdx,21061138,89288
htbd.rl,79,htban.vdx,21150427,76451
htbd.rl,80,htbba.vdx,21226879,28119
htbd.rl,81,htbbb.vdx,21254999,23693
htbd.rl,82,htbbc.vdx,21278693,26030
htbd.rl,83,htbbd.vdx,21304724,24798
htbd.rl,84,htbbe.vdx,21329523,27360
htbd.rl,85,htbbf.vdx,21356884,27217
htbd.rl,86,htbbg.vdx,21384102,29997
htbd.rl,87,htbbh.vdx,21414100,27391
htbd.rl,88,htbbi.vdx,21441492,30845
htbd.rl,89,htbbj.vdx,21472338,30083
htbd.rl,90,htbbk.vdx,21502422,38605
htbd.rl,91,htbbl.vdx,21541028,38367
htbd.rl,92,htbbm.vdx,21579396,38308
htbd.rl,93,htbbn.vdx,21617705,32545
htbd.rl,94,htbm00.vdx,21650251,10822
htbd.rl,95,htbm01.vdx,21661074,10821
htbd.rl,96,htbm02.vdx,21671896,10823
htbd.rl,97,htbm03.vdx,21682720,10836
htbd.rl,98,htbm04.vdx,21693557,10734
htbd.rl,99,htbm05.vdx,21704292,10723
htbd.rl,100,htbm06.vdx,21715016,10601
htbd.rl,101,htbm07.vdx,21725618,10601
htbd.rl,102,htbm08.vdx,21736220,10588
htbd.rl,103,htbm09.vdx,21746809,10531
htbd.rl,104,htbm10.vdx,21757341,10434
htbd.rl,105,htbm11.vdx,21767776,10499
htbd.rl,106,htbm12.vdx,21778276,10504
htbd.rl,107,htbm13.vdx,21788781,10456
htbd.rl,108,bd1p.vdx,21799238,922532
htbd.rl,109,bd1pb.vdx,22721771,867879
htbd.rl,110,bd1_.vdx,23589651,2544330
htbd.rl,111,bd2p.vdx,26133982,506428
htbd.rl,112,bd2pb.vdx,26640411,480515
htbd.rl,113,bd3_.vdx,27120927,621777
htbd.rl,114,bdab.vdx,27742705,2024095
htbd.rl,115,bdabb.vdx,29766801,1988581
htbd.rl,116,bdcd.vdx,31755383,2002248
htbd.rl,117,bdcdb.vdx,33757632,2009264
htbd.rl,118,bdch.vdx,35766897,984486
htbd.rl,119,bdchb.vdx,36751384,1000879
htbd.rl,120,bdex.vdx,37752264,273132
htbd.rl,121,bdpl.vdx,38025397,960337
htbd.rl,122,bdplb.vdx,38985735,973154
htbd.rl,123,bd_cork.vdx,39958890,65642
htbd.rl,124,bd1hstn.vdx,40024533,51990
htbd.rl,125,bd1ha.vdx,40076524,73510
htbd.rl,126,bd1hb.vdx,40150035,74848
htbd.rl,127,bd1hc.vdx,40224884,75195
htbd.rl,128,bd1hd.vdx,40300080,74292
htbd.rl,129,bd1he.vdx,40374373,75205
htbd.rl,130,bd1hf.vdx,40449579,75514
htbd.rl,131,bd1hg.vdx,40525094,73899
htbd.rl,132,bd1hh.vdx,40598994,76319
htbd.rl,133,bd1hi.vdx,40675314,75511
htbd.rl,134,bd1hj.vdx,40750826,77759
htbd.rl,135,bd1hk.vdx,40828586,75852
htbd.rl,136,bd1hl.vdx,40904439,76672
htbd.rl,137,bd1hm.vdx,40981112,77467
htbd.rl,138,bd1hn.vdx,41058580,76408
htbd.rl,139,bd1ho.vdx,41134989,77295
htbd.rl,140,bd1hp.vdx,41212285,77618
htbd.rl,141,bd1hq.vdx,41289904,76133
htbd.rl,142,bd1hr.vdx,41366038,78443
htbd.rl,143,bd1hs.vdx,41444482,77452
htbd.rl,144,bd1ht.vdx,41521935,78265
htbd.rl,145,bd1hu.vdx,41600201,77075
htbd.rl,146,bd1hm00.vdx,41677277,22620
htbd.rl,147,bd1hm01.vdx,41699898,22589
htbd.rl,148,bd1hm02.vdx,41722488,22543
htbd.rl,149,bd1hm03.vdx,41745032,22566
htbd.rl,150,bd1hm04.vdx,41767599,22572
htbd.rl,151,bd1hm05.vdx,41790172,22600
htbd.rl,152,bd1hm06.vdx,41812773,22610
htbd.rl,153,bd1hm07.vdx,41835384,22606
htbd.rl,154,bd1hm08.vdx,41857991,22598
htbd.rl,155,bd1hm09.vdx,41880590,22628
htbd.rl,156,bd1hm10.vdx,41903219,22637
htbd.rl,157,bd1hm11.vdx,41925857,22599
htbd.rl,158,bd1hm12.vdx,41948457,22649
htbd.rl,159,bd1hm13.vdx,41971107,22649
htbd.rl,160,bd1hm14.vdx,41993757,22597
htbd.rl,161,bd1hm15.vdx,42016355,22622
htbd.rl,162,bd1hm16.vdx,42038978,22638
htbd.rl,163,bd1hm17.vdx,42061617,22634
htbd.rl,164,bd1hm18.vdx,42084252,22587
htbd.rl,165,bd1hm19.vdx,42106840,22589
htbd.rl,166,bd1hm20.vdx,42129430,22616
htbd.rl,167,bd2hstn.vdx,42152047,51990
htbd.rl,168,bd2ha.vdx,42204038,55688
htbd.rl,169,bd2hb.vdx,42259727,56857
htbd.rl,170,bd2hc.vdx,42316585,57284
htbd.rl,171,bd2hd.vdx,42373870,56333
htbd.rl,172,bd2he.vdx,42430204,57311
htbd.rl,173,bd2hf.vdx,42487516,57536
htbd.rl,174,bd2hg.vdx,42545053,56178
htbd.rl,175,bd2hh.vdx,42601232,58296
htbd.rl,176,bd2hi.vdx,42659529,57509
htbd.rl,177,bd2hj.vdx,42717039,59474
htbd.rl,178,bd2hk.vdx,42776514,57647
htbd.rl,179,bd2hl.vdx,42834162,58588
htbd.rl,180,bd2hm.vdx,42892751,59228
htbd.rl,181,bd2hn.vdx,42951980,58283
htbd.rl,182,bd2ho.vdx,43010264,59125
htbd.rl,183,bd2hm00.vdx,43069390,9453
htbd.rl,184,bd2hm01.vdx,43078844,9425
htbd.rl,185,bd2hm02.vdx,43088270,9479
htbd.rl,186,bd2hm03.vdx,43097750,9413
htbd.rl,187,bd2hm04.vdx,43107164,9457
htbd.rl,188,bd2hm05.vdx,43116622,9465
htbd.rl,189,bd2hm06.vdx,43126088,9450
htbd.rl,190,bd2hm07.vdx,43135539,9476
htbd.rl,191,bd2hm08.vdx,43145016,9454
htbd.rl,192,bd2hm09.vdx,43154471,9502
htbd.rl,193,bd2hm10.vdx,43163974,9510
htbd.rl,194,bd2hm11.vdx,43173485,9492
htbd.rl,195,bd2hm12.vdx,43182978,9498
htbd.rl,196,bd2hm13.vdx,43192477,9595
htbd.rl,197,bd2hm14.vdx,43202073,9440
intro.rl,0,house.vdx,0,89617
intro.rl,1,fade.vdx,89618,95911
intro.rl,2,o1pa.vdx,185530,688762
intro.rl,3,o1tu.vdx,874293,353797
intro.rl,4,o3pa.vdx,1228091,1396446
intro.rl,5,o3tu.vdx,2624538,386661
intro.rl,6,o4pa.vdx,3011200,1415298
intro.rl,7,o4tu.vdx,4426499,371427
intro.rl,8,o5pa.vdx,4797927,2300392
intro.rl,9,o5tu.vdx,7098320,363926
intro.rl,10,o6pa.vdx,7462247,1847693
intro.rl,11,o6tu.vdx,9309941,381756
intro.rl,12,o7pa.vdx,9691698,4239323
intro.rl,13,o7tu.vdx,13931022,376769
intro.rl,14,o8pa.vdx,14307792,4981434
intro.rl,15,o8tu.vdx,19289227,383609
intro.rl,16,o9pa.vdx,19672837,2091435
intro.rl,17,o9tu.vdx,21764273,366826
intro.rl,18,o10pa.vdx,22131100,2650133
intro.rl,19,o10tu.vdx,24781234,391633
intro.rl,20,o12pa.vdx,25172868,1056322
intro.rl,21,ozpa.vdx,26229191,368038
intro.rl,22,ozpt.vdx,26597230,231835
intro.rl,23,save2.vdx,26829066,17266
intro.rl,24,sphinx.vdx,26846333,112232
intro.rl,25,themap0.vdx,26958566,97229
intro.rl,26,themap1.vdx,27055796,101777
intro.rl,27,themap2.vdx,27157574,102364
intro.rl,28,thetest0.vdx,27259939,97932
intro.rl,29,thetest1.vdx,27357872,102478
intro.rl,30,thetest2.vdx,27460351,103147
intro.rl,31,sphmen1i.vdx,27563499,75604
intro.rl,32,sphmen1o.vdx,27639104,71727
intro.rl,33,sphmen2i.vdx,27710832,91065
intro.rl,34,sphmen2o.vdx,27801898,85080
intro.rl,35,sphmen3i.vdx,27886979,190928
intro.rl,36,sphmen3o.vdx,28077908,176254
intro.rl,37,sphprm1i.vdx,28254163,53584
intro.rl,38,sphprm1o.vdx,28307748,50179
intro.rl,39,sphprm2i.vdx,28357928,59233
intro.rl,40,sphprm2o.vdx,28417162,54894
intro.rl,41,sphprm3i.vdx,28472057,47338
intro.rl,42,sphprm3o.vdx,28519396,44924
intro.rl,43,sphprm4i.vdx,28564321,50596
intro.rl,44,sphprm4o.vdx,28614918,47722
intro.rl,45,sphprm5i.vdx,28662641,49004
intro.rl,46,sphprm5o.vdx,28711646,46366
intro.rl,47,pid1.vdx,28758013,224669
intro.rl,48,pid2.vdx,28982683,233585
intro.rl,49,groovie.vdx,29216269,122167
intro.rl,50,00b.vdx,29338437,138658
intro.rl,51,00c.vdx,29477096,74402
intro.rl,52,01b.vdx,29551499,23936
intro.rl,53,01c.vdx,29575436,24008
intro.rl,54,02b.vdx,29599445,25841
intro.rl,55,02c.vdx,29625287,26004
intro.rl,56,03b.vdx,29651292,24648
intro.rl,57,03c.vdx,29675941,22929
intro.rl,58,04b.vdx,29698871,5681
intro.rl,59,04c.vdx,29704553,5803
intro.rl,60,05b.vdx,29710357,17467
intro.rl,61,05c.vdx,29727825,15724
intro.rl,62,06b.vdx,29743550,31363
intro.rl,63,06c.vdx,29774914,31930
intro.rl,64,07b.vdx,29806845,59444
intro.rl,65,07c.vdx,29866290,47317
intro.rl,66,08b.vdx,29913608,16306
intro.rl,67,08c.vdx,29929915,16666
intro.rl,68,09b.vdx,29946582,19805
intro.rl,69,09c.vdx,29966388,19736
intro.rl,70,10b.vdx,29986125,21734
intro.rl,71,10c.vdx,30007860,21503
intro.rl,72,11b.vdx,30029364,9537
intro.rl,73,11c.vdx,30038902,9543
intro.rl,74,12b.vdx,30048446,8589
intro.rl,75,12c.vdx,30057036,8953
intro.rl,76,13b.vdx,30065990,9452
intro.rl,77,13c.vdx,30075443,9462
intro.rl,78,14b.vdx,30084906,16176
intro.rl,79,14c.vdx,30101083,16190
intro.rl,80,15b.vdx,30117274,12078
intro.rl,81,15c.vdx,30129353,11131
intro.rl,82,16b.vdx,30140485,11971
intro.rl,83,16c.vdx,30152457,11574
intro.rl,84,17b.vdx,30164032,31382
intro.rl,85,17c.vdx,30195415,30061
intro.rl,86,18b.vdx,30225477,31121
intro.rl,87,18c.vdx,30256599,29207
intro.rl,88,19b.vdx,30285807,24019
intro.rl,89,19c.vdx,30309827,23926
intro.rl,90,20b.vdx,30333754,12271
intro.rl,91,20c.vdx,30346026,12271
intro.rl,92,21b.vdx,30358298,39992
intro.rl,93,21c.vdx,30398291,39003
intro.rl,94,22b.vdx,30437295,33793
intro.rl,95,22c.vdx,30471089,30846
intro.rl,96,genmid.vdx,30501936,50688
intro.rl,97,rolmid.vdx,30552625,58421
jhek.rl,0,jh0a.vdx,0,1937
jhek.rl,1,jh0aa.vdx,1938,2037
jhek.rl,2,jh0b.vdx,3976,2043
jhek.rl,3,jh0bb.vdx,6020,2086
jhek.rl,4,jh0c.vdx,8107,2025
jhek.rl,5,jh0cc.vdx,10133,2042
jhek.rl,6,jh0d.vdx,12176,1988
jhek.rl,7,jh0dd.vdx,14165,2079
jhek.rl,8,jh0e.vdx,16245,2038
jhek.rl,9,jh0f.vdx,18284,1994
jhek.rl,10,jh0g.vdx,20279,2026
jhek.rl,11,jh0h.vdx,22306,2073
jhek.rl,12,jh0i.vdx,24380,2031
jhek.rl,13,jh0j.vdx,26412,2063
jhek.rl,14,jh0k.vdx,28476,2065
jhek.rl,15,jh0l.vdx,30542,2082
jhek.rl,16,jh0m.vdx,32625,2063
jhek.rl,17,jh0n.vdx,34689,2070
jhek.rl,18,jh0o.vdx,36760,2069
jhek.rl,19,jh0p.vdx,38830,2076
jhek.rl,20,jh0q.vdx,40907,2045
jhek.rl,21,jh0r.vdx,42953,2075
jhek.rl,22,jh0s.vdx,45029,2018
jhek.rl,23,jh0t.vdx,47048,2080
jhek.rl,24,jh0u.vdx,49129,2060
jhek.rl,25,jh0v.vdx,51190,2061
jhek.rl,26,jh0w.vdx,53252,2041
jhek.rl,27,jh0x.vdx,55294,2044
jhek.rl,28,jh0y.vdx,57339,2077
jhek.rl,29,jh0z.vdx,59417,2075
jhek.rl,30,jh1a.vdx,61493,1930
jhek.rl,31,jh1aa.vdx,63424,2038
jhek.rl,32,jh1b.vdx,65463,2030
jhek.rl,33,jh1bb.vdx,67494,2090
jhek.rl,34,jh1c.vdx,69585,2017
jhek.rl,35,jh1cc.vdx,71603,2048
jhek.rl,36,jh1d.vdx,73652,1987
jhek.rl,37,jh1dd.vdx,75640,2080
jhek.rl,38,jh1e.vdx,77721,2035
jhek.rl,39,jh1f.vdx,79757,1993
jhek.rl,40,jh1g.vdx,81751,2035
jhek.rl,41,jh1h.vdx,83787,2066
jhek.rl,42,jh1i.vdx,85854,2032
jhek.rl,43,jh1j.vdx,87887,2067
jhek.rl,44,jh1k.vdx,89955,2069
jhek.rl,45,jh1l.vdx,92025,2079
jhek.rl,46,jh1m.vdx,94105,2067
jhek.rl,47,jh1n.vdx,96173,2107
jhek.rl,48,jh1o.vdx,98281,2064
jhek.rl,49,jh1p.vdx,100346,2074
jhek.rl,50,jh1q.vdx,102421,2051
jhek.rl,51,jh1r.vdx,104473,2069
jhek.rl,52,jh1s.vdx,106543,2015
jhek.rl,53,jh1t.vdx,108559,2076
jhek.rl,54,jh1u.vdx,110636,2057
jhek.rl,55,jh1v.vdx,112694,2073
jhek.rl,56,jh1w.vdx,114768,2043
jhek.rl,57,jh1x.vdx,116812,2078
jhek.rl,58,jh1y.vdx,118891,2067
jhek.rl,59,jh1z.vdx,120959,2072
jhek.rl,60,xx0a.vdx,123032,3093
jhek.rl,61,xx0b.vdx,126126,3019
jhek.rl,62,xx1a.vdx,129146,3222
jhek.rl,63,xx1b.vdx,132369,3221
jhek.rl,64,xx2a.vdx,135591,3243
jhek.rl,65,xx2b.vdx,138835,3218
jhek.rl,66,xx3a.vdx,142054,3142
jhek.rl,67,xx3b.vdx,145197,3102
jhek.rl,68,xx4a.vdx,148300,3186
jhek.rl,69,xx4b.vdx,151487,3245
jhek.rl,70,xx5a.vdx,154733,3036
jhek.rl,71,xx5b.vdx,157770,3038
jhek.rl,72,xx6a.vdx,160809,2645
jhek.rl,73,xx6b.vdx,163455,2609
jhek.rl,74,xx6c.vdx,166065,3036
jhek.rl,75,xx6d.vdx,169102,3038
jhek.rl,76,xx7a.vdx,172141,3093
jhek.rl,77,xx7b.vdx,175235,3019
jhek.rl,78,xx7c.vdx,178255,2615
jhek.rl,79,xx7d.vdx,180871,2615
jhek.rl,80,yy0a.vdx,183487,3140
jhek.rl,81,yy0b.vdx,186628,3076
jhek.rl,82,yy1a.vdx,189705,3219
jhek.rl,83,yy1b.vdx,192925,3233
jhek.rl,84,yy2a.vdx,196159,3246
jhek.rl,85,yy2b.vdx,199406,3256
jhek.rl,86,yy3a.vdx,202663,3187
jhek.rl,87,yy3b.vdx,205851,3160
jhek.rl,88,yy4a.vdx,209012,3196
jhek.rl,89,yy4b.vdx,212209,3247
jhek.rl,90,yy5a.vdx,215457,3037
jhek.rl,91,yy5b.vdx,218495,3037
jhek.rl,92,yy6a.vdx,221533,2684
jhek.rl,93,yy6b.vdx,224218,2644
jhek.rl,94,yy6c.vdx,226863,3037
jhek.rl,95,yy6d.vdx,229901,3037
jhek.rl,96,yy7a.vdx,232939,3140
jhek.rl,97,yy7b.vdx,236080,3076
jhek.rl,98,yy7c.vdx,239157,2614
jhek.rl,99,yy7d.vdx,241772,2614
jhek.rl,100,yw.vdx,244387,4171
jhek.rl,101,jhmask.vdx,248559,7606
jhek.rl,102,jh1_0.vdx,256166,2207484
jhek.rl,103,jh2_0.vdx,2463651,1740258
jhek.rl,104,jh2_2.vdx,4203910,1885048
jhek.rl,105,jhab.vdx,6088959,1800174
jhek.rl,106,jhabb.vdx,7889134,1804254
jhek.rl,107,jha_.vdx,9693389,1931862
jhek.rl,108,jhb_.vdx,11625252,2079759
jhek.rl,109,jhcd.vdx,13705012,1738101
jhek.rl,110,jhcdb.vdx,15443114,1761885
jhek.rl,111,jhc_.vdx,17205000,2287135
jhek.rl,112,jhd_.vdx,19492136,814367
jhek.rl,113,jhex.vdx,20306504,576744
jhek.rl,114,jhfout.vdx,20883249,278999
jhek.rl,115,jhfup.vdx,21162249,291692
jhek.rl,116,jhmi.vdx,21453942,940683
jhek.rl,117,jhmib.vdx,22394626,937232
jhek.rl,118,jhpu.vdx,23331859,1078883
jhek.rl,119,jhpub.vdx,24410743,1079520
jhek.rl,120,ek1n.vdx,25490264,444796
jhek.rl,121,ek1nb.vdx,25935061,458505
jhek.rl,122,ek1p.vdx,26393567,658576
jhek.rl,123,ek1pb.vdx,27052144,662603
jhek.rl,124,ek1_.vdx,27714748,1595212
jhek.rl,125,ek2n.vdx,29309961,410392
jhek.rl,126,ek2p.vdx,29720354,514214
jhek.rl,127,ek2pb.vdx,30234569,545141
jhek.rl,128,ek3nb.vdx,30779711,93892
jhek.rl,129,ekab.vdx,30873604,1761559
jhek.rl,130,ekabb.vdx,32635164,1752456
jhek.rl,131,ekbc.vdx,34387621,436441
jhek.rl,132,ekbcb.vdx,34824063,433591
jhek.rl,133,ekbd.vdx,35257655,122952
jhek.rl,134,ekbu.vdx,35380608,139509
jhek.rl,135,ekcd.vdx,35520118,1305360
jhek.rl,136,ekcdb.vdx,36825479,1300895
jhek.rl,137,ekcl.vdx,38126375,1640902
jhek.rl,138,ekex.vdx,39767278,540086
jhek.rl,139,ekmb.vdx,40307365,900322
jhek.rl,140,ekmbb.vdx,41207688,901991
jhek.rl,141,ekmirror.vdx,42109680,1177063
jhek.rl,142,ba1_b2.vdx,43286744,17048
jhek.rl,143,ba2_b1.vdx,43303793,16960
jhek.rl,144,ba2_b3.vdx,43320754,16551
jhek.rl,145,ba3_b2.vdx,43337306,16436
jhek.rl,146,ba3_b4.vdx,43353743,16542
jhek.rl,147,ba4_b3.vdx,43370286,16600
jhek.rl,148,bb1_a2.vdx,43386887,17104
jhek.rl,149,bb1_c2.vdx,43403992,15412
jhek.rl,150,bb2_a1.vdx,43419405,17180
jhek.rl,151,bb2_a3.vdx,43436586,16625
jhek.rl,152,bb2_c1.vdx,43453212,15146
jhek.rl,153,bb2_c3.vdx,43468359,15634
jhek.rl,154,bb3_a2.vdx,43483994,16708
jhek.rl,155,bb3_a4.vdx,43500703,16666
jhek.rl,156,bb3_c2.vdx,43517370,15673
jhek.rl,157,bb3_c4.vdx,43533044,15253
jhek.rl,158,bb4_a3.vdx,43548298,16589
jhek.rl,159,bb4_c3.vdx,43564888,15543
jhek.rl,160,bc1_b2.vdx,43580432,15089
jhek.rl,161,bc1_d2.vdx,43595522,15371
jhek.rl,162,bc2_b1.vdx,43610894,15366
jhek.rl,163,bc2_b3.vdx,43626261,15688
jhek.rl,164,bc2_d1.vdx,43641950,15529
jhek.rl,165,bc2_d3.vdx,43657480,15644
jhek.rl,166,bc3_b2.vdx,43673125,15615
jhek.rl,167,bc3_b4.vdx,43688741,15549
jhek.rl,168,bc3_d2.vdx,43704291,15523
jhek.rl,169,bc3_d4.vdx,43719815,15356
jhek.rl,170,bc4_b3.vdx,43735172,15271
jhek.rl,171,bc4_d3.vdx,43750444,15363
jhek.rl,172,bd1_c2.vdx,43765808,15430
jhek.rl,173,bd1_e2.vdx,43781239,16564
jhek.rl,174,bd2_c1.vdx,43797804,15402
jhek.rl,175,bd2_c3.vdx,43813207,15476
jhek.rl,176,bd2_e1.vdx,43828684,16600
jhek.rl,177,bd2_e3.vdx,43845285,15931
jhek.rl,178,bd3_c2.vdx,43861217,15537
jhek.rl,179,bd3_c4.vdx,43876755,15232
jhek.rl,180,bd3_e2.vdx,43891988,16236
jhek.rl,181,bd3_e4.vdx,43908225,16051
jhek.rl,182,bd4_c3.vdx,43924277,15311
jhek.rl,183,bd4_e3.vdx,43939589,16088
jhek.rl,184,be1_d2.vdx,43955678,16547
jhek.rl,185,be2_d1.vdx,43972226,16491
jhek.rl,186,be2_d3.vdx,43988718,16239
jhek.rl,187,be3_d2.vdx,44004958,15802
jhek.rl,188,be3_d4.vdx,44020761,16103
jhek.rl,189,be4_d3.vdx,44036865,15995
jhek.rl,190,wa1_b2.vdx,44052861,22348
jhek.rl,191,wa2_b1.vdx,44075210,22198
jhek.rl,192,wa2_b3.vdx,44097409,21454
jhek.rl,193,wa3_b2.vdx,44118864,21570
jhek.rl,194,wa3_b4.vdx,44140435,21036
jhek.rl,195,wa4_b3.vdx,44161472,21062
jhek.rl,196,wb1_a2.vdx,44182535,22168
jhek.rl,197,wb1_c2.vdx,44204704,20722
jhek.rl,198,wb2_a1.vdx,44225427,22483
jhek.rl,199,wb2_a3.vdx,44247911,21578
jhek.rl,200,wb2_c1.vdx,44269490,20503
jhek.rl,201,wb2_c3.vdx,44289994,20554
jhek.rl,202,wb3_a2.vdx,44310549,21586
jhek.rl,203,wb3_a4.vdx,44332136,21099
jhek.rl,204,wb3_c2.vdx,44353236,20650
jhek.rl,205,wb3_c4.vdx,44373887,19960
jhek.rl,206,wb4_a3.vdx,44393848,21040
jhek.rl,207,wb4_c3.vdx,44414889,20082
jhek.rl,208,wc1_b2.vdx,44434972,20557
jhek.rl,209,wc1_d2.vdx,44455530,20572
jhek.rl,210,wc2_b1.vdx,44476103,20746
jhek.rl,211,wc2_b3.vdx,44496850,20605
jhek.rl,212,wc2_d1.vdx,44517456,20765
jhek.rl,213,wc2_d3.vdx,44538222,20885
jhek.rl,214,wc3_b2.vdx,44559108,20573
jhek.rl,215,wc3_b4.vdx,44579682,20102
jhek.rl,216,wc3_d2.vdx,44599785,20810
jhek.rl,217,wc3_d4.vdx,44620596,20105
jhek.rl,218,wc4_b3.vdx,44640702,19993
jhek.rl,219,wc4_d3.vdx,44660696,20201
jhek.rl,220,wd1_c2.vdx,44680898,20700
jhek.rl,221,wd1_e2.vdx,44701599,22452
jhek.rl,222,wd2_c1.vdx,44724052,20533
jhek.rl,223,wd2_c3.vdx,44744586,20690
jhek.rl,224,wd2_e1.vdx,44765277,22537
jhek.rl,225,wd2_e3.vdx,44787815,21630
jhek.rl,226,wd3_c2.vdx,44809446,20817
jhek.rl,227,wd3_c4.vdx,44830264,20034
jhek.rl,228,wd3_e2.vdx,44850299,21680
jhek.rl,229,wd3_e4.vdx,44871980,20932
jhek.rl,230,wd4_c3.vdx,44892913,20013
jhek.rl,231,wd4_e3.vdx,44912927,16114
jhek.rl,232,we1_d2.vdx,44929042,22425
jhek.rl,233,we2_d1.vdx,44951468,22314
jhek.rl,234,we2_d3.vdx,44973783,21591
jhek.rl,235,we3_d2.vdx,44995375,21551
jhek.rl,236,we3_d4.vdx,45016927,16063
jhek.rl,237,we4_d3.vdx,45032991,20976
k.rl,0,k1_2.vdx,0,1465670
k.rl,1,k1_6.vdx,1465671,398884
k.rl,2,k2_1.vdx,1864556,1657459
k.rl,3,k2_4.vdx,3522016,426324
k.rl,4,k2_5.vdx,3948341,249938
k.rl,5,k2_7b.vdx,4198280,572557
k.rl,6,k2_7f.vdx,4770838,568730
k.rl,7,k3_.vdx,5339569,5815054
k.rl,8,k4_.vdx,11154624,739206
k.rl,9,k5_.vdx,11893831,1230562
k.rl,10,k6_.vdx,13124394,998393
k.rl,11,k7_.vdx,14122788,2703174
k.rl,12,k_1ba.vdx,16825963,1866080
k.rl,13,k_1fa.vdx,18692044,1876807
k.rl,14,k_1tb.vdx,20568852,629209
k.rl,15,k_1tf.vdx,21198062,632981
k.rl,16,k_2ba.vdx,21831044,678331
k.rl,17,k_2bb.vdx,22509376,922888
k.rl,18,k_2bc.vdx,23432265,821800
k.rl,19,k_2bd.vdx,24254066,654323
k.rl,20,k_2fa.vdx,24908390,685932
k.rl,21,k_2fb.vdx,25594323,921814
k.rl,22,k_2fc.vdx,26516138,834489
k.rl,23,k_2fd.vdx,27350628,653485
k.rl,24,k_st.vdx,28004114,1663922
k.rl,25,shelf.vdx,29668037,19710
k.rl,26,yb.vdx,29687748,1807
k.rl,27,yc.vdx,29689556,2025
k.rl,28,yg.vdx,29691582,2385
k.rl,29,yh.vdx,29693968,2014
k.rl,30,yl.vdx,29695983,1861
k.rl,31,ym.vdx,29697845,1890
k.rl,32,yp.vdx,29699736,1853
k.rl,33,yr.vdx,29701590,2073
k.rl,34,ys.vdx,29703664,2116
k.rl,35,yt.vdx,29705781,1988
k.rl,36,yy.vdx,29707770,1817
k.rl,37,zb.vdx,29709588,2043
k.rl,38,zc.vdx,29711632,3105
k.rl,39,zg.vdx,29714738,4493
k.rl,40,zh.vdx,29719232,3696
k.rl,41,zl.vdx,29722929,2578
k.rl,42,zm.vdx,29725508,2248
k.rl,43,zp.vdx,29727757,2604
k.rl,44,zr.vdx,29730362,3456
k.rl,45,zs.vdx,29733819,3916
k.rl,46,zt.vdx,29737736,2639
k.rl,47,zy.vdx,29740376,1932
k.rl,48,b00b.vdx,29742309,9023
k.rl,49,b00f.vdx,29751333,8656
k.rl,50,b01b.vdx,29759990,9636
k.rl,51,b01f.vdx,29769627,9302
k.rl,52,b02b.vdx,29778930,9381
k.rl,53,b02f.vdx,29788312,9007
k.rl,54,b03b.vdx,29797320,12878
k.rl,55,b03f.vdx,29810199,12539
k.rl,56,b04b.vdx,29822739,13195
k.rl,57,b04f.vdx,29835935,12653
k.rl,58,b05b.vdx,29848589,12181
k.rl,59,b05f.vdx,29860771,11633
k.rl,60,b06b.vdx,29872405,11846
k.rl,61,b06f.vdx,29884252,11328
k.rl,62,b07b.vdx,29895581,11365
k.rl,63,b07f.vdx,29906947,10874
k.rl,64,b08b.vdx,29917822,11385
k.rl,65,b08f.vdx,29929208,10875
k.rl,66,b09b.vdx,29940084,11662
k.rl,67,b09f.vdx,29951747,11148
k.rl,68,b10b.vdx,29962896,12360
k.rl,69,b10f.vdx,29975257,11806
k.rl,70,b11b.vdx,29987064,12537
k.rl,71,b11f.vdx,29999602,12044
k.rl,72,b12b.vdx,30011647,11964
k.rl,73,b12f.vdx,30023612,11782
k.rl,74,b13b.vdx,30035395,13768
k.rl,75,b13f.vdx,30049164,13244
k.rl,76,b14b.vdx,30062409,13129
k.rl,77,b14f.vdx,30075539,12775
k.rl,78,b15b.vdx,30088315,11919
k.rl,79,b15f.vdx,30100235,11555
k.rl,80,b16b.vdx,30111791,11888
k.rl,81,b16f.vdx,30123680,11470
k.rl,82,b17b.vdx,30135151,11153
k.rl,83,b17f.vdx,30146305,10809
k.rl,84,b18b.vdx,30157115,11021
k.rl,85,b18f.vdx,30168137,10648
k.rl,86,b19b.vdx,30178786,11254
k.rl,87,b19f.vdx,30190041,10835
k.rl,88,b20b.vdx,30200877,11764
k.rl,89,b20f.vdx,30212642,11263
k.rl,90,b21b.vdx,30223906,12172
k.rl,91,b21f.vdx,30236079,11655
k.rl,92,b22b.vdx,30247735,12892
k.rl,93,b22f.vdx,30260628,12433
k.rl,94,b23b.vdx,30273062,13127
k.rl,95,b23f.vdx,30286190,12704
k.rl,96,b24b.vdx,30298895,13555
k.rl,97,b24f.vdx,30312451,13284
k.rl,98,b25b.vdx,30325736,12484
k.rl,99,b25f.vdx,30338221,12260
k.rl,100,b26b.vdx,30350482,11879
k.rl,101,b26f.vdx,30362362,11707
k.rl,102,b27b.vdx,30374070,11460
k.rl,103,b27f.vdx,30385531,11268
k.rl,104,b28b.vdx,30396800,11243
k.rl,105,b28f.vdx,30408044,11203
k.rl,106,b29b.vdx,30419248,10968
k.rl,107,b29f.vdx,30430217,10926
k.rl,108,b30b.vdx,30441144,11378
k.rl,109,b30f.vdx,30452523,11143
k.rl,110,b31b.vdx,30463667,12668
k.rl,111,b31f.vdx,30476336,12278
k.rl,112,b32b.vdx,30488615,13770
k.rl,113,b32f.vdx,30502386,13393
k.rl,114,c00b.vdx,30515780,13137
k.rl,115,c00f.vdx,30528918,13028
k.rl,116,c01b.vdx,30541947,12318
k.rl,117,c01f.vdx,30554266,12349
k.rl,118,c02b.vdx,30566616,11812
k.rl,119,c02f.vdx,30578429,11706
k.rl,120,c03b.vdx,30590136,15430
k.rl,121,c03f.vdx,30605567,15499
k.rl,122,c04b.vdx,30621067,15454
k.rl,123,c04f.vdx,30636522,15499
k.rl,124,c05b.vdx,30652022,15159
k.rl,125,c05f.vdx,30667182,15228
k.rl,126,c06b.vdx,30682411,14743
k.rl,127,c06f.vdx,30697155,14858
k.rl,128,c07b.vdx,30712014,15323
k.rl,129,c07f.vdx,30727338,15400
k.rl,130,c08b.vdx,30742739,14912
k.rl,131,c08f.vdx,30757652,15022
k.rl,132,c09b.vdx,30772675,15299
k.rl,133,c09f.vdx,30787975,15297
k.rl,134,c10b.vdx,30803273,15477
k.rl,135,c10f.vdx,30818751,15425
k.rl,136,c11b.vdx,30834177,15199
k.rl,137,c11f.vdx,30849377,15249
k.rl,138,c12b.vdx,30864627,14563
k.rl,139,c12f.vdx,30879191,14725
k.rl,140,c13b.vdx,30893917,16661
k.rl,141,c13f.vdx,30910579,16749
k.rl,142,c14b.vdx,30927329,15961
k.rl,143,c14f.vdx,30943291,16030
k.rl,144,c15b.vdx,30959322,15359
k.rl,145,c15f.vdx,30974682,15543
k.rl,146,c16b.vdx,30990226,15947
k.rl,147,c16f.vdx,31006174,16140
k.rl,148,c17b.vdx,31022315,15098
k.rl,149,c17f.vdx,31037414,15314
k.rl,150,c18b.vdx,31052729,15447
k.rl,151,c18f.vdx,31068177,15662
k.rl,152,c19b.vdx,31083840,15635
k.rl,153,c19f.vdx,31099476,15758
k.rl,154,c20b.vdx,31115235,15905
k.rl,155,c20f.vdx,31131141,16002
k.rl,156,c21b.vdx,31147144,15932
k.rl,157,c21f.vdx,31163077,16089
k.rl,158,c22b.vdx,31179167,16185
k.rl,159,c22f.vdx,31195353,16297
k.rl,160,c23b.vdx,31211651,15687
k.rl,161,c23f.vdx,31227339,15767
k.rl,162,c24b.vdx,31243107,17567
k.rl,163,c24f.vdx,31260675,17584
k.rl,164,c25b.vdx,31278260,16862
k.rl,165,c25f.vdx,31295123,16940
k.rl,166,c26b.vdx,31312064,16650
k.rl,167,c26f.vdx,31328715,16752
k.rl,168,c27b.vdx,31345468,16163
k.rl,169,c27f.vdx,31361632,16230
k.rl,170,c28b.vdx,31377863,16151
k.rl,171,c28f.vdx,31394015,16285
k.rl,172,c29b.vdx,31410301,15612
k.rl,173,c29f.vdx,31425914,15744
k.rl,174,c30b.vdx,31441659,16117
k.rl,175,c30f.vdx,31457777,16204
k.rl,176,c31b.vdx,31473982,16464
k.rl,177,c31f.vdx,31490447,16463
k.rl,178,c32b.vdx,31506911,16140
k.rl,179,c32f.vdx,31523052,16131
k.rl,180,g00b.vdx,31539184,19617
k.rl,181,g00f.vdx,31558802,18839
k.rl,182,g01b.vdx,31577642,18253
k.rl,183,g01f.vdx,31595896,17554
k.rl,184,g02b.vdx,31613451,18503
k.rl,185,g02f.vdx,31631955,17751
k.rl,186,g03b.vdx,31649707,19068
k.rl,187,g03f.vdx,31668776,18499
k.rl,188,g04b.vdx,31687276,19439
k.rl,189,g04f.vdx,31706716,18678
k.rl,190,g05b.vdx,31725395,19185
k.rl,191,g05f.vdx,31744581,18499
k.rl,192,g06b.vdx,31763081,18815
k.rl,193,g06f.vdx,31781897,18122
k.rl,194,g07b.vdx,31800020,18161
k.rl,195,g07f.vdx,31818182,17531
k.rl,196,g08b.vdx,31835714,18427
k.rl,197,g08f.vdx,31854142,17683
k.rl,198,g09b.vdx,31871826,18815
k.rl,199,g09f.vdx,31890642,18087
k.rl,200,g10b.vdx,31908730,18667
k.rl,201,g10f.vdx,31927398,17827
k.rl,202,g11b.vdx,31945226,19213
k.rl,203,g11f.vdx,31964440,18448
k.rl,204,g12b.vdx,31982889,18694
k.rl,205,g12f.vdx,32001584,18183
k.rl,206,g13b.vdx,32019768,19207
k.rl,207,g13f.vdx,32038976,18600
k.rl,208,g14b.vdx,32057577,18295
k.rl,209,g14f.vdx,32075873,17731
k.rl,210,g15b.vdx,32093605,17885
k.rl,211,g15f.vdx,32111491,17384
k.rl,212,g16b.vdx,32128876,17756
k.rl,213,g16f.vdx,32146633,17288
k.rl,214,g17b.vdx,32163922,18156
k.rl,215,g17f.vdx,32182079,17731
k.rl,216,g18b.vdx,32199811,17710
k.rl,217,g18f.vdx,32217522,17270
k.rl,218,g19b.vdx,32234793,18245
k.rl,219,g19f.vdx,32253039,17724
k.rl,220,g20b.vdx,32270764,18320
k.rl,221,g20f.vdx,32289085,17722
k.rl,222,g21b.vdx,32306808,19216
k.rl,223,g21f.vdx,32326025,18631
k.rl,224,g22b.vdx,32344657,19700
k.rl,225,g22f.vdx,32364358,19055
k.rl,226,g23b.vdx,32383414,19126
k.rl,227,g23f.vdx,32402541,18470
k.rl,228,g24b.vdx,32421012,18243
k.rl,229,g24f.vdx,32439256,17682
k.rl,230,g25b.vdx,32456939,17465
k.rl,231,g25f.vdx,32474405,17005
k.rl,232,g26b.vdx,32491411,17200
k.rl,233,g26f.vdx,32508612,16700
k.rl,234,g27b.vdx,32525313,18448
k.rl,235,g27f.vdx,32543762,17945
k.rl,236,g28b.vdx,32561708,17590
k.rl,237,g28f.vdx,32579299,17139
k.rl,238,g29b.vdx,32596439,17894
k.rl,239,g29f.vdx,32614334,17430
k.rl,240,g30b.vdx,32631765,18621
k.rl,241,g30f.vdx,32650387,18092
k.rl,242,g31b.vdx,32668480,18871
k.rl,243,g31f.vdx,32687352,18244
k.rl,244,g32b.vdx,32705597,18110
k.rl,245,g32f.vdx,32723708,17474
k.rl,246,h00b.vdx,32741183,20509
k.rl,247,h00f.vdx,32761693,19634
k.rl,248,h01b.vdx,32781328,18658
k.rl,249,h01f.vdx,32799987,17934
k.rl,250,h02b.vdx,32817922,18334
k.rl,251,h02f.vdx,32836257,17337
k.rl,252,h03b.vdx,32853595,18812
k.rl,253,h03f.vdx,32872408,18349
k.rl,254,h04b.vdx,32890758,20611
k.rl,255,h04f.vdx,32911370,19580
k.rl,256,h05b.vdx,32930951,19670
k.rl,257,h05f.vdx,32950622,18748
k.rl,258,h06b.vdx,32969371,19921
k.rl,259,h06f.vdx,32989293,19089
k.rl,260,h07b.vdx,33008383,18601
k.rl,261,h07f.vdx,33026985,17742
k.rl,262,h08b.vdx,33044728,18501
k.rl,263,h08f.vdx,33063230,17641
k.rl,264,h09b.vdx,33080872,18458
k.rl,265,h09f.vdx,33099331,17493
k.rl,266,h10b.vdx,33116825,19045
k.rl,267,h10f.vdx,33135871,18122
k.rl,268,h11b.vdx,33153994,19267
k.rl,269,h11f.vdx,33173262,18373
k.rl,270,h12b.vdx,33191636,18717
k.rl,271,h12f.vdx,33210354,18239
k.rl,272,h13b.vdx,33228594,19723
k.rl,273,h13f.vdx,33248318,18917
k.rl,274,h14b.vdx,33267236,19198
k.rl,275,h14f.vdx,33286435,18323
k.rl,276,h15b.vdx,33304759,18946
k.rl,277,h15f.vdx,33323706,18255
k.rl,278,h16b.vdx,33341962,19088
k.rl,279,h16f.vdx,33361051,18367
k.rl,280,h17b.vdx,33379419,18141
k.rl,281,h17f.vdx,33397561,17490
k.rl,282,h18b.vdx,33415052,17757
k.rl,283,h18f.vdx,33432810,17139
k.rl,284,h19b.vdx,33449950,17750
k.rl,285,h19f.vdx,33467701,16988
k.rl,286,h20b.vdx,33484690,18688
k.rl,287,h20f.vdx,33503379,17911
k.rl,288,h21b.vdx,33521291,18636
k.rl,289,h21f.vdx,33539928,17781
k.rl,290,h22b.vdx,33557710,19360
k.rl,291,h22f.vdx,33577071,18546
k.rl,292,h23b.vdx,33595618,18266
k.rl,293,h23f.vdx,33613885,17740
k.rl,294,h24b.vdx,33631626,18853
k.rl,295,h24f.vdx,33650480,18250
k.rl,296,h25b.vdx,33668731,18141
k.rl,297,h25f.vdx,33686873,17573
k.rl,298,h26b.vdx,33704447,17914
k.rl,299,h26f.vdx,33722362,17407
k.rl,300,h27b.vdx,33739770,17583
k.rl,301,h27f.vdx,33757354,17053
k.rl,302,h28b.vdx,33774408,14894
k.rl,303,h28f.vdx,33789303,14396
k.rl,304,h29b.vdx,33803700,15098
k.rl,305,h29f.vdx,33818799,14684
k.rl,306,h30b.vdx,33833484,16737
k.rl,307,h30f.vdx,33850222,16244
k.rl,308,h31b.vdx,33866467,17500
k.rl,309,h31f.vdx,33883968,16872
k.rl,310,h32b.vdx,33900841,11093
k.rl,311,h32f.vdx,33911935,10493
k.rl,312,l00b.vdx,33922429,16132
k.rl,313,l00f.vdx,33938562,16231
k.rl,314,l01b.vdx,33954794,14880
k.rl,315,l01f.vdx,33969675,15094
k.rl,316,l02b.vdx,33984770,15898
k.rl,317,l02f.vdx,34000669,15938
k.rl,318,l03b.vdx,34016608,16563
k.rl,319,l03f.vdx,34033172,16712
k.rl,320,l04b.vdx,34049885,15921
k.rl,321,l04f.vdx,34065807,15955
k.rl,322,l05b.vdx,34081763,16955
k.rl,323,l05f.vdx,34098719,17054
k.rl,324,l06b.vdx,34115774,15939
k.rl,325,l06f.vdx,34131714,16140
k.rl,326,l07b.vdx,34147855,15641
k.rl,327,l07f.vdx,34163497,15812
k.rl,328,l08b.vdx,34179310,15420
k.rl,329,l08f.vdx,34194731,15539
k.rl,330,l09b.vdx,34210271,15668
k.rl,331,l09f.vdx,34225940,15745
k.rl,332,l10b.vdx,34241686,15732
k.rl,333,l10f.vdx,34257419,15799
k.rl,334,l11b.vdx,34273219,16150
k.rl,335,l11f.vdx,34289370,16203
k.rl,336,l12b.vdx,34305574,17136
k.rl,337,l12f.vdx,34322711,17189
k.rl,338,l13b.vdx,34339901,16164
k.rl,339,l13f.vdx,34356066,16304
k.rl,340,l14b.vdx,34372371,15379
k.rl,341,l14f.vdx,34387751,15533
k.rl,342,l15b.vdx,34403285,15382
k.rl,343,l15f.vdx,34418668,15576
k.rl,344,l16b.vdx,34434245,15083
k.rl,345,l16f.vdx,34449329,15225
k.rl,346,l17b.vdx,34464555,15728
k.rl,347,l17f.vdx,34480284,15893
k.rl,348,l18b.vdx,34496178,15743
k.rl,349,l18f.vdx,34511922,15888
k.rl,350,l19b.vdx,34527811,15435
k.rl,351,l19f.vdx,34543247,15638
k.rl,352,l20b.vdx,34558886,15137
k.rl,353,l20f.vdx,34574024,15256
k.rl,354,l21b.vdx,34589281,14854
k.rl,355,l21f.vdx,34604136,14989
k.rl,356,l22b.vdx,34619126,15071
k.rl,357,l22f.vdx,34634198,15160
k.rl,358,l23b.vdx,34649359,17422
k.rl,359,l23f.vdx,34666782,17492
k.rl,360,l24b.vdx,34684275,15051
k.rl,361,l24f.vdx,34699327,15034
k.rl,362,l25b.vdx,34714362,14646
k.rl,363,l25f.vdx,34729009,14688
k.rl,364,l26b.vdx,34743698,14284
k.rl,365,l26f.vdx,34757983,14251
k.rl,366,l27b.vdx,34772235,14008
k.rl,367,l27f.vdx,34786244,14036
k.rl,368,l28b.vdx,34800281,13733
k.rl,369,l28f.vdx,34814015,13866
k.rl,370,l29b.vdx,34827882,13562
k.rl,371,l29f.vdx,34841445,13738
k.rl,372,l30b.vdx,34855184,14284
k.rl,373,l30f.vdx,34869469,14353
k.rl,374,l31b.vdx,34883823,14615
k.rl,375,l31f.vdx,34898439,14607
k.rl,376,l32b.vdx,34913047,15113
k.rl,377,l32f.vdx,34928161,15132
k.rl,378,m00b.vdx,34943294,14065
k.rl,379,m00f.vdx,34957360,14022
k.rl,380,m01b.vdx,34971383,13735
k.rl,381,m01f.vdx,34985119,13623
k.rl,382,m02b.vdx,34998743,15397
k.rl,383,m02f.vdx,35014141,15254
k.rl,384,m03b.vdx,35029396,14364
k.rl,385,m03f.vdx,35043761,14428
k.rl,386,m04b.vdx,35058190,14087
k.rl,387,m04f.vdx,35072278,14051
k.rl,388,m05b.vdx,35086330,13971
k.rl,389,m05f.vdx,35100302,13937
k.rl,390,m06b.vdx,35114240,13686
k.rl,391,m06f.vdx,35127927,13538
k.rl,392,m07b.vdx,35141466,13406
k.rl,393,m07f.vdx,35154873,13330
k.rl,394,m08b.vdx,35168204,13999
k.rl,395,m08f.vdx,35182204,13956
k.rl,396,m09b.vdx,35196161,13194
k.rl,397,m09f.vdx,35209356,13195
k.rl,398,m10b.vdx,35222552,14091
k.rl,399,m10f.vdx,35236644,13978
k.rl,400,m11b.vdx,35250623,12804
k.rl,401,m11f.vdx,35263428,12680
k.rl,402,m12b.vdx,35276109,16046
k.rl,403,m12f.vdx,35292156,16063
k.rl,404,m13b.vdx,35308220,13467
k.rl,405,m13f.vdx,35321688,13510
k.rl,406,m14b.vdx,35335199,12853
k.rl,407,m14f.vdx,35348053,12852
k.rl,408,m15b.vdx,35360906,13165
k.rl,409,m15f.vdx,35374072,13262
k.rl,410,m16b.vdx,35387335,12918
k.rl,411,m16f.vdx,35400254,12924
k.rl,412,m17b.vdx,35413179,13566
k.rl,413,m17f.vdx,35426746,13622
k.rl,414,m18b.vdx,35440369,13672
k.rl,415,m18f.vdx,35454042,13719
k.rl,416,m19b.vdx,35467762,11019
k.rl,417,m19f.vdx,35478782,11086
k.rl,418,m20b.vdx,35489869,13725
k.rl,419,m20f.vdx,35503595,13762
k.rl,420,m21b.vdx,35517358,13762
k.rl,421,m21f.vdx,35531121,13725
k.rl,422,m22b.vdx,35544847,10273
k.rl,423,m22f.vdx,35555121,10137
k.rl,424,m23b.vdx,35565259,16547
k.rl,425,m23f.vdx,35581807,16551
k.rl,426,m24b.vdx,35598359,13500
k.rl,427,m24f.vdx,35611860,13461
k.rl,428,m25b.vdx,35625322,13283
k.rl,429,m25f.vdx,35638606,13282
k.rl,430,m26b.vdx,35651889,13257
k.rl,431,m26f.vdx,35665147,13209
k.rl,432,m27b.vdx,35678357,13077
k.rl,433,m27f.vdx,35691435,13026
k.rl,434,m28b.vdx,35704462,12826
k.rl,435,m28f.vdx,35717289,12822
k.rl,436,m29b.vdx,35730112,12657
k.rl,437,m29f.vdx,35742770,12757
k.rl,438,m30b.vdx,35755528,11590
k.rl,439,m30f.vdx,35767119,11644
k.rl,440,m31b.vdx,35778764,12404
k.rl,441,m31f.vdx,35791169,12298
k.rl,442,m32b.vdx,35803468,14416
k.rl,443,m32f.vdx,35817885,14259
k.rl,444,p00b.vdx,35832145,15985
k.rl,445,p00f.vdx,35848131,15776
k.rl,446,p01b.vdx,35863908,15847
k.rl,447,p01f.vdx,35879756,15670
k.rl,448,p02b.vdx,35895427,17756
k.rl,449,p02f.vdx,35913184,17441
k.rl,450,p03b.vdx,35930626,15749
k.rl,451,p03f.vdx,35946376,15642
k.rl,452,p04b.vdx,35962019,16037
k.rl,453,p04f.vdx,35978057,15715
k.rl,454,p05b.vdx,35993773,16110
k.rl,455,p05f.vdx,36009884,15734
k.rl,456,p06b.vdx,36025619,16554
k.rl,457,p06f.vdx,36042174,16155
k.rl,458,p07b.vdx,36058330,15093
k.rl,459,p07f.vdx,36073424,14776
k.rl,460,p08b.vdx,36088201,15698
k.rl,461,p08f.vdx,36103900,15338
k.rl,462,p09b.vdx,36119239,16083
k.rl,463,p09f.vdx,36135323,15693
k.rl,464,p10b.vdx,36151017,16039
k.rl,465,p10f.vdx,36167057,15658
k.rl,466,p11b.vdx,36182716,16316
k.rl,467,p11f.vdx,36199033,15998
k.rl,468,p12b.vdx,36215032,16923
k.rl,469,p12f.vdx,36231956,16880
k.rl,470,p13b.vdx,36248837,15486
k.rl,471,p13f.vdx,36264324,15075
k.rl,472,p14b.vdx,36279400,15031
k.rl,473,p14f.vdx,36294432,14616
k.rl,474,p15b.vdx,36309049,14721
k.rl,475,p15f.vdx,36323771,14448
k.rl,476,p16b.vdx,36338220,14358
k.rl,477,p16f.vdx,36352579,14058
k.rl,478,p17b.vdx,36366638,14052
k.rl,479,p17f.vdx,36380691,13894
k.rl,480,p18b.vdx,36394586,14271
k.rl,481,p18f.vdx,36408858,14029
k.rl,482,p19b.vdx,36422888,14965
k.rl,483,p19f.vdx,36437854,14695
k.rl,484,p20b.vdx,36452550,14804
k.rl,485,p20f.vdx,36467355,14491
k.rl,486,p21b.vdx,36481847,15929
k.rl,487,p21f.vdx,36497777,15623
k.rl,488,p22b.vdx,36513401,15841
k.rl,489,p22f.vdx,36529243,15484
k.rl,490,p23b.vdx,36544728,16408
k.rl,491,p23f.vdx,36561137,16262
k.rl,492,p24b.vdx,36577400,14274
k.rl,493,p24f.vdx,36591675,14043
k.rl,494,p25b.vdx,36605719,13669
k.rl,495,p25f.vdx,36619389,13519
k.rl,496,p26b.vdx,36632909,13431
k.rl,497,p26f.vdx,36646341,13239
k.rl,498,p27b.vdx,36659581,13156
k.rl,499,p27f.vdx,36672738,13063
k.rl,500,p28b.vdx,36685802,13002
k.rl,501,p28f.vdx,36698805,12994
k.rl,502,p29b.vdx,36711800,12875
k.rl,503,p29f.vdx,36724676,12849
k.rl,504,p30b.vdx,36737526,13185
k.rl,505,p30f.vdx,36750712,13017
k.rl,506,p31b.vdx,36763730,15018
k.rl,507,p31f.vdx,36778749,14793
k.rl,508,p32b.vdx,36793543,15666
k.rl,509,p32f.vdx,36809210,15368
k.rl,510,r00b.vdx,36824579,19130
k.rl,511,r00f.vdx,36843710,18522
k.rl,512,r01b.vdx,36862233,17668
k.rl,513,r01f.vdx,36879902,17112
k.rl,514,r02b.vdx,36897015,17709
k.rl,515,r02f.vdx,36914725,17041
k.rl,516,r03b.vdx,36931767,17989
k.rl,517,r03f.vdx,36949757,17557
k.rl,518,r04b.vdx,36967315,18613
k.rl,519,r04f.vdx,36985929,17965
k.rl,520,r05b.vdx,37003895,18310
k.rl,521,r05f.vdx,37022206,17730
k.rl,522,r06b.vdx,37039937,18045
k.rl,523,r06f.vdx,37057983,17461
k.rl,524,r07b.vdx,37075445,17856
k.rl,525,r07f.vdx,37093302,17325
k.rl,526,r08b.vdx,37110628,18591
k.rl,527,r08f.vdx,37129220,17951
k.rl,528,r09b.vdx,37147172,19108
k.rl,529,r09f.vdx,37166281,18436
k.rl,530,r10b.vdx,37184718,19038
k.rl,531,r10f.vdx,37203757,18341
k.rl,532,r11b.vdx,37222099,19282
k.rl,533,r11f.vdx,37241382,18532
k.rl,534,r12b.vdx,37259915,14083
k.rl,535,r12f.vdx,37273999,13575
k.rl,536,r13b.vdx,37287575,17950
k.rl,537,r13f.vdx,37305526,17387
k.rl,538,r14b.vdx,37322914,18200
k.rl,539,r14f.vdx,37341115,17673
k.rl,540,r15b.vdx,37358789,18161
k.rl,541,r15f.vdx,37376951,17617
k.rl,542,r16b.vdx,37394569,18016
k.rl,543,r16f.vdx,37412586,17463
k.rl,544,r17b.vdx,37430050,18210
k.rl,545,r17f.vdx,37448261,17619
k.rl,546,r18b.vdx,37465881,17799
k.rl,547,r18f.vdx,37483681,17162
k.rl,548,r19b.vdx,37500844,18658
k.rl,549,r19f.vdx,37519503,18013
k.rl,550,r20b.vdx,37537517,18473
k.rl,551,r20f.vdx,37555991,17769
k.rl,552,r21b.vdx,37573761,18612
k.rl,553,r21f.vdx,37592374,17921
k.rl,554,r22b.vdx,37610296,19502
k.rl,555,r22f.vdx,37629799,18734
k.rl,556,r23b.vdx,37648534,13230
k.rl,557,r23f.vdx,37661765,12684
k.rl,558,r24b.vdx,37674450,17742
k.rl,559,r24f.vdx,37692193,17076
k.rl,560,r25b.vdx,37709270,18168
k.rl,561,r25f.vdx,37727439,17567
k.rl,562,r26b.vdx,37745007,18023
k.rl,563,r26f.vdx,37763031,17399
k.rl,564,r27b.vdx,37780431,17441
k.rl,565,r27f.vdx,37797873,16869
k.rl,566,r28b.vdx,37814743,17161
k.rl,567,r28f.vdx,37831905,16561
k.rl,568,r29b.vdx,37848467,17301
k.rl,569,r29f.vdx,37865769,16626
k.rl,570,r30b.vdx,37882396,17908
k.rl,571,r30f.vdx,37900305,17240
k.rl,572,r31b.vdx,37917546,18939
k.rl,573,r31f.vdx,37936486,18208
k.rl,574,r32b.vdx,37954695,17058
k.rl,575,r32f.vdx,37971754,16387
k.rl,576,s00b.vdx,37988142,17276
k.rl,577,s00f.vdx,38005419,16987
k.rl,578,s01b.vdx,38022407,16582
k.rl,579,s01f.vdx,38038990,16415
k.rl,580,s02b.vdx,38055406,15585
k.rl,581,s02f.vdx,38070992,15292
k.rl,582,s03b.vdx,38086285,17015
k.rl,583,s03f.vdx,38103301,16757
k.rl,584,s04b.vdx,38120059,17221
k.rl,585,s04f.vdx,38137281,16933
k.rl,586,s05b.vdx,38154215,17041
k.rl,587,s05f.vdx,38171257,16735
k.rl,588,s06b.vdx,38187993,16985
k.rl,589,s06f.vdx,38204979,16703
k.rl,590,s07b.vdx,38221683,17170
k.rl,591,s07f.vdx,38238854,16905
k.rl,592,s08b.vdx,38255760,17263
k.rl,593,s08f.vdx,38273024,16962
k.rl,594,s09b.vdx,38289987,17465
k.rl,595,s09f.vdx,38307453,17176
k.rl,596,s10b.vdx,38324630,17736
k.rl,597,s10f.vdx,38342367,17459
k.rl,598,s11b.vdx,38359827,17348
k.rl,599,s11f.vdx,38377176,17015
k.rl,600,s12b.vdx,38394192,12813
k.rl,601,s12f.vdx,38407006,12520
k.rl,602,s13b.vdx,38419527,16697
k.rl,603,s13f.vdx,38436225,16409
k.rl,604,s14b.vdx,38452635,16800
k.rl,605,s14f.vdx,38469436,16508
k.rl,606,s15b.vdx,38485945,16938
k.rl,607,s15f.vdx,38502884,16684
k.rl,608,s16b.vdx,38519569,16652
k.rl,609,s16f.vdx,38536222,16351
k.rl,610,s17b.vdx,38552574,16741
k.rl,611,s17f.vdx,38569316,16499
k.rl,612,s18b.vdx,38585816,16694
k.rl,613,s18f.vdx,38602511,16423
k.rl,614,s19b.vdx,38618935,17157
k.rl,615,s19f.vdx,38636093,16917
k.rl,616,s20b.vdx,38653011,16937
k.rl,617,s20f.vdx,38669949,16665
k.rl,618,s21b.vdx,38686615,17172
k.rl,619,s21f.vdx,38703788,16907
k.rl,620,s22b.vdx,38720696,17500
k.rl,621,s22f.vdx,38738197,17194
k.rl,622,s23b.vdx,38755392,12264
k.rl,623,s23f.vdx,38767657,11929
k.rl,624,s24b.vdx,38779587,16775
k.rl,625,s24f.vdx,38796363,16447
k.rl,626,s25b.vdx,38812811,16479
k.rl,627,s25f.vdx,38829291,16162
k.rl,628,s26b.vdx,38845454,16746
k.rl,629,s26f.vdx,38862201,16366
k.rl,630,s27b.vdx,38878568,16498
k.rl,631,s27f.vdx,38895067,16193
k.rl,632,s28b.vdx,38911261,16224
k.rl,633,s28f.vdx,38927486,15973
k.rl,634,s29b.vdx,38943460,16716
k.rl,635,s29f.vdx,38960177,16425
k.rl,636,s30b.vdx,38976603,16801
k.rl,637,s30f.vdx,38993405,16474
k.rl,638,s31b.vdx,39009880,17356
k.rl,639,s31f.vdx,39027237,16986
k.rl,640,s32b.vdx,39044224,16159
k.rl,641,s32f.vdx,39060384,15817
k.rl,642,t00b.vdx,39076202,9923
k.rl,643,t00f.vdx,39086126,9899
k.rl,644,t01b.vdx,39096026,9265
k.rl,645,t01f.vdx,39105292,9224
k.rl,646,t02b.vdx,39114517,7863
k.rl,647,t02f.vdx,39122381,7696
k.rl,648,t03b.vdx,39130078,13634
k.rl,649,t03f.vdx,39143713,13589
k.rl,650,t04b.vdx,39157303,13735
k.rl,651,t04f.vdx,39171039,13723
k.rl,652,t05b.vdx,39184763,13024
k.rl,653,t05f.vdx,39197788,12964
k.rl,654,t06b.vdx,39210753,13759
k.rl,655,t06f.vdx,39224513,13719
k.rl,656,t07b.vdx,39238233,12637
k.rl,657,t07f.vdx,39250871,12692
k.rl,658,t08b.vdx,39263564,13184
k.rl,659,t08f.vdx,39276749,13137
k.rl,660,t09b.vdx,39289887,12739
k.rl,661,t09f.vdx,39302627,12634
k.rl,662,t10b.vdx,39315262,16538
k.rl,663,t10f.vdx,39331801,16356
k.rl,664,t11b.vdx,39348158,15404
k.rl,665,t11f.vdx,39363563,15143
k.rl,666,t12b.vdx,39378707,13751
k.rl,667,t12f.vdx,39392459,13640
k.rl,668,t13b.vdx,39406100,15094
k.rl,669,t13f.vdx,39421195,15045
k.rl,670,t14b.vdx,39436241,15139
k.rl,671,t14f.vdx,39451381,15135
k.rl,672,t15b.vdx,39466517,14711
k.rl,673,t15f.vdx,39481229,14825
k.rl,674,t16b.vdx,39496055,14354
k.rl,675,t16f.vdx,39510410,14390
k.rl,676,t17b.vdx,39524801,15599
k.rl,677,t17f.vdx,39540401,15720
k.rl,678,t18b.vdx,39556122,15539
k.rl,679,t18f.vdx,39571662,15594
k.rl,680,t19b.vdx,39587257,16076
k.rl,681,t19f.vdx,39603334,16073
k.rl,682,t20b.vdx,39619408,16729
k.rl,683,t20f.vdx,39636138,16633
k.rl,684,t21b.vdx,39652772,17008
k.rl,685,t21f.vdx,39669781,16815
k.rl,686,t22b.vdx,39686597,17889
k.rl,687,t22f.vdx,39704487,17568
k.rl,688,t23b.vdx,39722056,17545
k.rl,689,t23f.vdx,39739602,17301
k.rl,690,t24b.vdx,39756904,16246
k.rl,691,t24f.vdx,39773151,16145
k.rl,692,t25b.vdx,39789297,15882
k.rl,693,t25f.vdx,39805180,15892
k.rl,694,t26b.vdx,39821073,17080
k.rl,695,t26f.vdx,39838154,17112
k.rl,696,t27b.vdx,39855267,15743
k.rl,697,t27f.vdx,39871011,15793
k.rl,698,t28b.vdx,39886805,16256
k.rl,699,t28f.vdx,39903062,16388
k.rl,700,t29b.vdx,39919451,15828
k.rl,701,t29f.vdx,39935280,15852
k.rl,702,t30b.vdx,39951133,16495
k.rl,703,t30f.vdx,39967629,16380
k.rl,704,t31b.vdx,39984010,18378
k.rl,705,t31f.vdx,40002389,18192
k.rl,706,t32b.vdx,40020582,21234
k.rl,707,t32f.vdx,40041817,20859
k.rl,708,y00b.vdx,40062677,8468
k.rl,709,y00f.vdx,40071146,7915
k.rl,710,y01b.vdx,40079062,6729
k.rl,711,y01f.vdx,40085792,6309
k.rl,712,y02b.vdx,40092102,7086
k.rl,713,y02f.vdx,40099189,6505
k.rl,714,y03b.vdx,40105695,12725
k.rl,715,y03f.vdx,40118421,12447
k.rl,716,y04b.vdx,40130869,13799
k.rl,717,y04f.vdx,40144669,13189
k.rl,718,y05b.vdx,40157859,13318
k.rl,719,y05f.vdx,40171178,12703
k.rl,720,y06b.vdx,40183882,14860
k.rl,721,y06f.vdx,40198743,14188
k.rl,722,y07b.vdx,40212932,14860
k.rl,723,y07f.vdx,40227793,14284
k.rl,724,y08b.vdx,40242078,15586
k.rl,725,y08f.vdx,40257665,15079
k.rl,726,y09b.vdx,40272745,15725
k.rl,727,y09f.vdx,40288471,15165
k.rl,728,y10b.vdx,40303637,17413
k.rl,729,y10f.vdx,40321051,16782
k.rl,730,y11b.vdx,40337834,15591
k.rl,731,y11f.vdx,40353426,14956
k.rl,732,y12b.vdx,40368383,13375
k.rl,733,y12f.vdx,40381759,12721
k.rl,734,y13b.vdx,40394481,14695
k.rl,735,y13f.vdx,40409177,14238
k.rl,736,y14b.vdx,40423416,14422
k.rl,737,y14f.vdx,40437839,13893
k.rl,738,y15b.vdx,40451733,14718
k.rl,739,y15f.vdx,40466452,14148
k.rl,740,y16b.vdx,40480601,15793
k.rl,741,y16f.vdx,40496395,15300
k.rl,742,y17b.vdx,40511696,15414
k.rl,743,y17f.vdx,40527111,14862
k.rl,744,y18b.vdx,40541974,16086
k.rl,745,y18f.vdx,40558061,15568
k.rl,746,y19b.vdx,40573630,17690
k.rl,747,y19f.vdx,40591321,17183
k.rl,748,y20b.vdx,40608505,17654
k.rl,749,y20f.vdx,40626160,16940
k.rl,750,y21b.vdx,40643101,18149
k.rl,751,y21f.vdx,40661251,17424
k.rl,752,y22b.vdx,40678676,19387
k.rl,753,y22f.vdx,40698064,18667
k.rl,754,y23b.vdx,40716732,17953
k.rl,755,y23f.vdx,40734686,17162
k.rl,756,y24b.vdx,40751849,15455
k.rl,757,y24f.vdx,40767305,14843
k.rl,758,y25b.vdx,40782149,15551
k.rl,759,y25f.vdx,40797701,14967
k.rl,760,y26b.vdx,40812669,16350
k.rl,761,y26f.vdx,40829020,15809
k.rl,762,y27b.vdx,40844830,16278
k.rl,763,y27f.vdx,40861109,15713
k.rl,764,y28b.vdx,40876823,16153
k.rl,765,y28f.vdx,40892977,15665
k.rl,766,y29b.vdx,40908643,17794
k.rl,767,y29f.vdx,40926438,17162
k.rl,768,y30b.vdx,40943601,18632
k.rl,769,y30f.vdx,40962234,17928
k.rl,770,y31b.vdx,40980163,20658
k.rl,771,y31f.vdx,41000822,19871
k.rl,772,y32b.vdx,41020694,24772
k.rl,773,y32f.vdx,41045467,23877
k.rl,774,z00.vdx,41069345,1888
k.rl,775,z01.vdx,41071234,1881
k.rl,776,z02.vdx,41073116,1880
k.rl,777,z03.vdx,41074997,1922
k.rl,778,z04.vdx,41076920,1938
k.rl,779,z05.vdx,41078859,1919
k.rl,780,z06.vdx,41080779,1940
k.rl,781,z07.vdx,41082720,1945
k.rl,782,z08.vdx,41084666,1920
k.rl,783,z09.vdx,41086587,1913
k.rl,784,z10.vdx,41088501,1921
k.rl,785,z11.vdx,41090423,1927
k.rl,786,z12.vdx,41092351,1931
k.rl,787,z13.vdx,41094283,1910
k.rl,788,z14.vdx,41096194,1925
k.rl,789,z15.vdx,41098120,1914
k.rl,790,z16.vdx,41100035,1915
k.rl,791,z17.vdx,41101951,1920
k.rl,792,z18.vdx,41103872,1896
k.rl,793,z19.vdx,41105769,1907
k.rl,794,z20.vdx,41107677,1903
k.rl,795,z21.vdx,41109581,1914
k.rl,796,z22.vdx,41111496,1918
k.rl,797,z23.vdx,41113415,1914
k.rl,798,z24.vdx,41115330,1937
k.rl,799,z25.vdx,41117268,1929
k.rl,800,z26.vdx,41119198,1932
k.rl,801,z27.vdx,41121131,1927
k.rl,802,z28.vdx,41123059,1921
k.rl,803,z29.vdx,41124981,1927
k.rl,804,z30.vdx,41126909,1949
k.rl,805,z31.vdx,41128859,1934
k.rl,806,z32.vdx,41130794,1931
k.rl,807,zb.vdx,41132726,2043
k.rl,808,zc.vdx,41134770,3105
k.rl,809,zg.vdx,41137876,4493
k.rl,810,zh.vdx,41142370,3696
k.rl,811,zl.vdx,41146067,2578
k.rl,812,zm.vdx,41148646,2248
k.rl,813,zp.vdx,41150895,2604
k.rl,814,zr.vdx,41153500,3456
k.rl,815,zs.vdx,41156957,3916
k.rl,816,zt.vdx,41160874,2639
k.rl,817,zy.vdx,41163514,1932
la.rl,0,borup.vdx,0,40054
la.rl,1,la_s.vdx,40055,86936
la.rl,2,la_x.vdx,126992,1348046
la.rl,3,la_d.vdx,1475039,243369
la.rl,4,la_db.vdx,1718409,243506
la.rl,5,la_p.vdx,1961916,1022490
la.rl,6,la_pb.vdx,2984407,1047263
la.rl,7,la1_2.vdx,4031671,2296684
la.rl,8,la2_.vdx,6328356,3443053
la.rl,9,la2_1.vdx,9771410,1769063
la.rl,10,la2_3.vdx,11540474,786044
la.rl,11,la3_x.vdx,12326519,239801
la.rl,12,la_1ba.vdx,12566321,1145392
la.rl,13,la_1bb.vdx,13711714,1107112
la.rl,14,la_1bc.vdx,14818827,1187922
la.rl,15,la_1bd.vdx,16006750,1178290
la.rl,16,la_1fa.vdx,17185041,1152409
la.rl,17,la_1fb.vdx,18337451,1100227
la.rl,18,la_1fc.vdx,19437679,1192044
la.rl,19,la_1fd.vdx,20629724,1192753
la.rl,20,la_2ba.vdx,21822478,1048839
la.rl,21,la_2bb.vdx,22871318,1167709
la.rl,22,la_2bc.vdx,24039028,1136380
la.rl,23,la_2bd.vdx,25175409,919478
la.rl,24,la_2fa.vdx,26094888,1040006
la.rl,25,la_2fb.vdx,27134895,1169712
la.rl,26,la_2fc.vdx,28304608,1141177
la.rl,27,la_2fd.vdx,29445786,924229
la.rl,28,la_b00.vdx,30370016,18983
la.rl,29,la_b01.vdx,30389000,18472
la.rl,30,la_b02.vdx,30407473,18512
la.rl,31,la_b03.vdx,30425986,17530
la.rl,32,la_b04.vdx,30443517,17508
la.rl,33,la_b10.vdx,30461026,18635
la.rl,34,la_b11.vdx,30479662,20431
la.rl,35,la_b12.vdx,30500094,19448
la.rl,36,la_b13.vdx,30519543,18069
la.rl,37,la_b14.vdx,30537613,17045
la.rl,38,la_b20.vdx,30554659,18110
la.rl,39,la_b21.vdx,30572770,20057
la.rl,40,la_b23.vdx,30592828,18294
la.rl,41,la_b24.vdx,30611123,16908
la.rl,42,la_b30.vdx,30628032,18091
la.rl,43,la_b31.vdx,30646124,19137
la.rl,44,la_b32.vdx,30665262,19024
la.rl,45,la_b33.vdx,30684287,19604
la.rl,46,la_b34.vdx,30703892,16981
la.rl,47,la_b40.vdx,30720874,17506
la.rl,48,la_b41.vdx,30738381,17023
la.rl,49,la_b42.vdx,30755405,17426
la.rl,50,la_b43.vdx,30772832,17254
la.rl,51,la_b44.vdx,30790087,17703
la.rl,52,la_r00.vdx,30807791,29242
la.rl,53,la_r01.vdx,30837034,28505
la.rl,54,la_r02.vdx,30865540,27911
la.rl,55,la_r03.vdx,30893452,26644
la.rl,56,la_r04.vdx,30920097,25893
la.rl,57,la_r10.vdx,30945991,28806
la.rl,58,la_r11.vdx,30974798,33616
la.rl,59,la_r12.vdx,31008415,31983
la.rl,60,la_r13.vdx,31040399,29314
la.rl,61,la_r14.vdx,31069714,25601
la.rl,62,la_r20.vdx,31095316,27892
la.rl,63,la_r21.vdx,31123209,31403
la.rl,64,la_r23.vdx,31154613,29511
la.rl,65,la_r24.vdx,31184125,25593
la.rl,66,la_r30.vdx,31209719,27499
la.rl,67,la_r31.vdx,31237219,31510
la.rl,68,la_r32.vdx,31268730,32399
la.rl,69,la_r33.vdx,31301130,31524
la.rl,70,la_r34.vdx,31332655,25416
la.rl,71,la_r40.vdx,31358072,27117
la.rl,72,la_r41.vdx,31385190,26812
la.rl,73,la_r42.vdx,31412003,26506
la.rl,74,la_r43.vdx,31438510,26289
la.rl,75,la_r44.vdx,31464800,25643
la.rl,76,sten00.vdx,31490444,2057
la.rl,77,sten01.vdx,31492502,2042
la.rl,78,sten02.vdx,31494545,2047
la.rl,79,sten03.vdx,31496593,2051
la.rl,80,sten04.vdx,31498645,2056
la.rl,81,sten05.vdx,31500702,2043
la.rl,82,sten06.vdx,31502746,2035
la.rl,83,sten10.vdx,31504782,2058
la.rl,84,sten11.vdx,31506841,2048
la.rl,85,sten12.vdx,31508890,2057
la.rl,86,sten13.vdx,31510948,2047
la.rl,87,sten14.vdx,31512996,2054
la.rl,88,sten15.vdx,31515051,2054
la.rl,89,sten16.vdx,31517106,2052
la.rl,90,sten20.vdx,31519159,2060
la.rl,91,sten21.vdx,31521220,2052
la.rl,92,sten22.vdx,31523273,2057
la.rl,93,sten23.vdx,31525331,2054
la.rl,94,sten24.vdx,31527386,2059
la.rl,95,sten25.vdx,31529446,2041
la.rl,96,sten26.vdx,31531488,2051
la.rl,97,sten30.vdx,31533540,2056
la.rl,98,sten31.vdx,31535597,2058
la.rl,99,sten32.vdx,31537656,2058
la.rl,100,sten33.vdx,31539715,2051
la.rl,101,sten34.vdx,31541767,2055
la.rl,102,sten35.vdx,31543823,2034
la.rl,103,sten36.vdx,31545858,2048
la.rl,104,sten40.vdx,31547907,2060
la.rl,105,sten41.vdx,31549968,2055
la.rl,106,sten42.vdx,31552024,2030
la.rl,107,sten43.vdx,31554055,2061
la.rl,108,sten44.vdx,31556117,2046
la.rl,109,sten45.vdx,31558164,2062
la.rl,110,sten46.vdx,31560227,2026
la.rl,111,sten50.vdx,31562254,2043
la.rl,112,sten51.vdx,31564298,2047
la.rl,113,sten52.vdx,31566346,2053
la.rl,114,sten53.vdx,31568400,2046
la.rl,115,sten54.vdx,31570447,2041
la.rl,116,sten55.vdx,31572489,2041
la.rl,117,sten56.vdx,31574531,2039
la.rl,118,sten60.vdx,31576571,2047
la.rl,119,sten61.vdx,31578619,2050
la.rl,120,sten62.vdx,31580670,2050
la.rl,121,sten63.vdx,31582721,2047
la.rl,122,sten64.vdx,31584769,2054
la.rl,123,sten65.vdx,31586824,2045
la.rl,124,sten66.vdx,31588870,2031
li.rl,0,l1_2.vdx,0,1481968
li.rl,1,l1_4f.vdx,1481969,2075182
li.rl,2,l1_cb.vdx,3557152,2151635
li.rl,3,l1_cf.vdx,5708788,2162792
li.rl,4,l1_x.vdx,7871581,249651
li.rl,5,l2_1.vdx,8121233,1026331
li.rl,6,l2_3b.vdx,9147565,1659878
li.rl,7,l2_3f.vdx,10807444,1665199
li.rl,8,l2_f.vdx,12472644,1698974
li.rl,9,l4_2f.vdx,14171619,1405832
li.rl,10,l4_db.vdx,15577452,240706
li.rl,11,l4_df.vdx,15818159,238772
li.rl,12,li3_.vdx,16056932,8045729
li.rl,13,lipoem.vdx,24102662,1604735
li.rl,14,li_let_i.vdx,25707398,136180
li.rl,15,li_let_o.vdx,25843579,124507
li.rl,16,li_pz_in.vdx,25968087,120704
li.rl,17,li_pz_ot.vdx,26088792,97462
li.rl,18,li_stn01.vdx,26186255,25973
li.rl,19,li_stn02.vdx,26212229,26094
li.rl,20,li_stn03.vdx,26238324,25967
li.rl,21,li_stn04.vdx,26264292,26010
li.rl,22,li_stn05.vdx,26290303,25993
li.rl,23,li_stn06.vdx,26316297,26042
li.rl,24,li_stn07.vdx,26342340,26005
li.rl,25,li_stn08.vdx,26368346,25963
li.rl,26,li_stn09.vdx,26394310,26021
li.rl,27,li_stn10.vdx,26420332,25999
li.rl,28,li_stn11.vdx,26446332,26003
li.rl,29,li_stn12.vdx,26472336,25975
li.rl,30,li_stn13.vdx,26498312,25992
li.rl,31,li_stn14.vdx,26524305,25988
li.rl,32,li_stn15.vdx,26550294,26018
li.rl,33,li_stn16.vdx,26576313,25997
li.rl,34,li_stn17.vdx,26602311,26019
li.rl,35,li_stn18.vdx,26628331,25997
li.rl,36,li_stn19.vdx,26654329,26091
li.rl,37,li_stn20.vdx,26680421,26007
li.rl,38,li_nolet.vdx,26706429,19305
li.rl,39,li_suck.vdx,26725735,789547
li.rl,40,l_1ba.vdx,27515283,1696165
li.rl,41,l_1bc.vdx,29211449,1765941
li.rl,42,l_1fa.vdx,30977391,1674373
li.rl,43,l_1fc.vdx,32651765,1769114
li.rl,44,l_2ba.vdx,34420880,1067161
li.rl,45,l_2bb.vdx,35488042,991216
li.rl,46,l_2bc.vdx,36479259,935297
li.rl,47,l_2bd.vdx,37414557,988902
li.rl,48,l_2fa.vdx,38403460,1065422
li.rl,49,l_2fb.vdx,39468883,999506
li.rl,50,l_2fc.vdx,40468390,944482
li.rl,51,l_2fd.vdx,41412873,995113
li.rl,52,l_cb.vdx,42407987,2719967
li.rl,53,l_cf.vdx,45127955,2709267
li.rl,54,l_in.vdx,47837223,1058758
li.rl,55,clb1out.vdx,48895982,50499
li.rl,56,clb2out.vdx,48946482,50065
li.rl,57,clbd1out.vdx,48996548,49688
li.rl,58,clbd2out.vdx,49046237,50344
li.rl,59,clbm1out.vdx,49096582,50362
li.rl,60,clbm2out.vdx,49146945,50368
li.rl,61,clbm3out.vdx,49197314,50501
li.rl,62,clbm4out.vdx,49247816,50261
li.rl,63,clch1out.vdx,49298078,67038
li.rl,64,clch2out.vdx,49365117,50055
li.rl,65,clcr1out.vdx,49415173,49932
li.rl,66,clcr2out.vdx,49465106,50656
li.rl,67,cld1out.vdx,49515763,50284
li.rl,68,cld2out.vdx,49566048,50167
li.rl,69,cldr1out.vdx,49616216,50167
li.rl,70,cldr2out.vdx,49666384,49899
li.rl,71,clek1out.vdx,49716284,50415
li.rl,72,clek2out.vdx,49766700,49831
li.rl,73,clf1out.vdx,49816532,50319
li.rl,74,clf2out.vdx,49866852,50045
li.rl,75,clga1out.vdx,49916898,50167
li.rl,76,clga2out.vdx,49967066,50066
li.rl,77,clh1out.vdx,50017133,50429
li.rl,78,clh2out.vdx,50067563,50104
li.rl,79,clht1out.vdx,50117668,49915
li.rl,80,clht2out.vdx,50167584,50322
li.rl,81,cljh1out.vdx,50217907,50427
li.rl,82,cljh2out.vdx,50268335,50596
li.rl,83,clk1out.vdx,50318932,50396
li.rl,84,clk2out.vdx,50369329,50270
li.rl,85,clla1out.vdx,50419600,70272
li.rl,86,clla2out.vdx,50489873,49864
li.rl,87,clli1out.vdx,50539738,49842
li.rl,88,clli2out.vdx,50589581,50664
li.rl,89,clmb1out.vdx,50640246,50633
li.rl,90,clmb2out.vdx,50690880,49873
li.rl,91,clmu1out.vdx,50740754,50557
li.rl,92,clmu2out.vdx,50791312,50402
li.rl,93,cln1aout.vdx,50841715,49708
li.rl,94,cln1bout.vdx,50891424,50705
li.rl,95,cln2out.vdx,50942130,50474
li.rl,96,clp1out.vdx,50992605,50124
li.rl,97,clp2out.vdx,51042730,50043
li.rl,98,solv_in.vdx,51092774,97101
li.rl,99,solv_out.vdx,51189876,94340
mb.rl,0,mb1p.vdx,0,306698
mb.rl,1,mb1pb.vdx,306699,302451
mb.rl,2,mb1_1.vdx,609151,6122372
mb.rl,3,mbab.vdx,6731524,1774456
mb.rl,4,mbabb.vdx,8505981,1779885
mb.rl,5,mbcd.vdx,10285867,1851874
mb.rl,6,mbcdb.vdx,12137742,1840945
mb.rl,7,mbex.vdx,13978688,519183
mb.rl,8,mbpu.vdx,14497872,1280734
mb.rl,9,mbpub.vdx,15778607,1274877
mb.rl,10,mb_@.vdx,17053485,501152
mb.rl,11,mb_a.vdx,17554638,492483
mb.rl,12,mb_b.vdx,18047122,494786
mb.rl,13,mb_d.vdx,18541909,494096
mb.rl,14,mb_e.vdx,19036006,487599
mb.rl,15,mb_f.vdx,19523606,487384
mb.rl,16,mb_h.vdx,20010991,492812
mb.rl,17,mb_i.vdx,20503804,484789
mb.rl,18,mb_k.vdx,20988594,491705
mb.rl,19,mb_l.vdx,21480300,485896
mb.rl,20,mb_o.vdx,21966197,493910
mb.rl,21,mb_r.vdx,22460108,494241
mb.rl,22,mb_s.vdx,22954350,490944
mb.rl,23,mb_stn01.vdx,23445295,47757
mb.rl,24,mb_stn02.vdx,23493053,47760
mb.rl,25,mb_stn03.vdx,23540814,47769
mb.rl,26,mb_stn04.vdx,23588584,47767
mb.rl,27,mb_stn05.vdx,23636352,47754
mb.rl,28,mb_stn06.vdx,23684107,47750
mb.rl,29,mb_stn07.vdx,23731858,47749
mb.rl,30,mb_stn08.vdx,23779608,47749
mb.rl,31,mb_stn09.vdx,23827358,47750
mb.rl,32,mb_stn10.vdx,23875109,47737
mb.rl,33,mb_stn11.vdx,23922847,47734
mb.rl,34,mb_stn12.vdx,23970582,47734
mb.rl,35,mb_stn13.vdx,24018317,47755
mb.rl,36,mb_stn14.vdx,24066073,47752
mb.rl,37,mb_stn15.vdx,24113826,47752
mb.rl,38,mb_stn16.vdx,24161579,47740
mb.rl,39,mb_stn17.vdx,24209320,47740
mb.rl,40,mb_stn18.vdx,24257061,47730
mb.rl,41,mb_stn19.vdx,24304792,47755
mb.rl,42,mb_stn20.vdx,24352548,47753
mb.rl,43,mb_stn21.vdx,24400302,47732
mb.rl,44,mb_stn22.vdx,24448035,47753
mb.rl,45,mb_stn23.vdx,24495789,47747
mb.rl,46,mb_stn24.vdx,24543537,47763
mb.rl,47,mb_stn25.vdx,24591301,47751
mb.rl,48,mb_stn26.vdx,24639053,47739
mb.rl,49,mb_stn27.vdx,24686793,47728
mb.rl,50,mb_stn28.vdx,24734522,47718
mb.rl,51,mb_stn29.vdx,24782241,47750
mb.rl,52,mb_stn30.vdx,24829992,47750
mb.rl,53,mb_stn31.vdx,24877743,47746
mb.rl,54,mb_stn32.vdx,24925490,47763
mb.rl,55,mb_stn33.vdx,24973254,47741
mb.rl,56,mb_stn34.vdx,25020996,47717
mb.rl,57,mb_stn35.vdx,25068714,47732
mb.rl,58,mb_stn36.vdx,25116447,47744
mb.rl,59,mb_t.vdx,25164192,486553
mb.rl,60,mb_u.vdx,25650746,493997
mb.rl,61,mb_warp.vdx,26144744,1210451
mb.rl,62,mb_y.vdx,27355196,487366
mb.rl,63,sexbed.vdx,27842563,290950
mc.rl,0,ga_1-2.vdx,0,31769
mc.rl,1,ga_1-4.vdx,31770,21561
mc.rl,2,ga_2-1.vdx,53332,31814
mc.rl,3,ga_2-3.vdx,85147,31869
mc.rl,4,ga_2-5.vdx,117017,20598
mc.rl,5,ga_3-2.vdx,137616,31815
mc.rl,6,ga_3-6.vdx,169432,21314
mc.rl,7,ga_4-1.vdx,190747,21980
mc.rl,8,ga_4-5.vdx,212728,30963
mc.rl,9,ga_5-2.vdx,243692,21075
mc.rl,10,ga_5-4.vdx,264768,31095
mc.rl,11,ga_5-6.vdx,295864,31237
mc.rl,12,ga_6-3.vdx,327102,21739
mc.rl,13,ga_6-5.vdx,348842,31140
mc.rl,14,gu_1-2.vdx,379983,34696
mc.rl,15,gu_1-4.vdx,414680,24181
mc.rl,16,gu_2-1.vdx,438862,34843
mc.rl,17,gu_2-3.vdx,473706,35201
mc.rl,18,gu_2-5.vdx,508908,22222
mc.rl,19,gu_3-2.vdx,531131,35290
mc.rl,20,gu_3-6.vdx,566422,23999
mc.rl,21,gu_4-1.vdx,590422,23793
mc.rl,22,gu_4-5.vdx,614216,33948
mc.rl,23,gu_5-2.vdx,648165,21741
mc.rl,24,gu_5-4.vdx,669907,34062
mc.rl,25,gu_5-6.vdx,703970,34205
mc.rl,26,gu_6-3.vdx,738176,23715
mc.rl,27,gu_6-5.vdx,761892,34297
mc.rl,28,gx_1-2.vdx,796190,54994
mc.rl,29,gx_1-4.vdx,851185,36346
mc.rl,30,gx_2-1.vdx,887532,55036
mc.rl,31,gx_2-3.vdx,942569,55118
mc.rl,32,gx_2-5.vdx,997688,33288
mc.rl,33,gx_3-2.vdx,1030977,55030
mc.rl,34,gx_3-6.vdx,1086008,35096
mc.rl,35,gx_4-1.vdx,1121105,36333
mc.rl,36,gx_4-5.vdx,1157439,51935
mc.rl,37,gx_5-2.vdx,1209375,33243
mc.rl,38,gx_5-4.vdx,1242619,52044
mc.rl,39,gx_5-6.vdx,1294664,51846
mc.rl,40,gx_6-3.vdx,1346511,35168
mc.rl,41,gx_6-5.vdx,1381680,51748
mc.rl,42,mc_left.vdx,1433429,1139904
mc.rl,43,mc_rite.vdx,2573334,1134706
mc.rl,44,md_in.vdx,3708041,580401
mc.rl,45,md_out.vdx,4288443,937692
mc.rl,46,mgpuzbkd.vdx,5226136,25547
mc.rl,47,mg_exin.vdx,5251684,696946
mc.rl,48,mg_exit.vdx,5948631,937598
mc.rl,49,mg_exout.vdx,6886230,1156663
mc.rl,50,mg_in.vdx,8042894,707999
mc.rl,51,mg_inex.vdx,8750894,831484
mc.rl,52,mg_in_b.vdx,9582379,614634
mc.rl,53,mg_thru.vdx,10197014,1000235
mc.rl,54,mh_left.vdx,11197250,408723
mc.rl,55,mh_l_go.vdx,11605974,422813
mc.rl,56,mh_l_st.vdx,12028788,791963
mc.rl,57,mh_l_tu.vdx,12820752,395855
mc.rl,58,mh_rite.vdx,13216608,408216
mc.rl,59,mh_r_go.vdx,13624825,421538
mc.rl,60,mh_r_st.vdx,14046364,790192
mc.rl,61,mh_r_tu.vdx,14836557,395505
mc.rl,62,mk_left.vdx,15232063,407160
mc.rl,63,mk_l_go.vdx,15639224,427453
mc.rl,64,mk_l_st.vdx,16066678,796347
mc.rl,65,mk_l_tu.vdx,16863026,390840
mc.rl,66,mk_rite.vdx,17253867,405653
mc.rl,67,mk_r_go.vdx,17659521,427604
mc.rl,68,mk_r_st.vdx,18087126,793002
mc.rl,69,mk_r_tu.vdx,18880129,389851
mc.rl,70,mk_stop.vdx,19269981,804332
mc.rl,71,ms.vdx,20074314,940448
mc.rl,72,mt_left.vdx,21014763,409559
mc.rl,73,mt_l_go.vdx,21424323,427959
mc.rl,74,mt_l_st.vdx,21852283,793380
mc.rl,75,mt_l_tu.vdx,22645664,390870
mc.rl,76,mt_rite.vdx,23036535,408075
mc.rl,77,mt_r_go.vdx,23444611,425682
mc.rl,78,mt_r_st.vdx,23870294,793700
mc.rl,79,mt_r_tu.vdx,24663995,389365
mc.rl,80,mt_stop.vdx,25053361,803007
mc.rl,81,mu_left.vdx,25856369,1473561
mc.rl,82,mu_rite.vdx,27329931,1470214
mc.rl,83,my.vdx,28800146,692292
mc.rl,84,stkb.vdx,29492439,18388
mc.rl,85,stkf.vdx,29510828,20351
mc.rl,86,bm5_.vdx,29531180,3230396
mc.rl,87,m_ghostb.vdx,32761577,318926
mc.rl,88,m_ghostl.vdx,33080504,209779
mc.rl,89,m_ghostr.vdx,33290284,211120
mc.rl,90,c1cb.vdx,33501405,8113
mc.rl,91,c1cf.vdx,33509519,8637
mc.rl,92,c2cb.vdx,33518157,9897
mc.rl,93,c2cf.vdx,33528055,10686
mc.rl,94,c3cb.vdx,33538742,11340
mc.rl,95,c3cf.vdx,33550083,12056
mc.rl,96,c4cb.vdx,33562140,18008
mc.rl,97,c4cf.vdx,33580149,19779
mc.rl,98,c5cb.vdx,33599929,21769
mc.rl,99,c5cf.vdx,33621699,24022
mc.rl,100,c6cb.vdx,33645722,20540
mc.rl,101,c6cf.vdx,33666263,22310
mc.rl,102,c7cb.vdx,33688574,53685
mc.rl,103,c7cf.vdx,33742260,56830
mc.rl,104,c8cb.vdx,33799091,47064
mc.rl,105,c8cf.vdx,33846156,51387
mc.rl,106,c9cb.vdx,33897544,33664
mc.rl,107,c9cf.vdx,33931209,35562
mc.rl,108,crea.vdx,33966772,3251875
mc.rl,109,creb.vdx,37218648,396661
mc.rl,110,crec.vdx,37615310,862022
mc.rl,111,cred.vdx,38477333,447921
mu.rl,0,mu1_.vdx,0,8408722
mu.rl,1,muab.vdx,8408723,977669
mu.rl,2,muabb.vdx,9386393,963024
mu.rl,3,mucd.vdx,10349418,720685
mu.rl,4,mucdb.vdx,11070104,720252
mu.rl,5,muex.vdx,11790357,181520
mu.rl,6,mugr.vdx,11971878,175975
mu.rl,7,mugrb.vdx,12147854,176134
mu.rl,8,muhands.vdx,12323989,166566
mu.rl,9,mupi.vdx,12490556,565080
mu.rl,10,mupib.vdx,13055637,571909
mu.rl,11,mupl.vdx,13627547,462393
mu.rl,12,muplb.vdx,14089941,475927
mu.rl,13,muv.vdx,14565869,242902
mu.rl,14,mu_gram1.vdx,14808772,264450
mu.rl,15,mu_gram2.vdx,15073223,224992
mu.rl,16,mu_gram3.vdx,15298216,248431
mu.rl,17,keyboard.vdx,15546648,20601
mu.rl,18,key00.vdx,15567250,21712
mu.rl,19,key01.vdx,15588963,20003
mu.rl,20,key02.vdx,15608967,21828
mu.rl,21,key03.vdx,15630796,19981
mu.rl,22,key04.vdx,15650778,21143
mu.rl,23,key05.vdx,15671922,21583
mu.rl,24,key06.vdx,15693506,20671
mu.rl,25,key07.vdx,15714178,22013
mu.rl,26,key08.vdx,15736192,21323
mu.rl,27,key09.vdx,15757516,22633
mu.rl,28,key10.vdx,15780150,20160
mu.rl,29,key11.vdx,15800311,21403
mu.rl,30,key12.vdx,15821715,21889
mu.rl,31,key13.vdx,15843605,19403
mu.rl,32,key14.vdx,15863009,21273
mu.rl,33,key15.vdx,15884283,19855
mu.rl,34,key16.vdx,15904139,20840
mu.rl,35,key17.vdx,15924980,22054
mu.rl,36,key18.vdx,15947035,20453
mu.rl,37,key19.vdx,15967489,20849
mu.rl,38,key20.vdx,15988339,20165
mu.rl,39,key21.vdx,16008505,21571
mu.rl,40,key22.vdx,16030077,19146
mu.rl,41,key23.vdx,16049224,19120
mu.rl,42,key24.vdx,16068345,19360
n.rl,0,n1po.vdx,0,47503
n.rl,1,n2po.vdx,47504,195140
n.rl,2,n2pob.vdx,242645,202589
n.rl,3,n3po.vdx,445235,174482
n.rl,4,n3pob.vdx,619718,165976
n.rl,5,n5a_.vdx,785695,1822061
n.rl,6,nab.vdx,2607757,2253417
n.rl,7,nabb.vdx,4861175,2247552
n.rl,8,ncd.vdx,7108728,2248021
n.rl,9,ncdb.vdx,9356750,2248429
n.rl,10,ncri.vdx,11605180,1798822
n.rl,11,ncrib.vdx,13404003,1796706
n.rl,12,ndra.vdx,15200710,207824
n.rl,13,nd_.vdx,15408535,161562
n.rl,14,nex.vdx,15570098,518157
n.rl,15,njac.vdx,16088256,1309094
n.rl,16,njacb.vdx,17397351,1302790
n.rl,17,npuz.vdx,18700142,1171221
n.rl,18,npuzb.vdx,19871364,1336520
n.rl,19,ntoy.vdx,21207885,1193007
n.rl,20,ntoyb.vdx,22400893,1211924
n.rl,21,nx_.vdx,23612818,512779
n.rl,22,n_a1mask.vdx,24125598,1890
n.rl,23,n_a2mask.vdx,24127489,1991
n.rl,24,n_a3mask.vdx,24129481,1942
n.rl,25,n_b1mask.vdx,24131424,2072
n.rl,26,n_b2mask.vdx,24133497,2061
n.rl,27,n_b3mask.vdx,24135559,2100
n.rl,28,n_c1mask.vdx,24137660,1949
n.rl,29,n_c2mask.vdx,24139610,2091
n.rl,30,n_c3mask.vdx,24141702,2017
n.rl,31,n_frame.vdx,24143720,3391
n.rl,32,aab.vdx,24147112,42495
n.rl,33,aad.vdx,24189608,41353
n.rl,34,aae.vdx,24230962,36124
n.rl,35,aag.vdx,24267087,41871
n.rl,36,aao.vdx,24308959,38233
n.rl,37,aat.vdx,24347193,40726
n.rl,38,aay.vdx,24387920,36322
n.rl,39,aba.vdx,24424243,41914
n.rl,40,abd.vdx,24466158,47857
n.rl,41,abe.vdx,24514016,40841
n.rl,42,abg.vdx,24554858,49559
n.rl,43,abo.vdx,24604418,41227
n.rl,44,abt.vdx,24645646,47641
n.rl,45,aby.vdx,24693288,50223
n.rl,46,ada.vdx,24743512,40903
n.rl,47,adb.vdx,24784416,48157
n.rl,48,ade.vdx,24832574,27527
n.rl,49,adg.vdx,24860102,31867
n.rl,50,ado.vdx,24891970,31681
n.rl,51,adt.vdx,24923652,41420
n.rl,52,ady.vdx,24965073,32019
n.rl,53,aea.vdx,24997093,36130
n.rl,54,aeb.vdx,25033224,41730
n.rl,55,aed.vdx,25074955,28039
n.rl,56,aeg.vdx,25102995,30642
n.rl,57,aeo.vdx,25133638,30852
n.rl,58,aet.vdx,25164491,35004
n.rl,59,aey.vdx,25199496,23855
n.rl,60,aga.vdx,25223352,41869
n.rl,61,agb.vdx,25265222,50179
n.rl,62,agd.vdx,25315402,32309
n.rl,63,age.vdx,25347712,30599
n.rl,64,ago.vdx,25378312,26243
n.rl,65,agt.vdx,25404556,37008
n.rl,66,agy.vdx,25441565,31956
n.rl,67,aoa.vdx,25473522,38296
n.rl,68,aob.vdx,25511819,41857
n.rl,69,aod.vdx,25553677,32257
n.rl,70,aoe.vdx,25585935,30804
n.rl,71,aog.vdx,25616740,26305
n.rl,72,aot.vdx,25643046,33597
n.rl,73,aoy.vdx,25676644,28569
n.rl,74,ata.vdx,25705214,40466
n.rl,75,atb.vdx,25745681,48017
n.rl,76,atd.vdx,25793699,41722
n.rl,77,ate.vdx,25835422,34716
n.rl,78,atg.vdx,25870139,36770
n.rl,79,ato.vdx,25906910,33355
n.rl,80,att.vdx,25940266,29253
n.rl,81,aty.vdx,25969520,30095
n.rl,82,aya.vdx,25999616,36492
n.rl,83,ayb.vdx,26036109,51113
n.rl,84,ayd.vdx,26087223,32530
n.rl,85,aye.vdx,26119754,23955
n.rl,86,ayg.vdx,26143710,32084
n.rl,87,ayo.vdx,26175795,28784
n.rl,88,ayt.vdx,26204580,30520
n.rl,89,bab.vdx,26235101,41592
n.rl,90,bad.vdx,26276694,39096
n.rl,91,bae.vdx,26315791,34599
n.rl,92,bag.vdx,26350391,39427
n.rl,93,bao.vdx,26389819,36224
n.rl,94,bat.vdx,26426044,38574
n.rl,95,bay.vdx,26464619,34945
n.rl,96,bba.vdx,26499565,40922
n.rl,97,bbd.vdx,26540488,45462
n.rl,98,bbe.vdx,26585951,38845
n.rl,99,bbg.vdx,26624797,48092
n.rl,100,bbo.vdx,26672890,40768
n.rl,101,bbt.vdx,26713659,46523
n.rl,102,bby.vdx,26760183,49210
n.rl,103,bda.vdx,26809394,38837
n.rl,104,bdb.vdx,26848232,45776
n.rl,105,bde.vdx,26894009,26132
n.rl,106,bdg.vdx,26920142,30705
n.rl,107,bdo.vdx,26950848,29763
n.rl,108,bdt.vdx,26980612,39238
n.rl,109,bdy.vdx,27019851,31838
n.rl,110,bea.vdx,27051690,34716
n.rl,111,beb.vdx,27086407,39534
n.rl,112,bed.vdx,27125942,26598
n.rl,113,beg.vdx,27152541,29432
n.rl,114,beo.vdx,27181974,29302
n.rl,115,bet.vdx,27211277,32982
n.rl,116,bey.vdx,27244260,22688
n.rl,117,bga.vdx,27266949,39205
n.rl,118,bgb.vdx,27306155,48739
n.rl,119,bgd.vdx,27354895,30838
n.rl,120,bge.vdx,27385734,29083
n.rl,121,bgo.vdx,27414818,26464
n.rl,122,bgt.vdx,27441283,34543
n.rl,123,bgy.vdx,27475827,31066
n.rl,124,boa.vdx,27506894,36206
n.rl,125,bob.vdx,27543101,41195
n.rl,126,bod.vdx,27584297,29916
n.rl,127,boe.vdx,27614214,29031
n.rl,128,bog.vdx,27643246,26485
n.rl,129,bot.vdx,27669732,31211
n.rl,130,boy.vdx,27700944,27706
n.rl,131,bta.vdx,27728651,38455
n.rl,132,btb.vdx,27767107,47227
n.rl,133,btd.vdx,27814335,39485
n.rl,134,bte.vdx,27853821,32680
n.rl,135,btg.vdx,27886502,34545
n.rl,136,bto.vdx,27921048,31325
n.rl,137,btt.vdx,27952374,26640
n.rl,138,bty.vdx,27979015,27080
n.rl,139,bya.vdx,28006096,35051
n.rl,140,byb.vdx,28041148,50023
n.rl,141,byd.vdx,28091172,32177
n.rl,142,bye.vdx,28123350,22619
n.rl,143,byg.vdx,28145970,31334
n.rl,144,byo.vdx,28177305,27895
n.rl,145,byt.vdx,28205201,27289
n.rl,146,cab.vdx,28232491,43156
n.rl,147,cad.vdx,28275648,41007
n.rl,148,cae.vdx,28316656,35880
n.rl,149,cag.vdx,28352537,40760
n.rl,150,cao.vdx,28393298,37318
n.rl,151,cat.vdx,28430617,40801
n.rl,152,cay.vdx,28471419,36094
n.rl,153,cba.vdx,28507514,42450
n.rl,154,cbd.vdx,28549965,47647
n.rl,155,cbe.vdx,28597613,40025
n.rl,156,cbg.vdx,28637639,49351
n.rl,157,cbo.vdx,28686991,41074
n.rl,158,cbt.vdx,28728066,47851
n.rl,159,cby.vdx,28775918,50411
n.rl,160,cda.vdx,28826330,40584
n.rl,161,cdb.vdx,28866915,47841
n.rl,162,cde.vdx,28914757,27798
n.rl,163,cdg.vdx,28942556,32126
n.rl,164,cdo.vdx,28974683,31682
n.rl,165,cdt.vdx,29006366,42307
n.rl,166,cdy.vdx,29048674,31897
n.rl,167,cea.vdx,29080572,36194
n.rl,168,ceb.vdx,29116767,40707
n.rl,169,ced.vdx,29157475,28360
n.rl,170,ceg.vdx,29185836,30393
n.rl,171,ceo.vdx,29216230,30975
n.rl,172,cet.vdx,29247206,34709
n.rl,173,cey.vdx,29281916,23695
n.rl,174,cga.vdx,29305612,40799
n.rl,175,cgb.vdx,29346412,49984
n.rl,176,cgd.vdx,29396397,32560
n.rl,177,cge.vdx,29428958,30161
n.rl,178,cgo.vdx,29459120,26579
n.rl,179,cgt.vdx,29485700,37072
n.rl,180,cgy.vdx,29522773,31221
n.rl,181,coa.vdx,29553995,37501
n.rl,182,cob.vdx,29591497,41746
n.rl,183,cod.vdx,29633244,32084
n.rl,184,coe.vdx,29665329,30870
n.rl,185,cog.vdx,29696200,26612
n.rl,186,cot.vdx,29722813,34523
n.rl,187,coy.vdx,29757337,27828
n.rl,188,cta.vdx,29785166,40337
n.rl,189,ctb.vdx,29825504,48016
n.rl,190,ctd.vdx,29873521,42326
n.rl,191,cte.vdx,29915848,34161
n.rl,192,ctg.vdx,29950010,36737
n.rl,193,cto.vdx,29986748,33977
n.rl,194,ctt.vdx,30020726,29684
n.rl,195,cty.vdx,30050411,29582
n.rl,196,cya.vdx,30079994,36279
n.rl,197,cyb.vdx,30116274,51213
n.rl,198,cyd.vdx,30167488,32547
n.rl,199,cye.vdx,30200036,23751
n.rl,200,cyg.vdx,30223788,31371
n.rl,201,cyo.vdx,30255160,27971
n.rl,202,cyt.vdx,30283132,30104
n.rl,203,dab.vdx,30313237,46360
n.rl,204,dad.vdx,30359598,43851
n.rl,205,dae.vdx,30403450,39429
n.rl,206,dag.vdx,30442880,44704
n.rl,207,dao.vdx,30487585,40822
n.rl,208,dat.vdx,30528408,45927
n.rl,209,day.vdx,30574336,39094
n.rl,210,dba.vdx,30613431,45681
n.rl,211,dbd.vdx,30659113,52202
n.rl,212,dbe.vdx,30711316,43813
n.rl,213,dbg.vdx,30755130,53338
n.rl,214,dbo.vdx,30808469,44894
n.rl,215,dbt.vdx,30853364,53545
n.rl,216,dby.vdx,30906910,54411
n.rl,217,dda.vdx,30961322,43427
n.rl,218,ddb.vdx,31004750,52367
n.rl,219,dde.vdx,31057118,29517
n.rl,220,ddg.vdx,31086636,33578
n.rl,221,ddo.vdx,31120215,33349
n.rl,222,ddt.vdx,31153565,48402
n.rl,223,ddy.vdx,31201968,34249
n.rl,224,dea.vdx,31236218,39422
n.rl,225,deb.vdx,31275641,44510
n.rl,226,ded.vdx,31320152,30069
n.rl,227,deg.vdx,31350222,32879
n.rl,228,deo.vdx,31383102,32542
n.rl,229,det.vdx,31415645,40150
n.rl,230,dey.vdx,31455796,26452
n.rl,231,dga.vdx,31482249,44728
n.rl,232,dgb.vdx,31526978,54129
n.rl,233,dgd.vdx,31581108,34072
n.rl,234,dge.vdx,31615181,32911
n.rl,235,dgo.vdx,31648093,27154
n.rl,236,dgt.vdx,31675248,42571
n.rl,237,dgy.vdx,31717820,34199
n.rl,238,doa.vdx,31752020,40902
n.rl,239,dob.vdx,31792923,45519
n.rl,240,dod.vdx,31838443,33845
n.rl,241,doe.vdx,31872289,32468
n.rl,242,dog.vdx,31904758,27142
n.rl,243,dot.vdx,31931901,38267
n.rl,244,doy.vdx,31970169,30724
n.rl,245,dta.vdx,32000894,45186
n.rl,246,dtb.vdx,32046081,53693
n.rl,247,dtd.vdx,32099775,48489
n.rl,248,dte.vdx,32148265,39412
n.rl,249,dtg.vdx,32187678,42149
n.rl,250,dto.vdx,32229828,37572
n.rl,251,dtt.vdx,32267401,32334
n.rl,252,dty.vdx,32299736,34851
n.rl,253,dya.vdx,32334588,39298
n.rl,254,dyb.vdx,32373887,55139
n.rl,255,dyd.vdx,32429027,34810
n.rl,256,dye.vdx,32463838,26416
n.rl,257,dyg.vdx,32490255,34122
n.rl,258,dyo.vdx,32524378,30852
n.rl,259,dyt.vdx,32555231,35400
n.rl,260,eab.vdx,32590632,46911
n.rl,261,ead.vdx,32637544,42357
n.rl,262,eae.vdx,32679902,37428
n.rl,263,eag.vdx,32717331,43046
n.rl,264,eao.vdx,32760378,39289
n.rl,265,eat.vdx,32799668,42844
n.rl,266,eay.vdx,32842513,37744
n.rl,267,eba.vdx,32880258,46161
n.rl,268,ebd.vdx,32926420,50720
n.rl,269,ebe.vdx,32977141,42216
n.rl,270,ebg.vdx,33019358,53654
n.rl,271,ebo.vdx,33073013,44868
n.rl,272,ebt.vdx,33117882,52075
n.rl,273,eby.vdx,33169958,54524
n.rl,274,eda.vdx,33224483,42105
n.rl,275,edb.vdx,33266589,51179
n.rl,276,ede.vdx,33317769,28595
n.rl,277,edg.vdx,33346365,33133
n.rl,278,edo.vdx,33379499,31811
n.rl,279,edt.vdx,33411311,43822
n.rl,280,edy.vdx,33455134,33537
n.rl,281,eea.vdx,33488672,37627
n.rl,282,eeb.vdx,33526300,43207
n.rl,283,eed.vdx,33569508,29126
n.rl,284,eeg.vdx,33598635,31770
n.rl,285,eeo.vdx,33630406,31694
n.rl,286,eet.vdx,33662101,35711
n.rl,287,eey.vdx,33697813,25451
n.rl,288,ega.vdx,33723265,43129
n.rl,289,egb.vdx,33766395,54540
n.rl,290,egd.vdx,33820936,33554
n.rl,291,ege.vdx,33854491,31578
n.rl,292,ego.vdx,33886070,26717
n.rl,293,egt.vdx,33912788,38471
n.rl,294,egy.vdx,33951260,33589
n.rl,295,eoa.vdx,33984850,39337
n.rl,296,eob.vdx,34024188,45703
n.rl,297,eod.vdx,34069892,32031
n.rl,298,eoe.vdx,34101924,31427
n.rl,299,eog.vdx,34133352,26529
n.rl,300,eot.vdx,34159882,34310
n.rl,301,eoy.vdx,34194193,29683
n.rl,302,eta.vdx,34223877,42526
n.rl,303,etb.vdx,34266404,52703
n.rl,304,etd.vdx,34319108,43957
n.rl,305,ete.vdx,34363066,35307
n.rl,306,etg.vdx,34398374,38159
n.rl,307,eto.vdx,34436534,34099
n.rl,308,ett.vdx,34470634,30901
n.rl,309,ety.vdx,34501536,30181
n.rl,310,eya.vdx,34531718,37894
n.rl,311,eyb.vdx,34569613,55578
n.rl,312,eyd.vdx,34625192,34031
n.rl,313,eye.vdx,34659224,25367
n.rl,314,eyg.vdx,34684592,33654
n.rl,315,eyo.vdx,34718247,29944
n.rl,316,eyt.vdx,34748192,30627
n.rl,317,fab.vdx,34778820,47779
n.rl,318,fad.vdx,34826600,45267
n.rl,319,fae.vdx,34871868,39757
n.rl,320,fag.vdx,34911626,44855
n.rl,321,fao.vdx,34956482,40854
n.rl,322,fat.vdx,34997337,44905
n.rl,323,fay.vdx,35042243,40019
n.rl,324,fba.vdx,35082263,47118
n.rl,325,fbd.vdx,35129382,52854
n.rl,326,fbe.vdx,35182237,43279
n.rl,327,fbg.vdx,35225517,54345
n.rl,328,fbo.vdx,35279863,45694
n.rl,329,fbt.vdx,35325558,53084
n.rl,330,fby.vdx,35378643,55647
n.rl,331,fda.vdx,35434291,44889
n.rl,332,fdb.vdx,35479181,53086
n.rl,333,fde.vdx,35532268,30387
n.rl,334,fdg.vdx,35562656,34001
n.rl,335,fdo.vdx,35596658,33729
n.rl,336,fdt.vdx,35630388,46144
n.rl,337,fdy.vdx,35676533,34919
n.rl,338,fea.vdx,35711453,39962
n.rl,339,feb.vdx,35751416,44113
n.rl,340,fed.vdx,35795530,31032
n.rl,341,feg.vdx,35826563,33027
n.rl,342,feo.vdx,35859591,33833
n.rl,343,fet.vdx,35893425,37857
n.rl,344,fey.vdx,35931283,26303
n.rl,345,fga.vdx,35957587,44941
n.rl,346,fgb.vdx,36002529,54985
n.rl,347,fgd.vdx,36057515,34371
n.rl,348,fge.vdx,36091887,32770
n.rl,349,fgo.vdx,36124658,28212
n.rl,350,fgt.vdx,36152871,41069
n.rl,351,fgy.vdx,36193941,34524
n.rl,352,foa.vdx,36228466,41064
n.rl,353,fob.vdx,36269531,46317
n.rl,354,fod.vdx,36315849,34084
n.rl,355,foe.vdx,36349934,33562
n.rl,356,fog.vdx,36383497,28355
n.rl,357,fot.vdx,36411853,36919
n.rl,358,foy.vdx,36448773,30524
n.rl,359,fta.vdx,36479298,44403
n.rl,360,ftb.vdx,36523702,53451
n.rl,361,ftd.vdx,36577154,46282
n.rl,362,fte.vdx,36623437,37284
n.rl,363,ftg.vdx,36660722,40787
n.rl,364,fto.vdx,36701510,36485
n.rl,365,ftt.vdx,36737996,33212
n.rl,366,fty.vdx,36771209,33053
n.rl,367,fya.vdx,36804263,40204
n.rl,368,fyb.vdx,36844468,56425
n.rl,369,fyd.vdx,36900894,35342
n.rl,370,fye.vdx,36936237,26162
n.rl,371,fyg.vdx,36962400,34553
n.rl,372,fyo.vdx,36996954,30639
n.rl,373,fyt.vdx,37027594,33585
n.rl,374,gab.vdx,37061180,51285
n.rl,375,gad.vdx,37112466,48378
n.rl,376,gae.vdx,37160845,43397
n.rl,377,gag.vdx,37204243,49095
n.rl,378,gao.vdx,37253339,46244
n.rl,379,gat.vdx,37299584,49728
n.rl,380,gay.vdx,37349313,43385
n.rl,381,gba.vdx,37392699,50656
n.rl,382,gbd.vdx,37443356,57356
n.rl,383,gbe.vdx,37500713,47958
n.rl,384,gbg.vdx,37548672,58056
n.rl,385,gbo.vdx,37606729,48206
n.rl,386,gbt.vdx,37654936,57717
n.rl,387,gby.vdx,37712654,59262
n.rl,388,gda.vdx,37771917,47834
n.rl,389,gdb.vdx,37819752,57590
n.rl,390,gde.vdx,37877343,33286
n.rl,391,gdg.vdx,37910630,37871
n.rl,392,gdo.vdx,37948502,38771
n.rl,393,gdt.vdx,37987274,52749
n.rl,394,gdy.vdx,38040024,38472
n.rl,395,gea.vdx,38078497,43562
n.rl,396,geb.vdx,38122060,48711
n.rl,397,ged.vdx,38170772,33994
n.rl,398,geg.vdx,38204767,36699
n.rl,399,geo.vdx,38241467,36545
n.rl,400,get.vdx,38278013,42224
n.rl,401,gey.vdx,38320238,28961
n.rl,402,gga.vdx,38349200,49390
n.rl,403,ggb.vdx,38398591,58739
n.rl,404,ggd.vdx,38457331,38457
n.rl,405,gge.vdx,38495789,36584
n.rl,406,ggo.vdx,38532374,31234
n.rl,407,ggt.vdx,38563609,46459
n.rl,408,ggy.vdx,38610069,38037
n.rl,409,goa.vdx,38648107,46362
n.rl,410,gob.vdx,38694470,48932
n.rl,411,god.vdx,38743403,39291
n.rl,412,goe.vdx,38782695,36306
n.rl,413,gog.vdx,38819002,31325
n.rl,414,got.vdx,38850328,41733
n.rl,415,goy.vdx,38892062,33717
n.rl,416,gta.vdx,38925780,49320
n.rl,417,gtb.vdx,38975101,58086
n.rl,418,gtd.vdx,39033188,52793
n.rl,419,gte.vdx,39085982,41520
n.rl,420,gtg.vdx,39127503,45951
n.rl,421,gto.vdx,39173455,41081
n.rl,422,gtt.vdx,39214537,35088
n.rl,423,gty.vdx,39249626,37453
n.rl,424,gya.vdx,39287080,43551
n.rl,425,gyb.vdx,39330632,60090
n.rl,426,gyd.vdx,39390723,38953
n.rl,427,gye.vdx,39429677,28842
n.rl,428,gyg.vdx,39458520,38164
n.rl,429,gyo.vdx,39496685,33848
n.rl,430,gyt.vdx,39530534,38157
n.rl,431,hab.vdx,39568692,50854
n.rl,432,had.vdx,39619547,47825
n.rl,433,hae.vdx,39667373,41972
n.rl,434,hag.vdx,39709346,48360
n.rl,435,hao.vdx,39757707,44669
n.rl,436,hat.vdx,39802377,47343
n.rl,437,hay.vdx,39849721,42708
n.rl,438,hba.vdx,39892430,50261
n.rl,439,hbd.vdx,39942692,57183
n.rl,440,hbe.vdx,39999876,47071
n.rl,441,hbg.vdx,40046948,58234
n.rl,442,hbo.vdx,40105183,49300
n.rl,443,hbt.vdx,40154484,54821
n.rl,444,hby.vdx,40209306,60081
n.rl,445,hda.vdx,40269388,47561
n.rl,446,hdb.vdx,40316950,57505
n.rl,447,hde.vdx,40374456,32102
n.rl,448,hdg.vdx,40406559,37826
n.rl,449,hdo.vdx,40444386,37143
n.rl,450,hdt.vdx,40481530,49924
n.rl,451,hdy.vdx,40531455,38290
n.rl,452,hea.vdx,40569746,42455
n.rl,453,heb.vdx,40612202,48140
n.rl,454,hed.vdx,40660343,32735
n.rl,455,heg.vdx,40693079,36208
n.rl,456,heo.vdx,40729288,35914
n.rl,457,het.vdx,40765203,38593
n.rl,458,hey.vdx,40803797,28509
n.rl,459,hga.vdx,40832307,48580
n.rl,460,hgb.vdx,40880888,58904
n.rl,461,hgd.vdx,40939793,38175
n.rl,462,hge.vdx,40977969,35979
n.rl,463,hgo.vdx,41013949,30422
n.rl,464,hgt.vdx,41044372,41805
n.rl,465,hgy.vdx,41086178,37432
n.rl,466,hoa.vdx,41123611,44970
n.rl,467,hob.vdx,41168582,50169
n.rl,468,hod.vdx,41218752,37583
n.rl,469,hoe.vdx,41256336,35631
n.rl,470,hog.vdx,41291968,30446
n.rl,471,hot.vdx,41322415,37621
n.rl,472,hoy.vdx,41360037,32854
n.rl,473,hta.vdx,41392892,47645
n.rl,474,htb.vdx,41440538,55632
n.rl,475,htd.vdx,41496171,50155
n.rl,476,hte.vdx,41546327,38361
n.rl,477,htg.vdx,41584689,41849
n.rl,478,hto.vdx,41626539,37642
n.rl,479,htt.vdx,41664182,32144
n.rl,480,hty.vdx,41696327,33804
n.rl,481,hya.vdx,41730132,43108
n.rl,482,hyb.vdx,41773241,60973
n.rl,483,hyd.vdx,41834215,38766
n.rl,484,hye.vdx,41872982,28506
n.rl,485,hyg.vdx,41901489,37531
n.rl,486,hyo.vdx,41939021,33111
n.rl,487,hyt.vdx,41972133,33982
n.rl,488,iab.vdx,42006116,52128
n.rl,489,iad.vdx,42058245,49690
n.rl,490,iae.vdx,42107936,44717
n.rl,491,iag.vdx,42152654,50282
n.rl,492,iao.vdx,42202937,46898
n.rl,493,iat.vdx,42249836,50708
n.rl,494,iay.vdx,42300545,44921
n.rl,495,iba.vdx,42345467,51569
n.rl,496,ibd.vdx,42397037,58205
n.rl,497,ibe.vdx,42455243,48562
n.rl,498,ibg.vdx,42503806,59579
n.rl,499,ibo.vdx,42563386,50395
n.rl,500,ibt.vdx,42613782,58488
n.rl,501,iby.vdx,42672271,61094
n.rl,502,ida.vdx,42733366,49270
n.rl,503,idb.vdx,42782637,58102
n.rl,504,ide.vdx,42840740,33815
n.rl,505,idg.vdx,42874556,38760
n.rl,506,ido.vdx,42913317,38736
n.rl,507,idt.vdx,42952054,53691
n.rl,508,idy.vdx,43005746,39399
n.rl,509,iea.vdx,43045146,44917
n.rl,510,ieb.vdx,43090064,49397
n.rl,511,ied.vdx,43139462,34385
n.rl,512,ieg.vdx,43173848,37823
n.rl,513,ieo.vdx,43211672,38674
n.rl,514,iet.vdx,43250347,43869
n.rl,515,iey.vdx,43294217,28683
n.rl,516,iga.vdx,43322901,50399
n.rl,517,igb.vdx,43373301,60036
n.rl,518,igd.vdx,43433338,39176
n.rl,519,ige.vdx,43472515,37664
n.rl,520,igo.vdx,43510180,31622
n.rl,521,igt.vdx,43541803,46345
n.rl,522,igy.vdx,43588149,38707
n.rl,523,ioa.vdx,43626857,46920
n.rl,524,iob.vdx,43673778,50861
n.rl,525,iod.vdx,43724640,39113
n.rl,526,ioe.vdx,43763754,38379
n.rl,527,iog.vdx,43802134,31658
n.rl,528,iot.vdx,43833793,42132
n.rl,529,ioy.vdx,43875926,34253
n.rl,530,ita.vdx,43910180,50046
n.rl,531,itb.vdx,43960227,58381
n.rl,532,itd.vdx,44018609,53485
n.rl,533,ite.vdx,44072095,43314
n.rl,534,itg.vdx,44115410,45827
n.rl,535,ito.vdx,44161238,41774
n.rl,536,itt.vdx,44203013,36204
n.rl,537,ity.vdx,44239218,38456
n.rl,538,iya.vdx,44277675,45214
n.rl,539,iyb.vdx,44322890,61970
n.rl,540,iyd.vdx,44384861,39969
n.rl,541,iye.vdx,44424831,28800
n.rl,542,iyg.vdx,44453632,38854
n.rl,543,iyo.vdx,44492487,34554
n.rl,544,iyt.vdx,44527042,39138
n.rl,545,ryme.vdx,44566181,886100
p.rl,0,p1_.vdx,0,1864383
p.rl,1,p1_2.vdx,1864384,524412
p.rl,2,p1_2b.vdx,2388797,518098
p.rl,3,pfa.vdx,2906896,865066
p.rl,4,pfab.vdx,3771963,850343
p.rl,5,pfb.vdx,4622307,310409
p.rl,6,pfbb.vdx,4932717,342830
p.rl,7,pfc.vdx,5275548,458384
p.rl,8,pfcb.vdx,5733933,457550
p.rl,9,pfd.vdx,6191484,732021
p.rl,10,pfdb.vdx,6923506,743445
p.rl,11,pfire.vdx,7666952,359653
p.rl,12,pmu.vdx,8026606,131471
p.rl,13,ps1_1.vdx,8158078,10555
p.rl,14,ps1_2.vdx,8168634,10719
p.rl,15,ps1_3.vdx,8179354,9958
p.rl,16,ps2_1.vdx,8189313,11802
p.rl,17,ps2_2.vdx,8201116,12273
p.rl,18,ps2_3.vdx,8213390,11641
p.rl,19,ps3_1.vdx,8225032,12187
p.rl,20,ps3_2.vdx,8237220,12183
p.rl,21,ps3_3.vdx,8249404,11926
p.rl,22,ps4_1.vdx,8261331,13288
p.rl,23,ps4_2.vdx,8274620,14133
p.rl,24,ps4_3.vdx,8288754,13991
p.rl,25,ps5_1.vdx,8302746,14274
p.rl,26,ps5_2.vdx,8317021,14806
p.rl,27,ps5_3.vdx,8331828,15781
p.rl,28,ps6_1.vdx,8347610,11117
p.rl,29,ps6_2.vdx,8358728,11864
p.rl,30,ps6_3.vdx,8370593,13280
p.rl,31,ps7_1.vdx,8383874,7430
p.rl,32,ps7_2.vdx,8391305,8361
p.rl,33,ps7_3.vdx,8399667,8372
p.rl,34,ps8_1.vdx,8408040,9260
p.rl,35,ps8_2.vdx,8417301,11634
p.rl,36,ps8_3.vdx,8428936,12198
p.rl,37,ps9_1.vdx,8441135,5077
p.rl,38,ps9_2.vdx,8446213,5724
p.rl,39,ps9_3.vdx,8451938,6008
p.rl,40,psmoking.vdx,8457947,71956
p.rl,41,psta.vdx,8529904,3115957
p.rl,42,pstauf.vdx,11645862,50164
p.rl,43,pvampkid.vdx,11696027,201524
xmi.rl,0,agu16.xmi,0,7298
xmi.rl,1,agu32.xmi,7299,4832
xmi.rl,2,agu38.xmi,12132,4288
xmi.rl,3,agu50.xmi,16421,13268
xmi.rl,4,gu5.xmi,29690,2186
xmi.rl,5,gu6.xmi,31877,5608
xmi.rl,6,gu8.xmi,37486,1022
xmi.rl,7,gu9.xmi,38509,2308
xmi.rl,8,gu11a.xmi,40818,406
xmi.rl,9,gu11b.xmi,41225,402
xmi.rl,10,gu12.xmi,41628,1762
xmi.rl,11,gu15.xmi,43391,1532
xmi.rl,12,gu16.xmi,44924,12764
xmi.rl,13,gu16b.xmi,57689,2794
xmi.rl,14,gu17.xmi,60484,968
xmi.rl,15,gu18.xmi,61453,3754
xmi.rl,16,gu19.xmi,65208,1984
xmi.rl,17,gu20.xmi,67193,2344
xmi.rl,18,gu21.xmi,69538,5724
xmi.rl,19,gu22.xmi,75263,1904
xmi.rl,20,gu23.xmi,77168,6140
xmi.rl,21,gu24.xmi,83309,2096
xmi.rl,22,gu25.xmi,85406,2812
xmi.rl,23,gu26.xmi,88219,714
xmi.rl,24,gu27.xmi,88934,328
xmi.rl,25,gu28.xmi,89263,2730
xmi.rl,26,gu29.xmi,91994,1356
xmi.rl,27,gu30.xmi,93351,3398
xmi.rl,28,gu31.xmi,96750,5756
xmi.rl,29,gu32.xmi,102507,5008
xmi.rl,30,gu33.xmi,107516,5760
xmi.rl,31,gu34.xmi,113277,1482
xmi.rl,32,gu35.xmi,114760,560
xmi.rl,33,gu36.xmi,115321,1996
xmi.rl,34,gu37.xmi,117318,1864
xmi.rl,35,gu38.xmi,119183,4578
xmi.rl,36,gu39.xmi,123762,3986
xmi.rl,37,gu40.xmi,127749,2638
xmi.rl,38,gu41.xmi,130388,8572
xmi.rl,39,gu42.xmi,138961,870
xmi.rl,40,gu43.xmi,139832,2230
xmi.rl,41,gu44.xmi,142063,4314
xmi.rl,42,gu45.xmi,146378,1226
xmi.rl,43,gu46.xmi,147605,1410
xmi.rl,44,gu47.xmi,149016,2504
xmi.rl,45,gu48.xmi,151521,1024
xmi.rl,46,gu49.xmi,152546,3028
xmi.rl,47,gu50.xmi,155575,13614
xmi.rl,48,gu51.xmi,169190,10006
xmi.rl,49,gu52.xmi,179197,1128
xmi.rl,50,gu53.xmi,180326,5070
xmi.rl,51,gu54.xmi,185397,1036
xmi.rl,52,gu55.xmi,186434,2232
xmi.rl,53,gu56.xmi,188667,13614
xmi.rl,54,gu58.xmi,202282,4572
xmi.rl,55,gu59.xmi,206855,1292
xmi.rl,56,gu60.xmi,208148,2286
xmi.rl,57,gu61.xmi,210435,4342
xmi.rl,58,gu63.xmi,214778,9146
xmi.rl,59,gu67.xmi,223925,1078
xmi.rl,60,gu68.xmi,225004,340
xmi.rl,61,gu69.xmi,225345,600
xmi.rl,62,gu70.xmi,225946,666
xmi.rl,63,gu71.xmi,226613,5094
xmi.rl,64,gu72.xmi,231708,4820
xmi.rl,65,gu73.xmi,236529,5238
xmi.rl,66,gu74.xmi,241768,342
xmi.rl,67,gu75.xmi,242111,4214
xmi.rl,68,gu76.xmi,246326,1688
xmi.rl,69,ini_mt_o.xmi,248015,900
xmi.rl,70,ini_sc.xmi,248916,8334
gamwav.rl,0,1_e_1.vdx,0,16352
gamwav.rl,1,1_e_2.vdx,16353,20902
gamwav.rl,2,2_e_1.vdx,37256,14916
gamwav.rl,3,2_e_2.vdx,52173,49941
gamwav.rl,4,2_e_3.vdx,102115,70372
gamwav.rl,5,2_e_4.vdx,172488,49510
gamwav.rl,6,2_s_1.vdx,221999,187615
gamwav.rl,7,2_s_2.vdx,409615,102558
gamwav.rl,8,2_s_3.vdx,512174,53865
gamwav.rl,9,3_e_1.vdx,566040,45499
gamwav.rl,10,3_e_2.vdx,611540,40810
gamwav.rl,11,3_e_3.vdx,652351,48013
gamwav.rl,12,3_s_1.vdx,700365,110004
gamwav.rl,13,3_s_2.vdx,810370,54292
gamwav.rl,14,4_e_1.vdx,864663,43506
gamwav.rl,15,4_e_2.vdx,908170,39546
gamwav.rl,16,4_e_3.vdx,947717,90335
gamwav.rl,17,4_e_4.vdx,1038053,40645
gamwav.rl,18,4_e_5.vdx,1078699,55539
gamwav.rl,19,4_s_1.vdx,1134239,51413
gamwav.rl,20,5_e_1.vdx,1185653,48363
gamwav.rl,21,5_e_2.vdx,1234017,22128
gamwav.rl,22,5_e_3.vdx,1256146,44304
gamwav.rl,23,5_e_4.vdx,1300451,65198
gamwav.rl,24,5_s_1.vdx,1365650,195325
gamwav.rl,25,5_s_2.vdx,1560976,52073
gamwav.rl,26,5_s_3.vdx,1613050,55019
gamwav.rl,27,6_e_1.vdx,1668070,49938
gamwav.rl,28,6_e_2.vdx,1718009,48605
gamwav.rl,29,6_e_3.vdx,1766615,25741
gamwav.rl,30,6_s_1.vdx,1792357,55135
gamwav.rl,31,6_s_2.vdx,1847493,57716
gamwav.rl,32,6_s_3.vdx,1905210,64508
gamwav.rl,33,6_s_4.vdx,1969719,131007
gamwav.rl,34,6_s_5.vdx,2100727,77815
gamwav.rl,35,7_e_1.vdx,2178543,49733
gamwav.rl,36,7_e_2.vdx,2228277,117735
gamwav.rl,37,7_e_3.vdx,2346013,60147
gamwav.rl,38,7_s_1.vdx,2406161,114488
gamwav.rl,39,8_e_1.vdx,2520650,67935
gamwav.rl,40,8_e_2.vdx,2588586,51553
gamwav.rl,41,8_e_3.vdx,2640140,20588
gamwav.rl,42,8_e_4.vdx,2660729,65447
gamwav.rl,43,8_e_5.vdx,2726177,41677
gamwav.rl,44,8_e_6.vdx,2767855,67515
gamwav.rl,45,8_s_1.vdx,2835371,158067
gamwav.rl,46,8_s_2.vdx,2993439,68106
gamwav.rl,47,8_s_3.vdx,3061546,84328
gamwav.rl,48,8_s_4.vdx,3145875,93179
gamwav.rl,49,8_s_5.vdx,3239055,15781
gamwav.rl,50,8_s_6.vdx,3254837,92196
gamwav.rl,51,8_s_7.vdx,3347034,67609
gamwav.rl,52,8_s_8.vdx,3414644,97529
gamwav.rl,53,8_s_9.vdx,3512174,125771
gamwav.rl,54,8_s_10.vdx,3637946,60830
gamwav.rl,55,8_s_11.vdx,3698777,133166
gamwav.rl,56,8_s_12.vdx,3831944,36696
gamwav.rl,57,8_s_13.vdx,3868641,57093
gamwav.rl,58,8_s_14.vdx,3925735,113297
gamwav.rl,59,8_s_15.vdx,4039033,95066
gamwav.rl,60,9_e_1.vdx,4134100,33546
gamwav.rl,61,9_e_2.vdx,4167647,42246
gamwav.rl,62,9_s_1.vdx,4209894,97306
gamwav.rl,63,9_s_2.vdx,4307201,131909
gamwav.rl,64,10_e_1.vdx,4439111,19016
gamwav.rl,65,10_e_2.vdx,4458128,17838
gamwav.rl,66,10_e_3.vdx,4475967,20235
gamwav.rl,67,11_e_1.vdx,4496203,22727
gamwav.rl,68,11_e_2.vdx,4518931,23658
gamwav.rl,69,11_s_1.vdx,4542590,78843
gamwav.rl,70,11_s_2.vdx,4621434,33174
gamwav.rl,71,11_s_3.vdx,4654609,240609
gamwav.rl,72,11_s_4.vdx,4895219,57539
gamwav.rl,73,11_s_5.vdx,4952759,81159
gamwav.rl,74,12_e_1.vdx,5033919,33732
gamwav.rl,75,12_e_2.vdx,5067652,26421
gamwav.rl,76,12_e_3.vdx,5094074,62315
gamwav.rl,77,12_e_4.vdx,5156390,58994
gamwav.rl,78,12_e_5.vdx,5215385,34770
gamwav.rl,79,12_s_1.vdx,5250156,62630
gamwav.rl,80,13_e_1.vdx,5312787,76018
gamwav.rl,81,13_e_2.vdx,5388806,154428
gamwav.rl,82,13_e_3.vdx,5543235,29339
gamwav.rl,83,13_e_4.vdx,5572575,49043
gamwav.rl,84,13_e_5.vdx,5621619,89466
gamwav.rl,85,13_s_1.vdx,5711086,179779
gamwav.rl,86,15_e_1.vdx,5890866,109471
gamwav.rl,87,15_e_2.vdx,6000338,67540
gamwav.rl,88,15_e_3.vdx,6067879,94372
gamwav.rl,89,15_s_1.vdx,6162252,88221
gamwav.rl,90,16_e_1.vdx,6250474,62389
gamwav.rl,91,16_e_2.vdx,6312864,66149
gamwav.rl,92,16_e_3.vdx,6379014,27020
gamwav.rl,93,16_e_4.vdx,6406035,33365
gamwav.rl,94,16_e_5.vdx,6439401,54110
gamwav.rl,95,16_s_1.vdx,6493512,73452
gamwav.rl,96,16_s_2.vdx,6566965,30600
gamwav.rl,97,17_e_1.vdx,6597566,45007
gamwav.rl,98,17_e_2.vdx,6642574,66930
gamwav.rl,99,18_e_1.vdx,6709505,26234
gamwav.rl,100,19_e_1.vdx,6735740,16458
gamwav.rl,101,19_e_2.vdx,6752199,17328
gamwav.rl,102,20_e_1.vdx,6769528,12994
gamwav.rl,103,20_e_2.vdx,6782523,14359
gamwav.rl,104,20_e_3.vdx,6796883,49444
gamwav.rl,105,20_s_1.vdx,6846328,75766
gamwav.rl,106,21_e_1.vdx,6922095,49858
gamwav.rl,107,21_e_2.vdx,6971954,22289
gamwav.rl,108,21_e_3.vdx,6994244,52323
gamwav.rl,109,21_e_4.vdx,7046568,43734
gamwav.rl,110,21_e_5.vdx,7090303,17533
gamwav.rl,111,21_e_6.vdx,7107837,56520
gamwav.rl,112,21_e_7.vdx,7164358,21647
gamwav.rl,113,21_e_8.vdx,7186006,14854
gamwav.rl,114,21_e_9.vdx,7200861,21076
gamwav.rl,115,21_e_10.vdx,7221938,20443
gamwav.rl,116,21_e_11.vdx,7242382,12318
gamwav.rl,117,21_s_1.vdx,7254701,149959
gamwav.rl,118,21_s_2.vdx,7404661,52841
gamwav.rl,119,22_e_1.vdx,7457503,45958
gamwav.rl,120,22_e_2.vdx,7503462,15570
gamwav.rl,121,22_e_3.vdx,7519033,37042
gamwav.rl,122,22_e_4.vdx,7556076,44695
gamwav.rl,123,22_e_5.vdx,7600772,15856
gamwav.rl,124,22_e_6.vdx,7616629,29578
gamwav.rl,125,22_e_7.vdx,7646208,125429
gamwav.rl,126,22_e_8.vdx,7771638,27445
gamwav.rl,127,22_e_9.vdx,7799084,45149
gamwav.rl,128,cans3.wav,7844234,8179
gamwav.rl,129,cans4.wav,7852414,3664
gamwav.rl,130,card1.wav,7856079,3103
gamwav.rl,131,card2.wav,7859183,640
gamwav.rl,132,drag.wav,7859824,13406
gamwav.rl,133,drag1.wav,7873231,39200
gamwav.rl,134,drag2.wav,7912432,58776
gamwav.rl,135,gen_e_1.vdx,7971209,12767
gamwav.rl,136,gen_e_2.vdx,7983977,10548
gamwav.rl,137,gen_e_3.vdx,7994526,884
gamwav.rl,138,gen_e_4.vdx,7995411,11192
gamwav.rl,139,gen_e_5.vdx,8006604,19210
gamwav.rl,140,gen_e_6.vdx,8025815,27918
gamwav.rl,141,gen_e_7.vdx,8053734,15579
gamwav.rl,142,gen_e_8.vdx,8069314,23211
gamwav.rl,143,gen_e_9.vdx,8092526,22625
gamwav.rl,144,gen_e_10.vdx,8115152,30457
gamwav.rl,145,gen_e_11.vdx,8145610,8787
gamwav.rl,146,gen_e_12.vdx,8154398,65708
gamwav.rl,147,gen_e_13.vdx,8220107,14543
gamwav.rl,148,gen_e_14.vdx,8234651,55872
gamwav.rl,149,gen_e_15.vdx,8290524,19445
gamwav.rl,150,gen_e_16.vdx,8309970,15071
gamwav.rl,151,gen_e_17.vdx,8325042,14672
gamwav.rl,152,gen_s_1.vdx,8339715,68238
gamwav.rl,153,gen_s_2.vdx,8407954,24814
gamwav.rl,154,gen_s_3.vdx,8432769,36431
gamwav.rl,155,gen_s_4.vdx,8469201,31986
gamwav.rl,156,gen_s_5.vdx,8501188,92586
gamwav.rl,157,gen_s_6.vdx,8593775,82783
gamwav.rl,158,gen_s_7.vdx,8676559,67564
gamwav.rl,159,gen_s_8.vdx,8744124,19046
gamwav.rl,160,gen_s_9.vdx,8763171,29646
gamwav.rl,161,gen_s_10.vdx,8792818,96066
gamwav.rl,162,gen_s_11.vdx,8888885,43638
gamwav.rl,163,gen_s_12.vdx,8932524,54502
gamwav.rl,164,gen_s_13.vdx,8987027,82326
gamwav.rl,165,gen_s_14.vdx,9069354,90181
gamwav.rl,166,gen_s_15.vdx,9159536,39441
gamwav.rl,167,gen_s_16.vdx,9198978,572497
gamwav.rl,168,gen_s_17.vdx,9771476,361507
gamwav.rl,169,gen_s_18.vdx,10132984,41891
gamwav.rl,170,gen_s_19.vdx,10174876,95278
gamwav.rl,171,grate3.wav,10270155,61256
gamwav.rl,172,grate4.wav,10331412,43262
gamwav.rl,173,mars.wav,10374675,10284
gamwav.rl,174,morph.wav,10384960,27980
gamwav.rl,175,rail.wav,10412941,61232
gamwav.rl,176,sparkle.wav,10474174,30806
gamwav.rl,177,spider.wav,10504981,51954
gamwav.rl,178,thud1.wav,10556936,1864
gamwav.rl,179,thud2.wav,10558801,7586
gamwav.rl,180,touch.wav,10566388,11128
gamwav.rl,181,zap1.wav,10577517,33330
gamwav.rl,182,zap1a.wav,10610848,33330
gamwav.rl,183,zap2.wav,10644179,32558
gamwav.rl,184,zap2a.wav,10676738,32780
