file,module,call_module_offset,target_module_offset,provisional_instruction
cdi_t7g,cdi_t7g,0x000050,0x000494,bsr.w $494
cdi_t7g,cdi_t7g,0x000380,0x000410,bsr.w $410
cdi_t7g,cdi_t7g,0x000384,0x0003BC,bsr.b $3bc
cdi_t7g,cdi_t7g,0x000394,0x0003BC,bsr.b $3bc
cdi_t7g,cdi_t7g,0x0003A6,0x0003BC,bsr.b $3bc
cdi_t7g,cdi_t7g,0x000444,0x00046E,bsr.w $46e
cdi_t7g,cdi_t7g,0x00049A,0x000584,bsr.w $584
cdi_t7g,cdi_t7g,0x00049E,0x000208,bsr.w $208
cdi_t7g,cdi_t7g,0x0092F4,0x009326,bsr.b $9326
cdi_t7g,cdi_t7g,0x00969A,0x0096CC,bsr.b $96cc
cdi_t7g,cdi_t7g,0x00992A,0x00995C,bsr.b $995c
cdi_t7g,cdi_t7g,0x009BA6,0x009BD8,bsr.b $9bd8
cdi_t7g,cdi_t7g,0x009FE6,0x00A0A6,bsr.w $a0a6
cdi_t7g,cdi_t7g,0x00A01E,0x009FF6,bsr.b $9ff6
cdi_t7g,cdi_t7g,0x00A020,0x00A026,bsr.w $a026
cdi_t7g,cdi_t7g,0x00A02A,0x00A07C,bsr.w $a07c
cdi_t7g,cdi_t7g,0x00A068,0x0100E4,bsr.w $100e4
cdi_t7g,cdi_t7g,0x00A08A,0x00A07C,bsr.b $a07c
cdi_t7g,cdi_t7g,0x00A1BA,0x00AD72,bsr.w $ad72
cdi_t7g,cdi_t7g,0x00A1E8,0x00AD72,bsr.w $ad72
cdi_t7g,cdi_t7g,0x00A1F6,0x00BD50,bsr.w $bd50
cdi_t7g,cdi_t7g,0x00A202,0x00AD72,bsr.w $ad72
cdi_t7g,cdi_t7g,0x00A20C,0x00BC9E,bsr.w $bc9e
cdi_t7g,cdi_t7g,0x00A216,0x00AD72,bsr.w $ad72
cdi_t7g,cdi_t7g,0x00A220,0x00AD72,bsr.w $ad72
cdi_t7g,cdi_t7g,0x00A22A,0x00AD72,bsr.w $ad72
cdi_t7g,cdi_t7g,0x00A238,0x00AD72,bsr.w $ad72
cdi_t7g,cdi_t7g,0x00A242,0x00AD72,bsr.w $ad72
cdi_t7g,cdi_t7g,0x00A254,0x00AD72,bsr.w $ad72
cdi_t7g,cdi_t7g,0x00A25E,0x00AD72,bsr.w $ad72
cdi_t7g,cdi_t7g,0x00A276,0x00BA70,bsr.w $ba70
cdi_t7g,cdi_t7g,0x00A27A,0x00BA50,bsr.w $ba50
cdi_t7g,cdi_t7g,0x00A284,0x00BAC6,bsr.w $bac6
cdi_t7g,cdi_t7g,0x00A288,0x00BA50,bsr.w $ba50
cdi_t7g,cdi_t7g,0x00A2A4,0x00AD72,bsr.w $ad72
cdi_t7g,cdi_t7g,0x00A2BC,0x00AD72,bsr.w $ad72
cdi_t7g,cdi_t7g,0x00A2CC,0x00AD72,bsr.w $ad72
cdi_t7g,cdi_t7g,0x00A2F4,0x00AD72,bsr.w $ad72
cdi_t7g,cdi_t7g,0x00A34A,0x00AD72,bsr.w $ad72
cdi_t7g,cdi_t7g,0x00A35C,0x00AD72,bsr.w $ad72
cdi_t7g,cdi_t7g,0x00A364,0x00AD72,bsr.w $ad72
cdi_t7g,cdi_t7g,0x00A370,0x00B854,bsr.w $b854
cdi_t7g,cdi_t7g,0x00A378,0x00AD72,bsr.w $ad72
cdi_t7g,cdi_t7g,0x00A380,0x00FAFA,bsr.w $fafa
cdi_t7g,cdi_t7g,0x00A388,0x00AD72,bsr.w $ad72
cdi_t7g,cdi_t7g,0x00A390,0x00F88E,bsr.w $f88e
cdi_t7g,cdi_t7g,0x00A398,0x00AD72,bsr.w $ad72
cdi_t7g,cdi_t7g,0x00A3A0,0x00F8AC,bsr.w $f8ac
cdi_t7g,cdi_t7g,0x00A3A8,0x00AD72,bsr.w $ad72
cdi_t7g,cdi_t7g,0x00A3B0,0x00FC8A,bsr.w $fc8a
cdi_t7g,cdi_t7g,0x00A3C0,0x00AD72,bsr.w $ad72
cdi_t7g,cdi_t7g,0x00A3C8,0x00AD72,bsr.w $ad72
cdi_t7g,cdi_t7g,0x00A3D2,0x00F54C,bsr.w $f54c
cdi_t7g,cdi_t7g,0x00A3DA,0x00AD72,bsr.w $ad72
cdi_t7g,cdi_t7g,0x00A3E2,0x00AD72,bsr.w $ad72
cdi_t7g,cdi_t7g,0x00A3EC,0x00F57A,bsr.w $f57a
cdi_t7g,cdi_t7g,0x00A3F4,0x00AD72,bsr.w $ad72
cdi_t7g,cdi_t7g,0x00A3FC,0x00AD72,bsr.w $ad72
cdi_t7g,cdi_t7g,0x00A404,0x00AD72,bsr.w $ad72
cdi_t7g,cdi_t7g,0x00A40C,0x00AD72,bsr.w $ad72
cdi_t7g,cdi_t7g,0x00A41A,0x00F5C4,bsr.w $f5c4
cdi_t7g,cdi_t7g,0x00A422,0x00AD72,bsr.w $ad72
cdi_t7g,cdi_t7g,0x00A436,0x00BD50,bsr.w $bd50
cdi_t7g,cdi_t7g,0x00A43E,0x00BD36,bsr.w $bd36
cdi_t7g,cdi_t7g,0x00A446,0x00F76A,bsr.w $f76a
cdi_t7g,cdi_t7g,0x00A44E,0x00F78A,bsr.w $f78a
cdi_t7g,cdi_t7g,0x00A456,0x00AD72,bsr.w $ad72
cdi_t7g,cdi_t7g,0x00A45E,0x00AD72,bsr.w $ad72
cdi_t7g,cdi_t7g,0x00A468,0x00AD72,bsr.w $ad72
cdi_t7g,cdi_t7g,0x00A472,0x00AD72,bsr.w $ad72
cdi_t7g,cdi_t7g,0x00A47E,0x00F7AA,bsr.w $f7aa
cdi_t7g,cdi_t7g,0x00A486,0x00AD72,bsr.w $ad72
cdi_t7g,cdi_t7g,0x00A48E,0x0101A2,bsr.w $101a2
cdi_t7g,cdi_t7g,0x00A494,0x0100E4,bsr.w $100e4
cdi_t7g,cdi_t7g,0x00A49C,0x00AD72,bsr.w $ad72
cdi_t7g,cdi_t7g,0x00A4A4,0x0101A2,bsr.w $101a2
cdi_t7g,cdi_t7g,0x00A4AC,0x0102D4,bsr.w $102d4
cdi_t7g,cdi_t7g,0x00A4B6,0x00AD72,bsr.w $ad72
cdi_t7g,cdi_t7g,0x00A4BE,0x0101A2,bsr.w $101a2
cdi_t7g,cdi_t7g,0x00A4C4,0x010442,bsr.w $10442
cdi_t7g,cdi_t7g,0x00A4CC,0x00AD72,bsr.w $ad72
cdi_t7g,cdi_t7g,0x00A4D4,0x0101A2,bsr.w $101a2
cdi_t7g,cdi_t7g,0x00A4D8,0x00AD72,bsr.w $ad72
cdi_t7g,cdi_t7g,0x00A4EC,0x00CB9A,bsr.w $cb9a
cdi_t7g,cdi_t7g,0x00A502,0x00CB9A,bsr.w $cb9a
cdi_t7g,cdi_t7g,0x00A50A,0x00AD72,bsr.w $ad72
cdi_t7g,cdi_t7g,0x00A512,0x0101A2,bsr.w $101a2
cdi_t7g,cdi_t7g,0x00A516,0x00AD72,bsr.w $ad72
cdi_t7g,cdi_t7g,0x00A52A,0x00C622,bsr.w $c622
cdi_t7g,cdi_t7g,0x00A540,0x00C622,bsr.w $c622
cdi_t7g,cdi_t7g,0x00A548,0x00C4A2,bsr.w $c4a2
cdi_t7g,cdi_t7g,0x00A550,0x00C4D8,bsr.w $c4d8
cdi_t7g,cdi_t7g,0x00A558,0x00AD72,bsr.w $ad72
cdi_t7g,cdi_t7g,0x00A560,0x00D6A2,bsr.w $d6a2
cdi_t7g,cdi_t7g,0x00A568,0x00AD72,bsr.w $ad72
cdi_t7g,cdi_t7g,0x00A570,0x00AD72,bsr.w $ad72
cdi_t7g,cdi_t7g,0x00A578,0x0101A2,bsr.w $101a2
cdi_t7g,cdi_t7g,0x00A580,0x00D480,bsr.w $d480
cdi_t7g,cdi_t7g,0x00A588,0x00AD72,bsr.w $ad72
cdi_t7g,cdi_t7g,0x00A590,0x00AD72,bsr.w $ad72
cdi_t7g,cdi_t7g,0x00A59A,0x00D808,bsr.w $d808
cdi_t7g,cdi_t7g,0x00A5A2,0x00AD72,bsr.w $ad72
cdi_t7g,cdi_t7g,0x00A5AA,0x00D666,bsr.w $d666
cdi_t7g,cdi_t7g,0x00A5B2,0x00AD72,bsr.w $ad72
cdi_t7g,cdi_t7g,0x00A5BA,0x00AD72,bsr.w $ad72
cdi_t7g,cdi_t7g,0x00A5C2,0x0101A2,bsr.w $101a2
cdi_t7g,cdi_t7g,0x00A5CA,0x00D512,bsr.w $d512
cdi_t7g,cdi_t7g,0x00A5D2,0x00AD72,bsr.w $ad72
cdi_t7g,cdi_t7g,0x00A5DA,0x00D88C,bsr.w $d88c
cdi_t7g,cdi_t7g,0x00A5E2,0x00D9D6,bsr.w $d9d6
cdi_t7g,cdi_t7g,0x00A616,0x00AD72,bsr.w $ad72
cdi_t7g,cdi_t7g,0x00A61E,0x00D6C8,bsr.w $d6c8
cdi_t7g,cdi_t7g,0x00A626,0x00AD72,bsr.w $ad72
cdi_t7g,cdi_t7g,0x00A62E,0x00D720,bsr.w $d720
cdi_t7g,cdi_t7g,0x00A636,0x00AD72,bsr.w $ad72
cdi_t7g,cdi_t7g,0x00A63E,0x00AD72,bsr.w $ad72
cdi_t7g,cdi_t7g,0x00A646,0x00AD72,bsr.w $ad72
cdi_t7g,cdi_t7g,0x00A652,0x00D7CC,bsr.w $d7cc
cdi_t7g,cdi_t7g,0x00A65A,0x00AD72,bsr.w $ad72
cdi_t7g,cdi_t7g,0x00A662,0x00AD72,bsr.w $ad72
cdi_t7g,cdi_t7g,0x00A66C,0x00AD72,bsr.w $ad72
cdi_t7g,cdi_t7g,0x00A676,0x00AD72,bsr.w $ad72
cdi_t7g,cdi_t7g,0x00A680,0x00AD72,bsr.w $ad72
cdi_t7g,cdi_t7g,0x00A68E,0x00D796,bsr.w $d796
cdi_t7g,cdi_t7g,0x00A696,0x00AD72,bsr.w $ad72
cdi_t7g,cdi_t7g,0x00A69E,0x00AD72,bsr.w $ad72
cdi_t7g,cdi_t7g,0x00A6A8,0x00AD72,bsr.w $ad72
cdi_t7g,cdi_t7g,0x00A6B2,0x00AD72,bsr.w $ad72
cdi_t7g,cdi_t7g,0x00A6BC,0x00AD72,bsr.w $ad72
cdi_t7g,cdi_t7g,0x00A6C6,0x00AD72,bsr.w $ad72
cdi_t7g,cdi_t7g,0x00A6D0,0x00AD72,bsr.w $ad72
cdi_t7g,cdi_t7g,0x00A6DA,0x00AD72,bsr.w $ad72
cdi_t7g,cdi_t7g,0x00A6EA,0x00D752,bsr.w $d752
cdi_t7g,cdi_t7g,0x00A6F2,0x00AD72,bsr.w $ad72
cdi_t7g,cdi_t7g,0x00A6FA,0x00AD72,bsr.w $ad72
cdi_t7g,cdi_t7g,0x00A704,0x00D808,bsr.w $d808
cdi_t7g,cdi_t7g,0x00A70C,0x00AD72,bsr.w $ad72
cdi_t7g,cdi_t7g,0x00A714,0x00AD72,bsr.w $ad72
cdi_t7g,cdi_t7g,0x00A71C,0x00AD72,bsr.w $ad72
cdi_t7g,cdi_t7g,0x00A724,0x00AD72,bsr.w $ad72
cdi_t7g,cdi_t7g,0x00A72C,0x00AD72,bsr.w $ad72
cdi_t7g,cdi_t7g,0x00A73C,0x00D826,bsr.w $d826
cdi_t7g,cdi_t7g,0x00A744,0x00AD72,bsr.w $ad72
cdi_t7g,cdi_t7g,0x00A74C,0x00ECAC,bsr.w $ecac
cdi_t7g,cdi_t7g,0x00A754,0x00AD72,bsr.w $ad72
cdi_t7g,cdi_t7g,0x00A75C,0x0101A2,bsr.w $101a2
cdi_t7g,cdi_t7g,0x00A762,0x00AD72,bsr.w $ad72
cdi_t7g,cdi_t7g,0x00A76A,0x0101A2,bsr.w $101a2
cdi_t7g,cdi_t7g,0x00A774,0x0118B8,bsr.w $118b8
cdi_t7g,cdi_t7g,0x00A77C,0x00AD72,bsr.w $ad72
cdi_t7g,cdi_t7g,0x00A784,0x0101A2,bsr.w $101a2
cdi_t7g,cdi_t7g,0x00A788,0x00AD72,bsr.w $ad72
cdi_t7g,cdi_t7g,0x00A790,0x00AD72,bsr.w $ad72
cdi_t7g,cdi_t7g,0x00A79C,0x0116C6,bsr.w $116c6
cdi_t7g,cdi_t7g,0x00A7A4,0x00AD72,bsr.w $ad72
cdi_t7g,cdi_t7g,0x00A7AC,0x0101A2,bsr.w $101a2
cdi_t7g,cdi_t7g,0x00A7B0,0x00AD72,bsr.w $ad72
cdi_t7g,cdi_t7g,0x00A7BA,0x011710,bsr.w $11710
cdi_t7g,cdi_t7g,0x00A7C2,0x00AD72,bsr.w $ad72
cdi_t7g,cdi_t7g,0x00A7CA,0x0101A2,bsr.w $101a2
cdi_t7g,cdi_t7g,0x00A7CE,0x00AD72,bsr.w $ad72
cdi_t7g,cdi_t7g,0x00A7D8,0x011736,bsr.w $11736
cdi_t7g,cdi_t7g,0x00A7E0,0x00AD72,bsr.w $ad72
cdi_t7g,cdi_t7g,0x00A7E8,0x0101A2,bsr.w $101a2
cdi_t7g,cdi_t7g,0x00A7EE,0x00AD72,bsr.w $ad72
cdi_t7g,cdi_t7g,0x00A7F6,0x0101A2,bsr.w $101a2
cdi_t7g,cdi_t7g,0x00A7FE,0x011F60,bsr.w $11f60
cdi_t7g,cdi_t7g,0x00A806,0x00AD72,bsr.w $ad72
cdi_t7g,cdi_t7g,0x00A80C,0x00AD72,bsr.w $ad72
cdi_t7g,cdi_t7g,0x00A812,0x00AD72,bsr.w $ad72
cdi_t7g,cdi_t7g,0x00A818,0x00AD72,bsr.w $ad72
cdi_t7g,cdi_t7g,0x00A81E,0x00AD72,bsr.w $ad72
cdi_t7g,cdi_t7g,0x00A824,0x00AD72,bsr.w $ad72
cdi_t7g,cdi_t7g,0x00A82E,0x00AD72,bsr.w $ad72
cdi_t7g,cdi_t7g,0x00A836,0x0101A2,bsr.w $101a2
cdi_t7g,cdi_t7g,0x00A83A,0x00AD72,bsr.w $ad72
cdi_t7g,cdi_t7g,0x00A848,0x00AD72,bsr.w $ad72
cdi_t7g,cdi_t7g,0x00A850,0x0101A2,bsr.w $101a2
cdi_t7g,cdi_t7g,0x00A854,0x00AD72,bsr.w $ad72
cdi_t7g,cdi_t7g,0x00A870,0x00AD72,bsr.w $ad72
cdi_t7g,cdi_t7g,0x00A878,0x0101A2,bsr.w $101a2
cdi_t7g,cdi_t7g,0x00A87C,0x00AD72,bsr.w $ad72
cdi_t7g,cdi_t7g,0x00A886,0x0117F2,bsr.w $117f2
cdi_t7g,cdi_t7g,0x00A88E,0x00AD72,bsr.w $ad72
cdi_t7g,cdi_t7g,0x00A896,0x0101A2,bsr.w $101a2
cdi_t7g,cdi_t7g,0x00A89C,0x00AD72,bsr.w $ad72
cdi_t7g,cdi_t7g,0x00A8A4,0x0101A2,bsr.w $101a2
cdi_t7g,cdi_t7g,0x00A8A8,0x00AD72,bsr.w $ad72
cdi_t7g,cdi_t7g,0x00A8CA,0x01191A,bsr.w $1191a
cdi_t7g,cdi_t7g,0x00A8EE,0x01191A,bsr.w $1191a
cdi_t7g,cdi_t7g,0x00A8F6,0x00AD72,bsr.w $ad72
cdi_t7g,cdi_t7g,0x00A8FE,0x0101A2,bsr.w $101a2
cdi_t7g,cdi_t7g,0x00A904,0x00AD72,bsr.w $ad72
cdi_t7g,cdi_t7g,0x00A90C,0x0101A2,bsr.w $101a2
cdi_t7g,cdi_t7g,0x00A910,0x00AD72,bsr.w $ad72
cdi_t7g,cdi_t7g,0x00A918,0x00AD72,bsr.w $ad72
cdi_t7g,cdi_t7g,0x00A920,0x00AD72,bsr.w $ad72
cdi_t7g,cdi_t7g,0x00A928,0x00AD72,bsr.w $ad72
cdi_t7g,cdi_t7g,0x00A946,0x01191A,bsr.w $1191a
cdi_t7g,cdi_t7g,0x00A964,0x01191A,bsr.w $1191a
cdi_t7g,cdi_t7g,0x00A96C,0x00AD72,bsr.w $ad72
cdi_t7g,cdi_t7g,0x00A974,0x0101A2,bsr.w $101a2
cdi_t7g,cdi_t7g,0x00A97A,0x00AD72,bsr.w $ad72
cdi_t7g,cdi_t7g,0x00A982,0x0101A2,bsr.w $101a2
cdi_t7g,cdi_t7g,0x00A986,0x00AD72,bsr.w $ad72
cdi_t7g,cdi_t7g,0x00A99C,0x0118E4,bsr.w $118e4
cdi_t7g,cdi_t7g,0x00A9B4,0x0118E4,bsr.w $118e4
cdi_t7g,cdi_t7g,0x00A9BC,0x00AD72,bsr.w $ad72
cdi_t7g,cdi_t7g,0x00A9C4,0x0101A2,bsr.w $101a2
cdi_t7g,cdi_t7g,0x00A9CA,0x00AD72,bsr.w $ad72
cdi_t7g,cdi_t7g,0x00A9D2,0x0101A2,bsr.w $101a2
cdi_t7g,cdi_t7g,0x00A9D6,0x00AD72,bsr.w $ad72
cdi_t7g,cdi_t7g,0x00A9E4,0x0101A2,bsr.w $101a2
cdi_t7g,cdi_t7g,0x00AA08,0x00AD72,bsr.w $ad72
cdi_t7g,cdi_t7g,0x00AA10,0x0101A2,bsr.w $101a2
cdi_t7g,cdi_t7g,0x00AA14,0x00AD72,bsr.w $ad72
cdi_t7g,cdi_t7g,0x00AA1C,0x00AD72,bsr.w $ad72
cdi_t7g,cdi_t7g,0x00AA28,0x012A22,bsr.w $12a22
cdi_t7g,cdi_t7g,0x00AA30,0x00AD72,bsr.w $ad72
cdi_t7g,cdi_t7g,0x00AA38,0x0101A2,bsr.w $101a2
cdi_t7g,cdi_t7g,0x00AA3C,0x00AD72,bsr.w $ad72
cdi_t7g,cdi_t7g,0x00AA4A,0x00AD72,bsr.w $ad72
cdi_t7g,cdi_t7g,0x00AA52,0x0101A2,bsr.w $101a2
cdi_t7g,cdi_t7g,0x00AA56,0x00AD72,bsr.w $ad72
cdi_t7g,cdi_t7g,0x00AA64,0x00AD72,bsr.w $ad72
cdi_t7g,cdi_t7g,0x00AA6C,0x00AD72,bsr.w $ad72
cdi_t7g,cdi_t7g,0x00AA74,0x00AD72,bsr.w $ad72
cdi_t7g,cdi_t7g,0x00AA88,0x00AD72,bsr.w $ad72
cdi_t7g,cdi_t7g,0x00AA90,0x00FE2C,bsr.w $fe2c
cdi_t7g,cdi_t7g,0x00AA98,0x00AD72,bsr.w $ad72
cdi_t7g,cdi_t7g,0x00AAA0,0x0101A2,bsr.w $101a2
cdi_t7g,cdi_t7g,0x00AAA4,0x00AD72,bsr.w $ad72
cdi_t7g,cdi_t7g,0x00AAAC,0x00AD72,bsr.w $ad72
cdi_t7g,cdi_t7g,0x00AAC0,0x00AD72,bsr.w $ad72
cdi_t7g,cdi_t7g,0x00AAC8,0x0101A2,bsr.w $101a2
cdi_t7g,cdi_t7g,0x00AACC,0x00AD72,bsr.w $ad72
cdi_t7g,cdi_t7g,0x00AAD4,0x00AD72,bsr.w $ad72
cdi_t7g,cdi_t7g,0x00AAE8,0x00AD72,bsr.w $ad72
cdi_t7g,cdi_t7g,0x00AAF0,0x0101A2,bsr.w $101a2
cdi_t7g,cdi_t7g,0x00AAF4,0x00AD72,bsr.w $ad72
cdi_t7g,cdi_t7g,0x00AB06,0x00AD72,bsr.w $ad72
cdi_t7g,cdi_t7g,0x00AB0E,0x0101A2,bsr.w $101a2
cdi_t7g,cdi_t7g,0x00AB14,0x00AD72,bsr.w $ad72
cdi_t7g,cdi_t7g,0x00AB1C,0x0101A2,bsr.w $101a2
cdi_t7g,cdi_t7g,0x00AB2C,0x00AD72,bsr.w $ad72
cdi_t7g,cdi_t7g,0x00AB34,0x0101A2,bsr.w $101a2
cdi_t7g,cdi_t7g,0x00AB3A,0x00AD72,bsr.w $ad72
cdi_t7g,cdi_t7g,0x00AB42,0x0101A2,bsr.w $101a2
cdi_t7g,cdi_t7g,0x00AB4A,0x010134,bsr.w $10134
cdi_t7g,cdi_t7g,0x00AB52,0x00AD72,bsr.w $ad72
cdi_t7g,cdi_t7g,0x00AB5A,0x0101A2,bsr.w $101a2
cdi_t7g,cdi_t7g,0x00AB60,0x00AD72,bsr.w $ad72
cdi_t7g,cdi_t7g,0x00AB76,0x010322,bsr.w $10322
cdi_t7g,cdi_t7g,0x00AB7E,0x00AD72,bsr.w $ad72
cdi_t7g,cdi_t7g,0x00AB86,0x0101A2,bsr.w $101a2
cdi_t7g,cdi_t7g,0x00AB8A,0x00AD72,bsr.w $ad72
cdi_t7g,cdi_t7g,0x00AB94,0x010C6A,bsr.w $10c6a
cdi_t7g,cdi_t7g,0x00AB9C,0x00AD72,bsr.w $ad72
cdi_t7g,cdi_t7g,0x00ABA4,0x0101A2,bsr.w $101a2
cdi_t7g,cdi_t7g,0x00ABAA,0x00AD72,bsr.w $ad72
cdi_t7g,cdi_t7g,0x00ABC2,0x012550,bsr.w $12550
cdi_t7g,cdi_t7g,0x00ABD0,0x00D024,bsr.w $d024
cdi_t7g,cdi_t7g,0x00ABD8,0x00D340,bsr.w $d340
cdi_t7g,cdi_t7g,0x00ABE0,0x00AD72,bsr.w $ad72
cdi_t7g,cdi_t7g,0x00ABE8,0x00AD72,bsr.w $ad72
cdi_t7g,cdi_t7g,0x00ABF2,0x00D372,bsr.w $d372
cdi_t7g,cdi_t7g,0x00ABFA,0x00AD72,bsr.w $ad72
cdi_t7g,cdi_t7g,0x00AC02,0x00CFC2,bsr.w $cfc2
cdi_t7g,cdi_t7g,0x00AC0A,0x00AD72,bsr.w $ad72
cdi_t7g,cdi_t7g,0x00AC12,0x00AD72,bsr.w $ad72
cdi_t7g,cdi_t7g,0x00AC1C,0x00D006,bsr.w $d006
cdi_t7g,cdi_t7g,0x00AC24,0x00AD72,bsr.w $ad72
cdi_t7g,cdi_t7g,0x00AC2E,0x00BD36,bsr.w $bd36
cdi_t7g,cdi_t7g,0x00AC38,0x00BD50,bsr.w $bd50
cdi_t7g,cdi_t7g,0x00AC50,0x00BC9E,bsr.w $bc9e
cdi_t7g,cdi_t7g,0x00AC56,0x00BD36,bsr.w $bd36
cdi_t7g,cdi_t7g,0x00AC82,0x00BBFE,bsr.w $bbfe
cdi_t7g,cdi_t7g,0x00AD12,0x00AD2E,bsr.w $ad2e
cdi_t7g,cdi_t7g,0x00AD24,0x00BB94,bsr.w $bb94
cdi_t7g,cdi_t7g,0x00AF0C,0x00AD74,bsr.w $ad74
cdi_t7g,cdi_t7g,0x00AF22,0x00AD74,bsr.w $ad74
cdi_t7g,cdi_t7g,0x00AF38,0x00AD74,bsr.w $ad74
cdi_t7g,cdi_t7g,0x00AF4E,0x00AD74,bsr.w $ad74
cdi_t7g,cdi_t7g,0x00AF6E,0x00AD74,bsr.w $ad74
cdi_t7g,cdi_t7g,0x00AF8E,0x00AD74,bsr.w $ad74
cdi_t7g,cdi_t7g,0x00AFAE,0x00AD74,bsr.w $ad74
cdi_t7g,cdi_t7g,0x00AFCE,0x00AD74,bsr.w $ad74
cdi_t7g,cdi_t7g,0x00AFEE,0x00AD74,bsr.w $ad74
cdi_t7g,cdi_t7g,0x00B00E,0x00AD74,bsr.w $ad74
cdi_t7g,cdi_t7g,0x00B024,0x00AD74,bsr.w $ad74
cdi_t7g,cdi_t7g,0x00B03C,0x00AD74,bsr.w $ad74
cdi_t7g,cdi_t7g,0x00B052,0x00AD74,bsr.w $ad74
cdi_t7g,cdi_t7g,0x00B06A,0x00AD74,bsr.w $ad74
cdi_t7g,cdi_t7g,0x00B082,0x00AD74,bsr.w $ad74
cdi_t7g,cdi_t7g,0x00B098,0x00AD74,bsr.w $ad74
cdi_t7g,cdi_t7g,0x00B0B6,0x00AD74,bsr.w $ad74
cdi_t7g,cdi_t7g,0x00B0C8,0x00AD74,bsr.w $ad74
cdi_t7g,cdi_t7g,0x00B0DE,0x00AD74,bsr.w $ad74
cdi_t7g,cdi_t7g,0x00B0FC,0x00AD74,bsr.w $ad74
cdi_t7g,cdi_t7g,0x00B114,0x00AD74,bsr.w $ad74
cdi_t7g,cdi_t7g,0x00B134,0x00BA70,bsr.w $ba70
cdi_t7g,cdi_t7g,0x00B138,0x00BA50,bsr.w $ba50
cdi_t7g,cdi_t7g,0x00B142,0x00BAC6,bsr.w $bac6
cdi_t7g,cdi_t7g,0x00B146,0x00BA50,bsr.w $ba50
cdi_t7g,cdi_t7g,0x00B172,0x00AD72,bsr.w $ad72
cdi_t7g,cdi_t7g,0x00B17C,0x00FA78,bsr.w $fa78
cdi_t7g,cdi_t7g,0x00B18A,0x00AD72,bsr.w $ad72
cdi_t7g,cdi_t7g,0x00B194,0x00AD72,bsr.w $ad72
cdi_t7g,cdi_t7g,0x00B19C,0x00AD72,bsr.w $ad72
cdi_t7g,cdi_t7g,0x00B1A4,0x00AD72,bsr.w $ad72
cdi_t7g,cdi_t7g,0x00B1AE,0x00AD72,bsr.w $ad72
cdi_t7g,cdi_t7g,0x00B1CC,0x00FAA6,bsr.w $faa6
cdi_t7g,cdi_t7g,0x00B1D8,0x00F8E6,bsr.w $f8e6
cdi_t7g,cdi_t7g,0x00B1F8,0x00F608,bsr.w $f608
cdi_t7g,cdi_t7g,0x00B214,0x00AD72,bsr.w $ad72
cdi_t7g,cdi_t7g,0x00B236,0x00AD72,bsr.w $ad72
cdi_t7g,cdi_t7g,0x00B24E,0x0103B6,bsr.w $103b6
cdi_t7g,cdi_t7g,0x00B254,0x010176,bsr.w $10176
cdi_t7g,cdi_t7g,0x00B264,0x00B2BA,bsr.b $b2ba
cdi_t7g,cdi_t7g,0x00B282,0x00E718,bsr.w $e718
cdi_t7g,cdi_t7g,0x00B29A,0x00B2BA,bsr.b $b2ba
cdi_t7g,cdi_t7g,0x00B2A6,0x00E718,bsr.w $e718
cdi_t7g,cdi_t7g,0x00B2BA,0x00AD72,bsr.w $ad72
cdi_t7g,cdi_t7g,0x00B2C2,0x0101A2,bsr.w $101a2
cdi_t7g,cdi_t7g,0x00B2C8,0x00AD72,bsr.w $ad72
cdi_t7g,cdi_t7g,0x00B2E0,0x012550,bsr.w $12550
cdi_t7g,cdi_t7g,0x00B2E6,0x00AD72,bsr.w $ad72
cdi_t7g,cdi_t7g,0x00B2EE,0x00AD72,bsr.w $ad72
cdi_t7g,cdi_t7g,0x00B2FA,0x00BB16,bsr.w $bb16
cdi_t7g,cdi_t7g,0x00B30C,0x00AD72,bsr.w $ad72
cdi_t7g,cdi_t7g,0x00B314,0x0101A2,bsr.w $101a2
cdi_t7g,cdi_t7g,0x00B328,0x00AD72,bsr.w $ad72
cdi_t7g,cdi_t7g,0x00B330,0x0101A2,bsr.w $101a2
cdi_t7g,cdi_t7g,0x00B344,0x00AD72,bsr.w $ad72
cdi_t7g,cdi_t7g,0x00B34C,0x0101A2,bsr.w $101a2
cdi_t7g,cdi_t7g,0x00B360,0x00AD72,bsr.w $ad72
cdi_t7g,cdi_t7g,0x00B368,0x0101A2,bsr.w $101a2
cdi_t7g,cdi_t7g,0x00B37C,0x00AD72,bsr.w $ad72
cdi_t7g,cdi_t7g,0x00B384,0x0101A2,bsr.w $101a2
cdi_t7g,cdi_t7g,0x00B398,0x00AD72,bsr.w $ad72
cdi_t7g,cdi_t7g,0x00B3A0,0x0101A2,bsr.w $101a2
cdi_t7g,cdi_t7g,0x00B3AA,0x010176,bsr.w $10176
cdi_t7g,cdi_t7g,0x00B3BA,0x00AD72,bsr.w $ad72
cdi_t7g,cdi_t7g,0x00B3C2,0x0101A2,bsr.w $101a2
cdi_t7g,cdi_t7g,0x00B3CC,0x010176,bsr.w $10176
cdi_t7g,cdi_t7g,0x00B3DC,0x00AD72,bsr.w $ad72
cdi_t7g,cdi_t7g,0x00B3E4,0x0101A2,bsr.w $101a2
cdi_t7g,cdi_t7g,0x00B3EE,0x010176,bsr.w $10176
cdi_t7g,cdi_t7g,0x00B3FE,0x00AD72,bsr.w $ad72
cdi_t7g,cdi_t7g,0x00B406,0x0101A2,bsr.w $101a2
cdi_t7g,cdi_t7g,0x00B41A,0x00AD72,bsr.w $ad72
cdi_t7g,cdi_t7g,0x00B422,0x0101A2,bsr.w $101a2
cdi_t7g,cdi_t7g,0x00B436,0x00AD72,bsr.w $ad72
cdi_t7g,cdi_t7g,0x00B43E,0x0101A2,bsr.w $101a2
cdi_t7g,cdi_t7g,0x00B442,0x00AD72,bsr.w $ad72
cdi_t7g,cdi_t7g,0x00B44A,0x00AD72,bsr.w $ad72
cdi_t7g,cdi_t7g,0x00B456,0x011064,bsr.w $11064
cdi_t7g,cdi_t7g,0x00B466,0x00AD72,bsr.w $ad72
cdi_t7g,cdi_t7g,0x00B46E,0x0101A2,bsr.w $101a2
cdi_t7g,cdi_t7g,0x00B482,0x00AD72,bsr.w $ad72
cdi_t7g,cdi_t7g,0x00B48A,0x0101A2,bsr.w $101a2
cdi_t7g,cdi_t7g,0x00B49E,0x00AD72,bsr.w $ad72
cdi_t7g,cdi_t7g,0x00B4A6,0x0101A2,bsr.w $101a2
cdi_t7g,cdi_t7g,0x00B4BA,0x00AD72,bsr.w $ad72
cdi_t7g,cdi_t7g,0x00B4C2,0x0101A2,bsr.w $101a2
cdi_t7g,cdi_t7g,0x00B4D6,0x00AD72,bsr.w $ad72
cdi_t7g,cdi_t7g,0x00B4DE,0x00AD72,bsr.w $ad72
cdi_t7g,cdi_t7g,0x00B4E6,0x00AD72,bsr.w $ad72
cdi_t7g,cdi_t7g,0x00B4EE,0x00AD72,bsr.w $ad72
cdi_t7g,cdi_t7g,0x00B4F6,0x00AD72,bsr.w $ad72
cdi_t7g,cdi_t7g,0x00B4FE,0x00AD72,bsr.w $ad72
cdi_t7g,cdi_t7g,0x00B506,0x00AD72,bsr.w $ad72
cdi_t7g,cdi_t7g,0x00B52E,0x01007E,bsr.w $1007e
cdi_t7g,cdi_t7g,0x00B538,0x0116C6,bsr.w $116c6
cdi_t7g,cdi_t7g,0x00B53E,0x010176,bsr.w $10176
cdi_t7g,cdi_t7g,0x00B54C,0x00AD72,bsr.w $ad72
cdi_t7g,cdi_t7g,0x00B554,0x00FDE2,bsr.w $fde2
cdi_t7g,cdi_t7g,0x00B560,0x00AD72,bsr.w $ad72
cdi_t7g,cdi_t7g,0x00B568,0x0101A2,bsr.w $101a2
cdi_t7g,cdi_t7g,0x00B578,0x00AD72,bsr.w $ad72
cdi_t7g,cdi_t7g,0x00B580,0x0101A2,bsr.w $101a2
cdi_t7g,cdi_t7g,0x00B590,0x00AD72,bsr.w $ad72
cdi_t7g,cdi_t7g,0x00B598,0x0101A2,bsr.w $101a2
cdi_t7g,cdi_t7g,0x00B5A8,0x00AD72,bsr.w $ad72
cdi_t7g,cdi_t7g,0x00B5B0,0x0101A2,bsr.w $101a2
cdi_t7g,cdi_t7g,0x00B5C0,0x00AD72,bsr.w $ad72
cdi_t7g,cdi_t7g,0x00B5C8,0x0101A2,bsr.w $101a2
cdi_t7g,cdi_t7g,0x00B5D8,0x00AD72,bsr.w $ad72
cdi_t7g,cdi_t7g,0x00B5E0,0x0101A2,bsr.w $101a2
cdi_t7g,cdi_t7g,0x00B5F0,0x00AD72,bsr.w $ad72
cdi_t7g,cdi_t7g,0x00B5F8,0x0101A2,bsr.w $101a2
cdi_t7g,cdi_t7g,0x00B60A,0x00AD72,bsr.w $ad72
cdi_t7g,cdi_t7g,0x00B61E,0x010176,bsr.w $10176
cdi_t7g,cdi_t7g,0x00B630,0x00BD7E,bsr.w $bd7e
cdi_t7g,cdi_t7g,0x00B662,0x00AD72,bsr.w $ad72
cdi_t7g,cdi_t7g,0x00B66A,0x00AD72,bsr.w $ad72
cdi_t7g,cdi_t7g,0x00B672,0x00AD72,bsr.w $ad72
cdi_t7g,cdi_t7g,0x00B67A,0x00AD72,bsr.w $ad72
cdi_t7g,cdi_t7g,0x00B6AE,0x00AD72,bsr.w $ad72
cdi_t7g,cdi_t7g,0x00B6C0,0x00AD72,bsr.w $ad72
cdi_t7g,cdi_t7g,0x00B6F0,0x00AD72,bsr.w $ad72
cdi_t7g,cdi_t7g,0x00B70C,0x00AD72,bsr.w $ad72
cdi_t7g,cdi_t7g,0x00B714,0x00AD72,bsr.w $ad72
cdi_t7g,cdi_t7g,0x00B71C,0x00AD72,bsr.w $ad72
cdi_t7g,cdi_t7g,0x00B766,0x00AD72,bsr.w $ad72
cdi_t7g,cdi_t7g,0x00B76E,0x00AD72,bsr.w $ad72
cdi_t7g,cdi_t7g,0x00B776,0x00AD72,bsr.w $ad72
cdi_t7g,cdi_t7g,0x00B7AE,0x00AD72,bsr.w $ad72
cdi_t7g,cdi_t7g,0x00B7C2,0x00AD72,bsr.w $ad72
cdi_t7g,cdi_t7g,0x00B7D6,0x00AD72,bsr.w $ad72
cdi_t7g,cdi_t7g,0x00B80C,0x00AD72,bsr.w $ad72
cdi_t7g,cdi_t7g,0x00B834,0x00BD7E,bsr.w $bd7e
cdi_t7g,cdi_t7g,0x00B8C4,0x00BD50,bsr.w $bd50
cdi_t7g,cdi_t7g,0x00B8EC,0x00BD50,bsr.w $bd50
cdi_t7g,cdi_t7g,0x00B8FE,0x00BC9E,bsr.w $bc9e
cdi_t7g,cdi_t7g,0x00B904,0x00BD36,bsr.w $bd36
cdi_t7g,cdi_t7g,0x00B90E,0x00BD50,bsr.w $bd50
cdi_t7g,cdi_t7g,0x00B928,0x00BC9E,bsr.w $bc9e
cdi_t7g,cdi_t7g,0x00B934,0x00BD50,bsr.w $bd50
cdi_t7g,cdi_t7g,0x00B93E,0x00BC9E,bsr.w $bc9e
cdi_t7g,cdi_t7g,0x00B944,0x00BD36,bsr.w $bd36
cdi_t7g,cdi_t7g,0x00B958,0x00BD50,bsr.w $bd50
cdi_t7g,cdi_t7g,0x00B962,0x00BC9E,bsr.w $bc9e
cdi_t7g,cdi_t7g,0x00B96E,0x00BD50,bsr.w $bd50
cdi_t7g,cdi_t7g,0x00B978,0x00BC9E,bsr.w $bc9e
cdi_t7g,cdi_t7g,0x00B97E,0x00BD36,bsr.w $bd36
cdi_t7g,cdi_t7g,0x00B988,0x00BD36,bsr.w $bd36
cdi_t7g,cdi_t7g,0x00B990,0x00BD50,bsr.w $bd50
cdi_t7g,cdi_t7g,0x00B9AC,0x00FBB2,bsr.w $fbb2
cdi_t7g,cdi_t7g,0x00B9B6,0x00BD50,bsr.w $bd50
cdi_t7g,cdi_t7g,0x00B9D4,0x00BD50,bsr.w $bd50
cdi_t7g,cdi_t7g,0x00B9E0,0x00BC9E,bsr.w $bc9e
cdi_t7g,cdi_t7g,0x00B9EC,0x00BD50,bsr.w $bd50
cdi_t7g,cdi_t7g,0x00BA12,0x00BD50,bsr.w $bd50
cdi_t7g,cdi_t7g,0x00BA1E,0x00BC9E,bsr.w $bc9e
cdi_t7g,cdi_t7g,0x00BA24,0x00BD36,bsr.w $bd36
cdi_t7g,cdi_t7g,0x00BA2C,0x00BD36,bsr.w $bd36
cdi_t7g,cdi_t7g,0x00BA34,0x00BD7E,bsr.w $bd7e
cdi_t7g,cdi_t7g,0x00BA5E,0x00AD72,bsr.w $ad72
cdi_t7g,cdi_t7g,0x00BA72,0x00BBFE,bsr.w $bbfe
cdi_t7g,cdi_t7g,0x00BAD0,0x00BBFE,bsr.w $bbfe
cdi_t7g,cdi_t7g,0x00BB4C,0x00BD7E,bsr.w $bd7e
cdi_t7g,cdi_t7g,0x00BB58,0x00BBCE,bsr.b $bbce
cdi_t7g,cdi_t7g,0x00BBBE,0x00BD50,bsr.w $bd50
cdi_t7g,cdi_t7g,0x00BBE4,0x00BD50,bsr.w $bd50
cdi_t7g,cdi_t7g,0x00BBEE,0x00BCEA,bsr.w $bcea
cdi_t7g,cdi_t7g,0x00BBF8,0x00BD36,bsr.w $bd36
cdi_t7g,cdi_t7g,0x00BC34,0x00BD7E,bsr.w $bd7e
cdi_t7g,cdi_t7g,0x00BC88,0x00BD50,bsr.w $bd50
cdi_t7g,cdi_t7g,0x00BCD2,0x00BD50,bsr.w $bd50
cdi_t7g,cdi_t7g,0x00BD20,0x00BD50,bsr.w $bd50
cdi_t7g,cdi_t7g,0x00BD82,0x00BD50,bsr.w $bd50
cdi_t7g,cdi_t7g,0x00BD8C,0x00BD50,bsr.w $bd50
cdi_t7g,cdi_t7g,0x00BD96,0x00BC9E,bsr.w $bc9e
cdi_t7g,cdi_t7g,0x00BD9C,0x00BD36,bsr.w $bd36
cdi_t7g,cdi_t7g,0x00BDBA,0x00BD7E,bsr.w $bd7e
cdi_t7g,cdi_t7g,0x00BDF4,0x00BD50,bsr.w $bd50
cdi_t7g,cdi_t7g,0x00BE2A,0x00BD50,bsr.w $bd50
cdi_t7g,cdi_t7g,0x00BE3E,0x00BC9E,bsr.w $bc9e
cdi_t7g,cdi_t7g,0x00BE4E,0x00BD50,bsr.w $bd50
cdi_t7g,cdi_t7g,0x00BE5C,0x00BED0,bsr.b $bed0
cdi_t7g,cdi_t7g,0x00BE84,0x01007E,bsr.w $1007e
cdi_t7g,cdi_t7g,0x00BE92,0x010322,bsr.w $10322
cdi_t7g,cdi_t7g,0x00BEBC,0x01007E,bsr.w $1007e
cdi_t7g,cdi_t7g,0x00BECA,0x010322,bsr.w $10322
cdi_t7g,cdi_t7g,0x00BEF4,0x01007E,bsr.w $1007e
cdi_t7g,cdi_t7g,0x00BF02,0x010322,bsr.w $10322
cdi_t7g,cdi_t7g,0x00BF2E,0x01007E,bsr.w $1007e
cdi_t7g,cdi_t7g,0x00BF3C,0x010322,bsr.w $10322
cdi_t7g,cdi_t7g,0x00BF56,0x00BD7E,bsr.w $bd7e
cdi_t7g,cdi_t7g,0x00BF64,0x00BFD2,bsr.b $bfd2
cdi_t7g,cdi_t7g,0x00BF80,0x00BFF0,bsr.b $bff0
cdi_t7g,cdi_t7g,0x00BF90,0x00BD7E,bsr.w $bd7e
cdi_t7g,cdi_t7g,0x00BF9E,0x00C00C,bsr.b $c00c
cdi_t7g,cdi_t7g,0x00BFBA,0x00C02A,bsr.b $c02a
cdi_t7g,cdi_t7g,0x00BFCA,0x00BD7E,bsr.w $bd7e
cdi_t7g,cdi_t7g,0x00BFD8,0x00C046,bsr.b $c046
cdi_t7g,cdi_t7g,0x00BFFC,0x00BD7E,bsr.w $bd7e
cdi_t7g,cdi_t7g,0x00C00A,0x00C078,bsr.b $c078
cdi_t7g,cdi_t7g,0x00C038,0x00BD7E,bsr.w $bd7e
cdi_t7g,cdi_t7g,0x00C046,0x00C0BC,bsr.b $c0bc
cdi_t7g,cdi_t7g,0x00C0B8,0x00BD50,bsr.w $bd50
cdi_t7g,cdi_t7g,0x00C0C8,0x00C13E,bsr.b $c13e
cdi_t7g,cdi_t7g,0x00C0E2,0x00BC9E,bsr.w $bc9e
cdi_t7g,cdi_t7g,0x00C0EE,0x00BD50,bsr.w $bd50
cdi_t7g,cdi_t7g,0x00C100,0x00BC9E,bsr.w $bc9e
cdi_t7g,cdi_t7g,0x00C106,0x00BD36,bsr.w $bd36
cdi_t7g,cdi_t7g,0x00C110,0x0102D4,bsr.w $102d4
cdi_t7g,cdi_t7g,0x00C11C,0x0102D4,bsr.w $102d4
cdi_t7g,cdi_t7g,0x00C128,0x0102D4,bsr.w $102d4
cdi_t7g,cdi_t7g,0x00C134,0x0102D4,bsr.w $102d4
cdi_t7g,cdi_t7g,0x00C13A,0x00BD36,bsr.w $bd36
cdi_t7g,cdi_t7g,0x00C13E,0x00BD36,bsr.w $bd36
cdi_t7g,cdi_t7g,0x00C148,0x010442,bsr.w $10442
cdi_t7g,cdi_t7g,0x00C14C,0x00BD36,bsr.w $bd36
cdi_t7g,cdi_t7g,0x00C154,0x00BD7E,bsr.w $bd7e
cdi_t7g,cdi_t7g,0x00C162,0x00C1D8,bsr.b $c1d8
cdi_t7g,cdi_t7g,0x00C186,0x00BD7E,bsr.w $bd7e
cdi_t7g,cdi_t7g,0x00C196,0x00C20C,bsr.b $c20c
cdi_t7g,cdi_t7g,0x00C1EE,0x00C32A,bsr.w $c32a
cdi_t7g,cdi_t7g,0x00C1F2,0x00C34A,bsr.w $c34a
cdi_t7g,cdi_t7g,0x00C23A,0x00BD7E,bsr.w $bd7e
cdi_t7g,cdi_t7g,0x00C35C,0x00FFC0,bsr.w $ffc0
cdi_t7g,cdi_t7g,0x00C360,0x00DFA2,bsr.w $dfa2
cdi_t7g,cdi_t7g,0x00C364,0x00E65E,bsr.w $e65e
cdi_t7g,cdi_t7g,0x00C368,0x00C464,bsr.w $c464
cdi_t7g,cdi_t7g,0x00C36C,0x00CD4E,bsr.w $cd4e
cdi_t7g,cdi_t7g,0x00C370,0x00BBBA,bsr.w $bbba
cdi_t7g,cdi_t7g,0x00C37A,0x00FC8A,bsr.w $fc8a
cdi_t7g,cdi_t7g,0x00C380,0x00BD36,bsr.w $bd36
cdi_t7g,cdi_t7g,0x00C384,0x00BD36,bsr.w $bd36
cdi_t7g,cdi_t7g,0x00C38E,0x00BD50,bsr.w $bd50
cdi_t7g,cdi_t7g,0x00C3BC,0x00BC9E,bsr.w $bc9e
cdi_t7g,cdi_t7g,0x00C3C6,0x00BD50,bsr.w $bd50
cdi_t7g,cdi_t7g,0x00C3D2,0x00BD36,bsr.w $bd36
cdi_t7g,cdi_t7g,0x00C3D6,0x00BD36,bsr.w $bd36
cdi_t7g,cdi_t7g,0x00C408,0x00BD7E,bsr.w $bd7e
cdi_t7g,cdi_t7g,0x00C442,0x00BD7E,bsr.w $bd7e
cdi_t7g,cdi_t7g,0x00C468,0x00BD50,bsr.w $bd50
cdi_t7g,cdi_t7g,0x00C47E,0x00BD50,bsr.w $bd50
cdi_t7g,cdi_t7g,0x00C492,0x00BC54,bsr.w $bc54
cdi_t7g,cdi_t7g,0x00C498,0x00BD36,bsr.w $bd36
cdi_t7g,cdi_t7g,0x00C49C,0x00BD36,bsr.w $bd36
cdi_t7g,cdi_t7g,0x00C4C6,0x00BD7E,bsr.w $bd7e
cdi_t7g,cdi_t7g,0x00C508,0x00E6E6,bsr.w $e6e6
cdi_t7g,cdi_t7g,0x00C510,0x0100E4,bsr.w $100e4
cdi_t7g,cdi_t7g,0x00C51E,0x00C9FE,bsr.w $c9fe
cdi_t7g,cdi_t7g,0x00C590,0x00BD7E,bsr.w $bd7e
cdi_t7g,cdi_t7g,0x00C5BC,0x00C9D8,bsr.w $c9d8
cdi_t7g,cdi_t7g,0x00C5C4,0x0100E4,bsr.w $100e4
cdi_t7g,cdi_t7g,0x00C61C,0x00E242,bsr.w $e242
cdi_t7g,cdi_t7g,0x00C626,0x00CE22,bsr.w $ce22
cdi_t7g,cdi_t7g,0x00C664,0x010256,bsr.w $10256
cdi_t7g,cdi_t7g,0x00C66E,0x00C7D6,bsr.w $c7d6
cdi_t7g,cdi_t7g,0x00C672,0x00C86E,bsr.w $c86e
cdi_t7g,cdi_t7g,0x00C67C,0x00C450,bsr.w $c450
cdi_t7g,cdi_t7g,0x00C754,0x00BD50,bsr.w $bd50
cdi_t7g,cdi_t7g,0x00C77A,0x00BC9E,bsr.w $bc9e
cdi_t7g,cdi_t7g,0x00C780,0x00BD36,bsr.w $bd36
cdi_t7g,cdi_t7g,0x00C786,0x00BD7E,bsr.w $bd7e
cdi_t7g,cdi_t7g,0x00C864,0x00C3DC,bsr.w $c3dc
cdi_t7g,cdi_t7g,0x00C87A,0x00D340,bsr.w $d340
cdi_t7g,cdi_t7g,0x00C886,0x00C45A,bsr.w $c45a
cdi_t7g,cdi_t7g,0x00C890,0x00C416,bsr.w $c416
cdi_t7g,cdi_t7g,0x00C8EC,0x00BD7E,bsr.w $bd7e
cdi_t7g,cdi_t7g,0x00C912,0x00BD7E,bsr.w $bd7e
cdi_t7g,cdi_t7g,0x00C924,0x00C99A,bsr.b $c99a
cdi_t7g,cdi_t7g,0x00C926,0x00C948,bsr.b $c948
cdi_t7g,cdi_t7g,0x00C94C,0x00C3DC,bsr.w $c3dc
cdi_t7g,cdi_t7g,0x00C96A,0x00C3DC,bsr.w $c3dc
cdi_t7g,cdi_t7g,0x00C986,0x00C3DC,bsr.w $c3dc
cdi_t7g,cdi_t7g,0x00C98E,0x00C9D8,bsr.w $c9d8
cdi_t7g,cdi_t7g,0x00C992,0x00C9EA,bsr.w $c9ea
cdi_t7g,cdi_t7g,0x00C9B4,0x00C9D8,bsr.w $c9d8
cdi_t7g,cdi_t7g,0x00C9B8,0x00C9EA,bsr.w $c9ea
cdi_t7g,cdi_t7g,0x00C9D2,0x00C9EA,bsr.w $c9ea
cdi_t7g,cdi_t7g,0x00CA06,0x013E52,bsr.w $13e52
cdi_t7g,cdi_t7g,0x00CA16,0x013E3E,bsr.w $13e3e
cdi_t7g,cdi_t7g,0x00CA22,0x013E24,bsr.w $13e24
cdi_t7g,cdi_t7g,0x00CA3A,0x00BD7E,bsr.w $bd7e
cdi_t7g,cdi_t7g,0x00CA4C,0x00CA82,bsr.w $ca82
cdi_t7g,cdi_t7g,0x00CA6A,0x00BD7E,bsr.w $bd7e
cdi_t7g,cdi_t7g,0x00CA8A,0x013E52,bsr.w $13e52
cdi_t7g,cdi_t7g,0x00CA9A,0x013E3E,bsr.w $13e3e
cdi_t7g,cdi_t7g,0x00CAA6,0x013E24,bsr.w $13e24
cdi_t7g,cdi_t7g,0x00CABE,0x00BD7E,bsr.w $bd7e
cdi_t7g,cdi_t7g,0x00CAD0,0x00CD00,bsr.w $cd00
cdi_t7g,cdi_t7g,0x00CAD4,0x00CB0A,bsr.w $cb0a
cdi_t7g,cdi_t7g,0x00CADE,0x00C204,bsr.w $c204
cdi_t7g,cdi_t7g,0x00CB86,0x00BD7E,bsr.w $bd7e
cdi_t7g,cdi_t7g,0x00CBAE,0x010176,bsr.w $10176
cdi_t7g,cdi_t7g,0x00CBD0,0x00CC52,bsr.w $cc52
cdi_t7g,cdi_t7g,0x00CBDC,0x00D006,bsr.w $d006
cdi_t7g,cdi_t7g,0x00CBEE,0x00BD36,bsr.w $bd36
cdi_t7g,cdi_t7g,0x00CBF6,0x00BD50,bsr.w $bd50
cdi_t7g,cdi_t7g,0x00CBFE,0x00CC70,bsr.b $cc70
cdi_t7g,cdi_t7g,0x00CC26,0x00BD50,bsr.w $bd50
cdi_t7g,cdi_t7g,0x00CC2A,0x00BD36,bsr.w $bd36
cdi_t7g,cdi_t7g,0x00CC32,0x00BD7E,bsr.w $bd7e
cdi_t7g,cdi_t7g,0x00CC38,0x00CCAA,bsr.b $ccaa
cdi_t7g,cdi_t7g,0x00CCA6,0x00BD50,bsr.w $bd50
cdi_t7g,cdi_t7g,0x00CCC6,0x00BC9E,bsr.w $bc9e
cdi_t7g,cdi_t7g,0x00CCCC,0x00BD36,bsr.w $bd36
cdi_t7g,cdi_t7g,0x00CCF2,0x00D006,bsr.w $d006
cdi_t7g,cdi_t7g,0x00CD08,0x013E52,bsr.w $13e52
cdi_t7g,cdi_t7g,0x00CD18,0x013E3E,bsr.w $13e3e
cdi_t7g,cdi_t7g,0x00CD24,0x013E24,bsr.w $13e24
cdi_t7g,cdi_t7g,0x00CD3C,0x00BD7E,bsr.w $bd7e
cdi_t7g,cdi_t7g,0x00CD52,0x00BD50,bsr.w $bd50
cdi_t7g,cdi_t7g,0x00CD5C,0x00CDCC,bsr.b $cdcc
cdi_t7g,cdi_t7g,0x00CD68,0x00BD50,bsr.w $bd50
cdi_t7g,cdi_t7g,0x00CD80,0x00BC54,bsr.w $bc54
cdi_t7g,cdi_t7g,0x00CD86,0x00BD36,bsr.w $bd36
cdi_t7g,cdi_t7g,0x00CD90,0x00BD50,bsr.w $bd50
cdi_t7g,cdi_t7g,0x00CDA4,0x00BC54,bsr.w $bc54
cdi_t7g,cdi_t7g,0x00CDAA,0x00BD36,bsr.w $bd36
cdi_t7g,cdi_t7g,0x00CDB8,0x00BD50,bsr.w $bd50
cdi_t7g,cdi_t7g,0x00CDC8,0x00CE3E,bsr.b $ce3e
cdi_t7g,cdi_t7g,0x00CDD2,0x00BC9E,bsr.w $bc9e
cdi_t7g,cdi_t7g,0x00CDD8,0x00BD36,bsr.w $bd36
cdi_t7g,cdi_t7g,0x00CDDC,0x00BD36,bsr.w $bd36
cdi_t7g,cdi_t7g,0x00CE04,0x00E35E,bsr.w $e35e
cdi_t7g,cdi_t7g,0x00CE0C,0x00E034,bsr.w $e034
cdi_t7g,cdi_t7g,0x00CE18,0x00D144,bsr.w $d144
cdi_t7g,cdi_t7g,0x00CE30,0x00D304,bsr.w $d304
cdi_t7g,cdi_t7g,0x00CE38,0x0100E4,bsr.w $100e4
cdi_t7g,cdi_t7g,0x00CE4C,0x00CEEA,bsr.w $ceea
cdi_t7g,cdi_t7g,0x00CEB2,0x00E242,bsr.w $e242
cdi_t7g,cdi_t7g,0x00CF58,0x00D340,bsr.w $d340
cdi_t7g,cdi_t7g,0x00CFD0,0x00D326,bsr.w $d326
cdi_t7g,cdi_t7g,0x00CFE2,0x00D340,bsr.w $d340
cdi_t7g,cdi_t7g,0x00CFF0,0x00CEB8,bsr.w $ceb8
cdi_t7g,cdi_t7g,0x00D018,0x00CEB8,bsr.w $ceb8
cdi_t7g,cdi_t7g,0x00D06E,0x00C45A,bsr.w $c45a
cdi_t7g,cdi_t7g,0x00D076,0x00C416,bsr.w $c416
cdi_t7g,cdi_t7g,0x00D0B6,0x01007E,bsr.w $1007e
cdi_t7g,cdi_t7g,0x00D0C0,0x010322,bsr.w $10322
cdi_t7g,cdi_t7g,0x00D118,0x00E242,bsr.w $e242
cdi_t7g,cdi_t7g,0x00D134,0x00BD7E,bsr.w $bd7e
cdi_t7g,cdi_t7g,0x00D190,0x00BD7E,bsr.w $bd7e
cdi_t7g,cdi_t7g,0x00D1B4,0x00D304,bsr.w $d304
cdi_t7g,cdi_t7g,0x00D1D0,0x00D228,bsr.w $d228
cdi_t7g,cdi_t7g,0x00D1DA,0x00D228,bsr.w $d228
cdi_t7g,cdi_t7g,0x00D1EC,0x00D340,bsr.w $d340
cdi_t7g,cdi_t7g,0x00D202,0x00D228,bsr.w $d228
cdi_t7g,cdi_t7g,0x00D20C,0x00BD7E,bsr.w $bd7e
cdi_t7g,cdi_t7g,0x00D220,0x00D286,bsr.b $d286
cdi_t7g,cdi_t7g,0x00D236,0x00E35E,bsr.w $e35e
cdi_t7g,cdi_t7g,0x00D26A,0x00D304,bsr.w $d304
cdi_t7g,cdi_t7g,0x00D2B0,0x00BD7E,bsr.w $bd7e
cdi_t7g,cdi_t7g,0x00D2EA,0x00BD7E,bsr.w $bd7e
cdi_t7g,cdi_t7g,0x00D2FC,0x00D362,bsr.b $d362
cdi_t7g,cdi_t7g,0x00D352,0x00C416,bsr.w $c416
cdi_t7g,cdi_t7g,0x00D368,0x00D228,bsr.w $d228
cdi_t7g,cdi_t7g,0x00D3BE,0x01007E,bsr.w $1007e
cdi_t7g,cdi_t7g,0x00D3C8,0x010322,bsr.w $10322
cdi_t7g,cdi_t7g,0x00D3DC,0x00DF1A,bsr.w $df1a
cdi_t7g,cdi_t7g,0x00D424,0x01007E,bsr.w $1007e
cdi_t7g,cdi_t7g,0x00D42E,0x010322,bsr.w $10322
cdi_t7g,cdi_t7g,0x00D442,0x00DF1A,bsr.w $df1a
cdi_t7g,cdi_t7g,0x00D48C,0x00DA30,bsr.w $da30
cdi_t7g,cdi_t7g,0x00D4B0,0x00D4E4,bsr.w $d4e4
cdi_t7g,cdi_t7g,0x00D4C4,0x00BD7E,bsr.w $bd7e
cdi_t7g,cdi_t7g,0x00D4CC,0x00D532,bsr.b $d532
cdi_t7g,cdi_t7g,0x00D4F2,0x00D4E4,bsr.w $d4e4
cdi_t7g,cdi_t7g,0x00D50C,0x00DEB2,bsr.w $deb2
cdi_t7g,cdi_t7g,0x00D51A,0x00DA30,bsr.w $da30
cdi_t7g,cdi_t7g,0x00D558,0x00D4E4,bsr.w $d4e4
cdi_t7g,cdi_t7g,0x00D56E,0x00BD50,bsr.w $bd50
cdi_t7g,cdi_t7g,0x00D588,0x00BC54,bsr.w $bc54
cdi_t7g,cdi_t7g,0x00D58E,0x00BD36,bsr.w $bd36
cdi_t7g,cdi_t7g,0x00D592,0x00D606,bsr.w $d606
cdi_t7g,cdi_t7g,0x00D59A,0x00BD50,bsr.w $bd50
cdi_t7g,cdi_t7g,0x00D5B6,0x00BD50,bsr.w $bd50
cdi_t7g,cdi_t7g,0x00D5C0,0x00BC9E,bsr.w $bc9e
cdi_t7g,cdi_t7g,0x00D5C6,0x00BD36,bsr.w $bd36
cdi_t7g,cdi_t7g,0x00D5CE,0x00DA30,bsr.w $da30
cdi_t7g,cdi_t7g,0x00D5D2,0x00D606,bsr.w $d606
cdi_t7g,cdi_t7g,0x00D5DC,0x010442,bsr.w $10442
cdi_t7g,cdi_t7g,0x00D5E4,0x00BD7E,bsr.w $bd7e
cdi_t7g,cdi_t7g,0x00D60C,0x00BD50,bsr.w $bd50
cdi_t7g,cdi_t7g,0x00D636,0x00BD36,bsr.w $bd36
cdi_t7g,cdi_t7g,0x00D648,0x00BD50,bsr.w $bd50
cdi_t7g,cdi_t7g,0x00D652,0x00BC54,bsr.w $bc54
cdi_t7g,cdi_t7g,0x00D658,0x00BD36,bsr.w $bd36
cdi_t7g,cdi_t7g,0x00D660,0x00BD36,bsr.w $bd36
cdi_t7g,cdi_t7g,0x00D66E,0x00DA30,bsr.w $da30
cdi_t7g,cdi_t7g,0x00D672,0x00DA40,bsr.w $da40
cdi_t7g,cdi_t7g,0x00D688,0x00DAC8,bsr.w $dac8
cdi_t7g,cdi_t7g,0x00D6AA,0x00DA30,bsr.w $da30
cdi_t7g,cdi_t7g,0x00D6B2,0x00D6E8,bsr.w $d6e8
cdi_t7g,cdi_t7g,0x00D6B8,0x01010E,bsr.w $1010e
cdi_t7g,cdi_t7g,0x00D6D0,0x00DA30,bsr.w $da30
cdi_t7g,cdi_t7g,0x00D6D8,0x00D6E8,bsr.w $d6e8
cdi_t7g,cdi_t7g,0x00D714,0x00DF1A,bsr.w $df1a
cdi_t7g,cdi_t7g,0x00D728,0x00DA30,bsr.w $da30
cdi_t7g,cdi_t7g,0x00D73E,0x010134,bsr.w $10134
cdi_t7g,cdi_t7g,0x00D75A,0x00DA30,bsr.w $da30
cdi_t7g,cdi_t7g,0x00D79E,0x00DA30,bsr.w $da30
cdi_t7g,cdi_t7g,0x00D7D4,0x00DA30,bsr.w $da30
cdi_t7g,cdi_t7g,0x00D810,0x00DA30,bsr.w $da30
cdi_t7g,cdi_t7g,0x00D82E,0x00DA30,bsr.w $da30
cdi_t7g,cdi_t7g,0x00D894,0x00DA30,bsr.w $da30
cdi_t7g,cdi_t7g,0x00D990,0x01089A,bsr.w $1089a
cdi_t7g,cdi_t7g,0x00D9A4,0x01089A,bsr.w $1089a
cdi_t7g,cdi_t7g,0x00D9AE,0x00DF3A,bsr.w $df3a
cdi_t7g,cdi_t7g,0x00D9C2,0x00BD7E,bsr.w $bd7e
cdi_t7g,cdi_t7g,0x00D9F0,0x010322,bsr.w $10322
cdi_t7g,cdi_t7g,0x00DA04,0x010322,bsr.w $10322
cdi_t7g,cdi_t7g,0x00DA26,0x00ED08,bsr.w $ed08
cdi_t7g,cdi_t7g,0x00DA46,0x00DA50,bsr.w $da50
cdi_t7g,cdi_t7g,0x00DA4A,0x00DA88,bsr.w $da88
cdi_t7g,cdi_t7g,0x00DA5A,0x01080C,bsr.w $1080c
cdi_t7g,cdi_t7g,0x00DA92,0x01080C,bsr.w $1080c
cdi_t7g,cdi_t7g,0x00DB1C,0x00BD7E,bsr.w $bd7e
cdi_t7g,cdi_t7g,0x00DB42,0x00DAD2,bsr.w $dad2
cdi_t7g,cdi_t7g,0x00DB4C,0x00DAD2,bsr.w $dad2
cdi_t7g,cdi_t7g,0x00DB5E,0x01119C,bsr.w $1119c
cdi_t7g,cdi_t7g,0x00DB6E,0x00DD26,bsr.w $dd26
cdi_t7g,cdi_t7g,0x00DB80,0x01119C,bsr.w $1119c
cdi_t7g,cdi_t7g,0x00DB90,0x00DD26,bsr.w $dd26
cdi_t7g,cdi_t7g,0x00DBA2,0x01119C,bsr.w $1119c
cdi_t7g,cdi_t7g,0x00DBB2,0x00DD26,bsr.w $dd26
cdi_t7g,cdi_t7g,0x00DBC4,0x00DD26,bsr.w $dd26
cdi_t7g,cdi_t7g,0x00DBCA,0x00DDCE,bsr.w $ddce
cdi_t7g,cdi_t7g,0x00DBDA,0x01080C,bsr.w $1080c
cdi_t7g,cdi_t7g,0x00DBE8,0x01080C,bsr.w $1080c
cdi_t7g,cdi_t7g,0x00DC36,0x01119C,bsr.w $1119c
cdi_t7g,cdi_t7g,0x00DC3A,0x00DDCE,bsr.w $ddce
cdi_t7g,cdi_t7g,0x00DC4A,0x01080C,bsr.w $1080c
cdi_t7g,cdi_t7g,0x00DC56,0x01080C,bsr.w $1080c
cdi_t7g,cdi_t7g,0x00DD26,0x00DDCE,bsr.w $ddce
cdi_t7g,cdi_t7g,0x00DD38,0x01080C,bsr.w $1080c
cdi_t7g,cdi_t7g,0x00DD44,0x01080C,bsr.w $1080c
cdi_t7g,cdi_t7g,0x00DF5E,0x00BD50,bsr.w $bd50
cdi_t7g,cdi_t7g,0x00DF7E,0x00BC9E,bsr.w $bc9e
cdi_t7g,cdi_t7g,0x00DF8A,0x00BD50,bsr.w $bd50
cdi_t7g,cdi_t7g,0x00DF96,0x00BC9E,bsr.w $bc9e
cdi_t7g,cdi_t7g,0x00DF9C,0x00BD36,bsr.w $bd36
cdi_t7g,cdi_t7g,0x00DFA2,0x00BD36,bsr.w $bd36
cdi_t7g,cdi_t7g,0x00DFAA,0x00BD50,bsr.w $bd50
cdi_t7g,cdi_t7g,0x00DFC0,0x00BD50,bsr.w $bd50
cdi_t7g,cdi_t7g,0x00DFCC,0x00E042,bsr.b $e042
cdi_t7g,cdi_t7g,0x00DFD8,0x00BC9E,bsr.w $bc9e
cdi_t7g,cdi_t7g,0x00DFDE,0x00BD36,bsr.w $bd36
cdi_t7g,cdi_t7g,0x00DFE8,0x00BD50,bsr.w $bd50
cdi_t7g,cdi_t7g,0x00E000,0x00BC54,bsr.w $bc54
cdi_t7g,cdi_t7g,0x00E006,0x00BD36,bsr.w $bd36
cdi_t7g,cdi_t7g,0x00E010,0x00BD50,bsr.w $bd50
cdi_t7g,cdi_t7g,0x00E024,0x00BC54,bsr.w $bc54
cdi_t7g,cdi_t7g,0x00E02A,0x00BD36,bsr.w $bd36
cdi_t7g,cdi_t7g,0x00E02E,0x00BD36,bsr.w $bd36
cdi_t7g,cdi_t7g,0x00E068,0x00BD50,bsr.w $bd50
cdi_t7g,cdi_t7g,0x00E080,0x00BC9E,bsr.w $bc9e
cdi_t7g,cdi_t7g,0x00E086,0x00BD36,bsr.w $bd36
cdi_t7g,cdi_t7g,0x00E0A4,0x00C204,bsr.w $c204
cdi_t7g,cdi_t7g,0x00E0EE,0x01007E,bsr.w $1007e
cdi_t7g,cdi_t7g,0x00E0F8,0x010322,bsr.w $10322
cdi_t7g,cdi_t7g,0x00E122,0x00E598,bsr.w $e598
cdi_t7g,cdi_t7g,0x00E134,0x00E4DC,bsr.w $e4dc
cdi_t7g,cdi_t7g,0x00E158,0x00E242,bsr.w $e242
cdi_t7g,cdi_t7g,0x00E16E,0x00E1A4,bsr.w $e1a4
cdi_t7g,cdi_t7g,0x00E17C,0x00BD7E,bsr.w $bd7e
cdi_t7g,cdi_t7g,0x00E1B4,0x00C02A,bsr.w $c02a
cdi_t7g,cdi_t7g,0x00E1D0,0x00E598,bsr.w $e598
cdi_t7g,cdi_t7g,0x00E1E0,0x00E4DC,bsr.w $e4dc
cdi_t7g,cdi_t7g,0x00E1EA,0x00E638,bsr.w $e638
cdi_t7g,cdi_t7g,0x00E1F8,0x012550,bsr.w $12550
cdi_t7g,cdi_t7g,0x00E21A,0x00E242,bsr.w $e242
cdi_t7g,cdi_t7g,0x00E222,0x00E034,bsr.w $e034
cdi_t7g,cdi_t7g,0x00E232,0x00C178,bsr.w $c178
cdi_t7g,cdi_t7g,0x00E2C0,0x00BD50,bsr.w $bd50
cdi_t7g,cdi_t7g,0x00E2E2,0x00BC54,bsr.w $bc54
cdi_t7g,cdi_t7g,0x00E2EC,0x00BD7E,bsr.w $bd7e
cdi_t7g,cdi_t7g,0x00E2F8,0x00BD50,bsr.w $bd50
cdi_t7g,cdi_t7g,0x00E30A,0x00BC9E,bsr.w $bc9e
cdi_t7g,cdi_t7g,0x00E312,0x00BD7E,bsr.w $bd7e
cdi_t7g,cdi_t7g,0x00E33E,0x00BD7E,bsr.w $bd7e
cdi_t7g,cdi_t7g,0x00E38A,0x00BD50,bsr.w $bd50
cdi_t7g,cdi_t7g,0x00E394,0x00E3F8,bsr.b $e3f8
cdi_t7g,cdi_t7g,0x00E39E,0x00BC9E,bsr.w $bc9e
cdi_t7g,cdi_t7g,0x00E3A8,0x00BD7E,bsr.w $bd7e
cdi_t7g,cdi_t7g,0x00E3B0,0x00E414,bsr.b $e414
cdi_t7g,cdi_t7g,0x00E3E4,0x00E41A,bsr.b $e41a
cdi_t7g,cdi_t7g,0x00E3EE,0x00E426,bsr.w $e426
cdi_t7g,cdi_t7g,0x00E3F8,0x00E442,bsr.w $e442
cdi_t7g,cdi_t7g,0x00E402,0x00E462,bsr.w $e462
cdi_t7g,cdi_t7g,0x00E40C,0x00E48C,bsr.w $e48c
cdi_t7g,cdi_t7g,0x00E42A,0x00BD50,bsr.w $bd50
cdi_t7g,cdi_t7g,0x00E662,0x00BD50,bsr.w $bd50
cdi_t7g,cdi_t7g,0x00E668,0x00E6E0,bsr.b $e6e0
cdi_t7g,cdi_t7g,0x00E678,0x00BD50,bsr.w $bd50
cdi_t7g,cdi_t7g,0x00E67E,0x00E6F6,bsr.b $e6f6
cdi_t7g,cdi_t7g,0x00E684,0x00E6FA,bsr.b $e6fa
cdi_t7g,cdi_t7g,0x00E68E,0x00BC9E,bsr.w $bc9e
cdi_t7g,cdi_t7g,0x00E694,0x00BD36,bsr.w $bd36
cdi_t7g,cdi_t7g,0x00E69E,0x00BD50,bsr.w $bd50
cdi_t7g,cdi_t7g,0x00E6A8,0x00E720,bsr.b $e720
cdi_t7g,cdi_t7g,0x00E6B2,0x00BC54,bsr.w $bc54
cdi_t7g,cdi_t7g,0x00E6B8,0x00BD36,bsr.w $bd36
cdi_t7g,cdi_t7g,0x00E6BC,0x00BD36,bsr.w $bd36
cdi_t7g,cdi_t7g,0x00E6C8,0x00C204,bsr.w $c204
cdi_t7g,cdi_t7g,0x00E6D6,0x00C204,bsr.w $c204
cdi_t7g,cdi_t7g,0x00E6F8,0x00E35E,bsr.w $e35e
cdi_t7g,cdi_t7g,0x00E700,0x00E034,bsr.w $e034
cdi_t7g,cdi_t7g,0x00E71C,0x00E86A,bsr.w $e86a
cdi_t7g,cdi_t7g,0x00E72A,0x00CDE2,bsr.w $cde2
cdi_t7g,cdi_t7g,0x00E758,0x01007E,bsr.w $1007e
cdi_t7g,cdi_t7g,0x00E77A,0x010256,bsr.w $10256
cdi_t7g,cdi_t7g,0x00E79A,0x00E034,bsr.w $e034
cdi_t7g,cdi_t7g,0x00E7B8,0x00E242,bsr.w $e242
cdi_t7g,cdi_t7g,0x00E7D4,0x00BD7E,bsr.w $bd7e
cdi_t7g,cdi_t7g,0x00E7D8,0x00E850,bsr.b $e850
cdi_t7g,cdi_t7g,0x00E824,0x00BD50,bsr.w $bd50
cdi_t7g,cdi_t7g,0x00E82A,0x00E8A2,bsr.b $e8a2
cdi_t7g,cdi_t7g,0x00E830,0x00E8A6,bsr.b $e8a6
cdi_t7g,cdi_t7g,0x00E83C,0x00BC9E,bsr.w $bc9e
cdi_t7g,cdi_t7g,0x00E842,0x00BD36,bsr.w $bd36
cdi_t7g,cdi_t7g,0x00E84A,0x00BD7E,bsr.w $bd7e
cdi_t7g,cdi_t7g,0x00E84E,0x00E8C6,bsr.b $e8c6
cdi_t7g,cdi_t7g,0x00E860,0x00E8CE,bsr.b $e8ce
cdi_t7g,cdi_t7g,0x00E878,0x00E91C,bsr.w $e91c
cdi_t7g,cdi_t7g,0x00E896,0x00E97C,bsr.w $e97c
cdi_t7g,cdi_t7g,0x00E89A,0x00E96E,bsr.w $e96e
cdi_t7g,cdi_t7g,0x00E8AC,0x00E91C,bsr.w $e91c
cdi_t7g,cdi_t7g,0x00E8B2,0x00E8DA,bsr.w $e8da
cdi_t7g,cdi_t7g,0x00E8BC,0x00BD7E,bsr.w $bd7e
cdi_t7g,cdi_t7g,0x00E8C0,0x00E938,bsr.b $e938
cdi_t7g,cdi_t7g,0x00E8D6,0x00E94C,bsr.b $e94c
cdi_t7g,cdi_t7g,0x00E8EA,0x00B854,bsr.w $b854
cdi_t7g,cdi_t7g,0x00E910,0x00B854,bsr.w $b854
cdi_t7g,cdi_t7g,0x00E94A,0x01007E,bsr.w $1007e
cdi_t7g,cdi_t7g,0x00E958,0x010FD2,bsr.w $10fd2
cdi_t7g,cdi_t7g,0x00E95E,0x00C178,bsr.w $c178
cdi_t7g,cdi_t7g,0x00E976,0x00AC5C,bsr.w $ac5c
cdi_t7g,cdi_t7g,0x00EA00,0x00C178,bsr.w $c178
cdi_t7g,cdi_t7g,0x00EA3C,0x00BD7E,bsr.w $bd7e
cdi_t7g,cdi_t7g,0x00EAB6,0x01007E,bsr.w $1007e
cdi_t7g,cdi_t7g,0x00EAC4,0x0116C6,bsr.w $116c6
cdi_t7g,cdi_t7g,0x00EAEE,0x00C02A,bsr.w $c02a
cdi_t7g,cdi_t7g,0x00EAFC,0x00E4DC,bsr.w $e4dc
cdi_t7g,cdi_t7g,0x00EB22,0x010256,bsr.w $10256
cdi_t7g,cdi_t7g,0x00EB2E,0x010322,bsr.w $10322
cdi_t7g,cdi_t7g,0x00EB38,0x00BD7E,bsr.w $bd7e
cdi_t7g,cdi_t7g,0x00EB46,0x00EBBC,bsr.b $ebbc
cdi_t7g,cdi_t7g,0x00EB48,0x00EB6A,bsr.b $eb6a
cdi_t7g,cdi_t7g,0x00EB7E,0x01007E,bsr.w $1007e
cdi_t7g,cdi_t7g,0x00EB90,0x010256,bsr.w $10256
cdi_t7g,cdi_t7g,0x00EB9C,0x010322,bsr.w $10322
cdi_t7g,cdi_t7g,0x00EBDA,0x01007E,bsr.w $1007e
cdi_t7g,cdi_t7g,0x00EC26,0x010322,bsr.w $10322
cdi_t7g,cdi_t7g,0x00EC70,0x01007E,bsr.w $1007e
cdi_t7g,cdi_t7g,0x00EC7A,0x012A22,bsr.w $12a22
cdi_t7g,cdi_t7g,0x00EC9A,0x010256,bsr.w $10256
cdi_t7g,cdi_t7g,0x00ECA6,0x010322,bsr.w $10322
cdi_t7g,cdi_t7g,0x00ECD2,0x00BD7E,bsr.w $bd7e
cdi_t7g,cdi_t7g,0x00ED2A,0x00BD7E,bsr.w $bd7e
cdi_t7g,cdi_t7g,0x00ED56,0x00BD7E,bsr.w $bd7e
cdi_t7g,cdi_t7g,0x00ED7E,0x00F3A2,bsr.w $f3a2
cdi_t7g,cdi_t7g,0x00ED82,0x00F4BC,bsr.w $f4bc
cdi_t7g,cdi_t7g,0x00ED86,0x00F24E,bsr.w $f24e
cdi_t7g,cdi_t7g,0x00ED8A,0x00F324,bsr.w $f324
cdi_t7g,cdi_t7g,0x00ED8E,0x00F21E,bsr.w $f21e
cdi_t7g,cdi_t7g,0x00ED92,0x00EE68,bsr.w $ee68
cdi_t7g,cdi_t7g,0x00ED96,0x00F000,bsr.w $f000
cdi_t7g,cdi_t7g,0x00ED9A,0x00EEFA,bsr.w $eefa
cdi_t7g,cdi_t7g,0x00ED9E,0x00F098,bsr.w $f098
cdi_t7g,cdi_t7g,0x00EDDA,0x01007E,bsr.w $1007e
cdi_t7g,cdi_t7g,0x00EDE4,0x010322,bsr.w $10322
cdi_t7g,cdi_t7g,0x00EDFA,0x0107D0,bsr.w $107d0
cdi_t7g,cdi_t7g,0x00EE2E,0x01007E,bsr.w $1007e
cdi_t7g,cdi_t7g,0x00EE38,0x010322,bsr.w $10322
cdi_t7g,cdi_t7g,0x00EE4E,0x0107D0,bsr.w $107d0
cdi_t7g,cdi_t7g,0x00EE62,0x00D3A2,bsr.w $d3a2
cdi_t7g,cdi_t7g,0x00EEE6,0x00BD7E,bsr.w $bd7e
cdi_t7g,cdi_t7g,0x00EFC4,0x00EFCC,bsr.b $efcc
cdi_t7g,cdi_t7g,0x00EFC8,0x00EFCC,bsr.b $efcc
cdi_t7g,cdi_t7g,0x00EFDC,0x00F19A,bsr.w $f19a
cdi_t7g,cdi_t7g,0x00EFE4,0x00F19A,bsr.w $f19a
cdi_t7g,cdi_t7g,0x00EFEC,0x00BD7E,bsr.w $bd7e
cdi_t7g,cdi_t7g,0x00F084,0x00BD7E,bsr.w $bd7e
cdi_t7g,cdi_t7g,0x00F162,0x00F16E,bsr.w $f16e
cdi_t7g,cdi_t7g,0x00F168,0x00F16E,bsr.w $f16e
cdi_t7g,cdi_t7g,0x00F17A,0x00F19A,bsr.b $f19a
cdi_t7g,cdi_t7g,0x00F180,0x00F19A,bsr.b $f19a
cdi_t7g,cdi_t7g,0x00F186,0x00BD7E,bsr.w $bd7e
cdi_t7g,cdi_t7g,0x00F1E8,0x00BD50,bsr.w $bd50
cdi_t7g,cdi_t7g,0x00F1FE,0x00BC9E,bsr.w $bc9e
cdi_t7g,cdi_t7g,0x00F204,0x00BD36,bsr.w $bd36
cdi_t7g,cdi_t7g,0x00F20A,0x00BD7E,bsr.w $bd7e
cdi_t7g,cdi_t7g,0x00F3AC,0x00FD78,bsr.w $fd78
cdi_t7g,cdi_t7g,0x00F3CE,0x00FD78,bsr.w $fd78
cdi_t7g,cdi_t7g,0x00F3F8,0x00FD78,bsr.w $fd78
cdi_t7g,cdi_t7g,0x00F44C,0x00BD7E,bsr.w $bd7e
cdi_t7g,cdi_t7g,0x00F476,0x013E52,bsr.w $13e52
cdi_t7g,cdi_t7g,0x00F486,0x013E3E,bsr.w $13e3e
cdi_t7g,cdi_t7g,0x00F492,0x013E24,bsr.w $13e24
cdi_t7g,cdi_t7g,0x00F4AA,0x00BD7E,bsr.w $bd7e
cdi_t7g,cdi_t7g,0x00F504,0x00BD7E,bsr.w $bd7e
cdi_t7g,cdi_t7g,0x00F514,0x00F57A,bsr.b $f57a
cdi_t7g,cdi_t7g,0x00F51A,0x00F71E,bsr.w $f71e
cdi_t7g,cdi_t7g,0x00F51E,0x00F7CC,bsr.w $f7cc
cdi_t7g,cdi_t7g,0x00F52A,0x00F57A,bsr.w $f57a
cdi_t7g,cdi_t7g,0x00F53E,0x00F5C4,bsr.w $f5c4
cdi_t7g,cdi_t7g,0x00F558,0x00F664,bsr.w $f664
cdi_t7g,cdi_t7g,0x00F610,0x00F6EA,bsr.w $f6ea
cdi_t7g,cdi_t7g,0x00F616,0x00F66A,bsr.w $f66a
cdi_t7g,cdi_t7g,0x00F726,0x013E52,bsr.w $13e52
cdi_t7g,cdi_t7g,0x00F736,0x013E3E,bsr.w $13e3e
cdi_t7g,cdi_t7g,0x00F742,0x013E24,bsr.w $13e24
cdi_t7g,cdi_t7g,0x00F75A,0x00BD7E,bsr.w $bd7e
cdi_t7g,cdi_t7g,0x00F86A,0x00FA54,bsr.w $fa54
cdi_t7g,cdi_t7g,0x00F86E,0x00FBD6,bsr.w $fbd6
cdi_t7g,cdi_t7g,0x00F896,0x00FBB2,bsr.w $fbb2
cdi_t7g,cdi_t7g,0x00F8B4,0x00FBB2,bsr.w $fbb2
cdi_t7g,cdi_t7g,0x00F8C2,0x00FBB2,bsr.w $fbb2
cdi_t7g,cdi_t7g,0x00F8FC,0x00F99A,bsr.w $f99a
cdi_t7g,cdi_t7g,0x00F900,0x00F926,bsr.w $f926
cdi_t7g,cdi_t7g,0x00F90E,0x00FBB2,bsr.w $fbb2
cdi_t7g,cdi_t7g,0x00F94A,0x00F956,bsr.w $f956
cdi_t7g,cdi_t7g,0x00F950,0x00F978,bsr.w $f978
cdi_t7g,cdi_t7g,0x00F964,0x00F90A,bsr.w $f90a
cdi_t7g,cdi_t7g,0x00F972,0x00F90A,bsr.w $f90a
cdi_t7g,cdi_t7g,0x00F986,0x00F90A,bsr.w $f90a
cdi_t7g,cdi_t7g,0x00F994,0x00F90A,bsr.w $f90a
cdi_t7g,cdi_t7g,0x00F99A,0x00F9AE,bsr.w $f9ae
cdi_t7g,cdi_t7g,0x00F9A4,0x00FA22,bsr.w $fa22
cdi_t7g,cdi_t7g,0x00F9BA,0x00FA2C,bsr.w $fa2c
cdi_t7g,cdi_t7g,0x00F9C0,0x00F9EE,bsr.w $f9ee
cdi_t7g,cdi_t7g,0x00F9E4,0x00F9AE,bsr.w $f9ae
cdi_t7g,cdi_t7g,0x00F9EE,0x00FBC2,bsr.w $fbc2
cdi_t7g,cdi_t7g,0x00FA04,0x00FA18,bsr.w $fa18
cdi_t7g,cdi_t7g,0x00FA0E,0x00FA22,bsr.w $fa22
cdi_t7g,cdi_t7g,0x00FA1C,0x00F90A,bsr.w $f90a
cdi_t7g,cdi_t7g,0x00FA26,0x00F90A,bsr.w $f90a
cdi_t7g,cdi_t7g,0x00FA7C,0x00FBD6,bsr.w $fbd6
cdi_t7g,cdi_t7g,0x00FA8C,0x00FB92,bsr.w $fb92
cdi_t7g,cdi_t7g,0x00FA96,0x00FBC2,bsr.w $fbc2
cdi_t7g,cdi_t7g,0x00FAAA,0x00FBD6,bsr.w $fbd6
cdi_t7g,cdi_t7g,0x00FADE,0x00FB92,bsr.w $fb92
cdi_t7g,cdi_t7g,0x00FAE8,0x00FBC2,bsr.w $fbc2
cdi_t7g,cdi_t7g,0x00FB02,0x00FBB2,bsr.w $fbb2
cdi_t7g,cdi_t7g,0x00FB18,0x00FB2E,bsr.b $fb2e
cdi_t7g,cdi_t7g,0x00FB1C,0x00FB4E,bsr.w $fb4e
cdi_t7g,cdi_t7g,0x00FB3E,0x00FB2E,bsr.b $fb2e
cdi_t7g,cdi_t7g,0x00FB46,0x00FB4E,bsr.b $fb4e
cdi_t7g,cdi_t7g,0x00FB4E,0x00FBC2,bsr.w $fbc2
cdi_t7g,cdi_t7g,0x00FB92,0x00FBB2,bsr.w $fbb2
cdi_t7g,cdi_t7g,0x00FBFE,0x00BD7E,bsr.w $bd7e
cdi_t7g,cdi_t7g,0x00FC28,0x00BD36,bsr.w $bd36
cdi_t7g,cdi_t7g,0x00FC2C,0x00BD36,bsr.w $bd36
cdi_t7g,cdi_t7g,0x00FC34,0x00BD50,bsr.w $bd50
cdi_t7g,cdi_t7g,0x00FC54,0x00FBC2,bsr.w $fbc2
cdi_t7g,cdi_t7g,0x00FC5E,0x00BD50,bsr.w $bd50
cdi_t7g,cdi_t7g,0x00FC6C,0x00BC9E,bsr.w $bc9e
cdi_t7g,cdi_t7g,0x00FC72,0x00BD36,bsr.w $bd36
cdi_t7g,cdi_t7g,0x00FC7C,0x00BD36,bsr.w $bd36
cdi_t7g,cdi_t7g,0x00FC80,0x00BD36,bsr.w $bd36
cdi_t7g,cdi_t7g,0x00FC8E,0x00BD36,bsr.w $bd36
cdi_t7g,cdi_t7g,0x00FC92,0x00BD36,bsr.w $bd36
cdi_t7g,cdi_t7g,0x00FC9A,0x00FBB2,bsr.w $fbb2
cdi_t7g,cdi_t7g,0x00FCA4,0x00BD50,bsr.w $bd50
cdi_t7g,cdi_t7g,0x00FCB2,0x00BC9E,bsr.w $bc9e
cdi_t7g,cdi_t7g,0x00FCBE,0x00BD50,bsr.w $bd50
cdi_t7g,cdi_t7g,0x00FCDA,0x00BD36,bsr.w $bd36
cdi_t7g,cdi_t7g,0x00FCE4,0x00FCFC,bsr.w $fcfc
cdi_t7g,cdi_t7g,0x00FCE8,0x00BD36,bsr.w $bd36
cdi_t7g,cdi_t7g,0x00FCEC,0x00BD36,bsr.w $bd36
cdi_t7g,cdi_t7g,0x00FD0A,0x00BD50,bsr.w $bd50
cdi_t7g,cdi_t7g,0x00FD1C,0x00FBC2,bsr.w $fbc2
cdi_t7g,cdi_t7g,0x00FD26,0x00BD50,bsr.w $bd50
cdi_t7g,cdi_t7g,0x00FD34,0x00BC9E,bsr.w $bc9e
cdi_t7g,cdi_t7g,0x00FD40,0x00BD50,bsr.w $bd50
cdi_t7g,cdi_t7g,0x00FD5C,0x00BD36,bsr.w $bd36
cdi_t7g,cdi_t7g,0x00FD68,0x00FCFC,bsr.w $fcfc
cdi_t7g,cdi_t7g,0x00FFC4,0x00BD50,bsr.w $bd50
cdi_t7g,cdi_t7g,0x00FFCE,0x01003E,bsr.b $1003e
cdi_t7g,cdi_t7g,0x00FFDE,0x00BD50,bsr.w $bd50
cdi_t7g,cdi_t7g,0x00FFF4,0x00BC9E,bsr.w $bc9e
cdi_t7g,cdi_t7g,0x00FFFA,0x00BD36,bsr.w $bd36
cdi_t7g,cdi_t7g,0x010004,0x00BD50,bsr.w $bd50
cdi_t7g,cdi_t7g,0x01001A,0x00BC9E,bsr.w $bc9e
cdi_t7g,cdi_t7g,0x010020,0x00BD36,bsr.w $bd36
cdi_t7g,cdi_t7g,0x01002E,0x00BD50,bsr.w $bd50
cdi_t7g,cdi_t7g,0x010036,0x0100A4,bsr.b $100a4
cdi_t7g,cdi_t7g,0x01004C,0x00BD36,bsr.w $bd36
cdi_t7g,cdi_t7g,0x010056,0x00BD50,bsr.w $bd50
cdi_t7g,cdi_t7g,0x01005E,0x0100CC,bsr.b $100cc
cdi_t7g,cdi_t7g,0x01006E,0x00BC9E,bsr.w $bc9e
cdi_t7g,cdi_t7g,0x010074,0x00BD36,bsr.w $bd36
cdi_t7g,cdi_t7g,0x010078,0x00BD36,bsr.w $bd36
cdi_t7g,cdi_t7g,0x010096,0x010588,bsr.w $10588
cdi_t7g,cdi_t7g,0x01009E,0x010232,bsr.w $10232
cdi_t7g,cdi_t7g,0x0100BA,0x00BD7E,bsr.w $bd7e
cdi_t7g,cdi_t7g,0x010102,0x01015A,bsr.w $1015a
cdi_t7g,cdi_t7g,0x010124,0x0100E4,bsr.w $100e4
cdi_t7g,cdi_t7g,0x010140,0x010202,bsr.w $10202
cdi_t7g,cdi_t7g,0x010148,0x010232,bsr.w $10232
cdi_t7g,cdi_t7g,0x01015A,0x010202,bsr.w $10202
cdi_t7g,cdi_t7g,0x01015E,0x0101DA,bsr.w $101da
cdi_t7g,cdi_t7g,0x010182,0x0101DA,bsr.w $101da
cdi_t7g,cdi_t7g,0x010280,0x00BD7E,bsr.w $bd7e
cdi_t7g,cdi_t7g,0x0102A8,0x00BD50,bsr.w $bd50
cdi_t7g,cdi_t7g,0x0102DE,0x00BD36,bsr.w $bd36
cdi_t7g,cdi_t7g,0x0102E6,0x00BD50,bsr.w $bd50
cdi_t7g,cdi_t7g,0x0102FC,0x00BD36,bsr.w $bd36
cdi_t7g,cdi_t7g,0x010300,0x00BD36,bsr.w $bd36
cdi_t7g,cdi_t7g,0x010342,0x00BD50,bsr.w $bd50
cdi_t7g,cdi_t7g,0x01034A,0x00BD7E,bsr.w $bd7e
cdi_t7g,cdi_t7g,0x01037E,0x00BD50,bsr.w $bd50
cdi_t7g,cdi_t7g,0x010394,0x00BD50,bsr.w $bd50
cdi_t7g,cdi_t7g,0x0103A0,0x00BD50,bsr.w $bd50
cdi_t7g,cdi_t7g,0x0103A8,0x00BD50,bsr.w $bd50
cdi_t7g,cdi_t7g,0x0103D0,0x0103FA,bsr.w $103fa
cdi_t7g,cdi_t7g,0x0103FA,0x010428,bsr.w $10428
cdi_t7g,cdi_t7g,0x010400,0x010406,bsr.w $10406
cdi_t7g,cdi_t7g,0x010414,0x0103FA,bsr.w $103fa
cdi_t7g,cdi_t7g,0x010432,0x00FDAE,bsr.w $fdae
cdi_t7g,cdi_t7g,0x010446,0x00BD36,bsr.w $bd36
cdi_t7g,cdi_t7g,0x01045C,0x00BD50,bsr.w $bd50
cdi_t7g,cdi_t7g,0x010466,0x00BC54,bsr.w $bc54
cdi_t7g,cdi_t7g,0x010470,0x00BD50,bsr.w $bd50
cdi_t7g,cdi_t7g,0x01047A,0x01029A,bsr.w $1029a
cdi_t7g,cdi_t7g,0x01047E,0x00BD36,bsr.w $bd36
cdi_t7g,cdi_t7g,0x010488,0x010498,bsr.w $10498
cdi_t7g,cdi_t7g,0x01048C,0x00BD36,bsr.w $bd36
cdi_t7g,cdi_t7g,0x0104A6,0x00BD50,bsr.w $bd50
cdi_t7g,cdi_t7g,0x0104BE,0x00BD50,bsr.w $bd50
cdi_t7g,cdi_t7g,0x0104C8,0x00BC54,bsr.w $bc54
cdi_t7g,cdi_t7g,0x0104D2,0x00BD50,bsr.w $bd50
cdi_t7g,cdi_t7g,0x0104DC,0x01029A,bsr.w $1029a
cdi_t7g,cdi_t7g,0x0104E0,0x00BD36,bsr.w $bd36
cdi_t7g,cdi_t7g,0x0104EC,0x010498,bsr.w $10498
cdi_t7g,cdi_t7g,0x010510,0x010550,bsr.w $10550
cdi_t7g,cdi_t7g,0x010526,0x010550,bsr.w $10550
cdi_t7g,cdi_t7g,0x01052A,0x010582,bsr.w $10582
cdi_t7g,cdi_t7g,0x010538,0x010322,bsr.w $10322
cdi_t7g,cdi_t7g,0x0105D2,0x0105DA,bsr.b $105da
cdi_t7g,cdi_t7g,0x010618,0x00BD50,bsr.w $bd50
cdi_t7g,cdi_t7g,0x010630,0x00BC9E,bsr.w $bc9e
cdi_t7g,cdi_t7g,0x01063C,0x00BD50,bsr.w $bd50
cdi_t7g,cdi_t7g,0x010650,0x00BC9E,bsr.w $bc9e
cdi_t7g,cdi_t7g,0x01065A,0x00BD7E,bsr.w $bd7e
cdi_t7g,cdi_t7g,0x010686,0x00BD7E,bsr.w $bd7e
cdi_t7g,cdi_t7g,0x0106B6,0x00BD50,bsr.w $bd50
cdi_t7g,cdi_t7g,0x0106D0,0x00BC9E,bsr.w $bc9e
cdi_t7g,cdi_t7g,0x0106D6,0x00BD36,bsr.w $bd36
cdi_t7g,cdi_t7g,0x0106DE,0x00BD7E,bsr.w $bd7e
cdi_t7g,cdi_t7g,0x010704,0x00BD50,bsr.w $bd50
cdi_t7g,cdi_t7g,0x010714,0x01036C,bsr.w $1036c
cdi_t7g,cdi_t7g,0x010720,0x00BD50,bsr.w $bd50
cdi_t7g,cdi_t7g,0x010768,0x00BD50,bsr.w $bd50
cdi_t7g,cdi_t7g,0x01077A,0x01036C,bsr.w $1036c
cdi_t7g,cdi_t7g,0x010786,0x00BD50,bsr.w $bd50
cdi_t7g,cdi_t7g,0x0107BE,0x0107EE,bsr.w $107ee
cdi_t7g,cdi_t7g,0x0107E0,0x0107EE,bsr.w $107ee
cdi_t7g,cdi_t7g,0x0107F2,0x01080C,bsr.w $1080c
cdi_t7g,cdi_t7g,0x010844,0x00BD50,bsr.w $bd50
cdi_t7g,cdi_t7g,0x01085E,0x00BC9E,bsr.w $bc9e
cdi_t7g,cdi_t7g,0x010864,0x00BD36,bsr.w $bd36
cdi_t7g,cdi_t7g,0x01086C,0x00BD7E,bsr.w $bd7e
cdi_t7g,cdi_t7g,0x0108AE,0x0108E6,bsr.w $108e6
cdi_t7g,cdi_t7g,0x0108D4,0x0108E6,bsr.w $108e6
cdi_t7g,cdi_t7g,0x0108EA,0x01080C,bsr.w $1080c
cdi_t7g,cdi_t7g,0x010948,0x00C02A,bsr.w $c02a
cdi_t7g,cdi_t7g,0x010974,0x010A26,bsr.w $10a26
cdi_t7g,cdi_t7g,0x010980,0x00BD7E,bsr.w $bd7e
cdi_t7g,cdi_t7g,0x01098E,0x010A04,bsr.b $10a04
cdi_t7g,cdi_t7g,0x0109A2,0x010A18,bsr.b $10a18
cdi_t7g,cdi_t7g,0x0109C0,0x00BD50,bsr.w $bd50
cdi_t7g,cdi_t7g,0x0109D0,0x010A46,bsr.b $10a46
cdi_t7g,cdi_t7g,0x0109E2,0x010A52,bsr.b $10a52
cdi_t7g,cdi_t7g,0x0109F2,0x00BD36,bsr.w $bd36
cdi_t7g,cdi_t7g,0x0109FA,0x00BD7E,bsr.w $bd7e
cdi_t7g,cdi_t7g,0x010A08,0x010A7E,bsr.b $10a7e
cdi_t7g,cdi_t7g,0x010A7A,0x00BD50,bsr.w $bd50
cdi_t7g,cdi_t7g,0x010B7A,0x00BD50,bsr.w $bd50
cdi_t7g,cdi_t7g,0x010BA8,0x00BD50,bsr.w $bd50
cdi_t7g,cdi_t7g,0x010BBA,0x01036C,bsr.w $1036c
cdi_t7g,cdi_t7g,0x010C14,0x00BD50,bsr.w $bd50
cdi_t7g,cdi_t7g,0x010C24,0x010C94,bsr.b $10c94
cdi_t7g,cdi_t7g,0x010C38,0x00BC9E,bsr.w $bc9e
cdi_t7g,cdi_t7g,0x010C3E,0x00BD36,bsr.w $bd36
cdi_t7g,cdi_t7g,0x010C46,0x00BD7E,bsr.w $bd7e
cdi_t7g,cdi_t7g,0x010C54,0x010CC4,bsr.b $10cc4
cdi_t7g,cdi_t7g,0x010C5E,0x010CCC,bsr.b $10ccc
cdi_t7g,cdi_t7g,0x010C72,0x010CAA,bsr.w $10caa
cdi_t7g,cdi_t7g,0x010C7E,0x010A2E,bsr.w $10a2e
cdi_t7g,cdi_t7g,0x010C92,0x00BD7E,bsr.w $bd7e
cdi_t7g,cdi_t7g,0x010CFA,0x00BD7E,bsr.w $bd7e
cdi_t7g,cdi_t7g,0x010D12,0x00BD7E,bsr.w $bd7e
cdi_t7g,cdi_t7g,0x010D5C,0x00C02A,bsr.w $c02a
cdi_t7g,cdi_t7g,0x010D9E,0x00BD7E,bsr.w $bd7e
cdi_t7g,cdi_t7g,0x010DAA,0x010E20,bsr.b $10e20
cdi_t7g,cdi_t7g,0x010DD2,0x00BD50,bsr.w $bd50
cdi_t7g,cdi_t7g,0x010DE2,0x01036C,bsr.w $1036c
cdi_t7g,cdi_t7g,0x010DEE,0x00C178,bsr.w $c178
cdi_t7g,cdi_t7g,0x010E1E,0x01007E,bsr.w $1007e
cdi_t7g,cdi_t7g,0x010E3C,0x01007E,bsr.w $1007e
cdi_t7g,cdi_t7g,0x010E44,0x010E96,bsr.w $10e96
cdi_t7g,cdi_t7g,0x010E50,0x010442,bsr.w $10442
cdi_t7g,cdi_t7g,0x010E5A,0x00BD7E,bsr.w $bd7e
cdi_t7g,cdi_t7g,0x010E66,0x010EDC,bsr.b $10edc
cdi_t7g,cdi_t7g,0x010ED0,0x00BD50,bsr.w $bd50
cdi_t7g,cdi_t7g,0x010EE0,0x01036C,bsr.w $1036c
cdi_t7g,cdi_t7g,0x010EEC,0x0100E4,bsr.w $100e4
cdi_t7g,cdi_t7g,0x010EF4,0x0100E4,bsr.w $100e4
cdi_t7g,cdi_t7g,0x010F4C,0x01007E,bsr.w $1007e
cdi_t7g,cdi_t7g,0x010F56,0x010322,bsr.w $10322
cdi_t7g,cdi_t7g,0x010F86,0x00BD50,bsr.w $bd50
cdi_t7g,cdi_t7g,0x010F96,0x01036C,bsr.w $1036c
cdi_t7g,cdi_t7g,0x010FA8,0x0100E4,bsr.w $100e4
cdi_t7g,cdi_t7g,0x010FBA,0x010FFC,bsr.w $10ffc
cdi_t7g,cdi_t7g,0x010FDE,0x010FFC,bsr.w $10ffc
cdi_t7g,cdi_t7g,0x011006,0x0100E4,bsr.w $100e4
cdi_t7g,cdi_t7g,0x01103C,0x01007E,bsr.w $1007e
cdi_t7g,cdi_t7g,0x011046,0x010322,bsr.w $10322
cdi_t7g,cdi_t7g,0x0110C0,0x0100E4,bsr.w $100e4
cdi_t7g,cdi_t7g,0x0110F2,0x01007E,bsr.w $1007e
cdi_t7g,cdi_t7g,0x0110FC,0x010322,bsr.w $10322
cdi_t7g,cdi_t7g,0x01116A,0x00BD7E,bsr.w $bd7e
cdi_t7g,cdi_t7g,0x01117A,0x0111F0,bsr.b $111f0
cdi_t7g,cdi_t7g,0x01117C,0x01119E,bsr.b $1119e
cdi_t7g,cdi_t7g,0x0112A2,0x00BD7E,bsr.w $bd7e
cdi_t7g,cdi_t7g,0x0112DA,0x00BD7E,bsr.w $bd7e
cdi_t7g,cdi_t7g,0x0112E6,0x01135C,bsr.b $1135c
cdi_t7g,cdi_t7g,0x01137C,0x01007E,bsr.w $1007e
cdi_t7g,cdi_t7g,0x0113A0,0x01007E,bsr.w $1007e
cdi_t7g,cdi_t7g,0x0113CC,0x01007E,bsr.w $1007e
cdi_t7g,cdi_t7g,0x01141C,0x010BC2,bsr.w $10bc2
cdi_t7g,cdi_t7g,0x011432,0x01007E,bsr.w $1007e
cdi_t7g,cdi_t7g,0x01143C,0x010EFA,bsr.w $10efa
cdi_t7g,cdi_t7g,0x011464,0x010BC2,bsr.w $10bc2
cdi_t7g,cdi_t7g,0x01147A,0x01007E,bsr.w $1007e
cdi_t7g,cdi_t7g,0x011484,0x010EFA,bsr.w $10efa
cdi_t7g,cdi_t7g,0x01149A,0x01007E,bsr.w $1007e
cdi_t7g,cdi_t7g,0x0114FE,0x010BC2,bsr.w $10bc2
cdi_t7g,cdi_t7g,0x011514,0x01007E,bsr.w $1007e
cdi_t7g,cdi_t7g,0x01151E,0x010EFA,bsr.w $10efa
cdi_t7g,cdi_t7g,0x011534,0x01007E,bsr.w $1007e
cdi_t7g,cdi_t7g,0x011596,0x010BC2,bsr.w $10bc2
cdi_t7g,cdi_t7g,0x01159E,0x00C02A,bsr.w $c02a
cdi_t7g,cdi_t7g,0x0115BE,0x010BC2,bsr.w $10bc2
cdi_t7g,cdi_t7g,0x0115D4,0x01007E,bsr.w $1007e
cdi_t7g,cdi_t7g,0x0115DE,0x010EFA,bsr.w $10efa
cdi_t7g,cdi_t7g,0x01160E,0x010BC2,bsr.w $10bc2
cdi_t7g,cdi_t7g,0x011624,0x01007E,bsr.w $1007e
cdi_t7g,cdi_t7g,0x01162E,0x010EFA,bsr.w $10efa
cdi_t7g,cdi_t7g,0x011672,0x00E4DC,bsr.w $e4dc
cdi_t7g,cdi_t7g,0x011682,0x00E4DC,bsr.w $e4dc
cdi_t7g,cdi_t7g,0x011694,0x00E4DC,bsr.w $e4dc
cdi_t7g,cdi_t7g,0x0116A4,0x00E4DC,bsr.w $e4dc
cdi_t7g,cdi_t7g,0x0116AE,0x00BD50,bsr.w $bd50
cdi_t7g,cdi_t7g,0x0116BE,0x01036C,bsr.w $1036c
cdi_t7g,cdi_t7g,0x0116DA,0x011706,bsr.w $11706
cdi_t7g,cdi_t7g,0x0116EC,0x011706,bsr.w $11706
cdi_t7g,cdi_t7g,0x0116F6,0x011706,bsr.w $11706
cdi_t7g,cdi_t7g,0x011726,0x0116C6,bsr.w $116c6
cdi_t7g,cdi_t7g,0x01174C,0x0116C6,bsr.w $116c6
cdi_t7g,cdi_t7g,0x011786,0x0100E4,bsr.w $100e4
cdi_t7g,cdi_t7g,0x01178E,0x0100E4,bsr.w $100e4
cdi_t7g,cdi_t7g,0x011798,0x0100E4,bsr.w $100e4
cdi_t7g,cdi_t7g,0x0117A2,0x0100E4,bsr.w $100e4
cdi_t7g,cdi_t7g,0x0117AA,0x0100E4,bsr.w $100e4
cdi_t7g,cdi_t7g,0x0117B4,0x0100E4,bsr.w $100e4
cdi_t7g,cdi_t7g,0x0117BC,0x0100E4,bsr.w $100e4
cdi_t7g,cdi_t7g,0x0117C6,0x0100E4,bsr.w $100e4
cdi_t7g,cdi_t7g,0x0117CE,0x0100E4,bsr.w $100e4
cdi_t7g,cdi_t7g,0x0117DA,0x0100E4,bsr.w $100e4
cdi_t7g,cdi_t7g,0x0117E4,0x00C178,bsr.w $c178
cdi_t7g,cdi_t7g,0x0117EC,0x0100E4,bsr.w $100e4
cdi_t7g,cdi_t7g,0x01182A,0x00BD7E,bsr.w $bd7e
cdi_t7g,cdi_t7g,0x01183A,0x0118AA,bsr.b $118aa
cdi_t7g,cdi_t7g,0x011842,0x0118B6,bsr.b $118b6
cdi_t7g,cdi_t7g,0x011872,0x0117F2,bsr.w $117f2
cdi_t7g,cdi_t7g,0x011888,0x0117F2,bsr.w $117f2
cdi_t7g,cdi_t7g,0x0118C8,0x0100E4,bsr.w $100e4
cdi_t7g,cdi_t7g,0x0118D0,0x010134,bsr.w $10134
cdi_t7g,cdi_t7g,0x0118EE,0x011F32,bsr.w $11f32
cdi_t7g,cdi_t7g,0x0118FC,0x011E50,bsr.w $11e50
cdi_t7g,cdi_t7g,0x011936,0x011F10,bsr.w $11f10
cdi_t7g,cdi_t7g,0x011944,0x011974,bsr.w $11974
cdi_t7g,cdi_t7g,0x011F14,0x012334,bsr.w $12334
cdi_t7g,cdi_t7g,0x011F36,0x012334,bsr.w $12334
cdi_t7g,cdi_t7g,0x011F74,0x011FFA,bsr.w $11ffa
cdi_t7g,cdi_t7g,0x011F82,0x012088,bsr.w $12088
cdi_t7g,cdi_t7g,0x011F90,0x0120E6,bsr.w $120e6
cdi_t7g,cdi_t7g,0x011F9E,0x0121EA,bsr.w $121ea
cdi_t7g,cdi_t7g,0x011FAC,0x01216E,bsr.w $1216e
cdi_t7g,cdi_t7g,0x011FBA,0x01216E,bsr.w $1216e
cdi_t7g,cdi_t7g,0x011FD2,0x00BD7E,bsr.w $bd7e
cdi_t7g,cdi_t7g,0x012004,0x012334,bsr.w $12334
cdi_t7g,cdi_t7g,0x01205C,0x00BD7E,bsr.w $bd7e
cdi_t7g,cdi_t7g,0x01209C,0x0120E2,bsr.w $120e2
cdi_t7g,cdi_t7g,0x0120AC,0x0121EA,bsr.w $121ea
cdi_t7g,cdi_t7g,0x0120B6,0x00BD7E,bsr.w $bd7e
cdi_t7g,cdi_t7g,0x0120F4,0x012334,bsr.w $12334
cdi_t7g,cdi_t7g,0x012140,0x00BD7E,bsr.w $bd7e
cdi_t7g,cdi_t7g,0x012162,0x0121D8,bsr.b $121d8
cdi_t7g,cdi_t7g,0x012180,0x012334,bsr.w $12334
cdi_t7g,cdi_t7g,0x0121BE,0x00BD7E,bsr.w $bd7e
cdi_t7g,cdi_t7g,0x0121F4,0x012334,bsr.w $12334
cdi_t7g,cdi_t7g,0x012308,0x00BD7E,bsr.w $bd7e
cdi_t7g,cdi_t7g,0x012344,0x012394,bsr.w $12394
cdi_t7g,cdi_t7g,0x01236C,0x012394,bsr.w $12394
cdi_t7g,cdi_t7g,0x0123FC,0x00BD50,bsr.w $bd50
cdi_t7g,cdi_t7g,0x01240C,0x01036C,bsr.w $1036c
cdi_t7g,cdi_t7g,0x012418,0x00BD50,bsr.w $bd50
cdi_t7g,cdi_t7g,0x012448,0x010BC2,bsr.w $10bc2
cdi_t7g,cdi_t7g,0x012458,0x00C02A,bsr.w $c02a
cdi_t7g,cdi_t7g,0x012468,0x00BD7E,bsr.w $bd7e
cdi_t7g,cdi_t7g,0x01246E,0x0124E0,bsr.b $124e0
cdi_t7g,cdi_t7g,0x012474,0x0124EA,bsr.b $124ea
cdi_t7g,cdi_t7g,0x012488,0x0124FE,bsr.b $124fe
cdi_t7g,cdi_t7g,0x0124A4,0x00E4DC,bsr.w $e4dc
cdi_t7g,cdi_t7g,0x0124AE,0x00BD50,bsr.w $bd50
cdi_t7g,cdi_t7g,0x0124B6,0x012528,bsr.b $12528
cdi_t7g,cdi_t7g,0x0124BE,0x01036C,bsr.w $1036c
cdi_t7g,cdi_t7g,0x0124CA,0x00C178,bsr.w $c178
cdi_t7g,cdi_t7g,0x0124EA,0x00C02A,bsr.w $c02a
cdi_t7g,cdi_t7g,0x012504,0x00E4DC,bsr.w $e4dc
cdi_t7g,cdi_t7g,0x01250E,0x00BD50,bsr.w $bd50
cdi_t7g,cdi_t7g,0x01251E,0x01036C,bsr.w $1036c
cdi_t7g,cdi_t7g,0x01252A,0x00BD50,bsr.w $bd50
cdi_t7g,cdi_t7g,0x01255C,0x01259A,bsr.w $1259a
cdi_t7g,cdi_t7g,0x01258C,0x01259A,bsr.w $1259a
cdi_t7g,cdi_t7g,0x0125F2,0x00BD50,bsr.w $bd50
cdi_t7g,cdi_t7g,0x0125FA,0x00BD7E,bsr.w $bd7e
cdi_t7g,cdi_t7g,0x01268A,0x010BC2,bsr.w $10bc2
cdi_t7g,cdi_t7g,0x012694,0x00C02A,bsr.w $c02a
cdi_t7g,cdi_t7g,0x01269E,0x010BC2,bsr.w $10bc2
cdi_t7g,cdi_t7g,0x0126A8,0x00C02A,bsr.w $c02a
cdi_t7g,cdi_t7g,0x0126BE,0x00E4DC,bsr.w $e4dc
cdi_t7g,cdi_t7g,0x0126CA,0x00E638,bsr.w $e638
cdi_t7g,cdi_t7g,0x0126E0,0x010BC2,bsr.w $10bc2
cdi_t7g,cdi_t7g,0x0126EA,0x00C02A,bsr.w $c02a
cdi_t7g,cdi_t7g,0x0126F4,0x010BC2,bsr.w $10bc2
cdi_t7g,cdi_t7g,0x0126FE,0x00C02A,bsr.w $c02a
cdi_t7g,cdi_t7g,0x012714,0x00E4DC,bsr.w $e4dc
cdi_t7g,cdi_t7g,0x012720,0x00E638,bsr.w $e638
cdi_t7g,cdi_t7g,0x01272A,0x00BD50,bsr.w $bd50
cdi_t7g,cdi_t7g,0x012738,0x01036C,bsr.w $1036c
cdi_t7g,cdi_t7g,0x01274A,0x00C178,bsr.w $c178
cdi_t7g,cdi_t7g,0x012758,0x00C178,bsr.w $c178
cdi_t7g,cdi_t7g,0x01276C,0x00BB36,bsr.w $bb36
cdi_t7g,cdi_t7g,0x012784,0x00AC7E,bsr.w $ac7e
cdi_t7g,cdi_t7g,0x012794,0x00C02A,bsr.w $c02a
cdi_t7g,cdi_t7g,0x0127BA,0x00E598,bsr.w $e598
cdi_t7g,cdi_t7g,0x0127CA,0x00E4DC,bsr.w $e4dc
cdi_t7g,cdi_t7g,0x0127E0,0x00E600,bsr.w $e600
cdi_t7g,cdi_t7g,0x0127F0,0x00E54A,bsr.w $e54a
cdi_t7g,cdi_t7g,0x0127FA,0x00BD50,bsr.w $bd50
cdi_t7g,cdi_t7g,0x012800,0x012878,bsr.b $12878
cdi_t7g,cdi_t7g,0x012808,0x01036C,bsr.w $1036c
cdi_t7g,cdi_t7g,0x012814,0x00BB78,bsr.w $bb78
cdi_t7g,cdi_t7g,0x01281A,0x01010E,bsr.w $1010e
cdi_t7g,cdi_t7g,0x012884,0x00BD7E,bsr.w $bd7e
cdi_t7g,cdi_t7g,0x0128CE,0x0128D4,bsr.w $128d4
cdi_t7g,cdi_t7g,0x0128D6,0x010BC2,bsr.w $10bc2
cdi_t7g,cdi_t7g,0x0128EC,0x01007E,bsr.w $1007e
cdi_t7g,cdi_t7g,0x012920,0x0100E4,bsr.w $100e4
cdi_t7g,cdi_t7g,0x012942,0x0128D4,bsr.w $128d4
cdi_t7g,cdi_t7g,0x012964,0x0128D4,bsr.w $128d4
cdi_t7g,cdi_t7g,0x01297C,0x010BC2,bsr.w $10bc2
cdi_t7g,cdi_t7g,0x012984,0x00C02A,bsr.w $c02a
cdi_t7g,cdi_t7g,0x0129BC,0x00BD7E,bsr.w $bd7e
cdi_t7g,cdi_t7g,0x0129F4,0x00E4DC,bsr.w $e4dc
cdi_t7g,cdi_t7g,0x0129FE,0x00BD50,bsr.w $bd50
cdi_t7g,cdi_t7g,0x012A10,0x01036C,bsr.w $1036c
cdi_t7g,cdi_t7g,0x012A1C,0x00C178,bsr.w $c178
cdi_t7g,cdi_t7g,0x012A56,0x012B9C,bsr.w $12b9c
cdi_t7g,cdi_t7g,0x012A64,0x012B12,bsr.w $12b12
cdi_t7g,cdi_t7g,0x012A72,0x012B12,bsr.w $12b12
cdi_t7g,cdi_t7g,0x012A80,0x012ADA,bsr.w $12ada
cdi_t7g,cdi_t7g,0x012A96,0x013762,bsr.w $13762
cdi_t7g,cdi_t7g,0x012A9C,0x01398C,bsr.w $1398c
cdi_t7g,cdi_t7g,0x012AB2,0x00BD7E,bsr.w $bd7e
cdi_t7g,cdi_t7g,0x012AEA,0x00BD7E,bsr.w $bd7e
cdi_t7g,cdi_t7g,0x012B22,0x00BD7E,bsr.w $bd7e
cdi_t7g,cdi_t7g,0x012B32,0x012BA2,bsr.b $12ba2
cdi_t7g,cdi_t7g,0x012B4C,0x012DD6,bsr.w $12dd6
cdi_t7g,cdi_t7g,0x012B54,0x012DC8,bsr.w $12dc8
cdi_t7g,cdi_t7g,0x012B58,0x012D96,bsr.w $12d96
cdi_t7g,cdi_t7g,0x012BB2,0x012DD6,bsr.w $12dd6
cdi_t7g,cdi_t7g,0x012BBA,0x012DC8,bsr.w $12dc8
cdi_t7g,cdi_t7g,0x012BBE,0x012D96,bsr.w $12d96
cdi_t7g,cdi_t7g,0x012C4E,0x012DD6,bsr.w $12dd6
cdi_t7g,cdi_t7g,0x012C56,0x012DC8,bsr.w $12dc8
cdi_t7g,cdi_t7g,0x012C5A,0x012D96,bsr.w $12d96
cdi_t7g,cdi_t7g,0x012CAA,0x012DD6,bsr.w $12dd6
cdi_t7g,cdi_t7g,0x012CB2,0x012DC8,bsr.w $12dc8
cdi_t7g,cdi_t7g,0x012CB6,0x012D96,bsr.w $12d96
cdi_t7g,cdi_t7g,0x012CEE,0x012D0C,bsr.w $12d0c
cdi_t7g,cdi_t7g,0x012CF2,0x012D60,bsr.w $12d60
cdi_t7g,cdi_t7g,0x012DE6,0x012E32,bsr.w $12e32
cdi_t7g,cdi_t7g,0x012E0E,0x012E32,bsr.w $12e32
cdi_t7g,cdi_t7g,0x0133FE,0x013462,bsr.b $13462
cdi_t7g,cdi_t7g,0x0134E4,0x013548,bsr.b $13548
cdi_t7g,cdi_t7g,0x01376E,0x00DA30,bsr.w $da30
cdi_t7g,cdi_t7g,0x013778,0x01080C,bsr.w $1080c
cdi_t7g,cdi_t7g,0x013782,0x013818,bsr.w $13818
cdi_t7g,cdi_t7g,0x013788,0x012DD6,bsr.w $12dd6
cdi_t7g,cdi_t7g,0x0137B6,0x0138A2,bsr.w $138a2
cdi_t7g,cdi_t7g,0x0137C0,0x00BD7E,bsr.w $bd7e
cdi_t7g,cdi_t7g,0x0137F0,0x00DA30,bsr.w $da30
cdi_t7g,cdi_t7g,0x01385A,0x00DA30,bsr.w $da30
cdi_t7g,cdi_t7g,0x013998,0x00DA30,bsr.w $da30
cdi_t7g,cdi_t7g,0x0139A2,0x01080C,bsr.w $1080c
cdi_t7g,cdi_t7g,0x0139AC,0x013818,bsr.w $13818
cdi_t7g,cdi_t7g,0x0139B2,0x012DD6,bsr.w $12dd6
cdi_t7g,cdi_t7g,0x0139F4,0x013A20,bsr.w $13a20
cdi_t7g,cdi_t7g,0x0139FE,0x00BD7E,bsr.w $bd7e
cdi_t7g,cdi_t7g,0x013BCE,0x01007E,bsr.w $1007e
cdi_t7g,cdi_t7g,0x013BD8,0x010322,bsr.w $10322
cdi_t7g,cdi_t7g,0x013BFA,0x00C178,bsr.w $c178
cdi_t7g,cdi_t7g,0x013C08,0x00BD7E,bsr.w $bd7e
cdi_t7g,cdi_t7g,0x013C14,0x013C8A,bsr.b $13c8a
cdi_t7g,cdi_t7g,0x013C2E,0x00BD7E,bsr.w $bd7e
cdi_t7g,cdi_t7g,0x013C3A,0x013CB0,bsr.b $13cb0
cdi_t7g,cdi_t7g,0x013C5C,0x00BD7E,bsr.w $bd7e
cdi_t7g,cdi_t7g,0x013C84,0x00BD50,bsr.w $bd50
cdi_t7g,cdi_t7g,0x013C94,0x01036C,bsr.w $1036c
cdi_t7g,cdi_t7g,0x013CA0,0x00BD7E,bsr.w $bd7e
cdi_t7g,cdi_t7g,0x013D6E,0x012A22,bsr.w $12a22
cdi_t7g,cdi_t7g,0x013D7C,0x012A3E,bsr.w $12a3e
cdi_t7g,cdi_t7g,0x013DB2,0x010BC2,bsr.w $10bc2
cdi_t7g,cdi_t7g,0x013DBA,0x00C02A,bsr.w $c02a
cdi_t7g,cdi_t7g,0x013DDA,0x00E598,bsr.w $e598
cdi_t7g,cdi_t7g,0x013DEC,0x00E4DC,bsr.w $e4dc
cdi_t7g,cdi_t7g,0x013DF6,0x00E638,bsr.w $e638
cdi_t7g,cdi_t7g,0x013E12,0x01036C,bsr.w $1036c
cdi_t7g,cdi_t7g,0x013E1E,0x00C178,bsr.w $c178
cdi_loader,cdi_loader,0x00005C,0x0002B2,bsr.w $2b2
cdi_loader,cdi_loader,0x00006A,0x0002B2,bsr.w $2b2
cdi_loader,cdi_loader,0x0000CE,0x0001D2,bsr.w $1d2
cdi_loader,cdi_loader,0x0000D6,0x0001EC,bsr.w $1ec
cdi_loader,cdi_loader,0x0000EC,0x00021A,bsr.w $21a
cdi_loader,cdi_loader,0x000124,0x0001EC,bsr.w $1ec
cdi_loader,cdi_loader,0x00016E,0x0001EC,bsr.w $1ec
cdi_loader,cdi_loader,0x0001BC,0x0001EC,bsr.w $1ec
cdi_loader,cdi_loader,0x00023E,0x0001D2,bsr.w $1d2
cdi_loader,cdi_loader,0x000242,0x0001D2,bsr.w $1d2
cdi_loader,cdi_loader,0x00024A,0x0001EC,bsr.w $1ec
cdi_loader,cdi_loader,0x000264,0x0001D2,bsr.w $1d2
cdi_loader,cdi_loader,0x00026A,0x00021A,bsr.w $21a
cdi_loader,cdi_loader,0x00031C,0x0001D2,bsr.w $1d2
cdi_loader,cdi_loader,0x000320,0x0001D2,bsr.w $1d2
cdi_loader,cdi_loader,0x000328,0x0001EC,bsr.w $1ec
cdi_loader,cdi_loader,0x000340,0x00021A,bsr.w $21a
cdi_nodv,cdi_nodv,0x000052,0x0002BA,bsr.w $2ba
cdi_nodv,cdi_nodv,0x0001AA,0x000236,bsr.w $236
cdi_nodv,cdi_nodv,0x0001AE,0x0001E2,bsr.b $1e2
cdi_nodv,cdi_nodv,0x0001BE,0x0001E2,bsr.b $1e2
cdi_nodv,cdi_nodv,0x0001D0,0x0001E2,bsr.b $1e2
cdi_nodv,cdi_nodv,0x00026A,0x000294,bsr.w $294
cdi_nodv,cdi_nodv,0x0002C0,0x000346,bsr.w $346
cdi_nodv,cdi_nodv,0x00A174,0x00A1A6,bsr.b $a1a6
cdi_nodv,cdi_nodv,0x00A51A,0x00A54C,bsr.b $a54c
cdi_nodv,cdi_nodv,0x00A7AA,0x00A7DC,bsr.b $a7dc
cdi_nodv,cdi_nodv,0x00AA26,0x00AA58,bsr.b $aa58
cdi_nodv,cdi_nodv,0x00AE66,0x00AF26,bsr.w $af26
cdi_nodv,cdi_nodv,0x00AE9E,0x00AE76,bsr.b $ae76
cdi_nodv,cdi_nodv,0x00AEA0,0x00AEA6,bsr.w $aea6
cdi_nodv,cdi_nodv,0x00AEAA,0x00AEFC,bsr.w $aefc
cdi_nodv,cdi_nodv,0x00AEE8,0x010F64,bsr.w $10f64
cdi_nodv,cdi_nodv,0x00AF0A,0x00AEFC,bsr.b $aefc
cdi_nodv,cdi_nodv,0x00B03A,0x00BBF2,bsr.w $bbf2
cdi_nodv,cdi_nodv,0x00B068,0x00BBF2,bsr.w $bbf2
cdi_nodv,cdi_nodv,0x00B076,0x00CBD0,bsr.w $cbd0
cdi_nodv,cdi_nodv,0x00B082,0x00BBF2,bsr.w $bbf2
cdi_nodv,cdi_nodv,0x00B08C,0x00CB1E,bsr.w $cb1e
cdi_nodv,cdi_nodv,0x00B096,0x00BBF2,bsr.w $bbf2
cdi_nodv,cdi_nodv,0x00B0A0,0x00BBF2,bsr.w $bbf2
cdi_nodv,cdi_nodv,0x00B0AA,0x00BBF2,bsr.w $bbf2
cdi_nodv,cdi_nodv,0x00B0B8,0x00BBF2,bsr.w $bbf2
cdi_nodv,cdi_nodv,0x00B0C2,0x00BBF2,bsr.w $bbf2
cdi_nodv,cdi_nodv,0x00B0D4,0x00BBF2,bsr.w $bbf2
cdi_nodv,cdi_nodv,0x00B0DE,0x00BBF2,bsr.w $bbf2
cdi_nodv,cdi_nodv,0x00B0F6,0x00C8F0,bsr.w $c8f0
cdi_nodv,cdi_nodv,0x00B0FA,0x00C8D0,bsr.w $c8d0
cdi_nodv,cdi_nodv,0x00B104,0x00C946,bsr.w $c946
cdi_nodv,cdi_nodv,0x00B108,0x00C8D0,bsr.w $c8d0
cdi_nodv,cdi_nodv,0x00B124,0x00BBF2,bsr.w $bbf2
cdi_nodv,cdi_nodv,0x00B13C,0x00BBF2,bsr.w $bbf2
cdi_nodv,cdi_nodv,0x00B14C,0x00BBF2,bsr.w $bbf2
cdi_nodv,cdi_nodv,0x00B174,0x00BBF2,bsr.w $bbf2
cdi_nodv,cdi_nodv,0x00B1CA,0x00BBF2,bsr.w $bbf2
cdi_nodv,cdi_nodv,0x00B1DC,0x00BBF2,bsr.w $bbf2
cdi_nodv,cdi_nodv,0x00B1E4,0x00BBF2,bsr.w $bbf2
cdi_nodv,cdi_nodv,0x00B1F0,0x00C6D4,bsr.w $c6d4
cdi_nodv,cdi_nodv,0x00B1F8,0x00BBF2,bsr.w $bbf2
cdi_nodv,cdi_nodv,0x00B200,0x01097A,bsr.w $1097a
cdi_nodv,cdi_nodv,0x00B208,0x00BBF2,bsr.w $bbf2
cdi_nodv,cdi_nodv,0x00B210,0x01070E,bsr.w $1070e
cdi_nodv,cdi_nodv,0x00B218,0x00BBF2,bsr.w $bbf2
cdi_nodv,cdi_nodv,0x00B220,0x01072C,bsr.w $1072c
cdi_nodv,cdi_nodv,0x00B228,0x00BBF2,bsr.w $bbf2
cdi_nodv,cdi_nodv,0x00B230,0x010B0A,bsr.w $10b0a
cdi_nodv,cdi_nodv,0x00B240,0x00BBF2,bsr.w $bbf2
cdi_nodv,cdi_nodv,0x00B248,0x00BBF2,bsr.w $bbf2
cdi_nodv,cdi_nodv,0x00B252,0x0103CC,bsr.w $103cc
cdi_nodv,cdi_nodv,0x00B25A,0x00BBF2,bsr.w $bbf2
cdi_nodv,cdi_nodv,0x00B262,0x00BBF2,bsr.w $bbf2
cdi_nodv,cdi_nodv,0x00B26C,0x0103FA,bsr.w $103fa
cdi_nodv,cdi_nodv,0x00B274,0x00BBF2,bsr.w $bbf2
cdi_nodv,cdi_nodv,0x00B27C,0x00BBF2,bsr.w $bbf2
cdi_nodv,cdi_nodv,0x00B284,0x00BBF2,bsr.w $bbf2
cdi_nodv,cdi_nodv,0x00B28C,0x00BBF2,bsr.w $bbf2
cdi_nodv,cdi_nodv,0x00B29A,0x010444,bsr.w $10444
cdi_nodv,cdi_nodv,0x00B2A2,0x00BBF2,bsr.w $bbf2
cdi_nodv,cdi_nodv,0x00B2B6,0x00CBD0,bsr.w $cbd0
cdi_nodv,cdi_nodv,0x00B2BE,0x00CBB6,bsr.w $cbb6
cdi_nodv,cdi_nodv,0x00B2C6,0x0105EA,bsr.w $105ea
cdi_nodv,cdi_nodv,0x00B2CE,0x01060A,bsr.w $1060a
cdi_nodv,cdi_nodv,0x00B2D6,0x00BBF2,bsr.w $bbf2
cdi_nodv,cdi_nodv,0x00B2DE,0x00BBF2,bsr.w $bbf2
cdi_nodv,cdi_nodv,0x00B2E8,0x00BBF2,bsr.w $bbf2
cdi_nodv,cdi_nodv,0x00B2F2,0x00BBF2,bsr.w $bbf2
cdi_nodv,cdi_nodv,0x00B2FE,0x01062A,bsr.w $1062a
cdi_nodv,cdi_nodv,0x00B306,0x00BBF2,bsr.w $bbf2
cdi_nodv,cdi_nodv,0x00B30E,0x011022,bsr.w $11022
cdi_nodv,cdi_nodv,0x00B314,0x010F64,bsr.w $10f64
cdi_nodv,cdi_nodv,0x00B31C,0x00BBF2,bsr.w $bbf2
cdi_nodv,cdi_nodv,0x00B324,0x011022,bsr.w $11022
cdi_nodv,cdi_nodv,0x00B32C,0x011154,bsr.w $11154
cdi_nodv,cdi_nodv,0x00B336,0x00BBF2,bsr.w $bbf2
cdi_nodv,cdi_nodv,0x00B33E,0x011022,bsr.w $11022
cdi_nodv,cdi_nodv,0x00B344,0x0112C2,bsr.w $112c2
cdi_nodv,cdi_nodv,0x00B34C,0x00BBF2,bsr.w $bbf2
cdi_nodv,cdi_nodv,0x00B354,0x011022,bsr.w $11022
cdi_nodv,cdi_nodv,0x00B358,0x00BBF2,bsr.w $bbf2
cdi_nodv,cdi_nodv,0x00B36C,0x00DA1A,bsr.w $da1a
cdi_nodv,cdi_nodv,0x00B382,0x00DA1A,bsr.w $da1a
cdi_nodv,cdi_nodv,0x00B38A,0x00BBF2,bsr.w $bbf2
cdi_nodv,cdi_nodv,0x00B392,0x011022,bsr.w $11022
cdi_nodv,cdi_nodv,0x00B396,0x00BBF2,bsr.w $bbf2
cdi_nodv,cdi_nodv,0x00B3AA,0x00D4A2,bsr.w $d4a2
cdi_nodv,cdi_nodv,0x00B3C0,0x00D4A2,bsr.w $d4a2
cdi_nodv,cdi_nodv,0x00B3C8,0x00D322,bsr.w $d322
cdi_nodv,cdi_nodv,0x00B3D0,0x00D358,bsr.w $d358
cdi_nodv,cdi_nodv,0x00B3D8,0x00BBF2,bsr.w $bbf2
cdi_nodv,cdi_nodv,0x00B3E0,0x00E522,bsr.w $e522
cdi_nodv,cdi_nodv,0x00B3E8,0x00BBF2,bsr.w $bbf2
cdi_nodv,cdi_nodv,0x00B3F0,0x00BBF2,bsr.w $bbf2
cdi_nodv,cdi_nodv,0x00B3F8,0x011022,bsr.w $11022
cdi_nodv,cdi_nodv,0x00B400,0x00E300,bsr.w $e300
cdi_nodv,cdi_nodv,0x00B408,0x00BBF2,bsr.w $bbf2
cdi_nodv,cdi_nodv,0x00B410,0x00BBF2,bsr.w $bbf2
cdi_nodv,cdi_nodv,0x00B41A,0x00E688,bsr.w $e688
cdi_nodv,cdi_nodv,0x00B422,0x00BBF2,bsr.w $bbf2
cdi_nodv,cdi_nodv,0x00B42A,0x00E4E6,bsr.w $e4e6
cdi_nodv,cdi_nodv,0x00B432,0x00BBF2,bsr.w $bbf2
cdi_nodv,cdi_nodv,0x00B43A,0x00BBF2,bsr.w $bbf2
cdi_nodv,cdi_nodv,0x00B442,0x011022,bsr.w $11022
cdi_nodv,cdi_nodv,0x00B44A,0x00E392,bsr.w $e392
cdi_nodv,cdi_nodv,0x00B452,0x00BBF2,bsr.w $bbf2
cdi_nodv,cdi_nodv,0x00B45A,0x00E70C,bsr.w $e70c
cdi_nodv,cdi_nodv,0x00B462,0x00E856,bsr.w $e856
cdi_nodv,cdi_nodv,0x00B496,0x00BBF2,bsr.w $bbf2
cdi_nodv,cdi_nodv,0x00B49E,0x00E548,bsr.w $e548
cdi_nodv,cdi_nodv,0x00B4A6,0x00BBF2,bsr.w $bbf2
cdi_nodv,cdi_nodv,0x00B4AE,0x00E5A0,bsr.w $e5a0
cdi_nodv,cdi_nodv,0x00B4B6,0x00BBF2,bsr.w $bbf2
cdi_nodv,cdi_nodv,0x00B4BE,0x00BBF2,bsr.w $bbf2
cdi_nodv,cdi_nodv,0x00B4C6,0x00BBF2,bsr.w $bbf2
cdi_nodv,cdi_nodv,0x00B4D2,0x00E64C,bsr.w $e64c
cdi_nodv,cdi_nodv,0x00B4DA,0x00BBF2,bsr.w $bbf2
cdi_nodv,cdi_nodv,0x00B4E2,0x00BBF2,bsr.w $bbf2
cdi_nodv,cdi_nodv,0x00B4EC,0x00BBF2,bsr.w $bbf2
cdi_nodv,cdi_nodv,0x00B4F6,0x00BBF2,bsr.w $bbf2
cdi_nodv,cdi_nodv,0x00B500,0x00BBF2,bsr.w $bbf2
cdi_nodv,cdi_nodv,0x00B50E,0x00E616,bsr.w $e616
cdi_nodv,cdi_nodv,0x00B516,0x00BBF2,bsr.w $bbf2
cdi_nodv,cdi_nodv,0x00B51E,0x00BBF2,bsr.w $bbf2
cdi_nodv,cdi_nodv,0x00B528,0x00BBF2,bsr.w $bbf2
cdi_nodv,cdi_nodv,0x00B532,0x00BBF2,bsr.w $bbf2
cdi_nodv,cdi_nodv,0x00B53C,0x00BBF2,bsr.w $bbf2
cdi_nodv,cdi_nodv,0x00B546,0x00BBF2,bsr.w $bbf2
cdi_nodv,cdi_nodv,0x00B550,0x00BBF2,bsr.w $bbf2
cdi_nodv,cdi_nodv,0x00B55A,0x00BBF2,bsr.w $bbf2
cdi_nodv,cdi_nodv,0x00B56A,0x00E5D2,bsr.w $e5d2
cdi_nodv,cdi_nodv,0x00B572,0x00BBF2,bsr.w $bbf2
cdi_nodv,cdi_nodv,0x00B57A,0x00BBF2,bsr.w $bbf2
cdi_nodv,cdi_nodv,0x00B584,0x00E688,bsr.w $e688
cdi_nodv,cdi_nodv,0x00B58C,0x00BBF2,bsr.w $bbf2
cdi_nodv,cdi_nodv,0x00B594,0x00BBF2,bsr.w $bbf2
cdi_nodv,cdi_nodv,0x00B59C,0x00BBF2,bsr.w $bbf2
cdi_nodv,cdi_nodv,0x00B5A4,0x00BBF2,bsr.w $bbf2
cdi_nodv,cdi_nodv,0x00B5AC,0x00BBF2,bsr.w $bbf2
cdi_nodv,cdi_nodv,0x00B5BC,0x00E6A6,bsr.w $e6a6
cdi_nodv,cdi_nodv,0x00B5C4,0x00BBF2,bsr.w $bbf2
cdi_nodv,cdi_nodv,0x00B5CC,0x00FB2C,bsr.w $fb2c
cdi_nodv,cdi_nodv,0x00B5D4,0x00BBF2,bsr.w $bbf2
cdi_nodv,cdi_nodv,0x00B5DC,0x011022,bsr.w $11022
cdi_nodv,cdi_nodv,0x00B5E2,0x00BBF2,bsr.w $bbf2
cdi_nodv,cdi_nodv,0x00B5EA,0x011022,bsr.w $11022
cdi_nodv,cdi_nodv,0x00B5F4,0x012738,bsr.w $12738
cdi_nodv,cdi_nodv,0x00B5FC,0x00BBF2,bsr.w $bbf2
cdi_nodv,cdi_nodv,0x00B604,0x011022,bsr.w $11022
cdi_nodv,cdi_nodv,0x00B608,0x00BBF2,bsr.w $bbf2
cdi_nodv,cdi_nodv,0x00B610,0x00BBF2,bsr.w $bbf2
cdi_nodv,cdi_nodv,0x00B61C,0x012546,bsr.w $12546
cdi_nodv,cdi_nodv,0x00B624,0x00BBF2,bsr.w $bbf2
cdi_nodv,cdi_nodv,0x00B62C,0x011022,bsr.w $11022
cdi_nodv,cdi_nodv,0x00B630,0x00BBF2,bsr.w $bbf2
cdi_nodv,cdi_nodv,0x00B63A,0x012590,bsr.w $12590
cdi_nodv,cdi_nodv,0x00B642,0x00BBF2,bsr.w $bbf2
cdi_nodv,cdi_nodv,0x00B64A,0x011022,bsr.w $11022
cdi_nodv,cdi_nodv,0x00B64E,0x00BBF2,bsr.w $bbf2
cdi_nodv,cdi_nodv,0x00B658,0x0125B6,bsr.w $125b6
cdi_nodv,cdi_nodv,0x00B660,0x00BBF2,bsr.w $bbf2
cdi_nodv,cdi_nodv,0x00B668,0x011022,bsr.w $11022
cdi_nodv,cdi_nodv,0x00B66E,0x00BBF2,bsr.w $bbf2
cdi_nodv,cdi_nodv,0x00B676,0x011022,bsr.w $11022
cdi_nodv,cdi_nodv,0x00B67E,0x012DE0,bsr.w $12de0
cdi_nodv,cdi_nodv,0x00B686,0x00BBF2,bsr.w $bbf2
cdi_nodv,cdi_nodv,0x00B68C,0x00BBF2,bsr.w $bbf2
cdi_nodv,cdi_nodv,0x00B692,0x00BBF2,bsr.w $bbf2
cdi_nodv,cdi_nodv,0x00B698,0x00BBF2,bsr.w $bbf2
cdi_nodv,cdi_nodv,0x00B69E,0x00BBF2,bsr.w $bbf2
cdi_nodv,cdi_nodv,0x00B6A4,0x00BBF2,bsr.w $bbf2
cdi_nodv,cdi_nodv,0x00B6AE,0x00BBF2,bsr.w $bbf2
cdi_nodv,cdi_nodv,0x00B6B6,0x011022,bsr.w $11022
cdi_nodv,cdi_nodv,0x00B6BA,0x00BBF2,bsr.w $bbf2
cdi_nodv,cdi_nodv,0x00B6C8,0x00BBF2,bsr.w $bbf2
cdi_nodv,cdi_nodv,0x00B6D0,0x011022,bsr.w $11022
cdi_nodv,cdi_nodv,0x00B6D4,0x00BBF2,bsr.w $bbf2
cdi_nodv,cdi_nodv,0x00B6F0,0x00BBF2,bsr.w $bbf2
cdi_nodv,cdi_nodv,0x00B6F8,0x011022,bsr.w $11022
cdi_nodv,cdi_nodv,0x00B6FC,0x00BBF2,bsr.w $bbf2
cdi_nodv,cdi_nodv,0x00B706,0x012672,bsr.w $12672
cdi_nodv,cdi_nodv,0x00B70E,0x00BBF2,bsr.w $bbf2
cdi_nodv,cdi_nodv,0x00B716,0x011022,bsr.w $11022
cdi_nodv,cdi_nodv,0x00B71C,0x00BBF2,bsr.w $bbf2
cdi_nodv,cdi_nodv,0x00B724,0x011022,bsr.w $11022
cdi_nodv,cdi_nodv,0x00B728,0x00BBF2,bsr.w $bbf2
cdi_nodv,cdi_nodv,0x00B74A,0x01279A,bsr.w $1279a
cdi_nodv,cdi_nodv,0x00B76E,0x01279A,bsr.w $1279a
cdi_nodv,cdi_nodv,0x00B776,0x00BBF2,bsr.w $bbf2
cdi_nodv,cdi_nodv,0x00B77E,0x011022,bsr.w $11022
cdi_nodv,cdi_nodv,0x00B784,0x00BBF2,bsr.w $bbf2
cdi_nodv,cdi_nodv,0x00B78C,0x011022,bsr.w $11022
cdi_nodv,cdi_nodv,0x00B790,0x00BBF2,bsr.w $bbf2
cdi_nodv,cdi_nodv,0x00B798,0x00BBF2,bsr.w $bbf2
cdi_nodv,cdi_nodv,0x00B7A0,0x00BBF2,bsr.w $bbf2
cdi_nodv,cdi_nodv,0x00B7A8,0x00BBF2,bsr.w $bbf2
cdi_nodv,cdi_nodv,0x00B7C6,0x01279A,bsr.w $1279a
cdi_nodv,cdi_nodv,0x00B7E4,0x01279A,bsr.w $1279a
cdi_nodv,cdi_nodv,0x00B7EC,0x00BBF2,bsr.w $bbf2
cdi_nodv,cdi_nodv,0x00B7F4,0x011022,bsr.w $11022
cdi_nodv,cdi_nodv,0x00B7FA,0x00BBF2,bsr.w $bbf2
cdi_nodv,cdi_nodv,0x00B802,0x011022,bsr.w $11022
cdi_nodv,cdi_nodv,0x00B806,0x00BBF2,bsr.w $bbf2
cdi_nodv,cdi_nodv,0x00B81C,0x012764,bsr.w $12764
cdi_nodv,cdi_nodv,0x00B834,0x012764,bsr.w $12764
cdi_nodv,cdi_nodv,0x00B83C,0x00BBF2,bsr.w $bbf2
cdi_nodv,cdi_nodv,0x00B844,0x011022,bsr.w $11022
cdi_nodv,cdi_nodv,0x00B84A,0x00BBF2,bsr.w $bbf2
cdi_nodv,cdi_nodv,0x00B852,0x011022,bsr.w $11022
cdi_nodv,cdi_nodv,0x00B856,0x00BBF2,bsr.w $bbf2
cdi_nodv,cdi_nodv,0x00B864,0x011022,bsr.w $11022
cdi_nodv,cdi_nodv,0x00B888,0x00BBF2,bsr.w $bbf2
cdi_nodv,cdi_nodv,0x00B890,0x011022,bsr.w $11022
cdi_nodv,cdi_nodv,0x00B894,0x00BBF2,bsr.w $bbf2
cdi_nodv,cdi_nodv,0x00B89C,0x00BBF2,bsr.w $bbf2
cdi_nodv,cdi_nodv,0x00B8A8,0x0138A2,bsr.w $138a2
cdi_nodv,cdi_nodv,0x00B8B0,0x00BBF2,bsr.w $bbf2
cdi_nodv,cdi_nodv,0x00B8B8,0x011022,bsr.w $11022
cdi_nodv,cdi_nodv,0x00B8BC,0x00BBF2,bsr.w $bbf2
cdi_nodv,cdi_nodv,0x00B8CA,0x00BBF2,bsr.w $bbf2
cdi_nodv,cdi_nodv,0x00B8D2,0x011022,bsr.w $11022
cdi_nodv,cdi_nodv,0x00B8D6,0x00BBF2,bsr.w $bbf2
cdi_nodv,cdi_nodv,0x00B8E4,0x00BBF2,bsr.w $bbf2
cdi_nodv,cdi_nodv,0x00B8EC,0x00BBF2,bsr.w $bbf2
cdi_nodv,cdi_nodv,0x00B8F4,0x00BBF2,bsr.w $bbf2
cdi_nodv,cdi_nodv,0x00B908,0x00BBF2,bsr.w $bbf2
cdi_nodv,cdi_nodv,0x00B910,0x010CAC,bsr.w $10cac
cdi_nodv,cdi_nodv,0x00B918,0x00BBF2,bsr.w $bbf2
cdi_nodv,cdi_nodv,0x00B920,0x011022,bsr.w $11022
cdi_nodv,cdi_nodv,0x00B924,0x00BBF2,bsr.w $bbf2
cdi_nodv,cdi_nodv,0x00B92C,0x00BBF2,bsr.w $bbf2
cdi_nodv,cdi_nodv,0x00B940,0x00BBF2,bsr.w $bbf2
cdi_nodv,cdi_nodv,0x00B948,0x011022,bsr.w $11022
cdi_nodv,cdi_nodv,0x00B94C,0x00BBF2,bsr.w $bbf2
cdi_nodv,cdi_nodv,0x00B954,0x00BBF2,bsr.w $bbf2
cdi_nodv,cdi_nodv,0x00B968,0x00BBF2,bsr.w $bbf2
cdi_nodv,cdi_nodv,0x00B970,0x011022,bsr.w $11022
cdi_nodv,cdi_nodv,0x00B974,0x00BBF2,bsr.w $bbf2
cdi_nodv,cdi_nodv,0x00B986,0x00BBF2,bsr.w $bbf2
cdi_nodv,cdi_nodv,0x00B98E,0x011022,bsr.w $11022
cdi_nodv,cdi_nodv,0x00B994,0x00BBF2,bsr.w $bbf2
cdi_nodv,cdi_nodv,0x00B99C,0x011022,bsr.w $11022
cdi_nodv,cdi_nodv,0x00B9AC,0x00BBF2,bsr.w $bbf2
cdi_nodv,cdi_nodv,0x00B9B4,0x011022,bsr.w $11022
cdi_nodv,cdi_nodv,0x00B9BA,0x00BBF2,bsr.w $bbf2
cdi_nodv,cdi_nodv,0x00B9C2,0x011022,bsr.w $11022
cdi_nodv,cdi_nodv,0x00B9CA,0x010FB4,bsr.w $10fb4
cdi_nodv,cdi_nodv,0x00B9D2,0x00BBF2,bsr.w $bbf2
cdi_nodv,cdi_nodv,0x00B9DA,0x011022,bsr.w $11022
cdi_nodv,cdi_nodv,0x00B9E0,0x00BBF2,bsr.w $bbf2
cdi_nodv,cdi_nodv,0x00B9F6,0x0111A2,bsr.w $111a2
cdi_nodv,cdi_nodv,0x00B9FE,0x00BBF2,bsr.w $bbf2
cdi_nodv,cdi_nodv,0x00BA06,0x011022,bsr.w $11022
cdi_nodv,cdi_nodv,0x00BA0A,0x00BBF2,bsr.w $bbf2
cdi_nodv,cdi_nodv,0x00BA14,0x011AEA,bsr.w $11aea
cdi_nodv,cdi_nodv,0x00BA1C,0x00BBF2,bsr.w $bbf2
cdi_nodv,cdi_nodv,0x00BA24,0x011022,bsr.w $11022
cdi_nodv,cdi_nodv,0x00BA2A,0x00BBF2,bsr.w $bbf2
cdi_nodv,cdi_nodv,0x00BA42,0x0133D0,bsr.w $133d0
cdi_nodv,cdi_nodv,0x00BA50,0x00DEA4,bsr.w $dea4
cdi_nodv,cdi_nodv,0x00BA58,0x00E1C0,bsr.w $e1c0
cdi_nodv,cdi_nodv,0x00BA60,0x00BBF2,bsr.w $bbf2
cdi_nodv,cdi_nodv,0x00BA68,0x00BBF2,bsr.w $bbf2
cdi_nodv,cdi_nodv,0x00BA72,0x00E1F2,bsr.w $e1f2
cdi_nodv,cdi_nodv,0x00BA7A,0x00BBF2,bsr.w $bbf2
cdi_nodv,cdi_nodv,0x00BA82,0x00DE42,bsr.w $de42
cdi_nodv,cdi_nodv,0x00BA8A,0x00BBF2,bsr.w $bbf2
cdi_nodv,cdi_nodv,0x00BA92,0x00BBF2,bsr.w $bbf2
cdi_nodv,cdi_nodv,0x00BA9C,0x00DE86,bsr.w $de86
cdi_nodv,cdi_nodv,0x00BAA4,0x00BBF2,bsr.w $bbf2
cdi_nodv,cdi_nodv,0x00BAAE,0x00CBB6,bsr.w $cbb6
cdi_nodv,cdi_nodv,0x00BAB8,0x00CBD0,bsr.w $cbd0
cdi_nodv,cdi_nodv,0x00BAD0,0x00CB1E,bsr.w $cb1e
cdi_nodv,cdi_nodv,0x00BAD6,0x00CBB6,bsr.w $cbb6
cdi_nodv,cdi_nodv,0x00BB02,0x00CA7E,bsr.w $ca7e
cdi_nodv,cdi_nodv,0x00BB92,0x00BBAE,bsr.w $bbae
cdi_nodv,cdi_nodv,0x00BBA4,0x00CA14,bsr.w $ca14
cdi_nodv,cdi_nodv,0x00BD8C,0x00BBF4,bsr.w $bbf4
cdi_nodv,cdi_nodv,0x00BDA2,0x00BBF4,bsr.w $bbf4
cdi_nodv,cdi_nodv,0x00BDB8,0x00BBF4,bsr.w $bbf4
cdi_nodv,cdi_nodv,0x00BDCE,0x00BBF4,bsr.w $bbf4
cdi_nodv,cdi_nodv,0x00BDEE,0x00BBF4,bsr.w $bbf4
cdi_nodv,cdi_nodv,0x00BE0E,0x00BBF4,bsr.w $bbf4
cdi_nodv,cdi_nodv,0x00BE2E,0x00BBF4,bsr.w $bbf4
cdi_nodv,cdi_nodv,0x00BE4E,0x00BBF4,bsr.w $bbf4
cdi_nodv,cdi_nodv,0x00BE6E,0x00BBF4,bsr.w $bbf4
cdi_nodv,cdi_nodv,0x00BE8E,0x00BBF4,bsr.w $bbf4
cdi_nodv,cdi_nodv,0x00BEA4,0x00BBF4,bsr.w $bbf4
cdi_nodv,cdi_nodv,0x00BEBC,0x00BBF4,bsr.w $bbf4
cdi_nodv,cdi_nodv,0x00BED2,0x00BBF4,bsr.w $bbf4
cdi_nodv,cdi_nodv,0x00BEEA,0x00BBF4,bsr.w $bbf4
cdi_nodv,cdi_nodv,0x00BF02,0x00BBF4,bsr.w $bbf4
cdi_nodv,cdi_nodv,0x00BF18,0x00BBF4,bsr.w $bbf4
cdi_nodv,cdi_nodv,0x00BF36,0x00BBF4,bsr.w $bbf4
cdi_nodv,cdi_nodv,0x00BF48,0x00BBF4,bsr.w $bbf4
cdi_nodv,cdi_nodv,0x00BF5E,0x00BBF4,bsr.w $bbf4
cdi_nodv,cdi_nodv,0x00BF7C,0x00BBF4,bsr.w $bbf4
cdi_nodv,cdi_nodv,0x00BF94,0x00BBF4,bsr.w $bbf4
cdi_nodv,cdi_nodv,0x00BFB4,0x00C8F0,bsr.w $c8f0
cdi_nodv,cdi_nodv,0x00BFB8,0x00C8D0,bsr.w $c8d0
cdi_nodv,cdi_nodv,0x00BFC2,0x00C946,bsr.w $c946
cdi_nodv,cdi_nodv,0x00BFC6,0x00C8D0,bsr.w $c8d0
cdi_nodv,cdi_nodv,0x00BFF2,0x00BBF2,bsr.w $bbf2
cdi_nodv,cdi_nodv,0x00BFFC,0x0108F8,bsr.w $108f8
cdi_nodv,cdi_nodv,0x00C00A,0x00BBF2,bsr.w $bbf2
cdi_nodv,cdi_nodv,0x00C014,0x00BBF2,bsr.w $bbf2
cdi_nodv,cdi_nodv,0x00C01C,0x00BBF2,bsr.w $bbf2
cdi_nodv,cdi_nodv,0x00C024,0x00BBF2,bsr.w $bbf2
cdi_nodv,cdi_nodv,0x00C02E,0x00BBF2,bsr.w $bbf2
cdi_nodv,cdi_nodv,0x00C04C,0x010926,bsr.w $10926
cdi_nodv,cdi_nodv,0x00C058,0x010766,bsr.w $10766
cdi_nodv,cdi_nodv,0x00C078,0x010488,bsr.w $10488
cdi_nodv,cdi_nodv,0x00C094,0x00BBF2,bsr.w $bbf2
cdi_nodv,cdi_nodv,0x00C0B6,0x00BBF2,bsr.w $bbf2
cdi_nodv,cdi_nodv,0x00C0CE,0x011236,bsr.w $11236
cdi_nodv,cdi_nodv,0x00C0D4,0x010FF6,bsr.w $10ff6
cdi_nodv,cdi_nodv,0x00C0E4,0x00C13A,bsr.b $c13a
cdi_nodv,cdi_nodv,0x00C102,0x00F598,bsr.w $f598
cdi_nodv,cdi_nodv,0x00C11A,0x00C13A,bsr.b $c13a
cdi_nodv,cdi_nodv,0x00C126,0x00F598,bsr.w $f598
cdi_nodv,cdi_nodv,0x00C13A,0x00BBF2,bsr.w $bbf2
cdi_nodv,cdi_nodv,0x00C142,0x011022,bsr.w $11022
cdi_nodv,cdi_nodv,0x00C148,0x00BBF2,bsr.w $bbf2
cdi_nodv,cdi_nodv,0x00C160,0x0133D0,bsr.w $133d0
cdi_nodv,cdi_nodv,0x00C166,0x00BBF2,bsr.w $bbf2
cdi_nodv,cdi_nodv,0x00C16E,0x00BBF2,bsr.w $bbf2
cdi_nodv,cdi_nodv,0x00C17A,0x00C996,bsr.w $c996
cdi_nodv,cdi_nodv,0x00C18C,0x00BBF2,bsr.w $bbf2
cdi_nodv,cdi_nodv,0x00C194,0x011022,bsr.w $11022
cdi_nodv,cdi_nodv,0x00C1A8,0x00BBF2,bsr.w $bbf2
cdi_nodv,cdi_nodv,0x00C1B0,0x011022,bsr.w $11022
cdi_nodv,cdi_nodv,0x00C1C4,0x00BBF2,bsr.w $bbf2
cdi_nodv,cdi_nodv,0x00C1CC,0x011022,bsr.w $11022
cdi_nodv,cdi_nodv,0x00C1E0,0x00BBF2,bsr.w $bbf2
cdi_nodv,cdi_nodv,0x00C1E8,0x011022,bsr.w $11022
cdi_nodv,cdi_nodv,0x00C1FC,0x00BBF2,bsr.w $bbf2
cdi_nodv,cdi_nodv,0x00C204,0x011022,bsr.w $11022
cdi_nodv,cdi_nodv,0x00C218,0x00BBF2,bsr.w $bbf2
cdi_nodv,cdi_nodv,0x00C220,0x011022,bsr.w $11022
cdi_nodv,cdi_nodv,0x00C22A,0x010FF6,bsr.w $10ff6
cdi_nodv,cdi_nodv,0x00C23A,0x00BBF2,bsr.w $bbf2
cdi_nodv,cdi_nodv,0x00C242,0x011022,bsr.w $11022
cdi_nodv,cdi_nodv,0x00C24C,0x010FF6,bsr.w $10ff6
cdi_nodv,cdi_nodv,0x00C25C,0x00BBF2,bsr.w $bbf2
cdi_nodv,cdi_nodv,0x00C264,0x011022,bsr.w $11022
cdi_nodv,cdi_nodv,0x00C26E,0x010FF6,bsr.w $10ff6
cdi_nodv,cdi_nodv,0x00C27E,0x00BBF2,bsr.w $bbf2
cdi_nodv,cdi_nodv,0x00C286,0x011022,bsr.w $11022
cdi_nodv,cdi_nodv,0x00C29A,0x00BBF2,bsr.w $bbf2
cdi_nodv,cdi_nodv,0x00C2A2,0x011022,bsr.w $11022
cdi_nodv,cdi_nodv,0x00C2B6,0x00BBF2,bsr.w $bbf2
cdi_nodv,cdi_nodv,0x00C2BE,0x011022,bsr.w $11022
cdi_nodv,cdi_nodv,0x00C2C2,0x00BBF2,bsr.w $bbf2
cdi_nodv,cdi_nodv,0x00C2CA,0x00BBF2,bsr.w $bbf2
cdi_nodv,cdi_nodv,0x00C2D6,0x011EE4,bsr.w $11ee4
cdi_nodv,cdi_nodv,0x00C2E6,0x00BBF2,bsr.w $bbf2
cdi_nodv,cdi_nodv,0x00C2EE,0x011022,bsr.w $11022
cdi_nodv,cdi_nodv,0x00C302,0x00BBF2,bsr.w $bbf2
cdi_nodv,cdi_nodv,0x00C30A,0x011022,bsr.w $11022
cdi_nodv,cdi_nodv,0x00C31E,0x00BBF2,bsr.w $bbf2
cdi_nodv,cdi_nodv,0x00C326,0x011022,bsr.w $11022
cdi_nodv,cdi_nodv,0x00C33A,0x00BBF2,bsr.w $bbf2
cdi_nodv,cdi_nodv,0x00C342,0x011022,bsr.w $11022
cdi_nodv,cdi_nodv,0x00C356,0x00BBF2,bsr.w $bbf2
cdi_nodv,cdi_nodv,0x00C35E,0x00BBF2,bsr.w $bbf2
cdi_nodv,cdi_nodv,0x00C366,0x00BBF2,bsr.w $bbf2
cdi_nodv,cdi_nodv,0x00C36E,0x00BBF2,bsr.w $bbf2
cdi_nodv,cdi_nodv,0x00C376,0x00BBF2,bsr.w $bbf2
cdi_nodv,cdi_nodv,0x00C37E,0x00BBF2,bsr.w $bbf2
cdi_nodv,cdi_nodv,0x00C386,0x00BBF2,bsr.w $bbf2
cdi_nodv,cdi_nodv,0x00C3AE,0x010EFE,bsr.w $10efe
cdi_nodv,cdi_nodv,0x00C3B8,0x012546,bsr.w $12546
cdi_nodv,cdi_nodv,0x00C3BE,0x010FF6,bsr.w $10ff6
cdi_nodv,cdi_nodv,0x00C3CC,0x00BBF2,bsr.w $bbf2
cdi_nodv,cdi_nodv,0x00C3D4,0x010C62,bsr.w $10c62
cdi_nodv,cdi_nodv,0x00C3E0,0x00BBF2,bsr.w $bbf2
cdi_nodv,cdi_nodv,0x00C3E8,0x011022,bsr.w $11022
cdi_nodv,cdi_nodv,0x00C3F8,0x00BBF2,bsr.w $bbf2
cdi_nodv,cdi_nodv,0x00C400,0x011022,bsr.w $11022
cdi_nodv,cdi_nodv,0x00C410,0x00BBF2,bsr.w $bbf2
cdi_nodv,cdi_nodv,0x00C418,0x011022,bsr.w $11022
cdi_nodv,cdi_nodv,0x00C428,0x00BBF2,bsr.w $bbf2
cdi_nodv,cdi_nodv,0x00C430,0x011022,bsr.w $11022
cdi_nodv,cdi_nodv,0x00C440,0x00BBF2,bsr.w $bbf2
cdi_nodv,cdi_nodv,0x00C448,0x011022,bsr.w $11022
cdi_nodv,cdi_nodv,0x00C458,0x00BBF2,bsr.w $bbf2
cdi_nodv,cdi_nodv,0x00C460,0x011022,bsr.w $11022
cdi_nodv,cdi_nodv,0x00C470,0x00BBF2,bsr.w $bbf2
cdi_nodv,cdi_nodv,0x00C478,0x011022,bsr.w $11022
cdi_nodv,cdi_nodv,0x00C48A,0x00BBF2,bsr.w $bbf2
cdi_nodv,cdi_nodv,0x00C49E,0x010FF6,bsr.w $10ff6
cdi_nodv,cdi_nodv,0x00C4B0,0x00CBFE,bsr.w $cbfe
cdi_nodv,cdi_nodv,0x00C4E2,0x00BBF2,bsr.w $bbf2
cdi_nodv,cdi_nodv,0x00C4EA,0x00BBF2,bsr.w $bbf2
cdi_nodv,cdi_nodv,0x00C4F2,0x00BBF2,bsr.w $bbf2
cdi_nodv,cdi_nodv,0x00C4FA,0x00BBF2,bsr.w $bbf2
cdi_nodv,cdi_nodv,0x00C52E,0x00BBF2,bsr.w $bbf2
cdi_nodv,cdi_nodv,0x00C540,0x00BBF2,bsr.w $bbf2
cdi_nodv,cdi_nodv,0x00C570,0x00BBF2,bsr.w $bbf2
cdi_nodv,cdi_nodv,0x00C58C,0x00BBF2,bsr.w $bbf2
cdi_nodv,cdi_nodv,0x00C594,0x00BBF2,bsr.w $bbf2
cdi_nodv,cdi_nodv,0x00C59C,0x00BBF2,bsr.w $bbf2
cdi_nodv,cdi_nodv,0x00C5E6,0x00BBF2,bsr.w $bbf2
cdi_nodv,cdi_nodv,0x00C5EE,0x00BBF2,bsr.w $bbf2
cdi_nodv,cdi_nodv,0x00C5F6,0x00BBF2,bsr.w $bbf2
cdi_nodv,cdi_nodv,0x00C62E,0x00BBF2,bsr.w $bbf2
cdi_nodv,cdi_nodv,0x00C642,0x00BBF2,bsr.w $bbf2
cdi_nodv,cdi_nodv,0x00C656,0x00BBF2,bsr.w $bbf2
cdi_nodv,cdi_nodv,0x00C68C,0x00BBF2,bsr.w $bbf2
cdi_nodv,cdi_nodv,0x00C6B4,0x00CBFE,bsr.w $cbfe
cdi_nodv,cdi_nodv,0x00C744,0x00CBD0,bsr.w $cbd0
cdi_nodv,cdi_nodv,0x00C76C,0x00CBD0,bsr.w $cbd0
cdi_nodv,cdi_nodv,0x00C77E,0x00CB1E,bsr.w $cb1e
cdi_nodv,cdi_nodv,0x00C784,0x00CBB6,bsr.w $cbb6
cdi_nodv,cdi_nodv,0x00C78E,0x00CBD0,bsr.w $cbd0
cdi_nodv,cdi_nodv,0x00C7A8,0x00CB1E,bsr.w $cb1e
cdi_nodv,cdi_nodv,0x00C7B4,0x00CBD0,bsr.w $cbd0
cdi_nodv,cdi_nodv,0x00C7BE,0x00CB1E,bsr.w $cb1e
cdi_nodv,cdi_nodv,0x00C7C4,0x00CBB6,bsr.w $cbb6
cdi_nodv,cdi_nodv,0x00C7D8,0x00CBD0,bsr.w $cbd0
cdi_nodv,cdi_nodv,0x00C7E2,0x00CB1E,bsr.w $cb1e
cdi_nodv,cdi_nodv,0x00C7EE,0x00CBD0,bsr.w $cbd0
cdi_nodv,cdi_nodv,0x00C7F8,0x00CB1E,bsr.w $cb1e
cdi_nodv,cdi_nodv,0x00C7FE,0x00CBB6,bsr.w $cbb6
cdi_nodv,cdi_nodv,0x00C808,0x00CBB6,bsr.w $cbb6
cdi_nodv,cdi_nodv,0x00C810,0x00CBD0,bsr.w $cbd0
cdi_nodv,cdi_nodv,0x00C82C,0x010A32,bsr.w $10a32
cdi_nodv,cdi_nodv,0x00C836,0x00CBD0,bsr.w $cbd0
cdi_nodv,cdi_nodv,0x00C854,0x00CBD0,bsr.w $cbd0
cdi_nodv,cdi_nodv,0x00C860,0x00CB1E,bsr.w $cb1e
cdi_nodv,cdi_nodv,0x00C86C,0x00CBD0,bsr.w $cbd0
cdi_nodv,cdi_nodv,0x00C892,0x00CBD0,bsr.w $cbd0
cdi_nodv,cdi_nodv,0x00C89E,0x00CB1E,bsr.w $cb1e
cdi_nodv,cdi_nodv,0x00C8A4,0x00CBB6,bsr.w $cbb6
cdi_nodv,cdi_nodv,0x00C8AC,0x00CBB6,bsr.w $cbb6
cdi_nodv,cdi_nodv,0x00C8B4,0x00CBFE,bsr.w $cbfe
cdi_nodv,cdi_nodv,0x00C8DE,0x00BBF2,bsr.w $bbf2
cdi_nodv,cdi_nodv,0x00C8F2,0x00CA7E,bsr.w $ca7e
cdi_nodv,cdi_nodv,0x00C950,0x00CA7E,bsr.w $ca7e
cdi_nodv,cdi_nodv,0x00C9CC,0x00CBFE,bsr.w $cbfe
cdi_nodv,cdi_nodv,0x00C9D8,0x00CA4E,bsr.b $ca4e
cdi_nodv,cdi_nodv,0x00CA3E,0x00CBD0,bsr.w $cbd0
cdi_nodv,cdi_nodv,0x00CA64,0x00CBD0,bsr.w $cbd0
cdi_nodv,cdi_nodv,0x00CA6E,0x00CB6A,bsr.w $cb6a
cdi_nodv,cdi_nodv,0x00CA78,0x00CBB6,bsr.w $cbb6
cdi_nodv,cdi_nodv,0x00CAB4,0x00CBFE,bsr.w $cbfe
cdi_nodv,cdi_nodv,0x00CB08,0x00CBD0,bsr.w $cbd0
cdi_nodv,cdi_nodv,0x00CB52,0x00CBD0,bsr.w $cbd0
cdi_nodv,cdi_nodv,0x00CBA0,0x00CBD0,bsr.w $cbd0
cdi_nodv,cdi_nodv,0x00CC02,0x00CBD0,bsr.w $cbd0
cdi_nodv,cdi_nodv,0x00CC0C,0x00CBD0,bsr.w $cbd0
cdi_nodv,cdi_nodv,0x00CC16,0x00CB1E,bsr.w $cb1e
cdi_nodv,cdi_nodv,0x00CC1C,0x00CBB6,bsr.w $cbb6
cdi_nodv,cdi_nodv,0x00CC3A,0x00CBFE,bsr.w $cbfe
cdi_nodv,cdi_nodv,0x00CC74,0x00CBD0,bsr.w $cbd0
cdi_nodv,cdi_nodv,0x00CCAA,0x00CBD0,bsr.w $cbd0
cdi_nodv,cdi_nodv,0x00CCBE,0x00CB1E,bsr.w $cb1e
cdi_nodv,cdi_nodv,0x00CCCE,0x00CBD0,bsr.w $cbd0
cdi_nodv,cdi_nodv,0x00CCDC,0x00CD50,bsr.b $cd50
cdi_nodv,cdi_nodv,0x00CD04,0x010EFE,bsr.w $10efe
cdi_nodv,cdi_nodv,0x00CD12,0x0111A2,bsr.w $111a2
cdi_nodv,cdi_nodv,0x00CD3C,0x010EFE,bsr.w $10efe
cdi_nodv,cdi_nodv,0x00CD4A,0x0111A2,bsr.w $111a2
cdi_nodv,cdi_nodv,0x00CD74,0x010EFE,bsr.w $10efe
cdi_nodv,cdi_nodv,0x00CD82,0x0111A2,bsr.w $111a2
cdi_nodv,cdi_nodv,0x00CDAE,0x010EFE,bsr.w $10efe
cdi_nodv,cdi_nodv,0x00CDBC,0x0111A2,bsr.w $111a2
cdi_nodv,cdi_nodv,0x00CDD6,0x00CBFE,bsr.w $cbfe
cdi_nodv,cdi_nodv,0x00CDE4,0x00CE52,bsr.b $ce52
cdi_nodv,cdi_nodv,0x00CE00,0x00CE70,bsr.b $ce70
cdi_nodv,cdi_nodv,0x00CE10,0x00CBFE,bsr.w $cbfe
cdi_nodv,cdi_nodv,0x00CE1E,0x00CE8C,bsr.b $ce8c
cdi_nodv,cdi_nodv,0x00CE3A,0x00CEAA,bsr.b $ceaa
cdi_nodv,cdi_nodv,0x00CE4A,0x00CBFE,bsr.w $cbfe
cdi_nodv,cdi_nodv,0x00CE58,0x00CEC6,bsr.b $cec6
cdi_nodv,cdi_nodv,0x00CE7C,0x00CBFE,bsr.w $cbfe
cdi_nodv,cdi_nodv,0x00CE8A,0x00CEF8,bsr.b $cef8
cdi_nodv,cdi_nodv,0x00CEB8,0x00CBFE,bsr.w $cbfe
cdi_nodv,cdi_nodv,0x00CEC6,0x00CF3C,bsr.b $cf3c
cdi_nodv,cdi_nodv,0x00CF38,0x00CBD0,bsr.w $cbd0
cdi_nodv,cdi_nodv,0x00CF48,0x00CFBE,bsr.b $cfbe
cdi_nodv,cdi_nodv,0x00CF62,0x00CB1E,bsr.w $cb1e
cdi_nodv,cdi_nodv,0x00CF6E,0x00CBD0,bsr.w $cbd0
cdi_nodv,cdi_nodv,0x00CF80,0x00CB1E,bsr.w $cb1e
cdi_nodv,cdi_nodv,0x00CF86,0x00CBB6,bsr.w $cbb6
cdi_nodv,cdi_nodv,0x00CF90,0x011154,bsr.w $11154
cdi_nodv,cdi_nodv,0x00CF9C,0x011154,bsr.w $11154
cdi_nodv,cdi_nodv,0x00CFA8,0x011154,bsr.w $11154
cdi_nodv,cdi_nodv,0x00CFB4,0x011154,bsr.w $11154
cdi_nodv,cdi_nodv,0x00CFBA,0x00CBB6,bsr.w $cbb6
cdi_nodv,cdi_nodv,0x00CFBE,0x00CBB6,bsr.w $cbb6
cdi_nodv,cdi_nodv,0x00CFC8,0x0112C2,bsr.w $112c2
cdi_nodv,cdi_nodv,0x00CFCC,0x00CBB6,bsr.w $cbb6
cdi_nodv,cdi_nodv,0x00CFD4,0x00CBFE,bsr.w $cbfe
cdi_nodv,cdi_nodv,0x00CFE2,0x00D058,bsr.b $d058
cdi_nodv,cdi_nodv,0x00D006,0x00CBFE,bsr.w $cbfe
cdi_nodv,cdi_nodv,0x00D016,0x00D08C,bsr.b $d08c
cdi_nodv,cdi_nodv,0x00D06E,0x00D1AA,bsr.w $d1aa
cdi_nodv,cdi_nodv,0x00D072,0x00D1CA,bsr.w $d1ca
cdi_nodv,cdi_nodv,0x00D0BA,0x00CBFE,bsr.w $cbfe
cdi_nodv,cdi_nodv,0x00D1DC,0x010E40,bsr.w $10e40
cdi_nodv,cdi_nodv,0x00D1E0,0x00EE22,bsr.w $ee22
cdi_nodv,cdi_nodv,0x00D1E4,0x00F4DE,bsr.w $f4de
cdi_nodv,cdi_nodv,0x00D1E8,0x00D2E4,bsr.w $d2e4
cdi_nodv,cdi_nodv,0x00D1EC,0x00DBCE,bsr.w $dbce
cdi_nodv,cdi_nodv,0x00D1F0,0x00CA3A,bsr.w $ca3a
cdi_nodv,cdi_nodv,0x00D1FA,0x010B0A,bsr.w $10b0a
cdi_nodv,cdi_nodv,0x00D200,0x00CBB6,bsr.w $cbb6
cdi_nodv,cdi_nodv,0x00D204,0x00CBB6,bsr.w $cbb6
cdi_nodv,cdi_nodv,0x00D20E,0x00CBD0,bsr.w $cbd0
cdi_nodv,cdi_nodv,0x00D23C,0x00CB1E,bsr.w $cb1e
cdi_nodv,cdi_nodv,0x00D246,0x00CBD0,bsr.w $cbd0
cdi_nodv,cdi_nodv,0x00D252,0x00CBB6,bsr.w $cbb6
cdi_nodv,cdi_nodv,0x00D256,0x00CBB6,bsr.w $cbb6
cdi_nodv,cdi_nodv,0x00D288,0x00CBFE,bsr.w $cbfe
cdi_nodv,cdi_nodv,0x00D2C2,0x00CBFE,bsr.w $cbfe
cdi_nodv,cdi_nodv,0x00D2E8,0x00CBD0,bsr.w $cbd0
cdi_nodv,cdi_nodv,0x00D2FE,0x00CBD0,bsr.w $cbd0
cdi_nodv,cdi_nodv,0x00D312,0x00CAD4,bsr.w $cad4
cdi_nodv,cdi_nodv,0x00D318,0x00CBB6,bsr.w $cbb6
cdi_nodv,cdi_nodv,0x00D31C,0x00CBB6,bsr.w $cbb6
cdi_nodv,cdi_nodv,0x00D346,0x00CBFE,bsr.w $cbfe
cdi_nodv,cdi_nodv,0x00D388,0x00F566,bsr.w $f566
cdi_nodv,cdi_nodv,0x00D390,0x010F64,bsr.w $10f64
cdi_nodv,cdi_nodv,0x00D39E,0x00D87E,bsr.w $d87e
cdi_nodv,cdi_nodv,0x00D410,0x00CBFE,bsr.w $cbfe
cdi_nodv,cdi_nodv,0x00D43C,0x00D858,bsr.w $d858
cdi_nodv,cdi_nodv,0x00D444,0x010F64,bsr.w $10f64
cdi_nodv,cdi_nodv,0x00D49C,0x00F0C2,bsr.w $f0c2
cdi_nodv,cdi_nodv,0x00D4A6,0x00DCA2,bsr.w $dca2
cdi_nodv,cdi_nodv,0x00D4E4,0x0110D6,bsr.w $110d6
cdi_nodv,cdi_nodv,0x00D4EE,0x00D656,bsr.w $d656
cdi_nodv,cdi_nodv,0x00D4F2,0x00D6EE,bsr.w $d6ee
cdi_nodv,cdi_nodv,0x00D4FC,0x00D2D0,bsr.w $d2d0
cdi_nodv,cdi_nodv,0x00D5D4,0x00CBD0,bsr.w $cbd0
cdi_nodv,cdi_nodv,0x00D5FA,0x00CB1E,bsr.w $cb1e
cdi_nodv,cdi_nodv,0x00D600,0x00CBB6,bsr.w $cbb6
cdi_nodv,cdi_nodv,0x00D606,0x00CBFE,bsr.w $cbfe
cdi_nodv,cdi_nodv,0x00D6E4,0x00D25C,bsr.w $d25c
cdi_nodv,cdi_nodv,0x00D6FA,0x00E1C0,bsr.w $e1c0
cdi_nodv,cdi_nodv,0x00D706,0x00D2DA,bsr.w $d2da
cdi_nodv,cdi_nodv,0x00D710,0x00D296,bsr.w $d296
cdi_nodv,cdi_nodv,0x00D76C,0x00CBFE,bsr.w $cbfe
cdi_nodv,cdi_nodv,0x00D792,0x00CBFE,bsr.w $cbfe
cdi_nodv,cdi_nodv,0x00D7A4,0x00D81A,bsr.b $d81a
cdi_nodv,cdi_nodv,0x00D7A6,0x00D7C8,bsr.b $d7c8
cdi_nodv,cdi_nodv,0x00D7CC,0x00D25C,bsr.w $d25c
cdi_nodv,cdi_nodv,0x00D7EA,0x00D25C,bsr.w $d25c
cdi_nodv,cdi_nodv,0x00D806,0x00D25C,bsr.w $d25c
cdi_nodv,cdi_nodv,0x00D80E,0x00D858,bsr.w $d858
cdi_nodv,cdi_nodv,0x00D812,0x00D86A,bsr.w $d86a
cdi_nodv,cdi_nodv,0x00D834,0x00D858,bsr.w $d858
cdi_nodv,cdi_nodv,0x00D838,0x00D86A,bsr.w $d86a
cdi_nodv,cdi_nodv,0x00D852,0x00D86A,bsr.w $d86a
cdi_nodv,cdi_nodv,0x00D886,0x014CD2,bsr.w $14cd2
cdi_nodv,cdi_nodv,0x00D896,0x014CBE,bsr.w $14cbe
cdi_nodv,cdi_nodv,0x00D8A2,0x014CA4,bsr.w $14ca4
cdi_nodv,cdi_nodv,0x00D8BA,0x00CBFE,bsr.w $cbfe
cdi_nodv,cdi_nodv,0x00D8CC,0x00D902,bsr.w $d902
cdi_nodv,cdi_nodv,0x00D8EA,0x00CBFE,bsr.w $cbfe
cdi_nodv,cdi_nodv,0x00D90A,0x014CD2,bsr.w $14cd2
cdi_nodv,cdi_nodv,0x00D91A,0x014CBE,bsr.w $14cbe
cdi_nodv,cdi_nodv,0x00D926,0x014CA4,bsr.w $14ca4
cdi_nodv,cdi_nodv,0x00D93E,0x00CBFE,bsr.w $cbfe
cdi_nodv,cdi_nodv,0x00D950,0x00DB80,bsr.w $db80
cdi_nodv,cdi_nodv,0x00D954,0x00D98A,bsr.w $d98a
cdi_nodv,cdi_nodv,0x00D95E,0x00D084,bsr.w $d084
cdi_nodv,cdi_nodv,0x00DA06,0x00CBFE,bsr.w $cbfe
cdi_nodv,cdi_nodv,0x00DA2E,0x010FF6,bsr.w $10ff6
cdi_nodv,cdi_nodv,0x00DA50,0x00DAD2,bsr.w $dad2
cdi_nodv,cdi_nodv,0x00DA5C,0x00DE86,bsr.w $de86
cdi_nodv,cdi_nodv,0x00DA6E,0x00CBB6,bsr.w $cbb6
cdi_nodv,cdi_nodv,0x00DA76,0x00CBD0,bsr.w $cbd0
cdi_nodv,cdi_nodv,0x00DA7E,0x00DAF0,bsr.b $daf0
cdi_nodv,cdi_nodv,0x00DAA6,0x00CBD0,bsr.w $cbd0
cdi_nodv,cdi_nodv,0x00DAAA,0x00CBB6,bsr.w $cbb6
cdi_nodv,cdi_nodv,0x00DAB2,0x00CBFE,bsr.w $cbfe
cdi_nodv,cdi_nodv,0x00DAB8,0x00DB2A,bsr.b $db2a
cdi_nodv,cdi_nodv,0x00DB26,0x00CBD0,bsr.w $cbd0
cdi_nodv,cdi_nodv,0x00DB46,0x00CB1E,bsr.w $cb1e
cdi_nodv,cdi_nodv,0x00DB4C,0x00CBB6,bsr.w $cbb6
cdi_nodv,cdi_nodv,0x00DB72,0x00DE86,bsr.w $de86
cdi_nodv,cdi_nodv,0x00DB88,0x014CD2,bsr.w $14cd2
cdi_nodv,cdi_nodv,0x00DB98,0x014CBE,bsr.w $14cbe
cdi_nodv,cdi_nodv,0x00DBA4,0x014CA4,bsr.w $14ca4
cdi_nodv,cdi_nodv,0x00DBBC,0x00CBFE,bsr.w $cbfe
cdi_nodv,cdi_nodv,0x00DBD2,0x00CBD0,bsr.w $cbd0
cdi_nodv,cdi_nodv,0x00DBDC,0x00DC4C,bsr.b $dc4c
cdi_nodv,cdi_nodv,0x00DBE8,0x00CBD0,bsr.w $cbd0
cdi_nodv,cdi_nodv,0x00DC00,0x00CAD4,bsr.w $cad4
cdi_nodv,cdi_nodv,0x00DC06,0x00CBB6,bsr.w $cbb6
cdi_nodv,cdi_nodv,0x00DC10,0x00CBD0,bsr.w $cbd0
cdi_nodv,cdi_nodv,0x00DC24,0x00CAD4,bsr.w $cad4
cdi_nodv,cdi_nodv,0x00DC2A,0x00CBB6,bsr.w $cbb6
cdi_nodv,cdi_nodv,0x00DC38,0x00CBD0,bsr.w $cbd0
cdi_nodv,cdi_nodv,0x00DC48,0x00DCBE,bsr.b $dcbe
cdi_nodv,cdi_nodv,0x00DC52,0x00CB1E,bsr.w $cb1e
cdi_nodv,cdi_nodv,0x00DC58,0x00CBB6,bsr.w $cbb6
cdi_nodv,cdi_nodv,0x00DC5C,0x00CBB6,bsr.w $cbb6
cdi_nodv,cdi_nodv,0x00DC84,0x00F1DE,bsr.w $f1de
cdi_nodv,cdi_nodv,0x00DC8C,0x00EEB4,bsr.w $eeb4
cdi_nodv,cdi_nodv,0x00DC98,0x00DFC4,bsr.w $dfc4
cdi_nodv,cdi_nodv,0x00DCB0,0x00E184,bsr.w $e184
cdi_nodv,cdi_nodv,0x00DCB8,0x010F64,bsr.w $10f64
cdi_nodv,cdi_nodv,0x00DCCC,0x00DD6A,bsr.w $dd6a
cdi_nodv,cdi_nodv,0x00DD32,0x00F0C2,bsr.w $f0c2
cdi_nodv,cdi_nodv,0x00DDD8,0x00E1C0,bsr.w $e1c0
cdi_nodv,cdi_nodv,0x00DE50,0x00E1A6,bsr.w $e1a6
cdi_nodv,cdi_nodv,0x00DE62,0x00E1C0,bsr.w $e1c0
cdi_nodv,cdi_nodv,0x00DE70,0x00DD38,bsr.w $dd38
cdi_nodv,cdi_nodv,0x00DE98,0x00DD38,bsr.w $dd38
cdi_nodv,cdi_nodv,0x00DEEE,0x00D2DA,bsr.w $d2da
cdi_nodv,cdi_nodv,0x00DEF6,0x00D296,bsr.w $d296
cdi_nodv,cdi_nodv,0x00DF36,0x010EFE,bsr.w $10efe
cdi_nodv,cdi_nodv,0x00DF40,0x0111A2,bsr.w $111a2
cdi_nodv,cdi_nodv,0x00DF98,0x00F0C2,bsr.w $f0c2
cdi_nodv,cdi_nodv,0x00DFB4,0x00CBFE,bsr.w $cbfe
cdi_nodv,cdi_nodv,0x00E010,0x00CBFE,bsr.w $cbfe
cdi_nodv,cdi_nodv,0x00E034,0x00E184,bsr.w $e184
cdi_nodv,cdi_nodv,0x00E050,0x00E0A8,bsr.w $e0a8
cdi_nodv,cdi_nodv,0x00E05A,0x00E0A8,bsr.w $e0a8
cdi_nodv,cdi_nodv,0x00E06C,0x00E1C0,bsr.w $e1c0
cdi_nodv,cdi_nodv,0x00E082,0x00E0A8,bsr.w $e0a8
cdi_nodv,cdi_nodv,0x00E08C,0x00CBFE,bsr.w $cbfe
cdi_nodv,cdi_nodv,0x00E0A0,0x00E106,bsr.b $e106
cdi_nodv,cdi_nodv,0x00E0B6,0x00F1DE,bsr.w $f1de
cdi_nodv,cdi_nodv,0x00E0EA,0x00E184,bsr.w $e184
cdi_nodv,cdi_nodv,0x00E130,0x00CBFE,bsr.w $cbfe
cdi_nodv,cdi_nodv,0x00E16A,0x00CBFE,bsr.w $cbfe
cdi_nodv,cdi_nodv,0x00E17C,0x00E1E2,bsr.b $e1e2
cdi_nodv,cdi_nodv,0x00E1D2,0x00D296,bsr.w $d296
cdi_nodv,cdi_nodv,0x00E1E8,0x00E0A8,bsr.w $e0a8
cdi_nodv,cdi_nodv,0x00E23E,0x010EFE,bsr.w $10efe
cdi_nodv,cdi_nodv,0x00E248,0x0111A2,bsr.w $111a2
cdi_nodv,cdi_nodv,0x00E25C,0x00ED9A,bsr.w $ed9a
cdi_nodv,cdi_nodv,0x00E2A4,0x010EFE,bsr.w $10efe
cdi_nodv,cdi_nodv,0x00E2AE,0x0111A2,bsr.w $111a2
cdi_nodv,cdi_nodv,0x00E2C2,0x00ED9A,bsr.w $ed9a
cdi_nodv,cdi_nodv,0x00E30C,0x00E8B0,bsr.w $e8b0
cdi_nodv,cdi_nodv,0x00E330,0x00E364,bsr.w $e364
cdi_nodv,cdi_nodv,0x00E344,0x00CBFE,bsr.w $cbfe
cdi_nodv,cdi_nodv,0x00E34C,0x00E3B2,bsr.b $e3b2
cdi_nodv,cdi_nodv,0x00E372,0x00E364,bsr.w $e364
cdi_nodv,cdi_nodv,0x00E38C,0x00ED32,bsr.w $ed32
cdi_nodv,cdi_nodv,0x00E39A,0x00E8B0,bsr.w $e8b0
cdi_nodv,cdi_nodv,0x00E3D8,0x00E364,bsr.w $e364
cdi_nodv,cdi_nodv,0x00E3EE,0x00CBD0,bsr.w $cbd0
cdi_nodv,cdi_nodv,0x00E408,0x00CAD4,bsr.w $cad4
cdi_nodv,cdi_nodv,0x00E40E,0x00CBB6,bsr.w $cbb6
cdi_nodv,cdi_nodv,0x00E412,0x00E486,bsr.w $e486
cdi_nodv,cdi_nodv,0x00E41A,0x00CBD0,bsr.w $cbd0
cdi_nodv,cdi_nodv,0x00E436,0x00CBD0,bsr.w $cbd0
cdi_nodv,cdi_nodv,0x00E440,0x00CB1E,bsr.w $cb1e
cdi_nodv,cdi_nodv,0x00E446,0x00CBB6,bsr.w $cbb6
cdi_nodv,cdi_nodv,0x00E44E,0x00E8B0,bsr.w $e8b0
cdi_nodv,cdi_nodv,0x00E452,0x00E486,bsr.w $e486
cdi_nodv,cdi_nodv,0x00E45C,0x0112C2,bsr.w $112c2
cdi_nodv,cdi_nodv,0x00E464,0x00CBFE,bsr.w $cbfe
cdi_nodv,cdi_nodv,0x00E48C,0x00CBD0,bsr.w $cbd0
cdi_nodv,cdi_nodv,0x00E4B6,0x00CBB6,bsr.w $cbb6
cdi_nodv,cdi_nodv,0x00E4C8,0x00CBD0,bsr.w $cbd0
cdi_nodv,cdi_nodv,0x00E4D2,0x00CAD4,bsr.w $cad4
cdi_nodv,cdi_nodv,0x00E4D8,0x00CBB6,bsr.w $cbb6
cdi_nodv,cdi_nodv,0x00E4E0,0x00CBB6,bsr.w $cbb6
cdi_nodv,cdi_nodv,0x00E4EE,0x00E8B0,bsr.w $e8b0
cdi_nodv,cdi_nodv,0x00E4F2,0x00E8C0,bsr.w $e8c0
cdi_nodv,cdi_nodv,0x00E508,0x00E948,bsr.w $e948
cdi_nodv,cdi_nodv,0x00E52A,0x00E8B0,bsr.w $e8b0
cdi_nodv,cdi_nodv,0x00E532,0x00E568,bsr.w $e568
cdi_nodv,cdi_nodv,0x00E538,0x010F8E,bsr.w $10f8e
cdi_nodv,cdi_nodv,0x00E550,0x00E8B0,bsr.w $e8b0
cdi_nodv,cdi_nodv,0x00E558,0x00E568,bsr.w $e568
cdi_nodv,cdi_nodv,0x00E594,0x00ED9A,bsr.w $ed9a
cdi_nodv,cdi_nodv,0x00E5A8,0x00E8B0,bsr.w $e8b0
cdi_nodv,cdi_nodv,0x00E5BE,0x010FB4,bsr.w $10fb4
cdi_nodv,cdi_nodv,0x00E5DA,0x00E8B0,bsr.w $e8b0
cdi_nodv,cdi_nodv,0x00E61E,0x00E8B0,bsr.w $e8b0
cdi_nodv,cdi_nodv,0x00E654,0x00E8B0,bsr.w $e8b0
cdi_nodv,cdi_nodv,0x00E690,0x00E8B0,bsr.w $e8b0
cdi_nodv,cdi_nodv,0x00E6AE,0x00E8B0,bsr.w $e8b0
cdi_nodv,cdi_nodv,0x00E714,0x00E8B0,bsr.w $e8b0
cdi_nodv,cdi_nodv,0x00E810,0x01171A,bsr.w $1171a
cdi_nodv,cdi_nodv,0x00E824,0x01171A,bsr.w $1171a
cdi_nodv,cdi_nodv,0x00E82E,0x00EDBA,bsr.w $edba
cdi_nodv,cdi_nodv,0x00E842,0x00CBFE,bsr.w $cbfe
cdi_nodv,cdi_nodv,0x00E870,0x0111A2,bsr.w $111a2
cdi_nodv,cdi_nodv,0x00E884,0x0111A2,bsr.w $111a2
cdi_nodv,cdi_nodv,0x00E8A6,0x00FB88,bsr.w $fb88
cdi_nodv,cdi_nodv,0x00E8C6,0x00E8D0,bsr.w $e8d0
cdi_nodv,cdi_nodv,0x00E8CA,0x00E908,bsr.w $e908
cdi_nodv,cdi_nodv,0x00E8DA,0x01168C,bsr.w $1168c
cdi_nodv,cdi_nodv,0x00E912,0x01168C,bsr.w $1168c
cdi_nodv,cdi_nodv,0x00E99C,0x00CBFE,bsr.w $cbfe
cdi_nodv,cdi_nodv,0x00E9C2,0x00E952,bsr.w $e952
cdi_nodv,cdi_nodv,0x00E9CC,0x00E952,bsr.w $e952
cdi_nodv,cdi_nodv,0x00E9DE,0x01201C,bsr.w $1201c
cdi_nodv,cdi_nodv,0x00E9EE,0x00EBA6,bsr.w $eba6
cdi_nodv,cdi_nodv,0x00EA00,0x01201C,bsr.w $1201c
cdi_nodv,cdi_nodv,0x00EA10,0x00EBA6,bsr.w $eba6
cdi_nodv,cdi_nodv,0x00EA22,0x01201C,bsr.w $1201c
cdi_nodv,cdi_nodv,0x00EA32,0x00EBA6,bsr.w $eba6
cdi_nodv,cdi_nodv,0x00EA44,0x00EBA6,bsr.w $eba6
cdi_nodv,cdi_nodv,0x00EA4A,0x00EC4E,bsr.w $ec4e
cdi_nodv,cdi_nodv,0x00EA5A,0x01168C,bsr.w $1168c
cdi_nodv,cdi_nodv,0x00EA68,0x01168C,bsr.w $1168c
cdi_nodv,cdi_nodv,0x00EAB6,0x01201C,bsr.w $1201c
cdi_nodv,cdi_nodv,0x00EABA,0x00EC4E,bsr.w $ec4e
cdi_nodv,cdi_nodv,0x00EACA,0x01168C,bsr.w $1168c
cdi_nodv,cdi_nodv,0x00EAD6,0x01168C,bsr.w $1168c
cdi_nodv,cdi_nodv,0x00EBA6,0x00EC4E,bsr.w $ec4e
cdi_nodv,cdi_nodv,0x00EBB8,0x01168C,bsr.w $1168c
cdi_nodv,cdi_nodv,0x00EBC4,0x01168C,bsr.w $1168c
cdi_nodv,cdi_nodv,0x00EDDE,0x00CBD0,bsr.w $cbd0
cdi_nodv,cdi_nodv,0x00EDFE,0x00CB1E,bsr.w $cb1e
cdi_nodv,cdi_nodv,0x00EE0A,0x00CBD0,bsr.w $cbd0
cdi_nodv,cdi_nodv,0x00EE16,0x00CB1E,bsr.w $cb1e
cdi_nodv,cdi_nodv,0x00EE1C,0x00CBB6,bsr.w $cbb6
cdi_nodv,cdi_nodv,0x00EE22,0x00CBB6,bsr.w $cbb6
cdi_nodv,cdi_nodv,0x00EE2A,0x00CBD0,bsr.w $cbd0
cdi_nodv,cdi_nodv,0x00EE40,0x00CBD0,bsr.w $cbd0
cdi_nodv,cdi_nodv,0x00EE4C,0x00EEC2,bsr.b $eec2
cdi_nodv,cdi_nodv,0x00EE58,0x00CB1E,bsr.w $cb1e
cdi_nodv,cdi_nodv,0x00EE5E,0x00CBB6,bsr.w $cbb6
cdi_nodv,cdi_nodv,0x00EE68,0x00CBD0,bsr.w $cbd0
cdi_nodv,cdi_nodv,0x00EE80,0x00CAD4,bsr.w $cad4
cdi_nodv,cdi_nodv,0x00EE86,0x00CBB6,bsr.w $cbb6
cdi_nodv,cdi_nodv,0x00EE90,0x00CBD0,bsr.w $cbd0
cdi_nodv,cdi_nodv,0x00EEA4,0x00CAD4,bsr.w $cad4
cdi_nodv,cdi_nodv,0x00EEAA,0x00CBB6,bsr.w $cbb6
cdi_nodv,cdi_nodv,0x00EEAE,0x00CBB6,bsr.w $cbb6
cdi_nodv,cdi_nodv,0x00EEE8,0x00CBD0,bsr.w $cbd0
cdi_nodv,cdi_nodv,0x00EF00,0x00CB1E,bsr.w $cb1e
cdi_nodv,cdi_nodv,0x00EF06,0x00CBB6,bsr.w $cbb6
cdi_nodv,cdi_nodv,0x00EF24,0x00D084,bsr.w $d084
cdi_nodv,cdi_nodv,0x00EF6E,0x010EFE,bsr.w $10efe
cdi_nodv,cdi_nodv,0x00EF78,0x0111A2,bsr.w $111a2
cdi_nodv,cdi_nodv,0x00EFA2,0x00F418,bsr.w $f418
cdi_nodv,cdi_nodv,0x00EFB4,0x00F35C,bsr.w $f35c
cdi_nodv,cdi_nodv,0x00EFD8,0x00F0C2,bsr.w $f0c2
cdi_nodv,cdi_nodv,0x00EFEE,0x00F024,bsr.w $f024
cdi_nodv,cdi_nodv,0x00EFFC,0x00CBFE,bsr.w $cbfe
cdi_nodv,cdi_nodv,0x00F034,0x00CEAA,bsr.w $ceaa
cdi_nodv,cdi_nodv,0x00F050,0x00F418,bsr.w $f418
cdi_nodv,cdi_nodv,0x00F060,0x00F35C,bsr.w $f35c
cdi_nodv,cdi_nodv,0x00F06A,0x00F4B8,bsr.w $f4b8
cdi_nodv,cdi_nodv,0x00F078,0x0133D0,bsr.w $133d0
cdi_nodv,cdi_nodv,0x00F09A,0x00F0C2,bsr.w $f0c2
cdi_nodv,cdi_nodv,0x00F0A2,0x00EEB4,bsr.w $eeb4
cdi_nodv,cdi_nodv,0x00F0B2,0x00CFF8,bsr.w $cff8
cdi_nodv,cdi_nodv,0x00F140,0x00CBD0,bsr.w $cbd0
cdi_nodv,cdi_nodv,0x00F162,0x00CAD4,bsr.w $cad4
cdi_nodv,cdi_nodv,0x00F16C,0x00CBFE,bsr.w $cbfe
cdi_nodv,cdi_nodv,0x00F178,0x00CBD0,bsr.w $cbd0
cdi_nodv,cdi_nodv,0x00F18A,0x00CB1E,bsr.w $cb1e
cdi_nodv,cdi_nodv,0x00F192,0x00CBFE,bsr.w $cbfe
cdi_nodv,cdi_nodv,0x00F1BE,0x00CBFE,bsr.w $cbfe
cdi_nodv,cdi_nodv,0x00F20A,0x00CBD0,bsr.w $cbd0
cdi_nodv,cdi_nodv,0x00F214,0x00F278,bsr.b $f278
cdi_nodv,cdi_nodv,0x00F21E,0x00CB1E,bsr.w $cb1e
cdi_nodv,cdi_nodv,0x00F228,0x00CBFE,bsr.w $cbfe
cdi_nodv,cdi_nodv,0x00F230,0x00F294,bsr.b $f294
cdi_nodv,cdi_nodv,0x00F264,0x00F29A,bsr.b $f29a
cdi_nodv,cdi_nodv,0x00F26E,0x00F2A6,bsr.w $f2a6
cdi_nodv,cdi_nodv,0x00F278,0x00F2C2,bsr.w $f2c2
cdi_nodv,cdi_nodv,0x00F282,0x00F2E2,bsr.w $f2e2
cdi_nodv,cdi_nodv,0x00F28C,0x00F30C,bsr.w $f30c
cdi_nodv,cdi_nodv,0x00F2AA,0x00CBD0,bsr.w $cbd0
cdi_nodv,cdi_nodv,0x00F4E2,0x00CBD0,bsr.w $cbd0
cdi_nodv,cdi_nodv,0x00F4E8,0x00F560,bsr.b $f560
cdi_nodv,cdi_nodv,0x00F4F8,0x00CBD0,bsr.w $cbd0
cdi_nodv,cdi_nodv,0x00F4FE,0x00F576,bsr.b $f576
cdi_nodv,cdi_nodv,0x00F504,0x00F57A,bsr.b $f57a
cdi_nodv,cdi_nodv,0x00F50E,0x00CB1E,bsr.w $cb1e
cdi_nodv,cdi_nodv,0x00F514,0x00CBB6,bsr.w $cbb6
cdi_nodv,cdi_nodv,0x00F51E,0x00CBD0,bsr.w $cbd0
cdi_nodv,cdi_nodv,0x00F528,0x00F5A0,bsr.b $f5a0
cdi_nodv,cdi_nodv,0x00F532,0x00CAD4,bsr.w $cad4
cdi_nodv,cdi_nodv,0x00F538,0x00CBB6,bsr.w $cbb6
cdi_nodv,cdi_nodv,0x00F53C,0x00CBB6,bsr.w $cbb6
cdi_nodv,cdi_nodv,0x00F548,0x00D084,bsr.w $d084
cdi_nodv,cdi_nodv,0x00F556,0x00D084,bsr.w $d084
cdi_nodv,cdi_nodv,0x00F578,0x00F1DE,bsr.w $f1de
cdi_nodv,cdi_nodv,0x00F580,0x00EEB4,bsr.w $eeb4
cdi_nodv,cdi_nodv,0x00F59C,0x00F6EA,bsr.w $f6ea
cdi_nodv,cdi_nodv,0x00F5AA,0x00DC62,bsr.w $dc62
cdi_nodv,cdi_nodv,0x00F5D8,0x010EFE,bsr.w $10efe
cdi_nodv,cdi_nodv,0x00F5FA,0x0110D6,bsr.w $110d6
cdi_nodv,cdi_nodv,0x00F61A,0x00EEB4,bsr.w $eeb4
cdi_nodv,cdi_nodv,0x00F638,0x00F0C2,bsr.w $f0c2
cdi_nodv,cdi_nodv,0x00F654,0x00CBFE,bsr.w $cbfe
cdi_nodv,cdi_nodv,0x00F658,0x00F6D0,bsr.b $f6d0
cdi_nodv,cdi_nodv,0x00F6A4,0x00CBD0,bsr.w $cbd0
cdi_nodv,cdi_nodv,0x00F6AA,0x00F722,bsr.b $f722
cdi_nodv,cdi_nodv,0x00F6B0,0x00F726,bsr.b $f726
cdi_nodv,cdi_nodv,0x00F6BC,0x00CB1E,bsr.w $cb1e
cdi_nodv,cdi_nodv,0x00F6C2,0x00CBB6,bsr.w $cbb6
cdi_nodv,cdi_nodv,0x00F6CA,0x00CBFE,bsr.w $cbfe
cdi_nodv,cdi_nodv,0x00F6CE,0x00F746,bsr.b $f746
cdi_nodv,cdi_nodv,0x00F6E0,0x00F74E,bsr.b $f74e
cdi_nodv,cdi_nodv,0x00F6F8,0x00F79C,bsr.w $f79c
cdi_nodv,cdi_nodv,0x00F716,0x00F7FC,bsr.w $f7fc
cdi_nodv,cdi_nodv,0x00F71A,0x00F7EE,bsr.w $f7ee
cdi_nodv,cdi_nodv,0x00F72C,0x00F79C,bsr.w $f79c
cdi_nodv,cdi_nodv,0x00F732,0x00F75A,bsr.w $f75a
cdi_nodv,cdi_nodv,0x00F73C,0x00CBFE,bsr.w $cbfe
cdi_nodv,cdi_nodv,0x00F740,0x00F7B8,bsr.b $f7b8
cdi_nodv,cdi_nodv,0x00F756,0x00F7CC,bsr.b $f7cc
cdi_nodv,cdi_nodv,0x00F76A,0x00C6D4,bsr.w $c6d4
cdi_nodv,cdi_nodv,0x00F790,0x00C6D4,bsr.w $c6d4
cdi_nodv,cdi_nodv,0x00F7CA,0x010EFE,bsr.w $10efe
cdi_nodv,cdi_nodv,0x00F7D8,0x011E52,bsr.w $11e52
cdi_nodv,cdi_nodv,0x00F7DE,0x00CFF8,bsr.w $cff8
cdi_nodv,cdi_nodv,0x00F7F6,0x00BADC,bsr.w $badc
cdi_nodv,cdi_nodv,0x00F880,0x00CFF8,bsr.w $cff8
cdi_nodv,cdi_nodv,0x00F8BC,0x00CBFE,bsr.w $cbfe
cdi_nodv,cdi_nodv,0x00F936,0x010EFE,bsr.w $10efe
cdi_nodv,cdi_nodv,0x00F944,0x012546,bsr.w $12546
cdi_nodv,cdi_nodv,0x00F96E,0x00CEAA,bsr.w $ceaa
cdi_nodv,cdi_nodv,0x00F97C,0x00F35C,bsr.w $f35c
cdi_nodv,cdi_nodv,0x00F9A2,0x0110D6,bsr.w $110d6
cdi_nodv,cdi_nodv,0x00F9AE,0x0111A2,bsr.w $111a2
cdi_nodv,cdi_nodv,0x00F9B8,0x00CBFE,bsr.w $cbfe
cdi_nodv,cdi_nodv,0x00F9C6,0x00FA3C,bsr.b $fa3c
cdi_nodv,cdi_nodv,0x00F9C8,0x00F9EA,bsr.b $f9ea
cdi_nodv,cdi_nodv,0x00F9FE,0x010EFE,bsr.w $10efe
cdi_nodv,cdi_nodv,0x00FA10,0x0110D6,bsr.w $110d6
cdi_nodv,cdi_nodv,0x00FA1C,0x0111A2,bsr.w $111a2
cdi_nodv,cdi_nodv,0x00FA5A,0x010EFE,bsr.w $10efe
cdi_nodv,cdi_nodv,0x00FAA6,0x0111A2,bsr.w $111a2
cdi_nodv,cdi_nodv,0x00FAF0,0x010EFE,bsr.w $10efe
cdi_nodv,cdi_nodv,0x00FAFA,0x0138A2,bsr.w $138a2
cdi_nodv,cdi_nodv,0x00FB1A,0x0110D6,bsr.w $110d6
cdi_nodv,cdi_nodv,0x00FB26,0x0111A2,bsr.w $111a2
cdi_nodv,cdi_nodv,0x00FB52,0x00CBFE,bsr.w $cbfe
cdi_nodv,cdi_nodv,0x00FBAA,0x00CBFE,bsr.w $cbfe
cdi_nodv,cdi_nodv,0x00FBD6,0x00CBFE,bsr.w $cbfe
cdi_nodv,cdi_nodv,0x00FBFE,0x010222,bsr.w $10222
cdi_nodv,cdi_nodv,0x00FC02,0x01033C,bsr.w $1033c
cdi_nodv,cdi_nodv,0x00FC06,0x0100CE,bsr.w $100ce
cdi_nodv,cdi_nodv,0x00FC0A,0x0101A4,bsr.w $101a4
cdi_nodv,cdi_nodv,0x00FC0E,0x01009E,bsr.w $1009e
cdi_nodv,cdi_nodv,0x00FC12,0x00FCE8,bsr.w $fce8
cdi_nodv,cdi_nodv,0x00FC16,0x00FE80,bsr.w $fe80
cdi_nodv,cdi_nodv,0x00FC1A,0x00FD7A,bsr.w $fd7a
cdi_nodv,cdi_nodv,0x00FC1E,0x00FF18,bsr.w $ff18
cdi_nodv,cdi_nodv,0x00FC5A,0x010EFE,bsr.w $10efe
cdi_nodv,cdi_nodv,0x00FC64,0x0111A2,bsr.w $111a2
cdi_nodv,cdi_nodv,0x00FC7A,0x011650,bsr.w $11650
cdi_nodv,cdi_nodv,0x00FCAE,0x010EFE,bsr.w $10efe
cdi_nodv,cdi_nodv,0x00FCB8,0x0111A2,bsr.w $111a2
cdi_nodv,cdi_nodv,0x00FCCE,0x011650,bsr.w $11650
cdi_nodv,cdi_nodv,0x00FCE2,0x00E222,bsr.w $e222
cdi_nodv,cdi_nodv,0x00FD66,0x00CBFE,bsr.w $cbfe
cdi_nodv,cdi_nodv,0x00FE44,0x00FE4C,bsr.b $fe4c
cdi_nodv,cdi_nodv,0x00FE48,0x00FE4C,bsr.b $fe4c
cdi_nodv,cdi_nodv,0x00FE5C,0x01001A,bsr.w $1001a
cdi_nodv,cdi_nodv,0x00FE64,0x01001A,bsr.w $1001a
cdi_nodv,cdi_nodv,0x00FE6C,0x00CBFE,bsr.w $cbfe
cdi_nodv,cdi_nodv,0x00FF04,0x00CBFE,bsr.w $cbfe
cdi_nodv,cdi_nodv,0x00FFE2,0x00FFEE,bsr.w $ffee
cdi_nodv,cdi_nodv,0x00FFE8,0x00FFEE,bsr.w $ffee
cdi_nodv,cdi_nodv,0x00FFFA,0x01001A,bsr.b $1001a
cdi_nodv,cdi_nodv,0x010000,0x01001A,bsr.b $1001a
cdi_nodv,cdi_nodv,0x010006,0x00CBFE,bsr.w $cbfe
cdi_nodv,cdi_nodv,0x010068,0x00CBD0,bsr.w $cbd0
cdi_nodv,cdi_nodv,0x01007E,0x00CB1E,bsr.w $cb1e
cdi_nodv,cdi_nodv,0x010084,0x00CBB6,bsr.w $cbb6
cdi_nodv,cdi_nodv,0x01008A,0x00CBFE,bsr.w $cbfe
cdi_nodv,cdi_nodv,0x01022C,0x010BF8,bsr.w $10bf8
cdi_nodv,cdi_nodv,0x01024E,0x010BF8,bsr.w $10bf8
cdi_nodv,cdi_nodv,0x010278,0x010BF8,bsr.w $10bf8
cdi_nodv,cdi_nodv,0x0102CC,0x00CBFE,bsr.w $cbfe
cdi_nodv,cdi_nodv,0x0102F6,0x014CD2,bsr.w $14cd2
cdi_nodv,cdi_nodv,0x010306,0x014CBE,bsr.w $14cbe
cdi_nodv,cdi_nodv,0x010312,0x014CA4,bsr.w $14ca4
cdi_nodv,cdi_nodv,0x01032A,0x00CBFE,bsr.w $cbfe
cdi_nodv,cdi_nodv,0x010384,0x00CBFE,bsr.w $cbfe
cdi_nodv,cdi_nodv,0x010394,0x0103FA,bsr.b $103fa
cdi_nodv,cdi_nodv,0x01039A,0x01059E,bsr.w $1059e
cdi_nodv,cdi_nodv,0x01039E,0x01064C,bsr.w $1064c
cdi_nodv,cdi_nodv,0x0103AA,0x0103FA,bsr.w $103fa
cdi_nodv,cdi_nodv,0x0103BE,0x010444,bsr.w $10444
cdi_nodv,cdi_nodv,0x0103D8,0x0104E4,bsr.w $104e4
cdi_nodv,cdi_nodv,0x010490,0x01056A,bsr.w $1056a
cdi_nodv,cdi_nodv,0x010496,0x0104EA,bsr.w $104ea
cdi_nodv,cdi_nodv,0x0105A6,0x014CD2,bsr.w $14cd2
cdi_nodv,cdi_nodv,0x0105B6,0x014CBE,bsr.w $14cbe
cdi_nodv,cdi_nodv,0x0105C2,0x014CA4,bsr.w $14ca4
cdi_nodv,cdi_nodv,0x0105DA,0x00CBFE,bsr.w $cbfe
cdi_nodv,cdi_nodv,0x0106EA,0x0108D4,bsr.w $108d4
cdi_nodv,cdi_nodv,0x0106EE,0x010A56,bsr.w $10a56
cdi_nodv,cdi_nodv,0x010716,0x010A32,bsr.w $10a32
cdi_nodv,cdi_nodv,0x010734,0x010A32,bsr.w $10a32
cdi_nodv,cdi_nodv,0x010742,0x010A32,bsr.w $10a32
cdi_nodv,cdi_nodv,0x01077C,0x01081A,bsr.w $1081a
cdi_nodv,cdi_nodv,0x010780,0x0107A6,bsr.w $107a6
cdi_nodv,cdi_nodv,0x01078E,0x010A32,bsr.w $10a32
cdi_nodv,cdi_nodv,0x0107CA,0x0107D6,bsr.w $107d6
cdi_nodv,cdi_nodv,0x0107D0,0x0107F8,bsr.w $107f8
cdi_nodv,cdi_nodv,0x0107E4,0x01078A,bsr.w $1078a
cdi_nodv,cdi_nodv,0x0107F2,0x01078A,bsr.w $1078a
cdi_nodv,cdi_nodv,0x010806,0x01078A,bsr.w $1078a
cdi_nodv,cdi_nodv,0x010814,0x01078A,bsr.w $1078a
cdi_nodv,cdi_nodv,0x01081A,0x01082E,bsr.w $1082e
cdi_nodv,cdi_nodv,0x010824,0x0108A2,bsr.w $108a2
cdi_nodv,cdi_nodv,0x01083A,0x0108AC,bsr.w $108ac
cdi_nodv,cdi_nodv,0x010840,0x01086E,bsr.w $1086e
cdi_nodv,cdi_nodv,0x010864,0x01082E,bsr.w $1082e
cdi_nodv,cdi_nodv,0x01086E,0x010A42,bsr.w $10a42
cdi_nodv,cdi_nodv,0x010884,0x010898,bsr.w $10898
cdi_nodv,cdi_nodv,0x01088E,0x0108A2,bsr.w $108a2
cdi_nodv,cdi_nodv,0x01089C,0x01078A,bsr.w $1078a
cdi_nodv,cdi_nodv,0x0108A6,0x01078A,bsr.w $1078a
cdi_nodv,cdi_nodv,0x0108FC,0x010A56,bsr.w $10a56
cdi_nodv,cdi_nodv,0x01090C,0x010A12,bsr.w $10a12
cdi_nodv,cdi_nodv,0x010916,0x010A42,bsr.w $10a42
cdi_nodv,cdi_nodv,0x01092A,0x010A56,bsr.w $10a56
cdi_nodv,cdi_nodv,0x01095E,0x010A12,bsr.w $10a12
cdi_nodv,cdi_nodv,0x010968,0x010A42,bsr.w $10a42
cdi_nodv,cdi_nodv,0x010982,0x010A32,bsr.w $10a32
cdi_nodv,cdi_nodv,0x010998,0x0109AE,bsr.b $109ae
cdi_nodv,cdi_nodv,0x01099C,0x0109CE,bsr.w $109ce
cdi_nodv,cdi_nodv,0x0109BE,0x0109AE,bsr.b $109ae
cdi_nodv,cdi_nodv,0x0109C6,0x0109CE,bsr.b $109ce
cdi_nodv,cdi_nodv,0x0109CE,0x010A42,bsr.w $10a42
cdi_nodv,cdi_nodv,0x010A12,0x010A32,bsr.w $10a32
cdi_nodv,cdi_nodv,0x010A7E,0x00CBFE,bsr.w $cbfe
cdi_nodv,cdi_nodv,0x010AA8,0x00CBB6,bsr.w $cbb6
cdi_nodv,cdi_nodv,0x010AAC,0x00CBB6,bsr.w $cbb6
cdi_nodv,cdi_nodv,0x010AB4,0x00CBD0,bsr.w $cbd0
cdi_nodv,cdi_nodv,0x010AD4,0x010A42,bsr.w $10a42
cdi_nodv,cdi_nodv,0x010ADE,0x00CBD0,bsr.w $cbd0
cdi_nodv,cdi_nodv,0x010AEC,0x00CB1E,bsr.w $cb1e
cdi_nodv,cdi_nodv,0x010AF2,0x00CBB6,bsr.w $cbb6
cdi_nodv,cdi_nodv,0x010AFC,0x00CBB6,bsr.w $cbb6
cdi_nodv,cdi_nodv,0x010B00,0x00CBB6,bsr.w $cbb6
cdi_nodv,cdi_nodv,0x010B0E,0x00CBB6,bsr.w $cbb6
cdi_nodv,cdi_nodv,0x010B12,0x00CBB6,bsr.w $cbb6
cdi_nodv,cdi_nodv,0x010B1A,0x010A32,bsr.w $10a32
cdi_nodv,cdi_nodv,0x010B24,0x00CBD0,bsr.w $cbd0
cdi_nodv,cdi_nodv,0x010B32,0x00CB1E,bsr.w $cb1e
cdi_nodv,cdi_nodv,0x010B3E,0x00CBD0,bsr.w $cbd0
cdi_nodv,cdi_nodv,0x010B5A,0x00CBB6,bsr.w $cbb6
cdi_nodv,cdi_nodv,0x010B64,0x010B7C,bsr.w $10b7c
cdi_nodv,cdi_nodv,0x010B68,0x00CBB6,bsr.w $cbb6
cdi_nodv,cdi_nodv,0x010B6C,0x00CBB6,bsr.w $cbb6
cdi_nodv,cdi_nodv,0x010B8A,0x00CBD0,bsr.w $cbd0
cdi_nodv,cdi_nodv,0x010B9C,0x010A42,bsr.w $10a42
cdi_nodv,cdi_nodv,0x010BA6,0x00CBD0,bsr.w $cbd0
cdi_nodv,cdi_nodv,0x010BB4,0x00CB1E,bsr.w $cb1e
cdi_nodv,cdi_nodv,0x010BC0,0x00CBD0,bsr.w $cbd0
cdi_nodv,cdi_nodv,0x010BDC,0x00CBB6,bsr.w $cbb6
cdi_nodv,cdi_nodv,0x010BE8,0x010B7C,bsr.w $10b7c
cdi_nodv,cdi_nodv,0x010E44,0x00CBD0,bsr.w $cbd0
cdi_nodv,cdi_nodv,0x010E4E,0x010EBE,bsr.b $10ebe
cdi_nodv,cdi_nodv,0x010E5E,0x00CBD0,bsr.w $cbd0
cdi_nodv,cdi_nodv,0x010E74,0x00CB1E,bsr.w $cb1e
cdi_nodv,cdi_nodv,0x010E7A,0x00CBB6,bsr.w $cbb6
cdi_nodv,cdi_nodv,0x010E84,0x00CBD0,bsr.w $cbd0
cdi_nodv,cdi_nodv,0x010E9A,0x00CB1E,bsr.w $cb1e
cdi_nodv,cdi_nodv,0x010EA0,0x00CBB6,bsr.w $cbb6
cdi_nodv,cdi_nodv,0x010EAE,0x00CBD0,bsr.w $cbd0
cdi_nodv,cdi_nodv,0x010EB6,0x010F24,bsr.b $10f24
cdi_nodv,cdi_nodv,0x010ECC,0x00CBB6,bsr.w $cbb6
cdi_nodv,cdi_nodv,0x010ED6,0x00CBD0,bsr.w $cbd0
cdi_nodv,cdi_nodv,0x010EDE,0x010F4C,bsr.b $10f4c
cdi_nodv,cdi_nodv,0x010EEE,0x00CB1E,bsr.w $cb1e
cdi_nodv,cdi_nodv,0x010EF4,0x00CBB6,bsr.w $cbb6
cdi_nodv,cdi_nodv,0x010EF8,0x00CBB6,bsr.w $cbb6
cdi_nodv,cdi_nodv,0x010F16,0x011408,bsr.w $11408
cdi_nodv,cdi_nodv,0x010F1E,0x0110B2,bsr.w $110b2
cdi_nodv,cdi_nodv,0x010F3A,0x00CBFE,bsr.w $cbfe
cdi_nodv,cdi_nodv,0x010F82,0x010FDA,bsr.w $10fda
cdi_nodv,cdi_nodv,0x010FA4,0x010F64,bsr.w $10f64
cdi_nodv,cdi_nodv,0x010FC0,0x011082,bsr.w $11082
cdi_nodv,cdi_nodv,0x010FC8,0x0110B2,bsr.w $110b2
cdi_nodv,cdi_nodv,0x010FDA,0x011082,bsr.w $11082
cdi_nodv,cdi_nodv,0x010FDE,0x01105A,bsr.w $1105a
cdi_nodv,cdi_nodv,0x011002,0x01105A,bsr.w $1105a
cdi_nodv,cdi_nodv,0x011100,0x00CBFE,bsr.w $cbfe
cdi_nodv,cdi_nodv,0x011128,0x00CBD0,bsr.w $cbd0
cdi_nodv,cdi_nodv,0x01115E,0x00CBB6,bsr.w $cbb6
cdi_nodv,cdi_nodv,0x011166,0x00CBD0,bsr.w $cbd0
cdi_nodv,cdi_nodv,0x01117C,0x00CBB6,bsr.w $cbb6
cdi_nodv,cdi_nodv,0x011180,0x00CBB6,bsr.w $cbb6
cdi_nodv,cdi_nodv,0x0111C2,0x00CBD0,bsr.w $cbd0
cdi_nodv,cdi_nodv,0x0111CA,0x00CBFE,bsr.w $cbfe
cdi_nodv,cdi_nodv,0x0111FE,0x00CBD0,bsr.w $cbd0
cdi_nodv,cdi_nodv,0x011214,0x00CBD0,bsr.w $cbd0
cdi_nodv,cdi_nodv,0x011220,0x00CBD0,bsr.w $cbd0
cdi_nodv,cdi_nodv,0x011228,0x00CBD0,bsr.w $cbd0
cdi_nodv,cdi_nodv,0x011250,0x01127A,bsr.w $1127a
cdi_nodv,cdi_nodv,0x01127A,0x0112A8,bsr.w $112a8
cdi_nodv,cdi_nodv,0x011280,0x011286,bsr.w $11286
cdi_nodv,cdi_nodv,0x011294,0x01127A,bsr.w $1127a
cdi_nodv,cdi_nodv,0x0112B2,0x010C2E,bsr.w $10c2e
cdi_nodv,cdi_nodv,0x0112C6,0x00CBB6,bsr.w $cbb6
cdi_nodv,cdi_nodv,0x0112DC,0x00CBD0,bsr.w $cbd0
cdi_nodv,cdi_nodv,0x0112E6,0x00CAD4,bsr.w $cad4
cdi_nodv,cdi_nodv,0x0112F0,0x00CBD0,bsr.w $cbd0
cdi_nodv,cdi_nodv,0x0112FA,0x01111A,bsr.w $1111a
cdi_nodv,cdi_nodv,0x0112FE,0x00CBB6,bsr.w $cbb6
cdi_nodv,cdi_nodv,0x011308,0x011318,bsr.w $11318
cdi_nodv,cdi_nodv,0x01130C,0x00CBB6,bsr.w $cbb6
cdi_nodv,cdi_nodv,0x011326,0x00CBD0,bsr.w $cbd0
cdi_nodv,cdi_nodv,0x01133E,0x00CBD0,bsr.w $cbd0
cdi_nodv,cdi_nodv,0x011348,0x00CAD4,bsr.w $cad4
cdi_nodv,cdi_nodv,0x011352,0x00CBD0,bsr.w $cbd0
cdi_nodv,cdi_nodv,0x01135C,0x01111A,bsr.w $1111a
cdi_nodv,cdi_nodv,0x011360,0x00CBB6,bsr.w $cbb6
cdi_nodv,cdi_nodv,0x01136C,0x011318,bsr.w $11318
cdi_nodv,cdi_nodv,0x011390,0x0113D0,bsr.w $113d0
cdi_nodv,cdi_nodv,0x0113A6,0x0113D0,bsr.w $113d0
cdi_nodv,cdi_nodv,0x0113AA,0x011402,bsr.w $11402
cdi_nodv,cdi_nodv,0x0113B8,0x0111A2,bsr.w $111a2
cdi_nodv,cdi_nodv,0x011452,0x01145A,bsr.b $1145a
cdi_nodv,cdi_nodv,0x011498,0x00CBD0,bsr.w $cbd0
cdi_nodv,cdi_nodv,0x0114B0,0x00CB1E,bsr.w $cb1e
cdi_nodv,cdi_nodv,0x0114BC,0x00CBD0,bsr.w $cbd0
cdi_nodv,cdi_nodv,0x0114D0,0x00CB1E,bsr.w $cb1e
cdi_nodv,cdi_nodv,0x0114DA,0x00CBFE,bsr.w $cbfe
cdi_nodv,cdi_nodv,0x011506,0x00CBFE,bsr.w $cbfe
cdi_nodv,cdi_nodv,0x011536,0x00CBD0,bsr.w $cbd0
cdi_nodv,cdi_nodv,0x011550,0x00CB1E,bsr.w $cb1e
cdi_nodv,cdi_nodv,0x011556,0x00CBB6,bsr.w $cbb6
cdi_nodv,cdi_nodv,0x01155E,0x00CBFE,bsr.w $cbfe
cdi_nodv,cdi_nodv,0x011584,0x00CBD0,bsr.w $cbd0
cdi_nodv,cdi_nodv,0x011594,0x0111EC,bsr.w $111ec
cdi_nodv,cdi_nodv,0x0115A0,0x00CBD0,bsr.w $cbd0
cdi_nodv,cdi_nodv,0x0115E8,0x00CBD0,bsr.w $cbd0
cdi_nodv,cdi_nodv,0x0115FA,0x0111EC,bsr.w $111ec
cdi_nodv,cdi_nodv,0x011606,0x00CBD0,bsr.w $cbd0
cdi_nodv,cdi_nodv,0x01163E,0x01166E,bsr.w $1166e
cdi_nodv,cdi_nodv,0x011660,0x01166E,bsr.w $1166e
cdi_nodv,cdi_nodv,0x011672,0x01168C,bsr.w $1168c
cdi_nodv,cdi_nodv,0x0116C4,0x00CBD0,bsr.w $cbd0
cdi_nodv,cdi_nodv,0x0116DE,0x00CB1E,bsr.w $cb1e
cdi_nodv,cdi_nodv,0x0116E4,0x00CBB6,bsr.w $cbb6
cdi_nodv,cdi_nodv,0x0116EC,0x00CBFE,bsr.w $cbfe
cdi_nodv,cdi_nodv,0x01172E,0x011766,bsr.w $11766
cdi_nodv,cdi_nodv,0x011754,0x011766,bsr.w $11766
cdi_nodv,cdi_nodv,0x01176A,0x01168C,bsr.w $1168c
cdi_nodv,cdi_nodv,0x0117C8,0x00CEAA,bsr.w $ceaa
cdi_nodv,cdi_nodv,0x0117F4,0x0118A6,bsr.w $118a6
cdi_nodv,cdi_nodv,0x011800,0x00CBFE,bsr.w $cbfe
cdi_nodv,cdi_nodv,0x01180E,0x011884,bsr.b $11884
cdi_nodv,cdi_nodv,0x011822,0x011898,bsr.b $11898
cdi_nodv,cdi_nodv,0x011840,0x00CBD0,bsr.w $cbd0
cdi_nodv,cdi_nodv,0x011850,0x0118C6,bsr.b $118c6
cdi_nodv,cdi_nodv,0x011862,0x0118D2,bsr.b $118d2
cdi_nodv,cdi_nodv,0x011872,0x00CBB6,bsr.w $cbb6
cdi_nodv,cdi_nodv,0x01187A,0x00CBFE,bsr.w $cbfe
cdi_nodv,cdi_nodv,0x011888,0x0118FE,bsr.b $118fe
cdi_nodv,cdi_nodv,0x0118FA,0x00CBD0,bsr.w $cbd0
cdi_nodv,cdi_nodv,0x0119FA,0x00CBD0,bsr.w $cbd0
cdi_nodv,cdi_nodv,0x011A28,0x00CBD0,bsr.w $cbd0
cdi_nodv,cdi_nodv,0x011A3A,0x0111EC,bsr.w $111ec
cdi_nodv,cdi_nodv,0x011A94,0x00CBD0,bsr.w $cbd0
cdi_nodv,cdi_nodv,0x011AA4,0x011B14,bsr.b $11b14
cdi_nodv,cdi_nodv,0x011AB8,0x00CB1E,bsr.w $cb1e
cdi_nodv,cdi_nodv,0x011ABE,0x00CBB6,bsr.w $cbb6
cdi_nodv,cdi_nodv,0x011AC6,0x00CBFE,bsr.w $cbfe
cdi_nodv,cdi_nodv,0x011AD4,0x011B44,bsr.b $11b44
cdi_nodv,cdi_nodv,0x011ADE,0x011B4C,bsr.b $11b4c
cdi_nodv,cdi_nodv,0x011AF2,0x011B2A,bsr.w $11b2a
cdi_nodv,cdi_nodv,0x011AFE,0x0118AE,bsr.w $118ae
cdi_nodv,cdi_nodv,0x011B12,0x00CBFE,bsr.w $cbfe
cdi_nodv,cdi_nodv,0x011B7A,0x00CBFE,bsr.w $cbfe
cdi_nodv,cdi_nodv,0x011B92,0x00CBFE,bsr.w $cbfe
cdi_nodv,cdi_nodv,0x011BDC,0x00CEAA,bsr.w $ceaa
cdi_nodv,cdi_nodv,0x011C1E,0x00CBFE,bsr.w $cbfe
cdi_nodv,cdi_nodv,0x011C2A,0x011CA0,bsr.b $11ca0
cdi_nodv,cdi_nodv,0x011C52,0x00CBD0,bsr.w $cbd0
cdi_nodv,cdi_nodv,0x011C62,0x0111EC,bsr.w $111ec
cdi_nodv,cdi_nodv,0x011C6E,0x00CFF8,bsr.w $cff8
cdi_nodv,cdi_nodv,0x011C9E,0x010EFE,bsr.w $10efe
cdi_nodv,cdi_nodv,0x011CBC,0x010EFE,bsr.w $10efe
cdi_nodv,cdi_nodv,0x011CC4,0x011D16,bsr.w $11d16
cdi_nodv,cdi_nodv,0x011CD0,0x0112C2,bsr.w $112c2
cdi_nodv,cdi_nodv,0x011CDA,0x00CBFE,bsr.w $cbfe
cdi_nodv,cdi_nodv,0x011CE6,0x011D5C,bsr.b $11d5c
cdi_nodv,cdi_nodv,0x011D50,0x00CBD0,bsr.w $cbd0
cdi_nodv,cdi_nodv,0x011D60,0x0111EC,bsr.w $111ec
cdi_nodv,cdi_nodv,0x011D6C,0x010F64,bsr.w $10f64
cdi_nodv,cdi_nodv,0x011D74,0x010F64,bsr.w $10f64
cdi_nodv,cdi_nodv,0x011DCC,0x010EFE,bsr.w $10efe
cdi_nodv,cdi_nodv,0x011DD6,0x0111A2,bsr.w $111a2
cdi_nodv,cdi_nodv,0x011E06,0x00CBD0,bsr.w $cbd0
cdi_nodv,cdi_nodv,0x011E16,0x0111EC,bsr.w $111ec
cdi_nodv,cdi_nodv,0x011E28,0x010F64,bsr.w $10f64
cdi_nodv,cdi_nodv,0x011E3A,0x011E7C,bsr.w $11e7c
cdi_nodv,cdi_nodv,0x011E5E,0x011E7C,bsr.w $11e7c
cdi_nodv,cdi_nodv,0x011E86,0x010F64,bsr.w $10f64
cdi_nodv,cdi_nodv,0x011EBC,0x010EFE,bsr.w $10efe
cdi_nodv,cdi_nodv,0x011EC6,0x0111A2,bsr.w $111a2
cdi_nodv,cdi_nodv,0x011F40,0x010F64,bsr.w $10f64
cdi_nodv,cdi_nodv,0x011F72,0x010EFE,bsr.w $10efe
cdi_nodv,cdi_nodv,0x011F7C,0x0111A2,bsr.w $111a2
cdi_nodv,cdi_nodv,0x011FEA,0x00CBFE,bsr.w $cbfe
cdi_nodv,cdi_nodv,0x011FFA,0x012070,bsr.b $12070
cdi_nodv,cdi_nodv,0x011FFC,0x01201E,bsr.b $1201e
cdi_nodv,cdi_nodv,0x012122,0x00CBFE,bsr.w $cbfe
cdi_nodv,cdi_nodv,0x01215A,0x00CBFE,bsr.w $cbfe
cdi_nodv,cdi_nodv,0x012166,0x0121DC,bsr.b $121dc
cdi_nodv,cdi_nodv,0x0121FC,0x010EFE,bsr.w $10efe
cdi_nodv,cdi_nodv,0x012220,0x010EFE,bsr.w $10efe
cdi_nodv,cdi_nodv,0x01224C,0x010EFE,bsr.w $10efe
cdi_nodv,cdi_nodv,0x01229C,0x011A42,bsr.w $11a42
cdi_nodv,cdi_nodv,0x0122B2,0x010EFE,bsr.w $10efe
cdi_nodv,cdi_nodv,0x0122BC,0x011D7A,bsr.w $11d7a
cdi_nodv,cdi_nodv,0x0122E4,0x011A42,bsr.w $11a42
cdi_nodv,cdi_nodv,0x0122FA,0x010EFE,bsr.w $10efe
cdi_nodv,cdi_nodv,0x012304,0x011D7A,bsr.w $11d7a
cdi_nodv,cdi_nodv,0x01231A,0x010EFE,bsr.w $10efe
cdi_nodv,cdi_nodv,0x01237E,0x011A42,bsr.w $11a42
cdi_nodv,cdi_nodv,0x012394,0x010EFE,bsr.w $10efe
cdi_nodv,cdi_nodv,0x01239E,0x011D7A,bsr.w $11d7a
cdi_nodv,cdi_nodv,0x0123B4,0x010EFE,bsr.w $10efe
cdi_nodv,cdi_nodv,0x012416,0x011A42,bsr.w $11a42
cdi_nodv,cdi_nodv,0x01241E,0x00CEAA,bsr.w $ceaa
cdi_nodv,cdi_nodv,0x01243E,0x011A42,bsr.w $11a42
cdi_nodv,cdi_nodv,0x012454,0x010EFE,bsr.w $10efe
cdi_nodv,cdi_nodv,0x01245E,0x011D7A,bsr.w $11d7a
cdi_nodv,cdi_nodv,0x01248E,0x011A42,bsr.w $11a42
cdi_nodv,cdi_nodv,0x0124A4,0x010EFE,bsr.w $10efe
cdi_nodv,cdi_nodv,0x0124AE,0x011D7A,bsr.w $11d7a
cdi_nodv,cdi_nodv,0x0124F2,0x00F35C,bsr.w $f35c
cdi_nodv,cdi_nodv,0x012502,0x00F35C,bsr.w $f35c
cdi_nodv,cdi_nodv,0x012514,0x00F35C,bsr.w $f35c
cdi_nodv,cdi_nodv,0x012524,0x00F35C,bsr.w $f35c
cdi_nodv,cdi_nodv,0x01252E,0x00CBD0,bsr.w $cbd0
cdi_nodv,cdi_nodv,0x01253E,0x0111EC,bsr.w $111ec
cdi_nodv,cdi_nodv,0x01255A,0x012586,bsr.w $12586
cdi_nodv,cdi_nodv,0x01256C,0x012586,bsr.w $12586
cdi_nodv,cdi_nodv,0x012576,0x012586,bsr.w $12586
cdi_nodv,cdi_nodv,0x0125A6,0x012546,bsr.w $12546
cdi_nodv,cdi_nodv,0x0125CC,0x012546,bsr.w $12546
cdi_nodv,cdi_nodv,0x012606,0x010F64,bsr.w $10f64
cdi_nodv,cdi_nodv,0x01260E,0x010F64,bsr.w $10f64
cdi_nodv,cdi_nodv,0x012618,0x010F64,bsr.w $10f64
cdi_nodv,cdi_nodv,0x012622,0x010F64,bsr.w $10f64
cdi_nodv,cdi_nodv,0x01262A,0x010F64,bsr.w $10f64
cdi_nodv,cdi_nodv,0x012634,0x010F64,bsr.w $10f64
cdi_nodv,cdi_nodv,0x01263C,0x010F64,bsr.w $10f64
cdi_nodv,cdi_nodv,0x012646,0x010F64,bsr.w $10f64
cdi_nodv,cdi_nodv,0x01264E,0x010F64,bsr.w $10f64
cdi_nodv,cdi_nodv,0x01265A,0x010F64,bsr.w $10f64
cdi_nodv,cdi_nodv,0x012664,0x00CFF8,bsr.w $cff8
cdi_nodv,cdi_nodv,0x01266C,0x010F64,bsr.w $10f64
cdi_nodv,cdi_nodv,0x0126AA,0x00CBFE,bsr.w $cbfe
cdi_nodv,cdi_nodv,0x0126BA,0x01272A,bsr.b $1272a
cdi_nodv,cdi_nodv,0x0126C2,0x012736,bsr.b $12736
cdi_nodv,cdi_nodv,0x0126F2,0x012672,bsr.w $12672
cdi_nodv,cdi_nodv,0x012708,0x012672,bsr.w $12672
cdi_nodv,cdi_nodv,0x012748,0x010F64,bsr.w $10f64
cdi_nodv,cdi_nodv,0x012750,0x010FB4,bsr.w $10fb4
cdi_nodv,cdi_nodv,0x01276E,0x012DB2,bsr.w $12db2
cdi_nodv,cdi_nodv,0x01277C,0x012CD0,bsr.w $12cd0
cdi_nodv,cdi_nodv,0x0127B6,0x012D90,bsr.w $12d90
cdi_nodv,cdi_nodv,0x0127C4,0x0127F4,bsr.w $127f4
cdi_nodv,cdi_nodv,0x012D94,0x0131B4,bsr.w $131b4
cdi_nodv,cdi_nodv,0x012DB6,0x0131B4,bsr.w $131b4
cdi_nodv,cdi_nodv,0x012DF4,0x012E7A,bsr.w $12e7a
cdi_nodv,cdi_nodv,0x012E02,0x012F08,bsr.w $12f08
cdi_nodv,cdi_nodv,0x012E10,0x012F66,bsr.w $12f66
cdi_nodv,cdi_nodv,0x012E1E,0x01306A,bsr.w $1306a
cdi_nodv,cdi_nodv,0x012E2C,0x012FEE,bsr.w $12fee
cdi_nodv,cdi_nodv,0x012E3A,0x012FEE,bsr.w $12fee
cdi_nodv,cdi_nodv,0x012E52,0x00CBFE,bsr.w $cbfe
cdi_nodv,cdi_nodv,0x012E84,0x0131B4,bsr.w $131b4
cdi_nodv,cdi_nodv,0x012EDC,0x00CBFE,bsr.w $cbfe
cdi_nodv,cdi_nodv,0x012F1C,0x012F62,bsr.w $12f62
cdi_nodv,cdi_nodv,0x012F2C,0x01306A,bsr.w $1306a
cdi_nodv,cdi_nodv,0x012F36,0x00CBFE,bsr.w $cbfe
cdi_nodv,cdi_nodv,0x012F74,0x0131B4,bsr.w $131b4
cdi_nodv,cdi_nodv,0x012FC0,0x00CBFE,bsr.w $cbfe
cdi_nodv,cdi_nodv,0x012FE2,0x013058,bsr.b $13058
cdi_nodv,cdi_nodv,0x013000,0x0131B4,bsr.w $131b4
cdi_nodv,cdi_nodv,0x01303E,0x00CBFE,bsr.w $cbfe
cdi_nodv,cdi_nodv,0x013074,0x0131B4,bsr.w $131b4
cdi_nodv,cdi_nodv,0x013188,0x00CBFE,bsr.w $cbfe
cdi_nodv,cdi_nodv,0x0131C4,0x013214,bsr.w $13214
cdi_nodv,cdi_nodv,0x0131EC,0x013214,bsr.w $13214
cdi_nodv,cdi_nodv,0x01327C,0x00CBD0,bsr.w $cbd0
cdi_nodv,cdi_nodv,0x01328C,0x0111EC,bsr.w $111ec
cdi_nodv,cdi_nodv,0x013298,0x00CBD0,bsr.w $cbd0
cdi_nodv,cdi_nodv,0x0132C8,0x011A42,bsr.w $11a42
cdi_nodv,cdi_nodv,0x0132D8,0x00CEAA,bsr.w $ceaa
cdi_nodv,cdi_nodv,0x0132E8,0x00CBFE,bsr.w $cbfe
cdi_nodv,cdi_nodv,0x0132EE,0x013360,bsr.b $13360
cdi_nodv,cdi_nodv,0x0132F4,0x01336A,bsr.b $1336a
cdi_nodv,cdi_nodv,0x013308,0x01337E,bsr.b $1337e
cdi_nodv,cdi_nodv,0x013324,0x00F35C,bsr.w $f35c
cdi_nodv,cdi_nodv,0x01332E,0x00CBD0,bsr.w $cbd0
cdi_nodv,cdi_nodv,0x013336,0x0133A8,bsr.b $133a8
cdi_nodv,cdi_nodv,0x01333E,0x0111EC,bsr.w $111ec
cdi_nodv,cdi_nodv,0x01334A,0x00CFF8,bsr.w $cff8
cdi_nodv,cdi_nodv,0x01336A,0x00CEAA,bsr.w $ceaa
cdi_nodv,cdi_nodv,0x013384,0x00F35C,bsr.w $f35c
cdi_nodv,cdi_nodv,0x01338E,0x00CBD0,bsr.w $cbd0
cdi_nodv,cdi_nodv,0x01339E,0x0111EC,bsr.w $111ec
cdi_nodv,cdi_nodv,0x0133AA,0x00CBD0,bsr.w $cbd0
cdi_nodv,cdi_nodv,0x0133DC,0x01341A,bsr.w $1341a
cdi_nodv,cdi_nodv,0x01340C,0x01341A,bsr.w $1341a
cdi_nodv,cdi_nodv,0x013472,0x00CBD0,bsr.w $cbd0
cdi_nodv,cdi_nodv,0x01347A,0x00CBFE,bsr.w $cbfe
cdi_nodv,cdi_nodv,0x01350A,0x011A42,bsr.w $11a42
cdi_nodv,cdi_nodv,0x013514,0x00CEAA,bsr.w $ceaa
cdi_nodv,cdi_nodv,0x01351E,0x011A42,bsr.w $11a42
cdi_nodv,cdi_nodv,0x013528,0x00CEAA,bsr.w $ceaa
cdi_nodv,cdi_nodv,0x01353E,0x00F35C,bsr.w $f35c
cdi_nodv,cdi_nodv,0x01354A,0x00F4B8,bsr.w $f4b8
cdi_nodv,cdi_nodv,0x013560,0x011A42,bsr.w $11a42
cdi_nodv,cdi_nodv,0x01356A,0x00CEAA,bsr.w $ceaa
cdi_nodv,cdi_nodv,0x013574,0x011A42,bsr.w $11a42
cdi_nodv,cdi_nodv,0x01357E,0x00CEAA,bsr.w $ceaa
cdi_nodv,cdi_nodv,0x013594,0x00F35C,bsr.w $f35c
cdi_nodv,cdi_nodv,0x0135A0,0x00F4B8,bsr.w $f4b8
cdi_nodv,cdi_nodv,0x0135AA,0x00CBD0,bsr.w $cbd0
cdi_nodv,cdi_nodv,0x0135B8,0x0111EC,bsr.w $111ec
cdi_nodv,cdi_nodv,0x0135CA,0x00CFF8,bsr.w $cff8
cdi_nodv,cdi_nodv,0x0135D8,0x00CFF8,bsr.w $cff8
cdi_nodv,cdi_nodv,0x0135EC,0x00C9B6,bsr.w $c9b6
cdi_nodv,cdi_nodv,0x013604,0x00BAFE,bsr.w $bafe
cdi_nodv,cdi_nodv,0x013614,0x00CEAA,bsr.w $ceaa
cdi_nodv,cdi_nodv,0x01363A,0x00F418,bsr.w $f418
cdi_nodv,cdi_nodv,0x01364A,0x00F35C,bsr.w $f35c
cdi_nodv,cdi_nodv,0x013660,0x00F480,bsr.w $f480
cdi_nodv,cdi_nodv,0x013670,0x00F3CA,bsr.w $f3ca
cdi_nodv,cdi_nodv,0x01367A,0x00CBD0,bsr.w $cbd0
cdi_nodv,cdi_nodv,0x013680,0x0136F8,bsr.b $136f8
cdi_nodv,cdi_nodv,0x013688,0x0111EC,bsr.w $111ec
cdi_nodv,cdi_nodv,0x013694,0x00C9F8,bsr.w $c9f8
cdi_nodv,cdi_nodv,0x01369A,0x010F8E,bsr.w $10f8e
cdi_nodv,cdi_nodv,0x013704,0x00CBFE,bsr.w $cbfe
cdi_nodv,cdi_nodv,0x01374E,0x013754,bsr.w $13754
cdi_nodv,cdi_nodv,0x013756,0x011A42,bsr.w $11a42
cdi_nodv,cdi_nodv,0x01376C,0x010EFE,bsr.w $10efe
cdi_nodv,cdi_nodv,0x0137A0,0x010F64,bsr.w $10f64
cdi_nodv,cdi_nodv,0x0137C2,0x013754,bsr.w $13754
cdi_nodv,cdi_nodv,0x0137E4,0x013754,bsr.w $13754
cdi_nodv,cdi_nodv,0x0137FC,0x011A42,bsr.w $11a42
cdi_nodv,cdi_nodv,0x013804,0x00CEAA,bsr.w $ceaa
cdi_nodv,cdi_nodv,0x01383C,0x00CBFE,bsr.w $cbfe
cdi_nodv,cdi_nodv,0x013874,0x00F35C,bsr.w $f35c
cdi_nodv,cdi_nodv,0x01387E,0x00CBD0,bsr.w $cbd0
cdi_nodv,cdi_nodv,0x013890,0x0111EC,bsr.w $111ec
cdi_nodv,cdi_nodv,0x01389C,0x00CFF8,bsr.w $cff8
cdi_nodv,cdi_nodv,0x0138D6,0x013A1C,bsr.w $13a1c
cdi_nodv,cdi_nodv,0x0138E4,0x013992,bsr.w $13992
cdi_nodv,cdi_nodv,0x0138F2,0x013992,bsr.w $13992
cdi_nodv,cdi_nodv,0x013900,0x01395A,bsr.w $1395a
cdi_nodv,cdi_nodv,0x013916,0x0145E2,bsr.w $145e2
cdi_nodv,cdi_nodv,0x01391C,0x01480C,bsr.w $1480c
cdi_nodv,cdi_nodv,0x013932,0x00CBFE,bsr.w $cbfe
cdi_nodv,cdi_nodv,0x01396A,0x00CBFE,bsr.w $cbfe
cdi_nodv,cdi_nodv,0x0139A2,0x00CBFE,bsr.w $cbfe
cdi_nodv,cdi_nodv,0x0139B2,0x013A22,bsr.b $13a22
cdi_nodv,cdi_nodv,0x0139CC,0x013C56,bsr.w $13c56
cdi_nodv,cdi_nodv,0x0139D4,0x013C48,bsr.w $13c48
cdi_nodv,cdi_nodv,0x0139D8,0x013C16,bsr.w $13c16
cdi_nodv,cdi_nodv,0x013A32,0x013C56,bsr.w $13c56
cdi_nodv,cdi_nodv,0x013A3A,0x013C48,bsr.w $13c48
cdi_nodv,cdi_nodv,0x013A3E,0x013C16,bsr.w $13c16
cdi_nodv,cdi_nodv,0x013ACE,0x013C56,bsr.w $13c56
cdi_nodv,cdi_nodv,0x013AD6,0x013C48,bsr.w $13c48
cdi_nodv,cdi_nodv,0x013ADA,0x013C16,bsr.w $13c16
cdi_nodv,cdi_nodv,0x013B2A,0x013C56,bsr.w $13c56
cdi_nodv,cdi_nodv,0x013B32,0x013C48,bsr.w $13c48
cdi_nodv,cdi_nodv,0x013B36,0x013C16,bsr.w $13c16
cdi_nodv,cdi_nodv,0x013B6E,0x013B8C,bsr.w $13b8c
cdi_nodv,cdi_nodv,0x013B72,0x013BE0,bsr.w $13be0
cdi_nodv,cdi_nodv,0x013C66,0x013CB2,bsr.w $13cb2
cdi_nodv,cdi_nodv,0x013C8E,0x013CB2,bsr.w $13cb2
cdi_nodv,cdi_nodv,0x01427E,0x0142E2,bsr.b $142e2
cdi_nodv,cdi_nodv,0x014364,0x0143C8,bsr.b $143c8
cdi_nodv,cdi_nodv,0x0145EE,0x00E8B0,bsr.w $e8b0
cdi_nodv,cdi_nodv,0x0145F8,0x01168C,bsr.w $1168c
cdi_nodv,cdi_nodv,0x014602,0x014698,bsr.w $14698
cdi_nodv,cdi_nodv,0x014608,0x013C56,bsr.w $13c56
cdi_nodv,cdi_nodv,0x014636,0x014722,bsr.w $14722
cdi_nodv,cdi_nodv,0x014640,0x00CBFE,bsr.w $cbfe
cdi_nodv,cdi_nodv,0x014670,0x00E8B0,bsr.w $e8b0
cdi_nodv,cdi_nodv,0x0146DA,0x00E8B0,bsr.w $e8b0
cdi_nodv,cdi_nodv,0x014818,0x00E8B0,bsr.w $e8b0
cdi_nodv,cdi_nodv,0x014822,0x01168C,bsr.w $1168c
cdi_nodv,cdi_nodv,0x01482C,0x014698,bsr.w $14698
cdi_nodv,cdi_nodv,0x014832,0x013C56,bsr.w $13c56
cdi_nodv,cdi_nodv,0x014874,0x0148A0,bsr.w $148a0
cdi_nodv,cdi_nodv,0x01487E,0x00CBFE,bsr.w $cbfe
cdi_nodv,cdi_nodv,0x014A4E,0x010EFE,bsr.w $10efe
cdi_nodv,cdi_nodv,0x014A58,0x0111A2,bsr.w $111a2
cdi_nodv,cdi_nodv,0x014A7A,0x00CFF8,bsr.w $cff8
cdi_nodv,cdi_nodv,0x014A88,0x00CBFE,bsr.w $cbfe
cdi_nodv,cdi_nodv,0x014A94,0x014B0A,bsr.b $14b0a
cdi_nodv,cdi_nodv,0x014AAE,0x00CBFE,bsr.w $cbfe
cdi_nodv,cdi_nodv,0x014ABA,0x014B30,bsr.b $14b30
cdi_nodv,cdi_nodv,0x014ADC,0x00CBFE,bsr.w $cbfe
cdi_nodv,cdi_nodv,0x014B04,0x00CBD0,bsr.w $cbd0
cdi_nodv,cdi_nodv,0x014B14,0x0111EC,bsr.w $111ec
cdi_nodv,cdi_nodv,0x014B20,0x00CBFE,bsr.w $cbfe
cdi_nodv,cdi_nodv,0x014BEE,0x0138A2,bsr.w $138a2
cdi_nodv,cdi_nodv,0x014BFC,0x0138BE,bsr.w $138be
cdi_nodv,cdi_nodv,0x014C32,0x011A42,bsr.w $11a42
cdi_nodv,cdi_nodv,0x014C3A,0x00CEAA,bsr.w $ceaa
cdi_nodv,cdi_nodv,0x014C5A,0x00F418,bsr.w $f418
cdi_nodv,cdi_nodv,0x014C6C,0x00F35C,bsr.w $f35c
cdi_nodv,cdi_nodv,0x014C76,0x00F4B8,bsr.w $f4b8
cdi_nodv,cdi_nodv,0x014C92,0x0111EC,bsr.w $111ec
cdi_nodv,cdi_nodv,0x014C9E,0x00CFF8,bsr.w $cff8
