file,module,entry_module_offset,entry_file_offset,slice_end_module_offset_exclusive,status,working_name,evidence,source
cdi_t7g,cdi_t7g,0x000050,0x000050,0x000208,provisional-entry,unknown,header-entry,src/functions/unknown/cdi_t7g_000050_unknown.asm
cdi_t7g,cdi_t7g,0x000208,0x000208,0x0003BC,provisional-entry,unknown,call@00049E,src/functions/unknown/cdi_t7g_000208_unknown.asm
cdi_t7g,cdi_t7g,0x0003BC,0x0003BC,0x000410,provisional-entry,unknown,call@000384;call@000394;call@0003A6,src/functions/unknown/cdi_t7g_0003bc_unknown.asm
cdi_t7g,cdi_t7g,0x000410,0x000410,0x00046E,provisional-entry,unknown,call@000380,src/functions/unknown/cdi_t7g_000410_unknown.asm
cdi_t7g,cdi_t7g,0x00046E,0x00046E,0x000494,provisional-entry,unknown,call@000444,src/functions/unknown/cdi_t7g_00046e_unknown.asm
cdi_t7g,cdi_t7g,0x000494,0x000494,0x000584,provisional-entry,unknown,call@000050,src/functions/unknown/cdi_t7g_000494_unknown.asm
cdi_t7g,cdi_t7g,0x000584,0x000584,0x009326,provisional-entry,unknown,call@00049A,src/functions/unknown/cdi_t7g_000584_unknown.asm
cdi_t7g,cdi_t7g,0x009326,0x009326,0x0096CC,provisional-entry,unknown,call@0092F4,src/functions/unknown/cdi_t7g_009326_unknown.asm
cdi_t7g,cdi_t7g,0x0096CC,0x0096CC,0x00995C,provisional-entry,unknown,call@00969A,src/functions/unknown/cdi_t7g_0096cc_unknown.asm
cdi_t7g,cdi_t7g,0x00995C,0x00995C,0x009BD8,provisional-entry,unknown,call@00992A,src/functions/unknown/cdi_t7g_00995c_unknown.asm
cdi_t7g,cdi_t7g,0x009BD8,0x009BD8,0x009FF6,provisional-entry,unknown,call@009BA6,src/functions/unknown/cdi_t7g_009bd8_unknown.asm
cdi_t7g,cdi_t7g,0x009FF6,0x009FF6,0x00A026,provisional-entry,unknown,call@00A01E,src/functions/unknown/cdi_t7g_009ff6_unknown.asm
cdi_t7g,cdi_t7g,0x00A026,0x00A026,0x00A07C,provisional-entry,unknown,call@00A020,src/functions/unknown/cdi_t7g_00a026_unknown.asm
cdi_t7g,cdi_t7g,0x00A07C,0x00A07C,0x00A0A6,provisional-entry,unknown,call@00A02A;call@00A08A,src/functions/unknown/cdi_t7g_00a07c_unknown.asm
cdi_t7g,cdi_t7g,0x00A0A6,0x00A0A6,0x00AC5C,provisional-entry,unknown,call@009FE6,src/functions/unknown/cdi_t7g_00a0a6_unknown.asm
cdi_t7g,cdi_t7g,0x00AC5C,0x00AC5C,0x00AC7E,provisional-entry,unknown,call@00E976,src/functions/unknown/cdi_t7g_00ac5c_unknown.asm
cdi_t7g,cdi_t7g,0x00AC7E,0x00AC7E,0x00AD2E,provisional-entry,unknown,call@012784,src/functions/unknown/cdi_t7g_00ac7e_unknown.asm
cdi_t7g,cdi_t7g,0x00AD2E,0x00AD2E,0x00AD72,provisional-entry,unknown,call@00AD12,src/functions/unknown/cdi_t7g_00ad2e_unknown.asm
cdi_t7g,cdi_t7g,0x00AD72,0x00AD72,0x00AD74,provisional-entry,unknown,call@00A1BA;call@00A1E8;call@00A202;call@00A216;call@00A220;call@00A22A;call@00A238;call@00A242;call@00A254;call@00A25E;call@00A2A4;call@00A2BC;call@00A2CC;call@00A2F4;call@00A34A;call@00A35C;call@00A364;call@00A378;call@00A388;call@00A398;call@00A3A8;call@00A3C0;call@00A3C8;call@00A3DA;call@00A3E2;call@00A3F4;call@00A3FC;call@00A404;call@00A40C;call@00A422;call@00A456;call@00A45E;call@00A468;call@00A472;call@00A486;call@00A49C;call@00A4B6;call@00A4CC;call@00A4D8;call@00A50A;call@00A516;call@00A558;call@00A568;call@00A570;call@00A588;call@00A590;call@00A5A2;call@00A5B2;call@00A5BA;call@00A5D2;call@00A616;call@00A626;call@00A636;call@00A63E;call@00A646;call@00A65A;call@00A662;call@00A66C;call@00A676;call@00A680;call@00A696;call@00A69E;call@00A6A8;call@00A6B2;call@00A6BC;call@00A6C6;call@00A6D0;call@00A6DA;call@00A6F2;call@00A6FA;call@00A70C;call@00A714;call@00A71C;call@00A724;call@00A72C;call@00A744;call@00A754;call@00A762;call@00A77C;call@00A788;call@00A790;call@00A7A4;call@00A7B0;call@00A7C2;call@00A7CE;call@00A7E0;call@00A7EE;call@00A806;call@00A80C;call@00A812;call@00A818;call@00A81E;call@00A824;call@00A82E;call@00A83A;call@00A848;call@00A854;call@00A870;call@00A87C;call@00A88E;call@00A89C;call@00A8A8;call@00A8F6;call@00A904;call@00A910;call@00A918;call@00A920;call@00A928;call@00A96C;call@00A97A;call@00A986;call@00A9BC;call@00A9CA;call@00A9D6;call@00AA08;call@00AA14;call@00AA1C;call@00AA30;call@00AA3C;call@00AA4A;call@00AA56;call@00AA64;call@00AA6C;call@00AA74;call@00AA88;call@00AA98;call@00AAA4;call@00AAAC;call@00AAC0;call@00AACC;call@00AAD4;call@00AAE8;call@00AAF4;call@00AB06;call@00AB14;call@00AB2C;call@00AB3A;call@00AB52;call@00AB60;call@00AB7E;call@00AB8A;call@00AB9C;call@00ABAA;call@00ABE0;call@00ABE8;call@00ABFA;call@00AC0A;call@00AC12;call@00AC24;call@00B172;call@00B18A;call@00B194;call@00B19C;call@00B1A4;call@00B1AE;call@00B214;call@00B236;call@00B2BA;call@00B2C8;call@00B2E6;call@00B2EE;call@00B30C;call@00B328;call@00B344;call@00B360;call@00B37C;call@00B398;call@00B3BA;call@00B3DC;call@00B3FE;call@00B41A;call@00B436;call@00B442;call@00B44A;call@00B466;call@00B482;call@00B49E;call@00B4BA;call@00B4D6;call@00B4DE;call@00B4E6;call@00B4EE;call@00B4F6;call@00B4FE;call@00B506;call@00B54C;call@00B560;call@00B578;call@00B590;call@00B5A8;call@00B5C0;call@00B5D8;call@00B5F0;call@00B60A;call@00B662;call@00B66A;call@00B672;call@00B67A;call@00B6AE;call@00B6C0;call@00B6F0;call@00B70C;call@00B714;call@00B71C;call@00B766;call@00B76E;call@00B776;call@00B7AE;call@00B7C2;call@00B7D6;call@00B80C;call@00BA5E,src/functions/unknown/cdi_t7g_00ad72_unknown.asm
cdi_t7g,cdi_t7g,0x00AD74,0x00AD74,0x00B2BA,provisional-entry,unknown,call@00AF0C;call@00AF22;call@00AF38;call@00AF4E;call@00AF6E;call@00AF8E;call@00AFAE;call@00AFCE;call@00AFEE;call@00B00E;call@00B024;call@00B03C;call@00B052;call@00B06A;call@00B082;call@00B098;call@00B0B6;call@00B0C8;call@00B0DE;call@00B0FC;call@00B114,src/functions/unknown/cdi_t7g_00ad74_unknown.asm
cdi_t7g,cdi_t7g,0x00B2BA,0x00B2BA,0x00B854,provisional-entry,unknown,call@00B264;call@00B29A,src/functions/unknown/cdi_t7g_00b2ba_unknown.asm
cdi_t7g,cdi_t7g,0x00B854,0x00B854,0x00BA50,provisional-entry,unknown,call@00A370;call@00E8EA;call@00E910,src/functions/unknown/cdi_t7g_00b854_unknown.asm
cdi_t7g,cdi_t7g,0x00BA50,0x00BA50,0x00BA70,provisional-entry,unknown,call@00A27A;call@00A288;call@00B138;call@00B146,src/functions/unknown/cdi_t7g_00ba50_unknown.asm
cdi_t7g,cdi_t7g,0x00BA70,0x00BA70,0x00BAC6,provisional-entry,unknown,call@00A276;call@00B134,src/functions/unknown/cdi_t7g_00ba70_unknown.asm
cdi_t7g,cdi_t7g,0x00BAC6,0x00BAC6,0x00BB16,provisional-entry,unknown,call@00A284;call@00B142,src/functions/unknown/cdi_t7g_00bac6_unknown.asm
cdi_t7g,cdi_t7g,0x00BB16,0x00BB16,0x00BB36,provisional-entry,unknown,call@00B2FA,src/functions/unknown/cdi_t7g_00bb16_unknown.asm
cdi_t7g,cdi_t7g,0x00BB36,0x00BB36,0x00BB78,provisional-entry,unknown,call@01276C,src/functions/unknown/cdi_t7g_00bb36_unknown.asm
cdi_t7g,cdi_t7g,0x00BB78,0x00BB78,0x00BB94,provisional-entry,unknown,call@012814,src/functions/unknown/cdi_t7g_00bb78_unknown.asm
cdi_t7g,cdi_t7g,0x00BB94,0x00BB94,0x00BBBA,provisional-entry,unknown,call@00AD24,src/functions/unknown/cdi_t7g_00bb94_unknown.asm
cdi_t7g,cdi_t7g,0x00BBBA,0x00BBBA,0x00BBCE,provisional-entry,unknown,call@00C370,src/functions/unknown/cdi_t7g_00bbba_unknown.asm
cdi_t7g,cdi_t7g,0x00BBCE,0x00BBCE,0x00BBFE,provisional-entry,unknown,call@00BB58,src/functions/unknown/cdi_t7g_00bbce_unknown.asm
cdi_t7g,cdi_t7g,0x00BBFE,0x00BBFE,0x00BC54,provisional-entry,unknown,call@00AC82;call@00BA72;call@00BAD0,src/functions/unknown/cdi_t7g_00bbfe_unknown.asm
cdi_t7g,cdi_t7g,0x00BC54,0x00BC54,0x00BC9E,provisional-entry,unknown,call@00C492;call@00CD80;call@00CDA4;call@00D588;call@00D652;call@00E000;call@00E024;call@00E2E2;call@00E6B2;call@010466;call@0104C8,src/functions/unknown/cdi_t7g_00bc54_unknown.asm
cdi_t7g,cdi_t7g,0x00BC9E,0x00BC9E,0x00BCEA,provisional-entry,unknown,call@00A20C;call@00AC50;call@00B8FE;call@00B928;call@00B93E;call@00B962;call@00B978;call@00B9E0;call@00BA1E;call@00BD96;call@00BE3E;call@00C0E2;call@00C100;call@00C3BC;call@00C77A;call@00CCC6;call@00CDD2;call@00D5C0;call@00DF7E;call@00DF96;call@00DFD8;call@00E080;call@00E30A;call@00E39E;call@00E68E;call@00E83C;call@00F1FE;call@00FC6C;call@00FCB2;call@00FD34;call@00FFF4;call@01001A;call@01006E;call@010630;call@010650;call@0106D0;call@01085E;call@010C38,src/functions/unknown/cdi_t7g_00bc9e_unknown.asm
cdi_t7g,cdi_t7g,0x00BCEA,0x00BCEA,0x00BD36,provisional-entry,unknown,call@00BBEE,src/functions/unknown/cdi_t7g_00bcea_unknown.asm
cdi_t7g,cdi_t7g,0x00BD36,0x00BD36,0x00BD50,provisional-entry,unknown,call@00A43E;call@00AC2E;call@00AC56;call@00B904;call@00B944;call@00B97E;call@00B988;call@00BA24;call@00BA2C;call@00BBF8;call@00BD9C;call@00C106;call@00C13A;call@00C13E;call@00C14C;call@00C380;call@00C384;call@00C3D2;call@00C3D6;call@00C498;call@00C49C;call@00C780;call@00CBEE;call@00CC2A;call@00CCCC;call@00CD86;call@00CDAA;call@00CDD8;call@00CDDC;call@00D58E;call@00D5C6;call@00D636;call@00D658;call@00D660;call@00DF9C;call@00DFA2;call@00DFDE;call@00E006;call@00E02A;call@00E02E;call@00E086;call@00E694;call@00E6B8;call@00E6BC;call@00E842;call@00F204;call@00FC28;call@00FC2C;call@00FC72;call@00FC7C;call@00FC80;call@00FC8E;call@00FC92;call@00FCDA;call@00FCE8;call@00FCEC;call@00FD5C;call@00FFFA;call@010020;call@01004C;call@010074;call@010078;call@0102DE;call@0102FC;call@010300;call@010446;call@01047E;call@01048C;call@0104E0;call@0106D6;call@010864;call@0109F2;call@010C3E,src/functions/unknown/cdi_t7g_00bd36_unknown.asm
cdi_t7g,cdi_t7g,0x00BD50,0x00BD50,0x00BD7E,provisional-entry,unknown,call@00A1F6;call@00A436;call@00AC38;call@00B8C4;call@00B8EC;call@00B90E;call@00B934;call@00B958;call@00B96E;call@00B990;call@00B9B6;call@00B9D4;call@00B9EC;call@00BA12;call@00BBBE;call@00BBE4;call@00BC88;call@00BCD2;call@00BD20;call@00BD82;call@00BD8C;call@00BDF4;call@00BE2A;call@00BE4E;call@00C0B8;call@00C0EE;call@00C38E;call@00C3C6;call@00C468;call@00C47E;call@00C754;call@00CBF6;call@00CC26;call@00CCA6;call@00CD52;call@00CD68;call@00CD90;call@00CDB8;call@00D56E;call@00D59A;call@00D5B6;call@00D60C;call@00D648;call@00DF5E;call@00DF8A;call@00DFAA;call@00DFC0;call@00DFE8;call@00E010;call@00E068;call@00E2C0;call@00E2F8;call@00E38A;call@00E42A;call@00E662;call@00E678;call@00E69E;call@00E824;call@00F1E8;call@00FC34;call@00FC5E;call@00FCA4;call@00FCBE;call@00FD0A;call@00FD26;call@00FD40;call@00FFC4;call@00FFDE;call@010004;call@01002E;call@010056;call@0102A8;call@0102E6;call@010342;call@01037E;call@010394;call@0103A0;call@0103A8;call@01045C;call@010470;call@0104A6;call@0104BE;call@0104D2;call@010618;call@01063C;call@0106B6;call@010704;call@010720;call@010768;call@010786;call@010844;call@0109C0;call@010A7A;call@010B7A;call@010BA8;call@010C14;call@010DD2;call@010ED0;call@010F86;call@0116AE;call@0123FC;call@012418;call@0124AE;call@01250E;call@01252A;call@0125F2;call@01272A;call@0127FA;call@0129FE;call@013C84,src/functions/unknown/cdi_t7g_00bd50_unknown.asm
cdi_t7g,cdi_t7g,0x00BD7E,0x00BD7E,0x00BED0,provisional-entry,unknown,call@00B630;call@00B834;call@00BA34;call@00BB4C;call@00BC34;call@00BDBA;call@00BF56;call@00BF90;call@00BFCA;call@00BFFC;call@00C038;call@00C154;call@00C186;call@00C23A;call@00C408;call@00C442;call@00C4C6;call@00C590;call@00C786;call@00C8EC;call@00C912;call@00CA3A;call@00CA6A;call@00CABE;call@00CB86;call@00CC32;call@00CD3C;call@00D134;call@00D190;call@00D20C;call@00D2B0;call@00D2EA;call@00D4C4;call@00D5E4;call@00D9C2;call@00DB1C;call@00E17C;call@00E2EC;call@00E312;call@00E33E;call@00E3A8;call@00E7D4;call@00E84A;call@00E8BC;call@00EA3C;call@00EB38;call@00ECD2;call@00ED2A;call@00ED56;call@00EEE6;call@00EFEC;call@00F084;call@00F186;call@00F20A;call@00F44C;call@00F4AA;call@00F504;call@00F75A;call@00FBFE;call@0100BA;call@010280;call@01034A;call@01065A;call@010686;call@0106DE;call@01086C;call@010980;call@0109FA;call@010C46;call@010C92;call@010CFA;call@010D12;call@010D9E;call@010E5A;call@01116A;call@0112A2;call@0112DA;call@01182A;call@011FD2;call@01205C;call@0120B6;call@012140;call@0121BE;call@012308;call@012468;call@0125FA;call@012884;call@0129BC;call@012AB2;call@012AEA;call@012B22;call@0137C0;call@0139FE;call@013C08;call@013C2E;call@013C5C;call@013CA0,src/functions/unknown/cdi_t7g_00bd7e_unknown.asm
cdi_t7g,cdi_t7g,0x00BED0,0x00BED0,0x00BFD2,provisional-entry,unknown,call@00BE5C,src/functions/unknown/cdi_t7g_00bed0_unknown.asm
cdi_t7g,cdi_t7g,0x00BFD2,0x00BFD2,0x00BFF0,provisional-entry,unknown,call@00BF64,src/functions/unknown/cdi_t7g_00bfd2_unknown.asm
cdi_t7g,cdi_t7g,0x00BFF0,0x00BFF0,0x00C00C,provisional-entry,unknown,call@00BF80,src/functions/unknown/cdi_t7g_00bff0_unknown.asm
cdi_t7g,cdi_t7g,0x00C00C,0x00C00C,0x00C02A,provisional-entry,unknown,call@00BF9E,src/functions/unknown/cdi_t7g_00c00c_unknown.asm
cdi_t7g,cdi_t7g,0x00C02A,0x00C02A,0x00C046,provisional-entry,unknown,call@00BFBA;call@00E1B4;call@00EAEE;call@010948;call@010D5C;call@01159E;call@012458;call@0124EA;call@012694;call@0126A8;call@0126EA;call@0126FE;call@012794;call@012984;call@013DBA,src/functions/unknown/cdi_t7g_00c02a_unknown.asm
cdi_t7g,cdi_t7g,0x00C046,0x00C046,0x00C078,provisional-entry,unknown,call@00BFD8,src/functions/unknown/cdi_t7g_00c046_unknown.asm
cdi_t7g,cdi_t7g,0x00C078,0x00C078,0x00C0BC,provisional-entry,unknown,call@00C00A,src/functions/unknown/cdi_t7g_00c078_unknown.asm
cdi_t7g,cdi_t7g,0x00C0BC,0x00C0BC,0x00C13E,provisional-entry,unknown,call@00C046,src/functions/unknown/cdi_t7g_00c0bc_unknown.asm
cdi_t7g,cdi_t7g,0x00C13E,0x00C13E,0x00C178,provisional-entry,unknown,call@00C0C8,src/functions/unknown/cdi_t7g_00c13e_unknown.asm
cdi_t7g,cdi_t7g,0x00C178,0x00C178,0x00C1D8,provisional-entry,unknown,call@00E232;call@00E95E;call@00EA00;call@010DEE;call@0117E4;call@0124CA;call@01274A;call@012758;call@012A1C;call@013BFA;call@013E1E,src/functions/unknown/cdi_t7g_00c178_unknown.asm
cdi_t7g,cdi_t7g,0x00C1D8,0x00C1D8,0x00C204,provisional-entry,unknown,call@00C162,src/functions/unknown/cdi_t7g_00c1d8_unknown.asm
cdi_t7g,cdi_t7g,0x00C204,0x00C204,0x00C20C,provisional-entry,unknown,call@00CADE;call@00E0A4;call@00E6C8;call@00E6D6,src/functions/unknown/cdi_t7g_00c204_unknown.asm
cdi_t7g,cdi_t7g,0x00C20C,0x00C20C,0x00C32A,provisional-entry,unknown,call@00C196,src/functions/unknown/cdi_t7g_00c20c_unknown.asm
cdi_t7g,cdi_t7g,0x00C32A,0x00C32A,0x00C34A,provisional-entry,unknown,call@00C1EE,src/functions/unknown/cdi_t7g_00c32a_unknown.asm
cdi_t7g,cdi_t7g,0x00C34A,0x00C34A,0x00C3DC,provisional-entry,unknown,call@00C1F2,src/functions/unknown/cdi_t7g_00c34a_unknown.asm
cdi_t7g,cdi_t7g,0x00C3DC,0x00C3DC,0x00C416,provisional-entry,unknown,call@00C864;call@00C94C;call@00C96A;call@00C986,src/functions/unknown/cdi_t7g_00c3dc_unknown.asm
cdi_t7g,cdi_t7g,0x00C416,0x00C416,0x00C450,provisional-entry,unknown,call@00C890;call@00D076;call@00D352,src/functions/unknown/cdi_t7g_00c416_unknown.asm
cdi_t7g,cdi_t7g,0x00C450,0x00C450,0x00C45A,provisional-entry,unknown,call@00C67C,src/functions/unknown/cdi_t7g_00c450_unknown.asm
cdi_t7g,cdi_t7g,0x00C45A,0x00C45A,0x00C464,provisional-entry,unknown,call@00C886;call@00D06E,src/functions/unknown/cdi_t7g_00c45a_unknown.asm
cdi_t7g,cdi_t7g,0x00C464,0x00C464,0x00C4A2,provisional-entry,unknown,call@00C368,src/functions/unknown/cdi_t7g_00c464_unknown.asm
cdi_t7g,cdi_t7g,0x00C4A2,0x00C4A2,0x00C4D8,provisional-entry,unknown,call@00A548,src/functions/unknown/cdi_t7g_00c4a2_unknown.asm
cdi_t7g,cdi_t7g,0x00C4D8,0x00C4D8,0x00C622,provisional-entry,unknown,call@00A550,src/functions/unknown/cdi_t7g_00c4d8_unknown.asm
cdi_t7g,cdi_t7g,0x00C622,0x00C622,0x00C7D6,provisional-entry,unknown,call@00A52A;call@00A540,src/functions/unknown/cdi_t7g_00c622_unknown.asm
cdi_t7g,cdi_t7g,0x00C7D6,0x00C7D6,0x00C86E,provisional-entry,unknown,call@00C66E,src/functions/unknown/cdi_t7g_00c7d6_unknown.asm
cdi_t7g,cdi_t7g,0x00C86E,0x00C86E,0x00C948,provisional-entry,unknown,call@00C672,src/functions/unknown/cdi_t7g_00c86e_unknown.asm
cdi_t7g,cdi_t7g,0x00C948,0x00C948,0x00C99A,provisional-entry,unknown,call@00C926,src/functions/unknown/cdi_t7g_00c948_unknown.asm
cdi_t7g,cdi_t7g,0x00C99A,0x00C99A,0x00C9D8,provisional-entry,unknown,call@00C924,src/functions/unknown/cdi_t7g_00c99a_unknown.asm
cdi_t7g,cdi_t7g,0x00C9D8,0x00C9D8,0x00C9EA,provisional-entry,unknown,call@00C5BC;call@00C98E;call@00C9B4,src/functions/unknown/cdi_t7g_00c9d8_unknown.asm
cdi_t7g,cdi_t7g,0x00C9EA,0x00C9EA,0x00C9FE,provisional-entry,unknown,call@00C992;call@00C9B8;call@00C9D2,src/functions/unknown/cdi_t7g_00c9ea_unknown.asm
cdi_t7g,cdi_t7g,0x00C9FE,0x00C9FE,0x00CA82,provisional-entry,unknown,call@00C51E,src/functions/unknown/cdi_t7g_00c9fe_unknown.asm
cdi_t7g,cdi_t7g,0x00CA82,0x00CA82,0x00CB0A,provisional-entry,unknown,call@00CA4C,src/functions/unknown/cdi_t7g_00ca82_unknown.asm
cdi_t7g,cdi_t7g,0x00CB0A,0x00CB0A,0x00CB9A,provisional-entry,unknown,call@00CAD4,src/functions/unknown/cdi_t7g_00cb0a_unknown.asm
cdi_t7g,cdi_t7g,0x00CB9A,0x00CB9A,0x00CC52,provisional-entry,unknown,call@00A4EC;call@00A502,src/functions/unknown/cdi_t7g_00cb9a_unknown.asm
cdi_t7g,cdi_t7g,0x00CC52,0x00CC52,0x00CC70,provisional-entry,unknown,call@00CBD0,src/functions/unknown/cdi_t7g_00cc52_unknown.asm
cdi_t7g,cdi_t7g,0x00CC70,0x00CC70,0x00CCAA,provisional-entry,unknown,call@00CBFE,src/functions/unknown/cdi_t7g_00cc70_unknown.asm
cdi_t7g,cdi_t7g,0x00CCAA,0x00CCAA,0x00CD00,provisional-entry,unknown,call@00CC38,src/functions/unknown/cdi_t7g_00ccaa_unknown.asm
cdi_t7g,cdi_t7g,0x00CD00,0x00CD00,0x00CD4E,provisional-entry,unknown,call@00CAD0,src/functions/unknown/cdi_t7g_00cd00_unknown.asm
cdi_t7g,cdi_t7g,0x00CD4E,0x00CD4E,0x00CDCC,provisional-entry,unknown,call@00C36C,src/functions/unknown/cdi_t7g_00cd4e_unknown.asm
cdi_t7g,cdi_t7g,0x00CDCC,0x00CDCC,0x00CDE2,provisional-entry,unknown,call@00CD5C,src/functions/unknown/cdi_t7g_00cdcc_unknown.asm
cdi_t7g,cdi_t7g,0x00CDE2,0x00CDE2,0x00CE22,provisional-entry,unknown,call@00E72A,src/functions/unknown/cdi_t7g_00cde2_unknown.asm
cdi_t7g,cdi_t7g,0x00CE22,0x00CE22,0x00CE3E,provisional-entry,unknown,call@00C626,src/functions/unknown/cdi_t7g_00ce22_unknown.asm
cdi_t7g,cdi_t7g,0x00CE3E,0x00CE3E,0x00CEB8,provisional-entry,unknown,call@00CDC8,src/functions/unknown/cdi_t7g_00ce3e_unknown.asm
cdi_t7g,cdi_t7g,0x00CEB8,0x00CEB8,0x00CEEA,provisional-entry,unknown,call@00CFF0;call@00D018,src/functions/unknown/cdi_t7g_00ceb8_unknown.asm
cdi_t7g,cdi_t7g,0x00CEEA,0x00CEEA,0x00CFC2,provisional-entry,unknown,call@00CE4C,src/functions/unknown/cdi_t7g_00ceea_unknown.asm
cdi_t7g,cdi_t7g,0x00CFC2,0x00CFC2,0x00D006,provisional-entry,unknown,call@00AC02,src/functions/unknown/cdi_t7g_00cfc2_unknown.asm
cdi_t7g,cdi_t7g,0x00D006,0x00D006,0x00D024,provisional-entry,unknown,call@00AC1C;call@00CBDC;call@00CCF2,src/functions/unknown/cdi_t7g_00d006_unknown.asm
cdi_t7g,cdi_t7g,0x00D024,0x00D024,0x00D144,provisional-entry,unknown,call@00ABD0,src/functions/unknown/cdi_t7g_00d024_unknown.asm
cdi_t7g,cdi_t7g,0x00D144,0x00D144,0x00D228,provisional-entry,unknown,call@00CE18,src/functions/unknown/cdi_t7g_00d144_unknown.asm
cdi_t7g,cdi_t7g,0x00D228,0x00D228,0x00D286,provisional-entry,unknown,call@00D1D0;call@00D1DA;call@00D202;call@00D368,src/functions/unknown/cdi_t7g_00d228_unknown.asm
cdi_t7g,cdi_t7g,0x00D286,0x00D286,0x00D304,provisional-entry,unknown,call@00D220,src/functions/unknown/cdi_t7g_00d286_unknown.asm
cdi_t7g,cdi_t7g,0x00D304,0x00D304,0x00D326,provisional-entry,unknown,call@00CE30;call@00D1B4;call@00D26A,src/functions/unknown/cdi_t7g_00d304_unknown.asm
cdi_t7g,cdi_t7g,0x00D326,0x00D326,0x00D340,provisional-entry,unknown,call@00CFD0,src/functions/unknown/cdi_t7g_00d326_unknown.asm
cdi_t7g,cdi_t7g,0x00D340,0x00D340,0x00D362,provisional-entry,unknown,call@00ABD8;call@00C87A;call@00CF58;call@00CFE2;call@00D1EC,src/functions/unknown/cdi_t7g_00d340_unknown.asm
cdi_t7g,cdi_t7g,0x00D362,0x00D362,0x00D372,provisional-entry,unknown,call@00D2FC,src/functions/unknown/cdi_t7g_00d362_unknown.asm
cdi_t7g,cdi_t7g,0x00D372,0x00D372,0x00D3A2,provisional-entry,unknown,call@00ABF2,src/functions/unknown/cdi_t7g_00d372_unknown.asm
cdi_t7g,cdi_t7g,0x00D3A2,0x00D3A2,0x00D480,provisional-entry,unknown,call@00EE62,src/functions/unknown/cdi_t7g_00d3a2_unknown.asm
cdi_t7g,cdi_t7g,0x00D480,0x00D480,0x00D4E4,provisional-entry,unknown,call@00A580,src/functions/unknown/cdi_t7g_00d480_unknown.asm
cdi_t7g,cdi_t7g,0x00D4E4,0x00D4E4,0x00D512,provisional-entry,unknown,call@00D4B0;call@00D4F2;call@00D558,src/functions/unknown/cdi_t7g_00d4e4_unknown.asm
cdi_t7g,cdi_t7g,0x00D512,0x00D512,0x00D532,provisional-entry,unknown,call@00A5CA,src/functions/unknown/cdi_t7g_00d512_unknown.asm
cdi_t7g,cdi_t7g,0x00D532,0x00D532,0x00D606,provisional-entry,unknown,call@00D4CC,src/functions/unknown/cdi_t7g_00d532_unknown.asm
cdi_t7g,cdi_t7g,0x00D606,0x00D606,0x00D666,provisional-entry,unknown,call@00D592;call@00D5D2,src/functions/unknown/cdi_t7g_00d606_unknown.asm
cdi_t7g,cdi_t7g,0x00D666,0x00D666,0x00D6A2,provisional-entry,unknown,call@00A5AA,src/functions/unknown/cdi_t7g_00d666_unknown.asm
cdi_t7g,cdi_t7g,0x00D6A2,0x00D6A2,0x00D6C8,provisional-entry,unknown,call@00A560,src/functions/unknown/cdi_t7g_00d6a2_unknown.asm
cdi_t7g,cdi_t7g,0x00D6C8,0x00D6C8,0x00D6E8,provisional-entry,unknown,call@00A61E,src/functions/unknown/cdi_t7g_00d6c8_unknown.asm
cdi_t7g,cdi_t7g,0x00D6E8,0x00D6E8,0x00D720,provisional-entry,unknown,call@00D6B2;call@00D6D8,src/functions/unknown/cdi_t7g_00d6e8_unknown.asm
cdi_t7g,cdi_t7g,0x00D720,0x00D720,0x00D752,provisional-entry,unknown,call@00A62E,src/functions/unknown/cdi_t7g_00d720_unknown.asm
cdi_t7g,cdi_t7g,0x00D752,0x00D752,0x00D796,provisional-entry,unknown,call@00A6EA,src/functions/unknown/cdi_t7g_00d752_unknown.asm
cdi_t7g,cdi_t7g,0x00D796,0x00D796,0x00D7CC,provisional-entry,unknown,call@00A68E,src/functions/unknown/cdi_t7g_00d796_unknown.asm
cdi_t7g,cdi_t7g,0x00D7CC,0x00D7CC,0x00D808,provisional-entry,unknown,call@00A652,src/functions/unknown/cdi_t7g_00d7cc_unknown.asm
cdi_t7g,cdi_t7g,0x00D808,0x00D808,0x00D826,provisional-entry,unknown,call@00A59A;call@00A704,src/functions/unknown/cdi_t7g_00d808_unknown.asm
cdi_t7g,cdi_t7g,0x00D826,0x00D826,0x00D88C,provisional-entry,unknown,call@00A73C,src/functions/unknown/cdi_t7g_00d826_unknown.asm
cdi_t7g,cdi_t7g,0x00D88C,0x00D88C,0x00D9D6,provisional-entry,unknown,call@00A5DA,src/functions/unknown/cdi_t7g_00d88c_unknown.asm
cdi_t7g,cdi_t7g,0x00D9D6,0x00D9D6,0x00DA30,provisional-entry,unknown,call@00A5E2,src/functions/unknown/cdi_t7g_00d9d6_unknown.asm
cdi_t7g,cdi_t7g,0x00DA30,0x00DA30,0x00DA40,provisional-entry,unknown,call@00D48C;call@00D51A;call@00D5CE;call@00D66E;call@00D6AA;call@00D6D0;call@00D728;call@00D75A;call@00D79E;call@00D7D4;call@00D810;call@00D82E;call@00D894;call@01376E;call@0137F0;call@01385A;call@013998,src/functions/unknown/cdi_t7g_00da30_unknown.asm
cdi_t7g,cdi_t7g,0x00DA40,0x00DA40,0x00DA50,provisional-entry,unknown,call@00D672,src/functions/unknown/cdi_t7g_00da40_unknown.asm
cdi_t7g,cdi_t7g,0x00DA50,0x00DA50,0x00DA88,provisional-entry,unknown,call@00DA46,src/functions/unknown/cdi_t7g_00da50_unknown.asm
cdi_t7g,cdi_t7g,0x00DA88,0x00DA88,0x00DAC8,provisional-entry,unknown,call@00DA4A,src/functions/unknown/cdi_t7g_00da88_unknown.asm
cdi_t7g,cdi_t7g,0x00DAC8,0x00DAC8,0x00DAD2,provisional-entry,unknown,call@00D688,src/functions/unknown/cdi_t7g_00dac8_unknown.asm
cdi_t7g,cdi_t7g,0x00DAD2,0x00DAD2,0x00DD26,provisional-entry,unknown,call@00DB42;call@00DB4C,src/functions/unknown/cdi_t7g_00dad2_unknown.asm
cdi_t7g,cdi_t7g,0x00DD26,0x00DD26,0x00DDCE,provisional-entry,unknown,call@00DB6E;call@00DB90;call@00DBB2;call@00DBC4,src/functions/unknown/cdi_t7g_00dd26_unknown.asm
cdi_t7g,cdi_t7g,0x00DDCE,0x00DDCE,0x00DEB2,provisional-entry,unknown,call@00DBCA;call@00DC3A;call@00DD26,src/functions/unknown/cdi_t7g_00ddce_unknown.asm
cdi_t7g,cdi_t7g,0x00DEB2,0x00DEB2,0x00DF1A,provisional-entry,unknown,call@00D50C,src/functions/unknown/cdi_t7g_00deb2_unknown.asm
cdi_t7g,cdi_t7g,0x00DF1A,0x00DF1A,0x00DF3A,provisional-entry,unknown,call@00D3DC;call@00D442;call@00D714,src/functions/unknown/cdi_t7g_00df1a_unknown.asm
cdi_t7g,cdi_t7g,0x00DF3A,0x00DF3A,0x00DFA2,provisional-entry,unknown,call@00D9AE,src/functions/unknown/cdi_t7g_00df3a_unknown.asm
cdi_t7g,cdi_t7g,0x00DFA2,0x00DFA2,0x00E034,provisional-entry,unknown,call@00C360,src/functions/unknown/cdi_t7g_00dfa2_unknown.asm
cdi_t7g,cdi_t7g,0x00E034,0x00E034,0x00E042,provisional-entry,unknown,call@00CE0C;call@00E222;call@00E700;call@00E79A,src/functions/unknown/cdi_t7g_00e034_unknown.asm
cdi_t7g,cdi_t7g,0x00E042,0x00E042,0x00E1A4,provisional-entry,unknown,call@00DFCC,src/functions/unknown/cdi_t7g_00e042_unknown.asm
cdi_t7g,cdi_t7g,0x00E1A4,0x00E1A4,0x00E242,provisional-entry,unknown,call@00E16E,src/functions/unknown/cdi_t7g_00e1a4_unknown.asm
cdi_t7g,cdi_t7g,0x00E242,0x00E242,0x00E35E,provisional-entry,unknown,call@00C61C;call@00CEB2;call@00D118;call@00E158;call@00E21A;call@00E7B8,src/functions/unknown/cdi_t7g_00e242_unknown.asm
cdi_t7g,cdi_t7g,0x00E35E,0x00E35E,0x00E3F8,provisional-entry,unknown,call@00CE04;call@00D236;call@00E6F8,src/functions/unknown/cdi_t7g_00e35e_unknown.asm
cdi_t7g,cdi_t7g,0x00E3F8,0x00E3F8,0x00E414,provisional-entry,unknown,call@00E394,src/functions/unknown/cdi_t7g_00e3f8_unknown.asm
cdi_t7g,cdi_t7g,0x00E414,0x00E414,0x00E41A,provisional-entry,unknown,call@00E3B0,src/functions/unknown/cdi_t7g_00e414_unknown.asm
cdi_t7g,cdi_t7g,0x00E41A,0x00E41A,0x00E426,provisional-entry,unknown,call@00E3E4,src/functions/unknown/cdi_t7g_00e41a_unknown.asm
cdi_t7g,cdi_t7g,0x00E426,0x00E426,0x00E442,provisional-entry,unknown,call@00E3EE,src/functions/unknown/cdi_t7g_00e426_unknown.asm
cdi_t7g,cdi_t7g,0x00E442,0x00E442,0x00E462,provisional-entry,unknown,call@00E3F8,src/functions/unknown/cdi_t7g_00e442_unknown.asm
cdi_t7g,cdi_t7g,0x00E462,0x00E462,0x00E48C,provisional-entry,unknown,call@00E402,src/functions/unknown/cdi_t7g_00e462_unknown.asm
cdi_t7g,cdi_t7g,0x00E48C,0x00E48C,0x00E4DC,provisional-entry,unknown,call@00E40C,src/functions/unknown/cdi_t7g_00e48c_unknown.asm
cdi_t7g,cdi_t7g,0x00E4DC,0x00E4DC,0x00E54A,provisional-entry,unknown,call@00E134;call@00E1E0;call@00EAFC;call@011672;call@011682;call@011694;call@0116A4;call@0124A4;call@012504;call@0126BE;call@012714;call@0127CA;call@0129F4;call@013DEC,src/functions/unknown/cdi_t7g_00e4dc_unknown.asm
cdi_t7g,cdi_t7g,0x00E54A,0x00E54A,0x00E598,provisional-entry,unknown,call@0127F0,src/functions/unknown/cdi_t7g_00e54a_unknown.asm
cdi_t7g,cdi_t7g,0x00E598,0x00E598,0x00E600,provisional-entry,unknown,call@00E122;call@00E1D0;call@0127BA;call@013DDA,src/functions/unknown/cdi_t7g_00e598_unknown.asm
cdi_t7g,cdi_t7g,0x00E600,0x00E600,0x00E638,provisional-entry,unknown,call@0127E0,src/functions/unknown/cdi_t7g_00e600_unknown.asm
cdi_t7g,cdi_t7g,0x00E638,0x00E638,0x00E65E,provisional-entry,unknown,call@00E1EA;call@0126CA;call@012720;call@013DF6,src/functions/unknown/cdi_t7g_00e638_unknown.asm
cdi_t7g,cdi_t7g,0x00E65E,0x00E65E,0x00E6E0,provisional-entry,unknown,call@00C364,src/functions/unknown/cdi_t7g_00e65e_unknown.asm
cdi_t7g,cdi_t7g,0x00E6E0,0x00E6E0,0x00E6E6,provisional-entry,unknown,call@00E668,src/functions/unknown/cdi_t7g_00e6e0_unknown.asm
cdi_t7g,cdi_t7g,0x00E6E6,0x00E6E6,0x00E6F6,provisional-entry,unknown,call@00C508,src/functions/unknown/cdi_t7g_00e6e6_unknown.asm
cdi_t7g,cdi_t7g,0x00E6F6,0x00E6F6,0x00E6FA,provisional-entry,unknown,call@00E67E,src/functions/unknown/cdi_t7g_00e6f6_unknown.asm
cdi_t7g,cdi_t7g,0x00E6FA,0x00E6FA,0x00E718,provisional-entry,unknown,call@00E684,src/functions/unknown/cdi_t7g_00e6fa_unknown.asm
cdi_t7g,cdi_t7g,0x00E718,0x00E718,0x00E720,provisional-entry,unknown,call@00B282;call@00B2A6,src/functions/unknown/cdi_t7g_00e718_unknown.asm
cdi_t7g,cdi_t7g,0x00E720,0x00E720,0x00E850,provisional-entry,unknown,call@00E6A8,src/functions/unknown/cdi_t7g_00e720_unknown.asm
cdi_t7g,cdi_t7g,0x00E850,0x00E850,0x00E86A,provisional-entry,unknown,call@00E7D8,src/functions/unknown/cdi_t7g_00e850_unknown.asm
cdi_t7g,cdi_t7g,0x00E86A,0x00E86A,0x00E8A2,provisional-entry,unknown,call@00E71C,src/functions/unknown/cdi_t7g_00e86a_unknown.asm
cdi_t7g,cdi_t7g,0x00E8A2,0x00E8A2,0x00E8A6,provisional-entry,unknown,call@00E82A,src/functions/unknown/cdi_t7g_00e8a2_unknown.asm
cdi_t7g,cdi_t7g,0x00E8A6,0x00E8A6,0x00E8C6,provisional-entry,unknown,call@00E830,src/functions/unknown/cdi_t7g_00e8a6_unknown.asm
cdi_t7g,cdi_t7g,0x00E8C6,0x00E8C6,0x00E8CE,provisional-entry,unknown,call@00E84E,src/functions/unknown/cdi_t7g_00e8c6_unknown.asm
cdi_t7g,cdi_t7g,0x00E8CE,0x00E8CE,0x00E8DA,provisional-entry,unknown,call@00E860,src/functions/unknown/cdi_t7g_00e8ce_unknown.asm
cdi_t7g,cdi_t7g,0x00E8DA,0x00E8DA,0x00E91C,provisional-entry,unknown,call@00E8B2,src/functions/unknown/cdi_t7g_00e8da_unknown.asm
cdi_t7g,cdi_t7g,0x00E91C,0x00E91C,0x00E938,provisional-entry,unknown,call@00E878;call@00E8AC,src/functions/unknown/cdi_t7g_00e91c_unknown.asm
cdi_t7g,cdi_t7g,0x00E938,0x00E938,0x00E94C,provisional-entry,unknown,call@00E8C0,src/functions/unknown/cdi_t7g_00e938_unknown.asm
cdi_t7g,cdi_t7g,0x00E94C,0x00E94C,0x00E96E,provisional-entry,unknown,call@00E8D6,src/functions/unknown/cdi_t7g_00e94c_unknown.asm
cdi_t7g,cdi_t7g,0x00E96E,0x00E96E,0x00E97C,provisional-entry,unknown,call@00E89A,src/functions/unknown/cdi_t7g_00e96e_unknown.asm
cdi_t7g,cdi_t7g,0x00E97C,0x00E97C,0x00EB6A,provisional-entry,unknown,call@00E896,src/functions/unknown/cdi_t7g_00e97c_unknown.asm
cdi_t7g,cdi_t7g,0x00EB6A,0x00EB6A,0x00EBBC,provisional-entry,unknown,call@00EB48,src/functions/unknown/cdi_t7g_00eb6a_unknown.asm
cdi_t7g,cdi_t7g,0x00EBBC,0x00EBBC,0x00ECAC,provisional-entry,unknown,call@00EB46,src/functions/unknown/cdi_t7g_00ebbc_unknown.asm
cdi_t7g,cdi_t7g,0x00ECAC,0x00ECAC,0x00ED08,provisional-entry,unknown,call@00A74C,src/functions/unknown/cdi_t7g_00ecac_unknown.asm
cdi_t7g,cdi_t7g,0x00ED08,0x00ED08,0x00EE68,provisional-entry,unknown,call@00DA26,src/functions/unknown/cdi_t7g_00ed08_unknown.asm
cdi_t7g,cdi_t7g,0x00EE68,0x00EE68,0x00EEFA,provisional-entry,unknown,call@00ED92,src/functions/unknown/cdi_t7g_00ee68_unknown.asm
cdi_t7g,cdi_t7g,0x00EEFA,0x00EEFA,0x00EFCC,provisional-entry,unknown,call@00ED9A,src/functions/unknown/cdi_t7g_00eefa_unknown.asm
cdi_t7g,cdi_t7g,0x00EFCC,0x00EFCC,0x00F000,provisional-entry,unknown,call@00EFC4;call@00EFC8,src/functions/unknown/cdi_t7g_00efcc_unknown.asm
cdi_t7g,cdi_t7g,0x00F000,0x00F000,0x00F098,provisional-entry,unknown,call@00ED96,src/functions/unknown/cdi_t7g_00f000_unknown.asm
cdi_t7g,cdi_t7g,0x00F098,0x00F098,0x00F16E,provisional-entry,unknown,call@00ED9E,src/functions/unknown/cdi_t7g_00f098_unknown.asm
cdi_t7g,cdi_t7g,0x00F16E,0x00F16E,0x00F19A,provisional-entry,unknown,call@00F162;call@00F168,src/functions/unknown/cdi_t7g_00f16e_unknown.asm
cdi_t7g,cdi_t7g,0x00F19A,0x00F19A,0x00F21E,provisional-entry,unknown,call@00EFDC;call@00EFE4;call@00F17A;call@00F180,src/functions/unknown/cdi_t7g_00f19a_unknown.asm
cdi_t7g,cdi_t7g,0x00F21E,0x00F21E,0x00F24E,provisional-entry,unknown,call@00ED8E,src/functions/unknown/cdi_t7g_00f21e_unknown.asm
cdi_t7g,cdi_t7g,0x00F24E,0x00F24E,0x00F324,provisional-entry,unknown,call@00ED86,src/functions/unknown/cdi_t7g_00f24e_unknown.asm
cdi_t7g,cdi_t7g,0x00F324,0x00F324,0x00F3A2,provisional-entry,unknown,call@00ED8A,src/functions/unknown/cdi_t7g_00f324_unknown.asm
cdi_t7g,cdi_t7g,0x00F3A2,0x00F3A2,0x00F4BC,provisional-entry,unknown,call@00ED7E,src/functions/unknown/cdi_t7g_00f3a2_unknown.asm
cdi_t7g,cdi_t7g,0x00F4BC,0x00F4BC,0x00F54C,provisional-entry,unknown,call@00ED82,src/functions/unknown/cdi_t7g_00f4bc_unknown.asm
cdi_t7g,cdi_t7g,0x00F54C,0x00F54C,0x00F57A,provisional-entry,unknown,call@00A3D2,src/functions/unknown/cdi_t7g_00f54c_unknown.asm
cdi_t7g,cdi_t7g,0x00F57A,0x00F57A,0x00F5C4,provisional-entry,unknown,call@00A3EC;call@00F514;call@00F52A,src/functions/unknown/cdi_t7g_00f57a_unknown.asm
cdi_t7g,cdi_t7g,0x00F5C4,0x00F5C4,0x00F608,provisional-entry,unknown,call@00A41A;call@00F53E,src/functions/unknown/cdi_t7g_00f5c4_unknown.asm
cdi_t7g,cdi_t7g,0x00F608,0x00F608,0x00F664,provisional-entry,unknown,call@00B1F8,src/functions/unknown/cdi_t7g_00f608_unknown.asm
cdi_t7g,cdi_t7g,0x00F664,0x00F664,0x00F66A,provisional-entry,unknown,call@00F558,src/functions/unknown/cdi_t7g_00f664_unknown.asm
cdi_t7g,cdi_t7g,0x00F66A,0x00F66A,0x00F6EA,provisional-entry,unknown,call@00F616,src/functions/unknown/cdi_t7g_00f66a_unknown.asm
cdi_t7g,cdi_t7g,0x00F6EA,0x00F6EA,0x00F71E,provisional-entry,unknown,call@00F610,src/functions/unknown/cdi_t7g_00f6ea_unknown.asm
cdi_t7g,cdi_t7g,0x00F71E,0x00F71E,0x00F76A,provisional-entry,unknown,call@00F51A,src/functions/unknown/cdi_t7g_00f71e_unknown.asm
cdi_t7g,cdi_t7g,0x00F76A,0x00F76A,0x00F78A,provisional-entry,unknown,call@00A446,src/functions/unknown/cdi_t7g_00f76a_unknown.asm
cdi_t7g,cdi_t7g,0x00F78A,0x00F78A,0x00F7AA,provisional-entry,unknown,call@00A44E,src/functions/unknown/cdi_t7g_00f78a_unknown.asm
cdi_t7g,cdi_t7g,0x00F7AA,0x00F7AA,0x00F7CC,provisional-entry,unknown,call@00A47E,src/functions/unknown/cdi_t7g_00f7aa_unknown.asm
cdi_t7g,cdi_t7g,0x00F7CC,0x00F7CC,0x00F88E,provisional-entry,unknown,call@00F51E,src/functions/unknown/cdi_t7g_00f7cc_unknown.asm
cdi_t7g,cdi_t7g,0x00F88E,0x00F88E,0x00F8AC,provisional-entry,unknown,call@00A390,src/functions/unknown/cdi_t7g_00f88e_unknown.asm
cdi_t7g,cdi_t7g,0x00F8AC,0x00F8AC,0x00F8E6,provisional-entry,unknown,call@00A3A0,src/functions/unknown/cdi_t7g_00f8ac_unknown.asm
cdi_t7g,cdi_t7g,0x00F8E6,0x00F8E6,0x00F90A,provisional-entry,unknown,call@00B1D8,src/functions/unknown/cdi_t7g_00f8e6_unknown.asm
cdi_t7g,cdi_t7g,0x00F90A,0x00F90A,0x00F926,provisional-entry,unknown,call@00F964;call@00F972;call@00F986;call@00F994;call@00FA1C;call@00FA26,src/functions/unknown/cdi_t7g_00f90a_unknown.asm
cdi_t7g,cdi_t7g,0x00F926,0x00F926,0x00F956,provisional-entry,unknown,call@00F900,src/functions/unknown/cdi_t7g_00f926_unknown.asm
cdi_t7g,cdi_t7g,0x00F956,0x00F956,0x00F978,provisional-entry,unknown,call@00F94A,src/functions/unknown/cdi_t7g_00f956_unknown.asm
cdi_t7g,cdi_t7g,0x00F978,0x00F978,0x00F99A,provisional-entry,unknown,call@00F950,src/functions/unknown/cdi_t7g_00f978_unknown.asm
cdi_t7g,cdi_t7g,0x00F99A,0x00F99A,0x00F9AE,provisional-entry,unknown,call@00F8FC,src/functions/unknown/cdi_t7g_00f99a_unknown.asm
cdi_t7g,cdi_t7g,0x00F9AE,0x00F9AE,0x00F9EE,provisional-entry,unknown,call@00F99A;call@00F9E4,src/functions/unknown/cdi_t7g_00f9ae_unknown.asm
cdi_t7g,cdi_t7g,0x00F9EE,0x00F9EE,0x00FA18,provisional-entry,unknown,call@00F9C0,src/functions/unknown/cdi_t7g_00f9ee_unknown.asm
cdi_t7g,cdi_t7g,0x00FA18,0x00FA18,0x00FA22,provisional-entry,unknown,call@00FA04,src/functions/unknown/cdi_t7g_00fa18_unknown.asm
cdi_t7g,cdi_t7g,0x00FA22,0x00FA22,0x00FA2C,provisional-entry,unknown,call@00F9A4;call@00FA0E,src/functions/unknown/cdi_t7g_00fa22_unknown.asm
cdi_t7g,cdi_t7g,0x00FA2C,0x00FA2C,0x00FA54,provisional-entry,unknown,call@00F9BA,src/functions/unknown/cdi_t7g_00fa2c_unknown.asm
cdi_t7g,cdi_t7g,0x00FA54,0x00FA54,0x00FA78,provisional-entry,unknown,call@00F86A,src/functions/unknown/cdi_t7g_00fa54_unknown.asm
cdi_t7g,cdi_t7g,0x00FA78,0x00FA78,0x00FAA6,provisional-entry,unknown,call@00B17C,src/functions/unknown/cdi_t7g_00fa78_unknown.asm
cdi_t7g,cdi_t7g,0x00FAA6,0x00FAA6,0x00FAFA,provisional-entry,unknown,call@00B1CC,src/functions/unknown/cdi_t7g_00faa6_unknown.asm
cdi_t7g,cdi_t7g,0x00FAFA,0x00FAFA,0x00FB2E,provisional-entry,unknown,call@00A380,src/functions/unknown/cdi_t7g_00fafa_unknown.asm
cdi_t7g,cdi_t7g,0x00FB2E,0x00FB2E,0x00FB4E,provisional-entry,unknown,call@00FB18;call@00FB3E,src/functions/unknown/cdi_t7g_00fb2e_unknown.asm
cdi_t7g,cdi_t7g,0x00FB4E,0x00FB4E,0x00FB92,provisional-entry,unknown,call@00FB1C;call@00FB46,src/functions/unknown/cdi_t7g_00fb4e_unknown.asm
cdi_t7g,cdi_t7g,0x00FB92,0x00FB92,0x00FBB2,provisional-entry,unknown,call@00FA8C;call@00FADE,src/functions/unknown/cdi_t7g_00fb92_unknown.asm
cdi_t7g,cdi_t7g,0x00FBB2,0x00FBB2,0x00FBC2,provisional-entry,unknown,call@00B9AC;call@00F896;call@00F8B4;call@00F8C2;call@00F90E;call@00FB02;call@00FB92;call@00FC9A,src/functions/unknown/cdi_t7g_00fbb2_unknown.asm
cdi_t7g,cdi_t7g,0x00FBC2,0x00FBC2,0x00FBD6,provisional-entry,unknown,call@00F9EE;call@00FA96;call@00FAE8;call@00FB4E;call@00FC54;call@00FD1C,src/functions/unknown/cdi_t7g_00fbc2_unknown.asm
cdi_t7g,cdi_t7g,0x00FBD6,0x00FBD6,0x00FC8A,provisional-entry,unknown,call@00F86E;call@00FA7C;call@00FAAA,src/functions/unknown/cdi_t7g_00fbd6_unknown.asm
cdi_t7g,cdi_t7g,0x00FC8A,0x00FC8A,0x00FCFC,provisional-entry,unknown,call@00A3B0;call@00C37A,src/functions/unknown/cdi_t7g_00fc8a_unknown.asm
cdi_t7g,cdi_t7g,0x00FCFC,0x00FCFC,0x00FD78,provisional-entry,unknown,call@00FCE4;call@00FD68,src/functions/unknown/cdi_t7g_00fcfc_unknown.asm
cdi_t7g,cdi_t7g,0x00FD78,0x00FD78,0x00FDAE,provisional-entry,unknown,call@00F3AC;call@00F3CE;call@00F3F8,src/functions/unknown/cdi_t7g_00fd78_unknown.asm
cdi_t7g,cdi_t7g,0x00FDAE,0x00FDAE,0x00FDE2,provisional-entry,unknown,call@010432,src/functions/unknown/cdi_t7g_00fdae_unknown.asm
cdi_t7g,cdi_t7g,0x00FDE2,0x00FDE2,0x00FE2C,provisional-entry,unknown,call@00B554,src/functions/unknown/cdi_t7g_00fde2_unknown.asm
cdi_t7g,cdi_t7g,0x00FE2C,0x00FE2C,0x00FFC0,provisional-entry,unknown,call@00AA90,src/functions/unknown/cdi_t7g_00fe2c_unknown.asm
cdi_t7g,cdi_t7g,0x00FFC0,0x00FFC0,0x01003E,provisional-entry,unknown,call@00C35C,src/functions/unknown/cdi_t7g_00ffc0_unknown.asm
cdi_t7g,cdi_t7g,0x01003E,0x01003E,0x01007E,provisional-entry,unknown,call@00FFCE,src/functions/unknown/cdi_t7g_01003e_unknown.asm
cdi_t7g,cdi_t7g,0x01007E,0x01007E,0x0100A4,provisional-entry,unknown,call@00B52E;call@00BE84;call@00BEBC;call@00BEF4;call@00BF2E;call@00D0B6;call@00D3BE;call@00D424;call@00E0EE;call@00E758;call@00E94A;call@00EAB6;call@00EB7E;call@00EBDA;call@00EC70;call@00EDDA;call@00EE2E;call@010E1E;call@010E3C;call@010F4C;call@01103C;call@0110F2;call@01137C;call@0113A0;call@0113CC;call@011432;call@01147A;call@01149A;call@011514;call@011534;call@0115D4;call@011624;call@0128EC;call@013BCE,src/functions/unknown/cdi_t7g_01007e_unknown.asm
cdi_t7g,cdi_t7g,0x0100A4,0x0100A4,0x0100CC,provisional-entry,unknown,call@010036,src/functions/unknown/cdi_t7g_0100a4_unknown.asm
cdi_t7g,cdi_t7g,0x0100CC,0x0100CC,0x0100E4,provisional-entry,unknown,call@01005E,src/functions/unknown/cdi_t7g_0100cc_unknown.asm
cdi_t7g,cdi_t7g,0x0100E4,0x0100E4,0x01010E,provisional-entry,unknown,call@00A068;call@00A494;call@00C510;call@00C5C4;call@00CE38;call@010124;call@010EEC;call@010EF4;call@010FA8;call@011006;call@0110C0;call@011786;call@01178E;call@011798;call@0117A2;call@0117AA;call@0117B4;call@0117BC;call@0117C6;call@0117CE;call@0117DA;call@0117EC;call@0118C8;call@012920,src/functions/unknown/cdi_t7g_0100e4_unknown.asm
cdi_t7g,cdi_t7g,0x01010E,0x01010E,0x010134,provisional-entry,unknown,call@00D6B8;call@01281A,src/functions/unknown/cdi_t7g_01010e_unknown.asm
cdi_t7g,cdi_t7g,0x010134,0x010134,0x01015A,provisional-entry,unknown,call@00AB4A;call@00D73E;call@0118D0,src/functions/unknown/cdi_t7g_010134_unknown.asm
cdi_t7g,cdi_t7g,0x01015A,0x01015A,0x010176,provisional-entry,unknown,call@010102,src/functions/unknown/cdi_t7g_01015a_unknown.asm
cdi_t7g,cdi_t7g,0x010176,0x010176,0x0101A2,provisional-entry,unknown,call@00B254;call@00B3AA;call@00B3CC;call@00B3EE;call@00B53E;call@00B61E;call@00CBAE,src/functions/unknown/cdi_t7g_010176_unknown.asm
cdi_t7g,cdi_t7g,0x0101A2,0x0101A2,0x0101DA,provisional-entry,unknown,call@00A48E;call@00A4A4;call@00A4BE;call@00A4D4;call@00A512;call@00A578;call@00A5C2;call@00A75C;call@00A76A;call@00A784;call@00A7AC;call@00A7CA;call@00A7E8;call@00A7F6;call@00A836;call@00A850;call@00A878;call@00A896;call@00A8A4;call@00A8FE;call@00A90C;call@00A974;call@00A982;call@00A9C4;call@00A9D2;call@00A9E4;call@00AA10;call@00AA38;call@00AA52;call@00AAA0;call@00AAC8;call@00AAF0;call@00AB0E;call@00AB1C;call@00AB34;call@00AB42;call@00AB5A;call@00AB86;call@00ABA4;call@00B2C2;call@00B314;call@00B330;call@00B34C;call@00B368;call@00B384;call@00B3A0;call@00B3C2;call@00B3E4;call@00B406;call@00B422;call@00B43E;call@00B46E;call@00B48A;call@00B4A6;call@00B4C2;call@00B568;call@00B580;call@00B598;call@00B5B0;call@00B5C8;call@00B5E0;call@00B5F8,src/functions/unknown/cdi_t7g_0101a2_unknown.asm
cdi_t7g,cdi_t7g,0x0101DA,0x0101DA,0x010202,provisional-entry,unknown,call@01015E;call@010182,src/functions/unknown/cdi_t7g_0101da_unknown.asm
cdi_t7g,cdi_t7g,0x010202,0x010202,0x010232,provisional-entry,unknown,call@010140;call@01015A,src/functions/unknown/cdi_t7g_010202_unknown.asm
cdi_t7g,cdi_t7g,0x010232,0x010232,0x010256,provisional-entry,unknown,call@01009E;call@010148,src/functions/unknown/cdi_t7g_010232_unknown.asm
cdi_t7g,cdi_t7g,0x010256,0x010256,0x01029A,provisional-entry,unknown,call@00C664;call@00E77A;call@00EB22;call@00EB90;call@00EC9A,src/functions/unknown/cdi_t7g_010256_unknown.asm
cdi_t7g,cdi_t7g,0x01029A,0x01029A,0x0102D4,provisional-entry,unknown,call@01047A;call@0104DC,src/functions/unknown/cdi_t7g_01029a_unknown.asm
cdi_t7g,cdi_t7g,0x0102D4,0x0102D4,0x010322,provisional-entry,unknown,call@00A4AC;call@00C110;call@00C11C;call@00C128;call@00C134,src/functions/unknown/cdi_t7g_0102d4_unknown.asm
cdi_t7g,cdi_t7g,0x010322,0x010322,0x01036C,provisional-entry,unknown,call@00AB76;call@00BE92;call@00BECA;call@00BF02;call@00BF3C;call@00D0C0;call@00D3C8;call@00D42E;call@00D9F0;call@00DA04;call@00E0F8;call@00EB2E;call@00EB9C;call@00EC26;call@00ECA6;call@00EDE4;call@00EE38;call@010538;call@010F56;call@011046;call@0110FC;call@013BD8,src/functions/unknown/cdi_t7g_010322_unknown.asm
cdi_t7g,cdi_t7g,0x01036C,0x01036C,0x0103B6,provisional-entry,unknown,call@010714;call@01077A;call@010BBA;call@010DE2;call@010EE0;call@010F96;call@0116BE;call@01240C;call@0124BE;call@01251E;call@012738;call@012808;call@012A10;call@013C94;call@013E12,src/functions/unknown/cdi_t7g_01036c_unknown.asm
cdi_t7g,cdi_t7g,0x0103B6,0x0103B6,0x0103FA,provisional-entry,unknown,call@00B24E,src/functions/unknown/cdi_t7g_0103b6_unknown.asm
cdi_t7g,cdi_t7g,0x0103FA,0x0103FA,0x010406,provisional-entry,unknown,call@0103D0;call@010414,src/functions/unknown/cdi_t7g_0103fa_unknown.asm
cdi_t7g,cdi_t7g,0x010406,0x010406,0x010428,provisional-entry,unknown,call@010400,src/functions/unknown/cdi_t7g_010406_unknown.asm
cdi_t7g,cdi_t7g,0x010428,0x010428,0x010442,provisional-entry,unknown,call@0103FA,src/functions/unknown/cdi_t7g_010428_unknown.asm
cdi_t7g,cdi_t7g,0x010442,0x010442,0x010498,provisional-entry,unknown,call@00A4C4;call@00C148;call@00D5DC;call@010E50,src/functions/unknown/cdi_t7g_010442_unknown.asm
cdi_t7g,cdi_t7g,0x010498,0x010498,0x010550,provisional-entry,unknown,call@010488;call@0104EC,src/functions/unknown/cdi_t7g_010498_unknown.asm
cdi_t7g,cdi_t7g,0x010550,0x010550,0x010582,provisional-entry,unknown,call@010510;call@010526,src/functions/unknown/cdi_t7g_010550_unknown.asm
cdi_t7g,cdi_t7g,0x010582,0x010582,0x010588,provisional-entry,unknown,call@01052A,src/functions/unknown/cdi_t7g_010582_unknown.asm
cdi_t7g,cdi_t7g,0x010588,0x010588,0x0105DA,provisional-entry,unknown,call@010096,src/functions/unknown/cdi_t7g_010588_unknown.asm
cdi_t7g,cdi_t7g,0x0105DA,0x0105DA,0x0107D0,provisional-entry,unknown,call@0105D2,src/functions/unknown/cdi_t7g_0105da_unknown.asm
cdi_t7g,cdi_t7g,0x0107D0,0x0107D0,0x0107EE,provisional-entry,unknown,call@00EDFA;call@00EE4E,src/functions/unknown/cdi_t7g_0107d0_unknown.asm
cdi_t7g,cdi_t7g,0x0107EE,0x0107EE,0x01080C,provisional-entry,unknown,call@0107BE;call@0107E0,src/functions/unknown/cdi_t7g_0107ee_unknown.asm
cdi_t7g,cdi_t7g,0x01080C,0x01080C,0x01089A,provisional-entry,unknown,call@00DA5A;call@00DA92;call@00DBDA;call@00DBE8;call@00DC4A;call@00DC56;call@00DD38;call@00DD44;call@0107F2;call@0108EA;call@013778;call@0139A2,src/functions/unknown/cdi_t7g_01080c_unknown.asm
cdi_t7g,cdi_t7g,0x01089A,0x01089A,0x0108E6,provisional-entry,unknown,call@00D990;call@00D9A4,src/functions/unknown/cdi_t7g_01089a_unknown.asm
cdi_t7g,cdi_t7g,0x0108E6,0x0108E6,0x010A04,provisional-entry,unknown,call@0108AE;call@0108D4,src/functions/unknown/cdi_t7g_0108e6_unknown.asm
cdi_t7g,cdi_t7g,0x010A04,0x010A04,0x010A18,provisional-entry,unknown,call@01098E,src/functions/unknown/cdi_t7g_010a04_unknown.asm
cdi_t7g,cdi_t7g,0x010A18,0x010A18,0x010A26,provisional-entry,unknown,call@0109A2,src/functions/unknown/cdi_t7g_010a18_unknown.asm
cdi_t7g,cdi_t7g,0x010A26,0x010A26,0x010A2E,provisional-entry,unknown,call@010974,src/functions/unknown/cdi_t7g_010a26_unknown.asm
cdi_t7g,cdi_t7g,0x010A2E,0x010A2E,0x010A46,provisional-entry,unknown,call@010C7E,src/functions/unknown/cdi_t7g_010a2e_unknown.asm
cdi_t7g,cdi_t7g,0x010A46,0x010A46,0x010A52,provisional-entry,unknown,call@0109D0,src/functions/unknown/cdi_t7g_010a46_unknown.asm
cdi_t7g,cdi_t7g,0x010A52,0x010A52,0x010A7E,provisional-entry,unknown,call@0109E2,src/functions/unknown/cdi_t7g_010a52_unknown.asm
cdi_t7g,cdi_t7g,0x010A7E,0x010A7E,0x010BC2,provisional-entry,unknown,call@010A08,src/functions/unknown/cdi_t7g_010a7e_unknown.asm
cdi_t7g,cdi_t7g,0x010BC2,0x010BC2,0x010C6A,provisional-entry,unknown,call@01141C;call@011464;call@0114FE;call@011596;call@0115BE;call@01160E;call@012448;call@01268A;call@01269E;call@0126E0;call@0126F4;call@0128D6;call@01297C;call@013DB2,src/functions/unknown/cdi_t7g_010bc2_unknown.asm
cdi_t7g,cdi_t7g,0x010C6A,0x010C6A,0x010C94,provisional-entry,unknown,call@00AB94,src/functions/unknown/cdi_t7g_010c6a_unknown.asm
cdi_t7g,cdi_t7g,0x010C94,0x010C94,0x010CAA,provisional-entry,unknown,call@010C24,src/functions/unknown/cdi_t7g_010c94_unknown.asm
cdi_t7g,cdi_t7g,0x010CAA,0x010CAA,0x010CC4,provisional-entry,unknown,call@010C72,src/functions/unknown/cdi_t7g_010caa_unknown.asm
cdi_t7g,cdi_t7g,0x010CC4,0x010CC4,0x010CCC,provisional-entry,unknown,call@010C54,src/functions/unknown/cdi_t7g_010cc4_unknown.asm
cdi_t7g,cdi_t7g,0x010CCC,0x010CCC,0x010E20,provisional-entry,unknown,call@010C5E,src/functions/unknown/cdi_t7g_010ccc_unknown.asm
cdi_t7g,cdi_t7g,0x010E20,0x010E20,0x010E96,provisional-entry,unknown,call@010DAA,src/functions/unknown/cdi_t7g_010e20_unknown.asm
cdi_t7g,cdi_t7g,0x010E96,0x010E96,0x010EDC,provisional-entry,unknown,call@010E44,src/functions/unknown/cdi_t7g_010e96_unknown.asm
cdi_t7g,cdi_t7g,0x010EDC,0x010EDC,0x010EFA,provisional-entry,unknown,call@010E66,src/functions/unknown/cdi_t7g_010edc_unknown.asm
cdi_t7g,cdi_t7g,0x010EFA,0x010EFA,0x010FD2,provisional-entry,unknown,call@01143C;call@011484;call@01151E;call@0115DE;call@01162E,src/functions/unknown/cdi_t7g_010efa_unknown.asm
cdi_t7g,cdi_t7g,0x010FD2,0x010FD2,0x010FFC,provisional-entry,unknown,call@00E958,src/functions/unknown/cdi_t7g_010fd2_unknown.asm
cdi_t7g,cdi_t7g,0x010FFC,0x010FFC,0x011064,provisional-entry,unknown,call@010FBA;call@010FDE,src/functions/unknown/cdi_t7g_010ffc_unknown.asm
cdi_t7g,cdi_t7g,0x011064,0x011064,0x01119C,provisional-entry,unknown,call@00B456,src/functions/unknown/cdi_t7g_011064_unknown.asm
cdi_t7g,cdi_t7g,0x01119C,0x01119C,0x01119E,provisional-entry,unknown,call@00DB5E;call@00DB80;call@00DBA2;call@00DC36,src/functions/unknown/cdi_t7g_01119c_unknown.asm
cdi_t7g,cdi_t7g,0x01119E,0x01119E,0x0111F0,provisional-entry,unknown,call@01117C,src/functions/unknown/cdi_t7g_01119e_unknown.asm
cdi_t7g,cdi_t7g,0x0111F0,0x0111F0,0x01135C,provisional-entry,unknown,call@01117A,src/functions/unknown/cdi_t7g_0111f0_unknown.asm
cdi_t7g,cdi_t7g,0x01135C,0x01135C,0x0116C6,provisional-entry,unknown,call@0112E6,src/functions/unknown/cdi_t7g_01135c_unknown.asm
cdi_t7g,cdi_t7g,0x0116C6,0x0116C6,0x011706,provisional-entry,unknown,call@00A79C;call@00B538;call@00EAC4;call@011726;call@01174C,src/functions/unknown/cdi_t7g_0116c6_unknown.asm
cdi_t7g,cdi_t7g,0x011706,0x011706,0x011710,provisional-entry,unknown,call@0116DA;call@0116EC;call@0116F6,src/functions/unknown/cdi_t7g_011706_unknown.asm
cdi_t7g,cdi_t7g,0x011710,0x011710,0x011736,provisional-entry,unknown,call@00A7BA,src/functions/unknown/cdi_t7g_011710_unknown.asm
cdi_t7g,cdi_t7g,0x011736,0x011736,0x0117F2,provisional-entry,unknown,call@00A7D8,src/functions/unknown/cdi_t7g_011736_unknown.asm
cdi_t7g,cdi_t7g,0x0117F2,0x0117F2,0x0118AA,provisional-entry,unknown,call@00A886;call@011872;call@011888,src/functions/unknown/cdi_t7g_0117f2_unknown.asm
cdi_t7g,cdi_t7g,0x0118AA,0x0118AA,0x0118B6,provisional-entry,unknown,call@01183A,src/functions/unknown/cdi_t7g_0118aa_unknown.asm
cdi_t7g,cdi_t7g,0x0118B6,0x0118B6,0x0118B8,provisional-entry,unknown,call@011842,src/functions/unknown/cdi_t7g_0118b6_unknown.asm
cdi_t7g,cdi_t7g,0x0118B8,0x0118B8,0x0118E4,provisional-entry,unknown,call@00A774,src/functions/unknown/cdi_t7g_0118b8_unknown.asm
cdi_t7g,cdi_t7g,0x0118E4,0x0118E4,0x01191A,provisional-entry,unknown,call@00A99C;call@00A9B4,src/functions/unknown/cdi_t7g_0118e4_unknown.asm
cdi_t7g,cdi_t7g,0x01191A,0x01191A,0x011974,provisional-entry,unknown,call@00A8CA;call@00A8EE;call@00A946;call@00A964,src/functions/unknown/cdi_t7g_01191a_unknown.asm
cdi_t7g,cdi_t7g,0x011974,0x011974,0x011E50,provisional-entry,unknown,call@011944,src/functions/unknown/cdi_t7g_011974_unknown.asm
cdi_t7g,cdi_t7g,0x011E50,0x011E50,0x011F10,provisional-entry,unknown,call@0118FC,src/functions/unknown/cdi_t7g_011e50_unknown.asm
cdi_t7g,cdi_t7g,0x011F10,0x011F10,0x011F32,provisional-entry,unknown,call@011936,src/functions/unknown/cdi_t7g_011f10_unknown.asm
cdi_t7g,cdi_t7g,0x011F32,0x011F32,0x011F60,provisional-entry,unknown,call@0118EE,src/functions/unknown/cdi_t7g_011f32_unknown.asm
cdi_t7g,cdi_t7g,0x011F60,0x011F60,0x011FFA,provisional-entry,unknown,call@00A7FE,src/functions/unknown/cdi_t7g_011f60_unknown.asm
cdi_t7g,cdi_t7g,0x011FFA,0x011FFA,0x012088,provisional-entry,unknown,call@011F74,src/functions/unknown/cdi_t7g_011ffa_unknown.asm
cdi_t7g,cdi_t7g,0x012088,0x012088,0x0120E2,provisional-entry,unknown,call@011F82,src/functions/unknown/cdi_t7g_012088_unknown.asm
cdi_t7g,cdi_t7g,0x0120E2,0x0120E2,0x0120E6,provisional-entry,unknown,call@01209C,src/functions/unknown/cdi_t7g_0120e2_unknown.asm
cdi_t7g,cdi_t7g,0x0120E6,0x0120E6,0x01216E,provisional-entry,unknown,call@011F90,src/functions/unknown/cdi_t7g_0120e6_unknown.asm
cdi_t7g,cdi_t7g,0x01216E,0x01216E,0x0121D8,provisional-entry,unknown,call@011FAC;call@011FBA,src/functions/unknown/cdi_t7g_01216e_unknown.asm
cdi_t7g,cdi_t7g,0x0121D8,0x0121D8,0x0121EA,provisional-entry,unknown,call@012162,src/functions/unknown/cdi_t7g_0121d8_unknown.asm
cdi_t7g,cdi_t7g,0x0121EA,0x0121EA,0x012334,provisional-entry,unknown,call@011F9E;call@0120AC,src/functions/unknown/cdi_t7g_0121ea_unknown.asm
cdi_t7g,cdi_t7g,0x012334,0x012334,0x012394,provisional-entry,unknown,call@011F14;call@011F36;call@012004;call@0120F4;call@012180;call@0121F4,src/functions/unknown/cdi_t7g_012334_unknown.asm
cdi_t7g,cdi_t7g,0x012394,0x012394,0x0124E0,provisional-entry,unknown,call@012344;call@01236C,src/functions/unknown/cdi_t7g_012394_unknown.asm
cdi_t7g,cdi_t7g,0x0124E0,0x0124E0,0x0124EA,provisional-entry,unknown,call@01246E,src/functions/unknown/cdi_t7g_0124e0_unknown.asm
cdi_t7g,cdi_t7g,0x0124EA,0x0124EA,0x0124FE,provisional-entry,unknown,call@012474,src/functions/unknown/cdi_t7g_0124ea_unknown.asm
cdi_t7g,cdi_t7g,0x0124FE,0x0124FE,0x012528,provisional-entry,unknown,call@012488,src/functions/unknown/cdi_t7g_0124fe_unknown.asm
cdi_t7g,cdi_t7g,0x012528,0x012528,0x012550,provisional-entry,unknown,call@0124B6,src/functions/unknown/cdi_t7g_012528_unknown.asm
cdi_t7g,cdi_t7g,0x012550,0x012550,0x01259A,provisional-entry,unknown,call@00ABC2;call@00B2E0;call@00E1F8,src/functions/unknown/cdi_t7g_012550_unknown.asm
cdi_t7g,cdi_t7g,0x01259A,0x01259A,0x012878,provisional-entry,unknown,call@01255C;call@01258C,src/functions/unknown/cdi_t7g_01259a_unknown.asm
cdi_t7g,cdi_t7g,0x012878,0x012878,0x0128D4,provisional-entry,unknown,call@012800,src/functions/unknown/cdi_t7g_012878_unknown.asm
cdi_t7g,cdi_t7g,0x0128D4,0x0128D4,0x012A22,provisional-entry,unknown,call@0128CE;call@012942;call@012964,src/functions/unknown/cdi_t7g_0128d4_unknown.asm
cdi_t7g,cdi_t7g,0x012A22,0x012A22,0x012A3E,provisional-entry,unknown,call@00AA28;call@00EC7A;call@013D6E,src/functions/unknown/cdi_t7g_012a22_unknown.asm
cdi_t7g,cdi_t7g,0x012A3E,0x012A3E,0x012ADA,provisional-entry,unknown,call@013D7C,src/functions/unknown/cdi_t7g_012a3e_unknown.asm
cdi_t7g,cdi_t7g,0x012ADA,0x012ADA,0x012B12,provisional-entry,unknown,call@012A80,src/functions/unknown/cdi_t7g_012ada_unknown.asm
cdi_t7g,cdi_t7g,0x012B12,0x012B12,0x012B9C,provisional-entry,unknown,call@012A64;call@012A72,src/functions/unknown/cdi_t7g_012b12_unknown.asm
cdi_t7g,cdi_t7g,0x012B9C,0x012B9C,0x012BA2,provisional-entry,unknown,call@012A56,src/functions/unknown/cdi_t7g_012b9c_unknown.asm
cdi_t7g,cdi_t7g,0x012BA2,0x012BA2,0x012D0C,provisional-entry,unknown,call@012B32,src/functions/unknown/cdi_t7g_012ba2_unknown.asm
cdi_t7g,cdi_t7g,0x012D0C,0x012D0C,0x012D60,provisional-entry,unknown,call@012CEE,src/functions/unknown/cdi_t7g_012d0c_unknown.asm
cdi_t7g,cdi_t7g,0x012D60,0x012D60,0x012D96,provisional-entry,unknown,call@012CF2,src/functions/unknown/cdi_t7g_012d60_unknown.asm
cdi_t7g,cdi_t7g,0x012D96,0x012D96,0x012DC8,provisional-entry,unknown,call@012B58;call@012BBE;call@012C5A;call@012CB6,src/functions/unknown/cdi_t7g_012d96_unknown.asm
cdi_t7g,cdi_t7g,0x012DC8,0x012DC8,0x012DD6,provisional-entry,unknown,call@012B54;call@012BBA;call@012C56;call@012CB2,src/functions/unknown/cdi_t7g_012dc8_unknown.asm
cdi_t7g,cdi_t7g,0x012DD6,0x012DD6,0x012E32,provisional-entry,unknown,call@012B4C;call@012BB2;call@012C4E;call@012CAA;call@013788;call@0139B2,src/functions/unknown/cdi_t7g_012dd6_unknown.asm
cdi_t7g,cdi_t7g,0x012E32,0x012E32,0x013462,provisional-entry,unknown,call@012DE6;call@012E0E,src/functions/unknown/cdi_t7g_012e32_unknown.asm
cdi_t7g,cdi_t7g,0x013462,0x013462,0x013548,provisional-entry,unknown,call@0133FE,src/functions/unknown/cdi_t7g_013462_unknown.asm
cdi_t7g,cdi_t7g,0x013548,0x013548,0x013762,provisional-entry,unknown,call@0134E4,src/functions/unknown/cdi_t7g_013548_unknown.asm
cdi_t7g,cdi_t7g,0x013762,0x013762,0x013818,provisional-entry,unknown,call@012A96,src/functions/unknown/cdi_t7g_013762_unknown.asm
cdi_t7g,cdi_t7g,0x013818,0x013818,0x0138A2,provisional-entry,unknown,call@013782;call@0139AC,src/functions/unknown/cdi_t7g_013818_unknown.asm
cdi_t7g,cdi_t7g,0x0138A2,0x0138A2,0x01398C,provisional-entry,unknown,call@0137B6,src/functions/unknown/cdi_t7g_0138a2_unknown.asm
cdi_t7g,cdi_t7g,0x01398C,0x01398C,0x013A20,provisional-entry,unknown,call@012A9C,src/functions/unknown/cdi_t7g_01398c_unknown.asm
cdi_t7g,cdi_t7g,0x013A20,0x013A20,0x013C8A,provisional-entry,unknown,call@0139F4,src/functions/unknown/cdi_t7g_013a20_unknown.asm
cdi_t7g,cdi_t7g,0x013C8A,0x013C8A,0x013CB0,provisional-entry,unknown,call@013C14,src/functions/unknown/cdi_t7g_013c8a_unknown.asm
cdi_t7g,cdi_t7g,0x013CB0,0x013CB0,0x013E24,provisional-entry,unknown,call@013C3A,src/functions/unknown/cdi_t7g_013cb0_unknown.asm
cdi_t7g,cdi_t7g,0x013E24,0x013E24,0x013E3E,provisional-entry,unknown,call@00CA22;call@00CAA6;call@00CD24;call@00F492;call@00F742,src/functions/unknown/cdi_t7g_013e24_unknown.asm
cdi_t7g,cdi_t7g,0x013E3E,0x013E3E,0x013E52,provisional-entry,unknown,call@00CA16;call@00CA9A;call@00CD18;call@00F486;call@00F736,src/functions/unknown/cdi_t7g_013e3e_unknown.asm
cdi_t7g,cdi_t7g,0x013E52,0x013E52,0x013ED6,provisional-entry,unknown,call@00CA06;call@00CA8A;call@00CD08;call@00F476;call@00F726,src/functions/unknown/cdi_t7g_013e52_unknown.asm
cdi_t7g,cdi_data,0x000052,0x0140CA,0x00005C,verified-role,return_embedded_data_pointers,header-entry,src/functions/resource_io/return_embedded_data_pointers.asm
cdi_loader,cdi_loader,0x000054,0x000054,0x0001D2,verified-role,select_player_from_csd,header-entry,src/functions/platform/cdi_loader_select_player_from_csd.asm
cdi_loader,cdi_loader,0x0001D2,0x0001D2,0x0001EC,verified-role,write_console_crlf,call@0000CE;call@00023E;call@000242;call@000264;call@00031C;call@000320,src/functions/platform/cdi_loader_write_console_crlf.asm
cdi_loader,cdi_loader,0x0001EC,0x0001EC,0x00021A,verified-role,write_console_c_string,call@0000D6;call@000124;call@00016E;call@0001BC;call@00024A;call@000328,src/functions/platform/cdi_loader_write_console_c_string.asm
cdi_loader,cdi_loader,0x00021A,0x00021A,0x0002B2,verified-role,report_error_and_exit,call@0000EC;call@00026A;call@000340,src/functions/platform/cdi_loader_report_error_and_exit.asm
cdi_loader,cdi_loader,0x0002B2,0x0002B2,0x00034E,verified-role,find_csd_record,call@00005C;call@00006A,src/functions/platform/cdi_loader_find_csd_record.asm
cdi_nodv,cdi_nodv,0x000052,0x000052,0x0001E2,provisional-entry,unknown,header-entry,src/functions/unknown/cdi_nodv_000052_unknown.asm
cdi_nodv,cdi_nodv,0x0001E2,0x0001E2,0x000236,provisional-entry,unknown,call@0001AE;call@0001BE;call@0001D0,src/functions/unknown/cdi_nodv_0001e2_unknown.asm
cdi_nodv,cdi_nodv,0x000236,0x000236,0x000294,provisional-entry,unknown,call@0001AA,src/functions/unknown/cdi_nodv_000236_unknown.asm
cdi_nodv,cdi_nodv,0x000294,0x000294,0x0002BA,provisional-entry,unknown,call@00026A,src/functions/unknown/cdi_nodv_000294_unknown.asm
cdi_nodv,cdi_nodv,0x0002BA,0x0002BA,0x000346,provisional-entry,unknown,call@000052,src/functions/unknown/cdi_nodv_0002ba_unknown.asm
cdi_nodv,cdi_nodv,0x000346,0x000346,0x00A1A6,provisional-entry,unknown,call@0002C0,src/functions/unknown/cdi_nodv_000346_unknown.asm
cdi_nodv,cdi_nodv,0x00A1A6,0x00A1A6,0x00A54C,provisional-entry,unknown,call@00A174,src/functions/unknown/cdi_nodv_00a1a6_unknown.asm
cdi_nodv,cdi_nodv,0x00A54C,0x00A54C,0x00A7DC,provisional-entry,unknown,call@00A51A,src/functions/unknown/cdi_nodv_00a54c_unknown.asm
cdi_nodv,cdi_nodv,0x00A7DC,0x00A7DC,0x00AA58,provisional-entry,unknown,call@00A7AA,src/functions/unknown/cdi_nodv_00a7dc_unknown.asm
cdi_nodv,cdi_nodv,0x00AA58,0x00AA58,0x00AE76,provisional-entry,unknown,call@00AA26,src/functions/unknown/cdi_nodv_00aa58_unknown.asm
cdi_nodv,cdi_nodv,0x00AE76,0x00AE76,0x00AEA6,provisional-entry,unknown,call@00AE9E,src/functions/unknown/cdi_nodv_00ae76_unknown.asm
cdi_nodv,cdi_nodv,0x00AEA6,0x00AEA6,0x00AEFC,provisional-entry,unknown,call@00AEA0,src/functions/unknown/cdi_nodv_00aea6_unknown.asm
cdi_nodv,cdi_nodv,0x00AEFC,0x00AEFC,0x00AF26,provisional-entry,unknown,call@00AEAA;call@00AF0A,src/functions/unknown/cdi_nodv_00aefc_unknown.asm
cdi_nodv,cdi_nodv,0x00AF26,0x00AF26,0x00BADC,provisional-entry,unknown,call@00AE66,src/functions/unknown/cdi_nodv_00af26_unknown.asm
cdi_nodv,cdi_nodv,0x00BADC,0x00BADC,0x00BAFE,provisional-entry,unknown,call@00F7F6,src/functions/unknown/cdi_nodv_00badc_unknown.asm
cdi_nodv,cdi_nodv,0x00BAFE,0x00BAFE,0x00BBAE,provisional-entry,unknown,call@013604,src/functions/unknown/cdi_nodv_00bafe_unknown.asm
cdi_nodv,cdi_nodv,0x00BBAE,0x00BBAE,0x00BBF2,provisional-entry,unknown,call@00BB92,src/functions/unknown/cdi_nodv_00bbae_unknown.asm
cdi_nodv,cdi_nodv,0x00BBF2,0x00BBF2,0x00BBF4,provisional-entry,unknown,call@00B03A;call@00B068;call@00B082;call@00B096;call@00B0A0;call@00B0AA;call@00B0B8;call@00B0C2;call@00B0D4;call@00B0DE;call@00B124;call@00B13C;call@00B14C;call@00B174;call@00B1CA;call@00B1DC;call@00B1E4;call@00B1F8;call@00B208;call@00B218;call@00B228;call@00B240;call@00B248;call@00B25A;call@00B262;call@00B274;call@00B27C;call@00B284;call@00B28C;call@00B2A2;call@00B2D6;call@00B2DE;call@00B2E8;call@00B2F2;call@00B306;call@00B31C;call@00B336;call@00B34C;call@00B358;call@00B38A;call@00B396;call@00B3D8;call@00B3E8;call@00B3F0;call@00B408;call@00B410;call@00B422;call@00B432;call@00B43A;call@00B452;call@00B496;call@00B4A6;call@00B4B6;call@00B4BE;call@00B4C6;call@00B4DA;call@00B4E2;call@00B4EC;call@00B4F6;call@00B500;call@00B516;call@00B51E;call@00B528;call@00B532;call@00B53C;call@00B546;call@00B550;call@00B55A;call@00B572;call@00B57A;call@00B58C;call@00B594;call@00B59C;call@00B5A4;call@00B5AC;call@00B5C4;call@00B5D4;call@00B5E2;call@00B5FC;call@00B608;call@00B610;call@00B624;call@00B630;call@00B642;call@00B64E;call@00B660;call@00B66E;call@00B686;call@00B68C;call@00B692;call@00B698;call@00B69E;call@00B6A4;call@00B6AE;call@00B6BA;call@00B6C8;call@00B6D4;call@00B6F0;call@00B6FC;call@00B70E;call@00B71C;call@00B728;call@00B776;call@00B784;call@00B790;call@00B798;call@00B7A0;call@00B7A8;call@00B7EC;call@00B7FA;call@00B806;call@00B83C;call@00B84A;call@00B856;call@00B888;call@00B894;call@00B89C;call@00B8B0;call@00B8BC;call@00B8CA;call@00B8D6;call@00B8E4;call@00B8EC;call@00B8F4;call@00B908;call@00B918;call@00B924;call@00B92C;call@00B940;call@00B94C;call@00B954;call@00B968;call@00B974;call@00B986;call@00B994;call@00B9AC;call@00B9BA;call@00B9D2;call@00B9E0;call@00B9FE;call@00BA0A;call@00BA1C;call@00BA2A;call@00BA60;call@00BA68;call@00BA7A;call@00BA8A;call@00BA92;call@00BAA4;call@00BFF2;call@00C00A;call@00C014;call@00C01C;call@00C024;call@00C02E;call@00C094;call@00C0B6;call@00C13A;call@00C148;call@00C166;call@00C16E;call@00C18C;call@00C1A8;call@00C1C4;call@00C1E0;call@00C1FC;call@00C218;call@00C23A;call@00C25C;call@00C27E;call@00C29A;call@00C2B6;call@00C2C2;call@00C2CA;call@00C2E6;call@00C302;call@00C31E;call@00C33A;call@00C356;call@00C35E;call@00C366;call@00C36E;call@00C376;call@00C37E;call@00C386;call@00C3CC;call@00C3E0;call@00C3F8;call@00C410;call@00C428;call@00C440;call@00C458;call@00C470;call@00C48A;call@00C4E2;call@00C4EA;call@00C4F2;call@00C4FA;call@00C52E;call@00C540;call@00C570;call@00C58C;call@00C594;call@00C59C;call@00C5E6;call@00C5EE;call@00C5F6;call@00C62E;call@00C642;call@00C656;call@00C68C;call@00C8DE,src/functions/unknown/cdi_nodv_00bbf2_unknown.asm
cdi_nodv,cdi_nodv,0x00BBF4,0x00BBF4,0x00C13A,provisional-entry,unknown,call@00BD8C;call@00BDA2;call@00BDB8;call@00BDCE;call@00BDEE;call@00BE0E;call@00BE2E;call@00BE4E;call@00BE6E;call@00BE8E;call@00BEA4;call@00BEBC;call@00BED2;call@00BEEA;call@00BF02;call@00BF18;call@00BF36;call@00BF48;call@00BF5E;call@00BF7C;call@00BF94,src/functions/unknown/cdi_nodv_00bbf4_unknown.asm
cdi_nodv,cdi_nodv,0x00C13A,0x00C13A,0x00C6D4,provisional-entry,unknown,call@00C0E4;call@00C11A,src/functions/unknown/cdi_nodv_00c13a_unknown.asm
cdi_nodv,cdi_nodv,0x00C6D4,0x00C6D4,0x00C8D0,provisional-entry,unknown,call@00B1F0;call@00F76A;call@00F790,src/functions/unknown/cdi_nodv_00c6d4_unknown.asm
cdi_nodv,cdi_nodv,0x00C8D0,0x00C8D0,0x00C8F0,provisional-entry,unknown,call@00B0FA;call@00B108;call@00BFB8;call@00BFC6,src/functions/unknown/cdi_nodv_00c8d0_unknown.asm
cdi_nodv,cdi_nodv,0x00C8F0,0x00C8F0,0x00C946,provisional-entry,unknown,call@00B0F6;call@00BFB4,src/functions/unknown/cdi_nodv_00c8f0_unknown.asm
cdi_nodv,cdi_nodv,0x00C946,0x00C946,0x00C996,provisional-entry,unknown,call@00B104;call@00BFC2,src/functions/unknown/cdi_nodv_00c946_unknown.asm
cdi_nodv,cdi_nodv,0x00C996,0x00C996,0x00C9B6,provisional-entry,unknown,call@00C17A,src/functions/unknown/cdi_nodv_00c996_unknown.asm
cdi_nodv,cdi_nodv,0x00C9B6,0x00C9B6,0x00C9F8,provisional-entry,unknown,call@0135EC,src/functions/unknown/cdi_nodv_00c9b6_unknown.asm
cdi_nodv,cdi_nodv,0x00C9F8,0x00C9F8,0x00CA14,provisional-entry,unknown,call@013694,src/functions/unknown/cdi_nodv_00c9f8_unknown.asm
cdi_nodv,cdi_nodv,0x00CA14,0x00CA14,0x00CA3A,provisional-entry,unknown,call@00BBA4,src/functions/unknown/cdi_nodv_00ca14_unknown.asm
cdi_nodv,cdi_nodv,0x00CA3A,0x00CA3A,0x00CA4E,provisional-entry,unknown,call@00D1F0,src/functions/unknown/cdi_nodv_00ca3a_unknown.asm
cdi_nodv,cdi_nodv,0x00CA4E,0x00CA4E,0x00CA7E,provisional-entry,unknown,call@00C9D8,src/functions/unknown/cdi_nodv_00ca4e_unknown.asm
cdi_nodv,cdi_nodv,0x00CA7E,0x00CA7E,0x00CAD4,provisional-entry,unknown,call@00BB02;call@00C8F2;call@00C950,src/functions/unknown/cdi_nodv_00ca7e_unknown.asm
cdi_nodv,cdi_nodv,0x00CAD4,0x00CAD4,0x00CB1E,provisional-entry,unknown,call@00D312;call@00DC00;call@00DC24;call@00E408;call@00E4D2;call@00EE80;call@00EEA4;call@00F162;call@00F532;call@0112E6;call@011348,src/functions/unknown/cdi_nodv_00cad4_unknown.asm
cdi_nodv,cdi_nodv,0x00CB1E,0x00CB1E,0x00CB6A,provisional-entry,unknown,call@00B08C;call@00BAD0;call@00C77E;call@00C7A8;call@00C7BE;call@00C7E2;call@00C7F8;call@00C860;call@00C89E;call@00CC16;call@00CCBE;call@00CF62;call@00CF80;call@00D23C;call@00D5FA;call@00DB46;call@00DC52;call@00E440;call@00EDFE;call@00EE16;call@00EE58;call@00EF00;call@00F18A;call@00F21E;call@00F50E;call@00F6BC;call@01007E;call@010AEC;call@010B32;call@010BB4;call@010E74;call@010E9A;call@010EEE;call@0114B0;call@0114D0;call@011550;call@0116DE;call@011AB8,src/functions/unknown/cdi_nodv_00cb1e_unknown.asm
cdi_nodv,cdi_nodv,0x00CB6A,0x00CB6A,0x00CBB6,provisional-entry,unknown,call@00CA6E,src/functions/unknown/cdi_nodv_00cb6a_unknown.asm
cdi_nodv,cdi_nodv,0x00CBB6,0x00CBB6,0x00CBD0,provisional-entry,unknown,call@00B2BE;call@00BAAE;call@00BAD6;call@00C784;call@00C7C4;call@00C7FE;call@00C808;call@00C8A4;call@00C8AC;call@00CA78;call@00CC1C;call@00CF86;call@00CFBA;call@00CFBE;call@00CFCC;call@00D200;call@00D204;call@00D252;call@00D256;call@00D318;call@00D31C;call@00D600;call@00DA6E;call@00DAAA;call@00DB4C;call@00DC06;call@00DC2A;call@00DC58;call@00DC5C;call@00E40E;call@00E446;call@00E4B6;call@00E4D8;call@00E4E0;call@00EE1C;call@00EE22;call@00EE5E;call@00EE86;call@00EEAA;call@00EEAE;call@00EF06;call@00F514;call@00F538;call@00F53C;call@00F6C2;call@010084;call@010AA8;call@010AAC;call@010AF2;call@010AFC;call@010B00;call@010B0E;call@010B12;call@010B5A;call@010B68;call@010B6C;call@010BDC;call@010E7A;call@010EA0;call@010ECC;call@010EF4;call@010EF8;call@01115E;call@01117C;call@011180;call@0112C6;call@0112FE;call@01130C;call@011360;call@011556;call@0116E4;call@011872;call@011ABE,src/functions/unknown/cdi_nodv_00cbb6_unknown.asm
cdi_nodv,cdi_nodv,0x00CBD0,0x00CBD0,0x00CBFE,provisional-entry,unknown,call@00B076;call@00B2B6;call@00BAB8;call@00C744;call@00C76C;call@00C78E;call@00C7B4;call@00C7D8;call@00C7EE;call@00C810;call@00C836;call@00C854;call@00C86C;call@00C892;call@00CA3E;call@00CA64;call@00CB08;call@00CB52;call@00CBA0;call@00CC02;call@00CC0C;call@00CC74;call@00CCAA;call@00CCCE;call@00CF38;call@00CF6E;call@00D20E;call@00D246;call@00D2E8;call@00D2FE;call@00D5D4;call@00DA76;call@00DAA6;call@00DB26;call@00DBD2;call@00DBE8;call@00DC10;call@00DC38;call@00E3EE;call@00E41A;call@00E436;call@00E48C;call@00E4C8;call@00EDDE;call@00EE0A;call@00EE2A;call@00EE40;call@00EE68;call@00EE90;call@00EEE8;call@00F140;call@00F178;call@00F20A;call@00F2AA;call@00F4E2;call@00F4F8;call@00F51E;call@00F6A4;call@010068;call@010AB4;call@010ADE;call@010B24;call@010B3E;call@010B8A;call@010BA6;call@010BC0;call@010E44;call@010E5E;call@010E84;call@010EAE;call@010ED6;call@011128;call@011166;call@0111C2;call@0111FE;call@011214;call@011220;call@011228;call@0112DC;call@0112F0;call@011326;call@01133E;call@011352;call@011498;call@0114BC;call@011536;call@011584;call@0115A0;call@0115E8;call@011606;call@0116C4;call@011840;call@0118FA;call@0119FA;call@011A28;call@011A94;call@011C52;call@011D50;call@011E06;call@01252E;call@01327C;call@013298;call@01332E;call@01338E;call@0133AA;call@013472;call@0135AA;call@01367A;call@01387E;call@014B04,src/functions/unknown/cdi_nodv_00cbd0_unknown.asm
cdi_nodv,cdi_nodv,0x00CBFE,0x00CBFE,0x00CD50,provisional-entry,unknown,call@00C4B0;call@00C6B4;call@00C8B4;call@00C9CC;call@00CAB4;call@00CC3A;call@00CDD6;call@00CE10;call@00CE4A;call@00CE7C;call@00CEB8;call@00CFD4;call@00D006;call@00D0BA;call@00D288;call@00D2C2;call@00D346;call@00D410;call@00D606;call@00D76C;call@00D792;call@00D8BA;call@00D8EA;call@00D93E;call@00DA06;call@00DAB2;call@00DBBC;call@00DFB4;call@00E010;call@00E08C;call@00E130;call@00E16A;call@00E344;call@00E464;call@00E842;call@00E99C;call@00EFFC;call@00F16C;call@00F192;call@00F1BE;call@00F228;call@00F654;call@00F6CA;call@00F73C;call@00F8BC;call@00F9B8;call@00FB52;call@00FBAA;call@00FBD6;call@00FD66;call@00FE6C;call@00FF04;call@010006;call@01008A;call@0102CC;call@01032A;call@010384;call@0105DA;call@010A7E;call@010F3A;call@011100;call@0111CA;call@0114DA;call@011506;call@01155E;call@0116EC;call@011800;call@01187A;call@011AC6;call@011B12;call@011B7A;call@011B92;call@011C1E;call@011CDA;call@011FEA;call@012122;call@01215A;call@0126AA;call@012E52;call@012EDC;call@012F36;call@012FC0;call@01303E;call@013188;call@0132E8;call@01347A;call@013704;call@01383C;call@013932;call@01396A;call@0139A2;call@014640;call@01487E;call@014A88;call@014AAE;call@014ADC;call@014B20,src/functions/unknown/cdi_nodv_00cbfe_unknown.asm
cdi_nodv,cdi_nodv,0x00CD50,0x00CD50,0x00CE52,provisional-entry,unknown,call@00CCDC,src/functions/unknown/cdi_nodv_00cd50_unknown.asm
cdi_nodv,cdi_nodv,0x00CE52,0x00CE52,0x00CE70,provisional-entry,unknown,call@00CDE4,src/functions/unknown/cdi_nodv_00ce52_unknown.asm
cdi_nodv,cdi_nodv,0x00CE70,0x00CE70,0x00CE8C,provisional-entry,unknown,call@00CE00,src/functions/unknown/cdi_nodv_00ce70_unknown.asm
cdi_nodv,cdi_nodv,0x00CE8C,0x00CE8C,0x00CEAA,provisional-entry,unknown,call@00CE1E,src/functions/unknown/cdi_nodv_00ce8c_unknown.asm
cdi_nodv,cdi_nodv,0x00CEAA,0x00CEAA,0x00CEC6,provisional-entry,unknown,call@00CE3A;call@00F034;call@00F96E;call@0117C8;call@011BDC;call@01241E;call@0132D8;call@01336A;call@013514;call@013528;call@01356A;call@01357E;call@013614;call@013804;call@014C3A,src/functions/unknown/cdi_nodv_00ceaa_unknown.asm
cdi_nodv,cdi_nodv,0x00CEC6,0x00CEC6,0x00CEF8,provisional-entry,unknown,call@00CE58,src/functions/unknown/cdi_nodv_00cec6_unknown.asm
cdi_nodv,cdi_nodv,0x00CEF8,0x00CEF8,0x00CF3C,provisional-entry,unknown,call@00CE8A,src/functions/unknown/cdi_nodv_00cef8_unknown.asm
cdi_nodv,cdi_nodv,0x00CF3C,0x00CF3C,0x00CFBE,provisional-entry,unknown,call@00CEC6,src/functions/unknown/cdi_nodv_00cf3c_unknown.asm
cdi_nodv,cdi_nodv,0x00CFBE,0x00CFBE,0x00CFF8,provisional-entry,unknown,call@00CF48,src/functions/unknown/cdi_nodv_00cfbe_unknown.asm
cdi_nodv,cdi_nodv,0x00CFF8,0x00CFF8,0x00D058,provisional-entry,unknown,call@00F0B2;call@00F7DE;call@00F880;call@011C6E;call@012664;call@01334A;call@0135CA;call@0135D8;call@01389C;call@014A7A;call@014C9E,src/functions/unknown/cdi_nodv_00cff8_unknown.asm
cdi_nodv,cdi_nodv,0x00D058,0x00D058,0x00D084,provisional-entry,unknown,call@00CFE2,src/functions/unknown/cdi_nodv_00d058_unknown.asm
cdi_nodv,cdi_nodv,0x00D084,0x00D084,0x00D08C,provisional-entry,unknown,call@00D95E;call@00EF24;call@00F548;call@00F556,src/functions/unknown/cdi_nodv_00d084_unknown.asm
cdi_nodv,cdi_nodv,0x00D08C,0x00D08C,0x00D1AA,provisional-entry,unknown,call@00D016,src/functions/unknown/cdi_nodv_00d08c_unknown.asm
cdi_nodv,cdi_nodv,0x00D1AA,0x00D1AA,0x00D1CA,provisional-entry,unknown,call@00D06E,src/functions/unknown/cdi_nodv_00d1aa_unknown.asm
cdi_nodv,cdi_nodv,0x00D1CA,0x00D1CA,0x00D25C,provisional-entry,unknown,call@00D072,src/functions/unknown/cdi_nodv_00d1ca_unknown.asm
cdi_nodv,cdi_nodv,0x00D25C,0x00D25C,0x00D296,provisional-entry,unknown,call@00D6E4;call@00D7CC;call@00D7EA;call@00D806,src/functions/unknown/cdi_nodv_00d25c_unknown.asm
cdi_nodv,cdi_nodv,0x00D296,0x00D296,0x00D2D0,provisional-entry,unknown,call@00D710;call@00DEF6;call@00E1D2,src/functions/unknown/cdi_nodv_00d296_unknown.asm
cdi_nodv,cdi_nodv,0x00D2D0,0x00D2D0,0x00D2DA,provisional-entry,unknown,call@00D4FC,src/functions/unknown/cdi_nodv_00d2d0_unknown.asm
cdi_nodv,cdi_nodv,0x00D2DA,0x00D2DA,0x00D2E4,provisional-entry,unknown,call@00D706;call@00DEEE,src/functions/unknown/cdi_nodv_00d2da_unknown.asm
cdi_nodv,cdi_nodv,0x00D2E4,0x00D2E4,0x00D322,provisional-entry,unknown,call@00D1E8,src/functions/unknown/cdi_nodv_00d2e4_unknown.asm
cdi_nodv,cdi_nodv,0x00D322,0x00D322,0x00D358,provisional-entry,unknown,call@00B3C8,src/functions/unknown/cdi_nodv_00d322_unknown.asm
cdi_nodv,cdi_nodv,0x00D358,0x00D358,0x00D4A2,provisional-entry,unknown,call@00B3D0,src/functions/unknown/cdi_nodv_00d358_unknown.asm
cdi_nodv,cdi_nodv,0x00D4A2,0x00D4A2,0x00D656,provisional-entry,unknown,call@00B3AA;call@00B3C0,src/functions/unknown/cdi_nodv_00d4a2_unknown.asm
cdi_nodv,cdi_nodv,0x00D656,0x00D656,0x00D6EE,provisional-entry,unknown,call@00D4EE,src/functions/unknown/cdi_nodv_00d656_unknown.asm
cdi_nodv,cdi_nodv,0x00D6EE,0x00D6EE,0x00D7C8,provisional-entry,unknown,call@00D4F2,src/functions/unknown/cdi_nodv_00d6ee_unknown.asm
cdi_nodv,cdi_nodv,0x00D7C8,0x00D7C8,0x00D81A,provisional-entry,unknown,call@00D7A6,src/functions/unknown/cdi_nodv_00d7c8_unknown.asm
cdi_nodv,cdi_nodv,0x00D81A,0x00D81A,0x00D858,provisional-entry,unknown,call@00D7A4,src/functions/unknown/cdi_nodv_00d81a_unknown.asm
cdi_nodv,cdi_nodv,0x00D858,0x00D858,0x00D86A,provisional-entry,unknown,call@00D43C;call@00D80E;call@00D834,src/functions/unknown/cdi_nodv_00d858_unknown.asm
cdi_nodv,cdi_nodv,0x00D86A,0x00D86A,0x00D87E,provisional-entry,unknown,call@00D812;call@00D838;call@00D852,src/functions/unknown/cdi_nodv_00d86a_unknown.asm
cdi_nodv,cdi_nodv,0x00D87E,0x00D87E,0x00D902,provisional-entry,unknown,call@00D39E,src/functions/unknown/cdi_nodv_00d87e_unknown.asm
cdi_nodv,cdi_nodv,0x00D902,0x00D902,0x00D98A,provisional-entry,unknown,call@00D8CC,src/functions/unknown/cdi_nodv_00d902_unknown.asm
cdi_nodv,cdi_nodv,0x00D98A,0x00D98A,0x00DA1A,provisional-entry,unknown,call@00D954,src/functions/unknown/cdi_nodv_00d98a_unknown.asm
cdi_nodv,cdi_nodv,0x00DA1A,0x00DA1A,0x00DAD2,provisional-entry,unknown,call@00B36C;call@00B382,src/functions/unknown/cdi_nodv_00da1a_unknown.asm
cdi_nodv,cdi_nodv,0x00DAD2,0x00DAD2,0x00DAF0,provisional-entry,unknown,call@00DA50,src/functions/unknown/cdi_nodv_00dad2_unknown.asm
cdi_nodv,cdi_nodv,0x00DAF0,0x00DAF0,0x00DB2A,provisional-entry,unknown,call@00DA7E,src/functions/unknown/cdi_nodv_00daf0_unknown.asm
cdi_nodv,cdi_nodv,0x00DB2A,0x00DB2A,0x00DB80,provisional-entry,unknown,call@00DAB8,src/functions/unknown/cdi_nodv_00db2a_unknown.asm
cdi_nodv,cdi_nodv,0x00DB80,0x00DB80,0x00DBCE,provisional-entry,unknown,call@00D950,src/functions/unknown/cdi_nodv_00db80_unknown.asm
cdi_nodv,cdi_nodv,0x00DBCE,0x00DBCE,0x00DC4C,provisional-entry,unknown,call@00D1EC,src/functions/unknown/cdi_nodv_00dbce_unknown.asm
cdi_nodv,cdi_nodv,0x00DC4C,0x00DC4C,0x00DC62,provisional-entry,unknown,call@00DBDC,src/functions/unknown/cdi_nodv_00dc4c_unknown.asm
cdi_nodv,cdi_nodv,0x00DC62,0x00DC62,0x00DCA2,provisional-entry,unknown,call@00F5AA,src/functions/unknown/cdi_nodv_00dc62_unknown.asm
cdi_nodv,cdi_nodv,0x00DCA2,0x00DCA2,0x00DCBE,provisional-entry,unknown,call@00D4A6,src/functions/unknown/cdi_nodv_00dca2_unknown.asm
cdi_nodv,cdi_nodv,0x00DCBE,0x00DCBE,0x00DD38,provisional-entry,unknown,call@00DC48,src/functions/unknown/cdi_nodv_00dcbe_unknown.asm
cdi_nodv,cdi_nodv,0x00DD38,0x00DD38,0x00DD6A,provisional-entry,unknown,call@00DE70;call@00DE98,src/functions/unknown/cdi_nodv_00dd38_unknown.asm
cdi_nodv,cdi_nodv,0x00DD6A,0x00DD6A,0x00DE42,provisional-entry,unknown,call@00DCCC,src/functions/unknown/cdi_nodv_00dd6a_unknown.asm
cdi_nodv,cdi_nodv,0x00DE42,0x00DE42,0x00DE86,provisional-entry,unknown,call@00BA82,src/functions/unknown/cdi_nodv_00de42_unknown.asm
cdi_nodv,cdi_nodv,0x00DE86,0x00DE86,0x00DEA4,provisional-entry,unknown,call@00BA9C;call@00DA5C;call@00DB72,src/functions/unknown/cdi_nodv_00de86_unknown.asm
cdi_nodv,cdi_nodv,0x00DEA4,0x00DEA4,0x00DFC4,provisional-entry,unknown,call@00BA50,src/functions/unknown/cdi_nodv_00dea4_unknown.asm
cdi_nodv,cdi_nodv,0x00DFC4,0x00DFC4,0x00E0A8,provisional-entry,unknown,call@00DC98,src/functions/unknown/cdi_nodv_00dfc4_unknown.asm
cdi_nodv,cdi_nodv,0x00E0A8,0x00E0A8,0x00E106,provisional-entry,unknown,call@00E050;call@00E05A;call@00E082;call@00E1E8,src/functions/unknown/cdi_nodv_00e0a8_unknown.asm
cdi_nodv,cdi_nodv,0x00E106,0x00E106,0x00E184,provisional-entry,unknown,call@00E0A0,src/functions/unknown/cdi_nodv_00e106_unknown.asm
cdi_nodv,cdi_nodv,0x00E184,0x00E184,0x00E1A6,provisional-entry,unknown,call@00DCB0;call@00E034;call@00E0EA,src/functions/unknown/cdi_nodv_00e184_unknown.asm
cdi_nodv,cdi_nodv,0x00E1A6,0x00E1A6,0x00E1C0,provisional-entry,unknown,call@00DE50,src/functions/unknown/cdi_nodv_00e1a6_unknown.asm
cdi_nodv,cdi_nodv,0x00E1C0,0x00E1C0,0x00E1E2,provisional-entry,unknown,call@00BA58;call@00D6FA;call@00DDD8;call@00DE62;call@00E06C,src/functions/unknown/cdi_nodv_00e1c0_unknown.asm
cdi_nodv,cdi_nodv,0x00E1E2,0x00E1E2,0x00E1F2,provisional-entry,unknown,call@00E17C,src/functions/unknown/cdi_nodv_00e1e2_unknown.asm
cdi_nodv,cdi_nodv,0x00E1F2,0x00E1F2,0x00E222,provisional-entry,unknown,call@00BA72,src/functions/unknown/cdi_nodv_00e1f2_unknown.asm
cdi_nodv,cdi_nodv,0x00E222,0x00E222,0x00E300,provisional-entry,unknown,call@00FCE2,src/functions/unknown/cdi_nodv_00e222_unknown.asm
cdi_nodv,cdi_nodv,0x00E300,0x00E300,0x00E364,provisional-entry,unknown,call@00B400,src/functions/unknown/cdi_nodv_00e300_unknown.asm
cdi_nodv,cdi_nodv,0x00E364,0x00E364,0x00E392,provisional-entry,unknown,call@00E330;call@00E372;call@00E3D8,src/functions/unknown/cdi_nodv_00e364_unknown.asm
cdi_nodv,cdi_nodv,0x00E392,0x00E392,0x00E3B2,provisional-entry,unknown,call@00B44A,src/functions/unknown/cdi_nodv_00e392_unknown.asm
cdi_nodv,cdi_nodv,0x00E3B2,0x00E3B2,0x00E486,provisional-entry,unknown,call@00E34C,src/functions/unknown/cdi_nodv_00e3b2_unknown.asm
cdi_nodv,cdi_nodv,0x00E486,0x00E486,0x00E4E6,provisional-entry,unknown,call@00E412;call@00E452,src/functions/unknown/cdi_nodv_00e486_unknown.asm
cdi_nodv,cdi_nodv,0x00E4E6,0x00E4E6,0x00E522,provisional-entry,unknown,call@00B42A,src/functions/unknown/cdi_nodv_00e4e6_unknown.asm
cdi_nodv,cdi_nodv,0x00E522,0x00E522,0x00E548,provisional-entry,unknown,call@00B3E0,src/functions/unknown/cdi_nodv_00e522_unknown.asm
cdi_nodv,cdi_nodv,0x00E548,0x00E548,0x00E568,provisional-entry,unknown,call@00B49E,src/functions/unknown/cdi_nodv_00e548_unknown.asm
cdi_nodv,cdi_nodv,0x00E568,0x00E568,0x00E5A0,provisional-entry,unknown,call@00E532;call@00E558,src/functions/unknown/cdi_nodv_00e568_unknown.asm
cdi_nodv,cdi_nodv,0x00E5A0,0x00E5A0,0x00E5D2,provisional-entry,unknown,call@00B4AE,src/functions/unknown/cdi_nodv_00e5a0_unknown.asm
cdi_nodv,cdi_nodv,0x00E5D2,0x00E5D2,0x00E616,provisional-entry,unknown,call@00B56A,src/functions/unknown/cdi_nodv_00e5d2_unknown.asm
cdi_nodv,cdi_nodv,0x00E616,0x00E616,0x00E64C,provisional-entry,unknown,call@00B50E,src/functions/unknown/cdi_nodv_00e616_unknown.asm
cdi_nodv,cdi_nodv,0x00E64C,0x00E64C,0x00E688,provisional-entry,unknown,call@00B4D2,src/functions/unknown/cdi_nodv_00e64c_unknown.asm
cdi_nodv,cdi_nodv,0x00E688,0x00E688,0x00E6A6,provisional-entry,unknown,call@00B41A;call@00B584,src/functions/unknown/cdi_nodv_00e688_unknown.asm
cdi_nodv,cdi_nodv,0x00E6A6,0x00E6A6,0x00E70C,provisional-entry,unknown,call@00B5BC,src/functions/unknown/cdi_nodv_00e6a6_unknown.asm
cdi_nodv,cdi_nodv,0x00E70C,0x00E70C,0x00E856,provisional-entry,unknown,call@00B45A,src/functions/unknown/cdi_nodv_00e70c_unknown.asm
cdi_nodv,cdi_nodv,0x00E856,0x00E856,0x00E8B0,provisional-entry,unknown,call@00B462,src/functions/unknown/cdi_nodv_00e856_unknown.asm
cdi_nodv,cdi_nodv,0x00E8B0,0x00E8B0,0x00E8C0,provisional-entry,unknown,call@00E30C;call@00E39A;call@00E44E;call@00E4EE;call@00E52A;call@00E550;call@00E5A8;call@00E5DA;call@00E61E;call@00E654;call@00E690;call@00E6AE;call@00E714;call@0145EE;call@014670;call@0146DA;call@014818,src/functions/unknown/cdi_nodv_00e8b0_unknown.asm
cdi_nodv,cdi_nodv,0x00E8C0,0x00E8C0,0x00E8D0,provisional-entry,unknown,call@00E4F2,src/functions/unknown/cdi_nodv_00e8c0_unknown.asm
cdi_nodv,cdi_nodv,0x00E8D0,0x00E8D0,0x00E908,provisional-entry,unknown,call@00E8C6,src/functions/unknown/cdi_nodv_00e8d0_unknown.asm
cdi_nodv,cdi_nodv,0x00E908,0x00E908,0x00E948,provisional-entry,unknown,call@00E8CA,src/functions/unknown/cdi_nodv_00e908_unknown.asm
cdi_nodv,cdi_nodv,0x00E948,0x00E948,0x00E952,provisional-entry,unknown,call@00E508,src/functions/unknown/cdi_nodv_00e948_unknown.asm
cdi_nodv,cdi_nodv,0x00E952,0x00E952,0x00EBA6,provisional-entry,unknown,call@00E9C2;call@00E9CC,src/functions/unknown/cdi_nodv_00e952_unknown.asm
cdi_nodv,cdi_nodv,0x00EBA6,0x00EBA6,0x00EC4E,provisional-entry,unknown,call@00E9EE;call@00EA10;call@00EA32;call@00EA44,src/functions/unknown/cdi_nodv_00eba6_unknown.asm
cdi_nodv,cdi_nodv,0x00EC4E,0x00EC4E,0x00ED32,provisional-entry,unknown,call@00EA4A;call@00EABA;call@00EBA6,src/functions/unknown/cdi_nodv_00ec4e_unknown.asm
cdi_nodv,cdi_nodv,0x00ED32,0x00ED32,0x00ED9A,provisional-entry,unknown,call@00E38C,src/functions/unknown/cdi_nodv_00ed32_unknown.asm
cdi_nodv,cdi_nodv,0x00ED9A,0x00ED9A,0x00EDBA,provisional-entry,unknown,call@00E25C;call@00E2C2;call@00E594,src/functions/unknown/cdi_nodv_00ed9a_unknown.asm
cdi_nodv,cdi_nodv,0x00EDBA,0x00EDBA,0x00EE22,provisional-entry,unknown,call@00E82E,src/functions/unknown/cdi_nodv_00edba_unknown.asm
cdi_nodv,cdi_nodv,0x00EE22,0x00EE22,0x00EEB4,provisional-entry,unknown,call@00D1E0,src/functions/unknown/cdi_nodv_00ee22_unknown.asm
cdi_nodv,cdi_nodv,0x00EEB4,0x00EEB4,0x00EEC2,provisional-entry,unknown,call@00DC8C;call@00F0A2;call@00F580;call@00F61A,src/functions/unknown/cdi_nodv_00eeb4_unknown.asm
cdi_nodv,cdi_nodv,0x00EEC2,0x00EEC2,0x00F024,provisional-entry,unknown,call@00EE4C,src/functions/unknown/cdi_nodv_00eec2_unknown.asm
cdi_nodv,cdi_nodv,0x00F024,0x00F024,0x00F0C2,provisional-entry,unknown,call@00EFEE,src/functions/unknown/cdi_nodv_00f024_unknown.asm
cdi_nodv,cdi_nodv,0x00F0C2,0x00F0C2,0x00F1DE,provisional-entry,unknown,call@00D49C;call@00DD32;call@00DF98;call@00EFD8;call@00F09A;call@00F638,src/functions/unknown/cdi_nodv_00f0c2_unknown.asm
cdi_nodv,cdi_nodv,0x00F1DE,0x00F1DE,0x00F278,provisional-entry,unknown,call@00DC84;call@00E0B6;call@00F578,src/functions/unknown/cdi_nodv_00f1de_unknown.asm
cdi_nodv,cdi_nodv,0x00F278,0x00F278,0x00F294,provisional-entry,unknown,call@00F214,src/functions/unknown/cdi_nodv_00f278_unknown.asm
cdi_nodv,cdi_nodv,0x00F294,0x00F294,0x00F29A,provisional-entry,unknown,call@00F230,src/functions/unknown/cdi_nodv_00f294_unknown.asm
cdi_nodv,cdi_nodv,0x00F29A,0x00F29A,0x00F2A6,provisional-entry,unknown,call@00F264,src/functions/unknown/cdi_nodv_00f29a_unknown.asm
cdi_nodv,cdi_nodv,0x00F2A6,0x00F2A6,0x00F2C2,provisional-entry,unknown,call@00F26E,src/functions/unknown/cdi_nodv_00f2a6_unknown.asm
cdi_nodv,cdi_nodv,0x00F2C2,0x00F2C2,0x00F2E2,provisional-entry,unknown,call@00F278,src/functions/unknown/cdi_nodv_00f2c2_unknown.asm
cdi_nodv,cdi_nodv,0x00F2E2,0x00F2E2,0x00F30C,provisional-entry,unknown,call@00F282,src/functions/unknown/cdi_nodv_00f2e2_unknown.asm
cdi_nodv,cdi_nodv,0x00F30C,0x00F30C,0x00F35C,provisional-entry,unknown,call@00F28C,src/functions/unknown/cdi_nodv_00f30c_unknown.asm
cdi_nodv,cdi_nodv,0x00F35C,0x00F35C,0x00F3CA,provisional-entry,unknown,call@00EFB4;call@00F060;call@00F97C;call@0124F2;call@012502;call@012514;call@012524;call@013324;call@013384;call@01353E;call@013594;call@01364A;call@013874;call@014C6C,src/functions/unknown/cdi_nodv_00f35c_unknown.asm
cdi_nodv,cdi_nodv,0x00F3CA,0x00F3CA,0x00F418,provisional-entry,unknown,call@013670,src/functions/unknown/cdi_nodv_00f3ca_unknown.asm
cdi_nodv,cdi_nodv,0x00F418,0x00F418,0x00F480,provisional-entry,unknown,call@00EFA2;call@00F050;call@01363A;call@014C5A,src/functions/unknown/cdi_nodv_00f418_unknown.asm
cdi_nodv,cdi_nodv,0x00F480,0x00F480,0x00F4B8,provisional-entry,unknown,call@013660,src/functions/unknown/cdi_nodv_00f480_unknown.asm
cdi_nodv,cdi_nodv,0x00F4B8,0x00F4B8,0x00F4DE,provisional-entry,unknown,call@00F06A;call@01354A;call@0135A0;call@014C76,src/functions/unknown/cdi_nodv_00f4b8_unknown.asm
cdi_nodv,cdi_nodv,0x00F4DE,0x00F4DE,0x00F560,provisional-entry,unknown,call@00D1E4,src/functions/unknown/cdi_nodv_00f4de_unknown.asm
cdi_nodv,cdi_nodv,0x00F560,0x00F560,0x00F566,provisional-entry,unknown,call@00F4E8,src/functions/unknown/cdi_nodv_00f560_unknown.asm
cdi_nodv,cdi_nodv,0x00F566,0x00F566,0x00F576,provisional-entry,unknown,call@00D388,src/functions/unknown/cdi_nodv_00f566_unknown.asm
cdi_nodv,cdi_nodv,0x00F576,0x00F576,0x00F57A,provisional-entry,unknown,call@00F4FE,src/functions/unknown/cdi_nodv_00f576_unknown.asm
cdi_nodv,cdi_nodv,0x00F57A,0x00F57A,0x00F598,provisional-entry,unknown,call@00F504,src/functions/unknown/cdi_nodv_00f57a_unknown.asm
cdi_nodv,cdi_nodv,0x00F598,0x00F598,0x00F5A0,provisional-entry,unknown,call@00C102;call@00C126,src/functions/unknown/cdi_nodv_00f598_unknown.asm
cdi_nodv,cdi_nodv,0x00F5A0,0x00F5A0,0x00F6D0,provisional-entry,unknown,call@00F528,src/functions/unknown/cdi_nodv_00f5a0_unknown.asm
cdi_nodv,cdi_nodv,0x00F6D0,0x00F6D0,0x00F6EA,provisional-entry,unknown,call@00F658,src/functions/unknown/cdi_nodv_00f6d0_unknown.asm
cdi_nodv,cdi_nodv,0x00F6EA,0x00F6EA,0x00F722,provisional-entry,unknown,call@00F59C,src/functions/unknown/cdi_nodv_00f6ea_unknown.asm
cdi_nodv,cdi_nodv,0x00F722,0x00F722,0x00F726,provisional-entry,unknown,call@00F6AA,src/functions/unknown/cdi_nodv_00f722_unknown.asm
cdi_nodv,cdi_nodv,0x00F726,0x00F726,0x00F746,provisional-entry,unknown,call@00F6B0,src/functions/unknown/cdi_nodv_00f726_unknown.asm
cdi_nodv,cdi_nodv,0x00F746,0x00F746,0x00F74E,provisional-entry,unknown,call@00F6CE,src/functions/unknown/cdi_nodv_00f746_unknown.asm
cdi_nodv,cdi_nodv,0x00F74E,0x00F74E,0x00F75A,provisional-entry,unknown,call@00F6E0,src/functions/unknown/cdi_nodv_00f74e_unknown.asm
cdi_nodv,cdi_nodv,0x00F75A,0x00F75A,0x00F79C,provisional-entry,unknown,call@00F732,src/functions/unknown/cdi_nodv_00f75a_unknown.asm
cdi_nodv,cdi_nodv,0x00F79C,0x00F79C,0x00F7B8,provisional-entry,unknown,call@00F6F8;call@00F72C,src/functions/unknown/cdi_nodv_00f79c_unknown.asm
cdi_nodv,cdi_nodv,0x00F7B8,0x00F7B8,0x00F7CC,provisional-entry,unknown,call@00F740,src/functions/unknown/cdi_nodv_00f7b8_unknown.asm
cdi_nodv,cdi_nodv,0x00F7CC,0x00F7CC,0x00F7EE,provisional-entry,unknown,call@00F756,src/functions/unknown/cdi_nodv_00f7cc_unknown.asm
cdi_nodv,cdi_nodv,0x00F7EE,0x00F7EE,0x00F7FC,provisional-entry,unknown,call@00F71A,src/functions/unknown/cdi_nodv_00f7ee_unknown.asm
cdi_nodv,cdi_nodv,0x00F7FC,0x00F7FC,0x00F9EA,provisional-entry,unknown,call@00F716,src/functions/unknown/cdi_nodv_00f7fc_unknown.asm
cdi_nodv,cdi_nodv,0x00F9EA,0x00F9EA,0x00FA3C,provisional-entry,unknown,call@00F9C8,src/functions/unknown/cdi_nodv_00f9ea_unknown.asm
cdi_nodv,cdi_nodv,0x00FA3C,0x00FA3C,0x00FB2C,provisional-entry,unknown,call@00F9C6,src/functions/unknown/cdi_nodv_00fa3c_unknown.asm
cdi_nodv,cdi_nodv,0x00FB2C,0x00FB2C,0x00FB88,provisional-entry,unknown,call@00B5CC,src/functions/unknown/cdi_nodv_00fb2c_unknown.asm
cdi_nodv,cdi_nodv,0x00FB88,0x00FB88,0x00FCE8,provisional-entry,unknown,call@00E8A6,src/functions/unknown/cdi_nodv_00fb88_unknown.asm
cdi_nodv,cdi_nodv,0x00FCE8,0x00FCE8,0x00FD7A,provisional-entry,unknown,call@00FC12,src/functions/unknown/cdi_nodv_00fce8_unknown.asm
cdi_nodv,cdi_nodv,0x00FD7A,0x00FD7A,0x00FE4C,provisional-entry,unknown,call@00FC1A,src/functions/unknown/cdi_nodv_00fd7a_unknown.asm
cdi_nodv,cdi_nodv,0x00FE4C,0x00FE4C,0x00FE80,provisional-entry,unknown,call@00FE44;call@00FE48,src/functions/unknown/cdi_nodv_00fe4c_unknown.asm
cdi_nodv,cdi_nodv,0x00FE80,0x00FE80,0x00FF18,provisional-entry,unknown,call@00FC16,src/functions/unknown/cdi_nodv_00fe80_unknown.asm
cdi_nodv,cdi_nodv,0x00FF18,0x00FF18,0x00FFEE,provisional-entry,unknown,call@00FC1E,src/functions/unknown/cdi_nodv_00ff18_unknown.asm
cdi_nodv,cdi_nodv,0x00FFEE,0x00FFEE,0x01001A,provisional-entry,unknown,call@00FFE2;call@00FFE8,src/functions/unknown/cdi_nodv_00ffee_unknown.asm
cdi_nodv,cdi_nodv,0x01001A,0x01001A,0x01009E,provisional-entry,unknown,call@00FE5C;call@00FE64;call@00FFFA;call@010000,src/functions/unknown/cdi_nodv_01001a_unknown.asm
cdi_nodv,cdi_nodv,0x01009E,0x01009E,0x0100CE,provisional-entry,unknown,call@00FC0E,src/functions/unknown/cdi_nodv_01009e_unknown.asm
cdi_nodv,cdi_nodv,0x0100CE,0x0100CE,0x0101A4,provisional-entry,unknown,call@00FC06,src/functions/unknown/cdi_nodv_0100ce_unknown.asm
cdi_nodv,cdi_nodv,0x0101A4,0x0101A4,0x010222,provisional-entry,unknown,call@00FC0A,src/functions/unknown/cdi_nodv_0101a4_unknown.asm
cdi_nodv,cdi_nodv,0x010222,0x010222,0x01033C,provisional-entry,unknown,call@00FBFE,src/functions/unknown/cdi_nodv_010222_unknown.asm
cdi_nodv,cdi_nodv,0x01033C,0x01033C,0x0103CC,provisional-entry,unknown,call@00FC02,src/functions/unknown/cdi_nodv_01033c_unknown.asm
cdi_nodv,cdi_nodv,0x0103CC,0x0103CC,0x0103FA,provisional-entry,unknown,call@00B252,src/functions/unknown/cdi_nodv_0103cc_unknown.asm
cdi_nodv,cdi_nodv,0x0103FA,0x0103FA,0x010444,provisional-entry,unknown,call@00B26C;call@010394;call@0103AA,src/functions/unknown/cdi_nodv_0103fa_unknown.asm
cdi_nodv,cdi_nodv,0x010444,0x010444,0x010488,provisional-entry,unknown,call@00B29A;call@0103BE,src/functions/unknown/cdi_nodv_010444_unknown.asm
cdi_nodv,cdi_nodv,0x010488,0x010488,0x0104E4,provisional-entry,unknown,call@00C078,src/functions/unknown/cdi_nodv_010488_unknown.asm
cdi_nodv,cdi_nodv,0x0104E4,0x0104E4,0x0104EA,provisional-entry,unknown,call@0103D8,src/functions/unknown/cdi_nodv_0104e4_unknown.asm
cdi_nodv,cdi_nodv,0x0104EA,0x0104EA,0x01056A,provisional-entry,unknown,call@010496,src/functions/unknown/cdi_nodv_0104ea_unknown.asm
cdi_nodv,cdi_nodv,0x01056A,0x01056A,0x01059E,provisional-entry,unknown,call@010490,src/functions/unknown/cdi_nodv_01056a_unknown.asm
cdi_nodv,cdi_nodv,0x01059E,0x01059E,0x0105EA,provisional-entry,unknown,call@01039A,src/functions/unknown/cdi_nodv_01059e_unknown.asm
cdi_nodv,cdi_nodv,0x0105EA,0x0105EA,0x01060A,provisional-entry,unknown,call@00B2C6,src/functions/unknown/cdi_nodv_0105ea_unknown.asm
cdi_nodv,cdi_nodv,0x01060A,0x01060A,0x01062A,provisional-entry,unknown,call@00B2CE,src/functions/unknown/cdi_nodv_01060a_unknown.asm
cdi_nodv,cdi_nodv,0x01062A,0x01062A,0x01064C,provisional-entry,unknown,call@00B2FE,src/functions/unknown/cdi_nodv_01062a_unknown.asm
cdi_nodv,cdi_nodv,0x01064C,0x01064C,0x01070E,provisional-entry,unknown,call@01039E,src/functions/unknown/cdi_nodv_01064c_unknown.asm
cdi_nodv,cdi_nodv,0x01070E,0x01070E,0x01072C,provisional-entry,unknown,call@00B210,src/functions/unknown/cdi_nodv_01070e_unknown.asm
cdi_nodv,cdi_nodv,0x01072C,0x01072C,0x010766,provisional-entry,unknown,call@00B220,src/functions/unknown/cdi_nodv_01072c_unknown.asm
cdi_nodv,cdi_nodv,0x010766,0x010766,0x01078A,provisional-entry,unknown,call@00C058,src/functions/unknown/cdi_nodv_010766_unknown.asm
cdi_nodv,cdi_nodv,0x01078A,0x01078A,0x0107A6,provisional-entry,unknown,call@0107E4;call@0107F2;call@010806;call@010814;call@01089C;call@0108A6,src/functions/unknown/cdi_nodv_01078a_unknown.asm
cdi_nodv,cdi_nodv,0x0107A6,0x0107A6,0x0107D6,provisional-entry,unknown,call@010780,src/functions/unknown/cdi_nodv_0107a6_unknown.asm
cdi_nodv,cdi_nodv,0x0107D6,0x0107D6,0x0107F8,provisional-entry,unknown,call@0107CA,src/functions/unknown/cdi_nodv_0107d6_unknown.asm
cdi_nodv,cdi_nodv,0x0107F8,0x0107F8,0x01081A,provisional-entry,unknown,call@0107D0,src/functions/unknown/cdi_nodv_0107f8_unknown.asm
cdi_nodv,cdi_nodv,0x01081A,0x01081A,0x01082E,provisional-entry,unknown,call@01077C,src/functions/unknown/cdi_nodv_01081a_unknown.asm
cdi_nodv,cdi_nodv,0x01082E,0x01082E,0x01086E,provisional-entry,unknown,call@01081A;call@010864,src/functions/unknown/cdi_nodv_01082e_unknown.asm
cdi_nodv,cdi_nodv,0x01086E,0x01086E,0x010898,provisional-entry,unknown,call@010840,src/functions/unknown/cdi_nodv_01086e_unknown.asm
cdi_nodv,cdi_nodv,0x010898,0x010898,0x0108A2,provisional-entry,unknown,call@010884,src/functions/unknown/cdi_nodv_010898_unknown.asm
cdi_nodv,cdi_nodv,0x0108A2,0x0108A2,0x0108AC,provisional-entry,unknown,call@010824;call@01088E,src/functions/unknown/cdi_nodv_0108a2_unknown.asm
cdi_nodv,cdi_nodv,0x0108AC,0x0108AC,0x0108D4,provisional-entry,unknown,call@01083A,src/functions/unknown/cdi_nodv_0108ac_unknown.asm
cdi_nodv,cdi_nodv,0x0108D4,0x0108D4,0x0108F8,provisional-entry,unknown,call@0106EA,src/functions/unknown/cdi_nodv_0108d4_unknown.asm
cdi_nodv,cdi_nodv,0x0108F8,0x0108F8,0x010926,provisional-entry,unknown,call@00BFFC,src/functions/unknown/cdi_nodv_0108f8_unknown.asm
cdi_nodv,cdi_nodv,0x010926,0x010926,0x01097A,provisional-entry,unknown,call@00C04C,src/functions/unknown/cdi_nodv_010926_unknown.asm
cdi_nodv,cdi_nodv,0x01097A,0x01097A,0x0109AE,provisional-entry,unknown,call@00B200,src/functions/unknown/cdi_nodv_01097a_unknown.asm
cdi_nodv,cdi_nodv,0x0109AE,0x0109AE,0x0109CE,provisional-entry,unknown,call@010998;call@0109BE,src/functions/unknown/cdi_nodv_0109ae_unknown.asm
cdi_nodv,cdi_nodv,0x0109CE,0x0109CE,0x010A12,provisional-entry,unknown,call@01099C;call@0109C6,src/functions/unknown/cdi_nodv_0109ce_unknown.asm
cdi_nodv,cdi_nodv,0x010A12,0x010A12,0x010A32,provisional-entry,unknown,call@01090C;call@01095E,src/functions/unknown/cdi_nodv_010a12_unknown.asm
cdi_nodv,cdi_nodv,0x010A32,0x010A32,0x010A42,provisional-entry,unknown,call@00C82C;call@010716;call@010734;call@010742;call@01078E;call@010982;call@010A12;call@010B1A,src/functions/unknown/cdi_nodv_010a32_unknown.asm
cdi_nodv,cdi_nodv,0x010A42,0x010A42,0x010A56,provisional-entry,unknown,call@01086E;call@010916;call@010968;call@0109CE;call@010AD4;call@010B9C,src/functions/unknown/cdi_nodv_010a42_unknown.asm
cdi_nodv,cdi_nodv,0x010A56,0x010A56,0x010B0A,provisional-entry,unknown,call@0106EE;call@0108FC;call@01092A,src/functions/unknown/cdi_nodv_010a56_unknown.asm
cdi_nodv,cdi_nodv,0x010B0A,0x010B0A,0x010B7C,provisional-entry,unknown,call@00B230;call@00D1FA,src/functions/unknown/cdi_nodv_010b0a_unknown.asm
cdi_nodv,cdi_nodv,0x010B7C,0x010B7C,0x010BF8,provisional-entry,unknown,call@010B64;call@010BE8,src/functions/unknown/cdi_nodv_010b7c_unknown.asm
cdi_nodv,cdi_nodv,0x010BF8,0x010BF8,0x010C2E,provisional-entry,unknown,call@01022C;call@01024E;call@010278,src/functions/unknown/cdi_nodv_010bf8_unknown.asm
cdi_nodv,cdi_nodv,0x010C2E,0x010C2E,0x010C62,provisional-entry,unknown,call@0112B2,src/functions/unknown/cdi_nodv_010c2e_unknown.asm
cdi_nodv,cdi_nodv,0x010C62,0x010C62,0x010CAC,provisional-entry,unknown,call@00C3D4,src/functions/unknown/cdi_nodv_010c62_unknown.asm
cdi_nodv,cdi_nodv,0x010CAC,0x010CAC,0x010E40,provisional-entry,unknown,call@00B910,src/functions/unknown/cdi_nodv_010cac_unknown.asm
cdi_nodv,cdi_nodv,0x010E40,0x010E40,0x010EBE,provisional-entry,unknown,call@00D1DC,src/functions/unknown/cdi_nodv_010e40_unknown.asm
cdi_nodv,cdi_nodv,0x010EBE,0x010EBE,0x010EFE,provisional-entry,unknown,call@010E4E,src/functions/unknown/cdi_nodv_010ebe_unknown.asm
cdi_nodv,cdi_nodv,0x010EFE,0x010EFE,0x010F24,provisional-entry,unknown,call@00C3AE;call@00CD04;call@00CD3C;call@00CD74;call@00CDAE;call@00DF36;call@00E23E;call@00E2A4;call@00EF6E;call@00F5D8;call@00F7CA;call@00F936;call@00F9FE;call@00FA5A;call@00FAF0;call@00FC5A;call@00FCAE;call@011C9E;call@011CBC;call@011DCC;call@011EBC;call@011F72;call@0121FC;call@012220;call@01224C;call@0122B2;call@0122FA;call@01231A;call@012394;call@0123B4;call@012454;call@0124A4;call@01376C;call@014A4E,src/functions/unknown/cdi_nodv_010efe_unknown.asm
cdi_nodv,cdi_nodv,0x010F24,0x010F24,0x010F4C,provisional-entry,unknown,call@010EB6,src/functions/unknown/cdi_nodv_010f24_unknown.asm
cdi_nodv,cdi_nodv,0x010F4C,0x010F4C,0x010F64,provisional-entry,unknown,call@010EDE,src/functions/unknown/cdi_nodv_010f4c_unknown.asm
cdi_nodv,cdi_nodv,0x010F64,0x010F64,0x010F8E,provisional-entry,unknown,call@00AEE8;call@00B314;call@00D390;call@00D444;call@00DCB8;call@010FA4;call@011D6C;call@011D74;call@011E28;call@011E86;call@011F40;call@012606;call@01260E;call@012618;call@012622;call@01262A;call@012634;call@01263C;call@012646;call@01264E;call@01265A;call@01266C;call@012748;call@0137A0,src/functions/unknown/cdi_nodv_010f64_unknown.asm
cdi_nodv,cdi_nodv,0x010F8E,0x010F8E,0x010FB4,provisional-entry,unknown,call@00E538;call@01369A,src/functions/unknown/cdi_nodv_010f8e_unknown.asm
cdi_nodv,cdi_nodv,0x010FB4,0x010FB4,0x010FDA,provisional-entry,unknown,call@00B9CA;call@00E5BE;call@012750,src/functions/unknown/cdi_nodv_010fb4_unknown.asm
cdi_nodv,cdi_nodv,0x010FDA,0x010FDA,0x010FF6,provisional-entry,unknown,call@010F82,src/functions/unknown/cdi_nodv_010fda_unknown.asm
cdi_nodv,cdi_nodv,0x010FF6,0x010FF6,0x011022,provisional-entry,unknown,call@00C0D4;call@00C22A;call@00C24C;call@00C26E;call@00C3BE;call@00C49E;call@00DA2E,src/functions/unknown/cdi_nodv_010ff6_unknown.asm
cdi_nodv,cdi_nodv,0x011022,0x011022,0x01105A,provisional-entry,unknown,call@00B30E;call@00B324;call@00B33E;call@00B354;call@00B392;call@00B3F8;call@00B442;call@00B5DC;call@00B5EA;call@00B604;call@00B62C;call@00B64A;call@00B668;call@00B676;call@00B6B6;call@00B6D0;call@00B6F8;call@00B716;call@00B724;call@00B77E;call@00B78C;call@00B7F4;call@00B802;call@00B844;call@00B852;call@00B864;call@00B890;call@00B8B8;call@00B8D2;call@00B920;call@00B948;call@00B970;call@00B98E;call@00B99C;call@00B9B4;call@00B9C2;call@00B9DA;call@00BA06;call@00BA24;call@00C142;call@00C194;call@00C1B0;call@00C1CC;call@00C1E8;call@00C204;call@00C220;call@00C242;call@00C264;call@00C286;call@00C2A2;call@00C2BE;call@00C2EE;call@00C30A;call@00C326;call@00C342;call@00C3E8;call@00C400;call@00C418;call@00C430;call@00C448;call@00C460;call@00C478,src/functions/unknown/cdi_nodv_011022_unknown.asm
cdi_nodv,cdi_nodv,0x01105A,0x01105A,0x011082,provisional-entry,unknown,call@010FDE;call@011002,src/functions/unknown/cdi_nodv_01105a_unknown.asm
cdi_nodv,cdi_nodv,0x011082,0x011082,0x0110B2,provisional-entry,unknown,call@010FC0;call@010FDA,src/functions/unknown/cdi_nodv_011082_unknown.asm
cdi_nodv,cdi_nodv,0x0110B2,0x0110B2,0x0110D6,provisional-entry,unknown,call@010F1E;call@010FC8,src/functions/unknown/cdi_nodv_0110b2_unknown.asm
cdi_nodv,cdi_nodv,0x0110D6,0x0110D6,0x01111A,provisional-entry,unknown,call@00D4E4;call@00F5FA;call@00F9A2;call@00FA10;call@00FB1A,src/functions/unknown/cdi_nodv_0110d6_unknown.asm
cdi_nodv,cdi_nodv,0x01111A,0x01111A,0x011154,provisional-entry,unknown,call@0112FA;call@01135C,src/functions/unknown/cdi_nodv_01111a_unknown.asm
cdi_nodv,cdi_nodv,0x011154,0x011154,0x0111A2,provisional-entry,unknown,call@00B32C;call@00CF90;call@00CF9C;call@00CFA8;call@00CFB4,src/functions/unknown/cdi_nodv_011154_unknown.asm
cdi_nodv,cdi_nodv,0x0111A2,0x0111A2,0x0111EC,provisional-entry,unknown,call@00B9F6;call@00CD12;call@00CD4A;call@00CD82;call@00CDBC;call@00DF40;call@00E248;call@00E2AE;call@00E870;call@00E884;call@00EF78;call@00F9AE;call@00FA1C;call@00FAA6;call@00FB26;call@00FC64;call@00FCB8;call@0113B8;call@011DD6;call@011EC6;call@011F7C;call@014A58,src/functions/unknown/cdi_nodv_0111a2_unknown.asm
cdi_nodv,cdi_nodv,0x0111EC,0x0111EC,0x011236,provisional-entry,unknown,call@011594;call@0115FA;call@011A3A;call@011C62;call@011D60;call@011E16;call@01253E;call@01328C;call@01333E;call@01339E;call@0135B8;call@013688;call@013890;call@014B14;call@014C92,src/functions/unknown/cdi_nodv_0111ec_unknown.asm
cdi_nodv,cdi_nodv,0x011236,0x011236,0x01127A,provisional-entry,unknown,call@00C0CE,src/functions/unknown/cdi_nodv_011236_unknown.asm
cdi_nodv,cdi_nodv,0x01127A,0x01127A,0x011286,provisional-entry,unknown,call@011250;call@011294,src/functions/unknown/cdi_nodv_01127a_unknown.asm
cdi_nodv,cdi_nodv,0x011286,0x011286,0x0112A8,provisional-entry,unknown,call@011280,src/functions/unknown/cdi_nodv_011286_unknown.asm
cdi_nodv,cdi_nodv,0x0112A8,0x0112A8,0x0112C2,provisional-entry,unknown,call@01127A,src/functions/unknown/cdi_nodv_0112a8_unknown.asm
cdi_nodv,cdi_nodv,0x0112C2,0x0112C2,0x011318,provisional-entry,unknown,call@00B344;call@00CFC8;call@00E45C;call@011CD0,src/functions/unknown/cdi_nodv_0112c2_unknown.asm
cdi_nodv,cdi_nodv,0x011318,0x011318,0x0113D0,provisional-entry,unknown,call@011308;call@01136C,src/functions/unknown/cdi_nodv_011318_unknown.asm
cdi_nodv,cdi_nodv,0x0113D0,0x0113D0,0x011402,provisional-entry,unknown,call@011390;call@0113A6,src/functions/unknown/cdi_nodv_0113d0_unknown.asm
cdi_nodv,cdi_nodv,0x011402,0x011402,0x011408,provisional-entry,unknown,call@0113AA,src/functions/unknown/cdi_nodv_011402_unknown.asm
cdi_nodv,cdi_nodv,0x011408,0x011408,0x01145A,provisional-entry,unknown,call@010F16,src/functions/unknown/cdi_nodv_011408_unknown.asm
cdi_nodv,cdi_nodv,0x01145A,0x01145A,0x011650,provisional-entry,unknown,call@011452,src/functions/unknown/cdi_nodv_01145a_unknown.asm
cdi_nodv,cdi_nodv,0x011650,0x011650,0x01166E,provisional-entry,unknown,call@00FC7A;call@00FCCE,src/functions/unknown/cdi_nodv_011650_unknown.asm
cdi_nodv,cdi_nodv,0x01166E,0x01166E,0x01168C,provisional-entry,unknown,call@01163E;call@011660,src/functions/unknown/cdi_nodv_01166e_unknown.asm
cdi_nodv,cdi_nodv,0x01168C,0x01168C,0x01171A,provisional-entry,unknown,call@00E8DA;call@00E912;call@00EA5A;call@00EA68;call@00EACA;call@00EAD6;call@00EBB8;call@00EBC4;call@011672;call@01176A;call@0145F8;call@014822,src/functions/unknown/cdi_nodv_01168c_unknown.asm
cdi_nodv,cdi_nodv,0x01171A,0x01171A,0x011766,provisional-entry,unknown,call@00E810;call@00E824,src/functions/unknown/cdi_nodv_01171a_unknown.asm
cdi_nodv,cdi_nodv,0x011766,0x011766,0x011884,provisional-entry,unknown,call@01172E;call@011754,src/functions/unknown/cdi_nodv_011766_unknown.asm
cdi_nodv,cdi_nodv,0x011884,0x011884,0x011898,provisional-entry,unknown,call@01180E,src/functions/unknown/cdi_nodv_011884_unknown.asm
cdi_nodv,cdi_nodv,0x011898,0x011898,0x0118A6,provisional-entry,unknown,call@011822,src/functions/unknown/cdi_nodv_011898_unknown.asm
cdi_nodv,cdi_nodv,0x0118A6,0x0118A6,0x0118AE,provisional-entry,unknown,call@0117F4,src/functions/unknown/cdi_nodv_0118a6_unknown.asm
cdi_nodv,cdi_nodv,0x0118AE,0x0118AE,0x0118C6,provisional-entry,unknown,call@011AFE,src/functions/unknown/cdi_nodv_0118ae_unknown.asm
cdi_nodv,cdi_nodv,0x0118C6,0x0118C6,0x0118D2,provisional-entry,unknown,call@011850,src/functions/unknown/cdi_nodv_0118c6_unknown.asm
cdi_nodv,cdi_nodv,0x0118D2,0x0118D2,0x0118FE,provisional-entry,unknown,call@011862,src/functions/unknown/cdi_nodv_0118d2_unknown.asm
cdi_nodv,cdi_nodv,0x0118FE,0x0118FE,0x011A42,provisional-entry,unknown,call@011888,src/functions/unknown/cdi_nodv_0118fe_unknown.asm
cdi_nodv,cdi_nodv,0x011A42,0x011A42,0x011AEA,provisional-entry,unknown,call@01229C;call@0122E4;call@01237E;call@012416;call@01243E;call@01248E;call@0132C8;call@01350A;call@01351E;call@013560;call@013574;call@013756;call@0137FC;call@014C32,src/functions/unknown/cdi_nodv_011a42_unknown.asm
cdi_nodv,cdi_nodv,0x011AEA,0x011AEA,0x011B14,provisional-entry,unknown,call@00BA14,src/functions/unknown/cdi_nodv_011aea_unknown.asm
cdi_nodv,cdi_nodv,0x011B14,0x011B14,0x011B2A,provisional-entry,unknown,call@011AA4,src/functions/unknown/cdi_nodv_011b14_unknown.asm
cdi_nodv,cdi_nodv,0x011B2A,0x011B2A,0x011B44,provisional-entry,unknown,call@011AF2,src/functions/unknown/cdi_nodv_011b2a_unknown.asm
cdi_nodv,cdi_nodv,0x011B44,0x011B44,0x011B4C,provisional-entry,unknown,call@011AD4,src/functions/unknown/cdi_nodv_011b44_unknown.asm
cdi_nodv,cdi_nodv,0x011B4C,0x011B4C,0x011CA0,provisional-entry,unknown,call@011ADE,src/functions/unknown/cdi_nodv_011b4c_unknown.asm
cdi_nodv,cdi_nodv,0x011CA0,0x011CA0,0x011D16,provisional-entry,unknown,call@011C2A,src/functions/unknown/cdi_nodv_011ca0_unknown.asm
cdi_nodv,cdi_nodv,0x011D16,0x011D16,0x011D5C,provisional-entry,unknown,call@011CC4,src/functions/unknown/cdi_nodv_011d16_unknown.asm
cdi_nodv,cdi_nodv,0x011D5C,0x011D5C,0x011D7A,provisional-entry,unknown,call@011CE6,src/functions/unknown/cdi_nodv_011d5c_unknown.asm
cdi_nodv,cdi_nodv,0x011D7A,0x011D7A,0x011E52,provisional-entry,unknown,call@0122BC;call@012304;call@01239E;call@01245E;call@0124AE,src/functions/unknown/cdi_nodv_011d7a_unknown.asm
cdi_nodv,cdi_nodv,0x011E52,0x011E52,0x011E7C,provisional-entry,unknown,call@00F7D8,src/functions/unknown/cdi_nodv_011e52_unknown.asm
cdi_nodv,cdi_nodv,0x011E7C,0x011E7C,0x011EE4,provisional-entry,unknown,call@011E3A;call@011E5E,src/functions/unknown/cdi_nodv_011e7c_unknown.asm
cdi_nodv,cdi_nodv,0x011EE4,0x011EE4,0x01201C,provisional-entry,unknown,call@00C2D6,src/functions/unknown/cdi_nodv_011ee4_unknown.asm
cdi_nodv,cdi_nodv,0x01201C,0x01201C,0x01201E,provisional-entry,unknown,call@00E9DE;call@00EA00;call@00EA22;call@00EAB6,src/functions/unknown/cdi_nodv_01201c_unknown.asm
cdi_nodv,cdi_nodv,0x01201E,0x01201E,0x012070,provisional-entry,unknown,call@011FFC,src/functions/unknown/cdi_nodv_01201e_unknown.asm
cdi_nodv,cdi_nodv,0x012070,0x012070,0x0121DC,provisional-entry,unknown,call@011FFA,src/functions/unknown/cdi_nodv_012070_unknown.asm
cdi_nodv,cdi_nodv,0x0121DC,0x0121DC,0x012546,provisional-entry,unknown,call@012166,src/functions/unknown/cdi_nodv_0121dc_unknown.asm
cdi_nodv,cdi_nodv,0x012546,0x012546,0x012586,provisional-entry,unknown,call@00B61C;call@00C3B8;call@00F944;call@0125A6;call@0125CC,src/functions/unknown/cdi_nodv_012546_unknown.asm
cdi_nodv,cdi_nodv,0x012586,0x012586,0x012590,provisional-entry,unknown,call@01255A;call@01256C;call@012576,src/functions/unknown/cdi_nodv_012586_unknown.asm
cdi_nodv,cdi_nodv,0x012590,0x012590,0x0125B6,provisional-entry,unknown,call@00B63A,src/functions/unknown/cdi_nodv_012590_unknown.asm
cdi_nodv,cdi_nodv,0x0125B6,0x0125B6,0x012672,provisional-entry,unknown,call@00B658,src/functions/unknown/cdi_nodv_0125b6_unknown.asm
cdi_nodv,cdi_nodv,0x012672,0x012672,0x01272A,provisional-entry,unknown,call@00B706;call@0126F2;call@012708,src/functions/unknown/cdi_nodv_012672_unknown.asm
cdi_nodv,cdi_nodv,0x01272A,0x01272A,0x012736,provisional-entry,unknown,call@0126BA,src/functions/unknown/cdi_nodv_01272a_unknown.asm
cdi_nodv,cdi_nodv,0x012736,0x012736,0x012738,provisional-entry,unknown,call@0126C2,src/functions/unknown/cdi_nodv_012736_unknown.asm
cdi_nodv,cdi_nodv,0x012738,0x012738,0x012764,provisional-entry,unknown,call@00B5F4,src/functions/unknown/cdi_nodv_012738_unknown.asm
cdi_nodv,cdi_nodv,0x012764,0x012764,0x01279A,provisional-entry,unknown,call@00B81C;call@00B834,src/functions/unknown/cdi_nodv_012764_unknown.asm
cdi_nodv,cdi_nodv,0x01279A,0x01279A,0x0127F4,provisional-entry,unknown,call@00B74A;call@00B76E;call@00B7C6;call@00B7E4,src/functions/unknown/cdi_nodv_01279a_unknown.asm
cdi_nodv,cdi_nodv,0x0127F4,0x0127F4,0x012CD0,provisional-entry,unknown,call@0127C4,src/functions/unknown/cdi_nodv_0127f4_unknown.asm
cdi_nodv,cdi_nodv,0x012CD0,0x012CD0,0x012D90,provisional-entry,unknown,call@01277C,src/functions/unknown/cdi_nodv_012cd0_unknown.asm
cdi_nodv,cdi_nodv,0x012D90,0x012D90,0x012DB2,provisional-entry,unknown,call@0127B6,src/functions/unknown/cdi_nodv_012d90_unknown.asm
cdi_nodv,cdi_nodv,0x012DB2,0x012DB2,0x012DE0,provisional-entry,unknown,call@01276E,src/functions/unknown/cdi_nodv_012db2_unknown.asm
cdi_nodv,cdi_nodv,0x012DE0,0x012DE0,0x012E7A,provisional-entry,unknown,call@00B67E,src/functions/unknown/cdi_nodv_012de0_unknown.asm
cdi_nodv,cdi_nodv,0x012E7A,0x012E7A,0x012F08,provisional-entry,unknown,call@012DF4,src/functions/unknown/cdi_nodv_012e7a_unknown.asm
cdi_nodv,cdi_nodv,0x012F08,0x012F08,0x012F62,provisional-entry,unknown,call@012E02,src/functions/unknown/cdi_nodv_012f08_unknown.asm
cdi_nodv,cdi_nodv,0x012F62,0x012F62,0x012F66,provisional-entry,unknown,call@012F1C,src/functions/unknown/cdi_nodv_012f62_unknown.asm
cdi_nodv,cdi_nodv,0x012F66,0x012F66,0x012FEE,provisional-entry,unknown,call@012E10,src/functions/unknown/cdi_nodv_012f66_unknown.asm
cdi_nodv,cdi_nodv,0x012FEE,0x012FEE,0x013058,provisional-entry,unknown,call@012E2C;call@012E3A,src/functions/unknown/cdi_nodv_012fee_unknown.asm
cdi_nodv,cdi_nodv,0x013058,0x013058,0x01306A,provisional-entry,unknown,call@012FE2,src/functions/unknown/cdi_nodv_013058_unknown.asm
cdi_nodv,cdi_nodv,0x01306A,0x01306A,0x0131B4,provisional-entry,unknown,call@012E1E;call@012F2C,src/functions/unknown/cdi_nodv_01306a_unknown.asm
cdi_nodv,cdi_nodv,0x0131B4,0x0131B4,0x013214,provisional-entry,unknown,call@012D94;call@012DB6;call@012E84;call@012F74;call@013000;call@013074,src/functions/unknown/cdi_nodv_0131b4_unknown.asm
cdi_nodv,cdi_nodv,0x013214,0x013214,0x013360,provisional-entry,unknown,call@0131C4;call@0131EC,src/functions/unknown/cdi_nodv_013214_unknown.asm
cdi_nodv,cdi_nodv,0x013360,0x013360,0x01336A,provisional-entry,unknown,call@0132EE,src/functions/unknown/cdi_nodv_013360_unknown.asm
cdi_nodv,cdi_nodv,0x01336A,0x01336A,0x01337E,provisional-entry,unknown,call@0132F4,src/functions/unknown/cdi_nodv_01336a_unknown.asm
cdi_nodv,cdi_nodv,0x01337E,0x01337E,0x0133A8,provisional-entry,unknown,call@013308,src/functions/unknown/cdi_nodv_01337e_unknown.asm
cdi_nodv,cdi_nodv,0x0133A8,0x0133A8,0x0133D0,provisional-entry,unknown,call@013336,src/functions/unknown/cdi_nodv_0133a8_unknown.asm
cdi_nodv,cdi_nodv,0x0133D0,0x0133D0,0x01341A,provisional-entry,unknown,call@00BA42;call@00C160;call@00F078,src/functions/unknown/cdi_nodv_0133d0_unknown.asm
cdi_nodv,cdi_nodv,0x01341A,0x01341A,0x0136F8,provisional-entry,unknown,call@0133DC;call@01340C,src/functions/unknown/cdi_nodv_01341a_unknown.asm
cdi_nodv,cdi_nodv,0x0136F8,0x0136F8,0x013754,provisional-entry,unknown,call@013680,src/functions/unknown/cdi_nodv_0136f8_unknown.asm
cdi_nodv,cdi_nodv,0x013754,0x013754,0x0138A2,provisional-entry,unknown,call@01374E;call@0137C2;call@0137E4,src/functions/unknown/cdi_nodv_013754_unknown.asm
cdi_nodv,cdi_nodv,0x0138A2,0x0138A2,0x0138BE,provisional-entry,unknown,call@00B8A8;call@00FAFA;call@014BEE,src/functions/unknown/cdi_nodv_0138a2_unknown.asm
cdi_nodv,cdi_nodv,0x0138BE,0x0138BE,0x01395A,provisional-entry,unknown,call@014BFC,src/functions/unknown/cdi_nodv_0138be_unknown.asm
cdi_nodv,cdi_nodv,0x01395A,0x01395A,0x013992,provisional-entry,unknown,call@013900,src/functions/unknown/cdi_nodv_01395a_unknown.asm
cdi_nodv,cdi_nodv,0x013992,0x013992,0x013A1C,provisional-entry,unknown,call@0138E4;call@0138F2,src/functions/unknown/cdi_nodv_013992_unknown.asm
cdi_nodv,cdi_nodv,0x013A1C,0x013A1C,0x013A22,provisional-entry,unknown,call@0138D6,src/functions/unknown/cdi_nodv_013a1c_unknown.asm
cdi_nodv,cdi_nodv,0x013A22,0x013A22,0x013B8C,provisional-entry,unknown,call@0139B2,src/functions/unknown/cdi_nodv_013a22_unknown.asm
cdi_nodv,cdi_nodv,0x013B8C,0x013B8C,0x013BE0,provisional-entry,unknown,call@013B6E,src/functions/unknown/cdi_nodv_013b8c_unknown.asm
cdi_nodv,cdi_nodv,0x013BE0,0x013BE0,0x013C16,provisional-entry,unknown,call@013B72,src/functions/unknown/cdi_nodv_013be0_unknown.asm
cdi_nodv,cdi_nodv,0x013C16,0x013C16,0x013C48,provisional-entry,unknown,call@0139D8;call@013A3E;call@013ADA;call@013B36,src/functions/unknown/cdi_nodv_013c16_unknown.asm
cdi_nodv,cdi_nodv,0x013C48,0x013C48,0x013C56,provisional-entry,unknown,call@0139D4;call@013A3A;call@013AD6;call@013B32,src/functions/unknown/cdi_nodv_013c48_unknown.asm
cdi_nodv,cdi_nodv,0x013C56,0x013C56,0x013CB2,provisional-entry,unknown,call@0139CC;call@013A32;call@013ACE;call@013B2A;call@014608;call@014832,src/functions/unknown/cdi_nodv_013c56_unknown.asm
cdi_nodv,cdi_nodv,0x013CB2,0x013CB2,0x0142E2,provisional-entry,unknown,call@013C66;call@013C8E,src/functions/unknown/cdi_nodv_013cb2_unknown.asm
cdi_nodv,cdi_nodv,0x0142E2,0x0142E2,0x0143C8,provisional-entry,unknown,call@01427E,src/functions/unknown/cdi_nodv_0142e2_unknown.asm
cdi_nodv,cdi_nodv,0x0143C8,0x0143C8,0x0145E2,provisional-entry,unknown,call@014364,src/functions/unknown/cdi_nodv_0143c8_unknown.asm
cdi_nodv,cdi_nodv,0x0145E2,0x0145E2,0x014698,provisional-entry,unknown,call@013916,src/functions/unknown/cdi_nodv_0145e2_unknown.asm
cdi_nodv,cdi_nodv,0x014698,0x014698,0x014722,provisional-entry,unknown,call@014602;call@01482C,src/functions/unknown/cdi_nodv_014698_unknown.asm
cdi_nodv,cdi_nodv,0x014722,0x014722,0x01480C,provisional-entry,unknown,call@014636,src/functions/unknown/cdi_nodv_014722_unknown.asm
cdi_nodv,cdi_nodv,0x01480C,0x01480C,0x0148A0,provisional-entry,unknown,call@01391C,src/functions/unknown/cdi_nodv_01480c_unknown.asm
cdi_nodv,cdi_nodv,0x0148A0,0x0148A0,0x014B0A,provisional-entry,unknown,call@014874,src/functions/unknown/cdi_nodv_0148a0_unknown.asm
cdi_nodv,cdi_nodv,0x014B0A,0x014B0A,0x014B30,provisional-entry,unknown,call@014A94,src/functions/unknown/cdi_nodv_014b0a_unknown.asm
cdi_nodv,cdi_nodv,0x014B30,0x014B30,0x014CA4,provisional-entry,unknown,call@014ABA,src/functions/unknown/cdi_nodv_014b30_unknown.asm
cdi_nodv,cdi_nodv,0x014CA4,0x014CA4,0x014CBE,provisional-entry,unknown,call@00D8A2;call@00D926;call@00DBA4;call@010312;call@0105C2,src/functions/unknown/cdi_nodv_014ca4_unknown.asm
cdi_nodv,cdi_nodv,0x014CBE,0x014CBE,0x014CD2,provisional-entry,unknown,call@00D896;call@00D91A;call@00DB98;call@010306;call@0105B6,src/functions/unknown/cdi_nodv_014cbe_unknown.asm
cdi_nodv,cdi_nodv,0x014CD2,0x014CD2,0x014D56,provisional-entry,unknown,call@00D886;call@00D90A;call@00DB88;call@0102F6;call@0105A6,src/functions/unknown/cdi_nodv_014cd2_unknown.asm
