; Resource 'T7GM', ID 32346; name 'ROB.GJD'; payload 47668 bytes
; MacBinary file offsets 198804–1A423B (inclusive).
; Linear CODE decoding is provisional: embedded data can decode as instructions.
db 0x00, 0x00, 0xBA, 0x34, 0x3F, 0x22, 0x2A, 0x0A, 0x94, 0x05, 0x00, 0x01, 0x0F, 0x01, 0x0F, 0x00 ; file 198804
db 0x01, 0x0F, 0x01, 0x0F, 0x01, 0x0F, 0x01, 0x0F, 0x01, 0x0F, 0x01, 0x0F, 0x01, 0x0F, 0x0B, 0x04 ; file 198814
db 0x99, 0x0A, 0x13, 0x0F, 0x03, 0x0C, 0x15, 0x10, 0x14, 0x0F, 0x04, 0x0B, 0x03, 0x93, 0x18, 0x03 ; file 198824
db 0x15, 0x0F, 0x04, 0x0B, 0x12, 0x23, 0x0F, 0x89, 0x0D, 0x16, 0x99, 0x12, 0x15, 0x0F, 0x67, 0x0B ; file 198834
db 0x0C, 0x18, 0x15, 0x0F, 0x8A, 0x0C, 0x1A, 0x9E, 0xAD, 0x03, 0x03, 0x15, 0x18, 0x0D, 0x1E, 0x0F ; file 198844
db 0x0D, 0x02, 0x0F, 0x3D, 0x1B, 0x8A, 0x02, 0x03, 0x15, 0x1C, 0x13, 0x1D, 0x0F, 0x45, 0x04, 0x3D ; file 198854
db 0x1A, 0x16, 0x11, 0x1E, 0x0C, 0x1C, 0x0C, 0x1D, 0x0F, 0x14, 0x14, 0xEB, 0x1B, 0x15, 0x15, 0x01 ; file 198864
db 0x07, 0x44, 0x01, 0x0A, 0x1A, 0x1C, 0xEC, 0x0D, 0x02, 0x04, 0x0B, 0x0B, 0x15, 0x15, 0x03, 0x1A ; file 198874
db 0x16, 0x03, 0xDF, 0x00, 0x07, 0x16, 0x1B, 0x0F, 0x22, 0x0F, 0x1E, 0x0B, 0xFD, 0x1A, 0xA4, 0x01 ; file 198884
db 0x07, 0x1A, 0x18, 0x0A, 0x00, 0x1E, 0xFB, 0x0E, 0x1C, 0xFE, 0x0F, 0x00, 0x0A, 0x03, 0x16, 0x1A ; file 198894
db 0xFE, 0x37, 0x10, 0x1E, 0x13, 0x16, 0x0B, 0x00, 0x00, 0x05, 0xBC, 0x73, 0x03, 0x9B, 0x1B, 0x15 ; file 1988A4
db 0x00, 0x0C, 0x1A, 0x39, 0x01, 0x0B, 0x7F, 0x18, 0x0F, 0x10, 0x03, 0x05, 0x18, 0x1B, 0xCE, 0x11 ; file 1988B4
db 0xD5, 0x07, 0x49, 0x09, 0x0C, 0x5C, 0x00, 0x16, 0x17, 0x01, 0x09, 0x18, 0xBF, 0x15, 0x15, 0x07 ; file 1988C4
db 0x09, 0x13, 0x1C, 0xF0, 0x10, 0x16, 0xFA, 0xB0, 0x0A, 0x16, 0x30, 0x00, 0x0A, 0x1B, 0x1A, 0x0C ; file 1988D4
db 0x00, 0x7F, 0x07, 0x18, 0x1B, 0x1B, 0x0C, 0x0E, 0x18, 0xDA, 0x00, 0xD7, 0x0A, 0x08, 0x18, 0xFA ; file 1988E4
db 0x08, 0x0A, 0xBB, 0x11, 0x0A, 0x1A, 0xFE, 0x22, 0x00, 0x1E, 0x15, 0x18, 0x16, 0x0A, 0x09, 0x0B ; file 1988F4
db 0xBF, 0x15, 0x0F, 0x03, 0x0C, 0x01, 0x18, 0xB0, 0x08, 0x15, 0xFE, 0xA6, 0x01, 0x03, 0x11, 0x11 ; file 198904
db 0x18, 0x15, 0x00, 0x08, 0xFF, 0x13, 0x16, 0x0A, 0x05, 0x0B, 0x0F, 0x0F, 0x07, 0xAF, 0x11, 0x1A ; file 198914
db 0x16, 0x16, 0x44, 0x28, 0x16, 0x4B, 0x11, 0x0C, 0xF7, 0x15, 0x1A, 0x15, 0xEB, 0x00, 0x16, 0x0A ; file 198924
db 0x1E, 0x09, 0x7F, 0x0F, 0x12, 0x03, 0x05, 0x0F, 0x16, 0x1A, 0xF4, 0x07, 0xFB, 0x02, 0x0B, 0xB8 ; file 198934
db 0x01, 0x07, 0x0E, 0x15, 0x16, 0x00, 0xBF, 0x1E, 0x11, 0x18, 0x12, 0x03, 0x09, 0x09, 0x00, 0x04 ; file 198944
db 0x63, 0x09, 0x15, 0xD2, 0x02, 0xCC, 0x05, 0xB1, 0x12, 0x09, 0x0F, 0x52, 0x10, 0xFF, 0x0E, 0x1A ; file 198954
db 0x18, 0x00, 0x0B, 0x16, 0x1A, 0x0A, 0xCF, 0x05, 0x0E, 0x0F, 0x15, 0xC2, 0x28, 0xAB, 0x02, 0x00 ; file 198964
db 0x03, 0xFD, 0x0E, 0x59, 0x10, 0x0B, 0x1A, 0x1B, 0x03, 0x0E, 0x16, 0xBF, 0x13, 0x0A, 0x07, 0x15 ; file 198974
db 0x18, 0x13, 0x12, 0x18, 0x03, 0xFD, 0x16, 0xCE, 0x21, 0x1E, 0x0F, 0x1A, 0x16, 0x00, 0x08, 0xFF ; file 198984
db 0x18, 0x1C, 0x0D, 0x0C, 0x18, 0x16, 0x03, 0x0A, 0xEC, 0x96, 0x00, 0x06, 0x39, 0x13, 0x18, 0x42 ; file 198994
db 0x11, 0x0C, 0x1A, 0x1C, 0x2D, 0x07, 0xB8, 0x10, 0x15, 0x0C, 0x55, 0x10, 0x0A, 0xEF, 0x10, 0x4F ; file 1989A4
db 0x29, 0xDF, 0x16, 0x1C, 0x1A, 0x12, 0x1E, 0x80, 0x00, 0x1C, 0x10, 0xBB, 0x02, 0x15, 0x34, 0x10 ; file 1989B4
db 0x1A, 0x1B, 0x12, 0x26, 0x00, 0x0C, 0xDE, 0xE1, 0x29, 0x0C, 0x15, 0x1C, 0x1B, 0x30, 0x11, 0x1B ; file 1989C4
db 0x18, 0x1F, 0x1E, 0x13, 0x1B, 0x1C, 0x0F, 0x55, 0x10, 0x04, 0x00, 0xE2, 0x1A, 0xFF, 0x08, 0x11 ; file 1989D4
db 0x1A, 0x1B, 0x16, 0x1E, 0x1E, 0x11, 0xFF, 0x1B, 0x1C, 0x0C, 0x15, 0x18, 0x1C, 0x0F, 0x16, 0x9F ; file 1989E4
db 0x1B, 0x16, 0x0F, 0x18, 0x1A, 0xE7, 0x10, 0x06, 0x28, 0x05, 0xFA, 0xFF, 0x00, 0x16, 0xF5, 0x20 ; file 1989F4
db 0x1C, 0x16, 0x0B, 0x16, 0x18, 0xFF, 0x0C, 0x15, 0x16, 0x0B, 0x0C, 0x15, 0x11, 0x01, 0xD6, 0x26 ; file 198A04
db 0x2B, 0x01, 0x08, 0x81, 0x00, 0x0F, 0x85, 0x00, 0x09, 0x13, 0xFF, 0x0F, 0x09, 0x0B, 0x05, 0x04 ; file 198A14
db 0x05, 0x05, 0x05, 0xED, 0x1E, 0x66, 0x2C, 0x04, 0x08, 0x8C, 0x00, 0x18, 0x16, 0x16, 0xFF, 0x07 ; file 198A24
db 0x07, 0x03, 0x15, 0x1A, 0x18, 0x18, 0x16, 0xFD, 0x18, 0xCF, 0x3F, 0x04, 0x09, 0x16, 0x1A, 0x1B ; file 198A34
db 0x18, 0xEF, 0x09, 0x15, 0x1A, 0x1C, 0x01, 0x01, 0x1B, 0x1A, 0x16, 0xFD, 0x0C, 0xF9, 0x2E, 0x05 ; file 198A44
db 0x0E, 0x13, 0x16, 0x15, 0x10, 0xBF, 0x03, 0x15, 0x1B, 0x1C, 0x1A, 0x1C, 0xB3, 0x00, 0x12, 0xFC ; file 198A54
db 0xDE, 0x24, 0xAF, 0x0B, 0x05, 0x13, 0x0C, 0x0D, 0x15, 0x18, 0xFF, 0x1B, 0x18, 0x1A, 0x1A, 0x1A ; file 198A64
db 0x0F, 0x08, 0x05, 0xFC, 0x5A, 0x4F, 0x54, 0x31, 0x0F, 0x0E, 0x0E, 0x11, 0x16, 0x15, 0x3F, 0x15 ; file 198A74
db 0x13, 0x13, 0x0C, 0x04, 0x1E, 0x13, 0x4F, 0x4E, 0x42, 0xFF, 0x05, 0x01, 0x05, 0x0F, 0x0F, 0x0C ; file 198A84
db 0x0C, 0x0B, 0xF9, 0x05, 0xED, 0x0C, 0x07, 0x08, 0x02, 0x01, 0x08, 0x0B, 0x05, 0x13, 0x05, 0x07 ; file 198A94
db 0x41, 0x0F, 0x96, 0x49, 0x03, 0x0B, 0x1C, 0x01, 0x0F, 0x01, 0x0F, 0x00, 0x01, 0x0F, 0x01, 0x0F ; file 198AA4
db 0x01, 0x0F, 0x33, 0x5E, 0x99, 0x0F, 0x10, 0x5D, 0x5B, 0x4F, 0x99, 0x5D, 0x00, 0x62, 0x1F, 0xBB ; file 198AB4
db 0x5D, 0x1D, 0x39, 0x01, 0x0F, 0xEE, 0x22, 0x45, 0x0F, 0x91, 0x1D, 0x22, 0x0F, 0x66, 0x03, 0x0C ; file 198AC4
db 0x07, 0x1B, 0x52, 0x4A, 0x01, 0x0F, 0x00, 0x00, 0x0D, 0x43, 0x31, 0x0A, 0x15, 0x2F, 0x23, 0x48 ; file 198AD4
db 0x97, 0x41, 0x0F, 0x1B, 0x5C, 0x32, 0x01, 0x0F, 0x62, 0x53, 0x56, 0x04, 0xF2, 0x20, 0x1C, 0x0F ; file 198AE4
db 0xBA, 0x54, 0x15, 0x11, 0x97, 0x51, 0x25, 0x18, 0x58, 0x41, 0x0C, 0x41, 0x1F, 0xB3, 0x51, 0x11 ; file 198AF4
db 0x97, 0x52, 0x90, 0x41, 0xE1, 0x0A, 0xD2, 0x20, 0x4A, 0x0F, 0xD8, 0x31, 0x35, 0x10, 0x03, 0x18 ; file 198B04
db 0x1B, 0x65, 0x0D, 0x74, 0x50, 0x1B, 0x50, 0x01, 0x23, 0x0B, 0x10, 0x10, 0x91, 0x50, 0x40, 0x8B ; file 198B14
db 0x50, 0x84, 0x40, 0x5D, 0x10, 0x74, 0x5F, 0x1F, 0x40, 0x08, 0x50, 0x18, 0x89, 0x61, 0x7F, 0x0B ; file 198B24
db 0x18, 0x0C, 0x07, 0x03, 0x04, 0x1B, 0x94, 0x6E, 0x6B, 0x03, 0x15, 0x83, 0x30, 0x13, 0x8B, 0x50 ; file 198B34
db 0x03, 0x0F, 0x59, 0x40, 0xAF, 0x0A, 0x01, 0x16, 0x1B, 0x88, 0x2D, 0x0D, 0x3D, 0x61, 0x0D, 0xFD ; file 198B44
db 0x1C, 0x68, 0x40, 0x0B, 0x1A, 0x18, 0x16, 0x0B, 0x0E, 0x9D, 0x15, 0x96, 0x50, 0x03, 0x1A, 0x1C ; file 198B54
db 0x99, 0x37, 0x83, 0x02, 0x00, 0xEF, 0x13, 0x1A, 0x16, 0x0A, 0xA6, 0x40, 0x16, 0x15, 0x0B, 0x7F ; file 198B64
db 0x13, 0x16, 0x18, 0x0F, 0x00, 0x0A, 0x0C, 0x93, 0x01, 0xF4, 0x95, 0x56, 0x81, 0x61, 0x0A, 0x34 ; file 198B74
db 0x40, 0x03, 0x1E, 0x0F, 0x15, 0xFF, 0x13, 0x07, 0x0C, 0x0E, 0x15, 0x0C, 0x07, 0x0B, 0xC9, 0x05 ; file 198B84
db 0xDF, 0x51, 0xB7, 0x15, 0x0B, 0x4E, 0x41, 0xFF, 0x40, 0x18, 0x0A, 0xFF, 0x1E, 0x0E, 0x13, 0x11 ; file 198B94
db 0x03, 0x08, 0x0B, 0x13, 0x27, 0x0B, 0x0C, 0x16, 0x0C, 0x62, 0x16, 0x15, 0x09, 0x02, 0x72, 0xDA ; file 198BA4
db 0x30, 0xFD, 0x0A, 0x4D, 0x50, 0x12, 0x00, 0x08, 0x15, 0x13, 0x0D, 0x47, 0x08, 0x0E, 0x15, 0x1B ; file 198BB4
db 0x10, 0xFC, 0x17, 0x0C, 0x52, 0x08, 0xB3, 0x50, 0x7C, 0x6F, 0x51, 0x45, 0x60, 0x16, 0x10, 0x1E ; file 198BC4
db 0x08, 0x13, 0x16, 0x19, 0x9B, 0x03, 0x16, 0x69, 0x71, 0x1E, 0x0E, 0x70, 0x70, 0x73, 0x51, 0x0C ; file 198BD4
db 0x7F, 0x18, 0x18, 0x15, 0x03, 0x0E, 0x13, 0x0F, 0x9E, 0x19, 0xE8, 0x0A, 0x73, 0x0D, 0x10, 0x63 ; file 198BE4
db 0x60, 0x1C, 0xB3, 0x00, 0x13, 0x0C, 0x07, 0xEB, 0x15, 0x1A, 0x22, 0x0A, 0x13, 0x74, 0x02, 0x0F ; file 198BF4
db 0x1A, 0x1B, 0x9A, 0x22, 0x01, 0x10, 0x2F, 0x50, 0x05, 0x0B, 0x22, 0x00, 0xC2, 0x78, 0x1E, 0x91 ; file 198C04
db 0x15, 0x65, 0x50, 0x73, 0x50, 0x40, 0x00, 0x07, 0xBF, 0x60, 0x2A, 0x00, 0x05, 0xB2, 0x99, 0x50 ; file 198C14
db 0x13, 0x34, 0x79, 0x8F, 0x50, 0x1B, 0x0B, 0x6B, 0x70, 0x1C, 0xFF, 0x15, 0x02, 0x16, 0x1B, 0x1B ; file 198C24
db 0x13, 0x1A, 0x1B, 0x5F, 0x0D, 0x0F, 0x1A, 0x1A, 0x08, 0x0D, 0x79, 0x08, 0x71, 0x60, 0xD5, 0x13 ; file 198C34
db 0xF9, 0x71, 0x1A, 0x22, 0x00, 0x1A, 0x52, 0x00, 0x13, 0x15, 0xE8, 0xEA, 0x73, 0x86, 0x68, 0x50 ; file 198C44
db 0x50, 0x12, 0xB7, 0x50, 0x1C, 0x0A, 0x16, 0xFB, 0x1A, 0x18, 0x44, 0x00, 0x13, 0x18, 0x1A, 0x18 ; file 198C54
db 0x02, 0xDE, 0x2D, 0x5D, 0x18, 0x1C, 0x18, 0x11, 0xD2, 0x51, 0x15, 0x13, 0xDE, 0x7A, 0x10, 0x08 ; file 198C64
db 0x11, 0x15, 0x0B, 0x22, 0x0C, 0x00, 0x04, 0xEE, 0xA8, 0x00, 0x1A, 0x16, 0x18, 0x70, 0x10, 0x07 ; file 198C74
db 0x08, 0x05, 0xDF, 0x04, 0x02, 0x05, 0x01, 0x02, 0x8A, 0x4D, 0x1E, 0x05, 0xFE, 0x14, 0x60, 0x1A ; file 198C84
db 0x13, 0x0B, 0x12, 0x18, 0x1C, 0x1B, 0x78, 0x01, 0x00, 0x50, 0x22, 0x23, 0x0E, 0x11, 0x15, 0x18 ; file 198C94
db 0x11, 0xB4, 0x50, 0xB6, 0x95, 0x53, 0x1B, 0x03, 0x3A, 0x3F, 0x03, 0x08, 0xD5, 0x10, 0x07, 0xFE ; file 198CA4
db 0x44, 0x00, 0x1A, 0x1B, 0x1B, 0x1C, 0x13, 0x13, 0x0D, 0x79, 0x1B, 0x46, 0x0F, 0xC6, 0x80, 0x11 ; file 198CB4
db 0x0F, 0x0F, 0x15, 0x8D, 0x70, 0x9F, 0x18, 0x18, 0x11, 0x05, 0x05, 0xFC, 0x5F, 0xC7, 0x82, 0x08 ; file 198CC4
db 0xFD, 0x08, 0xFC, 0x10, 0x11, 0x11, 0x11, 0x0C, 0x04, 0x02, 0x7C, 0x34, 0x3F, 0xAD, 0x83, 0x01 ; file 198CD4
db 0x01, 0x0E, 0x0E, 0x09, 0x63, 0x60, 0x3C, 0x94, 0x5F, 0xD1, 0x87, 0x07, 0x08, 0x04, 0x05, 0x75 ; file 198CE4
db 0x5F, 0x01, 0x0F, 0x08, 0x01, 0x0F, 0x01, 0x0F, 0x01, 0x0F, 0x00, 0x8C, 0x3F, 0x88, 0x4E, 0xBE ; file 198CF4
db 0x0F, 0x22, 0x0F, 0x00, 0x01, 0x0F, 0x05, 0x0A, 0x95, 0x92, 0x01, 0x0F, 0x43, 0x89, 0x39, 0xAF ; file 198D04
db 0x87, 0x4D, 0x9D, 0x4F, 0xC0, 0x55, 0xBD, 0xEF, 0x9F, 0xDC, 0x9F, 0x01, 0x0F, 0x99, 0xBB, 0x36 ; file 198D14
db 0x21, 0x0A, 0x10, 0x80, 0x05, 0x6F, 0x98, 0x57, 0x86, 0x41, 0x85, 0x80, 0xF5, 0x0F, 0xEB, 0xA7 ; file 198D24
db 0x09, 0x50, 0x0B, 0x53, 0x1C, 0x11, 0x22, 0x0F, 0xA6, 0xA6, 0x15, 0x51, 0xA0, 0x07, 0x9F, 0xAF ; file 198D34
db 0x04, 0x64, 0xA8, 0x31, 0x91, 0x03, 0x22, 0x01, 0xFE, 0x30, 0x8E, 0x0F, 0x12, 0x00, 0x75, 0x52 ; file 198D44
db 0xA3, 0x0B, 0x1C, 0x88, 0x00, 0x94, 0x30, 0x1C, 0x1E, 0x10, 0x29, 0xA0, 0x0A, 0x7C, 0x2F, 0x90 ; file 198D54
db 0x28, 0xB0, 0x13, 0x03, 0x00, 0x02, 0x18, 0x30, 0x5E, 0xAB, 0x00, 0x11, 0x3F, 0x01, 0x1B, 0xBD ; file 198D64
db 0x20, 0x08, 0x03, 0x61, 0x02, 0xAB, 0x15, 0x1C, 0xAF, 0x0D, 0x0A, 0x36, 0x61, 0x0B, 0x62, 0x90 ; file 198D74
db 0x03, 0x7F, 0x11, 0x15, 0x16, 0x0A, 0x0A, 0x04, 0x11, 0x09, 0x58, 0xEC, 0xA3, 0xC4, 0xB5, 0x11 ; file 198D84
db 0x10, 0x1C, 0x50, 0xB0, 0x0F, 0x18, 0x16, 0xAF, 0x0F, 0x0A, 0x04, 0x0E, 0x22, 0x0D, 0x0A, 0xF4 ; file 198D94
db 0xA2, 0x11, 0x3C, 0xE2, 0xA0, 0x5E, 0xA0, 0x1A, 0x12, 0x0C, 0x13, 0xDF, 0x90, 0x2F, 0xA0, 0xE6 ; file 198DA4
db 0x74, 0x58, 0x0B, 0x15, 0xC5, 0xA3, 0xE7, 0xA0, 0x0C, 0x11, 0x15, 0xFF, 0x0D, 0x0C, 0x15, 0x0E ; file 198DB4
db 0x11, 0x0C, 0x03, 0x0C, 0xCD, 0x0F, 0x2C, 0xB8, 0x1E, 0x0E, 0xFF, 0x01, 0xBC, 0x40, 0x16, 0x00 ; file 198DC4
db 0xFF, 0x05, 0x11, 0x13, 0x0B, 0x09, 0x0F, 0x11, 0x15, 0x0F, 0x0F, 0x0C, 0x05, 0x09, 0x72, 0xC3 ; file 198DD4
db 0xCB, 0x04, 0x49, 0x11, 0xA6, 0x00, 0xFF, 0x15, 0x00, 0x03, 0x13, 0x15, 0x07, 0x07, 0x0E, 0xAB ; file 198DE4
db 0x11, 0x15, 0x00, 0xA0, 0x13, 0xBA, 0x39, 0x0F, 0x5B, 0xC1, 0x1E, 0x7D, 0x0E, 0x22, 0x20, 0x0A ; file 198DF4
db 0x15, 0x18, 0x0A, 0x07, 0x2E, 0x90, 0x41, 0x0B, 0x8D, 0x01, 0x71, 0x1A, 0xAF, 0x11, 0x62, 0xC1 ; file 198E04
db 0x91, 0x90, 0x0D, 0xC0, 0xA0, 0x43, 0x16, 0x0A, 0x87, 0x40, 0xF3, 0x09, 0xE6, 0x62, 0x16, 0xC0 ; file 198E14
db 0x1A, 0x2F, 0x70, 0x7F, 0x1B, 0x10, 0x0A, 0x18, 0x1A, 0x16, 0x0D, 0xB7, 0xB0, 0xA1, 0x13, 0x9D ; file 198E24
db 0x18, 0x06, 0x50, 0xF4, 0x10, 0xBC, 0xA0, 0x0A, 0x71, 0x10, 0x10, 0x3E, 0x65, 0xA0, 0x0C, 0x0A ; file 198E34
db 0x13, 0x18, 0x0E, 0x80, 0x10, 0x51, 0x59, 0x7B, 0x1A, 0x1E, 0xDD, 0x10, 0x1C, 0x0A, 0x05, 0x18 ; file 198E44
db 0x73, 0x52, 0x75, 0x0C, 0x08, 0xB0, 0x0E, 0x96, 0x29, 0x0C, 0x13, 0x1B, 0x72, 0xC0, 0x76, 0xD5 ; file 198E54
db 0x50, 0x12, 0x02, 0x14, 0x51, 0x1B, 0x1B, 0x07, 0x2E, 0xB0, 0x79, 0x0F, 0xF7, 0xB8, 0xCC, 0x90 ; file 198E64
db 0x11, 0x18, 0x13, 0x1E, 0xB3, 0x50, 0xF5, 0x18, 0xD7, 0x10, 0x1A, 0x2D, 0xB1, 0x13, 0x1B, 0x1A ; file 198E74
db 0x05, 0x5C, 0x1E, 0x3A, 0xE8, 0x40, 0x1B, 0x12, 0x05, 0xB3, 0x50, 0x08, 0x3A, 0xA0, 0x98, 0x4F ; file 198E84
db 0xB1, 0x19, 0x50, 0x73, 0x5C, 0x05, 0x09, 0x63, 0xD0, 0xD5, 0x50, 0x09, 0xE8, 0x7B, 0x10, 0xB3 ; file 198E94
db 0x50, 0x93, 0xB0, 0x16, 0x66, 0x4D, 0x05, 0x0E, 0x1A, 0x7F, 0x1C, 0x18, 0x18, 0x18, 0x0B, 0x11 ; file 198EA4
db 0x11, 0x03, 0x00, 0x35, 0x09, 0x31, 0x70, 0x08, 0x88, 0x4D, 0x03, 0x05, 0x44, 0x60, 0xAC, 0x50 ; file 198EB4
db 0x6F, 0x03, 0x03, 0x12, 0x0F, 0x29, 0xB0, 0x02, 0x02, 0xB6, 0x5D, 0x28, 0xEF, 0x70, 0xF5, 0x10 ; file 198EC4
db 0x69, 0xB0, 0x18, 0x05, 0xB1, 0x1C, 0x97, 0xD1, 0x01, 0x0F, 0xAF, 0x05, 0x05, 0x04, 0x15, 0x54 ; file 198ED4
db 0xC0, 0x1B, 0xB7, 0x50, 0x1C, 0xF9, 0x1A, 0xD4, 0x82, 0x01, 0x0F, 0x07, 0x15, 0x0F, 0x11, 0x11 ; file 198EE4
db 0x37, 0x1A, 0x1A, 0x18, 0xE1, 0xB0, 0x0F, 0x03, 0xEF, 0x2F, 0x76, 0xF2, 0x3F, 0x0B, 0x08, 0x09 ; file 198EF4
db 0x15, 0x15, 0x15, 0x24, 0x60, 0x35, 0xB0, 0xFC, 0x46, 0x0F, 0x55, 0xF2, 0x01, 0x04, 0x0E, 0x11 ; file 198F04
db 0x0E, 0x0F, 0xD2, 0x94, 0x51, 0x05, 0x1E, 0x0F, 0x42, 0xE3, 0x02, 0x06, 0xB0, 0x08, 0x09, 0x73 ; file 198F14
db 0x05, 0x01, 0x74, 0x5F, 0x9C, 0xF7, 0x02, 0x02, 0x1E, 0x94, 0x5F, 0x00, 0x01, 0x0F, 0x01, 0x0F ; file 198F24
db 0x77, 0xF7, 0x14, 0x0F, 0x54, 0x9C, 0xAB, 0x4F, 0x57, 0x9F, 0x01, 0x0F, 0x00, 0x05, 0x0A, 0x47 ; file 198F34
db 0x82, 0x01, 0x0F, 0x8B, 0x89, 0x22, 0x0F, 0x79, 0x9D, 0xAA, 0x0F, 0x27, 0x4C, 0x00, 0x4F, 0xF1 ; file 198F44
db 0x01, 0x0F, 0x9B, 0x99, 0x93, 0xE8, 0x01, 0x0F, 0xBA, 0xB2, 0xAC, 0x7F, 0x30, 0xBC, 0xE6, 0x9C ; file 198F54
db 0xE0, 0x03, 0x18, 0x67, 0xDF, 0x95, 0xF8, 0x1B, 0x1A, 0x03, 0xE7, 0x07, 0x15, 0x1C, 0xAE, 0x0F ; file 198F64
db 0x1E, 0xE7, 0x15, 0x11, 0x03, 0x8F, 0x1E, 0x15, 0x1C, 0x08, 0x1A, 0x0F, 0x96, 0xF7, 0x9F, 0x20 ; file 198F74
db 0x13, 0x11, 0x1C, 0xDA, 0x1F, 0x5F, 0xC3, 0xE8, 0x00, 0x10, 0x73, 0xB0, 0x82, 0xE0, 0x57, 0x51 ; file 198F84
db 0x14, 0xAD, 0xF9, 0xD5, 0xF8, 0x12, 0x03, 0x40, 0x03, 0x9B, 0xF1, 0xD1, 0x20, 0xB6, 0x39, 0xAA ; file 198F94
db 0xC4, 0xC3, 0x09, 0xB7, 0xB2, 0x1E, 0xF6, 0xF1, 0x03, 0x2D, 0xB0, 0x1C, 0x6A, 0x7F, 0x1D, 0x10 ; file 198FA4
db 0x74, 0x51, 0x03, 0xED, 0x01, 0x0C, 0x11, 0x7F, 0x50, 0x6B, 0x02, 0x0C, 0x22, 0x0D, 0x0A, 0x4A ; file 198FB4
db 0xA2, 0x10, 0x1C, 0x0F, 0x10, 0x7F, 0x13, 0x13, 0x16, 0x07, 0x0A, 0x05, 0x0B, 0x44, 0x0D, 0xE5 ; file 198FC4
db 0x10, 0xD4, 0x12, 0x13, 0x86, 0x90, 0xE1, 0x90, 0x16, 0x10, 0x0F, 0x1B, 0x05, 0x09, 0x66, 0x0D ; file 198FD4
db 0x05, 0x0B, 0xB2, 0x11, 0x48, 0x50, 0xC5, 0xA0, 0xBF, 0x16, 0x16, 0x0D, 0x13, 0x18, 0x16, 0x8A ; file 198FE4
db 0x61, 0x10, 0xF2, 0x0B, 0x28, 0x03, 0xA0, 0x61, 0x0C, 0x70, 0x1A, 0x0F, 0x1E, 0x0F, 0x1F, 0x0F ; file 198FF4
db 0x13, 0x07, 0x0F, 0x16, 0xA7, 0x51, 0xE1, 0xB0, 0x5E, 0x17, 0x71, 0x03, 0x47, 0xB0, 0xB8, 0x51 ; file 199004
db 0xBF, 0x50, 0x0E, 0x15, 0x13, 0xB6, 0x40, 0x92, 0x74, 0x50, 0x13, 0x99, 0x40, 0x2A, 0xF7, 0x03 ; file 199014
db 0x04, 0x10, 0xE5, 0x60, 0x11, 0xEE, 0xEB, 0x60, 0x0E, 0x16, 0x10, 0xE9, 0x50, 0x13, 0x16, 0x11 ; file 199024
db 0xD1, 0x18, 0x7F, 0x90, 0x40, 0x69, 0xD0, 0x11, 0x07, 0xC7, 0x00, 0x1E, 0x13, 0x1E, 0x20, 0xC0 ; file 199034
db 0x0E, 0x18, 0x13, 0x16, 0x92, 0xF0, 0x8B, 0xC2, 0x5C, 0x26, 0xF8, 0xF6, 0xD1, 0xDA, 0xA0, 0xCC ; file 199044
db 0x00, 0x1B, 0x15, 0x03, 0x13, 0x1A, 0xCF, 0x13, 0x18, 0x08, 0x0F, 0x2C, 0x61, 0xB4, 0xB8, 0x1B ; file 199054
db 0x10, 0xED, 0x1E, 0xC8, 0x20, 0x1B, 0x0A, 0x95, 0x50, 0x15, 0x0A, 0x16, 0x0F, 0x1B, 0x15, 0x16 ; file 199064
db 0x09, 0x8C, 0x00, 0x4D, 0xB8, 0xEC, 0xF0, 0x2C, 0x60, 0xFC, 0x04, 0xB1, 0x06, 0x70, 0x15, 0x0A ; file 199074
db 0x1B, 0x1C, 0x0F, 0x0B, 0x57, 0x0F, 0x18, 0x0F, 0xD7, 0x29, 0x03, 0xF2, 0xB0, 0x05, 0xC0, 0xC0 ; file 199084
db 0x4B, 0x1C, 0x12, 0x95, 0x51, 0x10, 0x08, 0xB0, 0x95, 0x50, 0x0C, 0x43, 0x4A, 0x5F, 0x05, 0x0E ; file 199094
db 0x16, 0x15, 0x1E, 0x91, 0x50, 0x15, 0x95, 0x50, 0xA2, 0x73, 0x51, 0x07, 0xE5, 0x51, 0xDF, 0x1A ; file 1990A4
db 0x73, 0x51, 0x0C, 0x1E, 0x01, 0x0C, 0x3D, 0x1A, 0xE7, 0x40, 0x1B, 0x1B, 0x05, 0x15, 0x95, 0x50 ; file 1990B4
db 0xC4, 0x3B, 0xA5, 0x05, 0xC3, 0xA0, 0x10, 0x1B, 0x00, 0x95, 0x50, 0x16, 0xBA, 0x50, 0x0B, 0xE8 ; file 1990C4
db 0xD6, 0xF0, 0xAF, 0xFD, 0xB8, 0x50, 0x1B, 0x1B, 0x01, 0x15, 0x16, 0x13, 0xE7, 0x16, 0x1A, 0x16 ; file 1990D4
db 0x5D, 0x51, 0xE6, 0xAE, 0x09, 0x16, 0x1A, 0xFF, 0x1A, 0x13, 0x0C, 0x08, 0x0A, 0x09, 0x0B, 0x0F ; file 1990E4
db 0x1F, 0x0C, 0x08, 0x11, 0x16, 0x18, 0xD0, 0x2F, 0x23, 0x12, 0xE8, 0x60, 0xBE, 0x9E, 0xA0, 0x08 ; file 1990F4
db 0x02, 0x08, 0x01, 0x01, 0x95, 0x5F, 0x03, 0x1D, 0x05, 0x0D, 0xC0, 0x00, 0x0C, 0x16, 0x94, 0x51 ; file 199104
db 0x21, 0x60, 0xEC, 0x2F, 0xC0, 0xB7, 0xB1, 0xDC, 0x10, 0xB0, 0x70, 0x07, 0xB1, 0xB2, 0xDF, 0xC6 ; file 199114
db 0xE4, 0x0F, 0x0B, 0xFE, 0xC2, 0xC0, 0x16, 0x18, 0x1A, 0x1C, 0x0F, 0x12, 0x12, 0x6C, 0x9C, 0x3F ; file 199124
db 0x2E, 0xF2, 0x04, 0x04, 0x63, 0xE0, 0x15, 0x16, 0x4A, 0xD0, 0xF9, 0x11, 0x6C, 0x4F, 0x20, 0xC3 ; file 199134
db 0x01, 0x09, 0x0F, 0x0B, 0x0E, 0xC6, 0xD4, 0x70, 0x02, 0x05, 0x4A, 0x4F, 0x31, 0x94, 0x91, 0x50 ; file 199144
db 0x05, 0x08, 0x04, 0x94, 0x5F, 0x55, 0x9A, 0x1E, 0x1E, 0x0F, 0x01, 0x0F, 0x01, 0x0F, 0x59, 0x9E ; file 199154
db 0x01, 0x0F, 0x00, 0xD3, 0x8B, 0x14, 0x0F, 0xEF, 0xEC, 0xE8, 0x0F, 0x21, 0xAD, 0x66, 0x0F, 0x6B ; file 199164
db 0x4C, 0x06, 0x7F, 0x00, 0xB8, 0xFD, 0x56, 0x89, 0x01, 0x0F, 0x96, 0xB1, 0x0B, 0x5F, 0x4B, 0x4D ; file 199174
db 0x43, 0x0F, 0x0D, 0xBF, 0x1C, 0x01, 0x0F, 0x8E, 0x4A, 0x15, 0x07, 0x1A, 0xC7, 0xAF, 0x60, 0xC9 ; file 199184
db 0xB7, 0x30, 0x04, 0x96, 0x5F, 0xCA, 0x0B, 0x07, 0xDD, 0x30, 0xBC, 0x1F, 0x17, 0xC2, 0x29, 0x11 ; file 199194
db 0x67, 0xA1, 0xD0, 0x74, 0x52, 0x01, 0x0F, 0x95, 0x50, 0x1A, 0x91, 0x0D, 0x81, 0xF0, 0x05, 0x18 ; file 1991A4
db 0x2E, 0x12, 0xA0, 0x0A, 0x16, 0x15, 0x5B, 0x1D, 0x0A, 0x42, 0x41, 0x74, 0x50, 0x47, 0x03, 0x00 ; file 1991B4
db 0x05, 0xC6, 0xA0, 0xEE, 0xE0, 0xCD, 0x2E, 0x16, 0xFF, 0xA0, 0x83, 0x00, 0x03, 0xAD, 0x50, 0xCE ; file 1991C4
db 0x80, 0x6F, 0x30, 0x0A, 0xB0, 0x7D, 0x1C, 0x15, 0xDA, 0x8E, 0x12, 0x12, 0x0A, 0xB0, 0x10, 0x0B ; file 1991D4
db 0x2D, 0x01, 0x01, 0x15, 0x36, 0x3A, 0x1C, 0x0A, 0x16, 0xA0, 0x91, 0x0C, 0x1B, 0xDD, 0xA0, 0xEA ; file 1991E4
db 0x80, 0x90, 0xC0, 0xA0, 0x22, 0x00, 0xB6, 0x3D, 0xFA, 0x51, 0x07, 0x0E, 0xE0, 0xD2, 0xF1, 0x15 ; file 1991F4
db 0x8F, 0x0A, 0x0E, 0x01, 0x16, 0xD1, 0x0D, 0xDF, 0xF2, 0x3C, 0xA0, 0x16, 0x9E, 0xAD, 0xA0, 0x18 ; file 199204
db 0x0F, 0x11, 0x16, 0x6E, 0xF0, 0xA0, 0x1C, 0x15, 0xF1, 0x0F, 0x31, 0xB2, 0x76, 0xB0, 0xE3, 0x40 ; file 199214
db 0x0A, 0x0D, 0x15, 0x11, 0xB0, 0x7D, 0xA1, 0xBC, 0x52, 0xCE, 0xD6, 0x85, 0x31, 0x09, 0x13, 0x95 ; file 199224
db 0x50, 0x09, 0xDF, 0x15, 0x0E, 0x03, 0x0C, 0x13, 0x0F, 0x90, 0x0C, 0x0C, 0x55, 0x09, 0x0A, 0x29 ; file 199234
db 0x16, 0x2B, 0xB2, 0x13, 0x27, 0x10, 0x0B, 0xBE, 0xB0, 0x4E, 0xEF, 0xA0, 0x15, 0x13, 0x15, 0x4D ; file 199244
db 0xB0, 0x6F, 0x27, 0x0A, 0x5E, 0x52, 0x41, 0x07, 0x26, 0xB0, 0x95, 0x52, 0x2B, 0x51, 0x65, 0x40 ; file 199254
db 0xAE, 0x09, 0x0A, 0xB6, 0xA0, 0x58, 0x79, 0x52, 0x73, 0x52, 0x4D, 0xF0, 0x0C, 0x18, 0x72, 0xB0 ; file 199264
db 0x16, 0x2C, 0x28, 0xB4, 0xFA, 0xA0, 0xE6, 0xA0, 0x08, 0x08, 0xB2, 0x1C, 0x12, 0xA3, 0x50, 0x0F ; file 199274
db 0xB2, 0x06, 0xB0, 0x11, 0x39, 0xB0, 0xD0, 0x77, 0x13, 0x1A, 0xE1, 0xC0, 0x08, 0xFD, 0x1A, 0x08 ; file 199284
db 0xB0, 0x1A, 0x1C, 0x10, 0x0F, 0x1B, 0x1C, 0x47, 0x0B, 0x0B, 0x11, 0x69, 0xA0, 0x28, 0x29, 0xDC ; file 199294
db 0x40, 0x0B, 0x4C, 0xB1, 0xDF, 0x0D, 0x05, 0x1A, 0x1B, 0x12, 0xC4, 0xA0, 0x1E, 0x0A, 0xEF, 0x16 ; file 1992A4
db 0x1A, 0x09, 0x11, 0x18, 0x39, 0x1E, 0x09, 0x15, 0xFB, 0x16, 0x03, 0x6F, 0x50, 0x10, 0x05, 0x1B ; file 1992B4
db 0x1C, 0x16, 0xC6, 0x2D, 0xB0, 0x1E, 0x12, 0xE6, 0xA0, 0xB5, 0xC1, 0x5B, 0xA8, 0x13, 0x1C, 0x5F ; file 1992C4
db 0x15, 0x13, 0x1B, 0x1C, 0x12, 0x48, 0xB0, 0x16, 0xCD, 0xA0, 0xB6, 0x2E, 0x60, 0x16, 0x07, 0x96 ; file 1992D4
db 0x7B, 0x03, 0x09, 0x34, 0x60, 0x1B, 0xD3, 0x1B, 0x15, 0x6F, 0x10, 0xB6, 0x50, 0x16, 0x7E, 0xB0 ; file 1992E4
db 0x11, 0x03, 0x5A, 0x7D, 0x3C, 0x05, 0x79, 0xA0, 0x16, 0x16, 0xF2, 0xF0, 0x13, 0x12, 0x71, 0xF4 ; file 1992F4
db 0x74, 0xB0, 0xCF, 0x2E, 0x03, 0xE1, 0xA0, 0x18, 0x01, 0x01, 0x07, 0x3F, 0x07, 0x07, 0x0C, 0x0B ; file 199304
db 0x08, 0x0C, 0x77, 0x70, 0xCF, 0x2F, 0xF5, 0x08, 0xDF, 0xC1, 0x12, 0x07, 0xB0, 0x18, 0x0C, 0x04 ; file 199314
db 0x08, 0x73, 0x02, 0x04, 0xCB, 0x4F, 0x09, 0x50, 0x09, 0x18, 0x0A, 0x0F, 0xC0, 0x4E, 0x01, 0x00 ; file 199324
db 0x1C, 0x18, 0x15, 0xCE, 0x4F, 0x94, 0xD2, 0x13, 0x87, 0x00, 0x47, 0x1B, 0x1A, 0x1A, 0x2C, 0xB1 ; file 199334
db 0x21, 0x0F, 0x2B, 0x93, 0x09, 0x20, 0xC0, 0x9E, 0xFD, 0x50, 0x1B, 0x13, 0x0F, 0x0C, 0x8A, 0x4F ; file 199344
db 0x72, 0x54, 0x0E, 0x1E, 0xB9, 0xC0, 0x15, 0x15, 0x0E, 0x02, 0x27, 0xE1, 0x01, 0x0F, 0x95, 0x51 ; file 199354
db 0x5F, 0x05, 0x0E, 0x09, 0x0B, 0x0E, 0x94, 0x50, 0x01, 0x8A, 0x4F, 0x2E, 0xFD, 0xB6, 0x04, 0x05 ; file 199364
db 0x08, 0xC9, 0x00, 0x03, 0x47, 0x4F, 0x95, 0x58, 0x00, 0xEE, 0xE0, 0x17, 0x0F, 0x01, 0x0F, 0x01 ; file 199374
db 0x0F, 0x01, 0x0F, 0x01, 0x0F, 0x31, 0x57, 0x84, 0x4F, 0x00, 0xB7, 0xFD, 0xA6, 0x0F, 0xA6, 0xAC ; file 199384
db 0x0B, 0x1F, 0xCD, 0xED, 0xE3, 0x6F, 0x6C, 0x4D, 0xE9, 0x4F, 0xC0, 0xD9, 0x5C, 0xD0, 0x7E, 0x70 ; file 199394
db 0xBD, 0x64, 0x98, 0x01, 0x0F, 0x1C, 0x62, 0x1B, 0x03, 0x39, 0x0A, 0xCC, 0x0F, 0x0A, 0xBA, 0x16 ; file 1993A4
db 0x0A, 0x1B, 0xD9, 0xF1, 0x01, 0x0F, 0xF0, 0x95, 0x57, 0x55, 0x30, 0x39, 0x8F, 0x52, 0xF8, 0x13 ; file 1993B4
db 0x0A, 0x02, 0x1A, 0xF8, 0xCD, 0x98, 0xCF, 0xBA, 0xB6, 0x92, 0x1A, 0x0F, 0x00, 0x02, 0x1B, 0x68 ; file 1993C4
db 0x20, 0x6F, 0x34, 0xC7, 0xC4, 0x61, 0x09, 0x22, 0x01, 0x0D, 0x15, 0x3A, 0xB1, 0xE2, 0x59, 0x6B ; file 1993D4
db 0x0E, 0x07, 0x72, 0x72, 0xE0, 0x71, 0xF0, 0x03, 0x00, 0x11, 0x88, 0xE6, 0x30, 0xC5, 0xAD, 0xE3 ; file 1993E4
db 0x01, 0x0D, 0xED, 0xA0, 0xA0, 0x30, 0x12, 0x10, 0x04, 0xF0, 0x2B, 0x90, 0xAB, 0xBC, 0xB6, 0x51 ; file 1993F4
db 0x8B, 0x40, 0x07, 0x03, 0x13, 0x0E, 0xE2, 0x95, 0xB1, 0x01, 0x6E, 0xBD, 0x08, 0xB3, 0xFD, 0xE0 ; file 199404
db 0x03, 0x1E, 0x13, 0xDE, 0xC2, 0x50, 0x0A, 0x05, 0x04, 0x1C, 0xC7, 0x8C, 0x1E, 0x0B, 0xFA, 0xAE ; file 199414
db 0xA0, 0x03, 0x6B, 0x50, 0x03, 0x1E, 0x18, 0x18, 0x1A, 0xAF, 0x0C, 0x0F, 0x04, 0x05, 0x22, 0x0D ; file 199424
db 0x07, 0x7F, 0x91, 0x1E, 0x0B, 0x16, 0x1B, 0x4C, 0xB0, 0x16, 0xEB, 0xA0, 0x5E, 0xE0, 0x44, 0x0D ; file 199434
db 0xF4, 0xB2, 0x5F, 0x1E, 0x13, 0x16, 0x15, 0x07, 0x30, 0x90, 0x11, 0x75, 0x90, 0xA7, 0x0F, 0x13 ; file 199444
db 0x13, 0x48, 0xC0, 0x86, 0x48, 0x0C, 0x22, 0x02, 0x0F, 0x9E, 0xE8, 0x00, 0x02, 0x13, 0x15, 0x07 ; file 199454
db 0x10, 0xB0, 0xE6, 0xA0, 0x12, 0x97, 0x08, 0x15, 0x16, 0x58, 0x37, 0x0D, 0xEE, 0x71, 0x22, 0x00 ; file 199464
db 0x0C, 0xFF, 0x00, 0x08, 0x16, 0x16, 0x07, 0x07, 0x15, 0x15, 0x1F, 0x0F, 0x15, 0x0F, 0x0F, 0x01 ; file 199474
db 0xE6, 0xA8, 0x7A, 0xB3, 0x25, 0xB2, 0x3F, 0x0C, 0x18, 0x18, 0x07, 0x0A, 0x15, 0x90, 0xB0, 0x10 ; file 199484
db 0xB0, 0xE0, 0xE4, 0x18, 0x86, 0x50, 0x51, 0xC1, 0xFF, 0xA0, 0x09, 0xD2, 0x10, 0x1A, 0x16, 0x8E ; file 199494
db 0x44, 0x00, 0x15, 0x13, 0x1C, 0x69, 0x87, 0x60, 0xF0, 0xBF, 0xB0, 0x1E, 0x4C, 0xC3, 0xA0, 0x4B ; file 1994A4
db 0xB0, 0x1B, 0x00, 0x29, 0xB0, 0x68, 0x01, 0x13, 0x9B, 0x79, 0x63, 0x09, 0x15, 0x55, 0x10, 0xB2 ; file 1994B4
db 0x51, 0x4B, 0xB0, 0x1A, 0x0A, 0xED, 0xA0, 0x1F, 0x09, 0x0F, 0x16, 0x15, 0x0B, 0x0B, 0xC2, 0xD4 ; file 1994C4
db 0xB5, 0x99, 0xA0, 0xC9, 0x1E, 0x4B, 0xB0, 0x07, 0xB2, 0x10, 0x51, 0x00, 0xFE, 0x50, 0x11, 0x0B ; file 1994D4
db 0x3D, 0x0F, 0x8F, 0x29, 0x09, 0x0F, 0x1A, 0x0A, 0x47, 0xB1, 0x18, 0x80, 0xD4, 0x29, 0xB3, 0x77 ; file 1994E4
db 0x00, 0x10, 0xD4, 0x2A, 0x03, 0x02, 0x70, 0x0F, 0x1A, 0x10, 0x00, 0xB0, 0x91, 0x50, 0x29, 0x61 ; file 1994F4
db 0x29, 0xB0, 0x02, 0x79, 0xD1, 0xC2, 0xA9, 0x87, 0x50, 0x9E, 0x22, 0x00, 0x09, 0x18, 0x1A, 0x16 ; file 199504
db 0x0C, 0x50, 0x43, 0x00, 0x15, 0x31, 0x1E, 0xB4, 0xC2, 0x11, 0xE8, 0x79, 0xA1, 0x16, 0x11, 0xD4 ; file 199514
db 0xD0, 0x29, 0xB0, 0x5F, 0x13, 0x16, 0x1B, 0x1B, 0x13, 0x88, 0x2E, 0x09, 0x6D, 0xC0, 0xDF, 0x09 ; file 199524
db 0x05, 0x07, 0x07, 0x03, 0x94, 0x50, 0x0B, 0x15, 0xB9, 0x1A, 0xE3, 0xB0, 0xC2, 0x4F, 0x08, 0x13 ; file 199534
db 0x12, 0x72, 0x51, 0x1A, 0x3F, 0x0F, 0x05, 0x05, 0x07, 0x05, 0x04, 0xF0, 0x2F, 0xD7, 0xB0, 0x2F ; file 199544
db 0x18, 0x0C, 0x0C, 0x0F, 0x94, 0x52, 0x1A, 0x94, 0x5F, 0xE9, 0xC3, 0x6F, 0x11, 0x0F, 0x0E, 0x11 ; file 199554
db 0x94, 0x50, 0x1A, 0x1C, 0xF6, 0x61, 0xBC, 0x01, 0x0F, 0x0C, 0xD1, 0x08, 0x05, 0x0F, 0x18, 0xDB ; file 199564
db 0xC0, 0x1C, 0x67, 0x13, 0x13, 0x0A, 0x94, 0x5F, 0x06, 0xB4, 0x0C, 0x15, 0x93, 0xD0, 0x4F, 0x16 ; file 199574
db 0x0F, 0x05, 0x0C, 0x56, 0x3F, 0x94, 0x56, 0x08, 0x94, 0x53, 0x00, 0x40, 0xAF, 0x94, 0x5F, 0x01 ; file 199584
db 0x0F, 0x42, 0xC5, 0x04, 0x04, 0x01, 0x0F, 0x01, 0x0F, 0x01, 0x0F, 0x00, 0xDE, 0xD5, 0x61, 0x0F ; file 199594
db 0x3D, 0xAD, 0xC9, 0x4F, 0x27, 0x4C, 0xE8, 0x0F, 0x2E, 0x5E, 0x14, 0x0F, 0x08, 0x06, 0x4F, 0x01 ; file 1995A4
db 0x0F, 0xC2, 0x3A, 0x0B, 0x15, 0x0F, 0x65, 0x0F, 0x01, 0x0F, 0x07, 0x08, 0x99, 0x1A, 0x4C, 0x5F ; file 1995B4
db 0x72, 0x5D, 0x07, 0x00, 0x10, 0x1F, 0xF2, 0xBA, 0x1B, 0xE3, 0x03, 0x16, 0xB4, 0xF0, 0x01, 0x0F ; file 1995C4
db 0x7E, 0x66, 0x1B, 0x1A, 0x07, 0x07, 0x0F, 0x1C, 0x11, 0x46, 0x0F, 0x5D, 0x68, 0x0F, 0x90, 0xD1 ; file 1995D4
db 0x38, 0x31, 0xCB, 0xA4, 0xAF, 0xB2, 0x77, 0x80, 0x0E, 0x22, 0x0F, 0x86, 0x47, 0x03, 0xC3, 0xA0 ; file 1995E4
db 0x1E, 0x4D, 0x15, 0x15, 0x40, 0x03, 0x15, 0x1D, 0x52, 0xB5, 0x5A, 0x16, 0x10, 0x61, 0x0D, 0x10 ; file 1995F4
db 0x4A, 0xB0, 0x1E, 0x13, 0x8E, 0x30, 0x4A, 0xF0, 0xAF, 0x0D, 0x1D, 0xB1, 0x6C, 0x57, 0xC0, 0x4A ; file 199604
db 0xB0, 0x08, 0x13, 0xE0, 0x40, 0x1E, 0x11, 0xD7, 0xBD, 0x68, 0x3D, 0x01, 0x8D, 0xB1, 0x5A, 0xE0 ; file 199614
db 0x0E, 0x82, 0xF1, 0x02, 0x0F, 0x8D, 0x0C, 0x5B, 0x03, 0x16, 0x86, 0x71, 0x07, 0x1B, 0x89, 0x50 ; file 199624
db 0x07, 0xE2, 0xE0, 0x77, 0x00, 0x0D, 0x01, 0x22, 0x0D, 0x00, 0x05, 0x09, 0xE8, 0x50, 0xF3, 0x07 ; file 199634
db 0x0C, 0x21, 0x60, 0x26, 0xF0, 0x15, 0x0A, 0x0F, 0x01, 0x95, 0x11, 0x8E, 0xBD, 0x0F, 0x41, 0x31 ; file 199644
db 0x0C, 0x3C, 0xF0, 0xE4, 0xA0, 0x16, 0x5F, 0x13, 0x10, 0x16, 0x15, 0x18, 0xF3, 0x0D, 0x11, 0x0D ; file 199654
db 0x81, 0xAC, 0x61, 0x00, 0x66, 0x01, 0x11, 0x0B, 0xB6, 0x50, 0x0E, 0x28, 0xB0, 0x12, 0xB8, 0xFE ; file 199664
db 0x59, 0x2F, 0x82, 0x06, 0xB0, 0x0F, 0x00, 0x08, 0x28, 0xB0, 0x0B, 0x1D, 0x13, 0x94, 0x50, 0x0A ; file 199674
db 0x13, 0x05, 0x68, 0xC0, 0xED, 0x08, 0x6C, 0xF1, 0xE5, 0x11, 0x28, 0xB0, 0x0C, 0x48, 0x00, 0x28 ; file 199684
db 0xB0, 0x13, 0x13, 0x15, 0x83, 0x08, 0x05, 0xE1, 0x02, 0x28, 0xB5, 0x52, 0x12, 0xEF, 0xB0, 0xBF ; file 199694
db 0x60, 0x16, 0xCE, 0x4C, 0xF0, 0x13, 0x13, 0x13, 0x28, 0xB1, 0xC2, 0x17, 0x07, 0x18, 0x3E, 0x32 ; file 1996A4
db 0xC0, 0x00, 0x07, 0x16, 0x1B, 0x0D, 0x98, 0x52, 0x2A, 0x50, 0xA1, 0x16, 0xE1, 0x30, 0x1A, 0xC9 ; file 1996B4
db 0x64, 0x50, 0xC6, 0x90, 0x0A, 0x02, 0xB0, 0x02, 0xDC, 0xED, 0x01, 0x28, 0xB1, 0x0F, 0x11, 0x13 ; file 1996C4
db 0x5E, 0xC9, 0x03, 0x0F, 0xE5, 0x18, 0xBE, 0xB0, 0x07, 0x72, 0xB0, 0xBA, 0x51, 0x0D, 0x18, 0x1C ; file 1996D4
db 0x6B, 0x0F, 0x0B, 0x92, 0xB0, 0x0E, 0x28, 0x29, 0x08, 0x0F, 0x21, 0x70, 0x7E, 0x4C, 0x50, 0x10 ; file 1996E4
db 0x01, 0x1A, 0x1C, 0x15, 0x12, 0x72, 0x50, 0xF5, 0x0A, 0xCC, 0x60, 0x10, 0x06, 0x29, 0x03, 0x08 ; file 1996F4
db 0x15, 0x1A, 0x6D, 0x1E, 0x6C, 0xB0, 0x12, 0x09, 0x28, 0xB2, 0x1A, 0x1E, 0xBA, 0x50, 0x69, 0x1E ; file 199704
db 0x17, 0xD2, 0x71, 0x59, 0x1A, 0xC0, 0xC0, 0x15, 0x11, 0x4A, 0xB0, 0xCC, 0xB9, 0x50, 0x71, 0x60 ; file 199714
db 0x16, 0x05, 0xAF, 0x2B, 0x45, 0x00, 0x1B, 0x18, 0x9E, 0x9E, 0xC0, 0x0F, 0x1A, 0x1A, 0x15, 0xC2 ; file 199724
db 0xC0, 0x51, 0xB0, 0x13, 0xED, 0x1E, 0x6B, 0x2C, 0x08, 0x0F, 0xB0, 0x50, 0x16, 0x13, 0x0B, 0xF0 ; file 199734
db 0x94, 0x50, 0x28, 0xB2, 0xCB, 0x8F, 0x6B, 0x10, 0x16, 0x18, 0x09, 0x04, 0xCB, 0x07, 0x03, 0x28 ; file 199744
db 0xB1, 0x0E, 0xB4, 0x60, 0x88, 0x4F, 0x08, 0x0B, 0xF7, 0x0F, 0x13, 0x0D, 0xE9, 0x00, 0x1B, 0x18 ; file 199754
db 0x0C, 0x02, 0x13, 0x05, 0x04, 0x28, 0xBF, 0x28, 0xB1, 0x08, 0x28, 0xB0, 0xA9, 0xB0, 0x28, 0xBF ; file 199764
db 0x06, 0x60, 0xC8, 0x0F, 0x0F, 0xD3, 0x00, 0x28, 0xB1, 0x8C, 0xBF, 0x28, 0xB6, 0x94, 0x52, 0x41 ; file 199774
db 0x1B, 0xEC, 0x80, 0x94, 0x5F, 0x94, 0x57, 0x28, 0xBF, 0x28, 0xBE, 0x0F, 0x94, 0x5F, 0x00, 0x94 ; file 199784
db 0x5F, 0x94, 0x5F, 0x94, 0x5F, 0x01, 0x0F, 0x01, 0x0F, 0x01, 0x0F, 0x7C, 0xA3, 0x5E, 0x0F, 0x00 ; file 199794
db 0xCE, 0xFD, 0xA2, 0x0F, 0x24, 0xBD, 0x13, 0x0F, 0x5B, 0xAC, 0xC3, 0xD8, 0x01, 0x0F, 0x84, 0x42 ; file 1997A4
db 0x04, 0x44, 0x0F, 0x0A, 0xFC, 0x13, 0xB3, 0x5F, 0xAB, 0xBD, 0xA9, 0x0F, 0x68, 0xBC, 0xB0, 0xE8 ; file 1997B4
db 0x30, 0x01, 0x0F, 0x8B, 0x43, 0x14, 0x0F, 0xDA, 0x9B, 0x1A, 0x1A, 0x47, 0x00, 0xA2, 0x2F, 0xC6 ; file 1997C4
db 0xEC, 0x09, 0x1A, 0x03, 0xC3, 0xE0, 0x26, 0xBF, 0x1E, 0xA8, 0x0F, 0x03, 0x08, 0x26, 0xB0, 0x79 ; file 1997D4
db 0x1F, 0x09, 0xF8, 0x07, 0x51, 0x90, 0x13, 0x1F, 0x71, 0xC3, 0x8F, 0xA1, 0x8D, 0x12, 0x4F, 0x50 ; file 1997E4
db 0x05, 0x1A, 0x22, 0x00, 0xD9, 0x90, 0xF7, 0x0E, 0x13, 0xDA, 0x9F, 0x01, 0x18, 0xB0, 0xE0, 0x0A ; file 1997F4
db 0x15, 0x86, 0x90, 0x0B, 0x18, 0x15, 0x1A, 0x3B, 0x1D, 0x0D, 0x4F, 0xC1, 0x03, 0xF5, 0x90, 0x3A ; file 199804
db 0xA0, 0x5A, 0xC0, 0xD4, 0x46, 0x40, 0xE5, 0x8C, 0x0A, 0xAC, 0xE2, 0x0D, 0x89, 0x40, 0x0C, 0x09 ; file 199814
db 0x42, 0xBF, 0xC1, 0x01, 0xC9, 0xF9, 0x64, 0x03, 0x59, 0xB1, 0xAD, 0x90, 0x10, 0xE5, 0x40, 0x1F ; file 199824
db 0x18, 0x0F, 0x00, 0x0C, 0x01, 0xA1, 0x49, 0x19, 0x63, 0x2B, 0x41, 0x73, 0x07, 0x11, 0x1E, 0x50 ; file 199834
db 0x93, 0x50, 0x16, 0x0A, 0x0E, 0x22, 0x0E, 0xD7, 0x00, 0x09, 0x09, 0xF5, 0xF1, 0x15, 0xAA, 0x00 ; file 199844
db 0x05, 0x15, 0x4F, 0x18, 0x13, 0x0D, 0x15, 0xB5, 0x90, 0x42, 0x60, 0x0C, 0x19, 0x18, 0xF5, 0x0F ; file 199854
db 0xA0, 0xD1, 0x0A, 0x19, 0xF0, 0x03, 0x05, 0x13, 0x13, 0x8F, 0x0C, 0x0B, 0x15, 0x13, 0x61, 0xC0 ; file 199864
db 0xCA, 0xC0, 0x4F, 0x28, 0x0F, 0xF4, 0x9D, 0xB1, 0x93, 0x50, 0x15, 0xB4, 0xF0, 0x15, 0x07, 0x0A ; file 199874
db 0x11, 0x8E, 0x70, 0x50, 0x0A, 0x13, 0x04, 0x5E, 0x50, 0x22, 0x0B, 0x49, 0xB0, 0x0D, 0xA6, 0xF9 ; file 199884
db 0x51, 0x03, 0x07, 0x52, 0xB0, 0xB8, 0x50, 0x09, 0xC3, 0x19, 0x12, 0xA4, 0x6A, 0x11, 0xBF, 0x60 ; file 199894
db 0x0D, 0x2C, 0x10, 0x27, 0xB2, 0x11, 0x8A, 0x40, 0x15, 0x98, 0xB5, 0x58, 0x88, 0x70, 0x49, 0xB1 ; file 1998A4
db 0x15, 0x1A, 0xA3, 0x60, 0xDF, 0x10, 0x0F, 0x2F, 0x1A, 0x16, 0x15, 0x0F, 0xAB, 0x60, 0x1C, 0x71 ; file 1998B4
db 0x58, 0x29, 0xA0, 0x8C, 0x4E, 0xC0, 0x5E, 0xB0, 0x00, 0x0E, 0x27, 0xB0, 0xF4, 0x40, 0xF9, 0xF2 ; file 1998C4
db 0x1A, 0xD8, 0x49, 0xB9, 0xFF, 0x40, 0x15, 0xC1, 0x18, 0x1E, 0x84, 0x40, 0x03, 0x15, 0xB7, 0x1C ; file 1998D4
db 0x13, 0x0A, 0x23, 0x60, 0x09, 0x11, 0xA0, 0xC8, 0x09, 0xA0, 0x76, 0x00, 0x6B, 0xB0, 0xB4, 0xC0 ; file 1998E4
db 0xCE, 0xF0, 0xB5, 0x50, 0x11, 0xFD, 0x50, 0x13, 0xA6, 0x8D, 0xFA, 0x03, 0x08, 0x53, 0x00, 0x67 ; file 1998F4
db 0xB0, 0x1B, 0x04, 0x01, 0x15, 0xD7, 0x1B, 0x1C, 0x0C, 0xFD, 0x50, 0x11, 0x27, 0xBB, 0x1E, 0x11 ; file 199904
db 0x53, 0x18, 0x1A, 0x22, 0x01, 0xFD, 0x50, 0x1B, 0xE0, 0xA0, 0x0F, 0x6F, 0xB0, 0x31, 0x08, 0xC3 ; file 199914
db 0x3C, 0x93, 0x50, 0xC0, 0x40, 0x1B, 0x09, 0x0D, 0x70, 0x02, 0xB0, 0xB5, 0x0D, 0xB6, 0xB0, 0x1E ; file 199924
db 0x8D, 0x2C, 0x03, 0x0B, 0x29, 0x70, 0x18, 0xC9, 0x18, 0xB7, 0xB0, 0x04, 0xD0, 0x18, 0x94, 0x50 ; file 199934
db 0x0E, 0x5F, 0x08, 0x15, 0xFF, 0x18, 0x1A, 0x15, 0x09, 0x02, 0x0A, 0x1E, 0x09, 0x7F, 0x0E, 0x0B ; file 199944
db 0x05, 0x0F, 0x16, 0x1A, 0x0C, 0x88, 0x4E, 0x97, 0x03, 0x0B, 0x11, 0x98, 0xC0, 0x15, 0x24, 0xD0 ; file 199954
db 0x28, 0x00, 0x08, 0xF7, 0x01, 0x01, 0x01, 0xCC, 0x2F, 0x05, 0x01, 0x0B, 0x18, 0xC2, 0xFF, 0xE0 ; file 199964
db 0x1C, 0x27, 0xB0, 0x94, 0x51, 0x21, 0x0F, 0x4A, 0xB0, 0x12, 0x15, 0x0F, 0x0C, 0x11, 0x15, 0x1C ; file 199974
db 0xCE, 0x00, 0x4A, 0xB0, 0x1F, 0x0F, 0x84, 0x82, 0x33, 0x0C, 0x0B, 0x84, 0xC0, 0x90, 0x00, 0x1C ; file 199984
db 0x0F, 0x0D, 0x1C, 0xA7, 0x87, 0xF7, 0x02, 0x01, 0x0F, 0x60, 0x60, 0x15, 0x15, 0x09, 0x0A, 0xF8 ; file 199994
db 0x54, 0x22, 0x01, 0x0F, 0x0B, 0xE0, 0x08, 0x0F, 0x0B, 0x0C, 0x0E, 0xCF, 0x0E, 0x05, 0x02, 0x05 ; file 1999A4
db 0x9B, 0x3F, 0xAA, 0xF5, 0x08, 0x05, 0x07, 0x05, 0x08, 0x05, 0x94, 0x50, 0x1B, 0x0F, 0xFA, 0xB6 ; file 1999B4
db 0x5A, 0x61, 0xCA, 0x0F, 0x00, 0x01, 0x0F, 0x01, 0x0F, 0xAF, 0x92, 0x13, 0x0F, 0x14, 0xAD, 0x14 ; file 1999C4
db 0x0F, 0x03, 0x0C, 0x75, 0x6F, 0x00, 0xC6, 0x4E, 0x14, 0x0F, 0x9B, 0xAC, 0x8A, 0xE8, 0x01, 0x0F ; file 1999D4
db 0x50, 0x92, 0x78, 0x4F, 0x7A, 0xAD, 0x80, 0x88, 0x0F, 0xBE, 0xAD, 0xE3, 0x4F, 0x91, 0x5D, 0x22 ; file 1999E4
db 0x0F, 0x5F, 0xAD, 0xCC, 0x00, 0x0A, 0x91, 0x16, 0x8D, 0x0F, 0xBD, 0x39, 0x98, 0xA0, 0x1B, 0x84 ; file 1999F4
db 0x98, 0x8A, 0xDE, 0x16, 0x03, 0x16, 0x0A, 0x4E, 0x50, 0xA2, 0xA0, 0x01, 0x0F, 0x1C, 0xA5, 0xA8 ; file 199A04
db 0x30, 0xEE, 0xF0, 0x18, 0x19, 0x0F, 0x75, 0x17, 0xE2, 0xF0, 0x1E, 0x16, 0x22, 0x00, 0x8D, 0x00 ; file 199A14
db 0xF9, 0xBE, 0x91, 0x0A, 0x71, 0x11, 0x9A, 0xF1, 0x40, 0x60, 0x0A, 0xE2, 0x91, 0x77, 0xEE, 0x0C ; file 199A24
db 0x45, 0x0F, 0x22, 0x04, 0x1E, 0xA5, 0x40, 0xB4, 0xF0, 0x90, 0xBE, 0x07, 0x8A, 0xB2, 0x46, 0x03 ; file 199A34
db 0x31, 0x08, 0x13, 0x85, 0x90, 0x25, 0xBE, 0x7C, 0xA4, 0x0A, 0xCB, 0xF0, 0xDE, 0x0F, 0x50, 0x16 ; file 199A44
db 0x0A, 0x0A, 0x05, 0xF6, 0xBE, 0x07, 0x1A, 0xFC, 0xB1, 0x81, 0xB8, 0xE0, 0x0A, 0x00, 0x0F, 0x16 ; file 199A54
db 0x16, 0x12, 0x67, 0x0C, 0x05, 0x0B, 0x8B, 0xBE, 0xCB, 0x50, 0x00, 0x00, 0xD9, 0xA0, 0x4E, 0x22 ; file 199A64
db 0x00, 0x18, 0x18, 0x12, 0x58, 0xE0, 0xFF, 0xA1, 0x12, 0xCC, 0xF8, 0xCB, 0x1E, 0x0B, 0x10, 0xF1 ; file 199A74
db 0x11, 0xCC, 0x41, 0x72, 0x90, 0x0A, 0x0F, 0x9F, 0x15, 0x0B, 0x16, 0x0E, 0x03, 0xC4, 0x50, 0x0B ; file 199A84
db 0x98, 0x13, 0xF4, 0x17, 0x91, 0xF2, 0xF0, 0x12, 0x4B, 0xF1, 0x03, 0x09, 0x11, 0x11, 0x1F, 0x15 ; file 199A94
db 0x0F, 0x0D, 0x05, 0x0C, 0xB2, 0xA0, 0x13, 0xC7, 0x1A, 0xD1, 0xFB, 0x03, 0x11, 0x93, 0x50, 0x05 ; file 199AA4
db 0x15, 0x15, 0x03, 0x07, 0x94, 0x91, 0x50, 0x2E, 0xB0, 0x13, 0x7C, 0x79, 0x13, 0xA5, 0x31, 0xB5 ; file 199AB4
db 0x50, 0x0C, 0x7A, 0xAA, 0x00, 0x18, 0x48, 0xB0, 0x13, 0x16, 0x0B, 0x0F, 0x20, 0x60, 0xC8, 0xE5 ; file 199AC4
db 0x69, 0x5E, 0x21, 0xED, 0x40, 0x10, 0x72, 0x71, 0xD9, 0xB0, 0x16, 0x1A, 0xA1, 0x0A, 0xAF, 0x40 ; file 199AD4
db 0xC0, 0x78, 0x8D, 0xA0, 0xB5, 0x51, 0x13, 0x58, 0xC1, 0x1A, 0x2F, 0x1B, 0x00, 0x0F, 0x1A, 0xD0 ; file 199AE4
db 0x40, 0x0E, 0x98, 0x90, 0x04, 0x87, 0x9B, 0x03, 0x11, 0x8E, 0x11, 0x00, 0x13, 0x14, 0xC0, 0x22 ; file 199AF4
db 0x00, 0x07, 0xBE, 0x08, 0x00, 0x0B, 0x0B, 0x16, 0x16, 0x0B, 0x20, 0x48, 0x03, 0x43, 0x13, 0x1A ; file 199B04
db 0xB0, 0x50, 0x22, 0x00, 0x40, 0x00, 0xF6, 0x70, 0x15, 0xB8, 0x10, 0xF0, 0x48, 0x00, 0x93, 0x5A ; file 199B14
db 0xBE, 0xA0, 0x1D, 0x50, 0x13, 0x1B, 0x1C, 0x07, 0x29, 0x0E, 0x09, 0xB0, 0x6E, 0xB0, 0x03, 0x5E ; file 199B24
db 0x50, 0x10, 0x1A, 0xAA, 0xC5, 0xF0, 0xD0, 0x49, 0x70, 0xAE, 0x50, 0xB2, 0x50, 0x05, 0xB0, 0x18 ; file 199B34
db 0x86, 0xC0, 0x0F, 0x0C, 0x7E, 0x8F, 0x2A, 0x1E, 0x08, 0x16, 0x1B, 0x12, 0x15, 0x6B, 0xB0, 0xD1 ; file 199B44
db 0x0F, 0x24, 0xB0, 0x27, 0xB0, 0x77, 0x00, 0x12, 0x72, 0x5C, 0x05, 0x0B, 0x55, 0x18, 0x86, 0xB0 ; file 199B54
db 0x1B, 0x70, 0x10, 0x18, 0x27, 0xB0, 0x13, 0xB5, 0x50, 0xF8, 0x3E, 0x71, 0x45, 0x0B, 0x97, 0x10 ; file 199B64
db 0x16, 0x16, 0x11, 0x08, 0x0B, 0xFF, 0x08, 0x0F, 0x11, 0x0C, 0x09, 0x13, 0x16, 0x15, 0xF9, 0x02 ; file 199B74
db 0xE4, 0x4E, 0x28, 0x50, 0x18, 0x0E, 0x09, 0x10, 0x0D, 0x3F, 0x10, 0x13, 0x0E, 0x04, 0x1E, 0x05 ; file 199B84
db 0xCA, 0x40, 0x49, 0xBF, 0xAF, 0x0B, 0x13, 0x13, 0x0D, 0xCF, 0x60, 0x1C, 0x01, 0x00, 0x1A, 0x3C ; file 199B94
db 0x28, 0xFF, 0x4C, 0x53, 0x15, 0x0D, 0x0A, 0x12, 0x12, 0xC0, 0x27, 0xB0, 0x79, 0x1A, 0xB8, 0x21 ; file 199BA4
db 0x01, 0x0F, 0x00, 0x0C, 0x11, 0x0E, 0x15, 0x60, 0x8D, 0x16, 0x85, 0x60, 0x0F, 0x0B, 0x69, 0xC0 ; file 199BB4
db 0x01, 0x0F, 0x3D, 0xC0, 0x05, 0x1C, 0xB3, 0x70, 0x27, 0xB0, 0x13, 0x0B, 0x1E, 0x69, 0xD0, 0x01 ; file 199BC4
db 0x0F, 0x4A, 0xB2, 0xCA, 0x25, 0xB0, 0x0E, 0x28, 0xB1, 0x08, 0x9D, 0x3F, 0xD6, 0xB4, 0x09, 0x0B ; file 199BD4
db 0x18, 0x94, 0x53, 0x1B, 0x0F, 0xA4, 0xE6, 0x1E, 0x02, 0xB2, 0x5F, 0x01, 0x0F, 0x01, 0x0F, 0x00 ; file 199BE4
db 0x01, 0x0F, 0x01, 0x0F, 0x59, 0x0F, 0x02, 0x0D, 0x58, 0x4F, 0xB1, 0x5E, 0x22, 0x0F, 0x45, 0xFD ; file 199BF4
db 0x00, 0x6B, 0xCF, 0xF5, 0x9D, 0x1D, 0x7F, 0xED, 0xFD, 0xBC, 0xDB, 0x01, 0x0F, 0x9D, 0xE0, 0x14 ; file 199C04
db 0x0F, 0x00, 0x43, 0xBD, 0x44, 0x0F, 0x8D, 0x7C, 0x1D, 0xB3, 0x58, 0xCF, 0x69, 0x77, 0x79, 0xA1 ; file 199C14
db 0x23, 0x91, 0x18, 0x1B, 0x0F, 0x7F, 0xA6, 0x10, 0xF0, 0x03, 0x0B, 0x4C, 0x30, 0x1C, 0x0F, 0x4E ; file 199C24
db 0x95, 0x22, 0x94, 0x41, 0x05, 0x23, 0x90, 0x01, 0x0F, 0xCF, 0x74, 0x0C, 0x21, 0x42, 0xE5, 0xA1 ; file 199C34
db 0x30, 0x84, 0x80, 0x60, 0x2F, 0xAB, 0xB2, 0x17, 0x00, 0x03, 0x1B, 0x8A, 0xB0, 0xFF, 0x30, 0x8A ; file 199C44
db 0x16, 0x8E, 0x03, 0xA2, 0xB0, 0x0A, 0xF8, 0x91, 0x6C, 0x00, 0x70, 0x50, 0x15, 0x50, 0x70, 0x5E ; file 199C54
db 0x5F, 0xB0, 0x4B, 0x71, 0x4F, 0x80, 0x03, 0x22, 0x01, 0x1E, 0x92, 0x5F, 0x7A, 0x3C, 0xD2, 0x07 ; file 199C64
db 0xB7, 0x81, 0x0C, 0x13, 0x16, 0x10, 0xA4, 0xE0, 0xC5, 0x1C, 0xC7, 0x1D, 0x0A, 0xD6, 0x53, 0xFF ; file 199C74
db 0xF0, 0x47, 0xB0, 0x13, 0x03, 0xD7, 0x09, 0x05, 0x1C, 0x9E, 0x8D, 0x18, 0xED, 0xE1, 0x0C, 0x1B ; file 199C84
db 0x7C, 0xA0, 0x00, 0x1A, 0xA0, 0x1A, 0x0C, 0x11, 0x13, 0x1C, 0x57, 0x70, 0xED, 0x12, 0x0B, 0x98 ; file 199C94
db 0x0A, 0x16, 0x3F, 0x21, 0x07, 0x0F, 0x13, 0xEF, 0x12, 0x07, 0x02, 0x13, 0xCA, 0x60, 0x0F, 0x11 ; file 199CA4
db 0x13, 0xEF, 0x0F, 0x03, 0x0C, 0x08, 0xBB, 0x38, 0x1E, 0x08, 0x09, 0xDC, 0xF0, 0xB1, 0xA3, 0xA0 ; file 199CB4
db 0x0A, 0x1E, 0x0E, 0x93, 0x50, 0x0B, 0x0E, 0xBF, 0x16, 0x15, 0x07, 0x0E, 0x01, 0x1B, 0xA7, 0x68 ; file 199CC4
db 0x07, 0xDA, 0x3E, 0x22, 0x0E, 0x38, 0x60, 0x1E, 0x0B, 0x9E, 0x50, 0x08, 0x13, 0x3F, 0x11, 0x11 ; file 199CD4
db 0x0C, 0x18, 0x15, 0x1A, 0x22, 0x09, 0x94, 0xC0, 0xF0, 0xD0, 0xB1, 0x2B, 0x70, 0x3F, 0x00, 0x4C ; file 199CE4
db 0xB0, 0x13, 0x13, 0x08, 0x0F, 0x81, 0x15, 0xD9, 0x40, 0x41, 0x97, 0xE8, 0x32, 0x0C, 0xA0, 0x22 ; file 199CF4
db 0x00, 0x93, 0x52, 0x18, 0x47, 0x15, 0x05, 0x0B, 0xBC, 0xB0, 0x9A, 0x89, 0xD7, 0x52, 0x11, 0x58 ; file 199D04
db 0x00, 0x30, 0x93, 0x53, 0x20, 0xA0, 0x26, 0xB0, 0x9F, 0xC8, 0x03, 0x18, 0x33, 0xB1, 0x48, 0xB2 ; file 199D14
db 0x37, 0x0B, 0x1A, 0x1C, 0xA1, 0x50, 0x15, 0x0B, 0xE0, 0x00, 0x2D, 0x59, 0x8B, 0x07, 0x16, 0xB5 ; file 199D24
db 0x52, 0x11, 0x05, 0xC0, 0xB5, 0x50, 0x93, 0x50, 0x16, 0xDF, 0x1E, 0x0F, 0x18, 0x1A, 0x0E, 0xE1 ; file 199D34
db 0x18, 0x03, 0x0F, 0xEA, 0x2B, 0xA0, 0x1E, 0x84, 0x00, 0x1C, 0x89, 0xD0, 0x1C, 0x15, 0x15, 0x70 ; file 199D44
db 0xDF, 0xA0, 0xE9, 0x50, 0x96, 0x62, 0x6A, 0xB7, 0x1A, 0x18, 0x02, 0x3C, 0xD0, 0xA3, 0x1C, 0x0D ; file 199D54
db 0x22, 0x01, 0x2E, 0xB1, 0x13, 0xB0, 0x08, 0x1E, 0xE9, 0x1E, 0x4E, 0xE6, 0xF0, 0x18, 0x03, 0x09 ; file 199D64
db 0xD0, 0x50, 0xAE, 0x50, 0x16, 0x49, 0xB0, 0xE0, 0x12, 0xB1, 0x05, 0xBB, 0x23, 0x00, 0x56, 0x80 ; file 199D74
db 0x49, 0xB0, 0x08, 0x16, 0x1A, 0x18, 0xBC, 0xC0, 0x27, 0xB1, 0x84, 0x3D, 0x1E, 0x05, 0xBA, 0xA0 ; file 199D84
db 0xB1, 0x00, 0x54, 0x50, 0xC9, 0x0C, 0x30, 0x10, 0x34, 0xC0, 0x04, 0x03, 0xBE, 0x6B, 0xB0, 0x1A ; file 199D94
db 0x15, 0xBF, 0x0F, 0x1E, 0x07, 0x03, 0x0C, 0x09, 0xF2, 0xF0, 0x01, 0xFD, 0x01, 0xB5, 0x5E, 0x00 ; file 199DA4
db 0x05, 0x11, 0x16, 0x1A, 0x18, 0x04, 0x40, 0xC0, 0x93, 0x50, 0x1B, 0x97, 0xB0, 0x15, 0x3F, 0x40 ; file 199DB4
db 0x60, 0x6E, 0x50, 0x1B, 0x10, 0xF0, 0x21, 0x00, 0x24, 0x01, 0xEE, 0x4F, 0xB6, 0x51, 0x09, 0x15 ; file 199DC4
db 0x0C, 0x13, 0x9C, 0x0D, 0x10, 0xB6, 0x50, 0x16, 0x13, 0x03, 0x0F, 0x9F, 0xE0, 0xA2, 0x0B, 0xFD ; file 199DD4
db 0x0B, 0x1A, 0x80, 0x15, 0x16, 0x18, 0x11, 0x08, 0x02, 0x59, 0x13, 0x45, 0x0F, 0x27, 0xB3, 0x04 ; file 199DE4
db 0x0F, 0xDC, 0x50, 0x11, 0x94, 0x50, 0xFC, 0x35, 0xEC, 0xB6, 0x58, 0x08, 0x0C, 0x08, 0x08, 0x09 ; file 199DF4
db 0x05, 0x3C, 0xF1, 0xBF, 0x05, 0xF8, 0x08, 0x04, 0x1E, 0x03, 0xB4, 0x5F, 0x01, 0x0F, 0x00, 0x01 ; file 199E04
db 0x0F, 0x01, 0x0F, 0x01, 0x0F, 0x01, 0x0F, 0x01, 0x0F, 0x01, 0x0F, 0x7F, 0xF5, 0x13, 0x0F, 0x00 ; file 199E14
db 0x8F, 0x5F, 0x01, 0x0F, 0x1C, 0x4E, 0x01, 0x0F, 0x07, 0x5B, 0x83, 0x1F, 0x92, 0xCC, 0xDA, 0x32 ; file 199E24
db 0x00, 0x01, 0x0F, 0xC3, 0x49, 0x67, 0x0F, 0xFF, 0xAE, 0xAC, 0x0F, 0x39, 0xAF, 0x8E, 0xB2, 0x27 ; file 199E34
db 0xEC, 0x0A, 0x2A, 0x59, 0x1B, 0xFD, 0x32, 0x18, 0x9E, 0x4E, 0x19, 0x68, 0xE7, 0x61, 0x04, 0x50 ; file 199E44
db 0x30, 0x3D, 0x1F, 0x04, 0xB6, 0x86, 0x52, 0x04, 0x53, 0x0D, 0x12, 0xDA, 0x0F, 0x9E, 0x80, 0x18 ; file 199E54
db 0x88, 0xB0, 0x9E, 0xC0, 0x04, 0x51, 0x12, 0x1B, 0x9F, 0x49, 0xD5, 0x98, 0xE5, 0xA3, 0x76, 0x05 ; file 199E64
db 0x30, 0x05, 0x16, 0x41, 0x1F, 0x00, 0x0D, 0x03, 0x11, 0xC0, 0xD4, 0x0F, 0x51, 0x92, 0x52, 0x11 ; file 199E74
db 0x92, 0x5F, 0x07, 0x80, 0xB0, 0x0C, 0x1B, 0x94, 0x13, 0x10, 0x25, 0xB0, 0x0C, 0x10, 0x90, 0x1C ; file 199E84
db 0xAC, 0xBF, 0x8A, 0xB0, 0x07, 0x81, 0x1A, 0xC9, 0xB1, 0x8F, 0xF0, 0xEF, 0xA0, 0x02, 0xB1, 0x49 ; file 199E94
db 0x7C, 0x34, 0x00, 0x1E, 0xB9, 0x16, 0x3A, 0x00, 0x6C, 0xF1, 0x10, 0x0E, 0x0E, 0xCA, 0x61, 0x0C ; file 199EA4
db 0x61, 0x1C, 0x23, 0x12, 0xEF, 0xB5, 0x9A, 0x01, 0xC9, 0xF0, 0x03, 0x00, 0x1D, 0x00, 0x9B, 0x0D ; file 199EB4
db 0x0E, 0x04, 0xF0, 0x0B, 0x03, 0x56, 0xB0, 0xF4, 0x07, 0x0C, 0xDE, 0x31, 0xB2, 0x0E, 0x11, 0x12 ; file 199EC4
db 0x15, 0x8E, 0xF0, 0x15, 0x0C, 0xBD, 0x08, 0x97, 0x50, 0x07, 0x0C, 0x05, 0x0F, 0x98, 0xD8, 0x0D ; file 199ED4
db 0x78, 0xFC, 0xA0, 0x63, 0x61, 0x8A, 0x00, 0x1E, 0x0E, 0x15, 0x0C, 0xB5, 0x50, 0xB3, 0x15, 0x07 ; file 199EE4
db 0x6B, 0xA0, 0xE1, 0xA8, 0x1E, 0x0C, 0x6C, 0x11, 0x03, 0x5C, 0x18, 0xB0, 0x2A, 0xB0, 0x16, 0x0D ; file 199EF4
db 0x03, 0xF2, 0x90, 0x07, 0x93, 0x50, 0xA1, 0x1C, 0x5A, 0x18, 0x1F, 0x23, 0xD4, 0x30, 0x44, 0x00 ; file 199F04
db 0x18, 0xF9, 0x50, 0x18, 0xA0, 0xE0, 0x52, 0xFF, 0x01, 0xF3, 0x77, 0xDC, 0xB1, 0xC5, 0xA0, 0x0A ; file 199F14
db 0xD5, 0xB0, 0x18, 0x7E, 0x35, 0x50, 0x18, 0x0D, 0x05, 0x11, 0x13, 0x11, 0x0B, 0x58, 0xED, 0x03 ; file 199F24
db 0xDC, 0xB2, 0x03, 0x11, 0x2F, 0x60, 0x0C, 0x1A, 0x1C, 0x0E, 0xFB, 0xB0, 0x0F, 0x0A, 0x09, 0x66 ; file 199F34
db 0xA0, 0x2D, 0x58, 0xF7, 0xC0, 0x8D, 0x70, 0xDC, 0x6A, 0xB0, 0x48, 0xB0, 0x18, 0x1C, 0x0A, 0x48 ; file 199F44
db 0x00, 0x1E, 0x0C, 0x40, 0xA3, 0xA0, 0xB5, 0x59, 0x3D, 0x50, 0x6A, 0xB1, 0xD3, 0x50, 0xC7, 0xA0 ; file 199F54
db 0x12, 0x50, 0xB0, 0x81, 0x03, 0x22, 0x00, 0xE2, 0x02, 0x7E, 0xF5, 0xB5, 0x50, 0x89, 0x71, 0x93 ; file 199F64
db 0x51, 0x18, 0xD3, 0x1C, 0x18, 0xA5, 0xC0, 0x90, 0xB0, 0x1A, 0xF6, 0x99, 0x03, 0x09, 0x14, 0xC1 ; file 199F74
db 0x61, 0xE5, 0x41, 0x16, 0x75, 0x50, 0x1A, 0x49, 0xB0, 0x90, 0xB0, 0xE8, 0x50, 0x66, 0xE4, 0x49 ; file 199F84
db 0x05, 0x0E, 0x15, 0x20, 0x3E, 0x60, 0x1C, 0x07, 0x90, 0x50, 0x52, 0x6B, 0xB0, 0x0E, 0x39, 0x50 ; file 199F94
db 0xB5, 0x5C, 0x04, 0xF6, 0x50, 0x10, 0xDF, 0xA0, 0x4F, 0x0F, 0x13, 0x16, 0x13, 0x7C, 0x60, 0xA3 ; file 199FA4
db 0xC0, 0x0B, 0x87, 0x4C, 0xEF, 0x1E, 0x04, 0x0F, 0x1A, 0x6B, 0xB0, 0x1A, 0x13, 0x0B, 0xD5, 0x0C ; file 199FB4
db 0xC5, 0x40, 0x04, 0x26, 0xB0, 0x02, 0xA9, 0x4D, 0x1E, 0x05, 0x0E, 0x19, 0xC1, 0x0C, 0x08, 0x0D ; file 199FC4
db 0x4D, 0xD0, 0x04, 0xB0, 0x19, 0xEF, 0xD3, 0xB1, 0xCD, 0x13, 0x17, 0x60, 0x0A, 0x16, 0x91, 0x50 ; file 199FD4
db 0x4A, 0xB1, 0x1A, 0x03, 0xFC, 0x5E, 0x69, 0x3B, 0xC4, 0x09, 0x0E, 0x0E, 0x12, 0x03, 0x10, 0xBE ; file 199FE4
db 0x49, 0xB1, 0x1B, 0x1C, 0x0F, 0x11, 0x10, 0x96, 0xFF, 0x00, 0x3F, 0x1E, 0x02, 0x0F, 0x11, 0x0F ; file 199FF4
db 0x11, 0x45, 0x70, 0x90, 0x00, 0x67, 0x11, 0x05, 0x02, 0x6D, 0xBF, 0x6C, 0x92, 0x09, 0x08, 0x8F ; file 19A004
db 0x70, 0xCE, 0xB6, 0x10, 0x0C, 0x04, 0x02, 0x57, 0x3F, 0xB6, 0x54, 0x01, 0x0E, 0xCF, 0x0E, 0x09 ; file 19A014
db 0x0B, 0x0B, 0x94, 0x5F, 0x6D, 0xB8, 0x08, 0x09, 0x03, 0x04, 0x05, 0x94, 0x5F, 0xFF, 0x5C, 0x13 ; file 19A024
db 0x0A, 0x00, 0x00, 0x3F, 0x24, 0x2D, 0x18, 0x54, 0x06, 0x00, 0x01, 0x0F, 0x01, 0x0F, 0xFE, 0x01 ; file 19A034
db 0x0F, 0x00, 0x02, 0x07, 0x09, 0x09, 0x09, 0x03, 0x79, 0x01, 0x19, 0x0F, 0x08, 0x07, 0x01, 0x03 ; file 19A044
db 0x03, 0x02, 0x0C, 0x06, 0x5C, 0x2A, 0x04, 0x31, 0x0D, 0x01, 0x02, 0x02, 0x44, 0x05, 0x02, 0x4E ; file 19A054
db 0x04, 0xDB, 0x08, 0x16, 0x40, 0x06, 0x07, 0x1E, 0x01, 0x00, 0x07, 0x03, 0xDF, 0x03, 0x09, 0x09 ; file 19A064
db 0x07, 0x05, 0x4B, 0x02, 0x01, 0x12, 0xAF, 0x12, 0x0C, 0x06, 0x01, 0x23, 0x00, 0x0B, 0x6F, 0x04 ; file 19A074
db 0x03, 0xE1, 0x05, 0x87, 0x00, 0x24, 0x01, 0x95, 0x03, 0x90, 0x01, 0x01, 0x02, 0x0E, 0xBF, 0x12 ; file 19A084
db 0x0E, 0x02, 0x01, 0x18, 0x0B, 0x24, 0x05, 0x05, 0xF1, 0x1C, 0xAC, 0x01, 0x24, 0x05, 0xBE, 0x03 ; file 19A094
db 0x0C, 0x07, 0x05, 0x03, 0xF7, 0x01, 0x0B, 0x14, 0x24, 0x00, 0x01, 0x02, 0x03, 0x03, 0x5F, 0x03 ; file 19A0A4
db 0x05, 0x03, 0x05, 0x07, 0x26, 0x01, 0x07, 0xB1, 0x06, 0xFC, 0x5B, 0x00, 0x01, 0x01, 0x01, 0x10 ; file 19A0B4
db 0x10, 0x0B, 0x1F, 0x02, 0xF4, 0x42, 0x00, 0x01, 0x00, 0x05, 0xEE, 0x0B, 0x01, 0x1F, 0x10, 0x00 ; file 19A0C4
db 0xFB, 0x0C, 0x0D, 0x48, 0x01, 0x10, 0x17, 0x0B, 0x1F, 0x03, 0xFD, 0x06, 0x24, 0x0F, 0x00, 0x08 ; file 19A0D4
db 0x10, 0x0B, 0x08, 0x00, 0xFD, 0x0C, 0xB4, 0x00, 0x02, 0x00, 0x10, 0x1A, 0x14, 0x1F, 0xFB, 0x03 ; file 19A0E4
db 0x1C, 0x24, 0x0D, 0x01, 0x08, 0x14, 0x0B, 0x08, 0xDF, 0x08, 0x08, 0x02, 0x1C, 0x1C, 0xE0, 0x01 ; file 19A0F4
db 0x10, 0x1A, 0x3F, 0x1A, 0x17, 0x06, 0x05, 0x02, 0x01, 0x01, 0x00, 0x4E, 0x15, 0x37, 0x04, 0x0B ; file 19A104
db 0x1F, 0x22, 0x02, 0x08, 0x08, 0x8F, 0x01, 0x24, 0x02, 0x7F, 0x19, 0x19, 0x19, 0x17, 0x0B, 0x08 ; file 19A114
db 0x1D, 0x7B, 0x11, 0x1F, 0x04, 0x1D, 0x08, 0x08, 0x1F, 0xA2, 0x00, 0x01, 0x00, 0x24, 0x02, 0xFD ; file 19A124
db 0x1C, 0x24, 0x07, 0x18, 0x17, 0x16, 0x16, 0x16, 0x14, 0x23, 0x14, 0x10, 0x1E, 0x03, 0x04, 0x03 ; file 19A134
db 0x24, 0x03, 0x05, 0xFA, 0x00, 0x24, 0x07, 0x1F, 0x14, 0x10, 0x1F, 0x0B, 0x08, 0x23, 0x07, 0x49 ; file 19A144
db 0x03, 0x94, 0x14, 0x31, 0x0B, 0x24, 0x0F, 0x24, 0x08, 0xF1, 0x13, 0x1D, 0x17, 0x6B, 0x00, 0x24 ; file 19A154
db 0x04, 0x1C, 0x01, 0x0B, 0x24, 0x07, 0x04, 0x0B, 0x17, 0x24, 0x0F, 0x93, 0x05, 0x43, 0x24, 0x8F ; file 19A164
db 0x04, 0x1D, 0x10, 0x17, 0x24, 0x0F, 0xB7, 0x04, 0x0D, 0x17, 0x10, 0xC9, 0x14, 0xD6, 0x02, 0x6C ; file 19A174
db 0x00, 0x1D, 0x01, 0x00, 0x95, 0x01, 0x1F, 0x1F, 0xFC, 0x79, 0x01, 0x24, 0x06, 0x1F, 0x17, 0x10 ; file 19A184
db 0x1F, 0x1D, 0x1F, 0xF3, 0x10, 0x0F, 0x17, 0x00, 0x5B, 0x03, 0x01, 0x01, 0x04, 0x08, 0xBC, 0x25 ; file 19A194
db 0x00, 0x48, 0x09, 0x10, 0x1A, 0x17, 0x10, 0x15, 0x02, 0x0F, 0xF1, 0x0B, 0x69, 0x17, 0xE1, 0x03 ; file 19A1A4
db 0x24, 0x07, 0x1B, 0x1A, 0x19, 0x14, 0xB8, 0x39, 0x01, 0x47, 0x00, 0x91, 0x10, 0x04, 0x04, 0x04 ; file 19A1B4
db 0x49, 0x00, 0x1D, 0x16, 0x90, 0x0B, 0x14, 0x1B, 0x25, 0x00, 0x18, 0x64, 0x10, 0x8F, 0x10, 0x20 ; file 19A1C4
db 0x1A, 0x2A, 0x24, 0x09, 0x1A, 0x25, 0x00, 0x1A, 0x8E, 0x10, 0x14, 0xA7, 0x10, 0xC9, 0x12, 0x09 ; file 19A1D4
db 0x08, 0x4B, 0x17, 0x34, 0x34, 0x0B, 0x24, 0x02, 0xB3, 0x11, 0x6A, 0x12, 0x24, 0x0F, 0x06, 0x09 ; file 19A1E4
db 0x21, 0x16, 0x1A, 0x01, 0x00, 0x8F, 0x14, 0xEF, 0x12, 0xD8, 0x14, 0xE9, 0x01, 0x80, 0xC4, 0x06 ; file 19A1F4
db 0x1C, 0x20, 0xFA, 0x14, 0x7A, 0x20, 0x45, 0x03, 0x20, 0x10, 0x03, 0x01, 0x04, 0xC6, 0x52, 0x26 ; file 19A204
db 0x10, 0x18, 0x8D, 0x10, 0x90, 0x00, 0x6A, 0x13, 0x08, 0x1D, 0xD6, 0xD6, 0x00, 0x1F, 0x0F, 0x01 ; file 19A214
db 0x01, 0x1F, 0xC3, 0x37, 0x1D, 0x16, 0xF8, 0x8C, 0x12, 0x8D, 0x13, 0x6B, 0x21, 0x01, 0x0B, 0x0F ; file 19A224
db 0x11, 0x11, 0xAA, 0x26, 0x00, 0x1D, 0xDF, 0x38, 0x0B, 0x61, 0x21, 0x14, 0x6A, 0x10, 0x0B, 0x62 ; file 19A234
db 0x6A, 0x14, 0x08, 0x24, 0x00, 0x26, 0x00, 0x03, 0x49, 0x1D, 0x0B, 0x23, 0x00, 0x09, 0x10, 0xA3 ; file 19A244
db 0x10, 0x01, 0x44, 0x04, 0x24, 0x03, 0x47, 0x08, 0x7B, 0x11, 0xEF, 0x00, 0x89, 0x08, 0x61, 0x10 ; file 19A254
db 0x7D, 0x05, 0x0A, 0x48, 0x01, 0x8E, 0x08, 0x4B, 0x40, 0x04, 0x13, 0x1D, 0x1D, 0xC2, 0x06, 0x58 ; file 19A264
db 0x02, 0x1F, 0x6A, 0x01, 0x91, 0x3C, 0x24, 0x0B, 0x03, 0x04, 0x0B, 0x8E, 0x01, 0x36, 0x09, 0x24 ; file 19A274
db 0x0E, 0x47, 0x03, 0x5F, 0x25, 0x6D, 0x07, 0x15, 0x04, 0xE7, 0x08, 0x04, 0x6A, 0x00, 0x13, 0x6F ; file 19A284
db 0x45, 0x22, 0x18, 0xB0, 0x07, 0x9F, 0x01, 0x1D, 0x0F, 0x11, 0x13, 0x23, 0x0F, 0x9F, 0x31, 0x04 ; file 19A294
db 0x3C, 0x77, 0x13, 0x83, 0x20, 0x0F, 0x13, 0x13, 0x13, 0xF6, 0x0A, 0x24, 0x46, 0x5B, 0x0B, 0x1D ; file 19A2A4
db 0x5B, 0x21, 0x04, 0x0B, 0x22, 0x01, 0x13, 0xAF, 0x0C, 0xDE, 0x4A, 0x55, 0x10, 0x10, 0x1F, 0x08 ; file 19A2B4
db 0x82, 0x10, 0x13, 0x13, 0x67, 0x15, 0x15, 0x1F, 0x74, 0x5F, 0x8A, 0x34, 0x10, 0x10, 0x22, 0x03 ; file 19A2C4
db 0x6C, 0xF4, 0x0D, 0x06, 0x09, 0x0B, 0x0F, 0xAC, 0x00, 0x15, 0x13, 0xF3, 0x0D, 0x00, 0x93, 0x0C ; file 19A2D4
db 0xCF, 0x00, 0x98, 0x35, 0x01, 0x0F, 0xDE, 0x55, 0x13, 0x0F, 0x01, 0x0F, 0xEC, 0x5C, 0x00, 0x14 ; file 19A2E4
db 0x0F, 0x56, 0x6D, 0x23, 0x0F, 0x56, 0x6E, 0x79, 0x06, 0x7E, 0x65, 0x8A, 0x08, 0xCD, 0x50, 0xEF ; file 19A2F4
db 0x05, 0x1C, 0x05, 0x03, 0x54, 0x66, 0x00, 0x01, 0x0E, 0xD8, 0x7C, 0x50, 0x54, 0x68, 0x96, 0x60 ; file 19A304
db 0x05, 0x1C, 0x31, 0x61, 0x05, 0x02, 0x0C, 0x01, 0x00, 0x5E, 0x05, 0x07, 0x07, 0x77, 0x61, 0xC2 ; file 19A314
db 0x17, 0x24, 0x06, 0xA8, 0x69, 0xFB, 0x02, 0x00, 0x54, 0x65, 0x01, 0x01, 0x03, 0x02, 0x03, 0x84 ; file 19A324
db 0x15, 0x60, 0x7A, 0x60, 0x09, 0x15, 0x68, 0xA1, 0x52, 0x54, 0x62, 0x65, 0x00, 0x05, 0x30, 0xD3 ; file 19A334
db 0x50, 0x64, 0x00, 0x38, 0x01, 0x2A, 0x19, 0x0C, 0x0C, 0x14, 0x70, 0x54, 0x61, 0xE0, 0xBB, 0x61 ; file 19A344
db 0x24, 0x02, 0x48, 0x1A, 0x54, 0x61, 0x31, 0x60, 0x1C, 0x01, 0x00, 0x18, 0x54, 0x61, 0x24, 0x0F ; file 19A354
db 0x54, 0x65, 0x01, 0x1C, 0x8D, 0x61, 0x54, 0x62, 0xCF, 0x50, 0x90, 0x64, 0x01, 0x54, 0x6E, 0xBE ; file 19A364
db 0x62, 0x54, 0x65, 0x05, 0x70, 0x3A, 0x54, 0x66, 0x0C, 0x32, 0x54, 0x69, 0x11, 0x54, 0x6F, 0x79 ; file 19A374
db 0x61, 0x12, 0x05, 0x48, 0x04, 0x54, 0x61, 0x40, 0x15, 0x43, 0x54, 0x6E, 0x71, 0x14, 0x54, 0x6F ; file 19A384
db 0x79, 0x68, 0x2C, 0x84, 0x1F, 0x24, 0x0F, 0x26, 0x24, 0x0E, 0x08, 0x18, 0x54, 0x6F, 0x54, 0x6D ; file 19A394
db 0x1D, 0x54, 0x6F, 0x30, 0x6F, 0x03, 0x1D, 0x10, 0xC8, 0x43, 0x24, 0x0F, 0x54, 0x6F, 0x90, 0x01 ; file 19A3A4
db 0x52, 0x60, 0x53, 0x64, 0x00, 0x54, 0x6F, 0x54, 0x6A, 0xAF, 0x30, 0x24, 0x0C, 0x54, 0x63, 0x39 ; file 19A3B4
db 0x00, 0x54, 0x68, 0x15, 0x64, 0x20, 0x54, 0x6F, 0x54, 0x63, 0x04, 0x02, 0x54, 0x6F, 0x54, 0x61 ; file 19A3C4
db 0x16, 0x54, 0x66, 0x0A, 0x68, 0x26, 0xB4, 0x06, 0x16, 0x1B, 0x54, 0x6F, 0x54, 0x6D, 0x1F, 0x54 ; file 19A3D4
db 0x6F, 0x78, 0x6E, 0x03, 0x1D, 0x17, 0x54, 0x6F, 0x54, 0x6F, 0x54, 0x6F, 0x54, 0x6F, 0x54, 0x6B ; file 19A3E4
db 0x43, 0x03, 0x44, 0x54, 0x6F, 0x54, 0x69, 0x04, 0xFA, 0x01, 0x30, 0x61, 0x54, 0x6C, 0x14, 0x54 ; file 19A3F4
db 0x6A, 0x39, 0x01, 0x17, 0x50, 0x54, 0x6F, 0x08, 0x10, 0x10, 0x3F, 0x21, 0x8C, 0x65, 0x00, 0x48 ; file 19A404
db 0x03, 0x54, 0x6E, 0xB3, 0x71, 0x8A, 0x97, 0x30, 0x61, 0x54, 0x6F, 0x54, 0x6A, 0xBF, 0x62, 0x00 ; file 19A414
db 0x54, 0x6F, 0x54, 0x6A, 0x47, 0x02, 0x54, 0x6F, 0x54, 0x6F, 0x54, 0x6F, 0x3B, 0x78, 0xBE, 0x61 ; file 19A424
db 0x02, 0x31, 0x6F, 0x00, 0xE4, 0x60, 0x54, 0x6F, 0x54, 0x6D, 0xB1, 0x70, 0x5B, 0x75, 0x54, 0x6F ; file 19A434
db 0xC4, 0x78, 0xA7, 0xA0, 0x60, 0x1D, 0x90, 0x70, 0x54, 0x6F, 0x54, 0x68, 0x0F, 0x1F, 0x00, 0x21 ; file 19A444
db 0x02, 0x54, 0x6F, 0x54, 0x6F, 0x54, 0x6F, 0x54, 0x6F, 0x1A, 0x0F, 0x54, 0x6F, 0x01, 0x0F, 0x00 ; file 19A454
db 0x54, 0x6F, 0x01, 0x0F, 0x01, 0x0F, 0x87, 0xC6, 0x33, 0x0F, 0x01, 0x0F, 0x01, 0x0F, 0x01, 0x0F ; file 19A464
db 0x32, 0xD7, 0xC5, 0x06, 0xB3, 0xC3, 0x57, 0x08, 0x03, 0x07, 0x61, 0xC0, 0x81, 0xC1, 0x26, 0x55 ; file 19A474
db 0x67, 0x07, 0x0E, 0xD9, 0xC0, 0x54, 0x68, 0x00, 0x62, 0xC0, 0xAB, 0xC2, 0x18, 0xEC, 0x58, 0x24 ; file 19A484
db 0x60, 0x54, 0x6A, 0x00, 0x07, 0x30, 0x60, 0xAB, 0xC1, 0x14, 0xD5, 0x0A, 0x79, 0xC2, 0x01, 0xA8 ; file 19A494
db 0xC4, 0x02, 0x1C, 0xC0, 0x05, 0xC0, 0xBE, 0x60, 0x4B, 0x01, 0x85, 0x09, 0x38, 0xD5, 0x05, 0xA7 ; file 19A4A4
db 0xC0, 0xA8, 0xC4, 0xB9, 0x61, 0x74, 0xD1, 0x1C, 0x3E, 0x23, 0x7D, 0x06, 0x12, 0x12, 0x0E, 0x05 ; file 19A4B4
db 0xA8, 0xC2, 0xD8, 0xC1, 0x98, 0x86, 0xC1, 0x24, 0x0B, 0xA8, 0xC1, 0x06, 0x12, 0x08, 0x71, 0x54 ; file 19A4C4
db 0x62, 0x01, 0x11, 0x02, 0xEA, 0xC0, 0x24, 0x0C, 0xA8, 0xC1, 0x02, 0x18, 0xC0, 0xD0, 0xD0, 0x54 ; file 19A4D4
db 0x64, 0x00, 0xFB, 0x68, 0xA8, 0xC8, 0x60, 0xC1, 0x24, 0x02, 0x54, 0x62, 0x10, 0xD9, 0xA8, 0xC7 ; file 19A4E4
db 0x8D, 0x00, 0xCC, 0x48, 0x03, 0xA8, 0xC1, 0x13, 0x0F, 0x54, 0x6F, 0xF0, 0xC0, 0x0D, 0x0E, 0x00 ; file 19A4F4
db 0x7F, 0x70, 0x54, 0x6F, 0x54, 0x6B, 0x5D, 0xE3, 0x54, 0x6F, 0xCD, 0xC8, 0xCA, 0xC2, 0x54, 0x6F ; file 19A504
db 0x70, 0x24, 0x0F, 0x54, 0x6F, 0x16, 0xDA, 0xA8, 0xE4, 0x1D, 0x0B, 0x16, 0x24, 0x0F, 0x80, 0x54 ; file 19A514
db 0x6F, 0x54, 0x6F, 0x54, 0x6F, 0xA8, 0xC6, 0xA6, 0xC1, 0x47, 0xC2, 0x54, 0x6D, 0x16, 0x00, 0xA8 ; file 19A524
db 0xC7, 0x8E, 0x44, 0x6E, 0xC2, 0x54, 0x6F, 0x54, 0x6C, 0xCC, 0xCD, 0x54, 0x6E, 0xD9, 0x41, 0x40 ; file 19A534
db 0x30, 0x6E, 0x54, 0x67, 0x0B, 0x6B, 0x54, 0x6F, 0x54, 0x6F, 0x49, 0xF6, 0x10, 0x54, 0x6F, 0x12 ; file 19A544
db 0x54, 0x6F, 0x18, 0x54, 0x6F, 0x54, 0x6E, 0x0B, 0x54, 0x6F, 0x54, 0x6F, 0x54, 0x6D, 0x48, 0x5C ; file 19A554
db 0x71, 0x54, 0x6F, 0xA8, 0xC8, 0x0B, 0x6A, 0x12, 0x54, 0x6F, 0x08, 0x54, 0x68, 0x10, 0x1E, 0x13 ; file 19A564
db 0x54, 0x6F, 0x54, 0x61, 0x49, 0xF1, 0x1D, 0x84, 0x44, 0x54, 0x6F, 0x7B, 0x52, 0x00, 0xDE, 0xFB ; file 19A574
db 0x54, 0x6F, 0x54, 0x6F, 0x54, 0x6F, 0x54, 0x6F, 0x54, 0x6F, 0x54, 0x6D, 0x5A, 0xD2, 0x00, 0x54 ; file 19A584
db 0x6F, 0xA8, 0xC8, 0x31, 0x61, 0x54, 0x6F, 0x54, 0x6B, 0x10, 0x62, 0x23, 0x0F, 0xB0, 0x20, 0xC2 ; file 19A594
db 0xDA, 0x04, 0x04, 0x57, 0xD0, 0x54, 0x6F, 0xA5, 0xE4, 0xF3, 0x12, 0x0B, 0x1F, 0x10, 0x31, 0x62 ; file 19A5A4
db 0x54, 0x6F, 0xB4, 0x14, 0x54, 0x64, 0x15, 0x54, 0x6F, 0x54, 0x6F, 0x54, 0x6F, 0x00, 0x54, 0x6F ; file 19A5B4
db 0x1A, 0x0F, 0x54, 0x6F, 0x01, 0x0F, 0x54, 0x6F, 0x01, 0x0F, 0x01, 0x0F, 0x01, 0x0F, 0x70, 0x01 ; file 19A5C4
db 0x0F, 0x57, 0x0F, 0x01, 0x0F, 0x87, 0xC3, 0x05, 0x02, 0x03, 0xD7, 0xCC, 0x04, 0x33, 0x09, 0x86 ; file 19A5D4
db 0xC3, 0x1E, 0x85, 0x59, 0xA8, 0xCC, 0x42, 0x61, 0x24, 0x02, 0x79, 0x67, 0x04, 0xB2, 0xC2, 0xA8 ; file 19A5E4
db 0xC6, 0x01, 0x94, 0xC0, 0x88, 0xC0, 0x48, 0x03, 0x6C, 0x05, 0x54, 0x60, 0x38, 0x01, 0x40, 0xA8 ; file 19A5F4
db 0xC4, 0xA3, 0xC0, 0x07, 0x07, 0x1C, 0x89, 0x00, 0x6A, 0x61, 0x80, 0x2E, 0xD5, 0x31, 0x61, 0x84 ; file 19A604
db 0x60, 0x54, 0x63, 0x62, 0xC1, 0x24, 0x03, 0x55, 0x6E, 0x0E, 0x00, 0x84, 0xC0, 0xA8, 0xC2, 0x24 ; file 19A614
db 0x06, 0x68, 0xD9, 0x54, 0x60, 0xE4, 0xC0, 0x3C, 0xC1, 0x54, 0x60, 0x07, 0x01, 0x03, 0x03, 0xA7 ; file 19A624
db 0x60, 0xFF, 0xC1, 0x16, 0x18, 0xA8, 0xC1, 0x19, 0x00, 0x18, 0x60, 0xC3, 0x54, 0x6F, 0xA8, 0xC6 ; file 19A634
db 0x02, 0x0E, 0x84, 0xC4, 0x54, 0x63, 0xBA, 0x68, 0x6E, 0xA8, 0xC7, 0x02, 0x12, 0x1C, 0xA8, 0xC7 ; file 19A644
db 0x13, 0x0F, 0xF4, 0x12, 0x00, 0xA8, 0xCD, 0x30, 0x6C, 0x54, 0x6F, 0x24, 0x0F, 0x30, 0x6F, 0x24 ; file 19A654
db 0x07, 0x54, 0x6F, 0xA8, 0xC9, 0x00, 0x61, 0xE3, 0x54, 0x6F, 0x6E, 0x08, 0xEB, 0x96, 0x54, 0x6F ; file 19A664
db 0x54, 0x6F, 0x54, 0x6F, 0x54, 0x6F, 0x03, 0x1F, 0x0F, 0x54, 0x66, 0xDE, 0xA0, 0x30, 0x55, 0x54 ; file 19A674
db 0x6F, 0x54, 0x62, 0x54, 0xB1, 0xC1, 0x01, 0x2A, 0xB0, 0xCC, 0xCE, 0x54, 0x63, 0x9F, 0xB1, 0xA8 ; file 19A684
db 0xC5, 0x01, 0x01, 0x84, 0x93, 0xC1, 0x54, 0x6C, 0x18, 0xA8, 0xC5, 0xE9, 0x24, 0x54, 0x6F, 0xA8 ; file 19A694
db 0xC8, 0x1D, 0x48, 0x39, 0xD2, 0x0C, 0x66, 0x08, 0x76, 0x17, 0x54, 0x6F, 0xA8, 0xCE, 0x14, 0x54 ; file 19A6A4
db 0x6F, 0x26, 0xCC, 0xCE, 0x08, 0x19, 0x54, 0x6F, 0xA8, 0xCE, 0x1F, 0x54, 0x6F, 0x54, 0x6F, 0xA0 ; file 19A6B4
db 0x54, 0x6F, 0x54, 0x6F, 0x54, 0x6B, 0xC9, 0xC3, 0x54, 0x6F, 0x10, 0xA8, 0xC6, 0x04, 0xA0, 0xC5 ; file 19A6C4
db 0xD2, 0x0C, 0x62, 0x54, 0x6A, 0x84, 0xC0, 0x45, 0xF3, 0x04, 0x54, 0x63, 0x01, 0x01, 0x08, 0x9C ; file 19A6D4
db 0x62, 0x54, 0x6F, 0x30, 0x6E, 0x54, 0x6F, 0x30, 0x6A, 0x54, 0x6F, 0x54, 0x6E, 0x00, 0x84, 0xC2 ; file 19A6E4
db 0x54, 0x6F, 0x54, 0x6F, 0x54, 0x6F, 0x54, 0x6F, 0x78, 0x5F, 0xA8, 0xCF, 0x0B, 0x6F, 0x00, 0xFF ; file 19A6F4
db 0x31, 0x84, 0x23, 0x54, 0x6F, 0x54, 0x67, 0x5E, 0x30, 0x85, 0xC5, 0x54, 0x6F, 0x54, 0x6F, 0x00 ; file 19A704
db 0x76, 0x5F, 0x54, 0x6F, 0x01, 0x0F, 0x54, 0x6F, 0x01, 0x0F, 0x54, 0x6F, 0x01, 0x0F, 0xFD, 0x5F ; file 19A714
db 0xC0, 0x01, 0x0F, 0x01, 0x0F, 0x01, 0x0F, 0x01, 0x0F, 0x58, 0x0F, 0x01, 0x0E, 0x03, 0x07, 0x47 ; file 19A724
db 0x1E, 0x0D, 0x09, 0x87, 0xC1, 0x2E, 0x0A, 0x32, 0x0A, 0x02, 0xAB, 0xC1, 0x07, 0x0D, 0x0D, 0x07 ; file 19A734
db 0x79, 0x65, 0x62, 0xC0, 0x54, 0x6D, 0x14, 0x60, 0x45, 0xC0, 0x03, 0x1E, 0x07, 0xF2, 0xA4, 0xBA ; file 19A744
db 0x50, 0x77, 0x63, 0xA8, 0xC3, 0x7F, 0xC1, 0x81, 0xC0, 0x71, 0x05, 0x8D, 0xC0, 0x4A, 0x01, 0xAB ; file 19A754
db 0xC3, 0x02, 0x12, 0x0C, 0x54, 0x68, 0x11, 0x00, 0xA1, 0xC1, 0x88, 0x01, 0x7A, 0x0B, 0x12, 0x01 ; file 19A764
db 0x00, 0xA8, 0xC4, 0xBB, 0x00, 0x31, 0x0E, 0x86, 0xC0, 0xED, 0xC0, 0x24, 0x0C, 0x0E, 0x0C, 0x9A ; file 19A774
db 0x00, 0xA8, 0xC1, 0x6E, 0xBA, 0x61, 0x02, 0x1C, 0x05, 0xAA, 0xC0, 0x07, 0x09, 0x25, 0x77, 0x04 ; file 19A784
db 0xA8, 0xC0, 0x30, 0x61, 0x03, 0x24, 0x00, 0xA8, 0xC0, 0x8A, 0x01, 0x62, 0xCA, 0xA8, 0xC5, 0x03 ; file 19A794
db 0x06, 0x09, 0x6C, 0x61, 0x54, 0x63, 0x34, 0xD2, 0x40, 0x3B, 0x54, 0x62, 0x13, 0xD0, 0xF0, 0xE2 ; file 19A7A4
db 0x01, 0xA8, 0xC2, 0x58, 0xD2, 0x54, 0x6F, 0x08, 0x05, 0x09, 0x07, 0x04, 0x13, 0x71, 0xA8, 0xC4 ; file 19A7B4
db 0x0A, 0x54, 0x6F, 0x0C, 0x62, 0x1A, 0xC2, 0x54, 0x6F, 0x54, 0x6A, 0x20, 0x24, 0x0A, 0x30, 0x6F ; file 19A7C4
db 0x24, 0x07, 0x54, 0x6F, 0x9D, 0x68, 0x02, 0x60, 0xE3, 0x1B, 0xB0, 0x0C, 0x30, 0x6F, 0x54, 0x6D ; file 19A7D4
db 0x10, 0x17, 0x24, 0x0F, 0x30, 0x6D, 0xA2, 0x40, 0x24, 0x0F, 0x04, 0x54, 0x6F, 0xA8, 0xC4, 0x08 ; file 19A7E4
db 0x7F, 0xC1, 0x54, 0x6F, 0x54, 0x61, 0x4D, 0x60, 0x54, 0x66, 0x18, 0xEB, 0x40, 0x7A, 0x64, 0x54 ; file 19A7F4
db 0x6B, 0x16, 0x1F, 0xA8, 0xCB, 0x27, 0x03, 0x54, 0x6E, 0x00, 0x06, 0xC3, 0x3C, 0x46, 0x54, 0x6F ; file 19A804
db 0x54, 0x68, 0x02, 0x02, 0x54, 0x6F, 0x54, 0x6F, 0x30, 0x6F, 0x30, 0x54, 0x6F, 0x24, 0x0F, 0x54 ; file 19A814
db 0x6F, 0x54, 0x6F, 0x04, 0x10, 0x54, 0x6F, 0x54, 0x6E, 0x39, 0x1D, 0x54, 0x6F, 0x54, 0x6E, 0x01 ; file 19A824
db 0x1D, 0x14, 0xA8, 0xC7, 0x95, 0x61, 0x4C, 0x74, 0x61, 0x54, 0x6E, 0x1D, 0x10, 0xA7, 0xC0, 0x54 ; file 19A834
db 0x64, 0x04, 0xA4, 0x70, 0x48, 0x23, 0x02, 0x54, 0x6F, 0x52, 0xE0, 0x04, 0x65, 0xC0, 0xFE, 0x32 ; file 19A844
db 0x04, 0xA7, 0xC3, 0x02, 0x54, 0x6C, 0x1D, 0x54, 0x6F, 0x54, 0x6F, 0x54, 0x6F, 0x54, 0x6F, 0x54 ; file 19A854
db 0x6F, 0x54, 0x6F, 0x00, 0x54, 0x6F, 0x54, 0x6E, 0x04, 0xF0, 0x54, 0x6F, 0x78, 0x5D, 0x55, 0x60 ; file 19A864
db 0x8D, 0x08, 0x54, 0x6F, 0x20, 0x0B, 0x63, 0xFC, 0x80, 0x63, 0xD0, 0x54, 0x6F, 0xA8, 0xC8, 0x14 ; file 19A874
db 0x30, 0x62, 0x54, 0x6F, 0x00, 0x54, 0x6F, 0x54, 0x6F, 0x54, 0x6F, 0x54, 0x6F, 0x54, 0x6F, 0x54 ; file 19A884
db 0x6F, 0x54, 0x6F, 0x54, 0x6F, 0x00, 0xFC, 0x5F, 0x01, 0x0F, 0x01, 0x0F, 0x01, 0x0F, 0x01, 0x0F ; file 19A894
db 0x87, 0xC7, 0x01, 0x01, 0x59, 0x0F, 0x46, 0x87, 0xCA, 0x1E, 0x0D, 0x86, 0xC7, 0xEC, 0x94, 0x28 ; file 19A8A4
db 0x0B, 0x02, 0x96, 0xB0, 0x82, 0x44, 0x06, 0x01, 0xA0, 0xB3, 0xA8, 0xC7, 0xEB, 0xC0, 0x85, 0xC0 ; file 19A8B4
db 0x6A, 0xC0, 0x1E, 0x1B, 0x09, 0x1C, 0x63, 0xC4, 0x05, 0x06, 0x73, 0x01, 0xA8, 0xC7, 0xEB, 0xC0 ; file 19A8C4
db 0x20, 0x0C, 0x60, 0x85, 0xC3, 0x29, 0xC0, 0x90, 0x02, 0xA2, 0x50, 0x03, 0x54, 0x67, 0xAA, 0xC2 ; file 19A8D4
db 0x09, 0x09, 0x41, 0x06, 0x84, 0xC6, 0x0C, 0xA8, 0xC7, 0x54, 0xD0, 0x24, 0x04, 0x35, 0x1A, 0x00 ; file 19A8E4
db 0xD8, 0xC2, 0xA8, 0xC1, 0xF9, 0xC0, 0x3E, 0xC0, 0x8C, 0x01, 0x86, 0xC9, 0xA8, 0xC1, 0x9C, 0xC1 ; file 19A8F4
db 0x00, 0xCC, 0xC0, 0xA8, 0xC0, 0x84, 0xC1, 0x86, 0xCD, 0xA8, 0xC2, 0xEF, 0xC0, 0xBD, 0x01, 0xA8 ; file 19A904
db 0xC1, 0xB8, 0xEE, 0x01, 0xAA, 0xCB, 0xA8, 0xC4, 0x00, 0x06, 0x0E, 0x30, 0x63, 0x1A, 0x41, 0x17 ; file 19A914
db 0xCC, 0xC0, 0x38, 0x73, 0xA8, 0xCD, 0x66, 0xD4, 0xA8, 0xC2, 0x16, 0x55, 0xF4, 0x00, 0x54, 0x6F ; file 19A924
db 0x24, 0x06, 0x54, 0x6F, 0x54, 0x6F, 0x30, 0x6F, 0x54, 0x66, 0x2B, 0xD2, 0x54, 0x6F, 0x00, 0xF1 ; file 19A934
db 0xC8, 0xBB, 0xF5, 0x54, 0x6F, 0x54, 0x6F, 0x54, 0x6F, 0x30, 0x6F, 0x54, 0x6F, 0x24, 0x0F, 0x08 ; file 19A944
db 0x54, 0x6A, 0x30, 0x57, 0xA8, 0xCA, 0x14, 0x54, 0x6A, 0x3E, 0xB1, 0x54, 0x6F, 0x54, 0x62, 0x00 ; file 19A954
db 0x84, 0xC1, 0xA8, 0xC4, 0x2E, 0x62, 0x54, 0x6F, 0x54, 0x6E, 0x0E, 0x63, 0x54, 0x6F, 0x54, 0x62 ; file 19A964
db 0x80, 0x58, 0x50, 0x90, 0x11, 0x54, 0x6F, 0x54, 0x6F, 0x54, 0x6F, 0x54, 0x6F, 0x24, 0x0C, 0x0B ; file 19A974
db 0x24, 0x54, 0x6F, 0x54, 0x6F, 0x14, 0x54, 0x6F, 0xA8, 0xCE, 0x08, 0x54, 0x6F, 0x54, 0x6F, 0x11 ; file 19A984
db 0x04, 0x54, 0x6B, 0xC7, 0xC2, 0x54, 0x6F, 0x1F, 0x54, 0x63, 0x5B, 0x20, 0x88, 0x21, 0x00, 0x52 ; file 19A994
db 0x63, 0x54, 0x6E, 0xC4, 0xC0, 0x02, 0x01, 0xEC, 0xD2, 0xC9, 0x70, 0x25, 0x03, 0x54, 0x6F, 0x00 ; file 19A9A4
db 0x3F, 0x68, 0x78, 0x63, 0x54, 0x6F, 0xDB, 0xC9, 0x9C, 0x62, 0x54, 0x6F, 0x54, 0x6F, 0x54, 0x6F ; file 19A9B4
db 0x20, 0x54, 0x6F, 0x54, 0x6F, 0x8F, 0xD8, 0x47, 0x01, 0x31, 0x6F, 0x00, 0x2C, 0x70, 0xFB, 0xD5 ; file 19A9C4
db 0x00, 0xA8, 0xCF, 0x0B, 0x67, 0xCF, 0x14, 0xC3, 0xD0, 0x54, 0x6F, 0x54, 0x6F, 0x54, 0x6F, 0x54 ; file 19A9D4
db 0x6F, 0x00, 0x54, 0x6F, 0x54, 0x6F, 0x1D, 0x0F, 0x54, 0x6F, 0x01, 0x0F, 0x54, 0x6F, 0x01, 0x0F ; file 19A9E4
db 0x54, 0x6F, 0x00, 0x01, 0x0F, 0x01, 0x0F, 0x01, 0x0F, 0x01, 0x0F, 0x40, 0xC1, 0xFE, 0xB1, 0xA8 ; file 19A9F4
db 0x5B, 0x77, 0x6E, 0x22, 0x1D, 0x58, 0x01, 0x11, 0xA5, 0x9B, 0x6F, 0x44, 0x05, 0x02, 0xF6, 0x54 ; file 19AA04
db 0xA8, 0xC6, 0xB9, 0x01, 0xEB, 0xC0, 0x01, 0x00, 0x07, 0x03, 0x03, 0xF0, 0xC6, 0x01, 0x07, 0x12 ; file 19AA14
db 0x12, 0x0C, 0x56, 0x60, 0x54, 0x66, 0xD5, 0x50, 0x85, 0xC0, 0x24, 0x01, 0x7C, 0xD5, 0xC3, 0x0B ; file 19AA24
db 0xD2, 0x02, 0x0E, 0x12, 0x0E, 0x02, 0x54, 0x67, 0x11, 0x00, 0x54, 0x62, 0xEC, 0xC1, 0xFE, 0xC8 ; file 19AA34
db 0x0C, 0xDD, 0xC0, 0xA8, 0xC3, 0xB9, 0x61, 0x86, 0x1B, 0x60, 0x05, 0x07, 0xD0, 0xC1, 0xEA, 0xC3 ; file 19AA44
db 0x69, 0xD4, 0x84, 0xC1, 0x01, 0x60, 0x54, 0x62, 0x96, 0x60, 0xA4, 0xC0, 0x86, 0xCC, 0x54, 0x61 ; file 19AA54
db 0x0C, 0x0D, 0x48, 0x01, 0x10, 0x54, 0x62, 0x40, 0x00, 0x24, 0x0E, 0x54, 0x62, 0x0C, 0xB4, 0x00 ; file 19AA64
db 0x84, 0xC1, 0x54, 0x60, 0x09, 0x03, 0x24, 0x0D, 0x54, 0x64, 0x02, 0xBF, 0xC0, 0x6B, 0x60, 0x54 ; file 19AA74
db 0x62, 0xB7, 0x60, 0x80, 0x01, 0x00, 0x54, 0x6F, 0x12, 0xD1, 0x24, 0x02, 0xA8, 0xC1, 0x54, 0x6F ; file 19AA84
db 0x89, 0x42, 0x1C, 0x00, 0x24, 0x07, 0x54, 0x6F, 0x24, 0x05, 0x1E, 0x70, 0xF0, 0xC4, 0x30, 0x6F ; file 19AA94
db 0x84, 0xC5, 0xD8, 0x13, 0x00, 0x24, 0x0F, 0xA8, 0xC9, 0x54, 0x6F, 0x54, 0x6E, 0x3F, 0x74, 0xF6 ; file 19AAA4
db 0xA1, 0x24, 0x0F, 0x16, 0xD4, 0x00, 0x43, 0x24, 0x54, 0x60, 0x1C, 0xB3, 0x24, 0x0F, 0x54, 0x6F ; file 19AAB4
db 0x54, 0x64, 0x53, 0x64, 0x54, 0x6F, 0x20, 0x54, 0x66, 0x75, 0x70, 0x32, 0x51, 0x54, 0x6F, 0xA8 ; file 19AAC4
db 0xCB, 0x01, 0xF5, 0xC0, 0x24, 0x0D, 0x00, 0x54, 0x62, 0x60, 0x01, 0x80, 0x36, 0x26, 0x01, 0x54 ; file 19AAD4
db 0x6F, 0xA8, 0xC4, 0x52, 0x61, 0x54, 0x6F, 0x80, 0x54, 0x6F, 0x30, 0x6F, 0xF0, 0xC0, 0x54, 0x6F ; file 19AAE4
db 0x54, 0x6F, 0x54, 0x6F, 0x54, 0x6F, 0x16, 0x24, 0x54, 0x6F, 0x54, 0x6F, 0x14, 0x54, 0x6F, 0xA8 ; file 19AAF4
db 0xCF, 0x10, 0x44, 0x00, 0x54, 0x6B, 0x6C, 0x2F, 0x62, 0x54, 0x6A, 0x04, 0x0B, 0x5E, 0x20, 0x1F ; file 19AB04
db 0x0B, 0x46, 0x04, 0x20, 0x53, 0x65, 0x54, 0x6E, 0x4F, 0x61, 0xFF, 0x30, 0x2B, 0x40, 0x01, 0x79 ; file 19AB14
db 0x66, 0x54, 0x6F, 0x00, 0xAB, 0x69, 0x47, 0x02, 0x54, 0x6B, 0x30, 0x6C, 0xA8, 0xCF, 0x54, 0x6F ; file 19AB24
db 0x14, 0xD3, 0x54, 0x6F, 0x90, 0x54, 0x69, 0x78, 0x62, 0x54, 0x6F, 0x54, 0x69, 0x04, 0x54, 0x6F ; file 19AB34
db 0x78, 0x52, 0x1F, 0x80, 0x83, 0xC0, 0x3E, 0x25, 0x32, 0x61, 0x23, 0x0F, 0x54, 0x60, 0xE9, 0xD3 ; file 19AB44
db 0x5F, 0x90, 0x0B, 0x01, 0x0F, 0x54, 0x6F, 0x54, 0x67, 0xB1, 0x71, 0x54, 0x6F, 0x54, 0x6F, 0x54 ; file 19AB54
db 0x6F, 0x54, 0x6F, 0x00, 0x54, 0x6F, 0x54, 0x6F, 0x54, 0x6F, 0x54, 0x6F, 0x67, 0x0F, 0x54, 0x6F ; file 19AB64
db 0x01, 0x0F, 0x01, 0x0F, 0x00, 0x87, 0xCA, 0x15, 0x0F, 0x32, 0x6F, 0x01, 0x0F, 0x79, 0x6B, 0x79 ; file 19AB74
db 0x06, 0xAE, 0xCB, 0x86, 0xC5, 0x0C, 0xFC, 0xB1, 0x40, 0x57, 0x03, 0x0E, 0x92, 0x52, 0xA8, 0xC7 ; file 19AB84
db 0xC7, 0xC0, 0x56, 0x60, 0x9C, 0x87, 0xC2, 0xDF, 0xB6, 0x02, 0x12, 0x07, 0xA8, 0xC8, 0x56, 0x62 ; file 19AB94
db 0x07, 0x21, 0x09, 0xC8, 0xC7, 0x5A, 0x63, 0xCC, 0x60, 0xA8, 0xC6, 0x01, 0x52, 0xD0, 0x24, 0x01 ; file 19ABA4
db 0x20, 0x87, 0xCB, 0x02, 0xD1, 0xA8, 0xC4, 0x87, 0x00, 0xD3, 0x50, 0x03, 0x26, 0x00, 0x04, 0x00 ; file 19ABB4
db 0xE6, 0x2A, 0x19, 0x07, 0x1C, 0x14, 0x70, 0xA8, 0xC1, 0x00, 0x00, 0x1C, 0x10, 0x23, 0x00, 0x24 ; file 19ABC4
db 0x00, 0x54, 0x6E, 0x31, 0x60, 0x1C, 0xA8, 0xC3, 0x24, 0x01, 0x48, 0x02, 0x06, 0xA8, 0xCE, 0x01 ; file 19ABD4
db 0x07, 0x23, 0x00, 0xA8, 0xC6, 0x65, 0x0B, 0x54, 0x65, 0x85, 0xC3, 0xE0, 0xA8, 0xC3, 0x2D, 0xDA ; file 19ABE4
db 0x54, 0x67, 0x30, 0x61, 0x0C, 0x64, 0x19, 0x17, 0x11, 0x44, 0x54, 0x6F, 0x78, 0x61, 0x12, 0x24 ; file 19ABF4
db 0x07, 0xE9, 0x53, 0x54, 0x6F, 0x08, 0xE9, 0x00, 0x00, 0x30, 0x6F, 0xA8, 0xCD, 0x7C, 0x55, 0x24 ; file 19AC04
db 0x0F, 0x24, 0x0D, 0x54, 0x6F, 0xF1, 0xC8, 0xC6, 0x74, 0x81, 0x08, 0x82, 0xC0, 0x24, 0x0F, 0x30 ; file 19AC14
db 0x6D, 0x54, 0x6F, 0x24, 0x0F, 0xA8, 0xC7, 0x01, 0x04, 0x54, 0x6F, 0x35, 0x33, 0x10, 0xA8, 0xC6 ; file 19AC24
db 0x91, 0xA0, 0x8E, 0xC1, 0x82, 0xB1, 0x54, 0x6D, 0xE3, 0x14, 0x0B, 0x54, 0x69, 0x81, 0xC1, 0xCC ; file 19AC34
db 0xCE, 0x1B, 0x1A, 0x17, 0x00, 0xA3, 0xE0, 0x06, 0xC8, 0xCD, 0xC0, 0x54, 0x6F, 0x54, 0x68, 0x0B ; file 19AC44
db 0x81, 0x23, 0x05, 0x54, 0x6F, 0x80, 0x54, 0x6F, 0x54, 0x6F, 0x54, 0x6F, 0x54, 0x68, 0x53, 0x61 ; file 19AC54
db 0x54, 0x6F, 0xA8, 0xCB, 0x17, 0xE4, 0x54, 0x6F, 0x54, 0x6E, 0x0B, 0x54, 0x6F, 0x54, 0x6E, 0x04 ; file 19AC64
db 0x1D, 0x10, 0x00, 0x10, 0xE0, 0x54, 0x6F, 0x54, 0x6D, 0x16, 0x21, 0x65, 0x03, 0x21, 0x04, 0x54 ; file 19AC74
db 0x6D, 0x34, 0x11, 0x00, 0x63, 0x13, 0x57, 0x60, 0x2E, 0x65, 0x54, 0x6F, 0xA8, 0xC9, 0xA7, 0xC4 ; file 19AC84
db 0x54, 0x6F, 0x0C, 0x6A, 0x00, 0xA8, 0xCF, 0x54, 0x6F, 0xA8, 0xCF, 0x54, 0x6F, 0x54, 0x6F, 0xE9 ; file 19AC94
db 0x91, 0x54, 0x6F, 0x78, 0x5F, 0x03, 0x10, 0x10, 0x49, 0x80, 0x3F, 0x24, 0x54, 0x6F, 0x54, 0x66 ; file 19ACA4
db 0x7C, 0x22, 0xA9, 0xC1, 0x00, 0x54, 0x6F, 0x54, 0x6F, 0x54, 0x6F, 0x54, 0x6F, 0x54, 0x6F, 0x54 ; file 19ACB4
db 0x6F, 0x1D, 0x0F, 0x54, 0x6F, 0x00, 0x01, 0x0F, 0x54, 0x6F, 0x01, 0x0F, 0x54, 0x6F, 0x01, 0x0F ; file 19ACC4
db 0x01, 0x0F, 0x0E, 0x6D, 0x01, 0x0F, 0x48, 0x01, 0x0F, 0x01, 0x0F, 0xD7, 0xCE, 0x06, 0x81, 0x63 ; file 19ACD4
db 0x57, 0x08, 0x03, 0x0C, 0x60, 0x39, 0x1E, 0x81, 0xC1, 0x6B, 0x06, 0x01, 0x07, 0x0E, 0xA7, 0x60 ; file 19ACE4
db 0x54, 0x68, 0x01, 0x00, 0x3C, 0xC0, 0xAB, 0xC2, 0x87, 0x59, 0xFD, 0xC0, 0x54, 0x69, 0xFB, 0x50 ; file 19ACF4
db 0xAB, 0xC3, 0x00, 0xB7, 0x66, 0xA2, 0x52, 0xA8, 0xC4, 0x1B, 0xC0, 0x0E, 0x62, 0x37, 0x60, 0x7B ; file 19AD04
db 0x61, 0x06, 0x75, 0x59, 0x05, 0x5F, 0xC0, 0xA8, 0xC4, 0x00, 0x01, 0xC8, 0xC3, 0x1C, 0x22, 0x7D ; file 19AD14
db 0x67, 0x06, 0x12, 0x12, 0xE5, 0x60, 0x54, 0x63, 0x02, 0x0C, 0x86, 0xC1, 0x9C, 0x24, 0x0B, 0x54 ; file 19AD24
db 0x61, 0x06, 0x12, 0x0E, 0x84, 0xC1, 0x54, 0x61, 0x01, 0x01, 0x02, 0xAA, 0xC2, 0x48, 0x0A, 0xA8 ; file 19AD34
db 0xC1, 0x49, 0x60, 0x31, 0x61, 0x54, 0x61, 0x1A, 0x70, 0x70, 0x1B, 0x75, 0xA8, 0xCB, 0x60, 0xC1 ; file 19AD44
db 0x24, 0x02, 0x1A, 0x17, 0x06, 0x78, 0x60, 0x60, 0x62, 0x3A, 0x54, 0x65, 0x8D, 0x00, 0x48, 0x03 ; file 19AD54
db 0xA8, 0xC1, 0x13, 0x0F, 0x54, 0x6F, 0x0E, 0xCD, 0xC0, 0x0D, 0x0E, 0x05, 0x32, 0x61, 0x54, 0x6F ; file 19AD64
db 0x54, 0x69, 0x5D, 0xE3, 0x00, 0x30, 0x6F, 0x30, 0x69, 0x24, 0x0F, 0x24, 0x0F, 0xA5, 0xE3, 0x54 ; file 19AD74
db 0x6F, 0xA8, 0xC9, 0x76, 0x83, 0x23, 0x08, 0x17, 0xC6, 0x42, 0x24, 0x0F, 0x30, 0x69, 0x1F, 0x54 ; file 19AD84
db 0x6F, 0x54, 0x6F, 0x02, 0x54, 0x66, 0x1D, 0x57, 0x40, 0x53, 0x65, 0x54, 0x6F, 0x54, 0x66, 0x25 ; file 19AD94
db 0x00, 0x2E, 0x52, 0x02, 0xA8, 0xCC, 0x19, 0x54, 0x6A, 0x0A, 0x60, 0x7A, 0x53, 0x54, 0x6F, 0x54 ; file 19ADA4
db 0x6F, 0x54, 0x6F, 0x00, 0xA8, 0xC4, 0x5E, 0xE2, 0x54, 0x6F, 0x54, 0x6F, 0x30, 0x6F, 0x54, 0x6F ; file 19ADB4
db 0x24, 0x0F, 0x54, 0x6F, 0x40, 0x54, 0x6F, 0x54, 0x6F, 0x54, 0x6F, 0xC9, 0xD0, 0x54, 0x6F, 0x54 ; file 19ADC4
db 0x6F, 0x1F, 0x54, 0x6D, 0x0C, 0x83, 0xC3, 0xA8, 0xCB, 0x08, 0x08, 0x9A, 0xD0, 0x9B, 0xD1, 0x53 ; file 19ADD4
db 0x69, 0x54, 0x6F, 0x00, 0x17, 0x66, 0x2E, 0x64, 0x54, 0x6F, 0xA8, 0xC8, 0xCC, 0xC0, 0x48, 0x03 ; file 19ADE4
db 0x54, 0x6F, 0xF6, 0x59, 0x00, 0xE3, 0x63, 0x54, 0x6F, 0x64, 0x59, 0x54, 0x6F, 0x24, 0x0F, 0x54 ; file 19ADF4
db 0x6F, 0xE9, 0x91, 0xB2, 0x93, 0x00, 0xC9, 0x85, 0x54, 0x6F, 0x54, 0x63, 0xAA, 0xC6, 0x23, 0x00 ; file 19AE04
db 0x54, 0x6F, 0x81, 0xD1, 0x80, 0x30, 0x0E, 0x0C, 0x60, 0x0F, 0x0A, 0x08, 0x2F, 0xF0, 0x54, 0x6F ; file 19AE14
db 0x54, 0x6F, 0x54, 0x6F, 0x00, 0x54, 0x6F, 0x54, 0x6F, 0x54, 0x6F, 0x1D, 0x0F, 0x54, 0x6F, 0x01 ; file 19AE24
db 0x0F, 0x54, 0x6F, 0x01, 0x0F, 0x00, 0x54, 0x6F, 0x01, 0x0F, 0x01, 0x0F, 0x01, 0x0F, 0x01, 0x0F ; file 19AE34
db 0x57, 0x0F, 0x01, 0x0F, 0x87, 0xC1, 0x03, 0x05, 0x02, 0x1B, 0xC7, 0x1F, 0xB3, 0x33, 0x09, 0xCD ; file 19AE44
db 0x50, 0x32, 0x61, 0xCD, 0x59, 0x20, 0xFA, 0xC1, 0x54, 0x69, 0x0E, 0xD0, 0x24, 0x02, 0x79, 0x67 ; file 19AE54
db 0x02, 0x67, 0xB1, 0xA8, 0xC6, 0x80, 0x85, 0xC2, 0x38, 0x60, 0x48, 0x02, 0x87, 0xC5, 0x54, 0x60 ; file 19AE64
db 0x70, 0xF0, 0xA8, 0xC4, 0x02, 0xC6, 0x32, 0x60, 0x07, 0x1C, 0x89, 0x00, 0x6A, 0x61, 0xCD, 0xC7 ; file 19AE74
db 0x06, 0x12, 0x20, 0x84, 0x60, 0xA8, 0xC3, 0xEB, 0xC1, 0x24, 0x03, 0x55, 0x6E, 0x0E, 0x84, 0xC0 ; file 19AE84
db 0xA8, 0xC2, 0x08, 0x24, 0x06, 0x68, 0xD9, 0x54, 0x60, 0x01, 0x40, 0xD2, 0x54, 0x61, 0x76, 0xD3 ; file 19AE94
db 0xCE, 0x60, 0x40, 0xEB, 0xC9, 0xA8, 0xC1, 0xD0, 0xD0, 0xD1, 0xD1, 0x54, 0x6F, 0xA8, 0xC9, 0x0E ; file 19AEA4
db 0x24, 0x04, 0x18, 0x54, 0x63, 0x00, 0xE8, 0xA8, 0xC7, 0x02, 0x12, 0x37, 0xD1, 0x54, 0x66, 0xF4 ; file 19AEB4
db 0x12, 0x00, 0xA8, 0xCD, 0x0C, 0x6C, 0x54, 0x6F, 0x24, 0x0F, 0x30, 0x6F, 0x24, 0x0F, 0x24, 0x0F ; file 19AEC4
db 0xF0, 0xC2, 0x82, 0xFF, 0x12, 0x1F, 0x54, 0x6F, 0xCD, 0xC7, 0xA4, 0x25, 0x54, 0x6F, 0x30, 0x6F ; file 19AED4
db 0x10, 0x00, 0x54, 0x6F, 0x54, 0x6F, 0x79, 0x60, 0x54, 0x65, 0x5B, 0xC3, 0x54, 0x6F, 0x1C, 0x60 ; file 19AEE4
db 0xA8, 0xC6, 0x08, 0xA1, 0x40, 0x82, 0xB3, 0x54, 0x6D, 0x10, 0xA8, 0xC0, 0x8E, 0x50, 0x54, 0x64 ; file 19AEF4
db 0xF2, 0x30, 0x0E, 0x54, 0x6F, 0x1B, 0x1A, 0x16, 0x54, 0x6B, 0x40, 0x50, 0x54, 0x6F, 0xA8, 0xC6 ; file 19AF04
db 0x00, 0x6F, 0xF3, 0xF2, 0xC1, 0x54, 0x6F, 0x54, 0x69, 0x84, 0x52, 0x54, 0x6F, 0x54, 0x6F, 0x54 ; file 19AF14
db 0x6F, 0x64, 0x54, 0x6F, 0x54, 0x6D, 0x18, 0x54, 0x6F, 0xA8, 0xCE, 0x10, 0x16, 0x54, 0x6F, 0x00 ; file 19AF24
db 0x54, 0x6F, 0xE2, 0x70, 0x01, 0x00, 0x38, 0x51, 0x54, 0x6F, 0x63, 0x75, 0x54, 0x61, 0x06, 0x00 ; file 19AF34
db 0x08, 0x56, 0x60, 0x54, 0x6F, 0x54, 0x6F, 0x04, 0x66, 0xE0, 0x24, 0x06, 0x54, 0x6A, 0x60, 0xC0 ; file 19AF44
db 0x82, 0xC3, 0x59, 0x0F, 0x7E, 0x50, 0x54, 0x6F, 0x84, 0xCA, 0xC5, 0x52, 0x54, 0x6F, 0x04, 0xC2 ; file 19AF54
db 0x30, 0x6B, 0x0F, 0x47, 0x01, 0x54, 0x6F, 0x54, 0x6F, 0xA8, 0xCE, 0x0B, 0x0B, 0x18, 0x82, 0xC3 ; file 19AF64
db 0xC0, 0x65, 0x31, 0x6F, 0x00, 0x08, 0x2E, 0xF2, 0x61, 0xD3, 0xE3, 0x60, 0x08, 0x54, 0x6F, 0x54 ; file 19AF74
db 0x68, 0x7C, 0x60, 0x1D, 0x77, 0x61, 0x54, 0x6F, 0x54, 0x69, 0x56, 0x61, 0x00, 0x54, 0x6F, 0x54 ; file 19AF84
db 0x6F, 0x76, 0x5F, 0x54, 0x6F, 0x01, 0x0F, 0x54, 0x6F, 0x01, 0x0F, 0x54, 0x6F, 0x00, 0x01, 0x0F ; file 19AF94
db 0xFD, 0x5F, 0x01, 0x0F, 0x01, 0x0F, 0x01, 0x0F, 0x01, 0x0F, 0x58, 0x0F, 0x01, 0x0E, 0x1F, 0x03 ; file 19AFA4
db 0x07, 0x1E, 0x0D, 0x09, 0x87, 0xC1, 0x2E, 0x0A, 0x32, 0x0A, 0x1D, 0x02, 0xAB, 0xC1, 0x0D, 0x0D ; file 19AFB4
db 0x07, 0x0D, 0x65, 0x62, 0xC0, 0x54, 0x6D, 0x0C, 0x14, 0x60, 0x45, 0xC0, 0x1E, 0x07, 0x73, 0x51 ; file 19AFC4
db 0xA5, 0xC2, 0x09, 0x02, 0xA8, 0xC5, 0xC4, 0x7F, 0xC1, 0x81, 0xC0, 0x05, 0x8D, 0xC0, 0x4A, 0x01 ; file 19AFD4
db 0xAB, 0xC3, 0x02, 0x12, 0x45, 0x0C, 0x54, 0x68, 0x00, 0xA1, 0xC1, 0x88, 0x01, 0x7A, 0x0B, 0x12 ; file 19AFE4
db 0x01, 0x00, 0xC4, 0xA8, 0xC4, 0xBB, 0x00, 0x0E, 0x62, 0xC0, 0xED, 0xC0, 0x24, 0x0C, 0x0E, 0x0C ; file 19AFF4
db 0xB8, 0x9A, 0x00, 0xA8, 0xC1, 0xBA, 0x61, 0x02, 0x1C, 0x05, 0xAA, 0xC0, 0x07, 0x11, 0x09, 0x25 ; file 19B004
db 0x77, 0xA8, 0xC0, 0x30, 0x61, 0x03, 0x24, 0x00, 0xA8, 0xC0, 0x8A, 0x01, 0x0C, 0x62, 0xCA, 0xA8 ; file 19B014
db 0xC5, 0x06, 0x09, 0x6C, 0x61, 0x54, 0x63, 0x34, 0xD2, 0x57, 0x7A, 0xC0, 0xA8, 0xC3, 0x13, 0xD0 ; file 19B024
db 0xE2, 0x01, 0xA8, 0xC2, 0x58, 0xD2, 0x54, 0x6F, 0x08, 0x05, 0x13, 0x09, 0x07, 0x32, 0x61, 0xA8 ; file 19B034
db 0xC4, 0x0A, 0x54, 0x6F, 0x0C, 0x62, 0x28, 0x12, 0x00, 0x54, 0x6F, 0x54, 0x6A, 0x24, 0x0A, 0x30 ; file 19B044
db 0x6F, 0x24, 0x0F, 0x24, 0x0F, 0x84, 0xC2, 0x54, 0x6F, 0x00, 0x54, 0x6F, 0xA4, 0x23, 0xC6, 0x43 ; file 19B054
db 0x24, 0x0F, 0x54, 0x6F, 0x6C, 0x0F, 0xA8, 0xCB, 0x40, 0xB1, 0x02, 0x0E, 0x51, 0x04, 0x54, 0x6F ; file 19B064
db 0x35, 0x34, 0xB9, 0xB0, 0xA8, 0xC4, 0x59, 0x80, 0xA7, 0xC3, 0x0A, 0x54, 0x6F, 0x1F, 0x54, 0x63 ; file 19B074
db 0x1F, 0xA8, 0xC1, 0x80, 0xC0, 0x36, 0x50, 0x54, 0x6F, 0x00, 0x54, 0x6C, 0x3E, 0x51, 0x54, 0x6F ; file 19B084
db 0x54, 0x67, 0xBC, 0xB5, 0x54, 0x6F, 0xA8, 0xC6, 0x53, 0x62, 0x80, 0x54, 0x6F, 0x54, 0x6F, 0x54 ; file 19B094
db 0x6F, 0x54, 0x6F, 0x54, 0x6F, 0x54, 0x6F, 0x54, 0x6F, 0x00, 0x07, 0x00, 0x14, 0x16, 0x52, 0x60 ; file 19B0A4
db 0x54, 0x6F, 0xA8, 0xCA, 0x6E, 0xD0, 0x38, 0x20, 0x08, 0x3C, 0x20, 0x54, 0x6F, 0x2F, 0x6A, 0x08 ; file 19B0B4
db 0x9D, 0xD1, 0x37, 0x60, 0x54, 0x6F, 0x54, 0x6F, 0x00, 0xFC, 0xC0, 0x24, 0x07, 0xA8, 0xC9, 0x30 ; file 19B0C4
db 0x61, 0xC2, 0x5B, 0x54, 0x6F, 0x66, 0x01, 0x1E, 0x67, 0x08, 0xCC, 0xC1, 0x54, 0x6F, 0x54, 0x6C ; file 19B0D4
db 0x04, 0x1A, 0x50, 0x54, 0x6F, 0x6D, 0xE0, 0x6B, 0xD9, 0x84, 0x54, 0x6F, 0x2B, 0xD3, 0x1F, 0x2E ; file 19B0E4
db 0x70, 0x6D, 0x09, 0x31, 0x6F, 0x54, 0x61, 0x0F, 0x10, 0x32, 0xA0, 0x47, 0x05, 0x23, 0x0F, 0x54 ; file 19B0F4
db 0x68, 0x04, 0xD0, 0xD0, 0x2B, 0x70, 0x54, 0x6F, 0x00, 0xA8, 0xC8, 0x55, 0xD0, 0x54, 0x6F, 0x54 ; file 19B104
db 0x6D, 0x32, 0x60, 0x54, 0x6F, 0x54, 0x6F, 0x1D, 0x0F, 0x00, 0x54, 0x6F, 0x01, 0x0F, 0x54, 0x6F ; file 19B114
db 0x01, 0x0F, 0xFC, 0x5F, 0x01, 0x0F, 0x01, 0x0F, 0x01, 0x0F, 0x60, 0x01, 0x0F, 0x87, 0xC2, 0x32 ; file 19B124
db 0xC0, 0x58, 0x0F, 0x0E, 0x6A, 0x09, 0x0D, 0x31, 0x60, 0x00, 0x9C, 0x16, 0x8A, 0x0F, 0x86, 0xC0 ; file 19B134
db 0xA9, 0x50, 0x3D, 0xC6, 0x74, 0xC0, 0xD2, 0x02, 0xA8, 0xC7, 0x7C, 0xB8, 0x40, 0x88, 0xC0, 0x05 ; file 19B144
db 0x07, 0x1E, 0x09, 0x1C, 0x63, 0xC4, 0x30, 0xC2, 0x50, 0x54, 0x68, 0x72, 0x63, 0xB8, 0x60, 0x03 ; file 19B154
db 0x03, 0x8E, 0xC0, 0xC0, 0x65, 0x37, 0x06, 0x12, 0x0C, 0x54, 0x68, 0x00, 0x05, 0xAA, 0xC0, 0xDC ; file 19B164
db 0x6A, 0x02, 0x84, 0xC3, 0x12, 0xA8, 0xC7, 0x6F, 0xC1, 0x24, 0x0F, 0xB2, 0x60, 0xF7, 0xB0, 0x54 ; file 19B174
db 0x62, 0x02, 0xFA, 0xC0, 0x05, 0x86, 0xC0, 0x04, 0x01, 0x23, 0x78, 0xA8, 0xC0, 0xFD, 0xC1, 0xCC ; file 19B184
db 0xC0, 0x38, 0x54, 0x61, 0x01, 0x02, 0x54, 0x6F, 0x08, 0x00, 0x06, 0x85, 0xC0, 0xF0, 0xC0, 0x38 ; file 19B194
db 0xA8, 0xC0, 0x24, 0x0F, 0x54, 0x64, 0x00, 0x06, 0x0D, 0xF0, 0xC2, 0xA8, 0xC4, 0x00, 0xA9, 0xC8 ; file 19B1A4
db 0xA8, 0xC8, 0x85, 0xC3, 0xA8, 0xC3, 0x22, 0x94, 0x54, 0x6F, 0x24, 0x06, 0x54, 0x6F, 0x00, 0x24 ; file 19B1B4
db 0x0F, 0x30, 0x6F, 0xA8, 0xC6, 0x0A, 0x82, 0x24, 0x0F, 0xF1, 0xC8, 0xFC, 0x14, 0x54, 0x6F, 0x00 ; file 19B1C4
db 0x54, 0x6F, 0x54, 0x6F, 0x30, 0x6F, 0xD4, 0x90, 0x54, 0x6F, 0x54, 0x6F, 0x54, 0x67, 0x53, 0x67 ; file 19B1D4
db 0x00, 0x54, 0x6F, 0xA8, 0xC5, 0xF5, 0xA0, 0x54, 0x6F, 0x58, 0xE1, 0x54, 0x64, 0xA8, 0xC2, 0x9E ; file 19B1E4
db 0x60, 0x3C, 0x23, 0x03, 0xCC, 0xCB, 0x1A, 0x19, 0x14, 0x1F, 0xA8, 0xC8, 0x8D, 0x41, 0x0C, 0xEA ; file 19B1F4
db 0x54, 0x54, 0x6F, 0x0B, 0x08, 0x0F, 0xB4, 0x54, 0x60, 0x24, 0x0C, 0x54, 0x6A, 0x00, 0x25, 0xB0 ; file 19B204
db 0x9A, 0x66, 0x54, 0x6F, 0x54, 0x6F, 0x54, 0x6F, 0x54, 0x6F, 0x54, 0x6F, 0x54, 0x6F, 0x18, 0x54 ; file 19B214
db 0x6F, 0x54, 0x6F, 0x54, 0x6C, 0x0B, 0x0B, 0x42, 0x71, 0x54, 0x6F, 0x54, 0x6C, 0x00, 0x48, 0x73 ; file 19B224
db 0x54, 0x6F, 0x54, 0x6F, 0x81, 0xC0, 0x23, 0x06, 0x54, 0x6B, 0xE7, 0x50, 0x49, 0x46, 0x00, 0x82 ; file 19B234
db 0xC0, 0x54, 0x6F, 0x54, 0x6E, 0xF2, 0xC0, 0x54, 0x6F, 0x54, 0x6B, 0xDE, 0x70, 0x54, 0x6F, 0x18 ; file 19B244
db 0xA1, 0x13, 0x9D, 0x6B, 0x54, 0x6F, 0x01, 0x08, 0x4C, 0x70, 0x54, 0x56, 0x31, 0x6F, 0x04, 0x54 ; file 19B254
db 0x67, 0x26, 0x05, 0x01, 0x86, 0x50, 0x23, 0x0F, 0xA8, 0xC5, 0x4C, 0x00, 0x7A, 0x70, 0x00, 0x5B ; file 19B264
db 0xD0, 0x54, 0x6F, 0xA8, 0xC8, 0x5A, 0xF0, 0xCB, 0x50, 0x0F, 0x6F, 0x54, 0x6F, 0x20, 0x0F, 0x00 ; file 19B274
db 0x54, 0x6F, 0x01, 0x0F, 0x54, 0x6F, 0x01, 0x0F, 0x54, 0x6F, 0x01, 0x0F, 0x54, 0x6F, 0x01, 0x0F ; file 19B284
db 0x18, 0x01, 0x0F, 0x01, 0x0F, 0x01, 0x0F, 0x00, 0x02, 0xFE, 0xB1, 0x0F, 0x66, 0x01, 0x0F, 0x20 ; file 19B294
db 0x55, 0xC7, 0xBD, 0xE4, 0x8A, 0x0F, 0x9B, 0x64, 0x44, 0x05, 0x02, 0x37, 0x64, 0xA8, 0xC6, 0xB9 ; file 19B2A4
db 0x01, 0xEB, 0xC0, 0x01, 0x00, 0x07, 0x03, 0x03, 0xF0, 0xC6, 0x01, 0x1F, 0x12, 0x12, 0x0C, 0x06 ; file 19B2B4
db 0x01, 0x54, 0x67, 0xAA, 0xC0, 0x85, 0xC0, 0xF8, 0x24, 0x01, 0x84, 0x63, 0x0B, 0xD2, 0x02, 0x0E ; file 19B2C4
db 0x12, 0x0E, 0x02, 0x22, 0x54, 0x67, 0x00, 0x30, 0x61, 0xEC, 0xC2, 0xFE, 0xC8, 0x0C, 0xDD, 0xC0 ; file 19B2D4
db 0xA8, 0xC3, 0x0C, 0x31, 0x61, 0x3E, 0x60, 0x05, 0x07, 0xD0, 0xC1, 0xEA, 0xC3, 0x69, 0xD4, 0x84 ; file 19B2E4
db 0xC1, 0x85, 0x01, 0xA8, 0xC1, 0x02, 0x72, 0x60, 0xB3, 0x61, 0xC3, 0x2C, 0x54, 0x60, 0x0C, 0x99 ; file 19B2F4
db 0x0D, 0x48, 0x01, 0xA8, 0xC1, 0x03, 0x06, 0x24, 0x0F, 0x54, 0x63, 0x0C, 0x20, 0xB4, 0x00, 0x84 ; file 19B304
db 0xC1, 0xA8, 0xC2, 0x24, 0x0C, 0xA8, 0xC4, 0x02, 0xBF, 0xC0, 0x54, 0x66, 0x01, 0x02, 0xFD, 0x91 ; file 19B314
db 0x54, 0x6F, 0x12, 0xD1, 0x78, 0x62, 0xA8, 0xC1, 0x19, 0xB4, 0x54, 0x6D, 0x01, 0x1C, 0x24, 0x07 ; file 19B324
db 0x54, 0x6F, 0x24, 0x05, 0x1E, 0x70, 0xF0, 0xC4, 0x30, 0x6F, 0x84, 0xC5, 0x00, 0xD8, 0x13, 0x24 ; file 19B334
db 0x0F, 0xA8, 0xC9, 0x54, 0x6F, 0x54, 0x6E, 0xA4, 0xE4, 0x54, 0x6F, 0x79, 0x68, 0x00, 0xC7, 0xA5 ; file 19B344
db 0x54, 0x6F, 0x54, 0x6F, 0x54, 0x6F, 0x54, 0x6F, 0x54, 0x6F, 0x54, 0x6F, 0x54, 0x6F, 0x00, 0x54 ; file 19B354
db 0x6F, 0x54, 0x6F, 0x54, 0x6F, 0x54, 0x6F, 0x54, 0x6F, 0x54, 0x6F, 0x54, 0x6F, 0x54, 0x6F, 0x00 ; file 19B364
db 0x54, 0x6F, 0x54, 0x6F, 0x54, 0x6F, 0x54, 0x6F, 0x54, 0x6F, 0x54, 0x6F, 0x54, 0x6F, 0x54, 0x6F ; file 19B374
db 0x00, 0x54, 0x6F, 0x54, 0x6F, 0x54, 0x6F, 0x54, 0x6F, 0x54, 0x6F, 0x54, 0x6F, 0x54, 0x6F, 0x54 ; file 19B384
db 0x6F, 0x00, 0x54, 0x6F, 0x54, 0x6F, 0x54, 0x6F, 0x54, 0x6F, 0x54, 0x6F, 0x54, 0x6F, 0x54, 0x6F ; file 19B394
db 0x54, 0x6F, 0x00, 0x23, 0x0F, 0x54, 0x6F, 0x54, 0x6F, 0x54, 0x6F, 0x0F, 0x6F, 0x54, 0x6F, 0x20 ; file 19B3A4
db 0x0F, 0x54, 0x6F, 0x00, 0x01, 0x0F, 0x54, 0x6F, 0x01, 0x0F, 0x54, 0x6F, 0x01, 0x0F, 0x54, 0x6F ; file 19B3B4
db 0x01, 0x0F, 0x01, 0x0F, 0x00, 0x87, 0xC3, 0x14, 0x0F, 0x88, 0xCD, 0x23, 0x0F, 0x46, 0x0E, 0x79 ; file 19B3C4
db 0x06, 0x8D, 0xC5, 0x8A, 0x08, 0xDE, 0xFE, 0xB0, 0x05, 0x1C, 0x05, 0x03, 0xED, 0xC7, 0x01, 0x0E ; file 19B3D4
db 0x5C, 0x7C, 0x50, 0xA8, 0xCA, 0x01, 0x05, 0x1C, 0x31, 0x61, 0x05, 0x14, 0xD1, 0x86, 0x5E, 0x05 ; file 19B3E4
db 0x07, 0x07, 0xA8, 0xC8, 0x24, 0x09, 0x43, 0xDA, 0xA8, 0xC6, 0x01, 0x4F, 0x01, 0x03, 0x02, 0x03 ; file 19B3F4
db 0x15, 0x60, 0x55, 0x60, 0x09, 0x23, 0xC8, 0xC0, 0xA1, 0x52, 0xA8, 0xC3, 0xA5, 0xC1, 0x69, 0x50 ; file 19B404
db 0x14, 0xD2, 0x7A, 0xDA, 0x0C, 0x0C, 0x80, 0xC5, 0x50, 0xA8, 0xC1, 0xBB, 0x61, 0x24, 0x02, 0x48 ; file 19B414
db 0x1A, 0xA8, 0xC1, 0x31, 0x60, 0x1C, 0x18, 0xA8, 0xC3, 0x24, 0x0F, 0xA8, 0xC5, 0x01, 0x1C, 0x9B ; file 19B424
db 0xC1, 0x54, 0x62, 0xED, 0xC0, 0x40, 0xDE, 0xD1, 0x54, 0x6E, 0xBE, 0x62, 0xA8, 0xC6, 0x97, 0x2A ; file 19B434
db 0x54, 0x66, 0x0C, 0x54, 0x69, 0x09, 0x11, 0x54, 0x6F, 0xCC, 0xC1, 0x12, 0x49, 0xD0, 0x30, 0x66 ; file 19B444
db 0xA1, 0x51, 0x54, 0x6F, 0x01, 0x08, 0x71, 0x14, 0x30, 0x6F, 0xA8, 0xC9, 0x54, 0x6F, 0x24, 0x0F ; file 19B454
db 0x55, 0x23, 0x54, 0x6F, 0x00, 0x54, 0x6F, 0x54, 0x6F, 0x30, 0x6F, 0x37, 0x30, 0x54, 0x6F, 0x54 ; file 19B464
db 0x6F, 0x54, 0x67, 0x14, 0x61, 0x48, 0x54, 0x6F, 0x54, 0x69, 0xAD, 0xE0, 0x0B, 0x2F, 0x53, 0x30 ; file 19B474
db 0x6D, 0x19, 0x54, 0x64, 0xCD, 0x1F, 0x54, 0x62, 0x04, 0x1D, 0x36, 0x50, 0x54, 0x6E, 0x1B, 0x1A ; file 19B484
db 0x09, 0x16, 0xA3, 0xE0, 0xB2, 0x57, 0x01, 0x0E, 0x66, 0x54, 0x6F, 0xE3, 0x74, 0x54, 0x62, 0x04 ; file 19B494
db 0x80, 0xDC, 0x54, 0x6A, 0x08, 0x56, 0x60, 0x9A, 0x65, 0x54, 0x6F, 0x54, 0x6F, 0x54, 0x6F, 0x00 ; file 19B4A4
db 0x54, 0x6F, 0x54, 0x6F, 0x54, 0x6F, 0x54, 0x6F, 0x54, 0x6F, 0x54, 0x6C, 0x38, 0x20, 0x3C, 0x20 ; file 19B4B4
db 0x08, 0x54, 0x6F, 0x54, 0x6C, 0x2E, 0x51, 0x1D, 0x54, 0x6F, 0x54, 0x6F, 0x54, 0xF0, 0x16, 0x50 ; file 19B4C4
db 0x18, 0x54, 0x6F, 0x30, 0x61, 0x54, 0x68, 0x01, 0x08, 0x3B, 0x52, 0x54, 0x6F, 0x54, 0x6A, 0x08 ; file 19B4D4
db 0x0B, 0x60, 0x54, 0x6F, 0x54, 0x6B, 0x00, 0x54, 0x6F, 0x1B, 0x85, 0x3E, 0x68, 0x30, 0x60, 0x1C ; file 19B4E4
db 0x54, 0x6F, 0x6A, 0x60, 0x1F, 0x08, 0x04, 0x54, 0x66, 0x6D, 0x01, 0x31, 0x6F, 0x62, 0x54, 0x62 ; file 19B4F4
db 0x0B, 0x7A, 0x53, 0x77, 0x6F, 0x54, 0x6A, 0x0F, 0x0B, 0x4A, 0x81, 0x03, 0x0F, 0x13, 0x54, 0x6F ; file 19B504
db 0x54, 0x69, 0x5F, 0x10, 0x34, 0x60, 0x0F, 0x6F, 0x54, 0x6F, 0x00, 0x20, 0x0F, 0x54, 0x6F, 0x01 ; file 19B514
db 0x0F, 0x54, 0x6F, 0x01, 0x0F, 0x54, 0x6F, 0x01, 0x0F, 0x54, 0x6F, 0x00, 0x01, 0x0F, 0x01, 0x0F ; file 19B524
db 0xF2, 0xB6, 0x01, 0x0F, 0x01, 0x0F, 0x01, 0x0F, 0x01, 0x0F, 0x81, 0x61, 0x19, 0x06, 0x02, 0xC3 ; file 19B534
db 0x57, 0x08, 0x03, 0x07, 0x61, 0xC0, 0x81, 0xC1, 0x55, 0x67, 0x13, 0x07, 0x0E, 0x28, 0xC0, 0x54 ; file 19B544
db 0x68, 0x00, 0x3C, 0xC0, 0xAB, 0xC2, 0xEC, 0x58, 0x0C, 0x24, 0x60, 0x54, 0x6A, 0x00, 0x07, 0x30 ; file 19B554
db 0x60, 0xAB, 0xC1, 0x63, 0xC5, 0x79, 0xC2, 0x85, 0x01, 0xA8, 0xC4, 0x02, 0x1C, 0xC0, 0x05, 0xC0 ; file 19B564
db 0xBE, 0x60, 0x4B, 0x01, 0x09, 0x42, 0x87, 0xC5, 0x05, 0x5F, 0xC0, 0xA8, 0xC4, 0xB9, 0x61, 0x74 ; file 19B574
db 0xD1, 0x1C, 0x23, 0x7D, 0x1F, 0x06, 0x12, 0x12, 0x0E, 0x05, 0xA8, 0xC2, 0xD8, 0xC1, 0x62, 0xC1 ; file 19B584
db 0xCC, 0x24, 0x0B, 0x54, 0x61, 0x06, 0x12, 0x08, 0x71, 0x54, 0x62, 0x01, 0x02, 0x08, 0xEA, 0xC0 ; file 19B594
db 0x24, 0x0C, 0xA8, 0xC1, 0x02, 0x49, 0x60, 0x52, 0x70, 0x54, 0x64, 0xFB, 0x68, 0x00, 0xA8, 0xC8 ; file 19B5A4
db 0x60, 0xC1, 0x24, 0x02, 0x54, 0x62, 0xEC, 0xC9, 0xA8, 0xC7, 0x8D, 0x00, 0x48, 0x03, 0x66, 0xA8 ; file 19B5B4
db 0xC1, 0x13, 0x0F, 0x54, 0x6F, 0x61, 0xC0, 0x0D, 0x0E, 0x7F, 0x70, 0x00, 0x54, 0x6F, 0x54, 0x6B ; file 19B5C4
db 0xDF, 0x73, 0x30, 0x6F, 0x30, 0x68, 0xCA, 0xC2, 0x24, 0x0F, 0x24, 0x0F, 0x18, 0x54, 0x6F, 0xF1 ; file 19B5D4
db 0xCA, 0xA8, 0xE4, 0x08, 0x17, 0x54, 0x6F, 0x54, 0x6F, 0x54, 0x67, 0x14, 0x24, 0x0F, 0xB5, 0xD6 ; file 19B5E4
db 0x10, 0xA8, 0xC4, 0x1D, 0x54, 0x6F, 0x35, 0x34, 0x70, 0xC0, 0x10, 0xA8, 0xC6, 0x88, 0xA0, 0x54 ; file 19B5F4
db 0x6F, 0x54, 0x61, 0x10, 0xA8, 0xC8, 0x13, 0x40, 0x45, 0x40, 0x04, 0x54, 0x6F, 0x54, 0x6C, 0x00 ; file 19B604
db 0x54, 0x6F, 0x54, 0x6A, 0x5E, 0x43, 0x54, 0x6F, 0xA8, 0xC8, 0x00, 0x55, 0x63, 0x30, 0x6F, 0x54 ; file 19B614
db 0x6F, 0x24, 0x0F, 0x54, 0x6F, 0x54, 0x6F, 0x54, 0x6F, 0x54, 0x6F, 0x87, 0x00, 0x10, 0x16, 0xE2 ; file 19B624
db 0x73, 0x54, 0x6F, 0xC6, 0x57, 0x66, 0x70, 0x10, 0x00, 0x38, 0xE0, 0x3E, 0x20, 0x54, 0x6F, 0xA8 ; file 19B634
db 0xC7, 0xF3, 0xB1, 0x6A, 0x71, 0x54, 0x6F, 0x54, 0x6F, 0x00, 0x3F, 0x11, 0x5E, 0xC0, 0x54, 0x6F ; file 19B644
db 0x93, 0x52, 0xA8, 0xC7, 0xCF, 0xC1, 0x54, 0x6F, 0x78, 0x62, 0x10, 0x30, 0x69, 0xF5, 0xB0, 0x54 ; file 19B654
db 0x6F, 0x54, 0x6B, 0x00, 0xC6, 0x50, 0x54, 0x6F, 0x48, 0x0B, 0x19, 0x00, 0x54, 0x6F, 0x76, 0xC2 ; file 19B664
db 0x0B, 0x0B, 0x53, 0x66, 0xE6, 0x63, 0x31, 0x6F, 0x92, 0xA8, 0xC1, 0x1F, 0x4B, 0x84, 0x09, 0x70 ; file 19B674
db 0x13, 0x23, 0x0F, 0x54, 0x68, 0x1D, 0x23, 0x04, 0x1D, 0xB2, 0x01, 0x54, 0x6F, 0xA8, 0xC8, 0x13 ; file 19B684
db 0x4C, 0x71, 0x54, 0x6F, 0x02, 0x54, 0x6B, 0x15, 0x54, 0x6F, 0x54, 0x6F, 0x54, 0x6F, 0x54, 0x6F ; file 19B694
db 0x1A, 0x0F, 0x54, 0x6F, 0x00, 0x01, 0x0F, 0x54, 0x6F, 0x01, 0x0F, 0x01, 0x0F, 0x01, 0x0F, 0x01 ; file 19B6A4
db 0x0F, 0x57, 0x0F, 0x01, 0x0F, 0x8E, 0x87, 0xC3, 0x05, 0x02, 0x03, 0xD7, 0xCC, 0x33, 0x09, 0x86 ; file 19B6B4
db 0xC3, 0x1E, 0x80, 0x85, 0x59, 0xA8, 0xCC, 0x42, 0x61, 0x24, 0x02, 0x79, 0x67, 0xB2, 0xC2, 0xA8 ; file 19B6C4
db 0xC6, 0x01, 0x00, 0x5C, 0xC0, 0x88, 0xC0, 0x48, 0x03, 0x6C, 0x05, 0x54, 0x60, 0xA3, 0xA0, 0xA8 ; file 19B6D4
db 0xC4, 0xA3, 0xC0, 0x07, 0x07, 0x07, 0x1C, 0x89, 0x00, 0x6A, 0x61, 0x2E, 0xD5, 0x31, 0x61, 0x84 ; file 19B6E4
db 0x60, 0x10, 0xA8, 0xC3, 0x62, 0xC1, 0x24, 0x03, 0x55, 0x6E, 0x0E, 0x84, 0xC0, 0xA8, 0xC2, 0x24 ; file 19B6F4
db 0x06, 0xE0, 0x68, 0xD9, 0x54, 0x60, 0xE4, 0xC0, 0xC4, 0x51, 0x54, 0x60, 0x01, 0x03, 0x03, 0x00 ; file 19B704
db 0x25, 0xC0, 0xFF, 0xC1, 0x16, 0x18, 0xA8, 0xC1, 0x19, 0x00, 0x60, 0xC3, 0x54, 0x6F, 0xA8, 0xC6 ; file 19B714
db 0xC3, 0x02, 0x0E, 0x84, 0xC4, 0x54, 0x63, 0xBA, 0x68, 0xA8, 0xC7, 0x02, 0x12, 0x0D, 0x1C, 0xA8 ; file 19B724
db 0xC7, 0x13, 0x0F, 0x22, 0x92, 0xA8, 0xCD, 0x30, 0x6C, 0x54, 0x6F, 0x20, 0x24, 0x0F, 0x30, 0x6F ; file 19B734
db 0x24, 0x0F, 0x24, 0x0F, 0xF0, 0xC7, 0x0B, 0x54, 0x6F, 0xCD, 0xC7, 0x40, 0xA4, 0x25, 0x54, 0x6F ; file 19B744
db 0x30, 0x6F, 0x2F, 0x60, 0x24, 0x0F, 0xA8, 0xCE, 0x0F, 0x54, 0x66, 0x29, 0x1D, 0x54, 0x6F, 0x35 ; file 19B754
db 0x32, 0x10, 0x54, 0x68, 0x00, 0x25, 0x00, 0x54, 0x6F, 0x82, 0xA8, 0xC0, 0x14, 0x54, 0x60, 0x4C ; file 19B764
db 0x51, 0x54, 0x63, 0xF2, 0x30, 0x54, 0x6F, 0x1B, 0x43, 0x1A, 0x17, 0x54, 0x6B, 0x74, 0xB1, 0x54 ; file 19B774
db 0x6F, 0xA8, 0xC5, 0x04, 0xB3, 0xB1, 0x00, 0x39, 0xE1, 0x54, 0x6F, 0x54, 0x6A, 0x30, 0x6F, 0x54 ; file 19B784
db 0x6F, 0x24, 0x0F, 0x54, 0x6F, 0x54, 0x6F, 0x32, 0x0F, 0x20, 0x17, 0x54, 0x6F, 0xA8, 0xCE, 0x1F ; file 19B794
db 0x14, 0x54, 0x6F, 0x54, 0x6F, 0x00, 0x10, 0xE1, 0x23, 0x04, 0x54, 0x6F, 0x30, 0x65, 0x54, 0x60 ; file 19B7A4
db 0x52, 0x61, 0x9E, 0x70, 0x54, 0x6F, 0x04, 0x54, 0x6E, 0x17, 0x60, 0x0B, 0x25, 0x06, 0x5E, 0x5A ; file 19B7B4
db 0x3B, 0xC0, 0xBA, 0xF9, 0x7A, 0x64, 0x00, 0x54, 0x6F, 0xF6, 0x59, 0x6F, 0x02, 0x54, 0x6D, 0x30 ; file 19B7C4
db 0x6F, 0x54, 0x6F, 0x24, 0x0F, 0x54, 0x6F, 0x10, 0x4F, 0xE0, 0xE5, 0x69, 0x41, 0xC0, 0x31, 0x6F ; file 19B7D4
db 0x08, 0x70, 0x71, 0xF6, 0x10, 0xE3, 0x66, 0x0C, 0x23, 0x0F, 0xA8, 0xC6, 0x0A, 0x08, 0x77, 0x70 ; file 19B7E4
db 0x65, 0xC0, 0x54, 0x6F, 0x54, 0x69, 0x00, 0x85, 0xC1, 0x54, 0x6F, 0x54, 0x6F, 0x76, 0x5F, 0x54 ; file 19B7F4
db 0x6F, 0x01, 0x0F, 0x54, 0x6F, 0x01, 0x0F, 0x00, 0x54, 0x6F, 0x01, 0x0F, 0xFD, 0x5F, 0x01, 0x0F ; file 19B804
db 0x01, 0x0F, 0x01, 0x0F, 0x01, 0x0F, 0x58, 0x0F, 0x3E, 0x01, 0x0E, 0x03, 0x07, 0x1E, 0x0D, 0x09 ; file 19B814
db 0x87, 0xC1, 0x2E, 0x0A, 0x3A, 0x32, 0x0A, 0x02, 0xAB, 0xC1, 0x0D, 0x0D, 0x07, 0x79, 0x65, 0x62 ; file 19B824
db 0xC0, 0x18, 0x54, 0x6D, 0x14, 0x60, 0x45, 0xC0, 0x1E, 0x07, 0xF2, 0xA4, 0xBA, 0x50, 0x77, 0x63 ; file 19B834
db 0x88, 0xC2, 0x13, 0x7F, 0xC1, 0x81, 0xC0, 0x05, 0x8D, 0xC0, 0x4A, 0x01, 0xAB, 0xC3, 0x02, 0x8B ; file 19B844
db 0x12, 0x0C, 0x54, 0x68, 0x00, 0xA1, 0xC1, 0x88, 0x01, 0x7A, 0x0B, 0x12, 0x88, 0x01, 0x00, 0xA8 ; file 19B854
db 0xC4, 0xBB, 0x00, 0x0E, 0x62, 0xC0, 0xED, 0xC0, 0x24, 0x0C, 0x0E, 0x71, 0x0C, 0x9A, 0x00, 0xA8 ; file 19B864
db 0xC1, 0xBA, 0x61, 0x02, 0x1C, 0x05, 0xAA, 0xC0, 0x23, 0x07, 0x09, 0x25, 0x77, 0xA8, 0xC0, 0x30 ; file 19B874
db 0x61, 0x03, 0x24, 0x00, 0xA8, 0xC0, 0x18, 0x8A, 0x01, 0x62, 0xCA, 0xA8, 0xC5, 0x06, 0x09, 0x6C ; file 19B884
db 0x61, 0x54, 0x63, 0x34, 0xD2, 0x80, 0x57, 0x7A, 0x54, 0x63, 0x13, 0xD0, 0xE2, 0x01, 0xA8, 0xC2 ; file 19B894
db 0x58, 0xD2, 0x54, 0x6F, 0x08, 0x27, 0x05, 0x09, 0x07, 0x13, 0x71, 0xA8, 0xC4, 0x0A, 0x54, 0x6F ; file 19B8A4
db 0x0C, 0x62, 0x00, 0x1A, 0xC2, 0x54, 0x6F, 0x54, 0x6A, 0x24, 0x0A, 0x30, 0x6F, 0x24, 0x0F, 0x24 ; file 19B8B4
db 0x0F, 0xE4, 0x61, 0x08, 0x54, 0x6F, 0x54, 0x6F, 0xA4, 0x24, 0x16, 0xC5, 0x40, 0x24, 0x0F, 0x84 ; file 19B8C4
db 0xCC, 0x54, 0x6F, 0x04, 0x24, 0x0F, 0x54, 0x66, 0x08, 0x54, 0x60, 0x55, 0x66, 0x54, 0x6F, 0x54 ; file 19B8D4
db 0x65, 0x8E, 0xC1, 0x00, 0x54, 0x6F, 0xE0, 0x70, 0x54, 0x69, 0x5E, 0xC2, 0x54, 0x6F, 0x54, 0x6F ; file 19B8E4
db 0x54, 0x6F, 0x54, 0x68, 0x00, 0x55, 0x62, 0x54, 0x6F, 0x54, 0x6F, 0x30, 0x6F, 0x54, 0x6F, 0x24 ; file 19B8F4
db 0x0F, 0x54, 0x6F, 0x54, 0x6F, 0x00, 0x54, 0x6F, 0x54, 0x6F, 0x49, 0x90, 0x54, 0x6F, 0x54, 0x6F ; file 19B904
db 0x10, 0xE1, 0x54, 0x6A, 0xC5, 0x53, 0x00, 0x54, 0x6B, 0xB1, 0xE0, 0x03, 0x02, 0x65, 0x00, 0x55 ; file 19B914
db 0x68, 0x54, 0x6F, 0x2A, 0x42, 0x74, 0x70, 0x00, 0xE6, 0x53, 0x54, 0x6F, 0xA8, 0xC9, 0xA9, 0xC1 ; file 19B924
db 0x54, 0x6F, 0x54, 0x6D, 0x9F, 0x63, 0x54, 0x6F, 0x42, 0x4E, 0x59, 0x04, 0x54, 0x6F, 0x54, 0x6D ; file 19B934
db 0x92, 0x03, 0x54, 0x6F, 0x1D, 0xFE, 0x58, 0x20, 0x47, 0x01, 0x31, 0x6F, 0x54, 0x61, 0x49, 0x81 ; file 19B944
db 0x19, 0x23, 0x1F, 0x54, 0x6F, 0x0B, 0x63, 0x00, 0x54, 0x61, 0xD0, 0x80, 0x77, 0x71, 0x54, 0x6F ; file 19B954
db 0x54, 0x6F, 0x54, 0x6F, 0x54, 0x6F, 0x54, 0x6F, 0x00, 0x54, 0x6F, 0x1D, 0x0F, 0x54, 0x6F, 0x01 ; file 19B964
db 0x0F, 0x54, 0x6F, 0x01, 0x0F, 0xFC, 0x5F, 0x01, 0x0F, 0x80, 0x01, 0x0F, 0x01, 0x0F, 0x01, 0x0F ; file 19B974
db 0x87, 0xC2, 0x01, 0x01, 0x59, 0x0F, 0x87, 0xCA, 0x1E, 0x11, 0x0D, 0x86, 0xC7, 0x2B, 0x03, 0x31 ; file 19B984
db 0x0C, 0x02, 0x96, 0xB0, 0x66, 0xE7, 0xC4, 0xB3, 0x70, 0xA8, 0xC7, 0x64, 0x60, 0x85, 0xC0, 0x6A ; file 19B994
db 0xC0, 0x1E, 0x09, 0x1C, 0x63, 0xC4, 0x03, 0x05, 0x06, 0x73, 0x01, 0xA8, 0xC7, 0xEB, 0xC0, 0x0C ; file 19B9A4
db 0x60, 0x85, 0xC3, 0x29, 0xC0, 0x24, 0x90, 0x02, 0xA2, 0x50, 0x03, 0x54, 0x67, 0xAA, 0xC2, 0x09 ; file 19B9B4
db 0x41, 0x06, 0x84, 0xC6, 0x01, 0x0C, 0xA8, 0xC7, 0x54, 0xD0, 0x24, 0x04, 0x03, 0xFA, 0xD8, 0xC2 ; file 19B9C4
db 0xA8, 0xC1, 0xF9, 0xC0, 0x00, 0x3E, 0xC0, 0x8C, 0x01, 0x86, 0xC9, 0xA8, 0xC1, 0x9C, 0xC1, 0xCC ; file 19B9D4
db 0xC0, 0xA8, 0xC0, 0x84, 0xC1, 0x00, 0x86, 0xCD, 0xA8, 0xC2, 0xEF, 0xC0, 0xBD, 0x01, 0xA8, 0xC1 ; file 19B9E4
db 0xEE, 0x01, 0xAA, 0xCB, 0xA8, 0xC4, 0x37, 0x00, 0x06, 0x0E, 0x30, 0x63, 0x1A, 0x17, 0xDD, 0xD0 ; file 19B9F4
db 0x38, 0x73, 0x08, 0x54, 0x6D, 0x66, 0xD4, 0xA8, 0xC2, 0x16, 0x19, 0xB0, 0x54, 0x6F, 0x24, 0x0A ; file 19BA04
db 0x54, 0x6F, 0x00, 0x54, 0x6F, 0x30, 0x6F, 0x54, 0x66, 0x4F, 0xD2, 0x24, 0x0F, 0x78, 0x68, 0xA5 ; file 19BA14
db 0x25, 0x54, 0x6F, 0x22, 0x54, 0x6E, 0x1D, 0x2E, 0x60, 0x24, 0x0F, 0x30, 0x6C, 0x08, 0x54, 0x6F ; file 19BA24
db 0x54, 0x6F, 0x00, 0x54, 0x67, 0x5C, 0xC0, 0x54, 0x6F, 0x87, 0xB2, 0xA8, 0xC6, 0xC3, 0x30, 0x21 ; file 19BA34
db 0x10, 0x66, 0xB1, 0x86, 0x54, 0x6E, 0x16, 0x1F, 0x54, 0x69, 0xBE, 0xA0, 0x55, 0x62, 0x54, 0x6C ; file 19BA44
db 0x18, 0x01, 0x14, 0x54, 0x6A, 0x26, 0x02, 0x54, 0x6F, 0x54, 0x66, 0x02, 0x01, 0xB5, 0xB1, 0x54 ; file 19BA54
db 0x6F, 0x90, 0x54, 0x6F, 0x54, 0x6F, 0x54, 0x6F, 0x54, 0x6C, 0x19, 0x54, 0x6F, 0x54, 0x6E, 0x16 ; file 19BA64
db 0xE4, 0x54, 0x6F, 0x54, 0x6E, 0x08, 0x54, 0x6F, 0x54, 0x6E, 0x01, 0x1D, 0x10, 0x30, 0x44, 0x00 ; file 19BA74
db 0x54, 0x6F, 0x54, 0x6D, 0x5E, 0x20, 0x1F, 0x0B, 0x46, 0x04, 0x54, 0x6F, 0x00, 0xD7, 0x13, 0xA8 ; file 19BA84
db 0xC0, 0x51, 0x61, 0x84, 0x41, 0x84, 0xC0, 0xCF, 0xC4, 0x54, 0x6F, 0xE8, 0x5C, 0x00, 0x54, 0x6F ; file 19BA94
db 0x30, 0x6B, 0xA9, 0xC2, 0x54, 0x6F, 0x54, 0x6A, 0x9D, 0x62, 0x54, 0x6F, 0x54, 0x6F, 0x02, 0x2E ; file 19BAA4
db 0x5D, 0x1D, 0x54, 0x6F, 0x78, 0x5F, 0xA6, 0xC6, 0xB2, 0x02, 0x54, 0x6F, 0x54, 0x64, 0x04, 0xE9 ; file 19BAB4
db 0xD1, 0x54, 0x61, 0x0F, 0x54, 0x6F, 0x54, 0x6F, 0x54, 0x6F, 0x54, 0x6F, 0x54, 0x6F, 0x00, 0x54 ; file 19BAC4
db 0x6F, 0x1D, 0x0F, 0x54, 0x6F, 0x01, 0x0F, 0x54, 0x6F, 0x01, 0x0F, 0x54, 0x6F, 0x01, 0x0F, 0x00 ; file 19BAD4
db 0x01, 0x0F, 0x01, 0x0F, 0x01, 0x0F, 0x40, 0xC1, 0xFE, 0xB1, 0xA8, 0x5B, 0x77, 0x6E, 0x1D, 0x58 ; file 19BAE4
db 0x90, 0x55, 0x20, 0x8A, 0x0F, 0x9B, 0x63, 0x44, 0x05, 0x02, 0xF6, 0x54, 0xA8, 0xC6, 0x01, 0xDC ; file 19BAF4
db 0xEB, 0xC0, 0x01, 0x00, 0x07, 0x03, 0x03, 0xF0, 0xC6, 0x01, 0x12, 0x03, 0x12, 0x0C, 0x56, 0x60 ; file 19BB04
db 0x54, 0x66, 0xAA, 0xC0, 0x85, 0xC0, 0x24, 0x01, 0xD5, 0xC3, 0xBE, 0x0B, 0xD2, 0x02, 0x0E, 0x12 ; file 19BB14
db 0x0E, 0x02, 0x54, 0x67, 0x00, 0x08, 0x54, 0x62, 0xEC, 0xC1, 0xFE, 0xC8, 0x0C, 0xDD, 0xC0, 0xA8 ; file 19BB24
db 0xC3, 0xB9, 0x61, 0x1B, 0x60, 0x43, 0x05, 0x07, 0xD0, 0xC1, 0xEA, 0xC3, 0x69, 0xD4, 0x84, 0xC1 ; file 19BB34
db 0x01, 0x54, 0x62, 0x30, 0x96, 0x60, 0xA4, 0xC0, 0x86, 0xCC, 0x54, 0x61, 0x0C, 0x0D, 0x48, 0x01 ; file 19BB44
db 0x54, 0x62, 0x88, 0x40, 0x00, 0x24, 0x0E, 0x54, 0x62, 0x0C, 0xB4, 0x00, 0x84, 0xC1, 0x54, 0x60 ; file 19BB54
db 0x03, 0x04, 0x24, 0x0D, 0x54, 0x64, 0x02, 0xBF, 0xC0, 0x8F, 0x60, 0x54, 0x62, 0xB7, 0x60, 0xF2 ; file 19BB64
db 0xA0, 0x40, 0x54, 0x6F, 0x12, 0xD1, 0x24, 0x02, 0xA8, 0xC1, 0x54, 0x6F, 0x89, 0x42, 0x1C, 0x24 ; file 19BB74
db 0x07, 0x80, 0x54, 0x6F, 0x24, 0x05, 0x1E, 0x70, 0xF0, 0xC4, 0x30, 0x6F, 0x84, 0xC5, 0xD8, 0x13 ; file 19BB84
db 0x1F, 0xE0, 0x24, 0x0F, 0xA8, 0xC8, 0x54, 0x6F, 0x54, 0x6E, 0x63, 0x74, 0x1D, 0x10, 0x17, 0x00 ; file 19BB94
db 0x24, 0x0F, 0x7C, 0x55, 0x43, 0x24, 0x54, 0x60, 0xCE, 0xC0, 0x24, 0x0F, 0x54, 0x6F, 0x54, 0x67 ; file 19BBA4
db 0x00, 0x84, 0xB5, 0x54, 0x6F, 0x54, 0x65, 0x39, 0xC0, 0xA9, 0xB4, 0x54, 0x6F, 0x46, 0x62, 0xEA ; file 19BBB4
db 0x84, 0x00, 0xA2, 0x63, 0x54, 0x6F, 0x06, 0xC2, 0xE5, 0x25, 0xCF, 0xC1, 0x54, 0x6F, 0xA8, 0xC4 ; file 19BBC4
db 0xAC, 0x40, 0x10, 0x54, 0x6F, 0x54, 0x6F, 0x30, 0x6F, 0x38, 0x30, 0x14, 0x54, 0x6F, 0x54, 0x6F ; file 19BBD4
db 0x54, 0x6F, 0x92, 0x54, 0x6F, 0x14, 0x54, 0x6F, 0x54, 0x6F, 0x10, 0x54, 0x6F, 0x54, 0x6E, 0x04 ; file 19BBE4
db 0x70, 0xE0, 0x73, 0x54, 0x69, 0xC5, 0x52, 0xA8, 0xCA, 0x1D, 0x1F, 0x14, 0x01, 0x00, 0x61, 0x0F ; file 19BBF4
db 0xF8, 0x11, 0xDC, 0x81, 0x55, 0x65, 0x54, 0x6D, 0x04, 0x01, 0x02, 0x01, 0x00, 0x84, 0x42, 0x1D ; file 19BC04
db 0xE0, 0x54, 0x6F, 0x54, 0x6D, 0xA9, 0xC4, 0x54, 0x6B, 0xCC, 0xC0, 0x30, 0x6F, 0x00, 0x54, 0x6F ; file 19BC14
db 0x4E, 0x59, 0x16, 0xD3, 0x54, 0x6F, 0xF0, 0xC9, 0x9B, 0x62, 0x54, 0x6F, 0x54, 0x69, 0x0C, 0x77 ; file 19BC24
db 0x61, 0x31, 0x6F, 0x00, 0x08, 0x53, 0x60, 0x54, 0x06, 0xCC, 0x51, 0x23, 0x0F, 0x04, 0x0B, 0x61 ; file 19BC34
db 0xCF, 0x14, 0x0B, 0x76, 0x61, 0x54, 0x6F, 0x54, 0x65, 0x91, 0x71, 0x54, 0x6F, 0x00, 0x54, 0x6F ; file 19BC44
db 0x54, 0x6F, 0x54, 0x6F, 0x54, 0x6F, 0x54, 0x6F, 0x54, 0x6F, 0x54, 0x6F, 0x67, 0x0F, 0x00, 0x54 ; file 19BC54
db 0x6F, 0x01, 0x0F, 0x01, 0x0F, 0x87, 0xCA, 0x15, 0x0F, 0x32, 0x6F, 0x01, 0x0F, 0x87, 0xCB, 0x60 ; file 19BC64
db 0x79, 0x06, 0xAE, 0xCB, 0x86, 0xC5, 0xFC, 0xB1, 0x40, 0x57, 0x03, 0x0E, 0x92, 0x52, 0xE0, 0xA8 ; file 19BC74
db 0xC7, 0xC7, 0xC0, 0x56, 0x60, 0x87, 0xC2, 0xDF, 0xB6, 0x02, 0x12, 0x07, 0x0C, 0xA8, 0xC8, 0x56 ; file 19BC84
db 0x62, 0x07, 0x09, 0xC8, 0xC7, 0x5A, 0x63, 0xCC, 0x60, 0xA8, 0xC6, 0x01, 0x01, 0x52, 0xD0, 0x24 ; file 19BC94
db 0x01, 0x87, 0xCB, 0x02, 0xD1, 0xA8, 0xC4, 0x87, 0x00, 0xD3, 0x50, 0x31, 0x03, 0x26, 0x00, 0x04 ; file 19BCA4
db 0x00, 0x2A, 0x19, 0x07, 0x1C, 0x14, 0x70, 0xA8, 0xC1, 0x87, 0x00, 0x00, 0x1C, 0x23, 0x00, 0x24 ; file 19BCB4
db 0x00, 0x54, 0x6E, 0x31, 0x60, 0x1C, 0x30, 0xA8, 0xC3, 0x24, 0x01, 0x48, 0x02, 0x54, 0x6E, 0x01 ; file 19BCC4
db 0x07, 0x23, 0x00, 0xA8, 0xC6, 0x00, 0x65, 0x0B, 0x54, 0x65, 0x85, 0xC3, 0xA8, 0xC3, 0x2D, 0xDA ; file 19BCD4
db 0x54, 0x67, 0x30, 0x61, 0x0C, 0x64, 0x27, 0x19, 0x17, 0x11, 0x54, 0x6F, 0x8A, 0x41, 0x12, 0x24 ; file 19BCE4
db 0x07, 0xC5, 0x53, 0x02, 0x54, 0x6F, 0x08, 0xE9, 0x00, 0x84, 0xCF, 0xA8, 0xCD, 0xA0, 0x54, 0x24 ; file 19BCF4
db 0x0F, 0x24, 0x0E, 0x00, 0x54, 0x6F, 0xA8, 0xC8, 0xC6, 0x74, 0x54, 0x6F, 0x30, 0x6F, 0x54, 0x6F ; file 19BD04
db 0x24, 0x0F, 0xA8, 0xCB, 0x1C, 0x77, 0x50, 0x54, 0x6F, 0x00, 0x1F, 0x16, 0x54, 0x6A, 0x08, 0x61 ; file 19BD14
db 0x54, 0x6F, 0x00, 0xA8, 0xCD, 0x2F, 0x62, 0x54, 0x6F, 0x54, 0x6E, 0xC8, 0x61, 0x54, 0x6F, 0x54 ; file 19BD24
db 0x64, 0x03, 0x01, 0x40, 0x0C, 0x66, 0x54, 0x6F, 0x54, 0x6F, 0x54, 0x6F, 0x54, 0x6F, 0xCC, 0xC6 ; file 19BD34
db 0x08, 0x54, 0x6F, 0x12, 0x54, 0x6F, 0x10, 0x54, 0x6F, 0x54, 0x6E, 0x1D, 0x54, 0x6F, 0x54, 0x6F ; file 19BD44
db 0x5A, 0xE1, 0x08, 0xA8, 0xC8, 0xA9, 0xC5, 0x54, 0x6C, 0x10, 0x54, 0x63, 0x1D, 0x20, 0xA6, 0xD0 ; file 19BD54
db 0x8B, 0xB0, 0x04, 0xAB, 0xC3, 0x54, 0x6C, 0x0B, 0x6F, 0x71, 0x1D, 0xC0, 0xEF, 0x92, 0x30, 0x64 ; file 19BD64
db 0x54, 0x6F, 0x00, 0xBC, 0xFA, 0x54, 0x6F, 0x54, 0x6E, 0xA8, 0xCF, 0x54, 0x6F, 0x54, 0x6F, 0x54 ; file 19BD74
db 0x6F, 0x54, 0x6F, 0x00, 0xA8, 0xCC, 0x31, 0x61, 0x54, 0x6F, 0x78, 0x50, 0x9B, 0xE0, 0x8D, 0x08 ; file 19BD84
db 0x54, 0x6F, 0x0B, 0x63, 0x00, 0xCD, 0xC0, 0x87, 0xD0, 0x2E, 0xF0, 0x54, 0x6F, 0x54, 0x6F, 0x54 ; file 19BD94
db 0x6F, 0x54, 0x6F, 0x54, 0x6F, 0x00, 0x54, 0x6F, 0x45, 0x0F, 0x54, 0x6F, 0x01, 0x0F, 0x54, 0x6F ; file 19BDA4
db 0x01, 0x0F, 0x54, 0x6F, 0x01, 0x0F, 0x40, 0x01, 0x0F, 0x0E, 0x6E, 0x01, 0x0F, 0x01, 0x0F, 0x01 ; file 19BDB4
db 0x0F, 0xD7, 0xCE, 0x06, 0x81, 0x63, 0xCA, 0x57, 0x08, 0x03, 0x0C, 0x60, 0x1E, 0x81, 0xC1, 0x6B ; file 19BDC4
db 0x06, 0x01, 0x07, 0x09, 0x0E, 0xA7, 0x60, 0x54, 0x68, 0x00, 0x3C, 0xC0, 0xAB, 0xC2, 0x87, 0x59 ; file 19BDD4
db 0xFD, 0xC0, 0x00, 0x54, 0x69, 0xFB, 0x50, 0xAB, 0xC3, 0xB7, 0x66, 0xA2, 0x52, 0xA8, 0xC4, 0x1B ; file 19BDE4
db 0xC0, 0x0E, 0x62, 0xC8, 0x37, 0x60, 0x7B, 0x61, 0x06, 0x75, 0x05, 0x5F, 0xC0, 0xA8, 0xC4, 0x00 ; file 19BDF4
db 0x01, 0x3A, 0xC8, 0xC3, 0x1C, 0x22, 0x7D, 0x06, 0x12, 0x12, 0xE5, 0x60, 0x54, 0x63, 0xE3, 0x02 ; file 19BE04
db 0x0C, 0x86, 0xC1, 0x24, 0x0B, 0x54, 0x61, 0x06, 0x12, 0x0E, 0x0C, 0x84, 0xC1, 0x54, 0x61, 0x01 ; file 19BE14
db 0x02, 0xAA, 0xC2, 0x48, 0x0A, 0x54, 0x61, 0x49, 0x60, 0x80, 0x31, 0x61, 0x54, 0x61, 0x1A, 0x70 ; file 19BE24
db 0x1B, 0x75, 0xA8, 0xCB, 0x60, 0xC1, 0x24, 0x02, 0x1A, 0x03, 0x17, 0x06, 0x78, 0x60, 0x7C, 0x18 ; file 19BE34
db 0xA8, 0xC7, 0x8D, 0x00, 0x48, 0x03, 0xA8, 0xC1, 0x73, 0x13, 0x0F, 0x54, 0x6F, 0x30, 0x60, 0x0D ; file 19BE44
db 0x0E, 0x05, 0x32, 0x61, 0x00, 0x54, 0x6F, 0x54, 0x69, 0x5D, 0xE3, 0x54, 0x6F, 0x30, 0x69, 0x81 ; file 19BE54
db 0xE3, 0x54, 0x6F, 0x24, 0x0F, 0xE3, 0x08, 0x18, 0x54, 0x6F, 0xA8, 0xC7, 0x76, 0x83, 0x1D, 0x1F ; file 19BE64
db 0x16, 0x04, 0x24, 0x0F, 0x30, 0x6D, 0x1D, 0x54, 0x6F, 0x54, 0x6F, 0xA8, 0xC6, 0x26, 0xA0, 0xFE ; file 19BE74
db 0x91, 0x0E, 0x54, 0x6F, 0x1F, 0x16, 0x10, 0xA8, 0xC8, 0x20, 0xF0, 0x7C, 0x60, 0x54, 0x6F, 0x13 ; file 19BE84
db 0x17, 0x10, 0xA8, 0xC2, 0x54, 0x67, 0x01, 0x54, 0x6F, 0x54, 0x60, 0xCC, 0xC2, 0x00, 0x5E, 0x30 ; file 19BE94
db 0xCE, 0xC8, 0x54, 0x6F, 0xA8, 0xC4, 0x03, 0x01, 0x0C, 0x67, 0x54, 0x6F, 0x54, 0x6F, 0x20, 0x54 ; file 19BEA4
db 0x6F, 0x54, 0x6F, 0x54, 0x6F, 0x54, 0x6F, 0xA8, 0xC7, 0x1F, 0x54, 0x6F, 0xA8, 0xCE, 0x19, 0x04 ; file 19BEB4
db 0x54, 0x6F, 0x54, 0x6E, 0x00, 0x1D, 0x8C, 0x13, 0x23, 0x07, 0x54, 0x6F, 0x02, 0x64, 0xF0, 0x10 ; file 19BEC4
db 0x61, 0x20, 0x54, 0x64, 0xBD, 0x70, 0x12, 0xE0, 0x54, 0x6F, 0xDB, 0xD3, 0x04, 0xAD, 0xC0, 0x84 ; file 19BED4
db 0x43, 0x01, 0xCF, 0xC4, 0x54, 0x6B, 0x21, 0x93, 0x54, 0x6F, 0x54, 0x6F, 0x40, 0x54, 0x6F, 0x30 ; file 19BEE4
db 0x6F, 0x54, 0x6F, 0x24, 0x0F, 0x54, 0x6F, 0x6D, 0x0A, 0x04, 0x54, 0x6F, 0x22, 0x78, 0x5E, 0x1D ; file 19BEF4
db 0x7C, 0xD0, 0xA8, 0xCF, 0x0B, 0x6C, 0x0B, 0x9B, 0x51, 0x84, 0x21, 0x00, 0x54, 0x6F, 0xE6, 0x56 ; file 19BF04
db 0xCD, 0xC1, 0x31, 0x62, 0x54, 0x6F, 0x54, 0x6F, 0x54, 0x6F, 0x54, 0x6F, 0x00, 0x54, 0x6F, 0x54 ; file 19BF14
db 0x6F, 0x1A, 0x0F, 0x54, 0x6F, 0x01, 0x0F, 0x54, 0x6F, 0x01, 0x0F, 0x01, 0x0F, 0x60, 0x01, 0x0F ; file 19BF24
db 0x01, 0x0F, 0x57, 0x0F, 0x01, 0x0F, 0x87, 0xC3, 0x05, 0x02, 0x1B, 0xC7, 0x0C, 0x1F, 0xB3, 0x3D ; file 19BF34
db 0x2A, 0x05, 0x1C, 0x32, 0x61, 0xCD, 0x59, 0xFA, 0xC1, 0x54, 0x69, 0x08, 0x0E, 0xD0, 0x24, 0x02 ; file 19BF44
db 0x79, 0x67, 0x02, 0x67, 0xB1, 0xA8, 0xC6, 0x85, 0xC2, 0x38, 0x60, 0xA0, 0x48, 0x02, 0x87, 0xC5 ; file 19BF54
db 0x54, 0x60, 0x6B, 0xF0, 0xA8, 0xC4, 0x02, 0x32, 0x60, 0x07, 0x31, 0x1C, 0x89, 0x00, 0x6A, 0x61 ; file 19BF64
db 0xCD, 0xC7, 0x06, 0x12, 0x84, 0x60, 0xA8, 0xC3, 0x08, 0xEB, 0xC1, 0x24, 0x03, 0x55, 0x6E, 0x0E ; file 19BF74
db 0x84, 0xC0, 0xA8, 0xC2, 0x24, 0x06, 0xA5, 0xF9, 0x02, 0x54, 0x60, 0x01, 0x40, 0xD2, 0x54, 0x61 ; file 19BF84
db 0x76, 0xD3, 0xCE, 0x60, 0xEB, 0xC9, 0xA8, 0xC1, 0x10, 0xD0, 0xD0, 0xD1, 0xD1, 0x54, 0x6F, 0xA8 ; file 19BF94
db 0xC9, 0x0E, 0x24, 0x04, 0x54, 0x63, 0x00, 0xE8, 0x06, 0xA8, 0xC7, 0x02, 0x12, 0x37, 0xD1, 0x54 ; file 19BFA4
db 0x66, 0xF4, 0x12, 0xA8, 0xCD, 0x30, 0x6C, 0x00, 0x54, 0x6F, 0x24, 0x0F, 0x30, 0x6F, 0x54, 0x6F ; file 19BFB4
db 0x24, 0x0F, 0xF0, 0xC2, 0x54, 0x6F, 0xA8, 0xCD, 0xC2, 0xEE, 0x25, 0x0B, 0x54, 0x6F, 0x54, 0x6F ; file 19BFC4
db 0x54, 0x6F, 0x54, 0x6F, 0x1F, 0x10, 0x00, 0x54, 0x66, 0x15, 0xC2, 0x54, 0x6F, 0x54, 0x68, 0xD7 ; file 19BFD4
db 0x52, 0x8E, 0x40, 0x1A, 0x62, 0x54, 0x6F, 0x08, 0xA8, 0xC9, 0xA4, 0x01, 0x54, 0x6E, 0x19, 0x54 ; file 19BFE4
db 0x65, 0x01, 0x03, 0x54, 0x6F, 0x54, 0x69, 0x90, 0x2F, 0x6C, 0x24, 0x09, 0x54, 0x6F, 0x30, 0x6C ; file 19BFF4
db 0x10, 0x54, 0x6F, 0x54, 0x6E, 0x1D, 0x01, 0x18, 0x54, 0x6F, 0xA8, 0xCE, 0x35, 0xE0, 0x54, 0x6F ; file 19C004
db 0x54, 0x6F, 0x54, 0x6F, 0x54, 0x6F, 0x18, 0x54, 0x69, 0x6A, 0x12, 0x54, 0x6F, 0x08, 0x14, 0x54 ; file 19C014
db 0x66, 0x1E, 0x14, 0xA9, 0xC2, 0x10, 0xA8, 0xC9, 0xD2, 0x70, 0x82, 0x20, 0xB0, 0x00, 0x1D, 0x2D ; file 19C024
db 0x44, 0x24, 0x04, 0x54, 0x6F, 0x00, 0xD3, 0x49, 0x0D, 0x62, 0x54, 0x6F, 0x78, 0x6E, 0x54, 0x6F ; file 19C034
db 0x78, 0x6A, 0x54, 0x6F, 0x54, 0x6F, 0x00, 0x54, 0x6F, 0x54, 0x6F, 0x54, 0x6F, 0xC2, 0x51, 0x54 ; file 19C044
db 0x68, 0xA8, 0xCF, 0x04, 0x95, 0x2E, 0x74, 0x61, 0x04, 0xE0, 0x60, 0x54, 0x6F, 0x54, 0x65, 0xF3 ; file 19C054
db 0x11, 0x0B, 0x1F, 0x54, 0x6F, 0x00, 0x54, 0x6F, 0x54, 0x6F, 0x54, 0x6F, 0x54, 0x6F, 0x54, 0x6F ; file 19C064
db 0x54, 0x6F, 0x54, 0x6F, 0x67, 0x0F, 0x00, 0xFD, 0x5F, 0x01, 0x0F, 0x01, 0x0F, 0x01, 0x0F, 0x01 ; file 19C074
db 0x0F, 0x58, 0x0F, 0x01, 0x0F, 0x87, 0xC3, 0x47, 0x1E, 0x0D, 0x09, 0x87, 0xC1, 0x2E, 0x0A, 0x32 ; file 19C084
db 0x0A, 0x02, 0xAB, 0xC1, 0x07, 0x0D, 0x0D, 0x07, 0x0D, 0x65, 0x62, 0xC0, 0x54, 0x6D, 0x14, 0x60 ; file 19C094
db 0x45, 0xC0, 0x03, 0x1E, 0x07, 0x73, 0x51, 0xA5, 0xC2, 0x09, 0x02, 0xA8, 0xC5, 0x7F, 0xC1, 0x81 ; file 19C0A4
db 0xC0, 0x71, 0x05, 0x8D, 0xC0, 0x4A, 0x01, 0xAB, 0xC3, 0x02, 0x12, 0x0C, 0x54, 0x68, 0x11, 0x00 ; file 19C0B4
db 0xA1, 0xC1, 0x88, 0x01, 0x7A, 0x0B, 0x12, 0x01, 0x00, 0xA8, 0xC4, 0xBB, 0x00, 0x31, 0x0E, 0x62 ; file 19C0C4
db 0xC0, 0xED, 0xC0, 0x24, 0x0C, 0x0E, 0x0C, 0x9A, 0x00, 0xA8, 0xC1, 0x6E, 0xBA, 0x61, 0x02, 0x1C ; file 19C0D4
db 0x05, 0xAA, 0xC0, 0x07, 0x09, 0x25, 0x77, 0x04, 0xA8, 0xC0, 0x30, 0x61, 0x03, 0x24, 0x00, 0xA8 ; file 19C0E4
db 0xC0, 0x8A, 0x01, 0x62, 0xCA, 0xA8, 0xC5, 0x03, 0x06, 0x09, 0x6C, 0x61, 0x54, 0x63, 0x34, 0xD2 ; file 19C0F4
db 0x94, 0x9B, 0x86, 0xC2, 0x13, 0xD0, 0xF0, 0xE2, 0x01, 0xA8, 0xC2, 0x58, 0xD2, 0x54, 0x6F, 0x08 ; file 19C104
db 0x05, 0x09, 0x07, 0x04, 0xEA, 0x51, 0xA8, 0xC4, 0x0A, 0x54, 0x6F, 0x0C, 0x62, 0x28, 0x12, 0x54 ; file 19C114
db 0x6F, 0x54, 0x6A, 0x20, 0x24, 0x0A, 0x30, 0x6F, 0x24, 0x07, 0x54, 0x6F, 0x78, 0x68, 0x02, 0x54 ; file 19C124
db 0x6F, 0x54, 0x6F, 0x02, 0x54, 0x65, 0x17, 0x24, 0x0F, 0x54, 0x6F, 0x54, 0x6F, 0x54, 0x6F, 0x54 ; file 19C134
db 0x66, 0x17, 0xC2, 0x24, 0x33, 0x54, 0x54, 0x6A, 0x17, 0x54, 0x67, 0x1B, 0xB3, 0x04, 0xDF, 0xC0 ; file 19C144
db 0x54, 0x6F, 0x40, 0x54, 0x6E, 0x1A, 0xC3, 0x54, 0x6F, 0x54, 0x66, 0x8B, 0xB2, 0x84, 0xCA, 0x14 ; file 19C154
db 0x54, 0x69, 0x90, 0xD9, 0x62, 0xB4, 0x0F, 0x54, 0x6F, 0x30, 0x6F, 0x1F, 0x54, 0x6F, 0x54, 0x6F ; file 19C164
db 0x17, 0x04, 0x54, 0x6F, 0x54, 0x6E, 0x08, 0x54, 0x6F, 0x54, 0x6F, 0x54, 0x6D, 0x87, 0xC4, 0x54 ; file 19C174
db 0x6F, 0x10, 0x77, 0x65, 0x92, 0xB0, 0x30, 0x64, 0xA8, 0xCB, 0x0B, 0x54, 0x68, 0x8B, 0x52, 0x54 ; file 19C184
db 0x6F, 0x60, 0x54, 0x62, 0x57, 0xE2, 0x5F, 0x86, 0x54, 0x6F, 0x72, 0xE0, 0x04, 0x04, 0xF6, 0xB6 ; file 19C194
db 0x40, 0x54, 0x6F, 0x54, 0x6F, 0x54, 0x6F, 0x30, 0x6F, 0x54, 0x6F, 0x24, 0x0F, 0x01, 0xCC, 0xC2 ; file 19C1A4
db 0x00, 0x54, 0x6F, 0x54, 0x68, 0xEF, 0xC2, 0x31, 0x6F, 0x54, 0x6A, 0xA8, 0xCF, 0x2D, 0x76, 0x77 ; file 19C1B4
db 0x13, 0x91, 0x01, 0x6F, 0x70, 0x54, 0x6F, 0x78, 0xA6, 0x1D, 0xC5, 0x60, 0x98, 0x62, 0x13, 0x00 ; file 19C1C4
db 0x54, 0x6F, 0xBF, 0xA3, 0x54, 0x65, 0x32, 0x60, 0x54, 0x6F, 0x54, 0x6F, 0x1D, 0x0F, 0x54, 0x6F ; file 19C1D4
db 0x00, 0x01, 0x0F, 0x54, 0x6F, 0x01, 0x0F, 0xFC, 0x5F, 0x01, 0x0F, 0x01, 0x0F, 0x01, 0x0F, 0x01 ; file 19C1E4
db 0x0F, 0x30, 0x87, 0xC2, 0x32, 0xC0, 0x58, 0x0F, 0x0E, 0x6A, 0x09, 0x0D, 0x31, 0x60, 0x7A, 0x16 ; file 19C1F4
db 0x00, 0x8A, 0x0F, 0x86, 0xC0, 0xA9, 0x50, 0x3D, 0xC6, 0x74, 0xC0, 0xD2, 0x02, 0xA8, 0xC7, 0xB8 ; file 19C204
db 0x40, 0x3E, 0x88, 0xC0, 0x05, 0x07, 0x1E, 0x09, 0x1C, 0x63, 0xC4, 0xC2, 0x50, 0x98, 0x54, 0x68 ; file 19C214
db 0x72, 0x63, 0xB8, 0x60, 0x03, 0x03, 0x8E, 0xC0, 0xC0, 0x65, 0x06, 0x1B, 0x12, 0x0C, 0x54, 0x68 ; file 19C224
db 0x00, 0x05, 0xAA, 0xC0, 0xDC, 0x6A, 0x84, 0xC3, 0x01, 0x12, 0xA8, 0xC7, 0x6F, 0xC1, 0x24, 0x0F ; file 19C234
db 0xB2, 0x60, 0xF0, 0xC0, 0x54, 0x62, 0xFA, 0xC0, 0x01, 0x05, 0x86, 0xC0, 0x04, 0x01, 0x23, 0x78 ; file 19C244
db 0xA8, 0xC0, 0xFD, 0xC1, 0xCC, 0xC0, 0x54, 0x61, 0x1C, 0x01, 0x02, 0x54, 0x6F, 0x08, 0x00, 0x06 ; file 19C254
db 0x85, 0xC0, 0xF0, 0xC0, 0xA8, 0xC0, 0x1C, 0x24, 0x0F, 0x54, 0x64, 0x00, 0x06, 0x0D, 0xF0, 0xC2 ; file 19C264
db 0xA8, 0xC4, 0xA9, 0xC8, 0x08, 0xA8, 0xC8, 0x3D, 0xC3, 0xA8, 0xC3, 0x1F, 0x01, 0x93, 0x54, 0x6F ; file 19C274
db 0x24, 0x06, 0x54, 0x6F, 0x10, 0x24, 0x0F, 0x30, 0x6F, 0xA8, 0xC6, 0x0A, 0x82, 0x0B, 0x24, 0x0F ; file 19C284
db 0x9D, 0x67, 0xFC, 0x14, 0x93, 0x1D, 0x17, 0x54, 0x6F, 0x54, 0x6D, 0x04, 0x54, 0x6F, 0x30, 0x6F ; file 19C294
db 0x1D, 0x01, 0x10, 0x3E, 0xB1, 0x24, 0x0F, 0x54, 0x6F, 0x62, 0xB3, 0xA9, 0xC0, 0x08, 0x62, 0x54 ; file 19C2A4
db 0x6F, 0x06, 0x54, 0x6C, 0x01, 0x04, 0xA9, 0xC1, 0x54, 0x6F, 0x4B, 0x51, 0xA8, 0xC7, 0x25, 0x00 ; file 19C2B4
db 0x00, 0x54, 0x6F, 0xA8, 0xC7, 0xF5, 0x41, 0x54, 0x6F, 0xA8, 0xC2, 0x64, 0x10, 0x54, 0x64, 0xB4 ; file 19C2C4
db 0x0F, 0x90, 0x78, 0x60, 0x30, 0x62, 0x54, 0x6F, 0xA8, 0xC9, 0x0B, 0x54, 0x6F, 0xCC, 0xCE, 0x04 ; file 19C2D4
db 0x01, 0x16, 0x54, 0x6F, 0x54, 0x6F, 0x54, 0x6F, 0x54, 0x6F, 0xA8, 0xCB, 0xF7, 0x40, 0xA3, 0xD0 ; file 19C2E4
db 0x08, 0x54, 0x6F, 0x54, 0x69, 0xE7, 0x30, 0x01, 0x30, 0x61, 0x26, 0x00, 0x54, 0x6A, 0x61, 0x21 ; file 19C2F4
db 0x28, 0x54, 0x67, 0xF6, 0xB4, 0x54, 0x6C, 0x0B, 0xCB, 0xC0, 0x10, 0xCB, 0xC0, 0xE8, 0xD0, 0x98 ; file 19C304
db 0x94, 0xC3, 0x54, 0x6F, 0x54, 0x60, 0x08, 0x0B, 0x57, 0x60, 0x4E, 0x45, 0x1D, 0x81, 0x0A, 0x48 ; file 19C314
db 0x01, 0x54, 0x6F, 0x1B, 0x6A, 0x31, 0x61, 0x54, 0x6F, 0x54, 0x6A, 0x0B, 0x40, 0x54, 0x6F, 0x54 ; file 19C324
db 0x6F, 0x54, 0x6F, 0x54, 0x6C, 0x9B, 0x61, 0x31, 0x6F, 0x00, 0x08, 0x60, 0x10, 0x54, 0x6F, 0x5F ; file 19C334
db 0xCD, 0x2D, 0x60, 0x52, 0x04, 0x08, 0x54, 0x6F, 0xC1, 0x55, 0xB4, 0x71, 0x30, 0xF9, 0x81, 0x22 ; file 19C344
db 0x01, 0x54, 0x6F, 0x54, 0x65, 0x1F, 0x08, 0xB2, 0x70, 0x54, 0x6F, 0x00, 0x54, 0x6F, 0x54, 0x6F ; file 19C354
db 0x54, 0x6F, 0x54, 0x6F, 0x54, 0x6F, 0x67, 0x0F, 0x54, 0x6F, 0x01, 0x0F, 0x00, 0x01, 0x02, 0x00 ; file 19C364
db 0x00, 0xBF, 0x27, 0x31, 0x0C, 0x77, 0x07, 0x00, 0x01, 0x0C, 0x0F, 0x77, 0x0F, 0x0E, 0x0D, 0x01 ; file 19C374
db 0x00, 0x0E, 0x0E, 0x0F, 0x1A, 0x0D, 0x7E, 0x22, 0x06, 0x0E, 0x0D, 0x0C, 0x0C, 0x0B, 0x0B, 0x03 ; file 19C384
db 0x00, 0x3B, 0x0B, 0x07, 0x04, 0x00, 0x0B, 0x0D, 0x0E, 0x24, 0x0F, 0x45, 0x00, 0x28, 0x1B, 0x01 ; file 19C394
db 0x26, 0x01, 0x24, 0x01, 0x07, 0x29, 0x02, 0x0B, 0x29, 0x0D, 0x49, 0x00, 0xF2, 0x1C, 0x02, 0x07 ; file 19C3A4
db 0x01, 0x00, 0x25, 0x01, 0x07, 0x07, 0x06, 0x06, 0x0A, 0x0B, 0x01, 0x0D, 0x7C, 0x09, 0x0F, 0x25 ; file 19C3B4
db 0x01, 0x1E, 0x03, 0x4B, 0x03, 0x2D, 0x01, 0x33, 0x06, 0x06, 0x54, 0x02, 0xA4, 0x07, 0x0F, 0x0D ; file 19C3C4
db 0x27, 0x02, 0x4C, 0x02, 0x8C, 0x45, 0x02, 0x4B, 0x01, 0x0B, 0x0B, 0x04, 0x00, 0xA4, 0x01, 0xCC ; file 19C3D4
db 0x05, 0x10, 0x88, 0xDB, 0x01, 0x4F, 0x05, 0x43, 0x00, 0x06, 0x01, 0x01, 0x78, 0x02, 0x82, 0x02 ; file 19C3E4
db 0x0D, 0xCE, 0x26, 0x04, 0x0F, 0x0E, 0x0C, 0x27, 0x04, 0xBB, 0x01, 0x06, 0x06, 0x7B, 0x05, 0x05 ; file 19C3F4
db 0x52, 0x02, 0x07, 0x07, 0x0C, 0x0C, 0xCA, 0x02, 0xAE, 0x34, 0x13, 0x11, 0x10, 0x11, 0x29, 0x11 ; file 19C404
db 0x0C, 0xAF, 0x00, 0x10, 0x5E, 0xC3, 0x01, 0x05, 0x12, 0x1F, 0x05, 0x50, 0x03, 0x0D, 0xD5, 0x02 ; file 19C414
db 0xFE, 0x9E, 0x03, 0x11, 0x10, 0x0D, 0x10, 0x0F, 0x0D, 0x0B, 0x25, 0x10, 0xEB, 0x00, 0x07, 0xC9 ; file 19C424
db 0x02, 0x24, 0x00, 0x1E, 0x9B, 0x01, 0x40, 0x12, 0x3C, 0x41, 0x11, 0x3F, 0x12, 0x10, 0x11, 0x0F ; file 19C434
db 0x0D, 0x9E, 0x00, 0xC7, 0x00, 0xFA, 0x14, 0x10, 0x0D, 0x83, 0x10, 0x0B, 0x06, 0x1E, 0x12, 0x1F ; file 19C444
db 0xE9, 0x1E, 0x1D, 0x11, 0xC4, 0x03, 0x0D, 0x9D, 0x02, 0x10, 0x10, 0x10, 0x69, 0x0F, 0x29, 0x00 ; file 19C454
db 0xA4, 0x10, 0x0E, 0x55, 0x00, 0x0F, 0x0B, 0x6B, 0x00, 0xB4, 0x21, 0x02, 0xEA, 0x00, 0x06, 0x5F ; file 19C464
db 0x00, 0x0D, 0x07, 0x27, 0x02, 0x11, 0x3B, 0x11, 0x10, 0x50, 0x01, 0x0F, 0x0E, 0x0E, 0xCC, 0x10 ; file 19C474
db 0xCA, 0x10, 0xCA, 0x29, 0x10, 0x0D, 0xA7, 0x10, 0x0C, 0x9F, 0x03, 0x0B, 0x00, 0x0B, 0x0C, 0x73 ; file 19C484
db 0x0D, 0x10, 0x27, 0x01, 0x28, 0x00, 0x0F, 0x11, 0x0F, 0x01, 0x00, 0x18, 0x3E, 0x10, 0x75, 0x00 ; file 19C494
db 0xD3, 0x12, 0x0C, 0x0D, 0xEE, 0x00, 0xBA, 0x11, 0x50, 0x01, 0xAC, 0x27, 0x01, 0x4F, 0x02, 0x0F ; file 19C4A4
db 0x11, 0x16, 0x10, 0x0E, 0x1D, 0x20, 0x10, 0xA2, 0x1F, 0x20, 0x0C, 0x01, 0x00, 0xFC, 0x11, 0xB5 ; file 19C4B4
db 0x11, 0x0C, 0xAF, 0x10, 0x0D, 0xA9, 0x0E, 0x27, 0x03, 0x51, 0x00, 0x0F, 0xA0, 0x00, 0x0F, 0xCD ; file 19C4C4
db 0x00, 0x11, 0x10, 0x47, 0x23, 0x05, 0x23, 0x25, 0x21, 0xD6, 0x10, 0x0C, 0xBB, 0x00, 0x27, 0x04 ; file 19C4D4
db 0xA0, 0x00, 0xE5, 0x10, 0x4A, 0x01, 0x0E, 0x56, 0x01, 0x50, 0x02, 0x0D, 0x0F, 0x0F, 0x7E, 0x05 ; file 19C4E4
db 0x01, 0x07, 0x09, 0x0A, 0x0A, 0x0A, 0x0C, 0x52, 0x20, 0x40, 0x25, 0x03, 0xC9, 0x00, 0x51, 0x01 ; file 19C4F4
db 0x54, 0x01, 0xCE, 0x01, 0x9B, 0x21, 0x08, 0x01, 0x00, 0x0F, 0x09, 0x09, 0x09, 0x0A, 0xB1, 0x00 ; file 19C504
db 0xA3, 0x20, 0x85, 0x10, 0x4B, 0x01, 0x18, 0xC9, 0x01, 0x01, 0x04, 0x9E, 0x20, 0x09, 0x09, 0x24 ; file 19C514
db 0x02, 0x4A, 0x00, 0x4B, 0x00, 0xE0, 0x63, 0x00, 0x5F, 0x11, 0x14, 0x10, 0x22, 0x05, 0x27, 0x03 ; file 19C524
db 0x0C, 0x0A, 0x0A, 0x38, 0x27, 0x00, 0x48, 0x00, 0xFA, 0x00, 0x0C, 0x0C, 0x0E, 0x91, 0x00, 0x5F ; file 19C534
db 0x11, 0xE4, 0x26, 0x0C, 0x95, 0x01, 0x0A, 0x6E, 0x02, 0x7E, 0x01, 0x0E, 0x0E, 0x11, 0x03, 0x11 ; file 19C544
db 0x1D, 0xEE, 0x21, 0x28, 0x0C, 0x96, 0x10, 0x4F, 0x00, 0x26, 0x02, 0xA1, 0x12, 0x0E, 0x07, 0x10 ; file 19C554
db 0x15, 0x18, 0x14, 0xAE, 0x12, 0x75, 0x08, 0x26, 0x02, 0x4F, 0x01, 0xF3, 0x08, 0x1D, 0x32, 0x01 ; file 19C564
db 0x27, 0x10, 0x13, 0x14, 0x13, 0x15, 0xE0, 0xD5, 0x13, 0x36, 0x11, 0x5E, 0x10, 0x4D, 0x04, 0x60 ; file 19C574
db 0x30, 0x0E, 0x1C, 0x01, 0xDF, 0x1C, 0x14, 0x15, 0x11, 0x10, 0x0D, 0x10, 0x11, 0x1D, 0x07, 0x13 ; file 19C584
db 0x13, 0x13, 0x9B, 0x32, 0xFE, 0x11, 0x26, 0x04, 0x74, 0x00, 0xDF, 0x11, 0x7F, 0x0C, 0x08, 0x1C ; file 19C594
db 0x15, 0x13, 0x15, 0x0F, 0x7C, 0x01, 0xC7, 0x0E, 0x0E, 0x14, 0x27, 0x08, 0x96, 0x03, 0x81, 0x02 ; file 19C5A4
db 0x0D, 0x0C, 0xFF, 0x0E, 0x1A, 0x0C, 0x1A, 0x15, 0x13, 0x13, 0x0C, 0x3E, 0x14, 0x11, 0x0D, 0x0F ; file 19C5B4
db 0x13, 0x13, 0x11, 0x0D, 0x33, 0x21, 0x02, 0x9D, 0x0C, 0x28, 0x04, 0x0E, 0x0A, 0x0A, 0x81, 0x01 ; file 19C5C4
db 0x44, 0x00, 0x0A, 0x20, 0x15, 0x10, 0xEA, 0x10, 0x7D, 0x10, 0x11, 0x44, 0x77, 0x02, 0x04, 0x72 ; file 19C5D4
db 0x01, 0xA4, 0x10, 0xF7, 0x09, 0x08, 0x0C, 0xBF, 0x01, 0x11, 0x11, 0x09, 0x09, 0x01, 0x0C, 0x02 ; file 19C5E4
db 0x30, 0xED, 0x01, 0x39, 0x44, 0xEE, 0x02, 0x4A, 0x10, 0x97, 0x01, 0x91, 0x02, 0x06, 0x10, 0x22 ; file 19C5F4
db 0x0C, 0x0E, 0x28, 0x30, 0xCB, 0x12, 0x60, 0x45, 0x96, 0x03, 0xFF, 0x10, 0x18, 0xEB, 0x10, 0x4A ; file 19C604
db 0x21, 0xCD, 0x10, 0x0E, 0x0A, 0xA1, 0x11, 0x41, 0x22, 0x88, 0x47, 0xA2, 0x49, 0x11, 0x0C, 0x15 ; file 19C614
db 0x11, 0x8D, 0x40, 0xEB, 0x01, 0x0E, 0x54, 0x20, 0x0C, 0x1C, 0x25, 0x0B, 0xB0, 0x42, 0x0F, 0x00 ; file 19C624
db 0x10, 0x9A, 0x21, 0xF0, 0x03, 0x5D, 0x23, 0x60, 0x82, 0x10, 0x04, 0x30, 0x27, 0x09, 0xD9, 0x40 ; file 19C634
db 0xFF, 0x30, 0x0C, 0x0A, 0x4E, 0x25, 0x33, 0x11, 0x11, 0xC6, 0x41, 0x61, 0x20, 0x0F, 0x0C, 0xBE ; file 19C644
db 0x4E, 0x40, 0x03, 0x26, 0xFA, 0x02, 0x11, 0x11, 0xB0, 0x11, 0xA4, 0x00, 0x08, 0x27, 0x0F, 0xB3 ; file 19C654
db 0x04, 0x38, 0x97, 0x11, 0xA8, 0x10, 0x74, 0x22, 0x08, 0x0A, 0x0C, 0x37, 0x5F, 0x27, 0x05, 0x00 ; file 19C664
db 0x1B, 0x30, 0x9A, 0x24, 0xE3, 0x20, 0x58, 0x31, 0x4F, 0x0F, 0x76, 0x03, 0x9B, 0x22, 0x9C, 0x21 ; file 19C674
db 0x63, 0x09, 0x0A, 0x4E, 0x0F, 0x98, 0x11, 0xE0, 0x30, 0x00, 0x14, 0xA9, 0x50, 0x21, 0x0E, 0xB5 ; file 19C684
db 0x10, 0x9C, 0x22, 0x81, 0x5F, 0x94, 0x22, 0x0D, 0xC3, 0x12, 0x14, 0x31, 0x87, 0x1A, 0x1A, 0x1A ; file 19C694
db 0x09, 0x30, 0x27, 0x0F, 0xAC, 0x30, 0x44, 0x20, 0x08, 0xE0, 0xE7, 0x32, 0x53, 0x03, 0x4F, 0x10 ; file 19C6A4
db 0x01, 0x0F, 0x7F, 0x32, 0x09, 0x08, 0x04, 0xA1, 0x04, 0x54, 0x14, 0x9A, 0x32, 0x27, 0x0F, 0xB5 ; file 19C6B4
db 0x12, 0x0D, 0x28, 0x01, 0x09, 0x00, 0xF6, 0x10, 0x23, 0x14, 0x26, 0x0F, 0x50, 0x04, 0x58, 0x31 ; file 19C6C4
db 0xE2, 0x00, 0x9B, 0x32, 0x27, 0x0F, 0x04, 0xDD, 0x15, 0xDC, 0x10, 0x0C, 0xEC, 0x31, 0xE3, 0x13 ; file 19C6D4
db 0x27, 0x0F, 0x56, 0x27, 0x41, 0x30, 0x06, 0x29, 0x23, 0x0D, 0x0E, 0x27, 0x0F, 0x51, 0x08, 0x3A ; file 19C6E4
db 0x32, 0x66, 0x44, 0x01, 0x0F, 0x00, 0x29, 0x0A, 0xEA, 0x61, 0x1C, 0x13, 0x01, 0x0F, 0x80, 0x27 ; file 19C6F4
db 0x1C, 0x50, 0xC1, 0x0F, 0x01, 0x0E, 0x01, 0x14, 0x27, 0x41, 0x26, 0x0F, 0x01, 0x0F, 0x01, 0x0F ; file 19C704
db 0x01, 0x0F, 0x01, 0x0F, 0xA4, 0x7D, 0x00, 0xFA, 0x53, 0x1A, 0x0F, 0xC6, 0x78, 0xA3, 0x74, 0x9D ; file 19C714
db 0x71, 0x7F, 0x50, 0x23, 0x0F, 0xEA, 0x70, 0x00, 0xE5, 0x75, 0xA5, 0x73, 0xD1, 0x72, 0x29, 0x0E ; file 19C724
db 0x25, 0x01, 0x1F, 0x73, 0xCA, 0x73, 0x4D, 0x7B, 0x00, 0xC6, 0x7E, 0x4B, 0x73, 0xE8, 0x70, 0xC5 ; file 19C734
db 0x72, 0x28, 0x0B, 0xA0, 0x70, 0xED, 0x72, 0x67, 0x70, 0x00, 0x9F, 0x71, 0x10, 0x84, 0x9D, 0x73 ; file 19C744
db 0xAE, 0x17, 0x97, 0x11, 0x15, 0x88, 0xC3, 0x74, 0x2B, 0x72, 0xC2, 0x77, 0x09, 0x0F, 0x48, 0x51 ; file 19C754
db 0x87, 0x80, 0xCC, 0x70, 0x81, 0x80, 0x05, 0x1E, 0x80, 0x9E, 0x74, 0x93, 0x81, 0x3B, 0x88, 0x88 ; file 19C764
db 0x51, 0x29, 0x30, 0xD2, 0x81, 0xB7, 0x70, 0x0B, 0x87, 0x06, 0x12, 0x1E, 0x9E, 0x70, 0xD8, 0x82 ; file 19C774
db 0x96, 0x82, 0x24, 0x25, 0x11, 0xD1, 0x11, 0x72, 0x71, 0xA0, 0x01, 0x16, 0x71, 0x0E, 0x9E, 0x70 ; file 19C784
db 0x1F, 0x1F, 0x09, 0x05, 0xBB, 0x82, 0xDD, 0x81, 0x0C, 0xED, 0x05, 0xA1, 0x52, 0xDA, 0x61, 0x87 ; file 19C794
db 0x21, 0x0E, 0x03, 0x91, 0x07, 0x06, 0x05, 0x9E, 0x72, 0x06, 0x92, 0xC4, 0x73, 0xA0, 0x72, 0x60 ; file 19C7A4
db 0x80, 0x40, 0x9D, 0x70, 0x9F, 0x72, 0x9B, 0x70, 0x91, 0x70, 0x0E, 0x0B, 0x66, 0x80, 0xC0, 0x9D ; file 19C7B4
db 0x73, 0x27, 0x05, 0x79, 0x73, 0x1B, 0x62, 0xCD, 0x10, 0xE0, 0x83, 0x0D, 0x0D, 0x00, 0x50, 0x02 ; file 19C7C4
db 0x76, 0x70, 0x78, 0x97, 0xDB, 0x62, 0xA0, 0x71, 0xEE, 0x52, 0xCB, 0x71, 0xCA, 0x01, 0x40, 0xB1 ; file 19C7D4
db 0x14, 0x07, 0x21, 0x9F, 0x03, 0x12, 0x51, 0x4D, 0x72, 0x16, 0x80, 0x11, 0xC7, 0x71, 0x00, 0x7E ; file 19C7E4
db 0x91, 0xA6, 0x02, 0xB0, 0x80, 0x2C, 0x73, 0xAF, 0x44, 0x9D, 0x71, 0x60, 0x63, 0x48, 0x22, 0x08 ; file 19C7F4
db 0xEF, 0x71, 0xAE, 0x31, 0x77, 0x72, 0x0A, 0x77, 0x73, 0xB4, 0x32, 0xCA, 0x54, 0x77, 0x74, 0x00 ; file 19C804
db 0x03, 0x53, 0x77, 0x7F, 0x77, 0x7F, 0x77, 0x7F, 0x77, 0x7F, 0x77, 0x76, 0xC6, 0x81, 0x2E, 0x11 ; file 19C814
db 0x1C, 0x77, 0x7F, 0x77, 0x7F, 0x14, 0x16, 0x1C, 0x76, 0x01, 0x77, 0x7F, 0xC6, 0x71, 0x3C, 0x03 ; file 19C824
db 0x50, 0x9E, 0x73, 0x13, 0x0F, 0x13, 0x16, 0x27, 0x07, 0x77, 0x7B, 0x3F, 0x0C, 0x1B, 0x1B, 0x16 ; file 19C834
db 0x1C, 0x10, 0x77, 0x72, 0x76, 0x70, 0xD8, 0x9E, 0x71, 0x50, 0x76, 0x77, 0x77, 0x0F, 0x0C, 0x76 ; file 19C844
db 0x70, 0x13, 0x18, 0x3E, 0xC2, 0x41, 0x0A, 0x0E, 0x14, 0x15, 0x15, 0x77, 0x7F, 0x77, 0x72, 0x8B ; file 19C854
db 0x0F, 0x1A, 0x76, 0x71, 0x14, 0x77, 0x75, 0x50, 0x74, 0x77, 0x7C, 0x0C, 0x1E, 0x77, 0x71, 0x14 ; file 19C864
db 0x15, 0x13, 0x11, 0x5F, 0x10, 0x77, 0x7F, 0x77, 0x77, 0x2F, 0x09, 0x0D, 0x1D, 0x0F, 0x44, 0x01 ; file 19C874
db 0x08, 0x77, 0x7F, 0x77, 0x7F, 0x01, 0x11, 0x2E, 0x71, 0x3E, 0x91, 0x51, 0x76, 0x77, 0x7F, 0xD4 ; file 19C884
db 0x81, 0x77, 0x7F, 0x77, 0x7F, 0x40, 0x77, 0x71, 0x49, 0x60, 0x77, 0x7F, 0x77, 0x7F, 0x77, 0x7F ; file 19C894
db 0x77, 0x74, 0x0C, 0x77, 0x7F, 0x00, 0x50, 0x7F, 0x77, 0x7F, 0x77, 0x7F, 0x77, 0x7F, 0x77, 0x7F ; file 19C8A4
db 0x77, 0x7F, 0x77, 0x7F, 0x77, 0x7F, 0x00, 0x77, 0x7F, 0x77, 0x7F, 0x77, 0x7F, 0x27, 0x0F, 0x77 ; file 19C8B4
db 0x7F, 0x74, 0x0F, 0x77, 0x7F, 0x77, 0x7F, 0x00, 0x77, 0x7F, 0x77, 0x7F, 0x77, 0x7F, 0x77, 0x7F ; file 19C8C4
db 0x77, 0x7F, 0x77, 0x7F, 0x28, 0x0F, 0x77, 0x7F, 0x00, 0x01, 0x0F, 0x77, 0x7F, 0x27, 0x0F, 0x77 ; file 19C8D4
db 0x7F, 0x37, 0x1F, 0x29, 0x0F, 0x77, 0x7F, 0x29, 0x0F, 0x00, 0x77, 0x7F, 0x01, 0x0F, 0x77, 0x7F ; file 19C8E4
db 0x01, 0x0F, 0x01, 0x0F, 0x01, 0x0F, 0x01, 0x0F, 0x01, 0x0F, 0x20, 0x01, 0x0F, 0x01, 0x0F, 0x01 ; file 19C8F4
db 0x0F, 0x01, 0x0F, 0x89, 0xF7, 0x1D, 0x44, 0xF3, 0xE8, 0xC3, 0x00, 0x01, 0x0F, 0xA0, 0x76, 0xC5 ; file 19C904
db 0x76, 0x87, 0x67, 0x7A, 0x7D, 0x60, 0xF4, 0xA7, 0x76, 0x84, 0x1F, 0x00, 0xA3, 0xE0, 0x9E, 0x74 ; file 19C914
db 0xCD, 0x75, 0x06, 0x72, 0x51, 0x0C, 0xB2, 0x50, 0x65, 0xF4, 0x63, 0xF6, 0x40, 0xB2, 0xF1, 0xDA ; file 19C924
db 0xFC, 0xC5, 0xE3, 0x3C, 0xF3, 0x9E, 0x75, 0x9A, 0xF2, 0x0B, 0xCE, 0x39, 0x38, 0x66, 0xF3, 0xA2 ; file 19C934
db 0x61, 0x55, 0xF0, 0x06, 0x1E, 0x1E, 0x64, 0xF0, 0xB3, 0xF2, 0x20, 0xD8, 0xFB, 0x65, 0x40, 0x9F ; file 19C944
db 0x72, 0x30, 0xF0, 0x67, 0x81, 0x1F, 0x9E, 0x75, 0x63, 0x8C, 0x00, 0x58, 0x41, 0x41, 0xF2, 0x4A ; file 19C954
db 0x71, 0x51, 0x00, 0x9E, 0x72, 0xEF, 0x03, 0x5B, 0xE0, 0x14, 0x47, 0x2C, 0x4E, 0xE2, 0x79, 0xE2 ; file 19C964
db 0x0B, 0x0E, 0x83, 0xF2, 0x04, 0x3B, 0xF3, 0x3D, 0x1B, 0x04, 0x3F, 0xF3, 0x9F, 0x72, 0x0D, 0xD2 ; file 19C974
db 0xC1, 0x1B, 0x81, 0xA0, 0x01, 0x3C, 0x81, 0x2A, 0x98, 0x08, 0x3F, 0xF5, 0xC9, 0x73, 0x06, 0x91 ; file 19C984
db 0x0C, 0x98, 0x71, 0xF0, 0xE3, 0x9C, 0xD0, 0x16, 0x84, 0x04, 0x04, 0x72, 0x17, 0xF2, 0x10, 0xFE ; file 19C994
db 0x40, 0x16, 0xF2, 0x8F, 0x13, 0x3B, 0xF0, 0x77, 0x77, 0x04, 0x15, 0x83, 0x40, 0x43, 0x0D, 0x5A ; file 19C9A4
db 0x50, 0xE1, 0x83, 0xD6, 0x30, 0xEE, 0xE3, 0xB8, 0xD0, 0x00, 0x06, 0x20, 0x53, 0xD2, 0xF1, 0xE2 ; file 19C9B4
db 0x50, 0x78, 0x77, 0x7F, 0x38, 0xF2, 0x77, 0x7F, 0x77, 0x7F, 0xE4, 0x77, 0x7F, 0x77, 0x7D, 0x1A ; file 19C9C4
db 0x77, 0x7F, 0x77, 0x7E, 0x13, 0x13, 0x1C, 0x73, 0x08, 0x1D, 0x77, 0x7F, 0xEE, 0xE3, 0x0C, 0x1C ; file 19C9D4
db 0x09, 0x15, 0xF5, 0xF9, 0x13, 0x9E, 0x7F, 0xEE, 0xE5, 0x13, 0x19, 0x1B, 0x1B, 0x08, 0x81, 0x0F ; file 19C9E4
db 0xEE, 0xE1, 0x76, 0x71, 0x4D, 0x00, 0x77, 0x7F, 0xCE, 0xA0, 0x09, 0xF1, 0x16, 0x89, 0x1A, 0x77 ; file 19C9F4
db 0x72, 0xC6, 0xE0, 0x13, 0x22, 0x42, 0x77, 0x7F, 0x27, 0x02, 0x15, 0x41, 0x1D, 0xEE, 0xE3, 0xED ; file 19CA04
db 0xE0, 0x77, 0x7F, 0x77, 0x74, 0xBA, 0x71, 0x11, 0xEE, 0xE4, 0x04, 0x03, 0x75, 0x77, 0x7F, 0x1D ; file 19CA14
db 0x7F, 0xF0, 0x77, 0x76, 0xC7, 0xE7, 0x77, 0x7F, 0xE8, 0x10, 0x01, 0x09, 0x77, 0x7F, 0xEE, 0xED ; file 19CA24
db 0x63, 0x80, 0x86, 0xE0, 0x77, 0x7F, 0x77, 0x7F, 0xE0, 0xF0, 0x00, 0x77, 0x7F, 0x77, 0x7F, 0x77 ; file 19CA34
db 0x7F, 0x77, 0x7F, 0x77, 0x7F, 0x77, 0x7F, 0x77, 0x7F, 0x28, 0x7F, 0x00, 0x77, 0x7F, 0x77, 0x7F ; file 19CA44
db 0x77, 0x7F, 0x77, 0x7F, 0x77, 0x7F, 0x77, 0x7F, 0x77, 0x7F, 0x77, 0x7F, 0x00, 0x77, 0x7F, 0x77 ; file 19CA54
db 0x7F, 0x77, 0x7F, 0x77, 0x7F, 0x27, 0x7F, 0x77, 0x7F, 0x01, 0x0F, 0x77, 0x7F, 0x00, 0x8F, 0x6F ; file 19CA64
db 0x77, 0x7F, 0x77, 0x7F, 0x77, 0x7F, 0x77, 0x7F, 0x77, 0x7F, 0x77, 0x7F, 0x28, 0x0F, 0x00, 0x77 ; file 19CA74
db 0x7F, 0x01, 0x0F, 0x77, 0x7F, 0x01, 0x0F, 0x77, 0x7F, 0x1B, 0x0F, 0x77, 0x7F, 0xC0, 0x0F, 0x00 ; file 19CA84
db 0x01, 0x0F, 0x01, 0x0F, 0x01, 0x0F, 0x01, 0x0F, 0x01, 0x0F, 0x01, 0x0F, 0x01, 0x0F, 0x01, 0x0F ; file 19CA94
db 0x00, 0x01, 0x0F, 0x7B, 0x75, 0x19, 0x2F, 0x9C, 0x7D, 0x7B, 0x75, 0x3B, 0xFF, 0x53, 0x7A, 0x30 ; file 19CAA4
db 0x74, 0x00, 0x3C, 0xF2, 0xD8, 0x42, 0x25, 0x0F, 0x3C, 0xFE, 0xC7, 0x7E, 0x0A, 0x83, 0x3D, 0xF5 ; file 19CAB4
db 0x3C, 0xF2, 0x00, 0x52, 0x71, 0xA6, 0x3C, 0x64, 0xF4, 0x4F, 0x71, 0x16, 0xF2, 0x3C, 0xF6, 0x9E ; file 19CAC4
db 0x7B, 0xAC, 0x63, 0x02, 0x9F, 0x73, 0x06, 0x75, 0xE0, 0xB0, 0xF1, 0x14, 0xF0, 0x0F, 0x70, 0xC7 ; file 19CAD4
db 0x39, 0xD9, 0x60, 0x9C, 0x4E, 0x72, 0x3D, 0xF1, 0x06, 0x1E, 0x12, 0x15, 0xF1, 0x45, 0x83, 0x07 ; file 19CAE4
db 0x62, 0x9E, 0x7A, 0x10, 0x77, 0x70, 0x52, 0x61, 0x66, 0xF1, 0x0C, 0x05, 0x9F, 0x72, 0xC8, 0x7A ; file 19CAF4
db 0xE4, 0x1C, 0x49, 0x17, 0xF1, 0x0D, 0xC6, 0xE1, 0xEC, 0xE2, 0x0B, 0x06, 0x00, 0x8B, 0xF0, 0x3A ; file 19CB04
db 0x82, 0x1C, 0x11, 0x98, 0x28, 0x69, 0x31, 0x27, 0x02, 0x63, 0xD1, 0xBB, 0xF0, 0x00, 0xBE, 0xF0 ; file 19CB14
db 0xB3, 0xF1, 0x08, 0x01, 0x05, 0x99, 0x00, 0xD1, 0x95, 0xC0, 0x78, 0x73, 0x16, 0x81, 0x00, 0x7A ; file 19CB24
db 0x00, 0x78, 0x74, 0xDD, 0x61, 0x8D, 0xF5, 0x77, 0x72, 0xDF, 0xF1, 0xF1, 0x72, 0x50, 0x01, 0xCE ; file 19CB34
db 0x5E, 0x84, 0x0B, 0x0B, 0x0A, 0x0F, 0x70, 0xEE, 0xE2, 0x14, 0x1D, 0x00, 0xAF, 0x52, 0x18, 0xD2 ; file 19CB44
db 0x77, 0x70, 0xC6, 0xE0, 0x43, 0x13, 0xDE, 0x41, 0x80, 0xE2, 0x77, 0x72, 0x03, 0x0C, 0x0C, 0xF0 ; file 19CB54
db 0xE7, 0x77, 0x7F, 0xEE, 0xEF, 0x77, 0x7F, 0x77, 0x7F, 0x77, 0x7F, 0xC2, 0x77, 0x78, 0x1A, 0x77 ; file 19CB64
db 0x7F, 0x77, 0x7F, 0x77, 0x7F, 0x77, 0x79, 0x08, 0x1C, 0xE5, 0x1A, 0x77, 0x75, 0x1B, 0x77, 0x7F ; file 19CB74
db 0x77, 0x75, 0x1A, 0x1B, 0x1C, 0x12, 0x77, 0x76, 0x16, 0x75, 0x01, 0x77, 0x7F, 0x0E, 0x6B, 0x70 ; file 19CB84
db 0xBB, 0x71, 0x77, 0x74, 0x43, 0x15, 0x14, 0x77, 0x7F, 0x77, 0x73, 0x30, 0xF0, 0x14, 0xF0, 0x0D ; file 19CB94
db 0x77, 0x7F, 0x06, 0x77, 0x7F, 0x13, 0x11, 0x9E, 0x70, 0xEE, 0xEF, 0xEE, 0xE9, 0xED, 0x70, 0x86 ; file 19CBA4
db 0x90, 0x0C, 0x77, 0x7F, 0x77, 0x7F, 0x11, 0x11, 0x43, 0x90, 0x77, 0x7F, 0x77, 0x7F, 0x77, 0x7F ; file 19CBB4
db 0x00, 0x77, 0x7F, 0x77, 0x7F, 0x77, 0x7F, 0x77, 0x74, 0x7E, 0x73, 0x77, 0x7F, 0x77, 0x7F, 0x77 ; file 19CBC4
db 0x7F, 0x00, 0x77, 0x7F, 0x77, 0x7F, 0x77, 0x7F, 0x77, 0x7F, 0x77, 0x7F, 0x77, 0x7F, 0x4F, 0x0F ; file 19CBD4
db 0x77, 0x7F, 0x00, 0x77, 0x7F, 0x77, 0x7F, 0xBD, 0x4F, 0x77, 0x7F, 0x77, 0x7F, 0x77, 0x7F, 0x77 ; file 19CBE4
db 0x7F, 0x77, 0x7F, 0x00, 0x77, 0x7F, 0x77, 0x7F, 0x77, 0x7F, 0x28, 0x0F, 0x77, 0x7F, 0x01, 0x0F ; file 19CBF4
db 0x77, 0x7F, 0x24, 0x0F, 0x00, 0x77, 0x7F, 0x77, 0x7F, 0x77, 0x7F, 0x77, 0x7F, 0x29, 0x0F, 0x77 ; file 19CC04
db 0x7F, 0x01, 0x0F, 0x77, 0x7F, 0x00, 0x01, 0x0F, 0x77, 0x7F, 0x01, 0x0F, 0x01, 0x0F, 0x01, 0x0F ; file 19CC14
db 0x01, 0x0F, 0x01, 0x0F, 0x01, 0x0F, 0x08, 0x01, 0x0F, 0xA7, 0xEA, 0x4C, 0xC0, 0x1D, 0xF3, 0x1F ; file 19CC24
db 0xB6, 0x08, 0x4F, 0x77, 0x96, 0xD0, 0x20, 0x33, 0x1F, 0xDE, 0x66, 0xFB, 0xD3, 0x50, 0x75, 0xEF ; file 19CC34
db 0xEF, 0x14, 0x87, 0xD2, 0xC8, 0xE3, 0x00, 0x50, 0x77, 0x30, 0x3D, 0x29, 0x73, 0x0D, 0xF5, 0x50 ; file 19CC44
db 0x77, 0x78, 0xE9, 0xC7, 0xE2, 0x50, 0x71, 0x00, 0x3E, 0xF2, 0xED, 0xE2, 0x50, 0x76, 0xC7, 0xE9 ; file 19CC54
db 0x33, 0x61, 0x9E, 0x72, 0x3F, 0xF3, 0x26, 0xE1, 0x64, 0x6E, 0xF5, 0xC7, 0xE9, 0x0F, 0x0B, 0x41 ; file 19CC64
db 0xD4, 0xD0, 0x0D, 0x10, 0x85, 0xF1, 0x07, 0x1E, 0x12, 0x05, 0xA0, 0x72, 0xB8, 0xF3, 0xC7, 0xE7 ; file 19CC74
db 0xD9, 0x20, 0x2B, 0x30, 0x1D, 0x10, 0x77, 0x03, 0x0C, 0x07, 0x05, 0x01, 0x00, 0x75, 0x74, 0xEE ; file 19CC84
db 0xEE, 0x78, 0x76, 0x70, 0x67, 0xF2, 0x93, 0xF1, 0x1E, 0x12, 0x12, 0x1E, 0x27, 0x07, 0x0C, 0x69 ; file 19CC94
db 0x16, 0x1A, 0x61, 0x0D, 0x11, 0x60, 0x20, 0xDE, 0x40, 0x41, 0x80, 0x6A, 0x81, 0x03, 0x0B, 0x0B ; file 19CCA4
db 0x79, 0x00, 0x3C, 0x13, 0x90, 0x15, 0x50, 0xE2, 0xD3, 0x21, 0xB5, 0xF0, 0x36, 0xA5, 0x60, 0x0B ; file 19CCB4
db 0x0D, 0x80, 0x80, 0x0B, 0x1F, 0x87, 0x82, 0x27, 0x09, 0x00, 0x4F, 0x73, 0x10, 0x42, 0xF3, 0x71 ; file 19CCC4
db 0x9F, 0xE1, 0x02, 0x95, 0x17, 0xF0, 0x27, 0xF1, 0xEE, 0xE5, 0x00, 0xB7, 0xD4, 0xFE, 0x42, 0xA3 ; file 19CCD4
db 0x01, 0xDF, 0xF0, 0x12, 0xF2, 0xEE, 0xE1, 0x66, 0x30, 0xEE, 0xE5, 0xE0, 0x4F, 0x73, 0xFE, 0x20 ; file 19CCE4
db 0x3C, 0x70, 0x27, 0x51, 0xE0, 0xF0, 0x0D, 0x09, 0x07, 0x00, 0xEE, 0xE9, 0xB5, 0x33, 0xCA, 0x53 ; file 19CCF4
db 0x77, 0x7F, 0x77, 0x7F, 0x77, 0x7F, 0x77, 0x7F, 0x77, 0x7F, 0x00, 0xEE, 0xEF, 0x77, 0x7F, 0x77 ; file 19CD04
db 0x7F, 0x50, 0x7F, 0xEE, 0xEF, 0x77, 0x7F, 0xEE, 0xEF, 0xEE, 0xEF, 0x08, 0xEE, 0xEF, 0xEE, 0xEF ; file 19CD14
db 0xEE, 0xED, 0x16, 0xEE, 0xEF, 0x77, 0x7F, 0xEE, 0xEF, 0x77, 0x7F, 0x00, 0xEE, 0xEF, 0x77, 0x7F ; file 19CD24
db 0xEE, 0xEF, 0x77, 0x7F, 0x77, 0x7F, 0x77, 0x7F, 0x77, 0x7F, 0x77, 0x7F, 0x00, 0x77, 0x7F, 0xEE ; file 19CD34
db 0xEF, 0x77, 0x7F, 0x77, 0x7F, 0x77, 0x7F, 0x77, 0x7F, 0x28, 0x7F, 0x77, 0x7F, 0x00, 0x77, 0x7F ; file 19CD44
db 0x77, 0x7F, 0x77, 0x7F, 0x77, 0x7F, 0x77, 0x7F, 0x77, 0x7F, 0x77, 0x7F, 0x77, 0x7F, 0x00, 0x77 ; file 19CD54
db 0x7F, 0x77, 0x7F, 0x77, 0x7F, 0x27, 0x7F, 0x77, 0x7F, 0x28, 0x0F, 0x77, 0x7F, 0x69, 0x6F, 0x00 ; file 19CD64
db 0x77, 0x7F, 0x77, 0x7F, 0x77, 0x7F, 0x77, 0x7F, 0x77, 0x7F, 0x77, 0x7F, 0x28, 0x0F, 0x77, 0x7F ; file 19CD74
db 0x00, 0x01, 0x0F, 0x77, 0x7F, 0x01, 0x0F, 0x77, 0x7F, 0x01, 0x0F, 0x77, 0x7F, 0x26, 0x0F, 0x01 ; file 19CD84
db 0x0F, 0x00, 0x01, 0x0F, 0x56, 0xEC, 0x0C, 0x11, 0x1A, 0x0F, 0x6D, 0x69, 0x6B, 0xD0, 0x58, 0xE4 ; file 19CD94
db 0x7A, 0xEF, 0x00, 0xDD, 0x68, 0xB8, 0x61, 0x2D, 0x73, 0x13, 0xE1, 0x29, 0x0D, 0x4D, 0x73, 0xFD ; file 19CDA4
db 0x63, 0x31, 0x75, 0x00, 0xD9, 0x61, 0x7A, 0xEB, 0x28, 0x76, 0x84, 0xD0, 0x02, 0x72, 0x79, 0xE1 ; file 19CDB4
db 0x0B, 0x00, 0x2B, 0xEB, 0x04, 0xD7, 0xD0, 0x00, 0x75, 0x06, 0xAF, 0x60, 0x28, 0x03, 0x81, 0x72 ; file 19CDC4
db 0xB4, 0x69, 0x4E, 0xE1, 0x00, 0x28, 0x73, 0x9D, 0x70, 0x53, 0xE0, 0x9E, 0xE2, 0xF8, 0xE4, 0x2A ; file 19CDD4
db 0x77, 0x3B, 0x20, 0x26, 0x70, 0x00, 0xC7, 0xE6, 0x9F, 0xE0, 0xA0, 0xE1, 0x7C, 0xE0, 0x86, 0xE0 ; file 19CDE4
db 0xBA, 0xD0, 0xD6, 0x15, 0x1A, 0xC0, 0x34, 0x01, 0x71, 0x76, 0xE0, 0x0F, 0x9F, 0x71, 0x05, 0x12 ; file 19CDF4
db 0x50, 0x71, 0x57, 0x00, 0x04, 0xD6, 0x73, 0x2A, 0x75, 0x11, 0x9D, 0xE0, 0x61, 0x40, 0x2F, 0xC0 ; file 19CE04
db 0x9F, 0xE0, 0x0B, 0x60, 0x82, 0x50, 0x70, 0x1F, 0xA0, 0xE1, 0xED, 0xE1, 0x51, 0x72, 0xFE, 0x13 ; file 19CE14
db 0xE9, 0x40, 0x0E, 0x0D, 0x0F, 0x9E, 0xE3, 0x0D, 0x0B, 0x6A, 0xF1, 0x50, 0x01, 0x50, 0x70, 0x1B ; file 19CE24
db 0x13, 0xB0, 0x2A, 0x76, 0x0F, 0x50, 0x01, 0x30, 0x16, 0xF1, 0x0F, 0x10, 0x56, 0x60, 0x07, 0x00 ; file 19CE34
db 0x1D, 0xF1, 0xDD, 0xF0, 0x9F, 0x01, 0xA9, 0xE1, 0x27, 0x06, 0xB6, 0xC0, 0xD6, 0x42, 0x10, 0xF0 ; file 19CE44
db 0x14, 0xC6, 0xE0, 0xA5, 0x10, 0x07, 0x1E, 0xF0, 0x1F, 0x3C, 0x12, 0xD3, 0xE2, 0x4E, 0x04, 0x00 ; file 19CE54
db 0xCA, 0x42, 0x4F, 0x73, 0x7B, 0x72, 0x77, 0xE2, 0x04, 0x96, 0x65, 0x00, 0x60, 0x45, 0xC5, 0xE3 ; file 19CE64
db 0x00, 0x89, 0x41, 0xA3, 0x71, 0x43, 0xF1, 0x01, 0x94, 0x83, 0x01, 0x78, 0x70, 0x17, 0x81, 0x9E ; file 19CE74
db 0xE3, 0xB0, 0x43, 0x30, 0xB4, 0xF1, 0x6C, 0xF1, 0x92, 0x83, 0x0E, 0x0E, 0xC0, 0xF1, 0x06, 0xC0 ; file 19CE84
db 0x78, 0x70, 0x11, 0x33, 0xC6, 0xE5, 0x78, 0x03, 0x7E, 0x51, 0xA0, 0x72, 0x0D, 0x0A, 0x40, 0x77 ; file 19CE94
db 0x74, 0x2E, 0x70, 0x52, 0x20, 0x22, 0x02, 0xEC, 0xE8, 0xB5, 0x40, 0x0D, 0xDD, 0x44, 0x00, 0x77 ; file 19CEA4
db 0x7F, 0x77, 0x7F, 0x77, 0x7F, 0x77, 0x7F, 0x77, 0x75, 0xD3, 0x31, 0xAE, 0x50, 0xAD, 0x31, 0x4C ; file 19CEB4
db 0x77, 0x7F, 0x77, 0x7B, 0x11, 0x14, 0x50, 0x7F, 0x77, 0x76, 0x09, 0x03, 0x50, 0x8E, 0x9E, 0x74 ; file 19CEC4
db 0x0F, 0x13, 0x16, 0x27, 0x07, 0x62, 0x61, 0x77, 0x77, 0x0C, 0x9F, 0x1C, 0x1B, 0x16, 0x1C, 0x10 ; file 19CED4
db 0x77, 0x71, 0xC5, 0x70, 0x13, 0x39, 0x15, 0x77, 0x7F, 0x77, 0x72, 0x0C, 0x1C, 0x15, 0xC8, 0xE1 ; file 19CEE4
db 0x5D, 0xE2, 0x58, 0xAB, 0xE1, 0x77, 0x7F, 0xEE, 0xE2, 0x1A, 0x1A, 0x27, 0x00, 0x14, 0x77, 0x73 ; file 19CEF4
db 0x71, 0x0F, 0x77, 0x7F, 0x77, 0x76, 0x78, 0x70, 0x13, 0x11, 0x09, 0xEE, 0xEF, 0x02, 0x77, 0x7C ; file 19CF04
db 0x0F, 0x44, 0x01, 0x77, 0x74, 0xE2, 0x60, 0x77, 0x7F, 0x77, 0x77, 0x2E, 0x71, 0x40, 0x77, 0x7F ; file 19CF14
db 0x77, 0x7A, 0x38, 0x61, 0x77, 0x7F, 0x77, 0x7F, 0x77, 0x71, 0x0C, 0x77, 0x7F, 0x00, 0x77, 0x7F ; file 19CF24
db 0x77, 0x7F, 0x77, 0x7F, 0x77, 0x7F, 0x77, 0x7F, 0x77, 0x7F, 0x28, 0x7F, 0x77, 0x7F, 0x00, 0x77 ; file 19CF34
db 0x7F, 0x77, 0x7F, 0x77, 0x7F, 0x77, 0x7F, 0x77, 0x7F, 0x77, 0x7F, 0x77, 0x7F, 0x77, 0x7F, 0x00 ; file 19CF44
db 0x77, 0x7F, 0x77, 0x7F, 0x77, 0x7F, 0x27, 0x7F, 0x77, 0x7F, 0x01, 0x0F, 0x77, 0x7F, 0x8F, 0x6F ; file 19CF54
db 0x00, 0x77, 0x7F, 0x77, 0x7F, 0x77, 0x7F, 0x77, 0x7F, 0x77, 0x7F, 0x77, 0x7F, 0x28, 0x0F, 0x77 ; file 19CF64
db 0x7F, 0x00, 0x01, 0x0F, 0x77, 0x7F, 0x01, 0x0F, 0x77, 0x7F, 0x1B, 0x0F, 0x77, 0x7F, 0xC0, 0x0F ; file 19CF74
db 0xEF, 0x27, 0x30, 0x80, 0xC2, 0x51, 0x7F, 0x4F, 0x7C, 0x50, 0x76, 0x0B, 0x0D, 0xBF, 0x0F, 0xE0 ; file 19CF84
db 0xD1, 0x00, 0x97, 0xE4, 0x50, 0x78, 0x89, 0x66, 0x04, 0x77, 0x78, 0xE2, 0x83, 0xD4, 0x05, 0x76 ; file 19CF94
db 0x8D, 0xD8, 0x00, 0x77, 0xE6, 0x78, 0xE3, 0x08, 0x06, 0x5B, 0x72, 0x2B, 0xE9, 0x77, 0xE4, 0xC0 ; file 19CFA4
db 0xE2, 0x25, 0x73, 0x00, 0xB2, 0xD2, 0xA1, 0xE3, 0x29, 0x77, 0x5B, 0xD2, 0x76, 0xE5, 0x50, 0x72 ; file 19CFB4
db 0x2D, 0x04, 0x2C, 0xE9, 0x00, 0x4F, 0x72, 0x5B, 0xF5, 0x50, 0x73, 0x77, 0x74, 0x96, 0xD4, 0x29 ; file 19CFC4
db 0x75, 0x4F, 0x74, 0xDB, 0x60, 0x4E, 0x9F, 0xE1, 0x05, 0x12, 0x1F, 0xA0, 0xE3, 0x77, 0x73, 0x07 ; file 19CFD4
db 0xC9, 0xE3, 0x34, 0x4F, 0x70, 0x8B, 0x20, 0x0B, 0xC2, 0xC0, 0x0B, 0x07, 0xA2, 0x72, 0x4B, 0xE0 ; file 19CFE4
db 0x00, 0x4F, 0x71, 0x90, 0x83, 0x6D, 0x81, 0x3F, 0x12, 0xFF, 0x61, 0x9E, 0x00, 0x24, 0xE3, 0xA5 ; file 19CFF4
db 0xE1, 0x3F, 0x0B, 0x06, 0x1E, 0x12, 0x1F, 0x1E, 0x6C, 0x84, 0xC8, 0xE1, 0x70, 0xC9, 0xE2, 0x79 ; file 19D004
db 0x52, 0xAC, 0x62, 0x7D, 0x70, 0x0B, 0x0F, 0x0B, 0xE2, 0x70, 0x08, 0x72, 0x73, 0x62, 0x80, 0x5F ; file 19D014
db 0x00, 0x0D, 0x60, 0x70, 0x4E, 0xE4, 0x73, 0x70, 0x76, 0xE2, 0x14, 0xCA, 0x11, 0x54, 0xF0, 0x0D ; file 19D024
db 0xA7, 0x10, 0x0C, 0x3F, 0xF3, 0x0B, 0x00, 0x05, 0x90, 0x60, 0x65, 0x60, 0xA2, 0x44, 0xD4, 0xD1 ; file 19D034
db 0xC6, 0xE2, 0xE0, 0xF3, 0x0C, 0x0D, 0x8E, 0xF0, 0x60, 0x4A, 0x82, 0x78, 0xF0, 0x90, 0x32, 0xC9 ; file 19D044
db 0x43, 0x5E, 0xD2, 0x0F, 0x0E, 0x8B, 0x20, 0x0C, 0x77, 0xE3, 0xE7, 0x73, 0x07, 0x0C, 0xF9, 0xE0 ; file 19D054
db 0x8D, 0xE0, 0x5F, 0x45, 0xED, 0xE1, 0x20, 0x52, 0x71, 0x1E, 0x80, 0xBB, 0x86, 0xC8, 0xE4, 0x76 ; file 19D064
db 0xD0, 0x0F, 0x8E, 0xF0, 0xAC, 0x42, 0x40, 0xB8, 0x61, 0x4A, 0x01, 0xC6, 0xE1, 0xC7, 0xE3, 0x6F ; file 19D074
db 0xF0, 0x05, 0x01, 0x07, 0x2D, 0x71, 0x00, 0x11, 0x31, 0x25, 0x03, 0xC8, 0xE1, 0x29, 0x54, 0x54 ; file 19D084
db 0x32, 0x1A, 0xF0, 0xDE, 0x41, 0x77, 0x78, 0x00, 0x01, 0x70, 0x4E, 0x03, 0x77, 0x7F, 0x77, 0x7F ; file 19D094
db 0x77, 0x7F, 0x77, 0x7F, 0x77, 0x7F, 0x77, 0x7A, 0xF9, 0x1D, 0x77, 0x7F, 0x77, 0x7F, 0x11, 0x0F ; file 19D0A4
db 0x15, 0x18, 0x14, 0xEC, 0x77, 0x7F, 0x77, 0x74, 0x08, 0x1D, 0x1A, 0x73, 0x10, 0x13, 0x14, 0xF8 ; file 19D0B4
db 0x50, 0x72, 0x77, 0x7F, 0x90, 0x00, 0x1C, 0x01, 0x1C, 0x14, 0x15, 0x00, 0xCF, 0x50, 0x77, 0x70 ; file 19D0C4
db 0xD3, 0xE1, 0x50, 0x76, 0x9D, 0x74, 0xEE, 0xE3, 0x33, 0x50, 0x78, 0x70, 0x9B, 0x15, 0x0F, 0x5D ; file 19D0D4
db 0xE2, 0x0E, 0x14, 0x27, 0x08, 0xEE, 0xEA, 0x0E, 0x93, 0x1A, 0x0C, 0x78, 0x71, 0x77, 0x75, 0x13 ; file 19D0E4
db 0x77, 0x7F, 0x62, 0x40, 0x0A, 0xC2, 0x6C, 0x71, 0x0F, 0x44, 0x00, 0xEE, 0xE4, 0x77, 0x7F, 0xEE ; file 19D0F4
db 0xE3, 0x08, 0x0C, 0x00, 0xBF, 0x01, 0xC8, 0xE0, 0x77, 0x7F, 0x77, 0x7F, 0xD6, 0x60, 0x77, 0x73 ; file 19D104
db 0x15, 0xF7, 0x77, 0x7F, 0x03, 0x09, 0x09, 0x77, 0x7F, 0x77, 0x7F, 0x77, 0x7F, 0x77, 0x7F, 0x77 ; file 19D114
db 0x7F, 0x77, 0x7C, 0x01, 0x0A, 0x77, 0x7F, 0x50, 0x7F, 0x77, 0x7F, 0x77, 0x7F, 0x77, 0x7F, 0x77 ; file 19D124
db 0x7F, 0x77, 0x7F, 0x00, 0x77, 0x7F, 0x77, 0x7F, 0x77, 0x7F, 0x77, 0x7F, 0x77, 0x7F, 0x27, 0x0F ; file 19D134
db 0x77, 0x7F, 0x74, 0x0F, 0x00, 0x77, 0x7F, 0x77, 0x7F, 0x77, 0x7F, 0x77, 0x7F, 0x77, 0x7F, 0x77 ; file 19D144
db 0x7F, 0x77, 0x7F, 0x77, 0x7F, 0x00, 0x28, 0x0F, 0x77, 0x7F, 0x01, 0x0F, 0x77, 0x7F, 0x27, 0x0F ; file 19D154
db 0x77, 0x7F, 0x37, 0x1F, 0x29, 0x0F, 0x00, 0x77, 0x7F, 0x29, 0x0F, 0x77, 0x7F, 0x01, 0x0F, 0x77 ; file 19D164
db 0x7F, 0x01, 0x0F, 0x01, 0x0F, 0x01, 0x0F, 0x00, 0xEE, 0xEF, 0x01, 0x0F, 0xEE, 0xEF, 0x01, 0x0F ; file 19D174
db 0xEE, 0xEF, 0xEE, 0xEF, 0xEE, 0xEF, 0xEE, 0xEF, 0x00, 0xEE, 0xEF, 0xEE, 0xEF, 0xEE, 0xEF, 0xEE ; file 19D184
db 0xEF, 0xEE, 0xEF, 0xEE, 0xEF, 0xEE, 0xEF, 0xEE, 0xEF, 0x00, 0xEE, 0xEF, 0xEE, 0xEF, 0xEE, 0xEF ; file 19D194
db 0xEE, 0xEF, 0xEE, 0xEF, 0xEE, 0xEF, 0xEE, 0xEF, 0xEE, 0xEF, 0x00, 0xEE, 0xEF, 0xEE, 0xEF, 0xEE ; file 19D1A4
db 0xEF, 0xEE, 0xEF, 0xEE, 0xEF, 0xEE, 0xEF, 0xEE, 0xEF, 0xEE, 0xEF, 0x00, 0xEE, 0xEF, 0xEE, 0xEF ; file 19D1B4
db 0xEE, 0xEF, 0xEE, 0xEF, 0xEE, 0xEF, 0x77, 0x7F, 0x77, 0x7F, 0x77, 0x7F, 0x40, 0x77, 0x7F, 0x77 ; file 19D1C4
db 0x7F, 0xEE, 0xE4, 0xC7, 0x21, 0x77, 0x7F, 0x77, 0x7D, 0x1D, 0x02, 0x71, 0x74, 0x77, 0x7F, 0x77 ; file 19D1D4
db 0x73, 0x1A, 0x4E, 0x83, 0x10, 0x10, 0x1C, 0x50, 0x72, 0x7C, 0x77, 0x7F, 0x94, 0x00, 0x1C, 0x01 ; file 19D1E4
db 0x02, 0x19, 0x13, 0x77, 0x72, 0xF3, 0x10, 0x1A, 0x27, 0x03, 0xEE, 0xEF, 0x0E, 0x0E, 0x1C, 0x08 ; file 19D1F4
db 0xC9, 0x03, 0x44, 0x00, 0x77, 0x74, 0x0E, 0x77, 0x7F, 0x77, 0x76, 0x1C, 0x1A, 0x07, 0x13, 0x13 ; file 19D204
db 0x0E, 0xEE, 0xE3, 0x50, 0x75, 0xEE, 0xEF, 0xF0, 0x01, 0x4E, 0x00, 0x00, 0x77, 0x72, 0x4A, 0x46 ; file 19D214
db 0xEE, 0xEE, 0x77, 0x70, 0x90, 0x62, 0x77, 0x7F, 0x77, 0x7F, 0x77, 0x7F, 0x00, 0x77, 0x7F, 0x7E ; file 19D224
db 0x50, 0x0F, 0x70, 0x77, 0x7F, 0x77, 0x7F, 0x77, 0x7F, 0x77, 0x7F, 0x77, 0x7F, 0x00, 0xEE, 0xEF ; file 19D234
db 0x77, 0x7F, 0x77, 0x7F, 0x77, 0x7F, 0x28, 0x7F, 0x77, 0x7F, 0x77, 0x7F, 0x77, 0x7F, 0x00, 0x77 ; file 19D244
db 0x7F, 0x77, 0x7F, 0x77, 0x7F, 0x77, 0x7F, 0x77, 0x7F, 0x77, 0x7F, 0x77, 0x7F, 0x77, 0x7F, 0x00 ; file 19D254
db 0x77, 0x7F, 0x27, 0x0F, 0x77, 0x7F, 0x77, 0x7F, 0x77, 0x7F, 0x77, 0x7F, 0x77, 0x7F, 0x77, 0x7F ; file 19D264
db 0x00, 0x77, 0x7F, 0x77, 0x7F, 0x29, 0x0F, 0x77, 0x7F, 0x01, 0x0F, 0x77, 0x7F, 0x01, 0x0F, 0x77 ; file 19D274
db 0x7F, 0x00, 0xE9, 0x0F, 0x77, 0x7F, 0xC1, 0x0F, 0x77, 0x7F, 0x77, 0x7F, 0x01, 0x0F, 0x01, 0x0F ; file 19D284
db 0x01, 0x0F, 0x40, 0x01, 0x0F, 0x01, 0x0F, 0x01, 0x0F, 0x01, 0x0F, 0xA4, 0x73, 0x59, 0x10, 0x1D ; file 19D294
db 0xF3, 0x1F, 0x00, 0xB6, 0x08, 0x8E, 0xD3, 0x45, 0xF4, 0x33, 0x1F, 0xA1, 0x77, 0xC1, 0x73, 0x1D ; file 19D2A4
db 0xF3, 0x4C, 0x78, 0x00, 0x00, 0x16, 0xC6, 0x74, 0x6D, 0x72, 0xC5, 0x77, 0x7C, 0x0C, 0xC6, 0x76 ; file 19D2B4
db 0x6E, 0x73, 0xC5, 0x72, 0x00, 0x77, 0xE2, 0xA4, 0x0A, 0x65, 0xF4, 0x4F, 0x71, 0xC4, 0x73, 0xC5 ; file 19D2C4
db 0x73, 0xB6, 0x61, 0x81, 0x8C, 0x20, 0xEE, 0x76, 0xEF, 0x70, 0x3C, 0xF3, 0xED, 0xE3, 0xF3, 0x08 ; file 19D2D4
db 0x0F, 0x0B, 0x41, 0xED, 0xE1, 0x42, 0x3D, 0xF2, 0x1E, 0x9E, 0x71, 0xB3, 0xF2, 0x89, 0xF8, 0xED ; file 19D2E4
db 0x72, 0x0D, 0x2B, 0x30, 0x15, 0x10, 0x77, 0x03, 0x0C, 0x9E, 0x70, 0x05, 0x3F, 0x80, 0x8E, 0x83 ; file 19D2F4
db 0x3A, 0x89, 0x30, 0x58, 0x41, 0xED, 0x70, 0x3E, 0xF2, 0x57, 0x60, 0x0B, 0x1E, 0x9E, 0x72, 0x27 ; file 19D304
db 0x05, 0x0C, 0x69, 0x16, 0x1A, 0x61, 0x0D, 0x11, 0x60, 0x20, 0xD7, 0x61, 0x95, 0xE0, 0x24, 0x92 ; file 19D314
db 0x00, 0x17, 0x81, 0x50, 0x72, 0x90, 0x15, 0xC4, 0x41, 0xDC, 0x40, 0x73, 0x72, 0xE0, 0xF2, 0x2E ; file 19D324
db 0x80, 0x03, 0x0B, 0x1F, 0x35, 0x82, 0x27, 0x09, 0x05, 0x71, 0x2E, 0x51, 0x9F, 0x71, 0xB8, 0xF3 ; file 19D334
db 0x80, 0x9D, 0x76, 0x26, 0x91, 0xCF, 0xE1, 0xC7, 0x77, 0xFE, 0x46, 0x4E, 0x72, 0xAD, 0x14, 0x07 ; file 19D344
db 0x80, 0x76, 0x70, 0x66, 0x30, 0xDE, 0x13, 0x43, 0x53, 0x40, 0x42, 0x16, 0xF1, 0x65, 0xF3, 0x0D ; file 19D354
db 0x01, 0x09, 0x77, 0x74, 0xB8, 0xD0, 0x50, 0x75, 0x26, 0x03, 0x50, 0x77, 0x77, 0x7F, 0x77, 0x7F ; file 19D364
db 0x80, 0x77, 0x7F, 0x77, 0x7F, 0x77, 0x7B, 0xE7, 0x41, 0xA7, 0x50, 0x77, 0x7F, 0x77, 0x7F, 0x11 ; file 19D374
db 0x73, 0x0E, 0x08, 0x77, 0x7F, 0xEE, 0xE5, 0x08, 0x08, 0x1C, 0x01, 0x13, 0xCF, 0x10, 0x0F, 0x08 ; file 19D384
db 0x1C, 0x27, 0x0F, 0x77, 0x73, 0x0C, 0x08, 0x37, 0x01, 0x02, 0x03, 0x77, 0x75, 0x09, 0x1A, 0x77 ; file 19D394
db 0x7F, 0x77, 0x76, 0x08, 0x78, 0x70, 0xF5, 0x51, 0x77, 0x71, 0x0F, 0x77, 0x7F, 0x77, 0x76, 0x78 ; file 19D3A4
db 0x70, 0x50, 0x70, 0x00, 0xEE, 0xE0, 0x23, 0x46, 0x77, 0x7F, 0x91, 0x63, 0x77, 0x7F, 0x77, 0x7E ; file 19D3B4
db 0x77, 0x51, 0x77, 0x7F, 0x00, 0x77, 0x7F, 0xB6, 0x60, 0x77, 0x7F, 0x77, 0x7D, 0x88, 0x10, 0x87 ; file 19D3C4
db 0x60, 0x77, 0x7F, 0x77, 0x7F, 0x00, 0x69, 0x60, 0x77, 0x7F, 0x77, 0x7F, 0x77, 0x7F, 0x77, 0x7F ; file 19D3D4
db 0x77, 0x7F, 0x77, 0x7F, 0x77, 0x7F, 0x00, 0x28, 0x7F, 0x77, 0x7F, 0x77, 0x7F, 0x77, 0x7F, 0x77 ; file 19D3E4
db 0x7F, 0x77, 0x7F, 0x77, 0x7F, 0x77, 0x7F, 0x00, 0x77, 0x7F, 0x77, 0x7F, 0x77, 0x7F, 0x77, 0x7F ; file 19D3F4
db 0x77, 0x7F, 0x27, 0x7F, 0x77, 0x7F, 0x01, 0x0F, 0x00, 0x77, 0x7F, 0x8F, 0x6F, 0x77, 0x7F, 0x77 ; file 19D404
db 0x7F, 0x77, 0x7F, 0x77, 0x7F, 0x77, 0x7F, 0x77, 0x7F, 0x00, 0x28, 0x0F, 0x77, 0x7F, 0x01, 0x0F ; file 19D414
db 0x77, 0x7F, 0x01, 0x0F, 0x77, 0x7F, 0x1B, 0x0F, 0x77, 0x7F, 0x00, 0xC0, 0x0F, 0x01, 0x0F, 0x01 ; file 19D424
db 0x0F, 0x01, 0x0F, 0x01, 0x0F, 0x01, 0x0F, 0x01, 0x0F, 0x01, 0x0F, 0x00, 0x01, 0x0F, 0x01, 0x0F ; file 19D434
db 0x65, 0xF5, 0x19, 0x2F, 0x86, 0xFD, 0x89, 0xD5, 0x62, 0xFF, 0x65, 0xF6, 0x04, 0x84, 0xF4, 0x9E ; file 19D444
db 0x76, 0x1D, 0x25, 0x0F, 0x25, 0x01, 0xE4, 0xE6, 0x63, 0xF5, 0xC6, 0x7E, 0x00, 0x72, 0xE1, 0x65 ; file 19D454
db 0xF3, 0x87, 0xF4, 0x9E, 0x73, 0xA6, 0x3C, 0xD6, 0xF3, 0x15, 0xF2, 0x9D, 0x72, 0xC0, 0x9E, 0x76 ; file 19D464
db 0xFB, 0x1A, 0xFA, 0xD1, 0x45, 0xE3, 0x3D, 0xF3, 0x14, 0xF0, 0x07, 0x07, 0x84, 0xEF, 0xE1, 0xB1 ; file 19D474
db 0xFA, 0x11, 0x79, 0xE0, 0x8D, 0xF1, 0x1C, 0xE0, 0xE5, 0xE0, 0x1E, 0x09, 0x12, 0x14, 0xF0, 0xC5 ; file 19D484
db 0x74, 0x07, 0xC5, 0x79, 0x35, 0xD0, 0x4F, 0xE0, 0x72, 0x71, 0x02, 0x45, 0xE0, 0x0C, 0x3B, 0xF0 ; file 19D494
db 0x3C, 0xF1, 0x8D, 0x83, 0x1C, 0x49, 0xAF, 0x21, 0x3E, 0xF3, 0x14, 0xB6, 0xE0, 0x10, 0xF0, 0x1F ; file 19D4A4
db 0x15, 0x80, 0x0B, 0xEE, 0x73, 0x9D, 0x09, 0x69, 0x31, 0x00, 0x65, 0xF2, 0x99, 0x30, 0xA9, 0x60 ; file 19D4B4
db 0x33, 0xF1, 0x15, 0x81, 0x3B, 0xF1, 0x76, 0xE2, 0x63, 0x45, 0x00, 0x89, 0x50, 0x90, 0xF1, 0x17 ; file 19D4C4
db 0xF1, 0xDE, 0x82, 0x7A, 0x00, 0xFE, 0x82, 0x53, 0x70, 0xEB, 0xD1, 0xC0, 0xDB, 0xF5, 0x17, 0xF4 ; file 19D4D4
db 0x1D, 0xF0, 0x69, 0xF1, 0x59, 0xF0, 0x85, 0x84, 0x0B, 0x0B, 0x0C, 0x76, 0x70, 0x11, 0x33, 0x14 ; file 19D4E4
db 0x1D, 0xDC, 0x31, 0x40, 0xF2, 0x8D, 0xF0, 0x77, 0x72, 0x10, 0x65, 0xF2, 0xDE, 0x41, 0xEE, 0xE3 ; file 19D4F4
db 0x09, 0x21, 0x0C, 0x00, 0xD1, 0xF0, 0xEA, 0x77, 0x7F, 0x80, 0x77, 0x7F, 0x77, 0x7F, 0x77, 0x7F ; file 19D504
db 0x77, 0x7F, 0xEE, 0xEF, 0x77, 0x7F, 0x77, 0x75, 0x03, 0x20, 0x27, 0x03, 0x77, 0x7F, 0x77, 0x72 ; file 19D514
db 0x29, 0x81, 0x77, 0x72, 0x08, 0x9D, 0x42, 0x77, 0x7F, 0x80, 0xE9, 0x50, 0x77, 0x70, 0x42, 0x60 ; file 19D524
db 0xEE, 0xE3, 0x9E, 0x72, 0x77, 0x7F, 0x77, 0x73, 0x08, 0x3E, 0xF5, 0x52, 0x0A, 0x0E, 0x1A, 0x0E ; file 19D534
db 0x0F, 0x50, 0x72, 0x77, 0x7F, 0x00, 0x77, 0x73, 0x50, 0x71, 0xEE, 0xEF, 0x77, 0x7F, 0x77, 0x7F ; file 19D544
db 0x77, 0x7F, 0x77, 0x7F, 0x77, 0x7F, 0x02, 0xEE, 0xE2, 0x09, 0x77, 0x7F, 0x77, 0x7F, 0x77, 0x7F ; file 19D554
db 0x77, 0x7F, 0x77, 0x7F, 0x77, 0x7F, 0x00, 0x77, 0x76, 0x7E, 0x73, 0x77, 0x7F, 0x77, 0x7F, 0x77 ; file 19D564
db 0x7F, 0x77, 0x7F, 0x77, 0x7F, 0x77, 0x7F, 0x00, 0x77, 0x7F, 0x77, 0x7F, 0x77, 0x7F, 0x4F, 0x0F ; file 19D574
db 0x77, 0x7F, 0x77, 0x7F, 0x77, 0x7F, 0xBD, 0x4F, 0x00, 0x77, 0x7F, 0x77, 0x7F, 0x77, 0x7F, 0x77 ; file 19D584
db 0x7F, 0x77, 0x7F, 0x77, 0x7F, 0x77, 0x7F, 0x77, 0x7F, 0x00, 0x28, 0x0F, 0x77, 0x7F, 0x01, 0x0F ; file 19D594
db 0x77, 0x7F, 0x24, 0x0F, 0x77, 0x7F, 0x77, 0x7F, 0x77, 0x7F, 0x00, 0x77, 0x7F, 0x29, 0x0F, 0x77 ; file 19D5A4
db 0x7F, 0x01, 0x0F, 0x77, 0x7F, 0x01, 0x0F, 0x77, 0x7F, 0x01, 0x0F, 0x00, 0x01, 0x0F, 0x01, 0x0F ; file 19D5B4
db 0x01, 0x0F, 0x01, 0x0F, 0x01, 0x0F, 0x01, 0x0F, 0x01, 0x0F, 0x01, 0x0F, 0x00, 0x52, 0x7C, 0x4E ; file 19D5C4
db 0x73, 0xE9, 0x58, 0x35, 0xFD, 0x12, 0xF6, 0x40, 0xD2, 0xE8, 0x55, 0x04, 0x7E, 0x00, 0x6E, 0xE5 ; file 19D5D4
db 0xCF, 0xE5, 0x84, 0x1F, 0x9B, 0x73, 0x14, 0xF2, 0xCC, 0xE5, 0x50, 0xEB, 0x76, 0x73, 0x00, 0x49 ; file 19D5E4
db 0xE0, 0xBE, 0x73, 0x77, 0x73, 0xB4, 0x63, 0x71, 0xF0, 0x50, 0x7B, 0xFB, 0xD3, 0x4F, 0x72, 0x80 ; file 19D5F4
db 0x13, 0xF4, 0x3A, 0xF1, 0x15, 0xFC, 0x8B, 0x20, 0x4B, 0x71, 0xF5, 0xD0, 0x9F, 0x71, 0x1E, 0x11 ; file 19D604
db 0x1E, 0x77, 0x71, 0xEE, 0xE5, 0x50, 0x79, 0x0E, 0x51, 0x31, 0x4A, 0xE1, 0xD8, 0x61, 0xC0, 0x4F ; file 19D614
db 0x72, 0xE1, 0xF3, 0xEE, 0xEE, 0x18, 0xF0, 0xA0, 0x72, 0x62, 0x40, 0x07, 0x1E, 0x03, 0x1F, 0x1F ; file 19D624
db 0x01, 0x70, 0x67, 0xF2, 0xFE, 0x66, 0x28, 0x72, 0xA3, 0x51, 0xFD, 0x61, 0x17, 0x0E, 0x0B, 0x0E ; file 19D634
db 0x9D, 0xE2, 0x04, 0x4C, 0x00, 0xEE, 0xE3, 0x27, 0x0B, 0x64, 0xEC, 0x70, 0x4C, 0x71, 0x0D, 0xB5 ; file 19D644
db 0xE1, 0x2A, 0x00, 0x0D, 0x0B, 0xA0, 0x01, 0x00, 0xD6, 0xF0, 0xDD, 0x89, 0x6A, 0xC3, 0xBE, 0x31 ; file 19D654
db 0x68, 0xF1, 0x77, 0x71, 0xC8, 0xE0, 0x91, 0x14, 0x00, 0x3A, 0x30, 0xEE, 0xE7, 0x16, 0xF3, 0xB1 ; file 19D664
db 0x41, 0xEE, 0xE2, 0x40, 0x80, 0xE8, 0x02, 0x2D, 0x00, 0x04, 0x2C, 0x73, 0x64, 0xF6, 0x11, 0x40 ; file 19D674
db 0x43, 0xE1, 0xF0, 0x4E, 0x94, 0xD6, 0x30, 0xEE, 0xE9, 0x00, 0x88, 0x53, 0xC7, 0x63, 0x77, 0x7F ; file 19D684
db 0x77, 0x79, 0x02, 0x79, 0x77, 0x7F, 0x77, 0x7F, 0x77, 0x7F, 0x00, 0xEE, 0xEF, 0x77, 0x7F, 0xEE ; file 19D694
db 0xEF, 0x77, 0x7F, 0xEE, 0xEF, 0x77, 0x7F, 0xEE, 0xEF, 0x77, 0x7F, 0x00, 0xEE, 0xEF, 0xEE, 0xEF ; file 19D6A4
db 0xEE, 0xEF, 0xEE, 0xEF, 0x77, 0x7F, 0x77, 0x7F, 0x77, 0x7F, 0x77, 0x7F, 0x00, 0x77, 0x7F, 0xEE ; file 19D6B4
db 0xEF, 0x77, 0x7F, 0x77, 0x7F, 0x77, 0x7F, 0x77, 0x7F, 0x77, 0x7F, 0xEE, 0xEF, 0x00, 0x77, 0x7F ; file 19D6C4
db 0x77, 0x7F, 0x77, 0x7F, 0x77, 0x7F, 0x77, 0x7F, 0x77, 0x7F, 0x77, 0x7F, 0x77, 0x7F, 0x00, 0x77 ; file 19D6D4
db 0x7F, 0x4F, 0x0F, 0x77, 0x7F, 0x77, 0x7F, 0x77, 0x7F, 0xE4, 0x4F, 0x77, 0x7F, 0x77, 0x7F, 0x00 ; file 19D6E4
db 0x77, 0x7F, 0x77, 0x7F, 0x77, 0x7F, 0x77, 0x7F, 0x77, 0x7F, 0x77, 0x7F, 0x28, 0x0F, 0x77, 0x7F ; file 19D6F4
db 0x00, 0x01, 0x0F, 0x77, 0x7F, 0x24, 0x0F, 0x77, 0x7F, 0x77, 0x7F, 0x77, 0x7F, 0x77, 0x7F, 0x29 ; file 19D704
db 0x0F, 0x00, 0x77, 0x7F, 0x01, 0x0F, 0x77, 0x7F, 0x01, 0x0F, 0x77, 0x7F, 0x01, 0x0F, 0x01, 0x0F ; file 19D714
db 0x01, 0x0F, 0x00, 0x01, 0x0F, 0x01, 0x0F, 0x08, 0x76, 0x22, 0xD3, 0x1A, 0x0F, 0xE3, 0xD9, 0x29 ; file 19D724
db 0x77, 0xA1, 0xEF, 0x00, 0x4E, 0x77, 0x5D, 0x63, 0xA0, 0xE5, 0xE1, 0x2F, 0x73, 0x71, 0x47, 0x75 ; file 19D734
db 0xA0, 0xE7, 0xA1, 0xEC, 0x08, 0x78, 0xE4, 0x9F, 0xE5, 0xA0, 0xE3, 0x06, 0xFB, 0xE1, 0xC9, 0xE9 ; file 19D744
db 0xAF, 0x60, 0x9F, 0xE5, 0x01, 0x07, 0x1D, 0x00, 0x50, 0x72, 0x50, 0x05, 0xAE, 0x17, 0x97, 0x11 ; file 19D754
db 0x4F, 0x06, 0xC6, 0xE2, 0x8A, 0x1E, 0xF5, 0x06, 0x02, 0x79, 0x0F, 0xBF, 0xC1, 0x4A, 0xE0, 0x9F ; file 19D764
db 0xE2, 0x07, 0x03, 0x05, 0x1E, 0x51, 0xE0, 0xF0, 0xE1, 0xE4, 0x60, 0x51, 0x79, 0x88, 0x51, 0x4F ; file 19D774
db 0x71, 0x0C, 0xAB, 0xF0, 0xFD, 0xD1, 0x06, 0x12, 0x50, 0x75, 0xF5, 0x72, 0x7A, 0xE6, 0x75, 0xE0 ; file 19D784
db 0x11, 0x0E, 0x4F, 0x72, 0xC7, 0xE0, 0x2C, 0x71, 0x06, 0x50, 0x72, 0xC3, 0x72, 0x3E, 0x81, 0x20 ; file 19D794
db 0x8E, 0xF5, 0x86, 0x22, 0x38, 0x21, 0x87, 0x21, 0xDC, 0xF2, 0x06, 0x77, 0xE2, 0x50, 0x72, 0x03 ; file 19D7A4
db 0x07, 0x0D, 0x76, 0xE7, 0x80, 0x40, 0x25, 0x73, 0xD8, 0x60, 0xF0, 0xE1, 0x53, 0x70, 0x06, 0x67 ; file 19D7B4
db 0xF0, 0x06, 0x07, 0xC6, 0xE0, 0xFF, 0xE0, 0x4F, 0x79, 0xCC, 0x51, 0xEF, 0xE1, 0x10, 0x76, 0xE2 ; file 19D7C4
db 0x43, 0x00, 0xC7, 0xE2, 0x56, 0x71, 0x0D, 0x9C, 0x07, 0x2B, 0x51, 0x52, 0x30, 0x00, 0xEE, 0x52 ; file 19D7D4
db 0xC7, 0xE0, 0x90, 0xF1, 0x62, 0xF4, 0xAD, 0x01, 0x12, 0x30, 0x4F, 0x75, 0x19, 0x62, 0x02, 0x4B ; file 19D7E4
db 0x70, 0x11, 0xCB, 0xE1, 0x18, 0xF1, 0x71, 0x82, 0xBF, 0xF0, 0x77, 0x77, 0x4F, 0x74, 0x00, 0x60 ; file 19D7F4
db 0x63, 0x48, 0x22, 0xA5, 0x51, 0xAE, 0x31, 0x77, 0x74, 0x79, 0xE1, 0xEC, 0xE7, 0xC9, 0x73, 0x00 ; file 19D804
db 0xA3, 0x01, 0x77, 0x7F, 0xEE, 0xEF, 0x77, 0x7F, 0x77, 0x7F, 0x77, 0x7F, 0xEE, 0xEF, 0x77, 0x7F ; file 19D814
db 0xE6, 0x77, 0x72, 0x0F, 0x1D, 0x50, 0x7F, 0x77, 0x75, 0x09, 0x08, 0x1A, 0x8C, 0x9D, 0xF1, 0x37 ; file 19D824
db 0x01, 0x1C, 0x13, 0x27, 0x08, 0xF6, 0x62, 0x77, 0x75, 0x0D, 0x0F, 0x1C, 0x01, 0x02, 0x19, 0x77 ; file 19D834
db 0x75, 0x27, 0x03, 0x77, 0x7F, 0x77, 0x72, 0xE2, 0x44, 0x00, 0x0F, 0x77, 0x74, 0x27, 0x0B, 0x77 ; file 19D844
db 0x7B, 0x1A, 0x13, 0x13, 0x01, 0x0E, 0xEE, 0xEF, 0x77, 0x7F, 0x4E, 0x00, 0x77, 0x7F, 0x77, 0x7D ; file 19D854
db 0x90, 0x62, 0x77, 0x7F, 0x20, 0x77, 0x7F, 0xD6, 0x60, 0x77, 0x7F, 0x77, 0x7C, 0x7E, 0x50, 0x0C ; file 19D864
db 0x77, 0x7F, 0x77, 0x7F, 0x00, 0x77, 0x71, 0x49, 0x60, 0x77, 0x7F, 0x77, 0x7F, 0x77, 0x7F, 0x77 ; file 19D874
db 0x7F, 0x77, 0x7F, 0x77, 0x7F, 0x00, 0x77, 0x7F, 0x77, 0x7F, 0x77, 0x7F, 0x77, 0x7F, 0x77, 0x7F ; file 19D884
db 0xCC, 0x5F, 0x77, 0x7F, 0x77, 0x7F, 0x00, 0x77, 0x7F, 0x77, 0x7F, 0x77, 0x7F, 0x77, 0x7F, 0x77 ; file 19D894
db 0x7F, 0x77, 0x7F, 0x77, 0x7F, 0x77, 0x7F, 0x00, 0x28, 0x0F, 0x77, 0x7F, 0x26, 0x0F, 0x77, 0x7F ; file 19D8A4
db 0xB6, 0x6F, 0x77, 0x7F, 0x77, 0x7F, 0x77, 0x7F, 0x00, 0x77, 0x7F, 0x51, 0x0F, 0x77, 0x7F, 0x01 ; file 19D8B4
db 0x0F, 0x77, 0x7F, 0x01, 0x0F, 0x77, 0x7F, 0x01, 0x0F, 0x00, 0x77, 0x7F, 0x18, 0x05, 0x00, 0x00 ; file 19D8C4
db 0x3F, 0x1C, 0x2A, 0x0F, 0x98, 0x04, 0x00, 0x01, 0x0F, 0x01, 0x0F, 0x98, 0x01, 0x0F, 0x01, 0x0F ; file 19D8D4
db 0x0E, 0x01, 0x0A, 0x03, 0x14, 0x0F, 0x0B, 0x04, 0x07, 0x93, 0x1A, 0x07, 0x15, 0x0F, 0x1C, 0x05 ; file 19D8E4
db 0x16, 0x38, 0x0F, 0x0A, 0x05, 0x0C, 0x93, 0x15, 0x1E, 0x15, 0x0F, 0x0B, 0x04, 0x0D, 0x1C, 0x0F ; file 19D8F4
db 0x09, 0x06, 0x17, 0x93, 0x16, 0x06, 0x15, 0x0F, 0x8B, 0x05, 0x16, 0x8C, 0x0F, 0xA7, 0x05, 0x18 ; file 19D904
db 0xD9, 0x15, 0x38, 0x0F, 0x0A, 0x05, 0x11, 0x09, 0x70, 0x0F, 0x10, 0x18, 0xF6, 0x4D, 0x03, 0x14 ; file 19D914
db 0x0E, 0xC4, 0x0F, 0x19, 0x1C, 0x19, 0x09, 0x3A, 0x08, 0x02, 0x0E, 0x4C, 0x0F, 0x17, 0x1C, 0x19 ; file 19D924
db 0x69, 0x02, 0x1C, 0x0C, 0xFF, 0x0A, 0x16, 0x15, 0x07, 0x00, 0x0C, 0x1C, 0x18, 0xED, 0x02, 0x5B ; file 19D934
db 0x01, 0x19, 0x0F, 0x70, 0x0A, 0x14, 0x1C, 0x1B, 0x79, 0x0B, 0x1C, 0x01, 0x85, 0x01, 0x18, 0x1A ; file 19D944
db 0x15, 0x05, 0x7A, 0x1A, 0xE7, 0x1C, 0x19, 0x02, 0x05, 0x01, 0xA1, 0x01, 0x1A, 0x19, 0x13, 0x87 ; file 19D954
db 0x06, 0x03, 0x0D, 0x8F, 0x08, 0x4F, 0x01, 0x21, 0x00, 0xA1, 0x01, 0x0C, 0xEF, 0x0E, 0x05, 0x1E ; file 19D964
db 0x0A, 0x8B, 0x18, 0x0A, 0x1C, 0x16, 0xB5, 0x05, 0x3D, 0x00, 0x1A, 0xF5, 0x01, 0x0D, 0x0F, 0x53 ; file 19D974
db 0x00, 0x10, 0xBD, 0x0B, 0xC8, 0x06, 0x0C, 0x1C, 0x16, 0x04, 0x1C, 0x05, 0x10, 0x75, 0x13, 0x33 ; file 19D984
db 0x10, 0x0A, 0x54, 0x13, 0x0D, 0x16, 0x0A, 0x1C, 0x01, 0x6D, 0x06, 0xA8, 0x00, 0x1A, 0x0A, 0xDA ; file 19D994
db 0x00, 0x12, 0x13, 0x33, 0x11, 0x79, 0x14, 0xB9, 0x00, 0x7C, 0x00, 0x1C, 0x0A, 0x00, 0x10, 0xF7 ; file 19D9A4
db 0x01, 0xD4, 0x1C, 0x00, 0xF6, 0x01, 0x14, 0x1C, 0x02, 0x17, 0x02, 0x12, 0x14, 0x19, 0xEF, 0x1D ; file 19D9B4
db 0x00, 0x17, 0x1A, 0x13, 0x10, 0x1A, 0x1C, 0x1B, 0xBA, 0x9E, 0x11, 0x17, 0x38, 0x02, 0x12, 0x18 ; file 19D9C4
db 0x0B, 0xAF, 0x12, 0x0E, 0xFF, 0x0F, 0x1C, 0x1B, 0x19, 0x0E, 0x1E, 0x16, 0x16, 0xFF, 0x15, 0x0E ; file 19D9D4
db 0x1E, 0x00, 0x12, 0x1A, 0x15, 0x09, 0xF2, 0x50, 0x10, 0x10, 0x0B, 0x00, 0x47, 0x10, 0x15, 0x0F ; file 19D9E4
db 0x07, 0x0E, 0xFF, 0x0B, 0x08, 0x04, 0x1D, 0x03, 0x1E, 0x07, 0x0A, 0xBF, 0x03, 0x03, 0x14, 0x1A ; file 19D9F4
db 0x18, 0x11, 0x1F, 0x10, 0x14, 0xFD, 0x0F, 0x55, 0x10, 0x03, 0x1A, 0x13, 0x0C, 0x0D, 0x10, 0xDF ; file 19DA04
db 0x13, 0x10, 0x0A, 0x02, 0x13, 0x70, 0x00, 0x02, 0x03, 0xAF, 0x10, 0x0D, 0x10, 0x0B, 0xA4, 0x10 ; file 19DA14
db 0x19, 0x53, 0x02, 0x1B, 0xF7, 0x19, 0x0B, 0x13, 0x28, 0x10, 0x04, 0x02, 0x12, 0x1A, 0xFF, 0x16 ; file 19DA24
db 0x08, 0x1E, 0x00, 0x18, 0x1C, 0x1A, 0x0B, 0xFA, 0x24, 0x10, 0x1A, 0x6F, 0x00, 0x03, 0x13, 0x13 ; file 19DA34
db 0x0E, 0x0F, 0xFF, 0x09, 0x15, 0x16, 0x13, 0x04, 0x1E, 0x0D, 0x19, 0xF5, 0x13, 0x1C, 0x00, 0x13 ; file 19DA44
db 0x27, 0x00, 0x1E, 0x03, 0x19, 0x1A, 0xFE, 0x7B, 0x00, 0x07, 0x0F, 0x1A, 0x18, 0x0E, 0x01, 0x0F ; file 19DA54
db 0xFF, 0x15, 0x13, 0x08, 0x02, 0x0A, 0x16, 0x0F, 0x05, 0x7C, 0x1C, 0x00, 0x0F, 0x00, 0x03, 0x11 ; file 19DA64
db 0x18, 0x1A, 0x11, 0xFD, 0x10, 0xFF, 0x0E, 0x13, 0x16, 0x0E, 0x1D, 0x0A, 0x11, 0x11, 0xFF, 0x08 ; file 19DA74
db 0x1D, 0x07, 0x13, 0x0F, 0x04, 0x1E, 0x00, 0xFF, 0x15, 0x13, 0x09, 0x1D, 0x06, 0x12, 0x00, 0x07 ; file 19DA84
db 0xDE, 0xAF, 0x11, 0x07, 0x0F, 0x13, 0x0F, 0x29, 0x00, 0x11, 0x09, 0xFB, 0x01, 0x03, 0x1C, 0x01 ; file 19DA94
db 0x07, 0x15, 0x11, 0x05, 0x06, 0xEF, 0x18, 0x18, 0x16, 0x0D, 0x50, 0x22, 0x0B, 0x11, 0x0F, 0xFF ; file 19DAA4
db 0x0B, 0x02, 0x0D, 0x11, 0x0E, 0x04, 0x02, 0x13, 0xBB, 0x0F, 0x05, 0x59, 0x00, 0x11, 0x01, 0x13 ; file 19DAB4
db 0x67, 0x00, 0x05, 0xE6, 0x34, 0x22, 0x07, 0x0E, 0x18, 0x00, 0x21, 0x00, 0x08, 0x01, 0x13, 0xFF ; file 19DAC4
db 0x0F, 0x08, 0x02, 0x0E, 0x16, 0x0F, 0x01, 0x16, 0xF3, 0x18, 0x01, 0x01, 0x21, 0x36, 0x21, 0x09 ; file 19DAD4
db 0x11, 0x0F, 0x09, 0xBF, 0x05, 0x0F, 0x11, 0x09, 0x04, 0x13, 0x04, 0x01, 0x14, 0xFA, 0x1C, 0x00 ; file 19DAE4
db 0x09, 0x1B, 0x05, 0x00, 0x06, 0x0B, 0x11, 0x0E, 0xFD, 0x09, 0x3D, 0x00, 0x05, 0x13, 0x13, 0x0B ; file 19DAF4
db 0x02, 0x15, 0xF6, 0x38, 0x00, 0x0E, 0x1D, 0x69, 0x26, 0x03, 0x08, 0x11, 0x0F, 0xFF, 0x0E, 0x08 ; file 19DB04
db 0x0E, 0x09, 0x01, 0x11, 0x0F, 0x01, 0xDF, 0x1D, 0x0B, 0x0E, 0x01, 0x01, 0x1B, 0x07, 0x00, 0x00 ; file 19DB14
db 0xFF, 0x01, 0x05, 0x0B, 0x04, 0x1D, 0x01, 0x01, 0x01, 0xFF, 0x08, 0x1D, 0x01, 0x08, 0x05, 0x1D ; file 19DB24
db 0x01, 0x1D, 0xDE, 0xBB, 0x29, 0x1E, 0x04, 0x01, 0x1D, 0x8F, 0x01, 0x0B, 0x08, 0xE7, 0x0E, 0x13 ; file 19DB34
db 0x0B, 0x1A, 0x0A, 0x8E, 0x31, 0x19, 0x1B, 0x1B, 0xB7, 0x1B, 0x1C, 0x1C, 0x82, 0x10, 0x01, 0x01 ; file 19DB44
db 0xF0, 0x2D, 0x1E, 0x7F, 0x17, 0x1A, 0x1A, 0x19, 0x19, 0x16, 0x0F, 0x40, 0x00, 0x1E, 0x27, 0x3F ; file 19DB54
db 0x03, 0x04, 0x05, 0x01, 0x72, 0x01, 0x51, 0x0D, 0x73, 0x03, 0x01, 0x02, 0x01, 0x01, 0x1A, 0x0F ; file 19DB64
db 0xF0, 0x3E, 0x6E, 0x21, 0x01, 0x0F, 0x6C, 0x33, 0x0F, 0x21, 0x10, 0x01, 0x0F, 0x0C, 0x43, 0x38 ; file 19DB74
db 0x0F, 0x28, 0x47, 0x0C, 0x14, 0x0F, 0x0A, 0x05, 0x6F, 0x30, 0x24, 0x01, 0x0F, 0x7B, 0x44, 0x1B ; file 19DB84
db 0x70, 0x0F, 0xA8, 0x36, 0x18, 0xB8, 0x3B, 0xCF, 0x4A, 0x40, 0x7B, 0x4F, 0x5D, 0x18, 0x1C, 0x0F ; file 19DB94
db 0x1C, 0x0F, 0x70, 0x5A, 0x71, 0x52, 0x0D, 0x1C, 0x0F, 0x86, 0x98, 0x40, 0x1B, 0x19, 0x9C, 0x32 ; file 19DBA4
db 0x06, 0x02, 0x7C, 0x4E, 0xB8, 0x32, 0x19, 0xBB, 0x1A, 0x0F, 0x74, 0x1F, 0x07, 0x1C, 0x1A, 0xBD ; file 19DBB4
db 0x00, 0x0A, 0x73, 0x1B, 0x18, 0xEF, 0x21, 0xC0, 0x18, 0x17, 0x1A, 0x0D, 0x49, 0x40, 0x4E, 0xB4 ; file 19DBC4
db 0x41, 0x0A, 0x19, 0x16, 0x97, 0x32, 0x7C, 0x48, 0x1C, 0xE1, 0x40, 0xAA, 0x60, 0x43, 0x13, 0x0C ; file 19DBD4
db 0x40, 0x07, 0x73, 0x09, 0x18, 0x5B, 0x41, 0x1C, 0x4A, 0xA2, 0x02, 0x14, 0x93, 0x50, 0x10, 0x86 ; file 19DBE4
db 0x42, 0xA4, 0x55, 0x19, 0xC4, 0x40, 0xC6, 0x7C, 0x43, 0x17, 0x18, 0x38, 0x00, 0x64, 0x41, 0xAE ; file 19DBF4
db 0x05, 0x1A, 0x19, 0x58, 0x9D, 0x00, 0x1C, 0x04, 0xCB, 0x51, 0x10, 0x15, 0xAC, 0x07, 0x1B, 0x33 ; file 19DC04
db 0x40, 0x27, 0x0A, 0x1C, 0x1B, 0xC4, 0x02, 0xE7, 0x51, 0x07, 0x2C, 0x01, 0x0F, 0x60, 0x7F, 0x1A ; file 19DC14
db 0x15, 0x03, 0x0A, 0x1A, 0x18, 0x09, 0x81, 0x40, 0xC3, 0x1A, 0x11, 0xBF, 0x11, 0x03, 0x62, 0x22 ; file 19DC24
db 0x02, 0xB0, 0x10, 0x0E, 0x1E, 0xFB, 0x17, 0x1B, 0xF1, 0x00, 0x1A, 0x1C, 0x1A, 0x15, 0x02, 0xC7 ; file 19DC34
db 0x00, 0x07, 0x1B, 0x70, 0x00, 0x2A, 0x51, 0x3A, 0x11, 0x0C, 0x19, 0xFF, 0x08, 0x07, 0x1A, 0x18 ; file 19DC44
db 0x16, 0x0E, 0x02, 0x0B, 0xA3, 0x09, 0x08, 0xD4, 0x30, 0x1E, 0x10, 0xEB, 0x31, 0x12, 0xBB, 0x52 ; file 19DC54
db 0x12, 0xF7, 0x19, 0x11, 0x0C, 0x17, 0x00, 0x08, 0x1D, 0x10, 0x14, 0x5E, 0x8E, 0x50, 0x07, 0x10 ; file 19DC64
db 0x15, 0x11, 0x60, 0x41, 0x17, 0xD1, 0x51, 0x75, 0x03, 0xE8, 0x10, 0x11, 0xE3, 0x50, 0x0E, 0x1D ; file 19DC74
db 0x14, 0x6A, 0x40, 0x5F, 0x1E, 0x03, 0x14, 0x13, 0x17, 0x7C, 0x40, 0x03, 0x60, 0x41, 0xFE, 0x50 ; file 19DC84
db 0x40, 0x19, 0x0B, 0x0F, 0x16, 0x19, 0x16, 0x0B, 0xEF, 0x02, 0x10, 0x1A, 0x16, 0x1C, 0x00, 0x18 ; file 19DC94
db 0x1C, 0x18, 0xFC, 0x4A, 0x40, 0x79, 0x53, 0x0F, 0x18, 0x18, 0x13, 0x09, 0x13, 0x1D, 0x18, 0x1C ; file 19DCA4
db 0x00, 0x0C, 0x19, 0x13, 0x52, 0x60, 0x5A, 0x40, 0x86, 0x70, 0xFD, 0x16, 0x20, 0x72, 0x0E, 0x18 ; file 19DCB4
db 0x19, 0x09, 0x05, 0x0D, 0xFF, 0x16, 0x14, 0x0E, 0x02, 0x07, 0x16, 0x13, 0x08, 0xFF, 0x03, 0x00 ; file 19DCC4
db 0x19, 0x18, 0x0F, 0x1D, 0x00, 0x06, 0xFD, 0x1C, 0x6D, 0x22, 0x0A, 0x11, 0x18, 0x13, 0x01, 0x07 ; file 19DCD4
db 0xFA, 0xEB, 0x30, 0x1D, 0x5B, 0x41, 0x03, 0x00, 0x16, 0x15, 0x09, 0xEA, 0xF1, 0x40, 0x0A, 0x60 ; file 19DCE4
db 0x42, 0x03, 0xB0, 0x40, 0x1D, 0x1E, 0x11, 0xFF, 0x13, 0x0E, 0x1D, 0x03, 0x16, 0x13, 0x05, 0x1E ; file 19DCF4
db 0x7E, 0x3D, 0x00, 0x05, 0x1E, 0x0E, 0x18, 0x12, 0x0C, 0xCC, 0x62, 0xFD, 0x0A, 0xEE, 0x40, 0x02 ; file 19DD04
db 0x0D, 0x13, 0x11, 0x08, 0x1E, 0x36, 0x54, 0x00, 0x1E, 0x0A, 0xF6, 0x40, 0x0B, 0x1A, 0x59, 0x00 ; file 19DD14
db 0x7C, 0x44, 0xFF, 0x15, 0x0F, 0x04, 0x0C, 0x13, 0x13, 0x09, 0x01, 0xF7, 0x16, 0x13, 0x09, 0x7C ; file 19DD24
db 0x40, 0x11, 0x04, 0x18, 0x1A, 0xD5, 0x05, 0x10, 0x45, 0x09, 0x58, 0x40, 0x06, 0x55, 0x00, 0x04 ; file 19DD34
db 0x15, 0xFF, 0x15, 0x0B, 0x02, 0x13, 0x16, 0x11, 0x1D, 0x1B, 0xFD, 0x14, 0x61, 0x46, 0x06, 0x0F ; file 19DD44
db 0x15, 0x0F, 0x09, 0x0E, 0xBE, 0x95, 0x40, 0x15, 0x15, 0x0E, 0x1D, 0x16, 0x1C, 0x00, 0x16, 0x5D ; file 19DD54
db 0x01, 0xF5, 0x26, 0x03, 0x08, 0x13, 0xEF, 0x40, 0x0F, 0x98, 0x41, 0x3F, 0x05, 0x01, 0x11, 0x13 ; file 19DD64
db 0x08, 0x01, 0x46, 0x50, 0x86, 0x26, 0xFF, 0x04, 0x0B, 0x0F, 0x08, 0x05, 0x08, 0x04, 0x01, 0x7F ; file 19DD74
db 0x0E, 0x08, 0x01, 0x04, 0x0E, 0x05, 0x01, 0xE9, 0x46, 0xFE, 0xA7, 0x21, 0x02, 0x04, 0x01, 0x01 ; file 19DD84
db 0x04, 0x1D, 0x1D, 0xBD, 0x1D, 0x32, 0x00, 0x0F, 0x09, 0x01, 0x02, 0x82, 0x2B, 0x13, 0xFF, 0x16 ; file 19DD94
db 0x15, 0x19, 0x0D, 0x1A, 0x1C, 0x18, 0x19, 0xF0, 0x7D, 0x40, 0xCD, 0x49, 0x0A, 0x52, 0x95, 0x40 ; file 19DDA4
db 0x1B, 0x1B, 0x1A, 0x19, 0x34, 0x7D, 0x50, 0x62, 0x4E, 0x1E, 0x00, 0x10, 0x15, 0x0F, 0x50, 0x00 ; file 19DDB4
db 0x1B, 0x0F, 0x90, 0x0B, 0x51, 0x08, 0x51, 0x86, 0x0B, 0x98, 0x4A, 0x1E, 0xCB, 0x3F, 0xDC, 0x4E ; file 19DDC4
db 0x12, 0x24, 0x14, 0x0F, 0x12, 0x96, 0x1A, 0x74, 0x0F, 0x2E, 0x96, 0x18, 0x14, 0x0F, 0x69, 0x57 ; file 19DDD4
db 0x24, 0x14, 0x0F, 0x0A, 0x05, 0x12, 0x54, 0x0F, 0x6F, 0x37, 0x18, 0x0C, 0x4F, 0x40, 0x86, 0x20 ; file 19DDE4
db 0x67, 0x9F, 0x54, 0x07, 0x56, 0x82, 0x01, 0x0F, 0x0E, 0x01, 0x13, 0xA8, 0x0F, 0xEC, 0x48, 0x94 ; file 19DDF4
db 0x54, 0x0F, 0xB5, 0x90, 0x0C, 0x16, 0x01, 0x18, 0x8E, 0x82, 0xB4, 0x9D, 0x1C, 0xB2, 0x49, 0x41 ; file 19DE04
db 0x0A, 0x9E, 0x43, 0xEC, 0x9D, 0x1C, 0x1B, 0x30, 0x90, 0x0D, 0xC1, 0x1C, 0xBF, 0x72, 0xDA, 0x0E ; file 19DE14
db 0x41, 0xA1, 0x7C, 0x40, 0x9F, 0x9C, 0x10, 0x19, 0xEA, 0x19, 0x40, 0x19, 0xC0, 0x82, 0x1A, 0xC4 ; file 19DE24
db 0x0D, 0x16, 0x1C, 0x13, 0x57, 0x03, 0x00, 0x1A, 0xDC, 0x82, 0x1B, 0x36, 0x90, 0x14, 0x15, 0x41 ; file 19DE34
db 0x04, 0x3C, 0xA6, 0x24, 0x81, 0x1B, 0xF8, 0x82, 0x52, 0x91, 0x5F, 0x49, 0x35, 0x50, 0xB7, 0x90 ; file 19DE44
db 0x49, 0x1C, 0xB1, 0xA2, 0x6E, 0x92, 0x17, 0xFB, 0x40, 0x85, 0x96, 0x19, 0xE9, 0x90, 0xF0, 0x5C ; file 19DE54
db 0x53, 0x8A, 0x92, 0x7D, 0x56, 0x08, 0x10, 0x16, 0x18, 0x11, 0x0A, 0x63, 0x12, 0x1B, 0x86, 0x40 ; file 19DE64
db 0x46, 0x50, 0x6E, 0x91, 0x03, 0x1C, 0x72, 0x03, 0x77, 0x1A, 0x1A, 0x07, 0xBC, 0x90, 0x13, 0x03 ; file 19DE74
db 0x14, 0xBB, 0x20, 0x74, 0x6B, 0x00, 0x0E, 0x52, 0x0A, 0x9E, 0x43, 0x00, 0x17, 0x0F, 0xF3, 0x81 ; file 19DE84
db 0x1F, 0x0F, 0x02, 0x07, 0x0E, 0x0E, 0x7A, 0x90, 0x9E, 0x40, 0xD7, 0x81, 0xFD, 0x13, 0xFD, 0x81 ; file 19DE94
db 0x00, 0x03, 0x19, 0x0E, 0x07, 0x13, 0x9F, 0x18, 0x18, 0x0E, 0x1D, 0x18, 0x01, 0x40, 0xFB, 0x80 ; file 19DEA4
db 0x0A, 0xF9, 0x07, 0xB4, 0x42, 0x39, 0x12, 0x12, 0x19, 0x0F, 0x13, 0x16, 0xDF, 0x1B, 0x1A, 0x09 ; file 19DEB4
db 0x01, 0x12, 0x7C, 0x41, 0x07, 0x19, 0xAB, 0x1B, 0x1A, 0xB8, 0x90, 0x07, 0x8F, 0x92, 0x0C, 0x3B ; file 19DEC4
db 0x50, 0x15, 0xDE, 0x81, 0x40, 0x0E, 0x1D, 0x0D, 0x1A, 0xAA, 0x50, 0x1E, 0x1A, 0xD8, 0xE3, 0x91 ; file 19DED4
db 0x16, 0x00, 0x19, 0x21, 0x0B, 0x18, 0x13, 0x00, 0x0D, 0x18, 0x4F, 0x19, 0x0F, 0x02, 0x0C, 0x98 ; file 19DEE4
db 0x40, 0x76, 0x41, 0x11, 0x33, 0x80, 0xFD, 0x12, 0xFF, 0x92, 0x0B, 0x13, 0x1A, 0x13, 0x05, 0x0A ; file 19DEF4
db 0x1D, 0x16, 0x72, 0x40, 0x03, 0x18, 0x15, 0xB8, 0xA0, 0x07, 0x90, 0x29, 0x51, 0x7E, 0x05, 0x72 ; file 19DF04
db 0x03, 0x0F, 0x19, 0x16, 0x08, 0x03, 0x63, 0x80, 0x7D, 0x04, 0x1C, 0x00, 0x08, 0x00, 0x03, 0x18 ; file 19DF14
db 0x16, 0x0B, 0xB0, 0xB7, 0x0A, 0x14, 0x14, 0x6D, 0x22, 0x0D, 0x16, 0xE3, 0x40, 0x11, 0xDF, 0x16 ; file 19DF24
db 0x11, 0x05, 0x00, 0x18, 0x68, 0x90, 0x07, 0x19, 0xDD, 0x14, 0x63, 0xA0, 0x14, 0x0D, 0x07, 0x19 ; file 19DF34
db 0x22, 0x0A, 0x13, 0xEF, 0x16, 0x0F, 0x1D, 0x0F, 0x24, 0x40, 0x1E, 0x18, 0x14, 0xFF, 0x0B, 0x1E ; file 19DF44
db 0x0A, 0x19, 0x15, 0x05, 0x1E, 0x16, 0xF3, 0x19, 0x19, 0x97, 0x10, 0xE1, 0x11, 0x0E, 0x16, 0x13 ; file 19DF54
db 0x06, 0x9F, 0x0C, 0x15, 0x16, 0x0E, 0x01, 0x7D, 0x50, 0x89, 0x91, 0x05, 0x67, 0x0B, 0x1B, 0x18 ; file 19DF64
db 0x63, 0xB5, 0x9E, 0x90, 0x11, 0x06, 0x74, 0x40, 0xFF, 0x04, 0x16, 0x16, 0x0F, 0x02, 0x11, 0x19 ; file 19DF74
db 0x13, 0xF7, 0x04, 0x1C, 0x19, 0x46, 0x46, 0x07, 0x0F, 0x17, 0x13, 0xB6, 0x5F, 0x50, 0x13, 0x0B ; file 19DF84
db 0x1C, 0x00, 0x04, 0x16, 0x1C, 0x00, 0x1B, 0xFD, 0x0F, 0x14, 0x96, 0x03, 0x08, 0x15, 0x15, 0x11 ; file 19DF94
db 0x0E, 0xFE, 0xD1, 0x40, 0x16, 0x14, 0x09, 0x01, 0x15, 0x18, 0x0F, 0xBB, 0x05, 0x13, 0xF9, 0x88 ; file 19DFA4
db 0x05, 0x0F, 0x13, 0x14, 0x90, 0x0B, 0xFF, 0x01, 0x11, 0x0B, 0x01, 0x01, 0x11, 0x0E, 0x1D, 0x1B ; file 19DFB4
db 0x1D, 0x04, 0xBD, 0x28, 0x1E, 0x09, 0x91, 0x40, 0x90, 0x40, 0x9B, 0x40, 0xFB, 0x08, 0x0B, 0xC4 ; file 19DFC4
db 0x8C, 0x03, 0x0B, 0x0E, 0x0B, 0x0E, 0x1F, 0x1E, 0x0B, 0x19, 0x15, 0x15, 0x91, 0x50, 0xE8, 0x47 ; file 19DFD4
db 0xCA, 0xB5, 0x7F, 0x1C, 0x1C, 0x19, 0x1B, 0x1C, 0x1A, 0x16, 0xA9, 0x90, 0x36, 0x47, 0x4D, 0x02 ; file 19DFE4
db 0x15, 0x14, 0x91, 0x19, 0x13, 0x51, 0x01, 0x38, 0x4F, 0x9F, 0x04, 0x0E, 0x0E, 0x0E, 0x08, 0x03 ; file 19DFF4
db 0x50, 0x1B, 0x0F, 0x00, 0x25, 0x00, 0x97, 0x43, 0x1D, 0x98, 0x4F, 0xF6, 0xA1, 0x1E, 0x01, 0x00 ; file 19E004
db 0x17, 0x0F, 0x90, 0x01, 0x0F, 0x01, 0x0F, 0x01, 0x0F, 0x01, 0x0F, 0x0A, 0xEF, 0x28, 0xEF, 0xCE ; file 19E014
db 0x13, 0x00, 0x14, 0x0F, 0x0B, 0xD6, 0x60, 0x39, 0x44, 0x4D, 0x38, 0x0F, 0x27, 0xD7, 0x98, 0x4F ; file 19E024
db 0x1C, 0x08, 0x00, 0xE9, 0x0F, 0xE3, 0xD6, 0x54, 0x0F, 0x7B, 0xD7, 0x1C, 0x0F, 0x2F, 0xC1, 0x95 ; file 19E034
db 0x22, 0x1C, 0x0F, 0x42, 0x6D, 0x32, 0x1A, 0x17, 0x00, 0x1B, 0xE0, 0x8C, 0x0F, 0xBC, 0xE0, 0x1B ; file 19E044
db 0xC2, 0xD0, 0x1C, 0x52, 0x90, 0x5C, 0x5F, 0x00, 0x00, 0x15, 0xD9, 0xE1, 0xB2, 0xD0, 0x38, 0x0C ; file 19E054
db 0xBF, 0x03, 0x10, 0x10, 0x07, 0x00, 0x14, 0x44, 0x43, 0x15, 0xB4, 0xAB, 0xE0, 0x57, 0x09, 0x0C ; file 19E064
db 0x4A, 0x01, 0x17, 0x1A, 0x1C, 0xE1, 0x1C, 0x0A, 0x8C, 0x00, 0x19, 0x98, 0x49, 0x03, 0x9C, 0x30 ; file 19E074
db 0x30, 0xD0, 0x1C, 0x02, 0x38, 0x00, 0xAD, 0x0C, 0x90, 0x09, 0x07, 0x18, 0x9D, 0xD0, 0x18, 0xD8 ; file 19E084
db 0x91, 0x03, 0xEE, 0x54, 0x01, 0x00, 0x19, 0x10, 0x28, 0xF9, 0x0E, 0x06, 0x0D, 0xF0, 0x7C, 0x42 ; file 19E094
db 0xD3, 0xD0, 0x00, 0xA2, 0x45, 0x56, 0x0C, 0x1B, 0x1B, 0x15, 0xCB, 0x09, 0x14, 0x9A, 0xB0, 0x1E ; file 19E0A4
db 0xB7, 0xA0, 0xB0, 0x51, 0x0C, 0x1B, 0xFE, 0xDD, 0x93, 0x0D, 0x1B, 0x11, 0x12, 0x19, 0x17, 0x15 ; file 19E0B4
db 0x83, 0x07, 0x0D, 0xF5, 0x30, 0x29, 0x50, 0x30, 0xD0, 0xDE, 0x91, 0xC9, 0xE3, 0x0D, 0xFF, 0x13 ; file 19E0C4
db 0x04, 0x11, 0x1A, 0x1B, 0x13, 0x05, 0x13, 0xBE, 0x7D, 0x80, 0x03, 0x1E, 0x0A, 0x06, 0x09, 0x17 ; file 19E0D4
db 0xF0, 0x03, 0xFE, 0x01, 0x13, 0x07, 0x15, 0x0F, 0x0E, 0x13, 0x1A, 0x1C, 0x3B, 0x11, 0x01, 0x68 ; file 19E0E4
db 0x90, 0x0F, 0x03, 0x07, 0x0F, 0xC0, 0xE6, 0xE0, 0xB9, 0x0A, 0x43, 0xE2, 0x54, 0xA0, 0x18, 0x0F ; file 19E0F4
db 0x0F, 0x59, 0xA0, 0x01, 0x1E, 0xE4, 0x00, 0x0F, 0x00, 0x03, 0x1B, 0x27, 0xE1, 0x92, 0x40, 0x55 ; file 19E104
db 0x11, 0xF7, 0x07, 0x15, 0x1B, 0x6C, 0xD0, 0x18, 0x1A, 0x13, 0x02, 0x4D, 0x07, 0x9D, 0x40, 0x00 ; file 19E114
db 0x1E, 0x5E, 0x00, 0xE6, 0xE0, 0x12, 0x97, 0xE2, 0xFF, 0x07, 0x0F, 0x1B, 0x19, 0x1D, 0x02, 0x18 ; file 19E124
db 0x19, 0x50, 0xAD, 0x30, 0x98, 0x42, 0xFE, 0x90, 0x4B, 0x90, 0x18, 0x23, 0xF3, 0x0D, 0xA9, 0xA0 ; file 19E134
db 0xFF, 0x1E, 0x15, 0x19, 0x15, 0x0B, 0x00, 0x19, 0x17, 0x45, 0x09, 0xF3, 0xD0, 0x18, 0xE3, 0xD0 ; file 19E144
db 0xB3, 0xE0, 0x41, 0x62, 0x0C, 0xC2, 0x40, 0xFF, 0x06, 0x12, 0x18, 0x16, 0x05, 0x03, 0x19, 0x18 ; file 19E154
db 0x39, 0x0E, 0xFE, 0x90, 0xCE, 0xE0, 0x07, 0x10, 0x07, 0x90, 0xD2, 0xE6, 0xD0, 0x4C, 0xE8, 0x40 ; file 19E164
db 0xDC, 0x00, 0x0B, 0x1E, 0xB2, 0xA1, 0x1C, 0x00, 0x08, 0x1C, 0x52, 0xFA, 0xE1, 0x13, 0x0D, 0x34 ; file 19E174
db 0x00, 0x0A, 0x15, 0x19, 0x0F, 0x1D, 0x7A, 0x0A, 0x91, 0x0C, 0x4E, 0xF0, 0x06, 0x1B, 0x1B, 0x18 ; file 19E184
db 0x94, 0x64, 0xFE, 0x18, 0x00, 0x15, 0x06, 0x13, 0x19, 0x13, 0x01, 0x19, 0xEF, 0x19, 0x11, 0x06 ; file 19E194
db 0x0F, 0x54, 0x00, 0x15, 0x1C, 0x09, 0x7C, 0xA3, 0x90, 0x84, 0x13, 0x11, 0x19, 0x16, 0x09, 0x11 ; file 19E1A4
db 0xBE, 0x90, 0xC6, 0xAD, 0x00, 0x1E, 0x15, 0x61, 0x50, 0x98, 0x40, 0x27, 0x47, 0x16, 0x16, 0xFF ; file 19E1B4
db 0x13, 0x0F, 0x16, 0x16, 0x0E, 0x18, 0x18, 0x0F, 0xCD, 0x04, 0xCD, 0x00, 0x0B, 0x1A, 0xCE, 0x45 ; file 19E1C4
db 0xAD, 0xD1, 0x13, 0x18, 0x55, 0x11, 0x06, 0xE0, 0x04, 0x17, 0xE0, 0x1D, 0xA4, 0x90, 0x05, 0xB3 ; file 19E1D4
db 0x47, 0xFE, 0xC9, 0xD0, 0x0E, 0x0F, 0x05, 0x08, 0x0B, 0x05, 0x01, 0xAA, 0xF5, 0x80, 0x1D, 0x9C ; file 19E1E4
db 0x40, 0x04, 0x14, 0x99, 0x03, 0x94, 0x41, 0x06, 0x3F, 0x04, 0x0F, 0x11, 0x0F, 0x11, 0x15, 0x23 ; file 19E1F4
db 0xE0, 0x15, 0x9B, 0xDF, 0x12, 0x1A, 0x1C, 0x19, 0x0A, 0x1F, 0x60, 0x19, 0x16, 0x8B, 0x13, 0x0E ; file 19E204
db 0x98, 0x4D, 0x12, 0x14, 0x94, 0xC6, 0xD0, 0xDF, 0x8E, 0x1E, 0x2F, 0x09, 0x16, 0x18, 0x17, 0x6A ; file 19E214
db 0xF0, 0x08, 0x7D, 0x4F, 0x55, 0xF0, 0x1F, 0x01, 0x08, 0x09, 0x09, 0x05, 0x8B, 0x90, 0x7D, 0x4F ; file 19E224
db 0x98, 0x44, 0x01, 0x1D, 0xE2, 0xDF, 0x01, 0x0F, 0x01, 0x0F, 0x01, 0x0F, 0x01, 0x0F, 0x01, 0x0F ; file 19E234
db 0x01, 0x0F, 0x00, 0x01, 0x0F, 0x01, 0x0F, 0x01, 0x0F, 0x01, 0x0F, 0x01, 0x0F, 0x5E, 0xDC, 0x14 ; file 19E244
db 0x0F, 0x84, 0x96, 0x00, 0x37, 0xEF, 0x7B, 0xD7, 0x1E, 0xC1, 0x01, 0x0F, 0xBB, 0xC3, 0xB8, 0x31 ; file 19E254
db 0x01, 0x0F, 0xD0, 0x43, 0xC8, 0x38, 0x0F, 0xD9, 0x32, 0x3C, 0x41, 0x14, 0x70, 0x0F, 0x6E, 0x31 ; file 19E264
db 0x1C, 0x15, 0x11, 0x1E, 0x16, 0x40, 0x78, 0x5F, 0x67, 0xC1, 0x1A, 0xB4, 0x42, 0x10, 0xAF, 0x35 ; file 19E274
db 0x92, 0x4E, 0xDD, 0xC0, 0x0C, 0x1C, 0x13, 0x8D, 0x80, 0xEF, 0x4A, 0x14, 0x8B, 0x40, 0xC9, 0x12 ; file 19E284
db 0x7E, 0x92, 0xDF, 0xE1, 0x19, 0x08, 0x6A, 0xCC, 0xB0, 0x00, 0x13, 0xE9, 0x19, 0xFA, 0xD1, 0xFB ; file 19E294
db 0xE1, 0x0C, 0xC8, 0xD9, 0x00, 0x13, 0x0F, 0x57, 0x06, 0x07, 0x18, 0x87, 0x01, 0x07, 0x17, 0xF2 ; file 19E2A4
db 0x1A, 0x98, 0x48, 0xBF, 0x10, 0x18, 0x11, 0x07, 0x12, 0x1A, 0xA7, 0xD1, 0x0A, 0xD6, 0xE8, 0x42 ; file 19E2B4
db 0x12, 0x1B, 0x91, 0x06, 0x0C, 0xB1, 0xB0, 0x07, 0x0C, 0x2E, 0x64, 0x30, 0x03, 0x00, 0x17, 0xAE ; file 19E2C4
db 0xE2, 0x10, 0xFD, 0x82, 0x65, 0x91, 0xFF, 0x15, 0x0D, 0x1A, 0x1B, 0x16, 0x0B, 0x11, 0x1C, 0xCF ; file 19E2D4
db 0x1C, 0x11, 0x03, 0x03, 0x4C, 0xC0, 0xC0, 0x80, 0x0A, 0x17, 0x6E, 0xF9, 0x93, 0x03, 0x13, 0x08 ; file 19E2E4
db 0x75, 0xD0, 0x16, 0x04, 0x75, 0xE0, 0xE3, 0x13, 0x03, 0xCE, 0xD0, 0x4C, 0x92, 0x11, 0xB3, 0x0D ; file 19E2F4
db 0x1A, 0x1A, 0xAB, 0x11, 0x0B, 0x1C, 0x00, 0x01, 0x1D, 0x40, 0x11, 0x7C, 0x45, 0x0D, 0xFE, 0x2D ; file 19E304
db 0xB3, 0x10, 0x1A, 0x1B, 0x15, 0x08, 0x18, 0x1B, 0x7B, 0x18, 0x04, 0x70, 0xE0, 0x0F, 0x00, 0x1E ; file 19E314
db 0x1B, 0x39, 0x11, 0xFC, 0x1D, 0xF0, 0xC7, 0x22, 0x0F, 0x19, 0x1B, 0x09, 0x01, 0x17, 0xA7, 0x1A ; file 19E324
db 0x18, 0x05, 0x77, 0x40, 0xD9, 0xD0, 0x1B, 0xFF, 0xD2, 0x14, 0xBE, 0xBD, 0xA3, 0x0C, 0x18, 0x1C ; file 19E334
db 0x13, 0x04, 0xC0, 0x00, 0x0F, 0xF0, 0x1C, 0x03, 0x56, 0x90, 0x67, 0x91, 0x98, 0x43, 0x07, 0x16 ; file 19E344
db 0x1B, 0x16, 0xBF, 0x04, 0x0F, 0x19, 0x19, 0x08, 0x1E, 0x20, 0x01, 0x07, 0xED, 0x1B, 0x36, 0xA1 ; file 19E354
db 0x0A, 0x18, 0xC5, 0xE4, 0x13, 0x1A, 0x16, 0x39, 0x06, 0x69, 0x91, 0x1C, 0x00, 0x11, 0x03, 0x0C ; file 19E364
db 0xD8, 0x80, 0xC2, 0x00, 0x3B, 0x10, 0x0C, 0x37, 0x33, 0x0F, 0x18, 0x19, 0x69, 0x90, 0x7B, 0x90 ; file 19E374
db 0xAA, 0xB1, 0x00, 0x03, 0x09, 0xA0, 0x08, 0xAC, 0x30, 0x1B, 0x95, 0x64, 0x0A, 0xAF, 0x15, 0x1A ; file 19E384
db 0x18, 0x06, 0x58, 0x40, 0x1D, 0x90, 0x60, 0x03, 0xE5, 0x10, 0x0C, 0x00, 0x03, 0xB6, 0xE0, 0xC4 ; file 19E394
db 0x14, 0x07, 0x11, 0x1A, 0xFF, 0x16, 0x04, 0x13, 0x19, 0x19, 0x0B, 0x19, 0x1A, 0x9D, 0x15, 0x98 ; file 19E3A4
db 0x41, 0x09, 0x1B, 0x1C, 0x5A, 0xD7, 0x3B, 0xE0, 0x13, 0xAA, 0x59, 0x00, 0x11, 0xC8, 0x60, 0x1E ; file 19E3B4
db 0xE6, 0x91, 0x1C, 0x3A, 0x78, 0x08, 0xF6, 0x8E, 0x00, 0x0E, 0x15, 0x14, 0x90, 0x16, 0x09, 0x1D ; file 19E3C4
db 0x18, 0xDF, 0x19, 0x0E, 0x09, 0x1A, 0x08, 0xF1, 0xF8, 0x0F, 0x16, 0xFB, 0x0E, 0x09, 0x0D, 0x90 ; file 19E3D4
db 0x13, 0x0F, 0x04, 0x04, 0x16, 0xE7, 0x0F, 0x05, 0x0B, 0x26, 0x60, 0xF9, 0x67, 0x0E, 0x0B, 0x04 ; file 19E3E4
db 0x8D, 0x05, 0x0D, 0x90, 0x0E, 0x08, 0x80, 0x40, 0xB0, 0xD0, 0x11, 0x4A, 0x07, 0xD6, 0xC9, 0xD0 ; file 19E3F4
db 0x1E, 0x06, 0x75, 0xD0, 0x19, 0xD0, 0xE0, 0x1D, 0x1E, 0xFA, 0x38, 0x7A, 0x15, 0x14, 0x90, 0x18 ; file 19E404
db 0x1B, 0x1C, 0x1B, 0x18, 0xD7, 0x13, 0x0F, 0x0B, 0x30, 0x9D, 0x0C, 0x2D, 0x91, 0x1A, 0x1A, 0xF9 ; file 19E414
db 0x16, 0x85, 0x91, 0x47, 0x4D, 0x1E, 0x05, 0x0E, 0x14, 0x15, 0x73, 0x13, 0x11, 0x18, 0xED, 0xAC ; file 19E424
db 0xD5, 0x04, 0x08, 0x08, 0x98, 0x41, 0x18, 0x7D, 0x4F, 0x3B, 0xE0, 0x37, 0xE0, 0x1D, 0x1D, 0x33 ; file 19E434
db 0xEB, 0x01, 0x0F, 0x01, 0x0F, 0x00, 0x01, 0x0F, 0x01, 0x0F, 0x01, 0x0F, 0x01, 0x0F, 0x01, 0x0F ; file 19E444
db 0x01, 0x0F, 0x01, 0x0F, 0x01, 0x0F, 0x00, 0x01, 0x0F, 0x01, 0x0F, 0x01, 0x0F, 0x01, 0x0F, 0x01 ; file 19E454
db 0x0F, 0x01, 0x0F, 0x01, 0x0F, 0x01, 0x0F, 0x10, 0x01, 0x0F, 0x16, 0x96, 0x5A, 0x4F, 0x95, 0xD6 ; file 19E464
db 0x1B, 0xBA, 0x73, 0x01, 0x0F, 0xA6, 0x31, 0x82, 0x62, 0x21, 0x13, 0xE3, 0xDF, 0x79, 0x71, 0x82 ; file 19E474
db 0x83, 0xD2, 0xD0, 0x98, 0x4B, 0x03, 0xB3, 0x0D, 0x0C, 0x8A, 0x30, 0xB1, 0xD0, 0x0D, 0x1B, 0xB4 ; file 19E484
db 0x40, 0x1A, 0x7E, 0x0C, 0x5A, 0x10, 0x16, 0x0F, 0x03, 0x0D, 0x16, 0x4C, 0x91, 0xFA, 0xB0, 0x41 ; file 19E494
db 0x0D, 0x90, 0xEA, 0x0C, 0x0F, 0x04, 0x07, 0x1A, 0xF0, 0x50, 0x30, 0xCC, 0x44, 0x5F, 0x45, 0xC8 ; file 19E4A4
db 0xD2, 0x1A, 0x19, 0x09, 0x0D, 0xC0, 0xBA, 0x20, 0x98, 0x40, 0xFD, 0x81, 0xB0, 0x30, 0xF9, 0x97 ; file 19E4B4
db 0x98, 0x40, 0x0B, 0x12, 0x93, 0x1C, 0x1C, 0x59, 0xE2, 0xF4, 0x91, 0x12, 0x4B, 0x51, 0x19, 0x82 ; file 19E4C4
db 0x10, 0xDF, 0x0D, 0x18, 0x1C, 0x19, 0x0E, 0x7C, 0x43, 0x19, 0x19, 0xF9, 0x16, 0xFA, 0x91, 0x01 ; file 19E4D4
db 0xF4, 0x0A, 0x15, 0x0B, 0x0E, 0x18, 0x6F, 0x1C, 0x1A, 0x01, 0x06, 0x98, 0x42, 0x1B, 0x1C, 0x75 ; file 19E4E4
db 0x01, 0xD5, 0x0C, 0x01, 0xF3, 0x0A, 0xFC, 0xD0, 0x07, 0x1C, 0x00, 0x08, 0x03, 0x51, 0x1C, 0x64 ; file 19E4F4
db 0xA0, 0x7C, 0x41, 0xFA, 0xD0, 0x10, 0x1C, 0x04, 0x16, 0xCC, 0x40, 0x03, 0x15, 0x1B, 0xAC, 0x50 ; file 19E504
db 0xBD, 0x40, 0x98, 0x40, 0xE0, 0x01, 0x8D, 0xF0, 0x87, 0x84, 0x0F, 0x1C, 0x13, 0x01, 0x12, 0x24 ; file 19E514
db 0x41, 0x51, 0x90, 0xAD, 0xE1, 0x9B, 0x31, 0x7D, 0x17, 0x8D, 0xF3, 0x07, 0x13, 0x1C, 0x19, 0x08 ; file 19E524
db 0xF1, 0x40, 0x17, 0x09, 0x1E, 0x1A, 0x32, 0xE0, 0x03, 0x33, 0xF2, 0x82, 0x40, 0x1D, 0xF3, 0x86 ; file 19E534
db 0xFD, 0xD0, 0x08, 0x0A, 0x35, 0x91, 0x60, 0x42, 0x29, 0x00, 0x88, 0xD1, 0x0D, 0xDE, 0x1B, 0x33 ; file 19E544
db 0x0D, 0x19, 0x19, 0x09, 0x7C, 0x40, 0x13, 0x02, 0x89, 0x1A, 0x60, 0x40, 0xB7, 0xA0, 0x07, 0xBC ; file 19E554
db 0xA0, 0x84, 0xE0, 0xF8, 0x84, 0x1B, 0xAB, 0x15, 0x03, 0xD4, 0x80, 0x05, 0x2D, 0x50, 0x03, 0xEF ; file 19E564
db 0xA2, 0x15, 0x50, 0x7A, 0xE0, 0x74, 0xD5, 0xA2, 0x90, 0x56, 0xE0, 0x0B, 0x99, 0x50, 0x06, 0x75 ; file 19E574
db 0xE0, 0xC1, 0x07, 0xC3, 0xF0, 0xB1, 0xE0, 0x7C, 0x44, 0x94, 0x40, 0xF6, 0x90, 0x11, 0x19, 0x6F ; file 19E584
db 0x1B, 0x16, 0x07, 0x11, 0x91, 0xE0, 0x1B, 0x1B, 0xC1, 0xE2, 0x66, 0xC9, 0xD4, 0x1B, 0x18, 0x9C ; file 19E594
db 0x40, 0x28, 0x50, 0x0F, 0x02, 0x20, 0x00, 0xF9, 0x0E, 0x7A, 0x52, 0x4D, 0x96, 0x1A, 0x13, 0x0E ; file 19E5A4
db 0x15, 0x16, 0xD9, 0x09, 0xCB, 0xD0, 0x88, 0x90, 0x0B, 0x0E, 0x36, 0x29, 0x07, 0x0F, 0xF7, 0x15 ; file 19E5B4
db 0x09, 0x08, 0xA5, 0xD0, 0x11, 0x0F, 0x01, 0x04, 0xF2, 0x07, 0xE0, 0x0B, 0xB8, 0x94, 0x90, 0xD4 ; file 19E5C4
db 0x09, 0x05, 0x06, 0x0A, 0x8F, 0x06, 0x04, 0x11, 0x0B, 0x43, 0xE0, 0x30, 0x90, 0xF6, 0x3A, 0x03 ; file 19E5D4
db 0xFF, 0x0D, 0x17, 0x11, 0x0A, 0x0B, 0x1C, 0x1A, 0x18, 0x2F, 0x18, 0x16, 0x13, 0x09, 0xAD, 0xDC ; file 19E5E4
db 0x14, 0xAC, 0xD0, 0xAF, 0xD0, 0x87, 0x1B, 0x16, 0x0F, 0x63, 0x40, 0x2C, 0x4C, 0x92, 0x50, 0xCD ; file 19E5F4
db 0x41, 0x15, 0xFC, 0xB2, 0x40, 0x62, 0x4F, 0x02, 0x01, 0x13, 0x13, 0x13, 0x0F, 0xC9, 0x0E, 0x15 ; file 19E604
db 0x9F, 0x98, 0x42, 0x01, 0x98, 0x4F, 0x98, 0x49, 0x02, 0x02, 0x01, 0x02, 0x56, 0xCF, 0x01, 0x0F ; file 19E614
db 0x01, 0x0F, 0x01, 0x0F, 0x01, 0x0F, 0x01, 0x0F, 0x01, 0x0F, 0x00, 0x01, 0x0F, 0x01, 0x0F, 0x01 ; file 19E624
db 0x0F, 0x01, 0x0F, 0x01, 0x0F, 0x01, 0x0F, 0x01, 0x0F, 0x01, 0x0F, 0x80, 0x01, 0x0F, 0x01, 0x0F ; file 19E634
db 0x01, 0x0F, 0x01, 0x0F, 0x01, 0x0F, 0x01, 0x0F, 0xC9, 0xDA, 0x14, 0x09, 0x13, 0x89, 0x1F, 0x98 ; file 19E644
db 0x45, 0x1B, 0x97, 0x31, 0x01, 0x0F, 0x0D, 0x02, 0x23, 0x42, 0x58, 0x17, 0xD2, 0x54, 0x0F, 0x98 ; file 19E654
db 0x41, 0x07, 0x12, 0x49, 0x90, 0x1B, 0x30, 0xAA, 0xBF, 0x07, 0x17, 0x13, 0x07, 0x0C, 0x16, 0xD3 ; file 19E664
db 0x90, 0x0D, 0xC6, 0x73, 0xC1, 0x10, 0x17, 0xE8, 0x4A, 0x98, 0x40, 0x6F, 0xC0, 0x06, 0x00, 0xF1 ; file 19E674
db 0x03, 0xD5, 0xC0, 0xAA, 0x80, 0x56, 0x08, 0x13, 0x1B, 0x1B, 0x0F, 0xD3, 0x0A, 0x1A, 0x80, 0xC0 ; file 19E684
db 0x98, 0x44, 0x14, 0x69, 0x97, 0x03, 0x17, 0xB2, 0x70, 0xD0, 0x09, 0x98, 0x45, 0x06, 0xE0, 0x15 ; file 19E694
db 0x1A, 0xE4, 0xD5, 0x07, 0x8E, 0x48, 0x40, 0x1A, 0x08, 0x02, 0x7C, 0x43, 0xF4, 0x92, 0x98, 0x45 ; file 19E6A4
db 0x0D, 0x5F, 0x14, 0x13, 0x0B, 0x16, 0x1C, 0x28, 0x80, 0x1C, 0xDC, 0x30, 0x54, 0xF8, 0x80, 0x0D ; file 19E6B4
db 0x51, 0x0D, 0xF8, 0x83, 0x00, 0xA6, 0x40, 0x04, 0xE2, 0x30, 0x07, 0x0E, 0x0A, 0x1A, 0x87, 0xE0 ; file 19E6C4
db 0x14, 0x90, 0xFC, 0xE1, 0x7C, 0x44, 0x60, 0x40, 0xFF, 0x13, 0x05, 0x0F, 0x1B, 0x1B, 0x11, 0x07 ; file 19E6D4
db 0x19, 0xE1, 0x1B, 0xB7, 0x90, 0x9F, 0x80, 0x24, 0x51, 0x7C, 0x44, 0x11, 0x1C, 0x18, 0x1D, 0x05 ; file 19E6E4
db 0xA1, 0x90, 0x11, 0x1E, 0x19, 0x27, 0xA1, 0xA0, 0x80, 0x8D, 0xF1, 0x9E, 0xD9, 0xA4, 0x13, 0x1B ; file 19E6F4
db 0x1A, 0x0B, 0xE2, 0x70, 0x74, 0xD0, 0x1B, 0xA2, 0xBC, 0x90, 0x1C, 0xA2, 0x01, 0x2A, 0x40, 0x76 ; file 19E704
db 0x13, 0x0F, 0xAC, 0x40, 0x0A, 0x5F, 0x18, 0x1B, 0x16, 0x02, 0x18, 0x68, 0x40, 0x0C, 0xC2, 0xD2 ; file 19E714
db 0xF3, 0x0C, 0x10, 0xCD, 0xD0, 0x74, 0xD2, 0x18, 0x1B, 0x09, 0x1E, 0x10, 0x51, 0x90, 0x17, 0xE0 ; file 19E724
db 0x1C, 0x01, 0xA1, 0xA0, 0x0D, 0xC6, 0x90, 0xAE, 0x13, 0xED, 0x40, 0x5B, 0x18, 0x02, 0xD5, 0x40 ; file 19E734
db 0x09, 0x1A, 0x4F, 0xE0, 0x12, 0x1C, 0x01, 0x77, 0x14, 0x1C, 0x1B, 0x11, 0xB5, 0x0E, 0x1A, 0x1A ; file 19E744
db 0xAC, 0xD0, 0x27, 0x1A, 0x09, 0x1A, 0xEB, 0xA0, 0x15, 0x50, 0x07, 0xF0, 0x40, 0xFA, 0xE6, 0x6F ; file 19E754
db 0x0E, 0x18, 0x1B, 0x11, 0x04, 0x00, 0x15, 0x19, 0x1C, 0x03, 0x18, 0xBC, 0x40, 0xDD, 0xE3, 0xC6 ; file 19E764
db 0x05, 0x0E, 0x16, 0x98, 0x48, 0x1B, 0x28, 0xE5, 0xD0, 0x5F, 0x13, 0x0B, 0x15, 0x16, 0x08, 0x41 ; file 19E774
db 0x40, 0x1D, 0x3C, 0xE0, 0x7D, 0x0F, 0xF9, 0xF9, 0x07, 0x0F, 0x13, 0x0B, 0x08, 0x6E, 0xD0, 0xEB ; file 19E784
db 0x0F, 0x0E, 0x98, 0x41, 0x1D, 0x98, 0x4A, 0x00, 0x0B, 0x0A, 0xDF, 0x06, 0x03, 0x07, 0x03, 0x06 ; file 19E794
db 0x5F, 0x40, 0x18, 0x15, 0xD8, 0xC8, 0xD0, 0x6D, 0x2B, 0x85, 0x90, 0x12, 0x19, 0x14, 0x90, 0x16 ; file 19E7A4
db 0x15, 0x90, 0x4C, 0x90, 0x88, 0x2B, 0x6E, 0x60, 0x9A, 0x41, 0x1A, 0x98, 0x4F, 0xEB, 0x51, 0x18 ; file 19E7B4
db 0xED, 0x1A, 0x98, 0x42, 0x09, 0x1D, 0x62, 0x4F, 0x1E, 0x05, 0x11, 0x30, 0x98, 0x41, 0x30, 0x9F ; file 19E7C4
db 0xAC, 0xD3, 0x98, 0x40, 0x05, 0x01, 0xAD, 0xDF, 0x02, 0xE1, 0x1F, 0x02, 0x02, 0x1E, 0x1E, 0x02 ; file 19E7D4
db 0xB6, 0x9B, 0x01, 0x0F, 0x01, 0x0F, 0x00, 0x01, 0x0F, 0x01, 0x0F, 0x01, 0x0F, 0x01, 0x0F, 0x01 ; file 19E7E4
db 0x0F, 0x01, 0x0F, 0x01, 0x0F, 0x01, 0x0F, 0x00, 0x01, 0x0F, 0x01, 0x0F, 0x01, 0x0F, 0x01, 0x0F ; file 19E7F4
db 0x01, 0x0F, 0x01, 0x0F, 0x01, 0x0F, 0x01, 0x0F, 0x08, 0x01, 0x0F, 0x01, 0x0F, 0x72, 0xFF, 0x10 ; file 19E804
db 0x46, 0x2A, 0x2F, 0xBB, 0x54, 0x70, 0x16, 0x0F, 0xD2, 0x12, 0x44, 0x18, 0xAE, 0xB5, 0x1F, 0xEF ; file 19E814
db 0x03, 0x30, 0x91, 0x00, 0x07, 0xD8, 0x58, 0x00, 0x98, 0x4B, 0x50, 0xD0, 0x07, 0x0C, 0x77, 0x41 ; file 19E824
db 0x0C, 0x1A, 0xD6, 0x68, 0x90, 0x12, 0x16, 0x98, 0x4B, 0x08, 0x98, 0x41, 0x07, 0x00, 0x8B, 0x07 ; file 19E834
db 0x15, 0xDC, 0x70, 0x03, 0x64, 0x36, 0xA2, 0x22, 0x98, 0x40, 0x1C, 0xEA, 0x98, 0x42, 0x16, 0xA6 ; file 19E844
db 0xD1, 0x14, 0x69, 0x98, 0x16, 0x1B, 0x1B, 0x49, 0x0B, 0x90, 0xD0, 0x98, 0x46, 0x14, 0x98, 0x46 ; file 19E854
db 0x49, 0x00, 0x1C, 0x5D, 0xD0, 0x8D, 0x1C, 0x5B, 0x40, 0x03, 0x1A, 0x51, 0x81, 0x51, 0xD0, 0x88 ; file 19E864
db 0x84, 0x14, 0x4B, 0x15, 0x0E, 0x98, 0x40, 0x09, 0xB4, 0x40, 0x98, 0x4E, 0x19, 0x98, 0x40, 0x85 ; file 19E874
db 0x13, 0xFC, 0xD0, 0x0A, 0xE0, 0xE0, 0xB4, 0x41, 0x10, 0xA0, 0x98, 0x46, 0x11, 0xFF, 0x1C, 0x16 ; file 19E884
db 0x08, 0x0D, 0x1B, 0x1C, 0x0B, 0x0A, 0x59, 0x19, 0x32, 0xD1, 0x98, 0x4A, 0x03, 0x0F, 0x80, 0x90 ; file 19E894
db 0x0A, 0x98, 0x40, 0xE9, 0x03, 0xB4, 0x43, 0x98, 0x4A, 0x11, 0x98, 0x43, 0x0E, 0x1E, 0x19, 0x80 ; file 19E8A4
db 0x38, 0xE1, 0x98, 0x44, 0x1A, 0xA1, 0x39, 0xE3, 0xA1, 0x90, 0x98, 0x46, 0x5B, 0x51, 0x0D, 0xF2 ; file 19E8B4
db 0x98, 0x46, 0x16, 0xCC, 0x40, 0xC3, 0x80, 0x06, 0x17, 0x1B, 0x16, 0xE6, 0x1C, 0x03, 0x0D, 0x1C ; file 19E8C4
db 0xDA, 0x40, 0x91, 0x53, 0x11, 0x1C, 0x19, 0x7E, 0x98, 0x40, 0x1A, 0x09, 0x18, 0x1C, 0x16, 0x07 ; file 19E8D4
db 0x98, 0x42, 0x70, 0xA2, 0x50, 0x8A, 0x15, 0xED, 0x40, 0xAA, 0xE0, 0x1A, 0x0B, 0x1A, 0x64, 0x90 ; file 19E8E4
db 0xFA, 0x7C, 0x40, 0x09, 0x98, 0x49, 0x0B, 0x16, 0x1B, 0x13, 0x0B, 0xA7, 0x18, 0x1B, 0x0F, 0xB4 ; file 19E8F4
db 0x44, 0x98, 0x4A, 0x06, 0xED, 0x40, 0x0F, 0xEA, 0x98, 0x43, 0x1D, 0x30, 0x90, 0x0F, 0x98, 0x4C ; file 19E904
db 0x11, 0x0B, 0x15, 0x33, 0x14, 0x05, 0x98, 0x4F, 0xFE, 0x01, 0x13, 0x08, 0x30, 0x90, 0x98, 0x43 ; file 19E914
db 0xE7, 0x0F, 0x01, 0x0B, 0xEC, 0xA8, 0x9E, 0xA0, 0x0A, 0x03, 0x03, 0xFF, 0x07, 0x07, 0x09, 0x18 ; file 19E924
db 0x11, 0x0D, 0x18, 0x15, 0x37, 0x0E, 0x04, 0x08, 0x98, 0x4E, 0x16, 0x1A, 0x98, 0x4F, 0x98, 0x4A ; file 19E934
db 0x5B, 0x11, 0x0B, 0x30, 0x9E, 0x03, 0x11, 0x98, 0x45, 0x04, 0x98, 0x4F, 0x47, 0x1E, 0x05, 0x0F ; file 19E944
db 0x98, 0x44, 0x7D, 0x4F, 0x98, 0x42, 0x08, 0x98, 0x4F, 0x02, 0x98, 0x47, 0x1E, 0x98, 0x4F, 0x01 ; file 19E954
db 0x0F, 0x01, 0x0F, 0x01, 0x0F, 0x01, 0x0F, 0x01, 0x0F, 0x00, 0x01, 0x0F, 0x01, 0x0F, 0x01, 0x0F ; file 19E964
db 0x01, 0x0F, 0x01, 0x0F, 0x01, 0x0F, 0x01, 0x0F, 0x01, 0x0F, 0x00, 0x01, 0x0F, 0x01, 0x0F, 0x01 ; file 19E974
db 0x0F, 0x01, 0x0F, 0x01, 0x0F, 0x01, 0x0F, 0x01, 0x0F, 0xDC, 0x8B, 0x01, 0x15, 0x82, 0x74, 0x01 ; file 19E984
db 0x0F, 0x30, 0x91, 0x98, 0x4F, 0x98, 0x46, 0x68, 0x75, 0x30, 0x9F, 0x9B, 0x07, 0x18, 0x14, 0x90 ; file 19E994
db 0x0C, 0x1A, 0x6C, 0x80, 0x30, 0x9C, 0x16, 0x7A, 0x30, 0x90, 0x15, 0x30, 0x90, 0x0A, 0x19, 0x0E ; file 19E9A4
db 0x1E, 0x30, 0x9E, 0xC5, 0x05, 0x98, 0x43, 0x00, 0x51, 0x91, 0x98, 0x4A, 0x30, 0x90, 0x0E, 0x0C ; file 19E9B4
db 0xD0, 0x30, 0x9F, 0x30, 0x93, 0x33, 0xD0, 0x98, 0x45, 0x18, 0x30, 0x9F, 0x09, 0x04, 0x80, 0xC8 ; file 19E9C4
db 0xD2, 0x39, 0x81, 0x98, 0x49, 0x30, 0x92, 0x98, 0x4F, 0x30, 0x94, 0x98, 0x40, 0x0E, 0x99, 0x07 ; file 19E9D4
db 0x30, 0x9F, 0x90, 0xD0, 0x15, 0x08, 0x30, 0x9F, 0x27, 0x45, 0x18, 0x83, 0x05, 0x0C, 0x98, 0x4F ; file 19E9E4
db 0x98, 0x49, 0x30, 0x9B, 0x98, 0x44, 0x30, 0x90, 0x11, 0x08, 0x30, 0x9F, 0x98, 0x46, 0x30, 0x91 ; file 19E9F4
db 0x18, 0x84, 0x90, 0x30, 0x9F, 0xEC, 0x80, 0x30, 0x9F, 0x02, 0x30, 0x97, 0x05, 0x30, 0x92, 0x98 ; file 19EA04
db 0x43, 0x30, 0x9A, 0x98, 0x40, 0x30, 0x9F, 0x30, 0x9F, 0x10, 0x98, 0x41, 0x30, 0x9D, 0x98, 0x4F ; file 19EA14
db 0x98, 0x47, 0x0B, 0x98, 0x46, 0x30, 0x91, 0x2F, 0x29, 0x12, 0x30, 0x93, 0x08, 0x30, 0x94, 0x98 ; file 19EA24
db 0x4C, 0x12, 0x30, 0x90, 0x98, 0x4F, 0x30, 0x9F, 0x00, 0x30, 0x9F, 0x30, 0x9F, 0x30, 0x9F, 0x30 ; file 19EA34
db 0x9F, 0x30, 0x9F, 0x30, 0x9F, 0x0F, 0x3F, 0x01, 0x0F, 0x00, 0x01, 0x0F, 0x01, 0x0F, 0x01, 0x0F ; file 19EA44
db 0x01, 0x0F, 0x01, 0x0F, 0x01, 0x0F, 0x01, 0x0F, 0x01, 0x0F, 0x00, 0x01, 0x0F, 0x01, 0x0F, 0x01 ; file 19EA54
db 0x0F, 0x01, 0x0F, 0x01, 0x0F, 0x01, 0x0F, 0x01, 0x0F, 0x01, 0x0F, 0x90, 0x01, 0x0F, 0x01, 0x0F ; file 19EA64
db 0x01, 0x0F, 0x7C, 0x4A, 0x1C, 0x7E, 0x88, 0x30, 0x9D, 0x1A, 0x1F, 0x11, 0x1E, 0x00, 0x0A, 0x17 ; file 19EA74
db 0x34, 0x81, 0x7C, 0x4F, 0x1B, 0xC1, 0x67, 0x0C, 0x1C, 0x16, 0x60, 0x40, 0x1F, 0x0B, 0x0A, 0x0A ; file 19EA84
db 0x81, 0xC0, 0xF0, 0x30, 0x91, 0xCC, 0xC1, 0xC3, 0x76, 0x41, 0x02, 0x10, 0x18, 0x11, 0x06, 0x5B ; file 19EA94
db 0x0D, 0x16, 0x0F, 0x90, 0x00, 0x1A, 0x09, 0xD0, 0x10, 0xEF, 0x33, 0x78, 0xC8, 0xDE, 0x04, 0xD2 ; file 19EAA4
db 0xC8, 0xD9, 0x14, 0x1B, 0x19, 0x0B, 0x98, 0x43, 0xEB, 0x0D, 0x19, 0x3C, 0xD2, 0x1A, 0x91, 0x07 ; file 19EAB4
db 0x1A, 0x1A, 0x1A, 0xAB, 0x0B, 0x0D, 0x98, 0x43, 0x19, 0xAC, 0xD1, 0x12, 0x35, 0x85, 0x07, 0x3F ; file 19EAC4
db 0x0D, 0x0C, 0x18, 0x1C, 0x19, 0x0E, 0xE4, 0xD0, 0xC8, 0xD0, 0xF3, 0x18, 0x18, 0x91, 0xE1, 0xC8 ; file 19EAD4
db 0xD5, 0x0C, 0x14, 0x0E, 0x0E, 0x5F, 0x18, 0x1C, 0x1B, 0x04, 0x02, 0xC8, 0xD1, 0x03, 0x98, 0x43 ; file 19EAE4
db 0xD5, 0x0C, 0xC8, 0xD3, 0x0A, 0xDB, 0xD0, 0x07, 0x1C, 0x00, 0x09, 0x03, 0xA9, 0x1C, 0x14, 0x90 ; file 19EAF4
db 0x30, 0x90, 0x13, 0x3F, 0x40, 0x12, 0x1C, 0x04, 0x15, 0x77, 0x1C, 0x16, 0x05, 0x94, 0xD0, 0x0E ; file 19EB04
db 0x03, 0x19, 0xBF, 0x00, 0xB2, 0x1C, 0xE0, 0x13, 0xDD, 0x20, 0xE4, 0xD4, 0x0A, 0x13, 0x1C, 0x00 ; file 19EB14
db 0x10, 0x48, 0xFC, 0x80, 0x4F, 0xE0, 0xC8, 0xD7, 0x19, 0x26, 0xA4, 0x1C, 0xE0, 0x0C, 0xA8, 0x00 ; file 19EB24
db 0xFC, 0xE4, 0xD2, 0xC8, 0xDC, 0x12, 0x1A, 0x19, 0x0B, 0x0A, 0x18, 0xB4, 0x68, 0x10, 0x38, 0x90 ; file 19EB34
db 0x03, 0x70, 0xD3, 0x0A, 0x12, 0xC8, 0xD4, 0x0C, 0x77, 0x18, 0x1A, 0x04, 0x34, 0x90, 0x15, 0x02 ; file 19EB44
db 0x1A, 0x5F, 0xA0, 0x6F, 0x0C, 0x1C, 0x18, 0x09, 0x70, 0x10, 0x18, 0x10, 0x52, 0x33, 0x7E, 0x0D ; file 19EB54
db 0xA0, 0x15, 0x1E, 0x15, 0x1A, 0x18, 0x06, 0xE4, 0xD1, 0x71, 0x10, 0xAC, 0xD0, 0xC8, 0xD1, 0x10 ; file 19EB64
db 0x44, 0x03, 0x0F, 0x1A, 0xE4, 0xD1, 0x17, 0x1A, 0x0E, 0x1A, 0xF0, 0xA0, 0x12, 0x2B, 0xA0, 0xC8 ; file 19EB74
db 0xD1, 0xC4, 0x15, 0xFF, 0x0F, 0x19, 0x1A, 0x0E, 0x0F, 0x18, 0x1A, 0x13, 0xB6, 0x78, 0x40, 0x07 ; file 19EB84
db 0x11, 0x59, 0x10, 0x1B, 0x1B, 0xC3, 0x87, 0x07, 0x1F, 0x13, 0x1B, 0x18, 0x0E, 0x18, 0xC8, 0xD8 ; file 19EB94
db 0xFA, 0x18, 0xC8, 0xD4, 0x7D, 0x09, 0x98, 0x42, 0x17, 0x0E, 0x0E, 0x19, 0x08, 0xC8, 0xD9, 0xDB ; file 19EBA4
db 0x15, 0x09, 0x30, 0x91, 0x11, 0x0F, 0xC8, 0xD1, 0x04, 0x0B, 0xFC, 0xEA, 0x47, 0x6A, 0xF0, 0x0B ; file 19EBB4
db 0x0A, 0x05, 0x06, 0x0A, 0x06, 0x6F, 0x05, 0x13, 0x0E, 0x0E, 0xD3, 0x40, 0x01, 0x04, 0x11, 0x4B ; file 19EBC4
db 0xFF, 0x0D, 0x17, 0x13, 0x0C, 0x13, 0x1C, 0x1B, 0x19, 0x81, 0x18, 0x1C, 0x01, 0x2C, 0x4B, 0x98 ; file 19EBD4
db 0x4F, 0x4D, 0x79, 0xF8, 0x10, 0x98, 0x41, 0x0B, 0x94, 0x98, 0x4F, 0x98, 0x40, 0x13, 0x30, 0x91 ; file 19EBE4
db 0x04, 0x98, 0x4F, 0x0F, 0x00, 0x01, 0xF8, 0x98, 0x41, 0x1B, 0x00, 0x98, 0x4F, 0x00, 0x00, 0x02 ; file 19EBF4
db 0x1D, 0x02, 0x00, 0x9B, 0x41, 0xEE, 0x2F, 0x01, 0x0F, 0x01, 0x0F, 0x01, 0x0F, 0x01, 0x0F, 0x01 ; file 19EC04
db 0x0F, 0x01, 0x0F, 0x00, 0x01, 0x0F, 0x01, 0x0F, 0x01, 0x0F, 0x01, 0x0F, 0x01, 0x0F, 0x01, 0x0F ; file 19EC14
db 0x01, 0x0F, 0x01, 0x0F, 0x80, 0x01, 0x0F, 0x01, 0x0F, 0x01, 0x0F, 0x01, 0x0F, 0x01, 0x0F, 0x38 ; file 19EC24
db 0x21, 0xB7, 0x80, 0x03, 0x81, 0x12, 0xB1, 0xDF, 0x3D, 0x31, 0x13, 0x81, 0xD9, 0x20, 0xBF, 0x73 ; file 19EC34
db 0x30, 0x9C, 0x1A, 0xC0, 0x53, 0xD1, 0x9E, 0x29, 0xE4, 0xD8, 0x1B, 0xC2, 0x55, 0x80, 0x98, 0x4C ; file 19EC44
db 0x0D, 0x16, 0x57, 0x10, 0x03, 0x10, 0x37, 0xC1, 0x07, 0x1C, 0x01, 0x19, 0xE5, 0xDA, 0x9F, 0x13 ; file 19EC54
db 0x15, 0x09, 0x1E, 0x10, 0x68, 0x91, 0x1C, 0x02, 0x0D, 0x58, 0xF7, 0x87, 0xB4, 0x41, 0x98, 0x40 ; file 19EC64
db 0x19, 0x19, 0xEB, 0x30, 0x0A, 0x54, 0x01, 0xFC, 0xD5, 0x42, 0xD2, 0xB6, 0x19, 0x16, 0x06, 0x10 ; file 19EC74
db 0x1A, 0x16, 0xD2, 0x30, 0x90, 0x0C, 0x85, 0x30, 0xC0, 0x80, 0x1B, 0xC6, 0x96, 0x0A, 0x1B, 0x62 ; file 19EC84
db 0xD8, 0x30, 0x10, 0x9C, 0x31, 0x82, 0xD0, 0xC3, 0x71, 0x12, 0x1A, 0xAB, 0x90, 0xB6, 0x04, 0x52 ; file 19EC94
db 0x15, 0x0D, 0x94, 0xD0, 0x0B, 0x0E, 0x94, 0xD0, 0x03, 0x6F, 0x03, 0x0C, 0x11, 0x0E, 0x9F, 0x80 ; file 19ECA4
db 0x0A, 0x17, 0xA4, 0x83, 0x6F, 0x07, 0x13, 0x09, 0x0F, 0xB0, 0xD0, 0x05, 0x0B, 0x4C, 0x91, 0x5B ; file 19ECB4
db 0x07, 0x1C, 0xFC, 0x02, 0x0C, 0x1B, 0xE5, 0x02, 0x0C, 0x29, 0xD0, 0x0D, 0x0A, 0xD0, 0x40, 0x1D ; file 19ECC4
db 0x07, 0x9A, 0x80, 0x30, 0x91, 0xD0, 0x41, 0x4C, 0x94, 0x1E, 0x8B, 0xD0, 0x18, 0x04, 0x18, 0x1B ; file 19ECD4
db 0x91, 0x30, 0x1C, 0x04, 0x98, 0x42, 0xFE, 0x1C, 0x04, 0x18, 0x1C, 0x0B, 0x01, 0x15, 0x1A, 0x19 ; file 19ECE4
db 0x4F, 0x05, 0x00, 0x1A, 0x19, 0x98, 0x43, 0xF9, 0x20, 0x14, 0x98, 0x43, 0x0E, 0xB8, 0x90, 0x15 ; file 19ECF4
db 0x04, 0x10, 0x80, 0x40, 0x45, 0x50, 0x48, 0xA0, 0x65, 0x50, 0xF0, 0x52, 0xA0, 0x59, 0xE2, 0xF0 ; file 19ED04
db 0x90, 0xA7, 0xD0, 0x05, 0x0D, 0x19, 0x19, 0xA8, 0x4C, 0x90, 0x0A, 0x90, 0xAE, 0x40, 0x09, 0xA7 ; file 19ED14
db 0x01, 0x12, 0x71, 0x13, 0x11, 0xEB, 0x1A, 0x16, 0xB4, 0x41, 0x13, 0xB4, 0x40, 0x11, 0x03, 0x0C ; file 19ED24
db 0xBD, 0x1B, 0x98, 0x40, 0x0A, 0x19, 0x13, 0x0D, 0xB4, 0x44, 0x16, 0x1B, 0x1A, 0x0E, 0x9E, 0x30 ; file 19ED34
db 0x15, 0x1D, 0xD0, 0x41, 0x70, 0xF2, 0x56, 0xA0, 0xEC, 0xC6, 0x90, 0x5F, 0x44, 0x16, 0x02, 0xB4 ; file 19ED44
db 0x40, 0x04, 0x19, 0x1A, 0x7F, 0x15, 0x06, 0x12, 0x1B, 0x18, 0x08, 0x03, 0x55, 0xA0, 0xFC, 0xC4 ; file 19ED54
db 0x14, 0xB4, 0x40, 0x19, 0x05, 0x11, 0x19, 0x19, 0x0E, 0x7F, 0x19, 0x1A, 0x16, 0x06, 0x0F, 0x1B ; file 19ED64
db 0x18, 0xEC, 0xD0, 0xFD, 0x09, 0xDF, 0x16, 0x0B, 0x16, 0x1A, 0x15, 0x0F, 0x18, 0xFD, 0x19, 0x03 ; file 19ED74
db 0xE0, 0x11, 0x04, 0x18, 0x1A, 0x18, 0x0E, 0xEB, 0x1C, 0x16, 0xDA, 0x37, 0x06, 0x73, 0xD0, 0x0E ; file 19ED84
db 0x15, 0x15, 0xFF, 0x09, 0x16, 0x14, 0x0B, 0x1D, 0x18, 0x18, 0x0E, 0xED, 0x0B, 0x98, 0x4B, 0x16 ; file 19ED94
db 0x0E, 0xC8, 0xD0, 0x1D, 0x13, 0x0F, 0xED, 0x1D, 0xC8, 0xD0, 0x04, 0x0B, 0x69, 0x29, 0x03, 0x0E ; file 19EDA4
db 0x0B, 0xFF, 0x04, 0x06, 0x0A, 0x05, 0x01, 0x0F, 0x09, 0x05, 0xF9, 0x13, 0x14, 0x90, 0x98, 0x4B ; file 19EDB4
db 0x07, 0x0D, 0x15, 0x0B, 0x1E, 0xD1, 0x07, 0xC4, 0x10, 0x98, 0x41, 0xC4, 0x8C, 0x14, 0xC5, 0xD1 ; file 19EDC4
db 0x1C, 0x1C, 0x9F, 0x1B, 0x16, 0x11, 0x0F, 0x0B, 0x47, 0x4D, 0x62, 0xA0, 0x1B, 0xF2, 0x31, 0x90 ; file 19EDD4
db 0x16, 0x1A, 0x00, 0x62, 0x4E, 0x1E, 0x04, 0x05, 0x15, 0x27, 0x13, 0x13, 0x11, 0x30, 0x9F, 0x98 ; file 19EDE4
db 0x43, 0x1D, 0x98, 0x4F, 0x98, 0x47, 0x02, 0x01, 0x01, 0x02, 0xEE, 0x2F, 0x01, 0x0F, 0x01, 0x0F ; file 19EDF4
db 0x01, 0x0F, 0x01, 0x0F, 0x01, 0x0F, 0x00, 0x01, 0x0F, 0x01, 0x0F, 0x01, 0x0F, 0x01, 0x0F, 0x01 ; file 19EE04
db 0x0F, 0x01, 0x0F, 0x01, 0x0F, 0x01, 0x0F, 0x60, 0x01, 0x0F, 0x01, 0x0F, 0x01, 0x0F, 0x01, 0x0F ; file 19EE14
db 0x95, 0xDD, 0x14, 0x13, 0x79, 0xDF, 0xCA, 0x6D, 0xC0, 0x19, 0xFF, 0xC0, 0x0D, 0x11, 0x32, 0x01 ; file 19EE24
db 0x0E, 0x1A, 0x1C, 0x42, 0x43, 0x30, 0x0A, 0xA5, 0x20, 0x1B, 0x0F, 0x66, 0xB0, 0x87, 0xD1, 0x1B ; file 19EE34
db 0x14, 0x90, 0x16, 0xFC, 0xDC, 0x0A, 0x07, 0x1C, 0x04, 0x1C, 0x13, 0x80, 0x30, 0x9A, 0x71, 0x30 ; file 19EE44
db 0xC9, 0x0D, 0x9E, 0xB0, 0xB4, 0x42, 0x16, 0x98, 0x40, 0xD3, 0xB9, 0x03, 0x14, 0x53, 0x13, 0x02 ; file 19EE54
db 0x85, 0xD0, 0x39, 0x41, 0x1C, 0x1B, 0xD0, 0x0A, 0x98, 0x4A, 0x5F, 0x16, 0x0E, 0x06, 0x03, 0x17 ; file 19EE64
db 0x00, 0xE1, 0x07, 0x38, 0x01, 0x77, 0x00, 0x19, 0x10, 0xEB, 0x49, 0x0E, 0x07, 0x12, 0xA1, 0x20 ; file 19EE74
db 0xA9, 0x1E, 0x30, 0x81, 0x51, 0x20, 0x10, 0x1E, 0xE7, 0x0D, 0x04, 0xC0, 0x06, 0x57, 0x0F, 0x13 ; file 19EE84
db 0x13, 0x17, 0xE0, 0x14, 0x98, 0x42, 0x0D, 0x9D, 0x34, 0x3B, 0x07, 0x19, 0x98, 0x40, 0x19, 0x15 ; file 19EE94
db 0x0B, 0x94, 0xD0, 0xA8, 0xE0, 0x64, 0x65, 0x30, 0xF1, 0x30, 0x07, 0xE9, 0xD1, 0xDD, 0x82, 0x05 ; file 19EEA4
db 0x11, 0xA7, 0xD0, 0xFD, 0x04, 0x54, 0x00, 0x0F, 0x03, 0x07, 0x12, 0x13, 0x11, 0xF6, 0x34, 0x10 ; file 19EEB4
db 0x0A, 0x1A, 0x58, 0xD2, 0x0C, 0x18, 0x16, 0x0F, 0xDF, 0x0F, 0x1A, 0x1C, 0x15, 0x05, 0x53, 0xD0 ; file 19EEC4
db 0x11, 0x00, 0x35, 0x06, 0x4C, 0x94, 0x1A, 0x55, 0x12, 0x17, 0x1A, 0x32, 0x80, 0x53, 0xD0, 0xD5 ; file 19EED4
db 0x1D, 0x55, 0x40, 0x0F, 0x98, 0x45, 0x10, 0xBC, 0x92, 0x03, 0x0F, 0xFF, 0x1B, 0x1A, 0x11, 0x1D ; file 19EEE4
db 0x18, 0x1A, 0x16, 0x1D, 0x82, 0x98, 0x40, 0x0E, 0x86, 0xE0, 0x69, 0xA1, 0x77, 0x10, 0xFE, 0x22 ; file 19EEF4
db 0xA2, 0x80, 0x0B, 0x1F, 0x1D, 0x14, 0x1A, 0x16, 0x08, 0xB4, 0x40, 0x2B, 0x90, 0x21, 0x00, 0xA9 ; file 19EF04
db 0x1E, 0x6E, 0xA0, 0x09, 0x63, 0x0C, 0xC3, 0xD0, 0x06, 0x78, 0x50, 0x04, 0x86, 0x1C, 0x02, 0x07 ; file 19EF14
db 0x1A, 0x69, 0xA1, 0x4C, 0x90, 0xC5, 0x12, 0x77, 0x41, 0x04, 0xF5, 0x0D, 0x04, 0x40, 0x1E, 0xEC ; file 19EF24
db 0x40, 0x1E, 0x0A, 0x1A, 0x18, 0xBF, 0x05, 0x00, 0x0A, 0x14, 0x0A, 0x07, 0x52, 0x33, 0x0F, 0xFF ; file 19EF34
db 0x19, 0x15, 0x1D, 0x0C, 0x16, 0x19, 0x11, 0x02, 0x8A, 0x74, 0xD0, 0x03, 0x33, 0xF0, 0x08, 0x45 ; file 19EF44
db 0x60, 0xAE, 0x90, 0xAB, 0xD4, 0x19, 0xFF, 0x11, 0x07, 0x15, 0x19, 0x13, 0x01, 0x19, 0x19, 0xBD ; file 19EF54
db 0x11, 0x88, 0x40, 0x16, 0x08, 0x02, 0x1B, 0x91, 0xF6, 0x07, 0xFE, 0x5F, 0x40, 0x04, 0x13, 0x19 ; file 19EF64
db 0x16, 0x08, 0x19, 0x1A, 0xBB, 0x13, 0x06, 0x1C, 0x00, 0x06, 0x1A, 0x1C, 0x5B, 0xD6, 0x03, 0x7F ; file 19EF74
db 0x0F, 0x19, 0x18, 0x0E, 0x11, 0x18, 0x18, 0x4F, 0x91, 0x63, 0x05, 0x16, 0x87, 0x40, 0x9C, 0xE0 ; file 19EF84
db 0x15, 0x26, 0x09, 0x15, 0x37, 0xD0, 0xA5, 0x16, 0x30, 0x90, 0x16, 0x98, 0x40, 0xD3, 0xD0, 0x1A ; file 19EF94
db 0x92, 0xD8, 0x07, 0xFF, 0x11, 0x16, 0x0E, 0x09, 0x0F, 0x0F, 0x04, 0x13, 0x9B, 0x0F, 0x04, 0xC8 ; file 19EFA4
db 0xD0, 0x08, 0x08, 0x95, 0x51, 0xBC, 0xF6, 0x0E, 0xFF, 0x0E, 0x04, 0x05, 0x0B, 0x04, 0x01, 0x0E ; file 19EFB4
db 0x08, 0xD7, 0x01, 0x05, 0x0F, 0x30, 0x90, 0x04, 0x11, 0x29, 0x07, 0x0B, 0x7F, 0x0B, 0x09, 0x03 ; file 19EFC4
db 0x05, 0x16, 0x18, 0x15, 0xAA, 0x00, 0x93, 0x09, 0x01, 0x12, 0x4B, 0x4E, 0xF0, 0x1B, 0xE4, 0xD1 ; file 19EFD4
db 0xE3, 0xD0, 0x0E, 0x5E, 0x47, 0x4D, 0x0D, 0x1A, 0x1B, 0x1C, 0x32, 0x91, 0x13, 0x98, 0x40, 0x8C ; file 19EFE4
db 0x7D, 0x4D, 0x2F, 0x90, 0x16, 0x16, 0x12, 0x20, 0x98, 0x4F, 0x30, 0x92, 0x04, 0x38, 0x98, 0x43 ; file 19EFF4
db 0x1B, 0x0F, 0x30, 0x90, 0x01, 0x01, 0x01, 0x98, 0x40, 0xB3, 0x4F, 0x00, 0x01, 0x0F, 0x01, 0x0F ; file 19F004
db 0x01, 0x0F, 0x01, 0x0F, 0x01, 0x0F, 0x01, 0x0F, 0x01, 0x0F, 0x01, 0x0F, 0x00, 0x01, 0x0F, 0x01 ; file 19F014
db 0x0F, 0x01, 0x0F, 0x01, 0x0F, 0x01, 0x0F, 0x01, 0x0F, 0xC6, 0x8C, 0xDA, 0xF8, 0x12, 0x02, 0x0D ; file 19F024
db 0x18, 0xF7, 0x19, 0xDB, 0xA7, 0x07, 0x32, 0x01, 0x14, 0x9F, 0x2C, 0x42, 0xC2, 0xAD, 0x31, 0x0A ; file 19F034
db 0xA4, 0xB0, 0x1C, 0x0F, 0x3C, 0xD0, 0xA3, 0x70, 0x0D, 0x1C, 0x18, 0xA0, 0x89, 0x6A, 0x07, 0xAD ; file 19F044
db 0x31, 0x07, 0x16, 0xCC, 0xC1, 0x73, 0xDA, 0xFE, 0x41, 0xC5, 0x17, 0xC9, 0x32, 0x14, 0xE1, 0x81 ; file 19F054
db 0xF7, 0x8A, 0xBB, 0x71, 0x18, 0x1A, 0x8A, 0xE5, 0xB1, 0x19, 0xE4, 0xD0, 0x18, 0xC3, 0x74, 0xFB ; file 19F064
db 0xD4, 0x92, 0x30, 0x18, 0x22, 0xE5, 0x32, 0x1A, 0x65, 0x41, 0x88, 0x99, 0x7F, 0x90, 0x1E, 0x95 ; file 19F074
db 0xD0, 0x08, 0x51, 0xA6, 0x1C, 0x01, 0x00, 0x18, 0x98, 0x48, 0x63, 0x91, 0x0A, 0x88, 0x82, 0x00 ; file 19F084
db 0x0B, 0x1B, 0x15, 0xFC, 0x00, 0x0D, 0x13, 0x52, 0x6E, 0x81, 0xDC, 0x40, 0x23, 0x30, 0x1F, 0x17 ; file 19F094
db 0x1B, 0x1A, 0x15, 0x02, 0x1B, 0xD0, 0xF9, 0x90, 0x21, 0xD0, 0xDC, 0x87, 0x40, 0x8B, 0x51, 0x1B ; file 19F0A4
db 0x0D, 0x14, 0xFB, 0xD0, 0x04, 0x0C, 0x1B, 0x0E, 0x0F, 0x16, 0xD0, 0x17, 0x1C, 0x89, 0x82, 0xA7 ; file 19F0B4
db 0x30, 0x22, 0xC2, 0xEF, 0x13, 0x1E, 0x12, 0x16, 0x70, 0xC0, 0x17, 0x1C, 0x1C, 0xBF, 0x0F, 0x03 ; file 19F0C4
db 0x03, 0x16, 0x19, 0x16, 0xA5, 0x80, 0x00, 0xFE, 0xC0, 0x83, 0x00, 0x13, 0x0B, 0x0B, 0x16, 0x1B ; file 19F0D4
db 0x1B, 0xFF, 0x0E, 0x01, 0x12, 0x1C, 0x1A, 0x0E, 0x1E, 0x0A, 0x47, 0x14, 0x18, 0x14, 0xD0, 0x41 ; file 19F0E4
db 0x98, 0x43, 0x93, 0x40, 0x0F, 0x1E, 0xD0, 0x43, 0x0F, 0x1D, 0xE2, 0x50, 0x38, 0x00, 0xB4, 0x40 ; file 19F0F4
db 0xB6, 0x30, 0x0C, 0xD0, 0x42, 0xAD, 0x03, 0x5E, 0x80, 0x11, 0x0B, 0x23, 0x40, 0x1D, 0x23, 0x40 ; file 19F104
db 0x0E, 0x5F, 0x00, 0x1E, 0x1A, 0x1B, 0x11, 0x80, 0x30, 0x10, 0xD0, 0x42, 0xF6, 0xE3, 0xD1, 0x09 ; file 19F114
db 0x06, 0x86, 0x80, 0x1D, 0x1E, 0x19, 0x16, 0xEA, 0x98, 0x42, 0x0F, 0x15, 0x30, 0x14, 0xD0, 0x44 ; file 19F124
db 0x1A, 0x18, 0x08, 0x9F, 0x1E, 0x16, 0x19, 0x13, 0x04, 0x2E, 0x10, 0x2B, 0x90, 0x19, 0xD1, 0x18 ; file 19F134
db 0xC3, 0xD0, 0xB4, 0x90, 0x41, 0x62, 0x0D, 0x52, 0xD0, 0x07, 0x12, 0xED, 0x18, 0x1C, 0x03, 0x03 ; file 19F144
db 0x07, 0x05, 0x01, 0x03, 0x0C, 0x0C, 0x55, 0x0C, 0x52, 0x32, 0x0A, 0x77, 0x40, 0x02, 0x27, 0x40 ; file 19F154
db 0x0E, 0x54, 0x00, 0xD8, 0xA8, 0x00, 0x68, 0x40, 0x5C, 0x60, 0x17, 0x0D, 0xFD, 0x13, 0x0F, 0x18 ; file 19F164
db 0x9F, 0x13, 0x1D, 0x0C, 0x15, 0x18, 0x8C, 0xD0, 0x20, 0x00, 0x0C, 0x9F, 0x19, 0x13, 0x05, 0x03 ; file 19F174
db 0x1A, 0xB2, 0x01, 0x13, 0x94, 0x16, 0xEE, 0xB4, 0x40, 0x18, 0x11, 0x01, 0x7F, 0x40, 0x1E, 0x0D ; file 19F184
db 0x19, 0xDF, 0x16, 0x05, 0x0F, 0x1B, 0x0F, 0x2B, 0x45, 0x07, 0x13, 0xDE, 0x2C, 0x00, 0x11, 0x18 ; file 19F194
db 0x15, 0x09, 0x33, 0x90, 0x1E, 0x13, 0xBF, 0x19, 0x14, 0x05, 0x1C, 0x17, 0x04, 0xB4, 0x46, 0x0E ; file 19F1A4
db 0x28, 0xB2, 0x51, 0x71, 0x00, 0x0C, 0x50, 0x04, 0xD8, 0xA0, 0x0B, 0x97, 0xE0, 0x4C, 0x98, 0xFF ; file 19F1B4
db 0x16, 0x13, 0x0B, 0x11, 0x0F, 0x04, 0x15, 0x11, 0x7F, 0x05, 0x1D, 0x16, 0x15, 0x08, 0x05, 0x11 ; file 19F1C4
db 0xF6, 0x38, 0xE3, 0x06, 0x0E, 0xA9, 0x40, 0x95, 0x40, 0x94, 0x40, 0x01, 0x11, 0x0B, 0xFE, 0x98 ; file 19F1D4
db 0x4C, 0x08, 0x04, 0x01, 0x08, 0x05, 0x1D, 0x08, 0xA7, 0x0B, 0x05, 0x0B, 0xE0, 0x81, 0x12, 0x4B ; file 19F1E4
db 0x12, 0x17, 0x10, 0x07, 0xAD, 0x17, 0xE4, 0xD1, 0x15, 0x0F, 0xDF, 0x8D, 0x15, 0xE3, 0xD0, 0x1B ; file 19F1F4
db 0xE1, 0x1C, 0xF7, 0x10, 0x36, 0x01, 0x30, 0x9D, 0x88, 0x10, 0x18, 0x16, 0x16, 0xFA, 0x70, 0x01 ; file 19F204
db 0x1D, 0xD3, 0x2E, 0x03, 0x05, 0x08, 0x0B, 0x0B, 0x04, 0x98, 0x4F, 0x0C, 0x03, 0x1D, 0x98, 0x40 ; file 19F214
db 0x9A, 0x40, 0x5E, 0x3F, 0x01, 0x0F, 0x01, 0x0F, 0x00, 0x01, 0x0F, 0x01, 0x0F, 0x01, 0x0F, 0x01 ; file 19F224
db 0x0F, 0x01, 0x0F, 0x01, 0x0F, 0x37, 0x38, 0xB7, 0x3F, 0xC8, 0x53, 0x37, 0xEF, 0x3F, 0x8D, 0xA7 ; file 19F234
db 0x19, 0xDB, 0x76, 0x01, 0x0E, 0x19, 0x1A, 0x40, 0x10, 0x31, 0x01, 0x0F, 0xAA, 0x83, 0xF8, 0x8F ; file 19F244
db 0x1C, 0x0F, 0x74, 0xDA, 0x0C, 0x16, 0x01, 0x11, 0x12, 0x90, 0xDF, 0x76, 0x42, 0xDD, 0xC1, 0x12 ; file 19F254
db 0x7B, 0x34, 0x1C, 0x0C, 0x98, 0x41, 0x09, 0x03, 0x92, 0x71, 0x1D, 0x0F, 0x1C, 0x29, 0x81, 0x12 ; file 19F264
db 0x40, 0xFD, 0x71, 0xFA, 0xF9, 0x35, 0x19, 0x36, 0x50, 0x1B, 0xB4, 0x42, 0x18, 0x16, 0x96, 0xD0 ; file 19F274
db 0xD5, 0x0A, 0x29, 0x1C, 0x2A, 0x80, 0xA5, 0xC3, 0x11, 0xCC, 0xC0, 0x12, 0x5F, 0x48, 0x64, 0xD0 ; file 19F284
db 0x0A, 0xA6, 0xC0, 0x1C, 0xD0, 0x46, 0x10, 0x64, 0x41, 0xAC, 0xD7, 0x18, 0xC0, 0x1C, 0x07, 0x93 ; file 19F294
db 0x00, 0x14, 0x01, 0xE8, 0x63, 0x90, 0x07, 0x3C, 0xD0, 0xBC, 0x91, 0x18, 0xE2, 0x98, 0x41, 0x10 ; file 19F2A4
db 0xC5, 0x81, 0x98, 0x43, 0xCA, 0x30, 0x0E, 0x07, 0x0C, 0xC1, 0x1B, 0x5E, 0x92, 0x05, 0xE1, 0xAB ; file 19F2B4
db 0x80, 0xEE, 0x42, 0x1C, 0xC0, 0x07, 0x12, 0xDA, 0xB9, 0x01, 0x19, 0xB4, 0x42, 0x03, 0x1A, 0xD0 ; file 19F2C4
db 0x41, 0x07, 0x1B, 0xE5, 0x18, 0x02, 0x11, 0x03, 0x7E, 0x80, 0x3A, 0xC0, 0x11, 0x02, 0x0B, 0x87 ; file 19F2D4
db 0x0B, 0x08, 0x05, 0xB4, 0x40, 0xCD, 0xC0, 0x91, 0x42, 0x38, 0x02, 0x19, 0x77, 0x0B, 0x06, 0x13 ; file 19F2E4
db 0x7F, 0x90, 0x04, 0x12, 0x19, 0x48, 0xA0, 0xEB, 0x1E, 0x14, 0x4A, 0x42, 0x00, 0x69, 0xA3, 0x0D ; file 19F2F4
db 0x18, 0x11, 0x3B, 0x13, 0x18, 0xAF, 0x40, 0x01, 0x13, 0x1C, 0x78, 0xD0, 0x9B, 0xA0, 0xA7, 0x18 ; file 19F304
db 0x09, 0x1E, 0x3A, 0x10, 0xD5, 0x41, 0x0C, 0x2F, 0x90, 0x11, 0xEE, 0xC7, 0xD0, 0x0B, 0x1D, 0x10 ; file 19F314
db 0xFF, 0xC0, 0x1E, 0x03, 0x1A, 0x70, 0x26, 0xE0, 0x35, 0x50, 0x68, 0x92, 0x5F, 0x40, 0x13, 0x0F ; file 19F324
db 0x0F, 0xD7, 0x80, 0xAF, 0x02, 0x0C, 0x1A, 0x15, 0x18, 0xF0, 0x16, 0xB4, 0x48, 0x0E, 0xFF, 0x16 ; file 19F334
db 0x1B, 0x0F, 0x1D, 0x0B, 0x16, 0x17, 0x0F, 0x89, 0x02, 0xE0, 0x90, 0xC3, 0xD0, 0x15, 0xDA, 0x40 ; file 19F344
db 0x6E, 0x91, 0x98, 0x41, 0x07, 0xFF, 0x11, 0x19, 0x15, 0x01, 0x07, 0x15, 0x16, 0x0F, 0xEF, 0x1D ; file 19F354
db 0x03, 0x16, 0x13, 0x35, 0xD0, 0x18, 0x16, 0x0B, 0xCF, 0x02, 0x00, 0x0B, 0x18, 0xF9, 0x91, 0x84 ; file 19F364
db 0x90, 0x16, 0x16, 0x7F, 0x08, 0x1E, 0x13, 0x16, 0x0F, 0x01, 0x03, 0x08, 0x40, 0xF7, 0x1E, 0x07 ; file 19F374
db 0x18, 0x05, 0x00, 0x0A, 0x15, 0x0A, 0x03, 0xDE, 0xC4, 0x12, 0x0A, 0x13, 0x16, 0x11, 0xB4, 0x40 ; file 19F384
db 0x13, 0x09, 0xFB, 0x1E, 0x16, 0x38, 0xF0, 0x0A, 0x18, 0x15, 0x05, 0x02, 0x01, 0x13, 0x3A, 0x90 ; file 19F394
db 0x38, 0xE3, 0x18, 0x00, 0xB4, 0x40, 0x8C, 0xD0, 0x4A, 0x40, 0xB4, 0x40, 0xE7, 0x11, 0x04, 0x09 ; file 19F3A4
db 0xFD, 0x90, 0x34, 0x24, 0x0B, 0x16, 0x15, 0xD3, 0x0F, 0x07, 0x55, 0x01, 0xF0, 0x40, 0x02, 0xDD ; file 19F3B4
db 0x40, 0x04, 0x1C, 0x33, 0x1A, 0x04, 0xC0, 0x35, 0x13, 0x90, 0x11, 0x08, 0x04, 0x00, 0x30, 0x90 ; file 19F3C4
db 0xE4, 0x80, 0x40, 0x49, 0x50, 0x1C, 0x5E, 0x51, 0x08, 0xB4, 0x09, 0x16, 0x13, 0xFF, 0x0F, 0x0E ; file 19F3D4
db 0x15, 0x13, 0x0B, 0x15, 0x16, 0x0E, 0xBF, 0x01, 0x16, 0x18, 0x11, 0x04, 0x15, 0x11, 0x48, 0x09 ; file 19F3E4
db 0xFF, 0x11, 0x13, 0x0E, 0x09, 0x0E, 0x0B, 0x01, 0x11, 0xD7, 0x0E, 0x04, 0x01, 0xBB, 0x40, 0x04 ; file 19F3F4
db 0xC9, 0xD9, 0x1E, 0x09, 0xFE, 0x41, 0x90, 0x08, 0x01, 0x01, 0x09, 0x05, 0x01, 0x05, 0xF9, 0x0B ; file 19F404
db 0xE0, 0x80, 0x83, 0x29, 0x1E, 0x08, 0x08, 0x09, 0x09, 0x1F, 0x1E, 0x09, 0x13, 0x11, 0x0F, 0x62 ; file 19F414
db 0x50, 0xA7, 0x10, 0xB7, 0x7B, 0xE1, 0x1B, 0x7E, 0xF0, 0xE7, 0xD0, 0x0D, 0x60, 0x62, 0x4E, 0x02 ; file 19F424
db 0x19, 0x1B, 0xD7, 0x1B, 0x19, 0x19, 0x03, 0x60, 0x04, 0x98, 0x4F, 0x03, 0x03, 0x16, 0xD7, 0x90 ; file 19F434
db 0x0B, 0x09, 0x73, 0x00, 0x1D, 0xC0, 0x7F, 0x98, 0x45, 0xB3, 0x4F, 0x00, 0x1E, 0xE1, 0x01, 0x01 ; file 19F444
db 0x34, 0x0F, 0x01, 0x0F, 0x01, 0x0F, 0x60, 0x77, 0x80, 0x3F, 0xB7, 0xC7, 0x00, 0xCC, 0xCF, 0x1F ; file 19F454
db 0x87, 0x44, 0x4F, 0x45, 0x47, 0x38, 0x0F, 0xBB, 0xC7, 0x99, 0x4F, 0x83, 0xC8, 0x00, 0xCD, 0x0F ; file 19F464
db 0x5E, 0xD6, 0xDB, 0x73, 0x01, 0x0F, 0x57, 0xC1, 0x70, 0x0F, 0x1C, 0x06, 0x4F, 0x73, 0x20, 0x32 ; file 19F474
db 0x0D, 0xB7, 0x82, 0x1C, 0x0F, 0xC4, 0x82, 0xBE, 0x02, 0x0D, 0x1C, 0x0F, 0x7D, 0x90, 0xA5, 0x1C ; file 19F484
db 0x74, 0xD2, 0x0D, 0xC4, 0x0F, 0x69, 0xD0, 0x1C, 0xA5, 0xC2, 0x19, 0xC5, 0x1B, 0xBD, 0x9B, 0x07 ; file 19F494
db 0xC8, 0x70, 0xC2, 0xD1, 0xEA, 0x31, 0x1A, 0x16, 0xE6, 0xB4, 0x4B, 0x0A, 0x1C, 0x49, 0x01, 0x1C ; file 19F4A4
db 0x04, 0x18, 0x11, 0x1E, 0xE5, 0x07, 0x8B, 0x19, 0x19, 0x2C, 0xD1, 0x6E, 0xD2, 0x00, 0x0B, 0x0B ; file 19F4B4
db 0x37, 0x04, 0x00, 0x0D, 0xC8, 0xD9, 0x19, 0x19, 0xE1, 0xB0, 0xB4, 0x43, 0x35, 0x13, 0x6C, 0x80 ; file 19F4C4
db 0x07, 0xA4, 0x99, 0x1B, 0x19, 0xFD, 0x40, 0xD0, 0x45, 0x7A, 0x44, 0x30, 0x0F, 0x4D, 0xA8, 0x1B ; file 19F4D4
db 0x18, 0x09, 0x03, 0x75, 0x00, 0x70, 0x54, 0xE1, 0x1C, 0x02, 0x94, 0x90, 0x55, 0x11, 0x0D, 0x19 ; file 19F4E4
db 0x13, 0x21, 0xA1, 0x55, 0x0B, 0xBE, 0xE0, 0x1A, 0x43, 0xA1, 0x18, 0xF4, 0x92, 0x19, 0x98, 0x42 ; file 19F4F4
db 0xC9, 0x10, 0x8F, 0x80, 0x4C, 0x90, 0x0E, 0xC3, 0xE0, 0x1C, 0xE1, 0x07, 0x1A, 0xBA, 0xFC, 0xE2 ; file 19F504
db 0x19, 0x24, 0x13, 0x1A, 0x08, 0x0A, 0xD7, 0x20, 0x0E, 0xDF, 0x03, 0x11, 0x0F, 0x0E, 0x08, 0x1C ; file 19F514
db 0xE0, 0x1B, 0x16, 0x66, 0xAF, 0x41, 0x0F, 0x09, 0xA9, 0x11, 0xB0, 0x10, 0x0D, 0x0E, 0xD5, 0x20 ; file 19F524
db 0x0F, 0x02, 0x0D, 0x0F, 0x13, 0x00, 0xE0, 0x9A, 0xD0, 0x94, 0x51, 0xD5, 0x42, 0x75, 0x00, 0xA0 ; file 19F534
db 0x70, 0x11, 0x8F, 0xC0, 0x0B, 0x02, 0x14, 0x50, 0x10, 0x4F, 0x1E, 0x07, 0x10, 0x11, 0xE7, 0x42 ; file 19F544
db 0xCF, 0xE2, 0x13, 0x67, 0x40, 0xFD, 0x0F, 0x16, 0xD0, 0x08, 0x02, 0x10, 0x1A, 0x16, 0x0B, 0xC7 ; file 19F554
db 0x1E, 0x03, 0x19, 0xBC, 0x90, 0x3A, 0xF1, 0x07, 0xF1, 0x11, 0x15, 0xEF, 0x13, 0x11, 0x09, 0x13 ; file 19F564
db 0xA2, 0x80, 0x02, 0x0B, 0x19, 0x0E, 0x48, 0x40, 0x00, 0x18, 0x1B, 0x3A, 0x90, 0x4C, 0x90, 0x6F ; file 19F574
db 0xA1, 0x55, 0xD0, 0x2F, 0x0B, 0x05, 0x0F, 0x16, 0x54, 0x00, 0x0A, 0x1C, 0xD0, 0x8C, 0xE0, 0xDD ; file 19F584
db 0x18, 0xB4, 0x40, 0x1E, 0x1B, 0x1B, 0x37, 0xA1, 0x0B, 0x13, 0xDF, 0x18, 0x13, 0x01, 0x07, 0x13 ; file 19F594
db 0xC7, 0xC0, 0x07, 0x15, 0xF9, 0x11, 0x9C, 0xA0, 0x85, 0x40, 0x02, 0x03, 0x10, 0x0D, 0x10, 0x96 ; file 19F5A4
db 0x61, 0x41, 0x07, 0x0E, 0x7B, 0x40, 0x03, 0x81, 0x00, 0x1C, 0x01, 0x04, 0xFD, 0x1E, 0xEF, 0xA0 ; file 19F5B4
db 0x08, 0x1E, 0x0B, 0x18, 0x13, 0x0A, 0x7A, 0x7D, 0x42, 0x0B, 0xF3, 0xE0, 0x02, 0x0E, 0x13, 0x0F ; file 19F5C4
db 0xA5, 0x90, 0x3D, 0x11, 0xCB, 0x40, 0x16, 0x11, 0x1D, 0x09, 0xA3, 0x50, 0x65, 0xB3, 0x9D, 0x07 ; file 19F5D4
db 0x18, 0x00, 0x1D, 0x0B, 0x11, 0x51, 0xD0, 0x7F, 0x40, 0x02, 0xBD, 0x0B, 0x80, 0x40, 0x18, 0x1B ; file 19F5E4
db 0x08, 0x01, 0xA3, 0x24, 0x0B, 0xAA, 0xA9, 0x00, 0x08, 0xD6, 0x00, 0x1D, 0x7F, 0x40, 0x02, 0xA4 ; file 19F5F4
db 0x40, 0x1D, 0xBB, 0x1B, 0x16, 0x4C, 0x96, 0x06, 0x0F, 0x15, 0x7B, 0x40, 0x13, 0xBF, 0x0F, 0x09 ; file 19F604
db 0x15, 0x15, 0x0E, 0x1D, 0x89, 0xA0, 0x1D, 0xD5, 0x18, 0xF6, 0x37, 0x03, 0x5A, 0x40, 0x0E, 0x4C ; file 19F614
db 0x90, 0x08, 0x15, 0x7F, 0x13, 0x09, 0x01, 0x13, 0x15, 0x09, 0x1D, 0x56, 0x10, 0xCE, 0x4C, 0x98 ; file 19F624
db 0x0F, 0x09, 0x04, 0x34, 0x90, 0x4F, 0x90, 0x04, 0x0B, 0x94, 0x2D, 0x40, 0x12, 0x49, 0x02, 0xD5 ; file 19F634
db 0x80, 0x04, 0xC2, 0x80, 0x1B, 0x00, 0x0E, 0x1D, 0x08, 0x5D, 0xDC, 0x03, 0x13, 0x11, 0x0F, 0xA0 ; file 19F644
db 0xFD, 0x50, 0x05, 0x50, 0xC4, 0x47, 0x4E, 0x7D, 0xF0, 0x1B, 0x01, 0x00, 0x50, 0x10, 0x7D, 0x4F ; file 19F654
db 0x03, 0x0D, 0x45, 0x15, 0x17, 0xE0, 0x0F, 0x30, 0x90, 0xD8, 0x05, 0xE4, 0xDB, 0x01, 0x33, 0x91 ; file 19F664
db 0x3C, 0x98, 0x4F, 0xAA, 0xF1, 0x02, 0x02, 0x02, 0x1E, 0xBB, 0x7C, 0x00, 0x00, 0x3F, 0x2A, 0x20 ; file 19F674
db 0x0F, 0x40, 0x05, 0x00, 0x01, 0x0F, 0x01, 0x0F, 0x00, 0x01, 0x0F, 0x01, 0x0F, 0x01, 0x0F, 0x01 ; file 19F684
db 0x0F, 0x01, 0x0F, 0x01, 0x0F, 0x01, 0x0F, 0x01, 0x0F, 0x00, 0x01, 0x0F, 0x01, 0x0F, 0x01, 0x0F ; file 19F694
db 0x01, 0x0F, 0x01, 0x0F, 0x01, 0x0F, 0x01, 0x0F, 0x01, 0x0F, 0x00, 0x01, 0x0F, 0x01, 0x0F, 0x01 ; file 19F6A4
db 0x0F, 0x01, 0x0F, 0x01, 0x0F, 0x01, 0x0F, 0x01, 0x0F, 0x01, 0x0F, 0x00, 0x01, 0x0F, 0x01, 0x0F ; file 19F6B4
db 0x01, 0x0F, 0x01, 0x0F, 0x01, 0x0F, 0x01, 0x0F, 0x01, 0x0F, 0x01, 0x0F, 0xE0, 0x01, 0x0F, 0x01 ; file 19F6C4
db 0x0F, 0x01, 0x0F, 0x01, 0x0F, 0x0B, 0x04, 0x07, 0x0D, 0x15, 0x9F, 0x16, 0x15, 0x12, 0x10, 0x10 ; file 19F6D4
db 0x1A, 0x0F, 0x05, 0x0A, 0x0D, 0x7F, 0x16, 0x16, 0x13, 0x11, 0x08, 0x03, 0x03, 0x1A, 0x0F, 0x3E ; file 19F6E4
db 0x50, 0x0D, 0x0B, 0x0E, 0x15, 0x13, 0x07, 0x18, 0x0F, 0x52, 0x0F, 0xEF, 0x11, 0x0C, 0x1A, 0x0C ; file 19F6F4
db 0x50, 0x03, 0x07, 0x15, 0x12, 0xF9, 0x12, 0x81, 0x0F, 0xA1, 0x05, 0x15, 0x0F, 0x03, 0x0E, 0x16 ; file 19F704
db 0x7E, 0x52, 0x01, 0x0C, 0x10, 0x15, 0x0C, 0x0B, 0x07, 0x84, 0x0F, 0x7E, 0xCA, 0x05, 0x1A, 0x15 ; file 19F714
db 0x03, 0x00, 0x03, 0x0F, 0x7C, 0x00, 0x71, 0x07, 0x59, 0x05, 0x01, 0x0F, 0x0D, 0x02, 0x03, 0x15 ; file 19F724
db 0x18, 0xA2, 0x00, 0xCB, 0x0C, 0x15, 0x0A, 0x00, 0x0F, 0x29, 0x0F, 0x05, 0x0A, 0x1E, 0x11, 0x16 ; file 19F734
db 0x26, 0x00, 0x07, 0x19, 0xD1, 0x00, 0x11, 0xD5, 0x0F, 0x4A, 0x1C, 0x48, 0x10, 0x5B, 0x0C, 0x1A ; file 19F744
db 0x5A, 0x00, 0x10, 0x0D, 0x57, 0x10, 0x07, 0xAD, 0x00, 0xEE, 0x5E, 0x10, 0x0C, 0x10, 0x19, 0xDA ; file 19F754
db 0x0F, 0x03, 0x08, 0x0B, 0xFF, 0x0B, 0x0E, 0x13, 0x18, 0x1A, 0x1A, 0x19, 0x19, 0xFF, 0x16, 0x12 ; file 19F764
db 0x1A, 0x19, 0x1B, 0x1B, 0x1B, 0x1A, 0xED, 0x1A, 0x04, 0x00, 0x16, 0x1B, 0x2B, 0x0F, 0x00, 0x0B ; file 19F774
db 0x19, 0xFE, 0x2C, 0x00, 0x0B, 0x0E, 0x0F, 0x11, 0x15, 0x11, 0x16, 0xFD, 0x11, 0x85, 0x10, 0x0F ; file 19F784
db 0x0F, 0x13, 0x11, 0x11, 0x0F, 0xF3, 0x13, 0x12, 0x5D, 0x00, 0xD6, 0x0D, 0x0F, 0x1A, 0x0C, 0x15 ; file 19F794
db 0xFF, 0x1A, 0x19, 0x18, 0x11, 0x0B, 0x08, 0x0E, 0x0B, 0xEF, 0x04, 0x04, 0x05, 0x04, 0x01, 0x02 ; file 19F7A4
db 0x0B, 0x0B, 0x0F, 0xF5, 0x12, 0xE8, 0x12, 0x0C, 0xC0, 0x01, 0x07, 0x12, 0x16, 0x0C, 0xDE, 0x01 ; file 19F7B4
db 0x01, 0x19, 0x1A, 0x1A, 0x16, 0x73, 0x00, 0x1B, 0x19, 0xFF, 0x11, 0x11, 0x04, 0x04, 0x07, 0x0E ; file 19F7C4
db 0x0E, 0x0F, 0xFC, 0x31, 0x00, 0x33, 0x00, 0x08, 0x03, 0x11, 0x16, 0x15, 0x13, 0x7F, 0x16, 0x19 ; file 19F7D4
db 0x16, 0x16, 0x16, 0x11, 0x13, 0x9D, 0x00, 0x7D, 0x18, 0x02, 0x00, 0x0F, 0x16, 0x0E, 0x15, 0x1A ; file 19F7E4
db 0x01, 0x00, 0xFF, 0x18, 0x15, 0x0B, 0x11, 0x0F, 0x0E, 0x0B, 0x0F, 0x65, 0x0F, 0x58, 0x02, 0x1E ; file 19F7F4
db 0x48, 0x12, 0x01, 0x02, 0x1E, 0x05, 0x94, 0x10, 0x4E, 0x07, 0x00, 0x1E, 0x04, 0x08, 0x79, 0x00 ; file 19F804
db 0x01, 0x01, 0x08, 0x7C, 0x00, 0x8F, 0x05, 0x08, 0x0B, 0x07, 0x28, 0x05, 0xAB, 0x0F, 0x9D, 0x01 ; file 19F814
db 0x05, 0x01, 0x1E, 0x01, 0x03, 0x43, 0x01, 0x86, 0x1F, 0x01, 0x0F, 0x01, 0x0F, 0x01, 0x0F, 0x01 ; file 19F824
db 0x0F, 0x00, 0x01, 0x0F, 0x01, 0x0F, 0x01, 0x0F, 0x01, 0x0F, 0x01, 0x0F, 0x01, 0x0F, 0x01, 0x0F ; file 19F834
db 0x01, 0x0F, 0x00, 0x01, 0x0F, 0x01, 0x0F, 0x01, 0x0F, 0x01, 0x0F, 0x01, 0x0F, 0x01, 0x0F, 0x01 ; file 19F844
db 0x0F, 0x01, 0x0F, 0x00, 0x01, 0x0F, 0x01, 0x0F, 0x01, 0x0F, 0x01, 0x0F, 0x01, 0x0F, 0x01, 0x0F ; file 19F854
db 0x01, 0x0F, 0x01, 0x0F, 0x40, 0x01, 0x0F, 0x01, 0x0F, 0x01, 0x0F, 0x01, 0x0F, 0x01, 0x0F, 0xEF ; file 19F864
db 0x43, 0x07, 0x9D, 0x30, 0x7C, 0x01, 0x0F, 0xCA, 0x3D, 0x18, 0x12, 0x10, 0x13, 0x13, 0x6A, 0x30 ; file 19F874
db 0xFC, 0xCA, 0x4F, 0x05, 0x0A, 0x0C, 0x0B, 0x0B, 0x10, 0x16, 0x0F, 0x3C, 0x92, 0x4F, 0x65, 0x5E ; file 19F884
db 0x12, 0x0F, 0x0C, 0x1A, 0x6B, 0x4F, 0x28, 0x0F, 0xBF, 0x16, 0x16, 0x0B, 0x00, 0x0E, 0x16, 0x16 ; file 19F894
db 0x54, 0x0D, 0x23, 0x12, 0x10, 0xB5, 0x32, 0x01, 0x0F, 0xED, 0x41, 0x11, 0x9D, 0x40, 0x9F, 0x01 ; file 19F8A4
db 0x43, 0x07, 0x18, 0x70, 0x50, 0x01, 0x00, 0x11, 0x4F, 0xED, 0x44, 0x0E, 0xE8, 0x40, 0x9B, 0x00 ; file 19F8B4
db 0x13, 0x8D, 0x40, 0x0E, 0x11, 0x82, 0x0F, 0xED, 0x4B, 0x15, 0xDA, 0x81, 0x40, 0x0F, 0x85, 0x40 ; file 19F8C4
db 0x07, 0x0F, 0x1D, 0x0F, 0x07, 0x12, 0xFD, 0x0D, 0x8D, 0x08, 0x0C, 0x1A, 0x12, 0x10, 0x15, 0x18 ; file 19F8D4
db 0xF9, 0x0C, 0x51, 0x40, 0x2A, 0x0F, 0x03, 0x07, 0x0C, 0x0F, 0x16, 0xC9, 0x1A, 0xFF, 0x41, 0xED ; file 19F8E4
db 0x45, 0x13, 0x4A, 0x40, 0x74, 0x51, 0x0C, 0x12, 0xF9, 0x10, 0xE9, 0x54, 0xAE, 0x07, 0x1E, 0x07 ; file 19F8F4
db 0x0B, 0x0F, 0x18, 0xF7, 0x16, 0x19, 0x18, 0xFC, 0x40, 0x03, 0x18, 0x0F, 0x07, 0xEA, 0xEA, 0x40 ; file 19F904
db 0x16, 0x9E, 0x40, 0x19, 0x9E, 0x41, 0x1A, 0x18, 0x18, 0xF8, 0xA9, 0x40, 0xAC, 0x51, 0x3A, 0x48 ; file 19F914
db 0x0B, 0x15, 0x19, 0x19, 0x15, 0x7F, 0x0D, 0x0B, 0x1A, 0x07, 0x0F, 0x16, 0x13, 0x6F, 0x40, 0x99 ; file 19F924
db 0x0F, 0x0D, 0x50, 0x9B, 0x60, 0x11, 0x15, 0xA1, 0x60, 0x2B, 0x0B, 0x00, 0xB6, 0x5B, 0x40, 0x07 ; file 19F934
db 0x0E, 0xE7, 0x40, 0x1A, 0x1B, 0x4E, 0x01, 0x16, 0x93, 0x0E, 0x08, 0xE5, 0x42, 0xF0, 0x40, 0x07 ; file 19F944
db 0x7F, 0x50, 0x6B, 0x5F, 0x1E, 0x73, 0x08, 0x0B, 0x63, 0x51, 0x8E, 0x50, 0x1B, 0x18, 0x18, 0x40 ; file 19F954
db 0x50, 0x5C, 0xCB, 0x40, 0x43, 0x50, 0x08, 0x08, 0x0B, 0xE3, 0x0F, 0x00, 0xEC, 0x40, 0xFF, 0x0B ; file 19F964
db 0x0F, 0x15, 0x13, 0x15, 0x15, 0x16, 0x11, 0x8E, 0x12, 0x50, 0x0E, 0x0E, 0x13, 0x47, 0x50, 0x70 ; file 19F974
db 0x51, 0x2A, 0x0F, 0x00, 0x19, 0x1E, 0x0D, 0x51, 0x8F, 0x53, 0x05, 0x05, 0x56, 0x01, 0x98, 0x52 ; file 19F984
db 0x8A, 0x1F, 0x00, 0x9B, 0x64, 0x4B, 0x53, 0x16, 0x52, 0x66, 0x50, 0x19, 0x5F, 0x01, 0x0F, 0xD1 ; file 19F994
db 0x61, 0x13, 0x0F, 0x00, 0x01, 0x0F, 0x01, 0x0F, 0x01, 0x0F, 0x01, 0x0F, 0x01, 0x0F, 0x01, 0x0F ; file 19F9A4
db 0x01, 0x0F, 0x01, 0x0F, 0x00, 0x01, 0x0F, 0x01, 0x0F, 0x01, 0x0F, 0x01, 0x0F, 0x01, 0x0F, 0x01 ; file 19F9B4
db 0x0F, 0x01, 0x0F, 0x01, 0x0F, 0x00, 0x01, 0x0F, 0x01, 0x0F, 0x01, 0x0F, 0x01, 0x0F, 0x01, 0x0F ; file 19F9C4
db 0x01, 0x0F, 0x01, 0x0F, 0x01, 0x0F, 0x80, 0x01, 0x0F, 0x01, 0x0F, 0x01, 0x0F, 0x01, 0x0F, 0x01 ; file 19F9D4
db 0x0F, 0x01, 0x0F, 0x04, 0x0B, 0x12, 0x9B, 0x15, 0x16, 0xCC, 0x30, 0x12, 0x12, 0x6B, 0x4F, 0x03 ; file 19F9E4
db 0xAC, 0x13, 0x3F, 0x0B, 0x0C, 0x13, 0x15, 0x0B, 0x08, 0xDB, 0x80, 0xAE, 0x9D, 0x71, 0x07, 0xED ; file 19F9F4
db 0x35, 0x2A, 0xA1, 0x63, 0x81, 0x1A, 0x15, 0x0B, 0x94, 0x24, 0xDE, 0x9B, 0x2D, 0x07, 0x11, 0x16 ; file 19FA04
db 0x10, 0x6A, 0x03, 0x07, 0x1A, 0x22, 0xE9, 0x40, 0x07, 0x57, 0x9F, 0xD2, 0x8B, 0x34, 0x03, 0x13 ; file 19FA14
db 0xB5, 0x90, 0x2A, 0x01, 0x9F, 0x07, 0x10, 0x0C, 0x10, 0x10, 0x41, 0x05, 0x74, 0x4B, 0x13, 0xC8 ; file 19FA24
db 0x8E, 0x40, 0xB0, 0x90, 0x2A, 0xA1, 0x15, 0x20, 0x00, 0xE9, 0x80, 0x0B, 0x03, 0x70, 0x86, 0x90 ; file 19FA34
db 0xE8, 0x3F, 0xA0, 0x40, 0xD9, 0x80, 0x07, 0x00, 0x15, 0x00, 0xA0, 0xF2, 0x17, 0x51, 0x07, 0x4E ; file 19FA44
db 0x0F, 0x2B, 0xA8, 0x0B, 0x16, 0x19, 0x07, 0xFF, 0x0B, 0x15, 0x15, 0x10, 0x18, 0x16, 0x00, 0x00 ; file 19FA54
db 0xB9, 0x10, 0x64, 0x5F, 0x40, 0x4A, 0x0F, 0x19, 0x0C, 0xAC, 0x90, 0x11, 0xC7, 0x16, 0x18, 0x10 ; file 19FA64
db 0x82, 0x01, 0x01, 0x0F, 0x57, 0x09, 0x18, 0x16, 0xBD, 0x1A, 0x2B, 0xB0, 0x11, 0x16, 0x1A, 0x19 ; file 19FA74
db 0x5C, 0x00, 0x18, 0xF9, 0x18, 0x7E, 0x1F, 0xAE, 0xA7, 0x11, 0x1A, 0x18, 0x0C, 0x16, 0x81, 0x11 ; file 19FA84
db 0x7B, 0x90, 0x97, 0x90, 0x2D, 0xA1, 0x9D, 0x60, 0xB1, 0xBF, 0xAE, 0x04, 0x19, 0x36, 0xEE, 0x40 ; file 19FA94
db 0x1B, 0x1A, 0x87, 0x91, 0x0E, 0x11, 0x01, 0x00, 0x31, 0x00, 0xD3, 0x16, 0x1B, 0xC0, 0x4F, 0xD9 ; file 19FAA4
db 0x02, 0x13, 0xEC, 0x43, 0x0B, 0x13, 0x60, 0x29, 0xA2, 0xEF, 0x41, 0x17, 0xB2, 0x2A, 0x0F, 0x19 ; file 19FAB4
db 0x50, 0x0F, 0x16, 0xAE, 0xA0, 0x01, 0x1A, 0x16, 0x52, 0x56, 0xA4, 0x80, 0x0F, 0x59, 0xB1, 0x74 ; file 19FAC4
db 0xA1, 0xDD, 0xA1, 0x28, 0xA1, 0x0F, 0x0E, 0x0F, 0x13, 0x0E, 0x55, 0xA2, 0xAA, 0x60, 0x01, 0x0F ; file 19FAD4
db 0x3D, 0xA0, 0x60, 0x00, 0xA0, 0xA4, 0xA3, 0x16, 0x56, 0x40, 0x5F, 0x31, 0x0C, 0x05, 0x05, 0x33 ; file 19FAE4
db 0x04, 0x00, 0xF2, 0x4F, 0x30, 0x0F, 0x5A, 0xA0, 0x16, 0x0F, 0x01, 0x0F, 0x01, 0x0F, 0x01, 0x0F ; file 19FAF4
db 0x01, 0x0F, 0x00, 0x01, 0x0F, 0x01, 0x0F, 0x01, 0x0F, 0x01, 0x0F, 0x01, 0x0F, 0x01, 0x0F, 0x01 ; file 19FB04
db 0x0F, 0x01, 0x0F, 0x00, 0x01, 0x0F, 0x01, 0x0F, 0x01, 0x0F, 0x01, 0x0F, 0x01, 0x0F, 0x01, 0x0F ; file 19FB14
db 0x01, 0x0F, 0x01, 0x0F, 0x00, 0x06, 0x09, 0x38, 0x3F, 0x01, 0x0F, 0xED, 0xD5, 0x82, 0x2F, 0x01 ; file 19FB24
db 0x0F, 0x6F, 0xD4, 0x56, 0x0F, 0x08, 0x01, 0x0F, 0x60, 0xE4, 0xAE, 0x26, 0x07, 0xCB, 0x30, 0xB6 ; file 19FB34
db 0x80, 0x24, 0x0F, 0x9A, 0xD5, 0xF4, 0x56, 0x03, 0xBE, 0xD0, 0x0F, 0xEB, 0xC0, 0x13, 0x13, 0x16 ; file 19FB44
db 0x16, 0xFC, 0x9A, 0x3F, 0x3A, 0xF5, 0x19, 0x0C, 0x00, 0x10, 0x1A, 0x16, 0x7F, 0x0C, 0x07, 0x15 ; file 19FB54
db 0x19, 0x13, 0x0C, 0x07, 0x98, 0xE0, 0xB3, 0x07, 0x11, 0xBE, 0x0F, 0x9B, 0xE5, 0x0C, 0x11, 0x44 ; file 19FB64
db 0xE0, 0x03, 0x63, 0x0B, 0x0E, 0x24, 0x97, 0x26, 0x0F, 0xF0, 0xD3, 0x1A, 0x16, 0xC3, 0xE1, 0x33 ; file 19FB74
db 0x0C, 0x0B, 0x1B, 0x0F, 0x1E, 0x5E, 0x16, 0x13, 0xB0, 0x91, 0x67, 0xE0, 0x1F, 0x0D, 0x1A, 0x16 ; file 19FB84
db 0x10, 0x10, 0xE5, 0x07, 0x9B, 0x4F, 0xC6, 0x41, 0x0B, 0x00, 0x11, 0x91, 0xE0, 0x0B, 0xAE, 0xA0 ; file 19FB94
db 0xA0, 0x90, 0x6F, 0xFF, 0xF1, 0x47, 0x83, 0x0B, 0x16, 0x4C, 0x90, 0x08, 0xA0, 0xA2, 0x04, 0x44 ; file 19FBA4
db 0x3F, 0x0A, 0x05, 0x08, 0x1B, 0x18, 0x0E, 0xDA, 0x90, 0x15, 0x07, 0x9D, 0xF2, 0x01, 0x0F, 0xD6 ; file 19FBB4
db 0x0B, 0xCE, 0x74, 0x90, 0x13, 0x19, 0x1A, 0xBA, 0x5F, 0x71, 0xFF, 0x19, 0x15, 0x20, 0x7C, 0x10 ; file 19FBC4
db 0x19, 0x51, 0x88, 0x90, 0xA7, 0x0F, 0xCB, 0xB8, 0x0E, 0xED, 0x41, 0xEC, 0x40, 0x8C, 0x89, 0x90 ; file 19FBD4
db 0xA1, 0xE0, 0x19, 0x10, 0xC9, 0x50, 0x5F, 0x0F, 0x70, 0xF3, 0x0E, 0xE3, 0x0F, 0x15, 0x62, 0xF0 ; file 19FBE4
db 0x4B, 0xF0, 0xB7, 0x90, 0x0F, 0x0F, 0x15, 0xD2, 0xE2, 0xE0, 0x1A, 0x5B, 0x0F, 0xBC, 0xA3, 0x0B ; file 19FBF4
db 0x33, 0xA1, 0x1B, 0x19, 0x3D, 0x16, 0xE9, 0x44, 0x0E, 0x11, 0x15, 0x1B, 0x56, 0x0F, 0xEC, 0x44 ; file 19FC04
db 0x2D, 0x05, 0x1F, 0x01, 0x19, 0x0B, 0xD5, 0x95, 0x0B, 0x57, 0x1F, 0x8B, 0xA6, 0x64, 0x60, 0xF2 ; file 19FC14
db 0xF2, 0x50, 0x0E, 0x2F, 0xA0, 0x56, 0xA0, 0x07, 0x0E, 0x55, 0x0F, 0x10, 0x72, 0x58, 0x16, 0x5A ; file 19FC24
db 0x8D, 0xBF, 0x5C, 0x0C, 0x05, 0x01, 0x00, 0x40, 0x5F, 0x01, 0x0F, 0x00, 0xA3, 0x54, 0x78, 0xF1 ; file 19FC34
db 0x19, 0x0F, 0x01, 0x0F, 0x01, 0x0F, 0x01, 0x0F, 0x01, 0x0F, 0x01, 0x0F, 0x00, 0x01, 0x0F, 0x01 ; file 19FC44
db 0x0F, 0x01, 0x0F, 0x01, 0x0F, 0x4B, 0x42, 0x13, 0x0F, 0x01, 0x0F, 0x0D, 0x02, 0x40, 0xBB, 0xDF ; file 19FC54
db 0x01, 0x0F, 0x73, 0x34, 0x55, 0x0F, 0x01, 0x0F, 0x8B, 0x73, 0x18, 0x14, 0x0F, 0x00, 0x01, 0x0F ; file 19FC64
db 0xB5, 0x72, 0x9B, 0x31, 0x01, 0x0F, 0x01, 0x0F, 0x7F, 0x0F, 0x01, 0x0F, 0x0A, 0x86, 0x00, 0x84 ; file 19FC74
db 0x80, 0x01, 0x0F, 0x01, 0x0F, 0x0F, 0x00, 0xEC, 0x31, 0x7A, 0x5F, 0x01, 0x0F, 0x12, 0x40, 0xFE ; file 19FC84
db 0xAF, 0x90, 0x12, 0x15, 0x11, 0x0F, 0x0E, 0x16, 0x10, 0x79, 0x0C, 0x2E, 0x0F, 0x89, 0x8A, 0x1A ; file 19FC94
db 0x19, 0x0F, 0x0C, 0x24, 0xD0, 0x8F, 0x16, 0x15, 0x0F, 0x0F, 0xF7, 0x30, 0x21, 0x0F, 0xB3, 0x87 ; file 19FCA4
db 0x15, 0x19, 0x19, 0xCC, 0x52, 0xCD, 0xC2, 0x03, 0x11, 0x43, 0x5F, 0x9E, 0xE8, 0xD7, 0x90, 0x11 ; file 19FCB4
db 0x03, 0x17, 0x56, 0x79, 0xEF, 0x3A, 0xA9, 0x07, 0x2C, 0x13, 0x4E, 0x0F, 0x37, 0xAE, 0x8D, 0x12 ; file 19FCC4
db 0xC7, 0xE2, 0x0C, 0x19, 0xBF, 0x50, 0x7D, 0x0F, 0x06, 0x9B, 0x15, 0x2D, 0x16, 0x08, 0xA0, 0x07 ; file 19FCD4
db 0x0B, 0x17, 0x51, 0x0F, 0x2C, 0x0F, 0x99, 0x58, 0x27, 0x0B, 0x0E, 0x13, 0x73, 0x60, 0x57, 0x24 ; file 19FCE4
db 0x07, 0xB5, 0x1F, 0xC3, 0x57, 0xE1, 0x0F, 0x7E, 0x90, 0xF2, 0xE0, 0x1A, 0x0F, 0x2A, 0x0F, 0x1A ; file 19FCF4
db 0x11, 0x0B, 0x1F, 0x0B, 0x11, 0x19, 0x18, 0x0D, 0xE9, 0xFF, 0x43, 0x7C, 0x95, 0x41, 0x4C, 0xEC ; file 19FD04
db 0x40, 0x44, 0x50, 0x1A, 0x1A, 0x71, 0x5F, 0xED, 0x4B, 0x15, 0x26, 0xA0, 0x81, 0x16, 0x1A, 0xF0 ; file 19FD14
db 0x17, 0x51, 0xD3, 0x0F, 0xB7, 0xB8, 0x9A, 0xF0, 0x68, 0xF1, 0x05, 0xC0, 0xC2, 0x40, 0x78, 0xF1 ; file 19FD24
db 0x1B, 0x70, 0x02, 0x2F, 0x0D, 0x02, 0xB9, 0xE0, 0x07, 0x0B, 0xF5, 0x11, 0x04, 0xA0, 0x16, 0xFF ; file 19FD34
db 0x93, 0x0F, 0x15, 0x15, 0x1A, 0x9C, 0x59, 0x0F, 0xBD, 0x47, 0x08, 0x0E, 0x11, 0x05, 0x10, 0x40 ; file 19FD44
db 0xF1, 0x05, 0x8F, 0x08, 0x0B, 0x1A, 0x0D, 0x26, 0x0F, 0xEA, 0x4A, 0xF5, 0xF0, 0x0F, 0xCD, 0x0E ; file 19FD54
db 0xC2, 0x40, 0x07, 0x0B, 0x2A, 0x0F, 0x17, 0x5E, 0x05, 0x0B, 0x0B, 0x0F, 0x08, 0x4A, 0xF0, 0x05 ; file 19FD64
db 0x7F, 0x0F, 0x2D, 0x0D, 0x16, 0x55, 0x75, 0x76, 0x04, 0x01, 0x0F, 0x71, 0x5B, 0x04, 0x17, 0x5F ; file 19FD74
db 0x2B, 0x0F, 0xA1, 0xF3, 0x19, 0x0F, 0x01, 0x0F, 0x30, 0x01, 0x0F, 0x01, 0x0F, 0x01, 0x0F, 0x01 ; file 19FD84
db 0x0F, 0x00, 0x07, 0xC2, 0xBF, 0x01, 0x0F, 0x00, 0x40, 0x3F, 0x01, 0x0F, 0x07, 0x08, 0xC0, 0x3F ; file 19FD94
db 0x01, 0x0F, 0x7A, 0x24, 0x14, 0x0F, 0x01, 0x0F, 0x00, 0xDA, 0xD2, 0xBE, 0x1F, 0x01, 0x0F, 0x55 ; file 19FDA4
db 0xD3, 0x7D, 0x0F, 0x01, 0x0F, 0x0E, 0x01, 0x90, 0x2F, 0x00, 0x01, 0x0F, 0xF1, 0x4A, 0x01, 0x0F ; file 19FDB4
db 0x52, 0x0D, 0xAF, 0x80, 0x00, 0x90, 0xAB, 0x0F, 0x7B, 0x0E, 0x2F, 0x1A, 0x18, 0x16, 0x16, 0x9E ; file 19FDC4
db 0x30, 0x0F, 0x68, 0xAF, 0x03, 0x0C, 0x5F, 0x0E, 0x16, 0x11, 0x16, 0x03, 0x69, 0xD0, 0x16, 0x70 ; file 19FDD4
db 0xD0, 0x4C, 0x57, 0x1F, 0x88, 0x9B, 0x0E, 0x0F, 0x61, 0x90, 0x43, 0x22, 0x08, 0x7C, 0xE1, 0xBC ; file 19FDE4
db 0x01, 0x0F, 0x40, 0x66, 0x08, 0x0C, 0x03, 0x11, 0x44, 0xF5, 0x0F, 0x3C, 0x57, 0x0F, 0xEA, 0x57 ; file 19FDF4
db 0x1A, 0x0E, 0x11, 0x0C, 0x20, 0xF0, 0xC8, 0xE4, 0xEC, 0xCE, 0xEF, 0x06, 0xA7, 0x0E, 0x19, 0x32 ; file 19FE04
db 0xA2, 0x0C, 0x19, 0x15, 0xC1, 0x12, 0x59, 0x1F, 0xD3, 0x0B, 0x9A, 0xE0, 0xEC, 0x60, 0xD6, 0xA0 ; file 19FE14
db 0x07, 0x0C, 0x5C, 0xD6, 0xAF, 0x78, 0x1A, 0x13, 0x08, 0x11, 0xE1, 0x50, 0x15, 0x27, 0xA1, 0x78 ; file 19FE24
db 0x85, 0xF0, 0x58, 0x1F, 0x09, 0x06, 0x0F, 0x15, 0x0F, 0x05, 0x70, 0x40, 0x30, 0x4F, 0x25, 0x55 ; file 19FE34
db 0x0F, 0x09, 0x06, 0x6D, 0xE1, 0x15, 0x07, 0x74, 0xE0, 0xA6, 0x0F, 0x7E, 0x3E, 0x6D, 0x0E, 0x18 ; file 19FE44
db 0x1A, 0x1B, 0x19, 0x0F, 0xC7, 0x40, 0x47, 0x1A, 0x1B, 0x18, 0x2D, 0x0F, 0xEC, 0x4E, 0xD7, 0x90 ; file 19FE54
db 0x11, 0x33, 0x00, 0x68, 0x20, 0x60, 0x01, 0x0F, 0x03, 0xA7, 0x05, 0x03, 0xA2, 0x13, 0x08, 0xF8 ; file 19FE64
db 0xE0, 0x8F, 0x11, 0x13, 0x16, 0x0D, 0xAA, 0x0F, 0x58, 0xB6, 0x0B, 0xF1, 0x13, 0x17, 0x16, 0x1A ; file 19FE74
db 0x1A, 0x7F, 0x91, 0x08, 0x0D, 0xB0, 0x97, 0xFF, 0xD5, 0x9A, 0xC4, 0x94, 0x50, 0xE9, 0xE3, 0x07 ; file 19FE84
db 0x52, 0xF0, 0x2B, 0x0F, 0x01, 0xAB, 0x07, 0x0F, 0x17, 0x11, 0x0F, 0x07, 0x20, 0xF1, 0x11, 0x82 ; file 19FE94
db 0x3F, 0x85, 0x0D, 0x43, 0x51, 0x31, 0x07, 0x1B, 0x50, 0x47, 0x6F, 0x2C, 0x0F, 0x04, 0x07, 0x2D ; file 19FEA4
db 0xA2, 0x2A, 0x0F, 0x00, 0xF8, 0xFE, 0x9F, 0xF4, 0x8B, 0xCF, 0x58, 0x0F, 0x40, 0x5F, 0x01, 0x0F ; file 19FEB4
db 0x45, 0x59, 0x14, 0x0F, 0x00, 0x01, 0x0F, 0x01, 0x0F, 0x01, 0x0F, 0x01, 0x0F, 0x01, 0x0F, 0x01 ; file 19FEC4
db 0x0F, 0x01, 0x0F, 0x01, 0x0F, 0x00, 0x01, 0x0F, 0x01, 0x0F, 0x01, 0x0F, 0x01, 0x0F, 0x01, 0x0F ; file 19FED4
db 0x01, 0x0F, 0x01, 0x0F, 0x01, 0x0F, 0x1E, 0xD2, 0x2F, 0x07, 0x0C, 0x10, 0x12, 0xBC, 0x80, 0x01 ; file 19FEE4
db 0x0F, 0x55, 0xFD, 0x8F, 0x0C, 0x13, 0x11, 0x0C, 0x73, 0x1F, 0xEE, 0x4B, 0x13, 0x01, 0x0D, 0xB3 ; file 19FEF4
db 0x15, 0x0B, 0x26, 0x0F, 0x17, 0x5D, 0x19, 0x19, 0x77, 0xD0, 0x11, 0xA9, 0x0B, 0x6E, 0xEF, 0xF4 ; file 19FF04
db 0xDE, 0x13, 0xF2, 0xD0, 0x11, 0x15, 0x50, 0x11, 0xF1, 0x13, 0xF7, 0xDF, 0x9F, 0xEB, 0x15, 0x50 ; file 19FF14
db 0x0F, 0x0B, 0x0E, 0x07, 0xA7, 0x07, 0x0B, 0x07, 0x58, 0x0F, 0x95, 0x5B, 0x15, 0xE1, 0x40, 0x0F ; file 19FF24
db 0xCE, 0xA5, 0x02, 0x03, 0x03, 0x0C, 0xC6, 0x3F, 0x80, 0xB8, 0x1A, 0x07, 0x07, 0x0F, 0x0F, 0x11 ; file 19FF34
db 0x56, 0xF6, 0xC4, 0x4F, 0x7E, 0x08, 0xAC, 0x90, 0xF6, 0xF0, 0x83, 0x0C, 0x16, 0xBD, 0x42, 0x9A ; file 19FF44
db 0xFF, 0xD5, 0xB8, 0xAC, 0x90, 0x75, 0x00, 0x0B, 0x4F, 0x0E, 0x0C, 0x13, 0x12, 0xD4, 0x0F, 0xB2 ; file 19FF54
db 0x79, 0x18, 0x39, 0x60, 0x37, 0x15, 0x0C, 0x07, 0x81, 0x01, 0x03, 0x0E, 0x84, 0x9F, 0x2A, 0x09 ; file 19FF64
db 0x0E, 0x13, 0x40, 0x0E, 0x18, 0x19, 0xB0, 0xB3, 0x34, 0xB0, 0x23, 0x0F, 0x91, 0x66, 0x0F, 0x19 ; file 19FF74
db 0x1A, 0x16, 0x0E, 0xCA, 0xF0, 0xDB, 0xB3, 0xA8, 0x0F, 0x1A, 0xF8, 0x33, 0x11, 0x18, 0xC0, 0x40 ; file 19FF84
db 0x59, 0xA0, 0x1A, 0x18, 0xA7, 0x0F, 0x00, 0xBB, 0xBF, 0x0E, 0x0E, 0x16, 0x1B, 0x19, 0x19, 0xD6 ; file 19FF94
db 0xB1, 0x1B, 0xE8, 0x13, 0xFF, 0x50, 0x99, 0xC9, 0x90, 0x11, 0x93, 0xF0, 0x1A, 0x05, 0x08, 0xC7 ; file 19FFA4
db 0x0C, 0x13, 0x16, 0x99, 0xFF, 0x1A, 0xFC, 0x27, 0xC0, 0x1B, 0x13, 0x21, 0x0F, 0x3C, 0x40, 0x07 ; file 19FFB4
db 0x12, 0x24, 0x0F, 0x2C, 0x0B, 0x19, 0x16, 0x53, 0x6C, 0xF0, 0xEC, 0x2B, 0x1F, 0x72, 0xFD, 0x0F ; file 19FFC4
db 0x0E, 0x57, 0xA1, 0x08, 0x0B, 0x15, 0x30, 0x16, 0x5F, 0x9E, 0xFC, 0xBD, 0xF0, 0x41, 0x52, 0x0F ; file 19FFD4
db 0x16, 0xD6, 0x2F, 0xB2, 0xAF, 0x00, 0x57, 0x01, 0x81, 0x20, 0x1F, 0x0F, 0x2C, 0x0F, 0xC3, 0x53 ; file 19FFE4
db 0x1D, 0x0F, 0x2C, 0x0F, 0x96, 0xF2, 0x01, 0x08, 0x1B, 0x0F, 0x2B, 0x0F, 0x6D, 0x52, 0x40, 0x5F ; file 19FFF4
db 0x01, 0x0F, 0xDE, 0xA3, 0x13, 0x0F, 0x00, 0x01, 0x0F, 0x01, 0x0F, 0x01, 0x0F, 0x01, 0x0F, 0x01 ; file 1A0004
db 0x0F, 0x01, 0x0F, 0x01, 0x0F, 0x01, 0x0F, 0x00, 0x01, 0x0F, 0x01, 0x0F, 0x01, 0x0F, 0x01, 0x0F ; file 1A0014
db 0x01, 0x0F, 0x01, 0x0F, 0x01, 0x0F, 0x01, 0x0F, 0x40, 0x01, 0x0F, 0x01, 0x0F, 0x01, 0x0F, 0x01 ; file 1A0024
db 0x0F, 0x01, 0x0F, 0x3B, 0x53, 0x0C, 0x01, 0x00, 0xF9, 0x10, 0xBF, 0x2F, 0xCC, 0xBE, 0x16, 0x16 ; file 1A0034
db 0x0E, 0x0F, 0x18, 0xD2, 0xEE, 0x40, 0x15, 0x9A, 0x3F, 0x2D, 0xAD, 0x0B, 0x2D, 0x00, 0x16, 0x15 ; file 1A0044
db 0xF2, 0x9C, 0xF0, 0x15, 0xEA, 0x4F, 0x82, 0xAB, 0x0B, 0x1E, 0x07, 0x0B, 0xC5, 0x08, 0x98, 0xC1 ; file 1A0054
db 0x04, 0xCF, 0xF0, 0x20, 0x0F, 0x47, 0xE7, 0x18, 0x0C, 0x37, 0x03, 0x0F, 0x0F, 0x79, 0x03, 0x03 ; file 1A0064
db 0x03, 0x09, 0x04, 0x01, 0x0F, 0x08, 0xA8, 0x03, 0xEB, 0xF0, 0x68, 0x25, 0x03, 0xF7, 0xE4, 0x01 ; file 1A0074
db 0x0F, 0xC6, 0xE2, 0x58, 0xA0, 0x10, 0xF4, 0x41, 0x7B, 0x02, 0x98, 0x4F, 0x08, 0x07, 0x13, 0x6E ; file 1A0084
db 0x40, 0x00, 0xA0, 0xE8, 0x50, 0xD3, 0x10, 0x15, 0xEA, 0x4F, 0x9F, 0xCA, 0x10, 0x23, 0x90, 0x18 ; file 1A0094
db 0x0C, 0xE6, 0xBA, 0x32, 0x07, 0x12, 0xD3, 0x0F, 0x2D, 0xA8, 0x16, 0x11, 0x07, 0x9B, 0x08, 0x11 ; file 1A00A4
db 0xD2, 0x94, 0x03, 0x10, 0x2B, 0x0F, 0x46, 0xD6, 0x19, 0x1E, 0xEA, 0x40, 0x18, 0x05, 0x0F, 0x18 ; file 1A00B4
db 0x01, 0xC0, 0x81, 0xAF, 0xA0, 0xCB, 0x86, 0xBA, 0x60, 0x1B, 0x19, 0x1B, 0x50, 0x6C, 0xF0, 0x51 ; file 1A00C4
db 0x0F, 0x06, 0x09, 0x08, 0x7B, 0x0E, 0x0E, 0x66, 0xF1, 0x16, 0x0B, 0x13, 0x0F, 0xB4, 0xA0, 0x5C ; file 1A00D4
db 0x20, 0x0F, 0x2C, 0xA9, 0x05, 0x0E, 0x15, 0x57, 0xA0, 0x07, 0xC1, 0xE0, 0xB9, 0x13, 0x28, 0xCF ; file 1A00E4
db 0x15, 0x5F, 0x19, 0x1A, 0x13, 0xEE, 0xE1, 0x0E, 0xBC, 0x3E, 0x7F, 0x83, 0xAC, 0x05, 0x0E, 0x11 ; file 1A00F4
db 0x0E, 0x97, 0xF4, 0x13, 0x80, 0xD9, 0xCF, 0xAF, 0xAC, 0x1C, 0x60, 0x2D, 0x01, 0x46, 0xF0, 0x40 ; file 1A0104
db 0x5F, 0xDB, 0xAD, 0x08, 0xCD, 0x0B, 0x6C, 0x52, 0x0C, 0x16, 0x81, 0x0F, 0x99, 0x5F, 0x0B, 0x0B ; file 1A0114
db 0x00, 0x94, 0xF0, 0x7E, 0xCF, 0x58, 0x0F, 0x40, 0x5F, 0x01, 0x0F, 0x56, 0xAA, 0x40, 0x5F, 0x01 ; file 1A0124
db 0x0F, 0x00, 0xAD, 0xA3, 0x40, 0x5F, 0x01, 0x0F, 0x40, 0x5F, 0x01, 0x0F, 0x01, 0x0F, 0x01, 0x0F ; file 1A0134
db 0x01, 0x0F, 0x00, 0x01, 0x0F, 0x01, 0x0F, 0x01, 0x0F, 0x01, 0x0F, 0x01, 0x0F, 0x01, 0x0F, 0x01 ; file 1A0144
db 0x0F, 0x01, 0x0F, 0x00, 0x01, 0x0F, 0x01, 0x0F, 0x01, 0x0F, 0x01, 0x0F, 0x01, 0x0F, 0x01, 0x0F ; file 1A0154
db 0x01, 0x0F, 0x01, 0x0F, 0xA0, 0x01, 0x0F, 0x99, 0x48, 0x0F, 0x22, 0xEA, 0x2F, 0x06, 0x9F, 0x19 ; file 1A0164
db 0x97, 0xF0, 0x13, 0xF8, 0xDB, 0x90, 0x13, 0x5F, 0x9B, 0x3D, 0x0F, 0x0F, 0x18, 0x19, 0x16, 0x87 ; file 1A0174
db 0x1A, 0x16, 0x13, 0x80, 0xA0, 0xC5, 0x3F, 0x9B, 0xDA, 0x99, 0xE0, 0x0B, 0x3E, 0x69, 0x30, 0x16 ; file 1A0184
db 0x18, 0x0E, 0x0B, 0x13, 0x58, 0x0F, 0xFE, 0xA9, 0xB7, 0x16, 0x07, 0x0E, 0x97, 0xF0, 0x03, 0x1E ; file 1A0194
db 0x85, 0xA0, 0x03, 0x78, 0x8D, 0xA0, 0x01, 0x0F, 0x53, 0x06, 0x1A, 0x0C, 0x15, 0x0C, 0x80, 0xA2 ; file 1A01A4
db 0xC1, 0x0B, 0x2C, 0x90, 0xD8, 0x9F, 0x97, 0xF9, 0xA7, 0x00, 0x80, 0xA1, 0x18, 0x10, 0x90, 0x87 ; file 1A01B4
db 0xA1, 0x40, 0x5F, 0x43, 0xE7, 0xBE, 0xE0, 0x18, 0x75, 0x00, 0x80, 0xA0, 0x0B, 0xA1, 0x10, 0x2C ; file 1A01C4
db 0x1F, 0x6D, 0xE9, 0x80, 0xA1, 0x39, 0x40, 0x11, 0xE9, 0x20, 0x03, 0x1C, 0xFD, 0xAF, 0x2A, 0x0A ; file 1A01D4
db 0x13, 0x0E, 0x05, 0x55, 0xA6, 0xA8, 0x0F, 0x80, 0xAC, 0xE0, 0x6B, 0xF1, 0xFC, 0x93, 0xA8, 0x0F ; file 1A01E4
db 0x09, 0x06, 0x5D, 0x41, 0x1A, 0x1B, 0x15, 0xB2, 0x80, 0xA1, 0x1A, 0x12, 0x7F, 0x25, 0xCB, 0x0E ; file 1A01F4
db 0x0F, 0x80, 0xA2, 0x0F, 0x4F, 0x15, 0x15, 0x1B, 0x1B, 0x55, 0xAF, 0x55, 0x09, 0x05, 0x80, 0xA2 ; file 1A0204
db 0x47, 0x1B, 0x05, 0x08, 0xA9, 0x11, 0x57, 0x0F, 0x6A, 0xFB, 0x07, 0x82, 0x00, 0x41, 0x16, 0x80 ; file 1A0214
db 0xA0, 0x46, 0x60, 0x80, 0xAF, 0x2C, 0x0F, 0x40, 0x53, 0x0E, 0xAA, 0xCF, 0xF4, 0xC2, 0xFD, 0xDB ; file 1A0224
db 0x00, 0x0F, 0xAD, 0xA1, 0x05, 0x0B, 0x15, 0x18, 0x10, 0x22, 0x0F, 0xFC, 0x9C, 0x54, 0x20, 0xC1 ; file 1A0234
db 0xF1, 0x0E, 0x80, 0xAF, 0x2C, 0x0F, 0x80, 0xA1, 0x01, 0x05, 0x80, 0xAF, 0x6B, 0x5F, 0x40, 0x5F ; file 1A0244
db 0x01, 0x0F, 0x80, 0xAF, 0x01, 0x0F, 0x80, 0xAF, 0x00, 0x40, 0x5F, 0x01, 0x0F, 0x40, 0x5F, 0x01 ; file 1A0254
db 0x0F, 0x01, 0x0F, 0x01, 0x0F, 0x01, 0x0F, 0x01, 0x0F, 0x00, 0x01, 0x0F, 0x01, 0x0F, 0x01, 0x0F ; file 1A0264
db 0x01, 0x0F, 0x01, 0x0F, 0x01, 0x0F, 0x01, 0x0F, 0x01, 0x0F, 0x00, 0x01, 0x0F, 0x01, 0x0F, 0x01 ; file 1A0274
db 0x0F, 0x01, 0x0F, 0x01, 0x0F, 0x01, 0x0F, 0x01, 0x0F, 0x01, 0x0F, 0x28, 0x01, 0x0F, 0x01, 0x0F ; file 1A0284
db 0x69, 0x5F, 0x10, 0xA7, 0xA1, 0x16, 0x40, 0x3F, 0x99, 0xEF, 0x37, 0x16, 0x11, 0x0F, 0x17, 0x50 ; file 1A0294
db 0x0B, 0x11, 0x2C, 0x0F, 0xE9, 0xFC, 0x9F, 0x19, 0x19, 0x12, 0x10, 0x16, 0x04, 0xA0, 0x1F, 0xF0 ; file 1A02A4
db 0x16, 0xAC, 0x3F, 0x5F, 0x2E, 0x9B, 0x08, 0x0C, 0x32, 0x90, 0x0D, 0xBE, 0xF0, 0x1E, 0xE9, 0x0E ; file 1A02B4
db 0x3F, 0x5F, 0x54, 0xA8, 0x11, 0x92, 0xF0, 0x0E, 0x07, 0x1E, 0xB2, 0x13, 0x43, 0x07, 0x82, 0x8F ; file 1A02C4
db 0x7E, 0xA7, 0x18, 0x16, 0x55, 0xB0, 0x03, 0x63, 0x00, 0x0E, 0xE5, 0x53, 0x97, 0x4F, 0x18, 0x47 ; file 1A02D4
db 0x08, 0x11, 0x3C, 0x60, 0x8E, 0x9D, 0xF1, 0x15, 0x15, 0x10, 0x15, 0x4F, 0x97, 0x4B, 0x43, 0xF0 ; file 1A02E4
db 0x07, 0xFF, 0x00, 0x0B, 0x0B, 0x03, 0x03, 0x07, 0x0F, 0x13, 0xB4, 0x3E, 0x6F, 0x90, 0x68, 0x11 ; file 1A02F4
db 0xEA, 0xF0, 0x18, 0x0D, 0xA1, 0x03, 0x03, 0xF9, 0x10, 0xC3, 0x4F, 0xBA, 0x67, 0x0F, 0x19, 0x0B ; file 1A0304
db 0x05, 0x0E, 0x23, 0x18, 0x1A, 0x79, 0x04, 0x80, 0x0F, 0xFD, 0xA7, 0x13, 0x68, 0xF0, 0x8B, 0x60 ; file 1A0314
db 0x23, 0x1A, 0x12, 0x7B, 0x1F, 0x7F, 0xAC, 0x6A, 0x52, 0x16, 0x2B, 0xB0, 0x6B, 0x51, 0x7C, 0x20 ; file 1A0324
db 0x0F, 0xEA, 0xFA, 0x0F, 0x18, 0x1B, 0x1A, 0x19, 0xBF, 0x40, 0xC1, 0x16, 0xC8, 0x50, 0x58, 0x0F ; file 1A0334
db 0xEA, 0xF8, 0x49, 0xA0, 0xC0, 0x50, 0x19, 0x05, 0x26, 0xAB, 0xA1, 0x11, 0x16, 0x13, 0x5F, 0x12 ; file 1A0344
db 0x5B, 0x0E, 0x2C, 0xB0, 0x67, 0xF1, 0x46, 0xC8, 0xF0, 0x15, 0x12, 0x2D, 0x0F, 0x52, 0xA9, 0x51 ; file 1A0354
db 0xA1, 0x0B, 0x93, 0xF1, 0x30, 0x22, 0x61, 0xAA, 0xAF, 0xFA, 0x9C, 0x6B, 0x54, 0x04, 0x0F, 0x6A ; file 1A0364
db 0x5F, 0xE7, 0x4E, 0x30, 0x73, 0x60, 0x40, 0x51, 0xD6, 0x1F, 0x2C, 0x0F, 0x04, 0x08, 0x40, 0x5F ; file 1A0374
db 0x01, 0x0F, 0x02, 0x40, 0x58, 0x0B, 0x1B, 0x0F, 0xC4, 0x7E, 0x6B, 0x53, 0x40, 0x5F, 0x01, 0x0F ; file 1A0384
db 0x7B, 0xD3, 0x00, 0x14, 0x0F, 0x01, 0x0F, 0x01, 0x0F, 0x01, 0x0F, 0x01, 0x0F, 0x01, 0x0F, 0x01 ; file 1A0394
db 0x0F, 0x01, 0x0F, 0x00, 0x01, 0x0F, 0x01, 0x0F, 0x01, 0x0F, 0x01, 0x0F, 0x01, 0x0F, 0x01, 0x0F ; file 1A03A4
db 0x01, 0x0F, 0x01, 0x0F, 0x00, 0x01, 0x0F, 0x01, 0x0F, 0x01, 0x0F, 0x01, 0x0F, 0x01, 0x0F, 0x01 ; file 1A03B4
db 0x0F, 0x01, 0x0F, 0x01, 0x0F, 0x38, 0x01, 0x0F, 0x01, 0x0F, 0xF2, 0x3F, 0x0D, 0x10, 0x16, 0x6A ; file 1A03C4
db 0x3F, 0x69, 0x5E, 0xCF, 0x1A, 0x19, 0x16, 0x11, 0x71, 0x40, 0xE6, 0xF0, 0x12, 0x0D, 0x10, 0x2E ; file 1A03D4
db 0x0F, 0xFC, 0xA9, 0xD6, 0x90, 0x68, 0x50, 0x0F, 0xFC, 0x90, 0xD7, 0x80, 0x2B, 0x0F, 0x3E, 0x24 ; file 1A03E4
db 0xB6, 0x12, 0x13, 0x16, 0x13, 0x07, 0x43, 0x52, 0xE8, 0xF2, 0xC9, 0x10, 0x47, 0x4F, 0x84, 0x44 ; file 1A03F4
db 0x13, 0xE5, 0xE0, 0x1C, 0x00, 0x0B, 0x15, 0x92, 0xE3, 0x45, 0x07, 0xEC, 0x4F, 0x3C, 0x55, 0x0F ; file 1A0404
db 0xF9, 0x90, 0x89, 0x50, 0x0F, 0xF9, 0x07, 0x4F, 0x0F, 0x3E, 0xFC, 0x13, 0x0B, 0x16, 0x15, 0x12 ; file 1A0414
db 0x7E, 0x5F, 0xE0, 0x03, 0x13, 0x0F, 0x11, 0x13, 0x12, 0xA9, 0x0F, 0xFA, 0xAA, 0x97, 0x11, 0x65 ; file 1A0424
db 0xF0, 0x11, 0x19, 0x0D, 0x00, 0x07, 0x51, 0x0E, 0xBB, 0x52, 0x3F, 0x5F, 0xFC, 0xA8, 0x1A, 0x57 ; file 1A0434
db 0xA1, 0x12, 0xCB, 0xB5, 0x7C, 0x2A, 0x9F, 0x51, 0x18, 0x0D, 0x08, 0x08, 0x0B, 0x16, 0xA8, 0xA4 ; file 1A0444
db 0xB4, 0x01, 0x0F, 0x00, 0x18, 0x0E, 0x69, 0x50, 0x15, 0x07, 0x28, 0xC0, 0x15, 0xD8, 0xE7, 0x4F ; file 1A0454
db 0x3F, 0x5C, 0x36, 0x50, 0x1B, 0x1A, 0xFF, 0xA0, 0x16, 0x16, 0xD3, 0x1B, 0x1B, 0xD3, 0x0F, 0xFE ; file 1A0464
db 0xA9, 0x07, 0xE8, 0xF1, 0x1A, 0x18, 0xCE, 0x3D, 0xF0, 0x16, 0x16, 0x18, 0xE7, 0x4F, 0x2A, 0x09 ; file 1A0474
db 0x08, 0x0E, 0xE5, 0x16, 0xD4, 0xA0, 0x11, 0xA9, 0xA0, 0x80, 0xC0, 0x15, 0x16, 0x15, 0x79, 0x0C ; file 1A0484
db 0x2E, 0x0F, 0xBB, 0xF8, 0x0F, 0x13, 0x19, 0x18, 0xD3, 0x92, 0x22, 0xF2, 0xF0, 0x11, 0x48, 0x65 ; file 1A0494
db 0x01, 0x0F, 0xA8, 0xA2, 0x07, 0xD1, 0xC0, 0xBE, 0xF2, 0x91, 0x04, 0x8D, 0x10, 0x24, 0x0F, 0x64 ; file 1A04A4
db 0xFB, 0x07, 0x87, 0xB0, 0xD6, 0xA0, 0x08, 0x39, 0x0B, 0x05, 0x1F, 0x11, 0x5F, 0x08, 0x0E, 0x05 ; file 1A04B4
db 0xF0, 0xF1, 0x2A, 0x0F, 0x00, 0x2D, 0x0F, 0x40, 0x5F, 0x01, 0x0F, 0xEA, 0xF9, 0x40, 0x5F, 0x01 ; file 1A04C4
db 0x0F, 0x3E, 0x51, 0x40, 0x5F, 0x00, 0x01, 0x0F, 0x01, 0x0F, 0x01, 0x0F, 0x01, 0x0F, 0x01, 0x0F ; file 1A04D4
db 0x01, 0x0F, 0x01, 0x0F, 0x01, 0x0F, 0x00, 0x01, 0x0F, 0x01, 0x0F, 0x01, 0x0F, 0x01, 0x0F, 0x01 ; file 1A04E4
db 0x0F, 0x01, 0x0F, 0x01, 0x0F, 0x01, 0x0F, 0x00, 0x01, 0x0F, 0x01, 0x0F, 0x01, 0x0F, 0x01, 0x0F ; file 1A04F4
db 0x01, 0x0F, 0x01, 0x0F, 0x01, 0x0F, 0x01, 0x0F, 0x60, 0x01, 0x0F, 0x01, 0x0F, 0x01, 0x0F, 0x01 ; file 1A0504
db 0x0F, 0xC9, 0x45, 0x15, 0x12, 0xB9, 0x4F, 0x4E, 0xD2, 0xAE, 0x07, 0x0C, 0x12, 0xC1, 0xE0, 0x19 ; file 1A0514
db 0xF0, 0x12, 0x96, 0x3F, 0xBE, 0x68, 0x5A, 0x15, 0x1A, 0x1A, 0x16, 0x15, 0xD2, 0xA0, 0x11, 0x1F ; file 1A0524
db 0x0C, 0x08, 0x07, 0x0C, 0x16, 0x48, 0x4F, 0xD1, 0xA9, 0xCA, 0xA0, 0x71, 0x0F, 0xE2, 0x24, 0x6A ; file 1A0534
db 0xFF, 0xBB, 0x57, 0x0E, 0x04, 0x11, 0x46, 0x40, 0x59, 0x0F, 0xB9, 0x2F, 0x93, 0x5E, 0x03, 0x03 ; file 1A0544
db 0x4D, 0xA0, 0x03, 0x3F, 0x50, 0xCE, 0xC8, 0x50, 0x0C, 0x07, 0x07, 0x52, 0x0F, 0x0C, 0x03, 0x0D ; file 1A0554
db 0x16, 0xDD, 0x0B, 0x7A, 0xB0, 0x16, 0x07, 0x07, 0x69, 0x51, 0x16, 0x0F, 0xA3, 0x0D, 0x0F, 0xD7 ; file 1A0564
db 0x00, 0x2C, 0x0F, 0x0E, 0x01, 0x13, 0x73, 0xA0, 0x03, 0x82, 0x6A, 0x40, 0x16, 0x7B, 0xA0, 0x69 ; file 1A0574
db 0x52, 0x7D, 0xA0, 0x2B, 0x0F, 0x76, 0xB3, 0x19, 0x0D, 0x0C, 0xE4, 0x52, 0x16, 0x16, 0x26, 0xC0 ; file 1A0584
db 0x20, 0x0F, 0x64, 0xF9, 0xDD, 0x40, 0x97, 0x07, 0x18, 0x0C, 0xEB, 0xF0, 0x19, 0x79, 0xAF, 0xDE ; file 1A0594
db 0x3D, 0x0E, 0xFF, 0x1A, 0x1A, 0x18, 0x13, 0x15, 0x0F, 0x0B, 0x11, 0x92, 0x69, 0x50, 0x18, 0xE5 ; file 1A05A4
db 0x6F, 0xA4, 0xBA, 0x13, 0x67, 0x50, 0x69, 0x51, 0x11, 0xE6, 0xB0, 0x00, 0x1B, 0x1A, 0xA8, 0x0F ; file 1A05B4
db 0x08, 0x07, 0x04, 0x0F, 0x11, 0x66, 0x69, 0x50, 0x1B, 0x16, 0xE8, 0x40, 0xB1, 0x00, 0x16, 0x18 ; file 1A05C4
db 0x7D, 0xA0, 0x6C, 0x2E, 0x0F, 0xD3, 0xA4, 0x08, 0x0B, 0x2B, 0x01, 0x1A, 0x0B, 0xE6, 0x41, 0xC1 ; file 1A05D4
db 0x07, 0xC5, 0x51, 0x36, 0xC0, 0x01, 0x0F, 0xA6, 0xA3, 0x68, 0x60, 0x15, 0x18, 0x3B, 0x1A, 0x0E ; file 1A05E4
db 0xBD, 0x44, 0x0E, 0x11, 0x1A, 0x5B, 0x2F, 0x60, 0xF8, 0x2E, 0x68, 0x51, 0x11, 0x11, 0x0B, 0x14 ; file 1A05F4
db 0x51, 0x07, 0x34, 0x1F, 0x10, 0x5D, 0x7E, 0xE3, 0xF0, 0x0F, 0x11, 0x05, 0x04, 0x05, 0x05, 0xC0 ; file 1A0604
db 0x6F, 0x00, 0x90, 0xFC, 0x64, 0x52, 0xC1, 0xF2, 0xB3, 0x13, 0x01, 0x0F, 0xB2, 0xB8, 0x40, 0x5F ; file 1A0614
db 0x01, 0x0F, 0x00, 0xEA, 0xF7, 0xED, 0xF0, 0x19, 0x0F, 0x01, 0x0F, 0x01, 0x0F, 0x01, 0x0F, 0x01 ; file 1A0624
db 0x0F, 0x01, 0x0F, 0x00, 0x01, 0x0F, 0x01, 0x0F, 0x01, 0x0F, 0x01, 0x0F, 0x01, 0x0F, 0x01, 0x0F ; file 1A0634
db 0x01, 0x0F, 0x01, 0x0F, 0x00, 0x01, 0x0F, 0x01, 0x0F, 0x01, 0x0F, 0x01, 0x0F, 0x01, 0x0F, 0x01 ; file 1A0644
db 0x0F, 0x01, 0x0F, 0x01, 0x0F, 0x00, 0x01, 0x0F, 0x01, 0x0F, 0x01, 0x0F, 0x01, 0x0F, 0x01, 0x0F ; file 1A0654
db 0x01, 0x0F, 0x01, 0x0F, 0x01, 0x0F, 0x60, 0x01, 0x0F, 0x33, 0xA9, 0x13, 0x0F, 0x54, 0xAC, 0xB3 ; file 1A0664
db 0xF4, 0x10, 0x16, 0x66, 0xF0, 0x78, 0x97, 0x5F, 0xCF, 0xA9, 0xB1, 0xF0, 0x07, 0x10, 0x15, 0x0F ; file 1A0674
db 0x64, 0xE0, 0xCB, 0x13, 0x0B, 0x7C, 0x80, 0x15, 0xED, 0x3F, 0xF8, 0xA4, 0x10, 0x00, 0xFF, 0x03 ; file 1A0684
db 0x1A, 0x18, 0x0E, 0x03, 0x10, 0x19, 0x0F, 0xC5, 0x07, 0x41, 0x52, 0x03, 0xA7, 0xAF, 0x9D, 0x03 ; file 1A0694
db 0x87, 0xF0, 0x0B, 0x19, 0x42, 0x69, 0x51, 0x0E, 0x69, 0x5F, 0xEA, 0x4C, 0x91, 0xE0, 0x05, 0x01 ; file 1A06A4
db 0x03, 0x97, 0x50, 0x22, 0xA9, 0xB0, 0x0C, 0x03, 0x00, 0x26, 0x0F, 0xE4, 0xE2, 0x0F, 0x7E, 0xA2 ; file 1A06B4
db 0x3B, 0x50, 0xFE, 0x69, 0x50, 0x07, 0x16, 0x16, 0x10, 0x0F, 0x0C, 0x10, 0x78, 0x98, 0xFF, 0x4E ; file 1A06C4
db 0xB3, 0x20, 0x11, 0x19, 0x15, 0x07, 0x07, 0xB1, 0xE1, 0xC1, 0x0B, 0x82, 0x03, 0x93, 0x4F, 0xAF ; file 1A06D4
db 0x62, 0x53, 0xB2, 0x4D, 0xA0, 0x19, 0x12, 0x70, 0x26, 0xB0, 0x21, 0x0F, 0xF3, 0xB8, 0xFD, 0xA3 ; file 1A06E4
db 0x0B, 0x0E, 0x13, 0xE1, 0x40, 0x6C, 0xC9, 0x9F, 0x08, 0x07, 0x10, 0x1B, 0x87, 0x52, 0x11, 0x18 ; file 1A06F4
db 0x66, 0xF0, 0xC6, 0xBF, 0xF0, 0x16, 0x10, 0xA6, 0x00, 0xD3, 0x0F, 0x89, 0xF2, 0x13, 0x18, 0xFB ; file 1A0704
db 0x1A, 0x16, 0x5B, 0x60, 0x1A, 0x16, 0x1A, 0x19, 0x13, 0x3F, 0x0B, 0x0B, 0x13, 0x18, 0x19, 0x18 ; file 1A0714
db 0x1B, 0x50, 0xFB, 0x9F, 0xBC, 0xD8, 0xE2, 0x6A, 0xC0, 0x16, 0x1A, 0x1A, 0x1B, 0xFD, 0xA0, 0x1B ; file 1A0724
db 0xFA, 0x2C, 0x00, 0x0F, 0x46, 0x60, 0x16, 0x16, 0x19, 0x19, 0x18, 0xB9, 0x15, 0xD8, 0xCF, 0x99 ; file 1A0734
db 0x92, 0x0B, 0x13, 0x0E, 0xC1, 0x50, 0x1B, 0x55, 0x1B, 0x69, 0x51, 0x05, 0x76, 0x50, 0x0F, 0x30 ; file 1A0744
db 0xB0, 0x1A, 0x8C, 0x1F, 0x96, 0x69, 0x51, 0x05, 0x05, 0xD4, 0x00, 0x19, 0x5C, 0x00, 0x27, 0xA4 ; file 1A0754
db 0x05, 0x68, 0x0D, 0xB0, 0xB1, 0x0F, 0xA4, 0xA8, 0x0F, 0xE8, 0x50, 0x0F, 0x11, 0xB1, 0xC0, 0x00 ; file 1A0764
db 0x0B, 0xB0, 0xEA, 0xFF, 0x3B, 0x5B, 0x7E, 0x01, 0xD5, 0xA0, 0x82, 0xA2, 0xE2, 0x11, 0x01, 0x0F ; file 1A0774
db 0x00, 0x6A, 0x59, 0xAA, 0x00, 0x40, 0x5F, 0x01, 0x0F, 0x4D, 0xD2, 0x29, 0x03, 0xD3, 0x0F, 0x01 ; file 1A0784
db 0x0F, 0x00, 0x01, 0x0F, 0x01, 0x0F, 0x01, 0x0F, 0x01, 0x0F, 0x01, 0x0F, 0x01, 0x0F, 0x01, 0x0F ; file 1A0794
db 0x01, 0x0F, 0x00, 0x01, 0x0F, 0x01, 0x0F, 0x01, 0x0F, 0x01, 0x0F, 0x01, 0x0F, 0x01, 0x0F, 0x01 ; file 1A07A4
db 0x0F, 0x01, 0x0F, 0x00, 0x01, 0x0F, 0x01, 0x0F, 0x01, 0x0F, 0x01, 0x0F, 0x01, 0x0F, 0x01, 0x0F ; file 1A07B4
db 0x01, 0x0F, 0x01, 0x0F, 0x00, 0x01, 0x0F, 0x01, 0x0F, 0x01, 0x0F, 0x01, 0x0F, 0x01, 0x0F, 0x01 ; file 1A07C4
db 0x0F, 0x01, 0x0F, 0x01, 0x0F, 0x18, 0x01, 0x0F, 0x01, 0x0F, 0xD6, 0xA1, 0x12, 0x0C, 0xAD, 0x90 ; file 1A07D4
db 0xD1, 0xAF, 0x75, 0x4E, 0x6F, 0x0C, 0x13, 0x0C, 0x11, 0x92, 0xF0, 0x0E, 0x15, 0x29, 0xAF, 0xFE ; file 1A07E4
db 0xD9, 0x59, 0x07, 0x10, 0x13, 0x0B, 0x15, 0x18, 0x11, 0x2D, 0x0B, 0x65, 0xD1, 0x03, 0x03, 0x2A ; file 1A07F4
db 0x0F, 0x00, 0xFB, 0x34, 0x0C, 0x50, 0x8F, 0x0B, 0x03, 0x15, 0x16, 0x0A, 0x3F, 0xBE, 0x48, 0x3E ; file 1A0804
db 0x03, 0x0C, 0xDA, 0x42, 0x91, 0x05, 0xC7, 0x84, 0x07, 0x0D, 0x6A, 0x4F, 0x00, 0x00, 0xC5, 0x0F ; file 1A0814
db 0x3A, 0x93, 0x03, 0x08, 0x01, 0x11, 0x52, 0xD1, 0x90, 0x10, 0x0B, 0xCB, 0x0C, 0x10, 0x2C, 0x0F ; file 1A0824
db 0x10, 0xB9, 0x94, 0xEC, 0x51, 0x03, 0x18, 0xD1, 0x03, 0x54, 0xB0, 0x60, 0xEF, 0xAB, 0x64, 0x18 ; file 1A0834
db 0xA9, 0x06, 0x0C, 0x03, 0x85, 0x19, 0x75, 0x00, 0x0F, 0x79, 0x0F, 0xB9, 0xB6, 0x7E, 0xA4, 0x77 ; file 1A0844
db 0xA2, 0x0C, 0x69, 0x00, 0xC8, 0xBF, 0x5D, 0xF6, 0x15, 0xAA, 0x04, 0x11, 0x0F, 0x27, 0xA0, 0x7F ; file 1A0854
db 0x19, 0x19, 0x1A, 0x10, 0x0C, 0x07, 0x10, 0x7A, 0xA0, 0x78, 0x2A, 0x0F, 0xB4, 0x60, 0xCF, 0x43 ; file 1A0864
db 0x07, 0x1A, 0x0B, 0x05, 0xDF, 0xF0, 0x79, 0x13, 0x6F, 0x50, 0x47, 0x51, 0x19, 0x12, 0x0D, 0x0D ; file 1A0874
db 0xB0, 0x1D, 0xFB, 0x0C, 0x1A, 0x50, 0x52, 0x03, 0x13, 0x1A, 0x19, 0x1B, 0xE3, 0x1B, 0x18, 0xA4 ; file 1A0884
db 0xC1, 0x39, 0x51, 0xA6, 0xA0, 0x19, 0x1A, 0x16, 0xED, 0x1B, 0x55, 0xAA, 0x07, 0x0E, 0x33, 0x50 ; file 1A0894
db 0x1A, 0x18, 0x18, 0x3C, 0x29, 0x00, 0x20, 0xB0, 0x1B, 0x19, 0x16, 0x05, 0xB9, 0xF1, 0xED, 0x41 ; file 1A08A4
db 0x27, 0x0E, 0x0E, 0x16, 0xE5, 0x01, 0xCB, 0xA8, 0x07, 0xBF, 0x10, 0xEE, 0xA0, 0x1B, 0x0B, 0x11 ; file 1A08B4
db 0x94, 0x53, 0x19, 0x16, 0x92, 0xF5, 0xB5, 0xA0, 0xAA, 0xAF, 0xBC, 0x94, 0x53, 0xA9, 0x00, 0x11 ; file 1A08C4
db 0x11, 0x15, 0x11, 0xA6, 0xA0, 0x11, 0x1B, 0x0F, 0x13, 0x04, 0xB0, 0x05, 0x05, 0xD1, 0x74, 0x1A ; file 1A08D4
db 0x6E, 0xB4, 0x52, 0x82, 0x05, 0x03, 0x08, 0x58, 0xB1, 0xEE, 0xF1, 0x28, 0x0F, 0xB5, 0xF7, 0xD3 ; file 1A08E4
db 0xA3, 0x08, 0x12, 0x33, 0x02, 0x04, 0x36, 0x2F, 0x01, 0x0F, 0x1E, 0x66, 0x5F, 0x01, 0x0F, 0x01 ; file 1A08F4
db 0x0F, 0x00, 0x01, 0x0F, 0x01, 0x0F, 0x01, 0x0F, 0x01, 0x0F, 0x01, 0x0F, 0x01, 0x0F, 0x01, 0x0F ; file 1A0904
db 0x01, 0x0F, 0x00, 0x01, 0x0F, 0x01, 0x0F, 0x01, 0x0F, 0x01, 0x0F, 0x01, 0x0F, 0x01, 0x0F, 0x01 ; file 1A0914
db 0x0F, 0x01, 0x0F, 0x00, 0x01, 0x0F, 0x01, 0x0F, 0x01, 0x0F, 0x01, 0x0F, 0x01, 0x0F, 0x01, 0x0F ; file 1A0924
db 0x01, 0x0F, 0x01, 0x0F, 0x00, 0x01, 0x0F, 0x01, 0x0F, 0x01, 0x0F, 0x01, 0x0F, 0x01, 0x0F, 0x01 ; file 1A0934
db 0x0F, 0x01, 0x0F, 0x01, 0x0F, 0x90, 0x01, 0x0F, 0x6F, 0x5B, 0x14, 0x0F, 0xB5, 0x9E, 0x12, 0xFA ; file 1A0944
db 0xA0, 0xFF, 0xA0, 0x12, 0x18, 0x28, 0xAF, 0xED, 0xFC, 0x51, 0x90, 0x15, 0x0E, 0xE7, 0x22, 0xEB ; file 1A0954
db 0x2F, 0xDD, 0x9A, 0xCF, 0x11, 0x0C, 0x19, 0x13, 0x4C, 0x0F, 0x58, 0xAE, 0x0D, 0x16, 0x41, 0x0E ; file 1A0964
db 0x93, 0x50, 0x87, 0x06, 0x62, 0xB1, 0x01, 0x0F, 0x58, 0xA2, 0x1B, 0x31, 0x60, 0x5D, 0x05, 0xFC ; file 1A0974
db 0xA1, 0x07, 0x15, 0x15, 0x05, 0xA0, 0x0B, 0x2B, 0x0F, 0x32, 0x2A, 0xB5, 0x16, 0x8F, 0x50, 0x00 ; file 1A0984
db 0xB1, 0x00, 0x12, 0x82, 0x0F, 0xBC, 0xFC, 0xC2, 0x15, 0xA1, 0x13, 0x8A, 0x60, 0x9F, 0xBF, 0xCB ; file 1A0994
db 0xA2, 0x3F, 0x08, 0x0F, 0x19, 0x87, 0x0C, 0x07, 0x11, 0xAE, 0xB1, 0x5D, 0x4F, 0xC8, 0xB2, 0x41 ; file 1A09A4
db 0x07, 0x03, 0x3E, 0xC7, 0x90, 0x16, 0x19, 0x18, 0x10, 0x10, 0xFD, 0xA0, 0xF7, 0x90, 0x61, 0x0D ; file 1A09B4
db 0x53, 0x64, 0xF3, 0xB7, 0xF5, 0x47, 0xFF, 0xB0, 0x0E, 0x11, 0x54, 0xA2, 0xCC, 0x38, 0x50, 0x85 ; file 1A09C4
db 0xA0, 0x1A, 0x18, 0x42, 0x51, 0x77, 0x06, 0x1E, 0x0E, 0x9D, 0x18, 0x90, 0x16, 0x0E, 0x1A, 0x03 ; file 1A09D4
db 0x50, 0xA1, 0x8D, 0xF0, 0x13, 0x67, 0x0F, 0x16, 0x18, 0xAB, 0xC0, 0x6C, 0x50, 0x13, 0x1A, 0x6D ; file 1A09E4
db 0xB2, 0x06, 0xDC, 0xF3, 0x0C, 0x19, 0xBF, 0x10, 0xE6, 0xF2, 0x70, 0x51, 0x20, 0xB0, 0x95, 0x50 ; file 1A09F4
db 0xD1, 0x07, 0xA4, 0xA0, 0x96, 0xF0, 0x2E, 0x10, 0x0E, 0xEA, 0xF9, 0x03, 0x0E, 0xDC, 0x22, 0xB0 ; file 1A0A04
db 0x02, 0x02, 0x16, 0x1A, 0x13, 0xC0, 0x50, 0x1B, 0x1B, 0x85, 0x11, 0x6A, 0x51, 0x0B, 0x1D, 0x52 ; file 1A0A14
db 0x80, 0x50, 0x98, 0xB2, 0xAA, 0xF5, 0x07, 0xFC, 0x95, 0x51, 0x96, 0x50, 0x0E, 0x0B, 0x11, 0x18 ; file 1A0A24
db 0x16, 0x18, 0xFD, 0x18, 0xFA, 0xC0, 0x0F, 0x13, 0x0F, 0x0F, 0x15, 0x11, 0x10, 0x80, 0xAF, 0xFD ; file 1A0A34
db 0xA8, 0x4A, 0xB0, 0xE3, 0x50, 0x05, 0xD4, 0xA0, 0x49, 0x60, 0x40, 0x5F, 0x04, 0x80, 0xB8, 0xDF ; file 1A0A44
db 0xF4, 0x1E, 0x5E, 0xB0, 0xAA, 0xA0, 0x42, 0x5F, 0x01, 0x0F, 0xAA, 0x62, 0x00, 0x13, 0x03, 0x00 ; file 1A0A54
db 0x00, 0x3F, 0x2A, 0x20, 0x0F, 0x40, 0x05, 0x00, 0x01, 0x0F, 0x01, 0x0F, 0x00, 0x01, 0x0F, 0x01 ; file 1A0A64
db 0x0F, 0x01, 0x0F, 0x01, 0x0F, 0x01, 0x0F, 0x01, 0x0F, 0x01, 0x0F, 0x01, 0x0F, 0x00, 0x01, 0x0F ; file 1A0A74
db 0x01, 0x0F, 0x01, 0x0F, 0x01, 0x0F, 0x01, 0x0F, 0x01, 0x0F, 0x01, 0x0F, 0x01, 0x0F, 0x00, 0x01 ; file 1A0A84
db 0x0F, 0x01, 0x0F, 0x01, 0x0F, 0x01, 0x0F, 0x01, 0x0F, 0x01, 0x0F, 0x01, 0x0F, 0x01, 0x0F, 0x00 ; file 1A0A94
db 0x01, 0x0F, 0x01, 0x0F, 0x01, 0x0F, 0x01, 0x0F, 0x01, 0x0F, 0x01, 0x0F, 0x01, 0x0F, 0x01, 0x0F ; file 1A0AA4
db 0xF0, 0x01, 0x0F, 0x01, 0x0F, 0x01, 0x0F, 0x01, 0x0F, 0x00, 0x12, 0x10, 0x13, 0x9F, 0x13, 0x16 ; file 1A0AB4
db 0x16, 0x0D, 0x07, 0x1A, 0x0F, 0x01, 0x0F, 0x00, 0xC7, 0x03, 0x03, 0x09, 0x2E, 0x02, 0x1A, 0x0F ; file 1A0AC4
db 0x01, 0x0F, 0x00, 0x07, 0xCF, 0x13, 0x13, 0x0F, 0x0B, 0x58, 0x0F, 0x08, 0x07, 0x0D, 0x12, 0xFB ; file 1A0AD4
db 0x12, 0x13, 0x20, 0x03, 0x03, 0x0B, 0x1B, 0x0B, 0x13, 0xFC, 0x56, 0x0F, 0x78, 0x08, 0x07, 0x09 ; file 1A0AE4
db 0x0B, 0x13, 0x10, 0x0C, 0x7E, 0x56, 0x01, 0x16, 0x0E, 0x03, 0x11, 0x13, 0x0A, 0x24, 0x0F, 0xF6 ; file 1A0AF4
db 0xA7, 0x09, 0x0B, 0x1B, 0x21, 0x00, 0x0A, 0x0F, 0x03, 0x00, 0xC7, 0x03, 0x15, 0x1A, 0x82, 0x0F ; file 1A0B04
db 0xD2, 0x0A, 0x25, 0x00, 0x00, 0x13, 0x0D, 0x0B, 0xAE, 0x00, 0x18, 0x15, 0x0A, 0x00, 0x01, 0x0F ; file 1A0B14
db 0xCF, 0x08, 0xD3, 0x00, 0xED, 0x19, 0x4E, 0x00, 0x13, 0x13, 0x29, 0x0E, 0x0F, 0x19, 0x10, 0xDE ; file 1A0B24
db 0xEA, 0x01, 0x0C, 0x13, 0x10, 0x07, 0x6F, 0x00, 0x0D, 0x10, 0xBE, 0x4E, 0x00, 0x1A, 0x0C, 0x12 ; file 1A0B34
db 0x16, 0x17, 0x7C, 0x0E, 0x0F, 0xBF, 0x1C, 0x17, 0x1B, 0x1C, 0x1C, 0x1B, 0x04, 0x00, 0x1C, 0xFF ; file 1A0B44
db 0x19, 0x1B, 0x13, 0x17, 0x19, 0x19, 0x1A, 0x1A, 0xBF, 0x18, 0x13, 0x0E, 0x0B, 0x0B, 0x05, 0x7C ; file 1A0B54
db 0x0D, 0x0C, 0xFA, 0x3D, 0x10, 0x13, 0x41, 0x10, 0x11, 0x13, 0x16, 0x18, 0x11, 0xFF, 0x16, 0x13 ; file 1A0B64
db 0x15, 0x13, 0x0F, 0x0E, 0x0B, 0x0E, 0xC7, 0x09, 0x0B, 0x19, 0xAA, 0x00, 0x9B, 0x0B, 0x64, 0x10 ; file 1A0B74
db 0x09, 0x05, 0xFD, 0x04, 0x01, 0x01, 0x05, 0x05, 0x05, 0x0B, 0x0E, 0x05, 0xFF, 0x09, 0x11, 0x18 ; file 1A0B84
db 0x19, 0x1B, 0x15, 0x0B, 0x1B, 0xF0, 0xD8, 0x01, 0xC5, 0x0B, 0x20, 0x00, 0x28, 0x00, 0x0E, 0x0F ; file 1A0B94
db 0x0E, 0x0F, 0xBF, 0x09, 0x04, 0x04, 0x13, 0x13, 0x19, 0x84, 0x00, 0x1A, 0xBF, 0x16, 0x1B, 0x1B ; file 1A0BA4
db 0x19, 0x0B, 0x0C, 0x01, 0x00, 0x16, 0xAD, 0x12, 0x28, 0x11, 0x07, 0x0A, 0x2E, 0x12, 0x02, 0x50 ; file 1A0BB4
db 0x02, 0x0F, 0xFF, 0x0F, 0x0E, 0x0E, 0x0F, 0x13, 0x0B, 0x15, 0x18, 0xFF, 0x1A, 0x1B, 0x1B, 0x1A ; file 1A0BC4
db 0x15, 0x0F, 0x17, 0x11, 0xCF, 0x16, 0x18, 0x16, 0x18, 0xB3, 0x00, 0x30, 0x20, 0x17, 0x18, 0xD5 ; file 1A0BD4
db 0x19, 0x94, 0x00, 0x16, 0x09, 0x11, 0x02, 0x2D, 0x00, 0x09, 0x09, 0xBD, 0x09, 0x5C, 0x00, 0x05 ; file 1A0BE4
db 0x05, 0x09, 0x0B, 0x01, 0x00, 0x0E, 0x3F, 0x09, 0x05, 0x02, 0x02, 0x02, 0x03, 0x01, 0x00, 0x09 ; file 1A0BF4
db 0x00, 0x8A, 0x07, 0x01, 0x03, 0x58, 0x17, 0x03, 0x11, 0x03, 0x1F, 0x02, 0xAF, 0x00, 0x05, 0x00 ; file 1A0C04
db 0xF7, 0x0E, 0x01, 0x0F, 0x01, 0x0F, 0x01, 0x0F, 0x01, 0x0F, 0x01, 0x0F, 0x01, 0x0F, 0x01, 0x0F ; file 1A0C14
db 0x00, 0x01, 0x0F, 0x01, 0x0F, 0x01, 0x0F, 0x01, 0x0F, 0x01, 0x0F, 0x01, 0x0F, 0x01, 0x0F, 0x01 ; file 1A0C24
db 0x0F, 0x00, 0x01, 0x0F, 0x01, 0x0F, 0x01, 0x0F, 0x01, 0x0F, 0x01, 0x0F, 0x01, 0x0F, 0x01, 0x0F ; file 1A0C34
db 0x01, 0x0F, 0x00, 0x01, 0x0F, 0x01, 0x0F, 0x01, 0x0F, 0x01, 0x0F, 0x01, 0x0F, 0x01, 0x0F, 0x01 ; file 1A0C44
db 0x0F, 0x01, 0x0F, 0xC0, 0x01, 0x0F, 0x01, 0x0F, 0x73, 0x4C, 0xE1, 0x23, 0x01, 0x0F, 0xBA, 0x4D ; file 1A0C54
db 0x13, 0x11, 0x3F, 0x13, 0x13, 0x10, 0x13, 0x18, 0x16, 0x69, 0x4F, 0x01, 0x0F, 0x0F, 0x03, 0x03 ; file 1A0C64
db 0x0F, 0x16, 0x9F, 0x30, 0x2B, 0x0F, 0x01, 0x0F, 0x71, 0x41, 0xC7, 0x1A, 0x0F, 0x0F, 0xF7, 0x44 ; file 1A0C74
db 0x01, 0x0F, 0x36, 0x50, 0x0C, 0x10, 0xFD, 0x12, 0x8E, 0x54, 0x03, 0x16, 0x0F, 0x00, 0x0B, 0x18 ; file 1A0C84
db 0x79, 0x16, 0x2C, 0x0F, 0x0C, 0x03, 0x0A, 0x09, 0x07, 0x09, 0x8F, 0x50, 0x1D, 0x18, 0x78, 0x00 ; file 1A0C94
db 0x07, 0x13, 0x02, 0xC6, 0x40, 0xEB, 0x4F, 0xBD, 0x5B, 0x83, 0x13, 0x0F, 0x15, 0x50, 0xC6, 0x40 ; file 1A0CA4
db 0x34, 0x40, 0x78, 0x3F, 0xD0, 0x4B, 0x09, 0xE4, 0x19, 0x60, 0x2E, 0x00, 0x0F, 0x14, 0x5F, 0x7F ; file 1A0CB4
db 0x4D, 0x09, 0x00, 0x0A, 0x35, 0x18, 0xAB, 0x40, 0x1A, 0x99, 0x48, 0x07, 0x0D, 0x4D, 0x42, 0x10 ; file 1A0CC4
db 0x50, 0xCE, 0xE7, 0x54, 0x10, 0x12, 0x0A, 0x60, 0x50, 0xCA, 0x40, 0x18, 0x13, 0xF7, 0x09, 0x0B ; file 1A0CD4
db 0x09, 0x53, 0x04, 0x0C, 0x13, 0x1B, 0x16, 0x79, 0x11, 0x0E, 0x03, 0x2E, 0x50, 0x1A, 0x19, 0x18 ; file 1A0CE4
db 0x18, 0x16, 0x51, 0xEF, 0x1A, 0x19, 0x1B, 0x1A, 0x5C, 0x40, 0x0F, 0x0F, 0x09, 0x2B, 0x0F, 0x18 ; file 1A0CF4
db 0x9A, 0x50, 0x0F, 0x69, 0x40, 0x18, 0x26, 0x04, 0x29, 0x02, 0xC6, 0x35, 0x50, 0x16, 0x15, 0x19 ; file 1A0D04
db 0x50, 0x23, 0x00, 0x5E, 0x60, 0x0B, 0x0F, 0xFF, 0x13, 0x16, 0x0F, 0x0A, 0x1B, 0x0B, 0x0D, 0x13 ; file 1A0D14
db 0x87, 0x18, 0x19, 0x15, 0x45, 0x5A, 0xBD, 0x40, 0x96, 0x41, 0x16, 0x50, 0x04, 0xDF, 0x04, 0x0B ; file 1A0D24
db 0x09, 0x0E, 0x17, 0x75, 0x50, 0x19, 0x1C, 0x0D, 0x1B, 0xF1, 0x40, 0x0F, 0x09, 0x80, 0x40, 0x40 ; file 1A0D34
db 0x59, 0x3F, 0x53, 0x2D, 0x03, 0xEB, 0x18, 0x18, 0x99, 0x50, 0x1C, 0xEA, 0x40, 0x13, 0x0B, 0x05 ; file 1A0D44
db 0xE8, 0x25, 0x09, 0xF8, 0x02, 0x16, 0x53, 0x11, 0x9C, 0x00, 0x0F, 0x0F, 0x0B, 0x17, 0x13, 0x16 ; file 1A0D54
db 0x15, 0x87, 0x00, 0x0F, 0xF9, 0x40, 0x28, 0x0E, 0x27, 0x70, 0x00, 0x90, 0x52, 0x15, 0x51, 0x73 ; file 1A0D64
db 0x52, 0x1C, 0x51, 0x9F, 0x50, 0x4B, 0x1F, 0x13, 0x53, 0x6E, 0x50, 0x00, 0x16, 0x57, 0x2D, 0x58 ; file 1A0D74
db 0x01, 0x0F, 0x81, 0x70, 0x13, 0x0F, 0x01, 0x0F, 0x01, 0x0F, 0x01, 0x0F, 0x00, 0x01, 0x0F, 0x01 ; file 1A0D84
db 0x0F, 0x01, 0x0F, 0x01, 0x0F, 0x01, 0x0F, 0x01, 0x0F, 0x01, 0x0F, 0x01, 0x0F, 0x00, 0x01, 0x0F ; file 1A0D94
db 0x01, 0x0F, 0x01, 0x0F, 0x01, 0x0F, 0x01, 0x0F, 0x01, 0x0F, 0x01, 0x0F, 0x01, 0x0F, 0x00, 0x01 ; file 1A0DA4
db 0x0F, 0x01, 0x0F, 0x01, 0x0F, 0x01, 0x0F, 0x01, 0x0F, 0x01, 0x0F, 0x01, 0x0F, 0x01, 0x0F, 0x60 ; file 1A0DB4
db 0x01, 0x0F, 0x01, 0x0F, 0x01, 0x0F, 0x01, 0x0F, 0x01, 0x0F, 0x07, 0x12, 0xEA, 0x40, 0x4F, 0x12 ; file 1A0DC4
db 0x16, 0x16, 0x12, 0x1B, 0x0F, 0x05, 0x0A, 0x10, 0xEE, 0x21, 0x3F, 0x09, 0x0B, 0x15, 0x13, 0x0E ; file 1A0DD4
db 0x09, 0xAB, 0x9F, 0xA5, 0x2F, 0x7E, 0xD5, 0x91, 0x15, 0x1A, 0x0B, 0x0E, 0x16, 0x12, 0x2D, 0x07 ; file 1A0DE4
db 0xC9, 0x0A, 0xF8, 0x4F, 0x2C, 0xA6, 0x09, 0xEF, 0x40, 0xC1, 0x44, 0x07, 0x0D, 0xFB, 0x16, 0x11 ; file 1A0DF4
db 0x29, 0x0C, 0x07, 0x0F, 0x16, 0x10, 0x0F, 0x9B, 0x0C, 0x10, 0x3F, 0x00, 0x07, 0x11, 0xB1, 0x91 ; file 1A0E04
db 0x38, 0xA3, 0x0C, 0x7D, 0x1A, 0xC9, 0x4E, 0x0F, 0x0F, 0x07, 0x07, 0x03, 0x3C, 0x40, 0x12, 0xAD ; file 1A0E14
db 0x91, 0x15, 0x2E, 0xA1, 0x32, 0x31, 0x0C, 0x78, 0x40, 0x3A, 0x3F, 0x0C, 0x03, 0xB5, 0x09, 0xEB ; file 1A0E24
db 0x40, 0x0C, 0xDB, 0x90, 0x13, 0x13, 0x5B, 0xA0, 0x18, 0xF9, 0x16, 0x28, 0x0F, 0x70, 0x57, 0x10 ; file 1A0E34
db 0x00, 0x00, 0x17, 0x18, 0xFF, 0x10, 0x16, 0x15, 0x0B, 0x07, 0x19, 0x18, 0x0E, 0xAC, 0x28, 0x0F ; file 1A0E44
db 0x9A, 0x58, 0x16, 0x10, 0xEB, 0x40, 0x0E, 0xD8, 0x90, 0x19, 0xB9, 0x0F, 0x20, 0x4F, 0x76, 0x14 ; file 1A0E54
db 0x18, 0x18, 0x18, 0x61, 0x60, 0x1A, 0x7B, 0x16, 0x11, 0xA9, 0x40, 0x1B, 0x16, 0x18, 0x0B, 0x51 ; file 1A0E64
db 0x0F, 0xDF, 0x10, 0x10, 0x12, 0x0F, 0x12, 0x92, 0x41, 0x19, 0x18, 0x2F, 0x16, 0x16, 0x11, 0x09 ; file 1A0E74
db 0xEC, 0x40, 0x0E, 0x00, 0x50, 0x28, 0x0F, 0xFF, 0x00, 0x12, 0x1C, 0x17, 0x19, 0x17, 0x16, 0x13 ; file 1A0E84
db 0xD7, 0x11, 0x11, 0x11, 0x74, 0x01, 0x0F, 0x62, 0xA0, 0x1A, 0x1C, 0x99, 0x19, 0x51, 0x0F, 0x13 ; file 1A0E94
db 0xB0, 0x18, 0x13, 0xA3, 0x90, 0x2F, 0xA3, 0x13, 0x05, 0x09, 0xEC, 0x43, 0x13, 0x29, 0x0F, 0x02 ; file 1A0EA4
db 0x62, 0x25, 0xA0, 0x18, 0x51, 0x16, 0x51, 0x22, 0x00, 0xA0, 0x18, 0x39, 0x50, 0xCF, 0x90, 0x29 ; file 1A0EB4
db 0x0F, 0x11, 0x7E, 0xA2, 0x8D, 0x50, 0x62, 0x16, 0x51, 0x0E, 0x93, 0x50, 0xF2, 0x42, 0x29, 0x0F ; file 1A0EC4
db 0x00, 0x00, 0xA5, 0xA2, 0x40, 0x8D, 0x50, 0x0E, 0x52, 0xAF, 0xA0, 0x26, 0xA2, 0x27, 0x0F, 0x40 ; file 1A0ED4
db 0x56, 0x04, 0x23, 0xA0, 0x00, 0x31, 0xA1, 0x20, 0x0F, 0x95, 0xCD, 0x98, 0x0F, 0x01, 0x0F, 0x01 ; file 1A0EE4
db 0x0F, 0x01, 0x0F, 0x01, 0x0F, 0x00, 0x01, 0x0F, 0x01, 0x0F, 0x01, 0x0F, 0x01, 0x0F, 0x01, 0x0F ; file 1A0EF4
db 0x01, 0x0F, 0x01, 0x0F, 0x01, 0x0F, 0x00, 0x01, 0x0F, 0x01, 0x0F, 0x01, 0x0F, 0x01, 0x0F, 0x01 ; file 1A0F04
db 0x0F, 0x01, 0x0F, 0x01, 0x0F, 0x01, 0x0F, 0x00, 0x01, 0x0F, 0x01, 0x0F, 0x01, 0x0F, 0xC8, 0x8C ; file 1A0F14
db 0x7A, 0x4F, 0x01, 0x0F, 0x51, 0xE3, 0x3F, 0x4F, 0x80, 0x01, 0x0F, 0x3D, 0xD1, 0x34, 0x9F, 0x94 ; file 1A0F24
db 0xE5, 0xC6, 0x30, 0x3D, 0x44, 0xD4, 0x42, 0x15, 0x58, 0xE9, 0x80, 0x01, 0x0F, 0x14, 0x50, 0x16 ; file 1A0F34
db 0x16, 0xBE, 0xE0, 0x0F, 0x60, 0x80, 0xD0, 0x74, 0x41, 0xD2, 0x31, 0xD3, 0x2F, 0xD1, 0x42, 0x11 ; file 1A0F44
db 0x4F, 0x80, 0x07, 0x09, 0xFF, 0x0E, 0x13, 0x19, 0x13, 0x07, 0x0B, 0x18, 0x1B, 0x8F, 0x0F, 0x00 ; file 1A0F54
db 0x0A, 0x19, 0x52, 0x0F, 0x0D, 0xF2, 0x3F, 0x06, 0x0E, 0x3E, 0x3B, 0x40, 0x07, 0x19, 0x13, 0x0A ; file 1A0F64
db 0x1A, 0x29, 0x0F, 0x03, 0x0C, 0x9D, 0x0B, 0x97, 0xE1, 0x11, 0x16, 0x1B, 0xF4, 0xDE, 0x93, 0x58 ; file 1A0F74
db 0x10, 0x5B, 0x17, 0x1A, 0x8D, 0x50, 0x0C, 0x11, 0xA0, 0x51, 0x17, 0x1B, 0x51, 0x5C, 0x01, 0x0F ; file 1A0F84
db 0x9F, 0xE0, 0x13, 0x0B, 0x07, 0x91, 0xD0, 0x0F, 0xE7, 0xE0, 0x9D, 0x0D, 0xE7, 0x40, 0x19, 0x16 ; file 1A0F94
db 0x09, 0x95, 0x4F, 0x60, 0x8A, 0x07, 0xCC, 0x2A, 0xA0, 0xEE, 0xD0, 0x16, 0x0E, 0x0F, 0x5F, 0x2B ; file 1A0FA4
db 0xBD, 0x16, 0x07, 0x7F, 0x16, 0x17, 0x13, 0x0E, 0x0F, 0x18, 0x05, 0x1C, 0x0F, 0x2E, 0xE2, 0x5B ; file 1A0FB4
db 0x10, 0x1A, 0x19, 0x6C, 0x90, 0x09, 0x29, 0xA9, 0xD1, 0x0F, 0xF6, 0x80, 0x90, 0x18, 0x1B, 0xA5 ; file 1A0FC4
db 0x40, 0x0F, 0x13, 0x15, 0x19, 0xB9, 0x11, 0xA5, 0x0F, 0xC3, 0x13, 0x07, 0x0A, 0x10, 0x26, 0xA0 ; file 1A0FD4
db 0x1A, 0x6B, 0x13, 0x15, 0x25, 0xA0, 0x1B, 0xD5, 0x90, 0x19, 0x0F, 0xEF, 0x1F, 0x3E, 0x78, 0xA1 ; file 1A0FE4
db 0x1A, 0x18, 0x19, 0x17, 0x15, 0xAE, 0x90, 0x38, 0xF0, 0x3D, 0x0E, 0xEE, 0xE0, 0x1B, 0x15, 0x0F ; file 1A0FF4
db 0x0E, 0xC6, 0x1F, 0x7D, 0x61, 0x19, 0x1C, 0x5F, 0xF0, 0x16, 0x53, 0x0B, 0x16, 0x29, 0x01, 0x25 ; file 1A1004
db 0xA0, 0xF9, 0x0F, 0xFA, 0x04, 0x73, 0x0B, 0xC5, 0x43, 0x0B, 0x05, 0x09, 0x19, 0x13, 0x0D, 0x11 ; file 1A1014
db 0x13, 0x50, 0x04, 0x04, 0x7D, 0x4F, 0xD0, 0x61, 0x7E, 0xA0, 0x6C, 0xF0, 0x09, 0x11, 0x2B, 0xA1 ; file 1A1024
db 0xF1, 0x43, 0x02, 0xCE, 0x0F, 0x9C, 0x13, 0x51, 0x05, 0xC4, 0xF2, 0x00, 0x4D, 0x0F, 0x80, 0xAD ; file 1A1034
db 0x37, 0xF1, 0x4C, 0x0F, 0x2B, 0x0D, 0x82, 0xF0, 0x56, 0xA0, 0x19, 0x0F, 0x00, 0x01, 0x0F, 0x01 ; file 1A1044
db 0x0F, 0x01, 0x0F, 0x01, 0x0F, 0x01, 0x0F, 0x01, 0x0F, 0x01, 0x0F, 0x01, 0x0F, 0x00, 0x01, 0x0F ; file 1A1054
db 0x01, 0x0F, 0x01, 0x0F, 0xD2, 0xDA, 0x13, 0x0F, 0x01, 0x0F, 0x63, 0x83, 0x14, 0x0F, 0x00, 0x01 ; file 1A1064
db 0x0F, 0xEA, 0x82, 0xA3, 0x2F, 0x01, 0x0F, 0x0D, 0x02, 0xA3, 0xC1, 0x01, 0x0F, 0x01, 0x0F, 0x00 ; file 1A1074
db 0x82, 0x30, 0x2A, 0x0F, 0x01, 0x0F, 0xAC, 0x32, 0x7D, 0x0F, 0x01, 0x0F, 0x0D, 0x02, 0xDB, 0x82 ; file 1A1084
db 0xC0, 0x01, 0x0F, 0x08, 0x59, 0xB2, 0x80, 0x6A, 0xD2, 0x1B, 0x0F, 0x48, 0xE9, 0x0A, 0x10, 0x7D ; file 1A1094
db 0x16, 0x93, 0xE0, 0x13, 0x12, 0x0C, 0x0C, 0x17, 0x7D, 0x0F, 0x64, 0xA4, 0x99, 0x27, 0x00, 0x15 ; file 1A10A4
db 0x19, 0x50, 0x77, 0xD0, 0x19, 0x1A, 0x7D, 0x0F, 0x5A, 0xDB, 0x87, 0x11, 0xD0, 0xC2, 0x03, 0x09 ; file 1A10B4
db 0x5E, 0x51, 0x19, 0x43, 0xEF, 0x00, 0x98, 0x47, 0xB8, 0x36, 0x14, 0x51, 0x96, 0xEF, 0xF2, 0xEE ; file 1A10C4
db 0x9D, 0x13, 0x2D, 0xA1, 0x01, 0x0F, 0xF4, 0x4F, 0x67, 0xBD, 0x50, 0x19, 0x7B, 0xE0, 0x10, 0x0F ; file 1A10D4
db 0x00, 0x12, 0xB1, 0x1A, 0x13, 0x5F, 0x82, 0x97, 0x0B, 0xE1, 0x03, 0x0B, 0xEB, 0xE0, 0x16, 0x00 ; file 1A10E4
db 0x3D, 0x90, 0x06, 0x9F, 0xA7, 0x0D, 0x41, 0x20, 0x49, 0xA0, 0x4D, 0x40, 0x22, 0x0F, 0x02, 0x0D ; file 1A10F4
db 0x97, 0x17, 0x18, 0x17, 0xF8, 0x30, 0x11, 0x2A, 0x0F, 0xF5, 0xAB, 0x0A, 0x37, 0x0D, 0x18, 0x19 ; file 1A1104
db 0x12, 0xF0, 0x11, 0x1A, 0xF5, 0x1F, 0x1C, 0xB9, 0xAF, 0x17, 0x1B, 0x1A, 0x1B, 0x3C, 0x50, 0x0E ; file 1A1114
db 0xD8, 0x90, 0x1B, 0xD1, 0x16, 0xD3, 0x13, 0x01, 0x0F, 0x53, 0xA1, 0x1A, 0x15, 0x50, 0x11, 0x0F ; file 1A1124
db 0xCB, 0x0B, 0x16, 0x32, 0xA0, 0x15, 0xBB, 0x5F, 0xEE, 0x15, 0x12, 0x13, 0x0C, 0xB1, 0xF0, 0xF0 ; file 1A1134
db 0x40, 0x0B, 0x05, 0x70, 0xF1, 0x11, 0xA0, 0x4E, 0x1F, 0x93, 0xB2, 0xB3, 0x1A, 0x15, 0x31, 0x50 ; file 1A1144
db 0x74, 0x42, 0x16, 0x1B, 0x94, 0x50, 0x0E, 0x40, 0xB9, 0x91, 0x27, 0x0F, 0x69, 0x52, 0x1C, 0x01 ; file 1A1154
db 0x16, 0x51, 0xA4, 0xA0, 0x0F, 0x38, 0xA1, 0x14, 0xC7, 0x4F, 0xAD, 0x34, 0x0B, 0x16, 0x50, 0x05 ; file 1A1164
db 0x41, 0xF1, 0x75, 0xF2, 0x27, 0x0F, 0x04, 0x10, 0xC6, 0x3A, 0xF1, 0x05, 0x95, 0x54, 0x27, 0x0F ; file 1A1174
db 0x07, 0x08, 0xA2, 0x03, 0x16, 0x52, 0x00, 0x27, 0x0F, 0x40, 0x5F, 0x4E, 0x0F, 0x01, 0x0F, 0x40 ; file 1A1184
db 0x51, 0x8B, 0xFF, 0x01, 0x0F, 0x01, 0x0F, 0x00, 0x01, 0x0F, 0x01, 0x0F, 0x01, 0x0F, 0x01, 0x0F ; file 1A1194
db 0xDE, 0xBB, 0xDE, 0x6F, 0x01, 0x0F, 0x50, 0x3C, 0x00, 0x01, 0x0F, 0x0D, 0x5F, 0x01, 0x0F, 0x01 ; file 1A11A4
db 0x0F, 0x67, 0x41, 0x0C, 0x80, 0x01, 0x0F, 0x01, 0x0F, 0x00, 0x5C, 0x81, 0x80, 0x0F, 0x01, 0x0F ; file 1A11B4
db 0xEF, 0xD2, 0x9D, 0x2F, 0x01, 0x0F, 0xBC, 0x84, 0xF5, 0x31, 0x8C, 0x01, 0x0F, 0x01, 0x0F, 0x00 ; file 1A11C4
db 0x0B, 0x05, 0x90, 0x01, 0x0F, 0xA5, 0x0F, 0x0A, 0xF1, 0x07, 0xB5, 0x80, 0x56, 0x0F, 0x44, 0xAE ; file 1A11D4
db 0x0F, 0x0E, 0x0B, 0x11, 0xCF, 0x16, 0x18, 0x18, 0x1A, 0x2B, 0x0F, 0x02, 0xAA, 0x17, 0x13, 0x1D ; file 1A11E4
db 0x11, 0x70, 0x40, 0x16, 0x03, 0x17, 0x1F, 0x50, 0x20, 0x0F, 0x94, 0xA7, 0x3B, 0x13, 0x09, 0x55 ; file 1A11F4
db 0x22, 0x0B, 0x0B, 0x03, 0x29, 0xD0, 0xC1, 0x7F, 0x0C, 0x0A, 0xF7, 0xD4, 0xE5, 0x03, 0x11, 0x9D ; file 1A1204
db 0x40, 0x38, 0x6F, 0x34, 0xF7, 0x6E, 0x12, 0x3E, 0x06, 0x02, 0x13, 0x0A, 0x13, 0x0F, 0x1B, 0xD3 ; file 1A1214
db 0x1F, 0x3B, 0x59, 0xEF, 0x0C, 0x12, 0x16, 0x19, 0x40, 0x50, 0x10, 0x13, 0x16, 0x61, 0x19, 0x68 ; file 1A1224
db 0x5F, 0x89, 0xF9, 0x2C, 0xA1, 0x15, 0xF1, 0x18, 0x16, 0xD7, 0x90, 0xD8, 0x21, 0x0F, 0xED, 0x18 ; file 1A1234
db 0x47, 0x01, 0x03, 0x15, 0x32, 0x00, 0x11, 0x05, 0xF1, 0x13, 0x7C, 0x1F, 0x74, 0xB8, 0x15, 0x54 ; file 1A1244
db 0x1A, 0x13, 0x09, 0x05, 0xF3, 0x11, 0x15, 0x2A, 0x0F, 0xBD, 0xBC, 0x0C, 0x18, 0x18, 0x0F, 0x3F ; file 1A1254
db 0x09, 0x16, 0x1A, 0x1B, 0x18, 0x17, 0x1D, 0x0F, 0xCB, 0xE9, 0xFB, 0x1C, 0x1B, 0x51, 0x00, 0x11 ; file 1A1264
db 0x19, 0x1C, 0x1A, 0x18, 0x71, 0x0E, 0xD2, 0x0F, 0x1D, 0xF8, 0xBD, 0xE0, 0x0F, 0x13, 0x09, 0xD9 ; file 1A1274
db 0x90, 0xC8, 0xEC, 0x41, 0x29, 0x0F, 0x5D, 0xC5, 0x0D, 0x41, 0xF0, 0x06, 0xA0, 0x05, 0x13, 0x0E ; file 1A1284
db 0x15, 0x50, 0x16, 0x0E, 0x05, 0xA2, 0x2F, 0x95, 0xF5, 0x18, 0x10, 0xE4, 0xE2, 0x10, 0xA2, 0x00 ; file 1A1294
db 0x0F, 0xA2, 0xCC, 0x1F, 0x75, 0xB3, 0x18, 0xDA, 0xF0, 0x2E, 0xA3, 0x15, 0x52, 0x84, 0x78, 0x4F ; file 1A12A4
db 0xC9, 0x76, 0x13, 0xFD, 0x91, 0x3C, 0x5F, 0xA4, 0x0F, 0x3D, 0xF1, 0x09, 0x00, 0xD0, 0xA0, 0x3D ; file 1A12B4
db 0x52, 0x20, 0x0F, 0x2B, 0xD8, 0x2B, 0xA2, 0x6B, 0xF1, 0x2C, 0xAF, 0x04, 0x0B, 0x00, 0xE7, 0xF3 ; file 1A12C4
db 0x76, 0x00, 0x77, 0x0F, 0x40, 0x5F, 0x40, 0x52, 0x1A, 0x0F, 0x47, 0xCF, 0x4D, 0x0F, 0x00, 0x01 ; file 1A12D4
db 0x0F, 0x01, 0x0F, 0x01, 0x0F, 0x01, 0x0F, 0x01, 0x0F, 0x01, 0x0F, 0x01, 0x0F, 0x01, 0x0F, 0x00 ; file 1A12E4
db 0x01, 0x0F, 0x01, 0x0F, 0x01, 0x0F, 0x01, 0x0F, 0x01, 0x0F, 0x01, 0x0F, 0x01, 0x0F, 0x01, 0x0F ; file 1A12F4
db 0x3C, 0x01, 0x0F, 0x01, 0x0F, 0x13, 0x12, 0x0F, 0x0C, 0xF6, 0x33, 0x01, 0x0F, 0x1E, 0x81, 0x1D ; file 1A1304
db 0x0B, 0x13, 0x13, 0x0E, 0x2B, 0x0F, 0x01, 0x0F, 0xAF, 0x12, 0x43, 0x09, 0x13, 0x47, 0xB2, 0x35 ; file 1A1314
db 0x90, 0x01, 0x0F, 0x01, 0xDD, 0x11, 0x71, 0xD0, 0xE1, 0x19, 0x60, 0x91, 0x01, 0x0F, 0xAA, 0xF7 ; file 1A1324
db 0x4F, 0xA0, 0x13, 0x13, 0x16, 0xE6, 0x16, 0xF0, 0x0B, 0x13, 0xDB, 0x8F, 0x51, 0xDB, 0x09, 0x0B ; file 1A1334
db 0x09, 0x8F, 0x03, 0x0E, 0x0B, 0x0F, 0x17, 0x50, 0x5A, 0x2F, 0xC6, 0x38, 0x0F, 0x1A, 0x54, 0x23 ; file 1A1344
db 0x03, 0x9B, 0xD0, 0x00, 0x15, 0x54, 0x0F, 0xD9, 0x67, 0x1C, 0x06, 0x9F, 0x11, 0x0F, 0x11, 0x07 ; file 1A1354
db 0x1B, 0x40, 0x5F, 0x92, 0xFB, 0x0D, 0x0D, 0x16, 0x2A, 0xA0, 0x0B, 0x17, 0x73, 0x40, 0x29, 0x0F ; file 1A1364
db 0x1D, 0x49, 0x17, 0x50, 0x1E, 0x3F, 0xF1, 0x12, 0x19, 0x13, 0x0E, 0x53, 0x0F, 0x58, 0x79, 0xDE ; file 1A1374
db 0xF0, 0xFE, 0x90, 0x50, 0x07, 0x0C, 0x13, 0x11, 0x0B, 0x09, 0x18, 0xE8, 0x81, 0x1F, 0x81, 0x77 ; file 1A1384
db 0x1C, 0x03, 0x0B, 0xED, 0x40, 0x05, 0x0B, 0x13, 0xFC, 0x2A, 0x0F, 0xA8, 0x0C, 0x00, 0x0C, 0x19 ; file 1A1394
db 0x16, 0x0B, 0x0E, 0x4F, 0x16, 0x1B, 0x19, 0x1B, 0x7A, 0x1F, 0x79, 0x1A, 0x18, 0x67, 0xF0, 0x61 ; file 1A13A4
db 0x09, 0xC4, 0x40, 0xE4, 0x90, 0xD8, 0x9F, 0x91, 0xC8, 0x1B, 0x1C, 0xCA, 0xB1, 0x0F, 0x19, 0x19 ; file 1A13B4
db 0x1C, 0x18, 0xA3, 0xE0, 0xD2, 0x0F, 0x93, 0xF8, 0x08, 0x60, 0x83, 0x09, 0x05, 0x7C, 0xA0, 0xBF ; file 1A13C4
db 0xF1, 0x40, 0xFF, 0x51, 0x85, 0xF1, 0x02, 0x04, 0x3F, 0x04, 0x0F, 0x13, 0x1C, 0x18, 0x11, 0x54 ; file 1A13D4
db 0x41, 0x29, 0x0F, 0x42, 0x60, 0x65, 0x11, 0xF3, 0xE4, 0xFB, 0xA0, 0x28, 0x0F, 0xDF, 0xC8, 0x15 ; file 1A13E4
db 0x93, 0xF2, 0x11, 0x0B, 0xAB, 0xA1, 0x28, 0x0F, 0x6D, 0x49, 0x16, 0x44, 0xF1, 0x17, 0x50, 0x9C ; file 1A13F4
db 0xF2, 0x0C, 0x28, 0x0F, 0x40, 0x5B, 0x05, 0x0B, 0x66, 0x5F, 0x01, 0x0F, 0x40, 0x52, 0xB7, 0xF2 ; file 1A1404
db 0x00, 0x28, 0x0F, 0x40, 0x5F, 0x50, 0x0F, 0x01, 0x0F, 0xC0, 0xF3, 0x99, 0xF0, 0x29, 0x0F, 0x01 ; file 1A1414
db 0x0F, 0x00, 0x24, 0x0F, 0x01, 0x0F, 0x01, 0x0F, 0x01, 0x0F, 0x01, 0x0F, 0x01, 0x0F, 0x01, 0x0F ; file 1A1424
db 0x01, 0x0F, 0x00, 0x01, 0x0F, 0x01, 0x0F, 0x01, 0x0F, 0x01, 0x0F, 0x01, 0x0F, 0x01, 0x0F, 0x01 ; file 1A1434
db 0x0F, 0x01, 0x0F, 0x00, 0x01, 0x0F, 0x01, 0x0F, 0x01, 0x0F, 0x01, 0x0F, 0x01, 0x0F, 0x01, 0x0F ; file 1A1444
db 0x01, 0x0F, 0x2E, 0x2F, 0x87, 0x12, 0x10, 0x0C, 0x01, 0x00, 0x45, 0x53, 0x01, 0x0F, 0x76, 0xB7 ; file 1A1454
db 0x10, 0x6F, 0x13, 0x0F, 0x0B, 0x0F, 0x71, 0x30, 0x16, 0x17, 0xF0, 0x3F, 0xDE, 0xB4, 0x8A, 0x13 ; file 1A1464
db 0x0F, 0x13, 0x15, 0x6B, 0xF0, 0x16, 0x07, 0xC9, 0x0B, 0x2B, 0xAF, 0x05, 0x9A, 0x0E, 0xBA, 0x71 ; file 1A1474
db 0xB0, 0x90, 0x09, 0x02, 0xE3, 0x0B, 0x0E, 0x20, 0x0F, 0x18, 0x48, 0x93, 0x74, 0x07, 0x0F, 0x0F ; file 1A1484
db 0x47, 0x03, 0x0D, 0x18, 0xD8, 0x9F, 0x19, 0xC7, 0x7C, 0x25, 0x03, 0xE9, 0xF0, 0xB3, 0x16, 0x16 ; file 1A1494
db 0x44, 0x4F, 0x40, 0x5A, 0x0A, 0x16, 0xBA, 0x41, 0x13, 0x73, 0x17, 0x19, 0xEC, 0xEF, 0x6F, 0xCA ; file 1A14A4
db 0x16, 0x13, 0x0F, 0xBD, 0x80, 0xC6, 0x55, 0xA1, 0x0E, 0x0F, 0xA8, 0xAF, 0x4F, 0xB9, 0x71, 0x01 ; file 1A14B4
db 0x03, 0x16, 0x9B, 0x0A, 0x18, 0x40, 0xF0, 0x10, 0x15, 0x21, 0x0F, 0x9F, 0xB6, 0x10, 0x7A, 0x24 ; file 1A14C4
db 0x33, 0x13, 0x55, 0xA0, 0x09, 0x13, 0x16, 0x18, 0x22, 0x0F, 0xEE, 0x7F, 0xAA, 0x07, 0x07, 0x17 ; file 1A14D4
db 0x68, 0x50, 0x18, 0x19, 0x1C, 0x43, 0x17, 0x19, 0xD2, 0x0F, 0x56, 0xA9, 0xEB, 0xE0, 0xA3, 0x00 ; file 1A14E4
db 0x19, 0xED, 0x41, 0x3C, 0x16, 0x5F, 0x8B, 0x79, 0x1B, 0x1B, 0x11, 0x13, 0x90, 0x50, 0x84, 0xA0 ; file 1A14F4
db 0x71, 0x0E, 0x69, 0x5F, 0xFA, 0x09, 0xFB, 0x00, 0x0B, 0x05, 0x09, 0x6A, 0xF0, 0x43, 0x15, 0x0F ; file 1A1504
db 0xA4, 0xE0, 0x22, 0x0F, 0x32, 0x76, 0x45, 0xF2, 0x13, 0xBF, 0x50, 0x00, 0xC8, 0x41, 0x7C, 0x0F ; file 1A1514
db 0x64, 0xD5, 0x43, 0x20, 0x9D, 0x42, 0x2F, 0xA0, 0xA0, 0x41, 0x23, 0x0F, 0x3A, 0xB8, 0xD5, 0x11 ; file 1A1524
db 0x3E, 0xF1, 0x05, 0x0F, 0x11, 0xF0, 0x43, 0x21, 0x0F, 0x02, 0x0C, 0xE6, 0x17, 0xE6, 0xF1, 0x17 ; file 1A1534
db 0x50, 0x28, 0x0F, 0xB7, 0xDE, 0x40, 0x51, 0x8F, 0x5F, 0x00, 0x01, 0x0F, 0x56, 0xA4, 0x7F, 0xA0 ; file 1A1544
db 0x1C, 0x0F, 0x04, 0x0B, 0xE2, 0xF2, 0x78, 0x0F, 0x01, 0x0F, 0x00, 0x40, 0x54, 0x79, 0x0F, 0x01 ; file 1A1554
db 0x0F, 0x40, 0x5F, 0x01, 0x0F, 0x01, 0x0F, 0x01, 0x0F, 0x01, 0x0F, 0x00, 0x01, 0x0F, 0x01, 0x0F ; file 1A1564
db 0x01, 0x0F, 0x01, 0x0F, 0x01, 0x0F, 0x01, 0x0F, 0x01, 0x0F, 0x01, 0x0F, 0x00, 0x01, 0x0F, 0x01 ; file 1A1574
db 0x0F, 0x01, 0x0F, 0x01, 0x0F, 0x01, 0x0F, 0x01, 0x0F, 0x01, 0x0F, 0x01, 0x0F, 0x80, 0x01, 0x0F ; file 1A1584
db 0x01, 0x0F, 0x01, 0x0F, 0x19, 0x50, 0x06, 0x07, 0x01, 0x0F, 0x19, 0x5B, 0x0F, 0x0F, 0x13, 0x18 ; file 1A1594
db 0x18, 0x18, 0xCB, 0xE1, 0x01, 0x0F, 0x1E, 0x48, 0x7F, 0xA1, 0x3F, 0x1A, 0x17, 0x19, 0x18, 0x0F ; file 1A15A4
db 0x11, 0x9D, 0x3F, 0x52, 0xB9, 0x37, 0x13, 0x0B, 0x0E, 0xE9, 0xE0, 0x0F, 0x09, 0xD6, 0x20, 0x02 ; file 1A15B4
db 0xAF, 0x5E, 0x7B, 0xB9, 0x0B, 0x03, 0x03, 0x11, 0xC2, 0xF1, 0x11, 0x82, 0xA0, 0x91, 0x16, 0xED ; file 1A15C4
db 0x4F, 0xEA, 0x47, 0x70, 0x00, 0x10, 0x84, 0xA2, 0x95, 0xF0, 0x0B, 0xF3, 0x1B, 0x11, 0x55, 0x0F ; file 1A15D4
db 0x80, 0xA8, 0x0A, 0x16, 0x10, 0x18, 0x3E, 0x80, 0xA0, 0x0D, 0x16, 0x19, 0x18, 0x0E, 0x02, 0x3F ; file 1A15E4
db 0x39, 0x69, 0xEF, 0x0F, 0x0B, 0x0B, 0x0E, 0xDA, 0xA0, 0x13, 0x18, 0x11, 0x63, 0x0B, 0x16, 0x53 ; file 1A15F4
db 0x0F, 0xFF, 0xA9, 0x96, 0xF0, 0x03, 0x13, 0x81, 0xB0, 0xE2, 0xD4, 0x00, 0x18, 0x2A, 0x0F, 0x69 ; file 1A1604
db 0x57, 0x82, 0x63, 0x0D, 0x19, 0x17, 0x4F, 0x0B, 0x05, 0x0E, 0x13, 0x2A, 0x0F, 0x80, 0xAD, 0x10 ; file 1A1614
db 0xBE, 0xF0, 0xE3, 0x0F, 0x17, 0x80, 0xA0, 0xFC, 0x0F, 0x0A, 0x7A, 0x1A, 0x1A, 0x19, 0x7D, 0x11 ; file 1A1624
db 0x80, 0xA0, 0x1B, 0x16, 0x0F, 0x0E, 0x05, 0x20, 0x0F, 0x7E, 0x1E, 0xF7, 0x1C, 0x1C, 0x15, 0x15 ; file 1A1634
db 0x11, 0x09, 0x80, 0xA0, 0x10, 0x29, 0x00, 0x53, 0x0F, 0x30, 0xA8, 0x80, 0xA3, 0x1C, 0x80, 0xA1 ; file 1A1644
db 0xBE, 0x90, 0x22, 0x0F, 0x88, 0xA2, 0xB6, 0x32, 0x60, 0x80, 0xA0, 0x17, 0x7A, 0x00, 0x6E, 0xFF ; file 1A1654
db 0x32, 0x77, 0x12, 0xA2, 0x80, 0xA5, 0x0E, 0xA8, 0xA2, 0x28, 0x0F, 0x0A, 0x05, 0x18, 0x80, 0xA3 ; file 1A1664
db 0x0E, 0x80, 0x80, 0xA3, 0x28, 0x0F, 0xED, 0xE7, 0x40, 0x52, 0x80, 0xA4, 0x28, 0x0F, 0x80, 0xAE ; file 1A1674
db 0x0E, 0x00, 0xBE, 0xF2, 0x28, 0x0F, 0x80, 0xAF, 0xC0, 0x51, 0x28, 0x0F, 0x6A, 0x5F, 0x50, 0x0F ; file 1A1684
db 0x01, 0x0F, 0x00, 0x80, 0xAF, 0x01, 0x0F, 0x40, 0x5F, 0x01, 0x0F, 0x01, 0x0F, 0x01, 0x0F, 0x01 ; file 1A1694
db 0x0F, 0x01, 0x0F, 0x00, 0x01, 0x0F, 0x01, 0x0F, 0x01, 0x0F, 0x01, 0x0F, 0x01, 0x0F, 0x01, 0x0F ; file 1A16A4
db 0x01, 0x0F, 0x01, 0x0F, 0x00, 0x01, 0x0F, 0x01, 0x0F, 0x01, 0x0F, 0x01, 0x0F, 0x01, 0x0F, 0x01 ; file 1A16B4
db 0x0F, 0x01, 0x0F, 0x01, 0x0F, 0xE0, 0x01, 0x0F, 0x01, 0x0F, 0x01, 0x0F, 0x01, 0x0F, 0x80, 0xDE ; file 1A16C4
db 0x16, 0x12, 0x0F, 0x87, 0x0C, 0x0C, 0x0D, 0x02, 0xAF, 0xD3, 0xAD, 0x1A, 0x50, 0x97, 0xF0, 0x13 ; file 1A16D4
db 0xE9, 0x17, 0x9B, 0xEF, 0xAA, 0xAA, 0x17, 0x11, 0xF0, 0x13, 0x18, 0x19, 0x9F, 0x16, 0x10, 0x12 ; file 1A16E4
db 0x19, 0x19, 0xC8, 0x3F, 0x41, 0x58, 0x0E, 0x88, 0xA8, 0xA0, 0xBF, 0x80, 0xCF, 0xD0, 0x09, 0x32 ; file 1A16F4
db 0x9F, 0x82, 0x99, 0x1C, 0x03, 0x10, 0xCB, 0x02, 0x07, 0xA4, 0x00, 0x0D, 0x58, 0xAF, 0xC1, 0xFC ; file 1A1704
db 0x0A, 0x0F, 0x3D, 0x0F, 0x02, 0xE0, 0x07, 0x00, 0x17, 0x18, 0x2A, 0x0F, 0x9F, 0xE9, 0xF7, 0x10 ; file 1A1714
db 0x13, 0x15, 0xCA, 0x01, 0x16, 0x16, 0x18, 0x13, 0xEC, 0x54, 0x3F, 0x81, 0xA9, 0x0F, 0x07, 0x50 ; file 1A1724
db 0xB0, 0x0A, 0x00, 0x07, 0xB0, 0x41, 0xF0, 0xA7, 0x0F, 0x18, 0xF8, 0x81, 0xA3, 0x07, 0x16, 0x4E ; file 1A1734
db 0xB0, 0x0E, 0xD1, 0x09, 0xA7, 0x0F, 0x81, 0xAC, 0x25, 0xC0, 0x1A, 0x82, 0xA0, 0x0E, 0x19, 0x49 ; file 1A1744
db 0x0F, 0x2A, 0x0F, 0x4C, 0xCC, 0x12, 0x6A, 0x51, 0x70, 0xF0, 0x13, 0x29, 0xBF, 0xF8, 0x23, 0xC9 ; file 1A1754
db 0x69, 0x50, 0x25, 0xB0, 0x16, 0x1C, 0x1B, 0x17, 0x11, 0xB9, 0x09, 0xA8, 0x0F, 0x7B, 0xB8, 0x1A ; file 1A1764
db 0x19, 0x16, 0x45, 0xF0, 0x19, 0xC5, 0x1B, 0xEA, 0xF0, 0x0E, 0xD4, 0xAF, 0x81, 0xA7, 0xA9, 0xA3 ; file 1A1774
db 0x05, 0x19, 0xD2, 0x52, 0x02, 0x05, 0x25, 0x1F, 0xC3, 0xC5, 0x15, 0xB8, 0xF2, 0x04, 0x09, 0x10 ; file 1A1784
db 0x24, 0xB0, 0x82, 0xA2, 0x29, 0x0F, 0xAA, 0xA3, 0x17, 0xB9, 0xF3, 0x5B, 0x70, 0x42, 0x53, 0x00 ; file 1A1794
db 0x23, 0x0F, 0x6A, 0x55, 0x91, 0x52, 0xE9, 0xF5, 0x28, 0x0F, 0xC0, 0xFA, 0xE9, 0xF0, 0x27, 0x03 ; file 1A17A4
db 0x04, 0x77, 0x0F, 0x40, 0x5D, 0x05, 0xE9, 0xFF, 0x01, 0x0F, 0x40, 0x5F, 0x01, 0x0F, 0x80, 0xA7 ; file 1A17B4
db 0x00, 0x42, 0x51, 0x1A, 0x0F, 0x40, 0x5F, 0x4E, 0x0F, 0x01, 0x0F, 0x01, 0x0F, 0x01, 0x0F, 0x01 ; file 1A17C4
db 0x0F, 0x00, 0x01, 0x0F, 0x01, 0x0F, 0x01, 0x0F, 0x01, 0x0F, 0x01, 0x0F, 0x01, 0x0F, 0x01, 0x0F ; file 1A17D4
db 0x01, 0x0F, 0x00, 0x01, 0x0F, 0x01, 0x0F, 0x01, 0x0F, 0x01, 0x0F, 0x01, 0x0F, 0x01, 0x0F, 0x01 ; file 1A17E4
db 0x0F, 0x01, 0x0F, 0x00, 0x01, 0x0F, 0x01, 0x0F, 0x01, 0x0F, 0x01, 0x0F, 0x01, 0x0F, 0x01, 0x0F ; file 1A17F4
db 0x01, 0x0F, 0xF5, 0xEB, 0xE7, 0x18, 0x10, 0x0D, 0xA8, 0xAF, 0xB9, 0x8E, 0x12, 0x13, 0x15, 0x09 ; file 1A1804
db 0x0F, 0xFC, 0x20, 0x45, 0xF0, 0x1B, 0x6B, 0x5F, 0x44, 0xF9, 0xA2, 0xD0, 0x29, 0x00, 0x25, 0x17 ; file 1A1814
db 0xB2, 0x90, 0x0B, 0xC2, 0xFF, 0x83, 0x98, 0x10, 0xEC, 0xF4, 0xFC, 0xA0, 0x1F, 0x09, 0x13, 0x18 ; file 1A1824
db 0x13, 0x12, 0x62, 0xA0, 0x01, 0x0F, 0xED, 0xE1, 0x6E, 0x37, 0x45, 0x0C, 0x13, 0x0E, 0x82, 0xE1 ; file 1A1834
db 0x0E, 0x19, 0x15, 0xA4, 0xBC, 0x01, 0x0F, 0xDC, 0x93, 0x0D, 0x07, 0x0F, 0x07, 0x6B, 0x50, 0x10 ; file 1A1844
db 0x8F, 0x1A, 0x0F, 0x13, 0x09, 0xE2, 0x2F, 0x82, 0xA5, 0x7B, 0xB0, 0x0F, 0x7D, 0x13, 0x9C, 0x50 ; file 1A1854
db 0x16, 0x12, 0x13, 0x16, 0x0B, 0x90, 0xA2, 0x34, 0x01, 0x0F, 0x02, 0xA1, 0x12, 0x44, 0x02, 0x0F ; file 1A1864
db 0x07, 0x84, 0xA0, 0xD6, 0xB0, 0xF1, 0x19, 0x2A, 0xBF, 0x73, 0x45, 0x44, 0x14, 0x0B, 0x12, 0x12 ; file 1A1874
db 0x16, 0xE6, 0x23, 0x40, 0x1B, 0x17, 0x29, 0x0F, 0x9C, 0x5D, 0x1B, 0x16, 0x0B, 0x8F, 0x09, 0x09 ; file 1A1884
db 0x0D, 0x1A, 0x17, 0x5F, 0xF1, 0x4C, 0x20, 0xC0, 0x09, 0x8F, 0x15, 0x1A, 0x1C, 0x1C, 0x85, 0x00 ; file 1A1894
db 0x01, 0x0F, 0x53, 0xB6, 0x1C, 0xB7, 0x1C, 0x18, 0x18, 0x93, 0x50, 0x1A, 0x1C, 0x4A, 0x50, 0x0E ; file 1A18A4
db 0xDC, 0x7D, 0x0F, 0xF1, 0x47, 0x18, 0x17, 0x16, 0xDB, 0x60, 0x18, 0x1A, 0x9F, 0x1C, 0x1B, 0x15 ; file 1A18B4
db 0x0F, 0x09, 0xAB, 0xAF, 0xC1, 0xF3, 0x0A, 0x57, 0x13, 0x16, 0x15, 0xAB, 0xA2, 0x11, 0x59, 0x00 ; file 1A18C4
db 0x19, 0xD5, 0x11, 0x10, 0x2A, 0x0F, 0x30, 0x63, 0xAA, 0xA0, 0x1E, 0xF3, 0x18, 0x6A, 0x50, 0x9D ; file 1A18D4
db 0xFF, 0x9C, 0xC7, 0x19, 0x17, 0x17, 0x50, 0x82, 0xA1, 0x0F, 0x0B, 0x2A, 0xB0, 0xCC, 0x4F, 0xE4 ; file 1A18E4
db 0x58, 0xC2, 0x29, 0x01, 0x0B, 0xAA, 0xA0, 0xA0, 0xF2, 0x4F, 0x0F, 0xE7, 0x57, 0x05, 0x05, 0x0F ; file 1A18F4
db 0x05, 0x04, 0x05, 0x0E, 0x27, 0x03, 0x4F, 0x0F, 0x07, 0x08, 0xFC, 0xA1, 0x00, 0xA7, 0xA0, 0x30 ; file 1A1904
db 0x60, 0x27, 0x0F, 0x40, 0x5F, 0x76, 0x0F, 0x01, 0x0F, 0x40, 0x52, 0x4E, 0x0F, 0x00, 0x01, 0x0F ; file 1A1914
db 0x01, 0x0F, 0x01, 0x0F, 0x01, 0x0F, 0x01, 0x0F, 0x01, 0x0F, 0x01, 0x0F, 0x01, 0x0F, 0x00, 0x01 ; file 1A1924
db 0x0F, 0x01, 0x0F, 0x01, 0x0F, 0x01, 0x0F, 0x01, 0x0F, 0x01, 0x0F, 0x01, 0x0F, 0x01, 0x0F, 0x00 ; file 1A1934
db 0x01, 0x0F, 0x01, 0x0F, 0x01, 0x0F, 0x01, 0x0F, 0x01, 0x0F, 0x01, 0x0F, 0x01, 0x0F, 0x01, 0x0F ; file 1A1944
db 0xC0, 0x01, 0x0F, 0x01, 0x0F, 0x01, 0x0F, 0x01, 0x0F, 0x01, 0x0F, 0x01, 0x0F, 0x00, 0x0C, 0xD1 ; file 1A1954
db 0x12, 0x03, 0xA0, 0x01, 0x0F, 0x93, 0x8E, 0x12, 0x26, 0xE0, 0x0B, 0x11, 0x8F, 0x16, 0x12, 0x0C ; file 1A1964
db 0x07, 0x2F, 0x0F, 0x9D, 0xE8, 0x3F, 0x40, 0x05, 0xFB, 0x0F, 0x13, 0x96, 0xF0, 0x15, 0x17, 0x1A ; file 1A1974
db 0x1A, 0x16, 0x78, 0x40, 0x5F, 0x6E, 0xFA, 0x9C, 0x42, 0x0F, 0x02, 0x03, 0x03, 0x08, 0xA0, 0x74 ; file 1A1984
db 0x24, 0x0F, 0x5B, 0xDE, 0x0F, 0xB7, 0xA0, 0x13, 0x05, 0x0F, 0x55, 0x0F, 0xCE, 0x63, 0x96, 0x07 ; file 1A1994
db 0x07, 0x0C, 0xB4, 0x52, 0xE9, 0xF0, 0x07, 0x16, 0xF1, 0x03, 0xCD, 0xF0, 0x24, 0x0F, 0xA3, 0xB4 ; file 1A19A4
db 0x0F, 0x0F, 0x0D, 0x0F, 0xFE, 0x26, 0x00, 0x00, 0x17, 0x07, 0x07, 0x16, 0x19, 0x09, 0x0F, 0x00 ; file 1A19B4
db 0x0B, 0x18, 0x0D, 0x27, 0x0F, 0xA7, 0x01, 0x42, 0x03, 0x6B, 0x50, 0xDF, 0x0A, 0x1A, 0x16, 0x17 ; file 1A19C4
db 0x0F, 0xBC, 0x50, 0x07, 0x1B, 0x9C, 0x5D, 0xAF, 0xDD, 0xA9, 0x0B, 0x0C, 0x16, 0x47, 0xF0, 0x57 ; file 1A19D4
db 0xB0, 0x0C, 0xF8, 0xCE, 0xF0, 0x20, 0x0F, 0x87, 0xA9, 0x19, 0x11, 0x0B, 0x05, 0x0D, 0x9F, 0x18 ; file 1A19E4
db 0x07, 0x17, 0x17, 0x09, 0x29, 0x4F, 0xE3, 0x66, 0x18, 0x7A, 0x6B, 0x50, 0x13, 0x4E, 0xC0, 0x13 ; file 1A19F4
db 0x18, 0x1B, 0x1A, 0x01, 0x11, 0x7C, 0x01, 0x0F, 0xD1, 0x02, 0x1B, 0x1C, 0x1A, 0x16, 0x16, 0xFE ; file 1A1A04
db 0xA2, 0x98, 0x0A, 0x00, 0x64, 0x6F, 0x0F, 0x64, 0x0F, 0x13, 0x69, 0x50, 0x0B, 0x60, 0x0E, 0xFF ; file 1A1A14
db 0x0E, 0x17, 0x1C, 0x1C, 0x1A, 0x15, 0x13, 0x0F, 0x79, 0x04, 0x26, 0x0F, 0x3F, 0x11, 0x18, 0x18 ; file 1A1A24
db 0x16, 0x13, 0x08, 0x60, 0x1A, 0x5B, 0xA0, 0x0B, 0xE4, 0x50, 0x1B, 0x15, 0x1D, 0x50, 0x52, 0x0F ; file 1A1A34
db 0x73, 0xC1, 0xFB, 0x1B, 0x11, 0xEA, 0x43, 0x04, 0x04, 0x0F, 0x1A, 0x18, 0x60, 0x9D, 0x50, 0xFC ; file 1A1A44
db 0x40, 0xA6, 0x4F, 0xF5, 0xB2, 0x12, 0x52, 0x05, 0x0B, 0xE2, 0x60, 0xE0, 0x44, 0x50, 0x6B, 0x51 ; file 1A1A54
db 0xF4, 0x0F, 0x27, 0xB3, 0xE9, 0xF0, 0x04, 0x05, 0x11, 0x00, 0xEC, 0xC0, 0xC2, 0x52, 0x26, 0x0F ; file 1A1A64
db 0x6C, 0x27, 0x80, 0xA2, 0xC1, 0x52, 0x4D, 0x0F, 0x40, 0x5F, 0x00, 0x4C, 0x00, 0xC5, 0x0F, 0x2B ; file 1A1A74
db 0x0F, 0x01, 0x02, 0x28, 0x0F, 0x01, 0x0F, 0x01, 0x0F, 0x01, 0x0F, 0x00, 0x01, 0x0F, 0x01, 0x0F ; file 1A1A84
db 0x01, 0x0F, 0x01, 0x0F, 0x01, 0x0F, 0x01, 0x0F, 0x01, 0x0F, 0x01, 0x0F, 0x00, 0x01, 0x0F, 0x01 ; file 1A1A94
db 0x0F, 0x01, 0x0F, 0x01, 0x0F, 0x01, 0x0F, 0x01, 0x0F, 0x01, 0x0F, 0x01, 0x0F, 0x00, 0x01, 0x0F ; file 1A1AA4
db 0x01, 0x0F, 0x01, 0x0F, 0x01, 0x0F, 0x01, 0x0F, 0x01, 0x0F, 0x01, 0x0F, 0x01, 0x0F, 0x00, 0x01 ; file 1A1AB4
db 0x0F, 0x01, 0x0F, 0x01, 0x0F, 0x01, 0x0F, 0x01, 0x0F, 0xD1, 0xEA, 0x01, 0x0F, 0x91, 0x5A, 0x3F ; file 1A1AC4
db 0x13, 0x10, 0x13, 0x16, 0x16, 0x10, 0x2C, 0x03, 0x07, 0x04, 0xFC, 0x01, 0x0F, 0xC4, 0x41, 0x0B ; file 1A1AD4
db 0x09, 0x0B, 0x13, 0x16, 0x11, 0x8B, 0x0F, 0x0F, 0x2D, 0x02, 0x0B, 0x1F, 0xFF, 0xFE, 0x94, 0xEF ; file 1A1AE4
db 0xF3, 0x03, 0xFF, 0x07, 0x0F, 0x19, 0x10, 0x03, 0x0E, 0x18, 0x1B, 0xE7, 0x03, 0x00, 0x10, 0xED ; file 1A1AF4
db 0x4F, 0x6B, 0x5F, 0x00, 0x11, 0x19, 0x72, 0xCC, 0xF0, 0x17, 0x80, 0x0F, 0xF9, 0xA3, 0x0D, 0x0C ; file 1A1B04
db 0x0C, 0xA3, 0xB2, 0x96, 0xB0, 0xA1, 0x11, 0x09, 0xF5, 0x30, 0x13, 0x80, 0x0F, 0xA6, 0x04, 0x0F ; file 1A1B14
db 0xFB, 0x10, 0x16, 0x47, 0x01, 0x18, 0x07, 0x00, 0x07, 0x18, 0xC0, 0xB9, 0xA2, 0x5F, 0x3F, 0xBC ; file 1A1B24
db 0x51, 0xE5, 0x53, 0x50, 0xB0, 0x2A, 0x00, 0x07, 0x13, 0x65, 0x19, 0x79, 0x01, 0x13, 0x42, 0x5F ; file 1A1B34
db 0xBD, 0x98, 0x03, 0x00, 0x1C, 0x51, 0xF1, 0x0E, 0xD6, 0x32, 0x2A, 0x0F, 0xE7, 0x99, 0x12, 0x18 ; file 1A1B44
db 0x17, 0x13, 0xCB, 0x0E, 0x09, 0xFF, 0xA3, 0x18, 0x59, 0xCF, 0x08, 0x73, 0x12, 0x10, 0xEF, 0x10 ; file 1A1B54
db 0x17, 0x1A, 0x18, 0xFA, 0xB0, 0x02, 0x18, 0x11, 0xD6, 0xA1, 0x52, 0x1C, 0x10, 0x27, 0x0F, 0x07 ; file 1A1B64
db 0xCD, 0xA0, 0x1C, 0x18, 0xFE, 0x93, 0x51, 0x09, 0x13, 0x19, 0x1A, 0x16, 0x1B, 0x09, 0xE3, 0x0C ; file 1A1B74
db 0x12, 0x35, 0x00, 0xB5, 0xB1, 0x1F, 0xC9, 0x17, 0x13, 0x18, 0x97, 0x19, 0x19, 0x16, 0x01, 0x00 ; file 1A1B84
db 0x0E, 0x35, 0x70, 0x06, 0xB0, 0x1A, 0x7B, 0x19, 0x1C, 0x0E, 0x70, 0x0F, 0x0B, 0x03, 0x03, 0x1E ; file 1A1B94
db 0x5B, 0xE5, 0x03, 0xB5, 0x51, 0x11, 0x9C, 0xF0, 0x33, 0xA0, 0x0B, 0x0B, 0x1C, 0x64, 0x94, 0x50 ; file 1A1BA4
db 0x01, 0xC0, 0x09, 0xC3, 0x9F, 0x69, 0xC0, 0x16, 0x0F, 0x58, 0xA0, 0x26, 0x72, 0xF3, 0x1C, 0x1B ; file 1A1BB4
db 0x4F, 0xB0, 0xF8, 0x00, 0x05, 0x6B, 0x5F, 0xEA, 0xF2, 0x2E, 0x92, 0x50, 0x09, 0x0E, 0x0F, 0x04 ; file 1A1BC4
db 0xB0, 0x0E, 0x1D, 0xD0, 0x20, 0x53, 0x08, 0x28, 0x0F, 0xE0, 0x10, 0x23, 0xB2, 0x0F, 0xDA, 0xA0 ; file 1A1BD4
db 0x2C, 0xB3, 0xF7, 0x4F, 0x40, 0x5B, 0x00, 0xD9, 0xA0, 0xDE, 0x50, 0x25, 0x0F, 0xA4, 0x7A, 0xEB ; file 1A1BE4
db 0xF3, 0xC1, 0x0F, 0x01, 0x0F, 0x01, 0x0F, 0x00, 0x01, 0x0F, 0x01, 0x0F, 0x01, 0x0F, 0x01, 0x0F ; file 1A1BF4
db 0x01, 0x0F, 0x01, 0x0F, 0x01, 0x0F, 0x01, 0x0F, 0x00, 0x01, 0x0F, 0x01, 0x0F, 0x01, 0x0F, 0x01 ; file 1A1C04
db 0x0F, 0x01, 0x0F, 0x01, 0x0F, 0x01, 0x0F, 0x01, 0x0F, 0x00, 0x01, 0x0F, 0x01, 0x0F, 0x01, 0x0F ; file 1A1C14
db 0x01, 0x0F, 0x01, 0x0F, 0x01, 0x0F, 0x01, 0x0F, 0x01, 0x0F, 0x00, 0x01, 0x0F, 0x01, 0x0F, 0x01 ; file 1A1C24
db 0x0F, 0x01, 0x0F, 0x01, 0x0F, 0x01, 0x0F, 0x01, 0x0F, 0x01, 0x0F, 0xF8, 0x01, 0x0F, 0x01, 0x0F ; file 1A1C34
db 0x53, 0xEC, 0x10, 0x0C, 0x0C, 0x0C, 0x12, 0xA9, 0x0A, 0xE4, 0x4F, 0xEE, 0xFB, 0x12, 0x98, 0xF0 ; file 1A1C44
db 0x11, 0x83, 0x90, 0x0E, 0xE3, 0x13, 0x0B, 0x2B, 0x0F, 0x1E, 0x4A, 0xF9, 0x21, 0x03, 0x03, 0x09 ; file 1A1C54
db 0x1F, 0x13, 0x18, 0x15, 0x0B, 0x13, 0xBB, 0x57, 0x35, 0x0F, 0xD6, 0xA8, 0x6B, 0x18, 0x15, 0x95 ; file 1A1C64
db 0x50, 0x17, 0x95, 0x43, 0x07, 0x18, 0x21, 0x0F, 0xD7, 0x07, 0x10, 0x0D, 0x40, 0x04, 0x0F, 0xEF ; file 1A1C74
db 0xE0, 0x0B, 0x1A, 0xF6, 0x67, 0x53, 0x07, 0x0F, 0x8C, 0x9E, 0x10, 0x10, 0x0B, 0x0B, 0xAF, 0x12 ; file 1A1C84
db 0x16, 0x17, 0x16, 0x95, 0x54, 0x0F, 0x67, 0x54, 0x0D, 0x68, 0x2A, 0x0E, 0xBD, 0x95, 0x50, 0xB0 ; file 1A1C94
db 0x03, 0x91, 0x50, 0x07, 0x18, 0x3C, 0x54, 0x71, 0x16, 0xF0, 0x4F, 0xF5, 0x45, 0xF9, 0x40, 0x19 ; file 1A1CA4
db 0x03, 0x0A, 0xC7, 0x52, 0x88, 0xA7, 0x02, 0x6E, 0x5F, 0x1F, 0x54, 0x15, 0x29, 0xB0, 0x3D, 0xA1 ; file 1A1CB4
db 0x6B, 0x94, 0x16, 0xFC, 0xE7, 0xB5, 0x43, 0x5A, 0x12, 0x10, 0x07, 0x0A, 0x10, 0x1B, 0x5B, 0x19 ; file 1A1CC4
db 0x19, 0xCE, 0xF0, 0x11, 0x11, 0x21, 0x03, 0x10, 0x43, 0x5A, 0x7F, 0x0D, 0x0F, 0x0C, 0x0D, 0x0D ; file 1A1CD4
db 0x12, 0x19, 0x7B, 0xA0, 0xFB, 0x19, 0x19, 0x5E, 0x50, 0x0F, 0x09, 0x0B, 0x05, 0x0B, 0xED, 0x1B ; file 1A1CE4
db 0x74, 0x03, 0x0A, 0x1A, 0x52, 0x09, 0x0F, 0x1C, 0x16, 0xC7, 0x1A, 0x19, 0x18, 0x6A, 0x50, 0x25 ; file 1A1CF4
db 0x00, 0x48, 0x50, 0x0F, 0x18, 0xEF, 0x1C, 0x1C, 0x19, 0x1A, 0x8E, 0x52, 0x07, 0x16, 0x1B, 0xDC ; file 1A1D04
db 0x4B, 0x61, 0xB8, 0x56, 0x19, 0x16, 0x0F, 0xE6, 0xF0, 0x05, 0x05, 0x6E, 0xC8, 0xF0, 0x0B, 0x05 ; file 1A1D14
db 0x16, 0x5B, 0x00, 0x1A, 0x16, 0x2B, 0x00, 0x3F, 0x18, 0x18, 0x1A, 0x1A, 0x1A, 0x19, 0xDF, 0xB0 ; file 1A1D24
db 0xC3, 0xC8, 0x24, 0xE3, 0xF3, 0x73, 0xF2, 0x17, 0x83, 0x00, 0x94, 0x52, 0x0B, 0x0E, 0xB0, 0x97 ; file 1A1D34
db 0x50, 0xC8, 0xE8, 0x61, 0xD3, 0xA7, 0x39, 0x52, 0x0F, 0xB2, 0x50, 0x1B, 0xD0, 0x13, 0x15, 0x02 ; file 1A1D44
db 0x70, 0x50, 0x0B, 0x00, 0xB0, 0x6B, 0x5F, 0x80, 0xA5, 0x44, 0x00, 0xC3, 0x53, 0xC9, 0x52, 0x01 ; file 1A1D54
db 0x02, 0x29, 0x0F, 0xE4, 0xC1, 0x6A, 0x56, 0x87, 0xA2, 0x3D, 0x1F, 0x6E, 0x5C, 0x45, 0x0F, 0x00 ; file 1A1D64
db 0x01, 0x0F, 0x01, 0x0F, 0x01, 0x0F, 0x01, 0x0F, 0x01, 0x0F, 0x01, 0x0F, 0x01, 0x0F, 0x01, 0x0F ; file 1A1D74
db 0x00, 0x01, 0x0F, 0x01, 0x0F, 0x01, 0x0F, 0x01, 0x0F, 0x01, 0x0F, 0x01, 0x0F, 0x01, 0x0F, 0x01 ; file 1A1D84
db 0x0F, 0x00, 0x01, 0x0F, 0x01, 0x0F, 0x01, 0x0F, 0x01, 0x0F, 0x01, 0x0F, 0x01, 0x0F, 0x01, 0x0F ; file 1A1D94
db 0x01, 0x0F, 0x00, 0x01, 0x0F, 0x01, 0x0F, 0x01, 0x0F, 0x01, 0x0F, 0x01, 0x0F, 0x01, 0x0F, 0x01 ; file 1A1DA4
db 0x0F, 0x01, 0x0F, 0x80, 0x01, 0x0F, 0x01, 0x0F, 0x01, 0x0F, 0x01, 0x0F, 0xE0, 0x9F, 0x14, 0x0F ; file 1A1DB4
db 0x01, 0x0F, 0x07, 0xBF, 0x13, 0x13, 0x13, 0x15, 0x15, 0x16, 0x02, 0xB0, 0x12, 0x08, 0xA7, 0x9F ; file 1A1DC4
db 0x6B, 0x8C, 0x6F, 0x82, 0x0E, 0xCA, 0xF0, 0x95, 0x5F, 0x01, 0x0F, 0x0F, 0x00, 0xE6, 0xB1, 0x90 ; file 1A1DD4
db 0x0B, 0x13, 0x0D, 0x5F, 0x64, 0x98, 0x0C, 0x12, 0x0C, 0x9E, 0x02, 0xF5, 0x15, 0x03, 0x0F, 0x16 ; file 1A1DE4
db 0x78, 0x55, 0x3A, 0x5F, 0x0B, 0xAE, 0x01, 0x00, 0x13, 0x16, 0x13, 0xA3, 0x01, 0x11, 0x95, 0x50 ; file 1A1DF4
db 0x0D, 0x61, 0x1C, 0xAD, 0x0F, 0xD6, 0x0C, 0x91, 0x41, 0x87, 0xB0, 0x13, 0x16, 0x3A, 0x5F, 0x94 ; file 1A1E04
db 0xAD, 0xBB, 0x20, 0x00, 0x0D, 0x2E, 0x01, 0x18, 0xAD, 0xEF, 0x04, 0x0B, 0x12, 0xBD, 0x0B, 0xE4 ; file 1A1E14
db 0x40, 0x13, 0x07, 0x0C, 0x19, 0x0A, 0x68, 0x07, 0xD9, 0x18, 0x85, 0xB4, 0x4F, 0x64, 0x0D, 0x0C ; file 1A1E24
db 0x57, 0xB1, 0x13, 0x0F, 0xB3, 0x10, 0x18, 0xFF, 0x41, 0x8C, 0x58, 0x0C, 0x17, 0x88, 0x03, 0x07 ; file 1A1E34
db 0x0E, 0xCB, 0xA0, 0x17, 0x16, 0x18, 0xE5, 0xF0, 0x6B, 0x50, 0x0C, 0x50, 0x58, 0xA0, 0x70, 0x29 ; file 1A1E44
db 0xB0, 0xA5, 0x07, 0x37, 0x50, 0x05, 0x14, 0x18, 0x1B, 0x13, 0x2A, 0x00, 0xEE, 0x9C, 0x10, 0x18 ; file 1A1E54
db 0x16, 0x11, 0xF1, 0x41, 0x0B, 0x0F, 0x11, 0x77, 0x09, 0x03, 0x1B, 0x86, 0x65, 0x07, 0x12, 0x18 ; file 1A1E64
db 0xD6, 0xB5, 0x91, 0x0D, 0x52, 0xA0, 0xB0, 0x50, 0x2E, 0xA2, 0x09, 0x27, 0x00, 0x30, 0xB0, 0x1A ; file 1A1E74
db 0x0C, 0xB1, 0xA0, 0x84, 0xC2, 0x12, 0x12, 0x84, 0x10, 0xD8, 0x05, 0x92, 0xB0, 0x0F, 0x53, 0x72 ; file 1A1E84
db 0x70, 0x51, 0x17, 0x26, 0xB0, 0xBC, 0x50, 0x13, 0x1A, 0x16, 0x2D, 0x00, 0xE6, 0x94, 0x50, 0x1B ; file 1A1E94
db 0x16, 0x26, 0xC8, 0x55, 0xA3, 0x13, 0x15, 0x0F, 0xDE, 0x6D, 0x50, 0x0E, 0x13, 0x16, 0x18, 0x01 ; file 1A1EA4
db 0x00, 0x11, 0x0B, 0x0C, 0x66, 0x00, 0x94, 0x51, 0x07, 0x09, 0x29, 0x19, 0x40, 0x53, 0x51, 0xB1 ; file 1A1EB4
db 0x81, 0x02, 0x01, 0x09, 0x09, 0x03, 0x26, 0x5F, 0x3E, 0x54, 0xAA, 0xA0, 0x6A, 0x53, 0x6E, 0x53 ; file 1A1EC4
db 0x70, 0x5F, 0x00, 0x6F, 0x2B, 0x01, 0x0F, 0x27, 0x0B, 0x00, 0x00, 0x3F, 0x25, 0x1E, 0x08, 0x56 ; file 1A1ED4
db 0x04, 0x00, 0x01, 0x0F, 0x01, 0x0F, 0xE4, 0x01, 0x0F, 0x0C, 0x03, 0x0C, 0x13, 0x0F, 0x03, 0x0C ; file 1A1EE4
db 0x03, 0x05, 0x07, 0xE6, 0x01, 0x00, 0x06, 0x03, 0x1A, 0x0F, 0x25, 0x0A, 0x04, 0x05, 0x06, 0x8D ; file 1A1EF4
db 0x06, 0x29, 0x01, 0x05, 0x02, 0x1E, 0x0F, 0x25, 0x07, 0x01, 0x01, 0x05, 0xFC, 0x28, 0x02, 0xB7 ; file 1A1F04
db 0x02, 0x01, 0x04, 0x06, 0x07, 0x06, 0x04, 0x5C, 0x84, 0x0A, 0x25, 0x04, 0x03, 0x03, 0x03, 0x4F ; file 1A1F14
db 0x01, 0x06, 0x25, 0x01, 0x59, 0x02, 0x26, 0x00, 0x83, 0x01, 0x05, 0x02, 0xAE, 0x05, 0x0C, 0x49 ; file 1A1F24
db 0x02, 0xC6, 0x25, 0x00, 0x02, 0x02, 0x25, 0x06, 0x01, 0x01, 0x84, 0x04, 0x06, 0x06, 0x07, 0x04 ; file 1A1F34
db 0x02, 0x0C, 0x01, 0x00, 0x3A, 0x00, 0x6F, 0x00, 0x70, 0x01, 0x3C, 0x00, 0x88, 0x25, 0x06, 0x5B ; file 1A1F44
db 0x00, 0x88, 0x00, 0x06, 0x01, 0x01, 0xDA, 0x01, 0x31, 0x03, 0x06, 0x3F, 0x06, 0x05, 0x05, 0x04 ; file 1A1F54
db 0x03, 0x01, 0x25, 0x0C, 0x3D, 0x00, 0x40, 0x3F, 0x00, 0x01, 0x08, 0x25, 0x05, 0x70, 0x03, 0x25 ; file 1A1F64
db 0x0F, 0x25, 0x0B, 0x00, 0x85, 0x00, 0xF0, 0x70, 0x00, 0x24, 0x05, 0x25, 0x0D, 0x2A, 0x15, 0x0B ; file 1A1F74
db 0x0C, 0x0B, 0x0C, 0x9F, 0x0C, 0x09, 0x0B, 0x0C, 0x0D, 0x4B, 0x02, 0x48, 0x08, 0x04, 0xEF, 0x03 ; file 1A1F84
db 0x0C, 0x0B, 0x0B, 0x48, 0x15, 0x0B, 0x0B, 0x0B, 0xFF, 0x0C, 0x09, 0x09, 0x0C, 0x0E, 0x09, 0x0B ; file 1A1F94
db 0x0E, 0xFF, 0x0D, 0x0C, 0x09, 0x0E, 0x09, 0x0C, 0x0D, 0x0F, 0xFF, 0x09, 0x09, 0x0D, 0x0D, 0x0D ; file 1A1FA4
db 0x0B, 0x09, 0x0E, 0xFB, 0x0D, 0x0D, 0xD0, 0x17, 0x0A, 0x0B, 0x0B, 0x09, 0x0B, 0xFB, 0x09, 0x0D ; file 1A1FB4
db 0x1E, 0x00, 0x0B, 0x09, 0x10, 0x0F, 0x0D, 0xF7, 0x0E, 0x12, 0x11, 0x01, 0x00, 0x10, 0x0F, 0x10 ; file 1A1FC4
db 0x10, 0xBD, 0x0B, 0xEB, 0x14, 0x0A, 0x0E, 0x0D, 0x0A, 0x6F, 0x00, 0x0D, 0xFF, 0x09, 0x0A, 0x09 ; file 1A1FD4
db 0x0A, 0x0B, 0x0F, 0x0B, 0x0B, 0xFF, 0x0D, 0x10, 0x0D, 0x0E, 0x10, 0x11, 0x0D, 0x0E, 0xF3, 0x0F ; file 1A1FE4
db 0x0D, 0x86, 0x00, 0x10, 0x24, 0x0C, 0x15, 0x1C, 0x1E, 0xFF, 0x1A, 0x16, 0x15, 0x0F, 0x09, 0x0E ; file 1A1FF4
db 0x0B, 0x0A, 0x49, 0x0C, 0x2E, 0x00, 0x3C, 0x00, 0x02, 0x7F, 0x00, 0x54, 0x11, 0x09, 0x04, 0x02 ; file 1A2004
db 0xFE, 0xDD, 0x10, 0x04, 0x04, 0x02, 0x12, 0x1A, 0x17, 0x17, 0xFF, 0x1A, 0x18, 0x17, 0x16, 0x16 ; file 1A2014
db 0x17, 0x14, 0x14, 0xBF, 0x1C, 0x18, 0x15, 0x13, 0x10, 0x10, 0x94, 0x00, 0x0F, 0xFD, 0x0E, 0x50 ; file 1A2024
db 0x00, 0x0D, 0x10, 0x10, 0x10, 0x0F, 0x02, 0x7B, 0x00, 0x01, 0x6A, 0x10, 0x05, 0x0F, 0x15, 0x18 ; file 1A2034
db 0x24, 0x00, 0xFF, 0x17, 0x18, 0x18, 0x14, 0x17, 0x1F, 0x19, 0x1E, 0xFD, 0x1F, 0x02, 0x00, 0x1E ; file 1A2044
db 0x15, 0x16, 0x15, 0x12, 0x11, 0x7F, 0x0F, 0x0F, 0x10, 0x11, 0x0F, 0x05, 0x01, 0xBB, 0x14, 0xFF ; file 1A2054
db 0x04, 0x0D, 0x10, 0x0F, 0x12, 0x14, 0x15, 0x15, 0xBF, 0x13, 0x15, 0x1C, 0x16, 0x1A, 0x1F, 0x01 ; file 1A2064
db 0x00, 0x1E, 0x3F, 0x19, 0x16, 0x14, 0x11, 0x0E, 0x09, 0x07, 0x11, 0x53, 0x20, 0x78, 0xE0, 0x13 ; file 1A2074
db 0xBC, 0x10, 0xBB, 0x14, 0x07, 0x0D, 0x10, 0x14, 0x01, 0x00, 0x19, 0x12, 0xBC, 0x12, 0xBB, 0x10 ; file 1A2084
db 0x04, 0x03, 0x25, 0x0C, 0x72, 0x1E, 0x25, 0x05, 0x20, 0x06, 0x26, 0x25, 0x0F, 0x04, 0x20, 0x25 ; file 1A2094
db 0x05, 0x9D, 0x21, 0x01, 0x25, 0x0F, 0x25, 0x05, 0x20, 0xE0, 0x14, 0xE4, 0x24, 0x2A, 0x01, 0x06 ; file 1A20A4
db 0x2A, 0xE9, 0x20, 0x02, 0x22, 0x0A, 0x01, 0x0F, 0x00, 0x01, 0x0F, 0x01, 0x0F, 0x01, 0x0F, 0x01 ; file 1A20B4
db 0x0F, 0x01, 0x0F, 0x01, 0x0F, 0x01, 0x0F, 0x01, 0x0F, 0x00, 0x01, 0x0F, 0x01, 0x0F, 0x01, 0x0F ; file 1A20C4
db 0x01, 0x0F, 0x01, 0x0F, 0x01, 0x0F, 0x0E, 0x01, 0xD5, 0x30, 0x02, 0x0F, 0x40, 0x01, 0x80, 0x4F ; file 1A20D4
db 0x07, 0x08, 0x55, 0x40, 0x96, 0x30, 0x58, 0x42, 0xC1, 0x33, 0x00, 0x01, 0x0F, 0x25, 0x00, 0x56 ; file 1A20E4
db 0x42, 0x0B, 0x41, 0x80, 0x41, 0x78, 0x36, 0x4A, 0x0D, 0x7B, 0x43, 0x00, 0x7C, 0x40, 0x57, 0x30 ; file 1A20F4
db 0xE7, 0x31, 0x18, 0x41, 0x02, 0x42, 0x09, 0x42, 0x99, 0x42, 0x12, 0x44, 0x00, 0x0D, 0x44, 0x0C ; file 1A2104
db 0x41, 0x30, 0x48, 0xBF, 0x3C, 0x25, 0x0D, 0x9A, 0x23, 0x25, 0x0F, 0x4A, 0x0F, 0x50, 0x25, 0x0F ; file 1A2114
db 0xE3, 0x24, 0x25, 0x0F, 0x54, 0x49, 0x03, 0xFD, 0x30, 0x09, 0xB4, 0x54, 0xFD, 0x01, 0x57, 0x40 ; file 1A2124
db 0x0C, 0x0D, 0x02, 0x0C, 0x09, 0x04, 0xBF, 0x09, 0x0F, 0x05, 0x05, 0x0D, 0x0D, 0x64, 0x30, 0x10 ; file 1A2134
db 0xFF, 0x0E, 0x0F, 0x0F, 0x0F, 0x0E, 0x0E, 0x0F, 0x10, 0xE3, 0x0F, 0x0F, 0xD9, 0x54, 0xB6, 0x30 ; file 1A2144
db 0x53, 0x40, 0x0B, 0x0B, 0x10, 0x7F, 0x0C, 0x0D, 0x10, 0x0E, 0x09, 0x0E, 0x12, 0x6F, 0x30, 0x7E ; file 1A2154
db 0x32, 0x31, 0x14, 0x13, 0x13, 0x14, 0x13, 0x0D, 0x49, 0x56, 0xFC, 0xD6, 0x31, 0x2E, 0x40, 0x0E ; file 1A2164
db 0x0E, 0x0B, 0x0F, 0x10, 0x0D, 0xFF, 0x09, 0x10, 0x12, 0x10, 0x0F, 0x13, 0x14, 0x11, 0xD0, 0xBC ; file 1A2174
db 0x30, 0xF3, 0x31, 0x26, 0x68, 0x2D, 0x40, 0x0B, 0x6E, 0x40, 0x0A, 0x0B, 0x77, 0x0E, 0x0C, 0x0A ; file 1A2184
db 0x02, 0x40, 0x09, 0x0B, 0x01, 0x64, 0x40, 0x7D, 0x09, 0x9C, 0x46, 0x00, 0x0B, 0x11, 0x12, 0x0D ; file 1A2194
db 0x55, 0x00, 0xD4, 0x7E, 0x40, 0xCC, 0x40, 0x0A, 0xD5, 0x11, 0x01, 0x93, 0x31, 0x0C, 0x09, 0x7B ; file 1A21A4
db 0x0F, 0x10, 0xC1, 0x46, 0x0C, 0x04, 0x15, 0x1F, 0x56, 0x40, 0x03, 0x14, 0x0E, 0xF4, 0x17, 0x25 ; file 1A21B4
db 0x00, 0x47, 0x40, 0x26, 0x00, 0xE8, 0x41, 0x55, 0x42, 0xFF, 0x06, 0x06, 0x01, 0x14, 0x1A, 0x18 ; file 1A21C4
db 0x18, 0x1B, 0xFF, 0x19, 0x15, 0x15, 0x14, 0x15, 0x0A, 0x0E, 0x0E, 0xF3, 0x0C, 0x0B, 0x25, 0x60 ; file 1A21D4
db 0xE4, 0x00, 0x13, 0x12, 0x14, 0x16, 0xF1, 0x19, 0x60, 0x40, 0x7B, 0x41, 0xE9, 0x52, 0x12, 0x17 ; file 1A21E4
db 0x18, 0x19, 0xFD, 0x18, 0x7F, 0x40, 0x19, 0x17, 0x1A, 0x1E, 0x1E, 0x1F, 0xFF, 0x16, 0x12, 0x1A ; file 1A21F4
db 0x1F, 0x1E, 0x1C, 0x16, 0x15, 0x9E, 0xDD, 0x00, 0x0E, 0x12, 0x13, 0x12, 0x37, 0x60, 0xEB, 0x53 ; file 1A2204
db 0x06, 0xFE, 0x52, 0x40, 0x15, 0x17, 0x19, 0x17, 0x15, 0x19, 0x1E, 0xFB, 0x1A, 0x1E, 0x54, 0x40 ; file 1A2214
db 0x1D, 0x1C, 0x17, 0x15, 0x14, 0x3F, 0x12, 0x12, 0x0F, 0x10, 0x12, 0x12, 0x25, 0x06, 0xA2, 0x51 ; file 1A2224
db 0xCD, 0x06, 0x7C, 0x40, 0x14, 0x14, 0xA8, 0x40, 0x25, 0x00, 0x1F, 0x1D, 0x73, 0x19, 0x16, 0x25 ; file 1A2234
db 0x00, 0x3C, 0x50, 0x10, 0x0F, 0x06, 0x12, 0x60, 0x78, 0x25, 0x05, 0x37, 0x61, 0xE5, 0x60, 0x0F ; file 1A2244
db 0x10, 0x13, 0x1C, 0xA0, 0x40, 0x0B, 0x1C, 0x19, 0xF0, 0x40, 0x0E, 0x3C, 0x22, 0xEB, 0x33, 0x12 ; file 1A2254
db 0x69, 0xC8, 0x5A, 0x80, 0xF6, 0x61, 0xA9, 0x60, 0x32, 0x44, 0x56, 0x42, 0x25, 0x06, 0x03, 0x07 ; file 1A2264
db 0x25, 0x02, 0x01, 0x00, 0x57, 0x47, 0x53, 0x41, 0x25, 0x0D, 0xF3, 0x63, 0x59, 0x4C, 0xE5, 0x61 ; file 1A2274
db 0x49, 0x0F, 0x28, 0x3F, 0x0C, 0xD1, 0x42, 0x5A, 0x73, 0x03, 0x03, 0x69, 0x08, 0x01, 0x0F, 0x01 ; file 1A2284
db 0x0F, 0x01, 0x0F, 0x00, 0x01, 0x0F, 0x01, 0x0F, 0x01, 0x0F, 0x01, 0x0F, 0x01, 0x0F, 0x01, 0x0F ; file 1A2294
db 0x01, 0x0F, 0x01, 0x0F, 0x16, 0xD3, 0x89, 0x0C, 0x01, 0x3E, 0x80, 0x05, 0x5A, 0x60, 0x01, 0x0F ; file 1A22A4
db 0x75, 0x24, 0x00, 0xE8, 0x51, 0xB4, 0x72, 0x56, 0x4F, 0x7A, 0x44, 0x1E, 0x86, 0x25, 0x0F, 0xD4 ; file 1A22B4
db 0x71, 0xEE, 0x81, 0x00, 0x3E, 0x86, 0x84, 0x63, 0x21, 0x92, 0x73, 0x81, 0x7C, 0x01, 0x5F, 0x04 ; file 1A22C4
db 0x25, 0x0E, 0xAD, 0x91, 0x40, 0x30, 0x4A, 0x25, 0x0F, 0xEA, 0x30, 0xA5, 0x6B, 0x25, 0x0B, 0xB8 ; file 1A22D4
db 0x80, 0x09, 0x56, 0x30, 0xF1, 0x0F, 0x0C, 0x41, 0xD0, 0x88, 0x82, 0x86, 0x05, 0x0F, 0x13, 0x13 ; file 1A22E4
db 0x97, 0x10, 0x12, 0x15, 0xE7, 0x32, 0x13, 0x18, 0x81, 0xF5, 0x85, 0x0B, 0x37, 0x04, 0x02, 0x0E ; file 1A22F4
db 0x3A, 0x01, 0x09, 0x0E, 0xE2, 0x30, 0x6A, 0x70, 0xBB, 0x16, 0x16, 0x1B, 0x30, 0x16, 0x15, 0x11 ; file 1A2304
db 0x03, 0xA3, 0x01, 0xF8, 0x01, 0x00, 0x87, 0x80, 0x8A, 0x30, 0x0D, 0x10, 0x0B, 0x0E, 0x12, 0x37 ; file 1A2314
db 0x10, 0x0E, 0x0E, 0x5F, 0x70, 0x11, 0x15, 0x18, 0x80, 0x35, 0x00, 0xEC, 0x4E, 0x57, 0x56, 0x41 ; file 1A2324
db 0x0C, 0x0B, 0x84, 0x80, 0x10, 0x09, 0x09, 0x1A, 0xF3, 0x30, 0x09, 0xA0, 0x30, 0x0B, 0x0B, 0x8F ; file 1A2334
db 0x40, 0x42, 0x1B, 0x84, 0x80, 0x3D, 0x0C, 0x2F, 0x40, 0x0A, 0x0D, 0x0D, 0x0A, 0xB1, 0x32, 0x9D ; file 1A2344
db 0x90, 0xE7, 0x01, 0x01, 0x09, 0xE2, 0x80, 0x7B, 0xAB, 0x0B, 0x09, 0x0A, 0xE2, 0x84, 0x81, 0x0B ; file 1A2354
db 0x01, 0x90, 0x11, 0x61, 0xCD, 0x90, 0x02, 0x0D, 0x12, 0x39, 0x14, 0xE5, 0x44, 0x94, 0x11, 0x10 ; file 1A2364
db 0x16, 0x16, 0xC3, 0x02, 0xA0, 0x17, 0xEE, 0x1A, 0xA2, 0x0B, 0x0E, 0x11, 0x37, 0x66, 0x06, 0x08 ; file 1A2374
db 0x07, 0x17, 0x13, 0x1F, 0x1F, 0xAC, 0x80, 0x0E, 0x25, 0x0A, 0x9D, 0x80, 0x90, 0x41, 0xFE, 0x22 ; file 1A2384
db 0x36, 0x06, 0x05, 0x15, 0x1A, 0x18, 0x19, 0x1B, 0x43, 0x1A, 0x12, 0x07, 0x96, 0x81, 0x60, 0x72 ; file 1A2394
db 0x32, 0x81, 0x60, 0x0C, 0x0F, 0x51, 0xFE, 0x41, 0xA1, 0x04, 0x06, 0x15, 0x18, 0x19, 0x1A, 0x19 ; file 1A23A4
db 0x7F, 0x18, 0x1A, 0x1B, 0x1A, 0x11, 0x11, 0x0A, 0xFF, 0xA4, 0x3E, 0xCB, 0x71, 0x01, 0x0C, 0x0D ; file 1A23B4
db 0x14, 0x12, 0x62, 0x00, 0x66, 0xA4, 0xFD, 0x12, 0xF4, 0x81, 0x18, 0x1C, 0x18, 0x18, 0x1C, 0x1C ; file 1A23C4
db 0xFF, 0x19, 0x17, 0x0C, 0x00, 0x0A, 0x12, 0x10, 0x11, 0xFE, 0x55, 0x40, 0x14, 0x14, 0x10, 0x10 ; file 1A23D4
db 0x12, 0x0F, 0x03, 0xF8, 0xAB, 0x85, 0x8F, 0x60, 0x65, 0x10, 0x18, 0x16, 0x15, 0x1C, 0x1C, 0xF5 ; file 1A23E4
db 0x1D, 0x9C, 0x40, 0x1D, 0x9F, 0x40, 0x14, 0x14, 0x0F, 0x13, 0x1F, 0x0F, 0x0E, 0x10, 0x12, 0x11 ; file 1A23F4
db 0xD7, 0xA1, 0xD1, 0x85, 0xCB, 0x40, 0xFE, 0x93, 0x50, 0x18, 0x17, 0x19, 0x1F, 0x1D, 0x1E, 0x1A ; file 1A2404
db 0x12, 0x7A, 0x41, 0x11, 0x8B, 0x90, 0xC9, 0x50, 0x0E, 0x9B, 0x23, 0xB2, 0xA4, 0x0F, 0xB1, 0xBE ; file 1A2414
db 0x9B, 0x50, 0x16, 0x1D, 0x1C, 0x1E, 0x1C, 0x54, 0x00, 0x13, 0x0E, 0x01, 0x20, 0x09, 0x0D, 0x0E ; file 1A2424
db 0x96, 0xB6, 0xFF, 0xA0, 0xD8, 0x31, 0x5F, 0xB3, 0xDF, 0x0F, 0x13, 0x16, 0x19, 0x14, 0x02, 0x20 ; file 1A2434
db 0x0F, 0x0D, 0x00, 0xDB, 0x62, 0x55, 0x4B, 0xA1, 0x44, 0x8A, 0xB4, 0x7A, 0x42, 0x3B, 0xB0, 0xFF ; file 1A2444
db 0x10, 0x53, 0x4A, 0x00, 0x25, 0x08, 0x6A, 0xB6, 0x25, 0x0C, 0x7B, 0x44, 0x24, 0x09, 0xE6, 0x41 ; file 1A2454
db 0x5A, 0x4F, 0x4A, 0x91, 0x00, 0x75, 0x06, 0x49, 0x03, 0x23, 0x0F, 0x4B, 0x97, 0x02, 0x02, 0x19 ; file 1A2464
db 0x0F, 0x01, 0x0F, 0x01, 0x0F, 0x00, 0x01, 0x0F, 0x01, 0x0F, 0x01, 0x0F, 0x06, 0xD1, 0xD1, 0x30 ; file 1A2474
db 0x9C, 0x32, 0x01, 0x0F, 0xAD, 0x85, 0x00, 0x27, 0xC4, 0x25, 0x0F, 0xC8, 0xC5, 0xC3, 0x39, 0x41 ; file 1A2484
db 0x0F, 0xC6, 0x83, 0xE8, 0x3A, 0x72, 0x1B, 0xC0, 0x52, 0x42, 0x25, 0x0D, 0xAB, 0x83, 0xBC, 0x57 ; file 1A2494
db 0x68, 0xC4, 0x78, 0x48, 0x0B, 0x0D, 0x07, 0x11, 0x0F, 0x10, 0x70, 0x72, 0x02, 0xD1, 0x30, 0x4E ; file 1A24A4
db 0xEA, 0x60, 0x49, 0x70, 0xE6, 0x57, 0xB0, 0x14, 0x14, 0x49, 0xC1, 0x55, 0x4E, 0x0F, 0x12, 0x0D ; file 1A24B4
db 0xEB, 0x0F, 0x14, 0x9C, 0xB0, 0x16, 0xC4, 0xB0, 0x17, 0x15, 0x12, 0xFC, 0xD2, 0x72, 0x1F, 0xB8 ; file 1A24C4
db 0x0D, 0x04, 0x0F, 0x13, 0x11, 0x0E, 0x31, 0x10, 0x4D, 0x20, 0x30, 0x40, 0x92, 0x70, 0x12, 0x11 ; file 1A24D4
db 0x05, 0xC1, 0x00, 0xD7, 0x35, 0x02, 0x8F, 0xC0, 0x0C, 0x8C, 0x40, 0x11, 0x14, 0x62, 0xC0, 0xAE ; file 1A24E4
db 0xB0, 0x83, 0x11, 0x0E, 0xA6, 0xC0, 0xF4, 0x30, 0x02, 0x82, 0xF8, 0x34, 0x40, 0xC0, 0x0D, 0xFF ; file 1A24F4
db 0x0E, 0x0C, 0x0D, 0x11, 0x0B, 0x0D, 0x13, 0x10, 0xC4, 0x72, 0xC0, 0x15, 0xD1, 0x0A, 0x21, 0x41 ; file 1A2504
db 0xFA, 0x98, 0xAB, 0x82, 0x0B, 0x0E, 0x51, 0x0A, 0x56, 0x41, 0xE5, 0x82, 0x8E, 0x40, 0x20, 0x56 ; file 1A2514
db 0x4D, 0x0B, 0xDA, 0xC0, 0xC5, 0x0B, 0x3A, 0x00, 0x0A, 0x5F, 0x80, 0xDF, 0x92, 0x2B, 0x22, 0x09 ; file 1A2524
db 0x0D, 0x00, 0x85, 0x87, 0x26, 0xD3, 0xD7, 0xC0, 0x86, 0x80, 0x67, 0xA6, 0x18, 0xE1, 0xE6, 0x00 ; file 1A2534
db 0xB4, 0x16, 0x3F, 0x06, 0x07, 0x12, 0x1B, 0x1A, 0x14, 0x2E, 0x48, 0x56, 0x44, 0xF7, 0x02, 0x0B ; file 1A2544
db 0x0F, 0x8C, 0xA6, 0x01, 0x04, 0x07, 0x06, 0x3F, 0x10, 0x1D, 0x1F, 0x1B, 0x16, 0x15, 0x05, 0x44 ; file 1A2554
db 0xAC, 0x87, 0xFC, 0xFB, 0xC2, 0x73, 0x35, 0x06, 0x06, 0x16, 0x1A, 0x19, 0x1A, 0x87, 0x1C, 0x19 ; file 1A2564
db 0x10, 0xA2, 0x4B, 0xE0, 0x23, 0xAE, 0x92, 0xDA, 0xC2, 0x06, 0xBE, 0xAB, 0x80, 0x1C, 0x1A, 0x1A ; file 1A2574
db 0x1A, 0x16, 0x28, 0x07, 0x02, 0x4C, 0x55, 0x41, 0xFA, 0xD0, 0x16, 0x14, 0xF7, 0x96, 0x7C, 0x40 ; file 1A2584
db 0x17, 0x4F, 0xD0, 0x74, 0xA2, 0x81, 0x76, 0x05, 0x01, 0x98, 0x32, 0x12, 0x16, 0x12, 0x4B, 0x05 ; file 1A2594
db 0xFE, 0x27, 0xD0, 0x12, 0x13, 0x15, 0x16, 0x17, 0x1C, 0x17, 0xDF, 0x18, 0x1E, 0x1C, 0x1C, 0x13 ; file 1A25A4
db 0x7F, 0xC5, 0x0B, 0x0C, 0xD3, 0x0E, 0x0F, 0x55, 0x43, 0x28, 0xD5, 0x06, 0xB4, 0x10, 0x16, 0x15 ; file 1A25B4
db 0xFF, 0x16, 0x1D, 0x19, 0x1C, 0x1D, 0x16, 0x18, 0x1E, 0xFB, 0x1E, 0x1D, 0xEC, 0x50, 0x0E, 0x15 ; file 1A25C4
db 0x0E, 0x0D, 0x0F, 0xF1, 0x11, 0x7D, 0x94, 0x09, 0xF4, 0x0D, 0x10, 0x12, 0x15, 0x17, 0x16, 0xF9 ; file 1A25D4
db 0x1B, 0x9E, 0x00, 0xFF, 0x10, 0x13, 0x12, 0x0F, 0x09, 0x12, 0x1F, 0x0B, 0x0E, 0x0E, 0x10, 0x07 ; file 1A25E4
db 0x56, 0x47, 0x7C, 0x42, 0x6E, 0x90, 0xFF, 0x12, 0x13, 0x18, 0x19, 0x19, 0x19, 0x17, 0x16, 0x19 ; file 1A25F4
db 0x14, 0x10, 0x20, 0xAB, 0xE1, 0x0E, 0x0D, 0x02, 0xD7, 0xA1, 0x44, 0xB2, 0xF0, 0x5A, 0x6F, 0x90 ; file 1A2604
db 0x19, 0xF2, 0x40, 0x12, 0x11, 0xA3, 0xE0, 0x0C, 0xCC, 0x91, 0x21, 0x20, 0x55, 0x4A, 0x01, 0x05 ; file 1A2614
db 0x3E, 0x71, 0x78, 0xB3, 0x06, 0x8A, 0x80, 0xED, 0x3B, 0x00, 0x27, 0x08, 0x75, 0x42, 0x9C, 0x42 ; file 1A2624
db 0x0F, 0x20, 0x29, 0x4E, 0x24, 0x0A, 0x25, 0x03, 0x99, 0x3F, 0x00, 0x19, 0x55, 0x25, 0x07, 0x23 ; file 1A2634
db 0x0F, 0x79, 0x4A, 0x22, 0x0F, 0x01, 0x0F, 0xE9, 0x74, 0x3B, 0x8F, 0xE4, 0x32, 0xB9, 0xB7, 0xC4 ; file 1A2644
db 0x06, 0x26, 0x0F, 0x00, 0xD4, 0x06, 0x07, 0x08, 0x03, 0x08, 0x08, 0x19, 0x84, 0x56, 0x4F, 0x21 ; file 1A2654
db 0xD0, 0xAC, 0xC0, 0x23, 0x01, 0x25, 0x06, 0x00, 0x56, 0x4D, 0x54, 0x41, 0x15, 0x82, 0x25, 0x0A ; file 1A2664
db 0x99, 0xE8, 0x55, 0x46, 0x26, 0x06, 0x48, 0xD1, 0xE1, 0x09, 0xA0, 0xF0, 0x65, 0xAA, 0x27, 0xF5 ; file 1A2674
db 0x4B, 0x03, 0x06, 0x0F, 0x14, 0xC1, 0x13, 0x15, 0x20, 0x26, 0xB0, 0xE8, 0x36, 0x60, 0x83, 0xA0 ; file 1A2684
db 0x45, 0x09, 0x0F, 0x87, 0x16, 0x17, 0x16, 0xF5, 0xF2, 0x0E, 0x20, 0xDE, 0xB1, 0xAB, 0x8B, 0x0D ; file 1A2694
db 0x2F, 0x10, 0x0D, 0x0E, 0x13, 0xBC, 0xB0, 0x13, 0xA0, 0xB0, 0x63, 0x80, 0xF8, 0x47, 0x00, 0x8C ; file 1A26A4
db 0xD3, 0xBF, 0xF5, 0x05, 0x04, 0x09, 0x10, 0x09, 0x36, 0x65, 0xC0, 0x10, 0x0F, 0xED, 0xF1, 0x14 ; file 1A26B4
db 0x13, 0xB1, 0x31, 0x30, 0x40, 0xFE, 0x97, 0x29, 0x02, 0x0C, 0x0F, 0x0D, 0x0C, 0x11, 0x11, 0x09 ; file 1A26C4
db 0x0B, 0x52, 0x41, 0x99, 0xC0, 0x0B, 0x7A, 0xC0, 0xFC, 0xC0, 0x82, 0xC0, 0x56, 0x46, 0x40, 0xB7 ; file 1A26D4
db 0x70, 0xDC, 0xC0, 0xAC, 0x80, 0x56, 0x40, 0xD3, 0x23, 0x88, 0x81, 0x09, 0xF1, 0xC0, 0x04, 0x94 ; file 1A26E4
db 0xF7, 0xAC, 0x84, 0x0F, 0x90, 0x40, 0x94, 0x40, 0xAB, 0xC1, 0x56, 0x4F, 0x82, 0x30, 0x90, 0xC1 ; file 1A26F4
db 0x81, 0xB6, 0xC0, 0x56, 0x41, 0x81, 0x66, 0x0C, 0x3C, 0x87, 0xD0, 0x85, 0x0A, 0x9C, 0x01, 0x00 ; file 1A2704
db 0x56, 0x4A, 0x01, 0x02, 0x0F, 0x31, 0x48, 0xCB, 0x10, 0x1B, 0x43, 0x1C, 0x15, 0x7B, 0xD4, 0xDC ; file 1A2714
db 0xC6, 0x95, 0xE0, 0x24, 0xD8, 0x01, 0x20, 0x30, 0x3F, 0x0F, 0x1A, 0x1F, 0x1D, 0x18, 0x14, 0xF5 ; file 1A2724
db 0xE8, 0x02, 0xD3, 0xFC, 0x49, 0xD7, 0xDC, 0xC1, 0x07, 0x16, 0x19, 0x19, 0x1B, 0x1C, 0xE1, 0x19 ; file 1A2734
db 0xA4, 0x49, 0x86, 0x82, 0xAB, 0x85, 0x56, 0x43, 0x07, 0x17, 0x18, 0xBF, 0x1A, 0x1C, 0x1B, 0x19 ; file 1A2744
db 0x16, 0x13, 0xA4, 0x47, 0x02, 0x5C, 0xEC, 0x70, 0x52, 0xF0, 0x09, 0x1A, 0x11, 0x4D, 0xE6, 0x07 ; file 1A2754
db 0xFD, 0xC0, 0x3F, 0x17, 0x18, 0x1B, 0x1D, 0x1A, 0x11, 0x9D, 0x06, 0xE7, 0x22, 0x8F, 0x0C, 0x15 ; file 1A2764
db 0x16, 0x13, 0x9B, 0x21, 0xD2, 0x84, 0x5A, 0x80, 0x16, 0x3F, 0x19, 0x1B, 0x19, 0x1A, 0x1D, 0x15 ; file 1A2774
db 0xF7, 0x13, 0x11, 0xA3, 0xD9, 0x0B, 0x68, 0x80, 0x56, 0x48, 0x03, 0x07, 0x27, 0x01, 0x15, 0x16 ; file 1A2784
db 0xFF, 0x1E, 0x19, 0x1D, 0x18, 0x0E, 0x0E, 0x13, 0x13, 0x93, 0x11, 0x11, 0xE8, 0x30, 0x71, 0xE0 ; file 1A2794
db 0x10, 0x7B, 0x43, 0xA3, 0x46, 0x07, 0xEE, 0xD1, 0x80, 0x15, 0x17, 0x15, 0xF3, 0x40, 0x19, 0x19 ; file 1A27A4
db 0x16, 0x7D, 0x17, 0x8F, 0xA0, 0x0D, 0x15, 0x0B, 0x0D, 0x0F, 0x56, 0x4A, 0x56, 0x2F, 0x21, 0x07 ; file 1A27B4
db 0x0F, 0x99, 0x60, 0x19, 0x74, 0xD0, 0x16, 0x56, 0x40, 0x1F, 0x10, 0x0D, 0x0D, 0x0D, 0x0B, 0x56 ; file 1A27C4
db 0x40, 0x3B, 0x76, 0x7C, 0x45, 0xC6, 0x7A, 0x70, 0x12, 0x17, 0xC2, 0xD0, 0x19, 0x92, 0x43, 0xA0 ; file 1A27D4
db 0x0C, 0x09, 0x08, 0x2E, 0x3A, 0x56, 0x46, 0x28, 0x01, 0x14, 0xB6, 0xD0, 0xE4, 0xA0, 0xD5, 0xF1 ; file 1A27E4
db 0x31, 0x4C, 0x08, 0x7C, 0x46, 0x43, 0x51, 0x48, 0xD1, 0x04, 0x2B, 0x11, 0x56, 0x4E, 0x55, 0x43 ; file 1A27F4
db 0x16, 0xE4, 0x00, 0x79, 0x43, 0x10, 0x4F, 0x47, 0x93, 0x25, 0x0B, 0x24, 0x0F, 0xEC, 0xD4, 0x24 ; file 1A2804
db 0x0F, 0x01, 0x0F, 0x00, 0x01, 0x0F, 0x01, 0x0F, 0xAC, 0x8F, 0x01, 0x0F, 0xAC, 0x8F, 0x01, 0x0F ; file 1A2814
db 0xAC, 0x8F, 0x41, 0x0F, 0x00, 0xAC, 0x8F, 0xAC, 0x8F, 0xAC, 0x8F, 0xAC, 0x8F, 0xAC, 0x8F, 0xAC ; file 1A2824
db 0x8F, 0xAC, 0x8F, 0xAC, 0x8F, 0x00, 0xAC, 0x8F, 0xAC, 0x8F, 0xAC, 0x8F, 0xAC, 0x8F, 0xAC, 0x8F ; file 1A2834
db 0xAC, 0x8F, 0xAC, 0x8F, 0xAC, 0x8F, 0x00, 0xAC, 0x8F, 0xAC, 0x8F, 0xAC, 0x8F, 0xAC, 0x8F, 0xAC ; file 1A2844
db 0x8F, 0xAC, 0x8F, 0xAC, 0x8F, 0xAC, 0x8F, 0x00, 0xAC, 0x8F, 0xAC, 0x8F, 0xAC, 0x8F, 0xAC, 0x8F ; file 1A2854
db 0xAC, 0x8F, 0xAC, 0x8F, 0xAC, 0x8F, 0xAC, 0x8F, 0x00, 0xAC, 0x8F, 0xAC, 0x8F, 0xAC, 0x8F, 0xAC ; file 1A2864
db 0x8F, 0xAC, 0x8F, 0xAC, 0x8F, 0xAC, 0x8F, 0xAC, 0x8F, 0x00, 0xAC, 0x8F, 0xAC, 0x8F, 0xAC, 0x8F ; file 1A2874
db 0xAC, 0x8F, 0xAC, 0x8F, 0xAC, 0x8F, 0x56, 0x4F, 0xAC, 0x8F, 0x00, 0x0E, 0x4F, 0xAC, 0x8F, 0xAC ; file 1A2884
db 0x8F, 0xAC, 0x8F, 0x22, 0x0F, 0x01, 0x0F, 0x01, 0x0F, 0x01, 0x0F, 0x10, 0x01, 0x0F, 0x01, 0x0F ; file 1A2894
db 0xFA, 0x22, 0xC8, 0x01, 0x05, 0x0C, 0x4A, 0xF1, 0x6C, 0x4E, 0xE1, 0x82, 0xAE, 0x32, 0x05, 0xF7 ; file 1A28A4
db 0x8F, 0x0D, 0x02, 0xCA, 0x32, 0x55, 0x44, 0x25, 0x0D, 0x0C, 0x01, 0x0C, 0x9C, 0x51, 0x58, 0x4A ; file 1A28B4
db 0x25, 0x01, 0xE3, 0xE2, 0x6F, 0x90, 0x60, 0xE0, 0x5F, 0x06, 0x20, 0x25, 0x0E, 0xEB, 0x41, 0x51 ; file 1A28C4
db 0xF5, 0x57, 0x4C, 0xC4, 0x46, 0x03, 0x7B, 0x42, 0x25, 0x0F, 0x0E, 0x6B, 0x06, 0x09, 0x09, 0x0F ; file 1A28D4
db 0x20, 0x40, 0x25, 0x08, 0xF8, 0x82, 0xA1, 0x43, 0x97, 0x06, 0x05, 0x0F, 0xC9, 0x60, 0x12, 0x56 ; file 1A28E4
db 0xF0, 0xB4, 0x80, 0x13, 0xDC, 0xA3, 0x31, 0xF7, 0x85, 0x0B, 0x04, 0x02, 0x74, 0x60, 0x0F, 0x10 ; file 1A28F4
db 0x3F, 0x09, 0x0E, 0x13, 0x14, 0x11, 0x12, 0xCB, 0x20, 0x7D, 0x40, 0xE6, 0xD0, 0x20, 0x11, 0x00 ; file 1A2904
db 0x7C, 0x43, 0x92, 0x71, 0x0B, 0x0C, 0x09, 0xFE, 0xAC, 0x80, 0x10, 0x0B, 0x0E, 0x12, 0x10, 0x0E ; file 1A2914
db 0x0E, 0xFF, 0x14, 0x14, 0x14, 0x11, 0x15, 0x11, 0x0D, 0x0E, 0xE0, 0xA9, 0x60, 0x58, 0x47, 0xAC ; file 1A2924
db 0x83, 0xAE, 0x20, 0x56, 0x40, 0x11, 0x12, 0x0D, 0xA3, 0x09, 0x0E, 0xD0, 0x81, 0xAC, 0x8D, 0x88 ; file 1A2934
db 0x81, 0x0C, 0x0D, 0x90, 0x0A, 0x23, 0x0D, 0x0D, 0xB8, 0x40, 0xC8, 0x80, 0xB4, 0x42, 0x09, 0x18 ; file 1A2944
db 0x95, 0x7B, 0xA6, 0x89, 0x0B, 0x56, 0x40, 0xBE, 0x40, 0x0B, 0xDD, 0x80, 0xFB, 0x62, 0x8D, 0x30 ; file 1A2954
db 0x0D, 0x73, 0x12, 0x14, 0xE3, 0x31, 0x91, 0x14, 0x10, 0x16, 0x16, 0xC3, 0x02, 0xDE, 0x56, 0x4B ; file 1A2964
db 0x03, 0x0B, 0x0E, 0x11, 0x1D, 0x96, 0x06, 0x08, 0x7F, 0x07, 0x13, 0x1F, 0x1F, 0x1A, 0x16, 0x15 ; file 1A2974
db 0x86, 0x88, 0xF2, 0xED, 0xF2, 0x02, 0x1C, 0x97, 0x09, 0x60, 0x06, 0x05, 0x15, 0x1A, 0x3F, 0x18 ; file 1A2984
db 0x19, 0x1B, 0x1A, 0x12, 0x10, 0xC7, 0x46, 0xFC, 0x51, 0xE9, 0x03, 0xAD, 0x87, 0x1E, 0xA1, 0x04 ; file 1A2994
db 0x30, 0x40, 0x19, 0x1A, 0x19, 0x3F, 0x18, 0x1A, 0x1B, 0x1A, 0x11, 0x11, 0x31, 0x44, 0xD2, 0x82 ; file 1A29A4
db 0xA6, 0x6A, 0x90, 0x14, 0x12, 0x8E, 0xA0, 0x86, 0x84, 0x12, 0x57, 0xA1, 0x18, 0xFF, 0x1C, 0x18 ; file 1A29B4
db 0x18, 0x1C, 0x1C, 0x19, 0x17, 0x0C, 0x7F, 0x00, 0x0A, 0x12, 0x10, 0x11, 0x14, 0x12, 0xD6, 0x70 ; file 1A29C4
db 0x1F, 0x10, 0x10, 0x12, 0x0F, 0x03, 0x2F, 0x45, 0x39, 0xB0, 0x30, 0x40, 0xFE, 0xBA, 0x30, 0x1C ; file 1A29D4
db 0x1C, 0x1D, 0x1F, 0x1E, 0x1C, 0x1D, 0xFF, 0x1E, 0x1C, 0x16, 0x14, 0x14, 0x0F, 0x13, 0x0F, 0xC3 ; file 1A29E4
db 0x0E, 0x10, 0x57, 0x43, 0x07, 0x25, 0x09, 0x40, 0xAC, 0x10, 0x18, 0x17, 0xBF, 0x19, 0x1F, 0x1D ; file 1A29F4
db 0x1E, 0x1A, 0x19, 0x3F, 0x82, 0x0F, 0x1F, 0x0D, 0x0E, 0x0F, 0x10, 0x0E, 0x9B, 0x23, 0xE2, 0x14 ; file 1A2A04
db 0x58, 0x41, 0xBE, 0x8E, 0xA0, 0x16, 0x1D, 0x1C, 0x1E, 0x1C, 0x0E, 0x40, 0x13, 0x1E, 0x21, 0x60 ; file 1A2A14
db 0x09, 0x0D, 0x0E, 0x06, 0x75, 0x22, 0x93, 0x37, 0xFA, 0x01, 0xBF, 0x05, 0x06, 0x0F, 0x13, 0x16 ; file 1A2A24
db 0x19, 0x5F, 0x60, 0x13, 0x83, 0x0F, 0x0D, 0xB5, 0x61, 0x6C, 0x90, 0x09, 0x4B, 0x1F, 0x12, 0x24 ; file 1A2A34
db 0x12, 0x05, 0x0D, 0x06, 0xAA, 0x20, 0x05, 0x04, 0x10, 0x43, 0x30, 0x4B, 0x25, 0x07, 0x4E, 0x12 ; file 1A2A44
db 0x00, 0x13, 0x42, 0xC8, 0x3E, 0x40, 0x72, 0x24, 0x08, 0xB6, 0x80, 0xEC, 0x3F, 0x48, 0x72, 0x75 ; file 1A2A54
db 0x06, 0x00, 0x49, 0x03, 0x23, 0x0F, 0x33, 0x4C, 0x19, 0x0F, 0x01, 0x0F, 0x01, 0x0F, 0x01, 0x0F ; file 1A2A64
db 0x01, 0x0F, 0x10, 0x01, 0x0F, 0x01, 0x0F, 0x6A, 0x8F, 0x36, 0x80, 0x04, 0xD8, 0xA1, 0x01, 0x0F ; file 1A2A74
db 0x32, 0x46, 0x00, 0x55, 0x42, 0x4D, 0xD3, 0x56, 0x4F, 0x57, 0x45, 0xD3, 0x92, 0x60, 0x51, 0x75 ; file 1A2A84
db 0xD1, 0xA5, 0x53, 0x00, 0x78, 0xC4, 0x4A, 0x09, 0x9D, 0x13, 0x58, 0xD0, 0xAD, 0x84, 0x5A, 0x84 ; file 1A2A94
db 0x2D, 0x92, 0x2F, 0x90, 0x00, 0xE0, 0x21, 0xB3, 0x84, 0xF2, 0x32, 0xD2, 0x83, 0x0C, 0x47, 0x05 ; file 1A2AA4
db 0xD6, 0x05, 0x08, 0x25, 0x09, 0x00, 0x04, 0xD5, 0x25, 0x0F, 0x4A, 0x0F, 0x25, 0x0F, 0x30, 0x20 ; file 1A2AB4
db 0xEE, 0x68, 0x25, 0x0F, 0xC2, 0x42, 0xF8, 0x73, 0x83, 0x80, 0xE2, 0x2F, 0x50, 0x0C, 0x0D, 0x02 ; file 1A2AC4
db 0x0C, 0x09, 0xFF, 0x04, 0x09, 0x0F, 0x05, 0x05, 0x0D, 0x0D, 0x04, 0xBD, 0x05, 0xDB, 0x20, 0x0F ; file 1A2AD4
db 0x0F, 0x0F, 0x0E, 0xE3, 0x20, 0x0F, 0xB8, 0xEC, 0xB4, 0x02, 0xD1, 0x00, 0x70, 0x0B, 0x0B, 0x10 ; file 1A2AE4
db 0x7E, 0x40, 0x0E, 0x27, 0x09, 0x0E, 0x12, 0xAC, 0xB0, 0x7F, 0x40, 0x14, 0xC5, 0x42, 0xE3, 0xC6 ; file 1A2AF4
db 0xDE, 0xD1, 0x81, 0x0C, 0x09, 0x0D, 0x0C, 0x6B, 0xD0, 0x0F, 0x10, 0xDF, 0x0D, 0x09, 0x10, 0x12 ; file 1A2B04
db 0x10, 0x9F, 0xD0, 0x11, 0x10, 0xC3, 0x10, 0x0F, 0x64, 0xD0, 0xD2, 0xE9, 0x82, 0xD1, 0x1D, 0x30 ; file 1A2B14
db 0x0A, 0x0B, 0xF7, 0x0E, 0x0C, 0x0A, 0xBB, 0x40, 0x09, 0x0B, 0x01, 0x0B, 0x4B, 0x09, 0x0D, 0xE0 ; file 1A2B24
db 0xC8, 0x0B, 0xB9, 0x40, 0x9F, 0xC0, 0x0C, 0x4E, 0xD0, 0xC0, 0x50, 0xD0, 0xE8, 0x92, 0xAC, 0x81 ; file 1A2B34
db 0xFC, 0x40, 0x26, 0xE1, 0x17, 0xF5, 0x15, 0x1F, 0x0F, 0x1E, 0x1A, 0x16, 0x14, 0xDB, 0x74, 0x02 ; file 1A2B44
db 0xD7, 0x22, 0x51, 0xB2, 0x40, 0xFC, 0x9D, 0xD1, 0x8C, 0x71, 0x14, 0x1A, 0x18, 0x18, 0x1B, 0x19 ; file 1A2B54
db 0x8E, 0x0F, 0xA0, 0x15, 0x0A, 0x0E, 0x0C, 0x50, 0x27, 0xD0, 0xE4, 0x00, 0x13, 0x1F, 0x12, 0x14 ; file 1A2B64
db 0x16, 0x19, 0x10, 0xA3, 0x00, 0xC3, 0xD0, 0x28, 0xD1, 0xF3, 0x06, 0x12, 0x64, 0xE0, 0x89, 0x80 ; file 1A2B74
db 0x1A, 0x19, 0x17, 0x1A, 0x3F, 0x1E, 0x1E, 0x1F, 0x16, 0x12, 0x1A, 0x10, 0x40, 0xC4, 0x30, 0x3F ; file 1A2B84
db 0x13, 0x14, 0x0E, 0x12, 0x13, 0x12, 0xB9, 0xC0, 0xAD, 0x84, 0xFA, 0x69, 0xE0, 0x15, 0x07, 0xD0 ; file 1A2B94
db 0x15, 0x19, 0x1E, 0x1A, 0x1E, 0xE7, 0x1F, 0x1F, 0x1E, 0xB6, 0x81, 0x57, 0x40, 0x0F, 0x10, 0x12 ; file 1A2BA4
db 0x09, 0x12, 0x25, 0x06, 0x3C, 0x80, 0x04, 0x61, 0xA0, 0x9C, 0x50, 0x90, 0xC0, 0x25, 0x00, 0xEB ; file 1A2BB4
db 0x1F, 0x1D, 0x32, 0x41, 0x12, 0x31, 0x40, 0x10, 0x0F, 0x06, 0x70, 0x23, 0x90, 0x25, 0x05, 0x0B ; file 1A2BC4
db 0xF2, 0x8B, 0xA0, 0x10, 0x13, 0x1C, 0x25, 0x00, 0x0B, 0x1C, 0x19, 0x21, 0xD0, 0x0E, 0x0D, 0x42 ; file 1A2BD4
db 0x48, 0x93, 0xDB, 0xC4, 0x0B, 0x43, 0x00, 0xE4, 0x19, 0x73, 0xC1, 0xC6, 0x31, 0x18, 0xC6, 0x25 ; file 1A2BE4
db 0x08, 0x03, 0x07, 0x3A, 0x53, 0x57, 0x4A, 0x00, 0x25, 0x0E, 0x35, 0x43, 0x31, 0x4F, 0x25, 0x0E ; file 1A2BF4
db 0x0E, 0x4F, 0x9C, 0xB7, 0x02, 0x92, 0x0E, 0x4F, 0x00, 0x01, 0x0F, 0x01, 0x0F, 0x01, 0x0F, 0x01 ; file 1A2C04
db 0x0F, 0x01, 0x0F, 0x01, 0x0F, 0x01, 0x0F, 0x01, 0x0F, 0x00, 0x01, 0x0F, 0x01, 0x0F, 0x01, 0x0F ; file 1A2C14
db 0x01, 0x0F, 0x01, 0x0F, 0x01, 0x0F, 0x01, 0x0F, 0x01, 0x0F, 0x00, 0x01, 0x0F, 0x01, 0x0F, 0x01 ; file 1A2C24
db 0x0F, 0x01, 0x0F, 0x01, 0x0F, 0x01, 0x0F, 0x01, 0x0F, 0x01, 0x0F, 0x00, 0x01, 0x0F, 0x01, 0x0F ; file 1A2C34
db 0x01, 0x0F, 0x01, 0x0F, 0x01, 0x0F, 0x01, 0x0F, 0x01, 0x0F, 0x01, 0x0F, 0x00, 0x01, 0x0F, 0x01 ; file 1A2C44
db 0x0F, 0x01, 0x0F, 0x01, 0x0F, 0xED, 0xC6, 0x00, 0x00, 0xBF, 0x2C, 0x2A, 0x01, 0x38, 0x07, 0x00 ; file 1A2C54
db 0x01, 0x0F, 0x00, 0xC7, 0x00, 0x06, 0x06, 0x14, 0x0F, 0x01, 0x0F, 0x0C, 0x03, 0x0C, 0x0C, 0x18 ; file 1A2C64
db 0x14, 0x0F, 0x01, 0x0F, 0x57, 0x03, 0x11, 0x0E, 0x59, 0x0F, 0x01, 0x0F, 0x57, 0x03, 0xE3, 0x12 ; file 1A2C74
db 0x0E, 0x59, 0x0F, 0x01, 0x0F, 0x0E, 0x01, 0x08, 0x12, 0x12, 0xE7, 0x0C, 0x12, 0x08, 0x18, 0x0F ; file 1A2C84
db 0x01, 0x0F, 0x00, 0x00, 0x0E, 0x9F, 0x11, 0x11, 0x11, 0x14, 0x0E, 0x18, 0x0F, 0x01, 0x0F, 0x00 ; file 1A2C94
db 0x3F, 0x08, 0x0F, 0x0F, 0x12, 0x13, 0x12, 0x59, 0x0F, 0x01, 0x0F, 0x3F, 0x00, 0x00, 0x0F, 0x0F ; file 1A2CA4
db 0x0E, 0x12, 0x01, 0x00, 0xB2, 0x0F, 0xFE, 0x01, 0x0F, 0x08, 0x12, 0x0E, 0x11, 0x19, 0x19, 0x14 ; file 1A2CB4
db 0x73, 0x0F, 0x11, 0x59, 0x0F, 0x57, 0x0F, 0x14, 0x1C, 0x1E, 0x01, 0x00, 0xC7, 0x1B, 0x13, 0x0F ; file 1A2CC4
db 0x1C, 0x0F, 0x05, 0x1E, 0x2B, 0x00, 0x1B, 0x19, 0xCF, 0x1D, 0x1D, 0x19, 0x14, 0x64, 0x1F, 0x04 ; file 1A2CD4
db 0x0B, 0x02, 0x0C, 0xFF, 0x17, 0x1D, 0x1C, 0x07, 0x14, 0x0B, 0x07, 0x1B, 0xCF, 0x1B, 0x0E, 0x0C ; file 1A2CE4
db 0x02, 0x20, 0x0F, 0x06, 0x09, 0x09, 0x12, 0xFF, 0x17, 0x1B, 0x0B, 0x04, 0x05, 0x01, 0x04, 0x0E ; file 1A2CF4
db 0xCF, 0x1B, 0x16, 0x11, 0x09, 0x20, 0x0F, 0x57, 0x09, 0x0E, 0x12, 0xFF, 0x16, 0x1A, 0x09, 0x04 ; file 1A2D04
db 0x1F, 0x1F, 0x03, 0x0A, 0xCF, 0x1A, 0x0D, 0x0C, 0x0F, 0x59, 0x0F, 0x57, 0x09, 0x0E, 0x0E, 0xFF ; file 1A2D14
db 0x0A, 0x18, 0x0A, 0x04, 0x03, 0x06, 0x04, 0x0A, 0x8F, 0x18, 0x0D, 0x0A, 0x0E, 0x0B, 0x1F, 0xAE ; file 1A2D24
db 0x08, 0x86, 0x10, 0x0E, 0xFF, 0x0D, 0x15, 0x06, 0x04, 0x08, 0x08, 0x18, 0x18, 0xCF, 0x05, 0x05 ; file 1A2D34
db 0x14, 0x10, 0x59, 0x0F, 0xAE, 0x08, 0x12, 0x11, 0xF7, 0x11, 0x0D, 0x18, 0x01, 0x00, 0x1A, 0x1A ; file 1A2D44
db 0x0D, 0x01, 0xE7, 0x05, 0x0F, 0x10, 0xB2, 0x0F, 0x05, 0x17, 0x0C, 0x0C, 0x0E, 0xF7, 0x12, 0x09 ; file 1A2D54
db 0x0D, 0x2A, 0x00, 0x1A, 0x0D, 0x05, 0x05, 0xCF, 0x08, 0x0E, 0x0C, 0x0A, 0x59, 0x0F, 0x05, 0x15 ; file 1A2D64
db 0x13, 0x0F, 0xFF, 0x13, 0x13, 0x13, 0x0F, 0x05, 0x01, 0x05, 0x05, 0xFF, 0x01, 0x01, 0x01, 0x05 ; file 1A2D74
db 0x0E, 0x13, 0x12, 0x14, 0xBC, 0x59, 0x0F, 0x5C, 0x14, 0x12, 0x12, 0x0B, 0x0F, 0x0B, 0x20, 0x0E ; file 1A2D84
db 0xFF, 0x06, 0x02, 0x01, 0x01, 0x02, 0x02, 0x0C, 0x10, 0xCF, 0x0F, 0x10, 0x12, 0x11, 0x59, 0x0F ; file 1A2D94
db 0x5C, 0x13, 0x0C, 0x0E, 0xDF, 0x0B, 0x0E, 0x0E, 0x0F, 0x0E, 0x7B, 0x00, 0x08, 0x08, 0x37, 0x08 ; file 1A2DA4
db 0x0A, 0x0E, 0x01, 0x00, 0x12, 0x0E, 0x59, 0x0F, 0x0E, 0x01, 0x75, 0x05, 0x5E, 0x21, 0x13, 0x78 ; file 1A2DB4
db 0x00, 0x12, 0x14, 0x14, 0xC3, 0x20, 0xC9, 0x14, 0xF1, 0x20, 0x70, 0x21, 0x05, 0x2A, 0x0F, 0xB3 ; file 1A2DC4
db 0x11, 0x0C, 0x12, 0xFF, 0x0F, 0x12, 0x11, 0x0F, 0x11, 0x12, 0x12, 0x0F, 0x6E, 0x0A, 0x00, 0x0F ; file 1A2DD4
db 0x0F, 0x0B, 0x04, 0x00, 0x0F, 0x0F, 0x59, 0x0F, 0x06, 0x5C, 0x11, 0x0E, 0x0C, 0x77, 0x01, 0x04 ; file 1A2DE4
db 0x02, 0x8C, 0x00, 0x96, 0x10, 0x10, 0x03, 0x06, 0xB2, 0x0F, 0x00, 0x0B, 0x81, 0x01, 0x08, 0x10 ; file 1A2DF4
db 0x63, 0x10, 0x7C, 0x02, 0x05, 0x05, 0xEB, 0x13, 0x0B, 0xAE, 0x0F, 0x11, 0xF6, 0x00, 0x12, 0x0C ; file 1A2E04
db 0x0F, 0x38, 0x87, 0x00, 0xE0, 0x00, 0x0E, 0x11, 0x0F, 0x11, 0x10, 0x85, 0x02, 0x16, 0x2F, 0x5A ; file 1A2E14
db 0x9D, 0x03, 0x0C, 0x6C, 0x30, 0x0F, 0x0C, 0x32, 0x01, 0x0F, 0x31, 0x00, 0xA4, 0x2B, 0x03, 0xB2 ; file 1A2E24
db 0x0E, 0x05, 0x1F, 0x10, 0x25, 0x10, 0x11, 0x33, 0x10, 0x11, 0x04, 0x33, 0x00, 0x31, 0x10, 0x11 ; file 1A2E34
db 0x10, 0x03, 0x3A, 0x11, 0x0B, 0x1C, 0x20, 0x11, 0xC0, 0x30, 0xC0, 0x06, 0x01, 0x05, 0x03, 0xCA ; file 1A2E44
db 0x30, 0x34, 0x13, 0x9E, 0x10, 0xA7, 0x3B, 0x05, 0x0E, 0xD7, 0x0F, 0x0F, 0x10, 0x82, 0x01, 0x10 ; file 1A2E54
db 0x7C, 0x00, 0x10, 0x0F, 0xC0, 0xB8, 0x00, 0x34, 0x11, 0x15, 0x00, 0xD5, 0x30, 0x1B, 0x00, 0x4E ; file 1A2E64
db 0x3A, 0x0B, 0x0C, 0x8D, 0x0C, 0x22, 0x12, 0x0B, 0x0C, 0xB8, 0x11, 0x36, 0x12, 0x37, 0x11, 0x0B ; file 1A2E74
db 0x1D, 0x0A, 0xCA, 0x11, 0x0A, 0x0C, 0x0A, 0x44, 0x59, 0x3C, 0x40, 0x81, 0x02, 0x40, 0xB9, 0x10 ; file 1A2E84
db 0x0A, 0x05, 0x91, 0x02, 0x2A, 0x42, 0x24, 0x20, 0xA7, 0x38, 0x0B, 0x81, 0x03, 0xC0, 0xFD, 0x01 ; file 1A2E94
db 0x0D, 0x11, 0x06, 0x03, 0x87, 0x02, 0x10, 0x04, 0x64, 0x17, 0x06, 0x0B, 0xB0, 0x01, 0x02, 0xBD ; file 1A2EA4
db 0x20, 0x7B, 0x00, 0x09, 0x01, 0x0B, 0x0A, 0x12, 0x03, 0x0B, 0x20, 0x95, 0x00, 0x04, 0x00, 0x91 ; file 1A2EB4
db 0x00, 0x00, 0x46, 0x06, 0x20, 0x14, 0xC3, 0x40, 0x9B, 0x42, 0x23, 0x13, 0x11, 0x87, 0x06, 0xAB ; file 1A2EC4
db 0x42, 0xC4, 0x13, 0x0C, 0x59, 0x45, 0xED, 0x40, 0x60, 0x7C, 0x03, 0xFE, 0x02, 0x05, 0x07, 0x08 ; file 1A2ED4
db 0x14, 0x90, 0x11, 0x0A, 0x0F, 0xA7, 0x34, 0x3C, 0x71, 0x00, 0xF2, 0x00, 0x0A, 0x0B, 0x0A, 0x09 ; file 1A2EE4
db 0x7C, 0x00, 0xBE, 0x20, 0x40, 0x82, 0x03, 0x10, 0x00, 0x05, 0x01, 0x91, 0x03, 0x4E, 0x20, 0x9B ; file 1A2EF4
db 0x55, 0x14, 0xB7, 0x20, 0x0F, 0x0F, 0x13, 0x14, 0x14, 0x07, 0x11, 0x45, 0x30, 0xC7, 0x20, 0x0C ; file 1A2F04
db 0x02, 0x00, 0x97, 0x00, 0x5D, 0x50, 0x35, 0x50, 0x19, 0x00, 0x64, 0x53, 0x08, 0x30, 0xF6, 0x12 ; file 1A2F14
db 0x08, 0x14, 0xA3, 0x12, 0x11, 0x08, 0x18, 0x15, 0x02, 0x99, 0x12, 0x0F, 0xBD, 0x51, 0x06, 0x04 ; file 1A2F24
db 0x3F, 0x40, 0x84, 0x10, 0x0C, 0x8F, 0x10, 0x09, 0x11, 0x3A, 0x30, 0x0B, 0x01, 0x05, 0x02, 0x47 ; file 1A2F34
db 0x0C, 0x0C, 0x08, 0x57, 0x30, 0x1D, 0x20, 0x0F, 0x00, 0x0E, 0x6F, 0x60, 0xAE, 0x96, 0x40, 0x14 ; file 1A2F44
db 0x12, 0x11, 0x74, 0x13, 0x11, 0x6D, 0x01, 0x11, 0xC4, 0x02, 0x01, 0xAE, 0x50, 0x14, 0x48, 0x20 ; file 1A2F54
db 0x49, 0x30, 0x28, 0x30, 0x0F, 0x14, 0x7E, 0x93, 0x50, 0x11, 0x12, 0x0F, 0x02, 0x05, 0x09, 0x01 ; file 1A2F64
db 0x06, 0x09, 0x08, 0x0B, 0x0F, 0x10, 0x0A, 0x05, 0x00, 0x00, 0xBF, 0x1C, 0x1C, 0x0C, 0x10, 0x03 ; file 1A2F74
db 0x00, 0x01, 0x07, 0x06, 0x9F, 0x10, 0x10, 0x0F, 0x10, 0x08, 0x11, 0x08, 0x1C, 0x05, 0x0E, 0xF7 ; file 1A2F84
db 0x15, 0x1B, 0x1C, 0x01, 0x00, 0x1B, 0x1B, 0x18, 0x12, 0x9D, 0x0D, 0x1E, 0x0B, 0x06, 0x15, 0x1D ; file 1A2F94
db 0x01, 0x01, 0x1D, 0x02, 0x1A, 0xDB, 0x18, 0x12, 0x35, 0x0A, 0x1A, 0x1C, 0x1C, 0x06, 0x1A, 0x1A ; file 1A2FA4
db 0x6F, 0x19, 0x18, 0x15, 0x06, 0x6B, 0x06, 0x0F, 0x1C, 0x1B, 0x04, 0xB5, 0x1D, 0x54, 0x00, 0x1B ; file 1A2FB4
db 0x1C, 0x00, 0x18, 0x14, 0x1D, 0x05, 0x06, 0xB0, 0x6A, 0x01, 0x54, 0x02, 0x1C, 0x01, 0x38, 0x01 ; file 1A2FC4
db 0x18, 0x15, 0x57, 0x05, 0x18, 0xE5, 0x1B, 0x1D, 0x02, 0x1E, 0x01, 0x00, 0x6F, 0x01, 0x19, 0x19 ; file 1A2FD4
db 0x18, 0x6F, 0x16, 0x15, 0x12, 0x0F, 0xC1, 0x02, 0x12, 0x1A, 0x1C, 0x08, 0x5C, 0x6E, 0x00, 0x37 ; file 1A2FE4
db 0x01, 0x14, 0x12, 0x10, 0x73, 0x02, 0x18, 0x1C, 0x00, 0xD4, 0x3A, 0x01, 0x38, 0x00, 0x1D, 0x52 ; file 1A2FF4
db 0x03, 0x16, 0x1C, 0x05, 0x0D, 0x19, 0xC3, 0x1A, 0x1A, 0x1E, 0x01, 0x90, 0x00, 0x51, 0x03, 0x37 ; file 1A3004
db 0x02, 0x12, 0x0E, 0x06, 0xE6, 0x01, 0x10, 0x18, 0x1D, 0x01, 0x03, 0x01, 0xBF, 0x01, 0x36, 0x02 ; file 1A3014
db 0x53, 0x01, 0xFB, 0x10, 0x06, 0xC8, 0x00, 0x12, 0x18, 0x19, 0x19, 0x19, 0xF9, 0x1A, 0x3D, 0x01 ; file 1A3024
db 0x33, 0x01, 0x18, 0x16, 0x18, 0x16, 0x14, 0xEE, 0x37, 0x00, 0x10, 0x0E, 0x0D, 0x1C, 0x01, 0x16 ; file 1A3034
db 0x18, 0x18, 0xF9, 0x19, 0x20, 0x00, 0x19, 0x01, 0x15, 0x0B, 0x0E, 0x0E, 0x14, 0x5E, 0x01, 0x00 ; file 1A3044
db 0x12, 0x10, 0x0F, 0x0E, 0x38, 0x02, 0x15, 0x2F, 0x01, 0xFF, 0x18, 0x16, 0x0F, 0x08, 0x14, 0x15 ; file 1A3054
db 0x0B, 0x0B, 0x8F, 0x04, 0x04, 0x04, 0x08, 0x36, 0x00, 0x37, 0x00, 0x38, 0x01, 0x10, 0xFF, 0x14 ; file 1A3064
db 0x15, 0x16, 0x16, 0x16, 0x15, 0x08, 0x04, 0x1B, 0x04, 0x0B, 0x1B, 0x00, 0x07, 0x07, 0x1D, 0x00 ; file 1A3074
db 0x90, 0x10, 0x1C, 0x03, 0xFF, 0x0E, 0x12, 0x14, 0x14, 0x15, 0x15, 0x0E, 0x04, 0x8E, 0x17, 0x01 ; file 1A3084
db 0x01, 0x01, 0x01, 0x1D, 0x02, 0x1B, 0x01, 0x70, 0x01, 0x06, 0xDF, 0x10, 0x12, 0x12, 0x14, 0x12 ; file 1A3094
db 0x1B, 0x01, 0x01, 0x1F, 0xD8, 0x01, 0x00, 0x1D, 0x02, 0x1A, 0x00, 0x0D, 0x0E, 0x70, 0x11, 0x0E ; file 1A30A4
db 0x10, 0x74, 0x5F, 0x00, 0x68, 0x00, 0x02, 0x1B, 0x01, 0x1F, 0x1F, 0x07, 0x57, 0x00, 0xEF, 0x08 ; file 1A30B4
db 0x0D, 0x0E, 0x0E, 0x1C, 0x02, 0x06, 0x0E, 0x0E, 0xE5, 0x10, 0x6E, 0x00, 0x07, 0x1C, 0x04, 0x56 ; file 1A30C4
db 0x01, 0x08, 0x0E, 0x0E, 0x5D, 0x0F, 0xE2, 0x13, 0x06, 0x0D, 0x0E, 0x1C, 0x01, 0x07, 0x38, 0x03 ; file 1A30D4
db 0x5D, 0x02, 0x8E, 0x01, 0x0E, 0x0F, 0x0F, 0xC3, 0x13, 0x06, 0x01, 0x00, 0x99, 0x02, 0x39, 0x05 ; file 1A30E4
db 0x8D, 0x04, 0x0F, 0x0E, 0x45, 0x25, 0x1C, 0x03, 0x07, 0xF7, 0x07, 0x02, 0x02, 0xC8, 0x01, 0x04 ; file 1A30F4
db 0x02, 0x0F, 0x0F, 0x20, 0xA3, 0x13, 0x56, 0x03, 0x39, 0x01, 0x1E, 0x01, 0xE4, 0x01, 0x02, 0x52 ; file 1A3104
db 0x00, 0x7F, 0x29, 0xA0, 0x1D, 0x00, 0x1E, 0x01, 0x03, 0x01, 0x1B, 0x0C, 0x90, 0x03, 0x02, 0x01 ; file 1A3114
db 0x02, 0x08, 0x73, 0x0F, 0x10, 0x85, 0x2C, 0xAE, 0x01, 0x0F, 0x0E, 0x08, 0x85, 0x00, 0x00, 0xBD ; file 1A3124
db 0x04, 0x1F, 0x0E, 0xB2, 0x00, 0x16, 0x0F, 0x01, 0x0F, 0x57, 0x0E, 0xEE, 0x10, 0x16, 0x0F, 0x0A ; file 1A3134
db 0xF6, 0x21, 0x19, 0xF2, 0x23, 0x15, 0xA5, 0x0B, 0x10, 0x31, 0xF5, 0x24, 0xBC, 0x21, 0x4D, 0x16 ; file 1A3144
db 0xC3, 0x0A, 0x0D, 0x1B, 0xD7, 0x23, 0xD9, 0x23, 0x19, 0x2D, 0x39, 0x6B, 0x10, 0x1B, 0x2B, 0x31 ; file 1A3154
db 0x1E, 0xF4, 0x27, 0x16, 0x14, 0x94, 0x36, 0x2C, 0x1B, 0x02, 0x10, 0x39, 0x16, 0x14, 0x50, 0x15 ; file 1A3164
db 0x19, 0xB8, 0x21, 0x38, 0x00, 0x90, 0x11, 0x30, 0x2B, 0x32, 0x10, 0x32, 0xA1, 0x33, 0x14, 0x10 ; file 1A3174
db 0x33, 0x2B, 0x31, 0x1E, 0x42, 0x1B, 0x05, 0x14, 0x39, 0x04, 0x10, 0x34, 0x47, 0x31, 0x10, 0x32 ; file 1A3184
db 0x19, 0x76, 0x20, 0x8B, 0x14, 0x12, 0xDC, 0x12, 0x0F, 0x10, 0x30, 0x2D, 0x32, 0x65, 0x30, 0x1B ; file 1A3194
db 0x1A, 0xF4, 0x22, 0x16, 0xDA, 0x21, 0x0F, 0x0A, 0x63, 0x31, 0xF2, 0x20, 0x0E, 0x33, 0x3E, 0xB2 ; file 1A31A4
db 0x30, 0x13, 0x0C, 0x04, 0x06, 0x0C, 0x95, 0x20, 0x2C, 0x30, 0xF2, 0x1C, 0x01, 0x15, 0x10, 0x30 ; file 1A31B4
db 0x0F, 0x31, 0x19, 0x1A, 0x18, 0x13, 0x6C, 0x1C, 0x00, 0xBC, 0x20, 0x04, 0x06, 0x10, 0x30, 0x0F ; file 1A31C4
db 0x0A, 0xF4, 0x30, 0xF3, 0x15, 0x16, 0x2D, 0x31, 0x30, 0x30, 0x16, 0x0C, 0x13, 0x16, 0x9B, 0x13 ; file 1A31D4
db 0x11, 0x83, 0x21, 0x04, 0x04, 0x30, 0x20, 0x1C, 0x01, 0x14, 0x98, 0xF2, 0x20, 0x41, 0x32, 0xF5 ; file 1A31E4
db 0x20, 0x11, 0x0B, 0xF4, 0x20, 0xA1, 0x21, 0x06, 0x73, 0x0F, 0x0A, 0x1C, 0x02, 0x10, 0x32, 0x16 ; file 1A31F4
db 0x16, 0x0C, 0x87, 0x25, 0x02, 0x14, 0x32, 0x0A, 0x01, 0x00, 0x2C, 0x31, 0x0F, 0x30, 0x02, 0x00 ; file 1A3204
db 0xA2, 0x27, 0x30, 0x31, 0xA5, 0x06, 0x48, 0x32, 0x0A, 0x0F, 0x30, 0x74, 0x30, 0x10, 0x2D, 0x30 ; file 1A3214
db 0x04, 0x18, 0xF6, 0x27, 0xED, 0x20, 0x2C, 0x31, 0x0F, 0x12, 0x01, 0x00, 0x1C, 0x0B, 0xAB, 0x00 ; file 1A3224
db 0x1D, 0x0E, 0xBD, 0x22, 0x0A, 0x0E, 0x0E, 0x1E, 0x00, 0x65, 0x31, 0x38, 0x03, 0x4D, 0x03, 0x41 ; file 1A3234
db 0x00, 0x02, 0x0D, 0x0C, 0x42, 0x56, 0x00, 0x0A, 0xFF, 0x20, 0xC9, 0x0F, 0x81, 0x32, 0x1B, 0x05 ; file 1A3244
db 0x03, 0x10, 0x36, 0x95, 0x00, 0x0E, 0x0E, 0x48, 0xF6, 0x23, 0xDA, 0x21, 0xFB, 0x20, 0x0D, 0xA4 ; file 1A3254
db 0x26, 0xB1, 0x01, 0x0A, 0xF6, 0x24, 0x8E, 0xD9, 0x30, 0x02, 0x02, 0x06, 0x10, 0x38, 0xCE, 0x00 ; file 1A3264
db 0xFC, 0x30, 0x02, 0xA1, 0x04, 0xF7, 0x22, 0x1B, 0x0B, 0x56, 0x01, 0xAA, 0x30, 0x0D, 0xF5, 0x23 ; file 1A3274
db 0x06, 0x07, 0x0D, 0x10, 0x10, 0x88, 0x2A, 0xC5, 0x31, 0x91, 0x30, 0x03, 0x40, 0xE2, 0x30, 0x00 ; file 1A3284
db 0x10, 0x3D, 0xBD, 0x30, 0x76, 0x30, 0xFB, 0x30, 0x10, 0x3F, 0xC0, 0x35, 0x11, 0x3F, 0x01, 0x0F ; file 1A3294
db 0x58, 0x01, 0x0F, 0x01, 0x0F, 0x39, 0x63, 0x14, 0x18, 0x1F, 0x62, 0x15, 0xC7, 0x56, 0x34, 0x56 ; file 1A32A4
db 0x66, 0x10, 0x38, 0x19, 0x1E, 0x0B, 0x0D, 0x1A, 0x0F, 0x35, 0x20, 0x62, 0x41, 0x16, 0x41, 0x45 ; file 1A32B4
db 0x20, 0x62, 0x2B, 0x38, 0x20, 0x61, 0x68, 0x37, 0x0D, 0x10, 0x3B, 0x16, 0x04, 0x60, 0x15, 0x14 ; file 1A32C4
db 0x94, 0x64, 0x06, 0x95, 0x30, 0x8E, 0x61, 0xE8, 0x51, 0x1A, 0x73, 0x61, 0x1A, 0xBE, 0x20, 0x15 ; file 1A32D4
db 0x12, 0x76, 0x63, 0x10, 0x30, 0x3B, 0x65, 0x30, 0x2C, 0x31, 0x3A, 0x60, 0x04, 0x61, 0xB4, 0x42 ; file 1A32E4
db 0x06, 0x19, 0x1F, 0x66, 0x48, 0x30, 0x3F, 0x18, 0x10, 0x0C, 0x04, 0x0C, 0x0C, 0xF4, 0x21, 0xAF ; file 1A32F4
db 0x61, 0x79, 0x12, 0x10, 0x34, 0x54, 0x02, 0x16, 0x10, 0x05, 0x05, 0xDA, 0x21, 0xEB, 0x0E, 0x12 ; file 1A3304
db 0x5B, 0x52, 0x15, 0x0F, 0x36, 0x1B, 0x1B, 0x17, 0xFF, 0x17, 0x16, 0x11, 0x09, 0x09, 0x09, 0x07 ; file 1A3314
db 0x05, 0xE3, 0x04, 0x0D, 0x10, 0x32, 0xF3, 0x21, 0x3D, 0x62, 0x19, 0x1A, 0x14, 0x1F, 0x11, 0x17 ; file 1A3324
db 0x16, 0x0B, 0x0B, 0x1D, 0x01, 0x97, 0x50, 0x48, 0x30, 0xF9, 0x06, 0x03, 0x60, 0x10, 0x33, 0x19 ; file 1A3334
db 0x18, 0x05, 0x10, 0x11, 0x55, 0x0B, 0xB5, 0x50, 0x01, 0x3A, 0x01, 0x06, 0x64, 0x30, 0x0D, 0x10 ; file 1A3344
db 0x35, 0xBF, 0x18, 0x18, 0x10, 0x04, 0x09, 0x09, 0xD0, 0x53, 0x09, 0x95, 0x09, 0xF6, 0x20, 0x06 ; file 1A3354
db 0x64, 0x10, 0x15, 0x10, 0x33, 0x12, 0x30, 0x05, 0x7B, 0x07, 0x09, 0xD0, 0x53, 0x09, 0x09, 0x05 ; file 1A3364
db 0x02, 0x64, 0x31, 0x4C, 0x1F, 0x62, 0x12, 0x33, 0x07, 0x09, 0xEC, 0x54, 0x8E, 0x00, 0x02, 0x3C ; file 1A3374
db 0x65, 0xCB, 0x14, 0x15, 0x02, 0x00, 0x14, 0x53, 0x00, 0x38, 0x03, 0x01, 0x09, 0xC7, 0x07, 0x02 ; file 1A3384
db 0x03, 0x2C, 0x32, 0x10, 0x33, 0xA3, 0x60, 0x05, 0x05, 0xBE, 0x70, 0x04, 0x02, 0x07, 0x02, 0x01 ; file 1A3394
db 0x04, 0x10, 0x34, 0x12, 0xEE, 0x2F, 0x32, 0x12, 0x0C, 0x04, 0x1D, 0x01, 0x01, 0x01, 0x02, 0x5F ; file 1A33A4
db 0x09, 0x07, 0x01, 0x02, 0x0D, 0x02, 0x82, 0x06, 0x2D, 0x30, 0xDE, 0xD9, 0x50, 0x0F, 0x12, 0x0D ; file 1A33B4
db 0x04, 0x8D, 0x00, 0x09, 0x09, 0xC6, 0xF5, 0x21, 0x01, 0x06, 0xE9, 0x54, 0x0F, 0x32, 0xA0, 0x21 ; file 1A33C4
db 0x04, 0x04, 0x2C, 0x32, 0x10, 0xCE, 0x61, 0x01, 0x04, 0x8A, 0x25, 0x06, 0x2D, 0x31, 0xF6, 0x20 ; file 1A33D4
db 0x3B, 0x0A, 0x0D, 0xFE, 0x60, 0x05, 0x02, 0x05, 0x6D, 0x00, 0x20, 0x67, 0x04, 0x1C, 0x02, 0xDA ; file 1A33E4
db 0x22, 0x0D, 0x0E, 0x30, 0x87, 0x00, 0x10, 0x3C, 0x0F, 0x30, 0xF6, 0x22, 0x15, 0x0F, 0x8B, 0x60 ; file 1A33F4
db 0x10, 0x20, 0x6A, 0x06, 0x1A, 0x05, 0x19, 0x01, 0x8C, 0x66, 0x40, 0x67, 0x36, 0x10, 0x32, 0xB0 ; file 1A3404
db 0x01, 0x15, 0x72, 0x0F, 0x3E, 0x2F, 0x71, 0x04, 0x19, 0x0F, 0x50, 0x01, 0x0F, 0x01, 0x0F, 0x01 ; file 1A3414
db 0x0F, 0xD1, 0x52, 0x15, 0xAC, 0x80, 0x1B, 0xE8, 0x70, 0x52, 0x1B, 0x0E, 0x14, 0x06, 0x63, 0xF7 ; file 1A3424
db 0x81, 0x18, 0xD2, 0x3B, 0x0A, 0x10, 0x35, 0x0E, 0xAE, 0x81, 0x1A, 0x19, 0x15, 0x74, 0x51, 0x20 ; file 1A3434
db 0x66, 0x3B, 0x65, 0xCA, 0x81, 0x24, 0xF8, 0x81, 0x1D, 0x06, 0x0A, 0x56, 0x66, 0x1C, 0x06, 0x14 ; file 1A3444
db 0x3A, 0x04, 0xD9, 0x21, 0xB4, 0x10, 0x35, 0xBB, 0x90, 0x11, 0xD7, 0x20, 0x15, 0x15, 0x46, 0x44 ; file 1A3454
db 0x14, 0x48, 0x13, 0x91, 0xD7, 0x22, 0x3C, 0x60, 0x11, 0xA7, 0x10, 0x8C, 0x80, 0x10, 0xDD, 0x93 ; file 1A3464
db 0x6D, 0x06, 0x2F, 0x92, 0x1B, 0x1B, 0x3C, 0x62, 0x16, 0x0C, 0xBB, 0x21, 0x97, 0x09, 0x04, 0x05 ; file 1A3474
db 0x23, 0x53, 0x12, 0x1F, 0x63, 0x10, 0x32, 0x17, 0x21, 0x16, 0xD9, 0x20, 0x1D, 0x01, 0xF5, 0x20 ; file 1A3484
db 0xDB, 0x91, 0x16, 0x3C, 0x64, 0x6D, 0x91, 0x81, 0x11, 0x11, 0x30, 0xAE, 0x70, 0x1D, 0x01, 0x69 ; file 1A3494
db 0x42, 0x12, 0x90, 0x4C, 0x94, 0x1A, 0x0F, 0x14, 0x0C, 0x11, 0x11, 0x56, 0x82, 0x39, 0x01, 0xAF ; file 1A34A4
db 0x51, 0x1F, 0x65, 0x42, 0x52, 0x90, 0x0C, 0x85, 0x20, 0xA8, 0x83, 0xF5, 0x20, 0x68, 0x90, 0x0A ; file 1A34B4
db 0x3C, 0x60, 0x10, 0x4D, 0x92, 0x98, 0x90, 0x1C, 0x00, 0x8D, 0x83, 0x02, 0x38, 0x04, 0x3C, 0x62 ; file 1A34C4
db 0x02, 0x02, 0x43, 0x16, 0x0C, 0x7B, 0x30, 0xA8, 0x84, 0x3F, 0x60, 0x38, 0x00, 0x12, 0x2D, 0x39 ; file 1A34D4
db 0x48, 0xF5, 0x24, 0xCE, 0x51, 0xBC, 0x91, 0x10, 0x10, 0x34, 0xCE, 0x90, 0x11, 0x65, 0x30, 0x10 ; file 1A34E4
db 0xE2, 0x81, 0x37, 0x00, 0xB3, 0x50, 0x10, 0xA1, 0x10, 0x1E, 0x02, 0xB3, 0x92, 0xF5, 0x21, 0x01 ; file 1A34F4
db 0x09, 0xD2, 0x51, 0xEA, 0x50, 0xDD, 0x81, 0x12, 0x90, 0x1E, 0x00, 0x01, 0x03, 0xF6, 0x20, 0xC0 ; file 1A3504
db 0x30, 0x30, 0xEA, 0x52, 0x00, 0x72, 0x72, 0x52, 0x6B, 0x90, 0x03, 0x01, 0x0F, 0x06, 0x7E, 0xF6 ; file 1A3514
db 0x20, 0x0B, 0x0B, 0x06, 0x04, 0x02, 0x0A, 0x14, 0x93, 0x10, 0xF3, 0x20, 0x8E, 0x90, 0xAE, 0x51 ; file 1A3524
db 0xCF, 0x50, 0x06, 0x1A, 0x70, 0x51, 0x01, 0x53, 0x72, 0x78, 0x4C, 0x93, 0x0F, 0x33, 0xB1, 0x90 ; file 1A3534
db 0x10, 0x12, 0x11, 0x0C, 0xBA, 0x51, 0x10, 0x0A, 0x56, 0x1B, 0x02, 0xCB, 0x91, 0x9A, 0x61, 0x14 ; file 1A3544
db 0x9E, 0xB1, 0x30, 0x98, 0x1B, 0x06, 0x30, 0xF5, 0x23, 0x10, 0x3C, 0x72, 0x02, 0x06, 0x64, 0x10 ; file 1A3554
db 0x0C, 0x1F, 0x6E, 0x1B, 0x05, 0x01, 0x0C, 0x10, 0x3F, 0x3C, 0x02, 0x3E, 0xA3, 0x01, 0x0F, 0x01 ; file 1A3564
db 0x0F, 0x01, 0x0F, 0x01, 0x0F, 0x10, 0x5A, 0xC0, 0x0E, 0xB2, 0x3E, 0xCD, 0x5B, 0xC1, 0x18, 0x03 ; file 1A3574
db 0x64, 0x4D, 0x9F, 0x4B, 0x93, 0x24, 0x5B, 0xC3, 0x3D, 0x6B, 0x06, 0x5B, 0xC4, 0x78, 0xC0, 0x19 ; file 1A3584
db 0x08, 0x80, 0x23, 0xC0, 0xD8, 0x2D, 0x36, 0x1B, 0x00, 0x3F, 0xC4, 0x1A, 0x05, 0x01, 0x02, 0x0B ; file 1A3594
db 0x14, 0xC8, 0x5C, 0xC6, 0xC6, 0xC2, 0x75, 0xC0, 0x1E, 0x1B, 0x00, 0xD6, 0x21, 0x09, 0x05, 0xCB ; file 1A35A4
db 0x05, 0x12, 0xB3, 0xC4, 0x12, 0x5B, 0xC2, 0x5C, 0xC1, 0x0B, 0x0B, 0x53, 0x11, 0x11, 0xCC, 0x51 ; file 1A35B4
db 0x1D, 0x00, 0x10, 0x83, 0x33, 0x19, 0x22, 0xC3, 0xDA, 0xF2, 0x20, 0x0B, 0xD8, 0x20, 0x11, 0x01 ; file 1A35C4
db 0xF0, 0x41, 0x05, 0x04, 0x68, 0x78, 0xC2, 0x30, 0x90, 0x49, 0x34, 0x13, 0x1C, 0x00, 0x13, 0x06 ; file 1A35D4
db 0xCC, 0x52, 0x9B, 0x09, 0x05, 0xF7, 0x81, 0x00, 0x14, 0x5C, 0xC2, 0x7C, 0xC1, 0x05, 0x6F, 0x09 ; file 1A35E4
db 0x11, 0x11, 0x0A, 0xCC, 0x54, 0x05, 0x04, 0x4C, 0x91, 0x06, 0x1F, 0x65, 0x1A, 0x1A, 0x77, 0x50 ; file 1A35F4
db 0x64, 0xB4, 0x1C, 0x06, 0x2F, 0x92, 0xDE, 0xC0, 0x41, 0x19, 0x36, 0x61, 0xE8, 0x55, 0x51, 0x90 ; file 1A3604
db 0x10, 0x31, 0x3C, 0x66, 0x10, 0xB0, 0x55, 0x72, 0x0D, 0xC1, 0x01, 0x20, 0x63, 0x3A, 0x63, 0x18 ; file 1A3614
db 0x18, 0x13, 0xBA, 0x21, 0xC4, 0x0D, 0xC1, 0x45, 0xC1, 0x01, 0x94, 0xC1, 0x2F, 0x92, 0x4A, 0xD0 ; file 1A3624
db 0x18, 0x15, 0x3B, 0x15, 0x0B, 0xD7, 0x25, 0x07, 0x01, 0x01, 0x8F, 0xB0, 0x10, 0x34, 0xA6, 0x11 ; file 1A3634
db 0x32, 0x14, 0x12, 0x06, 0x61, 0x1B, 0x03, 0x01, 0x94, 0xC2, 0x0D, 0x24, 0x5C, 0xC2, 0x12, 0x33 ; file 1A3644
db 0x10, 0x24, 0x41, 0xCC, 0x51, 0x01, 0x14, 0x93, 0x74, 0xB0, 0xFC, 0x0E, 0x34, 0x54, 0x90, 0x0F ; file 1A3654
db 0x0B, 0x04, 0x05, 0x0B, 0x04, 0x13, 0x03, 0x03, 0xB2, 0x81, 0x72, 0x53, 0x0D, 0x80, 0x81, 0xDE ; file 1A3664
db 0xC1, 0xFB, 0xC0, 0x00, 0xAC, 0x82, 0xB0, 0x81, 0x30, 0x95, 0x1E, 0x00, 0xC5, 0x52, 0x69, 0x21 ; file 1A3674
db 0xA7, 0x81, 0xD3, 0x51, 0x78, 0x20, 0x67, 0x0E, 0x32, 0xC1, 0xC0, 0x0F, 0x10, 0x13, 0x13, 0x1D ; file 1A3684
db 0x02, 0x00, 0x20, 0x6B, 0x4E, 0x31, 0x1B, 0x01, 0x55, 0xD0, 0xA0, 0xB8, 0x2C, 0x37, 0xF4, 0x23 ; file 1A3694
db 0xBB, 0xBB, 0x00, 0x60, 0x32, 0x20, 0x64, 0xA3, 0x31, 0x10, 0x3E, 0x1A, 0x04, 0x5B, 0xCF, 0xAE ; file 1A36A4
db 0x01, 0x6E, 0x61, 0x40, 0x11, 0x3F, 0x01, 0x0F, 0x01, 0x0F, 0x01, 0x0F, 0x0D, 0xC4, 0x22, 0x60 ; file 1A36B4
db 0x16, 0xBC, 0xE4, 0x80, 0x21, 0x6C, 0x17, 0x91, 0x6E, 0xF0, 0x3F, 0xC0, 0x02, 0x68, 0x26, 0xC2 ; file 1A36C4
db 0x31, 0x92, 0x18, 0x3F, 0x11, 0x0B, 0x05, 0x0B, 0x11, 0x15, 0x4D, 0x9B, 0x76, 0xC3, 0x5C, 0x38 ; file 1A36D4
db 0xE0, 0x8A, 0x71, 0x0B, 0x05, 0x15, 0x3D, 0x68, 0x16, 0x86, 0xF1, 0x59, 0x1C, 0x82, 0x82, 0xA8 ; file 1A36E4
db 0x72, 0x05, 0x12, 0x5A, 0x66, 0x12, 0x87, 0xF2, 0xC3, 0x11, 0x0B, 0x9F, 0x20, 0xF3, 0x23, 0x1D ; file 1A36F4
db 0x00, 0x30, 0x94, 0x06, 0x1A, 0xF6, 0xBE, 0xF0, 0x1C, 0x1C, 0x1B, 0x00, 0x17, 0x19, 0x15, 0x06 ; file 1A3704
db 0xD6, 0xD6, 0x22, 0x0B, 0x05, 0x1D, 0x14, 0x16, 0x63, 0x30, 0x1C, 0x1C, 0x1D, 0x18, 0x1C, 0x01 ; file 1A3714
db 0x15, 0x0F, 0x03, 0xBF, 0x82, 0x1C, 0x00, 0x1C, 0xE2, 0x38, 0x37, 0x00, 0x39, 0x00, 0x1C, 0x01 ; file 1A3724
db 0x09, 0x09, 0x06, 0x1B, 0x00, 0xA2, 0x81, 0x00, 0x0F, 0x30, 0x40, 0xC2, 0x5C, 0xC1, 0x6E, 0xF0 ; file 1A3734
db 0x34, 0x62, 0xBE, 0x85, 0x2B, 0x30, 0x14, 0x91, 0x40, 0x2C, 0x33, 0x8B, 0xF0, 0x29, 0x91, 0xC6 ; file 1A3744
db 0xE2, 0x1C, 0x08, 0x4C, 0x94, 0x19, 0xA8, 0x00, 0x00, 0x13, 0x92, 0x62, 0x32, 0x38, 0x01, 0x95 ; file 1A3754
db 0xC0, 0x20, 0x61, 0x4A, 0x93, 0xE0, 0x04, 0xD5, 0x32, 0x13, 0x0D, 0x0D, 0x5C, 0xC4, 0x4B, 0x93 ; file 1A3764
db 0x15, 0x1D, 0x06, 0x37, 0x03, 0xCD, 0xC0, 0x0C, 0x20, 0x60, 0x4C, 0x94, 0x14, 0x0C, 0x0C, 0x43 ; file 1A3774
db 0x52, 0x01, 0x50, 0xF0, 0xE9, 0xC0, 0xD9, 0x0F, 0x2F, 0x91, 0x4E, 0x93, 0x14, 0x10, 0x1E, 0x00 ; file 1A3784
db 0x0C, 0x0C, 0x05, 0x0A, 0x67, 0xB1, 0x0A, 0x5C, 0xC2, 0x6C, 0xF1, 0x21, 0x65, 0xE1, 0xC1, 0x82 ; file 1A3794
db 0xB2, 0x00, 0x88, 0xF4, 0xF2, 0x24, 0x8D, 0xF0, 0x1B, 0x01, 0xD5, 0x20, 0x1B, 0x03, 0x30, 0x93 ; file 1A37A4
db 0xA8, 0xB2, 0x24, 0x22, 0x65, 0x35, 0x04, 0x0F, 0xFC, 0x02, 0xE9, 0xB2, 0x0D, 0xDC, 0x51, 0x4E ; file 1A37B4
db 0x04, 0x00, 0xC7, 0xE1, 0x35, 0xF6, 0xF3, 0x26, 0xD3, 0xF1, 0x7F, 0x61, 0x76, 0x91, 0x1B, 0x85 ; file 1A37C4
db 0x30, 0x93, 0x80, 0x3D, 0x62, 0xD6, 0x61, 0x1C, 0x01, 0x0B, 0xC6, 0x56, 0x02, 0x3E, 0x62, 0xA6 ; file 1A37D4
db 0x90, 0x13, 0x70, 0x0F, 0xC1, 0x26, 0xC9, 0x58, 0x63, 0x15, 0x93, 0x10, 0x0F, 0x12, 0x6A, 0x2B ; file 1A37E4
db 0x30, 0x9F, 0x32, 0xA2, 0x31, 0x9A, 0x31, 0xF7, 0x2E, 0x0A, 0x0A, 0x66, 0x93, 0xE5, 0x42, 0x50 ; file 1A37F4
db 0x01, 0x0F, 0x01, 0x0F, 0x01, 0x0F, 0x01, 0x0F, 0x00, 0xE0, 0x60, 0x15, 0xF3, 0xFC, 0x8E, 0x21 ; file 1A3804
db 0x65, 0x1C, 0x1C, 0x17, 0x01, 0x00, 0x3A, 0x80, 0xE7, 0xCC, 0x0A, 0x32, 0x85, 0xF0, 0x13, 0x5E ; file 1A3814
db 0xA0, 0x61, 0xA0, 0x13, 0x18, 0xA6, 0x20, 0x4E, 0x09, 0x50, 0x19, 0x60, 0x78, 0xA0, 0xD8, 0x21 ; file 1A3824
db 0x1E, 0x02, 0x18, 0x22, 0xD7, 0x0F, 0x1B, 0x02, 0x94, 0xF2, 0x21, 0x1E, 0x03, 0x13, 0x2D, 0x37 ; file 1A3834
db 0x0D, 0x3C, 0x60, 0xFF, 0x52, 0x13, 0x1B, 0x13, 0x03, 0x14, 0x31, 0x0B, 0x0B, 0x28, 0x80, 0x77 ; file 1A3844
db 0x64, 0xF1, 0xF0, 0x7D, 0x19, 0x1B, 0x02, 0x18, 0x12, 0x01, 0x1F, 0x01, 0x58, 0x01, 0x00, 0x28 ; file 1A3854
db 0x20, 0xF0, 0xA3, 0x15, 0x90, 0x88, 0x00, 0x36, 0x60, 0x63, 0xE0, 0x94, 0xB1, 0x74, 0x00, 0x09 ; file 1A3864
db 0x0C, 0x1C, 0x20, 0xB0, 0x62, 0x18, 0x1C, 0x04, 0xB0, 0xB5, 0x1C, 0x04, 0x6C, 0x82, 0x0C, 0x20 ; file 1A3874
db 0x61, 0x53, 0x60, 0x11, 0x11, 0xE8, 0xB4, 0x38, 0x03, 0x29, 0xB2, 0x6C, 0xF1, 0x00, 0x00, 0x60 ; file 1A3884
db 0x39, 0x01, 0x20, 0xC2, 0xC7, 0x01, 0xBB, 0xE0, 0x3F, 0x80, 0x84, 0x90, 0x20, 0x62, 0xF4, 0xF9 ; file 1A3894
db 0x00, 0xA8, 0x63, 0x11, 0x7C, 0xB0, 0x0C, 0x10, 0x12, 0x10, 0x49, 0x0E, 0xD8, 0x22, 0x5C, 0xC3 ; file 1A38A4
db 0x0C, 0xE1, 0x04, 0x1B, 0x01, 0x0F, 0x1C, 0x00, 0x58, 0x2C, 0x32, 0x20, 0x65, 0x33, 0x14, 0x0B ; file 1A38B4
db 0x0B, 0xB2, 0x82, 0x0E, 0xF4, 0x24, 0x1C, 0x1F, 0x60, 0x1E, 0x61, 0x14, 0x13, 0x0C, 0x01, 0x00 ; file 1A38C4
db 0x3B, 0xE0, 0xB9, 0x50, 0x00, 0x1B, 0x01, 0x95, 0xC1, 0x5D, 0xC6, 0xF4, 0x22, 0xDD, 0x22, 0xF6 ; file 1A38D4
db 0x22, 0xD5, 0x30, 0x10, 0x31, 0x00, 0x12, 0x35, 0x1A, 0x03, 0x51, 0x01, 0xEE, 0x80, 0xF1, 0x31 ; file 1A38E4
db 0x4D, 0x91, 0x01, 0x08, 0x43, 0x50, 0x00, 0x95, 0x83, 0x92, 0xB4, 0x4D, 0x96, 0x22, 0x61, 0xCF ; file 1A38F4
db 0xE2, 0x3C, 0x64, 0xBD, 0x83, 0x11, 0x32, 0x00, 0x0A, 0xC1, 0xF0, 0xB3, 0x3C, 0x66, 0x4D, 0x91 ; file 1A3904
db 0x2D, 0x91, 0x21, 0x62, 0x05, 0x62, 0xF5, 0x27, 0x3E, 0x2C, 0x37, 0x0E, 0x0F, 0x12, 0x14, 0x13 ; file 1A3914
db 0x2C, 0x32, 0x30, 0x9C, 0x02, 0x41, 0xC2, 0x10, 0x1B, 0x00, 0x76, 0x60, 0x20, 0x6C, 0x4C, 0x96 ; file 1A3924
db 0x16, 0x10, 0xDC, 0x2A, 0x00, 0x30, 0x95, 0x52, 0xF2, 0x95, 0x5C, 0xCB, 0x01, 0x56, 0x63, 0xCD ; file 1A3934
db 0x33, 0x01, 0x0F, 0x28, 0x3F, 0x0C, 0x01, 0x0F, 0x35, 0x0F, 0x10, 0x14, 0xD6, 0x80, 0xBF, 0xFF ; file 1A3944
db 0xCF, 0xD0, 0x8A, 0x20, 0xD8, 0x14, 0x93, 0x40, 0xCC, 0x10, 0x31, 0x19, 0x13, 0x11, 0x30, 0x13 ; file 1A3954
db 0x13, 0x39, 0x19, 0x40, 0xC1, 0x05, 0xD9, 0x10, 0x1A, 0x1B, 0x2A, 0x31, 0x0D, 0x31, 0xEB, 0x0B ; file 1A3964
db 0x13, 0x24, 0xC0, 0x18, 0x48, 0xA7, 0x10, 0x1B, 0x1B, 0x18, 0x0F, 0x35, 0x2B, 0x33, 0x6D, 0xF7 ; file 1A3974
db 0x0A, 0x1A, 0x0F, 0x34, 0x2B, 0x34, 0x61, 0x81, 0x32, 0x5D, 0xC5, 0x18, 0x51, 0x00, 0x0F, 0x32 ; file 1A3984
db 0x10, 0x0A, 0x2B, 0x32, 0x7A, 0x20, 0xF4, 0x51, 0xF0, 0xD3, 0x93, 0x1A, 0x52, 0x03, 0x12, 0x14 ; file 1A3994
db 0x0E, 0x03, 0xD2, 0x0E, 0x32, 0x0B, 0x3C, 0x21, 0x64, 0x43, 0x15, 0xE4, 0x51, 0x11, 0x11, 0xAB ; file 1A39A4
db 0x03, 0x03, 0x1D, 0x61, 0x03, 0x63, 0x33, 0x15, 0x10, 0x33, 0x00, 0x90, 0xD5, 0x21, 0x7C, 0x90 ; file 1A39B4
db 0xDA, 0xE3, 0x1C, 0x02, 0x12, 0xA4, 0xF0, 0x75, 0x62, 0x0E, 0x00, 0x3E, 0xA0, 0x38, 0x02, 0x46 ; file 1A39C4
db 0x32, 0xD6, 0x31, 0xD6, 0xE1, 0x48, 0x33, 0xF4, 0x20, 0xFF, 0x50, 0x08, 0xB5, 0x90, 0x70, 0x61 ; file 1A39D4
db 0xF1, 0x31, 0x05, 0xE2, 0xB0, 0x10, 0x30, 0x6D, 0xF1, 0x1C, 0x01, 0x44, 0x2A, 0x33, 0xEE, 0x33 ; file 1A39E4
db 0x05, 0x0D, 0xF0, 0x7F, 0x31, 0x3C, 0x61, 0x0F, 0xF3, 0x21, 0x20, 0x25, 0x44, 0x1B, 0x02, 0xBC ; file 1A39F4
db 0x51, 0xDA, 0x21, 0xAD, 0x60, 0x0E, 0x10, 0x32, 0x5C, 0x42, 0x80, 0x6F, 0x70, 0x36, 0x00, 0xF5 ; file 1A3A04
db 0x26, 0x04, 0x60, 0x6D, 0xF1, 0x0F, 0x90, 0x68, 0x70, 0x05, 0x41, 0x0B, 0x13, 0xC3, 0xDB, 0x22 ; file 1A3A14
db 0xC9, 0x62, 0x20, 0x64, 0xF8, 0x81, 0x12, 0x50, 0x02, 0x00, 0x2B, 0x33, 0x31, 0x92, 0x12, 0x90 ; file 1A3A24
db 0x0F, 0x39, 0x21, 0x62, 0xD1, 0xE1, 0x7C, 0x43, 0x5E, 0x20, 0x00, 0x0F, 0x36, 0x60, 0x31, 0x34 ; file 1A3A34
db 0x93, 0x99, 0x44, 0xAB, 0x53, 0x28, 0x91, 0x10, 0x31, 0xE2, 0xE1, 0x60, 0x05, 0x67, 0x1C, 0x64 ; file 1A3A44
db 0x51, 0x62, 0x78, 0x63, 0x41, 0xC6, 0x0A, 0x03, 0x26, 0x70, 0x16, 0x4C, 0x94, 0x12, 0x13, 0x20 ; file 1A3A54
db 0x61, 0x10, 0x1B, 0xF7, 0x10, 0x39, 0x75, 0x03, 0x00, 0x10, 0x3F, 0x5C, 0xCF, 0x3E, 0x63, 0x2A ; file 1A3A64
db 0x37, 0x24, 0xB4, 0x1E, 0x0B, 0x3A, 0x62, 0x19, 0xD3, 0x00, 0x01, 0x0F, 0x01, 0x0F, 0x01, 0x0F ; file 1A3A74
db 0x30, 0x9F, 0x0F, 0x30, 0xE9, 0xD0, 0xD4, 0x9A, 0x30, 0x98, 0x18, 0x31, 0x90, 0x23, 0xC1, 0x2F ; file 1A3A84
db 0x3B, 0x06, 0x19, 0x1A, 0xF5, 0x1D, 0x01, 0x6E, 0xFA, 0x31, 0x10, 0x3E, 0xC0, 0x55, 0x61, 0x39 ; file 1A3A94
db 0x04, 0x19, 0x18, 0xF7, 0x84, 0xBB, 0xF1, 0x4A, 0x55, 0x67, 0x1A, 0x1C, 0x03, 0x16, 0x24, 0xC4 ; file 1A3AA4
db 0x51, 0xF0, 0x1A, 0x5A, 0x50, 0x4D, 0x0B, 0x72, 0x51, 0x0B, 0x0C, 0xA2, 0xB1, 0x93, 0x00, 0x14 ; file 1A3AB4
db 0xAD, 0xD4, 0x41, 0x18, 0xBC, 0x80, 0x47, 0x36, 0x63, 0x30, 0x1C, 0x02, 0x5D, 0xC3, 0x0C, 0xAD ; file 1A3AC4
db 0x54, 0x2D, 0x17, 0x48, 0x31, 0x0B, 0x0B, 0xCE, 0xE1, 0x16, 0xAD, 0x70, 0xDC, 0x32, 0x21, 0x16 ; file 1A3AD4
db 0xA7, 0x60, 0xC3, 0x50, 0xBC, 0x70, 0x0D, 0x30, 0x11, 0x7F, 0x32, 0x37, 0x00, 0xF9, 0x12, 0x02 ; file 1A3AE4
db 0xE2, 0xBA, 0x22, 0x09, 0x03, 0x06, 0x0A, 0x03, 0x22, 0x2A, 0x32, 0x0C, 0xEE, 0xE0, 0x82, 0x51 ; file 1A3AF4
db 0xDC, 0x81, 0x0D, 0xC6, 0x50, 0xFA, 0x50, 0x48, 0x1D, 0xC3, 0x1C, 0x02, 0xB3, 0xE2, 0x10, 0xB0 ; file 1A3B04
db 0x52, 0xB4, 0xF0, 0x0B, 0x63, 0xF3, 0x9E, 0x62, 0x30, 0x09, 0x0B, 0x0C, 0x14, 0x37, 0x02, 0x20 ; file 1A3B14
db 0x62, 0x10, 0x08, 0xD0, 0xF1, 0x8D, 0x64, 0x3A, 0x61, 0x10, 0x37, 0x03, 0x3C, 0x62, 0xF8, 0x80 ; file 1A3B24
db 0x59, 0xA0, 0x00, 0x8E, 0xC2, 0xE2, 0xC0, 0x28, 0xA0, 0x1B, 0x03, 0x04, 0x63, 0x1C, 0x01, 0xC7 ; file 1A3B34
db 0x61, 0x37, 0xD3, 0x59, 0x0C, 0x7D, 0x32, 0x10, 0x34, 0x06, 0x12, 0x44, 0x94, 0x11, 0x8C, 0x60 ; file 1A3B44
db 0x40, 0x52, 0xD1, 0x1B, 0x05, 0xBD, 0x41, 0x23, 0xC0, 0x84, 0xD1, 0x7A, 0xA2, 0x0C, 0x56, 0x61 ; file 1A3B54
db 0x00, 0xE3, 0x83, 0x35, 0xF2, 0x46, 0x21, 0x60, 0x90, 0xA7, 0xD1, 0x3D, 0xF2, 0x45, 0x32, 0x20 ; file 1A3B64
db 0x60, 0x1C, 0xE9, 0xD2, 0x63, 0x21, 0x0D, 0x0D, 0x0C, 0x10, 0xF2, 0xF6, 0x22, 0x10, 0x39, 0x01 ; file 1A3B74
db 0x06, 0x1E, 0x03, 0x33, 0x63, 0x21, 0x03, 0xA9, 0x86, 0x50, 0xF3, 0xEB, 0x54, 0xF5, 0x20, 0x00 ; file 1A3B84
db 0x5D, 0xC2, 0x34, 0xF7, 0x26, 0xC5, 0x10, 0x33, 0x05, 0x6A, 0x51, 0xF7, 0x10, 0x3F, 0xD1, 0xC1 ; file 1A3B94
db 0x00, 0x51, 0xF5, 0x07, 0x60, 0x5C, 0x59, 0x0B, 0xD1, 0x20, 0x68, 0xA2, 0x2F, 0x5F, 0xC0, 0x1F ; file 1A3BA4
db 0x61, 0xA0, 0x85, 0xFC, 0x01, 0x0F, 0x01, 0x0F, 0x01, 0x0F, 0x0C, 0xC6, 0x18, 0x91, 0x80, 0x1B ; file 1A3BB4
db 0x69, 0x18, 0x82, 0x84, 0x40, 0xCA, 0x1B, 0x36, 0xF5, 0x1A, 0x19, 0x51, 0xFB, 0x11, 0x0E, 0x1A ; file 1A3BC4
db 0x02, 0x6E, 0xF5, 0x31, 0x9A, 0x10, 0x34, 0xF4, 0x1C, 0x05, 0x51, 0xF8, 0xB9, 0x0F, 0x1B, 0x06 ; file 1A3BD4
db 0x38, 0x04, 0x19, 0x15, 0x14, 0x20, 0x67, 0x1C, 0x0F, 0x18, 0x13, 0x13, 0x13, 0x72, 0x00, 0xA5 ; file 1A3BE4
db 0xF4, 0x04, 0x60, 0x67, 0x34, 0x73, 0x18, 0x1B, 0xB1, 0x50, 0x8C, 0xC1, 0x13, 0x1D, 0x1D, 0xC0 ; file 1A3BF4
db 0xF2, 0x4C, 0x1C, 0x01, 0x68, 0xA3, 0x0D, 0x1A, 0xAF, 0xB1, 0x9C, 0x92, 0x13, 0x21, 0xF0, 0x98 ; file 1A3C04
db 0x9C, 0x31, 0x38, 0x01, 0xEC, 0x62, 0x14, 0x19, 0x4B, 0x20, 0x2B, 0x30, 0x17, 0x92, 0xD7, 0x80 ; file 1A3C14
db 0x13, 0x9A, 0x32, 0x57, 0x61, 0x12, 0x5D, 0xC2, 0xD8, 0xE2, 0x11, 0x37, 0x10, 0x18, 0x15, 0x9F ; file 1A3C24
db 0xF0, 0x05, 0x15, 0x1B, 0x02, 0x20, 0x62, 0x3C, 0x98, 0xB1, 0x01, 0xC2, 0x07, 0x06, 0x0A, 0x06 ; file 1A3C34
db 0xBB, 0x21, 0xC5, 0x62, 0x10, 0x37, 0x02, 0xCC, 0x53, 0x64, 0xF6, 0x96, 0xC0, 0x08, 0x03, 0xF0 ; file 1A3C44
db 0xC9, 0x81, 0xC3, 0x80, 0x22, 0x25, 0xC0, 0x0D, 0x47, 0xF1, 0x80, 0xF3, 0xD6, 0xF0, 0x08, 0x04 ; file 1A3C54
db 0xF1, 0x72, 0x60, 0x14, 0x30, 0x90, 0x19, 0xF0, 0x0A, 0x1C, 0x0A, 0x0B, 0x61, 0x33, 0x20, 0x62 ; file 1A3C64
db 0x1C, 0x01, 0x71, 0x04, 0x54, 0x09, 0xF2, 0x53, 0x20, 0x64, 0x00, 0x10, 0x04, 0xD5, 0xF4, 0x08 ; file 1A3C74
db 0x47, 0x31, 0x05, 0x68, 0x04, 0x62, 0x06, 0x6E, 0xC2, 0xA9, 0xC3, 0xA8, 0xE2, 0xFB, 0x80, 0x4E ; file 1A3C84
db 0x20, 0x64, 0x06, 0x0D, 0x04, 0x56, 0x00, 0xA7, 0xD3, 0x08, 0x38, 0xF3, 0x0C, 0x17, 0x92, 0x9D ; file 1A3C94
db 0xB2, 0x0A, 0x06, 0x1D, 0x04, 0x1B, 0x00, 0x19, 0x03, 0x57, 0xF0, 0x78, 0x31, 0xB4, 0xF7, 0x00 ; file 1A3CA4
db 0x9B, 0xF0, 0x04, 0x04, 0x06, 0x08, 0xFF, 0xE2, 0x04, 0x51, 0xF4, 0xD4, 0xB4, 0x0A, 0x15, 0x10 ; file 1A3CB4
db 0x35, 0x94, 0x36, 0xF0, 0xB7, 0x31, 0x20, 0x67, 0x00, 0x07, 0xC3, 0xDB, 0x22, 0x27, 0xA0, 0x30 ; file 1A3CC4
db 0x9C, 0x14, 0x96, 0xCF, 0x53, 0x10, 0x3F, 0x1F, 0x64, 0x40, 0x46, 0xA2, 0xF2, 0x2F, 0x3A, 0x64 ; file 1A3CD4
db 0x37, 0xFF, 0x51, 0xF1, 0xF0, 0x91, 0x06, 0x1A, 0x0F, 0xA0, 0x01, 0x0F, 0x01, 0x0F, 0x01, 0x0F ; file 1A3CE4
db 0x1F, 0x63, 0x9D, 0x21, 0x19, 0x21, 0x6F, 0x0A, 0x61, 0x16, 0xBB, 0x28, 0xC9, 0x55, 0xF5, 0x2C ; file 1A3CF4
db 0xBC, 0x22, 0x18, 0x16, 0x51, 0xF8, 0x88, 0x35, 0xF2, 0x2B, 0x36, 0x10, 0x3A, 0x10, 0x46, 0x35 ; file 1A3D04
db 0xF4, 0x28, 0x8B, 0xF4, 0x0D, 0x3B, 0x1B, 0x1B, 0x88, 0xF2, 0x1E, 0x1E, 0x1E, 0x0F, 0x34, 0x10 ; file 1A3D14
db 0x39, 0x55, 0x1B, 0x93, 0x30, 0x1C, 0x1C, 0x01, 0x1D, 0x0F, 0x33, 0x16, 0x14, 0x95, 0xDF, 0x10 ; file 1A3D24
db 0x1A, 0x1A, 0x1B, 0x19, 0x69, 0xE1, 0x16, 0x1D, 0x11, 0x1E, 0x8E, 0x63, 0x1C, 0x01, 0xAA, 0x73 ; file 1A3D34
db 0x16, 0x73, 0x60, 0x12, 0x32, 0x49, 0x30, 0xD8, 0x1B, 0x06, 0x1C, 0x00, 0x10, 0x32, 0x19, 0x13 ; file 1A3D44
db 0x2D, 0x31, 0x17, 0x17, 0x8F, 0x13, 0x0B, 0x05, 0x0C, 0x36, 0x03, 0x30, 0x91, 0x20, 0x63, 0x16 ; file 1A3D54
db 0x76, 0x93, 0x51, 0x11, 0x16, 0x48, 0x30, 0x09, 0x05, 0x13, 0x3A, 0x70, 0xE2, 0x37, 0x01, 0x12 ; file 1A3D64
db 0x5C, 0x52, 0x20, 0x60, 0xAF, 0x50, 0x07, 0x03, 0x06, 0x9D, 0x03, 0xF3, 0x20, 0x09, 0x0B, 0x15 ; file 1A3D74
db 0x36, 0x01, 0x04, 0x66, 0x15, 0x84, 0x1B, 0x01, 0x90, 0xC2, 0x02, 0x39, 0x01, 0xF4, 0xB3, 0x83 ; file 1A3D84
db 0x20, 0xF4, 0x21, 0x14, 0xC4, 0x37, 0x01, 0xBA, 0xF6, 0x0C, 0xE7, 0x83, 0x77, 0xC0, 0x6D, 0xF0 ; file 1A3D94
db 0x06, 0x14, 0x97, 0x04, 0x05, 0x07, 0x1C, 0x07, 0x08, 0x04, 0xF1, 0xBD, 0xB0, 0x0A, 0x3E, 0x04 ; file 1A3DA4
db 0x81, 0x06, 0x0F, 0x05, 0x04, 0x07, 0x54, 0x03, 0xD6, 0xF0, 0x71, 0x05, 0x12, 0x30, 0xFA, 0x84 ; file 1A3DB4
db 0x10, 0x34, 0x04, 0x07, 0x02, 0x00, 0xD3, 0x63, 0x09, 0x05, 0xF6, 0x21, 0x05, 0x63, 0x40, 0xC1 ; file 1A3DC4
db 0x06, 0x0A, 0xD4, 0x20, 0x86, 0x3A, 0x00, 0x01, 0x07, 0x9C, 0x30, 0x23, 0x60, 0xF3, 0x55, 0xE9 ; file 1A3DD4
db 0xD2, 0x06, 0xDF, 0x03, 0x02, 0x04, 0x02, 0x07, 0x01, 0x01, 0x09, 0x0C, 0x61, 0x08, 0x3F, 0xC5 ; file 1A3DE4
db 0x20, 0x66, 0x1D, 0x00, 0x3C, 0x02, 0x08, 0x08, 0xBD, 0x22, 0x6C, 0x5B, 0xF2, 0x20, 0x66, 0x03 ; file 1A3DF4
db 0x02, 0x01, 0x01, 0x04, 0x03, 0x83, 0xC0, 0xF8, 0x20, 0x61, 0x88, 0x91, 0x03, 0x67, 0x06, 0x03 ; file 1A3E04
db 0x01, 0x01, 0x03, 0x05, 0x03, 0x8E, 0x91, 0x13, 0x77, 0x40, 0xD6, 0xB0, 0x20, 0x6C, 0x10, 0x36 ; file 1A3E14
db 0x1B, 0x0A, 0x80, 0x10, 0x39, 0x15, 0x9F, 0xB0, 0x61, 0xB2, 0x91, 0xFE, 0xF1, 0xD2, 0xBF, 0x11 ; file 1A3E24
db 0x32, 0x0D, 0x41, 0x0D, 0x0F, 0x3F, 0x01, 0x0F, 0x5A, 0x6E, 0xD5, 0xFB, 0x1F, 0x69, 0x1C, 0x03 ; file 1A3E34
db 0x62, 0x51, 0x16, 0xBF, 0xE5, 0x1F, 0x6C, 0x20, 0x63, 0x18, 0x2E, 0x3A, 0x06, 0xF5, 0x2B, 0xA1 ; file 1A3E44
db 0x18, 0x20, 0x69, 0x64, 0x92, 0x58, 0x65, 0x7A, 0xC0, 0x16, 0x20, 0x67, 0x16, 0x01, 0x1C, 0x2C ; file 1A3E54
db 0x3B, 0xD8, 0x21, 0x8B, 0x65, 0xA8, 0xC0, 0x10, 0x35, 0xB1, 0xC2, 0xD8, 0x22, 0x02, 0x53, 0xD3 ; file 1A3E64
db 0x1A, 0x0F, 0x30, 0x3A, 0x00, 0x2B, 0x30, 0x10, 0x30, 0x7F, 0x32, 0xF4, 0x21, 0x06, 0xC4, 0xF2 ; file 1A3E74
db 0x14, 0x1B, 0x2C, 0x31, 0x1C, 0x03, 0x9A, 0x32, 0xF4, 0x23, 0x54, 0x12, 0x03, 0x18, 0x1A, 0x1D ; file 1A3E84
db 0x00, 0x4A, 0x30, 0x47, 0x33, 0x14, 0xA1, 0x97, 0xE0, 0x85, 0xA0, 0xDC, 0x14, 0x92, 0x4B, 0x60 ; file 1A3E94
db 0x1B, 0x1A, 0x15, 0x91, 0x60, 0x15, 0x14, 0x69, 0x16, 0x2F, 0xA2, 0xB2, 0xE0, 0x14, 0x50, 0x82 ; file 1A3EA4
db 0x10, 0x16, 0x89, 0xF0, 0xF7, 0x16, 0x04, 0x04, 0xC3, 0xC0, 0x15, 0x0B, 0x04, 0x0F, 0x40, 0x0E ; file 1A3EB4
db 0x30, 0xCE, 0xE1, 0x34, 0xF0, 0x1C, 0x02, 0x59, 0x90, 0x1B, 0x00, 0x13, 0x49, 0x30, 0xE1, 0x07 ; file 1A3EC4
db 0x46, 0x50, 0x05, 0x62, 0x19, 0xF0, 0x30, 0x92, 0x15, 0x16, 0x16, 0x11, 0x08, 0xBE, 0x20, 0x31 ; file 1A3ED4
db 0xF1, 0x6D, 0x20, 0x04, 0xEA, 0x51, 0x9A, 0x30, 0x30, 0x94, 0x7B, 0x15, 0x14, 0xA0, 0x21, 0x02 ; file 1A3EE4
db 0x01, 0x01, 0x1F, 0xA3, 0x20, 0xC7, 0x07, 0x04, 0x0F, 0x4C, 0x21, 0x10, 0x31, 0x18, 0xF0, 0x14 ; file 1A3EF4
db 0x14, 0x81, 0x0F, 0xBC, 0x20, 0xD9, 0x22, 0x1D, 0x03, 0x6B, 0xF1, 0x41, 0x21, 0x0F, 0x80, 0x10 ; file 1A3F04
db 0x2B, 0x14, 0x08, 0x1C, 0x06, 0x1F, 0x1C, 0x03, 0x0E, 0x88, 0x52, 0xE9, 0xC1, 0xE1, 0x10, 0x05 ; file 1A3F14
db 0x60, 0x1C, 0x09, 0xC9, 0x84, 0xA9, 0x11, 0x06, 0x0A, 0x08, 0x81, 0x02, 0x4A, 0x36, 0x1C, 0x03 ; file 1A3F24
db 0x35, 0xF2, 0x13, 0x94, 0xD6, 0x20, 0x8C, 0x03, 0x02, 0x0F, 0x07, 0x0B, 0x04, 0x01, 0x3B, 0xF1 ; file 1A3F34
db 0x04, 0x65, 0xF3, 0x23, 0xAA, 0x00, 0x3E, 0x30, 0x30, 0x0B, 0x0B, 0x02, 0x08, 0x13, 0x31, 0x92 ; file 1A3F44
db 0xDD, 0xE5, 0x38, 0xF2, 0x20, 0x1E, 0x02, 0xE5, 0x00, 0x04, 0x02, 0x13, 0x3C, 0x62, 0x17, 0x26 ; file 1A3F54
db 0x0C, 0x0F, 0x32, 0x2F, 0x32, 0x02, 0x01, 0xCF, 0xF0, 0xA4, 0xC0, 0x32, 0x28, 0x25, 0x70, 0xC4 ; file 1A3F64
db 0x2D, 0x30, 0x02, 0x00, 0x06, 0x1B, 0xF3, 0x34, 0xFB, 0xA0, 0x90, 0x06, 0x0D, 0x61, 0x08, 0x11 ; file 1A3F74
db 0x33, 0x05, 0x6E, 0x34, 0xF3, 0x35, 0xF1, 0x06, 0x02, 0xBE, 0x2F, 0x00, 0xB0, 0x60, 0xB3, 0x60 ; file 1A3F84
db 0x18, 0x0F, 0x01, 0x0F, 0xA5, 0xF0, 0x00, 0x00, 0x00, 0x00, 0x00, 0x14, 0x20, 0x1C, 0x24, 0x24 ; file 1A3F94
db 0x24, 0x2C, 0x30, 0x30, 0x2C, 0x34, 0x34, 0x34, 0x44, 0x40, 0x3C, 0x3C, 0x3C, 0x40, 0x44, 0x40 ; file 1A3FA4
db 0x44, 0x4C, 0x48, 0x4C, 0x5D, 0x59, 0x50, 0x55, 0x55, 0x5D, 0x65, 0x65, 0x61, 0x61, 0x61, 0x6D ; file 1A3FB4
db 0x71, 0x6F, 0x6D, 0x75, 0x71, 0x79, 0x85, 0x85, 0x7D, 0x81, 0x9D, 0x85, 0x95, 0x91, 0x8D, 0x91 ; file 1A3FC4
db 0x91, 0x95, 0xA1, 0xA1, 0xAA, 0xAA, 0xAA, 0xAA, 0xAE, 0xAA, 0xB2, 0xBA, 0xB6, 0xB6, 0xBA, 0xBA ; file 1A3FD4
db 0xC6, 0xCA, 0xC6, 0xCA, 0xD6, 0xD6, 0xDE, 0xE6, 0xE6, 0xEA, 0xF2, 0xEE, 0xFA, 0xFF, 0xFA, 0x18 ; file 1A3FE4
db 0x24, 0x24, 0x28, 0x2C, 0x28, 0x00, 0x00, 0x00, 0x00, 0x00, 0x00, 0xD2, 0xD2, 0xCE, 0xB6, 0xBA ; file 1A3FF4
db 0xB2, 0xA1, 0xA1, 0x99, 0xBA, 0xA1, 0x85, 0xDA, 0x95, 0x7D, 0xC2, 0x81, 0x69, 0xAA, 0x71, 0x5D ; file 1A4004
db 0x9D, 0x8D, 0x71, 0x85, 0x79, 0x61, 0x79, 0x69, 0x55, 0x8D, 0x5D, 0x50, 0x69, 0x59, 0x48, 0x65 ; file 1A4014
db 0x3C, 0x3C, 0x48, 0x40, 0x30, 0x30, 0x2C, 0x28, 0x28, 0x20, 0x18, 0x18, 0x10, 0x0C, 0xFF, 0xE6 ; file 1A4024
db 0xCE, 0x00, 0x14, 0x20, 0x18, 0x18, 0x3C, 0x00, 0x30, 0x4C, 0x04, 0x44, 0x65, 0x0C, 0x2C, 0x79 ; file 1A4034
db 0x1C, 0x30, 0x5D, 0x2C, 0x4C, 0x55, 0x48, 0x55, 0x5D, 0x3C, 0x59, 0x7D, 0x69, 0x6D, 0x79, 0x38 ; file 1A4044
db 0x2C, 0x48, 0xEE, 0xAE, 0x95, 0xFF, 0xBE, 0xAA, 0x00, 0x00, 0x00, 0x1C, 0x20, 0x44, 0x24, 0x2C ; file 1A4054
db 0x61, 0x30, 0x3C, 0x81, 0x34, 0x34, 0x48, 0x34, 0x44, 0x95, 0x48, 0x59, 0x95, 0x48, 0x5D, 0xBE ; file 1A4064
db 0x55, 0x59, 0x69, 0x55, 0x69, 0xD2, 0x59, 0x65, 0x95, 0x61, 0x65, 0x79, 0x61, 0x79, 0xCA, 0x65 ; file 1A4074
db 0x7D, 0xFA, 0x69, 0x81, 0xDE, 0x75, 0x79, 0x99, 0x7D, 0x81, 0x8D, 0x7D, 0x81, 0xA5, 0x7D, 0x99 ; file 1A4084
db 0xFF, 0x89, 0x8D, 0xB6, 0x8D, 0x8D, 0x9D, 0x91, 0x99, 0xC6, 0xA1, 0xA1, 0xAE, 0xB6, 0xB6, 0xB6 ; file 1A4094
db 0xC2, 0xC2, 0xC2, 0xCE, 0xCE, 0xCE, 0xE6, 0xE6, 0xE6, 0xFF, 0xFF, 0xFF, 0x40, 0x50, 0xAA, 0x44 ; file 1A40A4
db 0x44, 0x59, 0x5D, 0x71, 0xE6, 0x6D, 0x71, 0x8D, 0x00, 0x00, 0x00, 0x34, 0x00, 0x00, 0x4C, 0x00 ; file 1A40B4
db 0x00, 0x55, 0x00, 0x00, 0x61, 0x00, 0x00, 0x71, 0x00, 0x00, 0x85, 0x00, 0x00, 0xAE, 0x00, 0x00 ; file 1A40C4
db 0xBE, 0x00, 0x00, 0x4C, 0x44, 0x3C, 0x40, 0x40, 0x40, 0x3C, 0x38, 0x34, 0x34, 0x30, 0x2C, 0x59 ; file 1A40D4
db 0x50, 0x44, 0x65, 0x5D, 0x4C, 0x71, 0x65, 0x55, 0x7D, 0x71, 0x5D, 0x85, 0x79, 0x65, 0x91, 0x81 ; file 1A40E4
db 0x69, 0x99, 0x89, 0x71, 0xAA, 0x99, 0x7D, 0xBA, 0xAA, 0x89, 0xCA, 0xB6, 0x95, 0xD6, 0xC2, 0x9D ; file 1A40F4
db 0xDE, 0xCA, 0xA5, 0xE6, 0xD2, 0xAE, 0xF2, 0xDE, 0xB6, 0xFF, 0xE6, 0xBE, 0xFF, 0xEE, 0xCA, 0xFF ; file 1A4104
db 0xFF, 0xD2, 0xFF, 0xFF, 0xE6, 0xFF, 0xFF, 0xFF, 0x00, 0x00, 0x00, 0x01, 0x15, 0x28, 0x06, 0x1D ; file 1A4114
db 0x3E, 0x17, 0x17, 0x30, 0x09, 0x22, 0x4C, 0x0D, 0x22, 0x60, 0x28, 0x29, 0x36, 0x03, 0x3A, 0x50 ; file 1A4124
db 0x24, 0x2E, 0x5C, 0x06, 0x3F, 0x5E, 0x33, 0x34, 0x3D, 0x23, 0x39, 0x69, 0x30, 0x38, 0x67, 0x3A ; file 1A4134
db 0x3C, 0x45, 0x42, 0x44, 0x4A, 0x47, 0x4B, 0x55, 0x50, 0x53, 0x5A, 0x36, 0x62, 0x78, 0x5E, 0x60 ; file 1A4144
db 0x62, 0x57, 0x63, 0x7D, 0x6D, 0x6E, 0x6E, 0x7E, 0x7E, 0x7A, 0x84, 0x87, 0x88, 0x7D, 0x9D, 0xA3 ; file 1A4154
db 0x98, 0x98, 0x94, 0xA7, 0xA7, 0xA0, 0xB6, 0xB6, 0xAF, 0xC8, 0xC9, 0xC1, 0xD4, 0xD5, 0xCC, 0xDF ; file 1A4164
db 0xE0, 0xD7, 0xFD, 0xFD, 0xF9, 0x00, 0x01, 0x03, 0x00, 0x00, 0x00, 0x14, 0x0D, 0x0B, 0x28, 0x1B ; file 1A4174
db 0x13, 0x31, 0x1E, 0x02, 0x38, 0x20, 0x00, 0x30, 0x22, 0x19, 0x3A, 0x27, 0x1A, 0x49, 0x2A, 0x0A ; file 1A4184
db 0x43, 0x2B, 0x1F, 0x50, 0x32, 0x22, 0x50, 0x35, 0x2A, 0x5B, 0x3A, 0x2D, 0x64, 0x3E, 0x2F, 0x4D ; file 1A4194
db 0x49, 0x4B, 0x6B, 0x42, 0x32, 0x73, 0x45, 0x32, 0x78, 0x47, 0x33, 0x76, 0x49, 0x34, 0x7B, 0x4A ; file 1A41A4
db 0x35, 0x80, 0x4C, 0x37, 0x7F, 0x4D, 0x38, 0x5E, 0x5E, 0x61, 0x65, 0x5D, 0x5B, 0x86, 0x63, 0x51 ; file 1A41B4
db 0x6E, 0x6C, 0x6E, 0x96, 0x74, 0x5E, 0x7B, 0x7C, 0x81, 0x9C, 0x89, 0x77, 0xB2, 0x95, 0x7D, 0xC0 ; file 1A41C4
db 0xAC, 0x95, 0xE6, 0xCE, 0xB2, 0x00, 0x00, 0x00, 0x00, 0x00, 0x00, 0x28, 0x15, 0x01, 0x3E, 0x1D ; file 1A41D4
db 0x06, 0x30, 0x17, 0x17, 0x4C, 0x22, 0x09, 0x60, 0x22, 0x0D, 0x36, 0x29, 0x28, 0x50, 0x3A, 0x03 ; file 1A41E4
db 0x5C, 0x2E, 0x24, 0x5E, 0x3F, 0x06, 0x3D, 0x34, 0x33, 0x69, 0x39, 0x23, 0x67, 0x38, 0x30, 0x45 ; file 1A41F4
db 0x3C, 0x3A, 0x4A, 0x44, 0x42, 0x55, 0x4B, 0x47, 0x5A, 0x53, 0x50, 0x78, 0x62, 0x36, 0x62, 0x60 ; file 1A4204
db 0x5E, 0x7D, 0x63, 0x57, 0x6E, 0x6E, 0x6D, 0x7A, 0x7E, 0x7E, 0x88, 0x87, 0x84, 0xA3, 0x9D, 0x7D ; file 1A4214
db 0x94, 0x98, 0x98, 0xA0, 0xA7, 0xA7, 0xAF, 0xB6, 0xB6, 0xC1, 0xC9, 0xC8, 0xCC, 0xD5, 0xD4, 0xD7 ; file 1A4224
db 0xE0, 0xDF, 0xF9, 0xFD, 0xFD, 0x03, 0x01, 0x00 ; file 1A4234
