; Resource 'T7GM', ID 20000; name 'lut'; payload 65536 bytes
; MacBinary file offsets 1A9EE7–1B9EEA (inclusive).
; Linear CODE decoding is provisional: embedded data can decode as instructions.
db 0x00, 0x01, 0x00, 0x00, 0x5D, 0x84, 0x26, 0x83, 0x2B, 0x84, 0x92, 0x92, 0x89, 0x84, 0x89, 0x92 ; file 1A9EE7
db 0x88, 0x92, 0x92, 0x92, 0x26, 0x83, 0x26, 0x83, 0x26, 0x83, 0x26, 0x83, 0x89, 0x83, 0x26, 0x83 ; file 1A9EF7
db 0x88, 0x92, 0x92, 0x92, 0x5D, 0x84, 0x2E, 0x9A, 0x25, 0x84, 0xBA, 0x82, 0x89, 0x84, 0x89, 0x92 ; file 1A9F07
db 0x88, 0x92, 0x92, 0x92, 0x2E, 0x9A, 0x2E, 0x9A, 0x25, 0x82, 0x2E, 0x82, 0x89, 0x9A, 0x2E, 0x9A ; file 1A9F17
db 0x88, 0x82, 0x2E, 0x82, 0x5D, 0x84, 0x2A, 0x83, 0x37, 0x84, 0xBA, 0x92, 0x89, 0x84, 0x89, 0x92 ; file 1A9F27
db 0x9C, 0x92, 0x87, 0x92, 0x26, 0x83, 0x26, 0x83, 0x37, 0x83, 0xBA, 0x83, 0x89, 0x83, 0x26, 0x83 ; file 1A9F37
db 0x9C, 0x91, 0x87, 0x91, 0xBA, 0x84, 0xBA, 0x9A, 0xBA, 0xBA, 0xBA, 0xBA, 0x89, 0x84, 0xBA, 0x91 ; file 1A9F47
db 0x9C, 0x91, 0xBA, 0x91, 0x5C, 0x9A, 0x2E, 0x9A, 0xBA, 0x82, 0xBA, 0x82, 0x40, 0x91, 0x2E, 0x91 ; file 1A9F57
db 0x91, 0x91, 0x91, 0x91, 0x2B, 0x84, 0x26, 0x83, 0x2B, 0x2B, 0x2B, 0x92, 0x88, 0x84, 0x88, 0x92 ; file 1A9F67
db 0x88, 0x88, 0x88, 0x92, 0x26, 0x83, 0x26, 0x83, 0x2B, 0x2B, 0x26, 0x83, 0x88, 0x83, 0x26, 0x83 ; file 1A9F77
db 0x88, 0x88, 0x88, 0x91, 0x2B, 0x84, 0x2E, 0x9A, 0x2B, 0x2B, 0xBA, 0x82, 0x88, 0x84, 0x88, 0x91 ; file 1A9F87
db 0x88, 0x88, 0x88, 0x91, 0x5C, 0x9A, 0x2E, 0x9A, 0x2B, 0x82, 0x2E, 0x82, 0x40, 0x91, 0x2E, 0x91 ; file 1A9F97
db 0x88, 0x91, 0x91, 0x91, 0x37, 0x84, 0x2A, 0x83, 0x37, 0x37, 0x37, 0x37, 0x9C, 0x9C, 0x87, 0x87 ; file 1A9FA7
db 0x9C, 0x9C, 0x87, 0x87, 0x5C, 0x41, 0x26, 0x83, 0x37, 0x37, 0x37, 0x91, 0x9C, 0x91, 0x87, 0x91 ; file 1A9FB7
db 0x9C, 0x91, 0x87, 0x91, 0x5C, 0x41, 0xBA, 0x91, 0x37, 0x37, 0xBA, 0x91, 0x9C, 0x91, 0x87, 0x91 ; file 1A9FC7
db 0x9C, 0x91, 0x87, 0x91, 0x5C, 0x41, 0x5C, 0x91, 0x5C, 0x91, 0x91, 0x91, 0x40, 0x91, 0x91, 0x91 ; file 1A9FD7
db 0x91, 0x91, 0x91, 0x91, 0x27, 0x84, 0x26, 0x83, 0x25, 0x84, 0x25, 0x82, 0x89, 0x84, 0x89, 0x92 ; file 1A9FE7
db 0x88, 0x92, 0x92, 0x92, 0xB9, 0x13, 0x26, 0x83, 0x25, 0x82, 0x82, 0x82, 0x89, 0x13, 0x26, 0x83 ; file 1A9FF7
db 0x88, 0x2F, 0x2F, 0x2F, 0x25, 0x84, 0x25, 0x82, 0x25, 0x25, 0x25, 0x82, 0x89, 0x84, 0x89, 0x82 ; file 1AA007
db 0x25, 0x25, 0x25, 0x82, 0xB9, 0x82, 0x2E, 0x82, 0x25, 0x82, 0x82, 0x82, 0xB9, 0x82, 0x2E, 0x82 ; file 1AA017
db 0x25, 0x82, 0x82, 0x82, 0x27, 0x84, 0x2A, 0x83, 0x25, 0x84, 0xBA, 0x82, 0x89, 0x84, 0x89, 0x92 ; file 1AA027
db 0x9C, 0x92, 0x87, 0x92, 0xB9, 0x13, 0x26, 0x83, 0x25, 0x82, 0x82, 0x82, 0x40, 0x13, 0x26, 0x83 ; file 1AA037
db 0x9C, 0x2F, 0x2F, 0x2F, 0x25, 0x84, 0xBA, 0x82, 0x25, 0x25, 0xBA, 0x82, 0x40, 0x40, 0xBA, 0x81 ; file 1AA047
db 0x0C, 0x0C, 0xBA, 0x81, 0xB9, 0x82, 0x2E, 0x82, 0x25, 0x82, 0x82, 0x82, 0x40, 0x40, 0x40, 0x81 ; file 1AA057
db 0x40, 0x81, 0x81, 0x81, 0x27, 0x84, 0x26, 0x83, 0x2B, 0x2B, 0x2B, 0x82, 0x88, 0x84, 0x88, 0x92 ; file 1AA067
db 0x88, 0x88, 0x88, 0x92, 0xB9, 0x13, 0x26, 0x83, 0x2B, 0x82, 0x82, 0x82, 0x40, 0x96, 0x26, 0x42 ; file 1AA077
db 0x88, 0x88, 0x88, 0x2F, 0x25, 0x84, 0x25, 0x82, 0x25, 0x25, 0x25, 0x82, 0x40, 0x40, 0x40, 0x42 ; file 1AA087
db 0x88, 0x88, 0x88, 0x82, 0xB9, 0x82, 0x2E, 0x82, 0x25, 0x82, 0x82, 0x82, 0x40, 0x40, 0x40, 0x42 ; file 1AA097
db 0x40, 0x82, 0x82, 0x82, 0x37, 0x84, 0x2A, 0x83, 0x37, 0x37, 0x37, 0x37, 0x9C, 0x9C, 0x87, 0x87 ; file 1AA0A7
db 0x9C, 0x9C, 0x87, 0x87, 0x40, 0x13, 0x26, 0x83, 0x37, 0x37, 0x37, 0x82, 0x40, 0x40, 0x40, 0x91 ; file 1AA0B7
db 0x9C, 0x91, 0x87, 0x91, 0x40, 0x40, 0xBA, 0x82, 0x25, 0x25, 0xBA, 0x82, 0x40, 0x40, 0x40, 0x91 ; file 1AA0C7
db 0x9C, 0x91, 0x87, 0x91, 0x40, 0x40, 0x40, 0x82, 0x40, 0x82, 0x82, 0x82, 0x40, 0x40, 0x40, 0x91 ; file 1AA0D7
db 0x40, 0x91, 0x91, 0x91, 0x5D, 0x84, 0x26, 0x83, 0x2B, 0x84, 0x92, 0x92, 0x89, 0x84, 0x89, 0x92 ; file 1AA0E7
db 0x88, 0x92, 0x92, 0x92, 0x28, 0x83, 0x26, 0x83, 0x28, 0x83, 0x26, 0x83, 0x89, 0x83, 0x26, 0x83 ; file 1AA0F7
db 0x88, 0x92, 0x92, 0x92, 0xB9, 0x84, 0x3D, 0x9A, 0x25, 0x84, 0xBA, 0x82, 0x89, 0x84, 0x3D, 0x92 ; file 1AA107
db 0x88, 0x92, 0x92, 0x92, 0xB9, 0x9A, 0x2E, 0x9A, 0xB9, 0x82, 0x2E, 0x82, 0xB9, 0x9A, 0x2E, 0x9A ; file 1AA117
db 0xB9, 0x81, 0x2E, 0x81, 0x24, 0x84, 0x2A, 0x83, 0x2D, 0x84, 0xBA, 0x92, 0x24, 0x24, 0x24, 0x92 ; file 1AA127
db 0x9C, 0x92, 0x87, 0x92, 0x28, 0x83, 0x26, 0x83, 0x28, 0x83, 0xBA, 0x83, 0x24, 0x24, 0x24, 0x83 ; file 1AA137
db 0x9C, 0x81, 0x81, 0x81, 0x30, 0x84, 0xBA, 0x9A, 0xBA, 0xBA, 0xBA, 0xBA, 0x24, 0x24, 0xBA, 0x49 ; file 1AA147
db 0x0C, 0x49, 0xBA, 0x49, 0xB9, 0x9A, 0x2E, 0x9A, 0xB9, 0xAC, 0xBA, 0xAC, 0xB9, 0x81, 0x2E, 0x81 ; file 1AA157
db 0x0C, 0x81, 0x81, 0x81, 0x2B, 0x84, 0x26, 0x83, 0x2B, 0x2B, 0x2B, 0x92, 0x88, 0x84, 0x88, 0x92 ; file 1AA167
db 0x88, 0x88, 0x88, 0x92, 0x28, 0x83, 0x26, 0x83, 0x2B, 0x2B, 0x26, 0x83, 0x88, 0x83, 0x26, 0x83 ; file 1AA177
db 0x88, 0x88, 0x88, 0x91, 0x30, 0x84, 0x3D, 0x9A, 0x2B, 0x2B, 0xBA, 0x82, 0x88, 0x84, 0xD3, 0x91 ; file 1AA187
db 0x88, 0x88, 0x88, 0x91, 0xB9, 0x9A, 0x2E, 0x9A, 0xB9, 0x82, 0x2E, 0x82, 0xB9, 0x91, 0x2E, 0x91 ; file 1AA197
db 0x88, 0x91, 0x91, 0x91, 0x30, 0x84, 0x2A, 0x83, 0x37, 0x37, 0x37, 0x37, 0x9C, 0x9C, 0x87, 0x87 ; file 1AA1A7
db 0x9C, 0x9C, 0x87, 0x87, 0x5C, 0x41, 0x26, 0x83, 0x37, 0x37, 0x37, 0x91, 0x9C, 0x91, 0x87, 0x91 ; file 1AA1B7
db 0x9C, 0x91, 0x87, 0x91, 0x30, 0x30, 0x30, 0x30, 0x30, 0x30, 0xBA, 0x91, 0x30, 0x30, 0xB5, 0x91 ; file 1AA1C7
db 0x9C, 0x91, 0xB5, 0x91, 0x5C, 0x41, 0x5C, 0x91, 0x5C, 0x91, 0x91, 0x91, 0x40, 0x91, 0x91, 0x91 ; file 1AA1D7
db 0x91, 0x91, 0x91, 0x91, 0x34, 0x84, 0x34, 0x83, 0x25, 0x84, 0xD9, 0x82, 0x89, 0x84, 0x89, 0x92 ; file 1AA1E7
db 0x88, 0x92, 0x92, 0x92, 0xB9, 0xB9, 0xB9, 0x83, 0xB9, 0x82, 0x82, 0x82, 0xB9, 0xB9, 0xB9, 0x83 ; file 1AA1F7
db 0xB9, 0x2F, 0x2F, 0x2F, 0xB9, 0xB9, 0xB9, 0x82, 0x25, 0x25, 0xD9, 0x82, 0xB9, 0xB9, 0xB9, 0x81 ; file 1AA207
db 0x0C, 0x0C, 0xD9, 0x81, 0xB9, 0xB9, 0xB9, 0x82, 0xB9, 0x82, 0x82, 0x82, 0xB9, 0xB9, 0xB9, 0x81 ; file 1AA217
db 0xB9, 0x81, 0x81, 0x81, 0x2D, 0x84, 0x2A, 0x83, 0x2D, 0x2D, 0x2D, 0xAC, 0x24, 0x24, 0x24, 0x81 ; file 1AA227
db 0x0C, 0x0C, 0x0C, 0x81, 0xB9, 0xB9, 0xB9, 0x83, 0x2D, 0xAC, 0x1B, 0xAC, 0xB9, 0x81, 0x81, 0x81 ; file 1AA237
db 0x0C, 0x81, 0x81, 0x81, 0xB9, 0xB9, 0xB9, 0xAC, 0x0C, 0xAC, 0xBA, 0xAC, 0x0C, 0x0C, 0x0C, 0x81 ; file 1AA247
db 0x0C, 0x0C, 0x0C, 0x81, 0xB9, 0xB9, 0xB9, 0xAC, 0xB9, 0xAC, 0x1B, 0xAC, 0xB9, 0x81, 0x81, 0x81 ; file 1AA257
db 0x0C, 0x81, 0x81, 0x81, 0x34, 0x84, 0x34, 0x83, 0x2B, 0x2B, 0x2B, 0x82, 0x45, 0x45, 0x45, 0x92 ; file 1AA267
db 0x88, 0x88, 0x88, 0x92, 0xB9, 0xB9, 0xB9, 0x83, 0xB9, 0x82, 0x82, 0x82, 0xB9, 0x96, 0xB9, 0x42 ; file 1AA277
db 0x88, 0x88, 0x88, 0x2F, 0xB9, 0xB9, 0xB9, 0x82, 0x25, 0x25, 0xD9, 0x82, 0xB9, 0xB9, 0xB9, 0x42 ; file 1AA287
db 0x88, 0x88, 0x88, 0x81, 0xB9, 0xB9, 0xB9, 0x82, 0xB9, 0x82, 0x82, 0x82, 0xB9, 0xB9, 0xB9, 0x42 ; file 1AA297
db 0xB9, 0x81, 0x81, 0x81, 0x2D, 0x46, 0x2A, 0x46, 0x2D, 0x2D, 0x2D, 0xAC, 0x9C, 0x9C, 0x87, 0x81 ; file 1AA2A7
db 0x9C, 0x9C, 0x87, 0x81, 0xB9, 0x46, 0xB9, 0x46, 0x2D, 0x46, 0x1B, 0xAC, 0x40, 0x40, 0x40, 0x81 ; file 1AA2B7
db 0x9C, 0x81, 0x81, 0x81, 0x30, 0x46, 0x30, 0x46, 0x0C, 0x46, 0xBA, 0xAC, 0x40, 0x40, 0x40, 0x81 ; file 1AA2C7
db 0x0C, 0x0C, 0xB5, 0x81, 0xB9, 0x46, 0xB9, 0x46, 0xB9, 0x46, 0x1B, 0xAC, 0x40, 0x40, 0x40, 0x81 ; file 1AA2D7
db 0x40, 0x81, 0x81, 0x81, 0x5D, 0x84, 0x26, 0x83, 0x2B, 0x84, 0x92, 0x92, 0x89, 0x84, 0x89, 0x92 ; file 1AA2E7
db 0x88, 0x92, 0x92, 0x92, 0x26, 0x83, 0x26, 0x83, 0x26, 0x83, 0x26, 0x83, 0x89, 0x83, 0x26, 0x83 ; file 1AA2F7
db 0x88, 0x92, 0x92, 0x92, 0x29, 0x29, 0x2E, 0x9A, 0x25, 0x29, 0xBA, 0x82, 0x89, 0x29, 0x89, 0x92 ; file 1AA307
db 0x88, 0x92, 0x92, 0x92, 0x2E, 0x9A, 0x2E, 0x9A, 0x25, 0x82, 0x2E, 0x82, 0x89, 0x9A, 0x2E, 0x9A ; file 1AA317
db 0x88, 0x82, 0x2E, 0x82, 0xB8, 0x84, 0x2A, 0x83, 0x3C, 0x3C, 0xBA, 0x92, 0x89, 0x84, 0x89, 0x92 ; file 1AA327
db 0x9C, 0x92, 0x87, 0x92, 0x33, 0x83, 0x26, 0x83, 0x3C, 0x3C, 0xBA, 0x83, 0x89, 0x43, 0x26, 0x83 ; file 1AA337
db 0x9C, 0x43, 0x87, 0x91, 0x33, 0x29, 0xBA, 0x0F, 0xBA, 0xBA, 0xBA, 0xBA, 0x89, 0x29, 0xBA, 0x0F ; file 1AA347
db 0x9C, 0x86, 0xBA, 0x86, 0x33, 0x33, 0x2E, 0x9A, 0x33, 0xAC, 0xBA, 0xAC, 0x33, 0x33, 0x2E, 0x91 ; file 1AA357
db 0x33, 0x91, 0x91, 0x91, 0x23, 0x84, 0x23, 0x83, 0x2B, 0x2B, 0x2B, 0x92, 0x88, 0x84, 0x88, 0x92 ; file 1AA367
db 0x88, 0x88, 0x88, 0x92, 0x23, 0x83, 0x26, 0x83, 0x2B, 0x2B, 0x26, 0x83, 0x88, 0x52, 0x26, 0x83 ; file 1AA377
db 0x88, 0x43, 0x88, 0x91, 0x23, 0x29, 0x23, 0x9A, 0x2B, 0x29, 0xBA, 0x82, 0x88, 0x29, 0x88, 0x86 ; file 1AA387
db 0x88, 0x88, 0x88, 0x86, 0x5C, 0x9A, 0x2E, 0x9A, 0x2B, 0x82, 0x2E, 0x82, 0x40, 0x52, 0x2E, 0x91 ; file 1AA397
db 0x88, 0x91, 0x91, 0x91, 0xB8, 0xB8, 0xB8, 0xB8, 0x37, 0x37, 0x37, 0x50, 0x9C, 0x57, 0x87, 0x50 ; file 1AA3A7
db 0x9C, 0x9C, 0x87, 0x50, 0xB8, 0xB8, 0xB8, 0x83, 0x37, 0x43, 0x37, 0x91, 0x9C, 0x43, 0x87, 0x91 ; file 1AA3B7
db 0x9C, 0x43, 0x87, 0x91, 0xB8, 0xB8, 0xB8, 0x0F, 0x37, 0x37, 0xBA, 0x86, 0x9C, 0x57, 0xB5, 0x86 ; file 1AA3C7
db 0x9C, 0x86, 0xB5, 0x86, 0x5C, 0x41, 0x5C, 0x91, 0x5C, 0x91, 0x91, 0x91, 0x40, 0x91, 0x91, 0x91 ; file 1AA3D7
db 0x91, 0x91, 0x91, 0x91, 0x27, 0x84, 0x26, 0x83, 0x25, 0x84, 0x25, 0x82, 0x89, 0x84, 0x89, 0x92 ; file 1AA3E7
db 0x88, 0x92, 0x92, 0x92, 0xB9, 0x13, 0x26, 0x83, 0x25, 0x82, 0x82, 0x82, 0x89, 0x13, 0x26, 0x83 ; file 1AA3F7
db 0xCE, 0x2F, 0x2F, 0x2F, 0x25, 0x29, 0x25, 0x82, 0x25, 0x25, 0x25, 0x82, 0x89, 0x29, 0x89, 0x82 ; file 1AA407
db 0x25, 0x25, 0x25, 0x82, 0xB9, 0x82, 0x2E, 0x82, 0x25, 0x82, 0x82, 0x82, 0xB9, 0x82, 0x2E, 0x82 ; file 1AA417
db 0x25, 0x82, 0x82, 0x82, 0x2D, 0x84, 0x2A, 0x83, 0x2D, 0x2D, 0x2D, 0xAC, 0x89, 0x84, 0x89, 0x92 ; file 1AA427
db 0x2D, 0x2D, 0x2D, 0x92, 0x2D, 0x13, 0x1B, 0x83, 0x2D, 0x53, 0x1B, 0xAC, 0x40, 0x13, 0x1B, 0x83 ; file 1AA437
db 0x2D, 0x43, 0x1B, 0xAC, 0x25, 0x29, 0xBA, 0xAC, 0x25, 0xAC, 0xBA, 0xAC, 0x40, 0x29, 0xBA, 0xAC ; file 1AA447
db 0x0C, 0xAC, 0xBA, 0xAC, 0x33, 0xAC, 0x1B, 0xAC, 0x1B, 0xAC, 0x1B, 0xAC, 0x40, 0x40, 0x1B, 0xAC ; file 1AA457
db 0x1B, 0xAC, 0x1B, 0xAC, 0x23, 0x84, 0x23, 0x83, 0x2B, 0x2B, 0x2B, 0x82, 0x45, 0x45, 0x45, 0x92 ; file 1AA467
db 0x88, 0x88, 0x88, 0x92, 0x23, 0x13, 0x26, 0x83, 0x2B, 0x82, 0x82, 0x82, 0xCC, 0x52, 0xCC, 0x42 ; file 1AA477
db 0x88, 0x43, 0x88, 0x2F, 0x23, 0x29, 0x23, 0x82, 0x25, 0x25, 0x25, 0x82, 0x40, 0x29, 0x40, 0x42 ; file 1AA487
db 0x88, 0x88, 0x88, 0x82, 0xB9, 0x82, 0x2E, 0x82, 0x25, 0x82, 0x82, 0x82, 0x40, 0x40, 0x40, 0x42 ; file 1AA497
db 0x40, 0x82, 0x82, 0x82, 0xB8, 0xB8, 0xB8, 0xB8, 0x2D, 0x2D, 0x2D, 0x50, 0x9C, 0x57, 0x87, 0x50 ; file 1AA4A7
db 0x9C, 0x9C, 0x87, 0x50, 0xB8, 0xB8, 0xB8, 0x83, 0x2D, 0x43, 0x1B, 0xAC, 0x40, 0x40, 0x40, 0x90 ; file 1AA4B7
db 0x9C, 0x43, 0x87, 0x90, 0xB8, 0xB8, 0xB8, 0xAC, 0x25, 0xAC, 0xBA, 0xAC, 0x40, 0x40, 0x40, 0x86 ; file 1AA4C7
db 0x4A, 0x4A, 0xB5, 0x86, 0x18, 0x18, 0x18, 0xAC, 0x18, 0xAC, 0x1B, 0xAC, 0x40, 0x40, 0x40, 0x90 ; file 1AA4D7
db 0x40, 0x90, 0x90, 0x90, 0xBB, 0x84, 0x36, 0x83, 0x2D, 0x84, 0x2D, 0x92, 0x89, 0x84, 0x89, 0x92 ; file 1AA4E7
db 0x88, 0x92, 0x92, 0x92, 0x28, 0x83, 0x26, 0x83, 0x28, 0x83, 0x1B, 0x83, 0x89, 0x83, 0x26, 0x83 ; file 1AA4F7
db 0xCE, 0x92, 0x92, 0x92, 0x36, 0x29, 0x36, 0x36, 0x25, 0x29, 0x36, 0xAC, 0x89, 0x29, 0x36, 0x36 ; file 1AA507
db 0x88, 0x92, 0xB5, 0x92, 0xB9, 0x0E, 0x2E, 0x9A, 0xB9, 0xAC, 0x1B, 0xAC, 0xB9, 0x0E, 0x2E, 0x9A ; file 1AA517
db 0xB9, 0xAC, 0x1B, 0xAC, 0x2D, 0x84, 0x2A, 0x83, 0x2D, 0x2D, 0x2D, 0xAC, 0x24, 0x24, 0x24, 0x92 ; file 1AA527
db 0x2D, 0x2D, 0xB5, 0x92, 0x28, 0x83, 0x1B, 0x83, 0x2D, 0xAC, 0x1B, 0xAC, 0x24, 0x24, 0x1B, 0x83 ; file 1AA537
db 0x2D, 0x43, 0x1B, 0xAC, 0x2D, 0x29, 0x36, 0xAC, 0x2D, 0xAC, 0xBA, 0xAC, 0x24, 0x24, 0xB5, 0x49 ; file 1AA547
db 0xB5, 0x49, 0xB5, 0x49, 0x33, 0xAC, 0x1B, 0xAC, 0x1B, 0xAC, 0x1B, 0xAC, 0x33, 0xAC, 0x1B, 0xAC ; file 1AA557
db 0x1B, 0xAC, 0x1B, 0xAC, 0x23, 0x84, 0x23, 0x83, 0x2B, 0x2B, 0x1D, 0x92, 0x45, 0x45, 0x45, 0x92 ; file 1AA567
db 0x88, 0x88, 0x88, 0x92, 0x23, 0x83, 0x26, 0x83, 0x2B, 0x2B, 0x1B, 0x83, 0x45, 0x52, 0x26, 0x83 ; file 1AA577
db 0x88, 0x43, 0x88, 0x90, 0x23, 0x29, 0x36, 0x36, 0x1D, 0x1D, 0x1D, 0x1D, 0x45, 0x29, 0xB5, 0xB5 ; file 1AA587
db 0x88, 0x88, 0xB5, 0xB5, 0xB9, 0x0E, 0x2E, 0x9A, 0xB9, 0xAC, 0x1B, 0xAC, 0xB9, 0x0E, 0xB5, 0x90 ; file 1AA597
db 0x88, 0x90, 0xB5, 0x90, 0xB8, 0xB8, 0xB8, 0xB8, 0x2D, 0x2D, 0x1D, 0x1D, 0x0B, 0x0B, 0xB5, 0x50 ; file 1AA5A7
db 0x9C, 0x9C, 0xB5, 0x50, 0xB8, 0xB8, 0xB8, 0x83, 0x2D, 0x43, 0x1B, 0xAC, 0x0B, 0x43, 0xB5, 0x90 ; file 1AA5B7
db 0x9C, 0x43, 0xB5, 0x90, 0x30, 0x30, 0x1D, 0x1D, 0x1D, 0x1D, 0x1D, 0x1D, 0xB5, 0xB5, 0xB5, 0xB5 ; file 1AA5C7
db 0xB5, 0xB5, 0xB5, 0xB5, 0x18, 0x18, 0x18, 0xAC, 0x18, 0xAC, 0x1B, 0xAC, 0x18, 0x90, 0xB5, 0x90 ; file 1AA5D7
db 0xB5, 0x90, 0xB5, 0x90, 0x5B, 0x5B, 0x5B, 0x44, 0x2D, 0x2D, 0x2D, 0x44, 0x45, 0x44, 0x44, 0x44 ; file 1AA5E7
db 0x2D, 0x44, 0x44, 0x44, 0xB9, 0xB9, 0xB9, 0x83, 0x2D, 0xAC, 0x1B, 0xAC, 0xB9, 0xB9, 0xB9, 0x44 ; file 1AA5F7
db 0xCE, 0xCE, 0xCE, 0x44, 0xB9, 0xB9, 0x36, 0xAC, 0x25, 0xAC, 0x1B, 0xAC, 0xB9, 0xB9, 0x36, 0x44 ; file 1AA607
db 0x0C, 0x44, 0x1B, 0x44, 0xB9, 0xB9, 0xB9, 0xAC, 0xB9, 0xAC, 0x1B, 0xAC, 0xB9, 0xB9, 0xB9, 0xAC ; file 1AA617
db 0xB9, 0xAC, 0x1B, 0xAC, 0x2D, 0x2D, 0x2D, 0xAC, 0x2D, 0x2D, 0x2D, 0xAC, 0x2D, 0x2D, 0x2D, 0x44 ; file 1AA627
db 0x2D, 0x2D, 0x2D, 0x44, 0x2D, 0xAC, 0x1B, 0xAC, 0x2D, 0xAC, 0x1B, 0xAC, 0x2D, 0xAC, 0x1B, 0xAC ; file 1AA637
db 0x2D, 0xAC, 0x1B, 0xAC, 0x2D, 0xAC, 0x1B, 0xAC, 0x2D, 0xAC, 0x1B, 0xAC, 0x0C, 0xAC, 0x1B, 0xAC ; file 1AA647
db 0x0C, 0xAC, 0x1B, 0xAC, 0xB9, 0xAC, 0x1B, 0xAC, 0x1B, 0xAC, 0x1B, 0xAC, 0xB9, 0xAC, 0x1B, 0xAC ; file 1AA657
db 0x1B, 0xAC, 0x1B, 0xAC, 0x45, 0x45, 0x45, 0x44, 0x2D, 0x2D, 0x2D, 0x44, 0x45, 0x45, 0x45, 0x44 ; file 1AA667
db 0x45, 0x44, 0x44, 0x44, 0xB9, 0xB9, 0xB9, 0x83, 0x2D, 0xAC, 0x1B, 0xAC, 0x45, 0x45, 0x45, 0x90 ; file 1AA677
db 0xCE, 0x90, 0x90, 0x90, 0xB9, 0xB9, 0x36, 0xAC, 0x25, 0xAC, 0x1B, 0xAC, 0x45, 0x45, 0x45, 0x90 ; file 1AA687
db 0x4A, 0x4A, 0xB5, 0x90, 0xB9, 0xB9, 0xB9, 0xAC, 0xB9, 0xAC, 0x1B, 0xAC, 0xB9, 0x90, 0x90, 0x90 ; file 1AA697
db 0x4A, 0x90, 0x90, 0x90, 0x2D, 0x2D, 0x2D, 0xAC, 0x2D, 0x2D, 0x2D, 0xAC, 0x45, 0x45, 0x45, 0x90 ; file 1AA6A7
db 0x2D, 0x2D, 0xB5, 0x90, 0x18, 0x18, 0x18, 0xAC, 0x2D, 0xAC, 0x1B, 0xAC, 0x18, 0x90, 0x90, 0x90 ; file 1AA6B7
db 0x2D, 0x90, 0x90, 0x90, 0x18, 0x18, 0x18, 0xAC, 0x2D, 0xAC, 0x1B, 0xAC, 0x4A, 0x4A, 0xB5, 0x90 ; file 1AA6C7
db 0x4A, 0x4A, 0xB5, 0x90, 0x18, 0x18, 0x18, 0xAC, 0x18, 0xAC, 0x1B, 0xAC, 0x18, 0x90, 0x90, 0x90 ; file 1AA6D7
db 0x4A, 0x90, 0x90, 0x90, 0x22, 0x84, 0x2A, 0x83, 0x22, 0x84, 0x2A, 0x92, 0x89, 0x84, 0x89, 0x92 ; file 1AA6E7
db 0x88, 0x92, 0x87, 0x92, 0x22, 0x83, 0x26, 0x83, 0x22, 0x83, 0x26, 0x83, 0x89, 0x83, 0x26, 0x83 ; file 1AA6F7
db 0x88, 0x92, 0x87, 0x92, 0x22, 0x84, 0x2A, 0x9A, 0x25, 0x84, 0xBA, 0x82, 0x89, 0x84, 0x89, 0x92 ; file 1AA707
db 0x88, 0x92, 0x87, 0x92, 0x2E, 0x9A, 0x2E, 0x9A, 0x25, 0x82, 0x2E, 0x82, 0x89, 0x9A, 0x2E, 0x9A ; file 1AA717
db 0x88, 0x82, 0x2E, 0x82, 0x2A, 0x84, 0x2A, 0x2A, 0x2A, 0x84, 0x2A, 0x2A, 0x89, 0x84, 0x2A, 0x2A ; file 1AA727
db 0x87, 0x87, 0x87, 0x87, 0x2A, 0x41, 0x2A, 0x83, 0x2A, 0x41, 0x2A, 0x83, 0x89, 0x41, 0x2A, 0x83 ; file 1AA737
db 0x87, 0x43, 0x87, 0x87, 0x2A, 0x41, 0x2A, 0x0F, 0xBA, 0xBA, 0xBA, 0xBA, 0x89, 0x41, 0x2A, 0x0F ; file 1AA747
db 0x87, 0x86, 0x87, 0x86, 0x41, 0x41, 0x2A, 0x9A, 0xBA, 0x41, 0xBA, 0x82, 0x40, 0x41, 0x2A, 0x91 ; file 1AA757
db 0x87, 0x91, 0x87, 0x91, 0x95, 0x84, 0x2A, 0x83, 0x2B, 0x2B, 0x87, 0x32, 0x95, 0x95, 0x87, 0x32 ; file 1AA767
db 0x88, 0x88, 0x87, 0x32, 0x95, 0x41, 0x26, 0x83, 0x2B, 0x2B, 0x87, 0x83, 0x95, 0x52, 0x87, 0x42 ; file 1AA777
db 0x88, 0x43, 0x87, 0x32, 0x95, 0x41, 0x2A, 0x9A, 0x2B, 0x2B, 0x87, 0x32, 0x95, 0x95, 0x87, 0x42 ; file 1AA787
db 0x88, 0x88, 0x87, 0x32, 0x41, 0x41, 0x2E, 0x9A, 0x2B, 0x41, 0x2E, 0x82, 0x95, 0x41, 0x42, 0x42 ; file 1AA797
db 0x88, 0x91, 0x87, 0x91, 0xB8, 0xB8, 0x2A, 0x2A, 0x37, 0x37, 0x87, 0x87, 0x87, 0x87, 0x87, 0x87 ; file 1AA7A7
db 0x87, 0x87, 0x87, 0x87, 0xB8, 0x41, 0x2A, 0x41, 0x37, 0x41, 0x87, 0x87, 0x87, 0x41, 0x87, 0x87 ; file 1AA7B7
db 0x87, 0x43, 0x87, 0x87, 0xB8, 0x41, 0x2A, 0x41, 0x37, 0x41, 0x87, 0x86, 0x87, 0x41, 0x87, 0x86 ; file 1AA7C7
db 0x87, 0x86, 0x87, 0x86, 0x41, 0x41, 0x41, 0x41, 0x41, 0x41, 0x87, 0x91, 0x40, 0x41, 0x87, 0x91 ; file 1AA7D7
db 0x87, 0x91, 0x87, 0x91, 0x22, 0x84, 0x2A, 0x83, 0x25, 0x84, 0x25, 0x82, 0x89, 0x84, 0x89, 0x92 ; file 1AA7E7
db 0x88, 0x92, 0x87, 0x92, 0xB9, 0x13, 0x26, 0x83, 0x25, 0x82, 0x82, 0x82, 0x89, 0x96, 0x26, 0x42 ; file 1AA7F7
db 0x88, 0x2F, 0x2F, 0x2F, 0x25, 0x84, 0x25, 0x82, 0x25, 0x25, 0x25, 0x82, 0x89, 0x42, 0x42, 0x42 ; file 1AA807
db 0x25, 0x25, 0x25, 0x82, 0xB9, 0x82, 0x2E, 0x82, 0x25, 0x82, 0x82, 0x82, 0xB9, 0x42, 0x42, 0x42 ; file 1AA817
db 0x25, 0x82, 0x82, 0x82, 0x2A, 0x84, 0x2A, 0x2A, 0x25, 0x84, 0x2A, 0x2A, 0x89, 0x84, 0x2A, 0x2A ; file 1AA827
db 0x87, 0x87, 0x87, 0x87, 0x2A, 0x13, 0x2A, 0x83, 0x25, 0x82, 0x2A, 0x82, 0x40, 0x96, 0x2A, 0x42 ; file 1AA837
db 0x87, 0x43, 0x87, 0x2F, 0x25, 0x41, 0x2A, 0x0F, 0x25, 0x25, 0xBA, 0x82, 0x40, 0x40, 0x2A, 0x42 ; file 1AA847
db 0x0C, 0x0C, 0x87, 0x81, 0xB9, 0x41, 0x2A, 0x82, 0x25, 0x82, 0x82, 0x82, 0x40, 0x40, 0x40, 0x42 ; file 1AA857
db 0x40, 0x81, 0x81, 0x81, 0x95, 0x84, 0x2A, 0x42, 0x2B, 0x2B, 0x87, 0x32, 0x95, 0x95, 0x87, 0x42 ; file 1AA867
db 0x88, 0x88, 0x87, 0x32, 0x95, 0x96, 0x26, 0x42, 0x2B, 0x82, 0x82, 0x82, 0x95, 0x96, 0x42, 0x42 ; file 1AA877
db 0x88, 0x96, 0x87, 0x42, 0x25, 0x41, 0x42, 0x42, 0x25, 0x25, 0x25, 0x82, 0x95, 0x42, 0x42, 0x42 ; file 1AA887
db 0x88, 0x42, 0x87, 0x42, 0xB9, 0x41, 0x42, 0x42, 0x25, 0x82, 0x82, 0x82, 0x40, 0x42, 0x42, 0x42 ; file 1AA897
db 0x40, 0x42, 0x42, 0x42, 0xB8, 0xB8, 0x2A, 0x2A, 0x37, 0x37, 0x87, 0x87, 0x87, 0x87, 0x87, 0x87 ; file 1AA8A7
db 0x87, 0x87, 0x87, 0x87, 0xB8, 0x41, 0x2A, 0x41, 0x37, 0x41, 0x87, 0x82, 0x40, 0x96, 0x87, 0x42 ; file 1AA8B7
db 0x87, 0x43, 0x87, 0x87, 0xB8, 0x41, 0x2A, 0x41, 0x25, 0x41, 0x87, 0x82, 0x40, 0x40, 0x87, 0x42 ; file 1AA8C7
db 0x87, 0x86, 0x87, 0x86, 0x18, 0x41, 0x18, 0x41, 0x18, 0x41, 0x82, 0x82, 0x40, 0x40, 0x40, 0x42 ; file 1AA8D7
db 0x40, 0x90, 0x87, 0x90, 0x22, 0x84, 0x2A, 0x83, 0x22, 0x84, 0x2A, 0x92, 0x89, 0x84, 0x89, 0x92 ; file 1AA8E7
db 0x88, 0x92, 0x87, 0x92, 0x28, 0x83, 0x26, 0x83, 0x28, 0x83, 0x26, 0x83, 0x89, 0x83, 0x26, 0x83 ; file 1AA8F7
db 0x88, 0x92, 0x87, 0x92, 0x36, 0x84, 0x36, 0x36, 0x25, 0x84, 0x36, 0x36, 0x89, 0x84, 0x36, 0x36 ; file 1AA907
db 0x88, 0x92, 0xB5, 0x92, 0xB9, 0x9A, 0x2E, 0x9A, 0xB9, 0x82, 0xD7, 0x82, 0xB9, 0x9A, 0x2E, 0x9A ; file 1AA917
db 0xB9, 0x81, 0xB5, 0x81, 0x2A, 0x84, 0x2A, 0x2A, 0x2A, 0x84, 0x2A, 0x2A, 0x24, 0x24, 0x2A, 0x2A ; file 1AA927
db 0x87, 0x87, 0x87, 0x87, 0x28, 0x41, 0x2A, 0x83, 0x28, 0x41, 0x2A, 0x83, 0x24, 0x24, 0x2A, 0x83 ; file 1AA937
db 0x87, 0x43, 0x87, 0x81, 0x2A, 0x41, 0x2A, 0x0F, 0xBA, 0xBA, 0xBA, 0xBA, 0x24, 0x24, 0xB5, 0x49 ; file 1AA947
db 0xB5, 0x49, 0xB5, 0x49, 0xB9, 0x41, 0x2A, 0x9A, 0xB9, 0x41, 0xBA, 0xAC, 0xB9, 0x41, 0xB5, 0x81 ; file 1AA957
db 0xB5, 0x81, 0xB5, 0x81, 0x95, 0x84, 0x2A, 0x83, 0x2B, 0x2B, 0x87, 0x32, 0x95, 0x95, 0x87, 0x32 ; file 1AA967
db 0x88, 0x88, 0x87, 0x32, 0x28, 0x41, 0x26, 0x83, 0x2B, 0x2B, 0x87, 0x83, 0x95, 0x52, 0x87, 0x42 ; file 1AA977
db 0x88, 0x43, 0x87, 0x32, 0x30, 0x41, 0x36, 0x36, 0x1D, 0x1D, 0x1D, 0x1D, 0x95, 0x95, 0xD3, 0xD3 ; file 1AA987
db 0x88, 0x88, 0xB5, 0xB5, 0xB9, 0x41, 0x2E, 0x9A, 0xB9, 0x41, 0x1D, 0x82, 0x95, 0x41, 0xD3, 0x42 ; file 1AA997
db 0x88, 0x90, 0xB5, 0x90, 0xB8, 0xB8, 0x2A, 0x2A, 0x37, 0x37, 0x87, 0x87, 0x87, 0x87, 0x87, 0x87 ; file 1AA9A7
db 0x87, 0x87, 0x87, 0x87, 0xB8, 0x41, 0x2A, 0x41, 0x37, 0x41, 0x87, 0x87, 0x87, 0x41, 0x87, 0x87 ; file 1AA9B7
db 0x87, 0x43, 0x87, 0x87, 0x30, 0x41, 0x1D, 0x1D, 0x1D, 0x1D, 0x1D, 0x1D, 0xB5, 0x41, 0xB5, 0xB5 ; file 1AA9C7
db 0xB5, 0xB5, 0xB5, 0xB5, 0x18, 0x41, 0x18, 0x41, 0x18, 0x41, 0x1D, 0x90, 0x18, 0x41, 0xB5, 0x90 ; file 1AA9D7
db 0xB5, 0x90, 0xB5, 0x90, 0x5B, 0x5B, 0x5B, 0x44, 0x5B, 0x44, 0x44, 0x44, 0x45, 0x44, 0x44, 0x44 ; file 1AA9E7
db 0x44, 0x44, 0x44, 0x44, 0xB9, 0xB9, 0xB9, 0x83, 0xB9, 0x82, 0xD7, 0x82, 0xB9, 0x96, 0xB9, 0x42 ; file 1AA9F7
db 0xB9, 0x44, 0x44, 0x44, 0xB9, 0xB9, 0x36, 0x36, 0x25, 0x25, 0xD7, 0x82, 0xB9, 0xB9, 0x36, 0x42 ; file 1AAA07
db 0x0C, 0x44, 0x44, 0x44, 0xB9, 0xB9, 0xB9, 0x82, 0xB9, 0x82, 0xD7, 0x82, 0xB9, 0xB9, 0xB9, 0x42 ; file 1AAA17
db 0xB9, 0x81, 0xD7, 0x81, 0x5B, 0x5B, 0x2A, 0x2A, 0x2D, 0x2D, 0x2A, 0x44, 0x24, 0x24, 0x2A, 0x44 ; file 1AAA27
db 0x0C, 0x44, 0x87, 0x44, 0xB9, 0xB9, 0x2A, 0x83, 0x2D, 0xAC, 0x1B, 0xAC, 0xB9, 0x81, 0x2A, 0x81 ; file 1AAA37
db 0x0C, 0x81, 0x81, 0x81, 0xB9, 0xB9, 0x2A, 0xAC, 0x0C, 0xAC, 0xBA, 0xAC, 0x0C, 0x0C, 0xB5, 0x81 ; file 1AAA47
db 0x0C, 0x0C, 0xB5, 0x81, 0xB9, 0xB9, 0xB9, 0xAC, 0xB9, 0xAC, 0x1B, 0xAC, 0xB9, 0x81, 0x81, 0x81 ; file 1AAA57
db 0x0C, 0x81, 0x81, 0x81, 0x45, 0x45, 0x45, 0x42, 0x2B, 0x2B, 0x87, 0x44, 0x45, 0x45, 0x45, 0x42 ; file 1AAA67
db 0x45, 0x44, 0x87, 0x44, 0xB9, 0x96, 0xB9, 0x42, 0xB9, 0x82, 0xD7, 0x82, 0x45, 0x96, 0x42, 0x42 ; file 1AAA77
db 0x45, 0x90, 0x87, 0x90, 0xB9, 0xB9, 0x36, 0x42, 0x25, 0x25, 0x1D, 0x82, 0x45, 0x42, 0xD3, 0x42 ; file 1AAA87
db 0x45, 0x90, 0xB5, 0x90, 0xB9, 0xB9, 0xB9, 0x42, 0xB9, 0x82, 0xD7, 0x82, 0xB9, 0x42, 0x42, 0x42 ; file 1AAA97
db 0x90, 0x90, 0x90, 0x90, 0xB8, 0xB8, 0x2A, 0x2A, 0x2D, 0x2D, 0x87, 0x87, 0x45, 0x45, 0x87, 0x87 ; file 1AAAA7
db 0x87, 0x87, 0x87, 0x87, 0x18, 0x18, 0x18, 0x90, 0x18, 0x90, 0x87, 0x90, 0x18, 0x90, 0x87, 0x90 ; file 1AAAB7
db 0x87, 0x90, 0x87, 0x90, 0x18, 0x18, 0x18, 0x90, 0x18, 0x90, 0x1D, 0x90, 0x18, 0x90, 0xB5, 0x90 ; file 1AAAC7
db 0xB5, 0x90, 0xB5, 0x90, 0x18, 0x18, 0x18, 0x90, 0x18, 0x90, 0x90, 0x90, 0x18, 0x90, 0x90, 0x90 ; file 1AAAD7
db 0x90, 0x90, 0x90, 0x90, 0x31, 0x84, 0x2A, 0x83, 0x31, 0x84, 0x2A, 0x92, 0x89, 0x84, 0x89, 0x92 ; file 1AAAE7
db 0x88, 0x92, 0x87, 0x92, 0x31, 0x83, 0x26, 0x83, 0x31, 0x43, 0x26, 0x83, 0x89, 0x52, 0x26, 0x83 ; file 1AAAF7
db 0x43, 0x43, 0x87, 0x92, 0x31, 0x29, 0x36, 0x0F, 0x25, 0x29, 0x36, 0x0F, 0x89, 0x29, 0x36, 0x0F ; file 1AAB07
db 0x88, 0x86, 0xB5, 0x86, 0x2E, 0x9A, 0x2E, 0x9A, 0x25, 0x82, 0x2E, 0x82, 0x89, 0x52, 0x2E, 0x9A ; file 1AAB17
db 0x43, 0x43, 0xB5, 0x82, 0xB8, 0xB8, 0x2A, 0x0F, 0xB8, 0xB8, 0x2A, 0x0F, 0xB8, 0xB8, 0x2A, 0x0F ; file 1AAB27
db 0x87, 0x43, 0x87, 0x86, 0xB8, 0xB8, 0x2A, 0x83, 0xB8, 0x43, 0x2A, 0x43, 0xB8, 0x43, 0x2A, 0x43 ; file 1AAB37
db 0x43, 0x43, 0x87, 0x43, 0xB8, 0x0F, 0x0F, 0x0F, 0xB8, 0x0F, 0xBA, 0x0F, 0xB8, 0x0F, 0xB5, 0x0F ; file 1AAB47
db 0xB5, 0x86, 0xB5, 0x86, 0x33, 0x41, 0x0F, 0x0F, 0x33, 0x41, 0xBA, 0xAC, 0x33, 0x41, 0xB5, 0x0F ; file 1AAB57
db 0x43, 0x43, 0xB5, 0x86, 0xB8, 0xB8, 0xB8, 0xB8, 0xB8, 0xB8, 0x87, 0x32, 0x95, 0x52, 0x87, 0x32 ; file 1AAB67
db 0x88, 0x43, 0x87, 0x32, 0xB8, 0x52, 0xB8, 0x83, 0xB8, 0x43, 0x87, 0x43, 0x52, 0x52, 0x52, 0x52 ; file 1AAB77
db 0x43, 0x43, 0x87, 0x43, 0xB8, 0xB8, 0x36, 0x0F, 0xB8, 0x86, 0x1D, 0x86, 0x95, 0x52, 0xB5, 0x86 ; file 1AAB87
db 0x88, 0x86, 0xB5, 0x86, 0xB8, 0x41, 0x2E, 0x9A, 0xB8, 0x41, 0x1D, 0x82, 0x52, 0x52, 0x42, 0x42 ; file 1AAB97
db 0x43, 0x43, 0xB5, 0x86, 0xB8, 0xB8, 0xB8, 0xB8, 0xB8, 0xB8, 0x87, 0x86, 0xB8, 0xB8, 0x87, 0x86 ; file 1AABA7
db 0x87, 0x43, 0x87, 0x86, 0xB8, 0xB8, 0xB8, 0xB8, 0xB8, 0x43, 0x87, 0x43, 0xB8, 0x43, 0x87, 0x43 ; file 1AABB7
db 0x43, 0x43, 0x87, 0x43, 0xB8, 0xB8, 0xB8, 0x0F, 0xB8, 0x86, 0x1D, 0x86, 0xB8, 0x86, 0xB5, 0x86 ; file 1AABC7
db 0xB5, 0x86, 0xB5, 0x86, 0xB8, 0x41, 0xB8, 0x41, 0xB8, 0x41, 0x1D, 0x86, 0xB8, 0x41, 0xB5, 0x86 ; file 1AABD7
db 0x43, 0x43, 0xB5, 0x86, 0x5B, 0x5B, 0x5B, 0x44, 0x5B, 0x44, 0x44, 0x44, 0x45, 0x44, 0x44, 0x44 ; file 1AABE7
db 0x44, 0x44, 0x44, 0x44, 0xDA, 0xDA, 0xDA, 0x83, 0xDA, 0x82, 0x82, 0x82, 0xCC, 0x52, 0xCC, 0x42 ; file 1AABF7
db 0xCC, 0x43, 0x44, 0x44, 0x5B, 0x29, 0x36, 0x0F, 0x25, 0x25, 0x25, 0x82, 0x45, 0x29, 0x36, 0x42 ; file 1AAC07
db 0x25, 0x44, 0x44, 0x44, 0xB9, 0x82, 0x2E, 0x82, 0x25, 0x82, 0x82, 0x82, 0xB9, 0x42, 0x42, 0x42 ; file 1AAC17
db 0x25, 0x82, 0x82, 0x82, 0xB8, 0xB8, 0x2A, 0x0F, 0x2D, 0x2D, 0x2A, 0x44, 0xB8, 0xB8, 0x2A, 0x44 ; file 1AAC27
db 0x2D, 0x43, 0x87, 0x44, 0xB8, 0xB8, 0x2A, 0x83, 0x2D, 0x43, 0x1B, 0xAC, 0xB8, 0x43, 0x2A, 0x90 ; file 1AAC37
db 0x43, 0x43, 0x87, 0x90, 0xB8, 0x0F, 0x0F, 0x0F, 0x25, 0xAC, 0xBA, 0xAC, 0xB8, 0x0F, 0xB5, 0x0F ; file 1AAC47
db 0xB5, 0x86, 0xB5, 0x86, 0x18, 0x18, 0x18, 0xAC, 0x18, 0xAC, 0x1B, 0xAC, 0x18, 0x90, 0x90, 0x90 ; file 1AAC57
db 0x90, 0x90, 0x90, 0x90, 0xB8, 0xB8, 0xB8, 0xB8, 0xB8, 0xB8, 0x87, 0x44, 0x45, 0x45, 0x45, 0x42 ; file 1AAC67
db 0x45, 0x43, 0x87, 0x44, 0xB8, 0x52, 0xB8, 0x42, 0xB8, 0x43, 0x82, 0x82, 0xCC, 0x52, 0xCC, 0x42 ; file 1AAC77
db 0xCC, 0x43, 0x87, 0x90, 0xB8, 0xB8, 0x36, 0x42, 0x25, 0x25, 0x1D, 0x82, 0x45, 0x42, 0x42, 0x42 ; file 1AAC87
db 0x45, 0x86, 0xB5, 0x86, 0x18, 0x18, 0x18, 0x42, 0x18, 0x82, 0x82, 0x82, 0xCC, 0x42, 0x42, 0x42 ; file 1AAC97
db 0x90, 0x90, 0x90, 0x90, 0xB8, 0xB8, 0xB8, 0xB8, 0xB8, 0xB8, 0x87, 0x86, 0xB8, 0xB8, 0x87, 0x86 ; file 1AACA7
db 0x87, 0x43, 0x87, 0x86, 0xB8, 0xB8, 0xB8, 0x90, 0xB8, 0x43, 0x87, 0x90, 0xB8, 0x43, 0x87, 0x90 ; file 1AACB7
db 0x43, 0x43, 0x87, 0x90, 0xB8, 0xB8, 0xB8, 0x0F, 0xB8, 0x86, 0x1D, 0x86, 0xB8, 0x86, 0xB5, 0x86 ; file 1AACC7
db 0xB5, 0x86, 0xB5, 0x86, 0x18, 0x18, 0x18, 0x90, 0x18, 0x90, 0x90, 0x90, 0x18, 0x90, 0x90, 0x90 ; file 1AACD7
db 0x90, 0x90, 0x90, 0x90, 0x5B, 0x5B, 0x36, 0x36, 0x5B, 0x44, 0x36, 0x44, 0x45, 0x44, 0x36, 0x44 ; file 1AACE7
db 0x44, 0x44, 0x44, 0x44, 0xDA, 0xDA, 0x36, 0x83, 0xDA, 0xDA, 0x36, 0x44, 0xDA, 0x52, 0x36, 0x44 ; file 1AACF7
db 0xCE, 0x43, 0x44, 0x44, 0x36, 0x36, 0x36, 0x36, 0x36, 0x36, 0x36, 0x36, 0x36, 0x36, 0x36, 0x36 ; file 1AAD07
db 0xB5, 0x44, 0xB5, 0x44, 0x36, 0x0E, 0x36, 0x36, 0x36, 0xAC, 0x36, 0xAC, 0x36, 0x0E, 0x36, 0x36 ; file 1AAD17
db 0xB5, 0x90, 0xB5, 0x90, 0xB8, 0xB8, 0x2A, 0x0F, 0x2D, 0x2D, 0x1D, 0x1D, 0xB8, 0xB8, 0xB5, 0x44 ; file 1AAD27
db 0xB5, 0x43, 0xB5, 0x44, 0xB8, 0xB8, 0x2A, 0x83, 0x2D, 0x43, 0x1B, 0xAC, 0xB8, 0x43, 0xB5, 0x90 ; file 1AAD37
db 0x43, 0x43, 0xB5, 0x90, 0x36, 0x0F, 0x36, 0x0F, 0x1D, 0x1D, 0x1D, 0x1D, 0xB5, 0xB5, 0xB5, 0xB5 ; file 1AAD47
db 0xB5, 0xB5, 0xB5, 0xB5, 0x18, 0x18, 0x36, 0xAC, 0x18, 0xAC, 0x1B, 0xAC, 0x18, 0x90, 0xB5, 0x90 ; file 1AAD57
db 0xB5, 0x90, 0xB5, 0x90, 0xB8, 0xB8, 0x36, 0x36, 0xB8, 0xB8, 0x1D, 0x1D, 0x45, 0x45, 0x45, 0x44 ; file 1AAD67
db 0x45, 0x43, 0xB5, 0x44, 0xB8, 0x52, 0x36, 0x83, 0xB8, 0x43, 0x1D, 0x90, 0x45, 0x52, 0x45, 0x52 ; file 1AAD77
db 0x43, 0x43, 0xB5, 0x90, 0x36, 0x36, 0x36, 0x36, 0x1D, 0x1D, 0x1D, 0x1D, 0x45, 0x45, 0xB5, 0xB5 ; file 1AAD87
db 0xB5, 0xB5, 0xB5, 0xB5, 0x18, 0x18, 0x36, 0x36, 0x18, 0x90, 0x1D, 0x90, 0x18, 0x52, 0xB5, 0x90 ; file 1AAD97
db 0xB5, 0x90, 0xB5, 0x90, 0xB8, 0xB8, 0xB8, 0xB8, 0xB8, 0xB8, 0x1D, 0x1D, 0xB8, 0xB8, 0xB5, 0xB5 ; file 1AADA7
db 0xB5, 0x43, 0xB5, 0xB5, 0xB8, 0xB8, 0xB8, 0x90, 0xB8, 0x43, 0x1D, 0x90, 0xB8, 0x43, 0xB5, 0x90 ; file 1AADB7
db 0x43, 0x43, 0xB5, 0x90, 0xB8, 0xB8, 0x1D, 0x1D, 0x1D, 0x1D, 0x1D, 0x1D, 0xB5, 0xB5, 0xB5, 0xB5 ; file 1AADC7
db 0xB5, 0xB5, 0xB5, 0xB5, 0x18, 0x18, 0x18, 0x90, 0x18, 0x90, 0x1D, 0x90, 0x18, 0x90, 0xB5, 0x90 ; file 1AADD7
db 0xB5, 0x90, 0xB5, 0x90, 0x5B, 0x5B, 0x5B, 0x44, 0x5B, 0x44, 0x44, 0x44, 0x45, 0x44, 0x44, 0x44 ; file 1AADE7
db 0x44, 0x44, 0x44, 0x44, 0xDA, 0xDA, 0xDA, 0xDA, 0xDA, 0xDA, 0xDA, 0x44, 0xDA, 0xDA, 0xDA, 0x44 ; file 1AADF7
db 0xCE, 0x44, 0x44, 0x44, 0x5B, 0x5B, 0x36, 0x36, 0x5B, 0x44, 0x36, 0x44, 0x45, 0x44, 0x36, 0x44 ; file 1AAE07
db 0x44, 0x44, 0x44, 0x44, 0xB9, 0xB9, 0x36, 0xAC, 0xB9, 0xAC, 0x1B, 0xAC, 0xB9, 0x90, 0x36, 0x90 ; file 1AAE17
db 0x90, 0x90, 0x90, 0x90, 0x5B, 0x5B, 0x5B, 0x44, 0x2D, 0x2D, 0x2D, 0x44, 0x45, 0x44, 0x44, 0x44 ; file 1AAE27
db 0x2D, 0x44, 0x44, 0x44, 0xDA, 0xDA, 0xDA, 0xAC, 0x2D, 0xAC, 0x1B, 0xAC, 0xDA, 0x90, 0x90, 0x90 ; file 1AAE37
db 0x2D, 0x90, 0x90, 0x90, 0x18, 0x18, 0x36, 0xAC, 0x2D, 0xAC, 0x1B, 0xAC, 0x18, 0x90, 0xB5, 0x90 ; file 1AAE47
db 0xB5, 0x90, 0xB5, 0x90, 0x18, 0x18, 0x18, 0xAC, 0x18, 0xAC, 0x1B, 0xAC, 0x18, 0x90, 0x90, 0x90 ; file 1AAE57
db 0x90, 0x90, 0x90, 0x90, 0x45, 0x45, 0x45, 0x44, 0x45, 0x44, 0x1D, 0x44, 0x45, 0x45, 0x45, 0x44 ; file 1AAE67
db 0x45, 0x44, 0x44, 0x44, 0xDA, 0xDA, 0xDA, 0x90, 0xDA, 0x90, 0x90, 0x90, 0x45, 0x45, 0x45, 0x90 ; file 1AAE77
db 0x45, 0x90, 0x90, 0x90, 0x18, 0x18, 0x36, 0x36, 0x18, 0x90, 0x1D, 0x90, 0x45, 0x45, 0x45, 0x90 ; file 1AAE87
db 0x45, 0x90, 0xB5, 0x90, 0x18, 0x18, 0x18, 0x90, 0x18, 0x90, 0x90, 0x90, 0x18, 0x90, 0x90, 0x90 ; file 1AAE97
db 0x90, 0x90, 0x90, 0x90, 0xB8, 0xB8, 0xB8, 0x90, 0x2D, 0x2D, 0x1D, 0x90, 0x45, 0x45, 0x45, 0x90 ; file 1AAEA7
db 0x45, 0x90, 0xB5, 0x90, 0x18, 0x18, 0x18, 0x90, 0x18, 0x90, 0x90, 0x90, 0x18, 0x90, 0x90, 0x90 ; file 1AAEB7
db 0x90, 0x90, 0x90, 0x90, 0x18, 0x18, 0x18, 0x90, 0x18, 0x90, 0x1D, 0x90, 0x18, 0x90, 0xB5, 0x90 ; file 1AAEC7
db 0xB5, 0x90, 0xB5, 0x90, 0x18, 0x18, 0x18, 0x90, 0x18, 0x90, 0x90, 0x90, 0x18, 0x90, 0x90, 0x90 ; file 1AAED7
db 0x90, 0x90, 0x90, 0x90, 0x5D, 0x84, 0x26, 0x83, 0x2B, 0x84, 0x92, 0x92, 0x89, 0x84, 0x89, 0x92 ; file 1AAEE7
db 0x88, 0x92, 0x92, 0x92, 0x13, 0x13, 0x26, 0x83, 0x13, 0x13, 0x26, 0x83, 0x89, 0x13, 0x26, 0x83 ; file 1AAEF7
db 0x88, 0x2F, 0x2F, 0x2F, 0x5D, 0x84, 0x2E, 0x9A, 0x25, 0x84, 0xBA, 0x82, 0x89, 0x84, 0x89, 0x92 ; file 1AAF07
db 0x88, 0x92, 0x92, 0x92, 0x2E, 0x9A, 0x2E, 0x9A, 0x25, 0x82, 0x2E, 0x82, 0x89, 0x9A, 0x2E, 0x9A ; file 1AAF17
db 0x88, 0x2F, 0x2E, 0x2F, 0x24, 0x84, 0x2A, 0x83, 0x37, 0x84, 0xBA, 0x92, 0x24, 0x24, 0x24, 0x92 ; file 1AAF27
db 0x9C, 0x92, 0x87, 0x92, 0x13, 0x13, 0x26, 0x83, 0x37, 0x13, 0xBA, 0x4B, 0x24, 0x13, 0x24, 0x83 ; file 1AAF37
db 0x9C, 0x2F, 0x2F, 0x2F, 0xBA, 0x84, 0xBA, 0x9A, 0xBA, 0xBA, 0xBA, 0xBA, 0x24, 0x24, 0xBA, 0x81 ; file 1AAF47
db 0x0C, 0x0C, 0xBA, 0x81, 0x5C, 0x9A, 0x2E, 0x9A, 0xBA, 0x4B, 0xBA, 0x4B, 0x24, 0x81, 0x2E, 0x81 ; file 1AAF57
db 0x0C, 0x81, 0x81, 0x81, 0x2B, 0x84, 0x26, 0x83, 0x2B, 0x2B, 0x2B, 0x92, 0x88, 0x84, 0x88, 0x92 ; file 1AAF67
db 0x88, 0x88, 0x88, 0x92, 0x13, 0x13, 0x26, 0x83, 0x2B, 0x13, 0x26, 0x83, 0x88, 0x96, 0x26, 0x83 ; file 1AAF77
db 0x88, 0x88, 0x88, 0x2F, 0x2B, 0x84, 0x2E, 0x9A, 0x2B, 0x2B, 0xBA, 0x82, 0x88, 0x84, 0x88, 0x91 ; file 1AAF87
db 0x88, 0x88, 0x88, 0x91, 0x5C, 0x9A, 0x2E, 0x9A, 0x2B, 0x82, 0x2E, 0x82, 0x40, 0x91, 0x2E, 0x91 ; file 1AAF97
db 0x88, 0x91, 0x91, 0x91, 0x37, 0x84, 0x2A, 0x4E, 0x37, 0x37, 0x37, 0x37, 0x9C, 0x9C, 0x87, 0x87 ; file 1AAFA7
db 0x9C, 0x9C, 0x87, 0x87, 0x5C, 0x13, 0x26, 0x83, 0x37, 0x37, 0x37, 0x91, 0x9C, 0x91, 0x87, 0x91 ; file 1AAFB7
db 0x9C, 0x91, 0x87, 0x91, 0x5C, 0x41, 0xBA, 0x4E, 0x37, 0x37, 0xBA, 0x91, 0x9C, 0x91, 0x87, 0x91 ; file 1AAFC7
db 0x9C, 0x91, 0x87, 0x91, 0x5C, 0x41, 0x5C, 0x91, 0x5C, 0x91, 0x91, 0x91, 0x40, 0x91, 0x91, 0x91 ; file 1AAFD7
db 0x91, 0x91, 0x91, 0x91, 0x05, 0x13, 0x05, 0x13, 0x05, 0x13, 0xD9, 0x2F, 0x89, 0x13, 0x89, 0x2F ; file 1AAFE7
db 0x88, 0x2F, 0x2F, 0x2F, 0x13, 0x13, 0x13, 0x13, 0x13, 0x13, 0x2F, 0x2F, 0x13, 0x13, 0x2F, 0x2F ; file 1AAFF7
db 0x2F, 0x2F, 0x2F, 0x2F, 0x05, 0x13, 0xD9, 0x82, 0x25, 0x25, 0xD9, 0x82, 0x89, 0x13, 0x89, 0x2F ; file 1AB007
db 0x0C, 0x0C, 0xD9, 0x2F, 0xB9, 0x13, 0x2E, 0x82, 0x25, 0x82, 0x82, 0x82, 0xB9, 0x13, 0x2E, 0x2F ; file 1AB017
db 0x0C, 0x2F, 0x2F, 0x2F, 0x05, 0x13, 0x05, 0x13, 0x05, 0x13, 0xBA, 0x2F, 0x24, 0x13, 0x24, 0x2F ; file 1AB027
db 0x0C, 0x0C, 0x8E, 0x2F, 0x13, 0x13, 0x13, 0x13, 0x13, 0x13, 0x2F, 0x2F, 0x13, 0x13, 0x2F, 0x2F ; file 1AB037
db 0x0C, 0x2F, 0x2F, 0x2F, 0x05, 0x13, 0xBA, 0x81, 0x0C, 0x0C, 0xBA, 0x81, 0x0C, 0x0C, 0x0C, 0x81 ; file 1AB047
db 0x0C, 0x0C, 0x0C, 0x81, 0xB9, 0x13, 0x2E, 0x81, 0x0C, 0x81, 0x81, 0x81, 0x40, 0x81, 0x81, 0x81 ; file 1AB057
db 0x0C, 0x81, 0x81, 0x81, 0x05, 0x13, 0x05, 0x13, 0x2B, 0x13, 0x2B, 0x2F, 0x88, 0x96, 0x88, 0x2F ; file 1AB067
db 0x88, 0x88, 0x88, 0x2F, 0x13, 0x13, 0x13, 0x13, 0x13, 0x13, 0x2F, 0x2F, 0x96, 0x96, 0x2F, 0x2F ; file 1AB077
db 0x88, 0x2F, 0x2F, 0x2F, 0x05, 0x13, 0x47, 0x47, 0x25, 0x25, 0xD9, 0x82, 0x40, 0x96, 0x40, 0x42 ; file 1AB087
db 0x88, 0x88, 0x88, 0x2F, 0xB9, 0x13, 0x47, 0x47, 0x25, 0x82, 0x82, 0x82, 0x40, 0x96, 0x40, 0x42 ; file 1AB097
db 0x40, 0x2F, 0x2F, 0x2F, 0x05, 0x13, 0x8E, 0x13, 0x37, 0x37, 0x8E, 0x8E, 0x9C, 0x96, 0x8E, 0x8E ; file 1AB0A7
db 0x9C, 0x9C, 0x8E, 0x8E, 0x13, 0x13, 0x13, 0x13, 0x37, 0x13, 0x8E, 0x2F, 0x40, 0x96, 0x40, 0x2F ; file 1AB0B7
db 0x9C, 0xB6, 0x8E, 0x2F, 0x40, 0x46, 0xBA, 0x46, 0x0C, 0x46, 0xBA, 0x81, 0x40, 0x40, 0x40, 0x81 ; file 1AB0C7
db 0x0C, 0x0C, 0x8E, 0x81, 0x40, 0x46, 0x40, 0x46, 0x40, 0x46, 0x81, 0x81, 0x40, 0x40, 0x40, 0x81 ; file 1AB0D7
db 0x40, 0x81, 0x81, 0x81, 0x9E, 0x84, 0x9E, 0x83, 0x9E, 0x84, 0xD9, 0x92, 0x24, 0x24, 0x24, 0x92 ; file 1AB0E7
db 0x24, 0x92, 0x92, 0x92, 0x28, 0xBE, 0x26, 0x83, 0x28, 0xBE, 0x26, 0x83, 0x24, 0xBE, 0x24, 0x83 ; file 1AB0F7
db 0x24, 0x2F, 0x2F, 0x2F, 0x9E, 0x84, 0x3D, 0x97, 0xD9, 0x4C, 0xD9, 0x4C, 0x24, 0x24, 0x24, 0x81 ; file 1AB107
db 0x0C, 0x0C, 0xD9, 0x81, 0xB9, 0x97, 0x2E, 0x97, 0xB9, 0x81, 0xD7, 0x81, 0xB9, 0x81, 0x2E, 0x81 ; file 1AB117
db 0x0C, 0x81, 0x81, 0x81, 0x24, 0x24, 0x24, 0x24, 0x24, 0x24, 0xBA, 0x4C, 0x24, 0x24, 0x24, 0x24 ; file 1AB127
db 0x24, 0x24, 0x24, 0x81, 0x24, 0xBE, 0x24, 0x83, 0x24, 0x81, 0x81, 0x81, 0x24, 0x24, 0x24, 0x81 ; file 1AB137
db 0x24, 0x81, 0x81, 0x81, 0x24, 0x24, 0xBA, 0x4C, 0x0C, 0x4C, 0xBA, 0x4C, 0x24, 0x24, 0x24, 0x81 ; file 1AB147
db 0x0C, 0x0C, 0x0C, 0x81, 0xB9, 0x46, 0x2E, 0x81, 0x0C, 0x81, 0x81, 0x81, 0x24, 0x81, 0x81, 0x81 ; file 1AB157
db 0x0C, 0x81, 0x81, 0x81, 0x9E, 0x84, 0x9E, 0x83, 0x2B, 0x2B, 0x2B, 0x92, 0x24, 0x24, 0x24, 0x92 ; file 1AB167
db 0x88, 0x88, 0x88, 0x92, 0x28, 0xBE, 0x26, 0x83, 0x2B, 0xBE, 0x26, 0x83, 0x24, 0x96, 0x24, 0x83 ; file 1AB177
db 0x88, 0x88, 0x88, 0x2F, 0x30, 0x46, 0x3D, 0x97, 0x2B, 0x2B, 0xD9, 0x4C, 0x24, 0x24, 0xD3, 0x81 ; file 1AB187
db 0x88, 0x88, 0x88, 0x81, 0xB9, 0x46, 0x2E, 0x97, 0xB9, 0x46, 0xD7, 0x81, 0xB9, 0x46, 0x2E, 0x81 ; file 1AB197
db 0x88, 0x81, 0x81, 0x81, 0x24, 0x24, 0x24, 0x24, 0x37, 0x37, 0x37, 0x4C, 0x24, 0x24, 0x24, 0x24 ; file 1AB1A7
db 0x9C, 0x9C, 0x87, 0x81, 0x24, 0x46, 0x24, 0x46, 0x37, 0x46, 0x37, 0x81, 0x24, 0x24, 0x24, 0x81 ; file 1AB1B7
db 0x9C, 0x81, 0x81, 0x81, 0x30, 0x46, 0x30, 0x46, 0x0C, 0x46, 0xBA, 0x4C, 0x24, 0x24, 0x24, 0x81 ; file 1AB1C7
db 0x0C, 0x0C, 0xB5, 0x81, 0x46, 0x46, 0x46, 0x46, 0x46, 0x46, 0x81, 0x81, 0x24, 0x46, 0x81, 0x81 ; file 1AB1D7
db 0x0C, 0x81, 0x81, 0x81, 0x9E, 0x9E, 0x9E, 0x97, 0x9E, 0x9E, 0xD9, 0xD9, 0x9E, 0x9E, 0x9E, 0x2F ; file 1AB1E7
db 0x0C, 0x0C, 0xD9, 0x2F, 0x9E, 0xBE, 0x97, 0x97, 0x9E, 0xBE, 0xD7, 0x2F, 0x9E, 0xBE, 0x2F, 0x2F ; file 1AB1F7
db 0x8F, 0x2F, 0x2F, 0x2F, 0x9E, 0x97, 0xD9, 0x97, 0xD9, 0xD9, 0xD9, 0xD9, 0x0C, 0x0C, 0xD9, 0x81 ; file 1AB207
db 0x0C, 0x0C, 0xD9, 0x81, 0xB9, 0x97, 0x97, 0x97, 0xB9, 0x81, 0xD7, 0x81, 0xB9, 0x81, 0x81, 0x81 ; file 1AB217
db 0x0C, 0x81, 0x81, 0x81, 0x9E, 0x9E, 0x9E, 0x81, 0x0C, 0x0C, 0xD2, 0x81, 0x24, 0x24, 0x24, 0x81 ; file 1AB227
db 0x0C, 0x0C, 0x0C, 0x81, 0x9E, 0xBE, 0x81, 0x81, 0x0C, 0x81, 0x81, 0x81, 0x24, 0x81, 0x81, 0x81 ; file 1AB237
db 0x0C, 0x81, 0x81, 0x81, 0x0C, 0x46, 0xD2, 0x81, 0x0C, 0x0C, 0xD2, 0x81, 0x0C, 0x0C, 0x0C, 0x81 ; file 1AB247
db 0x0C, 0x0C, 0x0C, 0x81, 0xB9, 0x46, 0x81, 0x81, 0x0C, 0x81, 0x81, 0x81, 0x0C, 0x81, 0x81, 0x81 ; file 1AB257
db 0x0C, 0x81, 0x81, 0x81, 0x9E, 0x9E, 0x9E, 0x97, 0x9E, 0x9E, 0xD9, 0xB3, 0x9E, 0x96, 0x9E, 0xB3 ; file 1AB267
db 0x88, 0x88, 0x88, 0xB3, 0x9E, 0xBE, 0x97, 0x97, 0x8F, 0xBE, 0x8F, 0x2F, 0x8F, 0x96, 0x8F, 0x2F ; file 1AB277
db 0x8F, 0x8F, 0x8F, 0x2F, 0x9E, 0x46, 0xD9, 0x97, 0xD9, 0x46, 0xD9, 0xD9, 0x0C, 0x46, 0xD9, 0x81 ; file 1AB287
db 0x0C, 0x0C, 0xD9, 0x81, 0xB9, 0x46, 0x97, 0x97, 0xB9, 0x46, 0xD7, 0x81, 0xB9, 0x46, 0x81, 0x81 ; file 1AB297
db 0x8F, 0x81, 0x81, 0x81, 0x9E, 0x46, 0x9E, 0x46, 0x0C, 0x46, 0x8E, 0x81, 0x24, 0x24, 0x24, 0x81 ; file 1AB2A7
db 0x0C, 0x0C, 0x8E, 0x81, 0x46, 0x46, 0x46, 0x46, 0x46, 0x46, 0x81, 0x81, 0x24, 0x46, 0x81, 0x81 ; file 1AB2B7
db 0x8F, 0x81, 0x81, 0x81, 0x46, 0x46, 0x46, 0x46, 0x0C, 0x46, 0xD2, 0x81, 0x0C, 0x46, 0x0C, 0x81 ; file 1AB2C7
db 0x0C, 0x0C, 0x0C, 0x81, 0x46, 0x46, 0x46, 0x46, 0x46, 0x46, 0x81, 0x81, 0x40, 0x46, 0x81, 0x81 ; file 1AB2D7
db 0x0C, 0x81, 0x81, 0x81, 0x5D, 0x84, 0x26, 0x83, 0x2B, 0x84, 0x92, 0x92, 0x89, 0x84, 0x89, 0x92 ; file 1AB2E7
db 0x88, 0x92, 0x92, 0x92, 0x13, 0x13, 0x26, 0x83, 0x13, 0x13, 0x26, 0x83, 0x89, 0x13, 0x26, 0x83 ; file 1AB2F7
db 0x88, 0x2F, 0x2F, 0x2F, 0x29, 0x29, 0x2E, 0x9A, 0x25, 0x29, 0xBA, 0x82, 0x89, 0x29, 0x89, 0x92 ; file 1AB307
db 0x88, 0x92, 0x92, 0x92, 0x2E, 0x9A, 0x2E, 0x9A, 0x25, 0x82, 0x2E, 0x82, 0x89, 0x9A, 0x2E, 0x9A ; file 1AB317
db 0x88, 0x2F, 0x2E, 0x2F, 0xB8, 0x84, 0x2A, 0x83, 0x3C, 0x3C, 0xBA, 0x92, 0x24, 0x24, 0x24, 0x92 ; file 1AB327
db 0x9C, 0x92, 0x87, 0x92, 0x33, 0x13, 0x26, 0x83, 0x3C, 0x53, 0xBA, 0x4B, 0x24, 0x13, 0x24, 0x83 ; file 1AB337
db 0x9C, 0x43, 0x2F, 0x2F, 0x33, 0x29, 0xBA, 0x0F, 0xBA, 0xBA, 0xBA, 0xBA, 0x24, 0x24, 0xBA, 0x8D ; file 1AB347
db 0x0C, 0x8D, 0xBA, 0x8D, 0x33, 0x33, 0x2E, 0x9A, 0x33, 0x4B, 0xBA, 0x4B, 0x33, 0x33, 0x2E, 0x81 ; file 1AB357
db 0x0C, 0x81, 0x81, 0x81, 0x23, 0x84, 0x23, 0x83, 0x2B, 0x2B, 0x2B, 0x92, 0x88, 0x84, 0x88, 0x92 ; file 1AB367
db 0x88, 0x88, 0x88, 0x92, 0x23, 0x13, 0x26, 0x83, 0x2B, 0x13, 0x26, 0x83, 0x88, 0x52, 0x26, 0x83 ; file 1AB377
db 0x88, 0x43, 0x88, 0x2F, 0x23, 0x29, 0x23, 0x9A, 0x2B, 0x29, 0xBA, 0x8D, 0x88, 0x29, 0x88, 0x8D ; file 1AB387
db 0x88, 0x88, 0x88, 0x8D, 0x5C, 0x9A, 0x2E, 0x9A, 0x2B, 0x82, 0x2E, 0x82, 0x40, 0x52, 0x2E, 0x91 ; file 1AB397
db 0x88, 0x91, 0x91, 0x91, 0xB8, 0xB8, 0xB8, 0xB8, 0x37, 0x37, 0x37, 0x50, 0x0B, 0x0B, 0x0B, 0x50 ; file 1AB3A7
db 0x9C, 0x9C, 0x87, 0x50, 0xB8, 0xB8, 0xB8, 0x83, 0x37, 0x43, 0x37, 0x91, 0x0B, 0x43, 0x0B, 0x91 ; file 1AB3B7
db 0x9C, 0x43, 0x87, 0x91, 0xB8, 0xB8, 0xB8, 0x4E, 0x37, 0x8D, 0xBA, 0x8D, 0x0B, 0x8D, 0x8D, 0x8D ; file 1AB3C7
db 0x9C, 0x8D, 0x8D, 0x8D, 0x5C, 0x41, 0x5C, 0x91, 0x5C, 0x91, 0x91, 0x91, 0x40, 0x91, 0x91, 0x91 ; file 1AB3D7
db 0x91, 0x91, 0x91, 0x91, 0x05, 0x13, 0x05, 0x13, 0x05, 0x13, 0xD9, 0x2F, 0x89, 0x13, 0x89, 0x2F ; file 1AB3E7
db 0x88, 0x2F, 0x2F, 0x2F, 0x13, 0x13, 0x13, 0x13, 0x13, 0x13, 0x2F, 0x2F, 0x13, 0x13, 0x2F, 0x2F ; file 1AB3F7
db 0x2F, 0x2F, 0x2F, 0x2F, 0x05, 0x13, 0xD9, 0x82, 0x25, 0x25, 0xD9, 0x82, 0x89, 0x13, 0x89, 0x2F ; file 1AB407
db 0x0C, 0x0C, 0xD9, 0x2F, 0xB9, 0x13, 0x2E, 0x82, 0x25, 0x82, 0x82, 0x82, 0xB9, 0x13, 0x2E, 0x2F ; file 1AB417
db 0x0C, 0x2F, 0x2F, 0x2F, 0x05, 0x13, 0x05, 0x13, 0x2D, 0x53, 0x2D, 0x53, 0xD6, 0xD6, 0xD6, 0x2F ; file 1AB427
db 0x0C, 0x53, 0x8E, 0x2F, 0x13, 0x13, 0x13, 0x13, 0x53, 0x53, 0x1B, 0x53, 0xD6, 0x13, 0x2F, 0x2F ; file 1AB437
db 0x53, 0x53, 0x2F, 0x2F, 0xB2, 0x13, 0xBA, 0xAC, 0x0C, 0x53, 0xBA, 0xAC, 0x0C, 0x0C, 0x0C, 0x81 ; file 1AB447
db 0x0C, 0x0C, 0x0C, 0x81, 0xB2, 0x13, 0x1B, 0xAC, 0x1B, 0x53, 0x1B, 0xAC, 0x40, 0x81, 0x81, 0x81 ; file 1AB457
db 0x0C, 0x81, 0x81, 0x81, 0x48, 0x13, 0x48, 0x13, 0x2B, 0x13, 0x2B, 0x2F, 0xD5, 0x96, 0xD5, 0x2F ; file 1AB467
db 0x88, 0x88, 0x88, 0x2F, 0xC9, 0x13, 0xC9, 0x13, 0xC9, 0x13, 0x2F, 0x2F, 0x96, 0x96, 0x2F, 0x2F ; file 1AB477
db 0x88, 0x2F, 0x2F, 0x2F, 0x48, 0x13, 0x47, 0x47, 0x25, 0x25, 0xD9, 0x82, 0xD5, 0x96, 0xD5, 0x42 ; file 1AB487
db 0x88, 0x80, 0x80, 0x80, 0xB9, 0x13, 0x47, 0x47, 0x25, 0x82, 0x82, 0x82, 0x40, 0x96, 0x40, 0x42 ; file 1AB497
db 0x40, 0x80, 0x80, 0x80, 0xB8, 0xB8, 0xB8, 0xB8, 0x2D, 0x53, 0x8E, 0x50, 0xD6, 0xD6, 0xD6, 0xD6 ; file 1AB4A7
db 0x9C, 0x9C, 0x8E, 0x50, 0xB8, 0x13, 0xB8, 0x13, 0x53, 0x53, 0x1B, 0x53, 0xD6, 0x96, 0xD6, 0x80 ; file 1AB4B7
db 0x9C, 0xBD, 0x80, 0x80, 0x4D, 0x46, 0x4D, 0x46, 0x4D, 0x4D, 0x4D, 0x80, 0xD6, 0xD6, 0xD6, 0x80 ; file 1AB4C7
db 0x0C, 0x80, 0x80, 0x80, 0x18, 0x46, 0x18, 0x46, 0x4D, 0x46, 0x1B, 0x80, 0x40, 0x40, 0x40, 0x80 ; file 1AB4D7
db 0x40, 0x80, 0x80, 0x80, 0x9E, 0x84, 0x36, 0x83, 0x2D, 0x84, 0xD9, 0x92, 0x24, 0x24, 0x24, 0x92 ; file 1AB4E7
db 0x24, 0x92, 0x92, 0x92, 0x28, 0xBE, 0x26, 0x83, 0x28, 0xBE, 0x1B, 0x83, 0x24, 0xBE, 0x24, 0x83 ; file 1AB4F7
db 0xCE, 0x2F, 0x2F, 0x2F, 0x36, 0x29, 0x36, 0x36, 0xD9, 0x29, 0xD9, 0x4C, 0x24, 0x24, 0x36, 0x36 ; file 1AB507
db 0x0C, 0x0C, 0xB5, 0x81, 0xB9, 0x0E, 0x2E, 0x97, 0xB9, 0xAC, 0x1B, 0xAC, 0xB9, 0x0E, 0x2E, 0x81 ; file 1AB517
db 0x0C, 0x81, 0x81, 0x81, 0x24, 0x24, 0x24, 0x24, 0x2D, 0x2D, 0x2D, 0x4C, 0x24, 0x24, 0x24, 0x24 ; file 1AB527
db 0x24, 0x24, 0x24, 0x81, 0x24, 0xBE, 0x1B, 0x83, 0x2D, 0x53, 0x1B, 0xAC, 0x24, 0x24, 0x24, 0x81 ; file 1AB537
db 0x24, 0x81, 0x81, 0x81, 0x24, 0x24, 0x36, 0x4C, 0x0C, 0x4C, 0xBA, 0x4C, 0x24, 0x24, 0x24, 0x81 ; file 1AB547
db 0x0C, 0x0C, 0xB5, 0x81, 0xB2, 0x46, 0x1B, 0xAC, 0x1B, 0xAC, 0x1B, 0xAC, 0x24, 0x81, 0x81, 0x81 ; file 1AB557
db 0x0C, 0x81, 0x81, 0x81, 0x48, 0x48, 0x48, 0x48, 0x2B, 0x2B, 0x1D, 0x92, 0x0B, 0x0B, 0x0B, 0x0B ; file 1AB567
db 0x88, 0x88, 0x88, 0x92, 0x48, 0xBE, 0x26, 0x83, 0x2B, 0xBE, 0x1B, 0x80, 0x0B, 0x0B, 0x0B, 0x80 ; file 1AB577
db 0x88, 0x43, 0x80, 0x80, 0x48, 0x29, 0x36, 0x36, 0x4D, 0x4D, 0x1D, 0x1D, 0x0B, 0x0B, 0xB5, 0x80 ; file 1AB587
db 0x88, 0x80, 0xB5, 0x80, 0xB9, 0x46, 0x2E, 0x97, 0x4D, 0x46, 0x1B, 0x80, 0x0B, 0x46, 0x80, 0x80 ; file 1AB597
db 0x80, 0x80, 0x80, 0x80, 0x0B, 0x0B, 0x0B, 0x0B, 0x0B, 0x0B, 0x1D, 0x1D, 0x0B, 0x0B, 0x0B, 0x0B ; file 1AB5A7
db 0x0B, 0x0B, 0xB5, 0x50, 0x0B, 0x46, 0x0B, 0x46, 0x0B, 0x43, 0x1B, 0x80, 0x0B, 0x0B, 0x0B, 0x80 ; file 1AB5B7
db 0x0B, 0x43, 0x80, 0x80, 0x0B, 0x46, 0x1D, 0x1D, 0x4D, 0x4D, 0x1D, 0x1D, 0x0B, 0x0B, 0xB5, 0x80 ; file 1AB5C7
db 0xB5, 0x80, 0xB5, 0x80, 0x18, 0x46, 0x18, 0x46, 0x4D, 0x46, 0x1B, 0x80, 0x0B, 0x46, 0x80, 0x80 ; file 1AB5D7
db 0x80, 0x80, 0x80, 0x80, 0x9E, 0x9E, 0x9E, 0x97, 0x2D, 0x2D, 0xD9, 0x44, 0x9E, 0x9E, 0x9E, 0x44 ; file 1AB5E7
db 0x0C, 0x44, 0xC1, 0x44, 0x9E, 0xBE, 0x97, 0x97, 0x2D, 0xBE, 0x1B, 0xAC, 0x9E, 0xBE, 0x2F, 0x2F ; file 1AB5F7
db 0xCE, 0x2F, 0x2F, 0x2F, 0x9E, 0x97, 0xD9, 0x97, 0xD9, 0xAC, 0xD9, 0xAC, 0x0C, 0x0C, 0xD9, 0x81 ; file 1AB607
db 0x0C, 0x0C, 0xD9, 0x81, 0xB9, 0x97, 0x97, 0x97, 0xB9, 0xAC, 0x1B, 0xAC, 0xB9, 0x81, 0x81, 0x81 ; file 1AB617
db 0x0C, 0x81, 0x81, 0x81, 0x2D, 0x2D, 0x2D, 0xAC, 0x2D, 0x2D, 0x2D, 0xAC, 0x24, 0x24, 0x24, 0x81 ; file 1AB627
db 0x0C, 0x0C, 0x0C, 0x81, 0xB2, 0xBE, 0x1B, 0xAC, 0x2D, 0x53, 0x1B, 0xAC, 0x24, 0x81, 0x81, 0x81 ; file 1AB637
db 0x0C, 0x81, 0x81, 0x81, 0xB2, 0x46, 0x1B, 0xAC, 0x0C, 0xAC, 0x1B, 0xAC, 0x0C, 0x0C, 0x0C, 0x81 ; file 1AB647
db 0x0C, 0x0C, 0x0C, 0x81, 0xB2, 0x46, 0x1B, 0xAC, 0x1B, 0xAC, 0x1B, 0xAC, 0xB2, 0x81, 0x81, 0x81 ; file 1AB657
db 0x0C, 0x81, 0x81, 0x81, 0x48, 0x48, 0x48, 0x48, 0x48, 0x48, 0x48, 0x44, 0xD5, 0xD5, 0xD5, 0xD5 ; file 1AB667
db 0xD5, 0xD5, 0xC1, 0x44, 0x48, 0xBE, 0x48, 0x97, 0x48, 0xBE, 0x1B, 0x80, 0xD5, 0x96, 0xD5, 0x80 ; file 1AB677
db 0x8F, 0x80, 0x80, 0x80, 0x48, 0x46, 0x48, 0x97, 0x4D, 0x4D, 0xD9, 0x80, 0xD5, 0xD5, 0xD5, 0x80 ; file 1AB687
db 0x0C, 0x80, 0x80, 0x80, 0xB9, 0x46, 0x97, 0x97, 0x4D, 0x46, 0x1B, 0x80, 0xB9, 0x46, 0x80, 0x80 ; file 1AB697
db 0x80, 0x80, 0x80, 0x80, 0xD4, 0xD4, 0xD4, 0xD4, 0x2D, 0x2D, 0x2D, 0x80, 0x0B, 0x0B, 0x0B, 0x80 ; file 1AB6A7
db 0x0B, 0x80, 0x80, 0x80, 0xD4, 0x46, 0xD4, 0x46, 0x2D, 0x46, 0x1B, 0x80, 0x0B, 0x46, 0x80, 0x80 ; file 1AB6B7
db 0x80, 0x80, 0x80, 0x80, 0x4D, 0x46, 0x4D, 0x46, 0x4D, 0x4D, 0x4D, 0x80, 0x0B, 0x46, 0x80, 0x80 ; file 1AB6C7
db 0x0C, 0x80, 0x80, 0x80, 0x18, 0x46, 0x18, 0x46, 0x4D, 0x46, 0x1B, 0x80, 0x18, 0x46, 0x80, 0x80 ; file 1AB6D7
db 0x80, 0x80, 0x80, 0x80, 0x22, 0x84, 0x2A, 0x83, 0x22, 0x84, 0x2A, 0x92, 0x89, 0x84, 0x89, 0x92 ; file 1AB6E7
db 0x88, 0x92, 0x87, 0x92, 0x13, 0x13, 0x26, 0x83, 0x13, 0x13, 0x26, 0x83, 0x89, 0x96, 0x26, 0x83 ; file 1AB6F7
db 0x88, 0x2F, 0x2F, 0x2F, 0x22, 0x84, 0x2A, 0x9A, 0x25, 0x84, 0xBA, 0x82, 0x89, 0x84, 0x89, 0x92 ; file 1AB707
db 0x88, 0x92, 0x87, 0x92, 0x2E, 0x9A, 0x2E, 0x9A, 0xD7, 0x82, 0xD7, 0x82, 0x89, 0x96, 0x2E, 0x9A ; file 1AB717
db 0x88, 0x2F, 0xD7, 0x2F, 0x2A, 0x84, 0x2A, 0x2A, 0x2A, 0x84, 0x2A, 0x2A, 0x24, 0x24, 0x2A, 0x2A ; file 1AB727
db 0x87, 0x87, 0x87, 0x87, 0x2A, 0x13, 0x2A, 0x83, 0x2A, 0x13, 0x2A, 0x4B, 0x24, 0x96, 0x2A, 0x83 ; file 1AB737
db 0x87, 0x43, 0x87, 0x2F, 0x2A, 0x41, 0x2A, 0x4E, 0xBA, 0xBA, 0xBA, 0xBA, 0x24, 0x24, 0x2A, 0x4E ; file 1AB747
db 0x0C, 0x8D, 0x87, 0x8D, 0x41, 0x41, 0x2A, 0x9A, 0xBA, 0x41, 0xBA, 0x4B, 0x24, 0x41, 0x2A, 0x81 ; file 1AB757
db 0x0C, 0x81, 0x81, 0x81, 0x95, 0x84, 0x2A, 0x9F, 0x2B, 0x9F, 0x87, 0x9F, 0x95, 0x95, 0x87, 0x9F ; file 1AB767
db 0x88, 0x9F, 0x87, 0x9F, 0x95, 0x96, 0x26, 0x47, 0x2B, 0x96, 0x87, 0x9F, 0x95, 0x96, 0x87, 0x96 ; file 1AB777
db 0x88, 0x96, 0x87, 0x9F, 0x95, 0x41, 0x47, 0x47, 0x2B, 0x9F, 0x87, 0x9F, 0x95, 0x95, 0x87, 0x9F ; file 1AB787
db 0x88, 0x9F, 0x87, 0x9F, 0x41, 0x41, 0x47, 0x47, 0x2B, 0x41, 0x47, 0x47, 0x95, 0x96, 0x42, 0x42 ; file 1AB797
db 0x88, 0x91, 0x87, 0x91, 0xB8, 0xB8, 0x2A, 0x4E, 0x37, 0x37, 0x87, 0x87, 0x87, 0x87, 0x87, 0x87 ; file 1AB7A7
db 0x87, 0x87, 0x87, 0x87, 0xB8, 0x41, 0x2A, 0x41, 0x37, 0x41, 0x87, 0x87, 0x87, 0x96, 0x87, 0x87 ; file 1AB7B7
db 0x87, 0x43, 0x87, 0x87, 0xB8, 0x41, 0x4E, 0x4E, 0x37, 0x41, 0x87, 0x4E, 0x87, 0x41, 0x87, 0x4E ; file 1AB7C7
db 0x87, 0x8D, 0x87, 0x8D, 0x41, 0x41, 0x41, 0x41, 0x41, 0x41, 0x87, 0x91, 0x40, 0x41, 0x87, 0x91 ; file 1AB7D7
db 0x87, 0x91, 0x87, 0x91, 0x05, 0x13, 0x05, 0x13, 0x05, 0x13, 0x8E, 0x2F, 0x89, 0x96, 0x89, 0x2F ; file 1AB7E7
db 0x88, 0x2F, 0x8E, 0x2F, 0x13, 0x13, 0xD8, 0x13, 0x13, 0x13, 0xD7, 0x2F, 0x96, 0x96, 0x2F, 0x2F ; file 1AB7F7
db 0x2F, 0x2F, 0x2F, 0x2F, 0x05, 0x13, 0xD8, 0x47, 0x25, 0x25, 0xD7, 0x82, 0x89, 0x96, 0xD8, 0x42 ; file 1AB807
db 0x0C, 0x0C, 0x8E, 0x2F, 0xB9, 0x13, 0xD8, 0x47, 0xD7, 0x82, 0xD7, 0x82, 0x96, 0x96, 0xD8, 0x42 ; file 1AB817
db 0xD7, 0x2F, 0xD7, 0x2F, 0x05, 0x13, 0x2A, 0x2A, 0x8E, 0x13, 0x8E, 0x8E, 0xD6, 0x96, 0x8E, 0x8E ; file 1AB827
db 0x8E, 0x8E, 0x8E, 0x8E, 0x13, 0x13, 0x2A, 0x13, 0x13, 0x13, 0x8E, 0x2F, 0x96, 0x96, 0x8E, 0x2F ; file 1AB837
db 0x8E, 0x2F, 0x8E, 0x2F, 0x05, 0x13, 0x2A, 0x47, 0x0C, 0x0C, 0xBA, 0x81, 0x0C, 0x0C, 0x8E, 0x81 ; file 1AB847
db 0x0C, 0x0C, 0x8E, 0x81, 0xB9, 0x13, 0xD8, 0x47, 0xD7, 0x81, 0xD7, 0x81, 0x40, 0x81, 0x81, 0x81 ; file 1AB857
db 0x0C, 0x81, 0x81, 0x81, 0x48, 0x96, 0x47, 0x47, 0x2B, 0x96, 0x8E, 0x9F, 0x95, 0x96, 0x8E, 0x96 ; file 1AB867
db 0x88, 0x96, 0x8E, 0x9F, 0x96, 0x96, 0x47, 0x47, 0x96, 0x96, 0x47, 0x47, 0x96, 0x96, 0x96, 0x96 ; file 1AB877
db 0x96, 0x96, 0x8E, 0x2F, 0x47, 0x47, 0x47, 0x47, 0x25, 0x47, 0x47, 0x47, 0x95, 0x96, 0x42, 0x42 ; file 1AB887
db 0x88, 0x96, 0x8E, 0x9F, 0x47, 0x47, 0x47, 0x47, 0x47, 0x47, 0x47, 0x47, 0x96, 0x96, 0x42, 0x42 ; file 1AB897
db 0x96, 0x96, 0x3B, 0x3B, 0xB8, 0x96, 0x8E, 0x47, 0x8E, 0x8E, 0x8E, 0x8E, 0xD6, 0x96, 0x8E, 0x8E ; file 1AB8A7
db 0x8E, 0x8E, 0x8E, 0x8E, 0x96, 0x96, 0x47, 0x47, 0x8E, 0x96, 0x8E, 0x3B, 0x96, 0x96, 0x8E, 0x96 ; file 1AB8B7
db 0x8E, 0x96, 0x8E, 0x3B, 0xB8, 0x41, 0x47, 0x47, 0x8E, 0x3B, 0x8E, 0x3B, 0xD6, 0x96, 0x8E, 0x3B ; file 1AB8C7
db 0x8E, 0x3B, 0x8E, 0x3B, 0x18, 0x41, 0x47, 0x47, 0x18, 0x3B, 0x3B, 0x3B, 0x40, 0x96, 0x3B, 0x3B ; file 1AB8D7
db 0x3B, 0x3B, 0x3B, 0x3B, 0x9E, 0x84, 0x2A, 0x83, 0x9E, 0x84, 0xD7, 0x92, 0x24, 0x24, 0x24, 0x92 ; file 1AB8E7
db 0x24, 0x92, 0x87, 0x92, 0x28, 0xBE, 0xD8, 0x83, 0xD7, 0xBE, 0xD7, 0x83, 0x24, 0x96, 0xD8, 0x83 ; file 1AB8F7
db 0x24, 0x2F, 0xD7, 0x2F, 0x36, 0x84, 0x36, 0x36, 0xD7, 0x4C, 0xD7, 0x4C, 0x24, 0x24, 0x36, 0x36 ; file 1AB907
db 0x0C, 0x0C, 0xB5, 0x81, 0xB9, 0x97, 0xD8, 0x97, 0xD7, 0xD7, 0xD7, 0xD7, 0xB9, 0x81, 0xD8, 0x81 ; file 1AB917
db 0xD7, 0x81, 0xD7, 0x81, 0x24, 0x24, 0x2A, 0x2A, 0x24, 0x24, 0x2A, 0x4C, 0x24, 0x24, 0x24, 0x24 ; file 1AB927
db 0x24, 0x24, 0x87, 0x81, 0x24, 0xBE, 0x2A, 0x83, 0x24, 0x81, 0xD7, 0x81, 0x24, 0x24, 0x24, 0x81 ; file 1AB937
db 0x24, 0x81, 0x81, 0x81, 0x24, 0x24, 0x2A, 0x4C, 0x0C, 0x4C, 0xBA, 0x4C, 0x24, 0x24, 0x24, 0x81 ; file 1AB947
db 0x0C, 0x0C, 0xB5, 0x81, 0xB9, 0x41, 0xD8, 0x81, 0xD7, 0x81, 0xD7, 0x81, 0x24, 0x81, 0x81, 0x81 ; file 1AB957
db 0x0C, 0x81, 0x81, 0x81, 0x48, 0x48, 0x48, 0x9F, 0x2B, 0x9F, 0x87, 0x9F, 0x95, 0x95, 0x87, 0x9F ; file 1AB967
db 0x88, 0x9F, 0x87, 0x9F, 0x48, 0x96, 0xD8, 0x47, 0x2B, 0x96, 0xD7, 0x9F, 0x95, 0x96, 0x87, 0x96 ; file 1AB977
db 0x88, 0x96, 0x87, 0x9F, 0x48, 0x41, 0x36, 0x47, 0x1D, 0x9F, 0x1D, 0x9F, 0x95, 0x95, 0xD3, 0x9F ; file 1AB987
db 0x88, 0x9F, 0xB5, 0x9F, 0xB9, 0x41, 0xD8, 0x47, 0xD7, 0x41, 0xD7, 0x47, 0x95, 0x96, 0xBC, 0xBC ; file 1AB997
db 0x88, 0x81, 0xB5, 0x81, 0xB8, 0xB8, 0x2A, 0x4E, 0x37, 0x37, 0x87, 0x87, 0x24, 0x24, 0x87, 0x87 ; file 1AB9A7
db 0x87, 0x87, 0x87, 0x87, 0xB8, 0x41, 0x2A, 0x41, 0x37, 0x41, 0x87, 0x81, 0x24, 0x96, 0x87, 0xA5 ; file 1AB9B7
db 0x87, 0x43, 0x87, 0x81, 0x30, 0x41, 0x1D, 0x4E, 0x1D, 0x1D, 0x1D, 0x1D, 0x24, 0x24, 0xB5, 0x4E ; file 1AB9C7
db 0xB5, 0x8D, 0xB5, 0x8D, 0x18, 0x41, 0xD8, 0x41, 0x18, 0x41, 0x1D, 0x81, 0x18, 0x41, 0xB5, 0x81 ; file 1AB9D7
db 0xB5, 0x81, 0xB5, 0x81, 0x9E, 0x9E, 0x9E, 0x97, 0x9E, 0x9E, 0xD7, 0x44, 0x9E, 0x96, 0x9E, 0x44 ; file 1AB9E7
db 0x0C, 0x44, 0x44, 0x44, 0x9E, 0xBE, 0xD8, 0x97, 0xD7, 0xBE, 0xD7, 0xD7, 0x96, 0x96, 0xD8, 0x2F ; file 1AB9F7
db 0x8F, 0x2F, 0xD7, 0x2F, 0x9E, 0x97, 0xD8, 0x97, 0xD7, 0xD7, 0xD7, 0xD7, 0x0C, 0x0C, 0xD8, 0x81 ; file 1ABA07
db 0x0C, 0x0C, 0xD7, 0x81, 0xB9, 0x97, 0xD8, 0x97, 0xD7, 0xD7, 0xD7, 0xD7, 0xB9, 0x81, 0xD8, 0x81 ; file 1ABA17
db 0xD7, 0x81, 0xD7, 0x81, 0x9E, 0x9E, 0x2A, 0x2A, 0x0C, 0x0C, 0x8E, 0x81, 0x24, 0x24, 0x24, 0x81 ; file 1ABA27
db 0x0C, 0x0C, 0x8E, 0x81, 0x9E, 0xBE, 0xD8, 0x81, 0xD7, 0x81, 0xD7, 0x81, 0x24, 0x81, 0x81, 0x81 ; file 1ABA37
db 0x0C, 0x81, 0x81, 0x81, 0x0C, 0x46, 0xD8, 0x81, 0x0C, 0x0C, 0xD2, 0x81, 0x0C, 0x0C, 0x0C, 0x81 ; file 1ABA47
db 0x0C, 0x0C, 0x0C, 0x81, 0xB9, 0x46, 0xD8, 0x81, 0xD7, 0x81, 0xD7, 0x81, 0x0C, 0x81, 0x81, 0x81 ; file 1ABA57
db 0x0C, 0x81, 0x81, 0x81, 0x48, 0x48, 0x48, 0x47, 0x48, 0x48, 0x48, 0xB3, 0xD5, 0x96, 0xD5, 0xB3 ; file 1ABA67
db 0xD5, 0xB3, 0x8E, 0xB3, 0x48, 0x96, 0xD8, 0x47, 0x48, 0x96, 0xD7, 0x47, 0x96, 0x96, 0x96, 0x96 ; file 1ABA77
db 0x8F, 0x96, 0xA9, 0xB3, 0x48, 0x46, 0xD8, 0x47, 0x48, 0x46, 0xD7, 0x47, 0xD5, 0x96, 0xBC, 0xBC ; file 1ABA87
db 0x0C, 0xB3, 0x8E, 0xB3, 0xB9, 0x46, 0xD8, 0x47, 0xD7, 0x46, 0xD7, 0x47, 0x96, 0x96, 0xBC, 0xBC ; file 1ABA97
db 0x8F, 0x81, 0xD7, 0x81, 0xD4, 0xD4, 0xD4, 0xD4, 0xD4, 0xD4, 0x8E, 0x8E, 0xD4, 0x96, 0x8E, 0x8E ; file 1ABAA7
db 0x8E, 0x8E, 0x8E, 0x8E, 0xD4, 0x46, 0xA9, 0x46, 0xA9, 0x46, 0xA9, 0x81, 0x96, 0x96, 0xA9, 0x81 ; file 1ABAB7
db 0xA9, 0x81, 0xA9, 0x81, 0xD4, 0x46, 0xD4, 0x46, 0x0C, 0x46, 0x1D, 0x81, 0x0C, 0x46, 0x8E, 0x81 ; file 1ABAC7
db 0x0C, 0x0C, 0x8E, 0x81, 0x18, 0x46, 0xD8, 0x46, 0x18, 0x46, 0xD7, 0x81, 0x18, 0x46, 0x81, 0x81 ; file 1ABAD7
db 0x0C, 0x81, 0x81, 0x81, 0x31, 0x84, 0x2A, 0x83, 0x31, 0x84, 0x2A, 0x92, 0x89, 0x84, 0x89, 0x92 ; file 1ABAE7
db 0x88, 0x92, 0x87, 0x92, 0x31, 0x13, 0x26, 0x83, 0x31, 0x13, 0x26, 0x83, 0x89, 0x52, 0x26, 0x83 ; file 1ABAF7
db 0x43, 0x43, 0xB0, 0xB0, 0x31, 0x29, 0x36, 0x0F, 0x25, 0x29, 0x36, 0x8D, 0x89, 0x29, 0x36, 0x8D ; file 1ABB07
db 0x88, 0x8D, 0x8D, 0x8D, 0x2E, 0x9A, 0x2E, 0x9A, 0xD7, 0x82, 0xD7, 0x82, 0x89, 0x52, 0x2E, 0x9A ; file 1ABB17
db 0x43, 0x43, 0x8D, 0x8D, 0xB8, 0xB8, 0x2A, 0x0F, 0xB8, 0xB8, 0x2A, 0x8D, 0xB8, 0xB8, 0x2A, 0x8D ; file 1ABB27
db 0x87, 0x43, 0x87, 0x8D, 0xB8, 0xB8, 0x2A, 0x83, 0xB8, 0x43, 0x2A, 0x43, 0xB8, 0x43, 0x2A, 0x43 ; file 1ABB37
db 0x43, 0x43, 0x87, 0x43, 0xB8, 0x0F, 0x0F, 0x0F, 0xB8, 0x8D, 0xBA, 0x8D, 0xB8, 0x8D, 0x8D, 0x8D ; file 1ABB47
db 0x8D, 0x8D, 0x8D, 0x8D, 0x33, 0x41, 0x0F, 0x0F, 0x33, 0x41, 0xBA, 0x4B, 0x33, 0x41, 0x8D, 0x8D ; file 1ABB57
db 0x43, 0x43, 0x8D, 0x8D, 0xB8, 0xB8, 0xB8, 0x9F, 0xB8, 0x9F, 0x87, 0x9F, 0x95, 0x52, 0x87, 0x9F ; file 1ABB67
db 0x88, 0x9F, 0x87, 0x9F, 0xB8, 0x52, 0xB8, 0x47, 0xB8, 0x43, 0x87, 0x9F, 0x52, 0x52, 0x52, 0x52 ; file 1ABB77
db 0x43, 0x43, 0x87, 0x9F, 0xB8, 0xB8, 0x36, 0x47, 0xB8, 0x8D, 0x1D, 0x8D, 0x95, 0x8D, 0x8D, 0x8D ; file 1ABB87
db 0x88, 0x8D, 0x8D, 0x8D, 0xB8, 0x41, 0x47, 0x47, 0xB8, 0x41, 0x1D, 0x47, 0x52, 0x52, 0x42, 0x42 ; file 1ABB97
db 0x43, 0x43, 0x8D, 0x8D, 0xB8, 0xB8, 0xB8, 0xB8, 0xB8, 0xB8, 0x87, 0x8D, 0xB8, 0xB8, 0x87, 0x8D ; file 1ABBA7
db 0x87, 0x43, 0x87, 0x8D, 0xB8, 0xB8, 0xB8, 0xB8, 0xB8, 0x43, 0x87, 0x43, 0xB8, 0x43, 0x87, 0x43 ; file 1ABBB7
db 0x43, 0x43, 0x87, 0x43, 0xB8, 0xB8, 0xB8, 0x4E, 0xB8, 0x8D, 0x1D, 0x8D, 0xB8, 0x8D, 0x8D, 0x8D ; file 1ABBC7
db 0x8D, 0x8D, 0x8D, 0x8D, 0xB8, 0x41, 0xB8, 0x41, 0xB8, 0x41, 0x1D, 0x8D, 0xB8, 0x41, 0x8D, 0x8D ; file 1ABBD7
db 0x43, 0x43, 0x8D, 0x8D, 0x48, 0x13, 0x48, 0x13, 0x48, 0x13, 0x44, 0x44, 0xD5, 0x96, 0xD5, 0x44 ; file 1ABBE7
db 0xD5, 0x44, 0x44, 0x44, 0xC9, 0x13, 0xC9, 0x13, 0xC9, 0x13, 0xB0, 0xB0, 0x96, 0x96, 0xB0, 0xB0 ; file 1ABBF7
db 0xB0, 0xB0, 0xB0, 0xB0, 0x48, 0x13, 0x36, 0x47, 0x25, 0x25, 0xD7, 0x82, 0xD5, 0x96, 0x36, 0x42 ; file 1ABC07
db 0x0C, 0x44, 0x44, 0x44, 0xB9, 0x13, 0xD8, 0x47, 0xD7, 0x82, 0xD7, 0x82, 0x96, 0x96, 0xD8, 0x42 ; file 1ABC17
db 0xB0, 0xB0, 0xB0, 0xB0, 0xB8, 0xB8, 0x2A, 0x0F, 0x2D, 0x53, 0x8E, 0x44, 0xD6, 0xD6, 0xD6, 0xD6 ; file 1ABC27
db 0xD6, 0xBD, 0x8E, 0x44, 0xB8, 0x13, 0x2A, 0x13, 0x53, 0x53, 0x1B, 0x53, 0xD6, 0x96, 0xD6, 0xB0 ; file 1ABC37
db 0xBD, 0xBD, 0x8E, 0xB0, 0xB8, 0x0F, 0x0F, 0x0F, 0x0C, 0x53, 0xBA, 0x8D, 0xD6, 0xD6, 0xD6, 0x8D ; file 1ABC47
db 0x0C, 0x8D, 0x8D, 0x8D, 0x18, 0x13, 0xD8, 0x47, 0x18, 0x53, 0x1B, 0xAC, 0xD6, 0x81, 0x81, 0x81 ; file 1ABC57
db 0x0C, 0x81, 0x81, 0x81, 0x48, 0x48, 0x48, 0x47, 0x48, 0x48, 0x48, 0x9F, 0xD5, 0x96, 0xD5, 0x96 ; file 1ABC67
db 0xD5, 0x96, 0x8E, 0x9F, 0xC9, 0x96, 0xC9, 0x47, 0xC9, 0x96, 0xC9, 0x47, 0x96, 0x96, 0x96, 0x96 ; file 1ABC77
db 0x96, 0x96, 0x8E, 0xB0, 0x48, 0x47, 0x47, 0x47, 0x48, 0x47, 0x1D, 0x47, 0xD5, 0x96, 0xD5, 0x42 ; file 1ABC87
db 0xD5, 0x8D, 0x8D, 0x8D, 0xC9, 0x47, 0x47, 0x47, 0xC9, 0x47, 0x47, 0x47, 0x96, 0x96, 0x42, 0x42 ; file 1ABC97
db 0x90, 0x90, 0x90, 0x90, 0xB8, 0xB8, 0xB8, 0xB8, 0xB8, 0xB8, 0x8E, 0x8D, 0xD6, 0xD6, 0xD6, 0xD6 ; file 1ABCA7
db 0xD6, 0xBD, 0x8E, 0x8D, 0xB8, 0x96, 0xB8, 0x47, 0xB8, 0xBD, 0x8E, 0x90, 0xD6, 0x96, 0xD6, 0x90 ; file 1ABCB7
db 0xBD, 0xBD, 0x8E, 0x90, 0xB8, 0xB8, 0xB8, 0x47, 0x4D, 0x8D, 0x1D, 0x8D, 0xD6, 0xD6, 0xD6, 0x8D ; file 1ABCC7
db 0xD6, 0x8D, 0x8D, 0x8D, 0x18, 0x18, 0x18, 0x47, 0x18, 0x90, 0x90, 0x90, 0xD6, 0x90, 0x90, 0x90 ; file 1ABCD7
db 0x90, 0x90, 0x90, 0x90, 0x48, 0x48, 0x36, 0x36, 0x48, 0xC0, 0x36, 0xC0, 0xD5, 0xD5, 0x36, 0x44 ; file 1ABCE7
db 0xD5, 0x44, 0x44, 0x44, 0xDA, 0xBE, 0x36, 0x83, 0xDA, 0xBE, 0xD7, 0xC0, 0xD5, 0x52, 0x36, 0x44 ; file 1ABCF7
db 0xCE, 0x43, 0x44, 0x44, 0x36, 0x36, 0x36, 0x36, 0x36, 0x36, 0x36, 0x36, 0x36, 0x36, 0x36, 0x36 ; file 1ABD07
db 0xB5, 0x44, 0xB5, 0x44, 0x36, 0x0E, 0x36, 0x36, 0xD7, 0xAC, 0xD7, 0xAC, 0x36, 0xB7, 0x36, 0xB7 ; file 1ABD17
db 0xB5, 0x81, 0xB5, 0x81, 0xB8, 0xB8, 0x2A, 0x0F, 0x2D, 0x2D, 0x1D, 0xC0, 0x24, 0x24, 0x24, 0x24 ; file 1ABD27
db 0x24, 0x24, 0xB5, 0x44, 0xB8, 0xB8, 0x2A, 0x83, 0x2D, 0x43, 0x1B, 0xAC, 0x24, 0x24, 0x24, 0xA5 ; file 1ABD37
db 0x24, 0x43, 0xB5, 0x81, 0x36, 0x0F, 0x36, 0x0F, 0x1D, 0x1D, 0x1D, 0x1D, 0x24, 0x24, 0xB5, 0x8D ; file 1ABD47
db 0xB5, 0x8D, 0xB5, 0x8D, 0x18, 0x18, 0x36, 0xAC, 0x18, 0xAC, 0x1B, 0xAC, 0x18, 0x81, 0xB5, 0x81 ; file 1ABD57
db 0xB5, 0x81, 0xB5, 0x81, 0x48, 0x48, 0x48, 0x48, 0x48, 0x48, 0x1D, 0x9F, 0xD5, 0xD5, 0xD5, 0x9F ; file 1ABD67
db 0xD5, 0x9F, 0xB5, 0x9F, 0x48, 0x48, 0x48, 0x47, 0x48, 0x43, 0x1D, 0x90, 0xD5, 0x52, 0xD5, 0xA5 ; file 1ABD77
db 0xD5, 0x43, 0xB5, 0x90, 0x48, 0x48, 0x36, 0x36, 0x1D, 0x1D, 0x1D, 0x1D, 0xD5, 0xD5, 0xB5, 0x8D ; file 1ABD87
db 0xB5, 0x8D, 0xB5, 0x8D, 0x18, 0x18, 0x36, 0x47, 0x18, 0x90, 0x1D, 0x90, 0xD5, 0x52, 0xB5, 0x90 ; file 1ABD97
db 0xB5, 0x90, 0xB5, 0x90, 0xB8, 0xB8, 0xB8, 0xB8, 0xB8, 0xB8, 0x1D, 0x1D, 0x0B, 0x0B, 0xB5, 0x8D ; file 1ABDA7
db 0xB5, 0x43, 0xB5, 0x8D, 0xB8, 0xB8, 0xB8, 0xA5, 0xB8, 0x43, 0x1D, 0x90, 0x0B, 0x43, 0xA5, 0xA5 ; file 1ABDB7
db 0x43, 0x43, 0xB5, 0x90, 0xB8, 0xB8, 0x1D, 0x1D, 0x1D, 0x1D, 0x1D, 0x1D, 0xB5, 0x8D, 0xB5, 0x8D ; file 1ABDC7
db 0xB5, 0x8D, 0xB5, 0x8D, 0x18, 0x18, 0x18, 0x90, 0x18, 0x90, 0x1D, 0x90, 0x18, 0x90, 0xB5, 0x90 ; file 1ABDD7
db 0xB5, 0x90, 0xB5, 0x90, 0x48, 0x48, 0x48, 0x44, 0x48, 0x44, 0x44, 0x44, 0xD5, 0xD5, 0xD5, 0x44 ; file 1ABDE7
db 0xD5, 0x44, 0x44, 0x44, 0xDA, 0xBE, 0xD8, 0x97, 0xDA, 0xBE, 0xD7, 0x44, 0xD5, 0x96, 0xD5, 0x44 ; file 1ABDF7
db 0xCE, 0x44, 0x44, 0x44, 0x48, 0x48, 0x36, 0x36, 0x48, 0x44, 0xD7, 0x44, 0xD5, 0xD5, 0x36, 0x44 ; file 1ABE07
db 0x0C, 0x44, 0x44, 0x44, 0xB9, 0x97, 0xD8, 0x97, 0xD7, 0xAC, 0xD7, 0xAC, 0xB9, 0xB7, 0xD8, 0xB7 ; file 1ABE17
db 0xD7, 0x81, 0xD7, 0x81, 0xD4, 0xD4, 0xD4, 0xD4, 0x2D, 0x2D, 0x2D, 0x44, 0xD4, 0xD4, 0xD4, 0x44 ; file 1ABE27
db 0x0C, 0x44, 0x44, 0x44, 0xD4, 0xBE, 0xD4, 0xAC, 0x2D, 0x53, 0x1B, 0xAC, 0xD4, 0x81, 0x81, 0x81 ; file 1ABE37
db 0x0C, 0x81, 0x81, 0x81, 0xD4, 0xD4, 0x36, 0xAC, 0x0C, 0xAC, 0x1B, 0xAC, 0x0C, 0x0C, 0xB5, 0x81 ; file 1ABE47
db 0x0C, 0x0C, 0xB5, 0x81, 0x18, 0x18, 0xD8, 0xAC, 0x18, 0xAC, 0x1B, 0xAC, 0x18, 0x81, 0x81, 0x81 ; file 1ABE57
db 0x0C, 0x81, 0x81, 0x81, 0x48, 0x48, 0x48, 0x48, 0x48, 0x48, 0x48, 0x44, 0xD5, 0xD5, 0xD5, 0xD5 ; file 1ABE67
db 0xD5, 0xD5, 0xD5, 0x44, 0x48, 0x48, 0x48, 0x47, 0x48, 0x48, 0x48, 0x90, 0xD5, 0x96, 0xD5, 0x90 ; file 1ABE77
db 0xD5, 0x90, 0x90, 0x90, 0x48, 0x48, 0x48, 0x47, 0x48, 0x48, 0x1D, 0x90, 0xD5, 0xD5, 0xD5, 0x90 ; file 1ABE87
db 0xD5, 0x90, 0xB5, 0x90, 0x18, 0x18, 0xD8, 0x47, 0x18, 0x90, 0xD7, 0x90, 0xD5, 0x90, 0x90, 0x90 ; file 1ABE97
db 0x90, 0x90, 0x90, 0x90, 0xD4, 0xD4, 0xD4, 0xD4, 0xD4, 0xD4, 0xD4, 0x90, 0xD4, 0xD4, 0xD4, 0x90 ; file 1ABEA7
db 0xD4, 0xAE, 0x8E, 0x90, 0xD4, 0xD4, 0xD4, 0x90, 0xD4, 0x90, 0x90, 0x90, 0xD4, 0x90, 0x90, 0x90 ; file 1ABEB7
db 0x90, 0x90, 0x90, 0x90, 0xD4, 0xD4, 0xD4, 0x90, 0x4D, 0x4D, 0x1D, 0x90, 0xD4, 0x90, 0xB5, 0x90 ; file 1ABEC7
db 0xB5, 0x90, 0xB5, 0x90, 0x18, 0x18, 0x18, 0x90, 0x18, 0x90, 0x90, 0x90, 0x18, 0x90, 0x90, 0x90 ; file 1ABED7
db 0x90, 0x90, 0x90, 0x90, 0x27, 0x84, 0x26, 0x83, 0x27, 0x84, 0x92, 0x92, 0x89, 0x84, 0x89, 0x92 ; file 1ABEE7
db 0x88, 0x92, 0x92, 0x92, 0x26, 0x83, 0x26, 0x83, 0x26, 0x83, 0x26, 0x83, 0x89, 0x83, 0x26, 0x83 ; file 1ABEF7
db 0x88, 0x92, 0x92, 0x92, 0x27, 0x84, 0x3D, 0x9A, 0x25, 0x84, 0xBA, 0x82, 0x89, 0x84, 0x3D, 0x92 ; file 1ABF07
db 0x88, 0x92, 0x92, 0x92, 0x2E, 0x9A, 0x2E, 0x9A, 0x25, 0x82, 0x2E, 0x82, 0x89, 0x9A, 0x2E, 0x9A ; file 1ABF17
db 0x54, 0x54, 0x54, 0x54, 0x27, 0x84, 0x2A, 0x83, 0x37, 0x84, 0xBA, 0x92, 0x89, 0x84, 0x89, 0x92 ; file 1ABF27
db 0x9C, 0x92, 0x87, 0x92, 0x26, 0x83, 0x26, 0x83, 0x37, 0x4B, 0xBA, 0x4B, 0x89, 0x83, 0x26, 0x83 ; file 1ABF37
db 0x9C, 0x91, 0x87, 0x91, 0x30, 0x84, 0xBA, 0x9A, 0xBA, 0xBA, 0xBA, 0xBA, 0x89, 0x49, 0xBA, 0x49 ; file 1ABF47
db 0x9C, 0x49, 0xBA, 0x49, 0x5C, 0x9A, 0x2E, 0x9A, 0xBA, 0x4B, 0xBA, 0x4B, 0x40, 0x91, 0x2E, 0x91 ; file 1ABF57
db 0x91, 0x91, 0x91, 0x91, 0x23, 0x84, 0x23, 0x83, 0x2B, 0x2B, 0x2B, 0x92, 0x88, 0x84, 0x88, 0x92 ; file 1ABF67
db 0x88, 0x88, 0x88, 0x92, 0x23, 0x83, 0x26, 0x83, 0x2B, 0x2B, 0x26, 0x83, 0x88, 0x83, 0x26, 0x83 ; file 1ABF77
db 0x88, 0x88, 0x88, 0x91, 0x23, 0x84, 0x3D, 0x9A, 0x2B, 0x2B, 0xBA, 0x82, 0x88, 0x84, 0xD3, 0x91 ; file 1ABF87
db 0x88, 0x88, 0x88, 0x91, 0x5C, 0x9A, 0x2E, 0x9A, 0x2B, 0x82, 0x2E, 0x82, 0x40, 0x91, 0x2E, 0x91 ; file 1ABF97
db 0x88, 0x91, 0x91, 0x91, 0x23, 0x84, 0x23, 0x4E, 0x37, 0x37, 0x37, 0x37, 0x9C, 0x57, 0x87, 0x57 ; file 1ABFA7
db 0x9C, 0x9C, 0x87, 0x87, 0x5C, 0x41, 0x26, 0x83, 0x37, 0x37, 0x37, 0x91, 0x9C, 0x57, 0x87, 0x91 ; file 1ABFB7
db 0x9C, 0x91, 0x87, 0x91, 0x30, 0x30, 0x30, 0x4E, 0x30, 0x30, 0xBA, 0x91, 0x30, 0x30, 0x30, 0x91 ; file 1ABFC7
db 0x9C, 0x91, 0x87, 0x91, 0x5C, 0x41, 0x5C, 0x91, 0x5C, 0x91, 0x91, 0x91, 0x40, 0x91, 0x91, 0x91 ; file 1ABFD7
db 0x91, 0x91, 0x91, 0x91, 0x27, 0x27, 0x27, 0x27, 0x27, 0x27, 0x27, 0x82, 0x27, 0x27, 0x27, 0x92 ; file 1ABFE7
db 0x27, 0x92, 0x92, 0x92, 0x27, 0xBE, 0x26, 0x83, 0x27, 0x82, 0x82, 0x82, 0x27, 0x9D, 0x26, 0x83 ; file 1ABFF7
db 0x27, 0x2F, 0x2F, 0x2F, 0x27, 0x27, 0x27, 0x82, 0x25, 0x25, 0x25, 0x82, 0x27, 0x27, 0x27, 0x82 ; file 1AC007
db 0x25, 0x25, 0x25, 0x82, 0xB9, 0x82, 0x2E, 0x82, 0x25, 0x82, 0x82, 0x82, 0xB9, 0x82, 0x2E, 0x82 ; file 1AC017
db 0x25, 0x82, 0x82, 0x82, 0x27, 0x27, 0x27, 0x27, 0x27, 0x27, 0xBA, 0x82, 0x27, 0x27, 0x27, 0x92 ; file 1AC027
db 0x9C, 0x92, 0x8E, 0x92, 0x27, 0xBE, 0x26, 0x83, 0x27, 0x82, 0x82, 0x82, 0x27, 0x9D, 0x26, 0x83 ; file 1AC037
db 0x9C, 0xB6, 0x8E, 0x2F, 0x27, 0x27, 0xBA, 0x82, 0x25, 0x25, 0xBA, 0x82, 0x27, 0x27, 0xBA, 0x49 ; file 1AC047
db 0x0C, 0x49, 0xBA, 0x49, 0xB9, 0x82, 0x2E, 0x82, 0x25, 0x82, 0x82, 0x82, 0x40, 0x40, 0x40, 0x81 ; file 1AC057
db 0x40, 0x81, 0x81, 0x81, 0x27, 0x27, 0x27, 0x27, 0x27, 0x27, 0x27, 0x82, 0x27, 0x27, 0x27, 0x92 ; file 1AC067
db 0x88, 0x88, 0x88, 0x92, 0x27, 0xBE, 0x26, 0x83, 0x27, 0x82, 0x82, 0x82, 0x27, 0x96, 0x26, 0x42 ; file 1AC077
db 0x88, 0x88, 0x88, 0x2F, 0x27, 0x27, 0x27, 0x82, 0x25, 0x25, 0x25, 0x82, 0x27, 0x27, 0xD3, 0x42 ; file 1AC087
db 0x88, 0x88, 0x88, 0x82, 0xB9, 0x82, 0x2E, 0x82, 0x25, 0x82, 0x82, 0x82, 0x40, 0x40, 0x40, 0x42 ; file 1AC097
db 0x40, 0x82, 0x82, 0x82, 0x27, 0x27, 0x27, 0x27, 0x37, 0x37, 0x8E, 0x8E, 0x9C, 0x57, 0x8E, 0x8E ; file 1AC0A7
db 0x9C, 0x9C, 0x8E, 0x8E, 0x27, 0xBE, 0x26, 0x83, 0x37, 0xB6, 0x8E, 0x82, 0x40, 0x40, 0x40, 0x91 ; file 1AC0B7
db 0x9C, 0xB6, 0x8E, 0x91, 0x30, 0x30, 0x30, 0x4E, 0x25, 0x25, 0xBA, 0x82, 0x40, 0x40, 0x40, 0x91 ; file 1AC0C7
db 0x4A, 0x4A, 0x8E, 0x91, 0x40, 0x40, 0x40, 0x82, 0x40, 0x82, 0x82, 0x82, 0x40, 0x40, 0x40, 0x91 ; file 1AC0D7
db 0x40, 0x91, 0x91, 0x91, 0x34, 0x84, 0x3D, 0x3D, 0x34, 0x84, 0x3D, 0x92, 0x89, 0x84, 0x3D, 0x92 ; file 1AC0E7
db 0x88, 0x92, 0x92, 0x92, 0x0A, 0xBE, 0x26, 0x83, 0x0A, 0xBE, 0x26, 0x56, 0x89, 0xBE, 0x26, 0x83 ; file 1AC0F7
db 0x88, 0x92, 0x92, 0x92, 0x3D, 0x3D, 0x3D, 0x3D, 0x3D, 0x3D, 0x3D, 0x3D, 0x3D, 0x3D, 0x3D, 0x3D ; file 1AC107
db 0x3D, 0x49, 0x3D, 0x49, 0xB9, 0x97, 0x3D, 0x97, 0xB9, 0x56, 0x3D, 0x56, 0xB9, 0x97, 0x3D, 0x97 ; file 1AC117
db 0xB9, 0x49, 0x3D, 0x49, 0x30, 0x84, 0x3D, 0x3D, 0x2D, 0x49, 0xBA, 0x49, 0x24, 0x24, 0x24, 0x49 ; file 1AC127
db 0x9C, 0x49, 0x49, 0x49, 0x0A, 0xBE, 0x26, 0x83, 0x0A, 0xBE, 0xBA, 0x49, 0x24, 0xBE, 0x24, 0x49 ; file 1AC137
db 0x9C, 0x49, 0x49, 0x49, 0x30, 0x30, 0x3D, 0x3D, 0x30, 0x49, 0xBA, 0x49, 0x30, 0x49, 0x3D, 0x49 ; file 1AC147
db 0x49, 0x49, 0x49, 0x49, 0x30, 0x30, 0x3D, 0x97, 0x30, 0x49, 0xBA, 0x49, 0x30, 0x49, 0x3D, 0x49 ; file 1AC157
db 0x49, 0x49, 0x49, 0x49, 0x23, 0x84, 0x3D, 0x3D, 0x2B, 0x2B, 0x2B, 0x92, 0x88, 0x84, 0xD3, 0x92 ; file 1AC167
db 0x88, 0x88, 0x88, 0x92, 0x0A, 0xBE, 0x26, 0x83, 0x2B, 0xBE, 0x26, 0x56, 0x88, 0xBE, 0xD3, 0x83 ; file 1AC177
db 0x88, 0x88, 0x88, 0x91, 0x30, 0x30, 0x3D, 0x3D, 0x30, 0x30, 0x3D, 0x3D, 0x30, 0x30, 0xD3, 0xD3 ; file 1AC187
db 0x88, 0x49, 0xD3, 0x49, 0x30, 0x30, 0x3D, 0x97, 0x30, 0x56, 0x3D, 0x56, 0x30, 0x30, 0xD3, 0x91 ; file 1AC197
db 0x88, 0x91, 0x91, 0x91, 0x30, 0x30, 0x30, 0x30, 0x30, 0x30, 0x30, 0x49, 0x0B, 0x0B, 0x0B, 0x49 ; file 1AC1A7
db 0x9C, 0x9C, 0x87, 0x49, 0x30, 0x30, 0x30, 0x83, 0x30, 0x30, 0x30, 0x91, 0x0B, 0x0B, 0x0B, 0x91 ; file 1AC1B7
db 0x9C, 0x91, 0x87, 0x91, 0x30, 0x30, 0x30, 0x30, 0x30, 0x30, 0x30, 0x49, 0x30, 0x30, 0x30, 0x49 ; file 1AC1C7
db 0x30, 0x49, 0x49, 0x49, 0x30, 0x30, 0x30, 0x30, 0x30, 0x30, 0x30, 0x91, 0x30, 0x30, 0x30, 0x91 ; file 1AC1D7
db 0x30, 0x91, 0x91, 0x91, 0x34, 0x34, 0x34, 0x34, 0x34, 0x34, 0x34, 0x34, 0x34, 0x34, 0x34, 0x34 ; file 1AC1E7
db 0x34, 0x34, 0x34, 0x92, 0x0A, 0xBE, 0x0A, 0x97, 0x0A, 0xBE, 0x0A, 0x82, 0x0A, 0xBE, 0x0A, 0x97 ; file 1AC1F7
db 0x8F, 0xBE, 0x8F, 0x2F, 0x34, 0x34, 0x3D, 0x97, 0x25, 0x25, 0xD1, 0x82, 0x34, 0x34, 0x3D, 0x97 ; file 1AC207
db 0x0C, 0x49, 0xD1, 0x49, 0xB9, 0x97, 0x97, 0x97, 0xB9, 0x82, 0x82, 0x82, 0xB9, 0x97, 0x97, 0x97 ; file 1AC217
db 0xB9, 0x81, 0x81, 0x81, 0x34, 0x34, 0x34, 0x34, 0x2D, 0x2D, 0xD2, 0x49, 0x34, 0x34, 0x34, 0x49 ; file 1AC227
db 0x0C, 0x49, 0x49, 0x49, 0x0A, 0xBE, 0x0A, 0x97, 0x0A, 0xBE, 0x1B, 0xAC, 0x0A, 0xBE, 0x0A, 0x81 ; file 1AC237
db 0x8F, 0x81, 0x81, 0x81, 0x30, 0x30, 0x3D, 0x97, 0xD2, 0x49, 0xD2, 0x49, 0x0C, 0x49, 0x3D, 0x49 ; file 1AC247
db 0x0C, 0x49, 0x49, 0x49, 0xB9, 0x97, 0x97, 0x97, 0xB9, 0xAC, 0x1B, 0xAC, 0xB9, 0x81, 0x81, 0x81 ; file 1AC257
db 0x0C, 0x81, 0x81, 0x81, 0x34, 0x34, 0x34, 0x34, 0x34, 0x34, 0x34, 0xB3, 0x34, 0x34, 0x34, 0xB3 ; file 1AC267
db 0x88, 0x88, 0x88, 0xB3, 0x0A, 0xBE, 0x0A, 0x97, 0x8F, 0xBE, 0x8F, 0x82, 0x8F, 0xBE, 0x8F, 0x97 ; file 1AC277
db 0x8F, 0x8F, 0x8F, 0x20, 0x30, 0x30, 0x3D, 0x97, 0x25, 0x25, 0xD1, 0x82, 0x30, 0x30, 0xD3, 0x97 ; file 1AC287
db 0x4A, 0x4A, 0x4A, 0x20, 0xB9, 0x97, 0x97, 0x97, 0xB9, 0x82, 0x82, 0x82, 0xB9, 0x97, 0x97, 0x97 ; file 1AC297
db 0x8F, 0x20, 0x20, 0x20, 0x30, 0x30, 0x30, 0x30, 0x2D, 0x2D, 0x8E, 0x20, 0x0B, 0x0B, 0x8E, 0x20 ; file 1AC2A7
db 0x4A, 0x4A, 0x8E, 0x20, 0x0A, 0xBE, 0x0A, 0x97, 0x8F, 0xBE, 0xA9, 0x20, 0x40, 0xBE, 0xA9, 0x20 ; file 1AC2B7
db 0x8F, 0x20, 0xA9, 0x20, 0x30, 0x30, 0x30, 0x30, 0x30, 0x30, 0xD2, 0x20, 0x30, 0x30, 0x30, 0x20 ; file 1AC2C7
db 0x4A, 0x4A, 0x4A, 0x20, 0x30, 0x46, 0x30, 0x97, 0x30, 0x20, 0x1B, 0x20, 0x40, 0x20, 0x20, 0x20 ; file 1AC2D7
db 0x4A, 0x20, 0x20, 0x20, 0x23, 0x84, 0x23, 0x83, 0x23, 0x84, 0x23, 0x92, 0x89, 0x84, 0x89, 0x92 ; file 1AC2E7
db 0x88, 0x92, 0x92, 0x92, 0x23, 0x83, 0x26, 0x83, 0x23, 0x83, 0x26, 0x83, 0x89, 0x83, 0x26, 0x83 ; file 1AC2F7
db 0x88, 0x92, 0x92, 0x92, 0x23, 0x29, 0x3D, 0x9A, 0x23, 0x29, 0xBA, 0x82, 0x89, 0x29, 0x3D, 0x92 ; file 1AC307
db 0x88, 0x92, 0x92, 0x92, 0x23, 0x9A, 0x2E, 0x9A, 0x23, 0x82, 0x2E, 0x82, 0x89, 0x9A, 0x2E, 0x9A ; file 1AC317
db 0x54, 0x54, 0x54, 0x54, 0x23, 0x84, 0x23, 0x83, 0x3C, 0x3C, 0xBA, 0x92, 0x89, 0x57, 0x89, 0x57 ; file 1AC327
db 0x9C, 0x58, 0x87, 0x92, 0x23, 0x83, 0x26, 0x83, 0x3C, 0x3C, 0xBA, 0x4B, 0x89, 0x57, 0x26, 0x83 ; file 1AC337
db 0x9C, 0x43, 0x87, 0x91, 0x23, 0x29, 0xBA, 0x0F, 0xBA, 0xBA, 0xBA, 0xBA, 0x89, 0x57, 0xBA, 0x49 ; file 1AC347
db 0x4A, 0x49, 0xBA, 0x49, 0x33, 0x33, 0x2E, 0x9A, 0x33, 0x4B, 0xBA, 0x4B, 0x33, 0x33, 0x2E, 0x91 ; file 1AC357
db 0x33, 0x91, 0x91, 0x91, 0x23, 0x23, 0x23, 0x23, 0x23, 0x23, 0x23, 0x23, 0x23, 0x23, 0x23, 0x23 ; file 1AC367
db 0x88, 0x58, 0x88, 0x92, 0x23, 0x23, 0x23, 0x83, 0x23, 0x23, 0x23, 0x83, 0x23, 0x23, 0x23, 0x83 ; file 1AC377
db 0x88, 0x43, 0x88, 0x91, 0x23, 0x23, 0x23, 0x23, 0x23, 0x23, 0x23, 0x23, 0x23, 0x23, 0x23, 0x23 ; file 1AC387
db 0x88, 0x58, 0x88, 0x86, 0x23, 0x23, 0x23, 0x9A, 0x23, 0x23, 0x23, 0x82, 0x23, 0x23, 0x23, 0x91 ; file 1AC397
db 0x88, 0x91, 0x91, 0x91, 0x23, 0x23, 0x23, 0x23, 0x23, 0x58, 0x23, 0x50, 0x0B, 0x57, 0x0B, 0x57 ; file 1AC3A7
db 0x9C, 0x58, 0x87, 0x50, 0x23, 0x23, 0x23, 0x83, 0x23, 0x43, 0x23, 0x91, 0x0B, 0x57, 0x0B, 0x57 ; file 1AC3B7
db 0x9C, 0x43, 0x87, 0x91, 0x23, 0x23, 0x23, 0x4E, 0x23, 0x58, 0xBA, 0x86, 0x0B, 0x57, 0xB5, 0x57 ; file 1AC3C7
db 0x4A, 0x58, 0xB5, 0x86, 0x5C, 0x41, 0x5C, 0x91, 0x5C, 0x91, 0x91, 0x91, 0x40, 0x57, 0x91, 0x91 ; file 1AC3D7
db 0x4A, 0x91, 0x91, 0x91, 0x27, 0x27, 0x27, 0x27, 0x27, 0x27, 0x27, 0x82, 0x27, 0x27, 0x27, 0x92 ; file 1AC3E7
db 0x27, 0x92, 0x92, 0x92, 0x27, 0xBE, 0x26, 0x83, 0x27, 0x82, 0x82, 0x82, 0x27, 0x9D, 0x26, 0x83 ; file 1AC3F7
db 0xCE, 0x2F, 0x2F, 0x2F, 0x27, 0x27, 0x27, 0x82, 0x25, 0x25, 0x25, 0x82, 0x27, 0x27, 0x27, 0x82 ; file 1AC407
db 0x25, 0x25, 0x25, 0x82, 0xB9, 0x82, 0x2E, 0x82, 0x25, 0x82, 0x82, 0x82, 0xB9, 0x82, 0x2E, 0x82 ; file 1AC417
db 0x25, 0x82, 0x82, 0x82, 0x27, 0x27, 0x27, 0x27, 0x2D, 0x2D, 0x2D, 0xAC, 0x27, 0x57, 0x27, 0x57 ; file 1AC427
db 0x2D, 0x58, 0x8E, 0x92, 0x1F, 0xBE, 0x1B, 0x83, 0x2D, 0x53, 0x1B, 0xAC, 0x1F, 0x57, 0x1B, 0x80 ; file 1AC437
db 0x2D, 0x43, 0x1B, 0x80, 0x1F, 0x1F, 0xBA, 0xAC, 0x25, 0xAC, 0xBA, 0xAC, 0x4A, 0x4A, 0x4A, 0x49 ; file 1AC447
db 0x4A, 0x4A, 0x4A, 0x49, 0x1F, 0x1F, 0x1B, 0xAC, 0x1B, 0xAC, 0x1B, 0xAC, 0x1F, 0x1F, 0x1B, 0x80 ; file 1AC457
db 0x4A, 0x80, 0x1B, 0x80, 0x23, 0x23, 0x23, 0x23, 0x23, 0x23, 0x23, 0x23, 0x23, 0x23, 0x23, 0x23 ; file 1AC467
db 0x88, 0x58, 0x88, 0x92, 0x23, 0x23, 0x23, 0x83, 0x23, 0x23, 0x23, 0x82, 0x23, 0x23, 0x23, 0x42 ; file 1AC477
db 0x88, 0x43, 0x80, 0x80, 0x23, 0x23, 0x23, 0x23, 0x23, 0x23, 0x23, 0x82, 0x23, 0x23, 0x23, 0x42 ; file 1AC487
db 0x4A, 0x4A, 0x4A, 0x80, 0x23, 0x23, 0x23, 0x82, 0x23, 0x82, 0x82, 0x82, 0x40, 0x40, 0x40, 0x42 ; file 1AC497
db 0x4A, 0x80, 0x80, 0x80, 0x23, 0x23, 0x23, 0x23, 0x23, 0x58, 0x8E, 0x50, 0x0B, 0x57, 0x8E, 0x57 ; file 1AC4A7
db 0x4A, 0x58, 0x8E, 0x50, 0x23, 0x23, 0x23, 0x80, 0x23, 0x43, 0x1B, 0x80, 0x40, 0x57, 0x40, 0x80 ; file 1AC4B7
db 0x4A, 0x43, 0x80, 0x80, 0x23, 0x23, 0x23, 0x4E, 0x4A, 0x4A, 0x4A, 0x80, 0x4A, 0x4A, 0x4A, 0x80 ; file 1AC4C7
db 0x4A, 0x4A, 0x4A, 0x80, 0x18, 0x18, 0x18, 0x80, 0x4A, 0x80, 0x1B, 0x80, 0x40, 0x40, 0x40, 0x80 ; file 1AC4D7
db 0x4A, 0x80, 0x80, 0x80, 0xBB, 0xBB, 0xBB, 0xBB, 0xBB, 0xBB, 0xBB, 0x92, 0xBB, 0xBB, 0xBB, 0x92 ; file 1AC4E7
db 0xBB, 0x92, 0x92, 0x92, 0xBB, 0xBB, 0xBB, 0x83, 0xBB, 0xBB, 0xBB, 0x56, 0xBB, 0xBB, 0xBB, 0x83 ; file 1AC4F7
db 0xBB, 0x92, 0x92, 0x92, 0xBB, 0xBB, 0x3D, 0x3D, 0xBB, 0xBB, 0x16, 0x16, 0xBB, 0xBB, 0x3D, 0x3D ; file 1AC507
db 0x4A, 0x49, 0x16, 0x49, 0xB9, 0x0E, 0x3D, 0x97, 0xB9, 0x56, 0x16, 0x56, 0xB9, 0x0E, 0x3D, 0x97 ; file 1AC517
db 0x4A, 0x49, 0x16, 0x49, 0xBB, 0xBB, 0xBB, 0xBB, 0x2D, 0x2D, 0x16, 0x16, 0x0B, 0x0B, 0x0B, 0x49 ; file 1AC527
db 0xC7, 0xC7, 0xC7, 0x49, 0xBB, 0xBB, 0xBB, 0x83, 0x2D, 0xAC, 0x16, 0xAC, 0x0B, 0x0B, 0x0B, 0x49 ; file 1AC537
db 0xC7, 0xC7, 0xC7, 0x49, 0x30, 0x30, 0x16, 0x16, 0x16, 0x16, 0x16, 0x16, 0x0B, 0x49, 0x16, 0x49 ; file 1AC547
db 0x4A, 0x49, 0x16, 0x49, 0x1F, 0x1F, 0x16, 0xAC, 0x16, 0xAC, 0x16, 0xAC, 0x1F, 0x1F, 0x16, 0x49 ; file 1AC557
db 0x4A, 0x49, 0x16, 0x49, 0x23, 0x23, 0x23, 0x23, 0x23, 0x23, 0x23, 0x23, 0x0B, 0x0B, 0x0B, 0x0B ; file 1AC567
db 0x88, 0x58, 0x88, 0x92, 0x23, 0x23, 0x23, 0x83, 0x23, 0x23, 0x23, 0x56, 0x0B, 0x0B, 0x0B, 0x80 ; file 1AC577
db 0x88, 0x43, 0x80, 0x80, 0x23, 0x23, 0x3D, 0x3D, 0x23, 0x23, 0x16, 0x16, 0x0B, 0x0B, 0xD3, 0xD3 ; file 1AC587
db 0x4A, 0x4A, 0xB5, 0x49, 0x23, 0x0E, 0x3D, 0x97, 0x23, 0x56, 0x16, 0x56, 0x0B, 0x80, 0xD3, 0x80 ; file 1AC597
db 0x4A, 0x80, 0x80, 0x80, 0x0B, 0x0B, 0x0B, 0x0B, 0x0B, 0x58, 0x16, 0x16, 0x0B, 0x0B, 0x0B, 0x0B ; file 1AC5A7
db 0x0B, 0x58, 0xB5, 0x49, 0x0B, 0x0B, 0x0B, 0x80, 0x0B, 0x43, 0x16, 0x80, 0x0B, 0x0B, 0x0B, 0x80 ; file 1AC5B7
db 0x0B, 0x43, 0x80, 0x80, 0x30, 0x30, 0x30, 0x30, 0x30, 0x30, 0x16, 0x16, 0x0B, 0x0B, 0xB5, 0x49 ; file 1AC5C7
db 0x4A, 0x4A, 0xB5, 0x49, 0x30, 0x30, 0x30, 0x80, 0x30, 0x80, 0x16, 0x80, 0x0B, 0x80, 0x80, 0x80 ; file 1AC5D7
db 0x4A, 0x80, 0x80, 0x80, 0x34, 0x34, 0x34, 0x34, 0x2D, 0x2D, 0x2D, 0x44, 0x34, 0x34, 0x34, 0x44 ; file 1AC5E7
db 0x2D, 0x44, 0xC1, 0x44, 0x0A, 0xBE, 0x0A, 0x97, 0x0A, 0xBE, 0x1B, 0xAC, 0x0A, 0xBE, 0x0A, 0x97 ; file 1AC5F7
db 0xCE, 0xBE, 0xC1, 0x44, 0x34, 0x34, 0x3D, 0x97, 0x25, 0xAC, 0xD1, 0xAC, 0x34, 0x34, 0x3D, 0x97 ; file 1AC607
db 0x4A, 0x4A, 0x4A, 0x44, 0xB9, 0x97, 0x97, 0x97, 0xB9, 0xAC, 0x1B, 0xAC, 0xB9, 0x97, 0x97, 0x97 ; file 1AC617
db 0x4A, 0x80, 0x1B, 0x80, 0x2D, 0x2D, 0x2D, 0xAC, 0x2D, 0x2D, 0x2D, 0xAC, 0x0B, 0x0B, 0x0B, 0x44 ; file 1AC627
db 0x2D, 0x2D, 0x2D, 0x44, 0x1F, 0xBE, 0x1B, 0xAC, 0x2D, 0xAC, 0x1B, 0xAC, 0x1F, 0xBE, 0x1B, 0x80 ; file 1AC637
db 0x2D, 0x80, 0x1B, 0x80, 0x1F, 0x1F, 0x16, 0xAC, 0x2D, 0xAC, 0x16, 0xAC, 0x4A, 0x4A, 0x4A, 0x49 ; file 1AC647
db 0x4A, 0x4A, 0x4A, 0x49, 0x1F, 0x1F, 0x1B, 0xAC, 0x1B, 0xAC, 0x1B, 0xAC, 0x1F, 0x1F, 0x1B, 0x80 ; file 1AC657
db 0x4A, 0x80, 0x1B, 0x80, 0x23, 0x23, 0x23, 0x23, 0x23, 0x23, 0x23, 0x44, 0x45, 0x45, 0x45, 0x44 ; file 1AC667
db 0x4A, 0x4A, 0x4A, 0x44, 0x4F, 0xBE, 0x4F, 0x97, 0x4F, 0xBE, 0x1B, 0x80, 0x45, 0xBE, 0x45, 0x80 ; file 1AC677
db 0x8F, 0x80, 0x80, 0x80, 0x23, 0x23, 0x3D, 0x97, 0x4A, 0x4A, 0x4A, 0x80, 0x4A, 0x4A, 0x4A, 0x80 ; file 1AC687
db 0x4A, 0x4A, 0x4A, 0x80, 0xB9, 0x97, 0x97, 0x97, 0x4A, 0x80, 0x1B, 0x80, 0x4A, 0x80, 0x80, 0x80 ; file 1AC697
db 0x4A, 0x80, 0x80, 0x80, 0x0B, 0x0B, 0x0B, 0x80, 0x2D, 0x2D, 0x2D, 0x80, 0x0B, 0x0B, 0x0B, 0x80 ; file 1AC6A7
db 0x4A, 0x4A, 0x4A, 0x80, 0x18, 0xBE, 0x18, 0x80, 0x2D, 0x80, 0x1B, 0x80, 0x0B, 0x80, 0x80, 0x80 ; file 1AC6B7
db 0x4A, 0x80, 0x80, 0x80, 0x30, 0x30, 0x30, 0x80, 0x4A, 0x4A, 0x4A, 0x80, 0x4A, 0x4A, 0x4A, 0x80 ; file 1AC6C7
db 0x4A, 0x4A, 0x4A, 0x80, 0x18, 0x18, 0x18, 0x80, 0x4A, 0x80, 0x1B, 0x80, 0x4A, 0x80, 0x80, 0x80 ; file 1AC6D7
db 0x4A, 0x80, 0x80, 0x80, 0x22, 0x84, 0x2A, 0x83, 0x22, 0x84, 0x2A, 0x92, 0x89, 0x84, 0x89, 0x92 ; file 1AC6E7
db 0x88, 0x92, 0x87, 0x92, 0x22, 0x83, 0x26, 0x83, 0x22, 0x83, 0x26, 0x83, 0x89, 0x83, 0x26, 0x83 ; file 1AC6F7
db 0x88, 0x92, 0x87, 0x92, 0x22, 0x84, 0x3D, 0x9A, 0x25, 0x84, 0xBA, 0x82, 0x89, 0x84, 0xD3, 0x92 ; file 1AC707
db 0x88, 0x92, 0x87, 0x92, 0x2E, 0x9A, 0x2E, 0x9A, 0x25, 0x82, 0x2E, 0x82, 0x89, 0x9A, 0x2E, 0x9A ; file 1AC717
db 0x54, 0x54, 0x54, 0x54, 0x2A, 0x84, 0x2A, 0x2A, 0x2A, 0x84, 0x2A, 0x2A, 0x89, 0x84, 0x2A, 0x2A ; file 1AC727
db 0x87, 0x87, 0x87, 0x87, 0x2A, 0x41, 0x2A, 0x83, 0x2A, 0x41, 0x2A, 0x4B, 0x89, 0x59, 0x2A, 0x83 ; file 1AC737
db 0x87, 0x43, 0x87, 0x87, 0x2A, 0x41, 0x2A, 0x4E, 0xBA, 0xBA, 0xBA, 0xBA, 0x89, 0x41, 0x2A, 0x49 ; file 1AC747
db 0x87, 0x49, 0x87, 0x49, 0x41, 0x41, 0x2A, 0x9A, 0xBA, 0x41, 0xBA, 0x4B, 0x40, 0x41, 0x2A, 0x91 ; file 1AC757
db 0x87, 0x91, 0x87, 0x91, 0x0D, 0x84, 0x0D, 0x4E, 0x2B, 0x2B, 0x87, 0x32, 0x95, 0x95, 0x87, 0x32 ; file 1AC767
db 0x88, 0x88, 0x87, 0x32, 0x0D, 0x41, 0x26, 0x83, 0x2B, 0x2B, 0x87, 0x83, 0x95, 0x52, 0x87, 0x42 ; file 1AC777
db 0x88, 0x43, 0x87, 0x32, 0x0D, 0x41, 0xD3, 0x4E, 0x2B, 0x2B, 0x87, 0x4E, 0x95, 0x95, 0xD3, 0xD3 ; file 1AC787
db 0x88, 0x88, 0x87, 0x32, 0x41, 0x41, 0x2E, 0x9A, 0x2B, 0x41, 0x2E, 0x82, 0x95, 0x41, 0xD3, 0x42 ; file 1AC797
db 0x88, 0x91, 0x87, 0x91, 0xB8, 0xB8, 0x2A, 0x4E, 0x37, 0x37, 0x87, 0x87, 0x87, 0x57, 0x87, 0x87 ; file 1AC7A7
db 0x87, 0x87, 0x87, 0x87, 0xB8, 0x41, 0x2A, 0x41, 0x37, 0x41, 0x87, 0x87, 0x59, 0x59, 0x87, 0x59 ; file 1AC7B7
db 0x87, 0x43, 0x87, 0x87, 0x30, 0x41, 0x4E, 0x4E, 0x30, 0x41, 0x87, 0x4E, 0x30, 0x41, 0x87, 0x4E ; file 1AC7C7
db 0x87, 0x86, 0x87, 0x86, 0x41, 0x41, 0x41, 0x41, 0x41, 0x41, 0x87, 0x91, 0x40, 0x41, 0x87, 0x91 ; file 1AC7D7
db 0x87, 0x91, 0x87, 0x91, 0x27, 0x27, 0x27, 0x27, 0x27, 0x27, 0x27, 0x82, 0x27, 0x27, 0x27, 0x92 ; file 1AC7E7
db 0x27, 0x92, 0x8E, 0x92, 0x27, 0xBE, 0x26, 0x83, 0x27, 0x82, 0x82, 0x82, 0x27, 0x96, 0x26, 0x42 ; file 1AC7F7
db 0x27, 0x2F, 0x8E, 0x2F, 0x27, 0x27, 0x27, 0x82, 0x25, 0x25, 0x25, 0x82, 0x27, 0x27, 0xD3, 0x42 ; file 1AC807
db 0x25, 0x25, 0x8E, 0x82, 0xB9, 0x82, 0x2E, 0x82, 0x25, 0x82, 0x82, 0x82, 0xB9, 0x42, 0x42, 0x42 ; file 1AC817
db 0x25, 0x82, 0x82, 0x82, 0x27, 0x27, 0x2A, 0x2A, 0x27, 0x27, 0x8E, 0x8E, 0x27, 0x27, 0x8E, 0x8E ; file 1AC827
db 0x8E, 0x8E, 0x8E, 0x8E, 0x27, 0xBE, 0x2A, 0x83, 0x27, 0x82, 0x8E, 0x82, 0x27, 0x59, 0x8E, 0x42 ; file 1AC837
db 0x8E, 0x43, 0x8E, 0x8E, 0x27, 0x27, 0x2A, 0x4E, 0x25, 0x25, 0xBA, 0x82, 0x27, 0x27, 0x8E, 0x42 ; file 1AC847
db 0x8E, 0x49, 0x8E, 0x49, 0xB9, 0x41, 0x2A, 0x82, 0x25, 0x82, 0x82, 0x82, 0x40, 0x40, 0x40, 0x42 ; file 1AC857
db 0x40, 0x81, 0x8E, 0x81, 0x27, 0x27, 0x27, 0x27, 0x27, 0x27, 0x8E, 0x8E, 0x95, 0x95, 0x8E, 0x42 ; file 1AC867
db 0x88, 0x88, 0x8E, 0x8E, 0x27, 0x96, 0x26, 0x42, 0x27, 0x82, 0x8E, 0x82, 0x95, 0x96, 0x42, 0x42 ; file 1AC877
db 0x88, 0x96, 0x8E, 0x42, 0x27, 0x27, 0xD3, 0x42, 0x25, 0x25, 0x8E, 0x82, 0x95, 0x42, 0xD3, 0x42 ; file 1AC887
db 0x88, 0x42, 0x8E, 0x42, 0xB9, 0x41, 0x42, 0x42, 0x25, 0x82, 0x82, 0x82, 0x40, 0x42, 0x42, 0x42 ; file 1AC897
db 0x40, 0x42, 0x42, 0x42, 0xB8, 0xB8, 0x8E, 0x4E, 0x8E, 0x8E, 0x8E, 0x8E, 0x8E, 0x8E, 0x8E, 0x8E ; file 1AC8A7
db 0x8E, 0x8E, 0x8E, 0x8E, 0xB8, 0x41, 0x8E, 0x41, 0x8E, 0x41, 0x8E, 0x8E, 0x40, 0x59, 0x8E, 0x42 ; file 1AC8B7
db 0x8E, 0x43, 0x8E, 0x8E, 0x30, 0x41, 0x4E, 0x4E, 0x8E, 0x41, 0x8E, 0x4E, 0x40, 0x40, 0x8E, 0x42 ; file 1AC8C7
db 0x8E, 0x8E, 0x8E, 0x8E, 0x18, 0x41, 0x18, 0x41, 0x18, 0x41, 0x8E, 0x82, 0x40, 0x40, 0x40, 0x42 ; file 1AC8D7
db 0x40, 0x90, 0x8E, 0x90, 0x34, 0x84, 0x3D, 0x3D, 0x34, 0x84, 0x3D, 0x92, 0x89, 0x84, 0xD3, 0x92 ; file 1AC8E7
db 0x88, 0x92, 0x87, 0x92, 0x0A, 0xBE, 0x26, 0x83, 0x0A, 0xBE, 0x26, 0x56, 0x89, 0xBE, 0xD3, 0x83 ; file 1AC8F7
db 0x88, 0x92, 0x87, 0x92, 0x3D, 0x3D, 0x3D, 0x3D, 0x3D, 0x3D, 0x3D, 0x3D, 0xD3, 0xD3, 0xD3, 0xD3 ; file 1AC907
db 0xD3, 0x49, 0xD3, 0x49, 0xB9, 0x97, 0x3D, 0x97, 0xB9, 0x56, 0x3D, 0x56, 0xB9, 0x97, 0xD3, 0x97 ; file 1AC917
db 0xB9, 0x49, 0xD3, 0x49, 0x2A, 0x84, 0x2A, 0x2A, 0x2A, 0x49, 0x2A, 0x49, 0x24, 0x24, 0x2A, 0x49 ; file 1AC927
db 0x87, 0x49, 0x87, 0x49, 0x0A, 0xBE, 0x2A, 0x83, 0x0A, 0xBE, 0x2A, 0x49, 0x24, 0x59, 0x2A, 0x49 ; file 1AC937
db 0x87, 0x43, 0x87, 0x49, 0x30, 0x30, 0x3D, 0x3D, 0x30, 0x49, 0xBA, 0x49, 0x30, 0x49, 0xD3, 0x49 ; file 1AC947
db 0x49, 0x49, 0x49, 0x49, 0x30, 0x41, 0x3D, 0x97, 0x30, 0x41, 0xBA, 0x49, 0x30, 0x41, 0xD3, 0x49 ; file 1AC957
db 0x49, 0x49, 0x49, 0x49, 0x0D, 0x84, 0xD3, 0xD3, 0x2B, 0x2B, 0x87, 0xB3, 0x95, 0x95, 0xD3, 0xD3 ; file 1AC967
db 0x88, 0x88, 0x87, 0xB3, 0x4F, 0xBE, 0xD3, 0x83, 0x2B, 0xBE, 0x87, 0x56, 0x95, 0x52, 0xD3, 0xBC ; file 1AC977
db 0x88, 0x43, 0x87, 0xB3, 0x30, 0x30, 0xD3, 0xD3, 0x30, 0x30, 0xD3, 0xD3, 0xD3, 0xD3, 0xD3, 0xD3 ; file 1AC987
db 0xD3, 0xD3, 0xD3, 0xD3, 0x30, 0x41, 0xD3, 0x97, 0x30, 0x41, 0xD3, 0x56, 0xD3, 0xBC, 0xD3, 0xBC ; file 1AC997
db 0xD3, 0x90, 0xD3, 0x90, 0x30, 0x30, 0x2A, 0x4E, 0x30, 0x30, 0x87, 0x87, 0x0B, 0x0B, 0x87, 0x87 ; file 1AC9A7
db 0x87, 0x87, 0x87, 0x87, 0x30, 0x41, 0x2A, 0x41, 0x30, 0x41, 0x87, 0x87, 0x0B, 0x59, 0x87, 0xA5 ; file 1AC9B7
db 0x87, 0x43, 0x87, 0x87, 0x30, 0x30, 0x30, 0x4E, 0x30, 0x30, 0x1D, 0x1D, 0x30, 0x30, 0xD3, 0xD3 ; file 1AC9C7
db 0xB5, 0x49, 0xB5, 0x49, 0x30, 0x41, 0x30, 0x41, 0x30, 0x41, 0x1D, 0x90, 0x30, 0x41, 0xD3, 0x90 ; file 1AC9D7
db 0xB5, 0x90, 0xB5, 0x90, 0x34, 0x34, 0x34, 0x34, 0x34, 0x34, 0x34, 0x44, 0x34, 0x34, 0x34, 0x44 ; file 1AC9E7
db 0x34, 0x44, 0x44, 0x44, 0x0A, 0xBE, 0x0A, 0x97, 0x0A, 0xBE, 0xD7, 0x82, 0x0A, 0xBE, 0x0A, 0x97 ; file 1AC9F7
db 0x8F, 0xBE, 0xA9, 0x44, 0x34, 0x34, 0x3D, 0x97, 0x25, 0x25, 0xD1, 0x82, 0x34, 0x34, 0xD3, 0x97 ; file 1ACA07
db 0x0C, 0x44, 0xD1, 0x44, 0xB9, 0x97, 0x97, 0x97, 0xB9, 0x82, 0xD7, 0x82, 0xB9, 0x97, 0x97, 0x97 ; file 1ACA17
db 0xB9, 0x81, 0xD7, 0x81, 0x34, 0x34, 0x2A, 0x2A, 0x2D, 0x2D, 0x8E, 0x44, 0x34, 0x34, 0x8E, 0x44 ; file 1ACA27
db 0x8E, 0x44, 0x8E, 0x44, 0x0A, 0xBE, 0x0A, 0x97, 0x0A, 0xBE, 0xA9, 0xAC, 0x0A, 0xBE, 0xA9, 0x81 ; file 1ACA37
db 0xA9, 0x81, 0xA9, 0x81, 0x30, 0x30, 0x3D, 0x97, 0xD2, 0x49, 0xD2, 0x49, 0x0C, 0x49, 0xD3, 0x49 ; file 1ACA47
db 0x0C, 0x49, 0x49, 0x49, 0xB9, 0x97, 0x97, 0x97, 0xB9, 0xAC, 0x1B, 0xAC, 0xB9, 0x81, 0x81, 0x81 ; file 1ACA57
db 0x0C, 0x81, 0x81, 0x81, 0x34, 0x34, 0x34, 0xB3, 0x34, 0xB3, 0x8E, 0xB3, 0x45, 0x45, 0xD3, 0xB3 ; file 1ACA67
db 0x45, 0xB3, 0x8E, 0xB3, 0x4F, 0xBE, 0x4F, 0x97, 0x4F, 0xBE, 0xA9, 0xB3, 0x45, 0x96, 0xA9, 0xBC ; file 1ACA77
db 0x8F, 0x8F, 0xA9, 0xB3, 0x30, 0x30, 0xD3, 0x97, 0x25, 0xB3, 0xD1, 0xB3, 0xD3, 0xBC, 0xD3, 0xBC ; file 1ACA87
db 0x4A, 0xB3, 0xD3, 0xB3, 0xB9, 0x97, 0x97, 0x97, 0xB9, 0x82, 0xD7, 0x82, 0xB9, 0xBC, 0xBC, 0xBC ; file 1ACA97
db 0x8F, 0x90, 0x90, 0x90, 0x30, 0x30, 0x8E, 0x4E, 0x8E, 0x8E, 0x8E, 0x8E, 0x45, 0x45, 0x8E, 0x8E ; file 1ACAA7
db 0x8E, 0x8E, 0x8E, 0x8E, 0x18, 0xBE, 0xA9, 0x90, 0xA9, 0x90, 0xA9, 0x90, 0xA9, 0x59, 0xA9, 0x90 ; file 1ACAB7
db 0xA9, 0x90, 0xA9, 0x90, 0x30, 0x30, 0x30, 0x4E, 0x30, 0x30, 0x1D, 0x90, 0x30, 0x30, 0xD3, 0x90 ; file 1ACAC7
db 0x4A, 0x4A, 0x8E, 0x90, 0x18, 0x18, 0x18, 0x90, 0x18, 0x90, 0x90, 0x90, 0x18, 0x90, 0x90, 0x90 ; file 1ACAD7
db 0x4A, 0x90, 0x90, 0x90, 0x0D, 0x84, 0x0D, 0x83, 0x0D, 0x84, 0xC6, 0x92, 0x89, 0x84, 0xC6, 0x92 ; file 1ACAE7
db 0xC6, 0x92, 0xC6, 0x92, 0x0D, 0x83, 0x26, 0x83, 0x0D, 0x43, 0xC6, 0x83, 0x89, 0x52, 0xC6, 0x83 ; file 1ACAF7
db 0xC6, 0x43, 0xC6, 0x92, 0x0D, 0x29, 0x36, 0x0F, 0x0D, 0x29, 0x36, 0x0F, 0x89, 0x29, 0x36, 0x0F ; file 1ACB07
db 0xC6, 0x86, 0xC6, 0x86, 0x0D, 0x9A, 0x2E, 0x9A, 0x0D, 0x82, 0x2E, 0x82, 0x89, 0x52, 0x2E, 0x9A ; file 1ACB17
db 0xC6, 0x43, 0xC6, 0x54, 0xB8, 0xB8, 0x2A, 0x0F, 0xB8, 0xB8, 0x2A, 0x0F, 0xB8, 0x57, 0x2A, 0x0F ; file 1ACB27
db 0x87, 0x43, 0x87, 0x86, 0xB8, 0x59, 0x2A, 0x83, 0xB8, 0x43, 0x2A, 0x43, 0x59, 0x59, 0x2A, 0x59 ; file 1ACB37
db 0x43, 0x43, 0x87, 0x43, 0xB8, 0x0F, 0x0F, 0x0F, 0xB8, 0x0F, 0xBA, 0x0F, 0xB8, 0x0F, 0xB5, 0x0F ; file 1ACB47
db 0xB5, 0x86, 0xB5, 0x86, 0x33, 0x41, 0x0F, 0x0F, 0x33, 0x41, 0xBA, 0x4B, 0x33, 0x59, 0xB5, 0x0F ; file 1ACB57
db 0x43, 0x43, 0xB5, 0x86, 0x0D, 0x0D, 0x0D, 0x8C, 0x0D, 0x0D, 0x0D, 0x8C, 0x0D, 0x0D, 0x0D, 0x8C ; file 1ACB67
db 0x88, 0x43, 0x87, 0x32, 0x0D, 0x8C, 0x8C, 0x8C, 0x0D, 0x43, 0x8C, 0x8C, 0x0D, 0x52, 0x8C, 0x8C ; file 1ACB77
db 0x43, 0x43, 0x87, 0x43, 0x0D, 0x0D, 0x0D, 0x4E, 0x0D, 0x0D, 0x1D, 0x86, 0x0D, 0x0D, 0xD3, 0x86 ; file 1ACB87
db 0x88, 0x86, 0xB5, 0x86, 0x0D, 0x41, 0x8C, 0x8C, 0x0D, 0xA4, 0xA4, 0xA4, 0x0D, 0x52, 0xD3, 0x42 ; file 1ACB97
db 0x43, 0x43, 0xB5, 0x86, 0xB8, 0xB8, 0xB8, 0xB8, 0xB8, 0xB8, 0x87, 0x86, 0xB8, 0x57, 0x87, 0x57 ; file 1ACBA7
db 0x87, 0x43, 0x87, 0x86, 0xB8, 0x59, 0xB8, 0x8C, 0xB8, 0x43, 0x87, 0x43, 0x59, 0x59, 0x59, 0x59 ; file 1ACBB7
db 0x43, 0x43, 0x87, 0x43, 0xB8, 0xB8, 0xB8, 0x4E, 0xB8, 0x86, 0x1D, 0x86, 0xB8, 0x57, 0xB5, 0x86 ; file 1ACBC7
db 0xB5, 0x86, 0xB5, 0x86, 0xB8, 0x41, 0xB8, 0x41, 0xB8, 0x41, 0x1D, 0x86, 0x59, 0x59, 0xB5, 0x59 ; file 1ACBD7
db 0x43, 0x43, 0xB5, 0x86, 0x27, 0x27, 0x27, 0x27, 0x27, 0x27, 0xC6, 0x44, 0x27, 0x27, 0xC6, 0x44 ; file 1ACBE7
db 0xC6, 0x44, 0xC6, 0x44, 0xDA, 0xBE, 0xDA, 0x83, 0xDA, 0x82, 0x82, 0x82, 0xCC, 0x52, 0xC6, 0x42 ; file 1ACBF7
db 0xC6, 0x43, 0xC6, 0x44, 0x27, 0x27, 0x36, 0x0F, 0x25, 0x25, 0x25, 0x82, 0x27, 0x27, 0x36, 0x42 ; file 1ACC07
db 0x25, 0x44, 0xC6, 0x44, 0xB9, 0x82, 0x2E, 0x82, 0x25, 0x82, 0x82, 0x82, 0xB9, 0x42, 0x42, 0x42 ; file 1ACC17
db 0x25, 0x82, 0x82, 0x82, 0xB8, 0xB8, 0x2A, 0x0F, 0x2D, 0x2D, 0x8E, 0x44, 0xB8, 0x57, 0x8E, 0x44 ; file 1ACC27
db 0x8E, 0x43, 0x8E, 0x44, 0xB8, 0x59, 0x2A, 0x83, 0x2D, 0x43, 0x1B, 0xAC, 0x59, 0x59, 0x8E, 0x59 ; file 1ACC37
db 0x43, 0x43, 0x8E, 0x90, 0xB8, 0x0F, 0x0F, 0x0F, 0x25, 0xA8, 0xBA, 0xA8, 0x4A, 0xA8, 0x8E, 0xA8 ; file 1ACC47
db 0x4A, 0xA8, 0x8E, 0xA8, 0x18, 0x18, 0x18, 0xAC, 0x18, 0xAC, 0x1B, 0xAC, 0x18, 0x59, 0x90, 0x90 ; file 1ACC57
db 0x4A, 0x90, 0x90, 0x90, 0x0D, 0x0D, 0x0D, 0x8C, 0x0D, 0x0D, 0x8E, 0xA4, 0x45, 0x45, 0x45, 0x42 ; file 1ACC67
db 0x45, 0x43, 0x8E, 0x44, 0x4F, 0x4F, 0x4F, 0x8C, 0x4F, 0xA4, 0xA4, 0xA4, 0xCC, 0x52, 0xCC, 0x42 ; file 1ACC77
db 0xCC, 0x43, 0x8E, 0x90, 0x0D, 0x0D, 0x0D, 0xA4, 0x0D, 0xA4, 0xA4, 0xA4, 0x45, 0x42, 0xD3, 0x42 ; file 1ACC87
db 0x4A, 0xA8, 0x8E, 0xA8, 0x18, 0xA4, 0xA4, 0xA4, 0xA4, 0xA4, 0xA4, 0xA4, 0xCC, 0x42, 0x42, 0x42 ; file 1ACC97
db 0x4A, 0x90, 0x90, 0x90, 0xB8, 0xB8, 0xB8, 0xB8, 0xB8, 0xB8, 0x8E, 0x8E, 0xB8, 0x57, 0x8E, 0x8E ; file 1ACCA7
db 0x8E, 0x43, 0x8E, 0x8E, 0xB8, 0x59, 0xB8, 0x8C, 0xB8, 0x43, 0x8E, 0x90, 0x59, 0x59, 0x8E, 0x59 ; file 1ACCB7
db 0x43, 0x43, 0x8E, 0x90, 0xB8, 0xB8, 0xB8, 0x4E, 0x4A, 0xA8, 0x1D, 0xA8, 0x4A, 0xA8, 0x8E, 0xA8 ; file 1ACCC7
db 0x4A, 0xA8, 0x8E, 0xA8, 0x18, 0x18, 0x18, 0x90, 0x18, 0x90, 0x90, 0x90, 0x18, 0x59, 0x90, 0x90 ; file 1ACCD7
db 0x4A, 0x90, 0x90, 0x90, 0xBB, 0xBB, 0x36, 0x36, 0xBB, 0xBB, 0x36, 0xC0, 0xBB, 0xBB, 0x36, 0x44 ; file 1ACCE7
db 0xBB, 0x44, 0xC6, 0x44, 0xBB, 0xBB, 0x36, 0x83, 0xBB, 0xBB, 0x36, 0xC0, 0xBB, 0x52, 0x36, 0x44 ; file 1ACCF7
db 0xBB, 0x43, 0xC6, 0x44, 0x36, 0x36, 0x36, 0x36, 0x36, 0x36, 0x36, 0x36, 0x36, 0x36, 0x36, 0x36 ; file 1ACD07
db 0xB5, 0x44, 0xB5, 0x44, 0x36, 0x0E, 0x36, 0x36, 0x36, 0x56, 0x36, 0x56, 0x36, 0xB7, 0x36, 0xB7 ; file 1ACD17
db 0xB5, 0x90, 0xB5, 0x90, 0xB8, 0xB8, 0x2A, 0x0F, 0x2D, 0x2D, 0x16, 0xC0, 0x0B, 0x0B, 0xB5, 0x44 ; file 1ACD27
db 0xC7, 0xC7, 0xB5, 0x44, 0xB8, 0x59, 0x2A, 0x83, 0x2D, 0x43, 0x16, 0xAC, 0x0B, 0x59, 0xA5, 0xA5 ; file 1ACD37
db 0xC7, 0x43, 0xB5, 0x90, 0x21, 0x21, 0x36, 0x0F, 0x16, 0x16, 0x16, 0x16, 0x21, 0x21, 0xB5, 0x49 ; file 1ACD47
db 0xB5, 0x49, 0xB5, 0x49, 0x18, 0x18, 0x36, 0xAC, 0x16, 0xAC, 0x16, 0xAC, 0x18, 0x59, 0xB5, 0x90 ; file 1ACD57
db 0xB5, 0x90, 0xB5, 0x90, 0x0D, 0x0D, 0x0D, 0x8C, 0x0D, 0x0D, 0x1D, 0xC0, 0x45, 0x45, 0xD3, 0xD3 ; file 1ACD67
db 0x45, 0x43, 0xB5, 0x44, 0x4F, 0x4F, 0x4F, 0x8C, 0x4F, 0x43, 0x1D, 0x8C, 0x45, 0x52, 0xD3, 0x8C ; file 1ACD77
db 0x43, 0x43, 0xB5, 0x90, 0x21, 0x21, 0x36, 0x36, 0x1D, 0x1D, 0x1D, 0x1D, 0xD3, 0xD3, 0xD3, 0xD3 ; file 1ACD87
db 0xB5, 0xB5, 0xB5, 0xB5, 0x18, 0x18, 0x36, 0x8C, 0x18, 0x90, 0x1D, 0x90, 0xD3, 0x52, 0xD3, 0x90 ; file 1ACD97
db 0xB5, 0x90, 0xB5, 0x90, 0xB8, 0xB8, 0xB8, 0xB8, 0xB8, 0xB8, 0x1D, 0x1D, 0x0B, 0x0B, 0xB5, 0xA5 ; file 1ACDA7
db 0xB5, 0x43, 0xB5, 0xB5, 0xB8, 0x59, 0xB8, 0x8C, 0xB8, 0x43, 0x1D, 0x90, 0x0B, 0x59, 0xA5, 0xA5 ; file 1ACDB7
db 0x43, 0x43, 0xB5, 0x90, 0x21, 0x21, 0x1D, 0x1D, 0x1D, 0x1D, 0x1D, 0x1D, 0x21, 0x21, 0xB5, 0xB5 ; file 1ACDC7
db 0xB5, 0xB5, 0xB5, 0xB5, 0x18, 0x18, 0x18, 0x90, 0x18, 0x90, 0x1D, 0x90, 0x18, 0x59, 0xB5, 0x90 ; file 1ACDD7
db 0xB5, 0x90, 0xB5, 0x90, 0x5B, 0x5B, 0x5B, 0x44, 0x5B, 0x44, 0x44, 0x44, 0x45, 0x44, 0x44, 0x44 ; file 1ACDE7
db 0x44, 0x44, 0x44, 0x44, 0xDA, 0xBE, 0xDA, 0x97, 0xDA, 0xBE, 0xDA, 0x44, 0xDA, 0xBE, 0xDA, 0x44 ; file 1ACDF7
db 0xCE, 0x44, 0x44, 0x44, 0x5B, 0x5B, 0x36, 0x36, 0x5B, 0x44, 0x36, 0x44, 0x45, 0x44, 0x36, 0x44 ; file 1ACE07
db 0x4A, 0x44, 0x44, 0x44, 0xB9, 0x97, 0x36, 0x97, 0xB9, 0xAC, 0x1B, 0xAC, 0xB9, 0xB7, 0xB7, 0xB7 ; file 1ACE17
db 0x4A, 0x90, 0x90, 0x90, 0x5B, 0x5B, 0x5B, 0x44, 0x2D, 0x2D, 0x2D, 0x44, 0x45, 0x44, 0x44, 0x44 ; file 1ACE27
db 0x2D, 0x44, 0x44, 0x44, 0xDA, 0xBE, 0xDA, 0xAC, 0x2D, 0xAC, 0x1B, 0xAC, 0xDA, 0x59, 0x90, 0x90 ; file 1ACE37
db 0x2D, 0x90, 0x90, 0x90, 0x18, 0x18, 0x36, 0xAC, 0x2D, 0xAC, 0x16, 0xAC, 0x4A, 0x4A, 0xB5, 0x90 ; file 1ACE47
db 0x4A, 0x4A, 0xB5, 0x90, 0x18, 0x18, 0x18, 0xAC, 0x18, 0xAC, 0x1B, 0xAC, 0x18, 0x90, 0x90, 0x90 ; file 1ACE57
db 0x4A, 0x90, 0x90, 0x90, 0x45, 0x45, 0x45, 0x44, 0x45, 0x44, 0x1D, 0x44, 0x45, 0x45, 0x45, 0x44 ; file 1ACE67
db 0x45, 0x44, 0x44, 0x44, 0x4F, 0x4F, 0x4F, 0x4F, 0x4F, 0x4F, 0x4F, 0x90, 0x45, 0x3A, 0x45, 0x90 ; file 1ACE77
db 0x45, 0x90, 0x90, 0x90, 0x18, 0x18, 0x36, 0x36, 0x4A, 0x4A, 0x1D, 0x90, 0x45, 0x45, 0xD3, 0x90 ; file 1ACE87
db 0x4A, 0x4A, 0xB5, 0x90, 0x18, 0x18, 0x18, 0x90, 0x18, 0x90, 0x90, 0x90, 0x18, 0x90, 0x90, 0x90 ; file 1ACE97
db 0x4A, 0x90, 0x90, 0x90, 0xB8, 0xB8, 0xB8, 0x90, 0x2D, 0xAE, 0x1D, 0x90, 0x45, 0x45, 0x45, 0x90 ; file 1ACEA7
db 0x4A, 0xAE, 0x8E, 0x90, 0x18, 0x18, 0x18, 0x90, 0x18, 0x90, 0x90, 0x90, 0x18, 0x59, 0x90, 0x90 ; file 1ACEB7
db 0x4A, 0x90, 0x90, 0x90, 0x18, 0x18, 0x18, 0x90, 0x4A, 0x4A, 0x1D, 0x90, 0x4A, 0x4A, 0xB5, 0x90 ; file 1ACEC7
db 0x4A, 0x4A, 0xB5, 0x90, 0x18, 0x18, 0x18, 0x90, 0x18, 0x90, 0x90, 0x90, 0x18, 0x90, 0x90, 0x90 ; file 1ACED7
db 0x4A, 0x90, 0x90, 0x90, 0x05, 0x84, 0x05, 0x83, 0x05, 0x84, 0x05, 0x92, 0x89, 0x84, 0x89, 0x92 ; file 1ACEE7
db 0x88, 0x92, 0x92, 0x92, 0x05, 0xBE, 0x26, 0x83, 0x05, 0xBE, 0x26, 0x4B, 0x89, 0x9D, 0x26, 0x83 ; file 1ACEF7
db 0x88, 0x2F, 0x2F, 0x2F, 0x05, 0x84, 0x3D, 0x97, 0x05, 0x4B, 0xBA, 0x4B, 0x89, 0x84, 0x3D, 0x92 ; file 1ACF07
db 0x88, 0x92, 0x92, 0x92, 0x05, 0x97, 0x2E, 0x97, 0x4B, 0x4B, 0x4B, 0x4B, 0x89, 0x97, 0x2E, 0x97 ; file 1ACF17
db 0x4B, 0x4B, 0x4B, 0x4B, 0x05, 0x84, 0x05, 0x4B, 0x05, 0x4B, 0xBA, 0x4B, 0x24, 0x24, 0x24, 0x92 ; file 1ACF27
db 0x9C, 0x92, 0x8E, 0x92, 0x05, 0xBE, 0x26, 0x4B, 0x4B, 0x4B, 0x4B, 0x4B, 0x24, 0x9D, 0x24, 0x4B ; file 1ACF37
db 0x9C, 0x4B, 0x4B, 0x4B, 0x05, 0x4B, 0xBA, 0x4B, 0xBA, 0x4B, 0xBA, 0x4B, 0x24, 0x24, 0xBA, 0x49 ; file 1ACF47
db 0x0C, 0x49, 0xBA, 0x49, 0xC4, 0x4B, 0x4B, 0x4B, 0x4B, 0x4B, 0x4B, 0x4B, 0xC4, 0x4B, 0x4B, 0x4B ; file 1ACF57
db 0x4B, 0x4B, 0x4B, 0x4B, 0x05, 0x84, 0x05, 0x4E, 0x2B, 0x2B, 0x2B, 0x92, 0x88, 0x9B, 0x88, 0x92 ; file 1ACF67
db 0x88, 0x88, 0x88, 0x92, 0x05, 0xBE, 0x26, 0x83, 0x2B, 0xBE, 0x26, 0x4B, 0x88, 0x96, 0x26, 0x83 ; file 1ACF77
db 0x88, 0x88, 0x88, 0x2F, 0x05, 0x4E, 0x3D, 0x4E, 0x2B, 0x2B, 0xBA, 0x4B, 0x88, 0x9B, 0xD3, 0x4E ; file 1ACF87
db 0x88, 0x5A, 0x5A, 0x5A, 0xC4, 0x97, 0x2E, 0x97, 0xC4, 0x4B, 0x4B, 0x4B, 0xC4, 0xAD, 0xAD, 0xAD ; file 1ACF97
db 0x88, 0x91, 0x91, 0x91, 0x05, 0x4E, 0x4E, 0x4E, 0x37, 0x37, 0x8E, 0x4B, 0x0B, 0x0B, 0x8E, 0x4E ; file 1ACFA7
db 0x9C, 0x9C, 0x8E, 0x5A, 0xC4, 0xBE, 0xC4, 0x4B, 0x37, 0x4B, 0x4B, 0x4B, 0x0B, 0xB6, 0x8E, 0x91 ; file 1ACFB7
db 0x9C, 0xB6, 0x8E, 0x91, 0x30, 0x4E, 0x4E, 0x4E, 0x30, 0x4B, 0xBA, 0x4B, 0x0B, 0x4E, 0x4E, 0x4E ; file 1ACFC7
db 0x9C, 0x5A, 0x5A, 0x5A, 0xC4, 0xC4, 0xC4, 0x4B, 0xC4, 0x4B, 0x4B, 0x4B, 0xC4, 0x91, 0x91, 0x91 ; file 1ACFD7
db 0x91, 0x91, 0x91, 0x91, 0x05, 0x05, 0x05, 0x05, 0x05, 0x05, 0x05, 0x05, 0x05, 0x05, 0x05, 0x05 ; file 1ACFE7
db 0x05, 0x05, 0x8E, 0x2F, 0x05, 0xBE, 0x05, 0x97, 0x05, 0xBE, 0x05, 0x2F, 0x05, 0x9D, 0x05, 0x2F ; file 1ACFF7
db 0x8F, 0x2F, 0x2F, 0x2F, 0x05, 0x05, 0x05, 0x97, 0x05, 0x05, 0xD1, 0x82, 0x05, 0x05, 0x05, 0x97 ; file 1AD007
db 0x05, 0x05, 0xD1, 0x2F, 0x05, 0x97, 0x97, 0x97, 0x05, 0x82, 0x82, 0x82, 0x05, 0x97, 0x97, 0x97 ; file 1AD017
db 0x8F, 0x2F, 0x2F, 0x2F, 0x05, 0x05, 0x05, 0x05, 0x05, 0x05, 0x8E, 0x4B, 0x05, 0x05, 0x8E, 0x8E ; file 1AD027
db 0x8E, 0x8E, 0x8E, 0x8E, 0x05, 0xBE, 0x05, 0x97, 0x05, 0xBE, 0x4B, 0x4B, 0x05, 0x9D, 0x8E, 0x2F ; file 1AD037
db 0x8E, 0xB6, 0x8E, 0x2F, 0x05, 0x05, 0xD2, 0x97, 0xD2, 0x4B, 0xD2, 0x4B, 0x05, 0x05, 0x8E, 0x81 ; file 1AD047
db 0x0C, 0x0C, 0x8E, 0x81, 0xB2, 0x97, 0x97, 0x97, 0x4B, 0x4B, 0x4B, 0x4B, 0x40, 0x81, 0x81, 0x81 ; file 1AD057
db 0x0C, 0x81, 0x81, 0x81, 0x05, 0x05, 0x05, 0x05, 0x05, 0x05, 0x8E, 0x8E, 0x05, 0x05, 0x8E, 0x8E ; file 1AD067
db 0x88, 0x88, 0x8E, 0x8E, 0x05, 0xBE, 0x05, 0x97, 0x8F, 0xBE, 0x8E, 0x2F, 0x8F, 0x96, 0x8E, 0x2F ; file 1AD077
db 0x8F, 0x8F, 0x8E, 0x2F, 0x05, 0x05, 0x05, 0x97, 0x05, 0x05, 0xD1, 0x82, 0x05, 0x05, 0x8E, 0x97 ; file 1AD087
db 0x88, 0x20, 0x8E, 0x20, 0x05, 0x97, 0x97, 0x97, 0x8F, 0x82, 0x82, 0x82, 0x40, 0x96, 0x97, 0x97 ; file 1AD097
db 0x8F, 0x20, 0x20, 0x20, 0x05, 0x05, 0x8E, 0x4E, 0x8E, 0x8E, 0x8E, 0x8E, 0x8E, 0x8E, 0x8E, 0x8E ; file 1AD0A7
db 0x8E, 0x8E, 0x8E, 0x8E, 0x05, 0xBE, 0x8E, 0x97, 0x8E, 0xB6, 0x8E, 0x20, 0x40, 0xB6, 0x8E, 0x20 ; file 1AD0B7
db 0x8E, 0xB6, 0x8E, 0x20, 0x05, 0x46, 0x4E, 0x4E, 0x4D, 0x4D, 0x8E, 0x20, 0x40, 0x20, 0x8E, 0x20 ; file 1AD0C7
db 0x8E, 0x20, 0x8E, 0x20, 0xC4, 0x46, 0x97, 0x97, 0x4D, 0x20, 0x20, 0x20, 0x40, 0x20, 0x20, 0x20 ; file 1AD0D7
db 0x20, 0x20, 0x20, 0x20, 0x9E, 0x9E, 0x9E, 0x97, 0x9E, 0x9E, 0x9E, 0x4C, 0x9E, 0x9E, 0x9E, 0x92 ; file 1AD0E7
db 0x9E, 0x92, 0x92, 0x92, 0x9E, 0xBE, 0x97, 0x97, 0x9E, 0xBE, 0x97, 0x97, 0x9E, 0xBE, 0x97, 0x97 ; file 1AD0F7
db 0x8F, 0xBE, 0x8F, 0x2F, 0x9E, 0x97, 0x3D, 0x97, 0x9E, 0x4C, 0xD1, 0x4C, 0x9E, 0x97, 0x3D, 0x97 ; file 1AD107
db 0x0C, 0x49, 0xD1, 0x49, 0x97, 0x97, 0x97, 0x97, 0x97, 0x97, 0x97, 0x97, 0x97, 0x97, 0x97, 0x97 ; file 1AD117
db 0x8F, 0x81, 0x81, 0x81, 0x9E, 0x9E, 0x9E, 0x4C, 0x9E, 0x4C, 0x4C, 0x4C, 0x24, 0x24, 0x24, 0x24 ; file 1AD127
db 0x24, 0x24, 0x24, 0x49, 0x9E, 0xBE, 0x97, 0x97, 0x9E, 0xBE, 0x4B, 0x4B, 0x24, 0xBE, 0x24, 0x81 ; file 1AD137
db 0x24, 0x81, 0x81, 0x81, 0x30, 0x4C, 0x3D, 0x4C, 0x4C, 0x4C, 0x4C, 0x4C, 0x24, 0x24, 0x24, 0x49 ; file 1AD147
db 0x0C, 0x49, 0x49, 0x49, 0xB2, 0x97, 0x97, 0x97, 0x4B, 0x4B, 0x4B, 0x4B, 0x24, 0x81, 0x81, 0x81 ; file 1AD157
db 0x0C, 0x81, 0x81, 0x81, 0x9E, 0x9E, 0x9E, 0x97, 0x9E, 0x9E, 0x9E, 0x4C, 0x0B, 0x0B, 0x0B, 0xB3 ; file 1AD167
db 0x88, 0x88, 0x88, 0xB3, 0x9E, 0xBE, 0x97, 0x97, 0x8F, 0xBE, 0x8F, 0x97, 0x8F, 0xBE, 0x8F, 0x97 ; file 1AD177
db 0x8F, 0x8F, 0x8F, 0x20, 0x30, 0x30, 0x3D, 0x97, 0x30, 0x4C, 0xD1, 0x4C, 0x0B, 0x0B, 0xD3, 0x97 ; file 1AD187
db 0x88, 0x20, 0xD1, 0x20, 0x30, 0x97, 0x97, 0x97, 0x8F, 0x97, 0x97, 0x97, 0x8F, 0x97, 0x97, 0x97 ; file 1AD197
db 0x8F, 0x20, 0x20, 0x20, 0x0B, 0x0B, 0x0B, 0x4C, 0x0B, 0x4C, 0x4C, 0x4C, 0x0B, 0x0B, 0x0B, 0x0B ; file 1AD1A7
db 0x0B, 0x0B, 0x8E, 0x20, 0x0B, 0xBE, 0x0B, 0x97, 0x8F, 0xBE, 0xA9, 0x20, 0x0B, 0x0B, 0x0B, 0x20 ; file 1AD1B7
db 0x8F, 0x20, 0xA9, 0x20, 0x30, 0x30, 0x30, 0x4C, 0x30, 0x4C, 0x4C, 0x4C, 0x0B, 0x0B, 0x0B, 0x20 ; file 1AD1C7
db 0x0B, 0x20, 0x20, 0x20, 0x30, 0x46, 0x30, 0x97, 0x30, 0x20, 0x20, 0x20, 0x0B, 0x20, 0x20, 0x20 ; file 1AD1D7
db 0x20, 0x20, 0x20, 0x20, 0x9E, 0x9E, 0x9E, 0x97, 0x9E, 0x9E, 0x9E, 0x97, 0x9E, 0x9E, 0x9E, 0x97 ; file 1AD1E7
db 0x9E, 0x9E, 0x9E, 0xB3, 0x9E, 0xBE, 0x97, 0x97, 0x9E, 0xBE, 0x97, 0x97, 0x9E, 0xBE, 0x97, 0x97 ; file 1AD1F7
db 0x8F, 0xBE, 0x8F, 0x2F, 0x9E, 0x97, 0x97, 0x97, 0x9E, 0x97, 0xD1, 0x97, 0x9E, 0x97, 0x97, 0x97 ; file 1AD207
db 0x0C, 0x0C, 0xD1, 0x81, 0x97, 0x97, 0x97, 0x97, 0x97, 0x97, 0x97, 0x97, 0x97, 0x97, 0x97, 0x97 ; file 1AD217
db 0x8F, 0x81, 0x81, 0x81, 0x9E, 0x9E, 0x9E, 0x97, 0x9E, 0x9E, 0xD2, 0x4C, 0x9E, 0x9E, 0x9E, 0x81 ; file 1AD227
db 0x0C, 0x0C, 0x8E, 0x81, 0x9E, 0xBE, 0x97, 0x97, 0x9E, 0xBE, 0xD2, 0x81, 0x9E, 0xBE, 0x81, 0x81 ; file 1AD237
db 0x8F, 0x81, 0x81, 0x81, 0x9E, 0x97, 0xD2, 0x97, 0xD2, 0x4C, 0xD2, 0x4C, 0x0C, 0x0C, 0xD2, 0x81 ; file 1AD247
db 0x0C, 0x0C, 0xD2, 0x81, 0xB2, 0x97, 0x97, 0x97, 0xB2, 0x81, 0xD2, 0x81, 0xB2, 0x81, 0x81, 0x81 ; file 1AD257
db 0x0C, 0x81, 0x81, 0x81, 0x9E, 0x9E, 0x9E, 0x97, 0x9E, 0x9E, 0x9E, 0xB3, 0x9E, 0x9E, 0x9E, 0xB3 ; file 1AD267
db 0x8F, 0x8F, 0x8E, 0xB3, 0x9E, 0xBE, 0x97, 0x97, 0x8F, 0xBE, 0x8F, 0x97, 0x8F, 0xBE, 0x8F, 0x97 ; file 1AD277
db 0x8F, 0x8F, 0x8F, 0x20, 0x9E, 0x97, 0x97, 0x97, 0x4D, 0x4D, 0xD1, 0x97, 0x9E, 0x97, 0x97, 0x97 ; file 1AD287
db 0x8F, 0x20, 0xD1, 0x20, 0x97, 0x97, 0x97, 0x97, 0x8F, 0x97, 0x97, 0x97, 0x8F, 0x97, 0x97, 0x97 ; file 1AD297
db 0x8F, 0x20, 0x20, 0x20, 0x9E, 0x9E, 0x9E, 0x97, 0x4D, 0x4D, 0x8E, 0x20, 0x0B, 0x0B, 0x8E, 0x20 ; file 1AD2A7
db 0x8E, 0x20, 0x8E, 0x20, 0x9E, 0xBE, 0x97, 0x97, 0x8F, 0xBE, 0xA9, 0x20, 0x8F, 0xBE, 0xA9, 0x20 ; file 1AD2B7
db 0x8F, 0x20, 0xA9, 0x20, 0x30, 0x46, 0xD2, 0x97, 0x4D, 0x4D, 0xD2, 0x20, 0x0B, 0x20, 0x20, 0x20 ; file 1AD2C7
db 0x0C, 0x20, 0x20, 0x20, 0x46, 0x46, 0x97, 0x97, 0x4D, 0x20, 0x20, 0x20, 0x20, 0x20, 0x20, 0x20 ; file 1AD2D7
db 0x20, 0x20, 0x20, 0x20, 0x05, 0x84, 0x05, 0x83, 0x05, 0x84, 0x05, 0x92, 0x89, 0x84, 0x89, 0x92 ; file 1AD2E7
db 0x88, 0x92, 0x92, 0x92, 0x05, 0xBE, 0x26, 0x83, 0x05, 0xBE, 0x26, 0x4B, 0x89, 0x9D, 0x26, 0x83 ; file 1AD2F7
db 0x88, 0x2F, 0x2F, 0x2F, 0x05, 0x29, 0x3D, 0x97, 0x05, 0x29, 0xBA, 0x4B, 0x89, 0x29, 0x3D, 0x92 ; file 1AD307
db 0x88, 0x92, 0x92, 0x92, 0xB2, 0x97, 0x2E, 0x97, 0x4B, 0x4B, 0x4B, 0x4B, 0x89, 0x97, 0x2E, 0x97 ; file 1AD317
db 0x4B, 0x4B, 0x4B, 0x4B, 0x05, 0x84, 0x05, 0x4B, 0xC2, 0xC2, 0xBA, 0x4B, 0x0B, 0x0B, 0x0B, 0x0B ; file 1AD327
db 0x0B, 0x58, 0x8E, 0x92, 0xB2, 0xBE, 0x26, 0x4B, 0xC2, 0x4B, 0x4B, 0x4B, 0x0B, 0x0B, 0x0B, 0x4B ; file 1AD337
db 0x0B, 0x43, 0x4B, 0x4B, 0xB2, 0x29, 0xBA, 0x4B, 0x4D, 0x4B, 0xBA, 0x4B, 0x0B, 0x0B, 0x0B, 0x49 ; file 1AD347
db 0x0B, 0x49, 0xBA, 0x49, 0xB2, 0x4B, 0x4B, 0x4B, 0x4B, 0x4B, 0x4B, 0x4B, 0xB2, 0x4B, 0x4B, 0x4B ; file 1AD357
db 0x4B, 0x4B, 0x4B, 0x4B, 0x23, 0x23, 0x23, 0x23, 0x23, 0x23, 0x23, 0x23, 0x0B, 0x0B, 0x0B, 0x0B ; file 1AD367
db 0x88, 0x58, 0x88, 0x92, 0x23, 0x23, 0x23, 0x83, 0x23, 0x23, 0x23, 0x4B, 0x0B, 0x0B, 0x0B, 0x80 ; file 1AD377
db 0x88, 0x43, 0x80, 0x80, 0x23, 0x23, 0x23, 0x4E, 0x23, 0x23, 0x23, 0x4B, 0x0B, 0x0B, 0x0B, 0x4E ; file 1AD387
db 0x88, 0x58, 0x5A, 0x5A, 0x23, 0x23, 0x23, 0x97, 0x23, 0x4B, 0x4B, 0x4B, 0x0B, 0x80, 0x80, 0x80 ; file 1AD397
db 0x80, 0x80, 0x80, 0x80, 0x0B, 0x0B, 0x0B, 0x4E, 0x0B, 0x58, 0x8E, 0x39, 0x0B, 0x0B, 0x0B, 0x0B ; file 1AD3A7
db 0x0B, 0x58, 0x8E, 0x39, 0x0B, 0x0B, 0x0B, 0x4B, 0x0B, 0x43, 0x4B, 0x4B, 0x0B, 0x0B, 0x0B, 0x80 ; file 1AD3B7
db 0x0B, 0x43, 0x80, 0x80, 0x0B, 0x4E, 0x4E, 0x4E, 0x4D, 0x4D, 0x4D, 0x4B, 0x0B, 0x0B, 0x0B, 0x4E ; file 1AD3C7
db 0x0B, 0x58, 0x5A, 0x5A, 0xC4, 0xC4, 0xC4, 0x4B, 0x4D, 0x4B, 0x4B, 0x4B, 0x0B, 0x80, 0x80, 0x80 ; file 1AD3D7
db 0x80, 0x80, 0x80, 0x80, 0x05, 0x05, 0x05, 0x05, 0x05, 0x05, 0x05, 0x05, 0x05, 0x05, 0x05, 0x05 ; file 1AD3E7
db 0x05, 0x05, 0xC1, 0x2F, 0x05, 0xBE, 0x05, 0x97, 0x05, 0xBE, 0x05, 0x2F, 0x05, 0x9D, 0x05, 0x2F ; file 1AD3F7
db 0x8F, 0x2F, 0x2F, 0x2F, 0x05, 0x05, 0x05, 0x97, 0x05, 0x05, 0xD1, 0x82, 0x05, 0x05, 0x05, 0x97 ; file 1AD407
db 0x05, 0x80, 0xC1, 0x80, 0xB2, 0x97, 0x97, 0x97, 0xB2, 0x82, 0x82, 0x82, 0xB2, 0x97, 0x97, 0x97 ; file 1AD417
db 0x80, 0x80, 0x80, 0x80, 0x05, 0x05, 0x05, 0x05, 0x05, 0x53, 0x8E, 0x15, 0x05, 0x05, 0x8E, 0x80 ; file 1AD427
db 0x8E, 0x53, 0x8E, 0x80, 0xB2, 0xBE, 0xB2, 0x97, 0x53, 0x53, 0x15, 0x15, 0xB2, 0x9D, 0x80, 0x80 ; file 1AD437
db 0x53, 0x53, 0x80, 0x80, 0xB2, 0xB2, 0xB2, 0x97, 0x4D, 0x4D, 0xD2, 0x15, 0xB2, 0x80, 0x80, 0x80 ; file 1AD447
db 0x0C, 0x80, 0x80, 0x80, 0xB2, 0xB2, 0xB2, 0x97, 0xB2, 0x15, 0x15, 0x15, 0xB2, 0x80, 0x80, 0x80 ; file 1AD457
db 0x80, 0x80, 0x80, 0x80, 0x05, 0x05, 0x05, 0x05, 0x05, 0x05, 0x8E, 0x80, 0x05, 0x05, 0x8E, 0x80 ; file 1AD467
db 0x88, 0x58, 0x8E, 0x80, 0x4F, 0xBE, 0x4F, 0x97, 0x4F, 0xBE, 0x4F, 0x80, 0x4F, 0x96, 0x4F, 0x80 ; file 1AD477
db 0x8F, 0x80, 0x80, 0x80, 0x05, 0x05, 0x05, 0x97, 0x4D, 0x4D, 0x4D, 0x80, 0x05, 0x80, 0x80, 0x80 ; file 1AD487
db 0x4A, 0x80, 0x80, 0x80, 0x4F, 0x97, 0x97, 0x97, 0x4D, 0x80, 0x80, 0x80, 0x40, 0x80, 0x80, 0x80 ; file 1AD497
db 0x80, 0x80, 0x80, 0x80, 0x05, 0x05, 0x8E, 0x4E, 0x4D, 0x4D, 0x8E, 0x80, 0x0B, 0x0B, 0x8E, 0x80 ; file 1AD4A7
db 0x8E, 0x58, 0x8E, 0x80, 0x4F, 0xBE, 0x4F, 0x80, 0x4D, 0x53, 0x80, 0x80, 0x0B, 0x80, 0x80, 0x80 ; file 1AD4B7
db 0x80, 0x80, 0x80, 0x80, 0x4D, 0x4D, 0x4D, 0x4E, 0x4D, 0x4D, 0x4D, 0x80, 0x0B, 0x80, 0x80, 0x80 ; file 1AD4C7
db 0x4A, 0x80, 0x80, 0x80, 0xB2, 0x46, 0x80, 0x80, 0x4D, 0x80, 0x80, 0x80, 0x40, 0x80, 0x80, 0x80 ; file 1AD4D7
db 0x80, 0x80, 0x80, 0x80, 0x9E, 0x9E, 0x9E, 0x97, 0x9E, 0x9E, 0x9E, 0xC0, 0x0B, 0x0B, 0x0B, 0x0B ; file 1AD4E7
db 0x0B, 0x0B, 0xC1, 0x92, 0x9E, 0xBE, 0x97, 0x97, 0x9E, 0xBE, 0x97, 0x97, 0x0B, 0xBE, 0x0B, 0x97 ; file 1AD4F7
db 0x8F, 0xBE, 0xC1, 0x80, 0x9E, 0x97, 0x3D, 0x97, 0x4D, 0x4C, 0xD1, 0x4C, 0x0B, 0x0B, 0x3D, 0x97 ; file 1AD507
db 0x0B, 0x49, 0xC1, 0x49, 0xB2, 0x97, 0x97, 0x97, 0xB2, 0x97, 0x97, 0x97, 0xB2, 0x97, 0x97, 0x97 ; file 1AD517
db 0x80, 0x80, 0x80, 0x80, 0x0B, 0x0B, 0x0B, 0x4C, 0xC2, 0xC2, 0xC2, 0x4C, 0x0B, 0x0B, 0x0B, 0x0B ; file 1AD527
db 0x0B, 0x0B, 0x0B, 0x49, 0xB2, 0xBE, 0xB2, 0x97, 0xC2, 0xBE, 0xC2, 0x15, 0x0B, 0x0B, 0x0B, 0x80 ; file 1AD537
db 0x0B, 0x80, 0x80, 0x80, 0xB2, 0x4C, 0x16, 0x4C, 0x4D, 0x4C, 0x16, 0x4C, 0x0B, 0x0B, 0x0B, 0x49 ; file 1AD547
db 0x0B, 0x49, 0x16, 0x49, 0xB2, 0xB2, 0xB2, 0x97, 0xB2, 0x15, 0x15, 0x15, 0xB2, 0x80, 0x80, 0x80 ; file 1AD557
db 0x80, 0x80, 0x80, 0x80, 0x0B, 0x0B, 0x0B, 0x0B, 0x0B, 0x0B, 0x0B, 0xC0, 0x0B, 0x0B, 0x0B, 0x0B ; file 1AD567
db 0x0B, 0x0B, 0x0B, 0x80, 0x4F, 0xBE, 0x4F, 0x97, 0x4F, 0xBE, 0x4F, 0x80, 0x0B, 0x0B, 0x0B, 0x80 ; file 1AD577
db 0x8F, 0x80, 0x80, 0x80, 0x0B, 0x0B, 0x3D, 0x97, 0x4D, 0x4D, 0x4D, 0x4C, 0x0B, 0x0B, 0x0B, 0x80 ; file 1AD587
db 0x0B, 0x80, 0x80, 0x80, 0x4F, 0x97, 0x97, 0x97, 0x4D, 0x80, 0x80, 0x80, 0x0B, 0x80, 0x80, 0x80 ; file 1AD597
db 0x80, 0x80, 0x80, 0x80, 0x0B, 0x0B, 0x0B, 0x0B, 0x0B, 0x0B, 0x0B, 0x4C, 0x0B, 0x0B, 0x0B, 0x0B ; file 1AD5A7
db 0x0B, 0x0B, 0x0B, 0x80, 0x0B, 0x0B, 0x0B, 0x80, 0x0B, 0x80, 0x80, 0x80, 0x0B, 0x0B, 0x0B, 0x80 ; file 1AD5B7
db 0x0B, 0x80, 0x80, 0x80, 0x0B, 0x0B, 0x0B, 0x4C, 0x4D, 0x4D, 0x4D, 0x4C, 0x0B, 0x0B, 0x0B, 0x80 ; file 1AD5C7
db 0x0B, 0x80, 0x80, 0x80, 0xB2, 0x46, 0x80, 0x80, 0x4D, 0x80, 0x80, 0x80, 0x0B, 0x80, 0x80, 0x80 ; file 1AD5D7
db 0x80, 0x80, 0x80, 0x80, 0x9E, 0x9E, 0x9E, 0x97, 0x9E, 0x9E, 0x9E, 0x97, 0x9E, 0x9E, 0x9E, 0x97 ; file 1AD5E7
db 0x9E, 0x9E, 0xC1, 0xC1, 0x9E, 0xBE, 0x97, 0x97, 0x9E, 0xBE, 0x97, 0x97, 0x9E, 0xBE, 0x97, 0x97 ; file 1AD5F7
db 0x8F, 0xBE, 0xC1, 0x80, 0x9E, 0x97, 0x97, 0x97, 0x4D, 0x4D, 0xD1, 0x97, 0x9E, 0x97, 0x97, 0x97 ; file 1AD607
db 0x0C, 0x80, 0xC1, 0x80, 0xB2, 0x97, 0x97, 0x97, 0xB2, 0x97, 0x97, 0x97, 0xB2, 0x97, 0x97, 0x97 ; file 1AD617
db 0x80, 0x80, 0x80, 0x80, 0x9E, 0x9E, 0x9E, 0x97, 0x2D, 0x2D, 0xD2, 0x15, 0x0B, 0x0B, 0x0B, 0x80 ; file 1AD627
db 0x0B, 0x80, 0xC1, 0x80, 0xB2, 0xBE, 0xB2, 0x97, 0xB2, 0xBE, 0x15, 0x15, 0xB2, 0xBE, 0x80, 0x80 ; file 1AD637
db 0x80, 0x80, 0x80, 0x80, 0xB2, 0xB2, 0xB2, 0x97, 0x4D, 0x4D, 0xD2, 0x15, 0xB2, 0x80, 0x80, 0x80 ; file 1AD647
db 0x0C, 0x80, 0x80, 0x80, 0xB2, 0xB2, 0xB2, 0x97, 0xB2, 0x15, 0x15, 0x15, 0xB2, 0x80, 0x80, 0x80 ; file 1AD657
db 0x80, 0x80, 0x80, 0x80, 0x9E, 0x9E, 0x9E, 0x97, 0x4D, 0x4D, 0x4D, 0x80, 0x0B, 0x0B, 0x0B, 0x80 ; file 1AD667
db 0x8F, 0x80, 0xC1, 0x80, 0x4F, 0xBE, 0x4F, 0x97, 0x4F, 0xBE, 0x4F, 0x80, 0x4F, 0xBE, 0x4F, 0x80 ; file 1AD677
db 0x8F, 0x80, 0x80, 0x80, 0x4D, 0x4D, 0x4D, 0x97, 0x4D, 0x4D, 0x4D, 0x80, 0x0B, 0x80, 0x80, 0x80 ; file 1AD687
db 0x4A, 0x80, 0x80, 0x80, 0x4F, 0x97, 0x97, 0x97, 0x4D, 0x80, 0x80, 0x80, 0x4F, 0x80, 0x80, 0x80 ; file 1AD697
db 0x80, 0x80, 0x80, 0x80, 0x0B, 0x0B, 0x0B, 0x80, 0x4D, 0x4D, 0x4D, 0x80, 0x0B, 0x0B, 0x0B, 0x80 ; file 1AD6A7
db 0x0B, 0x80, 0x80, 0x80, 0x4F, 0xBE, 0x4F, 0x80, 0x4D, 0x80, 0x80, 0x80, 0x0B, 0x80, 0x80, 0x80 ; file 1AD6B7
db 0x80, 0x80, 0x80, 0x80, 0x4D, 0x4D, 0x4D, 0x80, 0x4D, 0x4D, 0x4D, 0x80, 0x0B, 0x80, 0x80, 0x80 ; file 1AD6C7
db 0x4A, 0x80, 0x80, 0x80, 0xB2, 0x46, 0x80, 0x80, 0x4D, 0x80, 0x80, 0x80, 0x80, 0x80, 0x80, 0x80 ; file 1AD6D7
db 0x80, 0x80, 0x80, 0x80, 0x05, 0x84, 0x05, 0x4E, 0x05, 0x84, 0x8E, 0x92, 0x89, 0x9B, 0x89, 0x92 ; file 1AD6E7
db 0x88, 0x92, 0x8E, 0x92, 0x05, 0xBE, 0x26, 0x83, 0x05, 0xBE, 0x26, 0x4B, 0x89, 0x96, 0x26, 0x83 ; file 1AD6F7
db 0x88, 0x2F, 0x8E, 0x2F, 0x05, 0x4E, 0x3D, 0x4E, 0x05, 0x4B, 0xBA, 0x4B, 0x89, 0x9B, 0xD3, 0x4E ; file 1AD707
db 0x88, 0x92, 0x8E, 0x92, 0xD0, 0x97, 0x2E, 0x97, 0xD0, 0x4B, 0x4B, 0x4B, 0xD0, 0xAD, 0xAD, 0xAD ; file 1AD717
db 0xD0, 0x4B, 0x4B, 0x4B, 0x05, 0x4E, 0x2A, 0x4E, 0x8E, 0x4B, 0x8E, 0x4B, 0x24, 0x9B, 0x8E, 0x4E ; file 1AD727
db 0x8E, 0x8E, 0x8E, 0x8E, 0x05, 0xBE, 0x2A, 0x4B, 0x4B, 0x4B, 0x4B, 0x4B, 0x24, 0x59, 0x8E, 0x4B ; file 1AD737
db 0x8E, 0x43, 0x8E, 0x4B, 0x4E, 0x4E, 0x4E, 0x4E, 0xBA, 0x4B, 0xBA, 0x4B, 0x24, 0x4E, 0x4E, 0x4E ; file 1AD747
db 0x8E, 0x49, 0x8E, 0x49, 0xC4, 0x41, 0x4B, 0x4B, 0x4B, 0x4B, 0x4B, 0x4B, 0xC4, 0x41, 0x4B, 0x4B ; file 1AD757
db 0x4B, 0x4B, 0x4B, 0x4B, 0x05, 0x9B, 0x4E, 0x4E, 0x2B, 0x9B, 0x8E, 0x9F, 0x2C, 0x9B, 0x8E, 0x9B ; file 1AD767
db 0x88, 0x9B, 0x8E, 0x9F, 0x4F, 0x96, 0x26, 0x47, 0x2B, 0x96, 0x8E, 0x9F, 0x2C, 0x96, 0x8E, 0xAD ; file 1AD777
db 0x88, 0x96, 0x8E, 0x9F, 0x4E, 0x4E, 0x4E, 0x4E, 0x2B, 0x4E, 0x4E, 0x4E, 0x2C, 0x9B, 0xD3, 0x4E ; file 1AD787
db 0x88, 0x9B, 0x8E, 0x9F, 0xC4, 0x41, 0x47, 0x47, 0xC4, 0x41, 0x47, 0x47, 0xAD, 0xAD, 0xAD, 0xAD ; file 1AD797
db 0x88, 0xAD, 0x8E, 0xAD, 0xB8, 0x4E, 0x4E, 0x4E, 0x8E, 0x4E, 0x8E, 0x4E, 0x8E, 0x9B, 0x8E, 0x4E ; file 1AD7A7
db 0x8E, 0x8E, 0x8E, 0x8E, 0xB8, 0x41, 0x4E, 0x4E, 0x8E, 0x41, 0x8E, 0x4B, 0x8E, 0x59, 0x8E, 0x4E ; file 1AD7B7
db 0x8E, 0x43, 0x8E, 0x8E, 0x4E, 0x4E, 0x4E, 0x4E, 0x4E, 0x4E, 0x4E, 0x4E, 0x4E, 0x4E, 0x4E, 0x4E ; file 1AD7C7
db 0x8E, 0x4E, 0x8E, 0x4E, 0xC4, 0x41, 0x4E, 0x4E, 0xC4, 0x41, 0x4B, 0x4B, 0xC4, 0x41, 0x4E, 0x4E ; file 1AD7D7
db 0x8E, 0x91, 0x8E, 0x91, 0x05, 0x05, 0x05, 0x05, 0x05, 0x05, 0x8E, 0x8E, 0x05, 0x05, 0x8E, 0x8E ; file 1AD7E7
db 0x8E, 0x8E, 0x8E, 0x8E, 0x05, 0xBE, 0x05, 0x97, 0x05, 0xBE, 0x8E, 0x2F, 0x05, 0x96, 0x8E, 0x2F ; file 1AD7F7
db 0x8E, 0x2F, 0x8E, 0x2F, 0x05, 0x05, 0x05, 0x97, 0x05, 0x05, 0xD1, 0x82, 0x05, 0x05, 0x8E, 0x97 ; file 1AD807
db 0x8E, 0x8E, 0x8E, 0x8E, 0xD0, 0x97, 0x97, 0x97, 0xD0, 0x82, 0xD7, 0x82, 0xD0, 0x96, 0x97, 0x97 ; file 1AD817
db 0xD0, 0x2F, 0x8E, 0x2F, 0x05, 0x05, 0x8E, 0x4E, 0x8E, 0x8E, 0x8E, 0x8E, 0x8E, 0x8E, 0x8E, 0x8E ; file 1AD827
db 0x8E, 0x8E, 0x8E, 0x8E, 0x05, 0xBE, 0x8E, 0x97, 0x8E, 0xBE, 0x8E, 0x4B, 0x8E, 0x96, 0x8E, 0x8E ; file 1AD837
db 0x8E, 0x8E, 0x8E, 0x8E, 0x05, 0x4E, 0x4E, 0x4E, 0x8E, 0x4B, 0x8E, 0x4B, 0x8E, 0x4E, 0x8E, 0x4E ; file 1AD847
db 0x8E, 0x8E, 0x8E, 0x8E, 0xD0, 0x97, 0x97, 0x97, 0xD0, 0x4B, 0x4B, 0x4B, 0xD0, 0x81, 0x8E, 0x81 ; file 1AD857
db 0x8E, 0x81, 0x8E, 0x81, 0x05, 0x05, 0x8E, 0x47, 0x8E, 0x8E, 0x8E, 0x8E, 0x8E, 0x96, 0x8E, 0x8E ; file 1AD867
db 0x8E, 0x8E, 0x8E, 0x8E, 0x4F, 0x96, 0x47, 0x47, 0x4F, 0x96, 0x8E, 0x47, 0x96, 0x96, 0x8E, 0x96 ; file 1AD877
db 0x8E, 0x96, 0x8E, 0x8E, 0x05, 0x47, 0x47, 0x47, 0x8E, 0x47, 0x8E, 0x47, 0x8E, 0x96, 0x8E, 0xBC ; file 1AD887
db 0x8E, 0x8E, 0x8E, 0x8E, 0xD0, 0x47, 0x47, 0x47, 0xD0, 0x47, 0x47, 0x47, 0x96, 0x96, 0xBC, 0xBC ; file 1AD897
db 0x8E, 0x96, 0x8E, 0xBC, 0x8E, 0x4E, 0x8E, 0x4E, 0x8E, 0x8E, 0x8E, 0x8E, 0x8E, 0x8E, 0x8E, 0x8E ; file 1AD8A7
db 0x8E, 0x8E, 0x8E, 0x8E, 0x4F, 0x96, 0x8E, 0x47, 0x8E, 0x8E, 0x8E, 0x8E, 0x8E, 0x96, 0x8E, 0x8E ; file 1AD8B7
db 0x8E, 0x8E, 0x8E, 0x8E, 0x4E, 0x4E, 0x4E, 0x4E, 0x8E, 0x4E, 0x8E, 0x4E, 0x8E, 0x4E, 0x8E, 0x4E ; file 1AD8C7
db 0x8E, 0x8E, 0x8E, 0x8E, 0xC4, 0x41, 0x47, 0x47, 0x8E, 0x20, 0x8E, 0x20, 0x40, 0x96, 0x8E, 0xBC ; file 1AD8D7
db 0x8E, 0x20, 0x8E, 0x20, 0x9E, 0x9E, 0x9E, 0x97, 0x9E, 0x9E, 0x9E, 0xC0, 0x9E, 0x9B, 0x9E, 0xB3 ; file 1AD8E7
db 0x9E, 0xB3, 0x8E, 0xB3, 0x9E, 0xBE, 0x97, 0x97, 0x9E, 0xBE, 0xD7, 0x97, 0x9E, 0xBE, 0x97, 0x97 ; file 1AD8F7
db 0x8F, 0xBE, 0xA9, 0xB3, 0x9E, 0x97, 0x3D, 0x97, 0x9E, 0x4C, 0xD1, 0x4C, 0x9E, 0x97, 0xD3, 0x97 ; file 1AD907
db 0x0C, 0x49, 0xD1, 0x49, 0xD0, 0x97, 0x97, 0x97, 0xD0, 0x97, 0xD7, 0x97, 0xD0, 0x97, 0x97, 0x97 ; file 1AD917
db 0xD0, 0x81, 0xD7, 0x81, 0x9E, 0x9E, 0x2A, 0x4C, 0x9E, 0x4C, 0x4C, 0x4C, 0x24, 0x24, 0x24, 0x24 ; file 1AD927
db 0x24, 0x24, 0x8E, 0x49, 0x9E, 0xBE, 0x2A, 0x97, 0x9E, 0xBE, 0xA9, 0x4B, 0x24, 0xBE, 0xA9, 0xA5 ; file 1AD937
db 0xA9, 0x81, 0xA9, 0x81, 0x30, 0x4C, 0x3D, 0x4C, 0x4C, 0x4C, 0x4C, 0x4C, 0x24, 0x24, 0xD3, 0x49 ; file 1AD947
db 0x0C, 0x49, 0x49, 0x49, 0xD0, 0x97, 0x97, 0x97, 0xD0, 0x4B, 0x4B, 0x4B, 0xD0, 0x81, 0x81, 0x81 ; file 1AD957
db 0x0C, 0x81, 0x81, 0x81, 0x9E, 0x9B, 0x9E, 0x4E, 0x9E, 0xB3, 0x8E, 0xB3, 0x0B, 0x9B, 0xD3, 0xB3 ; file 1AD967
db 0x88, 0xB3, 0x8E, 0xB3, 0x4F, 0xBE, 0x4F, 0x97, 0x4F, 0xBE, 0xA9, 0xB3, 0x4F, 0x96, 0xA9, 0xBC ; file 1AD977
db 0x8F, 0x8F, 0xA9, 0xB3, 0x30, 0x4E, 0xD3, 0x4E, 0x30, 0x4C, 0xD1, 0x4C, 0xD3, 0x9B, 0xD3, 0xBC ; file 1AD987
db 0xD3, 0xB3, 0xD3, 0xB3, 0xD0, 0x97, 0x97, 0x97, 0xD0, 0x97, 0xD7, 0x97, 0xBC, 0xBC, 0xBC, 0xBC ; file 1AD997
db 0x8F, 0xBC, 0xA9, 0xBC, 0x0B, 0x4E, 0x4E, 0x4E, 0x8E, 0x4C, 0x8E, 0x4C, 0x0B, 0x0B, 0x8E, 0x4E ; file 1AD9A7
db 0x8E, 0x8E, 0x8E, 0x8E, 0x4F, 0xBE, 0xA9, 0x4E, 0xA9, 0xA9, 0xA9, 0xA9, 0x0B, 0xA5, 0xA9, 0xA5 ; file 1AD9B7
db 0xA9, 0xA9, 0xA9, 0xA9, 0x30, 0x4E, 0x4E, 0x4E, 0x30, 0x4C, 0x1D, 0x4C, 0x0B, 0x4E, 0xD3, 0x4E ; file 1AD9C7
db 0x8E, 0xA6, 0x8E, 0x20, 0x30, 0x41, 0x4E, 0x4E, 0x30, 0x20, 0xA9, 0x20, 0x0B, 0xBC, 0xA9, 0xBC ; file 1AD9D7
db 0xA9, 0x20, 0xA9, 0x20, 0x9E, 0x9E, 0x9E, 0x97, 0x9E, 0x9E, 0x9E, 0xB3, 0x9E, 0x9E, 0x9E, 0xB3 ; file 1AD9E7
db 0x9E, 0xB3, 0x8E, 0xB3, 0x9E, 0xBE, 0x97, 0x97, 0x9E, 0xBE, 0xD7, 0x97, 0x9E, 0xBE, 0x97, 0x97 ; file 1AD9F7
db 0x8F, 0xBE, 0xA9, 0xB3, 0x9E, 0x97, 0x97, 0x97, 0x9E, 0x97, 0xD1, 0x97, 0x9E, 0x97, 0x97, 0x97 ; file 1ADA07
db 0x0C, 0xB3, 0xD1, 0xB3, 0xD0, 0x97, 0x97, 0x97, 0xD0, 0x97, 0xD7, 0x97, 0xD0, 0x97, 0x97, 0x97 ; file 1ADA17
db 0xD0, 0x81, 0xD7, 0x81, 0x9E, 0x9E, 0x9E, 0x97, 0x9E, 0x9E, 0x8E, 0x4C, 0x9E, 0x9E, 0x8E, 0x8E ; file 1ADA27
db 0x8E, 0x8E, 0x8E, 0x8E, 0x9E, 0xBE, 0x97, 0x97, 0x9E, 0xBE, 0xA9, 0x81, 0x9E, 0xBE, 0xA9, 0x81 ; file 1ADA37
db 0xA9, 0x81, 0xA9, 0x81, 0x9E, 0x97, 0xD2, 0x97, 0xD2, 0x4C, 0xD2, 0x4C, 0x0C, 0x0C, 0x8E, 0x81 ; file 1ADA47
db 0x0C, 0x0C, 0x8E, 0x81, 0xD0, 0x97, 0x97, 0x97, 0xD0, 0x81, 0xD2, 0x81, 0xD0, 0x81, 0x81, 0x81 ; file 1ADA57
db 0x0C, 0x81, 0x81, 0x81, 0x9E, 0x9E, 0x9E, 0xB3, 0x9E, 0xB3, 0x8E, 0xB3, 0x9E, 0xB3, 0x8E, 0xB3 ; file 1ADA67
db 0x8E, 0xB3, 0x8E, 0xB3, 0x4F, 0xBE, 0x4F, 0x97, 0x4F, 0xBE, 0xA9, 0xB3, 0x4F, 0x96, 0xA9, 0xBC ; file 1ADA77
db 0x8F, 0x8F, 0xA9, 0xB3, 0x9E, 0x97, 0x97, 0x97, 0x4D, 0xB3, 0xD1, 0xB3, 0x9E, 0xBC, 0xBC, 0xBC ; file 1ADA87
db 0x8E, 0xB3, 0x8E, 0xB3, 0xD0, 0x97, 0x97, 0x97, 0xD0, 0x97, 0xD7, 0x97, 0xBC, 0xBC, 0xBC, 0xBC ; file 1ADA97
db 0x8F, 0xBC, 0xA9, 0xBC, 0x9E, 0x9E, 0x8E, 0x4E, 0x8E, 0x8E, 0x8E, 0x8E, 0x8E, 0x8E, 0x8E, 0x8E ; file 1ADAA7
db 0x8E, 0x8E, 0x8E, 0x8E, 0x4F, 0xBE, 0xA9, 0x97, 0xA9, 0xA9, 0xA9, 0xA9, 0xA9, 0x96, 0xA9, 0xA9 ; file 1ADAB7
db 0xA9, 0xA9, 0xA9, 0xA9, 0x30, 0x46, 0x4E, 0x4E, 0x4D, 0x4D, 0x8E, 0x20, 0x8E, 0xA6, 0x8E, 0xBC ; file 1ADAC7
db 0x8E, 0xA6, 0x8E, 0x20, 0xD0, 0x46, 0x97, 0x97, 0x4D, 0x20, 0xA9, 0x20, 0xA9, 0xBC, 0xA9, 0xBC ; file 1ADAD7
db 0xA9, 0x20, 0xA9, 0x20, 0x05, 0x84, 0x05, 0xC0, 0x05, 0xC0, 0xC0, 0xC0, 0x89, 0x9B, 0xC6, 0x92 ; file 1ADAE7
db 0xC6, 0x92, 0xC6, 0x92, 0x4F, 0xBE, 0x26, 0x83, 0x4F, 0xBE, 0xC0, 0xC0, 0x4F, 0x52, 0xC6, 0x83 ; file 1ADAF7
db 0xC6, 0x43, 0xC6, 0xB0, 0x05, 0x29, 0x36, 0x4E, 0x05, 0xC0, 0x36, 0xC0, 0x89, 0x9B, 0x36, 0x4E ; file 1ADB07
db 0xC6, 0x8D, 0xC6, 0x8D, 0xD0, 0x97, 0x2E, 0x97, 0xD0, 0x4B, 0x4B, 0x4B, 0xD0, 0xAD, 0xAD, 0xAD ; file 1ADB17
db 0xC6, 0x43, 0xC6, 0x4B, 0xB8, 0xB8, 0x2A, 0x4E, 0xB8, 0xB8, 0x8E, 0xC0, 0x0B, 0x0B, 0x8E, 0x39 ; file 1ADB27
db 0x8E, 0x39, 0x8E, 0x39, 0xB8, 0x59, 0x2A, 0x4B, 0xB8, 0x43, 0x4B, 0x4B, 0x0B, 0x59, 0x8E, 0xA5 ; file 1ADB37
db 0x43, 0x43, 0x8E, 0x39, 0xB8, 0x4E, 0x4E, 0x4E, 0x4D, 0x4B, 0xBA, 0x4B, 0x0B, 0x4E, 0x4E, 0x4E ; file 1ADB47
db 0x8D, 0x8D, 0x8D, 0x8D, 0xB2, 0x41, 0x4B, 0x4B, 0x4B, 0x4B, 0x4B, 0x4B, 0xB2, 0x59, 0xAB, 0xAB ; file 1ADB57
db 0x43, 0x43, 0x4B, 0x4B, 0x0D, 0x0D, 0x0D, 0x4E, 0x0D, 0x0D, 0x8E, 0x9F, 0x0D, 0x9B, 0x8E, 0x9B ; file 1ADB67
db 0x88, 0x9B, 0x8E, 0x9F, 0x4F, 0x4F, 0x4F, 0x8C, 0x4F, 0x43, 0x4F, 0x8C, 0x4F, 0x52, 0x4F, 0x8C ; file 1ADB77
db 0x43, 0x43, 0x8E, 0x9F, 0x0D, 0x4E, 0x4E, 0x4E, 0x0D, 0x4E, 0x1D, 0x4E, 0x0D, 0x9B, 0xD3, 0x4E ; file 1ADB87
db 0x88, 0x8D, 0x8D, 0x8D, 0x4F, 0x41, 0x47, 0x47, 0x4F, 0xA4, 0xA4, 0xA4, 0x4F, 0xAD, 0xAD, 0xAD ; file 1ADB97
db 0x43, 0x43, 0x80, 0x80, 0xB8, 0xB8, 0xB8, 0x4E, 0xB8, 0xB8, 0x8E, 0x39, 0x0B, 0x0B, 0x8E, 0x39 ; file 1ADBA7
db 0x8E, 0x39, 0x8E, 0x39, 0xB8, 0x59, 0xB8, 0x4E, 0xB8, 0x43, 0x8E, 0x39, 0x0B, 0x59, 0x8E, 0xA5 ; file 1ADBB7
db 0x43, 0x43, 0x8E, 0x39, 0xB8, 0x4E, 0x4E, 0x4E, 0x4D, 0x4E, 0x1D, 0x4E, 0x0B, 0x4E, 0x4E, 0x4E ; file 1ADBC7
db 0x8D, 0x8D, 0x8D, 0x8D, 0xB8, 0x41, 0x4E, 0x4E, 0x4D, 0x41, 0x1D, 0x4B, 0x0B, 0x59, 0x4E, 0x4E ; file 1ADBD7
db 0x43, 0x43, 0x80, 0x80, 0x05, 0x05, 0x05, 0x05, 0x05, 0x05, 0x8E, 0xC0, 0x05, 0x05, 0x8E, 0xDC ; file 1ADBE7
db 0x8E, 0xDC, 0x8E, 0xDC, 0x4F, 0xBE, 0x4F, 0x97, 0x4F, 0xBE, 0x4F, 0xB0, 0x4F, 0x96, 0x4F, 0xB0 ; file 1ADBF7
db 0x4F, 0xB0, 0x8E, 0xB0, 0x05, 0x05, 0x05, 0x97, 0x05, 0xA8, 0xD1, 0xA8, 0x05, 0xA8, 0x8E, 0xA8 ; file 1ADC07
db 0x8E, 0xA8, 0x8E, 0xA8, 0xD0, 0x97, 0x97, 0x97, 0xD0, 0x82, 0xD7, 0x82, 0xD0, 0xB7, 0xB7, 0xB7 ; file 1ADC17
db 0xD0, 0x80, 0x80, 0x80, 0x05, 0x05, 0x8E, 0x4E, 0x8E, 0x53, 0x8E, 0x8E, 0xD6, 0xD6, 0x8E, 0x8E ; file 1ADC27
db 0x8E, 0x8E, 0x8E, 0x8E, 0x4F, 0xBE, 0x4F, 0x08, 0x4F, 0x53, 0x8E, 0x15, 0xD6, 0x59, 0x8E, 0xAB ; file 1ADC37
db 0x8E, 0xBD, 0x8E, 0x80, 0xB2, 0x4E, 0x4E, 0x4E, 0x4D, 0xA8, 0x8E, 0xA8, 0xD6, 0xA8, 0x8E, 0xA8 ; file 1ADC47
db 0x8E, 0xA8, 0x8E, 0xA8, 0xB2, 0xB2, 0xB2, 0x08, 0xB2, 0x15, 0x15, 0x15, 0xB2, 0xAB, 0xAB, 0xAB ; file 1ADC57
db 0x80, 0x80, 0x80, 0x80, 0x48, 0x48, 0x48, 0x47, 0x48, 0x48, 0x8E, 0x8E, 0xD5, 0x96, 0x8E, 0x8E ; file 1ADC67
db 0x8E, 0x8E, 0x8E, 0x8E, 0x4F, 0x4F, 0x4F, 0x47, 0x4F, 0x4F, 0x4F, 0xA4, 0x4F, 0x96, 0x4F, 0x96 ; file 1ADC77
db 0x4F, 0x96, 0x8E, 0x80, 0x48, 0x47, 0x47, 0x47, 0x4D, 0xA8, 0x8E, 0xA8, 0xD5, 0xA8, 0x8E, 0xA8 ; file 1ADC87
db 0x8E, 0xA8, 0x8E, 0xA8, 0x4F, 0x47, 0x47, 0x47, 0x4F, 0xA4, 0xA4, 0xA4, 0x4F, 0x96, 0xBC, 0xBC ; file 1ADC97
db 0x4F, 0x80, 0x80, 0x80, 0xB8, 0xB8, 0x8E, 0x4E, 0x8E, 0x8E, 0x8E, 0x8E, 0xD6, 0xD6, 0x8E, 0x8E ; file 1ADCA7
db 0x8E, 0x8E, 0x8E, 0x8E, 0x4F, 0x4F, 0x4F, 0x47, 0x4F, 0xBD, 0x8E, 0x80, 0xD6, 0x59, 0x8E, 0x80 ; file 1ADCB7
db 0x8E, 0xBD, 0x8E, 0x80, 0x4D, 0x4E, 0x4E, 0x4E, 0x4D, 0xA8, 0x8E, 0xA8, 0xD6, 0xA8, 0x8E, 0xA8 ; file 1ADCC7
db 0x8E, 0xA8, 0x8E, 0xA8, 0x12, 0x12, 0x12, 0x47, 0x4D, 0x80, 0x80, 0x80, 0xD6, 0x80, 0x80, 0x80 ; file 1ADCD7
db 0x80, 0x80, 0x80, 0x80, 0x99, 0x99, 0x36, 0xC0, 0x99, 0xC0, 0xC0, 0xC0, 0x0B, 0x0B, 0x0B, 0xC0 ; file 1ADCE7
db 0x0B, 0xC0, 0xC0, 0xC0, 0x4F, 0xBE, 0x4F, 0x97, 0x4F, 0xBE, 0xC0, 0xC0, 0x4F, 0xBE, 0x4F, 0xA5 ; file 1ADCF7
db 0x4F, 0xBE, 0xA9, 0xC0, 0x36, 0x36, 0x36, 0x36, 0x36, 0xC0, 0x36, 0xC0, 0x0B, 0xB7, 0x36, 0xB7 ; file 1ADD07
db 0xB5, 0xA6, 0xB5, 0xC0, 0xD0, 0x97, 0x36, 0x97, 0xD0, 0x97, 0xD7, 0x97, 0xD0, 0xB7, 0xB7, 0xB7 ; file 1ADD17
db 0xD0, 0x80, 0x80, 0x80, 0x0B, 0x0B, 0x0B, 0xC0, 0xC2, 0xC0, 0xC0, 0xC0, 0x0B, 0x0B, 0x0B, 0xA5 ; file 1ADD27
db 0x0B, 0xAE, 0x8E, 0xC0, 0x4F, 0xBE, 0x4F, 0xA5, 0xC2, 0xBE, 0xA9, 0xC0, 0x0B, 0xA5, 0xA5, 0xA5 ; file 1ADD37
db 0x0B, 0x43, 0xA9, 0x80, 0x21, 0x21, 0x36, 0x4C, 0x4D, 0x4C, 0x16, 0x4C, 0x0B, 0x0B, 0xB5, 0xAB ; file 1ADD47
db 0xB5, 0xA6, 0xB5, 0x49, 0xB2, 0xB2, 0xB2, 0x08, 0xB2, 0x15, 0x15, 0x15, 0xB2, 0xAB, 0xAB, 0xAB ; file 1ADD57
db 0x80, 0x80, 0x80, 0x80, 0x48, 0x48, 0x48, 0xC0, 0x48, 0xC0, 0xC0, 0xC0, 0x0B, 0x0B, 0x0B, 0xA5 ; file 1ADD67
db 0x0B, 0xAE, 0x8E, 0xB3, 0x4F, 0x4F, 0x4F, 0x4F, 0x4F, 0x4F, 0x4F, 0xC0, 0x4F, 0x3A, 0x4F, 0xA5 ; file 1ADD77
db 0x4F, 0x3A, 0xA9, 0x80, 0x21, 0x21, 0x36, 0x4E, 0x4D, 0x4D, 0x1D, 0xC0, 0x0B, 0x0B, 0xD3, 0xBC ; file 1ADD87
db 0xB5, 0xA6, 0xB5, 0x80, 0x4F, 0x4F, 0x4F, 0x97, 0x4F, 0x4F, 0x1D, 0x80, 0x4F, 0xBC, 0xBC, 0xBC ; file 1ADD97
db 0x4F, 0x80, 0x80, 0x80, 0x0B, 0x0B, 0x0B, 0x4E, 0x0B, 0xAE, 0x1D, 0xC0, 0x0B, 0x0B, 0x0B, 0xA5 ; file 1ADDA7
db 0x0B, 0xAE, 0x8E, 0x39, 0x4F, 0x4F, 0x4F, 0xA5, 0x4F, 0x43, 0xA9, 0x80, 0x0B, 0xA5, 0xA5, 0xA5 ; file 1ADDB7
db 0x0B, 0x43, 0xA9, 0x80, 0x21, 0x21, 0x1D, 0x4E, 0x4D, 0x4D, 0x1D, 0x1D, 0x0B, 0x0B, 0xB5, 0x4E ; file 1ADDC7
db 0xB5, 0xA6, 0xB5, 0x80, 0x12, 0x12, 0x12, 0x4E, 0x4D, 0x80, 0x1D, 0x80, 0x0B, 0x80, 0x80, 0x80 ; file 1ADDD7
db 0x80, 0x80, 0x80, 0x80, 0x99, 0x99, 0x99, 0x97, 0x99, 0x99, 0x99, 0xC0, 0x99, 0x99, 0x99, 0xDC ; file 1ADDE7
db 0x99, 0xDC, 0xC1, 0xDC, 0x4F, 0xBE, 0x4F, 0x97, 0x4F, 0xBE, 0x4F, 0x97, 0x4F, 0xBE, 0x4F, 0xB7 ; file 1ADDF7
db 0x4F, 0xBE, 0xA9, 0xDC, 0x99, 0x97, 0x36, 0x97, 0x4D, 0x4D, 0xD1, 0x97, 0x99, 0xB7, 0xB7, 0xB7 ; file 1ADE07
db 0x03, 0xA6, 0xC1, 0xDC, 0xD0, 0x97, 0x97, 0x97, 0xD0, 0x97, 0xD7, 0x97, 0xD0, 0xB7, 0xB7, 0xB7 ; file 1ADE17
db 0xD0, 0x80, 0x80, 0x80, 0x99, 0x99, 0x99, 0x08, 0x2D, 0xAE, 0x8E, 0xC0, 0x0B, 0xAE, 0x8E, 0xAB ; file 1ADE27
db 0x1A, 0xAE, 0x8E, 0xDC, 0x4F, 0xBE, 0x4F, 0x08, 0x4F, 0xBE, 0xA9, 0x15, 0x4F, 0xAB, 0xA9, 0xAB ; file 1ADE37
db 0xA9, 0x80, 0xA9, 0x80, 0xB2, 0xB2, 0xB2, 0x08, 0x4D, 0x4D, 0xD2, 0x15, 0xB2, 0xA6, 0xAB, 0xAB ; file 1ADE47
db 0x03, 0xA6, 0x80, 0x80, 0xB2, 0xB2, 0xB2, 0x08, 0xB2, 0x15, 0x15, 0x15, 0xB2, 0xAB, 0xAB, 0xAB ; file 1ADE57
db 0x80, 0x80, 0x80, 0x80, 0x48, 0x48, 0x48, 0x48, 0x48, 0x48, 0x48, 0xB3, 0xD5, 0xD5, 0xD5, 0xB3 ; file 1ADE67
db 0xD5, 0xAE, 0x8E, 0xB3, 0x4F, 0x4F, 0x4F, 0x4F, 0x4F, 0x4F, 0x4F, 0x4F, 0x4F, 0x3A, 0x4F, 0xBC ; file 1ADE77
db 0x4F, 0x3A, 0xA9, 0x80, 0x48, 0x48, 0x48, 0x97, 0x4D, 0x4D, 0x4D, 0x80, 0xD5, 0xA6, 0xBC, 0xBC ; file 1ADE87
db 0x03, 0xA6, 0x80, 0x80, 0x4F, 0x4F, 0x4F, 0x97, 0x4F, 0x4F, 0x4F, 0x80, 0x4F, 0xBC, 0xBC, 0xBC ; file 1ADE97
db 0x4F, 0x80, 0x80, 0x80, 0xD4, 0xD4, 0xD4, 0xD4, 0x4D, 0xAE, 0x8E, 0x80, 0x0B, 0xAE, 0x8E, 0x80 ; file 1ADEA7
db 0x1A, 0xAE, 0x8E, 0x80, 0x4F, 0x4F, 0x4F, 0x4F, 0x4F, 0x4F, 0xA9, 0x80, 0x4F, 0x3A, 0xA9, 0x80 ; file 1ADEB7
db 0xA9, 0x80, 0xA9, 0x80, 0x4D, 0x4D, 0x4D, 0x4E, 0x4D, 0x4D, 0x4D, 0x80, 0x03, 0xA6, 0x80, 0x80 ; file 1ADEC7
db 0x03, 0xA6, 0x80, 0x80, 0x12, 0x12, 0x12, 0x80, 0x4D, 0x80, 0x80, 0x80, 0x12, 0x80, 0x80, 0x80 ; file 1ADED7
db 0x80, 0x80, 0x80, 0x80, 0x22, 0x84, 0x22, 0x83, 0x22, 0x84, 0x92, 0x92, 0x89, 0x84, 0x89, 0x92 ; file 1ADEE7
db 0x88, 0x92, 0x92, 0x92, 0x28, 0x83, 0x26, 0x83, 0x28, 0x83, 0x26, 0x83, 0x89, 0x83, 0x26, 0x83 ; file 1ADEF7
db 0x88, 0x92, 0x92, 0x92, 0x22, 0x84, 0x2E, 0x9A, 0x25, 0x84, 0xBA, 0x82, 0x89, 0x84, 0x89, 0x92 ; file 1ADF07
db 0x88, 0x92, 0x92, 0x92, 0x28, 0x9A, 0x2E, 0x9A, 0x25, 0x82, 0x2E, 0x82, 0x89, 0x9A, 0x2E, 0x9A ; file 1ADF17
db 0x54, 0x54, 0x54, 0x54, 0x22, 0x84, 0x2A, 0x83, 0x3C, 0x3C, 0xBA, 0x92, 0x89, 0x84, 0x89, 0x92 ; file 1ADF27
db 0x9C, 0x92, 0x87, 0x92, 0x28, 0x83, 0x26, 0x83, 0x3C, 0x3C, 0xBA, 0x55, 0x89, 0x51, 0x26, 0x83 ; file 1ADF37
db 0x9C, 0x91, 0x87, 0x91, 0x33, 0x84, 0xBA, 0x9A, 0xBA, 0xBA, 0xBA, 0xBA, 0x89, 0xCF, 0xBA, 0xCF ; file 1ADF47
db 0x9C, 0xCF, 0xBA, 0xCF, 0x33, 0x33, 0x2E, 0x9A, 0x33, 0x55, 0xBA, 0x55, 0x33, 0x33, 0x2E, 0x91 ; file 1ADF57
db 0x33, 0x91, 0x91, 0x91, 0x22, 0x84, 0x22, 0x83, 0x2B, 0x2B, 0x2B, 0x92, 0x88, 0x84, 0x88, 0x92 ; file 1ADF67
db 0x88, 0x88, 0x88, 0x92, 0x28, 0x83, 0x26, 0x83, 0x2B, 0x2B, 0x26, 0x83, 0x88, 0x52, 0x26, 0x83 ; file 1ADF77
db 0x88, 0x88, 0x88, 0x91, 0x22, 0x84, 0x2E, 0x9A, 0x2B, 0x2B, 0xBA, 0x82, 0x88, 0x84, 0x88, 0x91 ; file 1ADF87
db 0x88, 0x88, 0x88, 0x91, 0x5C, 0x9A, 0x2E, 0x9A, 0x2B, 0x82, 0x2E, 0x82, 0x40, 0x52, 0x2E, 0x91 ; file 1ADF97
db 0x88, 0x91, 0x91, 0x91, 0x37, 0x84, 0x2A, 0x50, 0x37, 0x37, 0x37, 0x50, 0x9C, 0x57, 0x87, 0x50 ; file 1ADFA7
db 0x9C, 0x9C, 0x87, 0x50, 0x5C, 0x41, 0x26, 0x83, 0x37, 0x37, 0x37, 0x91, 0x9C, 0x51, 0x87, 0x91 ; file 1ADFB7
db 0x9C, 0x91, 0x87, 0x91, 0x5C, 0x41, 0xBA, 0x91, 0x37, 0x37, 0xBA, 0x91, 0x9C, 0x57, 0x87, 0x91 ; file 1ADFC7
db 0x9C, 0x91, 0x87, 0x91, 0x5C, 0x41, 0x5C, 0x91, 0x5C, 0x91, 0x91, 0x91, 0x40, 0x91, 0x91, 0x91 ; file 1ADFD7
db 0x91, 0x91, 0x91, 0x91, 0x22, 0x84, 0x22, 0x83, 0x25, 0x84, 0x25, 0x82, 0x89, 0x84, 0x89, 0x92 ; file 1ADFE7
db 0x88, 0x92, 0x92, 0x92, 0x0A, 0x13, 0x26, 0x83, 0x0A, 0x82, 0x82, 0x82, 0x89, 0x9D, 0x26, 0x83 ; file 1ADFF7
db 0xCE, 0x2F, 0x2F, 0x2F, 0x25, 0x84, 0x25, 0x82, 0x25, 0x25, 0x25, 0x82, 0x89, 0x84, 0x89, 0x82 ; file 1AE007
db 0x25, 0x25, 0x25, 0x82, 0xB9, 0x82, 0x2E, 0x82, 0x25, 0x82, 0x82, 0x82, 0xB9, 0x82, 0x2E, 0x82 ; file 1AE017
db 0x25, 0x82, 0x82, 0x82, 0x22, 0x84, 0x2A, 0x83, 0x3C, 0x3C, 0xBA, 0x82, 0x89, 0x84, 0x89, 0x92 ; file 1AE027
db 0x9C, 0x92, 0x87, 0x92, 0x0A, 0x13, 0x26, 0x83, 0x3C, 0x53, 0x82, 0x82, 0x40, 0x9D, 0x26, 0x83 ; file 1AE037
db 0x9C, 0x53, 0x2F, 0x2F, 0x25, 0x84, 0xBA, 0x82, 0x25, 0x25, 0xBA, 0x82, 0x40, 0xCF, 0xBA, 0xCF ; file 1AE047
db 0x0C, 0xCF, 0xBA, 0xCF, 0x33, 0x33, 0x2E, 0x82, 0x25, 0x82, 0x82, 0x82, 0x40, 0x40, 0x40, 0x81 ; file 1AE057
db 0x40, 0x81, 0x81, 0x81, 0x22, 0x84, 0x22, 0x83, 0x2B, 0x2B, 0x2B, 0x82, 0x88, 0x84, 0x88, 0x92 ; file 1AE067
db 0x88, 0x88, 0x88, 0x92, 0x0A, 0x13, 0x26, 0x83, 0x2B, 0x82, 0x82, 0x82, 0xCC, 0x52, 0xCC, 0x42 ; file 1AE077
db 0x88, 0x88, 0x88, 0x2F, 0x25, 0x84, 0x25, 0x82, 0x25, 0x25, 0x25, 0x82, 0x40, 0x40, 0x40, 0x42 ; file 1AE087
db 0x88, 0x88, 0x88, 0x82, 0xB9, 0x82, 0x2E, 0x82, 0x25, 0x82, 0x82, 0x82, 0x40, 0x40, 0x40, 0x42 ; file 1AE097
db 0x40, 0x82, 0x82, 0x82, 0x37, 0x84, 0x2A, 0x50, 0x37, 0x37, 0x37, 0x50, 0x9C, 0x57, 0x87, 0x50 ; file 1AE0A7
db 0x9C, 0x9C, 0x87, 0x50, 0x40, 0x13, 0x26, 0x83, 0x37, 0x53, 0x37, 0x82, 0x40, 0x40, 0x40, 0x91 ; file 1AE0B7
db 0x9C, 0xB6, 0x87, 0x91, 0x40, 0x40, 0xBA, 0x82, 0x25, 0x25, 0xBA, 0x82, 0x40, 0x40, 0x40, 0x91 ; file 1AE0C7
db 0x9C, 0x91, 0x87, 0x91, 0x40, 0x40, 0x40, 0x82, 0x40, 0x82, 0x82, 0x82, 0x40, 0x40, 0x40, 0x91 ; file 1AE0D7
db 0x40, 0x91, 0x91, 0x91, 0x28, 0x84, 0x28, 0x83, 0x28, 0x84, 0x28, 0x92, 0x89, 0x84, 0x89, 0x92 ; file 1AE0E7
db 0x88, 0x92, 0x92, 0x92, 0x28, 0x28, 0x28, 0x83, 0x28, 0x28, 0x28, 0x56, 0x28, 0x28, 0x28, 0x83 ; file 1AE0F7
db 0x28, 0x28, 0x28, 0x92, 0x28, 0x84, 0x3D, 0x9A, 0x25, 0x56, 0xBA, 0x56, 0x89, 0x84, 0x3D, 0x92 ; file 1AE107
db 0x88, 0x92, 0x92, 0x92, 0x28, 0x0E, 0x28, 0x9A, 0x28, 0x56, 0x56, 0x56, 0x28, 0x0E, 0x28, 0x9A ; file 1AE117
db 0x28, 0x54, 0x54, 0x54, 0x28, 0x84, 0x28, 0x83, 0x3C, 0x3C, 0xBA, 0x92, 0x24, 0x24, 0x24, 0x92 ; file 1AE127
db 0x9C, 0x92, 0x87, 0x92, 0x28, 0x28, 0x28, 0x83, 0x28, 0x28, 0x28, 0x55, 0x28, 0x28, 0x28, 0x83 ; file 1AE137
db 0x28, 0x28, 0x28, 0x81, 0x28, 0x84, 0xBA, 0x9A, 0xBA, 0xBA, 0xBA, 0xBA, 0x24, 0xCF, 0xBA, 0xCF ; file 1AE147
db 0x0C, 0xCF, 0xBA, 0xCF, 0x28, 0x0E, 0x28, 0x9A, 0x28, 0x55, 0xBA, 0x55, 0x28, 0x0E, 0x28, 0x81 ; file 1AE157
db 0x0C, 0x81, 0x81, 0x81, 0x28, 0x84, 0x28, 0x83, 0x2B, 0x2B, 0x2B, 0x92, 0x88, 0x84, 0x88, 0x92 ; file 1AE167
db 0x88, 0x88, 0x88, 0x92, 0x28, 0x28, 0x28, 0x83, 0x28, 0x28, 0x28, 0x56, 0x28, 0x28, 0x28, 0x83 ; file 1AE177
db 0x88, 0x88, 0x88, 0x91, 0x28, 0x84, 0x3D, 0x9A, 0x2B, 0x2B, 0xBA, 0x56, 0x88, 0x84, 0xD3, 0x91 ; file 1AE187
db 0x88, 0x88, 0x88, 0x91, 0x28, 0x0E, 0x28, 0x9A, 0x28, 0x56, 0x56, 0x56, 0x28, 0x0E, 0x28, 0x91 ; file 1AE197
db 0x88, 0x91, 0x91, 0x91, 0x28, 0x84, 0x28, 0x50, 0x37, 0x37, 0x37, 0x50, 0x9C, 0x57, 0x87, 0x50 ; file 1AE1A7
db 0x9C, 0x9C, 0x87, 0x50, 0x28, 0x28, 0x28, 0x83, 0x28, 0x28, 0x28, 0x91, 0x28, 0x51, 0x28, 0x91 ; file 1AE1B7
db 0x9C, 0x91, 0x87, 0x91, 0x30, 0x30, 0x30, 0x30, 0x30, 0x30, 0xBA, 0x91, 0x30, 0x30, 0xB5, 0x91 ; file 1AE1C7
db 0x9C, 0x91, 0xB5, 0x91, 0x5C, 0x41, 0x5C, 0x91, 0x5C, 0x91, 0x91, 0x91, 0x40, 0x91, 0x91, 0x91 ; file 1AE1D7
db 0x91, 0x91, 0x91, 0x91, 0x0A, 0x84, 0x0A, 0x83, 0x0A, 0x84, 0xD9, 0x82, 0x89, 0x84, 0x89, 0x92 ; file 1AE1E7
db 0xCE, 0x92, 0x92, 0x92, 0x0A, 0x0A, 0x0A, 0x83, 0x0A, 0x0A, 0x0A, 0x82, 0x0A, 0x0A, 0x0A, 0x83 ; file 1AE1F7
db 0xCE, 0xCE, 0xCE, 0x2F, 0xB9, 0xB9, 0xB9, 0x82, 0x25, 0x25, 0xD9, 0x82, 0xB9, 0xB9, 0xB9, 0x81 ; file 1AE207
db 0x0C, 0x0C, 0xD9, 0x81, 0xB9, 0xB9, 0xB9, 0x82, 0xB9, 0x82, 0x82, 0x82, 0xB9, 0xB9, 0xB9, 0x81 ; file 1AE217
db 0xB9, 0x81, 0x81, 0x81, 0x0A, 0x84, 0x0A, 0x83, 0x2D, 0x2D, 0x2D, 0xAC, 0x24, 0x24, 0x24, 0x81 ; file 1AE227
db 0x0C, 0x0C, 0x0C, 0x81, 0x0A, 0x0A, 0x0A, 0x83, 0x0A, 0x53, 0x1B, 0xAC, 0x0A, 0x0A, 0x0A, 0x81 ; file 1AE237
db 0xCE, 0x81, 0x81, 0x81, 0xB9, 0xB9, 0xB9, 0xAC, 0x0C, 0xAC, 0xBA, 0xAC, 0x0C, 0x0C, 0x0C, 0x81 ; file 1AE247
db 0x0C, 0x0C, 0x0C, 0x81, 0xB9, 0xB9, 0xB9, 0xAC, 0xB9, 0xAC, 0x1B, 0xAC, 0xB9, 0x81, 0x81, 0x81 ; file 1AE257
db 0x0C, 0x81, 0x81, 0x81, 0x0A, 0x84, 0x0A, 0x83, 0x2B, 0x2B, 0x2B, 0x82, 0xCB, 0xCB, 0xCB, 0x92 ; file 1AE267
db 0x88, 0x88, 0x88, 0x92, 0x0A, 0x0A, 0x0A, 0x83, 0x8F, 0x8F, 0x8F, 0x82, 0x8F, 0x8F, 0x8F, 0x42 ; file 1AE277
db 0x8F, 0x8F, 0x8F, 0x8F, 0xB9, 0xB9, 0xB9, 0x82, 0x25, 0x25, 0xD9, 0x82, 0xB9, 0xB9, 0xB9, 0x42 ; file 1AE287
db 0x88, 0x88, 0x88, 0x81, 0xB9, 0xB9, 0xB9, 0x82, 0xB9, 0x82, 0x82, 0x82, 0xB9, 0xB9, 0xB9, 0x42 ; file 1AE297
db 0x8F, 0x8F, 0x8F, 0x81, 0x0A, 0x46, 0x0A, 0x46, 0x2D, 0x2D, 0x2D, 0x50, 0x9C, 0x57, 0x87, 0x50 ; file 1AE2A7
db 0x9C, 0x9C, 0x87, 0x50, 0x0A, 0x46, 0x0A, 0x46, 0x8F, 0x46, 0xA9, 0xAC, 0x40, 0x40, 0xA9, 0x81 ; file 1AE2B7
db 0x8F, 0x8F, 0xA9, 0x81, 0x30, 0x46, 0x30, 0x46, 0x0C, 0x46, 0xBA, 0xAC, 0x40, 0x40, 0x40, 0x81 ; file 1AE2C7
db 0x0C, 0x0C, 0xB5, 0x81, 0xB9, 0x46, 0xB9, 0x46, 0xB9, 0x46, 0x1B, 0xAC, 0x40, 0x40, 0x40, 0x81 ; file 1AE2D7
db 0x40, 0x81, 0x81, 0x81, 0x31, 0x84, 0x31, 0x83, 0x3C, 0x3C, 0x3C, 0x92, 0x89, 0x84, 0x89, 0x92 ; file 1AE2E7
db 0x3C, 0x92, 0x92, 0x92, 0x28, 0x83, 0x26, 0x83, 0x3C, 0x3C, 0x26, 0x83, 0x89, 0x52, 0x26, 0x83 ; file 1AE2F7
db 0xCE, 0x52, 0x92, 0x92, 0x31, 0x29, 0x2E, 0x9A, 0x3C, 0x29, 0xBA, 0x82, 0x89, 0x29, 0x89, 0x92 ; file 1AE307
db 0x3C, 0x92, 0x92, 0x92, 0x33, 0x0E, 0x2E, 0x9A, 0x33, 0x0E, 0x2E, 0x82, 0x33, 0x0E, 0x2E, 0x9A ; file 1AE317
db 0x33, 0x54, 0x54, 0x54, 0x3C, 0x3C, 0x3C, 0x3C, 0x3C, 0x3C, 0x3C, 0x3C, 0x3C, 0x57, 0x3C, 0x50 ; file 1AE327
db 0x3C, 0x3C, 0x3C, 0x50, 0x33, 0x33, 0x33, 0x83, 0x3C, 0x3C, 0x3C, 0x3C, 0x33, 0x51, 0x33, 0x50 ; file 1AE337
db 0x3C, 0x3C, 0x3C, 0x50, 0x33, 0x33, 0x33, 0x0F, 0x3C, 0x3C, 0xBA, 0xBA, 0x33, 0x33, 0x33, 0xCF ; file 1AE347
db 0x3C, 0xCF, 0xBA, 0xCF, 0x33, 0x33, 0x33, 0x33, 0x33, 0x33, 0x33, 0x55, 0x33, 0x33, 0x33, 0x33 ; file 1AE357
db 0x33, 0x33, 0x33, 0x91, 0x0D, 0x84, 0x0D, 0x50, 0x2B, 0x2B, 0x2B, 0x50, 0x88, 0x52, 0x50, 0x50 ; file 1AE367
db 0x88, 0x50, 0x50, 0x50, 0x0D, 0x52, 0x26, 0x83, 0x2B, 0x52, 0x26, 0x50, 0x52, 0x52, 0x52, 0x52 ; file 1AE377
db 0x88, 0x52, 0x50, 0x50, 0x0D, 0x29, 0x0D, 0x9A, 0x2B, 0x29, 0xBA, 0x50, 0x88, 0x52, 0x3E, 0x50 ; file 1AE387
db 0x88, 0x50, 0x3E, 0x50, 0x33, 0x0E, 0x2E, 0x9A, 0x33, 0x0E, 0x2E, 0x82, 0x33, 0x52, 0x2E, 0x52 ; file 1AE397
db 0x88, 0x52, 0x91, 0x91, 0xB8, 0x57, 0xB8, 0x50, 0x3C, 0x3C, 0x3C, 0x50, 0x57, 0x57, 0x50, 0x50 ; file 1AE3A7
db 0x94, 0x50, 0x50, 0x50, 0x33, 0x51, 0x33, 0x50, 0x3C, 0x3C, 0x3C, 0x50, 0x51, 0x51, 0x50, 0x50 ; file 1AE3B7
db 0x94, 0x43, 0x50, 0x50, 0x33, 0x33, 0x33, 0x50, 0x3C, 0x3C, 0xBA, 0x50, 0x33, 0x57, 0x3E, 0x50 ; file 1AE3C7
db 0x94, 0x50, 0x3E, 0x50, 0x33, 0x33, 0x33, 0x33, 0x33, 0x33, 0x33, 0x91, 0x33, 0x51, 0x33, 0x91 ; file 1AE3D7
db 0x33, 0x91, 0x91, 0x91, 0x31, 0x84, 0x31, 0x83, 0x3C, 0x3C, 0x3C, 0x82, 0x89, 0x84, 0x89, 0x92 ; file 1AE3E7
db 0xCE, 0x92, 0x92, 0x92, 0x0A, 0x13, 0x26, 0x83, 0xCE, 0x53, 0x82, 0x82, 0xCC, 0x52, 0xCC, 0x83 ; file 1AE3F7
db 0xCE, 0xCE, 0xCE, 0xB0, 0x25, 0x29, 0x25, 0x82, 0x25, 0x25, 0x25, 0x82, 0x89, 0x29, 0x89, 0x82 ; file 1AE407
db 0x25, 0x25, 0x25, 0x82, 0x33, 0x0E, 0x2E, 0x82, 0x25, 0x82, 0x82, 0x82, 0x33, 0x0E, 0x2E, 0x82 ; file 1AE417
db 0xCE, 0x82, 0x82, 0x82, 0x3C, 0x3C, 0x3C, 0x3C, 0x3C, 0x3C, 0x3C, 0x3C, 0x3C, 0x57, 0x3C, 0x50 ; file 1AE427
db 0x3C, 0x3C, 0x3C, 0x50, 0x33, 0x53, 0x33, 0x53, 0x3C, 0x53, 0x1B, 0x53, 0x33, 0x51, 0x33, 0x50 ; file 1AE437
db 0xCE, 0x53, 0xCE, 0x50, 0x33, 0x33, 0x33, 0xAC, 0x3C, 0x3C, 0xBA, 0xAC, 0x33, 0x33, 0x33, 0xCF ; file 1AE447
db 0x3C, 0xCF, 0xBA, 0xCF, 0x33, 0x33, 0x33, 0xAC, 0x33, 0x53, 0x1B, 0xAC, 0x33, 0x33, 0x33, 0xAC ; file 1AE457
db 0x33, 0x53, 0x1B, 0xAC, 0x0D, 0x84, 0x0D, 0x50, 0x2B, 0x2B, 0x2B, 0x50, 0xCB, 0x52, 0xCB, 0x50 ; file 1AE467
db 0x88, 0x50, 0x50, 0x50, 0xC9, 0x52, 0xC9, 0x83, 0xC9, 0x53, 0x82, 0x82, 0xCC, 0x52, 0xCC, 0x52 ; file 1AE477
db 0xCC, 0x52, 0xCC, 0x50, 0x0D, 0x29, 0x0D, 0x82, 0x25, 0x25, 0x25, 0x82, 0xCB, 0x52, 0xCB, 0x42 ; file 1AE487
db 0x88, 0x50, 0x3E, 0x50, 0x33, 0x0E, 0x2E, 0x82, 0x25, 0x82, 0x82, 0x82, 0xCC, 0x52, 0xCC, 0x42 ; file 1AE497
db 0xCC, 0xAA, 0x82, 0x82, 0xB8, 0x57, 0xB8, 0x50, 0x3C, 0x3C, 0x3C, 0x50, 0x57, 0x57, 0x50, 0x50 ; file 1AE4A7
db 0x94, 0x50, 0x50, 0x50, 0x33, 0x51, 0x33, 0x50, 0x3C, 0x53, 0x1B, 0x50, 0xCC, 0x51, 0xCC, 0x50 ; file 1AE4B7
db 0x94, 0xBD, 0x50, 0x50, 0x33, 0x33, 0x33, 0x50, 0x3C, 0x3C, 0xBA, 0x50, 0x40, 0x57, 0x3E, 0x50 ; file 1AE4C7
db 0x4A, 0x50, 0x3E, 0x50, 0x33, 0x33, 0x33, 0xAC, 0x33, 0x53, 0x1B, 0xAC, 0x40, 0x40, 0x40, 0x90 ; file 1AE4D7
db 0x40, 0x90, 0x90, 0x90, 0xBB, 0xBB, 0xBB, 0xBB, 0xBB, 0xBB, 0xBB, 0x92, 0xBB, 0xBB, 0xBB, 0x92 ; file 1AE4E7
db 0xBB, 0x92, 0x92, 0x92, 0x28, 0x0E, 0x28, 0x83, 0x28, 0x0E, 0x28, 0x56, 0x28, 0x0E, 0x28, 0x83 ; file 1AE4F7
db 0xCE, 0xCE, 0xCE, 0x92, 0xBB, 0x0E, 0x36, 0x0E, 0xBB, 0x0E, 0x16, 0x16, 0xBB, 0x0E, 0x36, 0x0E ; file 1AE507
db 0xBB, 0x0E, 0x16, 0x92, 0x0E, 0x0E, 0x0E, 0x0E, 0x0E, 0x0E, 0x16, 0x56, 0x0E, 0x0E, 0x0E, 0x0E ; file 1AE517
db 0xCE, 0x0E, 0xCE, 0x54, 0xBB, 0xBB, 0xBB, 0xBB, 0x3C, 0x3C, 0x16, 0x16, 0xBB, 0x57, 0xBB, 0x50 ; file 1AE527
db 0xC7, 0xC7, 0xC7, 0x50, 0x28, 0x0E, 0x28, 0x83, 0x3C, 0x3C, 0x16, 0xAC, 0x28, 0x51, 0x28, 0x50 ; file 1AE537
db 0xC7, 0xC7, 0xC7, 0x50, 0x33, 0x0E, 0x16, 0x16, 0x16, 0x16, 0x16, 0x16, 0x33, 0x0E, 0x16, 0xCF ; file 1AE547
db 0xC7, 0xC7, 0x16, 0xCF, 0x33, 0x0E, 0x33, 0xAC, 0x33, 0xAC, 0x16, 0xAC, 0x33, 0x0E, 0x33, 0x85 ; file 1AE557
db 0x33, 0x85, 0x16, 0x85, 0xBB, 0xBB, 0xBB, 0xBB, 0xBB, 0xBB, 0xBB, 0x50, 0xBB, 0x52, 0xBB, 0x50 ; file 1AE567
db 0x88, 0x50, 0x50, 0x50, 0x28, 0x0E, 0x28, 0x83, 0x28, 0x0E, 0x28, 0x50, 0x28, 0x52, 0x28, 0x52 ; file 1AE577
db 0xCE, 0x52, 0xCE, 0x50, 0xBB, 0x0E, 0x36, 0x0E, 0xBB, 0x0E, 0x16, 0x16, 0xBB, 0x0E, 0xB5, 0x50 ; file 1AE587
db 0x88, 0x50, 0xB5, 0x50, 0x0E, 0x0E, 0x0E, 0x0E, 0x0E, 0x0E, 0x16, 0x56, 0x0E, 0x0E, 0x85, 0x85 ; file 1AE597
db 0xCE, 0x85, 0x85, 0x85, 0xB8, 0x57, 0xB8, 0x50, 0x3C, 0x3C, 0x16, 0x50, 0x0B, 0x57, 0x50, 0x50 ; file 1AE5A7
db 0x94, 0x50, 0x50, 0x50, 0x28, 0x51, 0x28, 0x50, 0x3C, 0x3C, 0x16, 0x50, 0x51, 0x51, 0x50, 0x50 ; file 1AE5B7
db 0x94, 0x43, 0x50, 0x50, 0x21, 0x21, 0x16, 0x16, 0x16, 0x16, 0x16, 0x16, 0x21, 0x57, 0xB5, 0x50 ; file 1AE5C7
db 0xB5, 0x50, 0xB5, 0x50, 0x33, 0x0E, 0x33, 0x85, 0x33, 0x85, 0x16, 0x85, 0x33, 0x51, 0x85, 0x85 ; file 1AE5D7
db 0x85, 0x85, 0x85, 0x85, 0xBB, 0xBB, 0xBB, 0xBB, 0x2D, 0x2D, 0x2D, 0x44, 0xBB, 0xBB, 0xBB, 0x44 ; file 1AE5E7
db 0xCE, 0xCE, 0xC1, 0x44, 0x0A, 0x0A, 0x0A, 0x3F, 0xCE, 0xCE, 0xCE, 0xAC, 0xCE, 0xCE, 0xCE, 0xCE ; file 1AE5F7
db 0xCE, 0xCE, 0xCE, 0xCE, 0xB9, 0x0E, 0x36, 0x3F, 0x25, 0xAC, 0x16, 0xAC, 0xB9, 0x0E, 0x36, 0x3F ; file 1AE607
db 0xCE, 0xCE, 0xC1, 0x44, 0xB9, 0x0E, 0xB9, 0x3F, 0xB9, 0xAC, 0x1B, 0xAC, 0xB9, 0x0E, 0xB9, 0x3F ; file 1AE617
db 0xCE, 0xCE, 0xCE, 0xAC, 0x2D, 0x2D, 0x2D, 0xAC, 0x2D, 0x2D, 0x2D, 0xAC, 0x2D, 0x2D, 0x2D, 0x44 ; file 1AE627
db 0x2D, 0x2D, 0x2D, 0x44, 0x1F, 0x1F, 0x1B, 0xAC, 0x2D, 0x53, 0x1B, 0xAC, 0xCE, 0xCE, 0xCE, 0xAC ; file 1AE637
db 0xCE, 0xCE, 0xCE, 0xAC, 0x1F, 0x1F, 0x16, 0xAC, 0x2D, 0xAC, 0x16, 0xAC, 0x1F, 0x1F, 0x16, 0xAC ; file 1AE647
db 0x0C, 0xAC, 0x16, 0xAC, 0x1F, 0x1F, 0x1B, 0xAC, 0x1B, 0xAC, 0x1B, 0xAC, 0x1F, 0x1F, 0x1B, 0xAC ; file 1AE657
db 0xCE, 0xAC, 0x1B, 0xAC, 0xBB, 0xBB, 0xBB, 0xBB, 0x2D, 0x2D, 0x2D, 0x44, 0xCB, 0xCB, 0xCB, 0xCB ; file 1AE667
db 0xCB, 0xCB, 0xC1, 0x44, 0x0A, 0x0A, 0x0A, 0x3F, 0xCE, 0xCE, 0xCE, 0xAC, 0xCB, 0x52, 0xCB, 0x52 ; file 1AE677
db 0xCE, 0xCE, 0xCE, 0x90, 0xB9, 0x0E, 0x36, 0x3F, 0x25, 0xAA, 0x16, 0xAC, 0xCB, 0xCB, 0xCB, 0x90 ; file 1AE687
db 0x4A, 0xAA, 0xB5, 0x90, 0xB9, 0x0E, 0xB9, 0x3F, 0xB9, 0xAA, 0x1B, 0xAC, 0xB9, 0xAA, 0x90, 0x90 ; file 1AE697
db 0xCE, 0xAA, 0x90, 0x90, 0x2D, 0x2D, 0x2D, 0x50, 0x2D, 0x2D, 0x2D, 0x50, 0xCB, 0x57, 0xCB, 0x50 ; file 1AE6A7
db 0x2D, 0x50, 0x50, 0x50, 0x18, 0x18, 0x18, 0xAC, 0x2D, 0x53, 0x1B, 0xAC, 0xCB, 0x51, 0x90, 0x90 ; file 1AE6B7
db 0xCE, 0x90, 0x90, 0x90, 0x18, 0x18, 0x16, 0xAC, 0x2D, 0xAC, 0x16, 0xAC, 0x4A, 0x4A, 0xB5, 0x90 ; file 1AE6C7
db 0x4A, 0x4A, 0xB5, 0x90, 0x18, 0x18, 0x18, 0xAC, 0x18, 0xAC, 0x1B, 0xAC, 0x18, 0x90, 0x90, 0x90 ; file 1AE6D7
db 0x4A, 0x90, 0x90, 0x90, 0x22, 0x22, 0x22, 0x22, 0x22, 0x22, 0x22, 0x92, 0x22, 0x22, 0x22, 0xCD ; file 1AE6E7
db 0x22, 0x92, 0x87, 0x92, 0x22, 0x22, 0x22, 0x83, 0x22, 0x22, 0x22, 0x83, 0x22, 0xCD, 0xCD, 0xCD ; file 1AE6F7
db 0x22, 0xCD, 0xCD, 0xCD, 0x22, 0x22, 0x22, 0x9A, 0x22, 0x22, 0xBA, 0x8B, 0x22, 0x22, 0x22, 0xCD ; file 1AE707
db 0x22, 0x92, 0x87, 0x92, 0x22, 0x9A, 0x2E, 0x9A, 0x22, 0x8B, 0x8B, 0x8B, 0x22, 0xCD, 0xCD, 0xCD ; file 1AE717
db 0x22, 0x54, 0x54, 0x54, 0x22, 0x22, 0x2A, 0x2A, 0x22, 0x22, 0x2A, 0x2A, 0x22, 0x22, 0x2A, 0xCD ; file 1AE727
db 0x87, 0x87, 0x87, 0x87, 0x22, 0x22, 0x2A, 0x83, 0x22, 0x22, 0x2A, 0x55, 0x22, 0x51, 0xCD, 0xCD ; file 1AE737
db 0x87, 0x43, 0x87, 0xCD, 0x22, 0x22, 0x2A, 0x0F, 0xBA, 0xBA, 0xBA, 0xBA, 0x22, 0xCF, 0x2A, 0xCF ; file 1AE747
db 0x87, 0xCF, 0x87, 0xCF, 0x33, 0x41, 0x2A, 0x9A, 0x33, 0x41, 0xBA, 0x55, 0x33, 0x41, 0xCD, 0xCD ; file 1AE757
db 0x33, 0x91, 0x87, 0x91, 0x22, 0x22, 0x22, 0x22, 0x22, 0x22, 0x87, 0x32, 0x95, 0x52, 0x87, 0xCD ; file 1AE767
db 0x88, 0x88, 0x87, 0x32, 0x22, 0x52, 0x22, 0x83, 0x22, 0x52, 0x87, 0x83, 0x52, 0x52, 0xCD, 0xCD ; file 1AE777
db 0x88, 0x52, 0x87, 0xCD, 0x22, 0x22, 0x22, 0x9A, 0x22, 0x22, 0x87, 0x8B, 0x95, 0x52, 0x87, 0x42 ; file 1AE787
db 0x88, 0x88, 0x87, 0x32, 0x22, 0x41, 0x2E, 0x9A, 0x22, 0x41, 0x8B, 0x8B, 0x52, 0x52, 0x42, 0x42 ; file 1AE797
db 0x88, 0x52, 0x87, 0x91, 0xB8, 0xB8, 0x2A, 0x2A, 0x37, 0x37, 0x87, 0x87, 0x87, 0x51, 0x87, 0x87 ; file 1AE7A7
db 0x87, 0x87, 0x87, 0x87, 0xB8, 0x41, 0x2A, 0x41, 0x37, 0x41, 0x87, 0x87, 0x51, 0x51, 0x87, 0x51 ; file 1AE7B7
db 0x87, 0x43, 0x87, 0x87, 0xB8, 0x41, 0x2A, 0x41, 0x37, 0x41, 0x87, 0x86, 0x87, 0x41, 0x87, 0x86 ; file 1AE7C7
db 0x87, 0x86, 0x87, 0x86, 0x41, 0x41, 0x41, 0x41, 0x41, 0x41, 0x87, 0x91, 0x40, 0x41, 0x87, 0x91 ; file 1AE7D7
db 0x87, 0x91, 0x87, 0x91, 0x22, 0x22, 0x22, 0x22, 0x22, 0x22, 0x22, 0x8B, 0x22, 0x22, 0x22, 0xCD ; file 1AE7E7
db 0x22, 0x92, 0x87, 0x92, 0x22, 0x13, 0x22, 0x83, 0x22, 0x8B, 0x8B, 0x8B, 0xCC, 0xCD, 0xCD, 0xCD ; file 1AE7F7
db 0xCC, 0x8B, 0x8B, 0x8B, 0x22, 0x22, 0x22, 0x8B, 0x25, 0x8B, 0x8B, 0x8B, 0x22, 0x22, 0x22, 0x42 ; file 1AE807
db 0x25, 0x8B, 0x8B, 0x8B, 0xB9, 0x8B, 0x8B, 0x8B, 0x8B, 0x8B, 0x8B, 0x8B, 0xB9, 0x42, 0x42, 0x42 ; file 1AE817
db 0x8B, 0x8B, 0x8B, 0x8B, 0x22, 0x22, 0x2A, 0x2A, 0x22, 0x22, 0x2A, 0x8B, 0x22, 0x22, 0x2A, 0xCD ; file 1AE827
db 0x87, 0x87, 0x87, 0x87, 0x22, 0x13, 0x2A, 0x83, 0x22, 0x53, 0x8B, 0x8B, 0xCC, 0x51, 0xCD, 0xCD ; file 1AE837
db 0x87, 0xBD, 0x87, 0x8B, 0x22, 0x22, 0x2A, 0x8B, 0x25, 0x8B, 0xBA, 0x8B, 0x22, 0xCF, 0x2A, 0xCF ; file 1AE847
db 0x0C, 0xCF, 0x87, 0xCF, 0x33, 0x41, 0x8B, 0x8B, 0x8B, 0x8B, 0x8B, 0x8B, 0x40, 0x40, 0x40, 0x42 ; file 1AE857
db 0x40, 0x8B, 0x8B, 0x8B, 0x22, 0x22, 0x22, 0x22, 0x22, 0x22, 0x87, 0x8B, 0x95, 0x52, 0x87, 0x42 ; file 1AE867
db 0x88, 0x88, 0x87, 0x32, 0xC9, 0x52, 0xC9, 0x42, 0xC9, 0x8B, 0x8B, 0x8B, 0xCC, 0x52, 0xCC, 0x42 ; file 1AE877
db 0xCC, 0x52, 0x87, 0x42, 0x22, 0x22, 0x22, 0x42, 0x25, 0x8B, 0x8B, 0x8B, 0x95, 0x42, 0x42, 0x42 ; file 1AE887
db 0x88, 0x42, 0x87, 0x42, 0xB9, 0x41, 0x42, 0x42, 0x8B, 0x8B, 0x8B, 0x8B, 0xCC, 0x42, 0x42, 0x42 ; file 1AE897
db 0xCC, 0x42, 0x42, 0x42, 0xB8, 0xB8, 0x2A, 0x2A, 0x37, 0x37, 0x87, 0x87, 0x87, 0x51, 0x87, 0x87 ; file 1AE8A7
db 0x87, 0x87, 0x87, 0x87, 0xB8, 0x41, 0x2A, 0x41, 0x37, 0xBD, 0x87, 0x8B, 0xCC, 0x51, 0x87, 0x42 ; file 1AE8B7
db 0x87, 0xBD, 0x87, 0x87, 0xB8, 0x41, 0x2A, 0x41, 0x25, 0x41, 0x87, 0x8B, 0x40, 0x40, 0x87, 0x42 ; file 1AE8C7
db 0x87, 0x86, 0x87, 0x86, 0x18, 0x41, 0x18, 0x41, 0x18, 0x41, 0x8B, 0x8B, 0x40, 0x40, 0x40, 0x42 ; file 1AE8D7
db 0x40, 0x90, 0x87, 0x90, 0x22, 0x22, 0x22, 0x22, 0x22, 0x22, 0x22, 0x92, 0x22, 0x22, 0x22, 0xCD ; file 1AE8E7
db 0x22, 0x92, 0x87, 0x92, 0x28, 0x28, 0x28, 0x83, 0x28, 0x28, 0x28, 0x56, 0x28, 0xCD, 0xCD, 0xCD ; file 1AE8F7
db 0x28, 0xCD, 0xCD, 0xCD, 0x22, 0x22, 0x36, 0x36, 0x22, 0x22, 0x36, 0x56, 0x22, 0x22, 0x36, 0xCD ; file 1AE907
db 0x22, 0x92, 0xB5, 0x92, 0x28, 0x0E, 0x28, 0x9A, 0x28, 0x56, 0x56, 0x56, 0x28, 0xCD, 0xCD, 0xCD ; file 1AE917
db 0x28, 0x54, 0x54, 0x54, 0x22, 0x22, 0x2A, 0x2A, 0x22, 0x22, 0x2A, 0x2A, 0x22, 0x22, 0x2A, 0xCD ; file 1AE927
db 0x87, 0x87, 0x87, 0x87, 0x28, 0x28, 0x28, 0x83, 0x28, 0x28, 0x28, 0x55, 0x28, 0x51, 0xCD, 0xCD ; file 1AE937
db 0x28, 0x43, 0x87, 0x85, 0x21, 0x21, 0x2A, 0x0F, 0xBA, 0xBA, 0xBA, 0xBA, 0x21, 0xCF, 0xB5, 0xCF ; file 1AE947
db 0xB5, 0xCF, 0xB5, 0xCF, 0x28, 0x41, 0x28, 0x9A, 0x28, 0x41, 0xBA, 0x55, 0x28, 0x41, 0x85, 0x85 ; file 1AE957
db 0x85, 0x85, 0x85, 0x85, 0x22, 0x22, 0x22, 0x22, 0x22, 0x22, 0x87, 0x32, 0x95, 0x52, 0x87, 0xCD ; file 1AE967
db 0x88, 0x88, 0x87, 0x32, 0x28, 0x28, 0x28, 0x83, 0x28, 0x28, 0x28, 0x56, 0x28, 0x52, 0xCD, 0xCD ; file 1AE977
db 0x88, 0x52, 0x87, 0x85, 0x21, 0x21, 0x36, 0x36, 0x1D, 0x1D, 0x1D, 0x1D, 0x95, 0x52, 0xD3, 0xD3 ; file 1AE987
db 0x88, 0x85, 0xB5, 0x85, 0x28, 0x41, 0x28, 0x9A, 0x28, 0x41, 0x1D, 0x56, 0x28, 0x52, 0xD3, 0x42 ; file 1AE997
db 0x85, 0x85, 0x85, 0x85, 0xB8, 0xB8, 0x2A, 0x2A, 0x37, 0x37, 0x87, 0x87, 0x87, 0x51, 0x87, 0x87 ; file 1AE9A7
db 0x87, 0x87, 0x87, 0x87, 0x28, 0x41, 0x28, 0x41, 0x28, 0x41, 0x87, 0x85, 0x51, 0x51, 0x87, 0x51 ; file 1AE9B7
db 0x87, 0x43, 0x87, 0x85, 0x21, 0x21, 0x1D, 0x1D, 0x1D, 0x1D, 0x1D, 0x1D, 0x21, 0x21, 0xB5, 0x85 ; file 1AE9C7
db 0xB5, 0x85, 0xB5, 0x85, 0x18, 0x41, 0x18, 0x41, 0x18, 0x41, 0x1D, 0x85, 0x18, 0x41, 0x85, 0x85 ; file 1AE9D7
db 0x85, 0x85, 0x85, 0x85, 0x22, 0x22, 0x22, 0x22, 0x22, 0x22, 0x22, 0x44, 0xCB, 0xCB, 0xCB, 0x44 ; file 1AE9E7
db 0xCB, 0x44, 0x44, 0x44, 0x0A, 0x0A, 0x0A, 0x83, 0x0A, 0x8B, 0x8B, 0x8B, 0x0A, 0xCD, 0xCD, 0xCD ; file 1AE9F7
db 0xCE, 0xCE, 0xA9, 0x44, 0xB9, 0xB9, 0x36, 0x8B, 0x25, 0x8B, 0x8B, 0x8B, 0xB9, 0xB9, 0x36, 0x42 ; file 1AEA07
db 0x0C, 0x44, 0x44, 0x44, 0xB9, 0xB9, 0xB9, 0x8B, 0xB9, 0x8B, 0x8B, 0x8B, 0xB9, 0xB9, 0xB9, 0x42 ; file 1AEA17
db 0xB9, 0x8B, 0x8B, 0x8B, 0x22, 0x22, 0x2A, 0x2A, 0x2D, 0x2D, 0x2A, 0x44, 0xCB, 0xCB, 0x2A, 0x44 ; file 1AEA27
db 0x0C, 0x44, 0x87, 0x44, 0x0A, 0x0A, 0x0A, 0x83, 0x0A, 0x53, 0xA9, 0x8B, 0x0A, 0x51, 0xA9, 0xA3 ; file 1AEA37
db 0xA9, 0xA3, 0xA9, 0xA3, 0xB9, 0xB9, 0x2A, 0x8B, 0x0C, 0x8B, 0xBA, 0x8B, 0x0C, 0xA3, 0xA3, 0xA3 ; file 1AEA47
db 0x0C, 0xA3, 0xA3, 0xA3, 0xB9, 0xB9, 0xB9, 0x8B, 0xB9, 0x8B, 0x1B, 0x8B, 0xB9, 0xA3, 0xA3, 0xA3 ; file 1AEA57
db 0xA3, 0xA3, 0xA3, 0xA3, 0xCB, 0xCB, 0xCB, 0xCB, 0xCB, 0xCB, 0x87, 0x44, 0xCB, 0xCB, 0xCB, 0xCB ; file 1AEA67
db 0xCB, 0xCB, 0x87, 0x44, 0x0A, 0x0A, 0x0A, 0x42, 0x8F, 0x8B, 0xA9, 0x8B, 0xCB, 0x52, 0xA9, 0x42 ; file 1AEA77
db 0x8F, 0x8F, 0xA9, 0x90, 0xB9, 0xB9, 0x36, 0x42, 0x25, 0x8B, 0x1D, 0x8B, 0xCB, 0xCB, 0xCB, 0x42 ; file 1AEA87
db 0xCB, 0x90, 0xB5, 0x90, 0xB9, 0xB9, 0xB9, 0x42, 0xB9, 0x8B, 0x8B, 0x8B, 0xB9, 0x42, 0x42, 0x42 ; file 1AEA97
db 0x8F, 0x90, 0x90, 0x90, 0xB8, 0xB8, 0x2A, 0x2A, 0x2D, 0xAE, 0x87, 0x87, 0xCB, 0xCB, 0x87, 0x87 ; file 1AEAA7
db 0x87, 0xAE, 0x87, 0x87, 0x18, 0x18, 0xA9, 0x90, 0xA9, 0x90, 0xA9, 0x90, 0xA9, 0x51, 0xA9, 0x90 ; file 1AEAB7
db 0xA9, 0x90, 0xA9, 0x90, 0x18, 0x18, 0x18, 0x90, 0x18, 0x90, 0x1D, 0x90, 0xCB, 0x90, 0xB5, 0x90 ; file 1AEAC7
db 0xB5, 0x90, 0xB5, 0x90, 0x18, 0x18, 0x18, 0x90, 0x18, 0x90, 0x90, 0x90, 0x18, 0x90, 0x90, 0x90 ; file 1AEAD7
db 0x90, 0x90, 0x90, 0x90, 0x31, 0x31, 0x31, 0x31, 0x31, 0x31, 0x31, 0x31, 0x31, 0x31, 0x31, 0xCD ; file 1AEAE7
db 0x31, 0x31, 0xC6, 0x92, 0x31, 0x31, 0x31, 0x83, 0x31, 0x31, 0x31, 0x83, 0x31, 0x52, 0xCD, 0xCD ; file 1AEAF7
db 0x31, 0x52, 0xC6, 0xB0, 0x31, 0x31, 0x31, 0x0F, 0x31, 0x31, 0x31, 0x8B, 0x31, 0x31, 0x31, 0xCD ; file 1AEB07
db 0x31, 0x31, 0xC6, 0x86, 0x31, 0x0E, 0x2E, 0x9A, 0x31, 0x8B, 0x8B, 0x8B, 0x31, 0x52, 0xCD, 0xCD ; file 1AEB17
db 0x31, 0x52, 0xC6, 0x1E, 0x31, 0x31, 0x2A, 0x0F, 0x3C, 0x3C, 0x3C, 0x3C, 0x31, 0x51, 0x2A, 0x50 ; file 1AEB27
db 0x94, 0x94, 0x87, 0x50, 0x31, 0x51, 0x2A, 0x51, 0x3C, 0x3C, 0x3C, 0x1E, 0x51, 0x51, 0x51, 0x51 ; file 1AEB37
db 0x94, 0x43, 0x87, 0x1E, 0x31, 0x0F, 0x0F, 0x0F, 0x3C, 0x3C, 0xBA, 0x0F, 0x31, 0x51, 0x3E, 0x0F ; file 1AEB47
db 0x94, 0x86, 0x3E, 0x86, 0x33, 0x33, 0x33, 0x0F, 0x33, 0x33, 0x33, 0x1E, 0x33, 0x51, 0x33, 0x1E ; file 1AEB57
db 0x33, 0x1E, 0x1E, 0x1E, 0x0D, 0x0D, 0x0D, 0x8C, 0x0D, 0x0D, 0x0D, 0x50, 0x0D, 0x52, 0x0D, 0x52 ; file 1AEB67
db 0x94, 0x52, 0x87, 0x50, 0x0D, 0x52, 0x8C, 0x8C, 0x0D, 0x52, 0x8C, 0x8C, 0x52, 0x52, 0x52, 0x52 ; file 1AEB77
db 0x52, 0x52, 0x52, 0x52, 0x0D, 0x0D, 0x0D, 0x8C, 0x0D, 0x0D, 0x1D, 0x86, 0x0D, 0x52, 0x3E, 0x52 ; file 1AEB87
db 0x94, 0x52, 0x3E, 0x86, 0x0D, 0x52, 0x8C, 0x8C, 0x0D, 0x52, 0xA4, 0xA4, 0x52, 0x52, 0x52, 0x52 ; file 1AEB97
db 0x52, 0x52, 0x1E, 0x1E, 0xB8, 0xB8, 0xB8, 0xB8, 0x94, 0x94, 0x87, 0x50, 0x94, 0x51, 0x87, 0x50 ; file 1AEBA7
db 0x94, 0x94, 0x87, 0x50, 0xB8, 0x51, 0xB8, 0x51, 0x94, 0x43, 0x87, 0x1E, 0x51, 0x51, 0x51, 0x51 ; file 1AEBB7
db 0x94, 0x43, 0x87, 0x1E, 0xB8, 0xB8, 0xB8, 0x0F, 0x94, 0x86, 0x1D, 0x86, 0x94, 0x51, 0x3E, 0x86 ; file 1AEBC7
db 0x94, 0x86, 0x3E, 0x86, 0x33, 0x41, 0x33, 0x1E, 0x33, 0x1E, 0x1D, 0x1E, 0x51, 0x51, 0x1E, 0x1E ; file 1AEBD7
db 0x94, 0x1E, 0x1E, 0x1E, 0x31, 0x31, 0x31, 0x31, 0x31, 0x31, 0x31, 0x44, 0x31, 0x31, 0x31, 0x44 ; file 1AEBE7
db 0x31, 0x44, 0xC6, 0x44, 0x31, 0x31, 0x31, 0x83, 0x31, 0x53, 0x8B, 0x8B, 0xCC, 0x52, 0xCC, 0xB0 ; file 1AEBF7
db 0xCC, 0xB0, 0xB0, 0xB0, 0x31, 0x31, 0x31, 0x8B, 0x25, 0x8B, 0x8B, 0x8B, 0x31, 0x31, 0x31, 0x42 ; file 1AEC07
db 0x25, 0x44, 0xC6, 0x44, 0x31, 0x8B, 0x8B, 0x8B, 0x8B, 0x8B, 0x8B, 0x8B, 0xCC, 0x52, 0xCC, 0x42 ; file 1AEC17
db 0xCC, 0x8B, 0x8B, 0x8B, 0x31, 0x31, 0x2A, 0x0F, 0x3C, 0x3C, 0x3C, 0x3C, 0x31, 0x51, 0x2A, 0x44 ; file 1AEC27
db 0x94, 0x94, 0x87, 0x44, 0x31, 0x51, 0x2A, 0x51, 0x3C, 0x53, 0x1B, 0x53, 0xCC, 0x51, 0xCC, 0x51 ; file 1AEC37
db 0x94, 0xBD, 0xB0, 0xB0, 0x31, 0x0F, 0x0F, 0x0F, 0x3C, 0x3C, 0xBA, 0x8B, 0x31, 0x51, 0x3E, 0x0F ; file 1AEC47
db 0x94, 0x86, 0x3E, 0x86, 0x33, 0x33, 0x33, 0x8B, 0x33, 0x53, 0x1B, 0x8B, 0x33, 0x51, 0x33, 0x90 ; file 1AEC57
db 0x33, 0x90, 0x90, 0x90, 0x0D, 0x0D, 0x0D, 0x8C, 0x0D, 0x0D, 0x0D, 0xA4, 0xCB, 0x52, 0xCB, 0x52 ; file 1AEC67
db 0x94, 0x52, 0x87, 0x44, 0xC9, 0x52, 0xC9, 0x8C, 0xC9, 0x52, 0xA4, 0xA4, 0xCC, 0x52, 0xCC, 0x52 ; file 1AEC77
db 0xCC, 0x52, 0xCC, 0xB0, 0x0D, 0x0D, 0x0D, 0xA4, 0x0D, 0xA4, 0xA4, 0xA4, 0xCB, 0x52, 0xCB, 0x42 ; file 1AEC87
db 0x94, 0x52, 0x3E, 0x86, 0xC9, 0x52, 0xA4, 0xA4, 0xA4, 0xA4, 0xA4, 0xA4, 0xCC, 0x52, 0xCC, 0x42 ; file 1AEC97
db 0xCC, 0x52, 0x90, 0x90, 0xB8, 0xB8, 0xB8, 0xB8, 0x94, 0x94, 0x87, 0x50, 0x94, 0x51, 0x87, 0x50 ; file 1AECA7
db 0x94, 0x94, 0x87, 0x50, 0xB8, 0x51, 0xB8, 0x51, 0x94, 0xBD, 0x87, 0x90, 0xCC, 0x51, 0xCC, 0x51 ; file 1AECB7
db 0x94, 0xBD, 0x87, 0x90, 0xB8, 0xB8, 0xB8, 0x0F, 0x94, 0x86, 0x1D, 0x86, 0x94, 0x51, 0x3E, 0x86 ; file 1AECC7
db 0x94, 0x86, 0x3E, 0x86, 0x18, 0x18, 0x18, 0x90, 0x18, 0x90, 0x90, 0x90, 0xCC, 0x51, 0x90, 0x90 ; file 1AECD7
db 0x90, 0x90, 0x90, 0x90, 0x31, 0x31, 0x31, 0x31, 0x31, 0x31, 0x31, 0xC0, 0x31, 0x31, 0x31, 0x44 ; file 1AECE7
db 0x31, 0x44, 0xC6, 0x44, 0x28, 0x0E, 0x28, 0x83, 0x28, 0x0E, 0x28, 0xC0, 0x28, 0x52, 0xCD, 0xCD ; file 1AECF7
db 0xCE, 0x52, 0xC6, 0x44, 0x31, 0x0E, 0x36, 0x36, 0x31, 0x0E, 0x36, 0x36, 0x31, 0x0E, 0x36, 0x36 ; file 1AED07
db 0xB5, 0x44, 0xB5, 0x44, 0x0E, 0x0E, 0x36, 0x0E, 0x0E, 0x0E, 0x36, 0x56, 0x0E, 0x0E, 0x36, 0x85 ; file 1AED17
db 0xCE, 0x85, 0x85, 0x85, 0x31, 0x31, 0x2A, 0x0F, 0x3C, 0x3C, 0x16, 0xC0, 0x31, 0x51, 0xB5, 0x44 ; file 1AED27
db 0x94, 0x94, 0xB5, 0x44, 0x28, 0x51, 0x28, 0x51, 0x3C, 0x3C, 0x16, 0x85, 0x51, 0x51, 0x51, 0x51 ; file 1AED37
db 0x94, 0x43, 0x85, 0x85, 0x21, 0x21, 0x36, 0x0F, 0x16, 0x16, 0x16, 0x16, 0x21, 0x21, 0xB5, 0x85 ; file 1AED47
db 0xB5, 0x85, 0xB5, 0x85, 0x33, 0x0E, 0x33, 0x85, 0x33, 0x85, 0x16, 0x85, 0x33, 0x51, 0x85, 0x85 ; file 1AED57
db 0x85, 0x85, 0x85, 0x85, 0x0D, 0x0D, 0x0D, 0x8C, 0x0D, 0x0D, 0x1D, 0xC0, 0xCB, 0x52, 0xCB, 0x52 ; file 1AED67
db 0x94, 0x52, 0xB5, 0x44, 0x0D, 0x52, 0x8C, 0x8C, 0x0D, 0x52, 0x1D, 0x85, 0x52, 0x52, 0x52, 0x52 ; file 1AED77
db 0x52, 0x52, 0x85, 0x85, 0x21, 0x21, 0x36, 0x36, 0x1D, 0x1D, 0x1D, 0x1D, 0xCB, 0x52, 0xB5, 0x85 ; file 1AED87
db 0xB5, 0x85, 0xB5, 0x85, 0x18, 0x0E, 0x36, 0x85, 0x18, 0x85, 0x1D, 0x85, 0x52, 0x52, 0x85, 0x85 ; file 1AED97
db 0x85, 0x85, 0x85, 0x85, 0xB8, 0xB8, 0xB8, 0xB8, 0x94, 0x94, 0x1D, 0x1D, 0x94, 0x51, 0xB5, 0x50 ; file 1AEDA7
db 0x94, 0x94, 0xB5, 0x50, 0xB8, 0x51, 0xB8, 0x51, 0x94, 0x43, 0x1D, 0x85, 0x51, 0x51, 0x51, 0x51 ; file 1AEDB7
db 0x94, 0x43, 0x85, 0x85, 0x21, 0x21, 0x1D, 0x1D, 0x1D, 0x1D, 0x1D, 0x1D, 0x21, 0x21, 0xB5, 0x85 ; file 1AEDC7
db 0xB5, 0x85, 0xB5, 0x85, 0x18, 0x18, 0x18, 0x85, 0x18, 0x85, 0x1D, 0x85, 0x18, 0x51, 0x85, 0x85 ; file 1AEDD7
db 0x85, 0x85, 0x85, 0x85, 0x5B, 0x5B, 0x5B, 0x44, 0x5B, 0x44, 0x44, 0x44, 0xCB, 0xCB, 0xCB, 0x44 ; file 1AEDE7
db 0xCB, 0x44, 0x44, 0x44, 0xDA, 0xDA, 0xDA, 0xDA, 0xCE, 0xCE, 0xCE, 0x44, 0xCB, 0x52, 0xCB, 0x44 ; file 1AEDF7
db 0xCE, 0xCE, 0xCE, 0x44, 0x5B, 0x5B, 0x36, 0x36, 0x5B, 0x44, 0x36, 0x44, 0xCB, 0xCB, 0x36, 0x44 ; file 1AEE07
db 0xCB, 0x44, 0x44, 0x44, 0xB9, 0x0E, 0x36, 0x1C, 0xB9, 0x8B, 0x1B, 0x8B, 0xB9, 0xB7, 0xB7, 0xB7 ; file 1AEE17
db 0xCE, 0x90, 0x90, 0x90, 0x5B, 0x5B, 0x5B, 0x44, 0x2D, 0x2D, 0x2D, 0x44, 0xCB, 0xCB, 0xCB, 0x44 ; file 1AEE27
db 0x2D, 0x44, 0x44, 0x44, 0xDA, 0xDA, 0xDA, 0xAC, 0x2D, 0x53, 0x1B, 0xAC, 0xCB, 0x51, 0x90, 0x90 ; file 1AEE37
db 0xCE, 0x90, 0x90, 0x90, 0x18, 0x18, 0x36, 0xAC, 0x2D, 0xAC, 0x16, 0xAC, 0xCB, 0x90, 0xB5, 0x90 ; file 1AEE47
db 0xB5, 0x90, 0xB5, 0x90, 0x18, 0x18, 0x18, 0xAC, 0x18, 0xAC, 0x1B, 0xAC, 0x18, 0x90, 0x90, 0x90 ; file 1AEE57
db 0x90, 0x90, 0x90, 0x90, 0xCB, 0xCB, 0xCB, 0xCB, 0xCB, 0xCB, 0xCB, 0x44, 0xCB, 0xCB, 0xCB, 0xCB ; file 1AEE67
db 0xCB, 0xCB, 0xCB, 0x44, 0xC9, 0x52, 0xC9, 0x8C, 0xC9, 0x52, 0x90, 0x90, 0xCB, 0x52, 0xCB, 0x52 ; file 1AEE77
db 0xCB, 0x52, 0x90, 0x90, 0xCB, 0xCB, 0x36, 0x36, 0xCB, 0x90, 0x1D, 0x90, 0xCB, 0xCB, 0xCB, 0x90 ; file 1AEE87
db 0xCB, 0x90, 0xB5, 0x90, 0x18, 0x18, 0x18, 0x90, 0x18, 0x90, 0x90, 0x90, 0xCB, 0x52, 0x90, 0x90 ; file 1AEE97
db 0x90, 0x90, 0x90, 0x90, 0xB8, 0xB8, 0xB8, 0x90, 0x2D, 0xAE, 0x1D, 0x90, 0xCB, 0xCB, 0xCB, 0x90 ; file 1AEEA7
db 0x94, 0xAE, 0xB5, 0x90, 0x18, 0x18, 0x18, 0x90, 0x18, 0x90, 0x90, 0x90, 0xCB, 0x51, 0x90, 0x90 ; file 1AEEB7
db 0x90, 0x90, 0x90, 0x90, 0x18, 0x18, 0x18, 0x90, 0x18, 0x90, 0x1D, 0x90, 0xCB, 0x90, 0xB5, 0x90 ; file 1AEEC7
db 0xB5, 0x90, 0xB5, 0x90, 0x18, 0x18, 0x18, 0x90, 0x18, 0x90, 0x90, 0x90, 0x18, 0x90, 0x90, 0x90 ; file 1AEED7
db 0x90, 0x90, 0x90, 0x90, 0x10, 0x84, 0x10, 0x83, 0x10, 0x84, 0x92, 0x92, 0x89, 0x84, 0x89, 0x92 ; file 1AEEE7
db 0x88, 0x92, 0x92, 0x92, 0x28, 0x13, 0x26, 0x83, 0x28, 0x13, 0x26, 0x83, 0x89, 0x9D, 0x26, 0x83 ; file 1AEEF7
db 0x88, 0x2F, 0x2F, 0x2F, 0x10, 0x84, 0x2E, 0x9A, 0x25, 0x84, 0xBA, 0x82, 0x89, 0x84, 0x89, 0x92 ; file 1AEF07
db 0x88, 0x92, 0x92, 0x92, 0x28, 0x9A, 0x2E, 0x9A, 0x25, 0x82, 0x2E, 0x82, 0x89, 0x9A, 0x2E, 0x9A ; file 1AEF17
db 0x54, 0x54, 0x54, 0x54, 0x10, 0x84, 0x2A, 0x83, 0x3C, 0x3C, 0xBA, 0x92, 0x24, 0x24, 0x24, 0x92 ; file 1AEF27
db 0x9C, 0x92, 0x87, 0x92, 0x28, 0x13, 0x26, 0x83, 0x3C, 0x53, 0xBA, 0xC5, 0x24, 0x9D, 0x24, 0x83 ; file 1AEF37
db 0x9C, 0x53, 0x2F, 0x2F, 0x33, 0x84, 0xBA, 0x9A, 0xBA, 0xBA, 0xBA, 0xBA, 0x24, 0xCF, 0xBA, 0xCF ; file 1AEF47
db 0x0C, 0xCF, 0xBA, 0xCF, 0x33, 0x33, 0x2E, 0x9A, 0x33, 0xC5, 0xBA, 0xC5, 0x33, 0x33, 0x2E, 0x81 ; file 1AEF57
db 0x0C, 0x81, 0x81, 0x81, 0x10, 0x84, 0x10, 0x83, 0x2B, 0x2B, 0x2B, 0x92, 0x88, 0x9B, 0x88, 0x92 ; file 1AEF67
db 0x88, 0x88, 0x88, 0x92, 0x28, 0x13, 0x26, 0x83, 0x2B, 0x13, 0x26, 0x83, 0x88, 0x52, 0x26, 0x83 ; file 1AEF77
db 0x88, 0x88, 0x88, 0x2F, 0xC4, 0x84, 0x2E, 0x9A, 0x2B, 0x2B, 0xBA, 0x5A, 0x88, 0x9B, 0x5A, 0x5A ; file 1AEF87
db 0x88, 0x5A, 0x5A, 0x5A, 0xC4, 0x9A, 0x2E, 0x9A, 0xC4, 0x82, 0x2E, 0x82, 0xC4, 0xAD, 0xAD, 0xAD ; file 1AEF97
db 0x88, 0x91, 0x91, 0x91, 0x37, 0x84, 0x2A, 0x4E, 0x37, 0x37, 0x37, 0x50, 0x9C, 0x57, 0x87, 0x50 ; file 1AEFA7
db 0x9C, 0x9C, 0x87, 0x50, 0xC4, 0xC4, 0xC4, 0x83, 0x37, 0x53, 0x37, 0x91, 0x9C, 0x51, 0x87, 0x91 ; file 1AEFB7
db 0x9C, 0xB6, 0x87, 0x91, 0xC4, 0xC4, 0xBA, 0x4E, 0x37, 0x5A, 0xBA, 0x5A, 0x9C, 0x5A, 0x5A, 0x5A ; file 1AEFC7
db 0x9C, 0x5A, 0x5A, 0x5A, 0xC4, 0xC4, 0xC4, 0x91, 0xC4, 0x91, 0x91, 0x91, 0xC4, 0x91, 0x91, 0x91 ; file 1AEFD7
db 0x91, 0x91, 0x91, 0x91, 0x05, 0x13, 0x05, 0x13, 0x05, 0x13, 0xD9, 0x2F, 0x89, 0x9D, 0x89, 0x2F ; file 1AEFE7
db 0x88, 0x2F, 0x2F, 0x2F, 0x06, 0x13, 0x06, 0x13, 0x06, 0x13, 0x2F, 0x2F, 0x9D, 0x9D, 0x2F, 0x2F ; file 1AEFF7
db 0x8F, 0x2F, 0x2F, 0x2F, 0x05, 0x13, 0xC3, 0x82, 0x25, 0x25, 0xD9, 0x82, 0x89, 0x9D, 0xC3, 0x2F ; file 1AF007
db 0x0C, 0x0C, 0xD9, 0x2F, 0xB9, 0x13, 0x2E, 0x82, 0x25, 0x82, 0x82, 0x82, 0x9D, 0x9D, 0x2E, 0x2F ; file 1AF017
db 0x8F, 0x2F, 0x2F, 0x2F, 0x05, 0x13, 0x05, 0x13, 0x3C, 0x53, 0xBA, 0x53, 0x24, 0x9D, 0x24, 0x2F ; file 1AF027
db 0x0C, 0x53, 0x8E, 0x2F, 0x06, 0x13, 0x06, 0x13, 0x53, 0x53, 0x53, 0x53, 0x9D, 0x9D, 0x2F, 0x2F ; file 1AF037
db 0x53, 0x53, 0x2F, 0x2F, 0xB2, 0x13, 0xBA, 0x81, 0x0C, 0x53, 0xBA, 0x81, 0x0C, 0x0C, 0x0C, 0x81 ; file 1AF047
db 0x0C, 0x0C, 0x0C, 0x81, 0xB2, 0x13, 0xB2, 0x81, 0x53, 0x53, 0x81, 0x81, 0x40, 0x81, 0x81, 0x81 ; file 1AF057
db 0x0C, 0x81, 0x81, 0x81, 0x05, 0x13, 0x05, 0x13, 0x2B, 0x13, 0x2B, 0x2F, 0x88, 0x96, 0x88, 0x2F ; file 1AF067
db 0x88, 0x88, 0x88, 0x2F, 0xC9, 0x13, 0xC9, 0x13, 0x8F, 0x13, 0x8F, 0x2F, 0x8F, 0x96, 0x8F, 0x2F ; file 1AF077
db 0x8F, 0x8F, 0x8F, 0x2F, 0x05, 0x13, 0xC3, 0x47, 0x25, 0x25, 0xD9, 0x82, 0x40, 0x96, 0xC3, 0x42 ; file 1AF087
db 0x88, 0x5A, 0x5A, 0x5A, 0xB9, 0x13, 0x47, 0x47, 0x8F, 0x82, 0x82, 0x82, 0x40, 0x96, 0x40, 0x42 ; file 1AF097
db 0x8F, 0x8F, 0x8F, 0x2F, 0x05, 0x13, 0x8E, 0x13, 0x37, 0x53, 0x8E, 0x50, 0x9C, 0xB6, 0x8E, 0x50 ; file 1AF0A7
db 0x9C, 0xB6, 0x8E, 0x50, 0xC4, 0x13, 0xA9, 0x13, 0x53, 0x53, 0xA9, 0x53, 0x40, 0xB6, 0xA9, 0xB6 ; file 1AF0B7
db 0x8F, 0xB6, 0xA9, 0xB6, 0xC4, 0x46, 0xBA, 0x46, 0x0C, 0x46, 0xBA, 0x5A, 0x40, 0x40, 0x40, 0x5A ; file 1AF0C7
db 0x0C, 0x5A, 0x5A, 0x5A, 0xC4, 0x46, 0xC4, 0x46, 0xC4, 0x46, 0x81, 0x81, 0x40, 0x40, 0x40, 0x81 ; file 1AF0D7
db 0x40, 0xB6, 0x81, 0x81, 0x28, 0x84, 0x28, 0x83, 0x28, 0x84, 0xD9, 0x92, 0x24, 0x24, 0x24, 0x92 ; file 1AF0E7
db 0x24, 0x92, 0x92, 0x92, 0x28, 0x28, 0x28, 0x83, 0x28, 0x28, 0x28, 0x56, 0x28, 0x28, 0x28, 0x83 ; file 1AF0F7
db 0x8F, 0x8F, 0x8F, 0x2F, 0x28, 0x84, 0xC3, 0x97, 0xD9, 0x4C, 0xD9, 0x4C, 0x24, 0x24, 0xC3, 0x81 ; file 1AF107
db 0x0C, 0x0C, 0xD9, 0x81, 0x28, 0x0E, 0x28, 0x97, 0x28, 0x56, 0x56, 0x56, 0x28, 0x0E, 0x28, 0x81 ; file 1AF117
db 0x8F, 0x81, 0x81, 0x81, 0x24, 0x24, 0x24, 0x24, 0xC2, 0xC2, 0xBA, 0x4C, 0x24, 0x24, 0x24, 0x24 ; file 1AF127
db 0x24, 0x24, 0x24, 0x81, 0x28, 0x28, 0x28, 0x83, 0x28, 0x53, 0x28, 0x81, 0x24, 0x24, 0x24, 0x81 ; file 1AF137
db 0x24, 0x81, 0x81, 0x81, 0x24, 0x24, 0xBA, 0x4C, 0x0C, 0x4C, 0xBA, 0x4C, 0x24, 0x24, 0x24, 0x81 ; file 1AF147
db 0x0C, 0x0C, 0x0C, 0x81, 0xB2, 0x46, 0xB2, 0x81, 0xB2, 0x81, 0x81, 0x81, 0x24, 0x81, 0x81, 0x81 ; file 1AF157
db 0x0C, 0x81, 0x81, 0x81, 0x28, 0x84, 0x28, 0x83, 0x2B, 0x2B, 0x2B, 0x92, 0x24, 0x9B, 0x24, 0x92 ; file 1AF167
db 0x88, 0x88, 0x88, 0x92, 0x28, 0x28, 0x28, 0x83, 0x8F, 0x8F, 0x8F, 0x56, 0x8F, 0x8F, 0x8F, 0x83 ; file 1AF177
db 0x8F, 0x8F, 0x8F, 0x8F, 0x28, 0x46, 0xC3, 0x97, 0x2B, 0x2B, 0xD9, 0x4C, 0x24, 0x9B, 0xC3, 0x5A ; file 1AF187
db 0x88, 0x5A, 0x5A, 0x5A, 0x28, 0x46, 0x28, 0x97, 0x8F, 0x46, 0x56, 0x56, 0x8F, 0x46, 0x8F, 0xAD ; file 1AF197
db 0x8F, 0x8F, 0x8F, 0x81, 0x24, 0x24, 0x24, 0x24, 0x37, 0x37, 0x37, 0x4C, 0x24, 0x24, 0x24, 0x24 ; file 1AF1A7
db 0x9C, 0x9C, 0x87, 0x50, 0x28, 0x46, 0x28, 0x46, 0x8F, 0x46, 0xA9, 0x81, 0x24, 0x24, 0xA9, 0xA5 ; file 1AF1B7
db 0x8F, 0x8F, 0xA9, 0x81, 0x30, 0x46, 0x30, 0x46, 0x0C, 0x46, 0xBA, 0x4C, 0x24, 0x24, 0x24, 0x5A ; file 1AF1C7
db 0x0C, 0x5A, 0x5A, 0x5A, 0xC4, 0x46, 0xC4, 0x46, 0xC4, 0x46, 0x81, 0x81, 0xC4, 0x46, 0x81, 0x81 ; file 1AF1D7
db 0x8F, 0x81, 0x81, 0x81, 0x9E, 0x9E, 0x9E, 0x97, 0x9E, 0x9E, 0xD9, 0xD9, 0x9E, 0x9D, 0x9E, 0x2F ; file 1AF1E7
db 0x8F, 0x8F, 0xC1, 0x2F, 0x06, 0xBE, 0x06, 0x97, 0x06, 0xBE, 0x06, 0x2F, 0x06, 0x9D, 0x06, 0x2F ; file 1AF1F7
db 0x8F, 0x8F, 0x8F, 0x2F, 0x9E, 0x97, 0xC3, 0x97, 0xD9, 0xD9, 0xD9, 0xD9, 0x0C, 0x0C, 0xC3, 0x81 ; file 1AF207
db 0x0C, 0x0C, 0xD9, 0x81, 0xB9, 0x97, 0x97, 0x97, 0xB9, 0x81, 0xD7, 0x81, 0xB9, 0x81, 0x81, 0x81 ; file 1AF217
db 0x8F, 0x81, 0x81, 0x81, 0x9E, 0x9E, 0x9E, 0x81, 0x0C, 0x53, 0xD2, 0x81, 0x24, 0x24, 0x24, 0x81 ; file 1AF227
db 0x0C, 0x0C, 0x0C, 0x81, 0x06, 0xBE, 0x06, 0x81, 0x06, 0x53, 0x81, 0x81, 0x06, 0x81, 0x81, 0x81 ; file 1AF237
db 0x8F, 0x81, 0x81, 0x81, 0xB2, 0x46, 0xC3, 0x81, 0x0C, 0x0C, 0xD2, 0x81, 0x0C, 0x0C, 0x0C, 0x81 ; file 1AF247
db 0x0C, 0x0C, 0x0C, 0x81, 0xB2, 0x46, 0xB2, 0x81, 0xB2, 0x81, 0x81, 0x81, 0xB2, 0x81, 0x81, 0x81 ; file 1AF257
db 0x0C, 0x81, 0x81, 0x81, 0x9E, 0x9E, 0x9E, 0x97, 0x8F, 0x8F, 0x8F, 0x8F, 0x8F, 0x8F, 0x8F, 0x8F ; file 1AF267
db 0x8F, 0x8F, 0x8F, 0x8F, 0x06, 0xBE, 0x06, 0x97, 0x8F, 0x8F, 0x8F, 0x8F, 0x8F, 0x8F, 0x8F, 0x8F ; file 1AF277
db 0x8F, 0x8F, 0x8F, 0x8F, 0x9E, 0x46, 0xC3, 0x97, 0x8F, 0x46, 0xD9, 0xD9, 0x8F, 0x46, 0xC3, 0x81 ; file 1AF287
db 0x8F, 0x8F, 0x8F, 0x81, 0xB9, 0x46, 0x97, 0x97, 0x8F, 0x46, 0x8F, 0x81, 0x8F, 0x46, 0x8F, 0x81 ; file 1AF297
db 0x8F, 0x8F, 0x8F, 0x81, 0x9E, 0x46, 0x9E, 0x46, 0x8F, 0x46, 0xA9, 0x81, 0x24, 0x24, 0xA9, 0x81 ; file 1AF2A7
db 0x8F, 0x8F, 0xA9, 0x81, 0x06, 0x46, 0xA9, 0x46, 0x8F, 0x46, 0xA9, 0x81, 0x8F, 0x46, 0xA9, 0x81 ; file 1AF2B7
db 0x8F, 0x8F, 0xA9, 0x81, 0x46, 0x46, 0xC3, 0x46, 0x0C, 0x46, 0xD2, 0x81, 0x0C, 0x46, 0x0C, 0x81 ; file 1AF2C7
db 0x0C, 0x0C, 0x0C, 0x81, 0x46, 0x46, 0x46, 0x46, 0x46, 0x46, 0x81, 0x81, 0x40, 0x46, 0x81, 0x81 ; file 1AF2D7
db 0x8F, 0x81, 0x81, 0x81, 0x31, 0x84, 0x31, 0x83, 0x3C, 0x3C, 0x3C, 0x92, 0x89, 0x84, 0x89, 0x92 ; file 1AF2E7
db 0x3C, 0x92, 0x92, 0x92, 0x28, 0x13, 0x26, 0x83, 0x3C, 0x53, 0x26, 0x53, 0x89, 0x52, 0x26, 0x83 ; file 1AF2F7
db 0xCE, 0x53, 0xB0, 0xB0, 0x31, 0x29, 0x2E, 0x9A, 0x3C, 0x29, 0xBA, 0x82, 0x89, 0x29, 0x89, 0x92 ; file 1AF307
db 0x3C, 0x92, 0x92, 0x92, 0x33, 0x0E, 0x2E, 0x9A, 0x33, 0x53, 0x2E, 0x82, 0x33, 0x0E, 0x2E, 0x9A ; file 1AF317
db 0x33, 0x53, 0x54, 0x54, 0x3C, 0x3C, 0x3C, 0x3C, 0x3C, 0x3C, 0x3C, 0x3C, 0x24, 0x57, 0x24, 0x50 ; file 1AF327
db 0x3C, 0x3C, 0x3C, 0x50, 0x33, 0x53, 0x33, 0x53, 0x3C, 0x53, 0x3C, 0x53, 0x33, 0x51, 0x33, 0x50 ; file 1AF337
db 0x3C, 0x53, 0x3C, 0x50, 0x33, 0x33, 0x33, 0x0F, 0x3C, 0x3C, 0xBA, 0xBA, 0x33, 0x33, 0x33, 0xCF ; file 1AF347
db 0x3C, 0xCF, 0xBA, 0xCF, 0x33, 0x33, 0x33, 0x33, 0x33, 0x53, 0x33, 0xC5, 0x33, 0x33, 0x33, 0xB4 ; file 1AF357
db 0x33, 0x53, 0xB4, 0xB4, 0x0D, 0x84, 0x0D, 0x50, 0x2B, 0x2B, 0x2B, 0x50, 0x88, 0x52, 0x50, 0x50 ; file 1AF367
db 0x88, 0x50, 0x50, 0x50, 0xC9, 0x52, 0xC9, 0x83, 0xC9, 0x53, 0xC9, 0x50, 0x52, 0x52, 0x52, 0x52 ; file 1AF377
db 0x88, 0x52, 0x50, 0x50, 0x0D, 0x29, 0x0D, 0x9A, 0x2B, 0x29, 0xBA, 0x50, 0x88, 0x52, 0x3E, 0x50 ; file 1AF387
db 0x88, 0x50, 0x3E, 0x50, 0x33, 0x0E, 0x2E, 0x9A, 0x33, 0x53, 0xB4, 0xB4, 0x33, 0x52, 0xAD, 0xAD ; file 1AF397
db 0x88, 0xAA, 0xB4, 0xB4, 0xB8, 0x57, 0xB8, 0x50, 0x3C, 0x3C, 0x3C, 0x50, 0x0B, 0x57, 0x50, 0x50 ; file 1AF3A7
db 0x94, 0x50, 0x50, 0x50, 0x33, 0x51, 0x33, 0x50, 0x3C, 0x53, 0x3C, 0x50, 0x51, 0x51, 0x50, 0x50 ; file 1AF3B7
db 0x94, 0xBD, 0x50, 0x50, 0x33, 0x33, 0x33, 0x4E, 0x3C, 0x3C, 0xBA, 0x50, 0x0B, 0x57, 0x3E, 0x50 ; file 1AF3C7
db 0x94, 0x50, 0x3E, 0x50, 0x33, 0x33, 0x33, 0xB4, 0x33, 0x53, 0xB4, 0xB4, 0x33, 0x51, 0xB4, 0xB4 ; file 1AF3D7
db 0xB4, 0xB4, 0xB4, 0xB4, 0x05, 0x13, 0x05, 0x13, 0x3C, 0x53, 0xC1, 0x53, 0x89, 0x9D, 0xC1, 0xB0 ; file 1AF3E7
db 0xC1, 0x53, 0xC1, 0xB0, 0xC9, 0x13, 0xC9, 0x13, 0x53, 0x53, 0x53, 0x53, 0x9D, 0x9D, 0xB0, 0xB0 ; file 1AF3F7
db 0xCE, 0x53, 0xB0, 0xB0, 0xB2, 0x07, 0xC3, 0x3F, 0x25, 0x53, 0xD9, 0x82, 0x89, 0x9D, 0xC1, 0x3F ; file 1AF407
db 0x0C, 0x53, 0xC1, 0xB0, 0xB2, 0x07, 0x3F, 0x3F, 0x53, 0x53, 0x82, 0x82, 0xB2, 0x9D, 0x3F, 0x3F ; file 1AF417
db 0xCE, 0x53, 0xB0, 0xB0, 0x3C, 0x53, 0x3C, 0x53, 0x3C, 0x53, 0x3C, 0x53, 0xD6, 0x53, 0xC1, 0x50 ; file 1AF427
db 0x3C, 0x53, 0xC1, 0x50, 0x53, 0x53, 0x53, 0x53, 0x53, 0x53, 0x53, 0x53, 0x53, 0x53, 0x53, 0x53 ; file 1AF437
db 0x53, 0x53, 0x53, 0x53, 0xB2, 0x53, 0xB2, 0x15, 0x3C, 0x53, 0xBA, 0x15, 0xB2, 0x53, 0xB2, 0x81 ; file 1AF447
db 0x0C, 0x53, 0x0C, 0x81, 0xB2, 0x53, 0xB2, 0x15, 0x53, 0x53, 0x15, 0x15, 0xB2, 0x53, 0xB2, 0x81 ; file 1AF457
db 0x53, 0x53, 0x81, 0x81, 0xC9, 0xC9, 0xC9, 0xC9, 0xC9, 0x53, 0xC1, 0x50, 0xC9, 0x52, 0xC1, 0x50 ; file 1AF467
db 0x88, 0xBD, 0xC1, 0x50, 0xC9, 0xC9, 0xC9, 0xC9, 0xC9, 0x53, 0xC9, 0x53, 0xC9, 0x52, 0xC9, 0xB0 ; file 1AF477
db 0x8F, 0xBD, 0x8F, 0xB0, 0xC9, 0xC9, 0xC3, 0x3F, 0x25, 0x53, 0xD9, 0x82, 0xC9, 0xAA, 0xC1, 0x3F ; file 1AF487
db 0x88, 0xAA, 0xC1, 0x50, 0xC9, 0xC9, 0xC9, 0x3F, 0xC9, 0x53, 0x82, 0x82, 0xC9, 0xAA, 0xC9, 0x3F ; file 1AF497
db 0x8F, 0xAA, 0x80, 0x80, 0xB8, 0x53, 0xB8, 0x50, 0x3C, 0x53, 0x3C, 0x50, 0xD6, 0x57, 0xD6, 0x50 ; file 1AF4A7
db 0x94, 0xBD, 0x50, 0x50, 0xC9, 0x53, 0xC9, 0x53, 0x53, 0x53, 0x53, 0x53, 0xBD, 0xBD, 0xA9, 0xBD ; file 1AF4B7
db 0xBD, 0xBD, 0xA9, 0xBD, 0xB2, 0x46, 0xB2, 0x15, 0x4D, 0x53, 0x4D, 0x15, 0xD6, 0x57, 0xD6, 0x50 ; file 1AF4C7
db 0x03, 0xA6, 0x3E, 0x50, 0xB2, 0x46, 0xB2, 0x15, 0x53, 0x53, 0x15, 0x15, 0x40, 0xBD, 0x40, 0x80 ; file 1AF4D7
db 0xBD, 0xBD, 0x80, 0x80, 0xBB, 0xBB, 0xBB, 0xBB, 0xBB, 0xBB, 0xBB, 0xC0, 0xBB, 0xBB, 0xBB, 0x92 ; file 1AF4E7
db 0xBB, 0x92, 0xC1, 0x92, 0x28, 0x0E, 0x28, 0x3F, 0x28, 0x53, 0x28, 0xC0, 0x28, 0x0E, 0x28, 0x3F ; file 1AF4F7
db 0xCE, 0xCE, 0xC1, 0xB0, 0xBB, 0x0E, 0x36, 0x3F, 0xBB, 0x0E, 0x16, 0xC0, 0xBB, 0x0E, 0x36, 0x3F ; file 1AF507
db 0x0C, 0xAA, 0xC1, 0x81, 0xB2, 0x0E, 0x3F, 0x3F, 0xB2, 0x0E, 0x15, 0x15, 0xB2, 0x0E, 0x3F, 0x3F ; file 1AF517
db 0xCE, 0xAA, 0x81, 0x81, 0xBB, 0xBB, 0xBB, 0xBB, 0xC2, 0xC2, 0xC2, 0xC0, 0x24, 0x24, 0x24, 0x24 ; file 1AF527
db 0xC2, 0xC2, 0xC1, 0x50, 0xB2, 0x53, 0xB2, 0x15, 0xC2, 0x53, 0xC2, 0x15, 0x24, 0x24, 0x24, 0xA5 ; file 1AF537
db 0xC2, 0x53, 0x81, 0x81, 0xB2, 0xB2, 0x16, 0x15, 0xC2, 0xC2, 0x16, 0x15, 0x24, 0x24, 0x16, 0x81 ; file 1AF547
db 0x0C, 0x0C, 0x16, 0x81, 0xB2, 0xB2, 0xB2, 0x15, 0xB2, 0x15, 0x15, 0x15, 0xB2, 0xB2, 0xB2, 0x81 ; file 1AF557
db 0xB2, 0x81, 0x81, 0x81, 0xBB, 0xBB, 0xBB, 0xBB, 0xBB, 0xBB, 0xBB, 0xC0, 0x0B, 0x0B, 0x0B, 0x50 ; file 1AF567
db 0x88, 0x50, 0xC1, 0x50, 0x28, 0x0E, 0x28, 0x3F, 0x8F, 0x53, 0x8F, 0xA7, 0x8F, 0x52, 0x8F, 0xA5 ; file 1AF577
db 0x8F, 0x8F, 0x8F, 0xA7, 0xBB, 0x0E, 0x36, 0x3F, 0x4D, 0xAA, 0x16, 0xA7, 0x0B, 0xAA, 0xB5, 0xA7 ; file 1AF587
db 0x88, 0xAA, 0xB5, 0xA7, 0xB2, 0x0E, 0x3F, 0x3F, 0x8F, 0xAA, 0xA7, 0xA7, 0x8F, 0xAA, 0xA7, 0xA7 ; file 1AF597
db 0x8F, 0xAA, 0xA7, 0xA7, 0x0B, 0x0B, 0x0B, 0x50, 0xC2, 0xC2, 0xC2, 0x50, 0x0B, 0x0B, 0x0B, 0x50 ; file 1AF5A7
db 0x0B, 0x50, 0x50, 0x50, 0xB2, 0x46, 0xA5, 0xA5, 0xC2, 0x53, 0xA7, 0xA7, 0x0B, 0x51, 0xA5, 0xA5 ; file 1AF5B7
db 0x8F, 0xA7, 0xA7, 0xA7, 0x21, 0x21, 0x16, 0xA7, 0x4D, 0x4D, 0x16, 0xA7, 0x0B, 0x0B, 0xB5, 0xA7 ; file 1AF5C7
db 0xB5, 0xA6, 0xB5, 0xA7, 0xB2, 0x46, 0xB2, 0xA7, 0xB2, 0xA7, 0xA7, 0xA7, 0xB2, 0xA7, 0xA7, 0xA7 ; file 1AF5D7
db 0xA7, 0xA7, 0xA7, 0xA7, 0x99, 0x99, 0x99, 0x3F, 0x2D, 0x53, 0xC1, 0xC0, 0x99, 0x99, 0xC1, 0xC1 ; file 1AF5E7
db 0xC1, 0xC1, 0xC1, 0xC1, 0x06, 0xBE, 0x06, 0x3F, 0xCE, 0x53, 0xC1, 0x15, 0xCE, 0x9D, 0xC1, 0x3F ; file 1AF5F7
db 0xCE, 0xCE, 0xC1, 0xB0, 0xB2, 0x07, 0xC3, 0x3F, 0xB2, 0x07, 0xD9, 0x15, 0xB2, 0x07, 0xC1, 0x3F ; file 1AF607
db 0x0C, 0xAA, 0xC1, 0x81, 0xB2, 0x07, 0x3F, 0x3F, 0xB2, 0x07, 0x15, 0x15, 0xB2, 0x07, 0x3F, 0x3F ; file 1AF617
db 0xCE, 0xAA, 0x81, 0x81, 0xB2, 0x53, 0xB2, 0x15, 0x2D, 0x53, 0x2D, 0x15, 0x24, 0x24, 0xC1, 0x81 ; file 1AF627
db 0x0C, 0x53, 0xC1, 0x81, 0xB2, 0x53, 0xB2, 0x15, 0x53, 0x53, 0x15, 0x15, 0xB2, 0x53, 0xB2, 0x81 ; file 1AF637
db 0xCE, 0x53, 0x81, 0x81, 0xB2, 0xB2, 0xB2, 0x15, 0xB2, 0x15, 0x15, 0x15, 0xB2, 0xB2, 0xB2, 0x81 ; file 1AF647
db 0x0C, 0x0C, 0x0C, 0x81, 0xB2, 0xB2, 0xB2, 0x15, 0xB2, 0x15, 0x15, 0x15, 0xB2, 0xB2, 0xB2, 0x81 ; file 1AF657
db 0xB2, 0x81, 0x81, 0x81, 0x48, 0x48, 0x48, 0x3F, 0x48, 0x48, 0xC1, 0xC0, 0xCB, 0xCB, 0xC1, 0xC1 ; file 1AF667
db 0x8F, 0x8F, 0xC1, 0xC1, 0xC9, 0xBE, 0xC9, 0x3F, 0x8F, 0x53, 0x8F, 0x15, 0x8F, 0x3A, 0x8F, 0x3A ; file 1AF677
db 0x8F, 0x8F, 0x8F, 0x80, 0x48, 0x07, 0xC3, 0x3F, 0x4D, 0xAA, 0xD9, 0x15, 0xCB, 0xAA, 0xC1, 0x3F ; file 1AF687
db 0x8F, 0xAA, 0xC1, 0x80, 0xB2, 0x07, 0x3F, 0x3F, 0x8F, 0xAA, 0x15, 0x15, 0x8F, 0xAA, 0x3F, 0x3F ; file 1AF697
db 0x8F, 0xAA, 0x80, 0x80, 0xD4, 0xD4, 0xD4, 0xD4, 0x2D, 0x53, 0x2D, 0x15, 0x0B, 0xAE, 0x0B, 0x50 ; file 1AF6A7
db 0x1A, 0xAE, 0xA9, 0x50, 0xB2, 0x46, 0xB2, 0x15, 0x53, 0x53, 0xA9, 0x15, 0x8F, 0xBD, 0xA9, 0x80 ; file 1AF6B7
db 0x8F, 0xBD, 0xA9, 0x80, 0xB2, 0x46, 0xB2, 0x15, 0x4D, 0x4D, 0x4D, 0x15, 0xB2, 0xA6, 0x80, 0x80 ; file 1AF6C7
db 0x03, 0xA6, 0x80, 0x80, 0xB2, 0x46, 0xB2, 0x15, 0xB2, 0x15, 0x15, 0x15, 0xB2, 0x46, 0x80, 0x80 ; file 1AF6D7
db 0x80, 0x80, 0x80, 0x80, 0x22, 0x22, 0x22, 0xCA, 0x22, 0x22, 0x22, 0xCA, 0x22, 0x9B, 0x22, 0xCA ; file 1AF6E7
db 0x22, 0x92, 0x87, 0x92, 0x22, 0xCA, 0xCA, 0xCA, 0x22, 0xCA, 0xCA, 0xCA, 0x22, 0xCA, 0xCA, 0xCA ; file 1AF6F7
db 0x22, 0xB0, 0xB0, 0xB0, 0x22, 0x22, 0x22, 0xCA, 0x22, 0x22, 0xBA, 0x8B, 0x22, 0x9B, 0x22, 0xAD ; file 1AF707
db 0x22, 0x92, 0x87, 0x92, 0x22, 0xCA, 0xCA, 0xCA, 0x22, 0x8B, 0x8B, 0x8B, 0x22, 0xAD, 0xAD, 0xAD ; file 1AF717
db 0x22, 0x54, 0x54, 0x54, 0x22, 0x22, 0x2A, 0xCA, 0x22, 0x22, 0x2A, 0xCA, 0x22, 0x9B, 0x2A, 0xCA ; file 1AF727
db 0x87, 0x87, 0x87, 0x87, 0x22, 0xCA, 0xCA, 0xCA, 0x22, 0x53, 0xCA, 0xCA, 0x22, 0x51, 0xCA, 0xCA ; file 1AF737
db 0x87, 0xBD, 0x87, 0xA3, 0x22, 0x22, 0x2A, 0x4E, 0xBA, 0xBA, 0xBA, 0xBA, 0x22, 0x9B, 0x2A, 0xCF ; file 1AF747
db 0x0C, 0xCF, 0x87, 0xCF, 0x33, 0x41, 0xCA, 0xCA, 0x33, 0xC5, 0xBA, 0xC5, 0x33, 0x41, 0xA3, 0xA3 ; file 1AF757
db 0xA3, 0xA3, 0xA3, 0xA3, 0x22, 0x9B, 0x22, 0xCA, 0x22, 0x9B, 0x87, 0x9F, 0x2C, 0x9B, 0x2C, 0x9B ; file 1AF767
db 0x88, 0x9B, 0x87, 0x9F, 0xC9, 0xCA, 0xCA, 0xCA, 0xC9, 0xCA, 0xCA, 0xCA, 0x2C, 0x52, 0xAD, 0xAD ; file 1AF777
db 0x88, 0x52, 0x87, 0x9F, 0x22, 0x9B, 0x22, 0x47, 0x22, 0x9B, 0x87, 0x9F, 0x2C, 0x9B, 0xAD, 0xAD ; file 1AF787
db 0x88, 0x9B, 0x87, 0x9F, 0xC4, 0x41, 0x47, 0x47, 0xC4, 0x41, 0x47, 0x47, 0xAD, 0xAD, 0xAD, 0xAD ; file 1AF797
db 0x88, 0xAD, 0xAD, 0xAD, 0xB8, 0x9B, 0x2A, 0x4E, 0x37, 0x37, 0x87, 0x87, 0x2C, 0x9B, 0x87, 0x87 ; file 1AF7A7
db 0x87, 0x87, 0x87, 0x87, 0xB8, 0x41, 0xCA, 0xCA, 0x37, 0xBD, 0x87, 0xB4, 0x51, 0x51, 0x87, 0x51 ; file 1AF7B7
db 0x87, 0xBD, 0x87, 0xB4, 0xB8, 0x41, 0x4E, 0x4E, 0x37, 0x41, 0x87, 0x4E, 0x2C, 0x9B, 0x87, 0x4E ; file 1AF7C7
db 0x87, 0x5A, 0x87, 0x5A, 0xC4, 0x41, 0xC4, 0x41, 0xC4, 0x41, 0xB4, 0xB4, 0xC4, 0x41, 0xAD, 0xAD ; file 1AF7D7
db 0xB4, 0xB4, 0xB4, 0xB4, 0x22, 0x13, 0x22, 0xCA, 0x22, 0x13, 0x22, 0x8B, 0x22, 0x96, 0x22, 0xB0 ; file 1AF7E7
db 0x22, 0xB0, 0x8E, 0xB0, 0xC9, 0x13, 0xCA, 0xCA, 0xC9, 0x13, 0x8B, 0x8B, 0x96, 0x96, 0xB0, 0xB0 ; file 1AF7F7
db 0x8F, 0xB0, 0xB0, 0xB0, 0x22, 0x13, 0xC3, 0x47, 0x25, 0x8B, 0x8B, 0x8B, 0x22, 0x96, 0xC3, 0x42 ; file 1AF807
db 0x0C, 0x8B, 0x8B, 0x8B, 0xB9, 0x13, 0xD8, 0x47, 0x8B, 0x8B, 0x8B, 0x8B, 0x96, 0x96, 0xD8, 0x42 ; file 1AF817
db 0x8B, 0x8B, 0x8B, 0x8B, 0x22, 0x13, 0x2A, 0xCA, 0x22, 0x53, 0x8E, 0x53, 0xD6, 0x96, 0x8E, 0x8E ; file 1AF827
db 0x8E, 0xBD, 0x8E, 0x8E, 0xC9, 0x13, 0xCA, 0xCA, 0x53, 0x53, 0xA9, 0x53, 0x96, 0x96, 0xA9, 0xA3 ; file 1AF837
db 0xA9, 0xBD, 0xA9, 0xA3, 0x22, 0x13, 0x2A, 0x47, 0x0C, 0x53, 0xBA, 0x8B, 0x0C, 0xA3, 0x8E, 0xA3 ; file 1AF847
db 0x0C, 0xA3, 0x8E, 0xA3, 0xB2, 0x13, 0xD8, 0x47, 0x53, 0x53, 0x8B, 0x8B, 0x40, 0xA3, 0xA3, 0xA3 ; file 1AF857
db 0xA3, 0xA3, 0xA3, 0xA3, 0xC9, 0x96, 0xC9, 0x47, 0xC9, 0x96, 0x8E, 0x9F, 0x2C, 0x96, 0x8E, 0x96 ; file 1AF867
db 0x88, 0x96, 0x8E, 0x9F, 0xC9, 0x96, 0xC9, 0x47, 0xC9, 0x96, 0xA9, 0x47, 0x96, 0x96, 0x96, 0x96 ; file 1AF877
db 0x8F, 0x96, 0xA9, 0xB0, 0xC9, 0x47, 0x47, 0x47, 0x25, 0x47, 0x47, 0x47, 0x2C, 0x96, 0x42, 0x42 ; file 1AF887
db 0x88, 0x96, 0x8E, 0x9F, 0xC9, 0x47, 0x47, 0x47, 0xC9, 0x47, 0x47, 0x47, 0x96, 0x96, 0x42, 0x42 ; file 1AF897
db 0x8F, 0x96, 0xA9, 0x3B, 0xB8, 0x96, 0x8E, 0x47, 0x8E, 0xBD, 0x8E, 0x8E, 0xD6, 0x96, 0x8E, 0x8E ; file 1AF8A7
db 0x8E, 0xBD, 0x8E, 0x8E, 0xC9, 0x96, 0xA9, 0x47, 0xA9, 0xBD, 0xA9, 0xA9, 0x96, 0x96, 0xA9, 0x96 ; file 1AF8B7
db 0xA9, 0xBD, 0xA9, 0xA9, 0xB8, 0x41, 0x47, 0x47, 0x8E, 0xA6, 0x8E, 0x3B, 0xD6, 0x96, 0x8E, 0x3B ; file 1AF8C7
db 0x8E, 0xA6, 0x8E, 0x3B, 0xC4, 0x41, 0x47, 0x47, 0xA9, 0xBD, 0xA9, 0x3B, 0x40, 0x96, 0xA9, 0x3B ; file 1AF8D7
db 0xA9, 0xBD, 0xA9, 0x3B, 0x22, 0x22, 0x22, 0xCA, 0x22, 0xC0, 0xC0, 0xC0, 0x22, 0x9B, 0x22, 0xCA ; file 1AF8E7
db 0x22, 0x92, 0x87, 0x92, 0x28, 0xCA, 0xCA, 0xCA, 0x28, 0xCA, 0xCA, 0xCA, 0x28, 0xCA, 0xCA, 0xCA ; file 1AF8F7
db 0x8F, 0x8F, 0xA9, 0xA3, 0x22, 0x22, 0x36, 0xCA, 0x22, 0xC0, 0xD7, 0xC0, 0x22, 0x9B, 0x36, 0xA3 ; file 1AF907
db 0x0C, 0xA3, 0xA3, 0xA3, 0x28, 0xCA, 0xD8, 0xCA, 0xD7, 0x56, 0xD7, 0x56, 0x28, 0xA3, 0xD8, 0xA3 ; file 1AF917
db 0x8F, 0xA3, 0xA3, 0xA3, 0x22, 0x22, 0x2A, 0xCA, 0xC2, 0xC0, 0x2A, 0xC0, 0x24, 0x24, 0x24, 0x24 ; file 1AF927
db 0x24, 0x24, 0x87, 0xA3, 0x28, 0xCA, 0xCA, 0xCA, 0x28, 0x53, 0xA9, 0xA3, 0x24, 0x24, 0xA9, 0xA3 ; file 1AF937
db 0xA9, 0xA3, 0xA9, 0xA3, 0x21, 0x21, 0x2A, 0x4C, 0x0C, 0x4C, 0xBA, 0x4C, 0x24, 0x24, 0x24, 0xA3 ; file 1AF947
db 0x0C, 0xA3, 0xA3, 0xA3, 0xB2, 0x41, 0xD8, 0xA3, 0xA3, 0xA3, 0xA3, 0xA3, 0x24, 0xA3, 0xA3, 0xA3 ; file 1AF957
db 0xA3, 0xA3, 0xA3, 0xA3, 0x22, 0x9B, 0x22, 0xCA, 0x22, 0x9B, 0x87, 0x9F, 0x2C, 0x9B, 0x2C, 0x9B ; file 1AF967
db 0x88, 0x9B, 0x87, 0x9F, 0x28, 0xCA, 0xCA, 0xCA, 0x8F, 0x8F, 0xA9, 0xCA, 0x8F, 0x52, 0xA9, 0xA5 ; file 1AF977
db 0x8F, 0x8F, 0xA9, 0x9F, 0x21, 0x9B, 0x36, 0x47, 0x1D, 0x9B, 0x1D, 0x9F, 0x2C, 0x9B, 0xD3, 0xAD ; file 1AF987
db 0x88, 0x9B, 0xB5, 0x9F, 0x28, 0x41, 0xD8, 0x47, 0x8F, 0xA7, 0xD7, 0xA7, 0x8F, 0xAD, 0xAD, 0xAD ; file 1AF997
db 0x8F, 0xA7, 0xA7, 0xA7, 0xB8, 0x9B, 0x2A, 0x4E, 0x37, 0xAE, 0x87, 0x87, 0x02, 0x9B, 0x87, 0xA5 ; file 1AF9A7
db 0x87, 0xAE, 0x87, 0x87, 0x28, 0x41, 0xA9, 0xA5, 0xA9, 0xA7, 0xA9, 0xA7, 0xA9, 0x51, 0xA9, 0xA5 ; file 1AF9B7
db 0xA9, 0xA7, 0xA9, 0xA7, 0x21, 0x21, 0x1D, 0x4E, 0x1D, 0xA6, 0x1D, 0xA7, 0x02, 0x9B, 0xB5, 0xA7 ; file 1AF9C7
db 0xB5, 0xA6, 0xB5, 0xA7, 0xC4, 0x41, 0xA7, 0xA7, 0xA7, 0xA7, 0xA7, 0xA7, 0xA7, 0xA7, 0xA7, 0xA7 ; file 1AF9D7
db 0xA7, 0xA7, 0xA7, 0xA7, 0x99, 0x99, 0x99, 0xCA, 0x99, 0x99, 0xD7, 0xC0, 0x99, 0x96, 0x99, 0xDC ; file 1AF9E7
db 0x8F, 0xDC, 0xA9, 0xDC, 0x06, 0xBE, 0xD8, 0xCA, 0x06, 0xBE, 0xD7, 0x8B, 0x06, 0x96, 0xA9, 0xA3 ; file 1AF9F7
db 0x8F, 0x8F, 0xA9, 0xA3, 0x99, 0x97, 0xC3, 0x97, 0xD7, 0x8B, 0xD7, 0x8B, 0x0C, 0xA3, 0xC3, 0xA3 ; file 1AFA07
db 0x0C, 0xA3, 0xA3, 0xA3, 0xB9, 0x97, 0xD8, 0x97, 0xD7, 0x8B, 0xD7, 0x8B, 0xB9, 0xA3, 0xD8, 0xA3 ; file 1AFA17
db 0x8F, 0xA3, 0xA3, 0xA3, 0x99, 0x99, 0x2A, 0xA3, 0x0C, 0x53, 0xA9, 0xA3, 0x24, 0x24, 0xA9, 0xA3 ; file 1AFA27
db 0x0C, 0xA3, 0xA9, 0xA3, 0x06, 0xBE, 0xA9, 0xA3, 0xA9, 0x53, 0xA9, 0xA3, 0xA9, 0xA3, 0xA9, 0xA3 ; file 1AFA37
db 0xA9, 0xA3, 0xA9, 0xA3, 0xB2, 0x46, 0xC3, 0xA3, 0x0C, 0xA3, 0xA3, 0xA3, 0x0C, 0xA3, 0xA3, 0xA3 ; file 1AFA47
db 0x0C, 0xA3, 0xA3, 0xA3, 0xB2, 0x46, 0xD8, 0xA3, 0xA3, 0xA3, 0xA3, 0xA3, 0xA3, 0xA3, 0xA3, 0xA3 ; file 1AFA57
db 0xA3, 0xA3, 0xA3, 0xA3, 0x48, 0x48, 0x48, 0x47, 0x48, 0x48, 0xA9, 0xB3, 0xCB, 0x96, 0xA9, 0xB3 ; file 1AFA67
db 0x8F, 0x8F, 0xA9, 0xB3, 0xC9, 0x96, 0xA9, 0x47, 0x8F, 0x8F, 0xA9, 0xA9, 0x8F, 0x96, 0xA9, 0x96 ; file 1AFA77
db 0x8F, 0x8F, 0xA9, 0xA9, 0x48, 0x46, 0xC3, 0x47, 0x48, 0xA6, 0xD7, 0x47, 0xCB, 0x96, 0xA9, 0xBC ; file 1AFA87
db 0x8F, 0xA6, 0xA9, 0xA3, 0xB9, 0x46, 0xD8, 0x47, 0x8F, 0x46, 0xD7, 0x47, 0x8F, 0x96, 0xA9, 0xBC ; file 1AFA97
db 0x8F, 0x8F, 0xA9, 0xA3, 0xD4, 0xD4, 0xA9, 0xA9, 0xA9, 0xAE, 0xA9, 0xA9, 0xA9, 0xAE, 0xA9, 0xA9 ; file 1AFAA7
db 0xA9, 0xAE, 0xA9, 0xA9, 0xA9, 0x46, 0xA9, 0xA9, 0xA9, 0xA9, 0xA9, 0xA9, 0xA9, 0x96, 0xA9, 0xA9 ; file 1AFAB7
db 0xA9, 0xA9, 0xA9, 0xA9, 0xD4, 0x46, 0xA9, 0x46, 0x03, 0xA6, 0xA9, 0xA3, 0x03, 0xA6, 0xA9, 0xA3 ; file 1AFAC7
db 0x03, 0xA6, 0xA9, 0xA3, 0x12, 0x46, 0xA9, 0x46, 0xA9, 0x46, 0xA9, 0xA3, 0xA9, 0x46, 0xA9, 0xA3 ; file 1AFAD7
db 0xA9, 0xA3, 0xA9, 0xA3, 0x31, 0x31, 0x31, 0xCA, 0x31, 0x31, 0x31, 0xC0, 0x31, 0x31, 0x31, 0xB0 ; file 1AFAE7
db 0x31, 0xB0, 0xC6, 0xB0, 0x31, 0xCA, 0xCA, 0xCA, 0x31, 0x53, 0xB0, 0xB0, 0x31, 0x52, 0xB0, 0xB0 ; file 1AFAF7
db 0xB0, 0xB0, 0xB0, 0xB0, 0x31, 0x31, 0x31, 0xCA, 0x31, 0x31, 0x31, 0xC0, 0x31, 0x31, 0x31, 0x8D ; file 1AFB07
db 0x31, 0x8D, 0xC6, 0x8D, 0x31, 0xCA, 0xCA, 0xCA, 0x31, 0x53, 0x8B, 0x8B, 0x31, 0x52, 0xAD, 0xAD ; file 1AFB17
db 0xB0, 0xB0, 0xB0, 0xB0, 0x31, 0x31, 0x2A, 0xCA, 0x3C, 0x3C, 0x3C, 0xC0, 0x31, 0x51, 0x2A, 0x39 ; file 1AFB27
db 0x94, 0x94, 0x87, 0x39, 0x31, 0x51, 0xCA, 0xCA, 0x3C, 0x53, 0x3C, 0x53, 0x51, 0x51, 0x51, 0x51 ; file 1AFB37
db 0x94, 0xBD, 0xB0, 0xB0, 0x31, 0x0F, 0x0F, 0x0F, 0x3C, 0x3C, 0xBA, 0x8D, 0x31, 0x51, 0x3E, 0x8D ; file 1AFB47
db 0x94, 0x8D, 0x3E, 0x8D, 0x33, 0x33, 0x33, 0xB4, 0x33, 0x53, 0xB4, 0xB4, 0x33, 0x51, 0xB4, 0xB4 ; file 1AFB57
db 0xB4, 0xB4, 0xB4, 0xB4, 0x0D, 0x0D, 0x0D, 0x8C, 0x0D, 0x0D, 0x0D, 0x9F, 0x0D, 0x52, 0x0D, 0x52 ; file 1AFB67
db 0x94, 0x52, 0x87, 0x9F, 0xC9, 0x52, 0xC9, 0x8C, 0xC9, 0x52, 0xC9, 0x8C, 0x52, 0x52, 0x52, 0x52 ; file 1AFB77
db 0x52, 0x52, 0xB0, 0xB0, 0x0D, 0x0D, 0x0D, 0x47, 0x0D, 0x8D, 0x1D, 0x8D, 0x0D, 0x52, 0x3E, 0x8D ; file 1AFB87
db 0x94, 0x8D, 0x3E, 0x8D, 0xC9, 0x52, 0xC9, 0x47, 0xC9, 0xB4, 0xB4, 0xB4, 0x52, 0x52, 0xAD, 0xAD ; file 1AFB97
db 0xB4, 0xB4, 0xB4, 0xB4, 0xB8, 0xB8, 0xB8, 0xB8, 0x94, 0x94, 0x87, 0x39, 0x94, 0x51, 0x87, 0x39 ; file 1AFBA7
db 0x94, 0x94, 0x87, 0x39, 0xB8, 0x51, 0xB8, 0x51, 0x94, 0xBD, 0xB4, 0xB4, 0x51, 0x51, 0x51, 0x51 ; file 1AFBB7
db 0x94, 0xBD, 0xB4, 0xB4, 0xB8, 0xB8, 0xB8, 0x4E, 0x94, 0x8D, 0x1D, 0x8D, 0x94, 0x51, 0x3E, 0x8D ; file 1AFBC7
db 0x94, 0x8D, 0x3E, 0x8D, 0x33, 0x41, 0xB4, 0xB4, 0xB4, 0xB4, 0xB4, 0xB4, 0x51, 0x51, 0xB4, 0xB4 ; file 1AFBD7
db 0xB4, 0xB4, 0xB4, 0xB4, 0x31, 0x31, 0x31, 0xB0, 0x31, 0x53, 0xB0, 0xB0, 0x31, 0xB0, 0xB0, 0xB0 ; file 1AFBE7
db 0xB0, 0xB0, 0xB0, 0xB0, 0xC9, 0xC9, 0xC9, 0xB0, 0xC9, 0x53, 0xB0, 0xB0, 0xC9, 0xB0, 0xB0, 0xB0 ; file 1AFBF7
db 0xB0, 0xB0, 0xB0, 0xB0, 0x31, 0x31, 0x31, 0x1C, 0x25, 0x53, 0x8B, 0x8B, 0x31, 0xB0, 0xB0, 0xB0 ; file 1AFC07
db 0xB0, 0xB0, 0xB0, 0xB0, 0xC9, 0xC9, 0xC9, 0x1C, 0xC9, 0x53, 0x8B, 0x8B, 0xC9, 0xB0, 0xB0, 0xB0 ; file 1AFC17
db 0xB0, 0xB0, 0xB0, 0xB0, 0x31, 0x53, 0x2A, 0x53, 0x3C, 0x53, 0x3C, 0x53, 0xD6, 0xBD, 0xD6, 0xB0 ; file 1AFC27
db 0x94, 0xBD, 0x8E, 0xB0, 0xC9, 0x53, 0xC9, 0x53, 0x53, 0x53, 0x53, 0x53, 0xBD, 0xBD, 0xB0, 0xB0 ; file 1AFC37
db 0xBD, 0xBD, 0xB0, 0xB0, 0xB2, 0x53, 0xB2, 0x08, 0x3C, 0x53, 0xBA, 0x15, 0xD6, 0xA6, 0xAB, 0xAB ; file 1AFC47
db 0x03, 0xA6, 0x3E, 0x8D, 0xB2, 0x53, 0xB2, 0x08, 0x53, 0x53, 0x15, 0x15, 0xB2, 0xAB, 0xAB, 0xAB ; file 1AFC57
db 0xBD, 0xBD, 0xA3, 0xA3, 0xC9, 0xC9, 0xC9, 0xC9, 0xC9, 0xBD, 0xC9, 0xB0, 0xC9, 0x52, 0xC9, 0xB0 ; file 1AFC67
db 0x94, 0xBD, 0x8E, 0xB0, 0xC9, 0xC9, 0xC9, 0xC9, 0xC9, 0xBD, 0xC9, 0xB0, 0xC9, 0x52, 0xC9, 0xB0 ; file 1AFC77
db 0xBD, 0xBD, 0xB0, 0xB0, 0xC9, 0xC9, 0xC9, 0x47, 0xC9, 0xA4, 0xA4, 0xA4, 0xC9, 0x52, 0xC9, 0x42 ; file 1AFC87
db 0x03, 0xA6, 0x3E, 0x8D, 0xC9, 0xC9, 0xC9, 0x47, 0xC9, 0xA4, 0xA4, 0xA4, 0xC9, 0x52, 0xC9, 0x42 ; file 1AFC97
db 0xBD, 0xBD, 0xB0, 0xB0, 0xB8, 0xB8, 0xB8, 0xB8, 0x94, 0xBD, 0x8E, 0xBD, 0xD6, 0xBD, 0xD6, 0xBD ; file 1AFCA7
db 0x94, 0xBD, 0x8E, 0xBD, 0xC9, 0xBD, 0xC9, 0xBD, 0xBD, 0xBD, 0xA9, 0xBD, 0xBD, 0xBD, 0xA9, 0xBD ; file 1AFCB7
db 0xBD, 0xBD, 0xA9, 0xBD, 0xB8, 0xA6, 0xB8, 0x47, 0x03, 0xA6, 0x1D, 0x8D, 0xD6, 0xA6, 0xD6, 0x8D ; file 1AFCC7
db 0x03, 0xA6, 0x3E, 0x8D, 0xC9, 0xBD, 0xC9, 0x47, 0xBD, 0xBD, 0xB4, 0xB4, 0xBD, 0xBD, 0xB4, 0xB4 ; file 1AFCD7
db 0xBD, 0xBD, 0xB4, 0xB4, 0x31, 0x31, 0x31, 0xC0, 0x31, 0xC0, 0xC0, 0xC0, 0x31, 0x31, 0x31, 0xC0 ; file 1AFCE7
db 0x31, 0xC0, 0xC0, 0xC0, 0x28, 0xCA, 0xCA, 0xCA, 0x28, 0xC0, 0xC0, 0xC0, 0x28, 0x52, 0xA5, 0xA5 ; file 1AFCF7
db 0xCE, 0xB0, 0xB0, 0xB0, 0x31, 0x0E, 0x36, 0x36, 0x31, 0xC0, 0x36, 0xC0, 0x31, 0xB7, 0x36, 0xB7 ; file 1AFD07
db 0xB5, 0xA6, 0xB5, 0xA7, 0xB2, 0x0E, 0x36, 0x1C, 0xB2, 0x0E, 0xD7, 0xA7, 0xB2, 0xB7, 0xB7, 0xB7 ; file 1AFD17
db 0xA7, 0xA7, 0xA7, 0xA7, 0x31, 0x31, 0x2A, 0xC0, 0xC2, 0xC0, 0xC0, 0xC0, 0x02, 0x02, 0x02, 0xA5 ; file 1AFD27
db 0x94, 0xAE, 0xB5, 0xA7, 0xB2, 0x51, 0xA5, 0xA5, 0xC2, 0x53, 0xA7, 0xA7, 0x02, 0x51, 0xA5, 0xA5 ; file 1AFD37
db 0x94, 0xA7, 0xA7, 0xA7, 0x21, 0x21, 0x36, 0x08, 0xC2, 0xA6, 0x16, 0xA7, 0x02, 0xA6, 0xB5, 0xA7 ; file 1AFD47
db 0xB5, 0xA6, 0xB5, 0xA7, 0xB2, 0xB2, 0xB2, 0x08, 0xB2, 0xA7, 0xA7, 0xA7, 0xB2, 0xA7, 0xA7, 0xA7 ; file 1AFD57
db 0xA7, 0xA7, 0xA7, 0xA7, 0x48, 0x48, 0x48, 0xC0, 0x48, 0xC0, 0xC0, 0xC0, 0xCB, 0x52, 0xCB, 0xA5 ; file 1AFD67
db 0x94, 0xAE, 0xB5, 0x9F, 0xC9, 0x52, 0xC9, 0x8C, 0xC9, 0x52, 0xA7, 0xA7, 0x52, 0x52, 0xA5, 0xA5 ; file 1AFD77
db 0x8F, 0x52, 0xA7, 0xA7, 0x21, 0x21, 0x36, 0x36, 0x1D, 0xA6, 0x1D, 0xA7, 0xCB, 0x52, 0xB5, 0xA7 ; file 1AFD87
db 0xB5, 0xA6, 0xB5, 0xA7, 0xC9, 0x0E, 0x36, 0xA7, 0xA7, 0xA7, 0xA7, 0xA7, 0x52, 0x52, 0xA7, 0xA7 ; file 1AFD97
db 0xA7, 0xA7, 0xA7, 0xA7, 0xB8, 0xB8, 0xB8, 0xA5, 0x94, 0xAE, 0x1D, 0xA7, 0x02, 0x02, 0x02, 0xA5 ; file 1AFDA7
db 0x94, 0xAE, 0xB5, 0xA7, 0xB8, 0x51, 0xA5, 0xA5, 0x94, 0xA7, 0xA7, 0xA7, 0x02, 0x51, 0xA5, 0xA5 ; file 1AFDB7
db 0x94, 0xA7, 0xA7, 0xA7, 0x21, 0x21, 0x1D, 0xA7, 0x1D, 0xA6, 0x1D, 0xA7, 0x02, 0xA6, 0xB5, 0xA7 ; file 1AFDC7
db 0xB5, 0xA6, 0xB5, 0xA7, 0x12, 0xA7, 0xA7, 0xA7, 0xA7, 0xA7, 0xA7, 0xA7, 0xA7, 0xA7, 0xA7, 0xA7 ; file 1AFDD7
db 0xA7, 0xA7, 0xA7, 0xA7, 0x99, 0x99, 0x99, 0x99, 0x99, 0x99, 0x99, 0xC0, 0x99, 0x99, 0x99, 0xDC ; file 1AFDE7
db 0x99, 0xDC, 0xC1, 0xDC, 0x99, 0x99, 0x99, 0x1C, 0x99, 0x53, 0xB0, 0xB0, 0x99, 0x3A, 0xB0, 0xB0 ; file 1AFDF7
db 0xCE, 0xB0, 0xB0, 0xB0, 0x99, 0x99, 0x36, 0x1C, 0x99, 0x99, 0xD7, 0xC0, 0x99, 0xB7, 0xB7, 0xB7 ; file 1AFE07
db 0x03, 0xA6, 0xC1, 0xDC, 0xB2, 0x07, 0xD8, 0x1C, 0xB2, 0x07, 0xD7, 0x15, 0xB2, 0xB7, 0xB7, 0xB7 ; file 1AFE17
db 0xCE, 0xA3, 0xA3, 0xA3, 0x99, 0x99, 0x99, 0x08, 0x2D, 0x53, 0x2D, 0xC0, 0x99, 0xAE, 0x99, 0xAB ; file 1AFE27
db 0x1A, 0xAE, 0xA9, 0xDC, 0xB2, 0x53, 0xB2, 0x08, 0x53, 0x53, 0xA9, 0x15, 0xB2, 0xAB, 0xA9, 0xAB ; file 1AFE37
db 0xA9, 0xBD, 0xA9, 0xA3, 0xB2, 0xB2, 0xB2, 0x08, 0xB2, 0xA6, 0x15, 0x15, 0xB2, 0xA6, 0xAB, 0xAB ; file 1AFE47
db 0x03, 0xA6, 0xA3, 0xA3, 0xB2, 0xB2, 0xB2, 0x08, 0xB2, 0x15, 0x15, 0x15, 0xB2, 0xAB, 0xAB, 0xAB ; file 1AFE57
db 0xA3, 0xA3, 0xA3, 0xA3, 0x48, 0x48, 0x48, 0x48, 0x48, 0x48, 0x48, 0xC0, 0xCB, 0xCB, 0xCB, 0xCB ; file 1AFE67
db 0xCB, 0xAE, 0xA9, 0xDC, 0xC9, 0xC9, 0xC9, 0xC9, 0xC9, 0xBD, 0xA9, 0xB0, 0xC9, 0x3A, 0xA9, 0x3A ; file 1AFE77
db 0x8F, 0xBD, 0xA9, 0xB0, 0x48, 0x48, 0x48, 0x1C, 0x48, 0xA6, 0x1D, 0x09, 0xCB, 0xA6, 0xCB, 0xB7 ; file 1AFE87
db 0x03, 0xA6, 0xB5, 0x90, 0xC9, 0xC9, 0xC9, 0x1C, 0xC9, 0xAA, 0xD7, 0x09, 0xC9, 0x3A, 0xB7, 0xB7 ; file 1AFE97
db 0x8F, 0xAA, 0x04, 0x90, 0xD4, 0xD4, 0xD4, 0xD4, 0xD4, 0xAE, 0xA9, 0xAE, 0xCB, 0xAE, 0xA9, 0xA5 ; file 1AFEA7
db 0x1A, 0xAE, 0xA9, 0xAE, 0xC9, 0xBD, 0xA9, 0xA5, 0xA9, 0xBD, 0xA9, 0x09, 0xA9, 0xBD, 0xA9, 0xA5 ; file 1AFEB7
db 0xA9, 0xBD, 0xA9, 0x90, 0xD4, 0xA6, 0xD4, 0x08, 0x03, 0xA6, 0x1D, 0x09, 0x03, 0xA6, 0xB5, 0x90 ; file 1AFEC7
db 0x03, 0xA6, 0xB5, 0x90, 0x12, 0x12, 0x12, 0x08, 0x12, 0x09, 0x04, 0x09, 0x12, 0x90, 0x04, 0x90 ; file 1AFED7
db 0x03, 0x90, 0x04, 0x90, 0xBB, 0x84, 0xBB, 0x83, 0xBB, 0x84, 0x92, 0x92, 0x89, 0x84, 0x89, 0x92 ; file 1AFEE7
db 0x88, 0x92, 0x92, 0x92, 0x0A, 0x83, 0x26, 0x83, 0x0A, 0x54, 0x26, 0x54, 0x89, 0x9D, 0x26, 0x54 ; file 1AFEF7
db 0x54, 0x54, 0x54, 0x54, 0xBB, 0x84, 0x3D, 0x9A, 0x25, 0x54, 0xBA, 0x54, 0x89, 0x54, 0x3D, 0x54 ; file 1AFF07
db 0x54, 0x54, 0x54, 0x54, 0x0A, 0x9A, 0x2E, 0x9A, 0x54, 0x54, 0x54, 0x54, 0x54, 0x54, 0x54, 0x54 ; file 1AFF17
db 0x54, 0x54, 0x54, 0x54, 0xBB, 0x84, 0x2A, 0x55, 0x3C, 0x3C, 0xBA, 0x55, 0x89, 0x57, 0x89, 0x57 ; file 1AFF27
db 0x9C, 0x58, 0x87, 0x92, 0x0A, 0x55, 0x26, 0x55, 0x3C, 0x55, 0x55, 0x55, 0x89, 0x57, 0xC8, 0xC8 ; file 1AFF37
db 0x9C, 0xC8, 0xC8, 0xC8, 0x30, 0x55, 0xBA, 0x55, 0xBA, 0x55, 0xBA, 0x55, 0x89, 0x57, 0xBA, 0xC8 ; file 1AFF47
db 0x9C, 0xC8, 0xBA, 0xC8, 0x33, 0x55, 0x55, 0x55, 0x55, 0x55, 0x55, 0x55, 0x33, 0xC8, 0xC8, 0xC8 ; file 1AFF57
db 0xC8, 0xC8, 0xC8, 0xC8, 0x0D, 0x84, 0x0D, 0x83, 0x2B, 0x2B, 0x2B, 0x92, 0x88, 0x57, 0x88, 0x57 ; file 1AFF67
db 0x88, 0x58, 0x88, 0x92, 0x0D, 0x83, 0x26, 0x83, 0x2B, 0x2B, 0x26, 0x54, 0x88, 0x52, 0x26, 0x54 ; file 1AFF77
db 0x88, 0x54, 0x54, 0x54, 0x0D, 0x84, 0x3D, 0x9A, 0x2B, 0x2B, 0xBA, 0x54, 0x88, 0x57, 0xD3, 0x54 ; file 1AFF87
db 0x88, 0x54, 0x54, 0x54, 0xC4, 0x9A, 0x2E, 0x9A, 0xC4, 0x54, 0x54, 0x54, 0xC4, 0x54, 0x54, 0x54 ; file 1AFF97
db 0x54, 0x54, 0x54, 0x54, 0x0D, 0x57, 0x0D, 0x57, 0x37, 0x58, 0x37, 0x50, 0x57, 0x57, 0x57, 0x57 ; file 1AFFA7
db 0x9C, 0x58, 0x87, 0x50, 0xC4, 0x57, 0xC4, 0x55, 0x37, 0x55, 0x55, 0x55, 0x57, 0x57, 0x57, 0x57 ; file 1AFFB7
db 0x9C, 0x58, 0x87, 0x91, 0x30, 0x30, 0x30, 0x4E, 0x30, 0x55, 0xBA, 0x55, 0x30, 0x57, 0x5A, 0x5A ; file 1AFFC7
db 0x9C, 0x58, 0x5A, 0x5A, 0xC4, 0xC4, 0xC4, 0x55, 0xC4, 0x55, 0x55, 0x55, 0xC4, 0x57, 0x91, 0x91 ; file 1AFFD7
db 0x91, 0x91, 0x91, 0x91, 0x27, 0x27, 0x27, 0x27, 0x27, 0x27, 0x27, 0x82, 0x27, 0x9D, 0x27, 0x92 ; file 1AFFE7
db 0x27, 0x92, 0x92, 0x92, 0x0A, 0x0A, 0x0A, 0x83, 0x0A, 0x0A, 0x0A, 0x82, 0x0A, 0x9D, 0x0A, 0x9D ; file 1AFFF7
db 0x8F, 0x9D, 0x54, 0x54, 0x27, 0x27, 0xC3, 0x82, 0x25, 0x25, 0x25, 0x82, 0x27, 0x9D, 0xC3, 0x54 ; file 1B0007
db 0x25, 0x54, 0x54, 0x54, 0x0A, 0x0A, 0x0A, 0x82, 0x0A, 0x82, 0x82, 0x82, 0x0A, 0x9D, 0x54, 0x54 ; file 1B0017
db 0x54, 0x54, 0x54, 0x54, 0x27, 0x27, 0x27, 0x27, 0x27, 0x27, 0xBA, 0x55, 0x27, 0x57, 0x27, 0x57 ; file 1B0027
db 0x9C, 0x58, 0x8E, 0x92, 0x0A, 0x0A, 0x0A, 0x55, 0x0A, 0x53, 0x55, 0x55, 0x0A, 0x9D, 0x0A, 0x9D ; file 1B0037
db 0x8F, 0xB6, 0xA9, 0xC8, 0x1F, 0x1F, 0xBA, 0x55, 0x25, 0x55, 0xBA, 0x55, 0x1F, 0x57, 0xBA, 0xC8 ; file 1B0047
db 0x0C, 0xC8, 0xBA, 0xC8, 0x1F, 0x1F, 0x1F, 0x55, 0x1F, 0x55, 0x55, 0x55, 0x1F, 0x9D, 0xC8, 0xC8 ; file 1B0057
db 0xC8, 0xC8, 0xC8, 0xC8, 0x27, 0x27, 0x27, 0x27, 0x27, 0x27, 0x27, 0x82, 0x27, 0x57, 0x27, 0x57 ; file 1B0067
db 0x88, 0x58, 0x88, 0x92, 0x0A, 0x0A, 0x0A, 0x83, 0x8F, 0x8F, 0x8F, 0x82, 0x8F, 0x9D, 0x8F, 0x9D ; file 1B0077
db 0x8F, 0x8F, 0x8F, 0x54, 0x27, 0x27, 0xC3, 0x82, 0x25, 0x25, 0x25, 0x82, 0x27, 0x57, 0xC3, 0x42 ; file 1B0087
db 0x88, 0x54, 0x54, 0x54, 0x0A, 0x0A, 0x0A, 0x82, 0x8F, 0x82, 0x82, 0x82, 0x40, 0x9D, 0x40, 0x42 ; file 1B0097
db 0x8F, 0x54, 0x54, 0x54, 0x27, 0x57, 0x27, 0x57, 0x37, 0x58, 0x8E, 0x50, 0x57, 0x57, 0x8E, 0x57 ; file 1B00A7
db 0x9C, 0x58, 0x8E, 0x50, 0x0A, 0xB6, 0x0A, 0x55, 0x8F, 0xB6, 0xA9, 0x55, 0x40, 0xB6, 0xA9, 0xB6 ; file 1B00B7
db 0x8F, 0xB6, 0xA9, 0xB6, 0x30, 0x30, 0x30, 0x4E, 0x25, 0x55, 0xBA, 0x55, 0x40, 0x57, 0x40, 0x5A ; file 1B00C7
db 0x4A, 0x58, 0x5A, 0x5A, 0xC4, 0xC4, 0xC4, 0x55, 0xC4, 0x55, 0x55, 0x55, 0x40, 0x40, 0x40, 0x91 ; file 1B00D7
db 0x40, 0xB6, 0x91, 0x91, 0xBB, 0xBB, 0xBB, 0xBB, 0xBB, 0xBB, 0xBB, 0x56, 0xBB, 0xBB, 0xBB, 0x92 ; file 1B00E7
db 0xBB, 0x92, 0x92, 0x92, 0x0A, 0x0A, 0x0A, 0x56, 0x0A, 0x56, 0x56, 0x56, 0x0A, 0x0A, 0x0A, 0x54 ; file 1B00F7
db 0x8F, 0x54, 0x54, 0x54, 0xBB, 0xBB, 0x3D, 0x3D, 0xBB, 0x56, 0x16, 0x56, 0xBB, 0xBB, 0x3D, 0x3D ; file 1B0107
db 0xBB, 0x49, 0x16, 0x49, 0x0A, 0x56, 0x3D, 0x56, 0x56, 0x56, 0x56, 0x56, 0x0A, 0x54, 0x3D, 0x54 ; file 1B0117
db 0x54, 0x54, 0x54, 0x54, 0xBB, 0xBB, 0xBB, 0xBB, 0xBB, 0xBB, 0x16, 0x16, 0xBB, 0x57, 0xBB, 0x49 ; file 1B0127
db 0xC7, 0xC7, 0xC7, 0x49, 0x0A, 0x0A, 0x0A, 0x55, 0x0A, 0x55, 0x16, 0x55, 0x0A, 0x0A, 0x0A, 0xC8 ; file 1B0137
db 0xC7, 0xC7, 0xA9, 0xC8, 0x30, 0x30, 0x16, 0x16, 0x16, 0x16, 0x16, 0x16, 0x30, 0x49, 0x16, 0x49 ; file 1B0147
db 0xC7, 0x49, 0x16, 0x49, 0x1F, 0x1F, 0x16, 0x55, 0x16, 0x55, 0x16, 0x55, 0x1F, 0xC8, 0xC8, 0xC8 ; file 1B0157
db 0xC7, 0xC8, 0xC8, 0xC8, 0xBB, 0xBB, 0xBB, 0xBB, 0xBB, 0xBB, 0xBB, 0x56, 0xBB, 0x57, 0xBB, 0x57 ; file 1B0167
db 0x88, 0x58, 0x88, 0x92, 0x0A, 0x0A, 0x0A, 0x56, 0x8F, 0x56, 0x56, 0x56, 0x8F, 0x8F, 0x8F, 0x54 ; file 1B0177
db 0x8F, 0x8F, 0x8F, 0x54, 0x30, 0x30, 0x3D, 0x3D, 0x30, 0x56, 0x16, 0x56, 0x30, 0x30, 0xD3, 0xD3 ; file 1B0187
db 0x88, 0x49, 0x93, 0x49, 0x0A, 0x56, 0x3D, 0x56, 0x56, 0x56, 0x56, 0x56, 0x8F, 0x54, 0xD3, 0x54 ; file 1B0197
db 0x8F, 0x54, 0x54, 0x54, 0x30, 0x30, 0x30, 0x30, 0x30, 0x58, 0x16, 0x16, 0x0B, 0x57, 0x0B, 0x57 ; file 1B01A7
db 0x9C, 0x58, 0x87, 0x49, 0x0A, 0x0A, 0x0A, 0x55, 0x8F, 0x55, 0xA9, 0x55, 0x8F, 0x57, 0xA9, 0xA5 ; file 1B01B7
db 0x8F, 0x58, 0xA9, 0x91, 0x30, 0x30, 0x30, 0x30, 0x30, 0x30, 0x16, 0x16, 0x30, 0x30, 0x30, 0x49 ; file 1B01C7
db 0x30, 0x49, 0x93, 0x49, 0x30, 0x30, 0x30, 0x55, 0x30, 0x55, 0x16, 0x55, 0x30, 0x30, 0x30, 0x91 ; file 1B01D7
db 0x8F, 0x91, 0x91, 0x91, 0x0A, 0x0A, 0x0A, 0x0A, 0x0A, 0x0A, 0x0A, 0x56, 0x0A, 0x0A, 0x0A, 0x0A ; file 1B01E7
db 0x8F, 0x8F, 0xC1, 0x92, 0x0A, 0x0A, 0x0A, 0x0A, 0x0A, 0x0A, 0x0A, 0x56, 0x0A, 0x0A, 0x0A, 0x0A ; file 1B01F7
db 0x8F, 0x8F, 0x8F, 0x38, 0x0A, 0x0A, 0xC3, 0x97, 0x0A, 0x56, 0xC3, 0x56, 0x0A, 0x0A, 0xC3, 0x97 ; file 1B0207
db 0x8F, 0x38, 0xC1, 0x38, 0x0A, 0x0A, 0x0A, 0x97, 0x0A, 0x56, 0x56, 0x56, 0x0A, 0x0A, 0x0A, 0x97 ; file 1B0217
db 0x8F, 0x38, 0x38, 0x38, 0x0A, 0x0A, 0x0A, 0x0A, 0x0A, 0x0A, 0x16, 0x15, 0x0A, 0x0A, 0x0A, 0x49 ; file 1B0227
db 0xC7, 0xC7, 0xA9, 0x49, 0x0A, 0x0A, 0x0A, 0x0A, 0x0A, 0x0A, 0x0A, 0x15, 0x0A, 0x0A, 0x0A, 0x0A ; file 1B0237
db 0x8F, 0x8F, 0xA9, 0x81, 0x1F, 0x1F, 0xC3, 0x97, 0x16, 0x15, 0x16, 0x15, 0x1F, 0x1F, 0xC3, 0x49 ; file 1B0247
db 0x0C, 0x49, 0x16, 0x49, 0x1F, 0x1F, 0x1F, 0x97, 0x1F, 0x15, 0x15, 0x15, 0x1F, 0x1F, 0x1F, 0x81 ; file 1B0257
db 0x1F, 0x81, 0x81, 0x81, 0x0A, 0x0A, 0x0A, 0x0A, 0x8F, 0x8F, 0x8F, 0x56, 0x8F, 0x8F, 0x8F, 0x8F ; file 1B0267
db 0x8F, 0x8F, 0x8F, 0x8F, 0x0A, 0x0A, 0x0A, 0x0A, 0x8F, 0x8F, 0x8F, 0x56, 0x8F, 0x8F, 0x8F, 0x8F ; file 1B0277
db 0x8F, 0x8F, 0x8F, 0x8F, 0x0A, 0x0A, 0xC3, 0x97, 0x8F, 0x56, 0xC3, 0x56, 0x8F, 0x8F, 0xC3, 0x97 ; file 1B0287
db 0x8F, 0x8F, 0x8F, 0x20, 0x0A, 0x0A, 0x0A, 0x97, 0x8F, 0x56, 0x56, 0x56, 0x8F, 0x8F, 0x8F, 0x97 ; file 1B0297
db 0x8F, 0x8F, 0x8F, 0x20, 0x0A, 0x0A, 0x0A, 0x0A, 0x8F, 0x58, 0xA9, 0xA9, 0x8F, 0x57, 0xA9, 0x57 ; file 1B02A7
db 0x8F, 0x58, 0xA9, 0xA9, 0x0A, 0x0A, 0x0A, 0x0A, 0x8F, 0x8F, 0xA9, 0xA9, 0x8F, 0x8F, 0xA9, 0xA9 ; file 1B02B7
db 0x8F, 0x8F, 0xA9, 0xA9, 0x30, 0x30, 0x30, 0x30, 0x30, 0x30, 0x16, 0x15, 0x30, 0x30, 0x30, 0x20 ; file 1B02C7
db 0x4A, 0x4A, 0x4A, 0x20, 0x1F, 0x1F, 0x1F, 0x97, 0x1F, 0x15, 0xA9, 0x15, 0x1F, 0x1F, 0xA9, 0x20 ; file 1B02D7
db 0x8F, 0x20, 0xA9, 0x20, 0xBB, 0xBB, 0xBB, 0xBB, 0xBB, 0xBB, 0xBB, 0x92, 0xBB, 0x57, 0xBB, 0x57 ; file 1B02E7
db 0xBB, 0x58, 0xC6, 0x92, 0xBB, 0xBB, 0xBB, 0x83, 0xBB, 0xBB, 0xBB, 0x54, 0xBB, 0x52, 0xBB, 0x54 ; file 1B02F7
db 0xBB, 0x54, 0xC6, 0x54, 0xBB, 0xBB, 0xBB, 0x9A, 0xBB, 0xBB, 0x16, 0x16, 0xBB, 0x57, 0xBB, 0x54 ; file 1B0307
db 0xBB, 0x54, 0xC6, 0x54, 0x33, 0x0E, 0x2E, 0x9A, 0x33, 0x54, 0x16, 0x54, 0x33, 0x54, 0x54, 0x54 ; file 1B0317
db 0x54, 0x54, 0x54, 0x54, 0xBB, 0x57, 0xBB, 0x57, 0x3C, 0x3C, 0x16, 0x16, 0x57, 0x57, 0x57, 0x57 ; file 1B0327
db 0xC7, 0x58, 0xC6, 0x50, 0x33, 0x33, 0x33, 0x55, 0x3C, 0x3C, 0x16, 0x55, 0x33, 0x57, 0x33, 0x57 ; file 1B0337
db 0xC7, 0x58, 0xC6, 0xC8, 0x33, 0x33, 0x16, 0x16, 0x16, 0x16, 0x16, 0x16, 0x33, 0x57, 0x16, 0x57 ; file 1B0347
db 0xC7, 0x58, 0x16, 0xC8, 0x33, 0x33, 0x33, 0x55, 0x33, 0x55, 0x16, 0x55, 0x33, 0x33, 0x33, 0xC8 ; file 1B0357
db 0x33, 0xC8, 0xC8, 0xC8, 0x0D, 0x0D, 0x0D, 0x8C, 0x0D, 0x58, 0x0D, 0x50, 0x0D, 0x57, 0x0D, 0x57 ; file 1B0367
db 0x58, 0x58, 0xC6, 0x50, 0x0D, 0x8C, 0x8C, 0x8C, 0x0D, 0x58, 0x8C, 0x8C, 0x0D, 0x52, 0x8C, 0x8C ; file 1B0377
db 0x58, 0x58, 0xC6, 0x50, 0x0D, 0x0D, 0x0D, 0x8C, 0x0D, 0x58, 0x16, 0xA4, 0x0D, 0x57, 0x0D, 0x57 ; file 1B0387
db 0x58, 0x58, 0x93, 0x50, 0x0D, 0x8C, 0x8C, 0x8C, 0x0D, 0xA4, 0xA4, 0xA4, 0x0D, 0x52, 0x54, 0x54 ; file 1B0397
db 0x54, 0x54, 0x54, 0x54, 0x0D, 0x57, 0x0D, 0x57, 0x3C, 0x58, 0x16, 0x50, 0x57, 0x57, 0x57, 0x57 ; file 1B03A7
db 0x58, 0x58, 0x50, 0x50, 0x0D, 0x57, 0x8C, 0x8C, 0x3C, 0x58, 0x16, 0x50, 0x57, 0x57, 0x57, 0x57 ; file 1B03B7
db 0x58, 0x58, 0x50, 0x50, 0x21, 0x57, 0x16, 0x57, 0x16, 0x58, 0x16, 0x16, 0x57, 0x57, 0x57, 0x57 ; file 1B03C7
db 0x58, 0x58, 0x93, 0x50, 0x33, 0x33, 0x33, 0x55, 0x33, 0x55, 0x16, 0x55, 0x33, 0x57, 0x33, 0x57 ; file 1B03D7
db 0x58, 0x58, 0x91, 0x91, 0xBB, 0xBB, 0xBB, 0xBB, 0xBB, 0xBB, 0xBB, 0x82, 0xBB, 0x57, 0xBB, 0x57 ; file 1B03E7
db 0xBB, 0x58, 0xC1, 0x92, 0x0A, 0x0A, 0x0A, 0x3F, 0x0A, 0x53, 0x0A, 0x82, 0x0A, 0x9D, 0x0A, 0x9D ; file 1B03F7
db 0xCE, 0x9D, 0xC1, 0x54, 0xBB, 0xBB, 0xBB, 0x3F, 0x25, 0x25, 0x16, 0x82, 0xBB, 0x57, 0xBB, 0x3F ; file 1B0407
db 0x25, 0x54, 0xC1, 0x54, 0x1F, 0x07, 0x1F, 0x3F, 0x1F, 0x82, 0x82, 0x82, 0x1F, 0x9D, 0x1F, 0x3F ; file 1B0417
db 0xCE, 0x54, 0x54, 0x54, 0xBB, 0x57, 0xBB, 0x57, 0x3C, 0x3C, 0x16, 0x15, 0x57, 0x57, 0x57, 0x57 ; file 1B0427
db 0xC7, 0x58, 0xC1, 0x50, 0x1F, 0x1F, 0x1F, 0x15, 0x1F, 0x53, 0x15, 0x15, 0x1F, 0x57, 0x1F, 0x57 ; file 1B0437
db 0xC7, 0x53, 0xA9, 0xC8, 0x1F, 0x1F, 0x16, 0x15, 0x16, 0x15, 0x16, 0x15, 0x1F, 0x57, 0x16, 0x57 ; file 1B0447
db 0x4A, 0x58, 0x16, 0xC8, 0x1F, 0x1F, 0x1F, 0x15, 0x1F, 0x15, 0x15, 0x15, 0x1F, 0x1F, 0x1F, 0xAB ; file 1B0457
db 0x1F, 0xC8, 0xC8, 0xC8, 0x0D, 0x0D, 0x0D, 0x8C, 0x0D, 0x58, 0x0D, 0xA4, 0x0D, 0x57, 0x0D, 0x57 ; file 1B0467
db 0x58, 0x58, 0xC1, 0x50, 0x0D, 0x8C, 0x8C, 0x8C, 0x8F, 0xA4, 0xA4, 0xA4, 0xCC, 0x52, 0xCC, 0x8C ; file 1B0477
db 0x8F, 0x58, 0x8F, 0xA4, 0x0D, 0x0D, 0x0D, 0xA4, 0x0D, 0xA4, 0xA4, 0xA4, 0x0D, 0x57, 0x0D, 0x57 ; file 1B0487
db 0x4A, 0x58, 0x4A, 0xA4, 0x1F, 0xA4, 0xA4, 0xA4, 0xA4, 0xA4, 0xA4, 0xA4, 0xCC, 0xAA, 0xA4, 0xA4 ; file 1B0497
db 0x8F, 0xAA, 0xA4, 0xA4, 0x0D, 0x57, 0x0D, 0x57, 0x3C, 0x58, 0x16, 0x50, 0x57, 0x57, 0x57, 0x57 ; file 1B04A7
db 0x58, 0x58, 0x50, 0x50, 0x1F, 0x57, 0x1F, 0x8C, 0x1F, 0x53, 0xA4, 0xA4, 0x57, 0x57, 0x57, 0x57 ; file 1B04B7
db 0x58, 0x58, 0xA9, 0x50, 0x1F, 0x57, 0x16, 0x57, 0x4A, 0x58, 0x16, 0xA4, 0x4A, 0x57, 0x4A, 0x57 ; file 1B04C7
db 0x4A, 0x58, 0x4A, 0x50, 0x1F, 0x1F, 0x1F, 0xA4, 0x1F, 0xA4, 0xA4, 0xA4, 0x1F, 0x57, 0x1F, 0x80 ; file 1B04D7
db 0x4A, 0x58, 0x80, 0x80, 0xBB, 0xBB, 0xBB, 0xBB, 0xBB, 0xBB, 0xBB, 0xBB, 0xBB, 0xBB, 0xBB, 0xBB ; file 1B04E7
db 0xBB, 0xBB, 0xBB, 0x92, 0xBB, 0xBB, 0xBB, 0xBB, 0xBB, 0xBB, 0xBB, 0x56, 0xBB, 0xBB, 0xBB, 0xBB ; file 1B04F7
db 0xBB, 0xBB, 0xBB, 0x54, 0xBB, 0xBB, 0xBB, 0xBB, 0xBB, 0xBB, 0x16, 0x16, 0xBB, 0xBB, 0xBB, 0xBB ; file 1B0507
db 0xBB, 0xBB, 0x16, 0x16, 0xBB, 0x0E, 0xBB, 0x3F, 0xBB, 0x56, 0x16, 0x56, 0xBB, 0x0E, 0xBB, 0x3F ; file 1B0517
db 0xBB, 0x54, 0x16, 0x54, 0xBB, 0xBB, 0xBB, 0xBB, 0xBB, 0xBB, 0x16, 0x16, 0xBB, 0x57, 0xBB, 0x57 ; file 1B0527
db 0xC7, 0xC7, 0xC7, 0xC7, 0xBB, 0xBB, 0xBB, 0xBB, 0xBB, 0xBB, 0x16, 0x15, 0xBB, 0x57, 0xBB, 0xA5 ; file 1B0537
db 0xC7, 0xC7, 0xC7, 0xC7, 0xBB, 0xBB, 0x16, 0x16, 0x16, 0x16, 0x16, 0x16, 0xBB, 0x57, 0x16, 0x16 ; file 1B0547
db 0xC7, 0xC7, 0x16, 0x16, 0x1F, 0x1F, 0x16, 0x15, 0x16, 0x15, 0x16, 0x15, 0x1F, 0x1F, 0x16, 0xAB ; file 1B0557
db 0xC7, 0xC7, 0x16, 0xC8, 0xBB, 0xBB, 0xBB, 0xBB, 0xBB, 0xBB, 0xBB, 0xBB, 0xBB, 0x57, 0xBB, 0x57 ; file 1B0567
db 0xBB, 0x58, 0x93, 0x50, 0xBB, 0xBB, 0xBB, 0x8C, 0xBB, 0xBB, 0xBB, 0x56, 0xBB, 0x52, 0xBB, 0x8C ; file 1B0577
db 0x8F, 0x58, 0x8F, 0x50, 0xBB, 0xBB, 0xBB, 0xBB, 0xBB, 0xBB, 0x16, 0x16, 0xBB, 0x57, 0x93, 0x57 ; file 1B0587
db 0x4A, 0x58, 0x93, 0x93, 0xBB, 0x0E, 0xBB, 0x3F, 0xBB, 0x56, 0x16, 0x56, 0xBB, 0xAA, 0x93, 0x3F ; file 1B0597
db 0x8F, 0xAA, 0x93, 0x54, 0xBB, 0x57, 0xBB, 0x57, 0xBB, 0x58, 0x16, 0x16, 0x0B, 0x57, 0x0B, 0x57 ; file 1B05A7
db 0xC7, 0x58, 0x93, 0x50, 0xBB, 0x57, 0xBB, 0x8C, 0xBB, 0x58, 0x16, 0x15, 0x0B, 0x57, 0xA5, 0xA5 ; file 1B05B7
db 0xC7, 0x58, 0x93, 0x50, 0x21, 0x21, 0x16, 0x16, 0x16, 0x16, 0x16, 0x16, 0x21, 0x57, 0x93, 0x57 ; file 1B05C7
db 0x4A, 0x58, 0x93, 0x93, 0x1F, 0x1F, 0x16, 0x15, 0x16, 0x15, 0x16, 0x15, 0x1F, 0x57, 0x93, 0x80 ; file 1B05D7
db 0x4A, 0x58, 0x93, 0x80, 0xBB, 0xBB, 0xBB, 0xBB, 0xBB, 0xBB, 0xBB, 0xBB, 0xBB, 0xBB, 0xBB, 0xBB ; file 1B05E7
db 0xBB, 0xBB, 0xC1, 0xC1, 0x0A, 0x0A, 0x0A, 0x3F, 0x0A, 0x0A, 0x0A, 0x15, 0x0A, 0x0A, 0x0A, 0x3F ; file 1B05F7
db 0xCE, 0xCE, 0xC1, 0xC1, 0xBB, 0xBB, 0xBB, 0x3F, 0xBB, 0xBB, 0x16, 0x15, 0xBB, 0xBB, 0xBB, 0x3F ; file 1B0607
db 0x4A, 0xAA, 0xC1, 0xC1, 0x1F, 0x07, 0x1F, 0x3F, 0x1F, 0x07, 0x15, 0x15, 0x1F, 0x07, 0x1F, 0x3F ; file 1B0617
db 0xCE, 0xAA, 0xC1, 0x15, 0xBB, 0xBB, 0xBB, 0xBB, 0x2D, 0x2D, 0x16, 0x15, 0xBB, 0x57, 0xBB, 0x57 ; file 1B0627
db 0xC7, 0xC7, 0xC1, 0xC1, 0x1F, 0x1F, 0x1F, 0x15, 0x1F, 0x15, 0x15, 0x15, 0x1F, 0x1F, 0x1F, 0xAB ; file 1B0637
db 0xC7, 0xC7, 0xA9, 0x15, 0x1F, 0x1F, 0x16, 0x15, 0x16, 0x15, 0x16, 0x15, 0x1F, 0x1F, 0x16, 0xAB ; file 1B0647
db 0x4A, 0x4A, 0x16, 0x15, 0x1F, 0x1F, 0x1F, 0x15, 0x1F, 0x15, 0x15, 0x15, 0x1F, 0x1F, 0x1F, 0xAB ; file 1B0657
db 0x1F, 0x15, 0x15, 0x15, 0xBB, 0xBB, 0xBB, 0xBB, 0xBB, 0xBB, 0xBB, 0xA4, 0xBB, 0x57, 0xBB, 0x57 ; file 1B0667
db 0x8F, 0x58, 0xC1, 0xC1, 0x0A, 0x0A, 0x0A, 0x3F, 0x8F, 0x8F, 0x8F, 0xA4, 0x8F, 0x3A, 0x8F, 0x3A ; file 1B0677
db 0x8F, 0x8F, 0x8F, 0x80, 0xBB, 0xBB, 0xBB, 0x3F, 0x4A, 0xAA, 0x16, 0xA4, 0x4A, 0xAA, 0x4A, 0x3F ; file 1B0687
db 0x4A, 0xAA, 0x4A, 0x80, 0x1F, 0x07, 0x1F, 0x3F, 0x1F, 0xAA, 0xA4, 0xA4, 0x1F, 0xAA, 0x1F, 0x3F ; file 1B0697
db 0x8F, 0xAA, 0x80, 0x80, 0xBB, 0x57, 0xBB, 0x57, 0x2D, 0x58, 0x16, 0x15, 0x0B, 0x57, 0x0B, 0x57 ; file 1B06A7
db 0x4A, 0x58, 0x4A, 0x50, 0x1F, 0x1F, 0x1F, 0x15, 0x1F, 0x15, 0xA9, 0x15, 0x1F, 0x57, 0xA9, 0x80 ; file 1B06B7
db 0x8F, 0x58, 0xA9, 0x80, 0x1F, 0x1F, 0x16, 0x15, 0x4A, 0x4A, 0x16, 0x15, 0x4A, 0x4A, 0x4A, 0x80 ; file 1B06C7
db 0x4A, 0x4A, 0x4A, 0x80, 0x1F, 0x1F, 0x1F, 0x15, 0x1F, 0x15, 0x15, 0x15, 0x1F, 0x1F, 0x1F, 0x80 ; file 1B06D7
db 0x4A, 0x80, 0x80, 0x80, 0x22, 0x22, 0x22, 0x22, 0x22, 0x22, 0xC6, 0x92, 0x22, 0x9B, 0xC6, 0xCD ; file 1B06E7
db 0xC6, 0x92, 0xC6, 0x92, 0x22, 0x22, 0x22, 0x83, 0x22, 0x22, 0xC6, 0x54, 0x22, 0xCD, 0xCD, 0xCD ; file 1B06F7
db 0xC6, 0x54, 0xC6, 0x54, 0x22, 0x22, 0x22, 0x9A, 0x22, 0x22, 0xBA, 0x54, 0x22, 0x9B, 0xC6, 0x54 ; file 1B0707
db 0xC6, 0x54, 0xC6, 0x54, 0x22, 0x9A, 0x2E, 0x9A, 0x22, 0x54, 0x54, 0x54, 0x22, 0x54, 0x54, 0x54 ; file 1B0717
db 0x54, 0x54, 0x54, 0x54, 0x22, 0x22, 0x2A, 0x2A, 0x22, 0x22, 0x2A, 0x55, 0x22, 0x57, 0x2A, 0xCD ; file 1B0727
db 0x87, 0x58, 0x87, 0x87, 0x22, 0x59, 0x2A, 0x55, 0x22, 0x55, 0x55, 0x55, 0x59, 0x59, 0xCD, 0xCD ; file 1B0737
db 0x59, 0x59, 0x87, 0xC8, 0x21, 0x21, 0x2A, 0x4E, 0xBA, 0x55, 0xBA, 0x55, 0x21, 0x57, 0x2A, 0xC8 ; file 1B0747
db 0x87, 0xC8, 0x87, 0xC8, 0x33, 0x41, 0x55, 0x55, 0x55, 0x55, 0x55, 0x55, 0x33, 0x59, 0xC8, 0xC8 ; file 1B0757
db 0xC8, 0xC8, 0xC8, 0xC8, 0x0D, 0x0D, 0x0D, 0x8C, 0x0D, 0x0D, 0x0D, 0x8C, 0x0D, 0x9B, 0x0D, 0x9B ; file 1B0767
db 0x88, 0x9B, 0x87, 0x32, 0x0D, 0x8C, 0x8C, 0x8C, 0x0D, 0x8C, 0x8C, 0x8C, 0x0D, 0x52, 0x8C, 0x8C ; file 1B0777
db 0x88, 0x52, 0x87, 0x54, 0x0D, 0x0D, 0x0D, 0x4E, 0x0D, 0x0D, 0x0D, 0xA4, 0x0D, 0x9B, 0xD3, 0xAD ; file 1B0787
db 0x88, 0x9B, 0x87, 0x54, 0x0D, 0x41, 0x8C, 0x8C, 0x0D, 0xA4, 0xA4, 0xA4, 0xAD, 0xAD, 0xAD, 0xAD ; file 1B0797
db 0x54, 0x54, 0x54, 0x54, 0x0D, 0x0D, 0x0D, 0x4E, 0x0D, 0x58, 0x87, 0x87, 0x0D, 0x57, 0x87, 0x57 ; file 1B07A7
db 0x87, 0x58, 0x87, 0x87, 0x0D, 0x59, 0x8C, 0x8C, 0x0D, 0x59, 0x87, 0x55, 0x59, 0x59, 0x59, 0x59 ; file 1B07B7
db 0x59, 0x59, 0x87, 0x59, 0x21, 0x21, 0x21, 0x4E, 0x21, 0x21, 0x87, 0x4E, 0x21, 0x57, 0x87, 0x4E ; file 1B07C7
db 0x87, 0x58, 0x87, 0x5A, 0xC4, 0x41, 0xC4, 0x41, 0xC4, 0x41, 0x55, 0x55, 0x59, 0x59, 0xAD, 0xAD ; file 1B07D7
db 0x59, 0x59, 0x87, 0x91, 0x22, 0x22, 0x22, 0x22, 0x22, 0x22, 0xC6, 0x8B, 0x22, 0x9B, 0xC6, 0xCD ; file 1B07E7
db 0xC6, 0x92, 0xC6, 0x92, 0x0A, 0x0A, 0x0A, 0x83, 0x0A, 0x8B, 0x8B, 0x8B, 0x0A, 0x9D, 0xCD, 0xCD ; file 1B07F7
db 0x8F, 0x9D, 0xA9, 0x54, 0x22, 0x22, 0xC3, 0x8B, 0x25, 0x8B, 0x8B, 0x8B, 0x22, 0x9B, 0xC3, 0x42 ; file 1B0807
db 0x25, 0x54, 0xC6, 0x54, 0x0A, 0x8B, 0x8B, 0x8B, 0x8B, 0x8B, 0x8B, 0x8B, 0x0A, 0x9D, 0x42, 0x42 ; file 1B0817
db 0x54, 0x54, 0x54, 0x54, 0x22, 0x22, 0x2A, 0x2A, 0x22, 0x22, 0x8E, 0x55, 0x22, 0x57, 0x8E, 0x8E ; file 1B0827
db 0x8E, 0x58, 0x8E, 0x8E, 0x0A, 0x0A, 0x0A, 0x55, 0x0A, 0x53, 0xA9, 0x55, 0x0A, 0x59, 0xA9, 0xCD ; file 1B0837
db 0xA9, 0xB6, 0xA9, 0xA9, 0x1F, 0x1F, 0x2A, 0x4E, 0x25, 0x55, 0xBA, 0x55, 0x1F, 0x57, 0x8E, 0xAB ; file 1B0847
db 0x8E, 0xA6, 0x8E, 0xC8, 0x1F, 0x1F, 0x1F, 0x55, 0x1F, 0x55, 0x55, 0x55, 0x1F, 0x59, 0xA9, 0xAB ; file 1B0857
db 0xA9, 0xC8, 0xA9, 0xC8, 0x0D, 0x0D, 0x0D, 0x8C, 0x0D, 0x0D, 0x8E, 0xA4, 0x0D, 0x9B, 0x8E, 0x9B ; file 1B0867
db 0x88, 0x9B, 0x8E, 0x8E, 0x0D, 0x8C, 0x8C, 0x8C, 0x8F, 0xA4, 0xA4, 0xA4, 0xCC, 0x52, 0xA9, 0x42 ; file 1B0877
db 0x8F, 0x8F, 0xA9, 0xA4, 0x0D, 0x0D, 0x0D, 0xA4, 0x0D, 0xA4, 0xA4, 0xA4, 0x0D, 0x9B, 0xD3, 0x42 ; file 1B0887
db 0x88, 0x9B, 0x8E, 0xA4, 0x0D, 0xA4, 0xA4, 0xA4, 0xA4, 0xA4, 0xA4, 0xA4, 0xCC, 0x42, 0x42, 0x42 ; file 1B0897
db 0x8F, 0xA4, 0xA4, 0xA4, 0x0D, 0x0D, 0x8E, 0x4E, 0x8E, 0x58, 0x8E, 0x8E, 0x8E, 0x57, 0x8E, 0x8E ; file 1B08A7
db 0x8E, 0x58, 0x8E, 0x8E, 0x0D, 0x59, 0xA9, 0x8C, 0xA9, 0xB6, 0xA9, 0xA4, 0x59, 0x59, 0xA9, 0x59 ; file 1B08B7
db 0xA9, 0xB6, 0xA9, 0xA9, 0x21, 0x21, 0x21, 0x4E, 0x21, 0xA4, 0x8E, 0xA4, 0x21, 0x57, 0x8E, 0x42 ; file 1B08C7
db 0x8E, 0xA6, 0x8E, 0x5A, 0xC4, 0x41, 0xA4, 0xA4, 0xA4, 0xA4, 0xA4, 0xA4, 0x40, 0x59, 0xA9, 0x42 ; file 1B08D7
db 0xA9, 0xB6, 0xA9, 0x90, 0xBB, 0xBB, 0xBB, 0xBB, 0xBB, 0xBB, 0xBB, 0xC0, 0xBB, 0x9B, 0xBB, 0xCD ; file 1B08E7
db 0xBB, 0x92, 0xC6, 0x92, 0x0A, 0x0A, 0x0A, 0x56, 0x0A, 0x56, 0x56, 0x56, 0x0A, 0xCD, 0xCD, 0xCD ; file 1B08F7
db 0x8F, 0x54, 0xA9, 0x54, 0xBB, 0xBB, 0x3D, 0x3D, 0xBB, 0x56, 0x16, 0x56, 0xBB, 0x9B, 0xD3, 0xD3 ; file 1B0907
db 0x93, 0x49, 0x93, 0x49, 0x0A, 0x56, 0x3D, 0x56, 0x56, 0x56, 0x56, 0x56, 0x0A, 0x54, 0xD3, 0x54 ; file 1B0917
db 0x54, 0x54, 0x54, 0x54, 0xBB, 0xBB, 0x2A, 0x2A, 0xBB, 0xBB, 0x16, 0xC0, 0xBB, 0x57, 0x2A, 0x49 ; file 1B0927
db 0xC7, 0xC7, 0x87, 0x49, 0x0A, 0x0A, 0x0A, 0x55, 0x0A, 0x55, 0xA9, 0x55, 0x0A, 0x59, 0xA9, 0xA5 ; file 1B0937
db 0xA9, 0x59, 0xA9, 0xA9, 0x21, 0x21, 0x16, 0x16, 0x16, 0x16, 0x16, 0x16, 0x21, 0x21, 0x93, 0x49 ; file 1B0947
db 0x93, 0x49, 0x93, 0x49, 0x1F, 0x1F, 0x16, 0x55, 0x16, 0x55, 0x16, 0x55, 0x1F, 0x59, 0x93, 0xAB ; file 1B0957
db 0x93, 0xC8, 0x93, 0xC8, 0x0D, 0x0D, 0x0D, 0x8C, 0x0D, 0x0D, 0x0D, 0xC0, 0x0D, 0x9B, 0xD3, 0x9B ; file 1B0967
db 0x88, 0x9B, 0x87, 0xB3, 0x0D, 0x8C, 0x8C, 0x8C, 0x8F, 0x56, 0xA9, 0x56, 0x8F, 0x52, 0xA9, 0x8C ; file 1B0977
db 0x8F, 0x8F, 0xA9, 0xA9, 0x21, 0x21, 0xD3, 0xD3, 0x21, 0x21, 0x93, 0x56, 0xD3, 0x9B, 0xD3, 0xD3 ; file 1B0987
db 0x93, 0x93, 0x93, 0x93, 0x21, 0x21, 0xD3, 0x56, 0x21, 0x56, 0x56, 0x56, 0xD3, 0xAD, 0xD3, 0xAD ; file 1B0997
db 0x8F, 0x54, 0x93, 0x54, 0x21, 0x21, 0x21, 0x21, 0x21, 0x21, 0x87, 0x87, 0x02, 0x57, 0x87, 0xA5 ; file 1B09A7
db 0x87, 0x58, 0x87, 0x87, 0x21, 0x59, 0xA9, 0x8C, 0xA9, 0x59, 0xA9, 0xA9, 0x59, 0x59, 0xA9, 0xA5 ; file 1B09B7
db 0xA9, 0x59, 0xA9, 0xA9, 0x21, 0x21, 0x21, 0x21, 0x21, 0x21, 0x93, 0x93, 0x21, 0x21, 0x93, 0x93 ; file 1B09C7
db 0x93, 0x93, 0x93, 0x93, 0x21, 0x21, 0x21, 0x21, 0x21, 0x21, 0x93, 0x55, 0x21, 0x59, 0x93, 0x85 ; file 1B09D7
db 0x93, 0x85, 0x93, 0x85, 0x0A, 0x0A, 0x0A, 0x0A, 0x0A, 0x0A, 0x0A, 0xC0, 0x0A, 0x0A, 0x0A, 0xDC ; file 1B09E7
db 0x8F, 0xDC, 0xA9, 0xDC, 0x0A, 0x0A, 0x0A, 0x0A, 0x0A, 0x0A, 0x0A, 0x56, 0x0A, 0x0A, 0x0A, 0xB7 ; file 1B09F7
db 0x8F, 0x8F, 0xA9, 0xA9, 0x0A, 0x0A, 0xC3, 0x97, 0x0A, 0x56, 0xC3, 0x56, 0x0A, 0xB7, 0xC3, 0xB7 ; file 1B0A07
db 0x8F, 0xA6, 0x93, 0xDC, 0x0A, 0x0A, 0x0A, 0x97, 0x0A, 0x56, 0x56, 0x56, 0x0A, 0xB7, 0xB7, 0xB7 ; file 1B0A17
db 0x8F, 0x38, 0xA9, 0x38, 0x0A, 0x0A, 0x0A, 0x08, 0x0A, 0xAE, 0xA9, 0xA9, 0x0A, 0xAE, 0xA9, 0xA9 ; file 1B0A27
db 0xA9, 0xAE, 0xA9, 0xA9, 0x0A, 0x0A, 0x0A, 0x08, 0x0A, 0x0A, 0xA9, 0xA9, 0x0A, 0x0A, 0xA9, 0xA9 ; file 1B0A37
db 0xA9, 0xA9, 0xA9, 0xA9, 0x1F, 0x1F, 0xC3, 0x08, 0x16, 0xA6, 0x16, 0x15, 0x1F, 0xA6, 0x93, 0xAB ; file 1B0A47
db 0x03, 0xA6, 0x93, 0x49, 0x1F, 0x1F, 0x1F, 0x08, 0x1F, 0x15, 0xA9, 0x15, 0x1F, 0xAB, 0xA9, 0xAB ; file 1B0A57
db 0xA9, 0xA3, 0xA9, 0xA3, 0x0D, 0x0D, 0x0D, 0x8C, 0x8F, 0x8F, 0xA9, 0xB3, 0xCB, 0x9B, 0xA9, 0xB3 ; file 1B0A67
db 0x8F, 0x8F, 0xA9, 0xB3, 0x0A, 0x0A, 0x0A, 0x8C, 0x8F, 0x8F, 0xA9, 0xA4, 0x8F, 0x3A, 0xA9, 0xA9 ; file 1B0A77
db 0x8F, 0x8F, 0xA9, 0xA9, 0x21, 0x21, 0xC3, 0x97, 0x21, 0xA4, 0x93, 0xA4, 0xCB, 0x9B, 0xD3, 0xBC ; file 1B0A87
db 0x8F, 0xA6, 0x93, 0xB3, 0x0A, 0x0A, 0x0A, 0x97, 0x8F, 0xA4, 0xA4, 0xA4, 0x8F, 0xBC, 0xA9, 0xBC ; file 1B0A97
db 0x8F, 0x8F, 0xA9, 0x90, 0x21, 0x21, 0xA9, 0xA9, 0xA9, 0xAE, 0xA9, 0xA9, 0xA9, 0xAE, 0xA9, 0xA9 ; file 1B0AA7
db 0xA9, 0xAE, 0xA9, 0xA9, 0x0A, 0x0A, 0xA9, 0xA9, 0xA9, 0xA9, 0xA9, 0xA9, 0xA9, 0x59, 0xA9, 0xA9 ; file 1B0AB7
db 0xA9, 0xA9, 0xA9, 0xA9, 0x21, 0x21, 0x21, 0x21, 0x21, 0xA6, 0x93, 0x09, 0x21, 0xA6, 0x93, 0x90 ; file 1B0AC7
db 0x03, 0xA6, 0x93, 0x90, 0x12, 0x12, 0xA9, 0x08, 0xA9, 0x09, 0xA9, 0x09, 0xA9, 0x59, 0xA9, 0x90 ; file 1B0AD7
db 0xA9, 0x90, 0xA9, 0x90, 0x0D, 0x0D, 0x0D, 0x8C, 0x0D, 0x0D, 0xC6, 0xC0, 0x0D, 0x0D, 0xC6, 0xC6 ; file 1B0AE7
db 0xC6, 0xC6, 0xC6, 0xC6, 0x0D, 0x8C, 0x8C, 0x8C, 0x0D, 0x8C, 0xC6, 0x8C, 0x0D, 0x52, 0xC6, 0x8C ; file 1B0AF7
db 0xC6, 0x52, 0xC6, 0xC6, 0x0D, 0x0D, 0x0D, 0x8C, 0x0D, 0x0D, 0xC6, 0xA4, 0x0D, 0x0D, 0xC6, 0xC6 ; file 1B0B07
db 0xC6, 0xC6, 0xC6, 0xC6, 0x0D, 0x8C, 0x8C, 0x8C, 0x0D, 0xA4, 0xA4, 0xA4, 0x0D, 0x52, 0xC6, 0x54 ; file 1B0B17
db 0xC6, 0x54, 0xC6, 0x54, 0x0D, 0x0D, 0x0D, 0x8C, 0x3C, 0x3C, 0xC6, 0xC0, 0x0D, 0x57, 0xC6, 0x57 ; file 1B0B27
db 0x94, 0x58, 0xC6, 0xC6, 0x0D, 0x59, 0x8C, 0x8C, 0x3C, 0x59, 0xC6, 0x55, 0x59, 0x59, 0x59, 0x59 ; file 1B0B37
db 0x59, 0x59, 0xC6, 0x59, 0x21, 0x21, 0x16, 0x0F, 0x16, 0x16, 0x16, 0x16, 0x21, 0x57, 0x93, 0x0F ; file 1B0B47
db 0x93, 0x58, 0x93, 0x86, 0x33, 0x33, 0x33, 0x55, 0x33, 0x55, 0x16, 0x55, 0x33, 0x59, 0x33, 0x59 ; file 1B0B57
db 0x33, 0x59, 0x93, 0xC8, 0x0D, 0x0D, 0x0D, 0x8C, 0x0D, 0x0D, 0x0D, 0x8C, 0x0D, 0x0D, 0x0D, 0x8C ; file 1B0B67
db 0x0D, 0x58, 0xC6, 0xC6, 0x0D, 0x8C, 0x8C, 0x8C, 0x0D, 0x8C, 0x8C, 0x8C, 0x0D, 0x52, 0x8C, 0x8C ; file 1B0B77
db 0x0D, 0x52, 0xC6, 0x8C, 0x0D, 0x0D, 0x0D, 0x8C, 0x0D, 0x0D, 0x0D, 0xA4, 0x0D, 0x0D, 0x0D, 0x8C ; file 1B0B87
db 0x0D, 0x58, 0x93, 0x86, 0x0D, 0x8C, 0x8C, 0x8C, 0x0D, 0xA4, 0xA4, 0xA4, 0x0D, 0x52, 0x8C, 0x8C ; file 1B0B97
db 0x0D, 0x52, 0x93, 0xA4, 0x0D, 0x0D, 0x0D, 0x8C, 0x0D, 0x58, 0x0D, 0x39, 0x0D, 0x57, 0x0D, 0x57 ; file 1B0BA7
db 0x94, 0x58, 0x87, 0x39, 0x0D, 0x59, 0x8C, 0x8C, 0x0D, 0x59, 0x8C, 0x8C, 0x59, 0x59, 0x59, 0x59 ; file 1B0BB7
db 0x59, 0x59, 0x59, 0x59, 0x21, 0x21, 0x21, 0x21, 0x21, 0x21, 0x93, 0x86, 0x21, 0x57, 0x93, 0x57 ; file 1B0BC7
db 0x93, 0x58, 0x93, 0x86, 0x21, 0x59, 0x21, 0x8C, 0x21, 0x59, 0x93, 0xA4, 0x59, 0x59, 0x59, 0x59 ; file 1B0BD7
db 0x59, 0x59, 0x93, 0x1E, 0x0D, 0x0D, 0x0D, 0x8C, 0x0D, 0x0D, 0xC6, 0xA4, 0x0D, 0x0D, 0xC6, 0xC6 ; file 1B0BE7
db 0xC6, 0xC6, 0xC6, 0xC6, 0x0D, 0x8C, 0x8C, 0x8C, 0x0D, 0xA4, 0xA4, 0xA4, 0xCC, 0x52, 0xC6, 0x8C ; file 1B0BF7
db 0xC6, 0xB0, 0xC6, 0xB0, 0x0D, 0x0D, 0x0D, 0xA4, 0x0D, 0xA4, 0xA4, 0xA4, 0x0D, 0xB7, 0xC6, 0xB7 ; file 1B0C07
db 0xC6, 0xA4, 0xC6, 0xA4, 0x1F, 0xA4, 0xA4, 0xA4, 0xA4, 0xA4, 0xA4, 0xA4, 0xCC, 0xB7, 0xB7, 0xB7 ; file 1B0C17
db 0xA4, 0xA4, 0xA4, 0xA4, 0x0D, 0x0D, 0x0D, 0x8C, 0x3C, 0x3C, 0xC6, 0xA4, 0x0D, 0x57, 0xC6, 0x57 ; file 1B0C27
db 0x94, 0x58, 0xC6, 0xC6, 0x1F, 0x59, 0x1F, 0x8C, 0x1F, 0x53, 0xA4, 0xA4, 0x59, 0x59, 0x59, 0x59 ; file 1B0C37
db 0x59, 0x59, 0xA9, 0xB0, 0x1F, 0x1F, 0x16, 0x08, 0x16, 0xA4, 0x16, 0xA4, 0x1F, 0x57, 0x93, 0xAB ; file 1B0C47
db 0x03, 0xA6, 0x93, 0xA8, 0x1F, 0x1F, 0x1F, 0x08, 0x1F, 0xA4, 0xA4, 0xA4, 0x1F, 0x59, 0xAB, 0xAB ; file 1B0C57
db 0x1F, 0x59, 0x04, 0x90, 0x0D, 0x0D, 0x0D, 0x8C, 0x0D, 0x0D, 0x0D, 0xA4, 0x0D, 0x0D, 0x0D, 0x8C ; file 1B0C67
db 0x0D, 0x58, 0xC6, 0xA4, 0x0D, 0x8C, 0x8C, 0x8C, 0x0D, 0xA4, 0xA4, 0xA4, 0xCC, 0x52, 0xCC, 0x8C ; file 1B0C77
db 0xCC, 0x52, 0xA4, 0xA4, 0x0D, 0x0D, 0x0D, 0xA4, 0x0D, 0xA4, 0xA4, 0xA4, 0x0D, 0x0D, 0x0D, 0xA4 ; file 1B0C87
db 0x03, 0xA4, 0x93, 0xA4, 0x0D, 0xA4, 0xA4, 0xA4, 0xA4, 0xA4, 0xA4, 0xA4, 0xCC, 0x52, 0xA4, 0xA4 ; file 1B0C97
db 0xA4, 0xA4, 0xA4, 0xA4, 0x0D, 0x0D, 0x0D, 0x8C, 0x0D, 0x58, 0x8E, 0xA4, 0x0D, 0x57, 0x8E, 0x57 ; file 1B0CA7
db 0x94, 0x58, 0x8E, 0x39, 0x0D, 0x59, 0x8C, 0x8C, 0x0D, 0x59, 0xA4, 0xA4, 0x59, 0x59, 0x59, 0x59 ; file 1B0CB7
db 0x59, 0x59, 0xA9, 0x59, 0x21, 0x21, 0x21, 0xA4, 0x21, 0xA4, 0x93, 0xA4, 0x21, 0x57, 0x93, 0xA8 ; file 1B0CC7
db 0x03, 0xA6, 0x93, 0xA8, 0x12, 0x59, 0xA4, 0xA4, 0xA4, 0xA4, 0xA4, 0xA4, 0x59, 0x59, 0x04, 0x59 ; file 1B0CD7
db 0x03, 0x59, 0x04, 0x90, 0xBB, 0xBB, 0xBB, 0xBB, 0xBB, 0xBB, 0xBB, 0xC0, 0xBB, 0xBB, 0xBB, 0xBB ; file 1B0CE7
db 0xBB, 0xBB, 0xC6, 0xC0, 0xBB, 0xBB, 0xBB, 0x8C, 0xBB, 0xBB, 0xBB, 0xC0, 0xBB, 0x52, 0xBB, 0x8C ; file 1B0CF7
db 0xBB, 0x52, 0xC6, 0xC0, 0xBB, 0xBB, 0x36, 0x36, 0xBB, 0xBB, 0x16, 0xC0, 0xBB, 0xBB, 0x36, 0xB7 ; file 1B0D07
db 0x93, 0x93, 0x93, 0x93, 0xBB, 0x0E, 0x36, 0x1C, 0xBB, 0x56, 0x16, 0x56, 0xBB, 0xB7, 0xB7, 0xB7 ; file 1B0D17
db 0x93, 0x54, 0x93, 0x54, 0xBB, 0xBB, 0xBB, 0xBB, 0xBB, 0xBB, 0x16, 0xC0, 0xBB, 0x57, 0x93, 0xA5 ; file 1B0D27
db 0xC7, 0xC7, 0x93, 0x93, 0xBB, 0x59, 0xBB, 0x8C, 0xBB, 0x59, 0x16, 0xC0, 0x59, 0x59, 0xA5, 0xA5 ; file 1B0D37
db 0xC7, 0x59, 0x93, 0x85, 0x21, 0x21, 0x16, 0x16, 0x16, 0x16, 0x16, 0x16, 0x21, 0x21, 0x93, 0x93 ; file 1B0D47
db 0x93, 0x93, 0x93, 0x93, 0x1F, 0x1F, 0x16, 0x08, 0x16, 0x15, 0x16, 0x15, 0x1F, 0x59, 0x93, 0xAB ; file 1B0D57
db 0x93, 0x85, 0x93, 0x85, 0x0D, 0x0D, 0x0D, 0x8C, 0x0D, 0x0D, 0x0D, 0xC0, 0x0D, 0x0D, 0x0D, 0x8C ; file 1B0D67
db 0x0D, 0x58, 0x93, 0x93, 0x0D, 0x8C, 0x8C, 0x8C, 0x0D, 0x8C, 0x8C, 0x8C, 0x0D, 0x52, 0x8C, 0x8C ; file 1B0D77
db 0x8F, 0x52, 0x93, 0x85, 0x21, 0x21, 0x21, 0x21, 0x21, 0x21, 0x93, 0x93, 0x21, 0x21, 0x93, 0x93 ; file 1B0D87
db 0x93, 0x93, 0x93, 0x93, 0x21, 0x21, 0x21, 0x8C, 0x21, 0xA4, 0x93, 0xA4, 0x21, 0x52, 0x93, 0x85 ; file 1B0D97
db 0x93, 0x85, 0x93, 0x85, 0x21, 0x21, 0x21, 0x21, 0x21, 0x21, 0x93, 0x93, 0x02, 0x57, 0x93, 0xA5 ; file 1B0DA7
db 0x93, 0x58, 0x93, 0x93, 0x21, 0x59, 0x21, 0x8C, 0x21, 0x59, 0x93, 0x85, 0x59, 0x59, 0xA5, 0xA5 ; file 1B0DB7
db 0x59, 0x59, 0x93, 0x85, 0x21, 0x21, 0x21, 0x21, 0x21, 0x21, 0x93, 0x93, 0x21, 0x21, 0x93, 0x93 ; file 1B0DC7
db 0x93, 0x93, 0x93, 0x93, 0x21, 0x21, 0x21, 0x21, 0x21, 0x21, 0x93, 0x85, 0x21, 0x59, 0x93, 0x85 ; file 1B0DD7
db 0x93, 0x85, 0x93, 0x85, 0x99, 0x99, 0x99, 0x99, 0x99, 0x99, 0x99, 0xC0, 0x99, 0x99, 0x99, 0xDC ; file 1B0DE7
db 0x99, 0xDC, 0xC1, 0xDC, 0x0A, 0x0A, 0x0A, 0x1C, 0x0A, 0x0A, 0x0A, 0xA4, 0x0A, 0x3A, 0xB7, 0xB7 ; file 1B0DF7
db 0xCE, 0xCE, 0xA9, 0xDC, 0x99, 0x99, 0x36, 0x1C, 0x99, 0x99, 0x16, 0xA4, 0x99, 0xB7, 0xB7, 0xB7 ; file 1B0E07
db 0x03, 0xA6, 0x93, 0xDC, 0x1F, 0x07, 0x1C, 0x1C, 0x1F, 0xA4, 0xA4, 0xA4, 0x1F, 0xB7, 0xB7, 0xB7 ; file 1B0E17
db 0xCE, 0xAA, 0xB7, 0xB7, 0x99, 0x99, 0x99, 0x08, 0x2D, 0xAE, 0x16, 0xC0, 0x99, 0xAE, 0x93, 0xAB ; file 1B0E27
db 0xC7, 0xAE, 0x93, 0xDC, 0x1F, 0x1F, 0x1F, 0x08, 0x1F, 0x15, 0xA9, 0x15, 0x1F, 0x59, 0xA9, 0xAB ; file 1B0E37
db 0xA9, 0xAE, 0xA9, 0x90, 0x1F, 0x1F, 0x16, 0x08, 0x16, 0xA6, 0x16, 0x15, 0x1F, 0xA6, 0x93, 0xAB ; file 1B0E47
db 0x03, 0xA6, 0x93, 0x90, 0x1F, 0x1F, 0x1F, 0x08, 0x1F, 0x15, 0x15, 0x15, 0x1F, 0xAB, 0xAB, 0xAB ; file 1B0E57
db 0x1F, 0x90, 0x04, 0x90, 0x0D, 0x0D, 0x0D, 0x8C, 0x0D, 0xAE, 0x0D, 0xA4, 0xCB, 0xCB, 0xCB, 0xCB ; file 1B0E67
db 0xCB, 0xAE, 0x93, 0xDC, 0x4F, 0x3A, 0x4F, 0x8C, 0x4F, 0xA4, 0xA4, 0xA4, 0xCB, 0x3A, 0xA9, 0x3A ; file 1B0E77
db 0x8F, 0x3A, 0xA9, 0x90, 0x21, 0x21, 0x21, 0xA4, 0x21, 0xA4, 0x93, 0xA4, 0xCB, 0xA6, 0x93, 0xB7 ; file 1B0E87
db 0x03, 0xA6, 0x93, 0x90, 0x12, 0xA4, 0xA4, 0xA4, 0xA4, 0xA4, 0xA4, 0xA4, 0xCB, 0x3A, 0xB7, 0xB7 ; file 1B0E97
db 0x8F, 0xAA, 0x04, 0x90, 0x21, 0x21, 0x21, 0x21, 0x1A, 0xAE, 0x93, 0xAE, 0xCB, 0xAE, 0x93, 0xA5 ; file 1B0EA7
db 0x1A, 0xAE, 0x93, 0xAE, 0x12, 0x59, 0xA9, 0x8C, 0xA9, 0xAE, 0xA9, 0x09, 0x59, 0x59, 0xA9, 0xA5 ; file 1B0EB7
db 0xA9, 0xAE, 0xA9, 0x90, 0x21, 0x21, 0x21, 0x21, 0x21, 0xA6, 0x93, 0x09, 0x21, 0xA6, 0x93, 0x90 ; file 1B0EC7
db 0x03, 0xA6, 0x93, 0x90, 0x12, 0x12, 0x12, 0x08, 0x12, 0x09, 0x04, 0x09, 0x12, 0x59, 0x04, 0x90 ; file 1B0ED7
db 0x03, 0x90, 0x04, 0x90, 0x10, 0x10, 0x10, 0x98, 0x10, 0x98, 0x98, 0x98, 0x10, 0x98, 0x98, 0x98 ; file 1B0EE7
db 0x98, 0x98, 0x98, 0x98, 0x06, 0x35, 0x06, 0x83, 0x06, 0x35, 0x98, 0x98, 0x9D, 0x9D, 0x98, 0x98 ; file 1B0EF7
db 0x8F, 0x98, 0x98, 0x98, 0x10, 0x10, 0xC3, 0x97, 0x10, 0x98, 0x98, 0x98, 0x10, 0x98, 0x98, 0x98 ; file 1B0F07
db 0x98, 0x98, 0x98, 0x98, 0xC4, 0x35, 0x2E, 0x97, 0xC4, 0xC5, 0xC5, 0xC5, 0x9D, 0x9D, 0x54, 0x54 ; file 1B0F17
db 0x54, 0x54, 0x54, 0x54, 0x10, 0x10, 0x10, 0x98, 0xC2, 0x98, 0x98, 0x98, 0x10, 0x57, 0x98, 0x98 ; file 1B0F27
db 0x98, 0x98, 0x98, 0x98, 0xC4, 0x35, 0xC4, 0xC5, 0xC2, 0xC5, 0xC5, 0xC5, 0x9D, 0x9D, 0x98, 0x98 ; file 1B0F37
db 0x8F, 0xB6, 0x98, 0x98, 0xC4, 0xC4, 0xBA, 0xC5, 0xBA, 0xC5, 0xBA, 0xC5, 0xC4, 0x5A, 0x5A, 0x5A ; file 1B0F47
db 0x5A, 0x5A, 0x5A, 0x5A, 0xC4, 0xC4, 0xC4, 0xC5, 0xC4, 0xC5, 0xC5, 0xC5, 0xC4, 0x9D, 0xC4, 0xC5 ; file 1B0F57
db 0xC4, 0xC5, 0xC5, 0xC5, 0x10, 0x9B, 0x10, 0x98, 0x10, 0x98, 0x98, 0x98, 0x2C, 0x9B, 0x2C, 0x98 ; file 1B0F67
db 0x88, 0x98, 0x98, 0x98, 0xC4, 0x35, 0xC4, 0x83, 0x8F, 0x8F, 0x8F, 0x98, 0x8F, 0x9B, 0x8F, 0xAD ; file 1B0F77
db 0x8F, 0x8F, 0x8F, 0x98, 0xC4, 0x9B, 0xC3, 0x4E, 0xC4, 0x5A, 0x5A, 0x5A, 0x2C, 0x9B, 0x5A, 0x5A ; file 1B0F87
db 0x5A, 0x5A, 0x5A, 0x5A, 0xC4, 0xC4, 0xC4, 0xAD, 0xC4, 0xC4, 0xC4, 0xC5, 0xC4, 0xAD, 0xAD, 0xAD ; file 1B0F97
db 0x8F, 0xDB, 0xDB, 0xDB, 0xC4, 0x57, 0xC4, 0x4E, 0x37, 0x58, 0x5A, 0x5A, 0x0B, 0x57, 0x5A, 0x5A ; file 1B0FA7
db 0x9C, 0x58, 0x5A, 0x5A, 0xC4, 0xC4, 0xC4, 0xC4, 0xC4, 0xB6, 0xA9, 0xC5, 0xC4, 0xB6, 0xA9, 0xDB ; file 1B0FB7
db 0x8F, 0xB6, 0xA9, 0xDB, 0xC4, 0xC4, 0xC4, 0x4E, 0xC4, 0x5A, 0x5A, 0x5A, 0xC4, 0x5A, 0x5A, 0x5A ; file 1B0FC7
db 0x5A, 0x5A, 0x5A, 0x5A, 0xC4, 0xC4, 0xC4, 0xC4, 0xC4, 0xC4, 0xC4, 0xC5, 0xC4, 0xC4, 0xC4, 0xDB ; file 1B0FD7
db 0xC4, 0xDB, 0xDB, 0xDB, 0x05, 0x05, 0x05, 0x05, 0x05, 0x05, 0x05, 0x98, 0x05, 0x9D, 0x05, 0x98 ; file 1B0FE7
db 0x8F, 0x98, 0x98, 0x98, 0x06, 0x35, 0x06, 0x35, 0x06, 0x35, 0x06, 0x2F, 0x9D, 0x9D, 0x9D, 0x9D ; file 1B0FF7
db 0x8F, 0x9D, 0x8F, 0x2F, 0x05, 0x05, 0xC3, 0x97, 0x05, 0x05, 0xC3, 0x82, 0x05, 0x9D, 0xC3, 0x97 ; file 1B1007
db 0x8F, 0x98, 0x98, 0x98, 0x06, 0x35, 0x97, 0x97, 0x06, 0x35, 0x82, 0x82, 0x9D, 0x9D, 0x97, 0x97 ; file 1B1017
db 0x8F, 0x9D, 0x38, 0x38, 0x05, 0x05, 0x05, 0x05, 0x05, 0x53, 0x8E, 0x98, 0x05, 0x9D, 0x8E, 0x98 ; file 1B1027
db 0x8E, 0xB6, 0x8E, 0x98, 0x06, 0x35, 0x06, 0x35, 0x06, 0x53, 0xA9, 0xC5, 0x9D, 0x9D, 0x9D, 0x9D ; file 1B1037
db 0x8F, 0xB6, 0xA9, 0xB6, 0xB2, 0xB2, 0xC3, 0x97, 0xB2, 0xC5, 0xD2, 0xC5, 0xB2, 0x9D, 0xC3, 0x5A ; file 1B1047
db 0x0C, 0x5A, 0x5A, 0x5A, 0xB2, 0xB2, 0xB2, 0x97, 0xB2, 0xC5, 0xC5, 0xC5, 0xB2, 0x9D, 0xB2, 0x81 ; file 1B1057
db 0x8F, 0xB6, 0x81, 0x81, 0x05, 0x05, 0x05, 0x05, 0x8F, 0x8F, 0x8E, 0x98, 0x8F, 0x9B, 0x8E, 0x98 ; file 1B1067
db 0x8F, 0x8F, 0x8E, 0x98, 0x06, 0x35, 0x06, 0x35, 0x8F, 0x8F, 0x8F, 0x8F, 0x8F, 0x9D, 0x8F, 0x9D ; file 1B1077
db 0x8F, 0x8F, 0x8F, 0x8F, 0x05, 0x05, 0xC3, 0x97, 0x8F, 0x5A, 0xC3, 0x5A, 0x8F, 0x9B, 0xC3, 0x5A ; file 1B1087
db 0x8F, 0x5A, 0x5A, 0x5A, 0xC4, 0x35, 0x97, 0x97, 0x8F, 0x8F, 0x8F, 0x82, 0x8F, 0x9D, 0x8F, 0xAD ; file 1B1097
db 0x8F, 0x8F, 0x8F, 0xDB, 0x05, 0xB6, 0x8E, 0x4E, 0x8E, 0xB6, 0x8E, 0x5A, 0x8E, 0xB6, 0x8E, 0x5A ; file 1B10A7
db 0x8E, 0xB6, 0x8E, 0x5A, 0xC4, 0xB6, 0xA9, 0xB6, 0x8F, 0xB6, 0xA9, 0xB6, 0x8F, 0xB6, 0xA9, 0xB6 ; file 1B10B7
db 0x8F, 0xB6, 0xA9, 0xB6, 0xC4, 0xC4, 0xC3, 0x4E, 0x4D, 0x5A, 0x5A, 0x5A, 0xC4, 0x5A, 0x5A, 0x5A ; file 1B10C7
db 0x5A, 0x5A, 0x5A, 0x5A, 0xC4, 0xC4, 0xC4, 0x97, 0xC4, 0xB6, 0xA9, 0xC5, 0xC4, 0xB6, 0xA9, 0xDB ; file 1B10D7
db 0x8F, 0xB6, 0xA9, 0xDB, 0x9E, 0x9E, 0x9E, 0x97, 0x9E, 0x98, 0x98, 0x98, 0x9E, 0x98, 0x98, 0x98 ; file 1B10E7
db 0x8F, 0x98, 0x98, 0x98, 0x06, 0xBE, 0x06, 0x97, 0x06, 0xBE, 0x06, 0x56, 0x06, 0x9D, 0x06, 0x97 ; file 1B10F7
db 0x8F, 0x8F, 0x8F, 0x98, 0x9E, 0x97, 0xC3, 0x97, 0x9E, 0x4C, 0xC3, 0x4C, 0x9E, 0x97, 0xC3, 0x97 ; file 1B1107
db 0x8F, 0x98, 0x98, 0x98, 0x06, 0x97, 0x97, 0x97, 0x06, 0x56, 0x56, 0x56, 0x06, 0x97, 0x97, 0x97 ; file 1B1117
db 0x8F, 0x38, 0x38, 0x38, 0x9E, 0x9E, 0x9E, 0x4C, 0xC2, 0xC2, 0xC2, 0x4C, 0x24, 0x24, 0x24, 0x98 ; file 1B1127
db 0xC2, 0x98, 0x98, 0x98, 0x06, 0xBE, 0x06, 0x97, 0xC2, 0xBE, 0xA9, 0xC5, 0x06, 0x9D, 0xA9, 0xA5 ; file 1B1137
db 0x8F, 0x8F, 0xA9, 0x81, 0xB2, 0x4C, 0xC3, 0x4C, 0xC2, 0x4C, 0x16, 0x4C, 0x24, 0x24, 0xC3, 0x49 ; file 1B1147
db 0x0C, 0x49, 0x16, 0x49, 0xB2, 0xB2, 0xB2, 0x97, 0xB2, 0xC5, 0xC5, 0xC5, 0xB2, 0xB2, 0xB2, 0x81 ; file 1B1157
db 0x8F, 0x81, 0x81, 0x81, 0x9E, 0x9B, 0x9E, 0x97, 0x8F, 0x8F, 0x8F, 0x98, 0x8F, 0x9B, 0x8F, 0x98 ; file 1B1167
db 0x8F, 0x8F, 0x8F, 0x98, 0x06, 0xBE, 0x06, 0x97, 0x8F, 0x8F, 0x8F, 0x56, 0x8F, 0x8F, 0x8F, 0x8F ; file 1B1177
db 0x8F, 0x8F, 0x8F, 0x8F, 0x30, 0x30, 0xC3, 0x97, 0x8F, 0x4C, 0xC3, 0x4C, 0x8F, 0x9B, 0xC3, 0x5A ; file 1B1187
db 0x8F, 0x5A, 0x5A, 0x5A, 0xC4, 0x97, 0x97, 0x97, 0x8F, 0x56, 0x56, 0x56, 0x8F, 0x8F, 0x8F, 0xAD ; file 1B1197
db 0x8F, 0x8F, 0x8F, 0xDB, 0x0B, 0x0B, 0x0B, 0x4C, 0xC2, 0xC2, 0xA9, 0x4C, 0x0B, 0x0B, 0x0B, 0x5A ; file 1B11A7
db 0x8F, 0x58, 0xA9, 0x5A, 0xC4, 0xBE, 0xA9, 0xA5, 0x8F, 0x8F, 0xA9, 0xA9, 0x8F, 0x8F, 0xA9, 0xA5 ; file 1B11B7
db 0x8F, 0x8F, 0xA9, 0xA9, 0x30, 0x30, 0x30, 0x4C, 0x30, 0x4C, 0x16, 0x4C, 0x0B, 0x5A, 0x5A, 0x5A ; file 1B11C7
db 0x5A, 0x5A, 0x5A, 0x5A, 0xC4, 0xC4, 0xC4, 0x97, 0xC4, 0xC4, 0xA9, 0xC5, 0xC4, 0xC4, 0xA9, 0xDB ; file 1B11D7
db 0x8F, 0xDB, 0xA9, 0xDB, 0x9E, 0x9E, 0x9E, 0x97, 0x9E, 0x9E, 0x9E, 0x97, 0x9E, 0x9D, 0x9E, 0x97 ; file 1B11E7
db 0x8F, 0x8F, 0xC1, 0x98, 0x06, 0xBE, 0x06, 0x97, 0x06, 0xBE, 0x06, 0x97, 0x06, 0x9D, 0x06, 0x97 ; file 1B11F7
db 0x8F, 0x8F, 0x8F, 0x38, 0x9E, 0x97, 0xC3, 0x97, 0x9E, 0x97, 0xC3, 0x97, 0x9E, 0x97, 0xC3, 0x97 ; file 1B1207
db 0x8F, 0x38, 0xC1, 0x38, 0x06, 0x97, 0x97, 0x97, 0x06, 0x97, 0x97, 0x97, 0x06, 0x97, 0x97, 0x97 ; file 1B1217
db 0x8F, 0x38, 0x38, 0x38, 0x9E, 0x9E, 0x9E, 0x97, 0x9E, 0x9E, 0xD2, 0x15, 0x9E, 0x9D, 0x9E, 0x81 ; file 1B1227
db 0x8F, 0x8F, 0xA9, 0x81, 0x06, 0xBE, 0x06, 0x97, 0x06, 0xBE, 0xA9, 0x15, 0x06, 0x9D, 0xA9, 0x81 ; file 1B1237
db 0x8F, 0x8F, 0xA9, 0x81, 0xB2, 0xB2, 0xC3, 0x97, 0xB2, 0x15, 0xD2, 0x15, 0xB2, 0xB2, 0xC3, 0x81 ; file 1B1247
db 0x0C, 0x0C, 0xD2, 0x81, 0xB2, 0xB2, 0xB2, 0x97, 0xB2, 0x15, 0x15, 0x15, 0xB2, 0xB2, 0xB2, 0x81 ; file 1B1257
db 0x8F, 0x81, 0x81, 0x81, 0x9E, 0x9E, 0x9E, 0x97, 0x8F, 0x8F, 0x8F, 0x8F, 0x8F, 0x8F, 0x8F, 0x8F ; file 1B1267
db 0x8F, 0x8F, 0x8F, 0x8F, 0x06, 0xBE, 0x06, 0x97, 0x8F, 0x8F, 0x8F, 0x8F, 0x8F, 0x8F, 0x8F, 0x8F ; file 1B1277
db 0x8F, 0x8F, 0x8F, 0x8F, 0x9E, 0x97, 0xC3, 0x97, 0x8F, 0x8F, 0xC3, 0x97, 0x8F, 0x8F, 0xC3, 0x97 ; file 1B1287
db 0x8F, 0x8F, 0x8F, 0x20, 0x06, 0x97, 0x97, 0x97, 0x8F, 0x8F, 0x8F, 0x97, 0x8F, 0x8F, 0x8F, 0x97 ; file 1B1297
db 0x8F, 0x8F, 0x8F, 0x20, 0x9E, 0x9E, 0x9E, 0x97, 0x8F, 0x8F, 0xA9, 0xA9, 0x8F, 0x8F, 0xA9, 0xA9 ; file 1B12A7
db 0x8F, 0x8F, 0xA9, 0xA9, 0x06, 0xBE, 0xA9, 0x97, 0x8F, 0x8F, 0xA9, 0xA9, 0x8F, 0x8F, 0xA9, 0xA9 ; file 1B12B7
db 0x8F, 0x8F, 0xA9, 0xA9, 0xB2, 0x46, 0xC3, 0x97, 0x4D, 0x4D, 0xD2, 0x15, 0x8F, 0xA6, 0xA9, 0x20 ; file 1B12C7
db 0x8F, 0xA6, 0xA9, 0x20, 0xB2, 0x46, 0xB2, 0x97, 0x8F, 0x15, 0xA9, 0x15, 0x8F, 0x20, 0xA9, 0x20 ; file 1B12D7
db 0x8F, 0x20, 0xA9, 0x20, 0xBB, 0xBB, 0xBB, 0x98, 0xBB, 0x98, 0x98, 0x98, 0xBB, 0x57, 0x98, 0x98 ; file 1B12E7
db 0x98, 0x98, 0x98, 0x98, 0xBB, 0x35, 0xBB, 0x3F, 0xBB, 0x53, 0x98, 0x98, 0x9D, 0x9D, 0x98, 0x98 ; file 1B12F7
db 0x8F, 0x98, 0x98, 0x98, 0xBB, 0xBB, 0xBB, 0x3F, 0xBB, 0x98, 0x16, 0x98, 0xBB, 0x57, 0x98, 0x98 ; file 1B1307
db 0x98, 0x98, 0x98, 0x98, 0xB2, 0x07, 0x3F, 0x3F, 0xB2, 0xC5, 0xC5, 0xC5, 0xB2, 0x9D, 0x3F, 0x3F ; file 1B1317
db 0x54, 0x54, 0x54, 0x54, 0xBB, 0x57, 0xBB, 0x57, 0xC2, 0xC2, 0xC2, 0x98, 0x0B, 0x57, 0x0B, 0x57 ; file 1B1327
db 0xC2, 0x58, 0x98, 0x98, 0xB2, 0x53, 0xB2, 0xC5, 0xC2, 0x53, 0xC2, 0xC5, 0xB2, 0x57, 0xA5, 0xA5 ; file 1B1337
db 0xC2, 0x53, 0x98, 0x98, 0xB2, 0xB2, 0x16, 0xC5, 0xC2, 0xC2, 0x16, 0xC5, 0xB2, 0x57, 0x16, 0x5A ; file 1B1347
db 0xC2, 0x58, 0x16, 0x5A, 0xB2, 0xB2, 0xB2, 0xC5, 0xB2, 0xC5, 0xC5, 0xC5, 0xB2, 0xB2, 0xB2, 0xAB ; file 1B1357
db 0xB2, 0xC5, 0xC5, 0xC5, 0x0D, 0x0D, 0x0D, 0x8C, 0x0D, 0x58, 0x0D, 0x98, 0x0D, 0x57, 0x0D, 0x57 ; file 1B1367
db 0x58, 0x58, 0x98, 0x98, 0x0D, 0x8C, 0x8C, 0x8C, 0x8F, 0x53, 0x8C, 0x8C, 0x8F, 0x52, 0x8C, 0x8C ; file 1B1377
db 0x8F, 0x58, 0x8F, 0x98, 0x0D, 0x0D, 0x0D, 0x3F, 0x0D, 0x58, 0x16, 0x5A, 0x0D, 0x57, 0x5A, 0x5A ; file 1B1387
db 0x58, 0x58, 0x5A, 0x5A, 0xC4, 0xC4, 0xC4, 0x3F, 0xC4, 0xAA, 0xA4, 0xA4, 0xC4, 0xAA, 0xAD, 0xAD ; file 1B1397
db 0x8F, 0xAA, 0xDB, 0xDB, 0x0D, 0x57, 0x0D, 0x57, 0xC2, 0x58, 0xC2, 0x39, 0x0B, 0x57, 0x0B, 0x57 ; file 1B13A7
db 0x58, 0x58, 0x39, 0x39, 0xC4, 0x57, 0xC4, 0x8C, 0xC2, 0x53, 0xA9, 0xC5, 0x0B, 0x57, 0xA5, 0xA5 ; file 1B13B7
db 0x58, 0x58, 0xA9, 0xDB, 0xC4, 0x57, 0xC4, 0x4E, 0x4D, 0x58, 0x16, 0x5A, 0x0B, 0x57, 0x5A, 0x5A ; file 1B13C7
db 0x58, 0x58, 0x5A, 0x5A, 0xC4, 0xC4, 0xC4, 0xC4, 0xC4, 0xC4, 0xC4, 0xC5, 0xC4, 0x57, 0xC4, 0xDB ; file 1B13D7
db 0xC4, 0xDB, 0xDB, 0xDB, 0x05, 0x05, 0x05, 0x3F, 0x05, 0x53, 0xC1, 0x98, 0x05, 0x9D, 0xC1, 0x98 ; file 1B13E7
db 0xC1, 0x98, 0xC1, 0x98, 0x06, 0x35, 0x06, 0x3F, 0x06, 0x53, 0xC1, 0x15, 0x9D, 0x9D, 0x9D, 0x9D ; file 1B13F7
db 0x8F, 0x9D, 0xC1, 0xB0, 0xB2, 0x07, 0xC3, 0x3F, 0xB2, 0x07, 0xC1, 0x15, 0xB2, 0x9D, 0xC1, 0x3F ; file 1B1407
db 0xC1, 0xAA, 0xC1, 0x98, 0xB2, 0x07, 0x3F, 0x3F, 0xB2, 0x07, 0x15, 0x15, 0xB2, 0x9D, 0x3F, 0x3F ; file 1B1417
db 0x8F, 0xAA, 0xC1, 0x15, 0xB2, 0x53, 0xB2, 0x15, 0xC2, 0x53, 0xC1, 0x15, 0xB2, 0x57, 0xC1, 0x57 ; file 1B1427
db 0xC1, 0x53, 0xC1, 0x98, 0xB2, 0x53, 0xB2, 0x15, 0x53, 0x53, 0x15, 0x15, 0xB2, 0x9D, 0xB2, 0x9D ; file 1B1437
db 0x53, 0x53, 0xA9, 0x15, 0xB2, 0xB2, 0xB2, 0x15, 0xB2, 0x15, 0x15, 0x15, 0xB2, 0xB2, 0xB2, 0xAB ; file 1B1447
db 0xB2, 0xA6, 0xC1, 0x15, 0xB2, 0xB2, 0xB2, 0x15, 0xB2, 0x15, 0x15, 0x15, 0xB2, 0xB2, 0xB2, 0xAB ; file 1B1457
db 0xB2, 0x15, 0x15, 0x15, 0x05, 0x05, 0x05, 0x3F, 0x8F, 0x53, 0xC1, 0x98, 0x8F, 0x57, 0xC1, 0x57 ; file 1B1467
db 0x8F, 0x58, 0xC1, 0x98, 0xC9, 0x35, 0xC9, 0x3F, 0x8F, 0x53, 0x8F, 0xA4, 0x8F, 0x9D, 0x8F, 0x9D ; file 1B1477
db 0x8F, 0x8F, 0x8F, 0x80, 0xB2, 0x07, 0xC3, 0x3F, 0x4D, 0xAA, 0x4D, 0xA4, 0x8F, 0xAA, 0xC1, 0x3F ; file 1B1487
db 0x8F, 0xAA, 0xC1, 0x5A, 0xB2, 0x07, 0x3F, 0x3F, 0x8F, 0xAA, 0xA4, 0xA4, 0x8F, 0xAA, 0x3F, 0x3F ; file 1B1497
db 0x8F, 0xAA, 0x80, 0x80, 0xB2, 0x57, 0x8E, 0x57, 0x4D, 0x53, 0x8E, 0x15, 0x0B, 0x57, 0x8E, 0x57 ; file 1B14A7
db 0x1A, 0x58, 0x8E, 0x39, 0xB2, 0x53, 0xB2, 0x15, 0x53, 0x53, 0xA9, 0x15, 0x8F, 0xB6, 0xA9, 0x80 ; file 1B14B7
db 0x8F, 0xB6, 0xA9, 0x80, 0xB2, 0xB2, 0xB2, 0x15, 0x4D, 0x4D, 0x4D, 0x15, 0xB2, 0x57, 0x5A, 0x5A ; file 1B14C7
db 0x03, 0xA6, 0x5A, 0x5A, 0xB2, 0xB2, 0xB2, 0x15, 0xB2, 0x15, 0x15, 0x15, 0xB2, 0x80, 0x80, 0x80 ; file 1B14D7
db 0x80, 0x80, 0x80, 0x80, 0xBB, 0xBB, 0xBB, 0xBB, 0xBB, 0xBB, 0xBB, 0xC0, 0xBB, 0xBB, 0xBB, 0x98 ; file 1B14E7
db 0xBB, 0x98, 0xC1, 0x98, 0xBB, 0xBB, 0xBB, 0x3F, 0xBB, 0xBB, 0xBB, 0xC0, 0xBB, 0x9D, 0xBB, 0x3F ; file 1B14F7
db 0x8F, 0x8F, 0xC1, 0x98, 0xBB, 0xBB, 0xBB, 0x3F, 0xBB, 0xBB, 0x16, 0xC0, 0xBB, 0xBB, 0xBB, 0x3F ; file 1B1507
db 0xBB, 0xAA, 0xC1, 0x98, 0xB2, 0x07, 0x3F, 0x3F, 0xB2, 0x07, 0x15, 0x15, 0xB2, 0x07, 0x3F, 0x3F ; file 1B1517
db 0x8F, 0xAA, 0xC1, 0x15, 0xBB, 0xBB, 0xBB, 0xBB, 0xC2, 0xC2, 0xC2, 0xC0, 0x0B, 0x0B, 0x0B, 0xA5 ; file 1B1527
db 0xC2, 0xC2, 0xC1, 0x98, 0xB2, 0xB2, 0xB2, 0x15, 0xC2, 0xC2, 0xC2, 0x15, 0xB2, 0xA5, 0xA5, 0xA5 ; file 1B1537
db 0xC2, 0xC2, 0xA9, 0x15, 0xB2, 0xB2, 0x16, 0x15, 0xC2, 0xC2, 0x16, 0x15, 0xB2, 0xB2, 0x16, 0xAB ; file 1B1547
db 0xC2, 0xA6, 0x16, 0x15, 0xB2, 0xB2, 0xB2, 0x15, 0xB2, 0x15, 0x15, 0x15, 0xB2, 0xB2, 0xB2, 0xAB ; file 1B1557
db 0xB2, 0x15, 0x15, 0x15, 0xBB, 0xBB, 0xBB, 0xBB, 0xBB, 0xBB, 0xBB, 0xC0, 0x0B, 0x0B, 0x0B, 0xA5 ; file 1B1567
db 0x8F, 0x58, 0xC1, 0x98, 0xBB, 0xBB, 0xBB, 0x3F, 0x8F, 0x8F, 0x8F, 0xC0, 0x8F, 0x3A, 0x8F, 0xA5 ; file 1B1577
db 0x8F, 0x8F, 0x8F, 0x80, 0xBB, 0xBB, 0xBB, 0x3F, 0x4D, 0xAA, 0x16, 0xC0, 0x0B, 0xAA, 0x0B, 0x3F ; file 1B1587
db 0x8F, 0xAA, 0x93, 0x5A, 0xB2, 0x07, 0x3F, 0x3F, 0x8F, 0xAA, 0x15, 0x15, 0x8F, 0xAA, 0x3F, 0x3F ; file 1B1597
db 0x8F, 0xAA, 0x80, 0x80, 0x0B, 0x0B, 0x0B, 0xA5, 0xC2, 0xC2, 0xC2, 0xC0, 0x0B, 0x0B, 0x0B, 0xA5 ; file 1B15A7
db 0x0B, 0x58, 0x0B, 0x39, 0xB2, 0xA5, 0xA5, 0xA5, 0xC2, 0xC2, 0xA9, 0x15, 0x0B, 0xA5, 0xA5, 0xA5 ; file 1B15B7
db 0x8F, 0x58, 0xA9, 0x80, 0x21, 0x21, 0x16, 0x15, 0x4D, 0x4D, 0x16, 0x15, 0x0B, 0x0B, 0x0B, 0x5A ; file 1B15C7
db 0x03, 0xA6, 0x93, 0x5A, 0xB2, 0xB2, 0xB2, 0x15, 0xB2, 0x15, 0x15, 0x15, 0xB2, 0x80, 0x80, 0x80 ; file 1B15D7
db 0x80, 0x80, 0x80, 0x80, 0x99, 0x99, 0x99, 0x3F, 0x99, 0x99, 0xC1, 0xC0, 0x99, 0x99, 0xC1, 0xC1 ; file 1B15E7
db 0xC1, 0xC1, 0xC1, 0xC1, 0x06, 0xBE, 0x06, 0x3F, 0x06, 0xBE, 0xC1, 0x15, 0x06, 0x9D, 0xC1, 0x3F ; file 1B15F7
db 0x8F, 0x8F, 0xC1, 0xC1, 0xB2, 0x07, 0xC3, 0x3F, 0xB2, 0x07, 0xC1, 0x15, 0xB2, 0x07, 0xC1, 0x3F ; file 1B1607
db 0xC1, 0xAA, 0xC1, 0xC1, 0xB2, 0x07, 0x3F, 0x3F, 0xB2, 0x07, 0x15, 0x15, 0xB2, 0x07, 0x3F, 0x3F ; file 1B1617
db 0x8F, 0xAA, 0xC1, 0x15, 0xB2, 0xB2, 0xB2, 0x15, 0xC2, 0xC2, 0xC1, 0x15, 0xB2, 0xAE, 0xC1, 0xAB ; file 1B1627
db 0xC1, 0xAE, 0xC1, 0xC1, 0xB2, 0xB2, 0xB2, 0x15, 0xB2, 0x15, 0x15, 0x15, 0xB2, 0xB2, 0xB2, 0xAB ; file 1B1637
db 0x8F, 0x15, 0xA9, 0x15, 0xB2, 0xB2, 0xB2, 0x15, 0xB2, 0x15, 0x15, 0x15, 0xB2, 0xB2, 0xB2, 0xAB ; file 1B1647
db 0xB2, 0xA6, 0xC1, 0x15, 0xB2, 0xB2, 0xB2, 0x15, 0xB2, 0x15, 0x15, 0x15, 0xB2, 0xB2, 0xB2, 0xAB ; file 1B1657
db 0xB2, 0x15, 0x15, 0x15, 0x99, 0x99, 0x99, 0x3F, 0x8F, 0x8F, 0xC1, 0xC0, 0x8F, 0x3A, 0xC1, 0xC1 ; file 1B1667
db 0x8F, 0x8F, 0xC1, 0xC1, 0x06, 0xBE, 0x06, 0x3F, 0x8F, 0x8F, 0x8F, 0x15, 0x8F, 0x3A, 0x8F, 0x3A ; file 1B1677
db 0x8F, 0x8F, 0x8F, 0x80, 0xB2, 0x07, 0xC3, 0x3F, 0x4D, 0xAA, 0x4D, 0x15, 0x8F, 0xAA, 0xC1, 0x3F ; file 1B1687
db 0x8F, 0xAA, 0xC1, 0x80, 0xB2, 0x07, 0x3F, 0x3F, 0x8F, 0xAA, 0x15, 0x15, 0x8F, 0xAA, 0x3F, 0x3F ; file 1B1697
db 0x8F, 0xAA, 0x80, 0x80, 0xB2, 0xAE, 0xB2, 0x15, 0x4D, 0xAE, 0x4D, 0x15, 0x0B, 0xAE, 0x0B, 0x80 ; file 1B16A7
db 0x1A, 0xAE, 0xA9, 0x80, 0xB2, 0xB2, 0xB2, 0x15, 0x8F, 0x15, 0xA9, 0x15, 0x8F, 0x3A, 0xA9, 0x80 ; file 1B16B7
db 0x8F, 0x80, 0xA9, 0x80, 0xB2, 0xB2, 0xB2, 0x15, 0x4D, 0x4D, 0x4D, 0x15, 0xB2, 0xA6, 0x80, 0x80 ; file 1B16C7
db 0x03, 0xA6, 0x80, 0x80, 0xB2, 0xB2, 0xB2, 0x15, 0xB2, 0x15, 0x15, 0x15, 0xB2, 0x80, 0x80, 0x80 ; file 1B16D7
db 0x80, 0x80, 0x80, 0x80, 0x10, 0x9B, 0x10, 0xCA, 0x10, 0x98, 0x98, 0x98, 0x2C, 0x9B, 0x2C, 0x98 ; file 1B16E7
db 0x2C, 0x98, 0x98, 0x98, 0x06, 0xCA, 0xCA, 0xCA, 0x06, 0xCA, 0xCA, 0xCA, 0x2C, 0x9B, 0xAD, 0xAD ; file 1B16F7
db 0x8F, 0x98, 0x98, 0x98, 0x10, 0x9B, 0xC3, 0x4E, 0x10, 0x98, 0x98, 0x98, 0x2C, 0x9B, 0xAD, 0xAD ; file 1B1707
db 0x2C, 0x98, 0x98, 0x98, 0xC4, 0xAD, 0xAD, 0xAD, 0xC4, 0xC5, 0xC5, 0xC5, 0xAD, 0xAD, 0xAD, 0xAD ; file 1B1717
db 0x54, 0x54, 0x54, 0x54, 0x10, 0x9B, 0x2A, 0x4E, 0xC2, 0x98, 0x8E, 0x98, 0x2C, 0x9B, 0x8E, 0x98 ; file 1B1727
db 0x8E, 0x98, 0x8E, 0x98, 0xC4, 0xCA, 0xCA, 0xCA, 0xA9, 0xC5, 0xA9, 0xC5, 0x2C, 0x59, 0xA9, 0xA5 ; file 1B1737
db 0xA9, 0xB6, 0xA9, 0x98, 0xC4, 0x4E, 0x4E, 0x4E, 0xBA, 0xC5, 0xBA, 0xC5, 0x2C, 0x9B, 0x4E, 0x4E ; file 1B1747
db 0x5A, 0x5A, 0x5A, 0x5A, 0xC4, 0xC4, 0xC4, 0xC5, 0xC4, 0xC5, 0xC5, 0xC5, 0xC4, 0xAD, 0xAD, 0xAD ; file 1B1757
db 0xA9, 0xC5, 0xA9, 0xC5, 0x0D, 0x9B, 0x0D, 0x9B, 0x0D, 0x9B, 0x8E, 0x98, 0x2C, 0x9B, 0x2C, 0x9B ; file 1B1767
db 0x2C, 0x9B, 0x8E, 0x98, 0x0D, 0x9B, 0x8C, 0x8C, 0x8F, 0x9B, 0xA9, 0x8C, 0x2C, 0x9B, 0xAD, 0xAD ; file 1B1777
db 0x8F, 0x9B, 0xA9, 0xAD, 0x0D, 0x9B, 0x4E, 0x4E, 0x0D, 0x9B, 0x4E, 0x4E, 0x2C, 0x9B, 0xAD, 0xAD ; file 1B1787
db 0x2C, 0x9B, 0x5A, 0x5A, 0xC4, 0xAD, 0xAD, 0xAD, 0xC4, 0xAD, 0xAD, 0xAD, 0xAD, 0xAD, 0xAD, 0xAD ; file 1B1797
db 0x8F, 0xAD, 0xAD, 0xAD, 0x0D, 0x9B, 0x4E, 0x4E, 0x8E, 0x9B, 0x8E, 0x39, 0x2C, 0x9B, 0x8E, 0x9B ; file 1B17A7
db 0x8E, 0x9B, 0x8E, 0x39, 0xC4, 0x59, 0xA9, 0x4E, 0xA9, 0xB6, 0xA9, 0xA9, 0x2C, 0x59, 0xA9, 0xA5 ; file 1B17B7
db 0xA9, 0xB6, 0xA9, 0xA9, 0xC4, 0x4E, 0x4E, 0x4E, 0xC4, 0x4E, 0x4E, 0x4E, 0x2C, 0x9B, 0x4E, 0x4E ; file 1B17C7
db 0x5A, 0x5A, 0x5A, 0x5A, 0xC4, 0xC4, 0xC4, 0x4E, 0xC4, 0xC4, 0xA9, 0xC5, 0xC4, 0xAD, 0xAD, 0xAD ; file 1B17D7
db 0xA9, 0xDB, 0xA9, 0xDB, 0x05, 0x05, 0x05, 0xCA, 0x05, 0x05, 0x8E, 0x98, 0x05, 0x9B, 0x8E, 0x98 ; file 1B17E7
db 0x8E, 0x98, 0x8E, 0x98, 0x06, 0x35, 0x06, 0xCA, 0x06, 0x35, 0xA9, 0x8B, 0x9D, 0x9D, 0x9D, 0x9D ; file 1B17F7
db 0x8F, 0x9D, 0xA9, 0xB0, 0x05, 0x05, 0xC3, 0x97, 0x05, 0x8B, 0xC3, 0x8B, 0x05, 0x9B, 0xC3, 0xAD ; file 1B1807
db 0x8E, 0x98, 0x8E, 0x98, 0xD0, 0x35, 0x97, 0x97, 0xD0, 0x8B, 0x8B, 0x8B, 0x9D, 0x9D, 0xAD, 0xAD ; file 1B1817
db 0x8F, 0x9D, 0xA9, 0x38, 0x05, 0x05, 0x8E, 0x4E, 0x8E, 0x53, 0x8E, 0x8E, 0x8E, 0x9B, 0x8E, 0x8E ; file 1B1827
db 0x8E, 0x8E, 0x8E, 0x8E, 0x06, 0x35, 0xA9, 0xCA, 0xA9, 0x53, 0xA9, 0xA9, 0x9D, 0x9D, 0xA9, 0x9D ; file 1B1837
db 0xA9, 0xB6, 0xA9, 0xA9, 0xB2, 0x4E, 0xC3, 0x4E, 0x8E, 0xA6, 0x8E, 0xC5, 0x8E, 0x9B, 0x8E, 0xAB ; file 1B1847
db 0x8E, 0xA6, 0x8E, 0x5A, 0xB2, 0xB2, 0xB2, 0x08, 0xB2, 0xC5, 0xA9, 0xC5, 0xB2, 0x9D, 0xA9, 0xAB ; file 1B1857
db 0xA9, 0xA3, 0xA9, 0xA3, 0x05, 0x9B, 0x8E, 0x9B, 0x8E, 0x9B, 0x8E, 0x8E, 0x2C, 0x9B, 0x8E, 0x9B ; file 1B1867
db 0x8E, 0x9B, 0x8E, 0x8E, 0xC9, 0x35, 0xA9, 0x47, 0x8F, 0x8F, 0xA9, 0xA4, 0x8F, 0x96, 0xA9, 0xAD ; file 1B1877
db 0x8F, 0x8F, 0xA9, 0xA9, 0x05, 0x9B, 0xC3, 0x47, 0x8E, 0x9B, 0x8E, 0xA4, 0x2C, 0x9B, 0x8E, 0xAD ; file 1B1887
db 0x8E, 0x9B, 0x8E, 0x5A, 0xC4, 0x47, 0x47, 0x47, 0x8F, 0xA4, 0xA4, 0xA4, 0x8F, 0xAD, 0xAD, 0xAD ; file 1B1897
db 0x8F, 0x8F, 0xA9, 0xAD, 0x8E, 0x9B, 0x8E, 0x4E, 0x8E, 0x8E, 0x8E, 0x8E, 0x8E, 0x9B, 0x8E, 0x8E ; file 1B18A7
db 0x8E, 0x8E, 0x8E, 0x8E, 0xA9, 0xB6, 0xA9, 0xA9, 0xA9, 0xB6, 0xA9, 0xA9, 0xA9, 0xB6, 0xA9, 0xA9 ; file 1B18B7
db 0xA9, 0xB6, 0xA9, 0xA9, 0xC4, 0x4E, 0x4E, 0x4E, 0x8E, 0xA6, 0x8E, 0x4E, 0x8E, 0x9B, 0x8E, 0x4E ; file 1B18C7
db 0x8E, 0xA6, 0x8E, 0x5A, 0xC4, 0xC4, 0xA9, 0x47, 0xA9, 0xB6, 0xA9, 0x09, 0xA9, 0xAD, 0xA9, 0xAD ; file 1B18D7
db 0xA9, 0xB6, 0xA9, 0xA9, 0x99, 0x99, 0x99, 0xC0, 0x99, 0xC0, 0xC0, 0xC0, 0x2C, 0x9B, 0x2C, 0x98 ; file 1B18E7
db 0x8F, 0x98, 0x98, 0x98, 0x06, 0xBE, 0x06, 0xCA, 0x06, 0xBE, 0xA9, 0xC0, 0x06, 0x9B, 0xA9, 0xA5 ; file 1B18F7
db 0x8F, 0x8F, 0xA9, 0x98, 0x99, 0x97, 0xC3, 0x97, 0x99, 0xC0, 0xC0, 0xC0, 0x2C, 0x9B, 0xC3, 0xAD ; file 1B1907
db 0x8F, 0x98, 0x93, 0x98, 0xD0, 0x97, 0x97, 0x97, 0xD0, 0x56, 0x56, 0x56, 0xD0, 0xAD, 0xAD, 0xAD ; file 1B1917
db 0x8F, 0x38, 0xA9, 0x38, 0x99, 0x99, 0x2A, 0xC0, 0xC2, 0xC0, 0xA9, 0xC0, 0x02, 0x9B, 0xA9, 0xA5 ; file 1B1927
db 0xA9, 0xAE, 0xA9, 0x98, 0x06, 0xBE, 0xA9, 0xA5, 0xA9, 0xA9, 0xA9, 0xA9, 0xA9, 0xA5, 0xA9, 0xA5 ; file 1B1937
db 0xA9, 0xA9, 0xA9, 0xA9, 0x21, 0x21, 0xC3, 0x4C, 0xC2, 0x4C, 0x16, 0x4C, 0x02, 0x9B, 0x93, 0xAB ; file 1B1947
db 0x03, 0xA6, 0x93, 0x49, 0xB2, 0xB2, 0xB2, 0x08, 0xB2, 0xC5, 0xA9, 0xC5, 0xB2, 0xAB, 0xA9, 0xAB ; file 1B1957
db 0xA9, 0xA3, 0xA9, 0xA3, 0x0D, 0x9B, 0x0D, 0x9B, 0x8F, 0x9B, 0xA9, 0xC0, 0x2C, 0x9B, 0x2C, 0x9B ; file 1B1967
db 0x8F, 0x9B, 0xA9, 0xB3, 0x06, 0x9B, 0xA9, 0x8C, 0x8F, 0x8F, 0xA9, 0xA9, 0x8F, 0x9B, 0xA9, 0xA5 ; file 1B1977
db 0x8F, 0x8F, 0xA9, 0xA9, 0x21, 0x9B, 0xC3, 0x4E, 0x21, 0x9B, 0x93, 0xC0, 0x2C, 0x9B, 0xD3, 0xAD ; file 1B1987
db 0x8F, 0x9B, 0x93, 0x5A, 0xC4, 0xAD, 0xAD, 0xAD, 0x8F, 0x56, 0xA9, 0x56, 0x8F, 0xAD, 0xAD, 0xAD ; file 1B1997
db 0x8F, 0x8F, 0xA9, 0xAD, 0x02, 0x9B, 0xA9, 0x4E, 0xA9, 0xAE, 0xA9, 0xA9, 0x02, 0x9B, 0xA9, 0xA5 ; file 1B19A7
db 0xA9, 0xAE, 0xA9, 0xA9, 0xA9, 0xA5, 0xA9, 0xA5, 0xA9, 0xA9, 0xA9, 0xA9, 0xA9, 0xA5, 0xA9, 0xA5 ; file 1B19B7
db 0xA9, 0xA9, 0xA9, 0xA9, 0x21, 0x21, 0x21, 0x4E, 0x21, 0xA6, 0x93, 0x4C, 0x02, 0x9B, 0x93, 0x4E ; file 1B19C7
db 0x03, 0xA6, 0x93, 0x5A, 0xC4, 0xC4, 0xA9, 0x4E, 0xA9, 0x09, 0xA9, 0x09, 0xA9, 0xA5, 0xA9, 0xA5 ; file 1B19D7
db 0xA9, 0xA6, 0xA9, 0xA7, 0x99, 0x99, 0x99, 0x97, 0x99, 0x99, 0x99, 0xC0, 0x99, 0x99, 0x99, 0xDC ; file 1B19E7
db 0x8F, 0xDC, 0xA9, 0xDC, 0x06, 0xBE, 0x06, 0x97, 0x06, 0xBE, 0xA9, 0x97, 0x06, 0x9D, 0xA9, 0xB7 ; file 1B19F7
db 0x8F, 0x8F, 0xA9, 0xA9, 0x99, 0x97, 0xC3, 0x97, 0x99, 0x97, 0xC3, 0x97, 0x99, 0xB7, 0xC3, 0xB7 ; file 1B1A07
db 0x8F, 0xA6, 0xA9, 0xDC, 0xD0, 0x97, 0x97, 0x97, 0xD0, 0x97, 0xD7, 0x97, 0xD0, 0xB7, 0xB7, 0xB7 ; file 1B1A17
db 0x8F, 0x38, 0xA9, 0x38, 0x99, 0x99, 0x99, 0x08, 0x99, 0xAE, 0xA9, 0xA9, 0x99, 0xAE, 0xA9, 0xA9 ; file 1B1A27
db 0xA9, 0xAE, 0xA9, 0xA9, 0x06, 0xBE, 0xA9, 0x08, 0xA9, 0xA9, 0xA9, 0xA9, 0xA9, 0x9D, 0xA9, 0xA9 ; file 1B1A37
db 0xA9, 0xA9, 0xA9, 0xA9, 0xB2, 0xB2, 0xC3, 0x08, 0xB2, 0xA6, 0xD2, 0x15, 0xB2, 0xA6, 0xA9, 0xAB ; file 1B1A47
db 0x03, 0xA6, 0xA9, 0xA3, 0xB2, 0xB2, 0xB2, 0x08, 0xB2, 0x15, 0xA9, 0x15, 0xB2, 0xAB, 0xA9, 0xAB ; file 1B1A57
db 0xA9, 0xA3, 0xA9, 0xA3, 0x99, 0x99, 0x99, 0xB3, 0x8F, 0x8F, 0xA9, 0xB3, 0x8F, 0x9B, 0xA9, 0xB3 ; file 1B1A67
db 0x8F, 0x8F, 0xA9, 0xB3, 0x06, 0xBE, 0xA9, 0x97, 0x8F, 0x8F, 0xA9, 0xA9, 0x8F, 0x3A, 0xA9, 0xA9 ; file 1B1A77
db 0x8F, 0x8F, 0xA9, 0xA9, 0x99, 0x97, 0xC3, 0x97, 0x8F, 0xA6, 0xA9, 0xB3, 0x8F, 0x9B, 0xA9, 0xBC ; file 1B1A87
db 0x8F, 0xA6, 0xA9, 0xB3, 0xD0, 0x97, 0x97, 0x97, 0x8F, 0x8F, 0xA9, 0x09, 0x8F, 0xBC, 0xA9, 0xBC ; file 1B1A97
db 0x8F, 0x8F, 0xA9, 0xA9, 0x99, 0xAE, 0xA9, 0xA9, 0xA9, 0xAE, 0xA9, 0xA9, 0xA9, 0xAE, 0xA9, 0xA9 ; file 1B1AA7
db 0xA9, 0xAE, 0xA9, 0xA9, 0xA9, 0xA9, 0xA9, 0xA9, 0xA9, 0xA9, 0xA9, 0xA9, 0xA9, 0xA9, 0xA9, 0xA9 ; file 1B1AB7
db 0xA9, 0xA9, 0xA9, 0xA9, 0x12, 0xA6, 0xA9, 0x4E, 0x03, 0xA6, 0xA9, 0x09, 0x03, 0xA6, 0xA9, 0xA6 ; file 1B1AC7
db 0x03, 0xA6, 0xA9, 0xA6, 0x12, 0x12, 0xA9, 0x08, 0xA9, 0x09, 0xA9, 0x09, 0xA9, 0xA6, 0xA9, 0xA9 ; file 1B1AD7
db 0xA9, 0xA6, 0xA9, 0xA9, 0x0D, 0x0D, 0x0D, 0xC0, 0x0D, 0xC0, 0xC0, 0xC0, 0x0D, 0x9B, 0xC6, 0x98 ; file 1B1AE7
db 0xC6, 0x98, 0xC6, 0x98, 0x0D, 0x8C, 0x8C, 0x8C, 0x0D, 0xC0, 0xC0, 0xC0, 0x0D, 0x52, 0xC6, 0x8C ; file 1B1AF7
db 0xC6, 0xB0, 0xC6, 0xB0, 0x0D, 0x0D, 0x0D, 0xC0, 0x0D, 0xC0, 0xC0, 0xC0, 0x0D, 0x9B, 0xC6, 0xAD ; file 1B1B07
db 0xC6, 0x98, 0xC6, 0x98, 0xB2, 0x07, 0x1C, 0x1C, 0xB2, 0xA4, 0xA4, 0xA4, 0xAD, 0xAD, 0xAD, 0xAD ; file 1B1B17
db 0xC6, 0x54, 0xC6, 0x54, 0x0D, 0x0D, 0x0D, 0xC0, 0xC2, 0xC0, 0xC0, 0xC0, 0x02, 0x57, 0xC6, 0x39 ; file 1B1B27
db 0x94, 0x39, 0xC6, 0x39, 0xB2, 0x59, 0x8C, 0x8C, 0xC2, 0x53, 0xA9, 0xC0, 0x59, 0x59, 0xA5, 0xA5 ; file 1B1B37
db 0x59, 0x59, 0xA9, 0x39, 0x21, 0x21, 0x16, 0x4E, 0xC2, 0xA6, 0x16, 0xC0, 0x02, 0x57, 0x93, 0xAB ; file 1B1B47
db 0x03, 0xA6, 0x93, 0x39, 0xB2, 0xB2, 0xB2, 0x08, 0xB2, 0xC5, 0xC5, 0xC5, 0xB2, 0x59, 0xAB, 0xAB ; file 1B1B57
db 0xB2, 0xB4, 0xB4, 0xB4, 0x0D, 0x0D, 0x0D, 0x8C, 0x0D, 0x0D, 0x0D, 0xC0, 0x0D, 0x9B, 0x0D, 0x9B ; file 1B1B67
db 0x0D, 0x9B, 0xC6, 0x39, 0x0D, 0x8C, 0x8C, 0x8C, 0x0D, 0x8C, 0x8C, 0x8C, 0x0D, 0x52, 0x8C, 0x8C ; file 1B1B77
db 0x8F, 0x52, 0xA9, 0x39, 0x0D, 0x0D, 0x0D, 0x4E, 0x0D, 0x0D, 0x0D, 0xA4, 0x0D, 0x9B, 0xAD, 0xAD ; file 1B1B87
db 0x03, 0x9B, 0x93, 0x39, 0x0D, 0x8C, 0x8C, 0x8C, 0x0D, 0xA4, 0xA4, 0xA4, 0xAD, 0xAD, 0xAD, 0xAD ; file 1B1B97
db 0x8F, 0xAA, 0xAD, 0xAD, 0x0D, 0x0D, 0x0D, 0x39, 0x0D, 0x39, 0x39, 0x39, 0x02, 0x57, 0x02, 0x39 ; file 1B1BA7
db 0x94, 0x39, 0x39, 0x39, 0x0D, 0x59, 0x8C, 0x8C, 0x0D, 0x59, 0xA9, 0x39, 0x59, 0x59, 0xA5, 0xA5 ; file 1B1BB7
db 0x59, 0x59, 0xA9, 0x39, 0x21, 0x21, 0x21, 0x4E, 0x21, 0xA6, 0x93, 0x39, 0x02, 0x57, 0x93, 0x39 ; file 1B1BC7
db 0x03, 0xA6, 0x93, 0x39, 0xC4, 0x59, 0xC4, 0x4E, 0xC4, 0xB4, 0xB4, 0xB4, 0x59, 0x59, 0xA5, 0xA5 ; file 1B1BD7
db 0xB4, 0xB4, 0xB4, 0xB4, 0x99, 0x99, 0x99, 0x99, 0x99, 0x99, 0x99, 0xC0, 0x99, 0x99, 0x99, 0xDC ; file 1B1BE7
db 0x99, 0xDC, 0xC1, 0xDC, 0x99, 0x35, 0x99, 0x1C, 0x99, 0x53, 0xB0, 0xB0, 0x99, 0x9D, 0xB0, 0xB0 ; file 1B1BF7
db 0x8F, 0xB0, 0xB0, 0xB0, 0x99, 0x99, 0x99, 0x1C, 0x99, 0x99, 0x99, 0xA4, 0x99, 0xB7, 0xB7, 0xB7 ; file 1B1C07
db 0x03, 0xA6, 0xC1, 0xDC, 0xB2, 0x07, 0x1C, 0x1C, 0xB2, 0xA4, 0xA4, 0xA4, 0xB2, 0xB7, 0xB7, 0xB7 ; file 1B1C17
db 0x8F, 0xAA, 0xB0, 0xB0, 0x99, 0x99, 0x99, 0x08, 0x99, 0x53, 0x8E, 0xC0, 0x99, 0xAE, 0x8E, 0xAB ; file 1B1C27
db 0x1A, 0xAE, 0x8E, 0xDC, 0xB2, 0x53, 0xB2, 0x08, 0x53, 0x53, 0xA9, 0x15, 0xB2, 0x59, 0xA9, 0xAB ; file 1B1C37
db 0xA9, 0xBD, 0xA9, 0xB0, 0xB2, 0xB2, 0xB2, 0x08, 0xB2, 0xA6, 0x15, 0x15, 0xB2, 0xA6, 0xAB, 0xAB ; file 1B1C47
db 0x03, 0xA6, 0x8E, 0xA8, 0xB2, 0xB2, 0xB2, 0x08, 0xB2, 0x15, 0x15, 0x15, 0xB2, 0xAB, 0xAB, 0xAB ; file 1B1C57
db 0xB2, 0xA6, 0x04, 0xAB, 0x0D, 0x0D, 0x0D, 0x8C, 0x0D, 0xAE, 0x8E, 0xA4, 0x0D, 0x9B, 0x8E, 0x9B ; file 1B1C67
db 0x1A, 0xAE, 0x8E, 0xDC, 0xC9, 0xC9, 0xC9, 0x8C, 0xC9, 0xA4, 0xA4, 0xA4, 0xC9, 0x3A, 0xA9, 0x3A ; file 1B1C77
db 0x8F, 0xBD, 0xA9, 0xB0, 0x0D, 0x0D, 0x0D, 0xA4, 0x03, 0xA4, 0xA4, 0xA4, 0x03, 0x9B, 0x8E, 0xA8 ; file 1B1C87
db 0x03, 0xA6, 0x8E, 0xA8, 0xC9, 0xA4, 0xA4, 0xA4, 0xA4, 0xA4, 0xA4, 0xA4, 0xC9, 0x3A, 0xAD, 0xAD ; file 1B1C97
db 0x8F, 0xAA, 0x04, 0xA4, 0x0D, 0xAE, 0x8E, 0x39, 0x1A, 0xAE, 0x8E, 0x39, 0xD6, 0xAE, 0x8E, 0x39 ; file 1B1CA7
db 0x1A, 0xAE, 0x8E, 0x39, 0xC9, 0x59, 0xA9, 0x8C, 0xA9, 0xBD, 0xA9, 0x09, 0x59, 0x59, 0xA9, 0xA5 ; file 1B1CB7
db 0xA9, 0xBD, 0xA9, 0xA9, 0x12, 0xA6, 0x12, 0x4E, 0x03, 0xA6, 0x8E, 0xA8, 0x03, 0xA6, 0x8E, 0xA8 ; file 1B1CC7
db 0x03, 0xA6, 0x8E, 0xA8, 0x12, 0x12, 0x12, 0x08, 0x12, 0x09, 0x04, 0x09, 0x12, 0x59, 0x04, 0xAB ; file 1B1CD7
db 0x03, 0xA6, 0x04, 0xDD, 0x99, 0x99, 0x99, 0xC0, 0x99, 0xC0, 0xC0, 0xC0, 0x99, 0x99, 0x99, 0xC0 ; file 1B1CE7
db 0x99, 0xC0, 0xC0, 0xC0, 0x99, 0x99, 0x99, 0xC0, 0x99, 0xC0, 0xC0, 0xC0, 0x99, 0x3A, 0xA5, 0xA5 ; file 1B1CF7
db 0x8F, 0xC0, 0xA9, 0xC0, 0x99, 0x99, 0x36, 0xC0, 0x99, 0xC0, 0xC0, 0xC0, 0x99, 0xB7, 0xB7, 0xB7 ; file 1B1D07
db 0x03, 0xA6, 0x93, 0xC0, 0xB2, 0x07, 0x1C, 0x1C, 0xB2, 0xC0, 0xC0, 0xC0, 0xB2, 0xB7, 0xB7, 0xB7 ; file 1B1D17
db 0x8F, 0xAA, 0xB7, 0xB7, 0x99, 0x99, 0x99, 0xC0, 0xC2, 0xC0, 0xC0, 0xC0, 0x02, 0x02, 0x02, 0xA5 ; file 1B1D27
db 0xC2, 0xAE, 0x93, 0xC0, 0xB2, 0xA5, 0xA5, 0xA5, 0xC2, 0xC0, 0xA9, 0xC0, 0x02, 0xA5, 0xA5, 0xA5 ; file 1B1D37
db 0xA9, 0xA5, 0xA9, 0xA5, 0x21, 0x21, 0x16, 0x08, 0xC2, 0xA6, 0x16, 0xC0, 0x02, 0xA6, 0x93, 0xAB ; file 1B1D47
db 0x03, 0xA6, 0x93, 0x93, 0xB2, 0xB2, 0xB2, 0x08, 0xB2, 0x15, 0x15, 0x15, 0xB2, 0xAB, 0xAB, 0xAB ; file 1B1D57
db 0xB2, 0xA6, 0x04, 0xA7, 0x0D, 0x0D, 0x0D, 0xC0, 0x0D, 0xC0, 0xC0, 0xC0, 0x02, 0x9B, 0x02, 0xA5 ; file 1B1D67
db 0x02, 0xAE, 0x93, 0xC0, 0x4F, 0x3A, 0x4F, 0x8C, 0x4F, 0xC0, 0xA9, 0xC0, 0x02, 0x3A, 0xA5, 0xA5 ; file 1B1D77
db 0x8F, 0x3A, 0xA9, 0xA5, 0x21, 0x21, 0x21, 0xC0, 0x21, 0xA6, 0x93, 0xC0, 0x02, 0x9B, 0x93, 0xA5 ; file 1B1D87
db 0x03, 0xA6, 0x93, 0x93, 0x12, 0x07, 0x12, 0x1C, 0x12, 0xAA, 0x04, 0x09, 0x02, 0x3A, 0xA5, 0xA5 ; file 1B1D97
db 0x8F, 0xAA, 0x04, 0xA7, 0x02, 0x02, 0x02, 0xA5, 0xC2, 0xAE, 0x93, 0xC0, 0x02, 0x02, 0x02, 0xA5 ; file 1B1DA7
db 0x02, 0xAE, 0x93, 0x39, 0x02, 0xA5, 0xA5, 0xA5, 0xA9, 0xA5, 0xA9, 0xA5, 0x02, 0xA5, 0xA5, 0xA5 ; file 1B1DB7
db 0xA9, 0xA5, 0xA9, 0xA5, 0x21, 0x21, 0x21, 0x21, 0x21, 0xA6, 0x93, 0x09, 0x02, 0xA6, 0x93, 0xA5 ; file 1B1DC7
db 0x03, 0xA6, 0x93, 0x93, 0x12, 0x12, 0x12, 0xA5, 0x12, 0x09, 0x04, 0x09, 0x02, 0xA5, 0xA5, 0xA5 ; file 1B1DD7
db 0x03, 0xA6, 0x04, 0xA7, 0x99, 0x99, 0x99, 0x99, 0x99, 0x99, 0x99, 0xC0, 0x99, 0x99, 0x99, 0xDC ; file 1B1DE7
db 0x99, 0xDC, 0xC1, 0xDC, 0x99, 0x99, 0x99, 0x1C, 0x99, 0x99, 0x99, 0xC0, 0x99, 0x3A, 0xB7, 0xB7 ; file 1B1DF7
db 0x8F, 0xDC, 0xA9, 0xDC, 0x99, 0x99, 0x99, 0x1C, 0x99, 0x99, 0x99, 0xC0, 0x99, 0xB7, 0xB7, 0xB7 ; file 1B1E07
db 0x03, 0xA6, 0xC1, 0xDC, 0xB2, 0x07, 0x1C, 0x1C, 0xB2, 0x07, 0x15, 0x15, 0xB2, 0xB7, 0xB7, 0xB7 ; file 1B1E17
db 0x8F, 0xAA, 0xB7, 0xB7, 0x99, 0x99, 0x99, 0x08, 0x99, 0xAE, 0x99, 0xC0, 0x99, 0xAE, 0x99, 0xAB ; file 1B1E27
db 0x1A, 0xAE, 0xA9, 0xDC, 0xB2, 0xB2, 0xB2, 0x08, 0xB2, 0x15, 0xA9, 0x15, 0xB2, 0xAB, 0xA9, 0xAB ; file 1B1E37
db 0xA9, 0xAE, 0xA9, 0xA9, 0xB2, 0xB2, 0xB2, 0x08, 0xB2, 0xA6, 0x15, 0x15, 0xB2, 0xA6, 0xAB, 0xAB ; file 1B1E47
db 0x03, 0xA6, 0x03, 0xA6, 0xB2, 0xB2, 0xB2, 0x08, 0xB2, 0x15, 0x15, 0x15, 0xB2, 0xAB, 0xAB, 0xAB ; file 1B1E57
db 0xB2, 0xA6, 0x04, 0xAB, 0x99, 0x99, 0x99, 0x99, 0x99, 0xAE, 0x99, 0xC0, 0x99, 0x3A, 0x99, 0xDC ; file 1B1E67
db 0x1A, 0xAE, 0xA9, 0xDC, 0x4F, 0x3A, 0x4F, 0x1C, 0x4F, 0x3A, 0xA9, 0x09, 0x3A, 0x3A, 0xA9, 0x3A ; file 1B1E77
db 0x8F, 0x3A, 0xA9, 0xA9, 0x99, 0x99, 0x99, 0x1C, 0x03, 0xA6, 0x03, 0x09, 0x03, 0xA6, 0xB7, 0xB7 ; file 1B1E87
db 0x03, 0xA6, 0x03, 0xA6, 0x12, 0x07, 0x12, 0x1C, 0x12, 0xAA, 0x04, 0x09, 0x12, 0x3A, 0xB7, 0xB7 ; file 1B1E97
db 0x8F, 0xAA, 0x04, 0xDD, 0x99, 0xAE, 0x99, 0xA5, 0x1A, 0xAE, 0xA9, 0xAE, 0x02, 0xAE, 0xA9, 0xA5 ; file 1B1EA7
db 0x1A, 0xAE, 0xA9, 0xAE, 0x12, 0x12, 0xA9, 0xA5, 0xA9, 0xAE, 0xA9, 0x09, 0xA9, 0x3A, 0xA9, 0xA5 ; file 1B1EB7
db 0xA9, 0xAE, 0xA9, 0xA9, 0x12, 0xA6, 0x12, 0x08, 0x03, 0xA6, 0x03, 0x09, 0x03, 0xA6, 0x03, 0xA6 ; file 1B1EC7
db 0x03, 0xA6, 0x03, 0xA6, 0x12, 0x12, 0x12, 0x08, 0x12, 0x09, 0x04, 0x09, 0x12, 0xA6, 0x04, 0xAB ; file 1B1ED7
db 0x03, 0xA6, 0x04, 0xDD, 0x5D, 0x84, 0x26, 0x83, 0x2B, 0x84, 0x26, 0x92, 0x89, 0x84, 0x89, 0x92 ; file 1B1EE7
db 0x88, 0x92, 0x92, 0x92, 0x26, 0x83, 0x26, 0x83, 0x26, 0x83, 0x26, 0x83, 0x89, 0x83, 0x26, 0x83 ; file 1B1EF7
db 0x88, 0x92, 0x26, 0x92, 0x29, 0x29, 0x2E, 0x29, 0x25, 0x29, 0xBA, 0x29, 0x89, 0x29, 0x2E, 0x29 ; file 1B1F07
db 0x25, 0x29, 0x92, 0x92, 0x2E, 0x29, 0x2E, 0x9A, 0x25, 0x29, 0x2E, 0x82, 0x2E, 0x29, 0x2E, 0x9A ; file 1B1F17
db 0x25, 0x19, 0x2E, 0x19, 0x5D, 0x84, 0x2A, 0x0F, 0x37, 0x37, 0xBA, 0x92, 0x89, 0x84, 0x2A, 0x92 ; file 1B1F27
db 0x9C, 0x92, 0x87, 0x92, 0x26, 0x83, 0x26, 0x83, 0x37, 0x37, 0x26, 0x83, 0x89, 0x83, 0x26, 0x83 ; file 1B1F37
db 0x9C, 0x19, 0x19, 0x19, 0x29, 0x29, 0xBA, 0x0F, 0xBA, 0x29, 0xBA, 0xBA, 0x89, 0x29, 0xBA, 0xCF ; file 1B1F47
db 0x9C, 0xCF, 0xBA, 0xCF, 0x5C, 0x29, 0x2E, 0x9A, 0x5C, 0x19, 0xBA, 0x19, 0x40, 0x19, 0x2E, 0x19 ; file 1B1F57
db 0x19, 0x19, 0x19, 0x19, 0x2B, 0x84, 0x26, 0x32, 0x2B, 0x2B, 0x2B, 0x32, 0x95, 0x95, 0x95, 0x32 ; file 1B1F67
db 0x88, 0x32, 0x32, 0x32, 0x26, 0x83, 0x26, 0x83, 0x2B, 0x2B, 0x26, 0x32, 0x95, 0x95, 0x26, 0x32 ; file 1B1F77
db 0x88, 0x32, 0x32, 0x32, 0x29, 0x29, 0x2E, 0x29, 0x2B, 0x29, 0x2B, 0x32, 0x95, 0x29, 0x95, 0x32 ; file 1B1F87
db 0x88, 0x32, 0x32, 0x32, 0x5C, 0x29, 0x2E, 0x9A, 0x2B, 0x19, 0x2E, 0x19, 0x40, 0x19, 0x2E, 0x19 ; file 1B1F97
db 0x88, 0x19, 0x19, 0x19, 0x37, 0x37, 0x2A, 0x0F, 0x37, 0x37, 0x37, 0x32, 0x95, 0x95, 0x87, 0x32 ; file 1B1FA7
db 0x9C, 0x9C, 0x87, 0x32, 0x5C, 0x41, 0x26, 0x83, 0x37, 0x37, 0x37, 0x19, 0x40, 0x19, 0x19, 0x19 ; file 1B1FB7
db 0x9C, 0x19, 0x19, 0x19, 0x5C, 0x29, 0x5C, 0x0F, 0x37, 0x37, 0xBA, 0x19, 0x40, 0x19, 0x19, 0x19 ; file 1B1FC7
db 0x9C, 0x19, 0x19, 0x19, 0x5C, 0x41, 0x5C, 0x19, 0x5C, 0x19, 0x19, 0x19, 0x40, 0x19, 0x19, 0x19 ; file 1B1FD7
db 0x19, 0x19, 0x19, 0x19, 0x27, 0x84, 0x26, 0x83, 0x25, 0x25, 0x25, 0x82, 0x89, 0x84, 0x89, 0x92 ; file 1B1FE7
db 0x25, 0x92, 0x92, 0x92, 0x13, 0x13, 0x26, 0x83, 0x25, 0x13, 0x26, 0x82, 0x89, 0x13, 0x26, 0xA1 ; file 1B1FF7
db 0xA1, 0xA1, 0xA1, 0xA1, 0x25, 0x29, 0x25, 0x29, 0x25, 0x25, 0x25, 0x82, 0x25, 0x29, 0x25, 0x29 ; file 1B2007
db 0x25, 0x25, 0x25, 0x82, 0xB9, 0x13, 0x2E, 0x82, 0x25, 0x82, 0x82, 0x82, 0x40, 0x13, 0x2E, 0x42 ; file 1B2017
db 0x25, 0x82, 0x82, 0x82, 0x27, 0x84, 0x2A, 0x0F, 0x25, 0x25, 0xBA, 0x82, 0x89, 0x84, 0x2A, 0x92 ; file 1B2027
db 0x9C, 0x92, 0x87, 0x92, 0x13, 0x13, 0x26, 0x83, 0x25, 0x13, 0x1B, 0x82, 0x40, 0x13, 0x26, 0xA1 ; file 1B2037
db 0x40, 0xA1, 0xA1, 0xA1, 0x25, 0x29, 0xBA, 0x0F, 0x25, 0x25, 0xBA, 0x82, 0x40, 0x29, 0x40, 0xCF ; file 1B2047
db 0x0C, 0xCF, 0xBA, 0xCF, 0x40, 0x13, 0x2E, 0x82, 0x25, 0x82, 0x1B, 0x82, 0x40, 0x40, 0x40, 0x8A ; file 1B2057
db 0x40, 0x8A, 0x8A, 0x8A, 0x27, 0x84, 0x26, 0x32, 0x2B, 0x2B, 0x2B, 0x32, 0x95, 0x95, 0x95, 0x32 ; file 1B2067
db 0x88, 0x32, 0x32, 0x32, 0x13, 0x13, 0x26, 0x83, 0x2B, 0x13, 0x26, 0x82, 0x40, 0x96, 0x26, 0x42 ; file 1B2077
db 0x88, 0x96, 0xA1, 0xA1, 0x25, 0x29, 0x25, 0x29, 0x25, 0x25, 0x25, 0x82, 0x40, 0x29, 0x40, 0x42 ; file 1B2087
db 0x25, 0x25, 0x25, 0x32, 0x40, 0x13, 0x2E, 0x42, 0x25, 0x82, 0x82, 0x82, 0x40, 0x40, 0x40, 0x42 ; file 1B2097
db 0x40, 0x19, 0x19, 0x19, 0x37, 0x37, 0x2A, 0x0F, 0x37, 0x37, 0x37, 0x32, 0x40, 0x40, 0x40, 0x32 ; file 1B20A7
db 0x9C, 0x9C, 0x87, 0x32, 0x40, 0x13, 0x26, 0x83, 0x37, 0x37, 0x37, 0x19, 0x40, 0x40, 0x40, 0x19 ; file 1B20B7
db 0x40, 0xB6, 0x19, 0x19, 0x40, 0x29, 0x40, 0x0F, 0x25, 0x25, 0xBA, 0x19, 0x40, 0x40, 0x40, 0x19 ; file 1B20C7
db 0x40, 0x19, 0x19, 0x19, 0x40, 0x40, 0x40, 0x19, 0x40, 0x19, 0x19, 0x19, 0x40, 0x40, 0x40, 0x19 ; file 1B20D7
db 0x40, 0x19, 0x19, 0x19, 0x5D, 0x84, 0x26, 0x83, 0x2B, 0x84, 0xD9, 0x92, 0x89, 0x84, 0x89, 0x92 ; file 1B20E7
db 0x88, 0x92, 0x92, 0x92, 0x28, 0x0E, 0x26, 0x83, 0x28, 0x0E, 0x26, 0x83, 0x28, 0x0E, 0x26, 0x83 ; file 1B20F7
db 0xCE, 0x92, 0x26, 0x92, 0x29, 0x29, 0x3D, 0x29, 0x25, 0x29, 0xD9, 0xD9, 0x89, 0x29, 0x3D, 0x29 ; file 1B2107
db 0x0C, 0x29, 0xD9, 0x49, 0xB9, 0x0E, 0x2E, 0x9A, 0xB9, 0x0E, 0x2E, 0x56, 0xB9, 0x0E, 0x2E, 0x9A ; file 1B2117
db 0xB9, 0x0E, 0x2E, 0x8A, 0x24, 0x84, 0x2A, 0x0F, 0x2D, 0x2D, 0xBA, 0x49, 0x24, 0x24, 0x24, 0x24 ; file 1B2127
db 0x24, 0x24, 0x24, 0x49, 0x28, 0x0E, 0x26, 0x83, 0x28, 0x0E, 0x1B, 0x83, 0x24, 0x24, 0x24, 0x83 ; file 1B2137
db 0x24, 0x8A, 0x8A, 0x8A, 0x30, 0x29, 0x3D, 0x0F, 0xBA, 0x29, 0xBA, 0x49, 0x24, 0x24, 0x24, 0x49 ; file 1B2147
db 0x0C, 0x49, 0x49, 0x49, 0x5C, 0x0E, 0x2E, 0x9A, 0x1B, 0x0E, 0x1B, 0x8A, 0x24, 0x0E, 0x2E, 0x8A ; file 1B2157
db 0x0C, 0x8A, 0x8A, 0x8A, 0x2B, 0x84, 0x26, 0x32, 0x2B, 0x2B, 0x2B, 0x32, 0x95, 0x95, 0x95, 0x32 ; file 1B2167
db 0x88, 0x32, 0x32, 0x32, 0x28, 0x0E, 0x26, 0x83, 0x2B, 0x2B, 0x26, 0x32, 0x95, 0x95, 0x26, 0x32 ; file 1B2177
db 0x88, 0x32, 0x32, 0x32, 0x30, 0x29, 0x3D, 0x29, 0x2B, 0x29, 0xD9, 0x32, 0x95, 0x29, 0xD3, 0xD3 ; file 1B2187
db 0x88, 0x32, 0xD3, 0x32, 0x5C, 0x0E, 0x2E, 0x9A, 0x2B, 0x0E, 0x2E, 0x19, 0x40, 0x0E, 0xD3, 0x19 ; file 1B2197
db 0x88, 0x19, 0x19, 0x19, 0x30, 0x30, 0x2A, 0x0F, 0x37, 0x37, 0x37, 0x32, 0x24, 0x24, 0x24, 0x32 ; file 1B21A7
db 0x9C, 0x9C, 0x87, 0x32, 0x5C, 0x41, 0x26, 0x83, 0x37, 0x37, 0x37, 0x19, 0x24, 0x19, 0x19, 0x19 ; file 1B21B7
db 0x9C, 0x19, 0x19, 0x19, 0x30, 0x30, 0x30, 0x0F, 0x30, 0x30, 0x1D, 0x19, 0x30, 0x30, 0xD3, 0x19 ; file 1B21C7
db 0x9C, 0x19, 0xB5, 0x19, 0x5C, 0x41, 0x5C, 0x19, 0x5C, 0x19, 0x19, 0x19, 0x40, 0x19, 0x19, 0x19 ; file 1B21D7
db 0x19, 0x19, 0x19, 0x19, 0x34, 0x34, 0x34, 0x34, 0x25, 0x25, 0xD9, 0xD9, 0x34, 0x34, 0x34, 0x44 ; file 1B21E7
db 0xCE, 0x44, 0xD9, 0x44, 0xB9, 0x13, 0x26, 0x83, 0xB9, 0x13, 0xD7, 0x82, 0xB9, 0x13, 0x26, 0xA1 ; file 1B21F7
db 0xCE, 0xA1, 0xA1, 0xA1, 0xB9, 0x29, 0xD9, 0xD9, 0x25, 0x25, 0xD9, 0xD9, 0xB9, 0x29, 0xD9, 0x8A ; file 1B2207
db 0x0C, 0x0C, 0xD9, 0x8A, 0xB9, 0xB9, 0xB9, 0x14, 0xB9, 0x82, 0xD7, 0x82, 0xB9, 0xB9, 0xB9, 0x8A ; file 1B2217
db 0xB9, 0x8A, 0x8A, 0x8A, 0x2D, 0x2D, 0x2A, 0x0F, 0x2D, 0x2D, 0x2D, 0x2D, 0x24, 0x24, 0x24, 0x8A ; file 1B2227
db 0x0C, 0x0C, 0x0C, 0x8A, 0xB9, 0x13, 0x1B, 0x83, 0x2D, 0x2D, 0x1B, 0x8A, 0x24, 0x8A, 0x8A, 0x8A ; file 1B2237
db 0xCE, 0x8A, 0x8A, 0x8A, 0xB9, 0x29, 0xD2, 0x0F, 0x0C, 0x0C, 0xD2, 0x8A, 0x0C, 0x0C, 0x0C, 0x8A ; file 1B2247
db 0x0C, 0x0C, 0x0C, 0x8A, 0xB9, 0x46, 0x1B, 0x8A, 0x1B, 0x8A, 0x1B, 0x8A, 0x40, 0x8A, 0x8A, 0x8A ; file 1B2257
db 0x0C, 0x8A, 0x8A, 0x8A, 0x34, 0x34, 0x34, 0x32, 0x2B, 0x2B, 0xD9, 0x32, 0x45, 0x45, 0x45, 0x32 ; file 1B2267
db 0x88, 0x32, 0x32, 0x32, 0xB9, 0x13, 0x26, 0x83, 0x2B, 0x13, 0xD7, 0x82, 0x40, 0x96, 0x26, 0x42 ; file 1B2277
db 0xCE, 0x96, 0xA1, 0xA1, 0xB9, 0x29, 0xD9, 0xD9, 0x25, 0x25, 0xD9, 0xD9, 0x40, 0x29, 0xD3, 0x42 ; file 1B2287
db 0x0C, 0x0C, 0xD9, 0x32, 0xB9, 0x46, 0xB9, 0x14, 0xB9, 0x46, 0xD7, 0x82, 0x40, 0x40, 0x40, 0x42 ; file 1B2297
db 0x40, 0x8A, 0x8A, 0x8A, 0xD4, 0x46, 0xD4, 0x46, 0x2D, 0x2D, 0x2D, 0x2D, 0x24, 0x24, 0x24, 0x32 ; file 1B22A7
db 0x9C, 0x9C, 0x87, 0x32, 0x18, 0x46, 0x18, 0x46, 0x2D, 0x46, 0x1B, 0x8A, 0x40, 0x40, 0x40, 0x8A ; file 1B22B7
db 0x40, 0x8A, 0x8A, 0x8A, 0x30, 0x46, 0x30, 0x46, 0x0C, 0x46, 0xD2, 0x8A, 0x40, 0x40, 0x40, 0x8A ; file 1B22C7
db 0x0C, 0x0C, 0x0C, 0x8A, 0x18, 0x46, 0x18, 0x46, 0x18, 0x46, 0x1B, 0x8A, 0x40, 0x40, 0x40, 0x8A ; file 1B22D7
db 0x40, 0x8A, 0x8A, 0x8A, 0x29, 0x29, 0x26, 0x29, 0x29, 0x29, 0x26, 0x29, 0x89, 0x29, 0x89, 0x29 ; file 1B22E7
db 0x88, 0x29, 0x92, 0x92, 0x26, 0x29, 0x26, 0x83, 0x26, 0x29, 0x26, 0x83, 0x89, 0x29, 0x26, 0x83 ; file 1B22F7
db 0xCE, 0x29, 0x26, 0x92, 0x29, 0x29, 0x29, 0x29, 0x29, 0x29, 0x29, 0x29, 0x29, 0x29, 0x29, 0x29 ; file 1B2307
db 0x29, 0x29, 0x29, 0x29, 0x29, 0x29, 0x2E, 0x29, 0x29, 0x29, 0x2E, 0x29, 0x29, 0x29, 0x2E, 0x29 ; file 1B2317
db 0x29, 0x29, 0x2E, 0x19, 0x29, 0x29, 0x0F, 0x0F, 0x3C, 0x29, 0x3C, 0x0F, 0x89, 0x29, 0x0F, 0x0F ; file 1B2327
db 0x17, 0x17, 0x17, 0x50, 0x33, 0x29, 0x26, 0x0F, 0x3C, 0x29, 0x1B, 0x0F, 0x33, 0x29, 0x26, 0x0F ; file 1B2337
db 0x17, 0x43, 0x17, 0x19, 0x29, 0x29, 0x0F, 0x0F, 0x29, 0x29, 0xBA, 0x0F, 0x29, 0x29, 0x0F, 0x0F ; file 1B2347
db 0x17, 0x29, 0x3E, 0x86, 0x33, 0x29, 0x0F, 0x0F, 0x33, 0x29, 0x1B, 0x0F, 0x33, 0x29, 0x0F, 0x0F ; file 1B2357
db 0x33, 0x19, 0x19, 0x19, 0x23, 0x29, 0x23, 0x29, 0x2B, 0x29, 0x2B, 0x32, 0x95, 0x29, 0x95, 0x32 ; file 1B2367
db 0x88, 0x32, 0x32, 0x32, 0x23, 0x29, 0x26, 0x83, 0x2B, 0x29, 0x26, 0x32, 0x95, 0x52, 0x26, 0x32 ; file 1B2377
db 0x88, 0x43, 0x32, 0x32, 0x29, 0x29, 0x29, 0x29, 0x29, 0x29, 0x1D, 0x29, 0x29, 0x29, 0x29, 0x29 ; file 1B2387
db 0x88, 0x29, 0x3E, 0x86, 0x29, 0x29, 0x2E, 0x29, 0x29, 0x29, 0x2E, 0x19, 0x29, 0x29, 0x2E, 0x19 ; file 1B2397
db 0x88, 0x19, 0x19, 0x19, 0xB8, 0x29, 0xB8, 0x0F, 0x37, 0x37, 0x37, 0x50, 0x17, 0x57, 0x17, 0x50 ; file 1B23A7
db 0x17, 0x17, 0x17, 0x50, 0x5C, 0x29, 0x26, 0x0F, 0x37, 0x43, 0x37, 0x19, 0x17, 0x43, 0x17, 0x19 ; file 1B23B7
db 0x17, 0x43, 0x17, 0x19, 0x29, 0x29, 0x0F, 0x0F, 0x37, 0x29, 0x1D, 0x86, 0x17, 0x29, 0x3E, 0x86 ; file 1B23C7
db 0x17, 0x86, 0x3E, 0x86, 0x5C, 0x29, 0x5C, 0x0F, 0x5C, 0x19, 0x19, 0x19, 0x40, 0x19, 0x19, 0x19 ; file 1B23D7
db 0x17, 0x19, 0x19, 0x19, 0x27, 0x29, 0x26, 0x29, 0x25, 0x29, 0x25, 0x29, 0x89, 0x29, 0x89, 0x29 ; file 1B23E7
db 0xCE, 0x29, 0x44, 0x44, 0xDA, 0x13, 0x26, 0x83, 0xCE, 0x13, 0x1B, 0x82, 0xCC, 0x13, 0x26, 0xA1 ; file 1B23F7
db 0xCE, 0xA1, 0xA1, 0xA1, 0x29, 0x29, 0x29, 0x29, 0x25, 0x29, 0x25, 0x29, 0x29, 0x29, 0x29, 0x29 ; file 1B2407
db 0x25, 0x29, 0x25, 0x29, 0x29, 0x29, 0x2E, 0x29, 0x25, 0x29, 0x1B, 0x82, 0x29, 0x29, 0x2E, 0x29 ; file 1B2417
db 0xCE, 0x29, 0x1B, 0x82, 0x2D, 0x29, 0x0F, 0x0F, 0x2D, 0x2D, 0x2D, 0x0F, 0xD6, 0x29, 0xD6, 0x0F ; file 1B2427
db 0x2D, 0x2D, 0x2D, 0x44, 0xDA, 0x13, 0x1B, 0x0F, 0x2D, 0x53, 0x1B, 0xAC, 0x40, 0x13, 0x1B, 0xA1 ; file 1B2437
db 0xCE, 0x43, 0x1B, 0xA1, 0x29, 0x29, 0x0F, 0x0F, 0x25, 0x29, 0x1B, 0x0F, 0x29, 0x29, 0x0F, 0x0F ; file 1B2447
db 0x0C, 0x29, 0x1B, 0x86, 0x33, 0x29, 0x1B, 0x0F, 0x1B, 0xAC, 0x1B, 0xAC, 0x40, 0x29, 0x1B, 0x0F ; file 1B2457
db 0x1B, 0x8A, 0x1B, 0x8A, 0x23, 0x29, 0x23, 0x29, 0x2B, 0x29, 0x2B, 0x32, 0x45, 0x29, 0x45, 0x32 ; file 1B2467
db 0x88, 0x32, 0x32, 0x32, 0xC9, 0x13, 0x26, 0x83, 0x2B, 0x13, 0x1B, 0x82, 0xCC, 0x96, 0xCC, 0x42 ; file 1B2477
db 0xCC, 0x43, 0xA1, 0xA1, 0x29, 0x29, 0x29, 0x29, 0x25, 0x29, 0x25, 0x29, 0x29, 0x29, 0x29, 0x29 ; file 1B2487
db 0x25, 0x29, 0x3E, 0x86, 0x18, 0x29, 0x2E, 0x29, 0x25, 0x29, 0x1B, 0x82, 0x40, 0x29, 0x40, 0x42 ; file 1B2497
db 0x40, 0xAA, 0x19, 0x19, 0xB8, 0x29, 0xB8, 0x0F, 0x2D, 0x2D, 0x2D, 0x50, 0xD6, 0xD6, 0xD6, 0x50 ; file 1B24A7
db 0x17, 0x17, 0x17, 0x50, 0x18, 0x13, 0x18, 0x0F, 0x2D, 0x43, 0x1B, 0xAC, 0x40, 0x40, 0x40, 0x19 ; file 1B24B7
db 0x17, 0x43, 0x17, 0x19, 0x18, 0x29, 0x0F, 0x0F, 0x25, 0x29, 0x1B, 0x86, 0x40, 0x29, 0x3E, 0x86 ; file 1B24C7
db 0x4A, 0x86, 0x3E, 0x86, 0x18, 0x18, 0x18, 0x0F, 0x18, 0xAC, 0x1B, 0xAC, 0x40, 0x40, 0x40, 0x19 ; file 1B24D7
db 0x40, 0x19, 0x19, 0x19, 0x29, 0x29, 0x36, 0x29, 0x2D, 0x29, 0x2D, 0x29, 0x89, 0x29, 0x36, 0x29 ; file 1B24E7
db 0xC7, 0x29, 0x44, 0x44, 0xDA, 0x0E, 0x26, 0x0E, 0xCE, 0x0E, 0x1B, 0x0E, 0xCE, 0x0E, 0x26, 0x0E ; file 1B24F7
db 0xCE, 0xCE, 0xCE, 0x44, 0x29, 0x29, 0x36, 0x29, 0x29, 0x29, 0x36, 0x29, 0x29, 0x29, 0x36, 0x29 ; file 1B2507
db 0x29, 0x29, 0x36, 0x29, 0x0E, 0x0E, 0x0E, 0x0E, 0x0E, 0x0E, 0x1B, 0x0E, 0x0E, 0x0E, 0x0E, 0x0E ; file 1B2517
db 0xCE, 0x0E, 0x1B, 0x0E, 0x2D, 0x29, 0x0F, 0x0F, 0x2D, 0x2D, 0x2D, 0x0F, 0x24, 0x24, 0x24, 0x0F ; file 1B2527
db 0xC7, 0xC7, 0xC7, 0x44, 0xDA, 0x0E, 0x1B, 0x0E, 0x2D, 0x0E, 0x1B, 0xAC, 0x24, 0x0E, 0x1B, 0x0E ; file 1B2537
db 0xC7, 0x43, 0x1B, 0x85, 0x29, 0x29, 0x0F, 0x0F, 0x2D, 0x29, 0x16, 0x0F, 0x24, 0x29, 0x0F, 0x0F ; file 1B2547
db 0xC7, 0x29, 0xB5, 0x49, 0x0E, 0x0E, 0x1B, 0x0E, 0x1B, 0x0E, 0x1B, 0xAC, 0x0E, 0x0E, 0x1B, 0x0E ; file 1B2557
db 0x1B, 0x0E, 0x1B, 0x85, 0x23, 0x29, 0x23, 0x29, 0x2B, 0x29, 0x1D, 0x32, 0x45, 0x29, 0x45, 0x32 ; file 1B2567
db 0x88, 0x32, 0x32, 0x32, 0xDA, 0x0E, 0x26, 0x0E, 0x2B, 0x0E, 0x1B, 0x0E, 0x45, 0x0E, 0x26, 0x0E ; file 1B2577
db 0xCE, 0x43, 0xCE, 0x32, 0x29, 0x29, 0x36, 0x29, 0x1D, 0x29, 0x1D, 0x1D, 0x29, 0x29, 0xD3, 0x29 ; file 1B2587
db 0x4A, 0x29, 0xB5, 0x86, 0x0E, 0x0E, 0x0E, 0x0E, 0x0E, 0x0E, 0x1B, 0x0E, 0x0E, 0x0E, 0xD3, 0x0E ; file 1B2597
db 0xCE, 0x0E, 0x85, 0x85, 0xB8, 0x29, 0x1D, 0x0F, 0x2D, 0x2D, 0x1D, 0x1D, 0x0B, 0x0B, 0x0B, 0x50 ; file 1B25A7
db 0x17, 0x17, 0xB5, 0x50, 0x18, 0x0E, 0x18, 0x0E, 0x2D, 0x43, 0x1B, 0x85, 0x0B, 0x43, 0x0B, 0x85 ; file 1B25B7
db 0x17, 0x43, 0x85, 0x85, 0x30, 0x29, 0x1D, 0x0F, 0x1D, 0x1D, 0x1D, 0x1D, 0x0B, 0x29, 0xB5, 0x86 ; file 1B25C7
db 0x4A, 0x86, 0xB5, 0x86, 0x18, 0x0E, 0x18, 0x0E, 0x18, 0x0E, 0x1B, 0x85, 0x18, 0x0E, 0x85, 0x85 ; file 1B25D7
db 0x4A, 0x85, 0x85, 0x85, 0x5B, 0x29, 0x5B, 0x29, 0x2D, 0x2D, 0x2D, 0x44, 0x45, 0x29, 0x44, 0x44 ; file 1B25E7
db 0xCE, 0x44, 0x44, 0x44, 0xDA, 0xDA, 0xDA, 0xDA, 0xCE, 0xCE, 0x1B, 0xAC, 0xCE, 0xCE, 0xCE, 0x44 ; file 1B25F7
db 0xCE, 0xCE, 0xCE, 0x44, 0x29, 0x29, 0x36, 0x29, 0x25, 0x29, 0xD9, 0xAC, 0x29, 0x29, 0x36, 0x29 ; file 1B2607
db 0xCE, 0x29, 0xD9, 0x44, 0xB9, 0x0E, 0x1B, 0x0E, 0x1B, 0x0E, 0x1B, 0xAC, 0xB9, 0x0E, 0x1B, 0x0E ; file 1B2617
db 0xCE, 0xCE, 0x1B, 0x8A, 0x2D, 0x2D, 0x2D, 0x0F, 0x2D, 0x2D, 0x2D, 0x2D, 0x2D, 0x2D, 0x2D, 0x44 ; file 1B2627
db 0x2D, 0x2D, 0x2D, 0x44, 0xDA, 0xDA, 0x1B, 0xAC, 0x2D, 0x2D, 0x1B, 0xAC, 0xCE, 0xCE, 0x1B, 0x8A ; file 1B2637
db 0xCE, 0xCE, 0x1B, 0x8A, 0x2D, 0x29, 0x1B, 0x0F, 0x2D, 0x2D, 0x1B, 0xAC, 0x0C, 0x29, 0x1B, 0x0F ; file 1B2647
db 0x0C, 0x0C, 0x1B, 0x8A, 0x18, 0x0E, 0x1B, 0xAC, 0x1B, 0xAC, 0x1B, 0xAC, 0x18, 0x0E, 0x1B, 0x8A ; file 1B2657
db 0x1B, 0x8A, 0x1B, 0x8A, 0x45, 0x29, 0x45, 0x29, 0x2D, 0x2D, 0x2D, 0x44, 0x45, 0x45, 0x45, 0x44 ; file 1B2667
db 0x45, 0x44, 0x44, 0x44, 0xDA, 0xDA, 0xDA, 0xDA, 0xCE, 0xCE, 0x1B, 0xAC, 0x45, 0x3A, 0x45, 0x3A ; file 1B2677
db 0xCE, 0xCE, 0xCE, 0x44, 0x18, 0x29, 0x36, 0x29, 0x25, 0x29, 0xD9, 0xAC, 0x45, 0x29, 0x45, 0x29 ; file 1B2687
db 0x4A, 0x4A, 0x4A, 0x44, 0x18, 0x0E, 0x18, 0x0E, 0x18, 0x0E, 0x1B, 0xAC, 0x18, 0x0E, 0x18, 0x42 ; file 1B2697
db 0xCE, 0xAA, 0x1B, 0x90, 0xD4, 0xD4, 0xD4, 0xD4, 0x2D, 0x2D, 0x2D, 0x2D, 0x45, 0x45, 0x45, 0x44 ; file 1B26A7
db 0x2D, 0x2D, 0x2D, 0x44, 0x18, 0x18, 0x18, 0xAC, 0x2D, 0x2D, 0x1B, 0xAC, 0x18, 0x18, 0x18, 0x90 ; file 1B26B7
db 0xCE, 0x43, 0x1B, 0x90, 0x18, 0x18, 0x18, 0x0F, 0x2D, 0x2D, 0x1B, 0xAC, 0x4A, 0x4A, 0x4A, 0x86 ; file 1B26C7
db 0x4A, 0x4A, 0x4A, 0x86, 0x18, 0x18, 0x18, 0xAC, 0x18, 0xAC, 0x1B, 0xAC, 0x18, 0x18, 0x18, 0x90 ; file 1B26D7
db 0x4A, 0x90, 0x1B, 0x90, 0x00, 0x00, 0x00, 0x00, 0x00, 0x00, 0x00, 0x32, 0x95, 0x95, 0x95, 0x32 ; file 1B26E7
db 0x95, 0x32, 0x32, 0x32, 0x00, 0x00, 0x26, 0x83, 0x00, 0x00, 0x26, 0x32, 0x95, 0xCD, 0xCD, 0xCD ; file 1B26F7
db 0x95, 0x32, 0x32, 0x32, 0x00, 0x29, 0x00, 0x0F, 0x00, 0x29, 0xBA, 0x0F, 0x95, 0x29, 0x95, 0x0F ; file 1B2707
db 0x95, 0x32, 0x32, 0x32, 0x00, 0x29, 0x2E, 0x9A, 0x00, 0x8B, 0x2E, 0x8B, 0x95, 0xCD, 0x2E, 0xCD ; file 1B2717
db 0x95, 0x32, 0x2E, 0x32, 0x00, 0x00, 0x2A, 0x0F, 0xBF, 0xBF, 0x2A, 0x0F, 0x95, 0x95, 0x2A, 0x0F ; file 1B2727
db 0xBF, 0xBF, 0x87, 0x32, 0x00, 0x41, 0x2A, 0x0F, 0xBF, 0x41, 0x2A, 0x0F, 0x95, 0xCD, 0x2A, 0xCD ; file 1B2737
db 0xBF, 0x43, 0x87, 0x32, 0x00, 0x0F, 0x0F, 0x0F, 0xBA, 0x0F, 0xBA, 0x0F, 0x95, 0x0F, 0x0F, 0x0F ; file 1B2747
db 0xBF, 0x86, 0x3E, 0x86, 0x41, 0x41, 0x0F, 0x0F, 0x41, 0x41, 0xBA, 0x0F, 0x40, 0x41, 0x0F, 0x0F ; file 1B2757
db 0xBF, 0x19, 0x19, 0x19, 0x95, 0x95, 0x95, 0x32, 0x2B, 0x32, 0x32, 0x32, 0x95, 0x95, 0x95, 0x32 ; file 1B2767
db 0x95, 0x32, 0x32, 0x32, 0x95, 0x41, 0x26, 0x32, 0x2B, 0x32, 0x32, 0x32, 0x95, 0x95, 0x95, 0x32 ; file 1B2777
db 0x95, 0x32, 0x32, 0x32, 0x95, 0x29, 0x95, 0x0F, 0x2B, 0x32, 0x32, 0x32, 0x95, 0x95, 0x95, 0x32 ; file 1B2787
db 0x95, 0x32, 0x32, 0x32, 0x41, 0x41, 0x2E, 0x41, 0x2B, 0x41, 0x2E, 0x32, 0x95, 0x41, 0x42, 0x42 ; file 1B2797
db 0x95, 0x32, 0x32, 0x32, 0x95, 0x41, 0x2A, 0x0F, 0xBF, 0xBF, 0x87, 0x32, 0x95, 0x95, 0x87, 0x32 ; file 1B27A7
db 0xBF, 0xBF, 0x87, 0x32, 0x41, 0x41, 0x2A, 0x41, 0xBF, 0x41, 0x87, 0x32, 0x95, 0x41, 0x87, 0x32 ; file 1B27B7
db 0xBF, 0x43, 0x87, 0x32, 0x41, 0x41, 0x0F, 0x0F, 0xBF, 0x41, 0x1D, 0x86, 0x95, 0x41, 0x3E, 0x86 ; file 1B27C7
db 0xBF, 0x86, 0x3E, 0x86, 0x41, 0x41, 0x41, 0x41, 0x41, 0x41, 0x19, 0x19, 0x40, 0x41, 0x19, 0x19 ; file 1B27D7
db 0xBF, 0x19, 0x19, 0x19, 0x00, 0x00, 0x00, 0x00, 0x00, 0x00, 0x00, 0x32, 0x95, 0x95, 0x95, 0x32 ; file 1B27E7
db 0x95, 0x32, 0x32, 0x32, 0xDA, 0x13, 0x26, 0x83, 0xDA, 0x8B, 0x8B, 0x8B, 0x95, 0x96, 0xCD, 0xCD ; file 1B27F7
db 0x95, 0x96, 0xA1, 0xA1, 0x00, 0x29, 0xD8, 0x0F, 0x25, 0x25, 0x25, 0x8B, 0x95, 0x29, 0x42, 0x42 ; file 1B2807
db 0x25, 0x25, 0x25, 0x32, 0xB9, 0x8B, 0xD8, 0x8B, 0x25, 0x8B, 0x8B, 0x8B, 0x40, 0x42, 0x42, 0x42 ; file 1B2817
db 0x25, 0x8B, 0x8B, 0x8B, 0x00, 0x00, 0x2A, 0x0F, 0xBF, 0xBF, 0x2A, 0x0F, 0x95, 0x95, 0x2A, 0x0F ; file 1B2827
db 0xBF, 0xBF, 0x87, 0x32, 0xDA, 0x13, 0x2A, 0x0F, 0xBF, 0x8B, 0x2A, 0x8B, 0x40, 0x96, 0x2A, 0xCD ; file 1B2837
db 0xBF, 0x3B, 0x3B, 0x3B, 0x00, 0x0F, 0x0F, 0x0F, 0x25, 0x0F, 0xBA, 0x0F, 0x40, 0x0F, 0x0F, 0x0F ; file 1B2847
db 0xBF, 0x3B, 0x3B, 0x3B, 0x18, 0x41, 0xD8, 0x0F, 0x25, 0x8B, 0x8B, 0x8B, 0x40, 0x3B, 0x3B, 0x3B ; file 1B2857
db 0x3B, 0x3B, 0x3B, 0x3B, 0x95, 0x95, 0x95, 0x32, 0x2B, 0x32, 0x32, 0x32, 0x95, 0x95, 0x95, 0x32 ; file 1B2867
db 0x95, 0x32, 0x32, 0x32, 0x95, 0x96, 0x26, 0x42, 0x2B, 0x96, 0x32, 0x32, 0x95, 0x96, 0x42, 0x42 ; file 1B2877
db 0x95, 0x96, 0x32, 0x32, 0x95, 0x29, 0x42, 0x42, 0x25, 0x25, 0x25, 0x32, 0x95, 0x42, 0x42, 0x42 ; file 1B2887
db 0x95, 0x32, 0x32, 0x32, 0x18, 0x41, 0x42, 0x42, 0x25, 0x8B, 0x8B, 0x8B, 0x40, 0x42, 0x42, 0x42 ; file 1B2897
db 0x3B, 0x3B, 0x3B, 0x3B, 0x95, 0x41, 0x2A, 0x0F, 0xBF, 0xBF, 0x87, 0x32, 0x95, 0x95, 0x87, 0x32 ; file 1B28A7
db 0xBF, 0xBF, 0x87, 0x32, 0x18, 0x41, 0x2A, 0x3B, 0xBF, 0x3B, 0x3B, 0x3B, 0x40, 0x96, 0x3B, 0x3B ; file 1B28B7
db 0xBF, 0x3B, 0x3B, 0x3B, 0x18, 0x41, 0x0F, 0x0F, 0xBF, 0x3B, 0x1D, 0x3B, 0x40, 0x3B, 0x3B, 0x3B ; file 1B28C7
db 0xBF, 0x3B, 0x3B, 0x3B, 0x18, 0x41, 0x18, 0x3B, 0x18, 0x3B, 0x3B, 0x3B, 0x40, 0x3B, 0x3B, 0x3B ; file 1B28D7
db 0x3B, 0x3B, 0x3B, 0x3B, 0x00, 0x00, 0x00, 0x00, 0x00, 0x00, 0x00, 0x32, 0x95, 0x95, 0x95, 0x32 ; file 1B28E7
db 0x95, 0x32, 0x32, 0x32, 0xDA, 0xDA, 0x26, 0x83, 0xDA, 0xDA, 0xD7, 0x32, 0x95, 0xCD, 0xCD, 0xCD ; file 1B28F7
db 0x95, 0x32, 0x32, 0x32, 0x00, 0x29, 0x36, 0x0F, 0x00, 0x29, 0x36, 0x0F, 0x95, 0x29, 0xD3, 0xD3 ; file 1B2907
db 0x95, 0x32, 0xD3, 0x32, 0xB9, 0x0E, 0xD8, 0x9A, 0xD7, 0x0E, 0xD7, 0x8B, 0x95, 0x0E, 0xD3, 0xCD ; file 1B2917
db 0xD7, 0x0E, 0xD7, 0x32, 0x00, 0x00, 0x2A, 0x0F, 0xBF, 0xBF, 0x2A, 0x0F, 0x24, 0x24, 0x2A, 0x0F ; file 1B2927
db 0xBF, 0xBF, 0x87, 0x32, 0xDA, 0x41, 0x2A, 0x0F, 0xBF, 0x41, 0x2A, 0x0F, 0x24, 0xCD, 0x2A, 0xCD ; file 1B2937
db 0xBF, 0x43, 0x87, 0x32, 0x00, 0x0F, 0x0F, 0x0F, 0x1D, 0x0F, 0x1D, 0x0F, 0x24, 0x0F, 0xD3, 0x0F ; file 1B2947
db 0xBF, 0x49, 0xB5, 0x49, 0x18, 0x41, 0xD8, 0x0F, 0xD7, 0x41, 0xD7, 0x0F, 0x18, 0x41, 0xD3, 0x0F ; file 1B2957
db 0xBF, 0x85, 0x85, 0x85, 0x95, 0x95, 0x95, 0x32, 0x2B, 0x32, 0x32, 0x32, 0x95, 0x95, 0x95, 0x32 ; file 1B2967
db 0x95, 0x32, 0x32, 0x32, 0x95, 0x41, 0x26, 0x32, 0x2B, 0x32, 0x32, 0x32, 0x95, 0x95, 0x95, 0x32 ; file 1B2977
db 0x95, 0x32, 0x32, 0x32, 0x95, 0x29, 0xD3, 0xD3, 0x1D, 0x32, 0x1D, 0x32, 0x95, 0x95, 0xD3, 0xD3 ; file 1B2987
db 0x95, 0x32, 0xD3, 0x32, 0x18, 0x41, 0xD3, 0x41, 0xD7, 0x41, 0xD7, 0x32, 0x95, 0x41, 0xD3, 0x42 ; file 1B2997
db 0x95, 0x32, 0xD3, 0x32, 0x95, 0x41, 0x2A, 0x0F, 0xBF, 0xBF, 0x1D, 0x32, 0x95, 0x95, 0x87, 0x32 ; file 1B29A7
db 0xBF, 0xBF, 0x87, 0x32, 0x18, 0x41, 0x2A, 0x41, 0xBF, 0x41, 0x1D, 0x32, 0x95, 0x41, 0x87, 0x32 ; file 1B29B7
db 0xBF, 0x43, 0x87, 0x32, 0x30, 0x41, 0x1D, 0x0F, 0x1D, 0x1D, 0x1D, 0x1D, 0x95, 0x41, 0xD3, 0x86 ; file 1B29C7
db 0xBF, 0x86, 0xB5, 0x86, 0x18, 0x41, 0x18, 0x41, 0x18, 0x41, 0x1D, 0x85, 0x18, 0x41, 0xD3, 0x85 ; file 1B29D7
db 0xBF, 0x85, 0x85, 0x85, 0x5B, 0x5B, 0x5B, 0x44, 0x5B, 0x44, 0xD7, 0x44, 0x45, 0x44, 0x44, 0x44 ; file 1B29E7
db 0x44, 0x44, 0x44, 0x44, 0xDA, 0xDA, 0xD8, 0xD8, 0xDA, 0xDA, 0xD7, 0x8B, 0xDA, 0x96, 0xD8, 0xCD ; file 1B29F7
db 0xCE, 0x44, 0xD7, 0x44, 0x5B, 0x29, 0xD8, 0xD8, 0x25, 0x25, 0xD7, 0x8B, 0x45, 0x29, 0xD3, 0x42 ; file 1B2A07
db 0x0C, 0x44, 0xD7, 0x44, 0xB9, 0xB9, 0xD8, 0xD8, 0xD7, 0x8B, 0xD7, 0x8B, 0xB9, 0x42, 0xD8, 0x42 ; file 1B2A17
db 0xD7, 0x8A, 0xD7, 0x8A, 0x5B, 0x5B, 0x2A, 0x0F, 0x2D, 0x2D, 0x2A, 0x44, 0x24, 0x24, 0x2A, 0x44 ; file 1B2A27
db 0xBF, 0x44, 0x44, 0x44, 0xDA, 0xDA, 0xD8, 0xD8, 0xDA, 0xDA, 0xD7, 0x8A, 0xDA, 0x96, 0xD8, 0x8A ; file 1B2A37
db 0xBF, 0x8A, 0x8A, 0x8A, 0x18, 0x0F, 0xD8, 0x0F, 0x0C, 0x0C, 0xD2, 0x0F, 0x0C, 0x0C, 0xD3, 0x0F ; file 1B2A47
db 0x0C, 0x0C, 0x0C, 0x8A, 0x18, 0x18, 0xD8, 0xD8, 0xD7, 0x8A, 0xD7, 0x8A, 0x18, 0x8A, 0xD8, 0x8A ; file 1B2A57
db 0x0C, 0x8A, 0x8A, 0x8A, 0x45, 0x45, 0x45, 0x32, 0x2B, 0x32, 0x32, 0x32, 0x45, 0x45, 0x45, 0x32 ; file 1B2A67
db 0x45, 0x32, 0x32, 0x32, 0xDA, 0x96, 0xD8, 0x42, 0xDA, 0x96, 0xD7, 0x32, 0x45, 0x96, 0x42, 0x42 ; file 1B2A77
db 0x45, 0x96, 0x32, 0x32, 0x18, 0x18, 0xD3, 0x42, 0x25, 0x25, 0xD7, 0x32, 0x45, 0x42, 0xD3, 0x42 ; file 1B2A87
db 0x45, 0x32, 0xD3, 0x32, 0x18, 0x18, 0xD8, 0x42, 0xD7, 0x8B, 0xD7, 0x8B, 0x18, 0x42, 0x42, 0x42 ; file 1B2A97
db 0xD7, 0x3B, 0xD7, 0x3B, 0xD4, 0xD4, 0xD4, 0xD4, 0xBF, 0xBF, 0x1D, 0x32, 0x45, 0x45, 0x45, 0x32 ; file 1B2AA7
db 0xBF, 0xBF, 0x87, 0x32, 0x18, 0x18, 0x18, 0x18, 0x18, 0x18, 0xD7, 0x3B, 0x18, 0x96, 0x18, 0x3B ; file 1B2AB7
db 0xBF, 0x3B, 0x3B, 0x3B, 0x18, 0x18, 0x18, 0x0F, 0x18, 0x18, 0x1D, 0x1D, 0x18, 0x18, 0xD3, 0x3B ; file 1B2AC7
db 0xBF, 0x3B, 0xB5, 0x3B, 0x18, 0x18, 0x18, 0x18, 0x18, 0x18, 0xD7, 0x3B, 0x18, 0x18, 0x18, 0x3B ; file 1B2AD7
db 0x18, 0x3B, 0x3B, 0x3B, 0xA0, 0x29, 0xA0, 0x0F, 0xA0, 0x29, 0xA0, 0x0F, 0x95, 0x29, 0x95, 0x0F ; file 1B2AE7
db 0x17, 0x32, 0xC6, 0x32, 0xA0, 0x29, 0x26, 0x0F, 0xA0, 0x29, 0x26, 0x0F, 0x95, 0x52, 0xCD, 0xCD ; file 1B2AF7
db 0x17, 0x43, 0xC6, 0x32, 0x29, 0x29, 0x0F, 0x0F, 0x29, 0x29, 0x0F, 0x0F, 0x29, 0x29, 0x0F, 0x0F ; file 1B2B07
db 0x17, 0x29, 0x3E, 0x86, 0x29, 0x29, 0x0F, 0x0F, 0x29, 0x29, 0x0F, 0x0F, 0x29, 0x29, 0x0F, 0x0F ; file 1B2B17
db 0x17, 0x1E, 0x1E, 0x1E, 0xA0, 0x0F, 0x0F, 0x0F, 0x17, 0x0F, 0x0F, 0x0F, 0x17, 0x0F, 0x0F, 0x0F ; file 1B2B27
db 0x17, 0x17, 0x17, 0x86, 0xA0, 0x0F, 0x0F, 0x0F, 0x17, 0x43, 0x0F, 0x0F, 0x17, 0x43, 0x0F, 0x0F ; file 1B2B37
db 0x17, 0x43, 0x17, 0x1E, 0x0F, 0x0F, 0x0F, 0x0F, 0x0F, 0x0F, 0x0F, 0x0F, 0x0F, 0x0F, 0x0F, 0x0F ; file 1B2B47
db 0x17, 0x86, 0x3E, 0x86, 0x0F, 0x0F, 0x0F, 0x0F, 0x0F, 0x0F, 0x0F, 0x0F, 0x0F, 0x0F, 0x0F, 0x0F ; file 1B2B57
db 0x17, 0x1E, 0x1E, 0x1E, 0x01, 0x01, 0x01, 0x0F, 0x01, 0x32, 0x32, 0x32, 0x95, 0x95, 0x95, 0x32 ; file 1B2B67
db 0x17, 0x32, 0x32, 0x32, 0x01, 0x52, 0x8C, 0x8C, 0x01, 0x43, 0x32, 0x32, 0x95, 0x52, 0x95, 0x32 ; file 1B2B77
db 0x17, 0x43, 0x32, 0x32, 0x01, 0x29, 0x0F, 0x0F, 0x01, 0x29, 0x1D, 0x86, 0x95, 0x29, 0x3E, 0x86 ; file 1B2B87
db 0x17, 0x86, 0x3E, 0x86, 0x01, 0x29, 0x0F, 0x0F, 0x01, 0x1E, 0x1D, 0x1E, 0x95, 0x52, 0x1E, 0x1E ; file 1B2B97
db 0x17, 0x1E, 0x1E, 0x1E, 0xB8, 0xB8, 0xB8, 0x0F, 0x17, 0x17, 0x17, 0x86, 0x17, 0x17, 0x17, 0x86 ; file 1B2BA7
db 0x17, 0x17, 0x17, 0x86, 0xB8, 0x41, 0xB8, 0x0F, 0x17, 0x43, 0x17, 0x1E, 0x17, 0x43, 0x17, 0x1E ; file 1B2BB7
db 0x17, 0x43, 0x17, 0x1E, 0xB8, 0x0F, 0x0F, 0x0F, 0x17, 0x86, 0x1D, 0x86, 0x17, 0x86, 0x3E, 0x86 ; file 1B2BC7
db 0x17, 0x86, 0x3E, 0x86, 0x18, 0x41, 0x0F, 0x0F, 0x17, 0x1E, 0x1D, 0x1E, 0x17, 0x1E, 0x1E, 0x1E ; file 1B2BD7
db 0x17, 0x1E, 0x1E, 0x1E, 0x5B, 0x29, 0x5B, 0x0F, 0x5B, 0x29, 0x44, 0x44, 0x45, 0x29, 0x44, 0x44 ; file 1B2BE7
db 0x17, 0x44, 0x44, 0x44, 0xDA, 0xDA, 0xDA, 0xDA, 0xDA, 0xDA, 0xDA, 0x8B, 0xCC, 0x96, 0xCC, 0xB0 ; file 1B2BF7
db 0xCC, 0xB0, 0xB0, 0xB0, 0x29, 0x29, 0x0F, 0x0F, 0x25, 0x29, 0x0F, 0x0F, 0x29, 0x29, 0x0F, 0x0F ; file 1B2C07
db 0x25, 0x29, 0x3E, 0x44, 0xDA, 0x29, 0xD8, 0x0F, 0xDA, 0x8B, 0x8B, 0x8B, 0xCC, 0x29, 0x42, 0x42 ; file 1B2C17
db 0xCC, 0x8B, 0x8B, 0x8B, 0x5B, 0x0F, 0x0F, 0x0F, 0x2D, 0x0F, 0x0F, 0x0F, 0xD6, 0xD6, 0xD6, 0x0F ; file 1B2C27
db 0x17, 0x17, 0x17, 0x44, 0xDA, 0xDA, 0xDA, 0x0F, 0xDA, 0x43, 0x1B, 0x0F, 0xCC, 0x43, 0xCC, 0x0F ; file 1B2C37
db 0x17, 0x43, 0xB0, 0xB0, 0x0F, 0x0F, 0x0F, 0x0F, 0x0F, 0x0F, 0x0F, 0x0F, 0xD6, 0x0F, 0x0F, 0x0F ; file 1B2C47
db 0x17, 0x86, 0x3E, 0x86, 0x18, 0x0F, 0x0F, 0x0F, 0x18, 0x0F, 0x1B, 0x0F, 0x18, 0x0F, 0x0F, 0x0F ; file 1B2C57
db 0x17, 0x1E, 0x1B, 0x1E, 0x01, 0x01, 0x01, 0x0F, 0x01, 0x32, 0x32, 0x32, 0x45, 0x45, 0x45, 0x32 ; file 1B2C67
db 0x17, 0x32, 0x32, 0x32, 0xC9, 0x96, 0xC9, 0x8C, 0xC9, 0x43, 0xA4, 0xA4, 0xCC, 0x96, 0xCC, 0x42 ; file 1B2C77
db 0xCC, 0x43, 0xCC, 0x32, 0x01, 0x29, 0x0F, 0x0F, 0x25, 0x29, 0x1D, 0x86, 0x45, 0x29, 0x3E, 0x42 ; file 1B2C87
db 0x17, 0x86, 0x3E, 0x86, 0x18, 0x18, 0x18, 0x42, 0x18, 0xA4, 0xA4, 0xA4, 0xCC, 0x42, 0x42, 0x42 ; file 1B2C97
db 0xCC, 0x1E, 0x1E, 0x1E, 0xB8, 0xB8, 0xB8, 0x0F, 0x17, 0x17, 0x17, 0x86, 0xD6, 0xD6, 0xD6, 0x86 ; file 1B2CA7
db 0x17, 0x17, 0x17, 0x86, 0x18, 0x18, 0x18, 0x0F, 0x17, 0x43, 0x17, 0x1E, 0xCC, 0x43, 0xCC, 0x1E ; file 1B2CB7
db 0x17, 0x43, 0x17, 0x1E, 0x18, 0x0F, 0x0F, 0x0F, 0x17, 0x86, 0x1D, 0x86, 0xD6, 0x86, 0x3E, 0x86 ; file 1B2CC7
db 0x17, 0x86, 0x3E, 0x86, 0x18, 0x18, 0x18, 0x0F, 0x18, 0x18, 0x18, 0x1E, 0x18, 0x18, 0x18, 0x1E ; file 1B2CD7
db 0x17, 0x1E, 0x1E, 0x1E, 0x5B, 0x29, 0x36, 0x0F, 0x5B, 0x29, 0x36, 0x44, 0x45, 0x29, 0x36, 0x44 ; file 1B2CE7
db 0x17, 0x44, 0x44, 0x44, 0xDA, 0xDA, 0xDA, 0xDA, 0xDA, 0xDA, 0xDA, 0x44, 0xDA, 0xDA, 0xDA, 0xCD ; file 1B2CF7
db 0xCE, 0x43, 0x44, 0x44, 0x36, 0x29, 0x36, 0x0F, 0x36, 0x29, 0x36, 0x0F, 0x36, 0x29, 0x36, 0x0F ; file 1B2D07
db 0x36, 0x29, 0x36, 0x44, 0xDA, 0x0E, 0x36, 0x0E, 0xDA, 0x0E, 0x36, 0x0E, 0xDA, 0x0E, 0x36, 0x0E ; file 1B2D17
db 0xCE, 0x0E, 0x36, 0x85, 0x5B, 0x0F, 0x0F, 0x0F, 0x2D, 0x0F, 0x1D, 0x0F, 0x02, 0x0F, 0x0F, 0x0F ; file 1B2D27
db 0x17, 0x17, 0xB5, 0x44, 0xDA, 0xDA, 0xDA, 0x0F, 0xDA, 0x43, 0x1B, 0x0F, 0xDA, 0x43, 0xDA, 0x0F ; file 1B2D37
db 0x17, 0x43, 0x85, 0x85, 0x0F, 0x0F, 0x0F, 0x0F, 0x1D, 0x0F, 0x1D, 0x0F, 0x0F, 0x0F, 0x0F, 0x0F ; file 1B2D47
db 0xB5, 0x86, 0xB5, 0x86, 0x18, 0x0E, 0x0F, 0x0F, 0x18, 0x0E, 0x1B, 0x0F, 0x18, 0x0E, 0x0F, 0x0F ; file 1B2D57
db 0x85, 0x85, 0x85, 0x85, 0x01, 0x01, 0x36, 0x0F, 0x01, 0x32, 0x1D, 0x32, 0x45, 0x45, 0x45, 0x32 ; file 1B2D67
db 0x17, 0x32, 0x32, 0x32, 0xDA, 0xDA, 0xDA, 0x8C, 0xDA, 0x43, 0x1D, 0x32, 0x45, 0x52, 0x45, 0x32 ; file 1B2D77
db 0x17, 0x43, 0x32, 0x32, 0x36, 0x29, 0x36, 0x0F, 0x1D, 0x1D, 0x1D, 0x1D, 0x45, 0x29, 0xD3, 0x86 ; file 1B2D87
db 0xB5, 0x86, 0xB5, 0x86, 0x18, 0x0E, 0x36, 0x0E, 0x18, 0x0E, 0x1D, 0x85, 0x18, 0x0E, 0xD3, 0x85 ; file 1B2D97
db 0x85, 0x85, 0x85, 0x85, 0xB8, 0xB8, 0x1D, 0x0F, 0x17, 0x17, 0x1D, 0x1D, 0x02, 0x02, 0xB5, 0x86 ; file 1B2DA7
db 0x17, 0x17, 0xB5, 0x86, 0x18, 0x18, 0x18, 0x0F, 0x17, 0x43, 0x1D, 0x85, 0x02, 0x43, 0x85, 0x85 ; file 1B2DB7
db 0x17, 0x43, 0x85, 0x85, 0xAF, 0x0F, 0x1D, 0x0F, 0x1D, 0x1D, 0x1D, 0x1D, 0xAF, 0x86, 0xB5, 0x86 ; file 1B2DC7
db 0xB5, 0x86, 0xB5, 0x86, 0x18, 0x18, 0x18, 0x0F, 0x18, 0x85, 0x1D, 0x85, 0x18, 0x85, 0x85, 0x85 ; file 1B2DD7
db 0x85, 0x85, 0x85, 0x85, 0x5B, 0x5B, 0x5B, 0x44, 0x5B, 0x44, 0x44, 0x44, 0x45, 0x44, 0x44, 0x44 ; file 1B2DE7
db 0x44, 0x44, 0x44, 0x44, 0xDA, 0xDA, 0xDA, 0xDA, 0xDA, 0xDA, 0xDA, 0x44, 0xDA, 0xDA, 0xDA, 0x44 ; file 1B2DF7
db 0xCE, 0x44, 0x44, 0x44, 0x5B, 0x29, 0x36, 0x0F, 0x5B, 0x29, 0x36, 0x44, 0x45, 0x29, 0x36, 0x44 ; file 1B2E07
db 0x44, 0x44, 0x44, 0x44, 0xDA, 0xDA, 0xD8, 0x1C, 0xDA, 0xDA, 0xD7, 0x8B, 0xDA, 0xDA, 0xD8, 0xB7 ; file 1B2E17
db 0xCE, 0x44, 0xD7, 0x44, 0x5B, 0x5B, 0x5B, 0x0F, 0x2D, 0x2D, 0x2D, 0x44, 0x45, 0x44, 0x44, 0x44 ; file 1B2E27
db 0x2D, 0x44, 0x44, 0x44, 0xDA, 0xDA, 0xDA, 0xDA, 0xDA, 0xDA, 0x1B, 0xAC, 0xDA, 0xDA, 0xDA, 0x44 ; file 1B2E37
db 0xCE, 0x43, 0x1B, 0x44, 0x18, 0x0F, 0x0F, 0x0F, 0x2D, 0x0F, 0x1B, 0x0F, 0x18, 0x0F, 0x0F, 0x0F ; file 1B2E47
db 0x03, 0x44, 0xB5, 0x44, 0x18, 0x18, 0x18, 0x08, 0x18, 0xAC, 0x1B, 0xAC, 0x18, 0x18, 0x18, 0x90 ; file 1B2E57
db 0x18, 0x90, 0x1B, 0x90, 0x45, 0x45, 0x45, 0x44, 0x45, 0x44, 0x1D, 0x44, 0x45, 0x45, 0x45, 0x44 ; file 1B2E67
db 0x45, 0x44, 0x44, 0x44, 0xDA, 0xDA, 0xDA, 0xDA, 0xDA, 0xDA, 0xDA, 0x44, 0x45, 0x3A, 0x45, 0x3A ; file 1B2E77
db 0x45, 0x3A, 0x44, 0x44, 0x18, 0x18, 0x36, 0x0F, 0x18, 0x18, 0x1D, 0x1D, 0x45, 0x45, 0x45, 0x42 ; file 1B2E87
db 0x45, 0x44, 0xB5, 0x44, 0x18, 0x18, 0x18, 0x18, 0x18, 0x18, 0xD7, 0x90, 0x18, 0x18, 0x18, 0x42 ; file 1B2E97
db 0x18, 0x90, 0x90, 0x90, 0xD4, 0xD4, 0xD4, 0xD4, 0xD4, 0xD4, 0x1D, 0x1D, 0x45, 0x45, 0x45, 0x44 ; file 1B2EA7
db 0x17, 0xAE, 0xB5, 0x44, 0x18, 0x18, 0x18, 0x18, 0x18, 0x18, 0x18, 0x90, 0x18, 0x18, 0x18, 0x90 ; file 1B2EB7
db 0x17, 0x43, 0x90, 0x90, 0x18, 0x18, 0x18, 0x0F, 0x18, 0x18, 0x1D, 0x1D, 0x18, 0x18, 0xB5, 0x86 ; file 1B2EC7
db 0x03, 0x86, 0xB5, 0x86, 0x18, 0x18, 0x18, 0x18, 0x18, 0x18, 0x18, 0x90, 0x18, 0x18, 0x18, 0x90 ; file 1B2ED7
db 0x18, 0x90, 0x90, 0x90, 0x10, 0x84, 0x10, 0x83, 0x10, 0x84, 0xD9, 0x92, 0x89, 0x84, 0x89, 0x92 ; file 1B2EE7
db 0x88, 0x92, 0x92, 0x92, 0x10, 0x13, 0x26, 0x83, 0x10, 0x13, 0x26, 0xA1, 0x89, 0x13, 0x26, 0xA1 ; file 1B2EF7
db 0xA1, 0xA1, 0xA1, 0xA1, 0x10, 0x29, 0x2E, 0x29, 0x25, 0x29, 0xD9, 0xD9, 0x89, 0x29, 0x2E, 0x29 ; file 1B2F07
db 0x0C, 0x29, 0xD9, 0x92, 0x2E, 0x13, 0x2E, 0x9A, 0x25, 0x13, 0x2E, 0x4B, 0x2E, 0x13, 0x2E, 0x9A ; file 1B2F17
db 0xA1, 0xA1, 0xA1, 0xA1, 0x10, 0x84, 0x2A, 0x0F, 0x37, 0x37, 0xBA, 0x4B, 0x24, 0x24, 0x24, 0x24 ; file 1B2F27
db 0x24, 0x24, 0x24, 0x92, 0x10, 0x13, 0x26, 0x83, 0x37, 0x13, 0x26, 0x4B, 0x24, 0x13, 0x24, 0xA1 ; file 1B2F37
db 0x24, 0xA1, 0xA1, 0xA1, 0x10, 0x29, 0xBA, 0x0F, 0xBA, 0x29, 0xBA, 0x4B, 0x24, 0x24, 0x24, 0xCF ; file 1B2F47
db 0x0C, 0xCF, 0xBA, 0xCF, 0x5C, 0x13, 0x2E, 0x4B, 0x4B, 0x4B, 0x4B, 0x4B, 0x24, 0x8A, 0x2E, 0x8A ; file 1B2F57
db 0x0C, 0x8A, 0x8A, 0x8A, 0x10, 0x84, 0x10, 0x9F, 0x2B, 0x2B, 0x2B, 0x9F, 0x95, 0x95, 0x95, 0x9F ; file 1B2F67
db 0x88, 0x9F, 0x9F, 0x9F, 0x10, 0x13, 0x26, 0x83, 0x2B, 0x13, 0x26, 0x9F, 0x95, 0x96, 0x26, 0x96 ; file 1B2F77
db 0x88, 0x96, 0x9F, 0x9F, 0x10, 0x29, 0x2E, 0x29, 0x2B, 0x29, 0xD9, 0x9F, 0x95, 0x29, 0x95, 0x9F ; file 1B2F87
db 0x88, 0x9F, 0x9F, 0x9F, 0x5C, 0x13, 0x2E, 0x47, 0x2B, 0x13, 0x2E, 0x19, 0x40, 0x96, 0x2E, 0xAD ; file 1B2F97
db 0x88, 0x19, 0x19, 0x19, 0x37, 0x37, 0x2A, 0x4E, 0x37, 0x37, 0x37, 0x9F, 0x24, 0x24, 0x24, 0x9F ; file 1B2FA7
db 0x9C, 0x9C, 0x87, 0x9F, 0x5C, 0x13, 0x26, 0x83, 0x37, 0x37, 0x37, 0x19, 0x24, 0x96, 0x19, 0x19 ; file 1B2FB7
db 0x9C, 0xB6, 0x19, 0x19, 0x5C, 0x29, 0x4E, 0x4E, 0x37, 0x37, 0xBA, 0x8D, 0x24, 0x8D, 0x8D, 0x8D ; file 1B2FC7
db 0x9C, 0x8D, 0x8D, 0x8D, 0x5C, 0x41, 0x5C, 0x19, 0x5C, 0x19, 0x19, 0x19, 0x40, 0x19, 0x19, 0x19 ; file 1B2FD7
db 0x19, 0x19, 0x19, 0x19, 0x05, 0x13, 0x05, 0x13, 0x05, 0x13, 0xD9, 0xA1, 0x05, 0x13, 0xA1, 0xA1 ; file 1B2FE7
db 0xA1, 0xA1, 0xA1, 0xA1, 0x13, 0x13, 0x13, 0x13, 0x13, 0x13, 0xA1, 0xA1, 0x13, 0x13, 0xA1, 0xA1 ; file 1B2FF7
db 0xA1, 0xA1, 0xA1, 0xA1, 0x05, 0x13, 0xD9, 0xD9, 0x25, 0x25, 0xD9, 0xD9, 0x05, 0x13, 0xD9, 0xA1 ; file 1B3007
db 0x0C, 0xA1, 0xD9, 0xA1, 0x13, 0x13, 0xD8, 0x13, 0x25, 0x13, 0xD7, 0x82, 0x13, 0x13, 0xA1, 0xA1 ; file 1B3017
db 0xA1, 0xA1, 0xA1, 0xA1, 0x05, 0x13, 0x05, 0x13, 0x05, 0x13, 0xD2, 0xA1, 0x24, 0x13, 0x24, 0xA1 ; file 1B3027
db 0x0C, 0xA1, 0xA1, 0xA1, 0x13, 0x13, 0x13, 0x13, 0x13, 0x13, 0xA1, 0xA1, 0x13, 0x13, 0xA1, 0xA1 ; file 1B3037
db 0xA1, 0xA1, 0xA1, 0xA1, 0x05, 0x13, 0xD2, 0x0F, 0x0C, 0x0C, 0xD2, 0x8A, 0x0C, 0x0C, 0x0C, 0x8A ; file 1B3047
db 0x0C, 0x0C, 0x0C, 0x8A, 0x13, 0x13, 0xD8, 0x8A, 0x0C, 0x8A, 0x8A, 0x8A, 0x40, 0x8A, 0x8A, 0x8A ; file 1B3057
db 0x0C, 0x8A, 0x8A, 0x8A, 0x05, 0x13, 0x05, 0x13, 0x2B, 0x13, 0xD9, 0x9F, 0x95, 0x96, 0x95, 0x96 ; file 1B3067
db 0x88, 0x96, 0x9F, 0x9F, 0x13, 0x13, 0x13, 0x13, 0x13, 0x13, 0xA1, 0xA1, 0x96, 0x96, 0x96, 0x96 ; file 1B3077
db 0x96, 0x96, 0xA1, 0xA1, 0x05, 0x13, 0xD9, 0x47, 0x25, 0x25, 0xD9, 0xD9, 0x40, 0x96, 0xD9, 0x3B ; file 1B3087
db 0x0C, 0x3B, 0xD9, 0x3B, 0x13, 0x13, 0x47, 0x47, 0x25, 0x13, 0xD7, 0x3B, 0x40, 0x96, 0x3B, 0x3B ; file 1B3097
db 0x3B, 0x3B, 0x3B, 0x3B, 0xD4, 0x13, 0xD4, 0x13, 0x37, 0x37, 0x37, 0x3B, 0xD6, 0x96, 0xD6, 0x3B ; file 1B30A7
db 0x9C, 0xB6, 0x8E, 0x3B, 0x13, 0x13, 0x13, 0x13, 0x37, 0xB6, 0x3B, 0x3B, 0x40, 0x96, 0x3B, 0x3B ; file 1B30B7
db 0xB6, 0xB6, 0x3B, 0x3B, 0x40, 0x46, 0xD2, 0x3B, 0x0C, 0x3B, 0xD2, 0x3B, 0x40, 0x3B, 0x3B, 0x3B ; file 1B30C7
db 0x0C, 0x3B, 0x3B, 0x3B, 0x40, 0x46, 0x3B, 0x3B, 0x3B, 0x3B, 0x3B, 0x3B, 0x40, 0x3B, 0x3B, 0x3B ; file 1B30D7
db 0x3B, 0x3B, 0x3B, 0x3B, 0x10, 0x84, 0xD9, 0x83, 0xD9, 0x84, 0xD9, 0xD9, 0x24, 0x24, 0x24, 0x24 ; file 1B30E7
db 0x24, 0x24, 0xD9, 0x92, 0x28, 0x13, 0x26, 0x83, 0x28, 0x13, 0xD7, 0xA1, 0x24, 0x13, 0x24, 0xA1 ; file 1B30F7
db 0x24, 0xA1, 0xA1, 0xA1, 0xD9, 0x29, 0xD9, 0xD9, 0xD9, 0xD9, 0xD9, 0xD9, 0x24, 0x24, 0xD9, 0x8A ; file 1B3107
db 0x0C, 0x0C, 0xD9, 0x8A, 0xB9, 0x0E, 0xD8, 0x14, 0xD7, 0x0E, 0xD7, 0x8A, 0x24, 0x0E, 0xD8, 0x8A ; file 1B3117
db 0x0C, 0x8A, 0x8A, 0x8A, 0x24, 0x24, 0x24, 0x24, 0x24, 0x24, 0xD2, 0x4C, 0x24, 0x24, 0x24, 0x24 ; file 1B3127
db 0x24, 0x24, 0x24, 0x8A, 0x24, 0x13, 0x24, 0x83, 0x24, 0x8A, 0x8A, 0x8A, 0x24, 0x24, 0x24, 0x8A ; file 1B3137
db 0x24, 0x8A, 0x8A, 0x8A, 0x24, 0x24, 0xD2, 0x4C, 0x0C, 0x4C, 0xD2, 0x4C, 0x24, 0x24, 0x24, 0x8A ; file 1B3147
db 0x0C, 0x0C, 0x0C, 0x8A, 0x24, 0x46, 0xD8, 0x8A, 0x0C, 0x8A, 0x8A, 0x8A, 0x24, 0x8A, 0x8A, 0x8A ; file 1B3157
db 0x0C, 0x8A, 0x8A, 0x8A, 0x10, 0x84, 0xD9, 0x9F, 0x2B, 0x2B, 0xD9, 0x9F, 0x24, 0x24, 0x24, 0x9F ; file 1B3167
db 0x88, 0x9F, 0x9F, 0x9F, 0x28, 0x13, 0x26, 0x83, 0x2B, 0x13, 0xD7, 0x9F, 0x24, 0x96, 0x24, 0x96 ; file 1B3177
db 0x88, 0x96, 0x9F, 0x9F, 0x30, 0x29, 0xD9, 0xD9, 0xD9, 0xD9, 0xD9, 0xD9, 0x24, 0x24, 0xD3, 0x9F ; file 1B3187
db 0x0C, 0x9F, 0xD9, 0x9F, 0x46, 0x46, 0xD8, 0x14, 0xD7, 0x46, 0xD7, 0x8A, 0x24, 0x46, 0xBC, 0xBC ; file 1B3197
db 0x0C, 0x8A, 0x8A, 0x8A, 0x24, 0x24, 0x24, 0x24, 0x37, 0x37, 0x37, 0x4C, 0x24, 0x24, 0x24, 0x24 ; file 1B31A7
db 0x24, 0x24, 0x24, 0x9F, 0x24, 0x46, 0x24, 0x46, 0x37, 0x46, 0x37, 0x8A, 0x24, 0x24, 0x24, 0x8A ; file 1B31B7
db 0x24, 0x8A, 0x8A, 0x8A, 0x30, 0x46, 0x30, 0x46, 0x0C, 0x46, 0xD2, 0x4C, 0x24, 0x24, 0x24, 0x8A ; file 1B31C7
db 0x0C, 0x0C, 0x0C, 0x8A, 0x46, 0x46, 0x46, 0x46, 0x46, 0x46, 0x8A, 0x8A, 0x24, 0x46, 0x8A, 0x8A ; file 1B31D7
db 0x0C, 0x8A, 0x8A, 0x8A, 0x9E, 0x13, 0xD9, 0xD9, 0xD9, 0xD9, 0xD9, 0xD9, 0x24, 0x13, 0xD9, 0xA1 ; file 1B31E7
db 0x0C, 0xA1, 0xD9, 0xA1, 0x06, 0x13, 0xD8, 0x13, 0xD7, 0x13, 0xD7, 0xA1, 0x06, 0x13, 0xA1, 0xA1 ; file 1B31F7
db 0xA1, 0xA1, 0xA1, 0xA1, 0xD9, 0xD9, 0xD9, 0xD9, 0xD9, 0xD9, 0xD9, 0xD9, 0x0C, 0x0C, 0xD9, 0x8A ; file 1B3207
db 0x0C, 0x0C, 0xD9, 0x8A, 0xB9, 0x07, 0xD8, 0x14, 0xD7, 0x8A, 0xD7, 0x8A, 0xB9, 0x8A, 0xD8, 0x8A ; file 1B3217
db 0x0C, 0x8A, 0x8A, 0x8A, 0x24, 0x13, 0xD2, 0x8A, 0x0C, 0x0C, 0xD2, 0x8A, 0x24, 0x24, 0x24, 0x8A ; file 1B3227
db 0x0C, 0x0C, 0x0C, 0x8A, 0x06, 0x13, 0xD8, 0x8A, 0x0C, 0x8A, 0x8A, 0x8A, 0x24, 0x8A, 0x8A, 0x8A ; file 1B3237
db 0x0C, 0x8A, 0x8A, 0x8A, 0x0C, 0x46, 0xD2, 0x8A, 0x0C, 0x0C, 0xD2, 0x8A, 0x0C, 0x0C, 0x0C, 0x8A ; file 1B3247
db 0x0C, 0x0C, 0x0C, 0x8A, 0x46, 0x46, 0xD8, 0x8A, 0x0C, 0x8A, 0x8A, 0x8A, 0x0C, 0x8A, 0x8A, 0x8A ; file 1B3257
db 0x0C, 0x8A, 0x8A, 0x8A, 0x48, 0x13, 0xD9, 0xB3, 0xD9, 0xB3, 0xD9, 0xB3, 0xD5, 0x96, 0xD5, 0xB3 ; file 1B3267
db 0xD5, 0xB3, 0xB3, 0xB3, 0x06, 0x13, 0xD8, 0x13, 0x8F, 0x13, 0xD7, 0xA1, 0x96, 0x96, 0x96, 0x96 ; file 1B3277
db 0x8F, 0x96, 0xA1, 0xA1, 0xD9, 0x46, 0xD9, 0xD9, 0xD9, 0xD9, 0xD9, 0xD9, 0xD5, 0x46, 0xD9, 0xBC ; file 1B3287
db 0x0C, 0x0C, 0xD9, 0x8A, 0x46, 0x46, 0xD8, 0x14, 0xD7, 0x46, 0xD7, 0x8A, 0x40, 0x46, 0xBC, 0xBC ; file 1B3297
db 0x0C, 0x8A, 0x8A, 0x8A, 0xD4, 0x46, 0xD4, 0x46, 0xD4, 0x46, 0xD2, 0x8A, 0x24, 0x24, 0x24, 0x8A ; file 1B32A7
db 0x0C, 0x0C, 0x0C, 0x8A, 0x46, 0x46, 0x46, 0x46, 0x46, 0x46, 0x8A, 0x8A, 0x24, 0x46, 0x8A, 0x8A ; file 1B32B7
db 0x0C, 0x8A, 0x8A, 0x8A, 0x46, 0x46, 0xD2, 0x46, 0x0C, 0x46, 0xD2, 0x8A, 0x0C, 0x46, 0x0C, 0x8A ; file 1B32C7
db 0x0C, 0x0C, 0x0C, 0x8A, 0x46, 0x46, 0x46, 0x46, 0x46, 0x46, 0x8A, 0x8A, 0x40, 0x46, 0x8A, 0x8A ; file 1B32D7
db 0x0C, 0x8A, 0x8A, 0x8A, 0x10, 0x29, 0x10, 0x29, 0x10, 0x29, 0xD9, 0x29, 0x89, 0x29, 0x89, 0x29 ; file 1B32E7
db 0x88, 0x29, 0x92, 0x92, 0x10, 0x13, 0x26, 0x83, 0x10, 0x13, 0x26, 0xA1, 0x89, 0x13, 0x26, 0xA1 ; file 1B32F7
db 0xA1, 0xA1, 0xA1, 0xA1, 0x29, 0x29, 0x29, 0x29, 0x29, 0x29, 0xD9, 0x29, 0x29, 0x29, 0x29, 0x29 ; file 1B3307
db 0x29, 0x29, 0x8D, 0x8D, 0x29, 0x29, 0x2E, 0x29, 0x29, 0x29, 0x2E, 0x29, 0x29, 0x29, 0x2E, 0x29 ; file 1B3317
db 0x29, 0x29, 0xA1, 0xA1, 0x10, 0x29, 0x0F, 0x0F, 0x3C, 0x29, 0x3C, 0x0F, 0x24, 0x24, 0x24, 0x0F ; file 1B3327
db 0x17, 0x8D, 0x8D, 0x8D, 0x33, 0x13, 0x26, 0x0F, 0x3C, 0x53, 0x1B, 0x4B, 0x24, 0x13, 0x24, 0xA1 ; file 1B3337
db 0x17, 0x43, 0xA1, 0xA1, 0x29, 0x29, 0x0F, 0x0F, 0x29, 0x29, 0xBA, 0x0F, 0x24, 0x29, 0x0F, 0x0F ; file 1B3347
db 0x0C, 0x8D, 0x8D, 0x8D, 0x33, 0x29, 0x0F, 0x0F, 0x33, 0x29, 0x1B, 0x4B, 0x33, 0x29, 0x0F, 0x0F ; file 1B3357
db 0x0C, 0x8A, 0x8A, 0x8A, 0x23, 0x29, 0x23, 0x29, 0x2B, 0x29, 0x2B, 0x9F, 0x95, 0x29, 0x95, 0x9F ; file 1B3367
db 0x88, 0x9F, 0x9F, 0x9F, 0xC9, 0x13, 0x26, 0x83, 0x2B, 0x13, 0x26, 0x9F, 0x95, 0x96, 0x26, 0x96 ; file 1B3377
db 0x88, 0x43, 0x9F, 0x9F, 0x29, 0x29, 0x29, 0x29, 0x29, 0x29, 0x8D, 0x8D, 0x29, 0x29, 0x8D, 0x8D ; file 1B3387
db 0x88, 0x8D, 0x8D, 0x8D, 0x29, 0x29, 0x2E, 0x29, 0x29, 0x29, 0x2E, 0x8D, 0x29, 0x29, 0x2E, 0x8D ; file 1B3397
db 0x88, 0x8D, 0x8D, 0x8D, 0xB8, 0x29, 0xB8, 0x0F, 0x37, 0x37, 0x37, 0x8D, 0xD6, 0xD6, 0xD6, 0x8D ; file 1B33A7
db 0x17, 0x8D, 0x8D, 0x8D, 0x5C, 0x13, 0x26, 0x0F, 0x37, 0x43, 0x37, 0x8D, 0xD6, 0x43, 0xD6, 0x8D ; file 1B33B7
db 0x17, 0x43, 0x8D, 0x8D, 0x29, 0x29, 0x0F, 0x0F, 0x37, 0x8D, 0x8D, 0x8D, 0xD6, 0x8D, 0x8D, 0x8D ; file 1B33C7
db 0x8D, 0x8D, 0x8D, 0x8D, 0x5C, 0x29, 0x5C, 0x0F, 0x5C, 0x8D, 0x8D, 0x8D, 0x40, 0x8D, 0x8D, 0x8D ; file 1B33D7
db 0x8D, 0x8D, 0x8D, 0x8D, 0x05, 0x13, 0x05, 0x13, 0x05, 0x13, 0xD9, 0xA1, 0xD5, 0x13, 0xA1, 0xA1 ; file 1B33E7
db 0xA1, 0xA1, 0xA1, 0xA1, 0x13, 0x13, 0x13, 0x13, 0x13, 0x13, 0xA1, 0xA1, 0x13, 0x13, 0xA1, 0xA1 ; file 1B33F7
db 0xA1, 0xA1, 0xA1, 0xA1, 0x29, 0x29, 0xD9, 0x29, 0x25, 0x29, 0xD9, 0xD9, 0x29, 0x29, 0xD9, 0x29 ; file 1B3407
db 0x0C, 0x29, 0xD9, 0xA1, 0x07, 0x07, 0xD8, 0x07, 0x25, 0x07, 0xD7, 0x82, 0x07, 0x07, 0xA1, 0xA1 ; file 1B3417
db 0xA1, 0xA1, 0xA1, 0xA1, 0xD4, 0x13, 0xD4, 0x0F, 0x2D, 0x53, 0x2D, 0x53, 0xD6, 0xD6, 0xD6, 0xA1 ; file 1B3427
db 0xD6, 0x53, 0xA1, 0xA1, 0x13, 0x13, 0x13, 0x13, 0x53, 0x53, 0x1B, 0x53, 0xD6, 0x13, 0xA1, 0xA1 ; file 1B3437
db 0x53, 0x53, 0xA1, 0xA1, 0x29, 0x29, 0x0F, 0x0F, 0x0C, 0x29, 0xD2, 0x0F, 0xD6, 0x29, 0xD6, 0x0F ; file 1B3447
db 0x0C, 0x0C, 0x0C, 0x8A, 0x33, 0x07, 0x1B, 0x08, 0x1B, 0x53, 0x1B, 0x8A, 0x40, 0x8A, 0x8A, 0x8A ; file 1B3457
db 0x0C, 0x8A, 0x8A, 0x8A, 0x48, 0x13, 0x48, 0x13, 0x2B, 0x13, 0xD9, 0x9F, 0xD5, 0x96, 0xD5, 0x96 ; file 1B3467
db 0xD5, 0x96, 0x9F, 0x9F, 0xC9, 0x13, 0xC9, 0x13, 0xC9, 0x13, 0xA1, 0xA1, 0x96, 0x96, 0x96, 0x96 ; file 1B3477
db 0x96, 0x96, 0xA1, 0xA1, 0x29, 0x29, 0xD9, 0x29, 0x25, 0x29, 0xD9, 0x8D, 0xD5, 0x29, 0xD5, 0x8D ; file 1B3487
db 0xD5, 0x8D, 0x8D, 0x8D, 0xC9, 0x07, 0x47, 0x47, 0xC9, 0xAA, 0xD7, 0x3B, 0x40, 0x96, 0x3B, 0x3B ; file 1B3497
db 0xAA, 0xAA, 0x3B, 0x3B, 0xD4, 0xD4, 0xD4, 0xD4, 0xD4, 0x53, 0xD4, 0x8D, 0xD6, 0xD6, 0xD6, 0xD6 ; file 1B34A7
db 0xD6, 0xBD, 0xD6, 0x8D, 0xC9, 0x13, 0xC9, 0x13, 0x53, 0x53, 0x1B, 0x3B, 0xD6, 0x96, 0xD6, 0x3B ; file 1B34B7
db 0xBD, 0xBD, 0x3B, 0x3B, 0xD4, 0x29, 0xD4, 0x0F, 0x4D, 0x4D, 0x4D, 0x8D, 0xD6, 0xD6, 0xD6, 0x8D ; file 1B34C7
db 0xD6, 0x8D, 0x8D, 0x8D, 0x12, 0x46, 0x12, 0x3B, 0x4D, 0x3B, 0x1B, 0x3B, 0x40, 0x3B, 0x3B, 0x3B ; file 1B34D7
db 0x3B, 0x3B, 0x3B, 0x3B, 0x10, 0x29, 0x36, 0x29, 0xC2, 0x29, 0xD9, 0xC0, 0x24, 0x24, 0x24, 0x24 ; file 1B34E7
db 0x24, 0x24, 0xC1, 0x44, 0xDA, 0x0E, 0x26, 0x0E, 0xC2, 0x0E, 0xD7, 0xA1, 0x24, 0x0E, 0x24, 0xA1 ; file 1B34F7
db 0xCE, 0xA1, 0xA1, 0xA1, 0x29, 0x29, 0x36, 0x29, 0xD9, 0x29, 0xD9, 0xD9, 0x24, 0x29, 0x36, 0x29 ; file 1B3507
db 0x0C, 0x29, 0xD9, 0x8A, 0x0E, 0x0E, 0xD8, 0x0E, 0x0E, 0x0E, 0xD7, 0x0E, 0x0E, 0x0E, 0xD8, 0x0E ; file 1B3517
db 0xCE, 0x0E, 0x8A, 0x8A, 0x24, 0x24, 0x24, 0x0F, 0xC2, 0xC2, 0xC2, 0x4C, 0x24, 0x24, 0x24, 0x24 ; file 1B3527
db 0x24, 0x24, 0x24, 0x8A, 0x24, 0x0E, 0x1B, 0x08, 0xC2, 0x53, 0x1B, 0x8A, 0x24, 0x24, 0x24, 0x8A ; file 1B3537
db 0x24, 0x8A, 0x8A, 0x8A, 0x24, 0x29, 0x0F, 0x0F, 0xC2, 0x29, 0xD2, 0x4C, 0x24, 0x24, 0x24, 0x0F ; file 1B3547
db 0x0C, 0x0C, 0x0C, 0x8A, 0x0E, 0x0E, 0x1B, 0x08, 0x1B, 0x0E, 0x1B, 0x8A, 0x24, 0x0E, 0x8A, 0x8A ; file 1B3557
db 0x0C, 0x8A, 0x8A, 0x8A, 0x48, 0x29, 0x48, 0x29, 0x2B, 0x29, 0xD9, 0x9F, 0xD5, 0xD5, 0xD5, 0x9F ; file 1B3567
db 0xD5, 0x9F, 0x9F, 0x9F, 0x48, 0x0E, 0x26, 0x0E, 0x2B, 0x0E, 0xD7, 0x9F, 0xD5, 0x3A, 0xD5, 0xA5 ; file 1B3577
db 0xCE, 0xAA, 0x9F, 0x9F, 0x29, 0x29, 0x36, 0x29, 0x4D, 0x29, 0xD9, 0x8D, 0xD5, 0x29, 0xD3, 0x8D ; file 1B3587
db 0xD5, 0x8D, 0x8D, 0x8D, 0x0E, 0x0E, 0xD8, 0x0E, 0x0E, 0x0E, 0xD7, 0xA2, 0xD5, 0x0E, 0xA2, 0xA2 ; file 1B3597
db 0xAA, 0xAA, 0xA2, 0xA2, 0xD4, 0xD4, 0xD4, 0xD4, 0xC2, 0xC2, 0x1D, 0x8D, 0x0B, 0x0B, 0x0B, 0x0B ; file 1B35A7
db 0x0B, 0x0B, 0x0B, 0x8D, 0xD4, 0x46, 0xD4, 0xA5, 0xC2, 0x43, 0x1B, 0xA2, 0x0B, 0x0B, 0x0B, 0xA5 ; file 1B35B7
db 0x0B, 0x43, 0xA2, 0xA2, 0xD4, 0x29, 0x1D, 0x0F, 0x4D, 0x4D, 0x1D, 0x8D, 0x0B, 0x0B, 0x0B, 0x8D ; file 1B35C7
db 0x03, 0x8D, 0x8D, 0x8D, 0x12, 0x46, 0x12, 0x46, 0x4D, 0x46, 0x1B, 0xA2, 0x0B, 0x46, 0xA2, 0xA2 ; file 1B35D7
db 0xA2, 0xA2, 0xA2, 0xA2, 0x11, 0x07, 0xD9, 0xD9, 0x2D, 0x2D, 0xD9, 0xD9, 0xD5, 0xD5, 0xC1, 0x44 ; file 1B35E7
db 0xC1, 0x44, 0xC1, 0x44, 0xDA, 0x07, 0xD8, 0x07, 0xCE, 0x07, 0xD7, 0xA1, 0xCE, 0x07, 0xA1, 0xA1 ; file 1B35F7
db 0xCE, 0xA1, 0xA1, 0xA1, 0xD9, 0x07, 0xD9, 0xD9, 0xD9, 0xD9, 0xD9, 0xD9, 0xD5, 0x07, 0xD9, 0x8A ; file 1B3607
db 0x0C, 0x0C, 0xD9, 0x8A, 0x07, 0x07, 0xD8, 0x07, 0xD7, 0x07, 0xD7, 0x8A, 0x07, 0x07, 0xD8, 0x8A ; file 1B3617
db 0xCE, 0x8A, 0x8A, 0x8A, 0xD4, 0xD4, 0xD4, 0xD4, 0x2D, 0x2D, 0x2D, 0x2D, 0x24, 0x24, 0x24, 0x8A ; file 1B3627
db 0x0C, 0x0C, 0xC1, 0x8A, 0xD4, 0x07, 0x1B, 0x08, 0x2D, 0x53, 0x1B, 0x8A, 0x24, 0x8A, 0x8A, 0x8A ; file 1B3637
db 0xCE, 0x8A, 0x8A, 0x8A, 0xD4, 0x07, 0xD2, 0x08, 0x0C, 0x0C, 0xD2, 0x8A, 0x0C, 0x0C, 0x0C, 0x8A ; file 1B3647
db 0x0C, 0x0C, 0x0C, 0x8A, 0xB2, 0x07, 0x1B, 0x08, 0x1B, 0x8A, 0x1B, 0x8A, 0x0C, 0x8A, 0x8A, 0x8A ; file 1B3657
db 0x0C, 0x8A, 0x8A, 0x8A, 0x48, 0x48, 0x48, 0x48, 0x48, 0x48, 0xD9, 0xB3, 0xD5, 0xD5, 0xD5, 0xD5 ; file 1B3667
db 0xD5, 0xD5, 0xC1, 0xB3, 0x48, 0x07, 0x48, 0x07, 0x48, 0xAA, 0xD7, 0xA1, 0xD5, 0x3A, 0xD5, 0x3A ; file 1B3677
db 0xCE, 0xAA, 0xA1, 0xA1, 0x48, 0x07, 0xD9, 0xD9, 0x4D, 0x4D, 0xD9, 0xD9, 0xD5, 0xD5, 0xD5, 0xA2 ; file 1B3687
db 0xD5, 0xAA, 0xD9, 0xA2, 0x07, 0x07, 0xD8, 0x07, 0x4D, 0xAA, 0xD7, 0xA2, 0xD5, 0xAA, 0xA2, 0xA2 ; file 1B3697
db 0xAA, 0xAA, 0xA2, 0xA2, 0xD4, 0xD4, 0xD4, 0xD4, 0xD4, 0xD4, 0xD4, 0xA2, 0xD4, 0xD4, 0xD4, 0xA2 ; file 1B36A7
db 0x1A, 0xAE, 0x1A, 0xA2, 0xD4, 0x46, 0xD4, 0x46, 0xD4, 0x46, 0x1B, 0xA2, 0xD4, 0x3A, 0xA2, 0xA2 ; file 1B36B7
db 0x1A, 0xA2, 0xA2, 0xA2, 0xD4, 0x46, 0xD4, 0x46, 0x4D, 0x4D, 0x4D, 0xA2, 0xD4, 0x46, 0xA2, 0xA2 ; file 1B36C7
db 0x03, 0xA2, 0xA2, 0xA2, 0x12, 0x46, 0x12, 0x46, 0x4D, 0x46, 0x1B, 0xA2, 0x12, 0x46, 0xA2, 0xA2 ; file 1B36D7
db 0xA2, 0xA2, 0xA2, 0xA2, 0x00, 0x00, 0x00, 0xCA, 0x00, 0x9F, 0x9F, 0x9F, 0x95, 0x95, 0x95, 0x9F ; file 1B36E7
db 0x95, 0x9F, 0x9F, 0x9F, 0x00, 0xCA, 0xCA, 0xCA, 0x00, 0xCA, 0xCA, 0xCA, 0x95, 0x96, 0xCA, 0xCA ; file 1B36F7
db 0x95, 0x96, 0x9F, 0x9F, 0x00, 0x29, 0xD8, 0x0F, 0x00, 0x29, 0xD7, 0x9F, 0x95, 0x29, 0x95, 0x9F ; file 1B3707
db 0x95, 0x9F, 0x9F, 0x9F, 0xD0, 0xCA, 0xD8, 0xCA, 0xD7, 0x8B, 0xD7, 0x8B, 0x95, 0x96, 0xD8, 0xAD ; file 1B3717
db 0xD7, 0x3B, 0xD7, 0x3B, 0x00, 0x00, 0x2A, 0x0F, 0xBF, 0x9F, 0x2A, 0x9F, 0x24, 0x24, 0x2A, 0x9F ; file 1B3727
db 0xBF, 0x9F, 0x87, 0x9F, 0x00, 0xCA, 0x2A, 0xCA, 0xBF, 0xCA, 0x2A, 0xCA, 0x24, 0x96, 0x2A, 0xCA ; file 1B3737
db 0xBF, 0x3B, 0x3B, 0x3B, 0x00, 0x0F, 0x0F, 0x0F, 0xBA, 0x0F, 0xBA, 0x0F, 0x24, 0x0F, 0x0F, 0x0F ; file 1B3747
db 0xBF, 0x8D, 0x8D, 0x8D, 0x41, 0x41, 0xD8, 0x0F, 0xD7, 0x3B, 0xD7, 0x3B, 0x24, 0x3B, 0x3B, 0x3B ; file 1B3757
db 0x3B, 0x3B, 0x3B, 0x3B, 0x95, 0x95, 0x95, 0x9F, 0x2B, 0x9F, 0x9F, 0x9F, 0x95, 0x95, 0x95, 0x9F ; file 1B3767
db 0x95, 0x9F, 0x9F, 0x9F, 0x95, 0x96, 0xCA, 0xCA, 0x2B, 0x96, 0x9F, 0x9F, 0x95, 0x96, 0x95, 0x96 ; file 1B3777
db 0x95, 0x96, 0x9F, 0x9F, 0x95, 0x29, 0x47, 0x47, 0x2B, 0x9F, 0x9F, 0x9F, 0x95, 0x95, 0x95, 0x9F ; file 1B3787
db 0x95, 0x9F, 0x9F, 0x9F, 0x41, 0x41, 0x47, 0x47, 0xD7, 0x3B, 0xD7, 0x3B, 0x95, 0x96, 0xAD, 0xAD ; file 1B3797
db 0x3B, 0x3B, 0x3B, 0x3B, 0x95, 0x41, 0x2A, 0x4E, 0xBF, 0x9F, 0x87, 0x9F, 0x95, 0x95, 0x87, 0x9F ; file 1B37A7
db 0xBF, 0x9F, 0x87, 0x9F, 0x41, 0x41, 0x2A, 0xCA, 0xBF, 0x3B, 0x3B, 0x3B, 0x95, 0x96, 0x3B, 0x3B ; file 1B37B7
db 0xBF, 0x3B, 0x3B, 0x3B, 0x41, 0x41, 0x4E, 0x4E, 0xBF, 0x8D, 0x8D, 0x8D, 0x95, 0x8D, 0x8D, 0x8D ; file 1B37C7
db 0xBF, 0x8D, 0x8D, 0x8D, 0x41, 0x41, 0x3B, 0x3B, 0x3B, 0x3B, 0x3B, 0x3B, 0x3B, 0x3B, 0x3B, 0x3B ; file 1B37D7
db 0x3B, 0x3B, 0x3B, 0x3B, 0x00, 0x13, 0xD8, 0xCA, 0x00, 0x13, 0xD7, 0x9F, 0x95, 0x96, 0x95, 0x96 ; file 1B37E7
db 0x95, 0x96, 0x9F, 0x9F, 0x13, 0x13, 0xD8, 0xCA, 0xD7, 0x13, 0xD7, 0xA1, 0x96, 0x96, 0x96, 0x96 ; file 1B37F7
db 0x96, 0x96, 0xA1, 0xA1, 0xD0, 0x13, 0xD8, 0x47, 0x25, 0x25, 0xD7, 0x8B, 0x95, 0x96, 0xD8, 0x3B ; file 1B3807
db 0x0C, 0x3B, 0xD7, 0x3B, 0xD0, 0x13, 0xD8, 0x47, 0xD7, 0x8B, 0xD7, 0x8B, 0x96, 0x96, 0xD8, 0x3B ; file 1B3817
db 0xD7, 0x3B, 0xD7, 0x3B, 0xD4, 0x13, 0x2A, 0x0F, 0xBF, 0x13, 0x2A, 0x3B, 0xD6, 0x96, 0xD6, 0x3B ; file 1B3827
db 0xBF, 0x3B, 0x8E, 0x3B, 0x13, 0x13, 0xD8, 0xCA, 0xD7, 0x13, 0xD7, 0x3B, 0x96, 0x96, 0x3B, 0x3B ; file 1B3837
db 0x3B, 0x3B, 0x3B, 0x3B, 0xD0, 0x0F, 0xD8, 0x0F, 0x0C, 0x3B, 0xD2, 0x3B, 0xD6, 0x3B, 0x3B, 0x3B ; file 1B3847
db 0x0C, 0x3B, 0x3B, 0x3B, 0xD0, 0x13, 0xD8, 0x3B, 0xD7, 0x3B, 0xD7, 0x3B, 0x3B, 0x3B, 0x3B, 0x3B ; file 1B3857
db 0x3B, 0x3B, 0x3B, 0x3B, 0x48, 0x96, 0x47, 0x47, 0x2B, 0x96, 0x9F, 0x9F, 0x95, 0x96, 0x95, 0x96 ; file 1B3867
db 0x95, 0x96, 0x9F, 0x9F, 0x96, 0x96, 0x47, 0x47, 0x96, 0x96, 0xD7, 0x3B, 0x96, 0x96, 0x96, 0x96 ; file 1B3877
db 0x96, 0x96, 0x3B, 0x3B, 0x47, 0x47, 0x47, 0x47, 0x25, 0x3B, 0xD7, 0x3B, 0x95, 0x96, 0x3B, 0x3B ; file 1B3887
db 0x3B, 0x3B, 0x3B, 0x3B, 0x47, 0x47, 0x47, 0x47, 0xD7, 0x3B, 0xD7, 0x3B, 0x96, 0x96, 0x3B, 0x3B ; file 1B3897
db 0x3B, 0x3B, 0x3B, 0x3B, 0xD4, 0x96, 0xD4, 0x3B, 0xBF, 0x3B, 0x8E, 0x3B, 0xD6, 0x96, 0xD6, 0x3B ; file 1B38A7
db 0xBF, 0x3B, 0x8E, 0x3B, 0x96, 0x96, 0x3B, 0x3B, 0x3B, 0x3B, 0x3B, 0x3B, 0x96, 0x96, 0x3B, 0x3B ; file 1B38B7
db 0x3B, 0x3B, 0x3B, 0x3B, 0xD4, 0x3B, 0x3B, 0x3B, 0x3B, 0x3B, 0x3B, 0x3B, 0xD6, 0x3B, 0x3B, 0x3B ; file 1B38C7
db 0x3B, 0x3B, 0x3B, 0x3B, 0x12, 0x3B, 0x3B, 0x3B, 0x3B, 0x3B, 0x3B, 0x3B, 0x3B, 0x3B, 0x3B, 0x3B ; file 1B38D7
db 0x3B, 0x3B, 0x3B, 0x3B, 0x00, 0x00, 0xD8, 0xCA, 0x00, 0x9F, 0xD7, 0x9F, 0x24, 0x24, 0x24, 0x9F ; file 1B38E7
db 0x24, 0x9F, 0x9F, 0x9F, 0xD0, 0xCA, 0xD8, 0xCA, 0xD7, 0xCA, 0xD7, 0xCA, 0x24, 0x96, 0xD8, 0xCA ; file 1B38F7
db 0xD7, 0x96, 0xD7, 0x9F, 0xD0, 0x29, 0xD8, 0xD8, 0xD7, 0xD7, 0xD7, 0xD7, 0x24, 0x24, 0xD3, 0x9F ; file 1B3907
db 0x0C, 0x9F, 0xD7, 0x9F, 0xD0, 0xD0, 0xD8, 0xD8, 0xD7, 0xD7, 0xD7, 0xD7, 0xD0, 0x96, 0xD8, 0xBC ; file 1B3917
db 0xD7, 0x8A, 0xD7, 0x8A, 0x24, 0x24, 0x2A, 0x0F, 0x24, 0x24, 0x2A, 0x4C, 0x24, 0x24, 0x24, 0x24 ; file 1B3927
db 0x24, 0x24, 0x24, 0x9F, 0x24, 0xCA, 0xD8, 0xCA, 0xD7, 0x8A, 0xD7, 0x8A, 0x24, 0x24, 0x24, 0x8A ; file 1B3937
db 0x24, 0x8A, 0x8A, 0x8A, 0x24, 0x0F, 0xD8, 0x0F, 0x0C, 0x4C, 0xD2, 0x4C, 0x24, 0x24, 0x24, 0x0F ; file 1B3947
db 0x0C, 0x0C, 0x0C, 0x8A, 0xD0, 0x41, 0xD8, 0xD8, 0xD7, 0x8A, 0xD7, 0x8A, 0x24, 0x8A, 0xD8, 0x8A ; file 1B3957
db 0x0C, 0x8A, 0x8A, 0x8A, 0x48, 0x48, 0x48, 0x9F, 0x2B, 0x9F, 0x9F, 0x9F, 0x95, 0x95, 0x95, 0x9F ; file 1B3967
db 0x95, 0x9F, 0x9F, 0x9F, 0x48, 0x96, 0xD8, 0xCA, 0xD7, 0x96, 0xD7, 0x9F, 0x95, 0x96, 0x95, 0x96 ; file 1B3977
db 0x95, 0x96, 0x9F, 0x9F, 0x48, 0x29, 0xD3, 0x47, 0xD7, 0x9F, 0xD7, 0x9F, 0x95, 0x95, 0xD3, 0x9F ; file 1B3987
db 0x95, 0x9F, 0x9F, 0x9F, 0xD0, 0x41, 0xD8, 0x47, 0xD7, 0xD7, 0xD7, 0xD7, 0x95, 0x96, 0xBC, 0xBC ; file 1B3997
db 0xD7, 0x3B, 0xD7, 0x3B, 0xD4, 0xD4, 0xD4, 0x4E, 0xBF, 0x9F, 0x1D, 0x9F, 0x02, 0x02, 0x02, 0x9F ; file 1B39A7
db 0xBF, 0x9F, 0x87, 0x9F, 0xD4, 0x41, 0xD4, 0xA5, 0xBF, 0x3B, 0xD7, 0x3B, 0x02, 0x96, 0xA5, 0xA5 ; file 1B39B7
db 0xBF, 0x3B, 0x3B, 0x3B, 0xD4, 0x41, 0x1D, 0x4E, 0x1D, 0x8D, 0x1D, 0x8D, 0x02, 0x8D, 0xD3, 0x8D ; file 1B39C7
db 0xBF, 0x8D, 0x8D, 0x8D, 0x12, 0x41, 0xD8, 0x3B, 0xD7, 0x3B, 0xD7, 0x3B, 0x02, 0x3B, 0x3B, 0x3B ; file 1B39D7
db 0x3B, 0x3B, 0x3B, 0x3B, 0x11, 0x11, 0xD8, 0xD8, 0xD7, 0xB3, 0xD7, 0xB3, 0xD5, 0x96, 0xD5, 0xB3 ; file 1B39E7
db 0xD5, 0xB3, 0xB3, 0xB3, 0xD0, 0x13, 0xD8, 0xD8, 0xD7, 0xD7, 0xD7, 0xD7, 0x96, 0x96, 0xD8, 0x96 ; file 1B39F7
db 0xD7, 0x96, 0xD7, 0xA1, 0xD0, 0xD0, 0xD8, 0xD8, 0xD7, 0xD7, 0xD7, 0xD7, 0xD0, 0x96, 0xD8, 0xBC ; file 1B3A07
db 0x0C, 0x0C, 0xD7, 0x8A, 0xD0, 0xD0, 0xD8, 0xD8, 0xD7, 0xD7, 0xD7, 0xD7, 0xD0, 0x96, 0xD8, 0xBC ; file 1B3A17
db 0xD7, 0x8A, 0xD7, 0x8A, 0xD4, 0xD4, 0xD4, 0xD4, 0xD4, 0xD4, 0xD2, 0x8A, 0x24, 0x24, 0x24, 0x8A ; file 1B3A27
db 0x0C, 0x0C, 0x0C, 0x8A, 0xD0, 0x13, 0xD8, 0xD8, 0xD7, 0x8A, 0xD7, 0x8A, 0x24, 0x96, 0xD8, 0x8A ; file 1B3A37
db 0x0C, 0x8A, 0x8A, 0x8A, 0xD0, 0x46, 0xD8, 0xD8, 0x0C, 0x0C, 0xD2, 0x8A, 0x0C, 0x0C, 0xD8, 0x8A ; file 1B3A47
db 0x0C, 0x0C, 0x0C, 0x8A, 0xD0, 0x46, 0xD8, 0xD8, 0xD7, 0x8A, 0xD7, 0x8A, 0xD0, 0x8A, 0xD8, 0x8A ; file 1B3A57
db 0x0C, 0x8A, 0x8A, 0x8A, 0x48, 0x48, 0x48, 0xB3, 0x48, 0xB3, 0xB3, 0xB3, 0xD5, 0x96, 0xD5, 0xB3 ; file 1B3A67
db 0xD5, 0xB3, 0xB3, 0xB3, 0x48, 0x96, 0xD8, 0x47, 0xD7, 0x96, 0xD7, 0xB3, 0x96, 0x96, 0x96, 0x96 ; file 1B3A77
db 0x96, 0x96, 0xB3, 0xB3, 0x48, 0x46, 0xD8, 0x47, 0xD7, 0xB3, 0xD7, 0xB3, 0xD5, 0x96, 0xBC, 0xBC ; file 1B3A87
db 0xD5, 0xB3, 0xB3, 0xB3, 0xD0, 0x46, 0xD8, 0x47, 0xD7, 0xD7, 0xD7, 0xD7, 0x96, 0x96, 0xBC, 0xBC ; file 1B3A97
db 0xD7, 0x3B, 0xD7, 0x3B, 0xD4, 0xD4, 0xD4, 0xD4, 0xD4, 0xD4, 0xD4, 0xB3, 0xD4, 0x96, 0xD4, 0xB3 ; file 1B3AA7
db 0x1A, 0xAE, 0x8E, 0xB3, 0xD4, 0x46, 0xD4, 0x3B, 0xD4, 0x3B, 0xD7, 0x3B, 0x96, 0x96, 0x3B, 0x3B ; file 1B3AB7
db 0x1A, 0x3B, 0x3B, 0x3B, 0xD4, 0x46, 0xD4, 0x3B, 0xD4, 0x3B, 0xD2, 0x3B, 0xD4, 0x3B, 0x3B, 0x3B ; file 1B3AC7
db 0x03, 0x3B, 0x3B, 0x3B, 0x12, 0x46, 0xD8, 0x3B, 0xD7, 0x3B, 0xD7, 0x3B, 0x12, 0x3B, 0x3B, 0x3B ; file 1B3AD7
db 0x3B, 0x3B, 0x3B, 0x3B, 0xA0, 0x29, 0xA0, 0x0F, 0xA0, 0x29, 0x9F, 0x9F, 0x95, 0x29, 0x95, 0x9F ; file 1B3AE7
db 0x17, 0x9F, 0x9F, 0x9F, 0xA0, 0xCA, 0xCA, 0xCA, 0xA0, 0xB0, 0xB0, 0xB0, 0x95, 0x96, 0xB0, 0xB0 ; file 1B3AF7
db 0xB0, 0xB0, 0xB0, 0xB0, 0x29, 0x29, 0x0F, 0x0F, 0x29, 0x29, 0x0F, 0x0F, 0x29, 0x29, 0x0F, 0x0F ; file 1B3B07
db 0x8D, 0x8D, 0x8D, 0x8D, 0x29, 0x29, 0xD8, 0x0F, 0xD7, 0x29, 0xD7, 0x0F, 0x29, 0x29, 0xD8, 0x0F ; file 1B3B17
db 0x8D, 0x8D, 0x8D, 0x8D, 0xA0, 0x0F, 0x0F, 0x0F, 0x17, 0x0F, 0x0F, 0x0F, 0xD6, 0xD6, 0xD6, 0x0F ; file 1B3B27
db 0x17, 0x8D, 0x8D, 0x8D, 0xA0, 0x0F, 0x0F, 0x0F, 0x17, 0x43, 0x0F, 0x0F, 0xD6, 0x43, 0xD6, 0x0F ; file 1B3B37
db 0x17, 0x43, 0x8D, 0x8D, 0x0F, 0x0F, 0x0F, 0x0F, 0x0F, 0x0F, 0x0F, 0x0F, 0xD6, 0x0F, 0x0F, 0x0F ; file 1B3B47
db 0x8D, 0x8D, 0x8D, 0x8D, 0x0F, 0x0F, 0x0F, 0x0F, 0x0F, 0x0F, 0x0F, 0x0F, 0xD6, 0x0F, 0x0F, 0x0F ; file 1B3B57
db 0x8D, 0x8D, 0x8D, 0x8D, 0x01, 0x01, 0x01, 0x9F, 0x01, 0x9F, 0x9F, 0x9F, 0x95, 0x95, 0x95, 0x9F ; file 1B3B67
db 0x17, 0x9F, 0x9F, 0x9F, 0xC9, 0x96, 0xC9, 0x8C, 0xC9, 0x43, 0x9F, 0x9F, 0x95, 0x96, 0x95, 0x96 ; file 1B3B77
db 0x17, 0x43, 0x9F, 0x9F, 0x01, 0x29, 0x0F, 0x0F, 0x8D, 0x8D, 0x8D, 0x8D, 0x95, 0x8D, 0x8D, 0x8D ; file 1B3B87
db 0x8D, 0x8D, 0x8D, 0x8D, 0xC9, 0x29, 0x47, 0x47, 0xC9, 0x8D, 0x8D, 0x8D, 0x95, 0x96, 0x8D, 0x8D ; file 1B3B97
db 0x8D, 0x8D, 0x8D, 0x8D, 0xB8, 0xB8, 0xB8, 0x0F, 0x17, 0x8D, 0x8D, 0x8D, 0xD6, 0xD6, 0xD6, 0x8D ; file 1B3BA7
db 0x17, 0x8D, 0x8D, 0x8D, 0xB8, 0x41, 0xB8, 0x0F, 0x17, 0x43, 0x8D, 0x8D, 0xD6, 0x43, 0xD6, 0x8D ; file 1B3BB7
db 0x17, 0x43, 0x8D, 0x8D, 0xB8, 0x0F, 0x0F, 0x0F, 0x8D, 0x8D, 0x8D, 0x8D, 0xD6, 0x8D, 0x8D, 0x8D ; file 1B3BC7
db 0x8D, 0x8D, 0x8D, 0x8D, 0x12, 0x41, 0x0F, 0x0F, 0x8D, 0x8D, 0x8D, 0x8D, 0xD6, 0x8D, 0x8D, 0x8D ; file 1B3BD7
db 0x8D, 0x8D, 0x8D, 0x8D, 0x11, 0x11, 0x11, 0x0F, 0x11, 0xB0, 0xB0, 0xB0, 0xD5, 0x96, 0xD5, 0xB0 ; file 1B3BE7
db 0xD5, 0xB0, 0xB0, 0xB0, 0xC9, 0x13, 0xC9, 0xB0, 0xC9, 0xB0, 0xB0, 0xB0, 0x96, 0x96, 0xB0, 0xB0 ; file 1B3BF7
db 0xB0, 0xB0, 0xB0, 0xB0, 0x11, 0x29, 0xD8, 0x0F, 0x25, 0x29, 0xD7, 0x0F, 0xD5, 0x29, 0xD5, 0x0F ; file 1B3C07
db 0xD5, 0x8D, 0x8D, 0x8D, 0xC9, 0x07, 0xD8, 0x1C, 0xD7, 0x8B, 0xD7, 0x8B, 0x96, 0x96, 0xD8, 0xB0 ; file 1B3C17
db 0xB0, 0xB0, 0xB0, 0xB0, 0xD4, 0xD4, 0xD4, 0x0F, 0xD4, 0x53, 0xD4, 0x0F, 0xD6, 0xD6, 0xD6, 0xD6 ; file 1B3C27
db 0xD6, 0xBD, 0xD6, 0x8D, 0xC9, 0x13, 0xC9, 0x08, 0x53, 0x53, 0xB0, 0xB0, 0xD6, 0x96, 0xD6, 0xB0 ; file 1B3C37
db 0xBD, 0xBD, 0xB0, 0xB0, 0xD4, 0x0F, 0x0F, 0x0F, 0xD4, 0x0F, 0x0F, 0x0F, 0xD6, 0xD6, 0xD6, 0x0F ; file 1B3C47
db 0xD6, 0x8D, 0x8D, 0x8D, 0x12, 0x08, 0xD8, 0x08, 0xD7, 0x3B, 0xD7, 0x3B, 0xD6, 0x3B, 0x3B, 0x3B ; file 1B3C57
db 0x3B, 0x3B, 0x3B, 0x3B, 0x48, 0x48, 0x48, 0x47, 0x48, 0x48, 0x48, 0x9F, 0xD5, 0x96, 0xD5, 0x96 ; file 1B3C67
db 0xD5, 0x96, 0x9F, 0x9F, 0xC9, 0x96, 0xC9, 0x47, 0xC9, 0x96, 0xC9, 0xB0, 0x96, 0x96, 0x96, 0x96 ; file 1B3C77
db 0x96, 0x96, 0xB0, 0xB0, 0x48, 0x29, 0x47, 0x47, 0x48, 0x8D, 0x8D, 0x8D, 0xD5, 0x96, 0xD5, 0x8D ; file 1B3C87
db 0xD5, 0x8D, 0x8D, 0x8D, 0xC9, 0x47, 0x47, 0x47, 0xC9, 0x3B, 0xD7, 0x3B, 0x96, 0x96, 0x3B, 0x3B ; file 1B3C97
db 0x3B, 0x3B, 0x3B, 0x3B, 0xD4, 0xD4, 0xD4, 0xD4, 0xD4, 0xBD, 0xD4, 0x8D, 0xD6, 0xD6, 0xD6, 0xD6 ; file 1B3CA7
db 0xD6, 0xBD, 0xD6, 0x8D, 0xC9, 0x96, 0xC9, 0x3B, 0xBD, 0xBD, 0x3B, 0x3B, 0xD6, 0x96, 0xD6, 0x3B ; file 1B3CB7
db 0xBD, 0xBD, 0x3B, 0x3B, 0xD4, 0xD4, 0xD4, 0x0F, 0xD4, 0x8D, 0x8D, 0x8D, 0xD6, 0xD6, 0xD6, 0x8D ; file 1B3CC7
db 0xD6, 0x8D, 0x8D, 0x8D, 0x12, 0x12, 0x12, 0x3B, 0x12, 0x3B, 0x3B, 0x3B, 0xD6, 0x3B, 0x3B, 0x3B ; file 1B3CD7
db 0x3B, 0x3B, 0x3B, 0x3B, 0x11, 0x11, 0x36, 0xC0, 0x11, 0xC0, 0xC0, 0xC0, 0xD5, 0xD5, 0xD5, 0x44 ; file 1B3CE7
db 0xD5, 0x44, 0x44, 0x44, 0xDA, 0xDA, 0xD8, 0xCA, 0xDA, 0xC0, 0xD7, 0xC0, 0xD5, 0x3A, 0xD5, 0xA5 ; file 1B3CF7
db 0xCE, 0xB0, 0xB0, 0xB0, 0x36, 0x29, 0x36, 0x0F, 0x36, 0x29, 0x36, 0xC0, 0xD5, 0x29, 0x36, 0x0F ; file 1B3D07
db 0xD5, 0x8D, 0x36, 0x8D, 0xD0, 0x0E, 0xD8, 0x1C, 0xD7, 0x0E, 0xD7, 0xD7, 0xD0, 0x0E, 0xD8, 0xB7 ; file 1B3D17
db 0xD7, 0xA7, 0xD7, 0xA7, 0xD4, 0xD4, 0xD4, 0x0F, 0xC2, 0xC0, 0x1D, 0xC0, 0x02, 0x02, 0x02, 0x0F ; file 1B3D27
db 0x02, 0x8D, 0x8D, 0x8D, 0xD4, 0xD4, 0xD4, 0x08, 0xC2, 0x43, 0xD7, 0xA7, 0x02, 0xA5, 0xA5, 0xA5 ; file 1B3D37
db 0x02, 0x43, 0xA7, 0xA7, 0xD4, 0x0F, 0x0F, 0x0F, 0x1D, 0x0F, 0x1D, 0x0F, 0x02, 0x0F, 0x0F, 0x0F ; file 1B3D47
db 0x03, 0x8D, 0x8D, 0x8D, 0x12, 0x08, 0xD8, 0x08, 0xD7, 0xA7, 0xD7, 0xA7, 0x02, 0xA7, 0xA7, 0xA7 ; file 1B3D57
db 0xA7, 0xA7, 0xA7, 0xA7, 0x48, 0x48, 0x48, 0x48, 0x48, 0x48, 0x1D, 0x9F, 0xD5, 0xD5, 0xD5, 0x9F ; file 1B3D67
db 0xD5, 0x9F, 0x9F, 0x9F, 0x48, 0x3A, 0x48, 0x8C, 0x48, 0x3A, 0xD7, 0x9F, 0xD5, 0x3A, 0xD5, 0xA5 ; file 1B3D77
db 0xD5, 0x3A, 0x9F, 0x9F, 0x48, 0x29, 0x36, 0x0F, 0x1D, 0x8D, 0x1D, 0x8D, 0xD5, 0xD5, 0xD3, 0x8D ; file 1B3D87
db 0xD5, 0x8D, 0x8D, 0x8D, 0x12, 0x0E, 0xD8, 0x1C, 0xD7, 0xA7, 0xD7, 0xA7, 0xD5, 0x3A, 0xA7, 0xA7 ; file 1B3D97
db 0xA7, 0xA7, 0xA7, 0xA7, 0xD4, 0xD4, 0xD4, 0xD4, 0xD4, 0xD4, 0x1D, 0x8D, 0x02, 0x02, 0x02, 0x8D ; file 1B3DA7
db 0x02, 0x8D, 0x8D, 0x8D, 0xD4, 0xD4, 0xD4, 0xA5, 0xD4, 0x43, 0x1D, 0xA7, 0x02, 0xA5, 0xA5, 0xA5 ; file 1B3DB7
db 0x02, 0x43, 0xA7, 0xA7, 0xD4, 0xD4, 0x1D, 0x0F, 0x1D, 0x8D, 0x1D, 0x8D, 0x02, 0x8D, 0x8D, 0x8D ; file 1B3DC7
db 0x03, 0x8D, 0x8D, 0x8D, 0x12, 0x12, 0x12, 0xA7, 0x12, 0xA7, 0x1D, 0xA7, 0x02, 0xA7, 0xA7, 0xA7 ; file 1B3DD7
db 0xA7, 0xA7, 0xA7, 0xA7, 0x11, 0x11, 0x11, 0x11, 0x11, 0x11, 0xD7, 0x44, 0xD5, 0xD5, 0xD5, 0x44 ; file 1B3DE7
db 0xD5, 0x44, 0x44, 0x44, 0xDA, 0xDA, 0xD8, 0x1C, 0xDA, 0xDA, 0xD7, 0xB0, 0xD5, 0x3A, 0xD5, 0xB0 ; file 1B3DF7
db 0xCE, 0xB0, 0xB0, 0xB0, 0x11, 0x07, 0xD8, 0x1C, 0xD7, 0xD7, 0xD7, 0xD7, 0xD5, 0xD5, 0xD5, 0xB7 ; file 1B3E07
db 0xD5, 0x44, 0xD7, 0x44, 0xD0, 0x07, 0xD8, 0x1C, 0xD7, 0xD7, 0xD7, 0xD7, 0xD0, 0xB7, 0xD8, 0xB7 ; file 1B3E17
db 0xD7, 0x8A, 0xD7, 0x8A, 0xD4, 0xD4, 0xD4, 0xD4, 0xD4, 0xD4, 0xD4, 0x44, 0xD4, 0xD4, 0xD4, 0x44 ; file 1B3E27
db 0x1A, 0xAE, 0x1A, 0x44, 0xD4, 0xD4, 0xD4, 0x08, 0xD4, 0x53, 0xD7, 0x08, 0xD4, 0x3A, 0xAB, 0xAB ; file 1B3E37
db 0x1A, 0xBD, 0x04, 0x8A, 0xD4, 0xD4, 0xD4, 0x08, 0xD4, 0xA6, 0xD2, 0x08, 0xD4, 0xA6, 0xAB, 0xAB ; file 1B3E47
db 0x03, 0xA6, 0x03, 0x8A, 0x12, 0x08, 0xD8, 0x08, 0xD7, 0x08, 0xD7, 0x08, 0x12, 0xAB, 0xAB, 0xAB ; file 1B3E57
db 0x03, 0x8A, 0x04, 0x8A, 0x48, 0x48, 0x48, 0x48, 0x48, 0x48, 0x48, 0xB3, 0xD5, 0xD5, 0xD5, 0xD5 ; file 1B3E67
db 0xD5, 0xD5, 0xD5, 0xB3, 0x48, 0x3A, 0x48, 0x1C, 0x48, 0x3A, 0xD7, 0x09, 0xD5, 0x3A, 0xD5, 0x3A ; file 1B3E77
db 0xD5, 0x3A, 0xD5, 0xB0, 0x48, 0x48, 0x48, 0x1C, 0x48, 0x48, 0xD7, 0x09, 0xD5, 0xD5, 0xD5, 0xBC ; file 1B3E87
db 0xD5, 0xA6, 0xD5, 0x8D, 0x12, 0x07, 0xD8, 0x1C, 0xD7, 0x09, 0xD7, 0x09, 0xD5, 0x3A, 0xBC, 0xBC ; file 1B3E97
db 0xD5, 0xAA, 0x04, 0x3B, 0xD4, 0xD4, 0xD4, 0xD4, 0xD4, 0xD4, 0xD4, 0xD4, 0xD4, 0xD4, 0xD4, 0xD4 ; file 1B3EA7
db 0x1A, 0xAE, 0x1A, 0x8D, 0xD4, 0xD4, 0xD4, 0xD4, 0xD4, 0xBD, 0xD4, 0x09, 0xD4, 0x3A, 0xD4, 0xA5 ; file 1B3EB7
db 0x1A, 0xBD, 0x04, 0x3B, 0xD4, 0xD4, 0xD4, 0xD4, 0xD4, 0xA6, 0x1D, 0x09, 0xD4, 0xA6, 0xD4, 0x8D ; file 1B3EC7
db 0x03, 0xA6, 0x03, 0x8D, 0x12, 0x12, 0x12, 0x08, 0x12, 0x09, 0x04, 0x09, 0x12, 0x12, 0x04, 0x3B ; file 1B3ED7
db 0x03, 0x3B, 0x04, 0x3B, 0x10, 0x84, 0x10, 0x83, 0x10, 0x84, 0x10, 0x92, 0x89, 0x84, 0x89, 0x92 ; file 1B3EE7
db 0x88, 0x92, 0x92, 0x92, 0x10, 0x35, 0x26, 0x83, 0x10, 0x35, 0x26, 0x83, 0x89, 0x9D, 0x26, 0x83 ; file 1B3EF7
db 0x88, 0x54, 0x26, 0x54, 0x10, 0x29, 0x3D, 0x29, 0x25, 0x29, 0x3D, 0x29, 0x89, 0x29, 0x3D, 0x29 ; file 1B3F07
db 0x25, 0x29, 0x3D, 0x49, 0x2E, 0x29, 0x2E, 0x9A, 0x25, 0x29, 0x2E, 0x4B, 0x2E, 0x29, 0x2E, 0x54 ; file 1B3F17
db 0x54, 0x54, 0x54, 0x54, 0x10, 0x84, 0x2A, 0x0F, 0x37, 0x37, 0xBA, 0x49, 0x89, 0x57, 0x2A, 0x49 ; file 1B3F27
db 0x9C, 0x49, 0x49, 0x49, 0x10, 0x35, 0x26, 0x83, 0x37, 0x4B, 0x26, 0x4B, 0x89, 0x9D, 0x26, 0xC8 ; file 1B3F37
db 0x9C, 0xC8, 0xC8, 0xC8, 0x30, 0x29, 0x3D, 0x0F, 0xBA, 0x29, 0xBA, 0x49, 0x30, 0x29, 0x3D, 0x49 ; file 1B3F47
db 0x49, 0x49, 0x49, 0x49, 0x5C, 0x29, 0x2E, 0x4B, 0x4B, 0x4B, 0x4B, 0x4B, 0x40, 0xC8, 0xC8, 0xC8 ; file 1B3F57
db 0xC8, 0xC8, 0xC8, 0xC8, 0x23, 0x23, 0x23, 0x23, 0x2B, 0x2B, 0x2B, 0x32, 0x95, 0x95, 0x95, 0x32 ; file 1B3F67
db 0x88, 0x32, 0x32, 0x32, 0x23, 0x23, 0x26, 0x83, 0x2B, 0x2B, 0x26, 0x32, 0x95, 0x95, 0x26, 0x32 ; file 1B3F77
db 0x88, 0x32, 0x32, 0x32, 0x23, 0x29, 0x3D, 0x29, 0x2B, 0x29, 0x2B, 0x32, 0x95, 0x29, 0xD3, 0xD3 ; file 1B3F87
db 0x88, 0x32, 0xD3, 0x32, 0x5C, 0x29, 0x2E, 0x9A, 0x2B, 0x19, 0x2E, 0x19, 0x40, 0xAD, 0xD3, 0xAD ; file 1B3F97
db 0x88, 0x19, 0x19, 0x19, 0x23, 0x23, 0x23, 0x4E, 0x37, 0x37, 0x37, 0x32, 0x95, 0x57, 0x87, 0x32 ; file 1B3FA7
db 0x9C, 0x58, 0x87, 0x32, 0x5C, 0x41, 0x26, 0x83, 0x37, 0x37, 0x37, 0x19, 0x40, 0x57, 0x19, 0x19 ; file 1B3FB7
db 0x9C, 0xB6, 0x19, 0x19, 0x30, 0x30, 0x30, 0x4E, 0x30, 0x30, 0xBA, 0x19, 0x30, 0x30, 0xD3, 0x19 ; file 1B3FC7
db 0x9C, 0x19, 0x19, 0x19, 0x5C, 0x41, 0x5C, 0x19, 0x5C, 0x19, 0x19, 0x19, 0x40, 0x19, 0x19, 0x19 ; file 1B3FD7
db 0x19, 0x19, 0x19, 0x19, 0x27, 0x27, 0x27, 0x27, 0x27, 0x27, 0x27, 0x27, 0x27, 0x27, 0x27, 0x27 ; file 1B3FE7
db 0x27, 0x27, 0x27, 0x92, 0x27, 0x35, 0x26, 0x35, 0x27, 0x35, 0x26, 0x82, 0x27, 0x9D, 0x26, 0x9D ; file 1B3FF7
db 0x27, 0x9D, 0xA1, 0xA1, 0x27, 0x27, 0x27, 0x14, 0x25, 0x25, 0xD1, 0x82, 0x27, 0x27, 0x27, 0x14 ; file 1B4007
db 0x25, 0x25, 0xD1, 0x38, 0x27, 0x35, 0x2E, 0x14, 0x25, 0x82, 0x82, 0x82, 0x27, 0x9D, 0x2E, 0x14 ; file 1B4017
db 0x25, 0x38, 0x38, 0x38, 0x27, 0x27, 0x27, 0x27, 0x27, 0x27, 0xD2, 0xD2, 0x27, 0x27, 0x27, 0x27 ; file 1B4027
db 0x27, 0xB6, 0x8E, 0x49, 0x27, 0x35, 0x26, 0x35, 0x27, 0x35, 0xD2, 0x4B, 0x27, 0x9D, 0x26, 0x9D ; file 1B4037
db 0xB6, 0xB6, 0xA1, 0xA1, 0x27, 0x27, 0xD2, 0x0F, 0x25, 0x25, 0xD2, 0xD2, 0x27, 0x27, 0xD2, 0x49 ; file 1B4047
db 0x0C, 0x49, 0xD2, 0x49, 0x1F, 0x35, 0x2E, 0x14, 0x25, 0x4B, 0xD2, 0x4B, 0x40, 0x40, 0x40, 0xC8 ; file 1B4057
db 0x40, 0xC8, 0xC8, 0xC8, 0x27, 0x27, 0x27, 0x27, 0x27, 0x27, 0x27, 0x32, 0x27, 0x27, 0x27, 0x32 ; file 1B4067
db 0x88, 0x32, 0x32, 0x32, 0x27, 0x35, 0x26, 0x35, 0x27, 0x35, 0x26, 0x82, 0x27, 0x96, 0x26, 0x42 ; file 1B4077
db 0x88, 0xB6, 0xA1, 0xA1, 0x27, 0x27, 0x27, 0x14, 0x25, 0x25, 0xD1, 0x82, 0x27, 0x27, 0xD3, 0x42 ; file 1B4087
db 0x25, 0x25, 0xD1, 0x32, 0x27, 0x35, 0x2E, 0x14, 0x25, 0x82, 0x82, 0x82, 0x40, 0x40, 0x40, 0x42 ; file 1B4097
db 0x40, 0xAA, 0xB1, 0xB1, 0x27, 0x27, 0x27, 0x27, 0x37, 0x37, 0x37, 0x32, 0x27, 0x57, 0x8E, 0x32 ; file 1B40A7
db 0x9C, 0xB6, 0x8E, 0x32, 0x27, 0x35, 0x26, 0x35, 0x37, 0xB6, 0x37, 0xB1, 0x40, 0xB6, 0x40, 0xB1 ; file 1B40B7
db 0xB6, 0xB6, 0x8E, 0xB1, 0x30, 0x30, 0x30, 0x4E, 0x25, 0x25, 0xD2, 0xA8, 0x40, 0x40, 0x40, 0xA8 ; file 1B40C7
db 0x4A, 0x4A, 0x4A, 0xA8, 0x40, 0x40, 0x40, 0xB1, 0x40, 0xB1, 0xB1, 0xB1, 0x40, 0x40, 0x40, 0xB1 ; file 1B40D7
db 0x40, 0xB1, 0xB1, 0xB1, 0x34, 0x34, 0x3D, 0x3D, 0x34, 0x34, 0x3D, 0x3D, 0x34, 0x34, 0x3D, 0x3D ; file 1B40E7
db 0xC7, 0x49, 0x3D, 0x49, 0x0A, 0xBE, 0x26, 0x83, 0x0A, 0x56, 0x26, 0x56, 0x0A, 0x9D, 0x26, 0x83 ; file 1B40F7
db 0xC7, 0x38, 0x26, 0x38, 0x3D, 0x29, 0x3D, 0x3D, 0x3D, 0x29, 0x3D, 0x3D, 0x3D, 0x29, 0x3D, 0x3D ; file 1B4107
db 0x3D, 0x49, 0x3D, 0x49, 0x3D, 0x0E, 0x3D, 0x14, 0x3D, 0x56, 0x3D, 0x56, 0x3D, 0x0E, 0x3D, 0x14 ; file 1B4117
db 0x38, 0x38, 0x38, 0x38, 0x30, 0x30, 0x3D, 0x3D, 0xC2, 0x49, 0xD2, 0x49, 0x24, 0x24, 0x24, 0x49 ; file 1B4127
db 0xC7, 0x49, 0x49, 0x49, 0x0A, 0xBE, 0x26, 0x83, 0xC2, 0x49, 0xD2, 0x49, 0x24, 0x24, 0x24, 0x49 ; file 1B4137
db 0xC7, 0x49, 0x49, 0x49, 0x30, 0x30, 0x3D, 0x3D, 0x30, 0x49, 0xD2, 0x49, 0x30, 0x49, 0x3D, 0x49 ; file 1B4147
db 0x49, 0x49, 0x49, 0x49, 0x30, 0x0E, 0x3D, 0x14, 0x30, 0x49, 0xD2, 0x49, 0x30, 0x49, 0x3D, 0x49 ; file 1B4157
db 0x49, 0x49, 0x49, 0x49, 0x23, 0x23, 0x3D, 0x3D, 0x2B, 0x2B, 0x2B, 0x32, 0x95, 0x95, 0xD3, 0xD3 ; file 1B4167
db 0x88, 0x32, 0xD3, 0x32, 0x0A, 0xBE, 0x26, 0x83, 0x2B, 0x2B, 0x26, 0x56, 0x95, 0x3A, 0xD3, 0xBC ; file 1B4177
db 0x88, 0x32, 0xD3, 0x32, 0x30, 0x30, 0x3D, 0x3D, 0x30, 0x30, 0x3D, 0x3D, 0xD3, 0xD3, 0xD3, 0xD3 ; file 1B4187
db 0xD3, 0x49, 0xD3, 0x49, 0x30, 0x0E, 0x3D, 0x14, 0x30, 0x56, 0x3D, 0x56, 0xD3, 0xBC, 0xD3, 0xBC ; file 1B4197
db 0xD3, 0xAA, 0xD3, 0xB1, 0x30, 0x30, 0x30, 0x30, 0x30, 0x30, 0x30, 0x49, 0x0B, 0x0B, 0xD3, 0x49 ; file 1B41A7
db 0x9C, 0x49, 0x49, 0x49, 0x30, 0x30, 0x30, 0x30, 0x30, 0x30, 0x30, 0xB1, 0x0B, 0x0B, 0xD3, 0xA5 ; file 1B41B7
db 0x9C, 0xB1, 0xB1, 0xB1, 0x30, 0x30, 0x30, 0x30, 0x30, 0x30, 0x30, 0x49, 0x30, 0x30, 0xD3, 0x49 ; file 1B41C7
db 0x30, 0x49, 0x49, 0x49, 0x30, 0x30, 0x30, 0x30, 0x30, 0x30, 0x30, 0xB1, 0x30, 0x30, 0xD3, 0xB1 ; file 1B41D7
db 0x30, 0xB1, 0xB1, 0xB1, 0x34, 0x34, 0x34, 0x34, 0x34, 0x34, 0xD1, 0xD1, 0x34, 0x34, 0x34, 0x34 ; file 1B41E7
db 0x34, 0x34, 0xC1, 0xB3, 0x0A, 0xBE, 0x0A, 0x14, 0x0A, 0xBE, 0xD1, 0x14, 0x0A, 0x9D, 0x0A, 0x14 ; file 1B41F7
db 0xCE, 0x38, 0x38, 0x38, 0x34, 0x34, 0x3D, 0x14, 0xD1, 0xD1, 0xD1, 0xD1, 0x34, 0x34, 0x3D, 0x14 ; file 1B4207
db 0xD1, 0x38, 0xD1, 0x38, 0xB9, 0x07, 0x14, 0x14, 0xB9, 0x07, 0xD1, 0x14, 0xB9, 0x07, 0x14, 0x14 ; file 1B4217
db 0x38, 0x38, 0x38, 0x38, 0x34, 0x34, 0x34, 0x34, 0x2D, 0x2D, 0xD2, 0xD2, 0x34, 0x34, 0x34, 0x49 ; file 1B4227
db 0xC7, 0x49, 0xD2, 0x49, 0x0A, 0xBE, 0x0A, 0x14, 0x0A, 0xBE, 0xD2, 0x8A, 0x0A, 0x9D, 0x0A, 0x8A ; file 1B4237
db 0xC7, 0x8A, 0x8A, 0x8A, 0x30, 0x30, 0xD2, 0xD2, 0xD2, 0xD2, 0xD2, 0xD2, 0x0C, 0x49, 0xD2, 0x49 ; file 1B4247
db 0x0C, 0x49, 0xD2, 0x49, 0x1F, 0x07, 0xD2, 0x14, 0xD2, 0x8A, 0xD2, 0x8A, 0x1F, 0x8A, 0x8A, 0x8A ; file 1B4257
db 0x0C, 0x8A, 0x8A, 0x8A, 0x34, 0x34, 0x34, 0x34, 0x34, 0x34, 0xD1, 0xB3, 0x34, 0x34, 0xD3, 0xB3 ; file 1B4267
db 0x34, 0xB3, 0xB3, 0xB3, 0x0A, 0xBE, 0x0A, 0x14, 0x0A, 0xBE, 0xD1, 0xB1, 0x0A, 0x3A, 0xBC, 0xBC ; file 1B4277
db 0x8F, 0x8F, 0x8F, 0xB1, 0x30, 0x30, 0x3D, 0x14, 0xD1, 0xD1, 0xD1, 0xD1, 0xD3, 0xBC, 0xD3, 0xBC ; file 1B4287
db 0x4A, 0x4A, 0xD1, 0xB1, 0xB9, 0x07, 0x14, 0x14, 0xB9, 0xAA, 0xD1, 0xB1, 0x40, 0xBC, 0xBC, 0xBC ; file 1B4297
db 0x4A, 0xAA, 0xB1, 0xB1, 0x30, 0x30, 0x30, 0x30, 0x2D, 0x2D, 0xD2, 0xB1, 0x0B, 0x0B, 0xD3, 0xB1 ; file 1B42A7
db 0x4A, 0x4A, 0x4A, 0xB1, 0x0A, 0x46, 0x0A, 0xB1, 0x0A, 0xB1, 0xB1, 0xB1, 0x40, 0xB1, 0xB1, 0xB1 ; file 1B42B7
db 0x4A, 0xB1, 0xB1, 0xB1, 0x30, 0x30, 0x30, 0x30, 0x30, 0x30, 0xD2, 0xB1, 0x30, 0x30, 0xD3, 0xB1 ; file 1B42C7
db 0x4A, 0x4A, 0x4A, 0xB1, 0x30, 0x46, 0x30, 0xB1, 0x30, 0xB1, 0xB1, 0xB1, 0x40, 0xB1, 0xB1, 0xB1 ; file 1B42D7
db 0x4A, 0xB1, 0xB1, 0xB1, 0x23, 0x29, 0x23, 0x29, 0x23, 0x29, 0xC6, 0x29, 0x23, 0x29, 0xC6, 0x29 ; file 1B42E7
db 0xC6, 0x29, 0xC6, 0x92, 0x23, 0x29, 0x26, 0x83, 0x23, 0x29, 0x26, 0x83, 0x23, 0x29, 0x26, 0x83 ; file 1B42F7
db 0xC6, 0x29, 0xC6, 0x54, 0x29, 0x29, 0x29, 0x29, 0x29, 0x29, 0x16, 0x29, 0x29, 0x29, 0x29, 0x29 ; file 1B4307
db 0x29, 0x29, 0xC6, 0x29, 0x29, 0x29, 0x2E, 0x29, 0x29, 0x29, 0x2E, 0x29, 0x29, 0x29, 0x2E, 0x29 ; file 1B4317
db 0x29, 0x29, 0x54, 0x54, 0x23, 0x29, 0x0F, 0x0F, 0x3C, 0x29, 0x16, 0x0F, 0xC7, 0x57, 0xC6, 0x0F ; file 1B4327
db 0xC7, 0x58, 0xC6, 0x39, 0x23, 0x29, 0x26, 0x0F, 0x3C, 0x29, 0x16, 0x4B, 0xC7, 0x57, 0x26, 0xC8 ; file 1B4337
db 0xC7, 0x43, 0xC6, 0xC8, 0x29, 0x29, 0x0F, 0x0F, 0x16, 0x29, 0x16, 0x0F, 0x29, 0x29, 0x0F, 0x0F ; file 1B4347
db 0xC7, 0x29, 0x16, 0x49, 0x33, 0x29, 0x0F, 0x0F, 0x33, 0x29, 0x16, 0x4B, 0x33, 0x29, 0xC8, 0xC8 ; file 1B4357
db 0xC7, 0xC8, 0xC8, 0xC8, 0x23, 0x23, 0x23, 0x23, 0x23, 0x23, 0x23, 0x23, 0x23, 0x23, 0x23, 0x23 ; file 1B4367
db 0x23, 0x58, 0xC6, 0x32, 0x23, 0x23, 0x23, 0x8C, 0x23, 0x23, 0x23, 0x8C, 0x23, 0x23, 0x23, 0x8C ; file 1B4377
db 0x23, 0x43, 0xC6, 0x32, 0x23, 0x29, 0x23, 0x29, 0x23, 0x29, 0x23, 0x29, 0x23, 0x29, 0xD3, 0x29 ; file 1B4387
db 0x23, 0x29, 0x3E, 0x86, 0x23, 0x29, 0x23, 0x8C, 0x23, 0x29, 0xA4, 0xA4, 0x23, 0x29, 0xD3, 0x8C ; file 1B4397
db 0x23, 0xAA, 0x19, 0x19, 0x23, 0x23, 0x23, 0x0F, 0x23, 0x58, 0x23, 0x39, 0x0B, 0x57, 0x0B, 0x57 ; file 1B43A7
db 0x17, 0x58, 0x17, 0x39, 0x23, 0x23, 0x23, 0x8C, 0x23, 0x43, 0x23, 0x8C, 0x0B, 0x57, 0x0B, 0x57 ; file 1B43B7
db 0x17, 0x43, 0x17, 0x19, 0x23, 0x29, 0x0F, 0x0F, 0x23, 0x29, 0x16, 0x86, 0x0B, 0x57, 0x3E, 0x86 ; file 1B43C7
db 0x4A, 0x58, 0x3E, 0x86, 0x5C, 0x29, 0x5C, 0x0F, 0x5C, 0x19, 0x16, 0x19, 0x40, 0x57, 0x19, 0x19 ; file 1B43D7
db 0x4A, 0x19, 0x19, 0x19, 0x27, 0x27, 0x27, 0x27, 0x27, 0x27, 0x27, 0x27, 0x27, 0x27, 0x27, 0x27 ; file 1B43E7
db 0x27, 0x27, 0xC1, 0x44, 0x27, 0x35, 0x26, 0x35, 0x27, 0x35, 0x1B, 0x82, 0x27, 0x9D, 0x26, 0x9D ; file 1B43F7
db 0xCE, 0x9D, 0xA1, 0xA1, 0x27, 0x29, 0x27, 0x29, 0x25, 0x29, 0xD1, 0x29, 0x27, 0x29, 0x27, 0x29 ; file 1B4407
db 0x25, 0x29, 0xC1, 0xA8, 0x07, 0x07, 0x2E, 0x07, 0x25, 0x07, 0x1B, 0x82, 0x07, 0x07, 0x2E, 0xB7 ; file 1B4417
db 0xCE, 0xAA, 0x1B, 0x38, 0x27, 0x27, 0x27, 0x0F, 0x2D, 0x2D, 0x2D, 0x0F, 0x27, 0x57, 0x27, 0x0F ; file 1B4427
db 0xC7, 0x58, 0xC1, 0xA8, 0x1F, 0x35, 0x1B, 0x08, 0x2D, 0x53, 0x1B, 0xAC, 0x1F, 0x9D, 0x1B, 0x9D ; file 1B4437
db 0xC7, 0xB6, 0x1B, 0xA1, 0x1F, 0x29, 0x0F, 0x0F, 0x25, 0x29, 0xD2, 0x0F, 0x4A, 0x29, 0x0F, 0x0F ; file 1B4447
db 0x4A, 0x4A, 0x4A, 0xA8, 0x1F, 0x07, 0x1B, 0x08, 0x1B, 0xAC, 0x1B, 0xAC, 0x1F, 0x07, 0x1B, 0xA2 ; file 1B4457
db 0x4A, 0xA2, 0x1B, 0xA2, 0x23, 0x23, 0x23, 0x23, 0x23, 0x23, 0x23, 0xA4, 0x23, 0x23, 0x23, 0x23 ; file 1B4467
db 0x23, 0x58, 0xC1, 0x32, 0x23, 0x23, 0x23, 0x8C, 0x23, 0xA4, 0xA4, 0xA4, 0xCC, 0x3A, 0xCC, 0x8C ; file 1B4477
db 0xCC, 0xAA, 0xA1, 0xA1, 0x23, 0x29, 0x23, 0x29, 0x23, 0x29, 0xA4, 0xA4, 0x23, 0x29, 0xD3, 0xA8 ; file 1B4487
db 0x4A, 0x4A, 0x4A, 0xA8, 0x23, 0x07, 0xA4, 0xA4, 0xA4, 0xA4, 0xA4, 0xA4, 0x40, 0xAA, 0x40, 0x42 ; file 1B4497
db 0x4A, 0xAA, 0xA2, 0xA2, 0x23, 0x23, 0x23, 0x0F, 0x23, 0x58, 0x23, 0xA8, 0xD6, 0x57, 0xD6, 0x57 ; file 1B44A7
db 0x4A, 0x58, 0x4A, 0xA8, 0x23, 0x23, 0x23, 0x8C, 0x23, 0xB6, 0x1B, 0xA2, 0x40, 0x57, 0x40, 0xA2 ; file 1B44B7
db 0x4A, 0xB6, 0xA2, 0xA2, 0x23, 0x29, 0x0F, 0x0F, 0x4A, 0x4A, 0x4A, 0xA8, 0x4A, 0x4A, 0x4A, 0xA8 ; file 1B44C7
db 0x4A, 0x4A, 0x4A, 0xA8, 0x12, 0x07, 0x12, 0xA2, 0x4A, 0xA2, 0x1B, 0xA2, 0x40, 0x40, 0x40, 0xA2 ; file 1B44D7
db 0x4A, 0xA2, 0xA2, 0xA2, 0xBB, 0x29, 0x3D, 0x29, 0xBB, 0x29, 0x16, 0xC0, 0xBB, 0x29, 0x3D, 0x29 ; file 1B44E7
db 0xC7, 0xC7, 0xC1, 0x44, 0xBB, 0x0E, 0x26, 0x0E, 0xBB, 0x0E, 0x16, 0x56, 0xBB, 0x0E, 0x26, 0x0E ; file 1B44F7
db 0xC7, 0xC7, 0xC1, 0x38, 0x29, 0x29, 0x3D, 0x29, 0x16, 0x29, 0x16, 0x16, 0x29, 0x29, 0x3D, 0x29 ; file 1B4507
db 0xC7, 0x29, 0x16, 0x49, 0x0E, 0x0E, 0x3D, 0x0E, 0x0E, 0x0E, 0x16, 0x56, 0x0E, 0x0E, 0x3D, 0x0E ; file 1B4517
db 0xC7, 0x0E, 0x16, 0x38, 0xBB, 0x29, 0x16, 0x0F, 0xC2, 0xC2, 0x16, 0x16, 0xC7, 0xC7, 0xC7, 0x49 ; file 1B4527
db 0xC7, 0xC7, 0xC7, 0x49, 0x1F, 0x0E, 0x16, 0x08, 0xC2, 0xC2, 0x16, 0xAC, 0xC7, 0xC7, 0xC7, 0xA5 ; file 1B4537
db 0xC7, 0xC7, 0xC7, 0x49, 0x30, 0x29, 0x16, 0x0F, 0x16, 0x16, 0x16, 0x16, 0xC7, 0x29, 0x16, 0x49 ; file 1B4547
db 0xC7, 0x49, 0x16, 0x49, 0x1F, 0x0E, 0x16, 0x08, 0x16, 0x0E, 0x16, 0xAC, 0x1F, 0x0E, 0x16, 0x49 ; file 1B4557
db 0xC7, 0x49, 0x16, 0x49, 0x23, 0x23, 0x23, 0x23, 0x23, 0x23, 0x23, 0xC0, 0x0B, 0x0B, 0xD3, 0xD3 ; file 1B4567
db 0xC7, 0x58, 0x93, 0x32, 0x23, 0x0E, 0x23, 0x8C, 0x23, 0x0E, 0x23, 0x8C, 0x0B, 0x3A, 0xD3, 0x8C ; file 1B4577
db 0xC7, 0xAA, 0x93, 0xA2, 0x23, 0x29, 0x3D, 0x29, 0x23, 0x29, 0x16, 0x16, 0xD3, 0x29, 0xD3, 0xD3 ; file 1B4587
db 0x4A, 0x4A, 0x93, 0x49, 0x0E, 0x0E, 0x3D, 0x0E, 0x0E, 0x0E, 0x16, 0x56, 0xD3, 0x0E, 0xD3, 0xA2 ; file 1B4597
db 0x4A, 0xAA, 0x93, 0xA2, 0x0B, 0x0B, 0x0B, 0x0B, 0xC2, 0x58, 0x16, 0x16, 0x0B, 0x0B, 0x0B, 0x0B ; file 1B45A7
db 0xC7, 0x58, 0x93, 0x39, 0x0B, 0x0B, 0x0B, 0x8C, 0xC2, 0x43, 0x16, 0xA2, 0x0B, 0x0B, 0x0B, 0xA5 ; file 1B45B7
db 0xC7, 0x43, 0x93, 0xA2, 0x30, 0x30, 0x30, 0x0F, 0x30, 0x30, 0x16, 0x16, 0x0B, 0x0B, 0x93, 0x49 ; file 1B45C7
db 0x4A, 0x4A, 0x93, 0x49, 0x30, 0x0E, 0x30, 0xA2, 0x30, 0xA2, 0x16, 0xA2, 0x0B, 0xA2, 0x93, 0xA2 ; file 1B45D7
db 0x4A, 0xA2, 0x93, 0xA2, 0x34, 0x34, 0x34, 0x34, 0x2D, 0x2D, 0xC1, 0x44, 0x34, 0x34, 0xC1, 0x44 ; file 1B45E7
db 0xC1, 0x44, 0xC1, 0x44, 0xDA, 0x07, 0xDA, 0x07, 0xCE, 0x07, 0x1B, 0xAC, 0xCE, 0x07, 0xC1, 0xB7 ; file 1B45F7
db 0xCE, 0xCE, 0xC1, 0x38, 0x34, 0x07, 0x3D, 0x07, 0xD1, 0x07, 0xD1, 0xD1, 0x34, 0x07, 0x3D, 0xB7 ; file 1B4607
db 0x4A, 0x4A, 0xC1, 0x38, 0x07, 0x07, 0x07, 0x07, 0x07, 0x07, 0x1B, 0xAC, 0x07, 0x07, 0xB7, 0xB7 ; file 1B4617
db 0xCE, 0xAA, 0x1B, 0x38, 0x2D, 0x2D, 0x2D, 0x08, 0x2D, 0x2D, 0x2D, 0x2D, 0xC7, 0xC7, 0xC1, 0x44 ; file 1B4627
db 0xC7, 0xC7, 0xC1, 0x44, 0x1F, 0x07, 0x1B, 0x08, 0x2D, 0x2D, 0x1B, 0xAC, 0x1F, 0x07, 0x1B, 0xA2 ; file 1B4637
db 0xC7, 0xA2, 0x1B, 0xA2, 0x1F, 0x07, 0xD2, 0x08, 0x2D, 0x2D, 0xD2, 0xAC, 0x4A, 0x4A, 0x4A, 0x49 ; file 1B4647
db 0x4A, 0x4A, 0x4A, 0x49, 0x1F, 0x07, 0x1B, 0x08, 0x1B, 0xAC, 0x1B, 0xAC, 0x1F, 0x07, 0x1B, 0xA2 ; file 1B4657
db 0x4A, 0xA2, 0x1B, 0xA2, 0x23, 0x23, 0x23, 0x23, 0x23, 0x23, 0xC1, 0xB3, 0x45, 0x3A, 0x45, 0xB3 ; file 1B4667
db 0x4A, 0x4A, 0xC1, 0xB3, 0x4F, 0x07, 0x4F, 0x8C, 0x4F, 0xAA, 0x1B, 0xA2, 0x3A, 0x3A, 0x3A, 0x3A ; file 1B4677
db 0xCE, 0xAA, 0xA2, 0xA2, 0x23, 0x07, 0x3D, 0x07, 0x4A, 0x4A, 0xD1, 0xA2, 0x4A, 0x4A, 0xD3, 0xA2 ; file 1B4687
db 0x4A, 0x4A, 0x4A, 0xA2, 0x07, 0x07, 0x07, 0x07, 0x4A, 0xAA, 0x1B, 0xA2, 0x4A, 0xAA, 0xA2, 0xA2 ; file 1B4697
db 0x4A, 0xAA, 0xA2, 0xA2, 0xD4, 0xD4, 0xD4, 0xA2, 0x2D, 0x2D, 0x2D, 0xA2, 0x0B, 0x0B, 0x0B, 0xA2 ; file 1B46A7
db 0x4A, 0x4A, 0x4A, 0xA2, 0x12, 0x07, 0x12, 0xA2, 0x2D, 0xA2, 0x1B, 0xA2, 0x0B, 0x3A, 0xA2, 0xA2 ; file 1B46B7
db 0x4A, 0xA2, 0xA2, 0xA2, 0x30, 0x30, 0x30, 0xA2, 0x4A, 0x4A, 0x4A, 0xA2, 0x4A, 0x4A, 0x4A, 0xA2 ; file 1B46C7
db 0x4A, 0x4A, 0x4A, 0xA2, 0x12, 0x07, 0x12, 0xA2, 0x4A, 0xA2, 0x1B, 0xA2, 0x4A, 0xA2, 0xA2, 0xA2 ; file 1B46D7
db 0x4A, 0xA2, 0xA2, 0xA2, 0x00, 0x00, 0x00, 0x00, 0x00, 0x00, 0xC6, 0x32, 0x95, 0x95, 0x95, 0x32 ; file 1B46E7
db 0x95, 0x32, 0xC6, 0x32, 0x00, 0x00, 0x26, 0x83, 0x00, 0x00, 0x26, 0x32, 0x95, 0xCD, 0xCD, 0xCD ; file 1B46F7
db 0x95, 0x32, 0xC6, 0x32, 0x00, 0x29, 0x3D, 0x0F, 0x00, 0x29, 0x3D, 0x0F, 0x95, 0x29, 0xD3, 0xD3 ; file 1B4707
db 0x95, 0x32, 0xC6, 0x32, 0xD0, 0x29, 0x2E, 0x9A, 0xD0, 0x8B, 0x2E, 0x8B, 0x95, 0xAD, 0xD3, 0xAD ; file 1B4717
db 0x54, 0x54, 0x54, 0x54, 0x00, 0x00, 0x2A, 0x0F, 0xBF, 0xBF, 0x2A, 0x0F, 0x95, 0x95, 0x2A, 0x0F ; file 1B4727
db 0xBF, 0xBF, 0x87, 0x32, 0x00, 0x41, 0x2A, 0x0F, 0xBF, 0x41, 0x2A, 0x4B, 0x95, 0x59, 0x2A, 0xCD ; file 1B4737
db 0xBF, 0x43, 0x87, 0xC8, 0x00, 0x0F, 0x0F, 0x0F, 0xBA, 0x0F, 0xBA, 0x0F, 0x95, 0x0F, 0xD3, 0x0F ; file 1B4747
db 0xBF, 0x49, 0x3E, 0x49, 0x41, 0x41, 0x0F, 0x0F, 0x41, 0x41, 0x4B, 0x4B, 0x40, 0x41, 0xC8, 0xC8 ; file 1B4757
db 0xBF, 0xC8, 0xC8, 0xC8, 0x01, 0x01, 0x01, 0x32, 0x01, 0x32, 0x32, 0x32, 0x95, 0x95, 0x95, 0x32 ; file 1B4767
db 0x95, 0x32, 0x32, 0x32, 0x01, 0x8C, 0x8C, 0x8C, 0x01, 0x32, 0x32, 0x32, 0x95, 0x95, 0x95, 0x32 ; file 1B4777
db 0x95, 0x32, 0x32, 0x32, 0x01, 0x01, 0xD3, 0x4E, 0x01, 0x32, 0xD3, 0x32, 0x95, 0x95, 0xD3, 0xD3 ; file 1B4787
db 0x95, 0x32, 0xD3, 0x32, 0x01, 0x41, 0xD3, 0x8C, 0x01, 0x41, 0xA4, 0xA4, 0x95, 0xAD, 0xD3, 0xAD ; file 1B4797
db 0x95, 0x32, 0xD3, 0x32, 0x01, 0x01, 0x2A, 0x4E, 0xBF, 0xBF, 0x87, 0x32, 0x95, 0x95, 0x87, 0x32 ; file 1B47A7
db 0xBF, 0xBF, 0x87, 0x32, 0x01, 0x41, 0x2A, 0x8C, 0xBF, 0x41, 0x87, 0x32, 0x95, 0x59, 0x87, 0x32 ; file 1B47B7
db 0xBF, 0x43, 0x87, 0x32, 0x30, 0x41, 0x4E, 0x4E, 0xBF, 0x41, 0x1D, 0x4E, 0x95, 0x41, 0xD3, 0x4E ; file 1B47C7
db 0xBF, 0x86, 0x3E, 0x86, 0x41, 0x41, 0x41, 0x41, 0x41, 0x41, 0x19, 0x19, 0x40, 0x41, 0xD3, 0xAD ; file 1B47D7
db 0xBF, 0x19, 0x19, 0x19, 0x27, 0x27, 0x27, 0x27, 0x27, 0x27, 0x27, 0x32, 0x27, 0x27, 0x27, 0x32 ; file 1B47E7
db 0x27, 0x32, 0xC6, 0x32, 0x27, 0x35, 0x26, 0x35, 0x27, 0x35, 0x8B, 0x8B, 0x27, 0x96, 0xCD, 0xCD ; file 1B47F7
db 0x27, 0x96, 0xA1, 0xA1, 0x27, 0x27, 0x27, 0x0F, 0x25, 0x25, 0xD1, 0x8B, 0x27, 0x27, 0xD3, 0x42 ; file 1B4807
db 0x25, 0x25, 0xC6, 0x32, 0xD0, 0xD0, 0xD0, 0x8B, 0xD0, 0x8B, 0x8B, 0x8B, 0xD0, 0x42, 0x42, 0x42 ; file 1B4817
db 0xD0, 0x8B, 0x8B, 0x8B, 0x27, 0x27, 0x2A, 0x0F, 0x27, 0x27, 0x2A, 0x0F, 0x27, 0x27, 0x2A, 0x0F ; file 1B4827
db 0xBF, 0xBF, 0x8E, 0x32, 0x27, 0x35, 0x2A, 0x08, 0x27, 0x35, 0x2A, 0x8B, 0x27, 0x96, 0x2A, 0xCD ; file 1B4837
db 0xBF, 0xB6, 0x8E, 0x3B, 0x27, 0x0F, 0x0F, 0x0F, 0x25, 0x0F, 0xD2, 0x0F, 0x27, 0x0F, 0xD3, 0x0F ; file 1B4847
db 0xBF, 0xA8, 0x8E, 0xA8, 0xD0, 0x41, 0xD0, 0x08, 0xD0, 0x8B, 0x8B, 0x8B, 0x40, 0x3B, 0x3B, 0x3B ; file 1B4857
db 0x3B, 0x3B, 0x3B, 0x3B, 0x01, 0x01, 0x01, 0x32, 0x01, 0x32, 0x32, 0x32, 0x95, 0x95, 0x95, 0x32 ; file 1B4867
db 0x95, 0x32, 0x32, 0x32, 0x01, 0x96, 0x8C, 0x8C, 0x01, 0x96, 0xA4, 0xA4, 0x95, 0x96, 0x42, 0x42 ; file 1B4877
db 0x95, 0x96, 0x32, 0x32, 0x01, 0x01, 0xD3, 0x42, 0x25, 0xA4, 0xA4, 0xA4, 0x95, 0x42, 0xD3, 0x42 ; file 1B4887
db 0x95, 0x32, 0xD3, 0x32, 0xD0, 0x41, 0x42, 0x42, 0xA4, 0xA4, 0xA4, 0xA4, 0x40, 0x42, 0x42, 0x42 ; file 1B4897
db 0x3B, 0x3B, 0x3B, 0x3B, 0x01, 0x01, 0x2A, 0x4E, 0xBF, 0xBF, 0x8E, 0x32, 0x95, 0x95, 0x8E, 0x32 ; file 1B48A7
db 0xBF, 0xBF, 0x8E, 0x32, 0x01, 0x41, 0x2A, 0x8C, 0xBF, 0xB6, 0x8E, 0x3B, 0x40, 0x96, 0x8E, 0x3B ; file 1B48B7
db 0xBF, 0xB6, 0x8E, 0x3B, 0x30, 0x41, 0x4E, 0x4E, 0xBF, 0xA8, 0x8E, 0xA8, 0x40, 0xA8, 0xD3, 0xA8 ; file 1B48C7
db 0xBF, 0xA8, 0x8E, 0xA8, 0x12, 0x41, 0x12, 0x3B, 0x12, 0x3B, 0x3B, 0x3B, 0x40, 0x3B, 0x3B, 0x3B ; file 1B48D7
db 0x3B, 0x3B, 0x3B, 0x3B, 0x00, 0x00, 0x3D, 0x3D, 0x00, 0xC0, 0x3D, 0xC0, 0x95, 0x95, 0xD3, 0xD3 ; file 1B48E7
db 0x95, 0x32, 0xC6, 0x32, 0xD0, 0xBE, 0x26, 0x83, 0xD0, 0x56, 0xD7, 0x56, 0x95, 0xCD, 0xD3, 0xCD ; file 1B48F7
db 0x95, 0x32, 0xC6, 0x32, 0x3D, 0x29, 0x3D, 0x3D, 0x3D, 0x29, 0x3D, 0x3D, 0xD3, 0xD3, 0xD3, 0xD3 ; file 1B4907
db 0xD3, 0x49, 0xD3, 0x49, 0xD0, 0xD0, 0x3D, 0x14, 0xD0, 0x56, 0xD7, 0x56, 0xD0, 0xBC, 0xD3, 0xBC ; file 1B4917
db 0xD0, 0x38, 0xD3, 0x38, 0x00, 0x00, 0x2A, 0x0F, 0xBF, 0x49, 0x2A, 0x49, 0x02, 0x02, 0xD3, 0x49 ; file 1B4927
db 0xBF, 0x49, 0x49, 0x49, 0xD0, 0x41, 0x2A, 0x08, 0xBF, 0x41, 0x2A, 0x49, 0x02, 0x59, 0xD3, 0xA5 ; file 1B4937
db 0xBF, 0x43, 0x49, 0x49, 0x30, 0x0F, 0x3D, 0x0F, 0x30, 0x49, 0xD2, 0x49, 0xD3, 0x49, 0xD3, 0x49 ; file 1B4947
db 0x49, 0x49, 0x49, 0x49, 0xD0, 0x41, 0x3D, 0x08, 0xD0, 0x41, 0xD2, 0x49, 0xD0, 0x41, 0xD3, 0x49 ; file 1B4957
db 0x49, 0x49, 0x49, 0x49, 0x01, 0x01, 0xD3, 0xD3, 0x01, 0x32, 0xD3, 0x32, 0x95, 0x95, 0xD3, 0xD3 ; file 1B4967
db 0x95, 0x32, 0xD3, 0x32, 0x01, 0x8C, 0xD3, 0x8C, 0x01, 0x32, 0xD3, 0x32, 0x95, 0x3A, 0xD3, 0xBC ; file 1B4977
db 0x95, 0x32, 0xD3, 0x32, 0xD3, 0xD3, 0xD3, 0xD3, 0xD3, 0xD3, 0xD3, 0xD3, 0xD3, 0xD3, 0xD3, 0xD3 ; file 1B4987
db 0xD3, 0xD3, 0xD3, 0xD3, 0xD0, 0x41, 0xD3, 0xBC, 0xD0, 0x41, 0xD3, 0x56, 0xD3, 0xBC, 0xD3, 0xBC ; file 1B4997
db 0xD3, 0xBC, 0xD3, 0xBC, 0x30, 0x30, 0xD3, 0x4E, 0xBF, 0xBF, 0x1D, 0x32, 0x02, 0x02, 0xD3, 0xD3 ; file 1B49A7
db 0xBF, 0xBF, 0x87, 0x32, 0x30, 0x41, 0xD3, 0x8C, 0xBF, 0x41, 0x1D, 0x09, 0x02, 0x59, 0xD3, 0xA5 ; file 1B49B7
db 0xBF, 0x43, 0x87, 0x32, 0x30, 0x30, 0xD3, 0x4E, 0x30, 0x30, 0x1D, 0x1D, 0xD3, 0xD3, 0xD3, 0xD3 ; file 1B49C7
db 0x93, 0x49, 0x93, 0x49, 0x30, 0x41, 0xD3, 0x41, 0x30, 0x41, 0x1D, 0x09, 0xD3, 0x41, 0xD3, 0xBC ; file 1B49D7
db 0x93, 0x85, 0x93, 0x85, 0x34, 0x34, 0x34, 0x34, 0x34, 0x34, 0xD1, 0xB3, 0x34, 0x34, 0xD3, 0xB3 ; file 1B49E7
db 0x34, 0xB3, 0xB3, 0xB3, 0xD0, 0xBE, 0xD0, 0x14, 0xD0, 0xBE, 0xD7, 0x8B, 0xD0, 0x3A, 0xBC, 0xBC ; file 1B49F7
db 0xCE, 0xB3, 0xB3, 0xB3, 0xD0, 0xD0, 0x3D, 0x14, 0xD0, 0xD0, 0xD1, 0xD1, 0xD0, 0xBC, 0xD3, 0xBC ; file 1B4A07
db 0xD0, 0xB3, 0xD1, 0xB3, 0xD0, 0xD0, 0xD0, 0x14, 0xD0, 0xD0, 0xD7, 0x8B, 0xD0, 0xBC, 0xBC, 0xBC ; file 1B4A17
db 0xD0, 0x38, 0xD7, 0x38, 0x34, 0x34, 0x2A, 0x08, 0x2D, 0x2D, 0xD2, 0xB3, 0x34, 0x34, 0xD3, 0xB3 ; file 1B4A27
db 0x1A, 0xAE, 0x8E, 0xB3, 0xD0, 0xBE, 0xD0, 0x08, 0xD0, 0xBE, 0xD2, 0x08, 0xD0, 0x3A, 0xA9, 0xAB ; file 1B4A37
db 0x1A, 0x8A, 0xA9, 0x8A, 0xD0, 0xD0, 0xD2, 0x08, 0xD2, 0xD2, 0xD2, 0xD2, 0xD0, 0x49, 0xD3, 0x49 ; file 1B4A47
db 0x03, 0x49, 0xD2, 0x49, 0xD0, 0xD0, 0xD0, 0x08, 0xD0, 0xD0, 0xD2, 0x08, 0xD0, 0xAB, 0xAB, 0xAB ; file 1B4A57
db 0xD0, 0x8A, 0x04, 0x8A, 0x34, 0x34, 0xD3, 0xB3, 0x34, 0xB3, 0xB3, 0xB3, 0x45, 0xB3, 0xD3, 0xB3 ; file 1B4A67
db 0xB3, 0xB3, 0xB3, 0xB3, 0x4F, 0x3A, 0x4F, 0xBC, 0x4F, 0xB3, 0xB3, 0xB3, 0x3A, 0x3A, 0xBC, 0xBC ; file 1B4A77
db 0x8F, 0xB3, 0xB3, 0xB3, 0xD0, 0xBC, 0xD3, 0xBC, 0xD0, 0xB3, 0xD1, 0xB3, 0xD3, 0xBC, 0xD3, 0xBC ; file 1B4A87
db 0xD3, 0xB3, 0xD3, 0xB3, 0xD0, 0xBC, 0xBC, 0xBC, 0xD0, 0xA4, 0xD7, 0xA4, 0xBC, 0xBC, 0xBC, 0xBC ; file 1B4A97
db 0xBC, 0xBC, 0xBC, 0xBC, 0xD4, 0xD4, 0xD3, 0xB3, 0x1A, 0xAE, 0x8E, 0xB3, 0x02, 0xAE, 0xD3, 0xB3 ; file 1B4AA7
db 0x1A, 0xAE, 0x8E, 0xB3, 0x12, 0x12, 0x12, 0xBC, 0x12, 0x09, 0xA9, 0x09, 0x02, 0x3A, 0xA9, 0xBC ; file 1B4AB7
db 0x1A, 0xAE, 0xA9, 0xB1, 0x30, 0x30, 0xD3, 0x4E, 0x03, 0xA6, 0xD2, 0x09, 0xD3, 0xA6, 0xD3, 0xBC ; file 1B4AC7
db 0x03, 0xA6, 0x93, 0xA8, 0x12, 0x12, 0x12, 0xBC, 0x12, 0x09, 0x04, 0x09, 0x12, 0xBC, 0xBC, 0xBC ; file 1B4AD7
db 0x03, 0xB1, 0x04, 0xB1, 0x01, 0x01, 0x01, 0x0F, 0x01, 0x01, 0xC6, 0xC0, 0x01, 0x01, 0xC6, 0xC6 ; file 1B4AE7
db 0xC6, 0xC6, 0xC6, 0xC6, 0x01, 0x8C, 0x8C, 0x8C, 0x01, 0x8C, 0xC6, 0x8C, 0x01, 0x52, 0xC6, 0x8C ; file 1B4AF7
db 0xC6, 0x43, 0xC6, 0xC6, 0x01, 0x29, 0x0F, 0x0F, 0x01, 0x29, 0xC6, 0x0F, 0x01, 0x29, 0xC6, 0x0F ; file 1B4B07
db 0xC6, 0x29, 0xC6, 0x86, 0x01, 0x29, 0x0F, 0x0F, 0x01, 0x29, 0xA4, 0xA4, 0x01, 0x29, 0xC6, 0x0F ; file 1B4B17
db 0xC6, 0x1E, 0xC6, 0x1E, 0x01, 0x0F, 0x0F, 0x0F, 0x01, 0x0F, 0xC6, 0x0F, 0x01, 0x0F, 0xC6, 0x0F ; file 1B4B27
db 0x17, 0x17, 0xC6, 0x39, 0x01, 0x0F, 0x0F, 0x0F, 0x01, 0x43, 0xC6, 0x0F, 0x59, 0x59, 0xC6, 0x0F ; file 1B4B37
db 0x17, 0x43, 0xC6, 0x1E, 0x0F, 0x0F, 0x0F, 0x0F, 0x0F, 0x0F, 0x0F, 0x0F, 0x0F, 0x0F, 0x0F, 0x0F ; file 1B4B47
db 0x17, 0x86, 0x3E, 0x86, 0x0F, 0x0F, 0x0F, 0x0F, 0x0F, 0x0F, 0x0F, 0x0F, 0x0F, 0x0F, 0x0F, 0x0F ; file 1B4B57
db 0x17, 0x1E, 0x1E, 0x1E, 0x01, 0x01, 0x01, 0x8C, 0x01, 0x01, 0x01, 0x32, 0x01, 0x01, 0x01, 0x32 ; file 1B4B67
db 0x01, 0x32, 0xC6, 0x32, 0x01, 0x8C, 0x8C, 0x8C, 0x01, 0x8C, 0x8C, 0x8C, 0x01, 0x52, 0x8C, 0x8C ; file 1B4B77
db 0x01, 0x43, 0xC6, 0x32, 0x01, 0x01, 0x01, 0x0F, 0x01, 0x01, 0x01, 0x86, 0x01, 0x01, 0xD3, 0x86 ; file 1B4B87
db 0x01, 0x86, 0x3E, 0x86, 0x01, 0x8C, 0x8C, 0x8C, 0x01, 0xA4, 0xA4, 0xA4, 0x01, 0x52, 0xD3, 0x8C ; file 1B4B97
db 0x01, 0x1E, 0x1E, 0x1E, 0x01, 0x01, 0x01, 0x0F, 0x01, 0x01, 0x01, 0x39, 0x01, 0x57, 0x01, 0x39 ; file 1B4BA7
db 0x17, 0x17, 0x17, 0x39, 0x01, 0x59, 0x8C, 0x8C, 0x01, 0x43, 0x8C, 0x8C, 0x59, 0x59, 0x59, 0x59 ; file 1B4BB7
db 0x17, 0x43, 0x17, 0x1E, 0xAF, 0x0F, 0x0F, 0x0F, 0xAF, 0x86, 0x1D, 0x86, 0xAF, 0x86, 0x3E, 0x86 ; file 1B4BC7
db 0x17, 0x86, 0x3E, 0x86, 0xAF, 0x41, 0x0F, 0x0F, 0xAF, 0x1E, 0x1D, 0x1E, 0x59, 0x59, 0x1E, 0x1E ; file 1B4BD7
db 0x17, 0x1E, 0x1E, 0x1E, 0x01, 0x01, 0x01, 0x0F, 0x01, 0x01, 0xC6, 0x44, 0x01, 0x01, 0xC6, 0x44 ; file 1B4BE7
db 0xC6, 0x44, 0xC6, 0x44, 0xDA, 0xDA, 0xDA, 0x8C, 0xDA, 0xA4, 0xA4, 0xA4, 0xCC, 0x3A, 0xC6, 0x8C ; file 1B4BF7
db 0xC6, 0xB0, 0xC6, 0xB0, 0x01, 0x29, 0x0F, 0x0F, 0x25, 0x29, 0xA4, 0xA4, 0x01, 0x29, 0xC6, 0x0F ; file 1B4C07
db 0xC6, 0xA8, 0xC6, 0xA8, 0xD0, 0x07, 0x1C, 0x1C, 0xA4, 0xA4, 0xA4, 0xA4, 0xCC, 0xB7, 0xB7, 0xB7 ; file 1B4C17
db 0xA4, 0xA4, 0xA4, 0xA4, 0x01, 0x0F, 0x0F, 0x0F, 0x2D, 0x0F, 0xC6, 0x0F, 0xD6, 0xD6, 0xC6, 0x0F ; file 1B4C27
db 0x17, 0xA8, 0xC6, 0xA8, 0xDA, 0xDA, 0xDA, 0x08, 0xDA, 0x43, 0x1B, 0xA4, 0xCC, 0x59, 0xAB, 0xAB ; file 1B4C37
db 0x17, 0x43, 0xC6, 0xA8, 0x0F, 0x0F, 0x0F, 0x0F, 0x03, 0x0F, 0x0F, 0x0F, 0xD6, 0x0F, 0x0F, 0x0F ; file 1B4C47
db 0x03, 0xA8, 0xA8, 0xA8, 0x12, 0x08, 0x08, 0x08, 0x12, 0xA4, 0x1B, 0xA4, 0x12, 0xAB, 0xAB, 0xAB ; file 1B4C57
db 0x03, 0xA8, 0x04, 0xA8, 0x01, 0x01, 0x01, 0x8C, 0x01, 0x01, 0x01, 0xA4, 0x01, 0x01, 0x01, 0x32 ; file 1B4C67
db 0x01, 0x32, 0xC6, 0x32, 0x01, 0x8C, 0x8C, 0x8C, 0x01, 0xA4, 0xA4, 0xA4, 0xCC, 0x3A, 0xCC, 0x8C ; file 1B4C77
db 0xCC, 0x3A, 0xA4, 0xA4, 0x01, 0x01, 0x01, 0xA4, 0x01, 0xA4, 0xA4, 0xA4, 0x01, 0xA8, 0xD3, 0xA8 ; file 1B4C87
db 0x03, 0xA8, 0xA8, 0xA8, 0x01, 0xA4, 0xA4, 0xA4, 0xA4, 0xA4, 0xA4, 0xA4, 0xCC, 0x3A, 0x42, 0x42 ; file 1B4C97
db 0xA4, 0xA4, 0xA4, 0xA4, 0x01, 0x01, 0x01, 0x0F, 0x01, 0xA8, 0x8E, 0xA8, 0xD6, 0xD6, 0xD6, 0xA8 ; file 1B4CA7
db 0x17, 0xA8, 0x8E, 0xA8, 0x01, 0x59, 0x8C, 0x8C, 0x01, 0x43, 0xA4, 0xA4, 0xCC, 0x59, 0xCC, 0x59 ; file 1B4CB7
db 0x17, 0x43, 0x04, 0xA8, 0xAF, 0x0F, 0x0F, 0x0F, 0x03, 0xA8, 0xA8, 0xA8, 0xD6, 0xA8, 0xA8, 0xA8 ; file 1B4CC7
db 0x03, 0xA8, 0xA8, 0xA8, 0x12, 0x12, 0x12, 0xA4, 0x12, 0xA4, 0xA4, 0xA4, 0x12, 0x59, 0x04, 0xA8 ; file 1B4CD7
db 0x03, 0xA8, 0x04, 0xA8, 0x01, 0x01, 0x36, 0xC0, 0x01, 0xC0, 0xC0, 0xC0, 0x01, 0x01, 0xC6, 0x44 ; file 1B4CE7
db 0xC6, 0x44, 0xC6, 0x44, 0xDA, 0xDA, 0xDA, 0x8C, 0xDA, 0xC0, 0xC0, 0xC0, 0xDA, 0x3A, 0xC6, 0x8C ; file 1B4CF7
db 0xC6, 0x3A, 0xC6, 0x44, 0x36, 0x29, 0x36, 0x0F, 0x36, 0x29, 0x36, 0xC0, 0xD3, 0x29, 0xD3, 0xD3 ; file 1B4D07
db 0x93, 0x29, 0x93, 0x44, 0xD0, 0x0E, 0x36, 0x1C, 0xD0, 0x0E, 0x36, 0x1C, 0xD0, 0x0E, 0xD3, 0xB7 ; file 1B4D17
db 0x93, 0x0E, 0x93, 0x85, 0xAF, 0x0F, 0x0F, 0x0F, 0xC2, 0xC0, 0x16, 0xC0, 0x02, 0x02, 0x02, 0x0F ; file 1B4D27
db 0xC7, 0xC7, 0x93, 0x39, 0xDA, 0xDA, 0xDA, 0x08, 0xC2, 0x43, 0x16, 0xC0, 0x02, 0x59, 0xA5, 0xA5 ; file 1B4D37
db 0xC7, 0x43, 0x93, 0x85, 0xAF, 0x0F, 0x0F, 0x0F, 0xAF, 0x0F, 0x16, 0x0F, 0xAF, 0x0F, 0x93, 0x0F ; file 1B4D47
db 0x93, 0x49, 0x93, 0x49, 0xAF, 0x08, 0x08, 0x08, 0xAF, 0x08, 0x16, 0x08, 0xAF, 0xAB, 0x93, 0xAB ; file 1B4D57
db 0x93, 0x85, 0x93, 0x85, 0x01, 0x01, 0x01, 0x8C, 0x01, 0x01, 0x01, 0xC0, 0x01, 0x01, 0xD3, 0xD3 ; file 1B4D67
db 0x01, 0x32, 0x93, 0x32, 0x01, 0x8C, 0x8C, 0x8C, 0x01, 0x8C, 0x8C, 0x8C, 0x01, 0x3A, 0xD3, 0x8C ; file 1B4D77
db 0x01, 0x3A, 0x93, 0x32, 0xAF, 0xAF, 0xD3, 0xD3, 0xAF, 0xAF, 0x1D, 0x1D, 0xD3, 0xD3, 0xD3, 0xD3 ; file 1B4D87
db 0x93, 0x86, 0x93, 0x86, 0xAF, 0x0E, 0xD3, 0x8C, 0xAF, 0xA4, 0x1D, 0xA4, 0xD3, 0x3A, 0xD3, 0xBC ; file 1B4D97
db 0x93, 0x85, 0x93, 0x85, 0xAF, 0xAF, 0xAF, 0x0F, 0xAF, 0xAE, 0x1D, 0x1D, 0x02, 0x02, 0x02, 0xA5 ; file 1B4DA7
db 0x02, 0xAE, 0x93, 0x39, 0xAF, 0x59, 0x8C, 0x8C, 0xAF, 0x43, 0x1D, 0x09, 0x02, 0x59, 0xA5, 0xA5 ; file 1B4DB7
db 0x02, 0x43, 0x93, 0x85, 0xAF, 0xAF, 0xAF, 0x0F, 0xAF, 0xAF, 0x1D, 0x1D, 0xAF, 0xAF, 0x93, 0x86 ; file 1B4DC7
db 0x93, 0x86, 0x93, 0x86, 0xAF, 0xAF, 0xAF, 0x08, 0xAF, 0x09, 0x1D, 0x09, 0xAF, 0x59, 0x93, 0x85 ; file 1B4DD7
db 0x93, 0x85, 0x93, 0x85, 0x11, 0x11, 0x11, 0x11, 0x11, 0x11, 0x11, 0x44, 0x11, 0x11, 0x11, 0x44 ; file 1B4DE7
db 0x11, 0x44, 0x44, 0x44, 0xDA, 0xDA, 0xDA, 0x1C, 0xDA, 0xDA, 0xDA, 0x1C, 0xDA, 0x3A, 0xDA, 0xB7 ; file 1B4DF7
db 0xCE, 0x3A, 0x44, 0x44, 0x11, 0x07, 0x36, 0x1C, 0x11, 0x07, 0xD1, 0x1C, 0x11, 0xB7, 0xD3, 0xB7 ; file 1B4E07
db 0x03, 0x44, 0x44, 0x44, 0xD0, 0x07, 0x1C, 0x1C, 0xD0, 0x07, 0xD7, 0x1C, 0xD0, 0xB7, 0xB7, 0xB7 ; file 1B4E17
db 0xCE, 0xAA, 0x04, 0xB7, 0x11, 0x11, 0x11, 0x08, 0x2D, 0x2D, 0x2D, 0x44, 0x02, 0xAE, 0x02, 0x44 ; file 1B4E27
db 0x1A, 0xAE, 0x1A, 0x44, 0xDA, 0xDA, 0xDA, 0x08, 0xDA, 0xDA, 0x1B, 0x08, 0xDA, 0x3A, 0xAB, 0xAB ; file 1B4E37
db 0x1A, 0xAE, 0x04, 0x44, 0xAF, 0x08, 0x08, 0x08, 0x03, 0xA6, 0xD2, 0x08, 0x03, 0xA6, 0x93, 0xAB ; file 1B4E47
db 0x03, 0xA6, 0x93, 0xA8, 0x12, 0x08, 0x08, 0x08, 0x12, 0x08, 0x1B, 0x08, 0x12, 0xAB, 0xAB, 0xAB ; file 1B4E57
db 0x03, 0x90, 0x04, 0x90, 0x01, 0x01, 0x01, 0x8C, 0x01, 0xAE, 0xB3, 0xB3, 0x45, 0x3A, 0x45, 0xB3 ; file 1B4E67
db 0x1A, 0xAE, 0xB3, 0xB3, 0x4F, 0x3A, 0x4F, 0x8C, 0x4F, 0x3A, 0x4F, 0xA4, 0x3A, 0x3A, 0x3A, 0x3A ; file 1B4E77
db 0x1A, 0x3A, 0x04, 0xB3, 0xAF, 0xAF, 0xD3, 0x1C, 0x03, 0xA4, 0x1D, 0xA4, 0x45, 0x3A, 0xD3, 0xBC ; file 1B4E87
db 0x03, 0xA6, 0x93, 0xA8, 0x12, 0x07, 0x12, 0x1C, 0x12, 0xA4, 0xA4, 0xA4, 0x12, 0x3A, 0xBC, 0xBC ; file 1B4E97
db 0x03, 0xAA, 0x04, 0x90, 0xD4, 0xD4, 0xD4, 0xD4, 0x1A, 0xAE, 0x1A, 0x09, 0x02, 0xAE, 0x02, 0xA5 ; file 1B4EA7
db 0x1A, 0xAE, 0x1A, 0xA8, 0x12, 0x12, 0x12, 0x08, 0x12, 0x09, 0x04, 0x09, 0x02, 0x3A, 0x04, 0xA5 ; file 1B4EB7
db 0x1A, 0xAE, 0x04, 0x90, 0xAF, 0xAF, 0xAF, 0x08, 0x03, 0xA6, 0x1D, 0x09, 0x03, 0xA6, 0x93, 0xA8 ; file 1B4EC7
db 0x03, 0xA6, 0x93, 0xA8, 0x12, 0x12, 0x12, 0x08, 0x12, 0x09, 0x04, 0x09, 0x12, 0x12, 0x04, 0x90 ; file 1B4ED7
db 0x03, 0x90, 0x04, 0x90, 0x10, 0x10, 0x10, 0x10, 0x10, 0x10, 0x10, 0x98, 0x10, 0x10, 0x10, 0x98 ; file 1B4EE7
db 0x10, 0x98, 0x98, 0x98, 0x10, 0x35, 0x10, 0x35, 0x10, 0x35, 0x10, 0x4B, 0x10, 0x9D, 0x10, 0x98 ; file 1B4EF7
db 0x10, 0x98, 0x98, 0x98, 0x10, 0x10, 0x10, 0x10, 0x10, 0x10, 0xD1, 0x4B, 0x10, 0x10, 0x10, 0x98 ; file 1B4F07
db 0x10, 0x98, 0x98, 0x98, 0x10, 0x35, 0x2E, 0x14, 0x10, 0x4B, 0x4B, 0x4B, 0x10, 0x9D, 0x2E, 0xAD ; file 1B4F17
db 0x10, 0x38, 0x38, 0x38, 0x10, 0x10, 0x10, 0x10, 0x10, 0x10, 0xD2, 0x4B, 0x10, 0x10, 0x10, 0x98 ; file 1B4F27
db 0x10, 0x98, 0x98, 0x98, 0x10, 0x35, 0x10, 0x4B, 0x10, 0x4B, 0x4B, 0x4B, 0x10, 0x9D, 0x10, 0x4B ; file 1B4F37
db 0xB6, 0xB6, 0x4B, 0x4B, 0x10, 0x10, 0xD2, 0x4B, 0xD2, 0x4B, 0xD2, 0x4B, 0x10, 0x10, 0xD2, 0x49 ; file 1B4F47
db 0x0C, 0x49, 0xD2, 0x49, 0xC4, 0x4B, 0x4B, 0x4B, 0x4B, 0x4B, 0x4B, 0x4B, 0xC4, 0x4B, 0x4B, 0x4B ; file 1B4F57
db 0x4B, 0x4B, 0x4B, 0x4B, 0x10, 0x10, 0x10, 0x10, 0x10, 0x10, 0x10, 0x98, 0x2C, 0x9B, 0x2C, 0x98 ; file 1B4F67
db 0x2C, 0x98, 0x98, 0x98, 0x10, 0x35, 0x10, 0x35, 0x10, 0x35, 0x10, 0x4B, 0x2C, 0x96, 0x2C, 0xAD ; file 1B4F77
db 0x2C, 0xB6, 0x98, 0x98, 0x10, 0x10, 0x10, 0x4E, 0x10, 0x10, 0xD1, 0x4B, 0x2C, 0x9B, 0xD3, 0xAD ; file 1B4F87
db 0x2C, 0x5A, 0x5A, 0x5A, 0xC4, 0xC4, 0xC4, 0xAD, 0xC4, 0x4B, 0x4B, 0x4B, 0xC4, 0xAD, 0xAD, 0xAD ; file 1B4F97
db 0xC4, 0xDB, 0xDB, 0xDB, 0x10, 0x10, 0x10, 0x4E, 0x37, 0x37, 0x37, 0x39, 0x0B, 0x9B, 0x0B, 0x39 ; file 1B4FA7
db 0x9C, 0xB6, 0x8E, 0x39, 0xC4, 0xC4, 0xC4, 0x4B, 0xC4, 0xB6, 0x4B, 0x4B, 0xC4, 0xB6, 0xC4, 0xDB ; file 1B4FB7
db 0xB6, 0xB6, 0xDB, 0xDB, 0xC4, 0x4E, 0x4E, 0x4E, 0xC4, 0x4B, 0xD2, 0x4B, 0xC4, 0x4E, 0x4E, 0x4E ; file 1B4FC7
db 0x5A, 0x5A, 0x5A, 0x5A, 0xC4, 0xC4, 0xC4, 0x4B, 0xC4, 0x4B, 0x4B, 0x4B, 0xC4, 0xC4, 0xC4, 0xDB ; file 1B4FD7
db 0xC4, 0xDB, 0xDB, 0xDB, 0x05, 0x05, 0x05, 0x05, 0x05, 0x05, 0xD1, 0x98, 0x05, 0x9D, 0x05, 0x98 ; file 1B4FE7
db 0x05, 0x98, 0x98, 0x98, 0x05, 0x35, 0x05, 0x35, 0x05, 0x35, 0xA1, 0xA1, 0x9D, 0x9D, 0x9D, 0x9D ; file 1B4FF7
db 0x9D, 0x9D, 0xA1, 0xA1, 0x05, 0x05, 0xC3, 0x14, 0xD1, 0xD1, 0xD1, 0xD1, 0x05, 0x9D, 0xC3, 0x14 ; file 1B5007
db 0xD1, 0x38, 0xD1, 0x38, 0xD0, 0x35, 0x14, 0x14, 0xD0, 0x35, 0xD1, 0x14, 0x9D, 0x9D, 0x14, 0x14 ; file 1B5017
db 0x38, 0x38, 0x38, 0x38, 0x05, 0x05, 0x05, 0x05, 0x05, 0x05, 0xD2, 0xD2, 0x05, 0x9D, 0x05, 0x98 ; file 1B5027
db 0x05, 0xB6, 0x8E, 0x98, 0x05, 0x35, 0x05, 0x35, 0x05, 0x35, 0xD2, 0x4B, 0x9D, 0x9D, 0x9D, 0x9D ; file 1B5037
db 0xB6, 0xB6, 0xA1, 0xA1, 0x05, 0x05, 0xD2, 0xD2, 0xD2, 0xD2, 0xD2, 0xD2, 0x05, 0x9D, 0xD2, 0x8A ; file 1B5047
db 0x0C, 0x0C, 0xD2, 0x8A, 0xC4, 0x35, 0xD2, 0x14, 0xD2, 0x4B, 0xD2, 0x4B, 0x40, 0x9D, 0x8A, 0x8A ; file 1B5057
db 0x0C, 0x8A, 0x8A, 0x8A, 0x05, 0x05, 0x05, 0x05, 0x05, 0x05, 0xD1, 0xB3, 0x05, 0x96, 0x05, 0xB3 ; file 1B5067
db 0x05, 0xB3, 0x8E, 0xB3, 0x05, 0x35, 0x05, 0x35, 0x05, 0x35, 0xA1, 0xA1, 0x96, 0x96, 0x96, 0x96 ; file 1B5077
db 0x8F, 0xB6, 0xA1, 0xA1, 0x05, 0x05, 0xC3, 0x14, 0xD1, 0xD1, 0xD1, 0xD1, 0x05, 0x96, 0xBC, 0xBC ; file 1B5087
db 0xD1, 0xA8, 0xD1, 0xA8, 0xC4, 0x35, 0x14, 0x14, 0xC4, 0x35, 0xD1, 0xB1, 0x40, 0x96, 0xBC, 0xBC ; file 1B5097
db 0x8F, 0xAA, 0xB1, 0xB1, 0x05, 0x05, 0x05, 0x4E, 0x05, 0xB6, 0x8E, 0x8E, 0xD6, 0xB6, 0x8E, 0x8E ; file 1B50A7
db 0x8E, 0xB6, 0x8E, 0x8E, 0xC4, 0x35, 0xC4, 0x35, 0xB6, 0xB6, 0x8E, 0xB1, 0xB6, 0xB6, 0x8E, 0xB1 ; file 1B50B7
db 0xB6, 0xB6, 0x8E, 0xB1, 0xC4, 0x46, 0xD2, 0x4E, 0x4D, 0x4D, 0xD2, 0xA8, 0x40, 0xA8, 0x8E, 0xA8 ; file 1B50C7
db 0x03, 0xA8, 0x8E, 0xA8, 0xC4, 0x46, 0xC4, 0xB1, 0xC4, 0xB1, 0xB1, 0xB1, 0x40, 0xB1, 0xB1, 0xB1 ; file 1B50D7
db 0xB1, 0xB1, 0xB1, 0xB1, 0x10, 0x10, 0x10, 0x10, 0x10, 0x10, 0xD1, 0x4C, 0x10, 0x10, 0x10, 0x98 ; file 1B50E7
db 0x10, 0x98, 0x98, 0x98, 0x06, 0xBE, 0x06, 0x14, 0x06, 0xBE, 0xD1, 0x14, 0x06, 0x9D, 0x06, 0x14 ; file 1B50F7
db 0x8F, 0x38, 0x38, 0x38, 0x10, 0x07, 0x3D, 0x14, 0xD1, 0x4C, 0xD1, 0x4C, 0x10, 0x07, 0x3D, 0x14 ; file 1B5107
db 0xD1, 0x38, 0xD1, 0x38, 0xD0, 0x07, 0x14, 0x14, 0xD0, 0x07, 0xD1, 0x14, 0xD0, 0x07, 0x14, 0x14 ; file 1B5117
db 0x38, 0x38, 0x38, 0x38, 0x10, 0x10, 0xD2, 0x4C, 0xC2, 0x4C, 0xD2, 0x4C, 0x24, 0x24, 0x24, 0x24 ; file 1B5127
db 0x24, 0x24, 0xD2, 0x49, 0x06, 0xBE, 0xD2, 0x14, 0xC2, 0x4B, 0xD2, 0x4B, 0x24, 0x24, 0x24, 0x8A ; file 1B5137
db 0x24, 0x8A, 0x8A, 0x8A, 0x30, 0x4C, 0xD2, 0x4C, 0xD2, 0x4C, 0xD2, 0x4C, 0x24, 0x24, 0xD2, 0x49 ; file 1B5147
db 0x0C, 0x49, 0xD2, 0x49, 0xC4, 0x07, 0xD2, 0x14, 0xD2, 0x4B, 0xD2, 0x4B, 0x24, 0x8A, 0x8A, 0x8A ; file 1B5157
db 0x0C, 0x8A, 0x8A, 0x8A, 0x10, 0x10, 0x10, 0xB3, 0x10, 0xB3, 0xD1, 0xB3, 0x0B, 0x9B, 0xD3, 0xB3 ; file 1B5167
db 0x0B, 0xB3, 0xB3, 0xB3, 0x06, 0xBE, 0x06, 0x14, 0x8F, 0xBE, 0xD1, 0xB1, 0x0B, 0x3A, 0xBC, 0xBC ; file 1B5177
db 0x8F, 0x8F, 0x8F, 0xB1, 0x30, 0x30, 0x3D, 0x14, 0xD1, 0x4C, 0xD1, 0x4C, 0xD3, 0x9B, 0xD3, 0xBC ; file 1B5187
db 0xD1, 0xAA, 0xD1, 0xB1, 0xC4, 0x07, 0x14, 0x14, 0xC4, 0xAA, 0xD1, 0xB1, 0xBC, 0xBC, 0xBC, 0xBC ; file 1B5197
db 0x8F, 0xAA, 0xB1, 0xB1, 0x0B, 0x0B, 0x0B, 0x4C, 0xC2, 0x4C, 0xD2, 0x4C, 0x0B, 0x0B, 0x0B, 0x0B ; file 1B51A7
db 0x0B, 0x0B, 0x0B, 0xB1, 0xC4, 0x46, 0xC4, 0xA5, 0xC2, 0xB1, 0xB1, 0xB1, 0x0B, 0x0B, 0x0B, 0xA5 ; file 1B51B7
db 0x0B, 0xB1, 0xB1, 0xB1, 0x30, 0x30, 0x30, 0x4C, 0x30, 0x4C, 0xD2, 0x4C, 0x0B, 0x0B, 0xD3, 0xB1 ; file 1B51C7
db 0x03, 0xB1, 0xB1, 0xB1, 0xC4, 0x46, 0xC4, 0xB1, 0xC4, 0xB1, 0xB1, 0xB1, 0xC4, 0xB1, 0xB1, 0xB1 ; file 1B51D7
db 0xB1, 0xB1, 0xB1, 0xB1, 0x9E, 0x9E, 0x9E, 0x14, 0x9E, 0x9E, 0xD1, 0xD1, 0x9E, 0x9D, 0x9E, 0xB3 ; file 1B51E7
db 0x9E, 0xB3, 0xC1, 0xB3, 0x06, 0xBE, 0x06, 0x14, 0x06, 0xBE, 0xD1, 0x14, 0x06, 0x9D, 0x06, 0x14 ; file 1B51F7
db 0x8F, 0x38, 0x38, 0x38, 0x9E, 0x07, 0xC3, 0x14, 0xD1, 0xD1, 0xD1, 0xD1, 0x9E, 0x07, 0xC3, 0x14 ; file 1B5207
db 0xD1, 0x38, 0xD1, 0x38, 0xD0, 0x07, 0x14, 0x14, 0xD0, 0x07, 0xD1, 0x14, 0xD0, 0x07, 0x14, 0x14 ; file 1B5217
db 0x38, 0x38, 0x38, 0x38, 0x9E, 0x9E, 0xD2, 0xD2, 0xD2, 0xD2, 0xD2, 0xD2, 0x24, 0x24, 0xD2, 0x8A ; file 1B5227
db 0x0C, 0x0C, 0xD2, 0x8A, 0x06, 0xBE, 0xD2, 0x14, 0xD2, 0xBE, 0xD2, 0x8A, 0x06, 0x9D, 0x8A, 0x8A ; file 1B5237
db 0x0C, 0x8A, 0x8A, 0x8A, 0xD2, 0xD2, 0xD2, 0xD2, 0xD2, 0xD2, 0xD2, 0xD2, 0x0C, 0x0C, 0xD2, 0x8A ; file 1B5247
db 0x0C, 0x0C, 0xD2, 0x8A, 0xD0, 0x07, 0xD2, 0x14, 0xD2, 0x8A, 0xD2, 0x8A, 0xD0, 0x8A, 0x8A, 0x8A ; file 1B5257
db 0x0C, 0x8A, 0x8A, 0x8A, 0x9E, 0x9E, 0x9E, 0xB3, 0x9E, 0xB3, 0xD1, 0xB3, 0x9E, 0xB3, 0xB3, 0xB3 ; file 1B5267
db 0x8F, 0xB3, 0xB3, 0xB3, 0x06, 0xBE, 0x06, 0x14, 0x8F, 0xBE, 0xD1, 0xB1, 0x8F, 0x3A, 0xBC, 0xBC ; file 1B5277
db 0x8F, 0x8F, 0x8F, 0xB1, 0x9E, 0x07, 0xC3, 0x14, 0xD1, 0xD1, 0xD1, 0xD1, 0x9E, 0xBC, 0xBC, 0xBC ; file 1B5287
db 0xD1, 0xAA, 0xD1, 0xB1, 0xD0, 0x07, 0x14, 0x14, 0xD0, 0xAA, 0xD1, 0xB1, 0xBC, 0xBC, 0xBC, 0xBC ; file 1B5297
db 0x8F, 0xAA, 0xB1, 0xB1, 0x9E, 0x46, 0xD2, 0xB1, 0x4D, 0x4D, 0xD2, 0xB1, 0x0B, 0x0B, 0x0B, 0xB1 ; file 1B52A7
db 0x1A, 0xAE, 0x8E, 0xB1, 0x06, 0x46, 0xB1, 0xB1, 0x4D, 0xB1, 0xB1, 0xB1, 0x0B, 0xB1, 0xB1, 0xB1 ; file 1B52B7
db 0x8F, 0xB1, 0xB1, 0xB1, 0x30, 0x46, 0xD2, 0xB1, 0x4D, 0x4D, 0xD2, 0xB1, 0x03, 0xB1, 0xB1, 0xB1 ; file 1B52C7
db 0x03, 0xB1, 0xB1, 0xB1, 0x12, 0x46, 0xB1, 0xB1, 0x4D, 0xB1, 0xB1, 0xB1, 0xB1, 0xB1, 0xB1, 0xB1 ; file 1B52D7
db 0xB1, 0xB1, 0xB1, 0xB1, 0x10, 0x10, 0x10, 0x10, 0x10, 0x10, 0x10, 0x98, 0x10, 0x10, 0x10, 0x98 ; file 1B52E7
db 0x10, 0x98, 0x98, 0x98, 0x10, 0x35, 0x10, 0x35, 0x10, 0x35, 0x10, 0x4B, 0x10, 0x9D, 0x10, 0x98 ; file 1B52F7
db 0x10, 0x98, 0x98, 0x98, 0x10, 0x29, 0x10, 0x29, 0x10, 0x29, 0xD1, 0x29, 0x10, 0x29, 0x10, 0x29 ; file 1B5307
db 0x10, 0x29, 0x98, 0x98, 0x07, 0x07, 0x2E, 0x07, 0x07, 0x07, 0x4B, 0x4B, 0x07, 0x07, 0x2E, 0xAD ; file 1B5317
db 0xAA, 0xAA, 0x38, 0x38, 0x10, 0x10, 0x10, 0x0F, 0xC2, 0xC2, 0xC2, 0x39, 0x0B, 0x0B, 0x0B, 0x39 ; file 1B5327
db 0xC2, 0x39, 0x39, 0x39, 0x10, 0x35, 0x10, 0x4B, 0xC2, 0x4B, 0x4B, 0x4B, 0x0B, 0x9D, 0x0B, 0xA5 ; file 1B5337
db 0xC2, 0xB6, 0x39, 0x39, 0x10, 0x29, 0x0F, 0x0F, 0xC2, 0x29, 0xD2, 0x4B, 0x0B, 0x29, 0x0B, 0x0F ; file 1B5347
db 0xC2, 0x8D, 0x8D, 0x8D, 0xC4, 0x07, 0x4B, 0x4B, 0x4B, 0x4B, 0x4B, 0x4B, 0xC4, 0x07, 0x4B, 0x4B ; file 1B5357
db 0x4B, 0x4B, 0x4B, 0x4B, 0x23, 0x23, 0x23, 0x23, 0x23, 0x23, 0x23, 0x39, 0x0B, 0x9B, 0x0B, 0x39 ; file 1B5367
db 0x0B, 0x39, 0x39, 0x39, 0x23, 0x23, 0x23, 0x8C, 0x23, 0x23, 0x23, 0x8C, 0x0B, 0x3A, 0x0B, 0x8C ; file 1B5377
db 0x0B, 0xAA, 0x39, 0x39, 0x23, 0x29, 0x23, 0x29, 0x23, 0x29, 0xD1, 0x8D, 0x0B, 0x29, 0xD3, 0x8D ; file 1B5387
db 0x03, 0x8D, 0x8D, 0x8D, 0xC4, 0x07, 0xC4, 0x8C, 0xC4, 0xAA, 0x4B, 0x4B, 0xC4, 0xAA, 0xAD, 0xAD ; file 1B5397
db 0xAA, 0xAA, 0xA2, 0xA2, 0x0B, 0x0B, 0x0B, 0x39, 0xC2, 0x39, 0x39, 0x39, 0x0B, 0x0B, 0x0B, 0x39 ; file 1B53A7
db 0x0B, 0x39, 0x39, 0x39, 0xC4, 0xC4, 0xC4, 0x8C, 0xC2, 0xB6, 0x39, 0x39, 0x0B, 0x0B, 0x0B, 0xA5 ; file 1B53B7
db 0x0B, 0xB6, 0x39, 0x39, 0xC4, 0x29, 0x4E, 0x4E, 0x4D, 0x4D, 0x4D, 0x8D, 0x0B, 0x0B, 0x0B, 0x8D ; file 1B53C7
db 0x03, 0x8D, 0x8D, 0x8D, 0xC4, 0xC4, 0xC4, 0x4B, 0xC4, 0x4B, 0x4B, 0x4B, 0xC4, 0xA2, 0xA2, 0xA2 ; file 1B53D7
db 0xA2, 0xA2, 0xA2, 0xA2, 0x05, 0x05, 0x05, 0x05, 0x05, 0x05, 0xC1, 0x98, 0x05, 0x9D, 0xC1, 0x98 ; file 1B53E7
db 0xC1, 0x98, 0xC1, 0x98, 0x05, 0x35, 0x05, 0x35, 0x05, 0x35, 0xA1, 0xA1, 0x9D, 0x9D, 0x9D, 0x9D ; file 1B53F7
db 0x9D, 0x9D, 0xA1, 0xA1, 0x05, 0x07, 0xC3, 0x07, 0xD1, 0x07, 0xD1, 0xD1, 0x05, 0x07, 0xC1, 0xA8 ; file 1B5407
db 0xC1, 0xA8, 0xC1, 0xA8, 0x07, 0x07, 0x07, 0x07, 0x07, 0x07, 0xD1, 0x07, 0x07, 0x07, 0xB7, 0xB7 ; file 1B5417
db 0xAA, 0xAA, 0x38, 0x38, 0x05, 0x05, 0x05, 0x05, 0xC2, 0x53, 0xD2, 0xA8, 0xD6, 0x9D, 0xC1, 0xA8 ; file 1B5427
db 0x1A, 0xA8, 0xC1, 0xA8, 0x05, 0x35, 0x05, 0x08, 0x53, 0x53, 0xD2, 0x15, 0x9D, 0x9D, 0x9D, 0x9D ; file 1B5437
db 0xB6, 0xB6, 0xA1, 0xA1, 0x05, 0x07, 0xD2, 0x08, 0x4D, 0x4D, 0xD2, 0xA8, 0xD6, 0xA8, 0xA8, 0xA8 ; file 1B5447
db 0x03, 0xA8, 0xA8, 0xA8, 0xB2, 0x07, 0x08, 0x08, 0x4D, 0x07, 0xD2, 0x15, 0xB2, 0x07, 0xA2, 0xA2 ; file 1B5457
db 0xA2, 0xA2, 0xA2, 0xA2, 0x05, 0x05, 0x05, 0x05, 0x05, 0x05, 0xC1, 0xA8, 0xD5, 0x3A, 0xC1, 0xA8 ; file 1B5467
db 0x1A, 0xA8, 0xC1, 0xA8, 0x4F, 0x35, 0x4F, 0x35, 0x4F, 0x35, 0x4F, 0xA1, 0x3A, 0x3A, 0x3A, 0x3A ; file 1B5477
db 0x8F, 0xAA, 0xA1, 0xA1, 0x05, 0x07, 0xC3, 0xA8, 0x4D, 0x4D, 0xD1, 0xA8, 0xD5, 0xA8, 0xA8, 0xA8 ; file 1B5487
db 0x03, 0xA8, 0xA8, 0xA8, 0x07, 0x07, 0x07, 0x07, 0x4D, 0xAA, 0xA2, 0xA2, 0xAA, 0xAA, 0xA2, 0xA2 ; file 1B5497
db 0xAA, 0xAA, 0xA2, 0xA2, 0xD4, 0xD4, 0xD4, 0xA8, 0x4D, 0x4D, 0x4D, 0xA8, 0xD6, 0xD6, 0xD6, 0xA8 ; file 1B54A7
db 0x1A, 0xA8, 0x8E, 0xA8, 0x12, 0x35, 0x12, 0xA2, 0x4D, 0xB6, 0xA2, 0xA2, 0xD6, 0xB6, 0xA2, 0xA2 ; file 1B54B7
db 0xB6, 0xB6, 0xA2, 0xA2, 0x4D, 0x4D, 0x4D, 0xA8, 0x4D, 0x4D, 0x4D, 0xA8, 0xD6, 0xA8, 0xA8, 0xA8 ; file 1B54C7
db 0x03, 0xA8, 0xA8, 0xA8, 0x12, 0x07, 0x12, 0xA2, 0x4D, 0xA2, 0xA2, 0xA2, 0x12, 0xA2, 0xA2, 0xA2 ; file 1B54D7
db 0xA2, 0xA2, 0xA2, 0xA2, 0x10, 0x07, 0x10, 0xC0, 0xC2, 0xC0, 0xC0, 0xC0, 0x0B, 0x0B, 0xC1, 0x98 ; file 1B54E7
db 0xC1, 0x98, 0xC1, 0x98, 0x06, 0x07, 0x06, 0x07, 0xC2, 0x07, 0xC0, 0xC0, 0x0B, 0x07, 0xC1, 0xA5 ; file 1B54F7
db 0xC1, 0xAA, 0xC1, 0x38, 0x07, 0x07, 0x3D, 0x07, 0xC2, 0x07, 0xD1, 0x4C, 0x0B, 0x07, 0x3D, 0xB7 ; file 1B5507
db 0xC1, 0xAA, 0xC1, 0x38, 0x07, 0x07, 0x07, 0x07, 0x07, 0x07, 0xD1, 0x07, 0x07, 0x07, 0xB7, 0xB7 ; file 1B5517
db 0xAA, 0xAA, 0x38, 0x38, 0xC2, 0xC2, 0xC2, 0x4C, 0xC2, 0xC2, 0xC2, 0x4C, 0x0B, 0x0B, 0x0B, 0x0B ; file 1B5527
db 0xC2, 0xC2, 0xC1, 0x39, 0xC2, 0x07, 0xC2, 0x08, 0xC2, 0xC2, 0xC2, 0x15, 0x0B, 0x0B, 0x0B, 0xA5 ; file 1B5537
db 0xC2, 0xA2, 0xA2, 0xA2, 0xC2, 0x07, 0xD2, 0x4C, 0xC2, 0x4C, 0xD2, 0x4C, 0x0B, 0x0B, 0x0B, 0x49 ; file 1B5547
db 0xC2, 0x49, 0xD2, 0x49, 0xB2, 0x07, 0x08, 0x08, 0xC2, 0x07, 0xD2, 0x15, 0x0B, 0x07, 0xA2, 0xA2 ; file 1B5557
db 0xA2, 0xA2, 0xA2, 0xA2, 0x0B, 0x0B, 0x0B, 0xC0, 0xC2, 0xC0, 0xC0, 0xC0, 0x0B, 0x0B, 0x0B, 0x0B ; file 1B5567
db 0x0B, 0x0B, 0xC1, 0xB3, 0x4F, 0x07, 0x4F, 0x8C, 0x4F, 0xAA, 0x4F, 0xA2, 0x0B, 0x3A, 0x0B, 0xA5 ; file 1B5577
db 0x0B, 0xAA, 0xA2, 0xA2, 0x0B, 0x07, 0x3D, 0x07, 0x4D, 0x4D, 0xD1, 0x4C, 0x0B, 0x0B, 0xD3, 0xA2 ; file 1B5587
db 0x03, 0xAA, 0x93, 0xA2, 0x07, 0x07, 0x07, 0x07, 0x4D, 0xAA, 0xA2, 0xA2, 0x0B, 0xAA, 0xA2, 0xA2 ; file 1B5597
db 0xAA, 0xAA, 0xA2, 0xA2, 0x0B, 0x0B, 0x0B, 0x0B, 0xC2, 0xC2, 0xC2, 0x39, 0x0B, 0x0B, 0x0B, 0x0B ; file 1B55A7
db 0x0B, 0x0B, 0x0B, 0x39, 0x0B, 0x0B, 0x0B, 0xA5, 0xC2, 0xA2, 0xA2, 0xA2, 0x0B, 0x0B, 0x0B, 0xA5 ; file 1B55B7
db 0x0B, 0xA2, 0xA2, 0xA2, 0x0B, 0x0B, 0x0B, 0x4C, 0x4D, 0x4D, 0x4D, 0x4C, 0x0B, 0x0B, 0x0B, 0xA2 ; file 1B55C7
db 0x03, 0xA2, 0x93, 0xA2, 0x12, 0x07, 0x12, 0xA2, 0x4D, 0xA2, 0xA2, 0xA2, 0x0B, 0xA2, 0xA2, 0xA2 ; file 1B55D7
db 0xA2, 0xA2, 0xA2, 0xA2, 0x11, 0x07, 0x11, 0x07, 0x11, 0x07, 0xC1, 0xC0, 0x11, 0x07, 0xC1, 0xC1 ; file 1B55E7
db 0xC1, 0xC1, 0xC1, 0xC1, 0x06, 0x07, 0x06, 0x07, 0x06, 0x07, 0xC1, 0x07, 0x06, 0x07, 0xC1, 0xB7 ; file 1B55F7
db 0xC1, 0xAA, 0xC1, 0x38, 0x07, 0x07, 0xC3, 0x07, 0xD1, 0x07, 0xD1, 0xD1, 0x07, 0x07, 0xC1, 0xB7 ; file 1B5607
db 0xC1, 0xAA, 0xC1, 0x38, 0x07, 0x07, 0x07, 0x07, 0x07, 0x07, 0xD1, 0x07, 0x07, 0x07, 0xB7, 0xB7 ; file 1B5617
db 0xAA, 0xAA, 0x38, 0x38, 0x11, 0x07, 0xD2, 0x08, 0xC2, 0xC2, 0xD2, 0xD2, 0x0B, 0x0B, 0xC1, 0xA2 ; file 1B5627
db 0x1A, 0xAE, 0xC1, 0xA2, 0xB2, 0x07, 0x08, 0x08, 0xC2, 0x07, 0xD2, 0x15, 0x0B, 0x07, 0xA2, 0xA2 ; file 1B5637
db 0x1A, 0xA2, 0xA2, 0xA2, 0x4D, 0x07, 0xD2, 0x08, 0x4D, 0x4D, 0xD2, 0xD2, 0x03, 0x07, 0xD2, 0xA2 ; file 1B5647
db 0x03, 0xA2, 0xD2, 0xA2, 0xB2, 0x07, 0x08, 0x08, 0x4D, 0x07, 0xD2, 0x15, 0xB2, 0x07, 0xA2, 0xA2 ; file 1B5657
db 0xA2, 0xA2, 0xA2, 0xA2, 0x11, 0x07, 0x11, 0xB3, 0x4D, 0x4D, 0xC1, 0xB3, 0xD5, 0x3A, 0xC1, 0xB3 ; file 1B5667
db 0x1A, 0xAA, 0xC1, 0xB3, 0x4F, 0x07, 0x4F, 0x07, 0x4F, 0xAA, 0x4F, 0xA2, 0x3A, 0x3A, 0x3A, 0x3A ; file 1B5677
db 0x8F, 0xAA, 0xA2, 0xA2, 0x4D, 0x07, 0xC3, 0x07, 0x4D, 0x4D, 0xD1, 0xA2, 0xD5, 0xAA, 0xA2, 0xA2 ; file 1B5687
db 0x03, 0xAA, 0xA2, 0xA2, 0x07, 0x07, 0x07, 0x07, 0x4D, 0xAA, 0xA2, 0xA2, 0xAA, 0xAA, 0xA2, 0xA2 ; file 1B5697
db 0xAA, 0xAA, 0xA2, 0xA2, 0xD4, 0xD4, 0xD4, 0xA2, 0x4D, 0x4D, 0x4D, 0xA2, 0x0B, 0x0B, 0x0B, 0xA2 ; file 1B56A7
db 0x1A, 0xAE, 0x1A, 0xA2, 0x12, 0x07, 0x12, 0xA2, 0x4D, 0xA2, 0xA2, 0xA2, 0x0B, 0x3A, 0xA2, 0xA2 ; file 1B56B7
db 0x1A, 0xA2, 0xA2, 0xA2, 0x4D, 0x4D, 0x4D, 0xA2, 0x4D, 0x4D, 0x4D, 0xA2, 0x03, 0xA2, 0xA2, 0xA2 ; file 1B56C7
db 0x03, 0xA2, 0xA2, 0xA2, 0x12, 0x07, 0x12, 0xA2, 0x4D, 0xA2, 0xA2, 0xA2, 0x12, 0xA2, 0xA2, 0xA2 ; file 1B56D7
db 0xA2, 0xA2, 0xA2, 0xA2, 0x10, 0x10, 0x10, 0xCA, 0x10, 0x10, 0x10, 0x98, 0x2C, 0x9B, 0x2C, 0x98 ; file 1B56E7
db 0x2C, 0x98, 0x98, 0x98, 0x10, 0x35, 0xCA, 0xCA, 0x10, 0x35, 0xCA, 0xCA, 0x2C, 0x96, 0x2C, 0xAD ; file 1B56F7
db 0x2C, 0x96, 0x98, 0x98, 0x10, 0x10, 0x10, 0x4E, 0x10, 0x10, 0xD1, 0x4B, 0x2C, 0x9B, 0xD3, 0xAD ; file 1B5707
db 0x2C, 0x98, 0x98, 0x98, 0xD0, 0xD0, 0xD0, 0xAD, 0xD0, 0x4B, 0xD7, 0x4B, 0xD0, 0xAD, 0xAD, 0xAD ; file 1B5717
db 0xD0, 0xAD, 0xAD, 0xAD, 0x10, 0x10, 0x2A, 0x4E, 0x10, 0x10, 0x2A, 0x39, 0x2C, 0x9B, 0x2A, 0x39 ; file 1B5727
db 0xBF, 0x39, 0x8E, 0x39, 0x10, 0x35, 0x2A, 0xCA, 0x10, 0x4B, 0x4B, 0x4B, 0x2C, 0x96, 0x2A, 0xA5 ; file 1B5737
db 0xBF, 0xB6, 0x8E, 0x39, 0x10, 0x4E, 0x4E, 0x4E, 0xD2, 0x4B, 0xD2, 0x4B, 0x2C, 0x4E, 0x4E, 0x4E ; file 1B5747
db 0xBF, 0x8D, 0x8D, 0x8D, 0xC4, 0x41, 0x4B, 0x4B, 0x4B, 0x4B, 0x4B, 0x4B, 0xC4, 0xAD, 0xAD, 0xAD ; file 1B5757
db 0x3B, 0x3B, 0x3B, 0x3B, 0x2C, 0x9B, 0x2C, 0x4E, 0x2C, 0x9B, 0x9F, 0x9F, 0x2C, 0x9B, 0x2C, 0x9B ; file 1B5767
db 0x2C, 0x9B, 0x9F, 0x9F, 0x2C, 0x96, 0x2C, 0x8C, 0x2C, 0x96, 0x9F, 0x9F, 0x2C, 0x96, 0x2C, 0xAD ; file 1B5777
db 0x2C, 0x96, 0x9F, 0x9F, 0x2C, 0x4E, 0x4E, 0x4E, 0x2C, 0x4E, 0x4E, 0x4E, 0x2C, 0x9B, 0xD3, 0xAD ; file 1B5787
db 0x2C, 0x9B, 0x9F, 0x9F, 0xC4, 0xAD, 0xAD, 0xAD, 0xC4, 0xAD, 0xAD, 0xAD, 0x2C, 0xAD, 0xAD, 0xAD ; file 1B5797
db 0x2C, 0xAD, 0xAD, 0xAD, 0x2C, 0x4E, 0x4E, 0x4E, 0xBF, 0x39, 0x8E, 0x39, 0x2C, 0x9B, 0x2C, 0x39 ; file 1B57A7
db 0xBF, 0x39, 0x8E, 0x39, 0xC4, 0x41, 0x4E, 0x4E, 0xBF, 0xB6, 0x8E, 0x39, 0x2C, 0x96, 0x2C, 0xA5 ; file 1B57B7
db 0xBF, 0xB6, 0x8E, 0x39, 0x4E, 0x4E, 0x4E, 0x4E, 0x4E, 0x4E, 0x4E, 0x4E, 0x2C, 0x4E, 0x4E, 0x4E ; file 1B57C7
db 0xBF, 0x8D, 0x8D, 0x8D, 0xC4, 0x41, 0x4E, 0x4E, 0xC4, 0x3B, 0x3B, 0x3B, 0xC4, 0xAD, 0xAD, 0xAD ; file 1B57D7
db 0x3B, 0x3B, 0x3B, 0x3B, 0x05, 0x05, 0x05, 0x05, 0x05, 0x05, 0xD1, 0xB3, 0x05, 0x96, 0x05, 0xB3 ; file 1B57E7
db 0x05, 0xB3, 0x8E, 0xB3, 0xD0, 0x35, 0xD0, 0x35, 0xD0, 0x35, 0xD7, 0xA1, 0x96, 0x96, 0x96, 0x96 ; file 1B57F7
db 0x96, 0x96, 0xA1, 0xA1, 0xD0, 0xD0, 0xC3, 0x14, 0xD0, 0xD0, 0xD1, 0xD1, 0xD0, 0x96, 0xBC, 0xBC ; file 1B5807
db 0xD0, 0xA8, 0xD1, 0xA8, 0xD0, 0xD0, 0xD0, 0x14, 0xD0, 0xD0, 0xD7, 0x8B, 0xD0, 0x96, 0xBC, 0xBC ; file 1B5817
db 0xD0, 0x38, 0xD7, 0x38, 0x05, 0x05, 0x05, 0x4E, 0x05, 0x05, 0x8E, 0x8E, 0xD6, 0x96, 0x8E, 0x8E ; file 1B5827
db 0x8E, 0x8E, 0x8E, 0x8E, 0xD0, 0x35, 0xD0, 0x08, 0xD0, 0x35, 0x8E, 0x3B, 0x96, 0x96, 0x8E, 0x3B ; file 1B5837
db 0x8E, 0xB6, 0x8E, 0x3B, 0xD0, 0x4E, 0xD2, 0x4E, 0xD2, 0xA8, 0xD2, 0xA8, 0xD0, 0xA8, 0x8E, 0xA8 ; file 1B5847
db 0x03, 0xA8, 0x8E, 0xA8, 0xD0, 0xD0, 0xD0, 0x08, 0xD0, 0x3B, 0xD2, 0x3B, 0xD0, 0x3B, 0x3B, 0x3B ; file 1B5857
db 0x3B, 0x3B, 0x3B, 0x3B, 0x05, 0x96, 0x05, 0xB3, 0x05, 0xB3, 0x8E, 0xB3, 0x2C, 0x96, 0x2C, 0xB3 ; file 1B5867
db 0x2C, 0xB3, 0x8E, 0xB3, 0x4F, 0x96, 0x47, 0x47, 0x4F, 0x96, 0x8E, 0xB3, 0x96, 0x96, 0x96, 0x96 ; file 1B5877
db 0x96, 0x96, 0x8E, 0xB3, 0xD0, 0x47, 0x47, 0x47, 0xD0, 0xA8, 0xD1, 0xA8, 0x2C, 0x96, 0xBC, 0xBC ; file 1B5887
db 0x03, 0xA8, 0x8E, 0xA8, 0xD0, 0x47, 0x47, 0x47, 0xD0, 0x3B, 0xD7, 0x3B, 0x96, 0x96, 0xBC, 0xBC ; file 1B5897
db 0x3B, 0x3B, 0x3B, 0x3B, 0xD4, 0x4E, 0x8E, 0x4E, 0x8E, 0x8E, 0x8E, 0x8E, 0xD6, 0x96, 0x8E, 0x8E ; file 1B58A7
db 0x8E, 0x8E, 0x8E, 0x8E, 0x12, 0x96, 0x8E, 0x3B, 0x8E, 0xB6, 0x8E, 0x3B, 0x96, 0x96, 0x8E, 0x3B ; file 1B58B7
db 0x8E, 0xB6, 0x8E, 0x3B, 0x12, 0x4E, 0x4E, 0x4E, 0x03, 0xA8, 0x8E, 0xA8, 0xD6, 0xA8, 0x8E, 0xA8 ; file 1B58C7
db 0x03, 0xA8, 0x8E, 0xA8, 0x12, 0x12, 0x12, 0x3B, 0x12, 0x3B, 0x3B, 0x3B, 0x12, 0x3B, 0x3B, 0x3B ; file 1B58D7
db 0x3B, 0x3B, 0x3B, 0x3B, 0x10, 0x10, 0x10, 0xC0, 0x10, 0xC0, 0xC0, 0xC0, 0x2C, 0x9B, 0xD3, 0xB3 ; file 1B58E7
db 0x2C, 0xB3, 0xB3, 0xB3, 0xD0, 0xBE, 0xD0, 0xCA, 0xD0, 0xBE, 0xD7, 0xC0, 0xD0, 0x3A, 0xBC, 0xBC ; file 1B58F7
db 0xD0, 0xB3, 0xB3, 0xB3, 0xD0, 0xD0, 0x3D, 0x14, 0xD0, 0x4C, 0xD1, 0x4C, 0xD0, 0x9B, 0xD3, 0xBC ; file 1B5907
db 0xD0, 0xB3, 0xD1, 0xB3, 0xD0, 0xD0, 0xD0, 0x14, 0xD0, 0xD0, 0xD7, 0xD7, 0xD0, 0xBC, 0xBC, 0xBC ; file 1B5917
db 0xD0, 0x38, 0xD7, 0x38, 0x02, 0x02, 0x2A, 0x4C, 0xC2, 0x4C, 0xD2, 0x4C, 0x02, 0x02, 0x02, 0xA5 ; file 1B5927
db 0x02, 0xAE, 0x8E, 0xB3, 0xD0, 0xBE, 0xD0, 0x08, 0xC2, 0x4B, 0xD2, 0x4B, 0x02, 0xA5, 0xA5, 0xA5 ; file 1B5937
db 0x02, 0x8A, 0xA9, 0x8A, 0xD0, 0x4C, 0xD2, 0x4C, 0xD2, 0x4C, 0xD2, 0x4C, 0x02, 0x02, 0xD3, 0x49 ; file 1B5947
db 0x03, 0x49, 0xD2, 0x49, 0xD0, 0xD0, 0xD0, 0x08, 0xD0, 0x4B, 0xD2, 0x4B, 0xD0, 0xAB, 0xAB, 0xAB ; file 1B5957
db 0xD0, 0x8A, 0x04, 0x8A, 0x2C, 0x9B, 0xD3, 0xB3, 0x2C, 0xB3, 0xB3, 0xB3, 0x2C, 0x9B, 0xD3, 0xB3 ; file 1B5967
db 0x2C, 0xB3, 0xB3, 0xB3, 0x4F, 0x3A, 0x4F, 0xBC, 0x4F, 0xB3, 0xB3, 0xB3, 0x2C, 0x3A, 0xBC, 0xBC ; file 1B5977
db 0x2C, 0xB3, 0xB3, 0xB3, 0xD0, 0x4E, 0xD3, 0x4E, 0xD0, 0xB3, 0xD1, 0xB3, 0xD3, 0x9B, 0xD3, 0xBC ; file 1B5987
db 0xD3, 0xB3, 0xD3, 0xB3, 0xD0, 0xBC, 0xBC, 0xBC, 0xD0, 0xBC, 0xD7, 0xBC, 0xBC, 0xBC, 0xBC, 0xBC ; file 1B5997
db 0xBC, 0xBC, 0xBC, 0xBC, 0x02, 0x02, 0x02, 0x4E, 0x02, 0xAE, 0x8E, 0xB3, 0x02, 0x02, 0x02, 0xA5 ; file 1B59A7
db 0x02, 0xAE, 0x8E, 0xB3, 0x02, 0xA5, 0xA5, 0xA5, 0x02, 0x09, 0xA9, 0x09, 0x02, 0xA5, 0xA5, 0xA5 ; file 1B59B7
db 0x02, 0xA5, 0xA9, 0xA5, 0x30, 0x4E, 0x4E, 0x4E, 0x03, 0x4C, 0xD2, 0x4C, 0x02, 0x02, 0xD3, 0x4E ; file 1B59C7
db 0x03, 0xA6, 0x93, 0x8D, 0x12, 0x12, 0x12, 0x4E, 0x12, 0x09, 0x04, 0x09, 0x02, 0xBC, 0xBC, 0xBC ; file 1B59D7
db 0x03, 0xB1, 0x04, 0xB1, 0x11, 0x11, 0x11, 0xB3, 0x11, 0xB3, 0xD1, 0xB3, 0x11, 0xB3, 0xB3, 0xB3 ; file 1B59E7
db 0xB3, 0xB3, 0xB3, 0xB3, 0xD0, 0xBE, 0xD0, 0x14, 0xD0, 0xBE, 0xD7, 0xB3, 0xD0, 0x3A, 0xBC, 0xBC ; file 1B59F7
db 0xD0, 0xB3, 0xB3, 0xB3, 0xD0, 0xD0, 0xC3, 0x14, 0xD0, 0xD0, 0xD1, 0xD1, 0xD0, 0xBC, 0xBC, 0xBC ; file 1B5A07
db 0xD0, 0xB3, 0xD1, 0xB3, 0xD0, 0xD0, 0xD0, 0x14, 0xD0, 0xD0, 0xD7, 0xD7, 0xD0, 0xBC, 0xBC, 0xBC ; file 1B5A17
db 0xD0, 0x38, 0xD7, 0x38, 0x11, 0x11, 0xD2, 0x08, 0xD2, 0xAE, 0xD2, 0xB3, 0x02, 0xAE, 0x8E, 0xB3 ; file 1B5A27
db 0x1A, 0xAE, 0x8E, 0xB3, 0xD0, 0xBE, 0xD0, 0x08, 0xD0, 0xBE, 0xD2, 0x08, 0xD0, 0x3A, 0xA9, 0xAB ; file 1B5A37
db 0x1A, 0x8A, 0xA9, 0x8A, 0xD0, 0xD0, 0xD2, 0x08, 0xD2, 0xD2, 0xD2, 0xD2, 0xD0, 0xA6, 0xD2, 0xAB ; file 1B5A47
db 0x03, 0xA6, 0xD2, 0x8A, 0xD0, 0xD0, 0xD0, 0x08, 0xD0, 0xD0, 0xD2, 0x08, 0xD0, 0xAB, 0xAB, 0xAB ; file 1B5A57
db 0xD0, 0x8A, 0x04, 0x8A, 0x11, 0xB3, 0xB3, 0xB3, 0xB3, 0xB3, 0xB3, 0xB3, 0xD5, 0xB3, 0xB3, 0xB3 ; file 1B5A67
db 0xB3, 0xB3, 0xB3, 0xB3, 0x4F, 0x3A, 0x4F, 0xBC, 0x4F, 0xB3, 0xB3, 0xB3, 0x3A, 0x3A, 0xBC, 0xBC ; file 1B5A77
db 0x8F, 0xB3, 0xB3, 0xB3, 0xD0, 0xBC, 0xBC, 0xBC, 0xD0, 0xB3, 0xD1, 0xB3, 0xBC, 0xBC, 0xBC, 0xBC ; file 1B5A87
db 0x03, 0xB3, 0xB3, 0xB3, 0xD0, 0xBC, 0xBC, 0xBC, 0xD0, 0xBC, 0xD7, 0xBC, 0xBC, 0xBC, 0xBC, 0xBC ; file 1B5A97
db 0xBC, 0xBC, 0xBC, 0xBC, 0xD4, 0xD4, 0xD4, 0xB3, 0x1A, 0xAE, 0x8E, 0xB3, 0x02, 0xAE, 0x8E, 0xB3 ; file 1B5AA7
db 0x1A, 0xAE, 0x8E, 0xB3, 0x12, 0x12, 0x12, 0xBC, 0x12, 0x09, 0xA9, 0x09, 0x02, 0x3A, 0xA9, 0xBC ; file 1B5AB7
db 0x1A, 0xAE, 0xA9, 0xB1, 0x12, 0x12, 0xD2, 0x4E, 0x03, 0xA6, 0xD2, 0x09, 0x03, 0xA6, 0xBC, 0xBC ; file 1B5AC7
db 0x03, 0xA6, 0x03, 0xA8, 0x12, 0x12, 0x12, 0xBC, 0x12, 0x09, 0x04, 0x09, 0x12, 0xBC, 0xBC, 0xBC ; file 1B5AD7
db 0x03, 0xB1, 0x04, 0xB1, 0x01, 0x01, 0x01, 0xC0, 0x01, 0xC0, 0xC0, 0xC0, 0x2C, 0x9B, 0xC6, 0x39 ; file 1B5AE7
db 0xC6, 0x39, 0xC6, 0x39, 0x01, 0x35, 0x8C, 0x8C, 0x01, 0xC0, 0xC0, 0xC0, 0x2C, 0x3A, 0xC6, 0x8C ; file 1B5AF7
db 0xC6, 0xB0, 0xC6, 0xB0, 0x01, 0x29, 0x0F, 0x0F, 0x01, 0x29, 0xC0, 0xC0, 0x2C, 0x29, 0xC6, 0x0F ; file 1B5B07
db 0xC6, 0x8D, 0xC6, 0x8D, 0xD0, 0x07, 0x1C, 0x1C, 0xD0, 0x07, 0xD7, 0x1C, 0xD0, 0xAD, 0xAD, 0xAD ; file 1B5B17
db 0xC6, 0x8D, 0xC6, 0x8D, 0x01, 0x0F, 0x0F, 0x0F, 0xC2, 0x39, 0x39, 0x39, 0x02, 0x02, 0x02, 0x39 ; file 1B5B27
db 0x02, 0x39, 0x39, 0x39, 0x01, 0x08, 0x08, 0x08, 0xC2, 0x39, 0x39, 0x39, 0x02, 0x59, 0xA5, 0xA5 ; file 1B5B37
db 0x02, 0x39, 0x39, 0x39, 0x0F, 0x0F, 0x0F, 0x0F, 0xC2, 0x0F, 0x0F, 0x0F, 0x02, 0x0F, 0x0F, 0x0F ; file 1B5B47
db 0x03, 0x8D, 0x8D, 0x8D, 0x12, 0x08, 0x08, 0x08, 0x12, 0x4B, 0x4B, 0x4B, 0x02, 0xAB, 0xAB, 0xAB ; file 1B5B57
db 0x03, 0x8D, 0x04, 0x8D, 0x01, 0x01, 0x01, 0x8C, 0x01, 0x01, 0x01, 0x39, 0x2C, 0x9B, 0x2C, 0x39 ; file 1B5B67
db 0x2C, 0x39, 0x39, 0x39, 0x01, 0x8C, 0x8C, 0x8C, 0x01, 0x8C, 0x8C, 0x8C, 0x2C, 0x3A, 0x2C, 0x8C ; file 1B5B77
db 0x2C, 0x39, 0x39, 0x39, 0x01, 0x01, 0x01, 0x4E, 0x01, 0x8D, 0x8D, 0x8D, 0x2C, 0x9B, 0xD3, 0x8D ; file 1B5B87
db 0x03, 0x8D, 0x8D, 0x8D, 0x01, 0x8C, 0x8C, 0x8C, 0x01, 0xA4, 0xA4, 0xA4, 0x2C, 0xAD, 0xAD, 0xAD ; file 1B5B97
db 0x03, 0x8D, 0x04, 0x8D, 0x01, 0x01, 0x01, 0x39, 0x01, 0x39, 0x39, 0x39, 0x02, 0x02, 0x02, 0x39 ; file 1B5BA7
db 0x02, 0x39, 0x39, 0x39, 0x01, 0x59, 0x8C, 0x8C, 0x01, 0x39, 0x39, 0x39, 0x02, 0x59, 0xA5, 0xA5 ; file 1B5BB7
db 0x02, 0x39, 0x39, 0x39, 0xAF, 0x4E, 0x4E, 0x4E, 0x03, 0x8D, 0x8D, 0x8D, 0x02, 0x8D, 0x8D, 0x8D ; file 1B5BC7
db 0x03, 0x8D, 0x8D, 0x8D, 0x12, 0x12, 0x12, 0x4E, 0x12, 0x09, 0x04, 0x09, 0x02, 0x59, 0x04, 0x8D ; file 1B5BD7
db 0x03, 0x8D, 0x04, 0x8D, 0x11, 0x11, 0x11, 0x11, 0x11, 0x11, 0x11, 0xC0, 0x11, 0x11, 0x11, 0xDC ; file 1B5BE7
db 0x11, 0xDC, 0xC1, 0xDC, 0x11, 0x35, 0x11, 0x1C, 0x11, 0x35, 0xB0, 0xB0, 0x11, 0x3A, 0xB0, 0xB0 ; file 1B5BF7
db 0xB0, 0xB0, 0xB0, 0xB0, 0x11, 0x07, 0x11, 0x1C, 0x11, 0xA8, 0xD1, 0xA8, 0x11, 0xA8, 0xA8, 0xA8 ; file 1B5C07
db 0x03, 0xA8, 0xA8, 0xA8, 0xD0, 0x07, 0x1C, 0x1C, 0xD0, 0x07, 0xD7, 0x1C, 0xD0, 0xB7, 0xB7, 0xB7 ; file 1B5C17
db 0xD0, 0xA8, 0x04, 0xA8, 0x11, 0x11, 0x11, 0x08, 0x11, 0xA8, 0x8E, 0xA8, 0xD6, 0xD6, 0xD6, 0xA8 ; file 1B5C27
db 0x1A, 0xA8, 0x8E, 0xA8, 0x11, 0x08, 0x08, 0x08, 0x11, 0x53, 0x04, 0x08, 0xD6, 0x3A, 0xAB, 0xAB ; file 1B5C37
db 0x1A, 0xBD, 0x04, 0xA8, 0x11, 0x08, 0x08, 0x08, 0x03, 0xA8, 0xA8, 0xA8, 0xD6, 0xA8, 0xA8, 0xA8 ; file 1B5C47
db 0x03, 0xA8, 0xA8, 0xA8, 0x12, 0x08, 0x08, 0x08, 0x12, 0x08, 0x04, 0x08, 0x12, 0xAB, 0xAB, 0xAB ; file 1B5C57
db 0x03, 0xA8, 0x04, 0xA8, 0x01, 0x01, 0x01, 0x8C, 0x01, 0xA8, 0x8E, 0xA8, 0xD5, 0x3A, 0xD5, 0xA8 ; file 1B5C67
db 0x1A, 0xA8, 0x8E, 0xA8, 0x4F, 0x3A, 0x4F, 0x8C, 0x4F, 0x3A, 0x4F, 0xA4, 0x3A, 0x3A, 0x3A, 0x3A ; file 1B5C77
db 0x1A, 0x3A, 0x04, 0xA8, 0x01, 0xA8, 0xA8, 0xA8, 0x03, 0xA8, 0xA8, 0xA8, 0xD5, 0xA8, 0xA8, 0xA8 ; file 1B5C87
db 0x03, 0xA8, 0xA8, 0xA8, 0x12, 0x07, 0x12, 0x1C, 0x12, 0xA4, 0xA4, 0xA4, 0x12, 0x3A, 0xBC, 0xBC ; file 1B5C97
db 0x03, 0xA8, 0x04, 0xA8, 0xD4, 0xD4, 0xD4, 0xA8, 0x1A, 0xA8, 0x8E, 0xA8, 0xD6, 0xD6, 0xD6, 0xA8 ; file 1B5CA7
db 0x1A, 0xA8, 0x8E, 0xA8, 0x12, 0x12, 0x12, 0x08, 0x12, 0xBD, 0x04, 0x09, 0xD6, 0x3A, 0xD6, 0xA5 ; file 1B5CB7
db 0x1A, 0xBD, 0x04, 0xA8, 0x12, 0xA8, 0xA8, 0xA8, 0x03, 0xA8, 0xA8, 0xA8, 0xD6, 0xA8, 0xA8, 0xA8 ; file 1B5CC7
db 0x03, 0xA8, 0xA8, 0xA8, 0x12, 0x12, 0x12, 0x08, 0x12, 0x09, 0x04, 0x09, 0x12, 0xA8, 0x04, 0xA8 ; file 1B5CD7
db 0x03, 0xA8, 0x04, 0xA8, 0x11, 0x11, 0x11, 0xC0, 0x11, 0xC0, 0xC0, 0xC0, 0x02, 0x02, 0x02, 0xC0 ; file 1B5CE7
db 0x02, 0xC0, 0xC0, 0xC0, 0x11, 0x07, 0x11, 0x1C, 0x11, 0xC0, 0xC0, 0xC0, 0x02, 0x3A, 0xA5, 0xA5 ; file 1B5CF7
db 0x02, 0x3A, 0xC0, 0xC0, 0x11, 0x07, 0x36, 0x1C, 0x11, 0xC0, 0xC0, 0xC0, 0x02, 0xB7, 0xD3, 0xB7 ; file 1B5D07
db 0x03, 0xA6, 0x93, 0xC0, 0xD0, 0x07, 0x1C, 0x1C, 0xD0, 0x07, 0xD7, 0x1C, 0xD0, 0xB7, 0xB7, 0xB7 ; file 1B5D17
db 0xD0, 0xAA, 0x04, 0xB7, 0x02, 0x02, 0x02, 0xC0, 0xC2, 0xC0, 0xC0, 0xC0, 0x02, 0x02, 0x02, 0xA5 ; file 1B5D27
db 0x02, 0xAE, 0x02, 0x39, 0x02, 0x08, 0x08, 0x08, 0xC2, 0xC0, 0xC0, 0xC0, 0x02, 0xA5, 0xA5, 0xA5 ; file 1B5D37
db 0x02, 0xA5, 0x04, 0xA5, 0xAF, 0x08, 0x08, 0x08, 0xC2, 0x4C, 0xD2, 0x4C, 0x02, 0x02, 0x02, 0xAB ; file 1B5D47
db 0x03, 0xA6, 0x93, 0x8D, 0x12, 0x08, 0x08, 0x08, 0x12, 0x08, 0x04, 0x08, 0x02, 0xAB, 0xAB, 0xAB ; file 1B5D57
db 0x03, 0xA2, 0x04, 0xA2, 0x01, 0x01, 0x01, 0xC0, 0x01, 0xC0, 0xC0, 0xC0, 0x02, 0x02, 0x02, 0xA5 ; file 1B5D67
db 0x02, 0xAE, 0xB3, 0xB3, 0x4F, 0x3A, 0x4F, 0x8C, 0x4F, 0x3A, 0x4F, 0xC0, 0x02, 0x3A, 0xA5, 0xA5 ; file 1B5D77
db 0x02, 0x3A, 0x04, 0xA5, 0xAF, 0xAF, 0xD3, 0x1C, 0x03, 0xA6, 0x1D, 0xC0, 0x02, 0x02, 0xD3, 0xBC ; file 1B5D87
db 0x03, 0xA6, 0x93, 0x8D, 0x12, 0x07, 0x12, 0x1C, 0x12, 0x09, 0x04, 0x09, 0x02, 0x3A, 0xBC, 0xBC ; file 1B5D97
db 0x03, 0xAA, 0x04, 0xA2, 0x02, 0x02, 0x02, 0xA5, 0x02, 0xAE, 0x02, 0x39, 0x02, 0x02, 0x02, 0xA5 ; file 1B5DA7
db 0x02, 0xAE, 0x02, 0x39, 0x02, 0xA5, 0xA5, 0xA5, 0x02, 0x09, 0x04, 0x09, 0x02, 0xA5, 0xA5, 0xA5 ; file 1B5DB7
db 0x02, 0xA5, 0x04, 0xA5, 0xAF, 0xAF, 0xAF, 0x4E, 0x03, 0xA6, 0x1D, 0x09, 0x02, 0x02, 0x02, 0x8D ; file 1B5DC7
db 0x03, 0xA6, 0x93, 0x8D, 0x12, 0x12, 0x12, 0x08, 0x12, 0x09, 0x04, 0x09, 0x02, 0xA5, 0x04, 0xA5 ; file 1B5DD7
db 0x03, 0xA2, 0x04, 0xA2, 0x11, 0x11, 0x11, 0x11, 0x11, 0x11, 0x11, 0xC0, 0x11, 0x11, 0x11, 0xDC ; file 1B5DE7
db 0x11, 0xDC, 0xC1, 0xDC, 0x11, 0x07, 0x11, 0x1C, 0x11, 0x07, 0xD7, 0x1C, 0x11, 0x3A, 0xB7, 0xB7 ; file 1B5DF7
db 0x11, 0x3A, 0xC1, 0xDC, 0x11, 0x07, 0x11, 0x1C, 0x11, 0x07, 0xD1, 0x1C, 0x11, 0xB7, 0xB7, 0xB7 ; file 1B5E07
db 0x03, 0xA6, 0xC1, 0xDC, 0xD0, 0x07, 0x1C, 0x1C, 0xD0, 0x07, 0xD7, 0x1C, 0xD0, 0xB7, 0xB7, 0xB7 ; file 1B5E17
db 0xD0, 0xAA, 0x04, 0xB7, 0x11, 0x11, 0x11, 0x08, 0x11, 0xAE, 0xD2, 0xC0, 0x02, 0xAE, 0x02, 0xAB ; file 1B5E27
db 0x1A, 0xAE, 0x1A, 0xDC, 0x11, 0x08, 0x08, 0x08, 0x11, 0x08, 0x04, 0x08, 0x02, 0x3A, 0xAB, 0xAB ; file 1B5E37
db 0x1A, 0xAE, 0x04, 0xA2, 0x11, 0x08, 0x08, 0x08, 0x03, 0xA6, 0xD2, 0x08, 0x03, 0xA6, 0xAB, 0xAB ; file 1B5E47
db 0x03, 0xA6, 0x03, 0xA8, 0x12, 0x08, 0x08, 0x08, 0x12, 0x08, 0x04, 0x08, 0x12, 0xAB, 0xAB, 0xAB ; file 1B5E57
db 0x03, 0xA2, 0x04, 0xA2, 0x11, 0x11, 0x11, 0xB3, 0x11, 0xAE, 0xB3, 0xB3, 0xD5, 0x3A, 0xD5, 0xB3 ; file 1B5E67
db 0x1A, 0xAE, 0xB3, 0xB3, 0x4F, 0x3A, 0x4F, 0x1C, 0x4F, 0x3A, 0x4F, 0x09, 0x3A, 0x3A, 0x3A, 0x3A ; file 1B5E77
db 0x1A, 0x3A, 0x04, 0xB3, 0x11, 0x07, 0x11, 0x1C, 0x03, 0xA6, 0xD1, 0x09, 0xD5, 0x3A, 0xBC, 0xBC ; file 1B5E87
db 0x03, 0xA6, 0x03, 0xA8, 0x12, 0x07, 0x12, 0x1C, 0x12, 0x09, 0x04, 0x09, 0x12, 0x3A, 0xBC, 0xBC ; file 1B5E97
db 0x03, 0xAA, 0x04, 0xA2, 0xD4, 0xD4, 0xD4, 0xD4, 0x1A, 0xAE, 0x1A, 0x09, 0x02, 0xAE, 0x02, 0xA5 ; file 1B5EA7
db 0x1A, 0xAE, 0x1A, 0xA8, 0x12, 0x12, 0x12, 0x08, 0x12, 0x09, 0x04, 0x09, 0x02, 0x3A, 0x04, 0xA5 ; file 1B5EB7
db 0x1A, 0xAE, 0x04, 0xA2, 0x12, 0x12, 0x12, 0x08, 0x03, 0xA6, 0x03, 0x09, 0x03, 0xA6, 0x03, 0xA8 ; file 1B5EC7
db 0x03, 0xA6, 0x03, 0xA8, 0x12, 0x12, 0x12, 0x08, 0x12, 0x09, 0x04, 0x09, 0x12, 0x12, 0x04, 0xA2 ; file 1B5ED7
db 0x03, 0xA2, 0x04, 0xA2, 0x00, 0x00, 0x00, 0x00, 0x00, 0x00, 0x00, 0x92, 0x00, 0x00, 0x00, 0xCD ; file 1B5EE7
db 0x00, 0x92, 0x92, 0x92, 0x00, 0x00, 0x26, 0x83, 0x00, 0x00, 0x26, 0x83, 0x00, 0xCD, 0xCD, 0xCD ; file 1B5EF7
db 0xCE, 0xCD, 0xCD, 0xCD, 0x00, 0x29, 0x00, 0x29, 0x00, 0x29, 0xBA, 0xCF, 0x00, 0x29, 0xCF, 0xCF ; file 1B5F07
db 0xCF, 0xCF, 0xCF, 0xCF, 0x00, 0x0E, 0x2E, 0x9A, 0x00, 0x0E, 0x2E, 0x8B, 0x00, 0x0E, 0x2E, 0xCD ; file 1B5F17
db 0x54, 0x54, 0x54, 0x54, 0x00, 0x00, 0x00, 0xCF, 0x3C, 0x3C, 0x3C, 0xCF, 0x00, 0xCF, 0xCF, 0xCF ; file 1B5F27
db 0x17, 0xCF, 0xCF, 0xCF, 0x00, 0x00, 0x26, 0x83, 0x3C, 0x3C, 0x26, 0x55, 0x00, 0xCD, 0xCD, 0xCD ; file 1B5F37
db 0x17, 0xC8, 0xC8, 0xC8, 0x00, 0x29, 0xBA, 0xCF, 0x3C, 0xCF, 0xBA, 0xCF, 0xCF, 0xCF, 0xCF, 0xCF ; file 1B5F47
db 0xCF, 0xCF, 0xCF, 0xCF, 0x33, 0x0E, 0x2E, 0x55, 0x33, 0x55, 0x55, 0x55, 0x33, 0xC8, 0xC8, 0xC8 ; file 1B5F57
db 0xC8, 0xC8, 0xC8, 0xC8, 0x00, 0x00, 0x00, 0x00, 0x2B, 0x2B, 0x2B, 0x32, 0x95, 0x95, 0x95, 0x32 ; file 1B5F67
db 0x88, 0x32, 0x32, 0x32, 0x00, 0x00, 0x26, 0x83, 0x2B, 0x2B, 0x26, 0x32, 0x95, 0x52, 0xCD, 0xCD ; file 1B5F77
db 0x88, 0x32, 0x32, 0x32, 0x00, 0x29, 0x00, 0x29, 0x2B, 0x29, 0x2B, 0xCF, 0x95, 0x29, 0x3E, 0xCF ; file 1B5F87
db 0x88, 0xCF, 0x3E, 0xCF, 0x5C, 0x0E, 0x2E, 0x9A, 0x2B, 0x0E, 0x2E, 0x8B, 0x40, 0x0E, 0x2E, 0xAD ; file 1B5F97
db 0x88, 0x19, 0x19, 0x19, 0x00, 0x00, 0x00, 0x50, 0x37, 0x37, 0x37, 0x50, 0x17, 0x57, 0x17, 0x50 ; file 1B5FA7
db 0x17, 0x17, 0x17, 0x50, 0x5C, 0x41, 0x26, 0x83, 0x37, 0x37, 0x37, 0x19, 0x17, 0x51, 0xCD, 0xCD ; file 1B5FB7
db 0x17, 0xB6, 0x17, 0x19, 0x5C, 0x29, 0x3E, 0xCF, 0x37, 0xCF, 0x3E, 0xCF, 0x17, 0xCF, 0x3E, 0xCF ; file 1B5FC7
db 0x17, 0xCF, 0x3E, 0xCF, 0x5C, 0x41, 0x5C, 0x19, 0x5C, 0x19, 0x19, 0x19, 0x40, 0x19, 0x19, 0x19 ; file 1B5FD7
db 0x17, 0x19, 0x19, 0x19, 0x00, 0x00, 0x00, 0x00, 0x00, 0x00, 0x00, 0x8B, 0x00, 0x9D, 0x00, 0xCD ; file 1B5FE7
db 0xCE, 0x92, 0x92, 0x92, 0x00, 0x35, 0x26, 0x35, 0xCE, 0x35, 0x8B, 0x8B, 0x9D, 0x9D, 0xCD, 0xCD ; file 1B5FF7
db 0xCE, 0x9D, 0xA1, 0xA1, 0x00, 0x29, 0xC3, 0x8B, 0x25, 0x25, 0x25, 0x8B, 0x00, 0x29, 0xC3, 0xCF ; file 1B6007
db 0x25, 0xCF, 0xCF, 0xCF, 0xB9, 0x0E, 0x2E, 0x8B, 0x25, 0x8B, 0x8B, 0x8B, 0x40, 0x9D, 0x2E, 0x8B ; file 1B6017
db 0xCE, 0x8B, 0x8B, 0x8B, 0x00, 0x00, 0x00, 0xCF, 0x3C, 0x3C, 0x3C, 0xCF, 0x00, 0x9D, 0xCF, 0xCF ; file 1B6027
db 0x17, 0xCF, 0xCF, 0xCF, 0x00, 0x35, 0x26, 0x35, 0x3C, 0x53, 0x8B, 0x8B, 0x40, 0x9D, 0xCD, 0xCD ; file 1B6037
db 0xCE, 0xB6, 0xA1, 0xA1, 0x00, 0x29, 0xBA, 0xCF, 0x25, 0xCF, 0xBA, 0xCF, 0x40, 0xCF, 0xCF, 0xCF ; file 1B6047
db 0xCF, 0xCF, 0xCF, 0xCF, 0x33, 0x0E, 0x2E, 0x8B, 0x25, 0x8B, 0x8B, 0x8B, 0x40, 0x40, 0x40, 0xC8 ; file 1B6057
db 0x40, 0xC8, 0xC8, 0xC8, 0x00, 0x00, 0x00, 0x00, 0x2B, 0x2B, 0x2B, 0x32, 0x95, 0x95, 0x95, 0x32 ; file 1B6067
db 0x88, 0x32, 0x32, 0x32, 0xC9, 0x35, 0x26, 0x35, 0x2B, 0x35, 0x8B, 0x8B, 0xCC, 0x96, 0xCC, 0xCD ; file 1B6077
db 0xCC, 0xB6, 0xA1, 0xA1, 0x00, 0x29, 0xC3, 0x8B, 0x25, 0x25, 0x25, 0x8B, 0x40, 0x29, 0x3E, 0x42 ; file 1B6087
db 0x25, 0xCF, 0x3E, 0xCF, 0x40, 0x0E, 0x2E, 0x8B, 0x25, 0x8B, 0x8B, 0x8B, 0x40, 0x40, 0x40, 0x42 ; file 1B6097
db 0x40, 0x8B, 0x8B, 0x8B, 0x00, 0x00, 0x00, 0x50, 0x37, 0x37, 0x37, 0x50, 0x17, 0x57, 0x17, 0x50 ; file 1B60A7
db 0x17, 0xB6, 0x17, 0x50, 0x40, 0x35, 0x26, 0x35, 0x37, 0xB6, 0x37, 0x8B, 0x40, 0xB6, 0x40, 0xB6 ; file 1B60B7
db 0xB6, 0xB6, 0xB6, 0xB6, 0x40, 0x29, 0x3E, 0xCF, 0x25, 0xCF, 0x3E, 0xCF, 0x40, 0x40, 0x3E, 0xCF ; file 1B60C7
db 0x17, 0xCF, 0x3E, 0xCF, 0x40, 0x40, 0x40, 0x8B, 0x40, 0x8B, 0x8B, 0x8B, 0x40, 0x40, 0x40, 0x19 ; file 1B60D7
db 0x40, 0xB6, 0x19, 0x19, 0x00, 0x00, 0x00, 0x00, 0x00, 0x00, 0x00, 0x56, 0x00, 0x00, 0x00, 0xCD ; file 1B60E7
db 0xC7, 0x92, 0x92, 0x92, 0x28, 0x0E, 0x28, 0x0E, 0x28, 0x0E, 0x28, 0x56, 0x28, 0x0E, 0x28, 0xCD ; file 1B60F7
db 0xCE, 0xCE, 0xCE, 0xCD, 0x00, 0x0E, 0x3D, 0x0E, 0x00, 0x0E, 0xD9, 0x56, 0x00, 0x0E, 0x3D, 0xCF ; file 1B6107
db 0xC7, 0xCF, 0xCF, 0xCF, 0x0E, 0x0E, 0x0E, 0x0E, 0x0E, 0x0E, 0x56, 0x56, 0x0E, 0x0E, 0x0E, 0x0E ; file 1B6117
db 0xCE, 0x0E, 0x38, 0x38, 0x00, 0x00, 0x00, 0xCF, 0x3C, 0x3C, 0x16, 0xCF, 0x24, 0x24, 0x24, 0xCF ; file 1B6127
db 0xC7, 0xC7, 0xC7, 0xCF, 0x28, 0x0E, 0x28, 0x0E, 0x28, 0x0E, 0x28, 0x55, 0x28, 0x0E, 0x28, 0xCD ; file 1B6137
db 0xC7, 0xC7, 0xC7, 0xC8, 0x00, 0x0E, 0x16, 0xCF, 0x16, 0xCF, 0x16, 0xCF, 0x24, 0xCF, 0xCF, 0xCF ; file 1B6147
db 0xC7, 0xCF, 0xCF, 0xCF, 0x0E, 0x0E, 0x0E, 0x0E, 0x0E, 0x0E, 0x16, 0x55, 0x0E, 0x0E, 0xC8, 0xC8 ; file 1B6157
db 0xC7, 0xC8, 0xC8, 0xC8, 0x00, 0x00, 0x00, 0x00, 0x2B, 0x2B, 0x2B, 0x32, 0x95, 0x95, 0x95, 0x32 ; file 1B6167
db 0x88, 0x32, 0x32, 0x32, 0x28, 0x0E, 0x28, 0x0E, 0x28, 0x0E, 0x28, 0x56, 0x28, 0x0E, 0x28, 0xCD ; file 1B6177
db 0xCE, 0xCE, 0xCE, 0x32, 0x00, 0x0E, 0x3D, 0x0E, 0x2B, 0x0E, 0xD9, 0x56, 0x95, 0x0E, 0xD3, 0xCF ; file 1B6187
db 0x88, 0xCF, 0x3E, 0xCF, 0x0E, 0x0E, 0x0E, 0x0E, 0x0E, 0x0E, 0x56, 0x56, 0x0E, 0x0E, 0xD3, 0x0E ; file 1B6197
db 0xCE, 0x0E, 0x85, 0x85, 0x00, 0x00, 0x00, 0x50, 0x37, 0x37, 0x37, 0x50, 0x02, 0x57, 0x02, 0x50 ; file 1B61A7
db 0x17, 0x17, 0x17, 0x50, 0x28, 0x0E, 0x28, 0x0E, 0x28, 0x0E, 0x28, 0x85, 0x28, 0x51, 0x28, 0x85 ; file 1B61B7
db 0x17, 0x85, 0x85, 0x85, 0x30, 0x0E, 0x30, 0xCF, 0x30, 0xCF, 0x16, 0xCF, 0x30, 0xCF, 0x3E, 0xCF ; file 1B61C7
db 0x17, 0xCF, 0x3E, 0xCF, 0x5C, 0x0E, 0x5C, 0x0E, 0x5C, 0x0E, 0x85, 0x85, 0x40, 0x0E, 0x85, 0x85 ; file 1B61D7
db 0x85, 0x85, 0x85, 0x85, 0x00, 0x00, 0xC3, 0xC3, 0xCE, 0xCE, 0xD9, 0x8B, 0xCB, 0x9D, 0xC1, 0xCD ; file 1B61E7
db 0xCE, 0xCE, 0xC1, 0x38, 0x0A, 0x0A, 0x0A, 0x0A, 0xCE, 0xCE, 0xCE, 0x8B, 0xCE, 0x9D, 0xCE, 0xCD ; file 1B61F7
db 0xCE, 0xCE, 0xCE, 0x38, 0xB9, 0x0E, 0xC3, 0xC3, 0x25, 0x0E, 0xD9, 0x8B, 0xB9, 0x0E, 0xC3, 0x38 ; file 1B6207
db 0xCE, 0x38, 0xD9, 0x38, 0xB9, 0x0E, 0xB9, 0x0E, 0xB9, 0x0E, 0x8B, 0x8B, 0xB9, 0x0E, 0x38, 0x38 ; file 1B6217
db 0xCE, 0x38, 0x38, 0x38, 0x00, 0x00, 0xC3, 0xC3, 0x2D, 0x2D, 0x2D, 0xCF, 0x24, 0x24, 0x24, 0xCF ; file 1B6227
db 0xC7, 0xC7, 0xC1, 0xCF, 0x0A, 0x0A, 0x0A, 0x08, 0xCE, 0x53, 0x1B, 0x8A, 0xCE, 0x9D, 0xCE, 0x8A ; file 1B6237
db 0xCE, 0xCE, 0xCE, 0x8A, 0x1F, 0x0E, 0xC3, 0xC3, 0x0C, 0xCF, 0xD2, 0xCF, 0x0C, 0xCF, 0xC3, 0xCF ; file 1B6247
db 0x0C, 0xCF, 0xCF, 0xCF, 0x1F, 0x0E, 0x1B, 0x08, 0x1B, 0x0E, 0x1B, 0x8A, 0x1F, 0x0E, 0x8A, 0x8A ; file 1B6257
db 0xCE, 0x8A, 0x8A, 0x8A, 0xCB, 0xCB, 0xC3, 0xC3, 0x2B, 0x2B, 0xD9, 0x32, 0xCB, 0xCB, 0xCB, 0xCB ; file 1B6267
db 0xCB, 0xCB, 0xC1, 0x32, 0x0A, 0x0A, 0x0A, 0x0A, 0xCE, 0xCE, 0xCE, 0x8B, 0xCB, 0x3A, 0xCB, 0xCD ; file 1B6277
db 0xCE, 0xCE, 0xCE, 0x38, 0xB9, 0x0E, 0xC3, 0xC3, 0x25, 0x0E, 0xD9, 0x8B, 0xCB, 0xCB, 0xC3, 0x38 ; file 1B6287
db 0xCB, 0xAA, 0xD9, 0x38, 0xB9, 0x0E, 0xB9, 0x0E, 0xB9, 0x0E, 0x8B, 0x8B, 0x40, 0x0E, 0x38, 0x38 ; file 1B6297
db 0xCE, 0xAA, 0x38, 0x38, 0xCB, 0x46, 0xC3, 0x46, 0x2D, 0x2D, 0x2D, 0x50, 0xCB, 0xCB, 0xCB, 0x50 ; file 1B62A7
db 0x17, 0xAE, 0x17, 0x50, 0x0A, 0x46, 0x0A, 0x46, 0xCE, 0xB6, 0x1B, 0x09, 0x40, 0xB6, 0x40, 0x85 ; file 1B62B7
db 0xCE, 0xB6, 0xA9, 0x85, 0x30, 0x46, 0xC3, 0x46, 0x03, 0x46, 0xD2, 0xCF, 0x40, 0x40, 0x3E, 0xCF ; file 1B62C7
db 0x03, 0xA6, 0x3E, 0xCF, 0x12, 0x46, 0x12, 0x46, 0x12, 0x46, 0x1B, 0x09, 0x40, 0x40, 0x40, 0x85 ; file 1B62D7
db 0x40, 0x85, 0x04, 0x85, 0xA0, 0x29, 0xA0, 0x29, 0x3C, 0x29, 0x3C, 0x29, 0xA0, 0x29, 0xA0, 0xCD ; file 1B62E7
db 0x17, 0x17, 0xC6, 0x50, 0xA0, 0x0E, 0x26, 0x0E, 0x3C, 0x0E, 0x26, 0x0E, 0xA0, 0x0E, 0xCD, 0xCD ; file 1B62F7
db 0xCE, 0xCE, 0xC6, 0xB0, 0x29, 0x29, 0x29, 0x29, 0x29, 0x29, 0x16, 0x29, 0x29, 0x29, 0x29, 0x29 ; file 1B6307
db 0x17, 0x29, 0x3E, 0xCF, 0x0E, 0x0E, 0x0E, 0x0E, 0x0E, 0x0E, 0x0E, 0x0E, 0x0E, 0x0E, 0x0E, 0x0E ; file 1B6317
db 0xCE, 0x0E, 0x1E, 0x1E, 0x3C, 0x29, 0x3C, 0x0F, 0x3C, 0x3C, 0x3C, 0x3C, 0x17, 0x57, 0x17, 0x50 ; file 1B6327
db 0x17, 0x17, 0x17, 0x50, 0x33, 0x0E, 0x33, 0x0E, 0x3C, 0x3C, 0x3C, 0x1E, 0x33, 0x51, 0x33, 0xCD ; file 1B6337
db 0x17, 0x17, 0x17, 0x1E, 0x33, 0x29, 0x0F, 0x0F, 0x3C, 0x29, 0x16, 0xCF, 0x33, 0x29, 0x3E, 0xCF ; file 1B6347
db 0x17, 0xCF, 0x3E, 0xCF, 0x33, 0x0E, 0x33, 0x0E, 0x33, 0x0E, 0x33, 0x1E, 0x33, 0x0E, 0x33, 0x1E ; file 1B6357
db 0x33, 0x1E, 0x1E, 0x1E, 0x01, 0x01, 0x01, 0x8C, 0x01, 0x01, 0x01, 0x50, 0x01, 0x52, 0x01, 0x50 ; file 1B6367
db 0x17, 0x17, 0x17, 0x50, 0x01, 0x0E, 0x8C, 0x8C, 0x01, 0x0E, 0x8C, 0x8C, 0xCC, 0x52, 0xCC, 0x52 ; file 1B6377
db 0x17, 0x52, 0x17, 0x1E, 0x01, 0x29, 0x01, 0x29, 0x01, 0x29, 0x3E, 0x1E, 0x01, 0x29, 0x3E, 0x1E ; file 1B6387
db 0x17, 0x17, 0x3E, 0x1E, 0x0E, 0x0E, 0x0E, 0x0E, 0x0E, 0x0E, 0x1E, 0x1E, 0xCC, 0x0E, 0x1E, 0x1E ; file 1B6397
db 0x17, 0x1E, 0x1E, 0x1E, 0x01, 0x57, 0x01, 0x50, 0x17, 0x17, 0x17, 0x50, 0x17, 0x57, 0x17, 0x50 ; file 1B63A7
db 0x17, 0x17, 0x17, 0x50, 0x33, 0x51, 0x33, 0x8C, 0x17, 0x17, 0x17, 0x1E, 0x17, 0x51, 0x17, 0x1E ; file 1B63B7
db 0x17, 0x17, 0x17, 0x1E, 0x33, 0x29, 0x3E, 0x0F, 0x17, 0x17, 0x3E, 0x1E, 0x17, 0x57, 0x3E, 0x1E ; file 1B63C7
db 0x17, 0x17, 0x3E, 0x1E, 0x33, 0x0E, 0x33, 0x1E, 0x33, 0x1E, 0x1E, 0x1E, 0x33, 0x1E, 0x1E, 0x1E ; file 1B63D7
db 0x17, 0x1E, 0x1E, 0x1E, 0xA0, 0x29, 0xA0, 0x29, 0x3C, 0x29, 0x3C, 0x8B, 0xA0, 0x29, 0xA0, 0xB0 ; file 1B63E7
db 0xCE, 0xCE, 0xC1, 0xB0, 0xA0, 0x0E, 0x26, 0x0E, 0xCE, 0x53, 0xCE, 0x8B, 0xCC, 0x9D, 0xCC, 0xB0 ; file 1B63F7
db 0xCE, 0xCE, 0xCE, 0xB0, 0x29, 0x29, 0x29, 0x29, 0x25, 0x29, 0x25, 0x8B, 0x29, 0x29, 0x29, 0x29 ; file 1B6407
db 0xCE, 0x29, 0x3E, 0xCF, 0x0E, 0x0E, 0x0E, 0x0E, 0xCE, 0x0E, 0x8B, 0x8B, 0xCC, 0x0E, 0xCC, 0x0E ; file 1B6417
db 0xCE, 0xCE, 0xCE, 0x8B, 0x3C, 0x29, 0x3C, 0x0F, 0x3C, 0x3C, 0x3C, 0x3C, 0x17, 0x57, 0x17, 0x50 ; file 1B6427
db 0x17, 0x17, 0x17, 0x50, 0x33, 0x53, 0x33, 0x53, 0x3C, 0x53, 0x1B, 0x53, 0xCC, 0x51, 0xCC, 0xB0 ; file 1B6437
db 0xCE, 0x53, 0xCE, 0xB0, 0x33, 0x29, 0x0F, 0x0F, 0x3C, 0x29, 0x16, 0xCF, 0x33, 0x29, 0x3E, 0xCF ; file 1B6447
db 0x17, 0xCF, 0x3E, 0xCF, 0x33, 0x0E, 0x33, 0x08, 0x33, 0x53, 0x1B, 0x8B, 0x33, 0x0E, 0x33, 0x1E ; file 1B6457
db 0xCE, 0x1E, 0x1B, 0x1E, 0x01, 0x01, 0x01, 0x8C, 0x01, 0x01, 0x01, 0x50, 0xCB, 0xCB, 0xCB, 0x50 ; file 1B6467
db 0x17, 0x17, 0x17, 0x50, 0xC9, 0xC9, 0xC9, 0x8C, 0xC9, 0x53, 0xA4, 0xA4, 0xCC, 0xCC, 0xCC, 0xCC ; file 1B6477
db 0xCC, 0xBD, 0xCC, 0xB0, 0x01, 0x29, 0x01, 0x29, 0x25, 0x29, 0x3E, 0xA4, 0xCB, 0x29, 0x3E, 0x1E ; file 1B6487
db 0x17, 0xAA, 0x3E, 0x1E, 0xC9, 0x0E, 0xA4, 0xA4, 0xA4, 0xA4, 0xA4, 0xA4, 0xCC, 0xCC, 0xCC, 0x1E ; file 1B6497
db 0xCC, 0xAA, 0x1E, 0x1E, 0x01, 0x57, 0x01, 0x50, 0x17, 0x17, 0x17, 0x50, 0x17, 0x57, 0x17, 0x50 ; file 1B64A7
db 0x17, 0x17, 0x17, 0x50, 0xC9, 0x51, 0xC9, 0x8C, 0x17, 0x53, 0x17, 0x1E, 0xCC, 0x51, 0xCC, 0x1E ; file 1B64B7
db 0x17, 0xBD, 0x17, 0x1E, 0x33, 0x29, 0x3E, 0x0F, 0x17, 0x17, 0x3E, 0x1E, 0x17, 0x57, 0x3E, 0x1E ; file 1B64C7
db 0x17, 0x17, 0x3E, 0x1E, 0x33, 0x0E, 0x33, 0x1E, 0x33, 0x1E, 0x1B, 0x1E, 0x40, 0x1E, 0x1E, 0x1E ; file 1B64D7
db 0x17, 0x1E, 0x1E, 0x1E, 0xA0, 0x0E, 0xA0, 0x0E, 0x3C, 0x0E, 0x16, 0xC0, 0xA0, 0x0E, 0xA0, 0x0E ; file 1B64E7
db 0xC7, 0xC7, 0xC1, 0x44, 0x0E, 0x0E, 0x0E, 0x0E, 0xCE, 0x0E, 0xCE, 0x0E, 0xCE, 0x0E, 0xCE, 0x0E ; file 1B64F7
db 0xCE, 0xCE, 0xCE, 0xCE, 0x0E, 0x0E, 0x0E, 0x0E, 0x0E, 0x0E, 0x16, 0x0E, 0x0E, 0x0E, 0x0E, 0x0E ; file 1B6507
db 0xC7, 0x0E, 0x16, 0xCF, 0x0E, 0x0E, 0x0E, 0x0E, 0x0E, 0x0E, 0x0E, 0x0E, 0x0E, 0x0E, 0x0E, 0x0E ; file 1B6517
db 0xCE, 0x0E, 0xCE, 0x0E, 0x3C, 0x0E, 0x16, 0x0E, 0x3C, 0x3C, 0x16, 0x16, 0xC7, 0xC7, 0xC7, 0x50 ; file 1B6527
db 0xC7, 0xC7, 0xC7, 0x50, 0x0E, 0x0E, 0x0E, 0x0E, 0x3C, 0x0E, 0x16, 0x0E, 0xC7, 0x0E, 0xC7, 0x0E ; file 1B6537
db 0xC7, 0xC7, 0xC7, 0x85, 0x0E, 0x0E, 0x16, 0x0E, 0x16, 0x0E, 0x16, 0x16, 0xC7, 0x0E, 0x16, 0xCF ; file 1B6547
db 0xC7, 0xC7, 0x16, 0xCF, 0x0E, 0x0E, 0x0E, 0x0E, 0x0E, 0x0E, 0x16, 0x0E, 0x0E, 0x0E, 0x0E, 0x0E ; file 1B6557
db 0xC7, 0x0E, 0x85, 0x85, 0x01, 0x0E, 0x01, 0x0E, 0x01, 0x0E, 0x01, 0x50, 0xCB, 0xCB, 0xCB, 0x50 ; file 1B6567
db 0x17, 0x17, 0x17, 0x50, 0x0E, 0x0E, 0x0E, 0x0E, 0xCE, 0x0E, 0xCE, 0x0E, 0xCB, 0x0E, 0xCB, 0x0E ; file 1B6577
db 0xCE, 0xCE, 0xCE, 0x85, 0x0E, 0x0E, 0x0E, 0x0E, 0x0E, 0x0E, 0x16, 0x0E, 0xCB, 0x0E, 0x3E, 0x0E ; file 1B6587
db 0x17, 0x0E, 0x3E, 0x85, 0x0E, 0x0E, 0x0E, 0x0E, 0x0E, 0x0E, 0x0E, 0x0E, 0x0E, 0x0E, 0x0E, 0x0E ; file 1B6597
db 0xCE, 0x0E, 0x85, 0x85, 0xAF, 0x0E, 0xAF, 0x50, 0x17, 0x17, 0x16, 0x50, 0x02, 0x57, 0x02, 0x50 ; file 1B65A7
db 0x17, 0x17, 0x17, 0x50, 0x0E, 0x0E, 0x0E, 0x0E, 0x17, 0x0E, 0x85, 0x85, 0x02, 0x51, 0x85, 0x85 ; file 1B65B7
db 0x17, 0x85, 0x85, 0x85, 0xAF, 0x0E, 0xAF, 0x0E, 0xAF, 0x0E, 0x16, 0x85, 0xAF, 0x0E, 0x3E, 0x85 ; file 1B65C7
db 0x17, 0x85, 0x3E, 0x85, 0x0E, 0x0E, 0x0E, 0x0E, 0x0E, 0x0E, 0x85, 0x85, 0x0E, 0x0E, 0x85, 0x85 ; file 1B65D7
db 0x85, 0x85, 0x85, 0x85, 0x11, 0x0E, 0x11, 0x0E, 0xCE, 0xCE, 0xC1, 0x44, 0xCB, 0xCB, 0xC1, 0x44 ; file 1B65E7
db 0xCE, 0xCE, 0xC1, 0x44, 0xCE, 0x0E, 0xCE, 0x0E, 0xCE, 0xCE, 0xCE, 0xCE, 0xCE, 0xCE, 0xCE, 0xCE ; file 1B65F7
db 0xCE, 0xCE, 0xCE, 0xCE, 0x0E, 0x0E, 0xC3, 0x0E, 0xCE, 0x0E, 0xD9, 0x0E, 0xCB, 0x0E, 0xC1, 0x0E ; file 1B6607
db 0xCE, 0xCE, 0xC1, 0x38, 0x0E, 0x0E, 0x0E, 0x0E, 0xCE, 0x0E, 0x1B, 0x0E, 0xCE, 0x0E, 0xCE, 0x0E ; file 1B6617
db 0xCE, 0xCE, 0xCE, 0x38, 0x2D, 0x0E, 0x2D, 0x08, 0x2D, 0x2D, 0x2D, 0x2D, 0xC7, 0xC7, 0xC1, 0x44 ; file 1B6627
db 0xC7, 0xC7, 0xC1, 0x44, 0x1F, 0x0E, 0x1B, 0x08, 0xCE, 0x53, 0x1B, 0xAC, 0xCE, 0xCE, 0xCE, 0xAB ; file 1B6637
db 0xCE, 0xCE, 0xCE, 0xCE, 0x1F, 0x0E, 0x16, 0x08, 0x2D, 0x0E, 0x16, 0xAC, 0x1F, 0x0E, 0x16, 0xAB ; file 1B6647
db 0xC7, 0xA6, 0x16, 0xCF, 0x1F, 0x0E, 0x1B, 0x08, 0x1B, 0x0E, 0x1B, 0xAC, 0x1F, 0x0E, 0x1B, 0xAB ; file 1B6657
db 0xCE, 0xCE, 0x1B, 0x85, 0xCB, 0xCB, 0xCB, 0xCB, 0xCB, 0xCB, 0xC1, 0x44, 0xCB, 0xCB, 0xCB, 0xCB ; file 1B6667
db 0xCB, 0xCB, 0xC1, 0x44, 0xC9, 0x0E, 0xC9, 0x0E, 0xCE, 0xCE, 0xCE, 0xA4, 0xCB, 0x3A, 0xCB, 0x3A ; file 1B6677
db 0xCE, 0xCE, 0xCE, 0xCE, 0xCB, 0x0E, 0xC3, 0x0E, 0xCB, 0x0E, 0xD9, 0xA4, 0xCB, 0xCB, 0xCB, 0xCB ; file 1B6687
db 0xCB, 0xAA, 0x3E, 0x85, 0x0E, 0x0E, 0x0E, 0x0E, 0xCE, 0x0E, 0x1B, 0xA4, 0xCB, 0x0E, 0xCB, 0x0E ; file 1B6697
db 0xCE, 0xAA, 0xCE, 0x85, 0xCB, 0xCB, 0xCB, 0x50, 0x2D, 0x2D, 0x2D, 0x50, 0xCB, 0xCB, 0xCB, 0x50 ; file 1B66A7
db 0x17, 0xAE, 0x17, 0x50, 0x12, 0x0E, 0x12, 0x08, 0xCE, 0x53, 0x1B, 0x09, 0xCB, 0x3A, 0xCB, 0x85 ; file 1B66B7
db 0xCE, 0xBD, 0xCE, 0x85, 0xAF, 0x0E, 0xAF, 0x08, 0x03, 0xA6, 0x16, 0x09, 0xCB, 0xA6, 0x3E, 0x85 ; file 1B66C7
db 0x03, 0xA6, 0x3E, 0x85, 0x12, 0x0E, 0x12, 0x08, 0x12, 0x09, 0x1B, 0x09, 0x12, 0x0E, 0x04, 0x85 ; file 1B66D7
db 0xCE, 0x85, 0x04, 0x85, 0x00, 0x00, 0x00, 0x00, 0x00, 0x00, 0x00, 0x00, 0x00, 0x00, 0x00, 0xCD ; file 1B66E7
db 0x00, 0x00, 0xC6, 0x32, 0x00, 0x00, 0x00, 0xCA, 0x00, 0x00, 0x00, 0x8B, 0x00, 0xCD, 0xCD, 0xCD ; file 1B66F7
db 0x00, 0xCD, 0xCD, 0xCD, 0x00, 0x00, 0x00, 0x00, 0x00, 0x00, 0x00, 0x8B, 0x00, 0x00, 0x00, 0xCD ; file 1B6707
db 0x00, 0xCF, 0x3E, 0xCF, 0x00, 0x00, 0x00, 0x8B, 0x00, 0x8B, 0x8B, 0x8B, 0x00, 0xCD, 0xCD, 0xCD ; file 1B6717
db 0x00, 0x8B, 0x8B, 0x8B, 0x00, 0x00, 0x00, 0x00, 0x00, 0x00, 0x00, 0xCF, 0x00, 0x00, 0x00, 0xCD ; file 1B6727
db 0x17, 0x17, 0x17, 0xCF, 0x00, 0x00, 0x00, 0xCA, 0x00, 0x00, 0x00, 0x8B, 0x00, 0xCD, 0xCD, 0xCD ; file 1B6737
db 0x17, 0xCD, 0xCD, 0xCD, 0x00, 0x00, 0x00, 0x0F, 0x00, 0xCF, 0x3E, 0xCF, 0x00, 0xCF, 0x3E, 0xCF ; file 1B6747
db 0x17, 0xCF, 0x3E, 0xCF, 0x00, 0x41, 0x00, 0x0F, 0x00, 0x8B, 0x8B, 0x8B, 0x00, 0xCD, 0xCD, 0xCD ; file 1B6757
db 0x17, 0x1E, 0x1E, 0x1E, 0x00, 0x00, 0x00, 0x00, 0x00, 0x00, 0x00, 0x32, 0x95, 0x95, 0x95, 0x32 ; file 1B6767
db 0x17, 0x32, 0x32, 0x32, 0x00, 0x00, 0x00, 0x8C, 0x00, 0x00, 0x00, 0x32, 0x95, 0x52, 0xCD, 0xCD ; file 1B6777
db 0x17, 0x32, 0x32, 0x32, 0x00, 0x00, 0x00, 0x00, 0x00, 0x00, 0x3E, 0x32, 0x95, 0x95, 0x3E, 0x32 ; file 1B6787
db 0x17, 0x32, 0x3E, 0x32, 0x00, 0x41, 0x00, 0x8B, 0x00, 0x8B, 0x8B, 0x8B, 0x95, 0x52, 0xAD, 0xAD ; file 1B6797
db 0x17, 0x1E, 0x1E, 0x1E, 0x00, 0x00, 0x00, 0x00, 0x17, 0x17, 0x17, 0x32, 0x17, 0x17, 0x17, 0x32 ; file 1B67A7
db 0x17, 0x17, 0x17, 0x32, 0x00, 0x41, 0x00, 0x8C, 0x17, 0x17, 0x17, 0x1E, 0x17, 0x51, 0xCD, 0xCD ; file 1B67B7
db 0x17, 0x17, 0x17, 0x1E, 0x00, 0x41, 0x3E, 0x0F, 0x17, 0x17, 0x3E, 0x1E, 0x17, 0x17, 0x3E, 0x1E ; file 1B67C7
db 0x17, 0x17, 0x3E, 0x1E, 0x41, 0x41, 0x1E, 0x1E, 0x17, 0x1E, 0x1E, 0x1E, 0x17, 0x1E, 0x1E, 0x1E ; file 1B67D7
db 0x17, 0x1E, 0x1E, 0x1E, 0x00, 0x00, 0x00, 0x00, 0x00, 0x00, 0x00, 0x8B, 0x00, 0x00, 0x00, 0xCD ; file 1B67E7
db 0x00, 0x00, 0xC6, 0x32, 0x00, 0x00, 0x00, 0x8B, 0x00, 0x8B, 0x8B, 0x8B, 0xCC, 0xCD, 0xCD, 0xCD ; file 1B67F7
db 0xCC, 0x8B, 0x8B, 0x8B, 0x00, 0x00, 0x00, 0x8B, 0x00, 0x8B, 0x8B, 0x8B, 0x00, 0x00, 0x00, 0x8B ; file 1B6807
db 0x00, 0x8B, 0x8B, 0x8B, 0x00, 0x8B, 0x8B, 0x8B, 0x8B, 0x8B, 0x8B, 0x8B, 0xCC, 0x8B, 0x8B, 0x8B ; file 1B6817
db 0x8B, 0x8B, 0x8B, 0x8B, 0x00, 0x00, 0x00, 0x00, 0x00, 0x00, 0x00, 0x8B, 0x00, 0x00, 0x00, 0xCD ; file 1B6827
db 0x17, 0x17, 0x17, 0xCF, 0x00, 0x00, 0x00, 0x8B, 0x00, 0x8B, 0x8B, 0x8B, 0xCC, 0xCD, 0xCD, 0xCD ; file 1B6837
db 0x17, 0xBD, 0x8B, 0x8B, 0x00, 0x00, 0x00, 0x0F, 0x00, 0x8B, 0x8B, 0x8B, 0x00, 0xCF, 0x3E, 0xCF ; file 1B6847
db 0x17, 0xCF, 0x3E, 0xCF, 0x00, 0x8B, 0x8B, 0x8B, 0x8B, 0x8B, 0x8B, 0x8B, 0x40, 0x8B, 0x8B, 0x8B ; file 1B6857
db 0x8B, 0x8B, 0x8B, 0x8B, 0x00, 0x00, 0x00, 0x00, 0x00, 0x00, 0x00, 0x32, 0x95, 0x95, 0x95, 0x32 ; file 1B6867
db 0x17, 0x32, 0x32, 0x32, 0xC9, 0x96, 0xC9, 0x8B, 0xC9, 0x8B, 0x8B, 0x8B, 0xCC, 0x96, 0xCC, 0xCD ; file 1B6877
db 0xCC, 0x96, 0xCC, 0x32, 0x00, 0x00, 0x00, 0x8B, 0x00, 0x8B, 0x8B, 0x8B, 0x95, 0x42, 0x3E, 0x42 ; file 1B6887
db 0x17, 0x32, 0x3E, 0x32, 0xC9, 0x8B, 0x8B, 0x8B, 0x8B, 0x8B, 0x8B, 0x8B, 0xCC, 0x42, 0x42, 0x42 ; file 1B6897
db 0xCC, 0x8B, 0x8B, 0x8B, 0x00, 0x00, 0x00, 0x00, 0x17, 0x17, 0x17, 0x32, 0x17, 0x17, 0x17, 0x32 ; file 1B68A7
db 0x17, 0x17, 0x17, 0x32, 0xC9, 0x41, 0xC9, 0x8B, 0x17, 0xBD, 0x8B, 0x8B, 0xCC, 0x51, 0xCC, 0xCD ; file 1B68B7
db 0x17, 0xBD, 0x17, 0x1E, 0x00, 0x41, 0x3E, 0x0F, 0x17, 0x8B, 0x3E, 0x8B, 0x17, 0x17, 0x3E, 0x1E ; file 1B68C7
db 0x17, 0x17, 0x3E, 0x1E, 0x12, 0x41, 0x8B, 0x8B, 0x8B, 0x8B, 0x8B, 0x8B, 0x40, 0x1E, 0x1E, 0x1E ; file 1B68D7
db 0x17, 0x1E, 0x1E, 0x1E, 0x00, 0x00, 0x00, 0x00, 0x00, 0x00, 0x00, 0xC0, 0x00, 0x00, 0x00, 0xCD ; file 1B68E7
db 0x00, 0x00, 0xC6, 0x32, 0x00, 0x00, 0x00, 0xCA, 0x00, 0x00, 0x00, 0x8B, 0x00, 0xCD, 0xCD, 0xCD ; file 1B68F7
db 0xCE, 0xCD, 0xCD, 0xCD, 0x00, 0x00, 0x00, 0x00, 0x00, 0x00, 0x00, 0x8B, 0x00, 0x00, 0xD3, 0xCD ; file 1B6907
db 0x00, 0xCF, 0x3E, 0xCF, 0x00, 0x0E, 0xD8, 0x0E, 0x00, 0x0E, 0x8B, 0x8B, 0x00, 0x0E, 0xCD, 0xCD ; file 1B6917
db 0xCE, 0x0E, 0x85, 0x85, 0x00, 0x00, 0x00, 0x00, 0x00, 0x00, 0x00, 0xC0, 0x00, 0x00, 0x00, 0xCD ; file 1B6927
db 0x17, 0x17, 0x17, 0xCF, 0x00, 0x00, 0x00, 0xCA, 0x00, 0x00, 0x00, 0x85, 0x00, 0xCD, 0xCD, 0xCD ; file 1B6937
db 0x17, 0x85, 0x85, 0x85, 0x00, 0x00, 0x00, 0x0F, 0x00, 0xCF, 0x16, 0xCF, 0x00, 0xCF, 0x3E, 0xCF ; file 1B6947
db 0x17, 0xCF, 0x3E, 0xCF, 0x00, 0x0E, 0xD8, 0x08, 0x00, 0x0E, 0x85, 0x85, 0x00, 0x0E, 0x85, 0x85 ; file 1B6957
db 0x85, 0x85, 0x85, 0x85, 0x00, 0x00, 0x00, 0x00, 0x00, 0x00, 0x00, 0x32, 0x95, 0x95, 0x95, 0x32 ; file 1B6967
db 0x17, 0x32, 0x32, 0x32, 0x00, 0x00, 0x00, 0x8C, 0x00, 0x00, 0x00, 0x32, 0x95, 0x52, 0xCD, 0xCD ; file 1B6977
db 0x17, 0x32, 0x32, 0x32, 0x00, 0x00, 0xD3, 0xD3, 0x00, 0x00, 0x1D, 0x32, 0x95, 0x95, 0xD3, 0xD3 ; file 1B6987
db 0x17, 0x32, 0x3E, 0x32, 0x00, 0x0E, 0xD3, 0x0E, 0x00, 0x0E, 0x85, 0x85, 0x95, 0x0E, 0xD3, 0x85 ; file 1B6997
db 0x85, 0x85, 0x85, 0x85, 0x00, 0x00, 0x00, 0x00, 0x17, 0x17, 0x17, 0x32, 0x02, 0x02, 0x02, 0x32 ; file 1B69A7
db 0x17, 0x17, 0x17, 0x32, 0x00, 0x41, 0x00, 0x85, 0x17, 0x85, 0x85, 0x85, 0x02, 0x51, 0x85, 0x85 ; file 1B69B7
db 0x17, 0x85, 0x85, 0x85, 0xAF, 0xAF, 0xAF, 0x0F, 0xAF, 0x85, 0x1D, 0x85, 0xAF, 0x85, 0x3E, 0x85 ; file 1B69C7
db 0x17, 0x85, 0x3E, 0x85, 0xAF, 0x41, 0x85, 0x85, 0x85, 0x85, 0x85, 0x85, 0x85, 0x85, 0x85, 0x85 ; file 1B69D7
db 0x85, 0x85, 0x85, 0x85, 0x00, 0x00, 0x00, 0x00, 0x00, 0x00, 0x00, 0x8B, 0xCB, 0xCB, 0xCB, 0xCD ; file 1B69E7
db 0xCB, 0x44, 0x44, 0x44, 0xDA, 0xDA, 0xD8, 0x8B, 0xCE, 0x8B, 0x8B, 0x8B, 0xCB, 0xCD, 0xCD, 0xCD ; file 1B69F7
db 0xCE, 0xCE, 0xCE, 0x8B, 0x00, 0x00, 0xC3, 0x8B, 0x00, 0x8B, 0x8B, 0x8B, 0xCB, 0xCB, 0xC3, 0x8B ; file 1B6A07
db 0xCB, 0x8B, 0x8B, 0x8B, 0xB9, 0x0E, 0xD8, 0x8B, 0x8B, 0x8B, 0x8B, 0x8B, 0xB9, 0x0E, 0xD8, 0x8B ; file 1B6A17
db 0xCE, 0x8B, 0x8B, 0x8B, 0x00, 0x00, 0x00, 0x00, 0x00, 0x00, 0x00, 0x8B, 0xCB, 0xCB, 0xCB, 0xA3 ; file 1B6A27
db 0x17, 0xA3, 0xA3, 0xA3, 0xDA, 0xDA, 0xD8, 0x08, 0xCE, 0x8B, 0x8B, 0x8B, 0xCB, 0xA3, 0xA3, 0xA3 ; file 1B6A37
db 0xCE, 0xA3, 0xA3, 0xA3, 0x00, 0x00, 0xC3, 0x08, 0x00, 0x8B, 0x8B, 0x8B, 0xCB, 0xA3, 0xA3, 0xA3 ; file 1B6A47
db 0x03, 0xA3, 0xA3, 0xA3, 0x12, 0x08, 0xD8, 0x08, 0x8B, 0x8B, 0x8B, 0x8B, 0xA3, 0xA3, 0xA3, 0xA3 ; file 1B6A57
db 0xA3, 0xA3, 0xA3, 0xA3, 0xCB, 0xCB, 0xCB, 0xCB, 0xCB, 0xCB, 0xCB, 0x32, 0xCB, 0xCB, 0xCB, 0xCB ; file 1B6A67
db 0xCB, 0xCB, 0xCB, 0x32, 0xC9, 0x3A, 0xC9, 0x8B, 0xC9, 0x8B, 0x8B, 0x8B, 0xCB, 0x3A, 0xCB, 0xCD ; file 1B6A77
db 0xCB, 0x3A, 0xA9, 0x32, 0xCB, 0xCB, 0xC3, 0x8B, 0xCB, 0x8B, 0x8B, 0x8B, 0xCB, 0xCB, 0xCB, 0x42 ; file 1B6A87
db 0xCB, 0xA6, 0x3E, 0x32, 0x12, 0x0E, 0xD8, 0x8B, 0x8B, 0x8B, 0x8B, 0x8B, 0xCB, 0x3A, 0x42, 0x42 ; file 1B6A97
db 0xCB, 0x85, 0x04, 0x85, 0xCB, 0xCB, 0xCB, 0xCB, 0x17, 0xAE, 0x17, 0x09, 0xCB, 0xCB, 0xCB, 0xCB ; file 1B6AA7
db 0x17, 0xAE, 0x17, 0x32, 0x12, 0x12, 0x12, 0x08, 0x12, 0xBD, 0xA9, 0x09, 0xCB, 0x3A, 0xA9, 0x85 ; file 1B6AB7
db 0x17, 0xBD, 0xA9, 0x85, 0xAF, 0xAF, 0xAF, 0x08, 0x03, 0xA6, 0x1D, 0x09, 0xCB, 0xA6, 0x3E, 0x85 ; file 1B6AC7
db 0x03, 0xA6, 0x3E, 0x85, 0x12, 0x12, 0x12, 0x08, 0x12, 0x09, 0x04, 0x09, 0x12, 0x85, 0x04, 0x85 ; file 1B6AD7
db 0x03, 0x85, 0x04, 0x85, 0xA0, 0xA0, 0xA0, 0xA0, 0xA0, 0xA0, 0xA0, 0xA0, 0xA0, 0xA0, 0xA0, 0xCD ; file 1B6AE7
db 0x17, 0x17, 0xC6, 0xC6, 0xA0, 0xA0, 0xA0, 0x8C, 0xA0, 0xA0, 0xA0, 0x8B, 0xA0, 0x52, 0xCD, 0xCD ; file 1B6AF7
db 0x17, 0x52, 0xC6, 0xB0, 0xA0, 0x29, 0xA0, 0x0F, 0xA0, 0x29, 0x3E, 0x0F, 0xA0, 0x29, 0x3E, 0x0F ; file 1B6B07
db 0x17, 0x17, 0x3E, 0x1E, 0xA0, 0x0E, 0xA0, 0x0E, 0xA0, 0x0E, 0x8B, 0x8B, 0xA0, 0x0E, 0xCD, 0xCD ; file 1B6B17
db 0x17, 0x1E, 0x1E, 0x1E, 0xA0, 0xA0, 0xA0, 0x0F, 0x17, 0x17, 0x17, 0x0F, 0x17, 0x17, 0x17, 0x0F ; file 1B6B27
db 0x17, 0x17, 0x17, 0x17, 0xA0, 0x51, 0xA0, 0x0F, 0x17, 0x17, 0x17, 0x1E, 0x17, 0x51, 0xCD, 0xCD ; file 1B6B37
db 0x17, 0x17, 0x17, 0x1E, 0xA0, 0x0F, 0x0F, 0x0F, 0x17, 0x0F, 0x3E, 0x0F, 0x17, 0x0F, 0x3E, 0x0F ; file 1B6B47
db 0x17, 0x17, 0x3E, 0x1E, 0x33, 0x0E, 0x0F, 0x0F, 0x33, 0x1E, 0x1E, 0x1E, 0x33, 0x1E, 0x1E, 0x1E ; file 1B6B57
db 0x17, 0x1E, 0x1E, 0x1E, 0x01, 0x01, 0x01, 0x8C, 0x01, 0x01, 0x01, 0x32, 0x01, 0x52, 0x01, 0x32 ; file 1B6B67
db 0x17, 0x17, 0x17, 0x32, 0x01, 0x52, 0x8C, 0x8C, 0x01, 0x52, 0x8C, 0x8C, 0xCC, 0x52, 0xCC, 0x52 ; file 1B6B77
db 0x17, 0x52, 0x17, 0x1E, 0x01, 0x01, 0x01, 0x0F, 0x01, 0x01, 0x3E, 0x1E, 0x01, 0x52, 0x3E, 0x1E ; file 1B6B87
db 0x17, 0x17, 0x3E, 0x1E, 0x01, 0x0E, 0x8C, 0x8C, 0x01, 0x1E, 0x1E, 0x1E, 0xCC, 0x52, 0x1E, 0x1E ; file 1B6B97
db 0x17, 0x1E, 0x1E, 0x1E, 0x01, 0x01, 0x01, 0x0F, 0x17, 0x17, 0x17, 0x17, 0x17, 0x17, 0x17, 0x17 ; file 1B6BA7
db 0x17, 0x17, 0x17, 0x17, 0x01, 0x51, 0x8C, 0x8C, 0x17, 0x17, 0x17, 0x1E, 0x17, 0x51, 0x17, 0x1E ; file 1B6BB7
db 0x17, 0x17, 0x17, 0x1E, 0xAF, 0x0F, 0x3E, 0x0F, 0x17, 0x17, 0x3E, 0x1E, 0x17, 0x17, 0x3E, 0x1E ; file 1B6BC7
db 0x17, 0x17, 0x3E, 0x1E, 0x33, 0x1E, 0x1E, 0x1E, 0x17, 0x1E, 0x1E, 0x1E, 0x17, 0x1E, 0x1E, 0x1E ; file 1B6BD7
db 0x17, 0x1E, 0x1E, 0x1E, 0xA0, 0xA0, 0xA0, 0xA0, 0xA0, 0xA0, 0xA0, 0x8B, 0xA0, 0xA0, 0xA0, 0xB0 ; file 1B6BE7
db 0x17, 0xB0, 0xC6, 0xB0, 0xA0, 0xA0, 0xA0, 0x8B, 0xA0, 0x8B, 0x8B, 0x8B, 0xCC, 0xCC, 0xCC, 0xB0 ; file 1B6BF7
db 0xCC, 0xB0, 0xB0, 0xB0, 0xA0, 0x29, 0xA0, 0x0F, 0xA0, 0x8B, 0x8B, 0x8B, 0xA0, 0x29, 0x3E, 0x0F ; file 1B6C07
db 0x17, 0x8B, 0x3E, 0x8B, 0xA0, 0x0E, 0x8B, 0x8B, 0x8B, 0x8B, 0x8B, 0x8B, 0xCC, 0xCC, 0xCC, 0x8B ; file 1B6C17
db 0xCC, 0x8B, 0x8B, 0x8B, 0xA0, 0xA0, 0xA0, 0x0F, 0x17, 0x17, 0x17, 0x0F, 0x17, 0x17, 0x17, 0x0F ; file 1B6C27
db 0x17, 0x17, 0x17, 0xB0, 0xA0, 0x51, 0xA0, 0x08, 0x17, 0x53, 0x8B, 0x8B, 0xCC, 0x51, 0xCC, 0xB0 ; file 1B6C37
db 0x17, 0xBD, 0xB0, 0xB0, 0xA0, 0x0F, 0x0F, 0x0F, 0x17, 0x0F, 0x3E, 0x0F, 0x17, 0x0F, 0x3E, 0x0F ; file 1B6C47
db 0x17, 0x17, 0x3E, 0x1E, 0x33, 0x08, 0x08, 0x08, 0x33, 0x8B, 0x8B, 0x8B, 0xCC, 0x1E, 0x1E, 0x1E ; file 1B6C57
db 0x17, 0x1E, 0x1E, 0x1E, 0x01, 0x01, 0x01, 0x8C, 0x01, 0x01, 0x01, 0xA4, 0xCB, 0xCB, 0xCB, 0xCB ; file 1B6C67
db 0x17, 0x17, 0x17, 0x32, 0xC9, 0xC9, 0xC9, 0x8C, 0xC9, 0xA4, 0xA4, 0xA4, 0xCC, 0xCC, 0xCC, 0xCC ; file 1B6C77
db 0xCC, 0xBD, 0xCC, 0xB0, 0x01, 0x01, 0x01, 0xA4, 0x01, 0xA4, 0x3E, 0xA4, 0xCB, 0xCB, 0x3E, 0x1E ; file 1B6C87
db 0x17, 0x17, 0x3E, 0x1E, 0xC9, 0xA4, 0xA4, 0xA4, 0xA4, 0xA4, 0xA4, 0xA4, 0xCC, 0xCC, 0xCC, 0x1E ; file 1B6C97
db 0xCC, 0x1E, 0x1E, 0x1E, 0x01, 0x01, 0x01, 0x0F, 0x17, 0x17, 0x17, 0x17, 0x17, 0x17, 0x17, 0x17 ; file 1B6CA7
db 0x17, 0x17, 0x17, 0x17, 0xC9, 0x51, 0xC9, 0x8C, 0x17, 0xBD, 0x17, 0x1E, 0xCC, 0x51, 0xCC, 0x1E ; file 1B6CB7
db 0x17, 0xBD, 0x17, 0x1E, 0xAF, 0x0F, 0x3E, 0x0F, 0x17, 0x17, 0x3E, 0x1E, 0x17, 0x17, 0x3E, 0x1E ; file 1B6CC7
db 0x17, 0x17, 0x3E, 0x1E, 0x12, 0x12, 0x12, 0x1E, 0x12, 0x1E, 0x1E, 0x1E, 0xCC, 0x1E, 0x1E, 0x1E ; file 1B6CD7
db 0x17, 0x1E, 0x1E, 0x1E, 0xA0, 0xA0, 0xA0, 0xA0, 0xA0, 0xA0, 0xA0, 0xC0, 0xA0, 0xA0, 0xA0, 0xCD ; file 1B6CE7
db 0x17, 0x17, 0xC6, 0x44, 0xA0, 0x0E, 0xA0, 0x0E, 0xA0, 0x0E, 0xA0, 0xC0, 0xA0, 0x0E, 0xCD, 0xCD ; file 1B6CF7
db 0xCE, 0xCE, 0xC6, 0x85, 0xA0, 0x0E, 0x36, 0x0E, 0xA0, 0x0E, 0x36, 0xC0, 0xA0, 0x0E, 0x36, 0x0E ; file 1B6D07
db 0x17, 0x0E, 0x3E, 0x85, 0x0E, 0x0E, 0x0E, 0x0E, 0x0E, 0x0E, 0x0E, 0x0E, 0x0E, 0x0E, 0x0E, 0x0E ; file 1B6D17
db 0xCE, 0x0E, 0x85, 0x85, 0xA0, 0xA0, 0xA0, 0x0F, 0x17, 0x17, 0x16, 0xC0, 0x02, 0x02, 0x02, 0x0F ; file 1B6D27
db 0x17, 0x17, 0x17, 0x85, 0xA0, 0x0E, 0xA0, 0x08, 0x17, 0x0E, 0x85, 0x85, 0x02, 0x51, 0x85, 0x85 ; file 1B6D37
db 0x17, 0x85, 0x85, 0x85, 0xAF, 0x0E, 0x0F, 0x0F, 0xAF, 0x0E, 0x16, 0x0F, 0xAF, 0x0E, 0x3E, 0x0F ; file 1B6D47
db 0x17, 0x85, 0x3E, 0x85, 0x0E, 0x0E, 0x08, 0x08, 0x0E, 0x0E, 0x85, 0x85, 0x0E, 0x0E, 0x85, 0x85 ; file 1B6D57
db 0x85, 0x85, 0x85, 0x85, 0x01, 0x01, 0x01, 0x8C, 0x01, 0x01, 0x01, 0xC0, 0xCB, 0xCB, 0xCB, 0xCB ; file 1B6D67
db 0x17, 0x17, 0x17, 0x32, 0x01, 0x0E, 0x8C, 0x8C, 0x01, 0x0E, 0x85, 0x85, 0xCB, 0x52, 0xCB, 0x52 ; file 1B6D77
db 0x17, 0x52, 0x85, 0x85, 0xAF, 0x0E, 0x36, 0x0E, 0xAF, 0x0E, 0x1D, 0x85, 0xCB, 0xCB, 0x3E, 0x85 ; file 1B6D87
db 0x17, 0x85, 0x3E, 0x85, 0x0E, 0x0E, 0x0E, 0x0E, 0x0E, 0x0E, 0x85, 0x85, 0xCB, 0x0E, 0x85, 0x85 ; file 1B6D97
db 0x85, 0x85, 0x85, 0x85, 0xAF, 0xAF, 0xAF, 0x0F, 0x17, 0x17, 0x17, 0x85, 0x02, 0x02, 0x02, 0x85 ; file 1B6DA7
db 0x17, 0x17, 0x17, 0x85, 0xAF, 0x51, 0x85, 0x85, 0x17, 0x85, 0x85, 0x85, 0x02, 0x51, 0x85, 0x85 ; file 1B6DB7
db 0x17, 0x85, 0x85, 0x85, 0xAF, 0xAF, 0xAF, 0x0F, 0xAF, 0x85, 0x1D, 0x85, 0xAF, 0x85, 0x3E, 0x85 ; file 1B6DC7
db 0x17, 0x85, 0x3E, 0x85, 0xAF, 0x0E, 0x85, 0x85, 0x85, 0x85, 0x85, 0x85, 0x85, 0x85, 0x85, 0x85 ; file 1B6DD7
db 0x85, 0x85, 0x85, 0x85, 0x11, 0x11, 0x11, 0x11, 0x11, 0x11, 0x11, 0x44, 0xCB, 0xCB, 0xCB, 0x44 ; file 1B6DE7
db 0xCB, 0x44, 0x44, 0x44, 0xDA, 0xDA, 0xDA, 0x1C, 0xCE, 0xCE, 0xCE, 0x8B, 0xCB, 0x3A, 0xCB, 0xB0 ; file 1B6DF7
db 0xCE, 0xCE, 0xCE, 0xB0, 0x11, 0x0E, 0x36, 0x1C, 0x11, 0x0E, 0x36, 0x8B, 0xCB, 0xCB, 0xCB, 0xB7 ; file 1B6E07
db 0xCB, 0x44, 0x3E, 0x44, 0xDA, 0x0E, 0x1C, 0x1C, 0xCE, 0x0E, 0x8B, 0x8B, 0xCB, 0x0E, 0xB7, 0xB7 ; file 1B6E17
db 0xCE, 0xCE, 0xCE, 0x85, 0x11, 0x11, 0x11, 0x08, 0x2D, 0x2D, 0x2D, 0x44, 0xCB, 0xCB, 0xCB, 0x44 ; file 1B6E27
db 0x17, 0xAE, 0x17, 0x44, 0xDA, 0xDA, 0xDA, 0x08, 0xCE, 0x53, 0x1B, 0x08, 0xCB, 0x3A, 0xAB, 0xAB ; file 1B6E37
db 0xCE, 0xBD, 0xCE, 0x85, 0xAF, 0x08, 0x08, 0x08, 0x03, 0xA6, 0x16, 0x08, 0xCB, 0xA6, 0x3E, 0xAB ; file 1B6E47
db 0x03, 0xA6, 0x3E, 0x85, 0x12, 0x08, 0x08, 0x08, 0x12, 0x08, 0x1B, 0x08, 0x12, 0xAB, 0xAB, 0xAB ; file 1B6E57
db 0xCE, 0x85, 0x04, 0x85, 0xCB, 0xCB, 0xCB, 0xCB, 0xCB, 0xCB, 0xCB, 0x44, 0xCB, 0xCB, 0xCB, 0xCB ; file 1B6E67
db 0xCB, 0xCB, 0xCB, 0x44, 0xC9, 0x3A, 0xC9, 0x8C, 0xC9, 0x3A, 0xA4, 0xA4, 0xCB, 0x3A, 0xCB, 0x3A ; file 1B6E77
db 0xCB, 0x3A, 0xCB, 0x85, 0xCB, 0xCB, 0xCB, 0x1C, 0xCB, 0xA4, 0x1D, 0xA4, 0xCB, 0xCB, 0xCB, 0xCB ; file 1B6E87
db 0xCB, 0xA6, 0x3E, 0x85, 0x12, 0x0E, 0x12, 0x1C, 0x12, 0xA4, 0xA4, 0xA4, 0xCB, 0x3A, 0xCB, 0x85 ; file 1B6E97
db 0xCB, 0x85, 0x04, 0x85, 0xCB, 0xCB, 0xCB, 0xCB, 0x17, 0xAE, 0x17, 0x09, 0xCB, 0xCB, 0xCB, 0xCB ; file 1B6EA7
db 0x17, 0xAE, 0x17, 0x85, 0x12, 0x12, 0x12, 0x08, 0x12, 0xBD, 0x04, 0x09, 0xCB, 0x3A, 0xCB, 0x85 ; file 1B6EB7
db 0x17, 0xBD, 0x04, 0x85, 0xAF, 0xAF, 0xAF, 0x08, 0x03, 0xA6, 0x1D, 0x09, 0xCB, 0xA6, 0x3E, 0x85 ; file 1B6EC7
db 0x03, 0xA6, 0x3E, 0x85, 0x12, 0x12, 0x12, 0x08, 0x12, 0x09, 0x04, 0x09, 0x12, 0x85, 0x04, 0x85 ; file 1B6ED7
db 0x03, 0x85, 0x04, 0x85, 0x10, 0x10, 0x10, 0xCA, 0x10, 0x10, 0x10, 0x98, 0x10, 0x10, 0x10, 0x98 ; file 1B6EE7
db 0x10, 0x98, 0x98, 0x98, 0x10, 0x35, 0xCA, 0xCA, 0x10, 0x35, 0xCA, 0xCA, 0x10, 0x9D, 0xCA, 0xCA ; file 1B6EF7
db 0x10, 0x98, 0x98, 0x98, 0x10, 0x10, 0x10, 0xCA, 0x10, 0x10, 0xD9, 0x98, 0x10, 0x10, 0x10, 0x98 ; file 1B6F07
db 0x10, 0x98, 0x98, 0x98, 0x10, 0x0E, 0x2E, 0xCA, 0x10, 0xC5, 0xC5, 0xC5, 0x10, 0x9D, 0x2E, 0xAD ; file 1B6F17
db 0x10, 0x38, 0x38, 0x38, 0x10, 0x10, 0x10, 0xCA, 0x10, 0x10, 0x10, 0x98, 0x10, 0x10, 0x10, 0x98 ; file 1B6F27
db 0x10, 0x98, 0x98, 0x98, 0x10, 0x35, 0xCA, 0xCA, 0x10, 0x53, 0xC5, 0xC5, 0x10, 0x9D, 0xCA, 0xCA ; file 1B6F37
db 0xB6, 0xB6, 0x98, 0x98, 0x10, 0x10, 0x10, 0xC5, 0x10, 0xC5, 0xBA, 0xC5, 0x10, 0xCF, 0xCF, 0xCF ; file 1B6F47
db 0xCF, 0xCF, 0xCF, 0xCF, 0xC4, 0xC4, 0xC4, 0xC5, 0xC4, 0xC5, 0xC5, 0xC5, 0xC4, 0x9D, 0xC4, 0xC5 ; file 1B6F57
db 0xC4, 0xC5, 0xC5, 0xC5, 0x10, 0x10, 0x10, 0xCA, 0x10, 0x10, 0x10, 0x98, 0x2C, 0x9B, 0x2C, 0x98 ; file 1B6F67
db 0x2C, 0x98, 0x98, 0x98, 0x10, 0x35, 0xCA, 0xCA, 0x10, 0x35, 0xCA, 0xCA, 0x2C, 0x96, 0x2C, 0xAD ; file 1B6F77
db 0x2C, 0xB6, 0x98, 0x98, 0x10, 0x10, 0x10, 0xAD, 0x10, 0x10, 0xD9, 0x5A, 0x2C, 0x9B, 0x2C, 0xAD ; file 1B6F87
db 0x2C, 0x5A, 0x3E, 0x5A, 0xC4, 0xC4, 0xC4, 0xAD, 0xC4, 0xC4, 0xC4, 0xC5, 0xC4, 0xAD, 0xAD, 0xAD ; file 1B6F97
db 0xC4, 0xDB, 0xDB, 0xDB, 0x10, 0x10, 0x10, 0xCA, 0x37, 0x37, 0x37, 0x39, 0x2C, 0x9B, 0x2C, 0x39 ; file 1B6FA7
db 0x17, 0xB6, 0x17, 0x39, 0xC4, 0xC4, 0xC4, 0xCA, 0xC4, 0xB6, 0xC4, 0xC5, 0xC4, 0xB6, 0xC4, 0xDB ; file 1B6FB7
db 0xB6, 0xB6, 0xDB, 0xDB, 0xC4, 0xC4, 0xC4, 0x4E, 0xC4, 0x5A, 0x3E, 0x5A, 0xC4, 0x5A, 0x3E, 0x5A ; file 1B6FC7
db 0x17, 0x5A, 0x3E, 0x5A, 0xC4, 0xC4, 0xC4, 0xC4, 0xC4, 0xC4, 0xC4, 0xC5, 0xC4, 0xC4, 0xC4, 0xDB ; file 1B6FD7
db 0xC4, 0xDB, 0xDB, 0xDB, 0x10, 0x35, 0x10, 0x35, 0x10, 0x35, 0xD9, 0x98, 0x10, 0x9D, 0x10, 0x98 ; file 1B6FE7
db 0x10, 0x98, 0x98, 0x98, 0x35, 0x35, 0x35, 0x35, 0x35, 0x35, 0xA1, 0xA1, 0x9D, 0x9D, 0x9D, 0x9D ; file 1B6FF7
db 0x9D, 0x9D, 0xA1, 0xA1, 0x10, 0x35, 0xC3, 0xC3, 0x25, 0x25, 0xD9, 0x8B, 0x10, 0x9D, 0xC3, 0x38 ; file 1B7007
db 0x0C, 0x38, 0xD9, 0x38, 0x35, 0x35, 0xC3, 0x35, 0x25, 0x35, 0x8B, 0x8B, 0x9D, 0x9D, 0x38, 0x38 ; file 1B7017
db 0x38, 0x38, 0x38, 0x38, 0x10, 0x35, 0x10, 0x35, 0x10, 0x53, 0xD2, 0x53, 0x10, 0x9D, 0x10, 0x98 ; file 1B7027
db 0x0C, 0xB6, 0x98, 0x98, 0x35, 0x35, 0x35, 0x35, 0x53, 0x53, 0x53, 0x53, 0x9D, 0x9D, 0x9D, 0x9D ; file 1B7037
db 0xB6, 0xB6, 0xA1, 0xA1, 0x10, 0x35, 0xC3, 0xC3, 0x0C, 0x53, 0xD2, 0xC5, 0x0C, 0x9D, 0xC3, 0xCF ; file 1B7047
db 0x0C, 0xCF, 0xCF, 0xCF, 0xC4, 0x35, 0xC3, 0xC5, 0x53, 0x53, 0xC5, 0xC5, 0x40, 0x9D, 0x8A, 0x8A ; file 1B7057
db 0x0C, 0x8A, 0x8A, 0x8A, 0x10, 0x35, 0x10, 0x35, 0x10, 0x35, 0xD9, 0x98, 0x2C, 0x96, 0x2C, 0x96 ; file 1B7067
db 0x2C, 0xB6, 0x98, 0x98, 0xC9, 0x35, 0xC9, 0x35, 0xC9, 0x35, 0xA1, 0xA1, 0x96, 0x96, 0x96, 0x96 ; file 1B7077
db 0x8F, 0xB6, 0xA1, 0xA1, 0x10, 0x35, 0xC3, 0x47, 0x25, 0x25, 0xD9, 0x8B, 0x2C, 0x96, 0xC3, 0xAD ; file 1B7087
db 0x03, 0xAA, 0xD9, 0x38, 0xC4, 0x35, 0x47, 0x47, 0xC4, 0x35, 0x8B, 0x8B, 0x40, 0x96, 0xAD, 0xAD ; file 1B7097
db 0x8F, 0xAA, 0x38, 0x38, 0x10, 0x35, 0x10, 0x35, 0x37, 0xB6, 0x37, 0xB6, 0xD6, 0xB6, 0xD6, 0xB6 ; file 1B70A7
db 0xB6, 0xB6, 0x8E, 0xB6, 0xC4, 0x35, 0xC4, 0x35, 0xB6, 0xB6, 0xB6, 0xB6, 0xB6, 0xB6, 0xB6, 0xB6 ; file 1B70B7
db 0xB6, 0xB6, 0xB6, 0xB6, 0xC4, 0x46, 0xC3, 0x3B, 0xC4, 0xB6, 0xD2, 0x3B, 0x40, 0xB6, 0x3B, 0x3B ; file 1B70C7
db 0x03, 0xB6, 0x3B, 0x3B, 0xC4, 0x46, 0xC4, 0x3B, 0xC4, 0xB6, 0x3B, 0x3B, 0x40, 0xB6, 0x3B, 0x3B ; file 1B70D7
db 0xB6, 0xB6, 0x3B, 0x3B, 0x10, 0x10, 0x10, 0xCA, 0x10, 0x10, 0xD9, 0x98, 0x10, 0x10, 0x10, 0x98 ; file 1B70E7
db 0x10, 0x98, 0x98, 0x98, 0x28, 0x0E, 0x28, 0xCA, 0x28, 0x0E, 0x28, 0xCA, 0x28, 0x9D, 0x28, 0xCA ; file 1B70F7
db 0xCE, 0x38, 0x38, 0x38, 0x10, 0x0E, 0xC3, 0xC3, 0xD9, 0x0E, 0xD9, 0xD9, 0x10, 0x0E, 0xC3, 0x38 ; file 1B7107
db 0x0C, 0x38, 0xD9, 0x38, 0x0E, 0x0E, 0xC3, 0x0E, 0x0E, 0x0E, 0xD7, 0x38, 0x0E, 0x0E, 0x38, 0x38 ; file 1B7117
db 0x38, 0x38, 0x38, 0x38, 0x10, 0x10, 0x10, 0xCA, 0xC2, 0xC2, 0xC2, 0x4C, 0x24, 0x24, 0x24, 0x24 ; file 1B7127
db 0x24, 0x24, 0x24, 0x98, 0x28, 0x0E, 0x28, 0xCA, 0xC2, 0x53, 0xC2, 0xC5, 0x24, 0x24, 0x24, 0x8A ; file 1B7137
db 0x24, 0x8A, 0x8A, 0x8A, 0x10, 0x0E, 0xC3, 0x4C, 0xC2, 0x4C, 0xD2, 0x4C, 0x24, 0x24, 0x24, 0xCF ; file 1B7147
db 0x0C, 0xCF, 0xCF, 0xCF, 0xC4, 0x0E, 0xC3, 0xC5, 0xC2, 0xC5, 0xC5, 0xC5, 0x24, 0x0E, 0x8A, 0x8A ; file 1B7157
db 0x0C, 0x8A, 0x8A, 0x8A, 0x10, 0x10, 0x10, 0xCA, 0x10, 0x10, 0xD9, 0x98, 0x2C, 0x9B, 0x2C, 0x98 ; file 1B7167
db 0x2C, 0x98, 0x98, 0x98, 0x28, 0x0E, 0x28, 0xCA, 0x28, 0x0E, 0x28, 0xCA, 0x28, 0x3A, 0x28, 0xA5 ; file 1B7177
db 0x8F, 0x8F, 0x8F, 0x38, 0x10, 0x0E, 0xC3, 0xC3, 0xD9, 0x0E, 0xD9, 0xD9, 0x2C, 0x9B, 0xC3, 0xAD ; file 1B7187
db 0x03, 0xAA, 0xD9, 0x38, 0xC4, 0x0E, 0xC3, 0x0E, 0xC4, 0x0E, 0xD7, 0x38, 0xC4, 0x0E, 0xAD, 0xAD ; file 1B7197
db 0x8F, 0xAA, 0x38, 0x38, 0x02, 0x02, 0x02, 0xA5, 0xC2, 0xC2, 0xC2, 0x39, 0x02, 0x02, 0x02, 0xA5 ; file 1B71A7
db 0x02, 0xAE, 0x02, 0x39, 0xC4, 0x46, 0xC4, 0xA5, 0xC2, 0xB6, 0xA7, 0xA7, 0x02, 0xA5, 0xA5, 0xA5 ; file 1B71B7
db 0x8F, 0xB6, 0xA7, 0xA7, 0xC4, 0x46, 0xC3, 0x46, 0xC2, 0x46, 0xD2, 0x4C, 0x02, 0x02, 0x02, 0x5A ; file 1B71C7
db 0x03, 0x5A, 0x3E, 0x5A, 0xC4, 0x46, 0xC4, 0x46, 0xC4, 0x46, 0xA7, 0xA7, 0xC4, 0x46, 0xA7, 0xA7 ; file 1B71D7
db 0xA7, 0xA7, 0xA7, 0xA7, 0x06, 0x35, 0xC3, 0xC3, 0xD9, 0x35, 0xD9, 0xD9, 0x06, 0x9D, 0xC1, 0x38 ; file 1B71E7
db 0xC1, 0x38, 0xC1, 0x38, 0x06, 0x35, 0x06, 0x35, 0x06, 0x35, 0xD7, 0x38, 0x06, 0x9D, 0x06, 0x38 ; file 1B71F7
db 0xCE, 0x38, 0x38, 0x38, 0xC3, 0x07, 0xC3, 0xC3, 0xD9, 0xD9, 0xD9, 0xD9, 0xC3, 0x07, 0xC3, 0x38 ; file 1B7207
db 0x0C, 0x38, 0xD9, 0x38, 0x06, 0x07, 0xC3, 0x07, 0xD7, 0x07, 0xD7, 0x38, 0x06, 0x07, 0x38, 0x38 ; file 1B7217
db 0x38, 0x38, 0x38, 0x38, 0x06, 0x35, 0xC3, 0xC3, 0xC2, 0x53, 0xD2, 0x8A, 0x24, 0x24, 0x24, 0x8A ; file 1B7227
db 0x0C, 0x0C, 0xC1, 0x8A, 0x06, 0x35, 0x06, 0x08, 0x06, 0x53, 0x8A, 0x8A, 0x06, 0x9D, 0x8A, 0x8A ; file 1B7237
db 0xCE, 0x8A, 0x8A, 0x8A, 0xC3, 0x07, 0xC3, 0xC3, 0x0C, 0x0C, 0xD2, 0x8A, 0x0C, 0x0C, 0xC3, 0x8A ; file 1B7247
db 0x0C, 0x0C, 0x0C, 0x8A, 0xB2, 0x07, 0xC3, 0x08, 0x0C, 0x8A, 0x8A, 0x8A, 0x0C, 0x8A, 0x8A, 0x8A ; file 1B7257
db 0x0C, 0x8A, 0x8A, 0x8A, 0x06, 0x35, 0xC3, 0xC3, 0x8F, 0x35, 0xD9, 0xB3, 0xCB, 0x3A, 0xC1, 0xB3 ; file 1B7267
db 0x8F, 0x8F, 0xC1, 0xB3, 0x06, 0x35, 0x06, 0x35, 0x8F, 0x35, 0x8F, 0x38, 0x8F, 0x3A, 0x8F, 0x38 ; file 1B7277
db 0x8F, 0x8F, 0x8F, 0x38, 0xC3, 0x07, 0xC3, 0xC3, 0xD9, 0xAA, 0xD9, 0xD9, 0xC3, 0xAA, 0xC3, 0x38 ; file 1B7287
db 0x03, 0xAA, 0xD9, 0x38, 0x06, 0x07, 0xC3, 0x07, 0x8F, 0xAA, 0xD7, 0x38, 0x8F, 0xAA, 0x38, 0x38 ; file 1B7297
db 0x8F, 0xAA, 0x38, 0x38, 0xD4, 0x46, 0xC3, 0x46, 0x1A, 0xAE, 0xD2, 0x09, 0x02, 0xAE, 0x02, 0x8A ; file 1B72A7
db 0x1A, 0xAE, 0x1A, 0x8A, 0x06, 0x46, 0x06, 0x46, 0x8F, 0xB6, 0xA9, 0x09, 0x8F, 0xB6, 0xA9, 0x8A ; file 1B72B7
db 0x8F, 0xB6, 0xA9, 0x8A, 0x12, 0x46, 0xC3, 0x46, 0x03, 0x46, 0xD2, 0x09, 0x03, 0x46, 0xC3, 0x8A ; file 1B72C7
db 0x03, 0xA6, 0x03, 0x8A, 0x12, 0x46, 0x12, 0x46, 0x12, 0x46, 0x04, 0x09, 0x12, 0x46, 0x04, 0x8A ; file 1B72D7
db 0x03, 0x8A, 0x04, 0x8A, 0x10, 0x10, 0x10, 0xCA, 0x10, 0x10, 0x10, 0x98, 0x10, 0x10, 0x10, 0x98 ; file 1B72E7
db 0x10, 0x98, 0x98, 0x98, 0x10, 0x0E, 0xCA, 0xCA, 0x10, 0x53, 0xB0, 0xB0, 0x10, 0x9D, 0xB0, 0xB0 ; file 1B72F7
db 0xCE, 0xB0, 0xB0, 0xB0, 0x10, 0x29, 0x10, 0x29, 0x10, 0x29, 0xD9, 0x29, 0x10, 0x29, 0x10, 0x29 ; file 1B7307
db 0x10, 0x29, 0x3E, 0x98, 0x0E, 0x0E, 0x0E, 0x0E, 0x0E, 0x0E, 0xC5, 0xC5, 0x0E, 0x0E, 0x0E, 0x0E ; file 1B7317
db 0xCE, 0x0E, 0xB0, 0xB0, 0x10, 0x10, 0x10, 0x0F, 0x3C, 0x3C, 0x3C, 0x39, 0x02, 0x57, 0x02, 0x39 ; file 1B7327
db 0x17, 0x17, 0x17, 0x39, 0x33, 0x53, 0x33, 0xCA, 0x3C, 0x53, 0x3C, 0x53, 0x33, 0x51, 0x33, 0xA5 ; file 1B7337
db 0x17, 0x53, 0xB0, 0xB0, 0x33, 0x29, 0x0F, 0x0F, 0x3C, 0x29, 0x16, 0xC5, 0x33, 0x29, 0x3E, 0xCF ; file 1B7347
db 0x17, 0xCF, 0x3E, 0xCF, 0x33, 0x0E, 0x33, 0xC5, 0x33, 0x53, 0xC5, 0xC5, 0x33, 0x0E, 0x33, 0xB4 ; file 1B7357
db 0x33, 0xB4, 0xB4, 0xB4, 0x01, 0x01, 0x01, 0x8C, 0x01, 0x01, 0x01, 0x39, 0x2C, 0x9B, 0x2C, 0x39 ; file 1B7367
db 0x17, 0x17, 0x17, 0x39, 0xC9, 0xC9, 0xC9, 0x8C, 0xC9, 0x53, 0xC9, 0x8C, 0xC9, 0x52, 0xC9, 0x52 ; file 1B7377
db 0x17, 0xBD, 0xB0, 0xB0, 0x01, 0x29, 0x01, 0x29, 0x01, 0x29, 0x3E, 0x8D, 0x2C, 0x29, 0x3E, 0x8D ; file 1B7387
db 0x17, 0x8D, 0x3E, 0x8D, 0xC4, 0x0E, 0xC4, 0x0E, 0xC4, 0x0E, 0xB4, 0xB4, 0xC4, 0x0E, 0xAD, 0xAD ; file 1B7397
db 0xAA, 0xAA, 0xB4, 0xB4, 0x01, 0x57, 0x01, 0x39, 0x17, 0x17, 0x17, 0x39, 0x02, 0x57, 0x02, 0x39 ; file 1B73A7
db 0x17, 0x17, 0x17, 0x39, 0xC4, 0x51, 0xC4, 0x8C, 0x17, 0x53, 0xB4, 0xB4, 0x02, 0x51, 0xA5, 0xA5 ; file 1B73B7
db 0x17, 0xBD, 0xB4, 0xB4, 0xC4, 0x29, 0x3E, 0x0F, 0x17, 0x8D, 0x3E, 0x8D, 0x02, 0x57, 0x3E, 0x8D ; file 1B73C7
db 0x17, 0x8D, 0x3E, 0x8D, 0xC4, 0xC4, 0xC4, 0xB4, 0xC4, 0xB4, 0xB4, 0xB4, 0xC4, 0xB4, 0xB4, 0xB4 ; file 1B73D7
db 0xB4, 0xB4, 0xB4, 0xB4, 0x10, 0x35, 0x10, 0x35, 0x10, 0x53, 0xC1, 0xB0, 0x10, 0x9D, 0xC1, 0xB0 ; file 1B73E7
db 0xC1, 0xB0, 0xC1, 0xB0, 0xC9, 0x35, 0xC9, 0x35, 0x53, 0x53, 0xB0, 0xB0, 0x9D, 0x9D, 0xB0, 0xB0 ; file 1B73F7
db 0xCE, 0xB0, 0xB0, 0xB0, 0x07, 0x07, 0xC3, 0x07, 0x25, 0x07, 0xD9, 0x8B, 0x07, 0x07, 0xC1, 0xB0 ; file 1B7407
db 0xC1, 0xAA, 0xC1, 0xB0, 0x07, 0x07, 0x07, 0x07, 0x07, 0x07, 0x8B, 0x8B, 0x07, 0x07, 0xB0, 0xB0 ; file 1B7417
db 0xCE, 0xAA, 0xB0, 0xB0, 0x10, 0x53, 0x10, 0x53, 0x3C, 0x53, 0x3C, 0x53, 0xD6, 0x53, 0xC1, 0xB0 ; file 1B7427
db 0x17, 0x53, 0xC1, 0xB0, 0x53, 0x53, 0x53, 0x53, 0x53, 0x53, 0x53, 0x53, 0x53, 0x53, 0xB0, 0xB0 ; file 1B7437
db 0x53, 0x53, 0xB0, 0xB0, 0x33, 0x07, 0xC3, 0x08, 0x3C, 0x53, 0xD2, 0x15, 0xD6, 0x07, 0x3E, 0xAB ; file 1B7447
db 0x03, 0x53, 0x3E, 0xCF, 0x33, 0x07, 0x08, 0x08, 0x53, 0x53, 0x15, 0x15, 0x33, 0x07, 0xAB, 0xAB ; file 1B7457
db 0x53, 0x53, 0x04, 0x8A, 0xC9, 0xC9, 0xC9, 0xC9, 0xC9, 0x53, 0xC1, 0xB0, 0xC9, 0x3A, 0xC1, 0xB0 ; file 1B7467
db 0x17, 0xBD, 0xC1, 0xB0, 0xC9, 0xC9, 0xC9, 0xC9, 0xC9, 0x53, 0xC9, 0xB0, 0xC9, 0x3A, 0xC9, 0xB0 ; file 1B7477
db 0xBD, 0xBD, 0xB0, 0xB0, 0xC9, 0x07, 0xC3, 0x07, 0xC9, 0xAA, 0xD9, 0xA4, 0xC9, 0xAA, 0x3E, 0x8D ; file 1B7487
db 0x03, 0xAA, 0x3E, 0x8D, 0xC9, 0x07, 0xC9, 0x07, 0xC9, 0xAA, 0xA4, 0xA4, 0xC9, 0xAA, 0xC9, 0xAA ; file 1B7497
db 0xAA, 0xAA, 0x04, 0xAA, 0xC9, 0x53, 0xC9, 0x39, 0x17, 0x53, 0x17, 0x39, 0xD6, 0xBD, 0xD6, 0x39 ; file 1B74A7
db 0x17, 0xBD, 0x17, 0x39, 0xC9, 0x53, 0xC9, 0x53, 0x53, 0x53, 0x53, 0x53, 0xBD, 0xBD, 0xBD, 0xBD ; file 1B74B7
db 0xBD, 0xBD, 0xBD, 0xBD, 0x12, 0x07, 0x12, 0x08, 0x03, 0x53, 0x3E, 0x09, 0xD6, 0xA6, 0x3E, 0x8D ; file 1B74C7
db 0x03, 0xA6, 0x3E, 0x8D, 0x12, 0x07, 0x12, 0x08, 0x12, 0x53, 0x04, 0x09, 0x12, 0xBD, 0x04, 0xB4 ; file 1B74D7
db 0xBD, 0xBD, 0x04, 0xB4, 0x10, 0x0E, 0x10, 0xC0, 0xC2, 0xC0, 0xC0, 0xC0, 0x02, 0x0E, 0xC1, 0x98 ; file 1B74E7
db 0xC1, 0x98, 0xC1, 0x98, 0x0E, 0x0E, 0x0E, 0x0E, 0xC2, 0x0E, 0xC0, 0xC0, 0xCE, 0x0E, 0xC1, 0x0E ; file 1B74F7
db 0xCE, 0xCE, 0xC1, 0xB0, 0x0E, 0x0E, 0xC3, 0x0E, 0xC2, 0x0E, 0xD9, 0xC0, 0x0E, 0x0E, 0xC1, 0x0E ; file 1B7507
db 0xC1, 0x0E, 0xC1, 0x38, 0x0E, 0x0E, 0x0E, 0x0E, 0x0E, 0x0E, 0x0E, 0x0E, 0x0E, 0x0E, 0x0E, 0x0E ; file 1B7517
db 0xCE, 0x0E, 0x38, 0x38, 0xC2, 0xC2, 0xC2, 0xC0, 0xC2, 0xC2, 0xC2, 0xC0, 0x02, 0x02, 0x02, 0xA5 ; file 1B7527
db 0xC2, 0xC2, 0xC1, 0x39, 0xC2, 0x0E, 0xC2, 0x08, 0xC2, 0x53, 0xC2, 0x15, 0x02, 0x0E, 0xA5, 0xA5 ; file 1B7537
db 0xC2, 0x53, 0xA7, 0xA7, 0xC2, 0x0E, 0x16, 0x08, 0xC2, 0xC2, 0x16, 0x15, 0x02, 0x0E, 0x02, 0xA7 ; file 1B7547
db 0xC2, 0xA6, 0x16, 0xA7, 0x0E, 0x0E, 0x08, 0x08, 0xC2, 0x0E, 0x15, 0x15, 0x0E, 0x0E, 0xA7, 0xA7 ; file 1B7557
db 0xA7, 0xA7, 0xA7, 0xA7, 0x01, 0x0E, 0x01, 0xC0, 0xC2, 0xC0, 0xC0, 0xC0, 0x02, 0x02, 0x02, 0xA5 ; file 1B7567
db 0x02, 0xAA, 0xC1, 0x39, 0xC9, 0x0E, 0xC9, 0x0E, 0xC2, 0x0E, 0xA7, 0xA7, 0x02, 0x3A, 0xA5, 0xA5 ; file 1B7577
db 0xCE, 0xAA, 0xA7, 0xA7, 0x0E, 0x0E, 0xC3, 0x0E, 0xC2, 0x0E, 0xD9, 0xA7, 0x02, 0x0E, 0x02, 0xA7 ; file 1B7587
db 0x03, 0xAA, 0x3E, 0xA7, 0x0E, 0x0E, 0x0E, 0x0E, 0x0E, 0x0E, 0xA7, 0xA7, 0x0E, 0x0E, 0xA7, 0xA7 ; file 1B7597
db 0xAA, 0xAA, 0xA7, 0xA7, 0x02, 0x02, 0x02, 0xA5, 0xC2, 0xC2, 0xC2, 0x39, 0x02, 0x02, 0x02, 0xA5 ; file 1B75A7
db 0x02, 0xAE, 0x02, 0x39, 0x02, 0x0E, 0xA5, 0xA5, 0xC2, 0x53, 0xA7, 0xA7, 0x02, 0xA5, 0xA5, 0xA5 ; file 1B75B7
db 0x02, 0xA7, 0xA7, 0xA7, 0xAF, 0x0E, 0xAF, 0xA7, 0xC2, 0xA6, 0x16, 0xA7, 0x02, 0x02, 0x02, 0xA7 ; file 1B75C7
db 0x03, 0xA6, 0x3E, 0xA7, 0x12, 0x0E, 0x12, 0xA7, 0x12, 0xA7, 0xA7, 0xA7, 0x02, 0xA7, 0xA7, 0xA7 ; file 1B75D7
db 0xA7, 0xA7, 0xA7, 0xA7, 0x11, 0x07, 0x11, 0x07, 0x11, 0x07, 0xC1, 0xC0, 0x11, 0x07, 0xC1, 0xC1 ; file 1B75E7
db 0xC1, 0xC1, 0xC1, 0xC1, 0x06, 0x07, 0x06, 0x07, 0xCE, 0x07, 0xC1, 0xB0, 0xCE, 0x07, 0xC1, 0xB0 ; file 1B75F7
db 0xCE, 0xCE, 0xC1, 0xB0, 0x07, 0x07, 0xC3, 0x07, 0xD9, 0x07, 0xD9, 0xD9, 0x07, 0x07, 0xC1, 0xB7 ; file 1B7607
db 0xC1, 0xAA, 0xC1, 0x38, 0x07, 0x07, 0x07, 0x07, 0x07, 0x07, 0xD7, 0x07, 0x07, 0x07, 0xB7, 0xB7 ; file 1B7617
db 0xCE, 0xAA, 0x38, 0x38, 0x11, 0x07, 0x11, 0x08, 0xC2, 0x53, 0xC1, 0x15, 0x02, 0xAE, 0xC1, 0xAB ; file 1B7627
db 0x1A, 0xAE, 0xC1, 0xC1, 0xB2, 0x07, 0x08, 0x08, 0x53, 0x53, 0x15, 0x15, 0xCE, 0x07, 0xAB, 0xAB ; file 1B7637
db 0xCE, 0x53, 0xC1, 0x8A, 0xB2, 0x07, 0xC3, 0x08, 0xC2, 0x07, 0xD2, 0x15, 0x03, 0x07, 0xAB, 0xAB ; file 1B7647
db 0x03, 0xA6, 0xC1, 0x8A, 0xB2, 0x07, 0x08, 0x08, 0xB2, 0x07, 0x15, 0x15, 0xB2, 0x07, 0xAB, 0xAB ; file 1B7657
db 0xCE, 0x8A, 0x04, 0x8A, 0x11, 0x07, 0x11, 0x07, 0x11, 0xAA, 0xC1, 0xC0, 0xCB, 0x3A, 0xC1, 0x3A ; file 1B7667
db 0x1A, 0xAA, 0xC1, 0xC1, 0xC9, 0x07, 0xC9, 0x07, 0xC9, 0xAA, 0xC1, 0x09, 0x3A, 0x3A, 0x3A, 0x3A ; file 1B7677
db 0xCE, 0xAA, 0xC1, 0xAA, 0x07, 0x07, 0xC3, 0x07, 0x03, 0xAA, 0xD9, 0x09, 0xCB, 0xAA, 0xC1, 0xAA ; file 1B7687
db 0x03, 0xAA, 0xC1, 0xAA, 0x07, 0x07, 0x07, 0x07, 0xAA, 0xAA, 0x04, 0x09, 0xAA, 0xAA, 0x04, 0xAA ; file 1B7697
db 0xAA, 0xAA, 0x04, 0xAA, 0xD4, 0xD4, 0xD4, 0xD4, 0x1A, 0xAE, 0x1A, 0x09, 0x02, 0xAE, 0x02, 0xA5 ; file 1B76A7
db 0x1A, 0xAE, 0x1A, 0xAE, 0x12, 0x07, 0x12, 0x08, 0x12, 0x53, 0x04, 0x09, 0x02, 0x3A, 0x04, 0xA5 ; file 1B76B7
db 0x1A, 0xBD, 0x04, 0xA2, 0x12, 0x07, 0x12, 0x08, 0x03, 0xA6, 0x03, 0x09, 0x03, 0xA6, 0x03, 0xA2 ; file 1B76C7
db 0x03, 0xA6, 0x03, 0xA2, 0x12, 0x07, 0x12, 0x08, 0x12, 0x09, 0x04, 0x09, 0x12, 0xAA, 0x04, 0xA2 ; file 1B76D7
db 0x03, 0xAA, 0x04, 0xA2, 0x00, 0x00, 0x00, 0xCA, 0x00, 0x00, 0x00, 0xCA, 0x00, 0x9B, 0x00, 0xCA ; file 1B76E7
db 0x00, 0x98, 0x98, 0x98, 0x00, 0xCA, 0xCA, 0xCA, 0x00, 0xCA, 0xCA, 0xCA, 0x00, 0xCA, 0xCA, 0xCA ; file 1B76F7
db 0x00, 0xB0, 0xB0, 0xB0, 0x00, 0x00, 0x00, 0xCA, 0x00, 0x00, 0x00, 0x8B, 0x00, 0x9B, 0x00, 0xAD ; file 1B7707
db 0x00, 0x98, 0x3E, 0x98, 0x00, 0xCA, 0xCA, 0xCA, 0x00, 0x8B, 0x8B, 0x8B, 0x00, 0xAD, 0xAD, 0xAD ; file 1B7717
db 0x00, 0x8B, 0x8B, 0x8B, 0x00, 0x00, 0x00, 0xCA, 0x00, 0x00, 0x00, 0xCA, 0x00, 0x9B, 0x00, 0xCA ; file 1B7727
db 0x17, 0x17, 0x17, 0x39, 0x00, 0xCA, 0xCA, 0xCA, 0x00, 0xCA, 0xCA, 0xCA, 0x00, 0xCA, 0xCA, 0xCA ; file 1B7737
db 0x17, 0xBD, 0xA3, 0xA3, 0x00, 0x00, 0x00, 0x0F, 0x00, 0xC5, 0x3E, 0xC5, 0x00, 0x9B, 0x3E, 0xCF ; file 1B7747
db 0x17, 0xCF, 0x3E, 0xCF, 0xC4, 0xCA, 0xCA, 0xCA, 0xC4, 0xC5, 0xC5, 0xC5, 0xC4, 0xA3, 0xA3, 0xA3 ; file 1B7757
db 0xA3, 0xA3, 0xA3, 0xA3, 0x00, 0x9B, 0x00, 0xCA, 0x00, 0x9B, 0x9F, 0x9F, 0x2C, 0x9B, 0x2C, 0x9B ; file 1B7767
db 0x2C, 0x9B, 0x9F, 0x9F, 0xC9, 0xCA, 0xCA, 0xCA, 0xC9, 0xCA, 0xCA, 0xCA, 0x2C, 0x96, 0x2C, 0xAD ; file 1B7777
db 0x2C, 0x96, 0x9F, 0x9F, 0x00, 0x9B, 0x00, 0xAD, 0x00, 0x9B, 0x3E, 0x9F, 0x2C, 0x9B, 0x2C, 0xAD ; file 1B7787
db 0x2C, 0x9B, 0x3E, 0x9F, 0xC4, 0xAD, 0xAD, 0xAD, 0xC4, 0x8B, 0x8B, 0x8B, 0x2C, 0xAD, 0xAD, 0xAD ; file 1B7797
db 0x2C, 0xAD, 0xAD, 0xAD, 0x00, 0x9B, 0x00, 0xCA, 0x17, 0x17, 0x17, 0x39, 0x2C, 0x9B, 0x2C, 0x39 ; file 1B77A7
db 0x17, 0x17, 0x17, 0x39, 0xC4, 0xCA, 0xCA, 0xCA, 0x17, 0xBD, 0xB4, 0xB4, 0x2C, 0x51, 0x2C, 0xA5 ; file 1B77B7
db 0x17, 0xBD, 0xB4, 0xB4, 0xC4, 0x41, 0x3E, 0x4E, 0x17, 0x8D, 0x3E, 0x8D, 0x2C, 0x9B, 0x3E, 0x8D ; file 1B77C7
db 0x17, 0x8D, 0x3E, 0x8D, 0xC4, 0x41, 0xC4, 0xAD, 0xC4, 0xB4, 0xB4, 0xB4, 0xC4, 0xAD, 0xAD, 0xAD ; file 1B77D7
db 0xB4, 0xB4, 0xB4, 0xB4, 0x00, 0x00, 0x00, 0xCA, 0x00, 0x00, 0x00, 0x8B, 0x00, 0x96, 0x00, 0xB0 ; file 1B77E7
db 0x00, 0xB0, 0xB0, 0xB0, 0xC9, 0x35, 0xCA, 0xCA, 0xC9, 0x35, 0x8B, 0x8B, 0x96, 0x96, 0xB0, 0xB0 ; file 1B77F7
db 0xB0, 0xB0, 0xB0, 0xB0, 0x00, 0x00, 0xC3, 0x8B, 0x00, 0x8B, 0x8B, 0x8B, 0x00, 0x96, 0xC3, 0x8B ; file 1B7807
db 0x00, 0x8B, 0x8B, 0x8B, 0xC9, 0x35, 0xD8, 0x8B, 0x8B, 0x8B, 0x8B, 0x8B, 0x96, 0x96, 0xD8, 0x8B ; file 1B7817
db 0x8B, 0x8B, 0x8B, 0x8B, 0x00, 0x00, 0x00, 0xCA, 0x00, 0x53, 0x00, 0x8B, 0xD6, 0x96, 0xD6, 0xA3 ; file 1B7827
db 0x17, 0xBD, 0x8E, 0xA3, 0xC9, 0x35, 0xCA, 0xCA, 0x53, 0x53, 0x8B, 0x8B, 0x96, 0x96, 0xA3, 0xA3 ; file 1B7837
db 0xBD, 0xBD, 0xA3, 0xA3, 0x00, 0x00, 0xC3, 0x08, 0x00, 0x8B, 0x8B, 0x8B, 0xD6, 0xA3, 0xA3, 0xA3 ; file 1B7847
db 0x03, 0xA3, 0xA3, 0xA3, 0x12, 0x08, 0xD8, 0x08, 0x8B, 0x8B, 0x8B, 0x8B, 0xA3, 0xA3, 0xA3, 0xA3 ; file 1B7857
db 0xA3, 0xA3, 0xA3, 0xA3, 0xC9, 0x96, 0xC9, 0xCA, 0xC9, 0x96, 0x9F, 0x9F, 0x2C, 0x96, 0x2C, 0x96 ; file 1B7867
db 0x2C, 0x96, 0x9F, 0x9F, 0xC9, 0x96, 0xC9, 0xCA, 0xC9, 0x96, 0xC9, 0x8B, 0x96, 0x96, 0x96, 0x96 ; file 1B7877
db 0x96, 0x96, 0xB0, 0xB0, 0xC9, 0x47, 0x47, 0x47, 0xC9, 0x8B, 0x8B, 0x8B, 0x2C, 0x96, 0x2C, 0xAD ; file 1B7887
db 0x03, 0x3B, 0x3B, 0x3B, 0xC9, 0x47, 0x47, 0x47, 0xC9, 0x8B, 0x8B, 0x8B, 0x96, 0x96, 0xAD, 0xAD ; file 1B7897
db 0x3B, 0x3B, 0x3B, 0x3B, 0xC9, 0x96, 0xC9, 0xCA, 0x17, 0xBD, 0x8E, 0x39, 0xD6, 0x96, 0xD6, 0x39 ; file 1B78A7
db 0x17, 0xBD, 0x8E, 0x39, 0xC9, 0x96, 0xC9, 0xCA, 0xBD, 0xBD, 0x3B, 0x3B, 0x96, 0x96, 0x3B, 0x3B ; file 1B78B7
db 0xBD, 0xBD, 0x3B, 0x3B, 0x12, 0x12, 0x12, 0x3B, 0x03, 0x3B, 0x3B, 0x3B, 0xD6, 0x3B, 0x3B, 0x3B ; file 1B78C7
db 0x03, 0x3B, 0x3B, 0x3B, 0x12, 0x12, 0x12, 0x3B, 0x12, 0x3B, 0x3B, 0x3B, 0x12, 0x3B, 0x3B, 0x3B ; file 1B78D7
db 0x3B, 0x3B, 0x3B, 0x3B, 0x00, 0x00, 0x00, 0xCA, 0x00, 0xC0, 0xC0, 0xC0, 0x00, 0x9B, 0x00, 0xCA ; file 1B78E7
db 0x00, 0x98, 0x98, 0x98, 0x00, 0xCA, 0xCA, 0xCA, 0x00, 0xCA, 0xCA, 0xCA, 0x00, 0xCA, 0xCA, 0xCA ; file 1B78F7
db 0xCE, 0xA3, 0xA3, 0xA3, 0x00, 0x00, 0xC3, 0xCA, 0x00, 0xC0, 0xD7, 0xC0, 0x00, 0x9B, 0xC3, 0xA3 ; file 1B7907
db 0x00, 0xA3, 0xA3, 0xA3, 0xD0, 0x0E, 0xD8, 0xCA, 0xD7, 0x0E, 0xD7, 0x8B, 0xD0, 0x0E, 0xD8, 0xA3 ; file 1B7917
db 0xA3, 0xA3, 0xA3, 0xA3, 0x00, 0x00, 0x00, 0xCA, 0xC2, 0xC0, 0xC0, 0xC0, 0x02, 0x02, 0x02, 0xA3 ; file 1B7927
db 0x02, 0xA3, 0xA3, 0xA3, 0x00, 0xCA, 0xCA, 0xCA, 0xC2, 0xA3, 0xA3, 0xA3, 0x02, 0xA3, 0xA3, 0xA3 ; file 1B7937
db 0xA3, 0xA3, 0xA3, 0xA3, 0x00, 0x00, 0xC3, 0x08, 0xC2, 0xA3, 0xA3, 0xA3, 0x02, 0xA3, 0xA3, 0xA3 ; file 1B7947
db 0x03, 0xA3, 0xA3, 0xA3, 0x12, 0x08, 0xD8, 0x08, 0xA3, 0xA3, 0xA3, 0xA3, 0xA3, 0xA3, 0xA3, 0xA3 ; file 1B7957
db 0xA3, 0xA3, 0xA3, 0xA3, 0x00, 0x9B, 0x00, 0xCA, 0x00, 0x9B, 0x9F, 0x9F, 0x2C, 0x9B, 0x2C, 0x9B ; file 1B7967
db 0x2C, 0x9B, 0x9F, 0x9F, 0xC9, 0xCA, 0xCA, 0xCA, 0xC9, 0xCA, 0xCA, 0xCA, 0x2C, 0x3A, 0x2C, 0xA5 ; file 1B7977
db 0x2C, 0x3A, 0x9F, 0x9F, 0x00, 0x9B, 0xC3, 0xAD, 0x00, 0x9B, 0xD7, 0x9F, 0x2C, 0x9B, 0xD3, 0xAD ; file 1B7987
db 0x03, 0x9B, 0x3E, 0x9F, 0x12, 0x0E, 0xD8, 0xAD, 0xD7, 0xA7, 0xD7, 0xA7, 0x2C, 0xAD, 0xAD, 0xAD ; file 1B7997
db 0xA7, 0xA7, 0xA7, 0xA7, 0x02, 0x02, 0x02, 0xA5, 0x02, 0xAE, 0x02, 0x39, 0x02, 0x02, 0x02, 0xA5 ; file 1B79A7
db 0x02, 0xAE, 0x02, 0x39, 0x02, 0xA5, 0xA5, 0xA5, 0x02, 0xA7, 0xA7, 0xA7, 0x02, 0xA5, 0xA5, 0xA5 ; file 1B79B7
db 0x02, 0xA7, 0xA7, 0xA7, 0xAF, 0xAF, 0xAF, 0x4E, 0x03, 0xA6, 0x1D, 0xA7, 0x02, 0x02, 0x02, 0xA7 ; file 1B79C7
db 0x03, 0xA6, 0x3E, 0xA7, 0x12, 0x12, 0x12, 0xA7, 0x12, 0xA7, 0xA7, 0xA7, 0x02, 0xA7, 0xA7, 0xA7 ; file 1B79D7
db 0xA7, 0xA7, 0xA7, 0xA7, 0x11, 0x11, 0x11, 0xCA, 0x11, 0x11, 0xD7, 0xC0, 0x11, 0x11, 0x11, 0xDC ; file 1B79E7
db 0x11, 0xDC, 0xC1, 0xDC, 0x06, 0x35, 0xD8, 0xCA, 0xD7, 0x35, 0xD7, 0x8B, 0x06, 0x3A, 0xD8, 0xA3 ; file 1B79F7
db 0xCE, 0xA3, 0xA3, 0xA3, 0x11, 0x07, 0xC3, 0x1C, 0xD7, 0x8B, 0xD7, 0x8B, 0x11, 0xA3, 0xC3, 0xA3 ; file 1B7A07
db 0x03, 0xA3, 0xA3, 0xA3, 0xD0, 0x07, 0xD8, 0x1C, 0xD7, 0x8B, 0xD7, 0x8B, 0xD0, 0xA3, 0xD8, 0xA3 ; file 1B7A17
db 0xA3, 0xA3, 0xA3, 0xA3, 0x11, 0x11, 0x11, 0x08, 0x11, 0xA3, 0xA3, 0xA3, 0x02, 0xA3, 0xA3, 0xA3 ; file 1B7A27
db 0x1A, 0xA3, 0xA3, 0xA3, 0x06, 0x08, 0xD8, 0x08, 0xA3, 0xA3, 0xA3, 0xA3, 0xA3, 0xA3, 0xA3, 0xA3 ; file 1B7A37
db 0xA3, 0xA3, 0xA3, 0xA3, 0x11, 0x08, 0xC3, 0x08, 0x03, 0xA3, 0xA3, 0xA3, 0x03, 0xA3, 0xA3, 0xA3 ; file 1B7A47
db 0x03, 0xA3, 0xA3, 0xA3, 0x12, 0x08, 0xD8, 0x08, 0xA3, 0xA3, 0xA3, 0xA3, 0xA3, 0xA3, 0xA3, 0xA3 ; file 1B7A57
db 0xA3, 0xA3, 0xA3, 0xA3, 0x11, 0x11, 0x11, 0xB3, 0x11, 0xAE, 0xB3, 0xB3, 0xCB, 0x3A, 0xCB, 0xB3 ; file 1B7A67
db 0x1A, 0xAE, 0xB3, 0xB3, 0xC9, 0x3A, 0xC9, 0xCA, 0xC9, 0x3A, 0xD7, 0x09, 0x3A, 0x3A, 0x3A, 0x3A ; file 1B7A77
db 0x8F, 0x3A, 0xA9, 0xA3, 0x11, 0x07, 0xC3, 0x1C, 0x03, 0xA6, 0xD7, 0x09, 0xCB, 0x3A, 0xBC, 0xBC ; file 1B7A87
db 0x03, 0xA6, 0x03, 0xA3, 0x12, 0x07, 0xD8, 0x1C, 0xD7, 0x09, 0xD7, 0x09, 0x12, 0x3A, 0xBC, 0xBC ; file 1B7A97
db 0x03, 0xA3, 0x04, 0xA3, 0xD4, 0xD4, 0xD4, 0xD4, 0x1A, 0xAE, 0x1A, 0x09, 0x02, 0xAE, 0x02, 0xA3 ; file 1B7AA7
db 0x1A, 0xAE, 0x1A, 0xA3, 0x12, 0x12, 0x12, 0x08, 0x12, 0xBD, 0xA9, 0x09, 0x02, 0x3A, 0xA9, 0xA3 ; file 1B7AB7
db 0x1A, 0xBD, 0xA9, 0xA3, 0x12, 0x12, 0x12, 0x08, 0x03, 0xA6, 0x03, 0x09, 0x03, 0xA6, 0x03, 0xA3 ; file 1B7AC7
db 0x03, 0xA6, 0x03, 0xA3, 0x12, 0x12, 0x12, 0x08, 0x12, 0x09, 0x04, 0x09, 0x12, 0xA3, 0x04, 0xA3 ; file 1B7AD7
db 0x03, 0xA3, 0x04, 0xA3, 0xA0, 0xA0, 0xA0, 0xCA, 0xA0, 0xA0, 0xA0, 0xC0, 0xA0, 0x9B, 0xA0, 0xB0 ; file 1B7AE7
db 0x17, 0xB0, 0xC6, 0xB0, 0xA0, 0xCA, 0xCA, 0xCA, 0xA0, 0xB0, 0xB0, 0xB0, 0xA0, 0x52, 0xB0, 0xB0 ; file 1B7AF7
db 0xB0, 0xB0, 0xB0, 0xB0, 0xA0, 0x29, 0xA0, 0x0F, 0xA0, 0x29, 0x3E, 0xC0, 0xA0, 0x29, 0x3E, 0x0F ; file 1B7B07
db 0x17, 0x8D, 0x3E, 0x8D, 0xA0, 0x0E, 0xCA, 0xCA, 0xA0, 0x0E, 0x8B, 0x8B, 0xA0, 0x0E, 0xAD, 0xAD ; file 1B7B17
db 0xB0, 0xB0, 0xB0, 0xB0, 0xA0, 0xA0, 0xA0, 0x0F, 0x17, 0x17, 0x17, 0x39, 0x02, 0x02, 0x02, 0x39 ; file 1B7B27
db 0x17, 0x17, 0x17, 0x39, 0xA0, 0xCA, 0xCA, 0xCA, 0x17, 0x53, 0xB0, 0xB0, 0x02, 0x51, 0xA5, 0xA5 ; file 1B7B37
db 0x17, 0xBD, 0xB0, 0xB0, 0xA0, 0x0F, 0x0F, 0x0F, 0x17, 0x0F, 0x3E, 0x0F, 0x02, 0x0F, 0x3E, 0x0F ; file 1B7B47
db 0x17, 0x8D, 0x3E, 0x8D, 0x33, 0x08, 0x08, 0x08, 0x33, 0xB4, 0xB4, 0xB4, 0x33, 0xB4, 0xB4, 0xB4 ; file 1B7B57
db 0xB4, 0xB4, 0xB4, 0xB4, 0x01, 0x01, 0x01, 0x8C, 0x01, 0x01, 0x01, 0x39, 0x2C, 0x9B, 0x2C, 0x39 ; file 1B7B67
db 0x17, 0x17, 0x17, 0x39, 0xC9, 0xC9, 0xC9, 0x8C, 0xC9, 0xBD, 0xC9, 0x8C, 0xC9, 0x52, 0xC9, 0x52 ; file 1B7B77
db 0x17, 0xBD, 0xB0, 0xB0, 0x01, 0x01, 0x01, 0x0F, 0x01, 0x8D, 0x3E, 0x8D, 0x2C, 0x9B, 0x3E, 0x8D ; file 1B7B87
db 0x17, 0x8D, 0x3E, 0x8D, 0xC9, 0xC9, 0xC9, 0x8C, 0xC9, 0xB4, 0xB4, 0xB4, 0xC9, 0x52, 0xAD, 0xAD ; file 1B7B97
db 0xB4, 0xB4, 0xB4, 0xB4, 0x01, 0x01, 0x01, 0x39, 0x17, 0x17, 0x17, 0x39, 0x02, 0x02, 0x02, 0x39 ; file 1B7BA7
db 0x17, 0x17, 0x17, 0x39, 0xC9, 0x51, 0xC9, 0x8C, 0x17, 0xBD, 0xB4, 0xB4, 0x02, 0x51, 0xA5, 0xA5 ; file 1B7BB7
db 0x17, 0xBD, 0xB4, 0xB4, 0xAF, 0x0F, 0x3E, 0x0F, 0x17, 0x8D, 0x3E, 0x8D, 0x02, 0x8D, 0x3E, 0x8D ; file 1B7BC7
db 0x17, 0x8D, 0x3E, 0x8D, 0x12, 0xB4, 0xB4, 0xB4, 0xB4, 0xB4, 0xB4, 0xB4, 0xB4, 0xB4, 0xB4, 0xB4 ; file 1B7BD7
db 0xB4, 0xB4, 0xB4, 0xB4, 0x11, 0x11, 0x11, 0xB0, 0x11, 0xB0, 0xB0, 0xB0, 0x11, 0xB0, 0xB0, 0xB0 ; file 1B7BE7
db 0xB0, 0xB0, 0xB0, 0xB0, 0xC9, 0xC9, 0xC9, 0xB0, 0xC9, 0xB0, 0xB0, 0xB0, 0xC9, 0xB0, 0xB0, 0xB0 ; file 1B7BF7
db 0xB0, 0xB0, 0xB0, 0xB0, 0x11, 0x07, 0x11, 0x1C, 0x11, 0x8B, 0x8B, 0x8B, 0x11, 0xB0, 0xB0, 0xB0 ; file 1B7C07
db 0x03, 0xB0, 0xB0, 0xB0, 0xC9, 0x07, 0x1C, 0x1C, 0xC9, 0x8B, 0x8B, 0x8B, 0xC9, 0xB0, 0xB0, 0xB0 ; file 1B7C17
db 0xB0, 0xB0, 0xB0, 0xB0, 0x11, 0x11, 0x11, 0x08, 0x11, 0x53, 0xB0, 0xB0, 0xD6, 0xBD, 0xD6, 0xB0 ; file 1B7C27
db 0x17, 0xBD, 0xB0, 0xB0, 0xC9, 0x53, 0xC9, 0x08, 0x53, 0x53, 0xB0, 0xB0, 0xBD, 0xBD, 0xB0, 0xB0 ; file 1B7C37
db 0xBD, 0xBD, 0xB0, 0xB0, 0x11, 0x08, 0x08, 0x08, 0x03, 0x53, 0x3E, 0x08, 0xD6, 0xA6, 0x3E, 0xAB ; file 1B7C47
db 0x03, 0xA6, 0x3E, 0x8D, 0x12, 0x08, 0x08, 0x08, 0x12, 0x53, 0x04, 0x08, 0x12, 0xAB, 0xAB, 0xAB ; file 1B7C57
db 0xBD, 0xBD, 0x04, 0xA3, 0xC9, 0xC9, 0xC9, 0xC9, 0xC9, 0xBD, 0xC9, 0xB0, 0xC9, 0x3A, 0xC9, 0xB0 ; file 1B7C67
db 0x17, 0xBD, 0xB0, 0xB0, 0xC9, 0xC9, 0xC9, 0xC9, 0xC9, 0xBD, 0xC9, 0xB0, 0xC9, 0x3A, 0xC9, 0xB0 ; file 1B7C77
db 0xBD, 0xBD, 0xB0, 0xB0, 0xC9, 0xC9, 0xC9, 0x1C, 0xC9, 0xA4, 0x3E, 0xA4, 0xC9, 0x3A, 0x3E, 0x8D ; file 1B7C87
db 0x03, 0xA6, 0x3E, 0x8D, 0xC9, 0xC9, 0xC9, 0x1C, 0xC9, 0xA4, 0xA4, 0xA4, 0xC9, 0x3A, 0xC9, 0xAD ; file 1B7C97
db 0xBD, 0xBD, 0x04, 0xB0, 0xC9, 0xBD, 0xC9, 0x39, 0x17, 0xBD, 0x17, 0x39, 0xD6, 0xBD, 0xD6, 0x39 ; file 1B7CA7
db 0x17, 0xBD, 0x17, 0x39, 0xC9, 0xBD, 0xC9, 0xBD, 0xBD, 0xBD, 0xBD, 0xBD, 0xBD, 0xBD, 0xBD, 0xBD ; file 1B7CB7
db 0xBD, 0xBD, 0xBD, 0xBD, 0x12, 0x12, 0x12, 0x08, 0x03, 0xA6, 0x3E, 0x09, 0xD6, 0xA6, 0x3E, 0x8D ; file 1B7CC7
db 0x03, 0xA6, 0x3E, 0x8D, 0x12, 0x12, 0x12, 0x08, 0x12, 0xBD, 0x04, 0x09, 0x12, 0xBD, 0x04, 0xB4 ; file 1B7CD7
db 0xBD, 0xBD, 0x04, 0xB4, 0x11, 0x11, 0x11, 0xC0, 0x11, 0xC0, 0xC0, 0xC0, 0x02, 0x02, 0x02, 0xC0 ; file 1B7CE7
db 0x02, 0xC0, 0xC0, 0xC0, 0x11, 0x0E, 0xCA, 0xCA, 0x11, 0xC0, 0xC0, 0xC0, 0x02, 0x3A, 0xA5, 0xA5 ; file 1B7CF7
db 0xCE, 0xB0, 0xB0, 0xB0, 0x11, 0x0E, 0x36, 0x1C, 0x11, 0xC0, 0xC0, 0xC0, 0x02, 0x0E, 0x36, 0xB7 ; file 1B7D07
db 0x03, 0xA6, 0x3E, 0xA7, 0x0E, 0x0E, 0x1C, 0x1C, 0x0E, 0x0E, 0xD7, 0x1C, 0x0E, 0x0E, 0xB7, 0xB7 ; file 1B7D17
db 0xA7, 0xA7, 0xA7, 0xA7, 0x02, 0x02, 0x02, 0xC0, 0xC2, 0xC0, 0xC0, 0xC0, 0x02, 0x02, 0x02, 0xA5 ; file 1B7D27
db 0x02, 0xAE, 0x02, 0x39, 0x02, 0x08, 0x08, 0x08, 0xC2, 0x53, 0xA7, 0xA7, 0x02, 0xA5, 0xA5, 0xA5 ; file 1B7D37
db 0x02, 0xA7, 0xA7, 0xA7, 0xAF, 0x08, 0x08, 0x08, 0xC2, 0xA6, 0x16, 0xA7, 0x02, 0x02, 0x02, 0xA7 ; file 1B7D47
db 0x03, 0xA6, 0x3E, 0xA7, 0x12, 0x08, 0x08, 0x08, 0x12, 0xA7, 0xA7, 0xA7, 0x02, 0xA7, 0xA7, 0xA7 ; file 1B7D57
db 0xA7, 0xA7, 0xA7, 0xA7, 0x01, 0x01, 0x01, 0xC0, 0x01, 0xC0, 0xC0, 0xC0, 0x02, 0x02, 0x02, 0xA5 ; file 1B7D67
db 0x02, 0xAE, 0x02, 0x39, 0xC9, 0x3A, 0xC9, 0x8C, 0xC9, 0x3A, 0xA7, 0xA7, 0x02, 0x3A, 0xA5, 0xA5 ; file 1B7D77
db 0x02, 0x3A, 0xA7, 0xA7, 0xAF, 0x0E, 0x36, 0x1C, 0x03, 0xA6, 0x1D, 0xA7, 0x02, 0x02, 0x02, 0xA7 ; file 1B7D87
db 0x03, 0xA6, 0x3E, 0xA7, 0x12, 0x0E, 0x12, 0x1C, 0x12, 0xA7, 0xA7, 0xA7, 0x02, 0x3A, 0xA7, 0xA7 ; file 1B7D97
db 0xA7, 0xA7, 0xA7, 0xA7, 0x02, 0x02, 0x02, 0xA5, 0x02, 0xAE, 0x02, 0x39, 0x02, 0x02, 0x02, 0xA5 ; file 1B7DA7
db 0x02, 0xAE, 0x02, 0x39, 0x02, 0xA5, 0xA5, 0xA5, 0x02, 0xA7, 0xA7, 0xA7, 0x02, 0xA5, 0xA5, 0xA5 ; file 1B7DB7
db 0x02, 0xA7, 0xA7, 0xA7, 0xAF, 0xAF, 0xAF, 0xA7, 0x03, 0xA6, 0x1D, 0xA7, 0x02, 0x02, 0x02, 0xA7 ; file 1B7DC7
db 0x03, 0xA6, 0x3E, 0xA7, 0x12, 0x12, 0x12, 0xA7, 0x12, 0xA7, 0xA7, 0xA7, 0x02, 0xA7, 0xA7, 0xA7 ; file 1B7DD7
db 0xA7, 0xA7, 0xA7, 0xA7, 0x11, 0x11, 0x11, 0x11, 0x11, 0x11, 0x11, 0xC0, 0x11, 0x11, 0x11, 0xDC ; file 1B7DE7
db 0x11, 0xDC, 0xC1, 0xDC, 0x11, 0x07, 0x11, 0x1C, 0x11, 0xB0, 0xB0, 0xB0, 0x11, 0x3A, 0xB0, 0xB0 ; file 1B7DF7
db 0xCE, 0xB0, 0xB0, 0xB0, 0x11, 0x07, 0x11, 0x1C, 0x11, 0x07, 0xD7, 0x1C, 0x11, 0xB7, 0xB7, 0xB7 ; file 1B7E07
db 0x03, 0xA6, 0xC1, 0xDC, 0x07, 0x07, 0x1C, 0x1C, 0xD7, 0x07, 0xD7, 0x1C, 0xB7, 0xB7, 0xB7, 0xB7 ; file 1B7E17
db 0xCE, 0xA3, 0x04, 0xA3, 0x11, 0x11, 0x11, 0x08, 0x11, 0xAE, 0x11, 0xC0, 0x02, 0xAE, 0x02, 0xAB ; file 1B7E27
db 0x1A, 0xAE, 0x1A, 0xDC, 0x11, 0x08, 0x08, 0x08, 0x11, 0x53, 0x04, 0x08, 0x02, 0x3A, 0xAB, 0xAB ; file 1B7E37
db 0x1A, 0xBD, 0x04, 0xA3, 0x11, 0x08, 0x08, 0x08, 0x03, 0xA6, 0x03, 0x08, 0x03, 0xA6, 0xAB, 0xAB ; file 1B7E47
db 0x03, 0xA6, 0x03, 0xA3, 0x12, 0x08, 0x08, 0x08, 0x12, 0x08, 0x04, 0x08, 0x12, 0xAB, 0xAB, 0xAB ; file 1B7E57
db 0x03, 0xA3, 0x04, 0xA3, 0x11, 0x11, 0x11, 0x11, 0x11, 0xAE, 0x11, 0xC0, 0xCB, 0x3A, 0xCB, 0x3A ; file 1B7E67
db 0x1A, 0xAE, 0x1A, 0xDC, 0xC9, 0x3A, 0xC9, 0x1C, 0xC9, 0x3A, 0xC9, 0x09, 0x3A, 0x3A, 0x3A, 0x3A ; file 1B7E77
db 0x1A, 0x3A, 0x04, 0xB0, 0x11, 0x07, 0x11, 0x1C, 0x03, 0xA6, 0x03, 0x09, 0xCB, 0x3A, 0xCB, 0xB7 ; file 1B7E87
db 0x03, 0xA6, 0x03, 0xA6, 0x12, 0x07, 0x12, 0x1C, 0x12, 0x09, 0x04, 0x09, 0x12, 0x3A, 0x04, 0xB7 ; file 1B7E97
db 0x03, 0xAA, 0x04, 0xA7, 0xD4, 0xD4, 0xD4, 0xD4, 0x1A, 0xAE, 0x1A, 0x09, 0x02, 0xAE, 0x02, 0xA5 ; file 1B7EA7
db 0x1A, 0xAE, 0x1A, 0xAE, 0x12, 0x12, 0x12, 0x08, 0x12, 0xBD, 0x04, 0x09, 0x02, 0x3A, 0x04, 0xA5 ; file 1B7EB7
db 0x1A, 0xBD, 0x04, 0xA7, 0x12, 0x12, 0x12, 0x08, 0x03, 0xA6, 0x03, 0x09, 0x03, 0xA6, 0x03, 0xA6 ; file 1B7EC7
db 0x03, 0xA6, 0x03, 0xA6, 0x12, 0x12, 0x12, 0x08, 0x12, 0x09, 0x04, 0x09, 0x12, 0x12, 0x04, 0xA7 ; file 1B7ED7
db 0x03, 0xA6, 0x04, 0xA7, 0x10, 0x10, 0x10, 0x10, 0x10, 0x10, 0x10, 0x98, 0x10, 0x10, 0x10, 0x98 ; file 1B7EE7
db 0x10, 0x98, 0x98, 0x98, 0x10, 0x35, 0x10, 0x35, 0x10, 0x35, 0x10, 0x54, 0x10, 0x9D, 0xCD, 0xCD ; file 1B7EF7
db 0x10, 0x54, 0x54, 0x54, 0x10, 0x10, 0x10, 0x10, 0x10, 0x10, 0x10, 0x54, 0x10, 0x10, 0x10, 0x54 ; file 1B7F07
db 0x10, 0x54, 0x54, 0x54, 0x10, 0x0E, 0x2E, 0x54, 0x10, 0x54, 0x54, 0x54, 0x10, 0x54, 0x54, 0x54 ; file 1B7F17
db 0x54, 0x54, 0x54, 0x54, 0x10, 0x10, 0x10, 0x10, 0x10, 0x10, 0x10, 0x55, 0x10, 0x57, 0x10, 0x98 ; file 1B7F27
db 0xC7, 0x58, 0x98, 0x98, 0x10, 0x35, 0x10, 0x55, 0x10, 0x55, 0x55, 0x55, 0x10, 0x9D, 0xC8, 0xC8 ; file 1B7F37
db 0xC7, 0xC8, 0xC8, 0xC8, 0x10, 0x10, 0x10, 0x55, 0x10, 0x55, 0x16, 0x55, 0x10, 0xC8, 0xC8, 0xC8 ; file 1B7F47
db 0xC7, 0xC8, 0xC8, 0xC8, 0xC4, 0x55, 0x55, 0x55, 0x55, 0x55, 0x55, 0x55, 0xC4, 0xC8, 0xC8, 0xC8 ; file 1B7F57
db 0xC8, 0xC8, 0xC8, 0xC8, 0x01, 0x01, 0x01, 0x8C, 0x01, 0x01, 0x01, 0x98, 0x2C, 0x9B, 0x2C, 0x98 ; file 1B7F67
db 0x2C, 0x58, 0x98, 0x98, 0x01, 0x35, 0x8C, 0x8C, 0x01, 0x35, 0x8C, 0x8C, 0x2C, 0x9B, 0x2C, 0x8C ; file 1B7F77
db 0x2C, 0xB6, 0x54, 0x54, 0x01, 0x01, 0x01, 0x8C, 0x01, 0x01, 0x01, 0x54, 0x2C, 0x9B, 0xD3, 0xAD ; file 1B7F87
db 0x2C, 0x54, 0x3E, 0x54, 0xC4, 0xC4, 0xC4, 0x8C, 0xC4, 0x54, 0x54, 0x54, 0xC4, 0xAD, 0xAD, 0xAD ; file 1B7F97
db 0x54, 0x54, 0x54, 0x54, 0x01, 0x57, 0x01, 0x57, 0x37, 0x58, 0x37, 0x39, 0x2C, 0x57, 0x2C, 0x57 ; file 1B7FA7
db 0x17, 0x58, 0x17, 0x39, 0xC4, 0xC4, 0xC4, 0x8C, 0xC4, 0xB6, 0x55, 0x55, 0xC4, 0x57, 0xC4, 0xC8 ; file 1B7FB7
db 0xB6, 0xB6, 0xC8, 0xC8, 0xC4, 0xC4, 0xC4, 0x4E, 0xC4, 0x55, 0x16, 0x55, 0xC4, 0x57, 0x3E, 0x5A ; file 1B7FC7
db 0x17, 0x58, 0x3E, 0x5A, 0xC4, 0xC4, 0xC4, 0x55, 0xC4, 0x55, 0x55, 0x55, 0xC4, 0xC4, 0xC4, 0xC8 ; file 1B7FD7
db 0xC4, 0xC8, 0xC8, 0xC8, 0x10, 0x35, 0x10, 0x35, 0x10, 0x35, 0x10, 0x98, 0x10, 0x9D, 0x10, 0x98 ; file 1B7FE7
db 0x10, 0x98, 0x98, 0x98, 0x0A, 0x35, 0x0A, 0x35, 0x0A, 0x35, 0x0A, 0x35, 0x9D, 0x9D, 0x9D, 0x9D ; file 1B7FF7
db 0x9D, 0x9D, 0x38, 0x38, 0x10, 0x35, 0xC3, 0xC3, 0x25, 0x25, 0xC3, 0x8B, 0x10, 0x9D, 0xC3, 0x38 ; file 1B8007
db 0x25, 0x38, 0x38, 0x38, 0x0A, 0x35, 0xC3, 0x35, 0x0A, 0x35, 0x8B, 0x8B, 0x9D, 0x9D, 0x38, 0x38 ; file 1B8017
db 0x38, 0x38, 0x38, 0x38, 0x10, 0x35, 0x10, 0x35, 0x10, 0x35, 0xD2, 0x55, 0x10, 0x9D, 0x10, 0x98 ; file 1B8027
db 0xC7, 0xB6, 0x98, 0x98, 0x0A, 0x35, 0x0A, 0x35, 0x0A, 0x35, 0x55, 0x55, 0x9D, 0x9D, 0x9D, 0x9D ; file 1B8037
db 0xB6, 0xB6, 0xC8, 0xC8, 0x10, 0x35, 0xC3, 0x55, 0x25, 0x55, 0xD2, 0x55, 0x10, 0x9D, 0xC3, 0xC8 ; file 1B8047
db 0xC7, 0xC8, 0xC8, 0xC8, 0x1F, 0x35, 0x1F, 0x55, 0x1F, 0x55, 0x55, 0x55, 0x1F, 0x9D, 0xC8, 0xC8 ; file 1B8057
db 0xC8, 0xC8, 0xC8, 0xC8, 0x01, 0x35, 0x01, 0x35, 0x01, 0x35, 0x01, 0x98, 0x2C, 0x9B, 0x2C, 0x98 ; file 1B8067
db 0x2C, 0xB6, 0x98, 0x98, 0x0A, 0x35, 0x0A, 0x35, 0x0A, 0x35, 0xA4, 0xA4, 0x9D, 0x9D, 0x9D, 0x9D ; file 1B8077
db 0x8F, 0xB6, 0x8F, 0xB6, 0x01, 0x35, 0xC3, 0xA4, 0x25, 0xA4, 0xA4, 0xA4, 0x2C, 0x9B, 0xC3, 0xAD ; file 1B8087
db 0x03, 0xAA, 0x38, 0x38, 0xC4, 0x35, 0xA4, 0xA4, 0xA4, 0xA4, 0xA4, 0xA4, 0x40, 0x9D, 0xAD, 0xAD ; file 1B8097
db 0x8F, 0xAA, 0x38, 0x38, 0x01, 0x35, 0x01, 0x35, 0x37, 0xB6, 0x37, 0xB6, 0x2C, 0x57, 0x2C, 0x57 ; file 1B80A7
db 0xB6, 0xB6, 0x8E, 0xB6, 0xC4, 0x35, 0xC4, 0x35, 0xB6, 0xB6, 0xB6, 0xB6, 0xB6, 0xB6, 0xB6, 0xB6 ; file 1B80B7
db 0xB6, 0xB6, 0xB6, 0xB6, 0xC4, 0xC4, 0xC3, 0x4E, 0xC4, 0xB6, 0xD2, 0x55, 0x40, 0x57, 0x3E, 0x5A ; file 1B80C7
db 0x03, 0xB6, 0x3E, 0x5A, 0xC4, 0xC4, 0xC4, 0x55, 0xC4, 0xB6, 0x55, 0x55, 0x40, 0xB6, 0x40, 0xC8 ; file 1B80D7
db 0xB6, 0xB6, 0xC8, 0xC8, 0x10, 0x10, 0x10, 0x10, 0x10, 0x10, 0x10, 0x56, 0x10, 0x10, 0x10, 0x98 ; file 1B80E7
db 0xC7, 0x98, 0x98, 0x98, 0x0A, 0x0A, 0x0A, 0x56, 0x0A, 0x56, 0x56, 0x56, 0x0A, 0x9D, 0x0A, 0xCD ; file 1B80F7
db 0xC7, 0x38, 0x38, 0x38, 0x10, 0x0E, 0x3D, 0x3D, 0x10, 0x56, 0x16, 0x56, 0x10, 0x0E, 0x3D, 0x38 ; file 1B8107
db 0xC7, 0x38, 0x16, 0x38, 0x0A, 0x0E, 0x3D, 0x56, 0x56, 0x56, 0x56, 0x56, 0x0A, 0x0E, 0x38, 0x38 ; file 1B8117
db 0x38, 0x38, 0x38, 0x38, 0x10, 0x10, 0x10, 0x10, 0xC2, 0xC2, 0x16, 0x16, 0xC7, 0xC7, 0xC7, 0x49 ; file 1B8127
db 0xC7, 0xC7, 0xC7, 0x49, 0x0A, 0x0A, 0x0A, 0x55, 0xC2, 0x55, 0x16, 0x55, 0xC7, 0x9D, 0xC7, 0xC8 ; file 1B8137
db 0xC7, 0xC7, 0xC7, 0xC8, 0x30, 0x0E, 0x16, 0x16, 0x16, 0x16, 0x16, 0x16, 0xC7, 0x49, 0x16, 0x49 ; file 1B8147
db 0xC7, 0x49, 0x16, 0x49, 0x1F, 0x0E, 0x16, 0x55, 0x16, 0x55, 0x16, 0x55, 0x1F, 0xC8, 0xC8, 0xC8 ; file 1B8157
db 0xC7, 0xC8, 0xC8, 0xC8, 0x01, 0x01, 0x01, 0x8C, 0x01, 0x01, 0x01, 0x56, 0x2C, 0x9B, 0xD3, 0x98 ; file 1B8167
db 0xC7, 0x58, 0x93, 0x98, 0x0A, 0x0A, 0x0A, 0x8C, 0x0A, 0x56, 0x56, 0x56, 0x0A, 0x3A, 0xD3, 0x8C ; file 1B8177
db 0x8F, 0x8F, 0x8F, 0x38, 0x30, 0x0E, 0x3D, 0x3D, 0x30, 0x56, 0x16, 0x56, 0xD3, 0x9B, 0xD3, 0xD3 ; file 1B8187
db 0x93, 0xAA, 0x93, 0x38, 0xC4, 0x0E, 0x3D, 0x56, 0x56, 0x56, 0x56, 0x56, 0xC4, 0x0E, 0xD3, 0xAD ; file 1B8197
db 0x8F, 0xAA, 0x38, 0x38, 0x30, 0x30, 0x30, 0x30, 0xC2, 0x58, 0x16, 0x16, 0x02, 0x57, 0x02, 0x57 ; file 1B81A7
db 0xC7, 0x58, 0x93, 0x39, 0xC4, 0xC4, 0xC4, 0x8C, 0xC2, 0xB6, 0x16, 0x55, 0x02, 0x57, 0xA5, 0xA5 ; file 1B81B7
db 0xC7, 0xB6, 0x93, 0xC8, 0x30, 0x30, 0x30, 0x30, 0x30, 0x30, 0x16, 0x16, 0x30, 0x30, 0x93, 0x49 ; file 1B81C7
db 0x93, 0x49, 0x93, 0x49, 0xC4, 0xC4, 0xC4, 0x55, 0xC4, 0x55, 0x16, 0x55, 0xC4, 0xC4, 0x93, 0xC8 ; file 1B81D7
db 0x93, 0xC8, 0x93, 0xC8, 0x0A, 0x0A, 0xC3, 0xC3, 0x0A, 0x0A, 0xC1, 0x38, 0x0A, 0x9D, 0xC1, 0x38 ; file 1B81E7
db 0xC1, 0x38, 0xC1, 0x38, 0x0A, 0x0A, 0x0A, 0x0A, 0x0A, 0x0A, 0x0A, 0x38, 0x0A, 0x9D, 0x0A, 0x38 ; file 1B81F7
db 0xCE, 0x38, 0x38, 0x38, 0xC3, 0x07, 0xC3, 0xC3, 0xC3, 0x07, 0xC3, 0x38, 0xC3, 0x07, 0xC3, 0x38 ; file 1B8207
db 0x38, 0x38, 0x38, 0x38, 0x0A, 0x07, 0xC3, 0x07, 0x0A, 0x07, 0x38, 0x38, 0x0A, 0x07, 0x38, 0x38 ; file 1B8217
db 0x38, 0x38, 0x38, 0x38, 0x0A, 0x0A, 0xC3, 0xC3, 0xC2, 0xC2, 0xD2, 0xD2, 0xC7, 0x9D, 0xC1, 0x38 ; file 1B8227
db 0xC7, 0xC7, 0xC1, 0x38, 0x0A, 0x0A, 0x0A, 0x08, 0x0A, 0x0A, 0x0A, 0x15, 0x0A, 0x9D, 0x0A, 0x38 ; file 1B8237
db 0xC7, 0xB6, 0x38, 0x38, 0x1F, 0x07, 0xC3, 0xC3, 0xD2, 0xD2, 0xD2, 0xD2, 0x1F, 0x07, 0xC3, 0x38 ; file 1B8247
db 0xC7, 0x38, 0xD2, 0x38, 0x1F, 0x07, 0x1F, 0x08, 0x1F, 0x07, 0xD2, 0x15, 0x1F, 0x07, 0x1F, 0x38 ; file 1B8257
db 0x1F, 0x38, 0x38, 0x38, 0x0A, 0x0A, 0xC3, 0xC3, 0x0A, 0x0A, 0xC1, 0xB3, 0xCB, 0x3A, 0xC1, 0xB3 ; file 1B8267
db 0x8F, 0x8F, 0xC1, 0xB3, 0x0A, 0x0A, 0x0A, 0x0A, 0x0A, 0x0A, 0x0A, 0x38, 0x0A, 0x3A, 0x0A, 0x38 ; file 1B8277
db 0x8F, 0x8F, 0x8F, 0x38, 0xC3, 0x07, 0xC3, 0xC3, 0xC3, 0xAA, 0xC3, 0x38, 0xC3, 0xAA, 0xC3, 0x38 ; file 1B8287
db 0x03, 0xAA, 0x38, 0x38, 0x0A, 0x07, 0xC3, 0x07, 0x0A, 0xAA, 0x38, 0x38, 0x0A, 0xAA, 0x38, 0x38 ; file 1B8297
db 0x8F, 0xAA, 0x38, 0x38, 0x0A, 0x0A, 0xC3, 0xC3, 0x1A, 0xAE, 0xD2, 0x09, 0x02, 0x57, 0x02, 0x57 ; file 1B82A7
db 0x1A, 0xAE, 0x1A, 0xAE, 0x0A, 0x0A, 0x0A, 0x08, 0x0A, 0xB6, 0xA9, 0x09, 0x0A, 0xB6, 0xA9, 0xA5 ; file 1B82B7
db 0x8F, 0xB6, 0xA9, 0xB1, 0x30, 0x30, 0xC3, 0xC3, 0x03, 0xA6, 0xD2, 0x09, 0x03, 0xA6, 0x93, 0xB1 ; file 1B82C7
db 0x03, 0xA6, 0x93, 0xB1, 0x12, 0x07, 0x12, 0x08, 0x12, 0x09, 0x04, 0x09, 0x12, 0xAA, 0x04, 0xB1 ; file 1B82D7
db 0x03, 0xAA, 0x04, 0xB1, 0x01, 0x01, 0x01, 0x8C, 0x01, 0x01, 0xC6, 0x98, 0x01, 0x57, 0xC6, 0x98 ; file 1B82E7
db 0xC6, 0x58, 0xC6, 0x98, 0x01, 0x0E, 0x8C, 0x8C, 0x01, 0x0E, 0xC6, 0x8C, 0x01, 0x9D, 0xC6, 0x8C ; file 1B82F7
db 0xC6, 0x54, 0xC6, 0x54, 0x01, 0x29, 0x01, 0x29, 0x01, 0x29, 0x16, 0x16, 0x01, 0x29, 0xC6, 0x29 ; file 1B8307
db 0xC6, 0x29, 0xC6, 0x54, 0x0E, 0x0E, 0x0E, 0x0E, 0x0E, 0x0E, 0x16, 0x54, 0x0E, 0x0E, 0x54, 0x54 ; file 1B8317
db 0x54, 0x54, 0x54, 0x54, 0x01, 0x57, 0x01, 0x0F, 0x3C, 0x3C, 0x16, 0x16, 0xC7, 0x57, 0xC6, 0x57 ; file 1B8327
db 0xC7, 0x58, 0xC6, 0x39, 0x33, 0x0E, 0x33, 0x8C, 0x3C, 0x3C, 0x16, 0x55, 0xC7, 0x57, 0xC6, 0xC8 ; file 1B8337
db 0xC7, 0x58, 0xC6, 0xC8, 0x33, 0x29, 0x16, 0x0F, 0x16, 0x16, 0x16, 0x16, 0xC7, 0x57, 0x16, 0xC8 ; file 1B8347
db 0xC7, 0x58, 0x16, 0xC8, 0x33, 0x0E, 0x33, 0x55, 0x33, 0x55, 0x16, 0x55, 0x33, 0xC8, 0xC8, 0xC8 ; file 1B8357
db 0xC7, 0xC8, 0xC8, 0xC8, 0x01, 0x01, 0x01, 0x8C, 0x01, 0x01, 0x01, 0x8C, 0x01, 0x57, 0x01, 0x57 ; file 1B8367
db 0x01, 0x58, 0xC6, 0x39, 0x01, 0x8C, 0x8C, 0x8C, 0x01, 0x8C, 0x8C, 0x8C, 0x01, 0x52, 0x8C, 0x8C ; file 1B8377
db 0x01, 0x58, 0xC6, 0x8C, 0x01, 0x01, 0x01, 0x8C, 0x01, 0x01, 0x01, 0xA4, 0x01, 0x57, 0x01, 0x57 ; file 1B8387
db 0x01, 0x58, 0x3E, 0x1E, 0x01, 0x0E, 0x8C, 0x8C, 0x01, 0xA4, 0xA4, 0xA4, 0x01, 0x0E, 0x8C, 0x8C ; file 1B8397
db 0xAA, 0xAA, 0x1E, 0x1E, 0x01, 0x57, 0x01, 0x57, 0x01, 0x58, 0x01, 0x39, 0x57, 0x57, 0x57, 0x57 ; file 1B83A7
db 0x17, 0x58, 0x17, 0x39, 0x01, 0x57, 0x8C, 0x8C, 0x01, 0x58, 0x8C, 0x8C, 0x57, 0x57, 0x57, 0x57 ; file 1B83B7
db 0x17, 0x58, 0x17, 0x1E, 0xAF, 0x57, 0xAF, 0x0F, 0xAF, 0x58, 0x16, 0x16, 0x57, 0x57, 0x3E, 0x57 ; file 1B83C7
db 0x17, 0x58, 0x3E, 0x1E, 0xC4, 0xC4, 0xC4, 0x8C, 0xC4, 0x1E, 0x16, 0x1E, 0xC4, 0x57, 0x1E, 0x1E ; file 1B83D7
db 0x17, 0x1E, 0x1E, 0x1E, 0x01, 0x35, 0x01, 0x35, 0x01, 0x35, 0xC1, 0x98, 0x01, 0x9D, 0xC1, 0x98 ; file 1B83E7
db 0xC1, 0x58, 0xC1, 0x98, 0x0A, 0x35, 0x0A, 0x35, 0xCE, 0x35, 0xA4, 0xA4, 0x9D, 0x9D, 0x9D, 0x9D ; file 1B83F7
db 0xCE, 0x9D, 0xC1, 0xB0, 0x01, 0x07, 0xC3, 0x07, 0x25, 0x07, 0x16, 0xA4, 0x01, 0x07, 0xC1, 0xB7 ; file 1B8407
db 0xC1, 0xAA, 0xC1, 0x38, 0x07, 0x07, 0x07, 0x07, 0x07, 0x07, 0xA4, 0xA4, 0x07, 0x07, 0xB7, 0xB7 ; file 1B8417
db 0xCE, 0xAA, 0x38, 0x38, 0x01, 0x35, 0x01, 0x08, 0x3C, 0x3C, 0x16, 0x15, 0xC7, 0x57, 0xC1, 0x57 ; file 1B8427
db 0xC7, 0x58, 0xC1, 0x39, 0x1F, 0x35, 0x1F, 0x08, 0x1F, 0x53, 0x15, 0x15, 0x1F, 0x9D, 0x1F, 0x9D ; file 1B8437
db 0xC7, 0xB6, 0xC1, 0xC8, 0x1F, 0x07, 0x16, 0x08, 0x16, 0x07, 0x16, 0x15, 0x1F, 0x57, 0x16, 0xAB ; file 1B8447
db 0xC7, 0x58, 0x16, 0xC8, 0x1F, 0x07, 0x1F, 0x08, 0x1F, 0x07, 0x15, 0x15, 0x1F, 0x07, 0x1F, 0xAB ; file 1B8457
db 0x1F, 0xC8, 0xC8, 0xC8, 0x01, 0x01, 0x01, 0x8C, 0x01, 0x01, 0x01, 0xA4, 0x01, 0x57, 0x01, 0x57 ; file 1B8467
db 0x01, 0x58, 0xC1, 0x39, 0x01, 0x35, 0x8C, 0x8C, 0x01, 0xA4, 0xA4, 0xA4, 0xCC, 0x3A, 0xCC, 0x8C ; file 1B8477
db 0xCC, 0xAA, 0xA4, 0xA4, 0x01, 0x01, 0x01, 0xA4, 0x01, 0xA4, 0xA4, 0xA4, 0x01, 0x57, 0x01, 0xA4 ; file 1B8487
db 0x03, 0xAA, 0x3E, 0xA4, 0x01, 0x07, 0xA4, 0xA4, 0xA4, 0xA4, 0xA4, 0xA4, 0xCC, 0xAA, 0xA4, 0xA4 ; file 1B8497
db 0xAA, 0xAA, 0xA4, 0xA4, 0x01, 0x57, 0x01, 0x57, 0x01, 0x58, 0x01, 0x39, 0x57, 0x57, 0x57, 0x57 ; file 1B84A7
db 0x17, 0x58, 0x17, 0x39, 0x01, 0x35, 0x8C, 0x8C, 0xB6, 0xB6, 0xA4, 0xA4, 0xCC, 0x57, 0xCC, 0x57 ; file 1B84B7
db 0xB6, 0xB6, 0x04, 0xB6, 0xAF, 0x57, 0xAF, 0xA4, 0x03, 0x58, 0x16, 0xA4, 0x03, 0x57, 0x3E, 0x57 ; file 1B84C7
db 0x03, 0x58, 0x3E, 0xA8, 0x12, 0x07, 0x12, 0xA4, 0x12, 0xA4, 0xA4, 0xA4, 0x12, 0x57, 0x04, 0x1E ; file 1B84D7
db 0x03, 0xAA, 0x04, 0x1E, 0xBB, 0xBB, 0xBB, 0xBB, 0xBB, 0xBB, 0x16, 0xC0, 0xBB, 0xBB, 0xBB, 0x98 ; file 1B84E7
db 0xC7, 0xC7, 0xC1, 0x98, 0xBB, 0x0E, 0xBB, 0x0E, 0xBB, 0x0E, 0x16, 0x56, 0xBB, 0x0E, 0xBB, 0x0E ; file 1B84F7
db 0xC7, 0xC7, 0xC1, 0x38, 0xBB, 0x0E, 0x16, 0x0E, 0x16, 0x0E, 0x16, 0x16, 0xBB, 0x0E, 0x16, 0x0E ; file 1B8507
db 0xC7, 0xC7, 0x16, 0x16, 0x0E, 0x0E, 0x0E, 0x0E, 0x0E, 0x0E, 0x16, 0x56, 0x0E, 0x0E, 0x0E, 0x0E ; file 1B8517
db 0xC7, 0x0E, 0x16, 0x38, 0xBB, 0xBB, 0x16, 0x16, 0xC2, 0xC2, 0x16, 0x16, 0xC7, 0xC7, 0xC7, 0xC7 ; file 1B8527
db 0xC7, 0xC7, 0xC7, 0xC7, 0x1F, 0x0E, 0x16, 0x08, 0xC2, 0xC2, 0x16, 0x15, 0xC7, 0xC7, 0xC7, 0xA5 ; file 1B8537
db 0xC7, 0xC7, 0xC7, 0xC7, 0xAF, 0x0E, 0x16, 0x16, 0x16, 0x16, 0x16, 0x16, 0xC7, 0xC7, 0x16, 0x16 ; file 1B8547
db 0xC7, 0xC7, 0x16, 0x16, 0x1F, 0x0E, 0x16, 0x08, 0x16, 0x0E, 0x16, 0x15, 0x1F, 0x0E, 0x16, 0xAB ; file 1B8557
db 0xC7, 0xC7, 0x16, 0xC8, 0x01, 0x01, 0x01, 0x8C, 0x01, 0x01, 0x01, 0xC0, 0x01, 0x57, 0x01, 0x57 ; file 1B8567
db 0xC7, 0x58, 0x93, 0x39, 0x01, 0x0E, 0x8C, 0x8C, 0x01, 0x0E, 0x8C, 0x8C, 0x01, 0x3A, 0x8C, 0x8C ; file 1B8577
db 0xC7, 0xAA, 0x93, 0x85, 0xAF, 0x0E, 0xAF, 0x0E, 0xAF, 0x0E, 0x16, 0x16, 0xAF, 0x0E, 0x93, 0x93 ; file 1B8587
db 0x93, 0xAA, 0x93, 0x93, 0x0E, 0x0E, 0x0E, 0x0E, 0x0E, 0x0E, 0x16, 0x56, 0x0E, 0x0E, 0x93, 0x0E ; file 1B8597
db 0xAA, 0xAA, 0x93, 0x85, 0xAF, 0x57, 0xAF, 0x57, 0xC2, 0x58, 0x16, 0x16, 0x02, 0x57, 0x02, 0x57 ; file 1B85A7
db 0xC7, 0x58, 0x93, 0x39, 0xAF, 0x0E, 0x8C, 0x8C, 0xC2, 0x58, 0x16, 0x09, 0x02, 0x57, 0xA5, 0xA5 ; file 1B85B7
db 0xC7, 0x58, 0x93, 0x85, 0xAF, 0xAF, 0xAF, 0xAF, 0xAF, 0xAF, 0x16, 0x16, 0xAF, 0x57, 0x93, 0x93 ; file 1B85C7
db 0x93, 0x58, 0x93, 0x93, 0xAF, 0x0E, 0xAF, 0x08, 0xAF, 0x09, 0x16, 0x09, 0xAF, 0x0E, 0x93, 0x85 ; file 1B85D7
db 0x93, 0x85, 0x93, 0x85, 0x11, 0x07, 0x11, 0x07, 0x11, 0x07, 0xC1, 0xC0, 0x11, 0x07, 0xC1, 0xC1 ; file 1B85E7
db 0xC1, 0xC1, 0xC1, 0xC1, 0x0A, 0x07, 0x0A, 0x07, 0xCE, 0x07, 0xC1, 0x07, 0xCE, 0x07, 0xC1, 0xB7 ; file 1B85F7
db 0xCE, 0xCE, 0xC1, 0x38, 0x07, 0x07, 0xC3, 0x07, 0x07, 0x07, 0x16, 0x07, 0x07, 0x07, 0xC1, 0xB7 ; file 1B8607
db 0xC1, 0xAA, 0xC1, 0x38, 0x07, 0x07, 0x07, 0x07, 0x07, 0x07, 0x07, 0x07, 0x07, 0x07, 0xB7, 0xB7 ; file 1B8617
db 0xCE, 0xAA, 0x38, 0x38, 0x11, 0x07, 0x11, 0x08, 0xC2, 0xC2, 0x16, 0x15, 0xC7, 0xC7, 0xC1, 0xAB ; file 1B8627
db 0xC7, 0xC7, 0xC1, 0xC1, 0x1F, 0x07, 0x1F, 0x08, 0x1F, 0x07, 0x15, 0x15, 0x1F, 0x07, 0x1F, 0xAB ; file 1B8637
db 0xC7, 0xC7, 0xC1, 0x15, 0x1F, 0x07, 0x16, 0x08, 0x16, 0x07, 0x16, 0x15, 0x1F, 0x07, 0x16, 0xAB ; file 1B8647
db 0xC7, 0xA6, 0x16, 0x15, 0x1F, 0x07, 0x1F, 0x08, 0x1F, 0x07, 0x15, 0x15, 0x1F, 0x07, 0x1F, 0xAB ; file 1B8657
db 0x1F, 0xAA, 0x04, 0x15, 0x01, 0x01, 0x01, 0x8C, 0x01, 0xAA, 0xC1, 0xA4, 0xCB, 0x3A, 0xC1, 0x3A ; file 1B8667
db 0x1A, 0xAA, 0xC1, 0xC1, 0x0A, 0x07, 0x0A, 0x8C, 0xCE, 0xAA, 0xA4, 0xA4, 0x3A, 0x3A, 0x3A, 0x3A ; file 1B8677
db 0xCE, 0xAA, 0xC1, 0xAA, 0xAF, 0x07, 0xC3, 0x07, 0x03, 0xAA, 0x16, 0xA4, 0xCB, 0xAA, 0x93, 0xAA ; file 1B8687
db 0x03, 0xAA, 0x93, 0xAA, 0x07, 0x07, 0x07, 0x07, 0xAA, 0xAA, 0xA4, 0xA4, 0xAA, 0xAA, 0x04, 0xAA ; file 1B8697
db 0xAA, 0xAA, 0x04, 0xAA, 0xAF, 0x57, 0xAF, 0x08, 0x1A, 0xAE, 0x16, 0x09, 0x02, 0x57, 0x02, 0x57 ; file 1B86A7
db 0x1A, 0xAE, 0x1A, 0xAE, 0x12, 0x07, 0x12, 0x08, 0x12, 0x09, 0x04, 0x09, 0x02, 0x3A, 0x04, 0xA5 ; file 1B86B7
db 0x1A, 0xAA, 0x04, 0xA2, 0xAF, 0xAF, 0xAF, 0x08, 0x03, 0xA6, 0x16, 0x09, 0x03, 0xA6, 0x93, 0x93 ; file 1B86C7
db 0x03, 0xA6, 0x93, 0x93, 0x12, 0x07, 0x12, 0x08, 0x12, 0x09, 0x04, 0x09, 0x12, 0xAA, 0x04, 0xA2 ; file 1B86D7
db 0x03, 0xAA, 0x04, 0xA2, 0x00, 0x00, 0x00, 0x00, 0x00, 0x00, 0xC6, 0x98, 0x00, 0x9B, 0xC6, 0xCD ; file 1B86E7
db 0xC6, 0x98, 0xC6, 0x98, 0x00, 0x00, 0x00, 0x8C, 0x00, 0x00, 0xC6, 0x8B, 0x00, 0xCD, 0xCD, 0xCD ; file 1B86F7
db 0xC6, 0xCD, 0xC6, 0xCD, 0x00, 0x00, 0x00, 0x00, 0x00, 0x00, 0xC6, 0x8B, 0x00, 0x9B, 0xC6, 0xAD ; file 1B8707
db 0xC6, 0x54, 0xC6, 0x54, 0x00, 0x00, 0x00, 0x8B, 0x00, 0x8B, 0x8B, 0x8B, 0x00, 0xAD, 0xAD, 0xAD ; file 1B8717
db 0x54, 0x54, 0x54, 0x54, 0x00, 0x00, 0x00, 0x00, 0x00, 0x00, 0xC6, 0x39, 0x00, 0x9B, 0xC6, 0xCD ; file 1B8727
db 0x17, 0x17, 0xC6, 0x39, 0x00, 0x00, 0x00, 0x8C, 0x00, 0x55, 0x55, 0x55, 0x00, 0x59, 0xCD, 0xCD ; file 1B8737
db 0x17, 0xC8, 0xC6, 0xC8, 0x00, 0x00, 0x00, 0x0F, 0x00, 0x55, 0x16, 0x55, 0x00, 0x9B, 0x3E, 0xC8 ; file 1B8747
db 0x17, 0xC8, 0x3E, 0xC8, 0xC4, 0x41, 0x55, 0x55, 0x55, 0x55, 0x55, 0x55, 0xC4, 0xC8, 0xC8, 0xC8 ; file 1B8757
db 0xC8, 0xC8, 0xC8, 0xC8, 0x01, 0x01, 0x01, 0x8C, 0x01, 0x01, 0x01, 0x32, 0x2C, 0x9B, 0x2C, 0x9B ; file 1B8767
db 0x2C, 0x9B, 0xC6, 0x32, 0x01, 0x8C, 0x8C, 0x8C, 0x01, 0x8C, 0x8C, 0x8C, 0x2C, 0x9B, 0x2C, 0x8C ; file 1B8777
db 0x2C, 0x9B, 0xC6, 0x32, 0x01, 0x01, 0x01, 0x8C, 0x01, 0x01, 0x01, 0xA4, 0x2C, 0x9B, 0xD3, 0xAD ; file 1B8787
db 0x2C, 0x9B, 0x3E, 0x32, 0x01, 0x8C, 0x8C, 0x8C, 0x01, 0xA4, 0xA4, 0xA4, 0x2C, 0xAD, 0xAD, 0xAD ; file 1B8797
db 0x2C, 0xAD, 0xAD, 0xAD, 0x01, 0x01, 0x01, 0x8C, 0x01, 0x01, 0x01, 0x39, 0x2C, 0x9B, 0x2C, 0x39 ; file 1B87A7
db 0x17, 0x17, 0x17, 0x39, 0x01, 0x59, 0x8C, 0x8C, 0x01, 0x59, 0x8C, 0x8C, 0x2C, 0x59, 0x2C, 0x59 ; file 1B87B7
db 0x17, 0x59, 0x17, 0x1E, 0xAF, 0xAF, 0xAF, 0x4E, 0xAF, 0xAF, 0x3E, 0x1E, 0x2C, 0x9B, 0x3E, 0xAD ; file 1B87C7
db 0x17, 0x17, 0x3E, 0x1E, 0xC4, 0x41, 0xC4, 0x8C, 0xC4, 0x1E, 0x1E, 0x1E, 0xC4, 0x59, 0xAD, 0xAD ; file 1B87D7
db 0x17, 0x1E, 0x1E, 0x1E, 0x00, 0x00, 0x00, 0x00, 0x00, 0x00, 0xC6, 0x8B, 0x00, 0x9B, 0xC6, 0xCD ; file 1B87E7
db 0xC6, 0x98, 0xC6, 0x98, 0x00, 0x35, 0x00, 0x35, 0x00, 0x35, 0x8B, 0x8B, 0x9D, 0x9D, 0xCD, 0xCD ; file 1B87F7
db 0x9D, 0x9D, 0xC6, 0x8B, 0x00, 0x00, 0xC3, 0x8B, 0x00, 0x8B, 0x8B, 0x8B, 0x00, 0x9B, 0xC3, 0x8B ; file 1B8807
db 0xC6, 0x8B, 0xC6, 0x8B, 0xD0, 0x35, 0x8B, 0x8B, 0x8B, 0x8B, 0x8B, 0x8B, 0x9D, 0x9D, 0x8B, 0x8B ; file 1B8817
db 0x8B, 0x8B, 0x8B, 0x8B, 0x00, 0x00, 0x00, 0x00, 0x00, 0x00, 0xC6, 0x8B, 0x00, 0x9B, 0xC6, 0xCD ; file 1B8827
db 0x17, 0xAE, 0xC6, 0x39, 0x00, 0x35, 0x00, 0x08, 0x00, 0x35, 0x8B, 0x8B, 0x9D, 0x9D, 0xCD, 0xCD ; file 1B8837
db 0xB6, 0xB6, 0xA9, 0xC8, 0x00, 0x00, 0xC3, 0x08, 0x00, 0x8B, 0x8B, 0x8B, 0x00, 0x9B, 0x3E, 0xAB ; file 1B8847
db 0x03, 0xA6, 0x3E, 0xC8, 0x12, 0x08, 0x08, 0x08, 0x8B, 0x8B, 0x8B, 0x8B, 0x12, 0x9D, 0xAB, 0xAB ; file 1B8857
db 0xC8, 0xC8, 0xC8, 0xC8, 0x01, 0x01, 0x01, 0x8C, 0x01, 0x01, 0x01, 0xA4, 0x2C, 0x9B, 0x2C, 0x9B ; file 1B8867
db 0x2C, 0x9B, 0xC6, 0x32, 0x01, 0x35, 0x8C, 0x8C, 0x01, 0xA4, 0xA4, 0xA4, 0xCC, 0x3A, 0xCC, 0x8C ; file 1B8877
db 0xCC, 0xB6, 0xA4, 0xA4, 0x01, 0x01, 0x01, 0xA4, 0x01, 0xA4, 0xA4, 0xA4, 0x2C, 0x9B, 0xD3, 0xAD ; file 1B8887
db 0x03, 0x9B, 0x3E, 0xA4, 0x01, 0xA4, 0xA4, 0xA4, 0xA4, 0xA4, 0xA4, 0xA4, 0xCC, 0xAD, 0xAD, 0xAD ; file 1B8897
db 0xA4, 0xA4, 0xA4, 0xA4, 0x01, 0x01, 0x01, 0x8C, 0x01, 0xAE, 0x8E, 0x39, 0x2C, 0x9B, 0x2C, 0x39 ; file 1B88A7
db 0x17, 0xAE, 0x8E, 0x39, 0x01, 0x35, 0x8C, 0x8C, 0xB6, 0xB6, 0xA4, 0xA4, 0xCC, 0x59, 0xA9, 0x59 ; file 1B88B7
db 0xB6, 0xB6, 0xA9, 0xB6, 0xAF, 0xAF, 0xAF, 0x4E, 0x03, 0xA4, 0x3E, 0xA4, 0x03, 0x9B, 0x3E, 0xA8 ; file 1B88C7
db 0x03, 0xA6, 0x3E, 0xA8, 0x12, 0x12, 0x12, 0xA4, 0x12, 0xA4, 0xA4, 0xA4, 0x12, 0x59, 0x04, 0xAD ; file 1B88D7
db 0x03, 0xB6, 0x04, 0x1E, 0x00, 0x00, 0x00, 0xC0, 0x00, 0xC0, 0xC0, 0xC0, 0x00, 0x9B, 0xC6, 0xCD ; file 1B88E7
db 0xC6, 0x98, 0xC6, 0x98, 0x00, 0x00, 0x00, 0x8C, 0x00, 0x56, 0x56, 0x56, 0x00, 0xCD, 0xCD, 0xCD ; file 1B88F7
db 0xC6, 0xCD, 0xC6, 0xCD, 0x00, 0x00, 0x3D, 0x1C, 0x00, 0x56, 0x16, 0x56, 0xD3, 0x9B, 0xD3, 0xD3 ; file 1B8907
db 0x93, 0x38, 0x93, 0x38, 0xD0, 0x0E, 0x1C, 0x1C, 0x56, 0x56, 0x56, 0x56, 0xD0, 0x0E, 0xD3, 0xAD ; file 1B8917
db 0x38, 0x38, 0x38, 0x38, 0x00, 0x00, 0x00, 0xC0, 0xC2, 0xC0, 0x16, 0xC0, 0x02, 0x02, 0x02, 0xA5 ; file 1B8927
db 0xC7, 0xC7, 0x93, 0x39, 0x00, 0x00, 0x00, 0x08, 0xC2, 0x55, 0x16, 0x55, 0x02, 0x59, 0xA5, 0xA5 ; file 1B8937
db 0xC7, 0xC7, 0x93, 0xC8, 0xAF, 0xAF, 0xAF, 0x08, 0xAF, 0xAF, 0x16, 0x16, 0xAF, 0xAF, 0x93, 0x49 ; file 1B8947
db 0x93, 0x49, 0x93, 0x49, 0xAF, 0x08, 0x08, 0x08, 0xAF, 0x55, 0x16, 0x55, 0xAF, 0xAB, 0x93, 0xAB ; file 1B8957
db 0x93, 0xC8, 0x93, 0xC8, 0x01, 0x01, 0x01, 0x8C, 0x01, 0x01, 0x01, 0xC0, 0x2C, 0x9B, 0xD3, 0x9B ; file 1B8967
db 0x2C, 0x9B, 0x93, 0x32, 0x01, 0x8C, 0x8C, 0x8C, 0x01, 0x8C, 0x8C, 0x8C, 0x2C, 0x3A, 0xD3, 0x8C ; file 1B8977
db 0x2C, 0x3A, 0x93, 0x32, 0xAF, 0xAF, 0xD3, 0xD3, 0xAF, 0xAF, 0x93, 0x56, 0xD3, 0x9B, 0xD3, 0xD3 ; file 1B8987
db 0x93, 0x93, 0x93, 0x93, 0xAF, 0x0E, 0xD3, 0x8C, 0xAF, 0x56, 0x56, 0x56, 0xD3, 0xAD, 0xD3, 0xAD ; file 1B8997
db 0x93, 0x85, 0x93, 0x85, 0xAF, 0xAF, 0xAF, 0x8C, 0xAF, 0xAE, 0x93, 0x39, 0x02, 0x02, 0x02, 0xA5 ; file 1B89A7
db 0x02, 0xAE, 0x93, 0x39, 0xAF, 0x59, 0x8C, 0x8C, 0xAF, 0x09, 0x93, 0x09, 0x02, 0x59, 0xA5, 0xA5 ; file 1B89B7
db 0x02, 0x59, 0x93, 0x85, 0xAF, 0xAF, 0xAF, 0xAF, 0xAF, 0xAF, 0x93, 0x93, 0xAF, 0xAF, 0x93, 0x93 ; file 1B89C7
db 0x93, 0x93, 0x93, 0x93, 0xAF, 0xAF, 0xAF, 0x08, 0xAF, 0x09, 0x93, 0x09, 0xAF, 0x59, 0x93, 0x85 ; file 1B89D7
db 0x93, 0x85, 0x93, 0x85, 0x11, 0x11, 0x11, 0x11, 0x11, 0x11, 0x11, 0xC0, 0x11, 0x11, 0x11, 0xDC ; file 1B89E7
db 0x11, 0xDC, 0xC1, 0xDC, 0x0A, 0x0A, 0x0A, 0x1C, 0x0A, 0x0A, 0x0A, 0x8B, 0x0A, 0x3A, 0x0A, 0xB7 ; file 1B89F7
db 0xCE, 0x38, 0x38, 0x38, 0x11, 0x07, 0xC3, 0x1C, 0x11, 0x8B, 0xC3, 0x8B, 0x11, 0xB7, 0xC3, 0xB7 ; file 1B8A07
db 0x03, 0x38, 0x38, 0x38, 0xD0, 0x07, 0x1C, 0x1C, 0xD0, 0x8B, 0x8B, 0x8B, 0xD0, 0xB7, 0xB7, 0xB7 ; file 1B8A17
db 0x38, 0x38, 0x38, 0x38, 0x11, 0x11, 0x11, 0x08, 0x11, 0xAE, 0xD2, 0xC0, 0x02, 0xAE, 0x02, 0xAB ; file 1B8A27
db 0x1A, 0xAE, 0x1A, 0xDC, 0x0A, 0x08, 0x08, 0x08, 0x0A, 0x08, 0xA9, 0x08, 0x0A, 0x3A, 0xA9, 0xAB ; file 1B8A37
db 0x1A, 0xA3, 0xA9, 0xA3, 0xAF, 0x08, 0xC3, 0x08, 0x03, 0xA6, 0xD2, 0x08, 0x03, 0xA6, 0x93, 0xAB ; file 1B8A47
db 0x03, 0xA6, 0x93, 0xA3, 0x12, 0x08, 0x08, 0x08, 0x12, 0x08, 0x04, 0x08, 0x12, 0xAB, 0xAB, 0xAB ; file 1B8A57
db 0x03, 0xA3, 0x04, 0xA3, 0x01, 0x01, 0x01, 0x8C, 0x01, 0xAE, 0xB3, 0xB3, 0xCB, 0x3A, 0xCB, 0xB3 ; file 1B8A67
db 0x1A, 0xAE, 0xB3, 0xB3, 0x0A, 0x3A, 0x0A, 0x8C, 0x0A, 0x3A, 0xA4, 0xA4, 0x3A, 0x3A, 0x3A, 0x3A ; file 1B8A77
db 0x8F, 0x3A, 0xA9, 0xB3, 0xAF, 0xAF, 0xC3, 0x1C, 0x03, 0xA4, 0x93, 0xA4, 0xCB, 0x3A, 0xD3, 0xBC ; file 1B8A87
db 0x03, 0xA6, 0x93, 0xB3, 0x12, 0x07, 0x12, 0x1C, 0x12, 0xA4, 0xA4, 0xA4, 0x12, 0x3A, 0xBC, 0xBC ; file 1B8A97
db 0x03, 0xAA, 0x04, 0x38, 0xAF, 0xAE, 0xAF, 0x08, 0x1A, 0xAE, 0x1A, 0x09, 0x02, 0xAE, 0x02, 0xA5 ; file 1B8AA7
db 0x1A, 0xAE, 0x1A, 0xAE, 0x12, 0x12, 0x12, 0x08, 0x12, 0x09, 0xA9, 0x09, 0x02, 0x3A, 0xA9, 0xA5 ; file 1B8AB7
db 0x1A, 0xAE, 0xA9, 0xA9, 0xAF, 0xAF, 0xAF, 0x08, 0x03, 0xA6, 0x93, 0x09, 0x03, 0xA6, 0x93, 0x93 ; file 1B8AC7
db 0x03, 0xA6, 0x93, 0x93, 0x12, 0x12, 0x12, 0x08, 0x12, 0x09, 0x04, 0x09, 0x12, 0x12, 0x04, 0xAB ; file 1B8AD7
db 0x03, 0xA6, 0x04, 0xDD, 0x01, 0x01, 0x01, 0x8C, 0x01, 0x01, 0xC6, 0xC0, 0x01, 0x01, 0xC6, 0xC6 ; file 1B8AE7
db 0xC6, 0xC6, 0xC6, 0xC6, 0x01, 0x8C, 0x8C, 0x8C, 0x01, 0x8C, 0xC6, 0x8C, 0x01, 0x52, 0xC6, 0x8C ; file 1B8AF7
db 0xC6, 0xC6, 0xC6, 0xC6, 0x01, 0x01, 0x01, 0x0F, 0x01, 0x01, 0xC6, 0xA4, 0x01, 0x01, 0xC6, 0xC6 ; file 1B8B07
db 0xC6, 0xC6, 0xC6, 0xC6, 0x01, 0x0E, 0x8C, 0x8C, 0x01, 0xA4, 0xA4, 0xA4, 0x01, 0x0E, 0xC6, 0x8C ; file 1B8B17
db 0xC6, 0x1E, 0xC6, 0x1E, 0x01, 0x01, 0x01, 0x0F, 0x01, 0x01, 0xC6, 0x39, 0x01, 0x57, 0xC6, 0x39 ; file 1B8B27
db 0x17, 0x17, 0xC6, 0x39, 0x01, 0x59, 0x8C, 0x8C, 0x01, 0x59, 0xC6, 0x8C, 0x59, 0x59, 0xC6, 0x59 ; file 1B8B37
db 0x17, 0x59, 0xC6, 0x1E, 0xAF, 0x0F, 0x0F, 0x0F, 0xAF, 0x0F, 0x16, 0x0F, 0xAF, 0x0F, 0x3E, 0x0F ; file 1B8B47
db 0x17, 0x17, 0x3E, 0x1E, 0x33, 0x08, 0x08, 0x08, 0x33, 0x1E, 0x16, 0x1E, 0x33, 0x59, 0x1E, 0x1E ; file 1B8B57
db 0x17, 0x1E, 0x1E, 0x1E, 0x01, 0x01, 0x01, 0x8C, 0x01, 0x01, 0x01, 0x8C, 0x01, 0x01, 0x01, 0x8C ; file 1B8B67
db 0x01, 0x01, 0xC6, 0x39, 0x01, 0x8C, 0x8C, 0x8C, 0x01, 0x8C, 0x8C, 0x8C, 0x01, 0x52, 0x8C, 0x8C ; file 1B8B77
db 0x01, 0x52, 0xC6, 0x8C, 0x01, 0x01, 0x01, 0x8C, 0x01, 0x01, 0x01, 0xA4, 0x01, 0x01, 0x01, 0x8C ; file 1B8B87
db 0x01, 0x01, 0x3E, 0x1E, 0x01, 0x8C, 0x8C, 0x8C, 0x01, 0xA4, 0xA4, 0xA4, 0x01, 0x52, 0x8C, 0x8C ; file 1B8B97
db 0x01, 0x1E, 0x1E, 0x1E, 0x01, 0x01, 0x01, 0x8C, 0x01, 0x01, 0x01, 0x39, 0x01, 0x57, 0x01, 0x39 ; file 1B8BA7
db 0x17, 0x17, 0x17, 0x39, 0x01, 0x59, 0x8C, 0x8C, 0x01, 0x59, 0x8C, 0x8C, 0x59, 0x59, 0x59, 0x59 ; file 1B8BB7
db 0x17, 0x59, 0x17, 0x1E, 0xAF, 0xAF, 0xAF, 0x0F, 0xAF, 0xAF, 0x3E, 0x1E, 0xAF, 0x57, 0x3E, 0x1E ; file 1B8BC7
db 0x17, 0x17, 0x3E, 0x1E, 0xAF, 0x59, 0x8C, 0x8C, 0xAF, 0x1E, 0x1E, 0x1E, 0x59, 0x59, 0x1E, 0x1E ; file 1B8BD7
db 0x17, 0x1E, 0x1E, 0x1E, 0x01, 0x01, 0x01, 0x8C, 0x01, 0x01, 0xC6, 0xA4, 0x01, 0x01, 0xC6, 0xC6 ; file 1B8BE7
db 0xC6, 0xC6, 0xC6, 0xC6, 0x01, 0x35, 0x8C, 0x8C, 0x01, 0xA4, 0xA4, 0xA4, 0xCC, 0x3A, 0xC6, 0x8C ; file 1B8BF7
db 0xC6, 0xB0, 0xC6, 0xB0, 0x01, 0x01, 0x01, 0x1C, 0x01, 0xA4, 0xA4, 0xA4, 0x01, 0xB7, 0xC6, 0xB7 ; file 1B8C07
db 0xC6, 0xA4, 0xC6, 0xA4, 0x01, 0x07, 0x1C, 0x1C, 0xA4, 0xA4, 0xA4, 0xA4, 0xCC, 0xB7, 0xB7, 0xB7 ; file 1B8C17
db 0xA4, 0xA4, 0xA4, 0xA4, 0x01, 0x01, 0x01, 0x08, 0x01, 0xAE, 0xC6, 0x39, 0x01, 0x57, 0xC6, 0x39 ; file 1B8C27
db 0x17, 0xAE, 0xC6, 0x39, 0x01, 0x08, 0x08, 0x08, 0x01, 0x53, 0xA4, 0xA4, 0xCC, 0x59, 0xAB, 0xAB ; file 1B8C37
db 0x17, 0xBD, 0xC6, 0xB0, 0xAF, 0x08, 0x08, 0x08, 0x03, 0xA4, 0x16, 0xA4, 0x03, 0xA6, 0x3E, 0xAB ; file 1B8C47
db 0x03, 0xA6, 0x3E, 0xA8, 0x12, 0x08, 0x08, 0x08, 0x12, 0xA4, 0xA4, 0xA4, 0x12, 0xAB, 0xAB, 0xAB ; file 1B8C57
db 0x03, 0x1E, 0x04, 0x1E, 0x01, 0x01, 0x01, 0x8C, 0x01, 0x01, 0x01, 0xA4, 0x01, 0x01, 0x01, 0x8C ; file 1B8C67
db 0x01, 0xAE, 0xC6, 0x39, 0x01, 0x8C, 0x8C, 0x8C, 0x01, 0xA4, 0xA4, 0xA4, 0xCC, 0x3A, 0xCC, 0x8C ; file 1B8C77
db 0xCC, 0x3A, 0xA4, 0xA4, 0x01, 0x01, 0x01, 0xA4, 0x01, 0xA4, 0xA4, 0xA4, 0x01, 0x01, 0x01, 0xA4 ; file 1B8C87
db 0x03, 0xA4, 0x3E, 0xA4, 0x01, 0xA4, 0xA4, 0xA4, 0xA4, 0xA4, 0xA4, 0xA4, 0xCC, 0x3A, 0xA4, 0xA4 ; file 1B8C97
db 0xA4, 0xA4, 0xA4, 0xA4, 0x01, 0x01, 0x01, 0x8C, 0x01, 0xAE, 0x01, 0x39, 0x01, 0x57, 0x01, 0x39 ; file 1B8CA7
db 0x17, 0xAE, 0x17, 0x39, 0x01, 0x59, 0x8C, 0x8C, 0x01, 0xA4, 0xA4, 0xA4, 0xCC, 0x59, 0xCC, 0x59 ; file 1B8CB7
db 0x17, 0xBD, 0x04, 0x1E, 0xAF, 0xAF, 0xAF, 0xA4, 0x03, 0xA4, 0x3E, 0xA4, 0x03, 0xA6, 0x3E, 0xA8 ; file 1B8CC7
db 0x03, 0xA6, 0x3E, 0xA8, 0x12, 0x12, 0x12, 0xA4, 0x12, 0xA4, 0xA4, 0xA4, 0x12, 0x59, 0x04, 0x1E ; file 1B8CD7
db 0x03, 0x1E, 0x04, 0x1E, 0x01, 0x01, 0x01, 0xC0, 0x01, 0xC0, 0xC0, 0xC0, 0x01, 0x01, 0xC6, 0xC0 ; file 1B8CE7
db 0xC6, 0xC0, 0xC6, 0xC0, 0x01, 0x0E, 0x8C, 0x8C, 0x01, 0xC0, 0xC0, 0xC0, 0x01, 0x3A, 0xC6, 0x8C ; file 1B8CF7
db 0xC6, 0x3A, 0xC6, 0xC0, 0xAF, 0x0E, 0x36, 0x1C, 0xAF, 0xC0, 0x16, 0xC0, 0xAF, 0x0E, 0x93, 0xB7 ; file 1B8D07
db 0x93, 0x93, 0x93, 0x93, 0x0E, 0x0E, 0x1C, 0x1C, 0x0E, 0x0E, 0x16, 0x1C, 0x0E, 0x0E, 0xB7, 0xB7 ; file 1B8D17
db 0x93, 0x0E, 0x93, 0x85, 0xAF, 0xAF, 0xAF, 0xC0, 0xC2, 0xC0, 0x16, 0xC0, 0x02, 0x02, 0x02, 0xA5 ; file 1B8D27
db 0xC7, 0xC7, 0x93, 0x39, 0xAF, 0x08, 0x08, 0x08, 0xC2, 0xC0, 0x16, 0xC0, 0x02, 0x59, 0xA5, 0xA5 ; file 1B8D37
db 0xC7, 0xC7, 0x93, 0x85, 0xAF, 0xAF, 0xAF, 0x08, 0xAF, 0xAF, 0x16, 0x16, 0xAF, 0xAF, 0x93, 0x93 ; file 1B8D47
db 0x93, 0x93, 0x93, 0x93, 0xAF, 0x08, 0x08, 0x08, 0xAF, 0x08, 0x16, 0x08, 0xAF, 0xAB, 0x93, 0xAB ; file 1B8D57
db 0x93, 0x85, 0x93, 0x85, 0x01, 0x01, 0x01, 0x8C, 0x01, 0x01, 0x01, 0xC0, 0x01, 0x01, 0x01, 0x8C ; file 1B8D67
db 0x01, 0xAE, 0x93, 0x39, 0x01, 0x8C, 0x8C, 0x8C, 0x01, 0x8C, 0x8C, 0x8C, 0x01, 0x3A, 0x8C, 0x8C ; file 1B8D77
db 0x01, 0x3A, 0x93, 0x85, 0xAF, 0xAF, 0xAF, 0x8C, 0xAF, 0xAF, 0x93, 0x93, 0xAF, 0xAF, 0x93, 0x93 ; file 1B8D87
db 0x93, 0x93, 0x93, 0x93, 0xAF, 0x0E, 0x8C, 0x8C, 0xAF, 0xA4, 0x93, 0xA4, 0xAF, 0x3A, 0x93, 0x85 ; file 1B8D97
db 0x93, 0x85, 0x93, 0x85, 0xAF, 0xAF, 0xAF, 0x8C, 0xAF, 0xAE, 0x93, 0x39, 0x02, 0x02, 0x02, 0xA5 ; file 1B8DA7
db 0x02, 0xAE, 0x93, 0x39, 0xAF, 0x59, 0x8C, 0x8C, 0xAF, 0x09, 0x93, 0x09, 0x02, 0x59, 0xA5, 0xA5 ; file 1B8DB7
db 0x02, 0x59, 0x93, 0x85, 0xAF, 0xAF, 0xAF, 0xAF, 0xAF, 0xAF, 0x93, 0x93, 0xAF, 0xAF, 0x93, 0x93 ; file 1B8DC7
db 0x93, 0x93, 0x93, 0x93, 0xAF, 0xAF, 0xAF, 0x08, 0xAF, 0x09, 0x93, 0x09, 0xAF, 0x59, 0x93, 0x85 ; file 1B8DD7
db 0x93, 0x85, 0x93, 0x85, 0x11, 0x11, 0x11, 0x11, 0x11, 0x11, 0x11, 0xC0, 0x11, 0x11, 0x11, 0xDC ; file 1B8DE7
db 0x11, 0xDC, 0xC1, 0xDC, 0x11, 0x07, 0x11, 0x1C, 0x11, 0x07, 0x11, 0x1C, 0x11, 0x3A, 0xB7, 0xB7 ; file 1B8DF7
db 0xCE, 0x3A, 0xC1, 0xDC, 0x11, 0x07, 0x11, 0x1C, 0x11, 0x07, 0x11, 0x1C, 0x11, 0xB7, 0xB7, 0xB7 ; file 1B8E07
db 0x03, 0xA6, 0x93, 0xDC, 0x07, 0x07, 0x1C, 0x1C, 0x07, 0x07, 0x1C, 0x1C, 0xB7, 0xB7, 0xB7, 0xB7 ; file 1B8E17
db 0xCE, 0xAA, 0x04, 0xB7, 0x11, 0x11, 0x11, 0x08, 0x11, 0xAE, 0x11, 0xC0, 0x02, 0xAE, 0x02, 0xAB ; file 1B8E27
db 0x1A, 0xAE, 0x1A, 0xDC, 0x11, 0x08, 0x08, 0x08, 0x11, 0x08, 0x04, 0x08, 0x02, 0x3A, 0xAB, 0xAB ; file 1B8E37
db 0x1A, 0xAE, 0x04, 0xAB, 0xAF, 0x08, 0x08, 0x08, 0x03, 0xA6, 0x16, 0x08, 0x03, 0xA6, 0x93, 0xAB ; file 1B8E47
db 0x03, 0xA6, 0x93, 0x93, 0x12, 0x08, 0x08, 0x08, 0x12, 0x08, 0x04, 0x08, 0x12, 0xAB, 0xAB, 0xAB ; file 1B8E57
db 0x03, 0xA6, 0x04, 0xAB, 0x01, 0x01, 0x01, 0x8C, 0x01, 0xAE, 0x01, 0xA4, 0xCB, 0x3A, 0xCB, 0x3A ; file 1B8E67
db 0x1A, 0xAE, 0x1A, 0xDC, 0x01, 0x3A, 0x8C, 0x8C, 0x01, 0x3A, 0xA4, 0xA4, 0x3A, 0x3A, 0x3A, 0x3A ; file 1B8E77
db 0x1A, 0x3A, 0x04, 0x3A, 0xAF, 0xAF, 0xAF, 0x1C, 0x03, 0xA4, 0x93, 0xA4, 0xCB, 0x3A, 0x93, 0xB7 ; file 1B8E87
db 0x03, 0xA6, 0x93, 0x93, 0x12, 0x07, 0x12, 0x1C, 0x12, 0xA4, 0xA4, 0xA4, 0x12, 0x3A, 0x04, 0xB7 ; file 1B8E97
db 0x03, 0xAA, 0x04, 0xA4, 0xAF, 0xAE, 0xAF, 0x08, 0x1A, 0xAE, 0x1A, 0x09, 0x02, 0xAE, 0x02, 0xA5 ; file 1B8EA7
db 0x1A, 0xAE, 0x1A, 0xAE, 0x12, 0x12, 0x12, 0x08, 0x12, 0x09, 0x04, 0x09, 0x02, 0x3A, 0x04, 0xA5 ; file 1B8EB7
db 0x1A, 0xAE, 0x04, 0xDD, 0xAF, 0xAF, 0xAF, 0x08, 0x03, 0xA6, 0x93, 0x09, 0x03, 0xA6, 0x93, 0x93 ; file 1B8EC7
db 0x03, 0xA6, 0x93, 0x93, 0x12, 0x12, 0x12, 0x08, 0x12, 0x09, 0x04, 0x09, 0x12, 0x12, 0x04, 0xAB ; file 1B8ED7
db 0x03, 0xA6, 0x04, 0xDD, 0x10, 0x10, 0x10, 0x10, 0x10, 0x10, 0x10, 0x98, 0x10, 0x10, 0x10, 0x98 ; file 1B8EE7
db 0x10, 0x98, 0x98, 0x98, 0x10, 0x35, 0x10, 0x35, 0x10, 0x35, 0x10, 0x98, 0x10, 0x9D, 0x10, 0x98 ; file 1B8EF7
db 0x10, 0x98, 0x98, 0x98, 0x10, 0x10, 0x10, 0x10, 0x10, 0x10, 0x10, 0x98, 0x10, 0x10, 0x10, 0x98 ; file 1B8F07
db 0x10, 0x98, 0x98, 0x98, 0x10, 0x35, 0x10, 0xC5, 0x10, 0xC5, 0xC5, 0xC5, 0x10, 0x9D, 0xAD, 0xAD ; file 1B8F17
db 0x10, 0x38, 0x38, 0x38, 0x10, 0x10, 0x10, 0x10, 0x10, 0x10, 0x10, 0x98, 0x10, 0x10, 0x10, 0x98 ; file 1B8F27
db 0x10, 0x98, 0x98, 0x98, 0x10, 0x35, 0x10, 0xC5, 0x10, 0xC5, 0xC5, 0xC5, 0x10, 0x9D, 0x10, 0x98 ; file 1B8F37
db 0xB6, 0xB6, 0x98, 0x98, 0x10, 0x10, 0x10, 0xC5, 0x10, 0xC5, 0xC5, 0xC5, 0x10, 0x10, 0x10, 0x5A ; file 1B8F47
db 0x10, 0x5A, 0x5A, 0x5A, 0xC4, 0xC4, 0xC4, 0xC5, 0xC4, 0xC5, 0xC5, 0xC5, 0xC4, 0x9D, 0xC4, 0xC5 ; file 1B8F57
db 0xC4, 0xC5, 0xC5, 0xC5, 0x10, 0x10, 0x10, 0x10, 0x10, 0x10, 0x10, 0x98, 0x2C, 0x9B, 0x2C, 0x98 ; file 1B8F67
db 0x2C, 0x98, 0x98, 0x98, 0x10, 0x35, 0x10, 0x35, 0x10, 0x35, 0x10, 0x98, 0x2C, 0x9B, 0x2C, 0xAD ; file 1B8F77
db 0x2C, 0xB6, 0x98, 0x98, 0x10, 0x10, 0x10, 0xAD, 0x10, 0x10, 0x10, 0x5A, 0x2C, 0x9B, 0x2C, 0xAD ; file 1B8F87
db 0x2C, 0x5A, 0x5A, 0x5A, 0xC4, 0xC4, 0xC4, 0xAD, 0xC4, 0xC4, 0xC4, 0xC5, 0xC4, 0xAD, 0xAD, 0xAD ; file 1B8F97
db 0xC4, 0xDB, 0xDB, 0xDB, 0x10, 0x10, 0x10, 0x10, 0x10, 0xB6, 0x10, 0x39, 0x2C, 0x9B, 0x2C, 0x39 ; file 1B8FA7
db 0x2C, 0xB6, 0x39, 0x39, 0xC4, 0xC4, 0xC4, 0xC4, 0xC4, 0xB6, 0xC4, 0xC5, 0xC4, 0xB6, 0xC4, 0xDB ; file 1B8FB7
db 0xB6, 0xB6, 0xDB, 0xDB, 0xC4, 0xC4, 0xC4, 0x4E, 0xC4, 0x5A, 0x5A, 0x5A, 0xC4, 0x5A, 0x5A, 0x5A ; file 1B8FC7
db 0x5A, 0x5A, 0x5A, 0x5A, 0xC4, 0xC4, 0xC4, 0xC4, 0xC4, 0xC4, 0xC4, 0xC5, 0xC4, 0xC4, 0xC4, 0xDB ; file 1B8FD7
db 0xC4, 0xDB, 0xDB, 0xDB, 0x10, 0x35, 0x10, 0x35, 0x10, 0x35, 0x10, 0x98, 0x10, 0x9D, 0x10, 0x98 ; file 1B8FE7
db 0x10, 0x98, 0x98, 0x98, 0x35, 0x35, 0x35, 0x35, 0x35, 0x35, 0x35, 0x35, 0x9D, 0x9D, 0x9D, 0x9D ; file 1B8FF7
db 0x9D, 0x9D, 0x38, 0x38, 0x10, 0x35, 0xC3, 0xC3, 0x10, 0x35, 0xC3, 0x38, 0x10, 0x9D, 0xC3, 0x38 ; file 1B9007
db 0x10, 0x38, 0x38, 0x38, 0x35, 0x35, 0xC3, 0x35, 0x35, 0x35, 0x38, 0x38, 0x9D, 0x9D, 0x38, 0x38 ; file 1B9017
db 0x38, 0x38, 0x38, 0x38, 0x10, 0x35, 0x10, 0x35, 0x10, 0x35, 0xD2, 0x98, 0x10, 0x9D, 0x10, 0x98 ; file 1B9027
db 0xB6, 0xB6, 0x98, 0x98, 0x35, 0x35, 0x35, 0x35, 0x35, 0x35, 0xC5, 0xC5, 0x9D, 0x9D, 0x9D, 0x9D ; file 1B9037
db 0xB6, 0xB6, 0xB6, 0xB6, 0x10, 0x35, 0xC3, 0xC3, 0xD2, 0xC5, 0xD2, 0xC5, 0x10, 0x9D, 0xC3, 0x38 ; file 1B9047
db 0x03, 0xB6, 0xD2, 0x38, 0xC4, 0x35, 0xC3, 0xC5, 0xC4, 0xC5, 0xC5, 0xC5, 0x9D, 0x9D, 0x38, 0x38 ; file 1B9057
db 0xB6, 0xB6, 0x38, 0x38, 0x10, 0x35, 0x10, 0x35, 0x10, 0x35, 0x10, 0x98, 0x2C, 0x9B, 0x2C, 0x98 ; file 1B9067
db 0x2C, 0xB6, 0x98, 0x98, 0x35, 0x35, 0x35, 0x35, 0x35, 0x35, 0x35, 0x35, 0x9D, 0x9D, 0x9D, 0x9D ; file 1B9077
db 0x8F, 0xB6, 0x8F, 0xB6, 0x10, 0x35, 0xC3, 0xC3, 0x10, 0x35, 0xC3, 0x38, 0x2C, 0x9B, 0xC3, 0xAD ; file 1B9087
db 0x03, 0xAA, 0x38, 0x38, 0xC4, 0x35, 0xC3, 0x35, 0xC4, 0x35, 0x38, 0x38, 0x9D, 0x9D, 0xAD, 0xAD ; file 1B9097
db 0x8F, 0xAA, 0x38, 0x38, 0x10, 0x35, 0x10, 0x35, 0xB6, 0xB6, 0x8E, 0xB6, 0x2C, 0xB6, 0x2C, 0xB6 ; file 1B90A7
db 0xB6, 0xB6, 0x8E, 0xB6, 0xC4, 0x35, 0xC4, 0x35, 0xB6, 0xB6, 0xB6, 0xB6, 0xB6, 0xB6, 0xB6, 0xB6 ; file 1B90B7
db 0xB6, 0xB6, 0xB6, 0xB6, 0xC4, 0xC4, 0xC3, 0x4E, 0xC4, 0xB6, 0xD2, 0x5A, 0xC4, 0xB6, 0x5A, 0x5A ; file 1B90C7
db 0x03, 0xB6, 0x5A, 0x5A, 0xC4, 0xC4, 0xC4, 0xC4, 0xC4, 0xB6, 0xC4, 0xC5, 0xC4, 0xB6, 0xC4, 0xDB ; file 1B90D7
db 0xB6, 0xB6, 0xDB, 0xDB, 0x10, 0x10, 0x10, 0x10, 0x10, 0x10, 0x10, 0x98, 0x10, 0x10, 0x10, 0x98 ; file 1B90E7
db 0x10, 0x98, 0x98, 0x98, 0x06, 0x35, 0x06, 0x35, 0x06, 0x35, 0x06, 0x38, 0x06, 0x9D, 0x06, 0x38 ; file 1B90F7
db 0x8F, 0x38, 0x38, 0x38, 0x10, 0x07, 0xC3, 0xC3, 0x10, 0x07, 0xC3, 0x38, 0x10, 0x07, 0xC3, 0x38 ; file 1B9107
db 0x10, 0x38, 0x38, 0x38, 0x06, 0x07, 0xC3, 0x07, 0x06, 0x07, 0x38, 0x38, 0x06, 0x07, 0x38, 0x38 ; file 1B9117
db 0x38, 0x38, 0x38, 0x38, 0x10, 0x10, 0x10, 0x10, 0xC2, 0xC2, 0xC2, 0x4C, 0x02, 0x02, 0x02, 0x98 ; file 1B9127
db 0xC2, 0x98, 0x98, 0x98, 0x06, 0x35, 0x06, 0xC5, 0xC2, 0xC2, 0xC2, 0xC5, 0x02, 0x9D, 0xA5, 0xA5 ; file 1B9137
db 0xC2, 0xB6, 0x38, 0x38, 0x10, 0x07, 0xC3, 0x4C, 0xC2, 0x4C, 0xD2, 0x4C, 0x02, 0x02, 0xC3, 0x38 ; file 1B9147
db 0xC2, 0x38, 0xD2, 0x38, 0xC4, 0x07, 0xC3, 0xC5, 0xC2, 0xC5, 0xC5, 0xC5, 0xC4, 0x07, 0x38, 0x38 ; file 1B9157
db 0x38, 0x38, 0x38, 0x38, 0x10, 0x10, 0x10, 0x10, 0x10, 0x10, 0x10, 0x98, 0x2C, 0x9B, 0x2C, 0x98 ; file 1B9167
db 0x2C, 0x98, 0x98, 0x98, 0x06, 0x35, 0x06, 0x35, 0x8F, 0x35, 0x8F, 0x38, 0x2C, 0x3A, 0x2C, 0xA5 ; file 1B9177
db 0x8F, 0x8F, 0x8F, 0x38, 0x10, 0x07, 0xC3, 0xC3, 0x10, 0xAA, 0xC3, 0x38, 0x2C, 0x9B, 0xC3, 0xAD ; file 1B9187
db 0x03, 0xAA, 0x38, 0x38, 0xC4, 0x07, 0xC3, 0xAD, 0xC4, 0xAA, 0x38, 0x38, 0xC4, 0xAA, 0xAD, 0xAD ; file 1B9197
db 0x8F, 0xAA, 0x38, 0x38, 0x02, 0x02, 0x02, 0xA5, 0xC2, 0xC2, 0xC2, 0x39, 0x02, 0x02, 0x02, 0xA5 ; file 1B91A7
db 0x02, 0xAE, 0x02, 0x39, 0xC4, 0xC4, 0xC4, 0xA5, 0xC2, 0xB6, 0xA9, 0xC5, 0x02, 0xA5, 0xA5, 0xA5 ; file 1B91B7
db 0x8F, 0xB6, 0xA9, 0xDB, 0xC4, 0xC4, 0xC3, 0x4C, 0xC2, 0x4C, 0xD2, 0x4C, 0x02, 0x02, 0x02, 0x5A ; file 1B91C7
db 0x03, 0x5A, 0x5A, 0x5A, 0xC4, 0xC4, 0xC4, 0xC4, 0xC4, 0xC4, 0xC4, 0xC5, 0xC4, 0xC4, 0xC4, 0xDB ; file 1B91D7
db 0xC4, 0xDB, 0xDB, 0xDB, 0x06, 0x35, 0xC3, 0xC3, 0x06, 0x35, 0xC1, 0x38, 0x06, 0x9D, 0xC1, 0x38 ; file 1B91E7
db 0xC1, 0x38, 0xC1, 0x38, 0x06, 0x35, 0x06, 0x35, 0x06, 0x35, 0x06, 0x38, 0x06, 0x9D, 0x06, 0x38 ; file 1B91F7
db 0x8F, 0x38, 0x38, 0x38, 0xC3, 0x07, 0xC3, 0xC3, 0xC3, 0x07, 0xC3, 0x38, 0xC3, 0x07, 0xC3, 0x38 ; file 1B9207
db 0x38, 0x38, 0x38, 0x38, 0x06, 0x07, 0xC3, 0x07, 0x06, 0x07, 0x38, 0x38, 0x06, 0x07, 0x38, 0x38 ; file 1B9217
db 0x38, 0x38, 0x38, 0x38, 0x06, 0x35, 0xC3, 0xC3, 0xC2, 0xC2, 0xD2, 0xD2, 0x02, 0x9D, 0xC1, 0x38 ; file 1B9227
db 0x1A, 0xAE, 0xC1, 0x38, 0x06, 0x35, 0x06, 0x08, 0x06, 0x35, 0xD2, 0x15, 0x06, 0x9D, 0x06, 0x38 ; file 1B9237
db 0x8F, 0xB6, 0x38, 0x38, 0xC3, 0x07, 0xC3, 0xC3, 0xD2, 0xD2, 0xD2, 0xD2, 0xC3, 0x07, 0xC3, 0x38 ; file 1B9247
db 0x03, 0x38, 0xD2, 0x38, 0xB2, 0x07, 0xC3, 0x08, 0xB2, 0x07, 0xD2, 0x15, 0xB2, 0x07, 0x38, 0x38 ; file 1B9257
db 0x38, 0x38, 0x38, 0x38, 0x06, 0x35, 0xC3, 0xC3, 0x8F, 0x35, 0xC1, 0xB3, 0x2C, 0x3A, 0xC1, 0xB3 ; file 1B9267
db 0x8F, 0x8F, 0xC1, 0xB3, 0x06, 0x35, 0x06, 0x35, 0x8F, 0x35, 0x8F, 0x38, 0x8F, 0x3A, 0x8F, 0x38 ; file 1B9277
db 0x8F, 0x8F, 0x8F, 0x38, 0xC3, 0x07, 0xC3, 0xC3, 0xC3, 0xAA, 0xC3, 0x38, 0xC3, 0xAA, 0xC3, 0x38 ; file 1B9287
db 0x03, 0xAA, 0x38, 0x38, 0x06, 0x07, 0xC3, 0x07, 0x8F, 0xAA, 0x38, 0x38, 0x8F, 0xAA, 0x38, 0x38 ; file 1B9297
db 0x8F, 0xAA, 0x38, 0x38, 0x02, 0x35, 0xC3, 0xC3, 0x1A, 0xAE, 0xD2, 0x09, 0x02, 0xAE, 0x02, 0xA5 ; file 1B92A7
db 0x1A, 0xAE, 0x1A, 0xAE, 0x06, 0x35, 0x06, 0x08, 0x8F, 0xB6, 0xA9, 0x09, 0x8F, 0xB6, 0xA9, 0xA5 ; file 1B92B7
db 0x8F, 0xB6, 0xA9, 0xB1, 0x12, 0x07, 0xC3, 0xC3, 0x03, 0xA6, 0xD2, 0x09, 0x03, 0xA6, 0xC3, 0xB1 ; file 1B92C7
db 0x03, 0xA6, 0x03, 0xB1, 0x12, 0x07, 0x12, 0x08, 0x12, 0x09, 0x04, 0x09, 0x12, 0xAA, 0x04, 0xB1 ; file 1B92D7
db 0x03, 0xAA, 0x04, 0xB1, 0x10, 0x10, 0x10, 0x10, 0x10, 0x10, 0x10, 0x98, 0x10, 0x10, 0x10, 0x98 ; file 1B92E7
db 0x10, 0x98, 0x98, 0x98, 0x10, 0x35, 0x10, 0x35, 0x10, 0x35, 0x10, 0x98, 0x10, 0x9D, 0x10, 0x98 ; file 1B92F7
db 0x10, 0x98, 0x98, 0x98, 0x10, 0x07, 0x10, 0x07, 0x10, 0x07, 0x10, 0x98, 0x10, 0x07, 0x10, 0x98 ; file 1B9307
db 0x10, 0x98, 0x98, 0x98, 0x07, 0x07, 0x07, 0x07, 0x07, 0x07, 0xC5, 0xC5, 0x07, 0x07, 0xAD, 0xAD ; file 1B9317
db 0xAA, 0xAA, 0x38, 0x38, 0x10, 0x10, 0x10, 0x10, 0xC2, 0xC2, 0xC2, 0x39, 0x02, 0x57, 0x02, 0x39 ; file 1B9327
db 0xC2, 0x39, 0x39, 0x39, 0x10, 0x35, 0x10, 0xC5, 0xC2, 0x53, 0xC2, 0xC5, 0x02, 0x9D, 0xA5, 0xA5 ; file 1B9337
db 0xC2, 0xB6, 0x39, 0x39, 0x10, 0x07, 0x10, 0xC5, 0xC2, 0xC2, 0x16, 0xC5, 0x02, 0x57, 0x02, 0x39 ; file 1B9347
db 0xC2, 0x39, 0x16, 0x39, 0xC4, 0x07, 0xC4, 0xC5, 0xC2, 0xC5, 0xC5, 0xC5, 0xC4, 0x07, 0xAB, 0xAB ; file 1B9357
db 0xC2, 0xC5, 0xC5, 0xC5, 0x01, 0x01, 0x01, 0x8C, 0x01, 0x01, 0x01, 0x39, 0x2C, 0x9B, 0x2C, 0x39 ; file 1B9367
db 0x2C, 0x39, 0x39, 0x39, 0x01, 0x35, 0x8C, 0x8C, 0x01, 0x35, 0x8C, 0x8C, 0x2C, 0x3A, 0x2C, 0x8C ; file 1B9377
db 0x2C, 0xAA, 0x39, 0x39, 0x01, 0x01, 0x01, 0x8C, 0x01, 0xAA, 0x01, 0x39, 0x2C, 0x9B, 0x2C, 0xAD ; file 1B9387
db 0x03, 0xAA, 0x39, 0x39, 0xC4, 0x07, 0xC4, 0x8C, 0xC4, 0xAA, 0xA4, 0xA4, 0xC4, 0xAA, 0xAD, 0xAD ; file 1B9397
db 0xAA, 0xAA, 0xDB, 0xDB, 0x01, 0x57, 0x01, 0x39, 0xC2, 0x39, 0x39, 0x39, 0x02, 0x57, 0x02, 0x39 ; file 1B93A7
db 0x02, 0x39, 0x39, 0x39, 0xC4, 0xC4, 0xC4, 0x8C, 0xC2, 0xB6, 0x39, 0x39, 0x02, 0x57, 0xA5, 0xA5 ; file 1B93B7
db 0xB6, 0xB6, 0x39, 0x39, 0xC4, 0xC4, 0xC4, 0x39, 0xC2, 0x39, 0x16, 0x39, 0x02, 0x57, 0x02, 0x39 ; file 1B93C7
db 0x03, 0x39, 0x39, 0x39, 0xC4, 0xC4, 0xC4, 0xC4, 0xC4, 0xC4, 0xC4, 0xC5, 0xC4, 0xC4, 0xC4, 0xDB ; file 1B93D7
db 0xC4, 0xDB, 0xDB, 0xDB, 0x10, 0x35, 0x10, 0x35, 0x10, 0x35, 0xC1, 0x98, 0x10, 0x9D, 0xC1, 0x98 ; file 1B93E7
db 0xC1, 0x98, 0xC1, 0x98, 0x35, 0x35, 0x35, 0x35, 0x35, 0x35, 0xC1, 0x35, 0x9D, 0x9D, 0x9D, 0x9D ; file 1B93F7
db 0x9D, 0x9D, 0xC1, 0xB0, 0x07, 0x07, 0xC3, 0x07, 0x07, 0x07, 0xC1, 0x07, 0x07, 0x07, 0xC1, 0xB7 ; file 1B9407
db 0xC1, 0xAA, 0xC1, 0x38, 0x07, 0x07, 0x07, 0x07, 0x07, 0x07, 0x07, 0x07, 0x07, 0x07, 0xB7, 0xB7 ; file 1B9417
db 0xAA, 0xAA, 0x38, 0x38, 0x10, 0x35, 0x10, 0x08, 0xC2, 0x53, 0xC1, 0x15, 0x02, 0x9D, 0xC1, 0x39 ; file 1B9427
db 0x1A, 0xAE, 0xC1, 0x39, 0x35, 0x35, 0x08, 0x08, 0x53, 0x53, 0x15, 0x15, 0x9D, 0x9D, 0x9D, 0x9D ; file 1B9437
db 0xB6, 0xB6, 0xC1, 0xB0, 0xB2, 0x07, 0xC3, 0x08, 0xC2, 0x07, 0xD2, 0x15, 0x03, 0x07, 0xAB, 0xAB ; file 1B9447
db 0x03, 0xA6, 0xC1, 0xA8, 0xB2, 0x07, 0x08, 0x08, 0xB2, 0x07, 0x15, 0x15, 0xB2, 0x07, 0xAB, 0xAB ; file 1B9457
db 0x03, 0xAA, 0x04, 0x15, 0x01, 0x35, 0x01, 0x35, 0x01, 0x35, 0xC1, 0x39, 0x2C, 0x3A, 0xC1, 0x39 ; file 1B9467
db 0x1A, 0xAA, 0xC1, 0x39, 0xC9, 0x35, 0xC9, 0x35, 0xC9, 0x35, 0xA4, 0xA4, 0x3A, 0x3A, 0x3A, 0x3A ; file 1B9477
db 0x8F, 0xAA, 0xC1, 0xAA, 0x01, 0x07, 0xC3, 0x07, 0x03, 0xAA, 0xA4, 0xA4, 0x03, 0xAA, 0xC1, 0xA8 ; file 1B9487
db 0x03, 0xAA, 0xC1, 0xA8, 0x07, 0x07, 0x07, 0x07, 0xAA, 0xAA, 0xA4, 0xA4, 0xAA, 0xAA, 0x04, 0xAA ; file 1B9497
db 0xAA, 0xAA, 0x04, 0xAA, 0x01, 0x35, 0x01, 0x39, 0x1A, 0xAE, 0x1A, 0x39, 0x02, 0x57, 0x02, 0x39 ; file 1B94A7
db 0x1A, 0xAE, 0x1A, 0x39, 0x12, 0x35, 0x12, 0x08, 0xB6, 0xB6, 0x04, 0x09, 0xB6, 0xB6, 0x04, 0xA5 ; file 1B94B7
db 0xB6, 0xB6, 0x04, 0xB6, 0x12, 0x07, 0x12, 0x08, 0x03, 0xA6, 0x03, 0x09, 0x03, 0xA6, 0x03, 0xA8 ; file 1B94C7
db 0x03, 0xA6, 0x03, 0xA8, 0x12, 0x07, 0x12, 0x08, 0x12, 0x09, 0x04, 0x09, 0x12, 0xAA, 0x04, 0xA2 ; file 1B94D7
db 0x03, 0xAA, 0x04, 0xA2, 0x10, 0x07, 0x10, 0xC0, 0xC2, 0xC0, 0xC0, 0xC0, 0x02, 0x02, 0xC1, 0x98 ; file 1B94E7
db 0xC1, 0x98, 0xC1, 0x98, 0x06, 0x07, 0x06, 0x07, 0xC2, 0x07, 0xC0, 0xC0, 0x02, 0x07, 0xC1, 0xA5 ; file 1B94F7
db 0xC1, 0xAA, 0xC1, 0x38, 0x07, 0x07, 0xC3, 0x07, 0xC2, 0x07, 0x16, 0xC0, 0x02, 0x07, 0xC1, 0xB7 ; file 1B9507
db 0xC1, 0xAA, 0xC1, 0x38, 0x07, 0x07, 0x07, 0x07, 0x07, 0x07, 0x07, 0x07, 0x07, 0x07, 0xB7, 0xB7 ; file 1B9517
db 0xAA, 0xAA, 0x38, 0x38, 0xC2, 0xC2, 0xC2, 0xC0, 0xC2, 0xC2, 0xC2, 0xC0, 0x02, 0x02, 0x02, 0xA5 ; file 1B9527
db 0xC2, 0xC2, 0xC1, 0x39, 0xC2, 0x07, 0xC2, 0x08, 0xC2, 0xC2, 0xC2, 0x15, 0x02, 0xA5, 0xA5, 0xA5 ; file 1B9537
db 0xC2, 0xC2, 0xC1, 0xA5, 0xC2, 0x07, 0x16, 0x08, 0xC2, 0xC2, 0x16, 0x15, 0x02, 0x02, 0x02, 0xAB ; file 1B9547
db 0xC2, 0xA6, 0x16, 0x15, 0xB2, 0x07, 0x08, 0x08, 0xC2, 0x07, 0x15, 0x15, 0xB2, 0x07, 0xAB, 0xAB ; file 1B9557
db 0xC2, 0xAA, 0x04, 0x15, 0x01, 0x01, 0x01, 0xC0, 0xC2, 0xC0, 0xC0, 0xC0, 0x02, 0x02, 0x02, 0xA5 ; file 1B9567
db 0x02, 0xAA, 0xC1, 0x39, 0x01, 0x07, 0x8C, 0x8C, 0xC2, 0xAA, 0xC0, 0xC0, 0x02, 0x3A, 0xA5, 0xA5 ; file 1B9577
db 0x8F, 0xAA, 0xC1, 0xA5, 0xAF, 0x07, 0xC3, 0x07, 0xC2, 0xAA, 0x16, 0xC0, 0x02, 0xAA, 0x02, 0xA5 ; file 1B9587
db 0x03, 0xAA, 0x93, 0xAA, 0x07, 0x07, 0x07, 0x07, 0xAA, 0xAA, 0x04, 0x09, 0xAA, 0xAA, 0x04, 0xA5 ; file 1B9597
db 0xAA, 0xAA, 0x04, 0xAA, 0x02, 0x02, 0x02, 0xA5, 0xC2, 0xC2, 0xC2, 0x39, 0x02, 0x02, 0x02, 0xA5 ; file 1B95A7
db 0x02, 0xAE, 0x02, 0x39, 0x02, 0xA5, 0xA5, 0xA5, 0xC2, 0xC2, 0xC2, 0x09, 0x02, 0xA5, 0xA5, 0xA5 ; file 1B95B7
db 0x02, 0xA5, 0x04, 0xA5, 0xAF, 0xAF, 0xAF, 0x08, 0xC2, 0xA6, 0x16, 0x09, 0x02, 0x02, 0x02, 0xA5 ; file 1B95C7
db 0x03, 0xA6, 0x93, 0x39, 0x12, 0x07, 0x12, 0x08, 0x12, 0x09, 0x04, 0x09, 0x02, 0xA5, 0x04, 0xA5 ; file 1B95D7
db 0x03, 0xAA, 0x04, 0xA2, 0x11, 0x07, 0x11, 0x07, 0x11, 0x07, 0xC1, 0xC0, 0x11, 0x07, 0xC1, 0xC1 ; file 1B95E7
db 0xC1, 0xC1, 0xC1, 0xC1, 0x06, 0x07, 0x06, 0x07, 0x06, 0x07, 0xC1, 0x07, 0x06, 0x07, 0xC1, 0xB7 ; file 1B95F7
db 0xC1, 0xAA, 0xC1, 0x38, 0x07, 0x07, 0xC3, 0x07, 0x07, 0x07, 0xC1, 0x07, 0x07, 0x07, 0xC1, 0xB7 ; file 1B9607
db 0xC1, 0xAA, 0xC1, 0x38, 0x07, 0x07, 0x07, 0x07, 0x07, 0x07, 0x07, 0x07, 0x07, 0x07, 0xB7, 0xB7 ; file 1B9617
db 0xAA, 0xAA, 0x38, 0x38, 0x11, 0x07, 0x11, 0x08, 0xC2, 0xC2, 0xC1, 0x15, 0x02, 0xAE, 0xC1, 0xAB ; file 1B9627
db 0x1A, 0xAE, 0xC1, 0xC1, 0xB2, 0x07, 0x08, 0x08, 0xC2, 0x07, 0x15, 0x15, 0xB2, 0x07, 0xAB, 0xAB ; file 1B9637
db 0x1A, 0xAA, 0xC1, 0x15, 0xB2, 0x07, 0xC3, 0x08, 0xC2, 0x07, 0xD2, 0x15, 0x03, 0x07, 0xAB, 0xAB ; file 1B9647
db 0x03, 0xA6, 0xC1, 0x15, 0xB2, 0x07, 0x08, 0x08, 0xB2, 0x07, 0x15, 0x15, 0xB2, 0x07, 0xAB, 0xAB ; file 1B9657
db 0x03, 0xAA, 0x04, 0x15, 0x11, 0x07, 0x11, 0x07, 0x11, 0xAA, 0xC1, 0xC0, 0x02, 0x3A, 0xC1, 0x3A ; file 1B9667
db 0x1A, 0xAA, 0xC1, 0xC1, 0x06, 0x07, 0x06, 0x07, 0x8F, 0xAA, 0xC1, 0x09, 0x3A, 0x3A, 0x3A, 0x3A ; file 1B9677
db 0x8F, 0xAA, 0xC1, 0xAA, 0x07, 0x07, 0xC3, 0x07, 0x03, 0xAA, 0xC1, 0x09, 0x03, 0xAA, 0xC1, 0xAA ; file 1B9687
db 0x03, 0xAA, 0xC1, 0xAA, 0x07, 0x07, 0x07, 0x07, 0xAA, 0xAA, 0x04, 0x09, 0xAA, 0xAA, 0x04, 0xAA ; file 1B9697
db 0xAA, 0xAA, 0x04, 0xAA, 0x02, 0xAE, 0x02, 0x08, 0x1A, 0xAE, 0x1A, 0x09, 0x02, 0xAE, 0x02, 0xA5 ; file 1B96A7
db 0x1A, 0xAE, 0x1A, 0xAE, 0x12, 0x07, 0x12, 0x08, 0x12, 0x09, 0x04, 0x09, 0x02, 0x3A, 0x04, 0xA5 ; file 1B96B7
db 0x1A, 0xAA, 0x04, 0xA2, 0x12, 0x07, 0x12, 0x08, 0x03, 0xA6, 0x03, 0x09, 0x03, 0xA6, 0x03, 0xA2 ; file 1B96C7
db 0x03, 0xA6, 0x03, 0xA2, 0x12, 0x07, 0x12, 0x08, 0x12, 0x09, 0x04, 0x09, 0x12, 0xAA, 0x04, 0xA2 ; file 1B96D7
db 0x03, 0xAA, 0x04, 0xA2, 0x10, 0x10, 0x10, 0xCA, 0x10, 0x10, 0x10, 0x98, 0x2C, 0x9B, 0x2C, 0x98 ; file 1B96E7
db 0x2C, 0x98, 0x98, 0x98, 0x10, 0x35, 0xCA, 0xCA, 0x10, 0x35, 0xCA, 0xCA, 0x2C, 0x9B, 0x2C, 0xAD ; file 1B96F7
db 0x2C, 0x98, 0x98, 0x98, 0x10, 0x10, 0x10, 0xAD, 0x10, 0x10, 0x10, 0x98, 0x2C, 0x9B, 0x2C, 0xAD ; file 1B9707
db 0x2C, 0x98, 0x98, 0x98, 0x10, 0x35, 0xAD, 0xAD, 0x10, 0xC5, 0xC5, 0xC5, 0x2C, 0xAD, 0xAD, 0xAD ; file 1B9717
db 0x2C, 0xAD, 0xAD, 0xAD, 0x10, 0x10, 0x10, 0xCA, 0x10, 0x10, 0x10, 0x39, 0x2C, 0x9B, 0x2C, 0x39 ; file 1B9727
db 0x2C, 0x39, 0x39, 0x39, 0x10, 0x35, 0xCA, 0xCA, 0x10, 0xC5, 0xC5, 0xC5, 0x2C, 0x9B, 0x2C, 0xA5 ; file 1B9737
db 0x2C, 0xB6, 0x39, 0x39, 0x10, 0x10, 0x10, 0x4E, 0x10, 0xC5, 0xC5, 0xC5, 0x2C, 0x9B, 0x2C, 0xAD ; file 1B9747
db 0x03, 0x39, 0x39, 0x39, 0xC4, 0xC4, 0xC4, 0xC5, 0xC4, 0xC5, 0xC5, 0xC5, 0xC4, 0xAD, 0xAD, 0xAD ; file 1B9757
db 0xC4, 0xC5, 0xC5, 0xC5, 0x2C, 0x9B, 0x2C, 0x9B, 0x2C, 0x9B, 0x2C, 0x39, 0x2C, 0x9B, 0x2C, 0x9B ; file 1B9767
db 0x2C, 0x9B, 0x2C, 0x39, 0x2C, 0x9B, 0x2C, 0x8C, 0x2C, 0x9B, 0x2C, 0x8C, 0x2C, 0x9B, 0x2C, 0xAD ; file 1B9777
db 0x2C, 0x9B, 0x2C, 0xAD, 0x2C, 0x9B, 0x2C, 0xAD, 0x2C, 0x9B, 0x2C, 0xAD, 0x2C, 0x9B, 0x2C, 0xAD ; file 1B9787
db 0x2C, 0x9B, 0x2C, 0xAD, 0xC4, 0xAD, 0xAD, 0xAD, 0xC4, 0xAD, 0xAD, 0xAD, 0x2C, 0xAD, 0xAD, 0xAD ; file 1B9797
db 0x2C, 0xAD, 0xAD, 0xAD, 0x2C, 0x9B, 0x2C, 0x39, 0x2C, 0x39, 0x39, 0x39, 0x2C, 0x9B, 0x2C, 0x39 ; file 1B97A7
db 0x2C, 0x39, 0x39, 0x39, 0xC4, 0x9B, 0xC4, 0x8C, 0xC4, 0xB6, 0x39, 0x39, 0x2C, 0x9B, 0x2C, 0xA5 ; file 1B97B7
db 0x2C, 0xB6, 0x39, 0x39, 0xC4, 0x4E, 0x4E, 0x4E, 0xC4, 0x39, 0x39, 0x39, 0x2C, 0x9B, 0x2C, 0xAD ; file 1B97C7
db 0x03, 0x39, 0x39, 0x39, 0xC4, 0xC4, 0xC4, 0xAD, 0xC4, 0xC4, 0xC4, 0xC5, 0xC4, 0xAD, 0xAD, 0xAD ; file 1B97D7
db 0xC4, 0xDB, 0xDB, 0xDB, 0x10, 0x35, 0x10, 0x35, 0x10, 0x35, 0x10, 0x98, 0x2C, 0x9B, 0x2C, 0x98 ; file 1B97E7
db 0x2C, 0x98, 0x98, 0x98, 0x35, 0x35, 0x35, 0x35, 0x35, 0x35, 0x35, 0x35, 0x9D, 0x9D, 0x9D, 0x9D ; file 1B97F7
db 0x9D, 0x9D, 0xB0, 0xB0, 0x10, 0x35, 0xC3, 0x1C, 0x10, 0x35, 0xC3, 0x8B, 0x2C, 0x9B, 0xC3, 0xAD ; file 1B9807
db 0x03, 0x38, 0x38, 0x38, 0xD0, 0x35, 0x1C, 0x1C, 0xD0, 0x35, 0x8B, 0x8B, 0x9D, 0x9D, 0xAD, 0xAD ; file 1B9817
db 0x38, 0x38, 0x38, 0x38, 0x10, 0x35, 0x10, 0x08, 0x10, 0x35, 0x8E, 0x39, 0x2C, 0x9B, 0x2C, 0x39 ; file 1B9827
db 0x1A, 0xAE, 0x8E, 0x39, 0x35, 0x35, 0x08, 0x08, 0x35, 0x35, 0xA9, 0xC5, 0x9D, 0x9D, 0x9D, 0x9D ; file 1B9837
db 0xB6, 0xB6, 0xA9, 0xA3, 0x10, 0x08, 0xC3, 0x08, 0x03, 0xA6, 0xD2, 0xC5, 0x03, 0x9B, 0xAB, 0xAB ; file 1B9847
db 0x03, 0xA6, 0x03, 0xA3, 0x12, 0x08, 0x08, 0x08, 0x12, 0xC5, 0xC5, 0xC5, 0x12, 0x9D, 0xAB, 0xAB ; file 1B9857
db 0x03, 0xA3, 0x04, 0xA3, 0x2C, 0x9B, 0x2C, 0x9B, 0x2C, 0x9B, 0x2C, 0xB3, 0x2C, 0x9B, 0x2C, 0x9B ; file 1B9867
db 0x2C, 0x9B, 0x2C, 0xB3, 0xC9, 0x35, 0xC9, 0x35, 0xC9, 0x35, 0xA4, 0xA4, 0x2C, 0x3A, 0x2C, 0xAD ; file 1B9877
db 0x2C, 0xB6, 0xA9, 0xAD, 0x2C, 0x9B, 0xC3, 0xAD, 0x03, 0x9B, 0xA4, 0xA4, 0x2C, 0x9B, 0x2C, 0xAD ; file 1B9887
db 0x03, 0x9B, 0x03, 0xA8, 0x12, 0x35, 0xAD, 0xAD, 0x12, 0xA4, 0xA4, 0xA4, 0x2C, 0xAD, 0xAD, 0xAD ; file 1B9897
db 0x03, 0xAA, 0x04, 0xAD, 0x2C, 0x9B, 0x2C, 0x39, 0x1A, 0xAE, 0x8E, 0x39, 0x2C, 0x9B, 0x2C, 0x39 ; file 1B98A7
db 0x1A, 0xAE, 0x8E, 0x39, 0x12, 0x35, 0x12, 0x08, 0xB6, 0xB6, 0xA9, 0x09, 0x2C, 0xB6, 0xA9, 0xA5 ; file 1B98B7
db 0xB6, 0xB6, 0xA9, 0xB6, 0x12, 0x12, 0x12, 0x4E, 0x03, 0xA6, 0x03, 0x09, 0x03, 0x9B, 0x03, 0xA8 ; file 1B98C7
db 0x03, 0xA6, 0x03, 0xA8, 0x12, 0x12, 0x12, 0x08, 0x12, 0x09, 0x04, 0x09, 0x12, 0xAD, 0x04, 0xAD ; file 1B98D7
db 0x03, 0xB6, 0x04, 0x3B, 0x10, 0x10, 0x10, 0xC0, 0x10, 0xC0, 0xC0, 0xC0, 0x2C, 0x9B, 0x2C, 0x98 ; file 1B98E7
db 0x2C, 0x98, 0x98, 0x98, 0x06, 0x35, 0xCA, 0xCA, 0x06, 0xC0, 0xC0, 0xC0, 0x2C, 0x3A, 0x2C, 0xA5 ; file 1B98F7
db 0x2C, 0x38, 0x38, 0x38, 0x10, 0x07, 0xC3, 0x1C, 0x10, 0xC0, 0xC0, 0xC0, 0x2C, 0x9B, 0xC3, 0xAD ; file 1B9907
db 0x03, 0x38, 0x38, 0x38, 0xD0, 0x07, 0x1C, 0x1C, 0xD0, 0x07, 0xD7, 0x1C, 0xD0, 0xAD, 0xAD, 0xAD ; file 1B9917
db 0x38, 0x38, 0x38, 0x38, 0x02, 0x02, 0x02, 0xC0, 0xC2, 0xC0, 0xC0, 0xC0, 0x02, 0x02, 0x02, 0xA5 ; file 1B9927
db 0x02, 0xAE, 0x02, 0x39, 0x02, 0x08, 0x08, 0x08, 0xC2, 0xC0, 0xA9, 0xC0, 0x02, 0xA5, 0xA5, 0xA5 ; file 1B9937
db 0x02, 0xA3, 0xA9, 0xA3, 0xAF, 0x08, 0xC3, 0x08, 0xC2, 0x4C, 0xD2, 0x4C, 0x02, 0x02, 0x02, 0xAB ; file 1B9947
db 0x03, 0xA6, 0x93, 0xA3, 0x12, 0x08, 0x08, 0x08, 0x12, 0xC5, 0xC5, 0xC5, 0x02, 0xAB, 0xAB, 0xAB ; file 1B9957
db 0x03, 0xA3, 0x04, 0xA3, 0x2C, 0x9B, 0x2C, 0x9B, 0x2C, 0x9B, 0xC0, 0xC0, 0x2C, 0x9B, 0x2C, 0x9B ; file 1B9967
db 0x2C, 0x9B, 0x2C, 0xB3, 0x2C, 0x3A, 0x2C, 0x8C, 0x2C, 0x3A, 0xA9, 0xC0, 0x2C, 0x3A, 0x2C, 0xA5 ; file 1B9977
db 0x2C, 0x3A, 0xA9, 0xA5, 0x2C, 0x9B, 0xC3, 0xAD, 0x03, 0x9B, 0x93, 0xC0, 0x2C, 0x9B, 0xD3, 0xAD ; file 1B9987
db 0x03, 0x9B, 0x93, 0xAD, 0x12, 0xAD, 0xAD, 0xAD, 0x12, 0x09, 0x04, 0x09, 0x2C, 0xAD, 0xAD, 0xAD ; file 1B9997
db 0x03, 0xAA, 0x04, 0xAD, 0x02, 0x02, 0x02, 0xA5, 0x02, 0xAE, 0x02, 0x39, 0x02, 0x02, 0x02, 0xA5 ; file 1B99A7
db 0x02, 0xAE, 0x02, 0x39, 0x02, 0xA5, 0xA5, 0xA5, 0x02, 0x09, 0xA9, 0x09, 0x02, 0xA5, 0xA5, 0xA5 ; file 1B99B7
db 0x02, 0xA5, 0xA9, 0xA5, 0xAF, 0xAF, 0xAF, 0x4E, 0x03, 0xA6, 0x93, 0x09, 0x02, 0x02, 0x02, 0xA5 ; file 1B99C7
db 0x03, 0xA6, 0x93, 0x39, 0x12, 0x12, 0x12, 0x08, 0x12, 0x09, 0x04, 0x09, 0x02, 0xA5, 0x04, 0xA5 ; file 1B99D7
db 0x03, 0xA6, 0x04, 0xA7, 0x11, 0x11, 0x11, 0x11, 0x11, 0x11, 0x11, 0xC0, 0x11, 0x11, 0x11, 0xDC ; file 1B99E7
db 0x11, 0xDC, 0xC1, 0xDC, 0x06, 0x35, 0x06, 0x1C, 0x06, 0x35, 0xD7, 0x1C, 0x06, 0x3A, 0xB7, 0xB7 ; file 1B99F7
db 0x8F, 0x38, 0x38, 0x38, 0x11, 0x07, 0xC3, 0x1C, 0x11, 0x07, 0xC3, 0x1C, 0x11, 0xB7, 0xC3, 0xB7 ; file 1B9A07
db 0x03, 0x38, 0x38, 0x38, 0xD0, 0x07, 0x1C, 0x1C, 0xD0, 0x07, 0xD7, 0x1C, 0xD0, 0xB7, 0xB7, 0xB7 ; file 1B9A17
db 0x38, 0x38, 0x38, 0x38, 0x11, 0x11, 0x11, 0x08, 0x11, 0xAE, 0xD2, 0xC0, 0x02, 0xAE, 0x02, 0xAB ; file 1B9A27
db 0x1A, 0xAE, 0x1A, 0xDC, 0x06, 0x08, 0x08, 0x08, 0x06, 0x08, 0xA9, 0x08, 0x02, 0x3A, 0xA9, 0xAB ; file 1B9A37
db 0x1A, 0xA3, 0xA9, 0xA3, 0x11, 0x08, 0xC3, 0x08, 0x03, 0xA6, 0xD2, 0x08, 0x03, 0xA6, 0xAB, 0xAB ; file 1B9A47
db 0x03, 0xA6, 0x03, 0xA3, 0x12, 0x08, 0x08, 0x08, 0x12, 0x08, 0x04, 0x08, 0x12, 0xAB, 0xAB, 0xAB ; file 1B9A57
db 0x03, 0xA3, 0x04, 0xA3, 0x11, 0x11, 0x11, 0xB3, 0x11, 0xAE, 0xB3, 0xB3, 0x2C, 0x3A, 0x2C, 0xB3 ; file 1B9A67
db 0x1A, 0xAE, 0xB3, 0xB3, 0x06, 0x3A, 0x06, 0x1C, 0x8F, 0x3A, 0xA9, 0x09, 0x3A, 0x3A, 0x3A, 0x3A ; file 1B9A77
db 0x8F, 0x3A, 0xA9, 0xB3, 0x11, 0x07, 0xC3, 0x1C, 0x03, 0xA6, 0xC3, 0x09, 0x03, 0x3A, 0xBC, 0xBC ; file 1B9A87
db 0x03, 0xA6, 0x03, 0xB3, 0x12, 0x07, 0x12, 0x1C, 0x12, 0x09, 0x04, 0x09, 0x12, 0x3A, 0xBC, 0xBC ; file 1B9A97
db 0x03, 0xAA, 0x04, 0x38, 0x02, 0xAE, 0x02, 0x08, 0x1A, 0xAE, 0x1A, 0x09, 0x02, 0xAE, 0x02, 0xA5 ; file 1B9AA7
db 0x1A, 0xAE, 0x1A, 0xAE, 0x12, 0x12, 0x12, 0x08, 0x12, 0x09, 0xA9, 0x09, 0x02, 0x3A, 0xA9, 0xA5 ; file 1B9AB7
db 0x1A, 0xAE, 0xA9, 0xA9, 0x12, 0x12, 0x12, 0x08, 0x03, 0xA6, 0x03, 0x09, 0x03, 0xA6, 0x03, 0xA6 ; file 1B9AC7
db 0x03, 0xA6, 0x03, 0xA6, 0x12, 0x12, 0x12, 0x08, 0x12, 0x09, 0x04, 0x09, 0x12, 0x12, 0x04, 0xAB ; file 1B9AD7
db 0x03, 0xA6, 0x04, 0xDD, 0x01, 0x01, 0x01, 0xC0, 0x01, 0xC0, 0xC0, 0xC0, 0x2C, 0x9B, 0xC6, 0x39 ; file 1B9AE7
db 0xC6, 0x39, 0xC6, 0x39, 0x01, 0x35, 0x8C, 0x8C, 0x01, 0xC0, 0xC0, 0xC0, 0x2C, 0x3A, 0xC6, 0x8C ; file 1B9AF7
db 0xC6, 0xB0, 0xC6, 0xB0, 0x01, 0x01, 0x01, 0x1C, 0x01, 0xC0, 0xC0, 0xC0, 0x2C, 0x9B, 0xC6, 0xAD ; file 1B9B07
db 0xC6, 0x39, 0xC6, 0x39, 0x01, 0x07, 0x1C, 0x1C, 0x01, 0x07, 0x1C, 0x1C, 0x2C, 0xAD, 0xAD, 0xAD ; file 1B9B17
db 0xC6, 0xAA, 0xC6, 0xAD, 0x01, 0x01, 0x01, 0x39, 0xC2, 0x39, 0x39, 0x39, 0x02, 0x02, 0x02, 0x39 ; file 1B9B27
db 0x02, 0x39, 0x39, 0x39, 0x01, 0x08, 0x08, 0x08, 0xC2, 0x39, 0x39, 0x39, 0x02, 0x59, 0xA5, 0xA5 ; file 1B9B37
db 0x02, 0x39, 0x39, 0x39, 0xAF, 0x08, 0x08, 0x08, 0xC2, 0x39, 0x16, 0x39, 0x02, 0x02, 0x02, 0x39 ; file 1B9B47
db 0x03, 0x39, 0x39, 0x39, 0x12, 0x08, 0x08, 0x08, 0x12, 0xC5, 0xC5, 0xC5, 0x02, 0xAB, 0xAB, 0xAB ; file 1B9B57
db 0x03, 0xB4, 0x04, 0xB4, 0x01, 0x01, 0x01, 0x8C, 0x01, 0x01, 0x01, 0x39, 0x2C, 0x9B, 0x2C, 0x39 ; file 1B9B67
db 0x2C, 0x39, 0x39, 0x39, 0x01, 0x8C, 0x8C, 0x8C, 0x01, 0x8C, 0x8C, 0x8C, 0x2C, 0x3A, 0x2C, 0x8C ; file 1B9B77
db 0x2C, 0x39, 0x39, 0x39, 0x01, 0x01, 0x01, 0x8C, 0x01, 0x01, 0x01, 0x39, 0x2C, 0x9B, 0x2C, 0xAD ; file 1B9B87
db 0x03, 0x39, 0x39, 0x39, 0x01, 0x8C, 0x8C, 0x8C, 0x01, 0xA4, 0xA4, 0xA4, 0x2C, 0xAD, 0xAD, 0xAD ; file 1B9B97
db 0x03, 0xAA, 0x04, 0xAD, 0x01, 0x01, 0x01, 0x39, 0x01, 0x39, 0x39, 0x39, 0x02, 0x02, 0x02, 0x39 ; file 1B9BA7
db 0x02, 0x39, 0x39, 0x39, 0x01, 0x59, 0x8C, 0x8C, 0x01, 0x39, 0x39, 0x39, 0x02, 0x59, 0xA5, 0xA5 ; file 1B9BB7
db 0x02, 0x39, 0x39, 0x39, 0xAF, 0xAF, 0xAF, 0x39, 0x03, 0x39, 0x39, 0x39, 0x02, 0x02, 0x02, 0x39 ; file 1B9BC7
db 0x03, 0x39, 0x39, 0x39, 0x12, 0x12, 0x12, 0x08, 0x12, 0x09, 0x04, 0x09, 0x02, 0x59, 0x04, 0xA5 ; file 1B9BD7
db 0x03, 0xB4, 0x04, 0xB4, 0x11, 0x11, 0x11, 0x11, 0x11, 0x11, 0x11, 0xC0, 0x11, 0x11, 0x11, 0xDC ; file 1B9BE7
db 0x11, 0xDC, 0xC1, 0xDC, 0x11, 0x35, 0x11, 0x1C, 0x11, 0x35, 0xB0, 0xB0, 0x11, 0x3A, 0xB0, 0xB0 ; file 1B9BF7
db 0xB0, 0xB0, 0xB0, 0xB0, 0x11, 0x07, 0x11, 0x1C, 0x11, 0x07, 0x11, 0x1C, 0x11, 0xB7, 0xB7, 0xB7 ; file 1B9C07
db 0x03, 0xA6, 0xC1, 0xDC, 0x07, 0x07, 0x1C, 0x1C, 0x07, 0x07, 0x1C, 0x1C, 0xB7, 0xB7, 0xB7, 0xB7 ; file 1B9C17
db 0x03, 0xAA, 0x04, 0xB0, 0x11, 0x11, 0x11, 0x08, 0x11, 0xAE, 0x11, 0x39, 0x02, 0xAE, 0x02, 0x39 ; file 1B9C27
db 0x1A, 0xAE, 0x1A, 0x39, 0x11, 0x08, 0x08, 0x08, 0x11, 0x53, 0x04, 0x08, 0x02, 0x3A, 0xAB, 0xAB ; file 1B9C37
db 0x1A, 0xBD, 0x04, 0xB0, 0x11, 0x08, 0x08, 0x08, 0x03, 0xA6, 0x03, 0x08, 0x03, 0xA6, 0xAB, 0xAB ; file 1B9C47
db 0x03, 0xA6, 0x03, 0xA8, 0x12, 0x08, 0x08, 0x08, 0x12, 0x08, 0x04, 0x08, 0x12, 0xAB, 0xAB, 0xAB ; file 1B9C57
db 0x03, 0xA6, 0x04, 0xAB, 0x01, 0x01, 0x01, 0x8C, 0x01, 0xAE, 0x01, 0x39, 0x2C, 0x3A, 0x2C, 0x39 ; file 1B9C67
db 0x1A, 0xAE, 0x1A, 0x39, 0xC9, 0x3A, 0xC9, 0x8C, 0xC9, 0x3A, 0xA4, 0xA4, 0x3A, 0x3A, 0x3A, 0x3A ; file 1B9C77
db 0x1A, 0x3A, 0x04, 0xB0, 0x01, 0x01, 0x01, 0x1C, 0x03, 0xA4, 0xA4, 0xA4, 0x03, 0x3A, 0x03, 0xA8 ; file 1B9C87
db 0x03, 0xA6, 0x03, 0xA8, 0x12, 0x07, 0x12, 0x1C, 0x12, 0xA4, 0xA4, 0xA4, 0x12, 0x3A, 0x04, 0xAD ; file 1B9C97
db 0x03, 0xAA, 0x04, 0xA4, 0x01, 0xAE, 0x01, 0x39, 0x1A, 0xAE, 0x1A, 0x39, 0x02, 0xAE, 0x02, 0x39 ; file 1B9CA7
db 0x1A, 0xAE, 0x1A, 0x39, 0x12, 0x12, 0x12, 0x08, 0x12, 0xBD, 0x04, 0x09, 0x02, 0x3A, 0x04, 0xA5 ; file 1B9CB7
db 0x1A, 0xBD, 0x04, 0x39, 0x12, 0x12, 0x12, 0x08, 0x03, 0xA6, 0x03, 0x09, 0x03, 0xA6, 0x03, 0xA8 ; file 1B9CC7
db 0x03, 0xA6, 0x03, 0xA8, 0x12, 0x12, 0x12, 0x08, 0x12, 0x09, 0x04, 0x09, 0x12, 0x12, 0x04, 0xAB ; file 1B9CD7
db 0x03, 0xA6, 0x04, 0xDD, 0x11, 0x11, 0x11, 0xC0, 0x11, 0xC0, 0xC0, 0xC0, 0x02, 0x02, 0x02, 0xC0 ; file 1B9CE7
db 0x02, 0xC0, 0xC0, 0xC0, 0x11, 0x07, 0x11, 0x1C, 0x11, 0xC0, 0xC0, 0xC0, 0x02, 0x3A, 0xA5, 0xA5 ; file 1B9CF7
db 0x02, 0x3A, 0xC0, 0xC0, 0x11, 0x07, 0x11, 0x1C, 0x11, 0xC0, 0xC0, 0xC0, 0x02, 0xB7, 0xB7, 0xB7 ; file 1B9D07
db 0x03, 0xA6, 0x93, 0xC0, 0x07, 0x07, 0x1C, 0x1C, 0x07, 0x07, 0x1C, 0x1C, 0xB7, 0xB7, 0xB7, 0xB7 ; file 1B9D17
db 0x03, 0xAA, 0x04, 0xB7, 0x02, 0x02, 0x02, 0xC0, 0xC2, 0xC0, 0xC0, 0xC0, 0x02, 0x02, 0x02, 0xA5 ; file 1B9D27
db 0x02, 0xAE, 0x02, 0x39, 0x02, 0x08, 0x08, 0x08, 0xC2, 0xC0, 0xC0, 0xC0, 0x02, 0xA5, 0xA5, 0xA5 ; file 1B9D37
db 0x02, 0xA5, 0x04, 0xA5, 0xAF, 0x08, 0x08, 0x08, 0xC2, 0xA6, 0x16, 0xC0, 0x02, 0x02, 0x02, 0xAB ; file 1B9D47
db 0x03, 0xA6, 0x93, 0x39, 0x12, 0x08, 0x08, 0x08, 0x12, 0x08, 0x04, 0x08, 0x02, 0xAB, 0xAB, 0xAB ; file 1B9D57
db 0x03, 0xA6, 0x04, 0xA7, 0x01, 0x01, 0x01, 0xC0, 0x01, 0xC0, 0xC0, 0xC0, 0x02, 0x02, 0x02, 0xA5 ; file 1B9D67
db 0x02, 0xAE, 0x02, 0x39, 0x01, 0x3A, 0x8C, 0x8C, 0x01, 0x3A, 0xC0, 0xC0, 0x02, 0x3A, 0xA5, 0xA5 ; file 1B9D77
db 0x02, 0x3A, 0x04, 0xA5, 0xAF, 0xAF, 0xAF, 0x1C, 0x03, 0xA6, 0x93, 0xC0, 0x02, 0x02, 0x02, 0xA5 ; file 1B9D87
db 0x03, 0xA6, 0x93, 0x39, 0x12, 0x07, 0x12, 0x1C, 0x12, 0x09, 0x04, 0x09, 0x02, 0x3A, 0x04, 0xA5 ; file 1B9D97
db 0x03, 0xAA, 0x04, 0xA7, 0x02, 0x02, 0x02, 0xA5, 0x02, 0xAE, 0x02, 0x39, 0x02, 0x02, 0x02, 0xA5 ; file 1B9DA7
db 0x02, 0xAE, 0x02, 0x39, 0x02, 0xA5, 0xA5, 0xA5, 0x02, 0x09, 0x04, 0x09, 0x02, 0xA5, 0xA5, 0xA5 ; file 1B9DB7
db 0x02, 0xA5, 0x04, 0xA5, 0xAF, 0xAF, 0xAF, 0x08, 0x03, 0xA6, 0x93, 0x09, 0x02, 0x02, 0x02, 0xA5 ; file 1B9DC7
db 0x03, 0xA6, 0x93, 0x39, 0x12, 0x12, 0x12, 0x08, 0x12, 0x09, 0x04, 0x09, 0x02, 0xA5, 0x04, 0xA5 ; file 1B9DD7
db 0x03, 0xA6, 0x04, 0xA7, 0x11, 0x11, 0x11, 0x11, 0x11, 0x11, 0x11, 0xC0, 0x11, 0x11, 0x11, 0xDC ; file 1B9DE7
db 0x11, 0xDC, 0xC1, 0xDC, 0x11, 0x07, 0x11, 0x1C, 0x11, 0x07, 0x11, 0x1C, 0x11, 0x3A, 0xB7, 0xB7 ; file 1B9DF7
db 0x11, 0x3A, 0xC1, 0xDC, 0x11, 0x07, 0x11, 0x1C, 0x11, 0x07, 0x11, 0x1C, 0x11, 0xB7, 0xB7, 0xB7 ; file 1B9E07
db 0x03, 0xA6, 0xC1, 0xDC, 0x07, 0x07, 0x1C, 0x1C, 0x07, 0x07, 0x1C, 0x1C, 0xB7, 0xB7, 0xB7, 0xB7 ; file 1B9E17
db 0x03, 0xAA, 0x04, 0xB7, 0x11, 0x11, 0x11, 0x08, 0x11, 0xAE, 0x11, 0xC0, 0x02, 0xAE, 0x02, 0xAB ; file 1B9E27
db 0x1A, 0xAE, 0x1A, 0xDC, 0x11, 0x08, 0x08, 0x08, 0x11, 0x08, 0x04, 0x08, 0x02, 0x3A, 0xAB, 0xAB ; file 1B9E37
db 0x1A, 0xAE, 0x04, 0xAB, 0x11, 0x08, 0x08, 0x08, 0x03, 0xA6, 0x03, 0x08, 0x03, 0xA6, 0xAB, 0xAB ; file 1B9E47
db 0x03, 0xA6, 0x03, 0xA6, 0x12, 0x08, 0x08, 0x08, 0x12, 0x08, 0x04, 0x08, 0x12, 0xAB, 0xAB, 0xAB ; file 1B9E57
db 0x03, 0xA6, 0x04, 0xAB, 0x11, 0x11, 0x11, 0x11, 0x11, 0xAE, 0x11, 0xC0, 0x02, 0x3A, 0x02, 0x3A ; file 1B9E67
db 0x1A, 0xAE, 0x1A, 0xDC, 0x11, 0x3A, 0x11, 0x1C, 0x11, 0x3A, 0x04, 0x09, 0x3A, 0x3A, 0x3A, 0x3A ; file 1B9E77
db 0x1A, 0x3A, 0x04, 0x3A, 0x11, 0x07, 0x11, 0x1C, 0x03, 0xA6, 0x03, 0x09, 0x03, 0x3A, 0x03, 0xB7 ; file 1B9E87
db 0x03, 0xA6, 0x03, 0xA6, 0x12, 0x07, 0x12, 0x1C, 0x12, 0x09, 0x04, 0x09, 0x12, 0x3A, 0x04, 0xB7 ; file 1B9E97
db 0x03, 0xAA, 0x04, 0xDD, 0x02, 0xAE, 0x02, 0x08, 0x1A, 0xAE, 0x1A, 0x09, 0x02, 0xAE, 0x02, 0xA5 ; file 1B9EA7
db 0x1A, 0xAE, 0x1A, 0xAE, 0x12, 0x12, 0x12, 0x08, 0x12, 0x09, 0x04, 0x09, 0x02, 0x3A, 0x04, 0xA5 ; file 1B9EB7
db 0x1A, 0xAE, 0x04, 0xDD, 0x12, 0x12, 0x12, 0x08, 0x03, 0xA6, 0x03, 0x09, 0x03, 0xA6, 0x03, 0xA6 ; file 1B9EC7
db 0x03, 0xA6, 0x03, 0xA6, 0x12, 0x12, 0x12, 0x08, 0x12, 0x09, 0x04, 0x09, 0x12, 0x12, 0x04, 0xAB ; file 1B9ED7
db 0x03, 0xA6, 0x04, 0xDD ; file 1B9EE7
