; Mac credits prelude GRV 03FD..040D displays HDISK[8]=todd.vdx and HDISK[9]=hayes.vdx; see docs/PLATFORM_EASTER_EGGS.md.
; Resource 'T7GM', ID 32345; name 'script.grv'; payload 17191 bytes
; MacBinary file offsets 1A5BBC–1A9EE6 (inclusive).
; Linear CODE decoding is provisional: embedded data can decode as instructions.
db 0x00, 0x00, 0x43, 0x27, 0x38, 0x01, 0x18, 0xF1, 0x02, 0x31, 0x63, 0x00, 0x00, 0x00, 0x4A, 0x50 ; file 1A5BBC
db 0x00, 0x16, 0x07, 0x01, 0xE1, 0x16, 0x08, 0x01, 0xB0, 0x3D, 0x16, 0x09, 0x01, 0xB0, 0x02, 0x39 ; file 1A5BCC
db 0x4C, 0x1A, 0x00, 0x01, 0xB0, 0x29, 0x00, 0x08, 0x0C, 0x4C, 0x15, 0x2C, 0x00, 0x08, 0x00, 0x4C ; file 1A5BDC
db 0x23, 0x05, 0x01, 0xB0, 0x38, 0x00, 0x4B, 0x00, 0x16, 0x09, 0x01, 0xB1, 0x18, 0x67, 0x03, 0x09 ; file 1A5BEC
db 0x18, 0x24, 0x0A, 0x09, 0x1F, 0x24, 0x0A, 0x09, 0x25, 0x24, 0x3C, 0x07, 0x46, 0x1A, 0x04, 0x01 ; file 1A5BFC
db 0xB0, 0x55, 0x00, 0x09, 0xA9, 0x50, 0x15, 0x58, 0x00, 0x09, 0xAA, 0x50, 0x47, 0x0B, 0x1A, 0x07 ; file 1A5C0C
db 0x01, 0xE1, 0x64, 0x00, 0x0C, 0x5A, 0x65, 0x01, 0x1A, 0x07, 0x01, 0xE2, 0x6E, 0x00, 0x0C, 0x61 ; file 1A5C1C
db 0x65, 0x01, 0x1A, 0x07, 0x01, 0xE3, 0x78, 0x00, 0x0C, 0x70, 0x65, 0x01, 0x1A, 0x07, 0x01, 0xE4 ; file 1A5C2C
db 0x82, 0x00, 0x0C, 0x68, 0x65, 0x01, 0x1A, 0x07, 0x01, 0xE5, 0x8C, 0x00, 0x0C, 0x6F, 0x65, 0x01 ; file 1A5C3C
db 0x1A, 0x07, 0x01, 0xE6, 0x96, 0x00, 0x0C, 0x64, 0x65, 0x01, 0x1A, 0x07, 0x01, 0xE7, 0xA0, 0x00 ; file 1A5C4C
db 0x0C, 0x20, 0x65, 0x01, 0x1A, 0x07, 0x01, 0xE8, 0xAA, 0x00, 0x0C, 0x42, 0x65, 0x01, 0x1A, 0x07 ; file 1A5C5C
db 0x01, 0xE9, 0xB4, 0x00, 0x0C, 0x65, 0x65, 0x01, 0x1A, 0x07, 0x01, 0xEA, 0xBE, 0x00, 0x0C, 0x65 ; file 1A5C6C
db 0x65, 0x01, 0x1A, 0x07, 0x01, 0xEB, 0xC8, 0x00, 0x0C, 0x62, 0x65, 0x01, 0x1A, 0x07, 0x01, 0xEC ; file 1A5C7C
db 0xD2, 0x00, 0x0C, 0x6C, 0x65, 0x01, 0x1A, 0x07, 0x01, 0xED, 0xDC, 0x00, 0x0C, 0x65, 0x65, 0x01 ; file 1A5C8C
db 0x1A, 0x07, 0x01, 0xEE, 0xE6, 0x00, 0x0C, 0x62, 0x65, 0x01, 0x1A, 0x07, 0x01, 0xEF, 0xF0, 0x00 ; file 1A5C9C
db 0x0C, 0x72, 0x65, 0x01, 0x1A, 0x07, 0x01, 0xF0, 0xFA, 0x00, 0x0C, 0x6F, 0x65, 0x01, 0x1A, 0x07 ; file 1A5CAC
db 0x01, 0xF1, 0x04, 0x01, 0x0C, 0x78, 0x6B, 0x01, 0x1A, 0x07, 0x01, 0xA0, 0x3A, 0x01, 0x0D, 0x64 ; file 1A5CBC
db 0x00, 0x9B, 0x00, 0xB8, 0x00, 0xCC, 0x00, 0xE6, 0x1B, 0x07, 0x0D, 0xC2, 0x01, 0x9D, 0x00, 0x1E ; file 1A5CCC
db 0x02, 0xC9, 0x00, 0xE6, 0x1B, 0x07, 0x0D, 0x2A, 0x00, 0x2B, 0x01, 0xB2, 0x00, 0x85, 0x01, 0xE6 ; file 1A5CDC
db 0x1B, 0x07, 0x0D, 0xD6, 0x01, 0x2C, 0x01, 0x59, 0x02, 0x85, 0x01, 0xE6, 0x1B, 0x07, 0x23, 0x04 ; file 1A5CEC
db 0x01, 0xB0, 0x4C, 0x01, 0x0D, 0x03, 0x01, 0xF5, 0x00, 0x7D, 0x01, 0x1C, 0x01, 0x79, 0x01, 0x08 ; file 1A5CFC
db 0x0D, 0xCB, 0x00, 0x2A, 0x01, 0xB2, 0x01, 0x47, 0x01, 0xE8, 0x03, 0x08, 0x0D, 0xD5, 0x00, 0x61 ; file 1A5D0C
db 0x01, 0xAA, 0x01, 0x76, 0x01, 0xAC, 0x02, 0x08, 0x13, 0x1F, 0x07, 0x01, 0x15, 0x59, 0x00, 0x16 ; file 1A5D1C
db 0x07, 0x01, 0xA0, 0x0A, 0x07, 0x48, 0x0F, 0x09, 0x31, 0x24, 0x15, 0x59, 0x00, 0x0A, 0x09, 0x20 ; file 1A5D2C
db 0x24, 0x0A, 0x09, 0x26, 0x24, 0x0A, 0x09, 0x23, 0x24, 0x0A, 0x09, 0x29, 0x24, 0x0B, 0xA3, 0x01 ; file 1A5D3C
db 0xB0, 0x9C, 0x01, 0x3B, 0x01, 0xB2, 0x00, 0x36, 0x01, 0xC1, 0x00, 0x4D, 0x01, 0x4B, 0x02, 0x08 ; file 1A5D4C
db 0xA3, 0x02, 0xB0, 0xAE, 0x01, 0x3B, 0x02, 0xC5, 0x00, 0x36, 0x01, 0xDE, 0x00, 0x4D, 0x01, 0x51 ; file 1A5D5C
db 0x02, 0x08, 0xA3, 0x03, 0xB0, 0xC0, 0x01, 0x3B, 0x03, 0xE4, 0x00, 0x36, 0x01, 0xFE, 0x00, 0x4D ; file 1A5D6C
db 0x01, 0x57, 0x02, 0x08, 0xA3, 0x04, 0xB0, 0xD2, 0x01, 0x3B, 0x04, 0x04, 0x01, 0x36, 0x01, 0x1F ; file 1A5D7C
db 0x01, 0x4D, 0x01, 0x5D, 0x02, 0x08, 0xA3, 0x05, 0xB0, 0xE4, 0x01, 0x3B, 0x05, 0x24, 0x01, 0x36 ; file 1A5D8C
db 0x01, 0x3E, 0x01, 0x4D, 0x01, 0x63, 0x02, 0x08, 0xA3, 0x06, 0xB0, 0xF6, 0x01, 0x3B, 0x06, 0x41 ; file 1A5D9C
db 0x01, 0x36, 0x01, 0x5A, 0x01, 0x4D, 0x01, 0x69, 0x02, 0x08, 0xA3, 0x07, 0xB0, 0x08, 0x02, 0x3B ; file 1A5DAC
db 0x07, 0x5E, 0x01, 0x36, 0x01, 0x77, 0x01, 0x4D, 0x01, 0x6F, 0x02, 0x08, 0xA3, 0x08, 0xB0, 0x1A ; file 1A5DBC
db 0x02, 0x3B, 0x08, 0x7C, 0x01, 0x36, 0x01, 0x96, 0x01, 0x4D, 0x01, 0x75, 0x02, 0x08, 0xA3, 0x09 ; file 1A5DCC
db 0xB0, 0x2C, 0x02, 0x3B, 0x09, 0x99, 0x01, 0x36, 0x01, 0xB3, 0x01, 0x4D, 0x01, 0x7B, 0x02, 0x08 ; file 1A5DDC
db 0xA3, 0x00, 0xB0, 0x3E, 0x02, 0x3B, 0x00, 0xB5, 0x01, 0x36, 0x01, 0xD2, 0x01, 0x4D, 0x01, 0x81 ; file 1A5DEC
db 0x02, 0x08, 0x0D, 0xD5, 0x00, 0x61, 0x01, 0xAA, 0x01, 0x76, 0x01, 0x15, 0x00, 0x08, 0x13, 0x96 ; file 1A5DFC
db 0x19, 0xB1, 0x15, 0x87, 0x02, 0x96, 0x19, 0xB2, 0x15, 0x87, 0x02, 0x96, 0x19, 0xB3, 0x15, 0x87 ; file 1A5E0C
db 0x02, 0x96, 0x19, 0xB4, 0x15, 0x87, 0x02, 0x96, 0x19, 0xB5, 0x15, 0x87, 0x02, 0x96, 0x19, 0xB6 ; file 1A5E1C
db 0x15, 0x87, 0x02, 0x96, 0x19, 0xB7, 0x15, 0x87, 0x02, 0x96, 0x19, 0xB8, 0x15, 0x87, 0x02, 0x96 ; file 1A5E2C
db 0x19, 0xB9, 0x15, 0x87, 0x02, 0x96, 0x19, 0xB0, 0x15, 0x87, 0x02, 0x1A, 0x09, 0x01, 0xB0, 0x9B ; file 1A5E3C
db 0x02, 0x2E, 0x19, 0x00, 0x16, 0x05, 0x01, 0xB0, 0x16, 0x09, 0x01, 0xB0, 0x15, 0xA6, 0x02, 0x2E ; file 1A5E4C
db 0x19, 0x00, 0x16, 0x05, 0x01, 0xB1, 0x16, 0x09, 0x01, 0xB1, 0x08, 0x35, 0x4C, 0x15, 0x9B, 0x1D ; file 1A5E5C
db 0x0A, 0x09, 0x20, 0x24, 0x0A, 0x09, 0x26, 0x24, 0x0A, 0x09, 0x27, 0x24, 0x0B, 0x0D, 0x54, 0x00 ; file 1A5E6C
db 0xB3, 0x00, 0xB2, 0x00, 0xF7, 0x00, 0xDE, 0x02, 0x08, 0x0D, 0xCB, 0x01, 0xB6, 0x00, 0x2C, 0x02 ; file 1A5E7C
db 0xED, 0x00, 0xEA, 0x02, 0x08, 0x0D, 0xD5, 0x00, 0x61, 0x01, 0xAA, 0x01, 0x76, 0x01, 0xDE, 0x02 ; file 1A5E8C
db 0x08, 0x13, 0x0A, 0x09, 0x28, 0x24, 0x0A, 0x46, 0x09, 0xA3, 0x50, 0x47, 0x04, 0x2A, 0x0A, 0x09 ; file 1A5E9C
db 0x28, 0x24, 0x15, 0x15, 0x00, 0x1A, 0x00, 0x01, 0xB1, 0x03, 0x03, 0x02, 0x46, 0x4C, 0x03, 0x09 ; file 1A5EAC
db 0x60, 0x24, 0x09, 0x60, 0x24, 0x04, 0x29, 0x1A, 0x00, 0x01, 0xB2, 0x12, 0x03, 0x02, 0x45, 0x4C ; file 1A5EBC
db 0x03, 0x09, 0x61, 0x24, 0x04, 0x29, 0x17, 0x00, 0x03, 0x4C, 0x1A, 0x06, 0x01, 0xB0, 0x1F, 0x03 ; file 1A5ECC
db 0x15, 0x58, 0x03, 0x1A, 0x06, 0x01, 0xB2, 0x28, 0x03, 0x15, 0x58, 0x03, 0x23, 0x05, 0x01, 0xB0 ; file 1A5EDC
db 0x3A, 0x03, 0x1A, 0x09, 0x01, 0xB0, 0x3A, 0x03, 0x4B, 0x00, 0x16, 0x09, 0x01, 0xB2, 0x09, 0x01 ; file 1A5EEC
db 0x1C, 0x0B, 0x12, 0x42, 0x03, 0x13, 0x4C, 0x1A, 0x06, 0x01, 0xB0, 0x4C, 0x03, 0x15, 0x58, 0x03 ; file 1A5EFC
db 0x1A, 0x06, 0x01, 0xB2, 0x55, 0x03, 0x15, 0x58, 0x03, 0x15, 0x3D, 0x03, 0x04, 0x1A, 0x09, 0x01 ; file 1A5F0C
db 0xB2, 0x65, 0x03, 0x4B, 0x01, 0x16, 0x09, 0x01, 0xB0, 0x17, 0x00, 0x4C, 0x1A, 0x06, 0x01, 0xB0 ; file 1A5F1C
db 0x71, 0x03, 0x15, 0xAC, 0x03, 0x1A, 0x06, 0x01, 0xB1, 0x7A, 0x03, 0x15, 0xAC, 0x03, 0x23, 0x05 ; file 1A5F2C
db 0x01, 0xB0, 0x8C, 0x03, 0x1A, 0x09, 0x01, 0xB0, 0x8C, 0x03, 0x4B, 0x00, 0x16, 0x09, 0x01, 0xB2 ; file 1A5F3C
db 0x09, 0x00, 0x1C, 0x0B, 0x12, 0x94, 0x03, 0x13, 0x4C, 0x1A, 0x06, 0x01, 0xB0, 0x9F, 0x03, 0x04 ; file 1A5F4C
db 0x15, 0xAC, 0x03, 0x1A, 0x06, 0x01, 0xB1, 0xA9, 0x03, 0x04, 0x15, 0xAC, 0x03, 0x15, 0x8F, 0x03 ; file 1A5F5C
db 0x1A, 0x09, 0x01, 0xB2, 0xB8, 0x03, 0x4B, 0x01, 0x16, 0x09, 0x01, 0xB0, 0x17, 0x00, 0x0A, 0x07 ; file 1A5F6C
db 0x09, 0x01, 0x24, 0x37, 0x00, 0x00, 0x50, 0x00, 0x7F, 0x02, 0x8F, 0x01, 0x17, 0x00, 0x96, 0x8C ; file 1A5F7C
db 0x30, 0xB2, 0x02, 0x39, 0x4C, 0x03, 0x05, 0x09, 0xAB, 0x14, 0x15, 0x0F, 0x0F, 0x96, 0x8C, 0x30 ; file 1A5F8C
db 0xB1, 0x02, 0x35, 0x4C, 0x03, 0x05, 0x09, 0x03, 0x14, 0x15, 0x0D, 0x05, 0x23, 0x09, 0x01, 0xB0 ; file 1A5F9C
db 0xF4, 0x03, 0x4B, 0x01, 0x16, 0x09, 0x01, 0xB0, 0x2C, 0xF1, 0x18, 0x08, 0x31, 0x00, 0x00, 0xE8 ; file 1A5FAC
db 0x03, 0x04, 0x03, 0x09, 0x08, 0x1C, 0x19, 0xC2, 0x01, 0x04, 0x03, 0x09, 0x09, 0x1C, 0x19, 0xC2 ; file 1A5FBC
db 0x01, 0x04, 0x19, 0x01, 0x00, 0x4D, 0x02, 0x19, 0xBC, 0x02, 0x03, 0x09, 0x04, 0x1C, 0x19, 0x8A ; file 1A5FCC
db 0x02, 0x04, 0x03, 0x09, 0x03, 0x1C, 0x19, 0xEE, 0x02, 0x04, 0x03, 0x09, 0x02, 0x1C, 0x19, 0x5E ; file 1A5FDC
db 0x01, 0x4D, 0x62, 0x31, 0x00, 0x00, 0x00, 0x00, 0x02, 0x42, 0x4C, 0x31, 0x63, 0x00, 0x2C, 0x01 ; file 1A5FEC
db 0x09, 0x02, 0x24, 0x06, 0x29, 0x02, 0x42, 0x4C, 0x31, 0x63, 0x00, 0x32, 0x00, 0x09, 0x03, 0x24 ; file 1A5FFC
db 0x02, 0x3F, 0x4C, 0x31, 0x63, 0x00, 0x32, 0x00, 0x19, 0xC8, 0x00, 0x09, 0x04, 0x24, 0x19, 0xC8 ; file 1A600C
db 0x00, 0x06, 0x09, 0x05, 0x24, 0x19, 0xC8, 0x00, 0x09, 0x06, 0x24, 0x19, 0xC8, 0x00, 0x06, 0x09 ; file 1A601C
db 0x07, 0x24, 0x19, 0xC8, 0x00, 0x09, 0x08, 0x24, 0x19, 0xC8, 0x00, 0x06, 0x31, 0x00, 0x00, 0xC4 ; file 1A602C
db 0x09, 0x02, 0x40, 0x4C, 0x31, 0x63, 0x00, 0x32, 0x00, 0x09, 0x09, 0x24, 0x19, 0xC8, 0x00, 0x09 ; file 1A603C
db 0x0A, 0x24, 0x19, 0x2C, 0x01, 0x06, 0x09, 0x0B, 0x24, 0x19, 0x2C, 0x01, 0x09, 0x0C, 0x24, 0x19 ; file 1A604C
db 0x64, 0x00, 0x06, 0x09, 0x0D, 0x24, 0x19, 0x64, 0x00, 0x02, 0x41, 0x4C, 0x31, 0x63, 0x00, 0x32 ; file 1A605C
db 0x00, 0x09, 0x0E, 0x24, 0x19, 0x64, 0x00, 0x06, 0x09, 0x0F, 0x24, 0x19, 0x64, 0x00, 0x09, 0x10 ; file 1A606C
db 0x24, 0x19, 0x64, 0x00, 0x06, 0x09, 0x11, 0x24, 0x19, 0x64, 0x00, 0x09, 0x12, 0x24, 0x19, 0x64 ; file 1A607C
db 0x00, 0x06, 0x09, 0x13, 0x24, 0x19, 0xC8, 0x00, 0x09, 0x14, 0x24, 0x19, 0x64, 0x00, 0x06, 0x09 ; file 1A608C
db 0x36, 0x34, 0x03, 0x09, 0x41, 0x14, 0x09, 0x15, 0x14, 0x29, 0x19, 0x58, 0x02, 0x18, 0xB0, 0x38 ; file 1A609C
db 0x96, 0xE5, 0xB1, 0x96, 0x8E, 0x30, 0xB2, 0x09, 0x25, 0x14, 0x02, 0x35, 0x4C, 0x96, 0x8C, 0x30 ; file 1A60AC
db 0xB1, 0x09, 0x26, 0x14, 0x46, 0x07, 0x09, 0x00, 0x50, 0x19, 0x64, 0x00, 0x07, 0x09, 0x01, 0x50 ; file 1A60BC
db 0x47, 0x0B, 0x9A, 0x8E, 0x30, 0xB2, 0x17, 0x05, 0x30, 0x03, 0x3B, 0x0D, 0x00, 0x00, 0xDE, 0x00 ; file 1A60CC
db 0x68, 0x00, 0x54, 0x01, 0x61, 0x05, 0x00, 0x0D, 0xCA, 0x01, 0xF2, 0x00, 0x33, 0x02, 0x52, 0x01 ; file 1A60DC
db 0x67, 0x05, 0x00, 0x0D, 0x23, 0x01, 0x50, 0x00, 0xA8, 0x01, 0xC0, 0x00, 0x70, 0x05, 0x00, 0xA3 ; file 1A60EC
db 0x99, 0xB0, 0x51, 0x05, 0x9A, 0xF3, 0xE1, 0x51, 0x05, 0x0D, 0xC8, 0x00, 0x2C, 0x01, 0xB8, 0x01 ; file 1A60FC
db 0x90, 0x01, 0x58, 0x05, 0x07, 0x0E, 0xBD, 0x06, 0x0F, 0xC3, 0x06, 0x13, 0x09, 0x08, 0x14, 0x09 ; file 1A610C
db 0x07, 0x14, 0x15, 0xE0, 0x16, 0x09, 0x01, 0x14, 0x15, 0x07, 0x07, 0x09, 0x02, 0x14, 0x09, 0x16 ; file 1A611C
db 0x14, 0x15, 0x0A, 0x08, 0x09, 0x03, 0x14, 0x15, 0x0F, 0x0F, 0x0B, 0x0D, 0x13, 0x02, 0xD4, 0x00 ; file 1A612C
db 0x7F, 0x02, 0x54, 0x01, 0x8A, 0x05, 0x00, 0x0E, 0xC9, 0x06, 0x0F, 0xCF, 0x06, 0x13, 0x09, 0x26 ; file 1A613C
db 0x14, 0x09, 0x01, 0x14, 0x15, 0x07, 0x07, 0x0B, 0x0E, 0xD5, 0x06, 0x0F, 0xDB, 0x06, 0xA3, 0xFA ; file 1A614C
db 0xB0, 0xB5, 0x05, 0x9A, 0xE4, 0xB1, 0xB5, 0x05, 0xA3, 0xFB, 0xE1, 0xB5, 0x05, 0x0D, 0xAC, 0x00 ; file 1A615C
db 0x3A, 0x00, 0x8F, 0x01, 0x13, 0x01, 0x0F, 0x06, 0x06, 0x1A, 0x08, 0x01, 0xB1, 0xC7, 0x05, 0x0D ; file 1A616C
db 0xAC, 0x00, 0x3A, 0x00, 0x8F, 0x01, 0x13, 0x01, 0x0F, 0x06, 0x06, 0x9A, 0xE4, 0xB1, 0xD5, 0x05 ; file 1A617C
db 0x9A, 0x8E, 0x30, 0xB3, 0xD5, 0x05, 0x30, 0x03, 0x3B, 0x9A, 0x8E, 0x30, 0xB4, 0xDE, 0x05, 0x30 ; file 1A618C
db 0x03, 0x3B, 0x9A, 0xE4, 0xB0, 0xEF, 0x05, 0x0D, 0xC8, 0x00, 0x50, 0x00, 0xB8, 0x01, 0x8F, 0x01 ; file 1A619C
db 0xF0, 0x05, 0x04, 0x13, 0x96, 0xE4, 0xB1, 0x96, 0x8E, 0x30, 0xB3, 0x18, 0xD0, 0x38, 0x19, 0x64 ; file 1A61AC
db 0x00, 0x1A, 0x00, 0x01, 0xB0, 0x09, 0x06, 0x02, 0x00, 0x4C, 0x15, 0x0C, 0x06, 0x02, 0x0C, 0x4C ; file 1A61BC
db 0x15, 0x93, 0x05, 0x1A, 0x09, 0x01, 0xB0, 0x21, 0x06, 0x23, 0x05, 0x01, 0xB0, 0x21, 0x06, 0x4B ; file 1A61CC
db 0x00, 0x16, 0x09, 0x01, 0xB1, 0x09, 0x06, 0x14, 0x15, 0x2B, 0x06, 0x03, 0x09, 0x06, 0x14, 0x96 ; file 1A61DC
db 0x92, 0x30, 0xB2, 0x9A, 0xFB, 0xB4, 0x37, 0x06, 0x96, 0xFB, 0xB5, 0x9A, 0xFB, 0xB2, 0x3F, 0x06 ; file 1A61EC
db 0x96, 0xFB, 0xB3, 0x9A, 0xFB, 0xB0, 0x47, 0x06, 0x96, 0xFB, 0xB1, 0x18, 0x10, 0x41, 0x1A, 0x09 ; file 1A61FC
db 0x01, 0xB1, 0x56, 0x06, 0x4B, 0x01, 0x16, 0x09, 0x01, 0xB0, 0x9A, 0xFB, 0xE1, 0x6D, 0x06, 0x9A ; file 1A620C
db 0xE3, 0xB0, 0x6D, 0x06, 0x02, 0x11, 0x4C, 0x96, 0xE3, 0xB1, 0x96, 0x8E, 0x30, 0xB4, 0x18, 0xE5 ; file 1A621C
db 0x38, 0x1A, 0x00, 0x01, 0xB0, 0x79, 0x06, 0x02, 0x00, 0x4C, 0x15, 0x7C, 0x06, 0x02, 0x0C, 0x4C ; file 1A622C
db 0x15, 0x7F, 0x06, 0x09, 0x05, 0x14, 0x15, 0x93, 0x05, 0x0B, 0x0D, 0x00, 0x00, 0xC9, 0x00, 0x50 ; file 1A623C
db 0x00, 0x47, 0x01, 0xA5, 0x06, 0x00, 0x0D, 0xAC, 0x00, 0xCC, 0x00, 0xE8, 0x00, 0x4F, 0x01, 0xB1 ; file 1A624C
db 0x06, 0x00, 0x0E, 0xE1, 0x06, 0x0F, 0xE7, 0x06, 0x13, 0x09, 0x23, 0x14, 0x09, 0x02, 0x14, 0x09 ; file 1A625C
db 0x16, 0x14, 0x15, 0x0A, 0x08, 0x09, 0x23, 0x14, 0x09, 0x02, 0x14, 0x09, 0x47, 0x14, 0x15, 0xDA ; file 1A626C
db 0x08, 0x09, 0x22, 0x14, 0x15, 0x76, 0x05, 0x09, 0x27, 0x14, 0x15, 0x85, 0x06, 0x09, 0x21, 0x14 ; file 1A627C
db 0x15, 0x93, 0x05, 0x09, 0x26, 0x14, 0x15, 0x0D, 0x05, 0x09, 0x24, 0x14, 0x15, 0x85, 0x06, 0x09 ; file 1A628C
db 0x25, 0x14, 0x15, 0x76, 0x05, 0x09, 0x23, 0x14, 0x15, 0x0D, 0x05, 0x09, 0x28, 0x14, 0x15, 0x93 ; file 1A629C
db 0x05, 0x0B, 0x0D, 0x1C, 0x01, 0x6D, 0x00, 0x88, 0x01, 0x35, 0x01, 0x01, 0x07, 0x00, 0x0E, 0x38 ; file 1A62AC
db 0x07, 0x0F, 0x3E, 0x07, 0x13, 0x09, 0x0B, 0x14, 0x15, 0x68, 0x07, 0x0B, 0x0E, 0x44, 0x07, 0x0F ; file 1A62BC
db 0x4A, 0x07, 0x10, 0x24, 0x09, 0x13, 0x0B, 0x0E, 0x50, 0x07, 0x0F, 0x56, 0x07, 0x13, 0x96, 0x8C ; file 1A62CC
db 0x30, 0xB1, 0x0B, 0x0D, 0xBB, 0x01, 0xB3, 0x00, 0x1B, 0x02, 0x13, 0x01, 0x32, 0x07, 0x00, 0x0E ; file 1A62DC
db 0x5C, 0x07, 0x0F, 0x62, 0x07, 0x13, 0x09, 0x0A, 0x14, 0x15, 0x93, 0x05, 0x09, 0x2A, 0x14, 0x15 ; file 1A62EC
db 0x07, 0x07, 0x09, 0x2F, 0x14, 0x15, 0x1A, 0x07, 0x09, 0x29, 0x14, 0x15, 0x12, 0x07, 0x09, 0x2E ; file 1A62FC
db 0x14, 0x15, 0xED, 0x06, 0x09, 0x2C, 0x14, 0x15, 0x1A, 0x07, 0x09, 0x2D, 0x14, 0x15, 0x07, 0x07 ; file 1A630C
db 0x09, 0x2B, 0x14, 0x15, 0xED, 0x06, 0x09, 0x30, 0x14, 0x15, 0x12, 0x07, 0x0B, 0x0E, 0xDA, 0x07 ; file 1A631C
db 0x9A, 0xFA, 0xE1, 0x74, 0x07, 0x10, 0x78, 0x07, 0x0F, 0xE0, 0x07, 0x13, 0x09, 0x12, 0x14, 0x15 ; file 1A632C
db 0x62, 0x0A, 0x0B, 0x0D, 0x42, 0x00, 0x52, 0x00, 0xE6, 0x00, 0x6E, 0x01, 0x92, 0x07, 0x00, 0x0E ; file 1A633C
db 0xE6, 0x07, 0x0F, 0xEC, 0x07, 0x13, 0x09, 0x31, 0x14, 0x09, 0x0E, 0x14, 0x09, 0x2D, 0x14, 0x15 ; file 1A634C
db 0x07, 0x07, 0x96, 0x8C, 0x30, 0xB1, 0x0B, 0x0E, 0xF2, 0x07, 0x0F, 0xF8, 0x07, 0x11, 0xAD, 0x07 ; file 1A635C
db 0x13, 0x09, 0x0E, 0x14, 0x15, 0x12, 0x07, 0x0B, 0x0E, 0xFE, 0x07, 0x0F, 0x04, 0x08, 0x0D, 0xEE ; file 1A636C
db 0x00, 0x55, 0x00, 0x39, 0x01, 0x7C, 0x01, 0xC7, 0x07, 0x07, 0x13, 0x02, 0x25, 0x4C, 0x09, 0x11 ; file 1A637C
db 0x14, 0x0A, 0x09, 0x0F, 0x14, 0x09, 0x10, 0x14, 0x02, 0x0C, 0x4C, 0x15, 0xB3, 0x07, 0x09, 0x32 ; file 1A638C
db 0x14, 0x15, 0x7E, 0x07, 0x09, 0x37, 0x14, 0x15, 0xB3, 0x07, 0x09, 0x31, 0x14, 0x15, 0x9E, 0x07 ; file 1A639C
db 0x09, 0x36, 0x14, 0x15, 0x68, 0x07, 0x09, 0x34, 0x14, 0x15, 0xB3, 0x07, 0x09, 0x35, 0x14, 0x15 ; file 1A63AC
db 0x7E, 0x07, 0x09, 0x33, 0x14, 0x15, 0x68, 0x07, 0x09, 0x38, 0x14, 0x15, 0x9E, 0x07, 0x0B, 0x0E ; file 1A63BC
db 0x6A, 0x08, 0xA3, 0x99, 0xB0, 0x20, 0x08, 0x9A, 0xF3, 0xE1, 0x20, 0x08, 0x9A, 0xE9, 0xE1, 0x20 ; file 1A63CC
db 0x08, 0x10, 0x2A, 0x0C, 0x0F, 0x70, 0x08, 0x13, 0x09, 0x13, 0x14, 0x15, 0xC0, 0x08, 0x0B, 0x0E ; file 1A63DC
db 0x76, 0x08, 0x0F, 0x7C, 0x08, 0x13, 0x96, 0x8C, 0x30, 0xB1, 0x0B, 0x0D, 0x14, 0x01, 0xB2, 0x00 ; file 1A63EC
db 0x5C, 0x01, 0x10, 0x01, 0x24, 0x08, 0x00, 0x0E, 0x82, 0x08, 0x0F, 0x88, 0x08, 0x13, 0x0B, 0x0D ; file 1A63FC
db 0xFC, 0x01, 0x50, 0x00, 0x4A, 0x02, 0x55, 0x01, 0x5E, 0x08, 0x00, 0x0E, 0x8E, 0x08, 0x0F, 0x94 ; file 1A640C
db 0x08, 0x13, 0x09, 0x40, 0x14, 0x09, 0x13, 0x14, 0x09, 0x44, 0x14, 0x15, 0xDA, 0x08, 0x09, 0x3A ; file 1A641C
db 0x14, 0x15, 0x2A, 0x08, 0x09, 0x3F, 0x14, 0x15, 0x4A, 0x08, 0x09, 0x39, 0x14, 0x15, 0x32, 0x08 ; file 1A642C
db 0x09, 0x3E, 0x14, 0x15, 0x0A, 0x08, 0x09, 0x3C, 0x14, 0x15, 0x4A, 0x08, 0x09, 0x3D, 0x14, 0x15 ; file 1A643C
db 0x2A, 0x08, 0x09, 0x3B, 0x14, 0x15, 0x0A, 0x08, 0x09, 0x40, 0x14, 0x15, 0x32, 0x08, 0x0B, 0x0D ; file 1A644C
db 0x7C, 0x00, 0x51, 0x00, 0x51, 0x01, 0x57, 0x01, 0xAE, 0x08, 0x00, 0x0E, 0xF4, 0x08, 0x0F, 0xFA ; file 1A645C
db 0x08, 0x13, 0x09, 0x16, 0x14, 0x15, 0x0A, 0x08, 0x96, 0x8C, 0x30, 0xB1, 0x0B, 0x0E, 0x00, 0x09 ; file 1A646C
db 0x0F, 0x06, 0x09, 0x13, 0x0B, 0x0D, 0x05, 0x01, 0x9D, 0x00, 0x5D, 0x01, 0x17, 0x01, 0xD4, 0x08 ; file 1A647C
db 0x00, 0x0E, 0x0C, 0x09, 0x0F, 0x12, 0x09, 0x13, 0x09, 0x15, 0x14, 0x15, 0x93, 0x05, 0x0B, 0x0D ; file 1A648C
db 0xD4, 0x00, 0x59, 0x00, 0xF0, 0x01, 0x8D, 0x01, 0xEE, 0x08, 0x00, 0x0E, 0x18, 0x09, 0x0F, 0x1E ; file 1A649C
db 0x09, 0x13, 0x09, 0x17, 0x14, 0x15, 0xB6, 0x22, 0x09, 0x42, 0x14, 0x15, 0xB4, 0x08, 0x09, 0x47 ; file 1A64AC
db 0x14, 0x15, 0xDA, 0x08, 0x09, 0x41, 0x14, 0x15, 0xC0, 0x08, 0x09, 0x46, 0x14, 0x15, 0x9A, 0x08 ; file 1A64BC
db 0x09, 0x44, 0x14, 0x15, 0xDA, 0x08, 0x09, 0x45, 0x14, 0x15, 0xB4, 0x08, 0x09, 0x43, 0x14, 0x15 ; file 1A64CC
db 0x9A, 0x08, 0x09, 0x48, 0x14, 0x15, 0xC0, 0x08, 0x96, 0x8C, 0x30, 0xB3, 0x09, 0x0C, 0x14, 0x03 ; file 1A64DC
db 0x05, 0x09, 0x64, 0x10, 0xA3, 0xD7, 0xB0, 0x38, 0x09, 0x02, 0x0A, 0x4C, 0x96, 0x8C, 0x30, 0xB3 ; file 1A64EC
db 0x0B, 0x0E, 0x47, 0x09, 0x0F, 0x4D, 0x09, 0x11, 0x85, 0x09, 0x13, 0x09, 0x64, 0x10, 0x15, 0x53 ; file 1A64FC
db 0x09, 0x09, 0x67, 0x10, 0x15, 0x53, 0x09, 0x0B, 0x0F, 0x6D, 0x09, 0x0E, 0x67, 0x09, 0x0D, 0x24 ; file 1A650C
db 0x00, 0x73, 0x00, 0x5C, 0x02, 0x80, 0x01, 0x73, 0x09, 0x00, 0x13, 0x09, 0x65, 0x10, 0x15, 0x38 ; file 1A651C
db 0x09, 0x09, 0x66, 0x10, 0x15, 0x38, 0x09, 0x09, 0x5E, 0x10, 0x03, 0x05, 0x09, 0x2B, 0x14, 0x96 ; file 1A652C
db 0x8C, 0x30, 0xB1, 0x02, 0x39, 0x4C, 0x15, 0x1A, 0x07, 0x09, 0x5F, 0x10, 0x9A, 0xFA, 0xE1, 0x9F ; file 1A653C
db 0x09, 0x9A, 0xD6, 0xB0, 0x9F, 0x09, 0x96, 0xD6, 0xB1, 0x18, 0xE6, 0x37, 0x96, 0x8E, 0x31, 0xB7 ; file 1A654C
db 0x02, 0x10, 0x4C, 0x9A, 0xD7, 0xB0, 0xAE, 0x09, 0x96, 0xD7, 0xB1, 0x18, 0xD4, 0x37, 0x96, 0x8E ; file 1A655C
db 0x31, 0xB6, 0x0B, 0x9A, 0x8E, 0x31, 0xB6, 0xB8, 0x09, 0x30, 0x03, 0x3B, 0xA3, 0xFA, 0xE1, 0xC9 ; file 1A656C
db 0x09, 0x0D, 0x02, 0x01, 0xF8, 0x00, 0x73, 0x01, 0x3A, 0x01, 0x16, 0x0A, 0x06, 0x1A, 0x08, 0x01 ; file 1A657C
db 0xB1, 0xDB, 0x09, 0x0D, 0x02, 0x01, 0xF8, 0x00, 0x73, 0x01, 0x3A, 0x01, 0x16, 0x0A, 0x06, 0x0F ; file 1A658C
db 0x59, 0x0A, 0x0D, 0x6C, 0x00, 0x0B, 0x01, 0x48, 0x02, 0x31, 0x01, 0x4D, 0x0A, 0x07, 0x9A, 0xD6 ; file 1A659C
db 0xB1, 0xFB, 0x09, 0x0D, 0x37, 0x00, 0x95, 0x00, 0x4F, 0x00, 0x3F, 0x01, 0x0A, 0x0A, 0x04, 0x9A ; file 1A65AC
db 0x8E, 0x31, 0xB7, 0x09, 0x0A, 0x9A, 0xD6, 0xB1, 0x09, 0x0A, 0x30, 0x03, 0x3B, 0x13, 0x02, 0x07 ; file 1A65BC
db 0x4C, 0x09, 0x00, 0x10, 0x02, 0x10, 0x4C, 0x15, 0x88, 0x09, 0x02, 0x0A, 0x4C, 0x1A, 0x09, 0x01 ; file 1A65CC
db 0xB0, 0x2B, 0x0A, 0x23, 0x05, 0x01, 0xB0, 0x2B, 0x0A, 0x4B, 0x00, 0x16, 0x09, 0x01, 0xB1, 0x09 ; file 1A65DC
db 0x69, 0x10, 0x18, 0xDA, 0x42, 0x1C, 0x6A, 0x10, 0x18, 0xBA, 0x03, 0x05, 0x09, 0x6A, 0x10, 0x1A ; file 1A65EC
db 0x09, 0x01, 0xB1, 0x47, 0x0A, 0x4B, 0x01, 0x16, 0x09, 0x01, 0xB0, 0x09, 0x6A, 0x10, 0x15, 0x88 ; file 1A65FC
db 0x09, 0x02, 0x04, 0x4C, 0x09, 0x63, 0x10, 0x02, 0x10, 0x4C, 0x15, 0x88, 0x09, 0x09, 0x62, 0x10 ; file 1A660C
db 0x09, 0x60, 0x10, 0x15, 0x53, 0x09, 0x96, 0x8C, 0x30, 0xB4, 0x03, 0x05, 0x09, 0x0C, 0x2C, 0x02 ; file 1A661C
db 0x22, 0x4C, 0x9A, 0xC3, 0xB1, 0x88, 0x0A, 0x9A, 0xC0, 0xB0, 0x88, 0x0A, 0x09, 0x0F, 0x2C, 0x18 ; file 1A662C
db 0xB5, 0x39, 0x96, 0x8E, 0x33, 0xB9, 0x96, 0xC0, 0xB1, 0x09, 0x0E, 0x2C, 0x0B, 0x9A, 0x8E, 0x33 ; file 1A663C
db 0xB9, 0x92, 0x0A, 0x30, 0x03, 0x3B, 0x0E, 0xEC, 0x0A, 0x9A, 0xBF, 0xB0, 0xA6, 0x0A, 0x0D, 0xE7 ; file 1A664C
db 0x00, 0xAA, 0x00, 0x8C, 0x01, 0x49, 0x01, 0xD2, 0x0A, 0x04, 0x9A, 0xBF, 0xB1, 0xAE, 0x0A, 0x11 ; file 1A665C
db 0x1D, 0x0B, 0x9A, 0xC1, 0xB0, 0xBF, 0x0A, 0x0D, 0xBE, 0x01, 0xE5, 0x00, 0x29, 0x02, 0x24, 0x01 ; file 1A666C
db 0xDF, 0x0A, 0x04, 0x9A, 0x8E, 0x34, 0xB0, 0xC8, 0x0A, 0x30, 0x03, 0x3B, 0x9A, 0x8E, 0x33, 0xB8 ; file 1A667C
db 0xD1, 0x0A, 0x30, 0x03, 0x3B, 0x13, 0x96, 0xBF, 0xB1, 0x96, 0x8E, 0x34, 0xB0, 0x18, 0x33, 0x39 ; file 1A668C
db 0x15, 0x88, 0x0A, 0x96, 0xC1, 0xB1, 0x96, 0x8E, 0x33, 0xB8, 0x18, 0x45, 0x39, 0x15, 0x88, 0x0A ; file 1A669C
db 0x09, 0x0C, 0x2C, 0x15, 0xF8, 0x0A, 0x09, 0x0D, 0x2C, 0x15, 0x88, 0x0A, 0x0B, 0x0F, 0xF2, 0x0A ; file 1A66AC
db 0x10, 0x00, 0x0B, 0x13, 0x09, 0x01, 0x2C, 0x03, 0x05, 0x09, 0x35, 0x14, 0x96, 0x8C, 0x30, 0xB1 ; file 1A66BC
db 0x02, 0x39, 0x4C, 0x15, 0x9E, 0x07, 0x09, 0x04, 0x2C, 0x96, 0x8C, 0x30, 0xB5, 0x03, 0x15, 0x0A ; file 1A66CC
db 0x18, 0x09, 0x00, 0x2C, 0x15, 0x33, 0x0B, 0x03, 0x09, 0x18, 0x2C, 0x15, 0x33, 0x0B, 0x09, 0x16 ; file 1A66DC
db 0x2C, 0x15, 0x33, 0x0B, 0x09, 0x13, 0x2C, 0x0B, 0x0E, 0x9E, 0x0B, 0x0F, 0xAF, 0x0B, 0x9A, 0xFA ; file 1A66EC
db 0xE1, 0x50, 0x0B, 0xA3, 0xF9, 0xE1, 0x50, 0x0B, 0x0D, 0x65, 0x00, 0x77, 0x00, 0x1F, 0x02, 0x69 ; file 1A66FC
db 0x01, 0x63, 0x0B, 0x06, 0x1A, 0x08, 0x01, 0xB1, 0x62, 0x0B, 0x0D, 0x65, 0x00, 0x77, 0x00, 0x1F ; file 1A670C
db 0x02, 0x69, 0x01, 0x63, 0x0B, 0x06, 0x13, 0x09, 0x03, 0x2C, 0x23, 0x05, 0x01, 0xB0, 0x72, 0x0B ; file 1A671C
db 0x4B, 0x00, 0x16, 0x09, 0x01, 0xB1, 0x03, 0x09, 0x19, 0x2C, 0x18, 0x39, 0x41, 0x9A, 0xF9, 0xE1 ; file 1A672C
db 0x89, 0x0B, 0x9A, 0xBE, 0xB0, 0x89, 0x0B, 0x96, 0xBE, 0xB1, 0x18, 0x57, 0x39, 0x04, 0x1A, 0x09 ; file 1A673C
db 0x01, 0xB1, 0x96, 0x0B, 0x4B, 0x01, 0x16, 0x09, 0x01, 0xB0, 0x03, 0x05, 0x09, 0x17, 0x2C, 0x15 ; file 1A674C
db 0x33, 0x0B, 0x09, 0x12, 0x2C, 0x15, 0xA7, 0x0B, 0x09, 0x15, 0x2C, 0x0B, 0x0E, 0xCE, 0x0B, 0x0F ; file 1A675C
db 0x2A, 0x0B, 0x13, 0x09, 0x17, 0x2C, 0x15, 0xB8, 0x0B, 0x09, 0x10, 0x2C, 0x0B, 0x0E, 0x30, 0x0B ; file 1A676C
db 0x9A, 0xF9, 0xE1, 0xC4, 0x0B, 0x10, 0x12, 0x0B, 0x0F, 0xC8, 0x0B, 0x13, 0x09, 0x14, 0x2C, 0x15 ; file 1A677C
db 0xFA, 0x0B, 0x09, 0x11, 0x2C, 0x15, 0xFA, 0x0B, 0x1A, 0x00, 0x01, 0xB0, 0xE0, 0x0B, 0x02, 0x02 ; file 1A678C
db 0x4C, 0x15, 0xE3, 0x0B, 0x02, 0x23, 0x4C, 0x09, 0x06, 0x2C, 0x96, 0xBD, 0xB1, 0x18, 0x64, 0x39 ; file 1A679C
db 0x96, 0x8E, 0x34, 0xB2, 0x07, 0x09, 0x14, 0x50, 0x09, 0x05, 0x2C, 0x15, 0xFA, 0x0B, 0x0B, 0x9A ; file 1A67AC
db 0x8E, 0x34, 0xB2, 0x04, 0x0C, 0x30, 0x03, 0x3B, 0x0E, 0xB5, 0x0B, 0x9A, 0xBD, 0xB0, 0x1D, 0x0C ; file 1A67BC
db 0x9A, 0xF9, 0xE1, 0x1D, 0x0C, 0x0D, 0x90, 0x00, 0xDA, 0x00, 0xE0, 0x00, 0x1C, 0x01, 0xD4, 0x0B ; file 1A67CC
db 0x04, 0x11, 0x24, 0x0C, 0x0F, 0xA4, 0x0B, 0x13, 0x09, 0x02, 0x2C, 0x15, 0xF8, 0x0A, 0x09, 0x14 ; file 1A67DC
db 0x14, 0x96, 0x8C, 0x30, 0xB8, 0x03, 0x05, 0x09, 0x01, 0x40, 0x96, 0x8C, 0x30, 0xB8, 0x9A, 0xCD ; file 1A67EC
db 0xB0, 0x53, 0x0C, 0x9A, 0xF3, 0xE1, 0x53, 0x0C, 0x9A, 0xF6, 0xE1, 0x53, 0x0C, 0x96, 0xCD, 0xB1 ; file 1A67FC
db 0x96, 0x8E, 0x32, 0xB6, 0x18, 0x43, 0x3A, 0x0B, 0x9A, 0x8E, 0x32, 0xB6, 0x5D, 0x0C, 0x30, 0x03 ; file 1A680C
db 0x3B, 0x9A, 0x8E, 0x32, 0xB7, 0x66, 0x0C, 0x30, 0x03, 0x3B, 0x9A, 0x8E, 0x32, 0xB8, 0x6F, 0x0C ; file 1A681C
db 0x30, 0x03, 0x3B, 0x0E, 0x3B, 0x0D, 0x9A, 0xCC, 0xB1, 0x88, 0x0C, 0xA3, 0xF6, 0xE1, 0x88, 0x0C ; file 1A682C
db 0x0D, 0xC8, 0x00, 0xF0, 0x00, 0x27, 0x01, 0x1D, 0x01, 0xF8, 0x0C, 0x06, 0x1A, 0x08, 0x01, 0xB1 ; file 1A683C
db 0x9A, 0x0C, 0x0D, 0xC8, 0x00, 0xF0, 0x00, 0x27, 0x01, 0x1D, 0x01, 0xF8, 0x0C, 0x06, 0x9A, 0xCC ; file 1A684C
db 0xB0, 0xAB, 0x0C, 0x0D, 0xC8, 0x00, 0xF0, 0x00, 0x27, 0x01, 0x1D, 0x01, 0xCC, 0x0C, 0x04, 0x9A ; file 1A685C
db 0xCB, 0xB0, 0xBC, 0x0C, 0x0D, 0x68, 0x00, 0x83, 0x00, 0xB8, 0x00, 0x09, 0x01, 0xDC, 0x0C, 0x04 ; file 1A686C
db 0x0D, 0xC6, 0x01, 0x82, 0x00, 0x22, 0x02, 0x30, 0x01, 0x26, 0x0D, 0x07, 0x0F, 0x41, 0x0D, 0x13 ; file 1A687C
db 0x02, 0x25, 0x4C, 0x96, 0xCC, 0xB1, 0x96, 0x8E, 0x32, 0xB7, 0x18, 0x67, 0x3A, 0x15, 0x36, 0x0C ; file 1A688C
db 0x96, 0xCB, 0xB1, 0x96, 0x8E, 0x32, 0xB8, 0x02, 0x17, 0x4C, 0x18, 0x76, 0x3A, 0x15, 0x36, 0x0C ; file 1A689C
db 0x09, 0x02, 0x40, 0x15, 0x36, 0x0C, 0x09, 0x03, 0x40, 0x15, 0x36, 0x0C, 0x96, 0x92, 0x30, 0xB7 ; file 1A68AC
db 0x1A, 0x09, 0x01, 0xB0, 0x0E, 0x0D, 0x23, 0x05, 0x01, 0xB0, 0x0E, 0x0D, 0x4B, 0x00, 0x16, 0x09 ; file 1A68BC
db 0x01, 0xB1, 0x09, 0x09, 0x40, 0x18, 0xA8, 0x3F, 0x1A, 0x09, 0x01, 0xB1, 0x20, 0x0D, 0x4B, 0x01 ; file 1A68CC
db 0x16, 0x09, 0x01, 0xB0, 0x09, 0x0A, 0x40, 0x15, 0x36, 0x0C, 0x0A, 0x02, 0x3E, 0x4C, 0x09, 0x06 ; file 1A68DC
db 0x40, 0x07, 0x09, 0x64, 0x50, 0x09, 0x0B, 0x40, 0x96, 0x8C, 0x31, 0xB5, 0x15, 0xC2, 0x0D, 0x09 ; file 1A68EC
db 0x04, 0x40, 0x15, 0x47, 0x0D, 0x09, 0x01, 0x40, 0x15, 0x47, 0x0D, 0x0B, 0x9A, 0xCA, 0xB0, 0x59 ; file 1A68FC
db 0x0D, 0x0D, 0x12, 0x00, 0x9C, 0x00, 0x7E, 0x00, 0xF9, 0x00, 0x94, 0x0D, 0x07, 0x9A, 0xC9, 0xB0 ; file 1A690C
db 0x6A, 0x0D, 0x0D, 0x12, 0x00, 0x9C, 0x00, 0x7E, 0x00, 0xF9, 0x00, 0x9A, 0x0D, 0x07, 0x9A, 0xC8 ; file 1A691C
db 0xB0, 0x7B, 0x0D, 0x0D, 0x12, 0x00, 0x9C, 0x00, 0x7E, 0x00, 0xF9, 0x00, 0xA0, 0x0D, 0x07, 0x0F ; file 1A692C
db 0xF2, 0x0C, 0x0E, 0xEC, 0x0C, 0x10, 0x85, 0x0D, 0x13, 0x09, 0x05, 0x40, 0x03, 0x05, 0x09, 0x3D ; file 1A693C
db 0x14, 0x96, 0x8C, 0x30, 0xB1, 0x15, 0x32, 0x08, 0x18, 0x85, 0x3A, 0x15, 0x47, 0x0D, 0x18, 0x94 ; file 1A694C
db 0x3A, 0x15, 0x47, 0x0D, 0x18, 0xA3, 0x3A, 0x15, 0x47, 0x0D, 0x09, 0x0C, 0x40, 0x09, 0x07, 0x40 ; file 1A695C
db 0x96, 0x8C, 0x30, 0xB8, 0x15, 0x36, 0x0C, 0x02, 0x06, 0x4C, 0x96, 0x8C, 0x31, 0xB5, 0x03, 0x05 ; file 1A696C
db 0x09, 0x72, 0x20, 0x15, 0xCA, 0x0D, 0x03, 0x09, 0x7A, 0x20, 0x96, 0x8C, 0x31, 0xB5, 0x9A, 0xE9 ; file 1A697C
db 0xE1, 0xDE, 0x0D, 0x9A, 0xD4, 0xB0, 0xDE, 0x0D, 0x96, 0xD4, 0xB1, 0x96, 0x8E, 0x31, 0xB9, 0x18 ; file 1A698C
db 0xC2, 0x37, 0x0B, 0x0F, 0xC3, 0x0E, 0xA3, 0xE9, 0xE1, 0xF3, 0x0D, 0x0D, 0x17, 0x01, 0xE6, 0x00 ; file 1A699C
db 0x6C, 0x01, 0x19, 0x01, 0x8C, 0x0E, 0x06, 0x1A, 0x08, 0x01, 0xB1, 0x05, 0x0E, 0x0D, 0x17, 0x01 ; file 1A69AC
db 0xE6, 0x00, 0x6C, 0x01, 0x19, 0x01, 0x8C, 0x0E, 0x06, 0x9A, 0xE9, 0xE1, 0x2F, 0x0E, 0xA3, 0x99 ; file 1A69BC
db 0xB0, 0x2F, 0x0E, 0x9A, 0xD3, 0xB0, 0x23, 0x0E, 0x0D, 0x22, 0x00, 0x5F, 0x00, 0x5A, 0x00, 0x59 ; file 1A69CC
db 0x01, 0xEC, 0x0E, 0x04, 0x15, 0x2F, 0x0E, 0x0D, 0x22, 0x00, 0x5F, 0x00, 0x5A, 0x00, 0x59, 0x01 ; file 1A69DC
db 0x75, 0x0E, 0x00, 0x9A, 0x8E, 0x32, 0xB0, 0x38, 0x0E, 0x30, 0x03, 0x3B, 0x9A, 0xF3, 0xE1, 0x4E ; file 1A69EC
db 0x0E, 0x9A, 0xE9, 0xE1, 0x4E, 0x0E, 0x0D, 0x11, 0x02, 0xDC, 0x00, 0x53, 0x02, 0x5A, 0x01, 0x01 ; file 1A69FC
db 0x0F, 0x07, 0x9A, 0xD2, 0xB0, 0x5F, 0x0E, 0x0D, 0xE6, 0x01, 0xF4, 0x00, 0x09, 0x02, 0x29, 0x01 ; file 1A6A0C
db 0x7F, 0x0E, 0x04, 0x9A, 0x8E, 0x32, 0xB1, 0x68, 0x0E, 0x30, 0x03, 0x3B, 0x9A, 0x8E, 0x31, 0xB9 ; file 1A6A1C
db 0x71, 0x0E, 0x30, 0x03, 0x3B, 0x0E, 0xBD, 0x0E, 0x13, 0x96, 0x8C, 0x31, 0xB6, 0x09, 0x76, 0x20 ; file 1A6A2C
db 0x15, 0xE1, 0x2F, 0x96, 0xD2, 0xB1, 0x18, 0x28, 0x38, 0x96, 0x8E, 0x32, 0xB1, 0x15, 0xCA, 0x0D ; file 1A6A3C
db 0x1A, 0x09, 0x01, 0xB0, 0x9E, 0x0E, 0x23, 0x05, 0x01, 0xB0, 0x9E, 0x0E, 0x4B, 0x00, 0x16, 0x09 ; file 1A6A4C
db 0x01, 0xB1, 0x09, 0x6C, 0x20, 0x09, 0x6F, 0x20, 0x96, 0x17, 0xB4, 0x18, 0x86, 0x42, 0x1A, 0x09 ; file 1A6A5C
db 0x01, 0xB1, 0xBA, 0x0E, 0x4B, 0x01, 0x16, 0x09, 0x01, 0xB0, 0x05, 0x09, 0x6C, 0x20, 0x15, 0xCA ; file 1A6A6C
db 0x0D, 0x09, 0x75, 0x20, 0x15, 0xC6, 0x0E, 0x09, 0x72, 0x20, 0x0B, 0x0E, 0xD7, 0x0E, 0x10, 0xDD ; file 1A6A7C
db 0x0E, 0x0F, 0xD1, 0x0E, 0x13, 0x09, 0x74, 0x20, 0x15, 0xCA, 0x0D, 0x09, 0x73, 0x20, 0x15, 0xCA ; file 1A6A8C
db 0x0D, 0x09, 0x78, 0x20, 0x03, 0x05, 0x09, 0x8F, 0x14, 0x96, 0x8C, 0x30, 0xB2, 0x15, 0xF4, 0x11 ; file 1A6A9C
db 0x9A, 0xD3, 0xB0, 0xFB, 0x0E, 0x18, 0xB0, 0x37, 0x96, 0xD3, 0xB1, 0x96, 0x8E, 0x32, 0xB0, 0x09 ; file 1A6AAC
db 0x76, 0x20, 0x15, 0xE1, 0x2F, 0x02, 0x3D, 0x4C, 0x07, 0x09, 0x65, 0x50, 0x09, 0x79, 0x20, 0x04 ; file 1A6ABC
db 0x15, 0xA6, 0x0D, 0x96, 0x8C, 0x30, 0xB2, 0x0B, 0x0D, 0xD4, 0x00, 0x88, 0x00, 0x18, 0x02, 0x6F ; file 1A6ACC
db 0x01, 0x27, 0x0F, 0x07, 0x0E, 0x15, 0x10, 0x0F, 0x28, 0x10, 0x13, 0x0A, 0x02, 0x0F, 0x4C, 0x09 ; file 1A6ADC
db 0xAB, 0x14, 0x31, 0x00, 0x00, 0xF4, 0x01, 0x15, 0x0F, 0x0F, 0x9A, 0x90, 0xB2, 0x48, 0x0F, 0x96 ; file 1A6AEC
db 0x90, 0xB3, 0x18, 0xF9, 0x36, 0x96, 0xDC, 0xB1, 0x96, 0x8E, 0x31, 0xB1, 0x9A, 0x90, 0xB1, 0x5A ; file 1A6AFC
db 0x0F, 0x96, 0x90, 0xB2, 0x18, 0xEA, 0x36, 0x96, 0xDD, 0xB1, 0x96, 0x8E, 0x31, 0xB0, 0x9A, 0x90 ; file 1A6B0C
db 0xB0, 0x6C, 0x0F, 0x96, 0x90, 0xB1, 0x18, 0xCC, 0x36, 0x96, 0xDF, 0xB1, 0x96, 0x8E, 0x30, 0xB8 ; file 1A6B1C
db 0x9A, 0xFA, 0xE1, 0x80, 0x0F, 0x9A, 0xE0, 0xB0, 0x80, 0x0F, 0x18, 0xAB, 0x36, 0x96, 0x8E, 0x30 ; file 1A6B2C
db 0xB7, 0x96, 0xE0, 0xB1, 0x9A, 0xC3, 0xB1, 0x99, 0x0F, 0x9A, 0xD7, 0xB1, 0x99, 0x0F, 0x9A, 0xE2 ; file 1A6B3C
db 0xB0, 0x99, 0x0F, 0x96, 0xE2, 0xB1, 0x18, 0xBA, 0x36, 0x96, 0x8E, 0x30, 0xB5, 0x0B, 0x11, 0xD1 ; file 1A6B4C
db 0x0F, 0x0E, 0x3B, 0x10, 0x0F, 0x41, 0x10, 0x9A, 0x8E, 0x31, 0xB1, 0xAC, 0x0F, 0x30, 0x03, 0x3B ; file 1A6B5C
db 0x9A, 0x8E, 0x31, 0xB0, 0xB5, 0x0F, 0x30, 0x03, 0x3B, 0x9A, 0x8E, 0x30, 0xB8, 0xBE, 0x0F, 0x30 ; file 1A6B6C
db 0x03, 0x3B, 0x9A, 0x8E, 0x30, 0xB7, 0xC7, 0x0F, 0x30, 0x03, 0x3B, 0x9A, 0x8E, 0x30, 0xB5, 0xD0 ; file 1A6B7C
db 0x0F, 0x30, 0x03, 0x3B, 0x13, 0x09, 0x59, 0x14, 0x15, 0x79, 0x10, 0x0B, 0x11, 0xE2, 0x0F, 0x0E ; file 1A6B8C
db 0x47, 0x10, 0x0F, 0x4D, 0x10, 0x13, 0x09, 0x18, 0x14, 0x96, 0x8C, 0x30, 0xB1, 0x15, 0x93, 0x05 ; file 1A6B9C
db 0x9A, 0xE1, 0xB0, 0xFB, 0x0F, 0x18, 0x9C, 0x36, 0x96, 0xE1, 0xB1, 0x96, 0x8E, 0x30, 0xB6, 0x0B ; file 1A6BAC
db 0x9A, 0x8E, 0x30, 0xB6, 0x05, 0x10, 0x30, 0x03, 0x3B, 0x11, 0x0F, 0x10, 0x0E, 0x53, 0x10, 0x0F ; file 1A6BBC
db 0x59, 0x10, 0x13, 0x09, 0x5A, 0x14, 0x15, 0x32, 0x11, 0x09, 0x72, 0x14, 0x31, 0x00, 0x00, 0x00 ; file 1A6BCC
db 0x00, 0x02, 0x39, 0x4C, 0x31, 0x5F, 0x00, 0xEE, 0x02, 0x15, 0x36, 0x0F, 0x09, 0x77, 0x14, 0x31 ; file 1A6BDC
db 0x00, 0x00, 0x00, 0x00, 0x02, 0x35, 0x4C, 0x31, 0x5F, 0x00, 0xEE, 0x02, 0x15, 0xEC, 0x0F, 0x09 ; file 1A6BEC
db 0x71, 0x14, 0x15, 0xD7, 0x0F, 0x09, 0x76, 0x14, 0x15, 0x0F, 0x0F, 0x09, 0x74, 0x14, 0x15, 0xEC ; file 1A6BFC
db 0x0F, 0x09, 0x75, 0x14, 0x15, 0x36, 0x0F, 0x09, 0x73, 0x14, 0x15, 0x0F, 0x0F, 0x09, 0x78, 0x14 ; file 1A6C0C
db 0x15, 0xD7, 0x0F, 0x96, 0x8C, 0x30, 0xB2, 0x0B, 0x9A, 0xFA, 0xE1, 0x6C, 0x10, 0x10, 0x9C, 0x10 ; file 1A6C1C
db 0x0E, 0xB9, 0x10, 0x0F, 0xBF, 0x10, 0x13, 0x09, 0x5E, 0x14, 0x15, 0x24, 0x34, 0x96, 0x8C, 0x30 ; file 1A6C2C
db 0xB2, 0x0B, 0x11, 0xAD, 0x10, 0x0E, 0xC5, 0x10, 0x0F, 0xCB, 0x10, 0x13, 0x96, 0x8C, 0x30, 0xB2 ; file 1A6C3C
db 0x0B, 0x9A, 0xFA, 0xE1, 0x95, 0x10, 0x10, 0x73, 0x10, 0x0E, 0xD1, 0x10, 0x0F, 0xD7, 0x10, 0x13 ; file 1A6C4C
db 0x09, 0x5F, 0x14, 0x15, 0x82, 0x2E, 0x0B, 0x11, 0xB3, 0x10, 0x0E, 0xDD, 0x10, 0x0F, 0xE3, 0x10 ; file 1A6C5C
db 0x13, 0x09, 0x5D, 0x14, 0x15, 0x96, 0x11, 0x09, 0x5C, 0x14, 0x15, 0xEC, 0x0F, 0x09, 0x7A, 0x14 ; file 1A6C6C
db 0x15, 0x79, 0x10, 0x09, 0x7F, 0x14, 0x15, 0xA2, 0x10, 0x09, 0x79, 0x14, 0x15, 0x88, 0x10, 0x09 ; file 1A6C7C
db 0x7E, 0x14, 0x15, 0x5F, 0x10, 0x09, 0x7C, 0x14, 0x15, 0xA2, 0x10, 0x09, 0x7D, 0x14, 0x15, 0x79 ; file 1A6C8C
db 0x10, 0x09, 0x7B, 0x14, 0x15, 0x5F, 0x10, 0x09, 0x80, 0x14, 0x15, 0x88, 0x10, 0x96, 0x8C, 0x30 ; file 1A6C9C
db 0xB2, 0x0B, 0x0E, 0x4C, 0x11, 0x0F, 0x52, 0x11, 0x9A, 0xFA, 0xE1, 0xFC, 0x10, 0x10, 0xFD, 0x10 ; file 1A6CAC
db 0x13, 0x09, 0x6C, 0x14, 0x15, 0x89, 0x15, 0x96, 0x8C, 0x30, 0xB2, 0x0B, 0x11, 0x12, 0x11, 0x0E ; file 1A6CBC
db 0x58, 0x11, 0x0F, 0x5E, 0x11, 0x13, 0x09, 0x6B, 0x14, 0x15, 0x36, 0x0F, 0x96, 0x8C, 0x30, 0xB2 ; file 1A6CCC
db 0x0B, 0xA3, 0x99, 0xB0, 0x25, 0x11, 0x10, 0x2C, 0x11, 0x0E, 0x64, 0x11, 0x0F, 0x6A, 0x11, 0x13 ; file 1A6CDC
db 0x09, 0x6D, 0x14, 0x15, 0x77, 0x13, 0x96, 0x8C, 0x30, 0xB2, 0x0B, 0x9A, 0xFA, 0xE1, 0x3F, 0x11 ; file 1A6CEC
db 0x10, 0x46, 0x11, 0x0E, 0x70, 0x11, 0x0F, 0x76, 0x11, 0x13, 0x09, 0x6E, 0x14, 0x15, 0x63, 0x14 ; file 1A6CFC
db 0x09, 0x96, 0x14, 0x15, 0x03, 0x11, 0x09, 0x9B, 0x14, 0x15, 0x32, 0x11, 0x09, 0x95, 0x14, 0x15 ; file 1A6D0C
db 0x18, 0x11, 0x09, 0x9A, 0x14, 0x15, 0xE9, 0x10, 0x09, 0x98, 0x14, 0x15, 0x32, 0x11, 0x09, 0x99 ; file 1A6D1C
db 0x14, 0x15, 0x03, 0x11, 0x09, 0x97, 0x14, 0x15, 0xE9, 0x10, 0x09, 0x9C, 0x14, 0x15, 0x18, 0x11 ; file 1A6D2C
db 0x96, 0x8C, 0x30, 0xB2, 0x0B, 0xA3, 0x99, 0xB0, 0x89, 0x11, 0x10, 0x90, 0x11, 0x0E, 0xC4, 0x11 ; file 1A6D3C
db 0x0F, 0xCA, 0x11, 0x13, 0x09, 0x62, 0x14, 0x15, 0xD5, 0x2C, 0x0B, 0x11, 0xA1, 0x11, 0x0E, 0xD0 ; file 1A6D4C
db 0x11, 0x0F, 0xD6, 0x11, 0x13, 0x09, 0x61, 0x14, 0x15, 0x44, 0x12, 0x96, 0x8C, 0x30, 0xB2, 0x0B ; file 1A6D5C
db 0x0E, 0xDC, 0x11, 0x0F, 0xE2, 0x11, 0x13, 0x0B, 0x11, 0xBE, 0x11, 0x0E, 0xE8, 0x11, 0x0F, 0xEE ; file 1A6D6C
db 0x11, 0x13, 0x09, 0x60, 0x14, 0x15, 0xA2, 0x10, 0x09, 0x82, 0x14, 0x15, 0x96, 0x11, 0x09, 0x87 ; file 1A6D7C
db 0x14, 0x15, 0xB3, 0x11, 0x09, 0x81, 0x14, 0x15, 0xA7, 0x11, 0x09, 0x86, 0x14, 0x15, 0x7C, 0x11 ; file 1A6D8C
db 0x09, 0x84, 0x14, 0x15, 0xB3, 0x11, 0x09, 0x85, 0x14, 0x15, 0x96, 0x11, 0x09, 0x83, 0x14, 0x15 ; file 1A6D9C
db 0x7C, 0x11, 0x09, 0x88, 0x14, 0x15, 0xA7, 0x11, 0x96, 0x8C, 0x30, 0xB2, 0x0B, 0x0E, 0x97, 0x12 ; file 1A6DAC
db 0x0F, 0x9D, 0x12, 0x9A, 0xEB, 0xE1, 0x34, 0x12, 0x9A, 0xF4, 0xE1, 0x34, 0x12, 0x9A, 0xF7, 0xE1 ; file 1A6DBC
db 0x34, 0x12, 0x9A, 0xF6, 0xE1, 0x34, 0x12, 0x9A, 0xF5, 0xE1, 0x34, 0x12, 0x9A, 0xF3, 0xE1, 0x34 ; file 1A6DCC
db 0x12, 0x9A, 0xEE, 0xE1, 0x34, 0x12, 0x9A, 0xEC, 0xE1, 0x34, 0x12, 0x9A, 0xF1, 0xE1, 0x34, 0x12 ; file 1A6DDC
db 0x9A, 0xED, 0xE1, 0x34, 0x12, 0x11, 0x3E, 0x12, 0x1A, 0x08, 0x01, 0xB1, 0x3D, 0x12, 0x11, 0x3E ; file 1A6DEC
db 0x12, 0x13, 0x09, 0x65, 0x14, 0x15, 0xFE, 0x12, 0x96, 0x8C, 0x30, 0xB2, 0x0B, 0x11, 0x53, 0x12 ; file 1A6DFC
db 0x0E, 0xA3, 0x12, 0x0F, 0xA9, 0x12, 0x13, 0x09, 0x64, 0x14, 0x15, 0xC7, 0x12, 0x96, 0x8C, 0x30 ; file 1A6E0C
db 0xB2, 0x0B, 0xA3, 0x99, 0xB0, 0x66, 0x12, 0x10, 0x6D, 0x12, 0x0E, 0xAF, 0x12, 0x0F, 0xB5, 0x12 ; file 1A6E1C
db 0x13, 0x09, 0x66, 0x14, 0x15, 0xB3, 0x0D, 0x96, 0x8C, 0x30, 0xB2, 0x9A, 0xDE, 0xB0, 0x86, 0x12 ; file 1A6E2C
db 0x96, 0xDE, 0xB1, 0x96, 0x8E, 0x30, 0xB9, 0x18, 0xDB, 0x36, 0x0B, 0x11, 0x91, 0x12, 0x0E, 0xBB ; file 1A6E3C
db 0x12, 0x0F, 0xC1, 0x12, 0x13, 0x09, 0x63, 0x14, 0x15, 0xB3, 0x11, 0x09, 0x8A, 0x14, 0x15, 0x44 ; file 1A6E4C
db 0x12, 0x09, 0x8F, 0x14, 0x15, 0x73, 0x12, 0x09, 0x89, 0x14, 0x15, 0x59, 0x12, 0x09, 0x8E, 0x14 ; file 1A6E5C
db 0x15, 0xF4, 0x11, 0x09, 0x8C, 0x14, 0x15, 0x73, 0x12, 0x09, 0x8D, 0x14, 0x15, 0x44, 0x12, 0x09 ; file 1A6E6C
db 0x8B, 0x14, 0x15, 0xF4, 0x11, 0x09, 0x90, 0x14, 0x15, 0x59, 0x12, 0x96, 0x8C, 0x30, 0xB2, 0x0B ; file 1A6E7C
db 0x9A, 0xF0, 0xE1, 0xD9, 0x12, 0xA3, 0x99, 0xB0, 0xD9, 0x12, 0x10, 0xDD, 0x12, 0x0E, 0xE3, 0x12 ; file 1A6E8C
db 0x13, 0x09, 0x68, 0x14, 0x15, 0x15, 0x35, 0x09, 0x92, 0x14, 0x96, 0x8C, 0x30, 0xB2, 0x0B, 0x0F ; file 1A6E9C
db 0xF2, 0x12, 0x11, 0xF8, 0x12, 0x13, 0x09, 0x91, 0x14, 0x15, 0xC7, 0x12, 0x09, 0x67, 0x14, 0x15 ; file 1A6EAC
db 0x73, 0x12, 0x96, 0x8C, 0x30, 0xB2, 0x0B, 0x0E, 0x4E, 0x13, 0x10, 0x0A, 0x13, 0x13, 0x9A, 0xF2 ; file 1A6EBC
db 0xE1, 0x22, 0x13, 0x09, 0x6A, 0x14, 0x18, 0x14, 0x03, 0x05, 0x03, 0x09, 0x01, 0x00, 0x0B, 0x11 ; file 1A6ECC
db 0xD3, 0x16, 0x13, 0x15, 0x4E, 0x13, 0x1A, 0x09, 0x01, 0xB0, 0x38, 0x13, 0x23, 0x05, 0x01, 0xB0 ; file 1A6EDC
db 0x38, 0x13, 0x4B, 0x00, 0x16, 0x09, 0x01, 0xB1, 0x05, 0x09, 0x6A, 0x14, 0x18, 0x33, 0x42, 0x1A ; file 1A6EEC
db 0x09, 0x01, 0xB1, 0x4B, 0x13, 0x4B, 0x01, 0x16, 0x09, 0x01, 0xB0, 0x05, 0x09, 0x6A, 0x14, 0x15 ; file 1A6EFC
db 0xFE, 0x12, 0x09, 0x93, 0x14, 0x96, 0x8C, 0x30, 0xB2, 0x0B, 0x0F, 0x6B, 0x13, 0x11, 0x71, 0x13 ; file 1A6F0C
db 0x13, 0x03, 0x05, 0x09, 0x94, 0x14, 0x96, 0x8C, 0x30, 0xB2, 0x0B, 0x11, 0x71, 0x13, 0x13, 0x09 ; file 1A6F1C
db 0x94, 0x14, 0x15, 0xFE, 0x12, 0x09, 0x69, 0x14, 0x15, 0x59, 0x12, 0x96, 0x8C, 0x31, 0xB0, 0x03 ; file 1A6F2C
db 0x05, 0x09, 0x07, 0x20, 0x9A, 0xEA, 0xE1, 0x8D, 0x13, 0x9A, 0x9A, 0xB0, 0x8D, 0x13, 0x15, 0xC1 ; file 1A6F3C
db 0x13, 0x0B, 0x9A, 0x8E, 0x31, 0xB8, 0x97, 0x13, 0x30, 0x03, 0x3B, 0xA3, 0xEA, 0xE1, 0xA8, 0x13 ; file 1A6F4C
db 0x0D, 0x1C, 0x02, 0x4A, 0x01, 0x7F, 0x02, 0x8F, 0x01, 0xCE, 0x13, 0x06, 0x1A, 0x08, 0x01, 0xB1 ; file 1A6F5C
db 0xBA, 0x13, 0x0D, 0x1C, 0x02, 0x4A, 0x01, 0x7F, 0x02, 0x8F, 0x01, 0xCE, 0x13, 0x06, 0x0E, 0x05 ; file 1A6F6C
db 0x14, 0x0F, 0x11, 0x14, 0x13, 0x96, 0x9A, 0xB1, 0x96, 0x8E, 0x31, 0xB8, 0x18, 0x9E, 0x37, 0x15 ; file 1A6F7C
db 0x80, 0x13, 0x96, 0x17, 0xB1, 0x1A, 0x09, 0x01, 0xB0, 0xE3, 0x13, 0x23, 0x05, 0x01, 0xB0, 0xE3 ; file 1A6F8C
db 0x13, 0x4B, 0x00, 0x16, 0x09, 0x01, 0xB1, 0x09, 0x00, 0x20, 0x09, 0x04, 0x20, 0x18, 0x86, 0x42 ; file 1A6F9C
db 0x1A, 0x09, 0x01, 0xB1, 0xFC, 0x13, 0x4B, 0x01, 0x16, 0x09, 0x01, 0xB0, 0x05, 0x09, 0x00, 0x20 ; file 1A6FAC
db 0x15, 0x80, 0x13, 0x09, 0x08, 0x20, 0x15, 0x80, 0x13, 0x09, 0x0A, 0x20, 0x15, 0x14, 0x14, 0x09 ; file 1A6FBC
db 0x09, 0x20, 0x15, 0x80, 0x13, 0x09, 0x07, 0x20, 0x0B, 0x0D, 0x2D, 0x00, 0xAA, 0x00, 0x88, 0x00 ; file 1A6FCC
db 0x58, 0x01, 0x40, 0x14, 0x03, 0x0D, 0xBA, 0x00, 0xAA, 0x00, 0x15, 0x01, 0x58, 0x01, 0x4D, 0x14 ; file 1A6FDC
db 0x03, 0x0D, 0xF5, 0x01, 0xAA, 0x00, 0x4F, 0x02, 0x58, 0x01, 0x5C, 0x14, 0x03, 0x0F, 0x0B, 0x14 ; file 1A6FEC
db 0x0E, 0xFF, 0x13, 0x13, 0x02, 0x3C, 0x4C, 0x09, 0x02, 0x20, 0x96, 0x8C, 0x30, 0xB4, 0x15, 0x23 ; file 1A6FFC
db 0x0B, 0x09, 0x06, 0x20, 0x03, 0x05, 0x09, 0x9B, 0x14, 0x96, 0x8C, 0x30, 0xB2, 0x15, 0xE9, 0x10 ; file 1A700C
db 0x09, 0x0B, 0x20, 0x04, 0x15, 0xB6, 0x22, 0x96, 0x8C, 0x30, 0xB9, 0x03, 0x05, 0x09, 0x08, 0x18 ; file 1A701C
db 0x9A, 0xD1, 0xB0, 0x7B, 0x14, 0x96, 0xD1, 0xB1, 0x96, 0x8E, 0x32, 0xB2, 0x18, 0x29, 0x37, 0x9A ; file 1A702C
db 0xF0, 0xE1, 0x8F, 0x14, 0x9A, 0xCF, 0xB0, 0x8F, 0x14, 0x18, 0x3B, 0x37, 0x96, 0xCF, 0xB1, 0x96 ; file 1A703C
db 0x8E, 0x32, 0xB4, 0x0B, 0x9A, 0x8E, 0x32, 0xB2, 0x99, 0x14, 0x30, 0x03, 0x3B, 0x0F, 0x5A, 0x15 ; file 1A704C
db 0xA3, 0xF9, 0xB0, 0xAD, 0x14, 0x0D, 0xA3, 0x01, 0xF8, 0x00, 0x7F, 0x02, 0x44, 0x01, 0x05, 0x15 ; file 1A705C
db 0x07, 0x9A, 0xFA, 0xE1, 0xC3, 0x14, 0xA3, 0xF0, 0xE1, 0xC3, 0x14, 0x0D, 0x00, 0x00, 0x0B, 0x01 ; file 1A706C
db 0x82, 0x00, 0x7E, 0x01, 0x0F, 0x15, 0x06, 0x1A, 0x08, 0x01, 0xB1, 0xD5, 0x14, 0x0D, 0x00, 0x00 ; file 1A707C
db 0x0B, 0x01, 0x82, 0x00, 0x7E, 0x01, 0x0F, 0x15, 0x06, 0x9A, 0xCE, 0xB0, 0xE6, 0x14, 0x0D, 0xDF ; file 1A708C
db 0x00, 0x9E, 0x00, 0x01, 0x01, 0xD5, 0x00, 0xF3, 0x14, 0x04, 0x0E, 0x60, 0x15, 0x9A, 0x8E, 0x32 ; file 1A709C
db 0xB5, 0xF2, 0x14, 0x30, 0x03, 0x3B, 0x13, 0x9A, 0xCE, 0xB0, 0x02, 0x15, 0x96, 0xCE, 0xB1, 0x18 ; file 1A70AC
db 0x4D, 0x37, 0x96, 0x8E, 0x32, 0xB5, 0x15, 0x7B, 0x14, 0x09, 0x0E, 0x18, 0x96, 0x8C, 0x30, 0xB4 ; file 1A70BC
db 0x15, 0x23, 0x0B, 0x1A, 0x09, 0x01, 0xB0, 0x21, 0x15, 0x23, 0x05, 0x01, 0xB0, 0x21, 0x15, 0x4B ; file 1A70CC
db 0x00, 0x16, 0x09, 0x01, 0xB1, 0x09, 0x00, 0x18, 0x96, 0x92, 0x31, 0xB4, 0x18, 0x8B, 0x41, 0x1A ; file 1A70DC
db 0x09, 0x01, 0xB1, 0x37, 0x15, 0x4B, 0x01, 0x16, 0x09, 0x01, 0xB0, 0x9A, 0xF0, 0xE1, 0x4E, 0x15 ; file 1A70EC
db 0x09, 0x03, 0x18, 0x18, 0x5C, 0x37, 0x96, 0xD0, 0xB1, 0x09, 0x04, 0x18, 0x09, 0x01, 0x18, 0x15 ; file 1A70FC
db 0x7B, 0x14, 0x09, 0x01, 0x18, 0x15, 0x7B, 0x14, 0x09, 0x01, 0x18, 0x15, 0x7B, 0x14, 0x09, 0x08 ; file 1A710C
db 0x18, 0x15, 0x63, 0x15, 0x09, 0x0C, 0x18, 0x0B, 0x0F, 0x83, 0x15, 0x10, 0x6E, 0x15, 0x0E, 0x7D ; file 1A711C
db 0x15, 0x13, 0x09, 0x0D, 0x18, 0x03, 0x05, 0x09, 0x9A, 0x14, 0x96, 0x8C, 0x30, 0xB2, 0x15, 0x03 ; file 1A712C
db 0x11, 0x09, 0x09, 0x18, 0x15, 0x7B, 0x14, 0x09, 0x0B, 0x18, 0x15, 0x7B, 0x14, 0x96, 0x8C, 0x31 ; file 1A713C
db 0xB1, 0x03, 0x05, 0x09, 0x69, 0x28, 0x9A, 0xBC, 0xB0, 0xA1, 0x15, 0x96, 0xBC, 0xB1, 0x96, 0x8E ; file 1A714C
db 0x34, 0xB3, 0x18, 0x6B, 0x38, 0x9A, 0xE8, 0xE1, 0xBE, 0x15, 0x9A, 0xBA, 0xB0, 0xBE, 0x15, 0x96 ; file 1A715C
db 0xBA, 0xB1, 0x96, 0xBB, 0xB1, 0x02, 0x1B, 0x4C, 0x18, 0x7D, 0x38, 0x18, 0x8F, 0x38, 0x96, 0x8E ; file 1A716C
db 0x34, 0xB4, 0x0B, 0x9A, 0x8E, 0x34, 0xB6, 0xC8, 0x15, 0x30, 0x03, 0x3B, 0x9A, 0x8E, 0x34, 0xB3 ; file 1A717C
db 0xD1, 0x15, 0x30, 0x03, 0x3B, 0x9A, 0x8E, 0x34, 0xB4, 0xDA, 0x15, 0x30, 0x03, 0x3B, 0x9A, 0xB9 ; file 1A718C
db 0xB0, 0xEE, 0x15, 0x0D, 0x32, 0x00, 0x50, 0x00, 0xC0, 0x00, 0x47, 0x01, 0x4E, 0x16, 0x04, 0x15 ; file 1A719C
db 0xFA, 0x15, 0x0D, 0x32, 0x00, 0x50, 0x00, 0xC0, 0x00, 0x47, 0x01, 0x4E, 0x16, 0x00, 0xA3, 0xE8 ; file 1A71AC
db 0xE1, 0x0B, 0x16, 0x0D, 0x4A, 0x01, 0x5C, 0x01, 0x7F, 0x02, 0x8F, 0x01, 0x24, 0x16, 0x06, 0x1A ; file 1A71BC
db 0x08, 0x01, 0xB1, 0x1D, 0x16, 0x0D, 0x4A, 0x01, 0x5C, 0x01, 0x7F, 0x02, 0x8F, 0x01, 0x24, 0x16 ; file 1A71CC
db 0x06, 0x0E, 0x97, 0x16, 0x0F, 0x9D, 0x16, 0x13, 0x09, 0x76, 0x28, 0x23, 0x05, 0x01, 0xB0, 0x33 ; file 1A71DC
db 0x16, 0x4B, 0x00, 0x16, 0x09, 0x01, 0xB1, 0x09, 0x73, 0x28, 0x18, 0xD2, 0x3F, 0x09, 0x72, 0x28 ; file 1A71EC
db 0x1A, 0x09, 0x01, 0xB1, 0x48, 0x16, 0x4B, 0x01, 0x16, 0x09, 0x01, 0xB0, 0x09, 0x77, 0x28, 0x15 ; file 1A71FC
db 0x92, 0x15, 0x09, 0x74, 0x28, 0x9A, 0xB9, 0xB0, 0x89, 0x16, 0x02, 0x34, 0x4C, 0x96, 0x8E, 0x34 ; file 1A720C
db 0xB6, 0x96, 0xB9, 0xB1, 0x96, 0xB8, 0xB1, 0x96, 0xB7, 0xB1, 0x96, 0xB6, 0xB1, 0x18, 0x37, 0x38 ; file 1A721C
db 0x18, 0x46, 0x38, 0x02, 0x0F, 0x4C, 0x18, 0x51, 0x38, 0x09, 0x75, 0x28, 0x18, 0x5C, 0x38, 0x31 ; file 1A722C
db 0x00, 0x00, 0x96, 0x00, 0x19, 0x96, 0x00, 0x02, 0x3A, 0x4C, 0x15, 0x92, 0x15, 0x0B, 0x0E, 0x91 ; file 1A723C
db 0x16, 0x0F, 0x91, 0x16, 0x13, 0x09, 0x75, 0x28, 0x15, 0x92, 0x15, 0x09, 0x6E, 0x28, 0x15, 0xA3 ; file 1A724C
db 0x16, 0x09, 0x69, 0x28, 0x15, 0xA3, 0x16, 0x0B, 0x0D, 0xD2, 0x01, 0x65, 0x00, 0x57, 0x02, 0x76 ; file 1A725C
db 0x01, 0xC3, 0x16, 0x00, 0x0F, 0xBD, 0x16, 0x0E, 0xB7, 0x16, 0x13, 0x09, 0x6A, 0x28, 0x15, 0x92 ; file 1A726C
db 0x15, 0x09, 0x6D, 0x28, 0x15, 0x92, 0x15, 0x09, 0x71, 0x28, 0x04, 0x03, 0x05, 0x09, 0x99, 0x14 ; file 1A727C
db 0x96, 0x8C, 0x30, 0xB2, 0x15, 0x18, 0x11, 0x96, 0x8C, 0x32, 0xB0, 0x09, 0x01, 0x00, 0x09, 0x00 ; file 1A728C
db 0x00, 0x15, 0x9C, 0x2D, 0x96, 0x8C, 0x32, 0xB3, 0x03, 0x05, 0x09, 0x03, 0x48, 0x9A, 0xDB, 0xB0 ; file 1A729C
db 0xF8, 0x16, 0x96, 0xDB, 0xB1, 0x18, 0x6E, 0x37, 0x96, 0x8E, 0x31, 0xB2, 0x0B, 0x0D, 0x27, 0x00 ; file 1A72AC
db 0x55, 0x00, 0xF8, 0x00, 0xFF, 0x00, 0xF0, 0x17, 0x04, 0x0D, 0x06, 0x02, 0xBA, 0x00, 0x3E, 0x02 ; file 1A72BC
db 0x04, 0x01, 0xFD, 0x17, 0x04, 0x0F, 0x21, 0x17, 0x0E, 0x27, 0x17, 0x9A, 0x8E, 0x31, 0xB2, 0x20 ; file 1A72CC
db 0x17, 0x30, 0x03, 0x3B, 0x13, 0x09, 0x03, 0x48, 0x15, 0x7A, 0x17, 0x09, 0x0A, 0x48, 0x15, 0x2D ; file 1A72DC
db 0x17, 0x9A, 0xD9, 0xB0, 0x3C, 0x17, 0x96, 0xD9, 0xB1, 0x18, 0x85, 0x39, 0x96, 0x8E, 0x31, 0xB5 ; file 1A72EC
db 0x0B, 0x0E, 0x4D, 0x17, 0x0F, 0x53, 0x17, 0x9A, 0x8E, 0x31, 0xB5, 0x4C, 0x17, 0x30, 0x03, 0x3B ; file 1A72FC
db 0x13, 0x09, 0x08, 0x48, 0x15, 0x59, 0x17, 0x09, 0x09, 0x48, 0x15, 0xF8, 0x16, 0x0B, 0x10, 0x64 ; file 1A730C
db 0x17, 0x0E, 0x6E, 0x17, 0x0F, 0x74, 0x17, 0x13, 0x09, 0x0C, 0x48, 0x96, 0x8C, 0x30, 0xB8, 0x15 ; file 1A731C
db 0x36, 0x0C, 0x09, 0x06, 0x48, 0x15, 0x7A, 0x17, 0x09, 0x07, 0x48, 0x15, 0x2D, 0x17, 0x0B, 0x0E ; file 1A732C
db 0xA5, 0x17, 0x0F, 0xAB, 0x17, 0xA3, 0xED, 0xE1, 0x92, 0x17, 0x0D, 0xCE, 0x00, 0x4E, 0x00, 0xC4 ; file 1A733C
db 0x01, 0x89, 0x01, 0xBE, 0x17, 0x06, 0x1A, 0x08, 0x01, 0xB1, 0xA4, 0x17, 0x0D, 0xCE, 0x00, 0x4E ; file 1A734C
db 0x00, 0xC4, 0x01, 0x89, 0x01, 0xBE, 0x17, 0x06, 0x13, 0x09, 0x04, 0x48, 0x15, 0xF8, 0x16, 0x09 ; file 1A735C
db 0x05, 0x48, 0x15, 0x59, 0x17, 0x0A, 0x02, 0x0B, 0x4C, 0x09, 0x29, 0x48, 0x0A, 0x09, 0x29, 0x48 ; file 1A736C
db 0x17, 0x00, 0x1A, 0x09, 0x01, 0xB0, 0xD0, 0x17, 0x23, 0x05, 0x01, 0xB0, 0xD0, 0x17, 0x4B, 0x00 ; file 1A737C
db 0x16, 0x09, 0x01, 0xB1, 0x09, 0x01, 0x48, 0x18, 0xBD, 0x40, 0x1A, 0x09, 0x01, 0xB1, 0xE2, 0x17 ; file 1A738C
db 0x4B, 0x01, 0x16, 0x09, 0x01, 0xB0, 0x09, 0x02, 0x48, 0x9A, 0xED, 0xE1, 0xED, 0x17, 0x18, 0xB1 ; file 1A739C
db 0x17, 0x15, 0x7A, 0x17, 0x96, 0xDA, 0xB1, 0x96, 0x8E, 0x31, 0xB3, 0x18, 0x80, 0x37, 0x15, 0xF8 ; file 1A73AC
db 0x16, 0x96, 0xD8, 0xB1, 0x96, 0x8E, 0x31, 0xB4, 0x18, 0x8F, 0x37, 0x15, 0xF8, 0x16, 0x96, 0x8C ; file 1A73BC
db 0x30, 0xB5, 0x03, 0x02, 0x12, 0x4C, 0x1A, 0x09, 0x01, 0xB0, 0x24, 0x18, 0x23, 0x05, 0x01, 0xB0 ; file 1A73CC
db 0x24, 0x18, 0x4B, 0x00, 0x16, 0x09, 0x01, 0xB1, 0x09, 0x32, 0x3C, 0x18, 0x33, 0x40, 0x1A, 0x09 ; file 1A73DC
db 0x01, 0xB1, 0x36, 0x18, 0x4B, 0x01, 0x16, 0x09, 0x01, 0xB0, 0x1A, 0x02, 0x01, 0xB1, 0x45, 0x18 ; file 1A73EC
db 0x46, 0x07, 0x09, 0x8C, 0x50, 0x47, 0x15, 0x57, 0x18, 0x09, 0x34, 0x3C, 0x09, 0x33, 0x3C, 0x03 ; file 1A73FC
db 0x05, 0x09, 0x11, 0x2C, 0x96, 0x8C, 0x30, 0xB4, 0x15, 0xA7, 0x0B, 0x96, 0x8C, 0x30, 0xB5, 0x18 ; file 1A740C
db 0xFC, 0x3F, 0x1A, 0x02, 0x01, 0xB1, 0x67, 0x18, 0x15, 0x48, 0x18, 0x1A, 0x09, 0x01, 0xB0, 0x79 ; file 1A741C
db 0x18, 0x23, 0x05, 0x01, 0xB0, 0x79, 0x18, 0x4B, 0x00, 0x16, 0x09, 0x01, 0xB1, 0x96, 0x8C, 0x30 ; file 1A742C
db 0xB6, 0x02, 0x13, 0x4C, 0x03, 0x05, 0x09, 0x6C, 0x3C, 0x96, 0x92, 0x30, 0xB9, 0xA3, 0xF4, 0xE1 ; file 1A743C
db 0x91, 0x18, 0x18, 0x7E, 0x3F, 0x1A, 0x08, 0x01, 0xB1, 0x9A, 0x18, 0x18, 0x7E, 0x3F, 0x1A, 0x09 ; file 1A744C
db 0x01, 0xB1, 0xA6, 0x18, 0x4B, 0x01, 0x16, 0x09, 0x01, 0xB0, 0xA3, 0xF4, 0xE1, 0xBE, 0x18, 0x05 ; file 1A745C
db 0x09, 0x6C, 0x3C, 0x09, 0x6C, 0x3C, 0x09, 0x6D, 0x3C, 0x09, 0x6E, 0x3C, 0x09, 0x6F, 0x3C, 0x15 ; file 1A746C
db 0xB6, 0x22, 0x09, 0x6C, 0x3C, 0x9A, 0xAA, 0xB0, 0xD0, 0x18, 0x96, 0xAA, 0xB1, 0x96, 0x8E, 0x36 ; file 1A747C
db 0xB0, 0x18, 0xF1, 0x3A, 0x09, 0x6D, 0x3C, 0x0B, 0x11, 0xD8, 0x18, 0x13, 0x09, 0x6E, 0x3C, 0x02 ; file 1A748C
db 0x15, 0x4C, 0x09, 0x6F, 0x3C, 0x03, 0x09, 0x31, 0x3C, 0x03, 0x05, 0x09, 0x11, 0x2C, 0x96, 0x8C ; file 1A749C
db 0x30, 0xB4, 0x15, 0xA7, 0x0B, 0x23, 0x05, 0x01, 0xB0, 0xFD, 0x18, 0x4B, 0x00, 0x16, 0x09, 0x01 ; file 1A74AC
db 0xB1, 0x96, 0x00, 0x24, 0xA4, 0x3A, 0x23, 0xE1, 0x2C, 0x00, 0x00, 0x00, 0x31, 0x00, 0x00, 0xE8 ; file 1A74BC
db 0x03, 0x04, 0x35, 0x09, 0x18, 0x24, 0x0A, 0x09, 0x21, 0x24, 0x0A, 0x09, 0x25, 0x24, 0x0B, 0x0D ; file 1A74CC
db 0x0F, 0x01, 0xF0, 0x00, 0x71, 0x01, 0x08, 0x01, 0x04, 0x1F, 0x08, 0x0D, 0x12, 0x01, 0x09, 0x01 ; file 1A74DC
db 0x6F, 0x01, 0x24, 0x01, 0x8E, 0x19, 0x08, 0x0D, 0xFB, 0x00, 0x24, 0x01, 0x8E, 0x01, 0x3D, 0x01 ; file 1A74EC
db 0x9B, 0x1D, 0x08, 0x0D, 0xF4, 0x00, 0x40, 0x01, 0x95, 0x01, 0x5D, 0x01, 0x15, 0x00, 0x08, 0x0D ; file 1A74FC
db 0xD5, 0x00, 0x61, 0x01, 0xAA, 0x01, 0x76, 0x01, 0xC1, 0x1E, 0x08, 0x1A, 0x07, 0x01, 0xA0, 0x8D ; file 1A750C
db 0x19, 0x0D, 0x64, 0x00, 0x9B, 0x00, 0xB8, 0x00, 0xCC, 0x00, 0xE6, 0x1B, 0x07, 0x0D, 0xC2, 0x01 ; file 1A751C
db 0x9D, 0x00, 0x1E, 0x02, 0xC9, 0x00, 0xE6, 0x1B, 0x07, 0x0D, 0x2A, 0x00, 0x2B, 0x01, 0xB2, 0x00 ; file 1A752C
db 0x85, 0x01, 0xE6, 0x1B, 0x07, 0x0D, 0xD6, 0x01, 0x2C, 0x01, 0x59, 0x02, 0x85, 0x01, 0xE6, 0x1B ; file 1A753C
db 0x07, 0x13, 0x2C, 0xF1, 0x18, 0x08, 0x22, 0x07, 0x09, 0x1D, 0x24, 0x22, 0x07, 0x9A, 0xFB, 0xE1 ; file 1A754C
db 0xA4, 0x19, 0x09, 0x33, 0x24, 0x15, 0xA7, 0x19, 0x09, 0x32, 0x24, 0x22, 0x07, 0x9A, 0xF5, 0xE1 ; file 1A755C
db 0xB1, 0x19, 0x09, 0x35, 0x24, 0x22, 0x07, 0x9A, 0xFA, 0xE1, 0xBB, 0x19, 0x09, 0x3F, 0x24, 0xA3 ; file 1A756C
db 0x99, 0xB0, 0xDA, 0x19, 0x9A, 0xF3, 0xE1, 0xDA, 0x19, 0x9A, 0xE9, 0xE1, 0xDA, 0x19, 0x22, 0x07 ; file 1A757C
db 0x9A, 0xF6, 0xE1, 0xD7, 0x19, 0x09, 0x37, 0x24, 0x15, 0xDA, 0x19, 0x09, 0x36, 0x24, 0x9A, 0xFA ; file 1A758C
db 0xE1, 0xEF, 0x19, 0x22, 0x07, 0x9A, 0xF9, 0xE1, 0xEC, 0x19, 0x09, 0x39, 0x24, 0x15, 0xEF, 0x19 ; file 1A759C
db 0x09, 0x38, 0x24, 0xA3, 0x99, 0xB0, 0x09, 0x1A, 0x9A, 0xF3, 0xE1, 0x09, 0x1A, 0x22, 0x07, 0x9A ; file 1A75AC
db 0xED, 0xE1, 0x06, 0x1A, 0x09, 0x3D, 0x24, 0x15, 0x09, 0x1A, 0x09, 0x3C, 0x24, 0x9A, 0xF9, 0xE1 ; file 1A75BC
db 0x1E, 0x1A, 0x22, 0x07, 0x9A, 0xF8, 0xE1, 0x1B, 0x1A, 0x09, 0x3B, 0x24, 0x15, 0x1E, 0x1A, 0x09 ; file 1A75CC
db 0x3A, 0x24, 0x22, 0x0B, 0x0D, 0x39, 0x01, 0xF6, 0x00, 0x7B, 0x01, 0x3C, 0x01, 0x99, 0x1A, 0x08 ; file 1A75DC
db 0x9A, 0xF9, 0xE1, 0x3D, 0x1A, 0x0D, 0x34, 0x01, 0xC6, 0x00, 0x5E, 0x01, 0xE6, 0x00, 0x4A, 0x1A ; file 1A75EC
db 0x08, 0x0D, 0xD5, 0x00, 0x61, 0x01, 0xAA, 0x01, 0x76, 0x01, 0xF1, 0x18, 0x08, 0x13, 0x22, 0x07 ; file 1A75FC
db 0x09, 0x1C, 0x24, 0x22, 0x07, 0x9A, 0xF8, 0xE1, 0x7C, 0x1A, 0x09, 0x5B, 0x24, 0x22, 0x07, 0x9A ; file 1A760C
db 0xF4, 0xB0, 0x66, 0x1A, 0x09, 0x5C, 0x24, 0x15, 0x79, 0x1A, 0x09, 0x5D, 0x24, 0x22, 0x07, 0x9A ; file 1A761C
db 0xF4, 0xE1, 0x76, 0x1A, 0x09, 0x5F, 0x24, 0x15, 0x79, 0x1A, 0x09, 0x5E, 0x24, 0x15, 0x7F, 0x1A ; file 1A762C
db 0x09, 0x5A, 0x24, 0x0B, 0x0D, 0xA1, 0x00, 0xC1, 0x00, 0xE8, 0x01, 0x48, 0x01, 0x92, 0x19, 0x08 ; file 1A763C
db 0x0D, 0xD5, 0x00, 0x61, 0x01, 0xAA, 0x01, 0x76, 0x01, 0xF1, 0x18, 0x08, 0x13, 0x22, 0x07, 0x09 ; file 1A764C
db 0x1E, 0x24, 0x22, 0x07, 0x09, 0x40, 0x24, 0x9A, 0xFA, 0xE1, 0xB8, 0x1A, 0x22, 0x07, 0x9A, 0xF0 ; file 1A765C
db 0xE1, 0xB5, 0x1A, 0x09, 0x43, 0x24, 0x15, 0xB8, 0x1A, 0x09, 0x42, 0x24, 0x9A, 0xFA, 0xE1, 0xCD ; file 1A766C
db 0x1A, 0x22, 0x07, 0x9A, 0xE8, 0xE1, 0xCA, 0x1A, 0x09, 0x45, 0x24, 0x15, 0xCD, 0x1A, 0x09, 0x44 ; file 1A767C
db 0x24, 0x9A, 0xFA, 0xE1, 0xE2, 0x1A, 0x22, 0x07, 0x9A, 0xF1, 0xE1, 0xDF, 0x1A, 0x09, 0x47, 0x24 ; file 1A768C
db 0x15, 0xE2, 0x1A, 0x09, 0x46, 0x24, 0xA3, 0x99, 0xB0, 0xF7, 0x1A, 0x22, 0x07, 0x9A, 0xEC, 0xE1 ; file 1A769C
db 0xF4, 0x1A, 0x09, 0x49, 0x24, 0x15, 0xF7, 0x1A, 0x09, 0x48, 0x24, 0x9A, 0xEB, 0xE1, 0x39, 0x1B ; file 1A76AC
db 0x9A, 0xF4, 0xE1, 0x39, 0x1B, 0x9A, 0xF7, 0xE1, 0x39, 0x1B, 0x9A, 0xF6, 0xE1, 0x39, 0x1B, 0x9A ; file 1A76BC
db 0xF5, 0xE1, 0x39, 0x1B, 0x9A, 0xF3, 0xE1, 0x39, 0x1B, 0x9A, 0xEE, 0xE1, 0x39, 0x1B, 0x9A, 0xEC ; file 1A76CC
db 0xE1, 0x39, 0x1B, 0x9A, 0xF1, 0xE1, 0x39, 0x1B, 0x9A, 0xED, 0xE1, 0x39, 0x1B, 0x22, 0x07, 0x9A ; file 1A76DC
db 0xF2, 0xE1, 0x36, 0x1B, 0x09, 0x4B, 0x24, 0x15, 0x39, 0x1B, 0x09, 0x4A, 0x24, 0xA3, 0x99, 0xB0 ; file 1A76EC
db 0x4E, 0x1B, 0x22, 0x07, 0x9A, 0xEE, 0xE1, 0x4B, 0x1B, 0x09, 0x4F, 0x24, 0x15, 0x4E, 0x1B, 0x09 ; file 1A76FC
db 0x4E, 0x24, 0xA3, 0x99, 0xB0, 0x63, 0x1B, 0x22, 0x07, 0x9A, 0xF7, 0xE1, 0x60, 0x1B, 0x09, 0x4D ; file 1A770C
db 0x24, 0x15, 0x63, 0x1B, 0x09, 0x4C, 0x24, 0xA3, 0x99, 0xB0, 0x78, 0x1B, 0x22, 0x07, 0x9A, 0xE9 ; file 1A771C
db 0xE1, 0x75, 0x1B, 0x09, 0x55, 0x24, 0x15, 0x78, 0x1B, 0x09, 0x54, 0x24, 0x9A, 0xE9, 0xE1, 0x8D ; file 1A772C
db 0x1B, 0x22, 0x07, 0x9A, 0xF3, 0xE1, 0x8A, 0x1B, 0x09, 0x53, 0x24, 0x15, 0x8D, 0x1B, 0x09, 0x52 ; file 1A773C
db 0x24, 0x9A, 0xF3, 0xE1, 0xA2, 0x1B, 0x22, 0x07, 0x9A, 0xEB, 0xE1, 0x9F, 0x1B, 0x09, 0x51, 0x24 ; file 1A774C
db 0x15, 0xA2, 0x1B, 0x09, 0x50, 0x24, 0x9A, 0xFA, 0xE1, 0xB7, 0x1B, 0x22, 0x07, 0x9A, 0xEF, 0xE1 ; file 1A775C
db 0xB4, 0x1B, 0x09, 0x57, 0x24, 0x15, 0xB7, 0x1B, 0x09, 0x56, 0x24, 0xA3, 0x99, 0xB0, 0xCC, 0x1B ; file 1A776C
db 0x22, 0x07, 0x9A, 0xEA, 0xE1, 0xC9, 0x1B, 0x09, 0x59, 0x24, 0x15, 0xCC, 0x1B, 0x09, 0x58, 0x24 ; file 1A777C
db 0x0B, 0x0D, 0x64, 0x01, 0x09, 0x01, 0xA2, 0x01, 0x53, 0x01, 0x92, 0x19, 0x08, 0x0D, 0xD5, 0x00 ; file 1A778C
db 0x61, 0x01, 0xAA, 0x01, 0x76, 0x01, 0xF1, 0x18, 0x08, 0x13, 0x23, 0x09, 0x01, 0xB0, 0xF2, 0x1B ; file 1A779C
db 0x4B, 0x01, 0x16, 0x09, 0x01, 0xB0, 0x2C, 0xF1, 0x18, 0x08, 0x38, 0x04, 0x09, 0x00, 0x24, 0x0B ; file 1A77AC
db 0x0D, 0x00, 0x00, 0x50, 0x00, 0x7F, 0x00, 0x90, 0x00, 0x8F, 0x1D, 0x07, 0x0D, 0x80, 0x00, 0x50 ; file 1A77BC
db 0x00, 0xFF, 0x00, 0x90, 0x00, 0x11, 0x1D, 0x09, 0x0D, 0x00, 0x01, 0x50, 0x00, 0x7F, 0x01, 0x90 ; file 1A77CC
db 0x00, 0x17, 0x1D, 0x0A, 0x0D, 0x80, 0x01, 0x50, 0x00, 0xFF, 0x01, 0x90, 0x00, 0x1D, 0x1D, 0x07 ; file 1A77DC
db 0x0D, 0x00, 0x02, 0x50, 0x00, 0x7F, 0x02, 0x90, 0x00, 0x23, 0x1D, 0x09, 0x0D, 0x00, 0x00, 0x91 ; file 1A77EC
db 0x00, 0x7F, 0x00, 0xD1, 0x00, 0x29, 0x1D, 0x0A, 0x0D, 0x80, 0x00, 0x91, 0x00, 0xFF, 0x00, 0xD1 ; file 1A77FC
db 0x00, 0x2F, 0x1D, 0x07, 0x0D, 0x00, 0x01, 0x91, 0x00, 0x7F, 0x01, 0xD1, 0x00, 0x35, 0x1D, 0x09 ; file 1A780C
db 0x0D, 0x80, 0x01, 0x91, 0x00, 0x00, 0x02, 0xD1, 0x00, 0x3B, 0x1D, 0x0A, 0x0D, 0x00, 0x02, 0x91 ; file 1A781C
db 0x00, 0x7F, 0x02, 0xD1, 0x00, 0x41, 0x1D, 0x07, 0x0D, 0x00, 0x00, 0xD2, 0x00, 0x7F, 0x00, 0x12 ; file 1A782C
db 0x01, 0x47, 0x1D, 0x09, 0x0D, 0x80, 0x00, 0xD2, 0x00, 0xFF, 0x00, 0x12, 0x01, 0x4D, 0x1D, 0x0A ; file 1A783C
db 0x0D, 0x00, 0x01, 0xD2, 0x00, 0x7F, 0x01, 0x12, 0x01, 0x53, 0x1D, 0x07, 0x0D, 0x80, 0x01, 0xD2 ; file 1A784C
db 0x00, 0xFF, 0x01, 0x12, 0x01, 0x59, 0x1D, 0x09, 0x0D, 0x00, 0x02, 0xD2, 0x00, 0x7F, 0x02, 0x12 ; file 1A785C
db 0x01, 0x5F, 0x1D, 0x0A, 0x0D, 0x00, 0x00, 0x13, 0x01, 0x7F, 0x00, 0x52, 0x01, 0x65, 0x1D, 0x07 ; file 1A786C
db 0x0D, 0x80, 0x00, 0x13, 0x01, 0xFF, 0x00, 0x52, 0x01, 0x6B, 0x1D, 0x09, 0x0D, 0x00, 0x01, 0x13 ; file 1A787C
db 0x01, 0x7F, 0x01, 0x52, 0x01, 0x71, 0x1D, 0x0A, 0x0D, 0x80, 0x01, 0x13, 0x01, 0xFF, 0x01, 0x52 ; file 1A788C
db 0x01, 0x77, 0x1D, 0x07, 0x0D, 0x00, 0x02, 0x13, 0x01, 0x7F, 0x02, 0x52, 0x01, 0x95, 0x1D, 0x09 ; file 1A789C
db 0x0D, 0x00, 0x00, 0x53, 0x01, 0x7F, 0x00, 0x90, 0x01, 0x7D, 0x1D, 0x0A, 0x0D, 0x80, 0x00, 0x53 ; file 1A78AC
db 0x01, 0xFF, 0x00, 0x90, 0x01, 0x83, 0x1D, 0x07, 0x0D, 0x00, 0x01, 0x53, 0x01, 0x7F, 0x01, 0x90 ; file 1A78BC
db 0x01, 0x89, 0x1D, 0x09, 0x13, 0x18, 0x67, 0x03, 0x15, 0xB3, 0x0D, 0x18, 0x67, 0x03, 0x15, 0x0A ; file 1A78CC
db 0x18, 0x18, 0x67, 0x03, 0x15, 0xE1, 0x2F, 0x18, 0x67, 0x03, 0x15, 0x67, 0x18, 0x18, 0x67, 0x03 ; file 1A78DC
db 0x15, 0x15, 0x35, 0x18, 0x67, 0x03, 0x15, 0x2B, 0x09, 0x18, 0x67, 0x03, 0x15, 0x82, 0x2E, 0x18 ; file 1A78EC
db 0x67, 0x03, 0x15, 0xD9, 0x03, 0x18, 0x67, 0x03, 0x15, 0x63, 0x14, 0x18, 0x67, 0x03, 0x15, 0xCA ; file 1A78FC
db 0x03, 0x18, 0x67, 0x03, 0x15, 0x77, 0x13, 0x18, 0x67, 0x03, 0x15, 0x89, 0x15, 0x18, 0x67, 0x03 ; file 1A790C
db 0x15, 0x62, 0x0A, 0x18, 0x67, 0x03, 0x15, 0x66, 0x32, 0x18, 0x67, 0x03, 0x15, 0xB6, 0x22, 0x18 ; file 1A791C
db 0x67, 0x03, 0x15, 0x24, 0x34, 0x18, 0x67, 0x03, 0x15, 0x2D, 0x0C, 0x18, 0x67, 0x03, 0x15, 0xE0 ; file 1A792C
db 0x16, 0x18, 0x67, 0x03, 0x15, 0xFC, 0x30, 0x18, 0x67, 0x03, 0x15, 0xD5, 0x2C, 0x18, 0x67, 0x03 ; file 1A793C
db 0x15, 0xE8, 0x03, 0x18, 0x14, 0x03, 0x15, 0x9C, 0x2D, 0x18, 0x14, 0x03, 0x15, 0xF3, 0x3D, 0x23 ; file 1A794C
db 0x09, 0x01, 0xB0, 0xA7, 0x1D, 0x4B, 0x01, 0x16, 0x09, 0x01, 0xB0, 0x38, 0x2C, 0xF1, 0x18, 0x08 ; file 1A795C
db 0x35, 0x9A, 0x8C, 0x30, 0xB1, 0xB9, 0x1D, 0x15, 0x3B, 0x1D, 0x15, 0xBE, 0x1E, 0x9A, 0x8C, 0x30 ; file 1A796C
db 0xB2, 0xC5, 0x1D, 0x15, 0x47, 0x1D, 0x15, 0xBE, 0x1E, 0x9A, 0x8C, 0x30, 0xB3, 0xD1, 0x1D, 0x15 ; file 1A797C
db 0x2F, 0x1D, 0x15, 0xBE, 0x1E, 0x9A, 0x8C, 0x30, 0xB4, 0xDD, 0x1D, 0x15, 0x59, 0x1D, 0x15, 0xBE ; file 1A798C
db 0x1E, 0x9A, 0x8C, 0x30, 0xB5, 0xE9, 0x1D, 0x15, 0x17, 0x1D, 0x15, 0xBE, 0x1E, 0x9A, 0x8C, 0x30 ; file 1A799C
db 0xB6, 0xF5, 0x1D, 0x15, 0x23, 0x1D, 0x15, 0xBE, 0x1E, 0x9A, 0x8C, 0x30, 0xB7, 0x01, 0x1E, 0x15 ; file 1A79AC
db 0x65, 0x1D, 0x15, 0xBE, 0x1E, 0x9A, 0x8C, 0x30, 0xB8, 0x0D, 0x1E, 0x15, 0x71, 0x1D, 0x15, 0xBE ; file 1A79BC
db 0x1E, 0x9A, 0x8C, 0x30, 0xB9, 0x19, 0x1E, 0x15, 0x41, 0x1D, 0x15, 0xBE, 0x1E, 0x9A, 0x8C, 0x31 ; file 1A79CC
db 0xB0, 0x25, 0x1E, 0x15, 0x4D, 0x1D, 0x15, 0xBE, 0x1E, 0x9A, 0x8C, 0x31, 0xB1, 0x31, 0x1E, 0x15 ; file 1A79DC
db 0x53, 0x1D, 0x15, 0xBE, 0x1E, 0x9A, 0x8C, 0x31, 0xB2, 0x3D, 0x1E, 0x15, 0x6B, 0x1D, 0x15, 0xBE ; file 1A79EC
db 0x1E, 0x9A, 0x8C, 0x31, 0xB3, 0x49, 0x1E, 0x15, 0x35, 0x1D, 0x15, 0xBE, 0x1E, 0x9A, 0x8C, 0x31 ; file 1A79FC
db 0xB4, 0x55, 0x1E, 0x15, 0x83, 0x1D, 0x15, 0xBE, 0x1E, 0x9A, 0x8C, 0x31, 0xB5, 0x61, 0x1E, 0x15 ; file 1A7A0C
db 0x11, 0x1D, 0x15, 0xBE, 0x1E, 0x9A, 0x8C, 0x31, 0xB6, 0x6D, 0x1E, 0x15, 0x1D, 0x1D, 0x15, 0xBE ; file 1A7A1C
db 0x1E, 0x9A, 0x8C, 0x31, 0xB7, 0x79, 0x1E, 0x15, 0x5F, 0x1D, 0x15, 0xBE, 0x1E, 0x9A, 0x8C, 0x31 ; file 1A7A2C
db 0xB8, 0x85, 0x1E, 0x15, 0x29, 0x1D, 0x15, 0xBE, 0x1E, 0x9A, 0x8C, 0x31, 0xB9, 0x91, 0x1E, 0x15 ; file 1A7A3C
db 0x7D, 0x1D, 0x15, 0xBE, 0x1E, 0x9A, 0x8C, 0x32, 0xB0, 0x9D, 0x1E, 0x15, 0x8F, 0x1D, 0x15, 0xBE ; file 1A7A4C
db 0x1E, 0x9A, 0x8C, 0x32, 0xB1, 0xA9, 0x1E, 0x15, 0x8F, 0x1D, 0x15, 0xBE, 0x1E, 0x9A, 0x8C, 0x32 ; file 1A7A5C
db 0xB2, 0xB5, 0x1E, 0x15, 0x95, 0x1D, 0x15, 0xBE, 0x1E, 0x9A, 0x8C, 0x32, 0xB3, 0xBE, 0x1E, 0x15 ; file 1A7A6C
db 0x77, 0x1D, 0x15, 0xF9, 0x04, 0x0A, 0x09, 0x22, 0x24, 0x0A, 0x09, 0x26, 0x24, 0x0A, 0x09, 0x27 ; file 1A7A7C
db 0x24, 0x0B, 0x0D, 0x54, 0x00, 0xB3, 0x00, 0xB2, 0x00, 0xF7, 0x00, 0xF3, 0x1E, 0x08, 0x0D, 0xCB ; file 1A7A8C
db 0x01, 0xB6, 0x00, 0x2C, 0x02, 0xED, 0x00, 0xFD, 0x1E, 0x08, 0x0D, 0xD5, 0x00, 0x61, 0x01, 0xAA ; file 1A7A9C
db 0x01, 0x76, 0x01, 0xF3, 0x1E, 0x08, 0x13, 0x0A, 0x09, 0x28, 0x24, 0x0A, 0x09, 0xA3, 0x50, 0x04 ; file 1A7AAC
db 0x2A, 0x0A, 0x09, 0x28, 0x24, 0x15, 0x12, 0x19, 0x0A, 0x09, 0x22, 0x24, 0x0A, 0x09, 0x26, 0x24 ; file 1A7ABC
db 0x0A, 0x09, 0x23, 0x24, 0x0A, 0x09, 0x29, 0x24, 0x0B, 0x3B, 0x01, 0xB2, 0x00, 0x36, 0x01, 0xC1 ; file 1A7ACC
db 0x00, 0x4D, 0x01, 0xA4, 0x1F, 0x08, 0x3B, 0x02, 0xC5, 0x00, 0x36, 0x01, 0xDE, 0x00, 0x4D, 0x01 ; file 1A7ADC
db 0xAA, 0x1F, 0x08, 0x3B, 0x03, 0xE4, 0x00, 0x36, 0x01, 0xFE, 0x00, 0x4D, 0x01, 0xB0, 0x1F, 0x08 ; file 1A7AEC
db 0x3B, 0x04, 0x04, 0x01, 0x36, 0x01, 0x1F, 0x01, 0x4D, 0x01, 0xB6, 0x1F, 0x08, 0x3B, 0x05, 0x24 ; file 1A7AFC
db 0x01, 0x36, 0x01, 0x3E, 0x01, 0x4D, 0x01, 0xBC, 0x1F, 0x08, 0x3B, 0x06, 0x41, 0x01, 0x36, 0x01 ; file 1A7B0C
db 0x5A, 0x01, 0x4D, 0x01, 0xC2, 0x1F, 0x08, 0x3B, 0x07, 0x5E, 0x01, 0x36, 0x01, 0x77, 0x01, 0x4D ; file 1A7B1C
db 0x01, 0xC8, 0x1F, 0x08, 0x3B, 0x08, 0x7C, 0x01, 0x36, 0x01, 0x96, 0x01, 0x4D, 0x01, 0xCE, 0x1F ; file 1A7B2C
db 0x08, 0x3B, 0x09, 0x99, 0x01, 0x36, 0x01, 0xB3, 0x01, 0x4D, 0x01, 0xD4, 0x1F, 0x08, 0x3B, 0x00 ; file 1A7B3C
db 0xB5, 0x01, 0x36, 0x01, 0xD2, 0x01, 0x4D, 0x01, 0xDA, 0x1F, 0x08, 0x0D, 0xD5, 0x00, 0x61, 0x01 ; file 1A7B4C
db 0xAA, 0x01, 0x76, 0x01, 0xF1, 0x18, 0x08, 0x13, 0x96, 0x19, 0xB1, 0x15, 0xE0, 0x1F, 0x96, 0x19 ; file 1A7B5C
db 0xB2, 0x15, 0xE0, 0x1F, 0x96, 0x19, 0xB3, 0x15, 0xE0, 0x1F, 0x96, 0x19, 0xB4, 0x15, 0xE0, 0x1F ; file 1A7B6C
db 0x96, 0x19, 0xB5, 0x15, 0xE0, 0x1F, 0x96, 0x19, 0xB6, 0x15, 0xE0, 0x1F, 0x96, 0x19, 0xB7, 0x15 ; file 1A7B7C
db 0xE0, 0x1F, 0x96, 0x19, 0xB8, 0x15, 0xE0, 0x1F, 0x96, 0x19, 0xB9, 0x15, 0xE0, 0x1F, 0x96, 0x19 ; file 1A7B8C
db 0xB0, 0x15, 0xE0, 0x1F, 0x0A, 0x09, 0x2A, 0x24, 0x0A, 0x09, 0x2B, 0x24, 0x96, 0x00, 0x24, 0x24 ; file 1A7B9C
db 0x24, 0x24, 0x24, 0x24, 0x24, 0x24, 0x24, 0x24, 0x24, 0x24, 0x24, 0x24, 0xA4, 0x96, 0x17, 0xE1 ; file 1A7BAC
db 0x3A, 0x23, 0x61, 0x23, 0x62, 0x23, 0x63, 0x23, 0x64, 0x23, 0x65, 0x23, 0x66, 0x23, 0x67, 0x23 ; file 1A7BBC
db 0x68, 0x23, 0x69, 0x23, 0x6A, 0x23, 0x6B, 0x23, 0x6C, 0x23, 0x6D, 0x23, 0xEE, 0x0B, 0x0C, 0x61 ; file 1A7BCC
db 0xF2, 0x21, 0x0C, 0x62, 0xF8, 0x21, 0x0C, 0x63, 0xFE, 0x21, 0x0C, 0x64, 0x04, 0x22, 0x0C, 0x65 ; file 1A7BDC
db 0x0A, 0x22, 0x0C, 0x66, 0x10, 0x22, 0x0C, 0x67, 0x16, 0x22, 0x0C, 0x68, 0x1C, 0x22, 0x0C, 0x69 ; file 1A7BEC
db 0x22, 0x22, 0x0C, 0x6A, 0x28, 0x22, 0x0C, 0x6B, 0x2E, 0x22, 0x0C, 0x6C, 0x34, 0x22, 0x0C, 0x6D ; file 1A7BFC
db 0x3A, 0x22, 0x0C, 0x6E, 0x40, 0x22, 0x0C, 0x6F, 0x46, 0x22, 0x0C, 0x70, 0x4C, 0x22, 0x0C, 0x71 ; file 1A7C0C
db 0x52, 0x22, 0x0C, 0x72, 0x58, 0x22, 0x0C, 0x73, 0x5E, 0x22, 0x0C, 0x74, 0x64, 0x22, 0x0C, 0x75 ; file 1A7C1C
db 0x6A, 0x22, 0x0C, 0x76, 0x70, 0x22, 0x0C, 0x77, 0x76, 0x22, 0x0C, 0x78, 0x7C, 0x22, 0x0C, 0x79 ; file 1A7C2C
db 0x82, 0x22, 0x0C, 0x7A, 0x88, 0x22, 0x0C, 0x20, 0xEC, 0x21, 0x0D, 0x7C, 0x00, 0xF1, 0x00, 0x98 ; file 1A7C3C
db 0x00, 0x04, 0x01, 0xF2, 0x21, 0x08, 0x0D, 0x9F, 0x00, 0xF1, 0x00, 0xB9, 0x00, 0x04, 0x01, 0xF8 ; file 1A7C4C
db 0x21, 0x08, 0x0D, 0xBD, 0x00, 0xF2, 0x00, 0xD4, 0x00, 0x04, 0x01, 0xFE, 0x21, 0x08, 0x0D, 0xDA ; file 1A7C5C
db 0x00, 0xF1, 0x00, 0xF5, 0x00, 0x04, 0x01, 0x04, 0x22, 0x08, 0x0D, 0xFA, 0x00, 0xF1, 0x00, 0x12 ; file 1A7C6C
db 0x01, 0x04, 0x01, 0x0A, 0x22, 0x08, 0x0D, 0x16, 0x01, 0xF1, 0x00, 0x2C, 0x01, 0x04, 0x01, 0x10 ; file 1A7C7C
db 0x22, 0x08, 0x0D, 0x30, 0x01, 0xF1, 0x00, 0x4A, 0x01, 0x04, 0x01, 0x16, 0x22, 0x08, 0x0D, 0x50 ; file 1A7C8C
db 0x01, 0xF1, 0x00, 0x6B, 0x01, 0x04, 0x01, 0x1C, 0x22, 0x08, 0x0D, 0x6E, 0x01, 0xF1, 0x00, 0x7F ; file 1A7C9C
db 0x01, 0x04, 0x01, 0x22, 0x22, 0x08, 0x0D, 0x81, 0x01, 0xF1, 0x00, 0x95, 0x01, 0x04, 0x01, 0x28 ; file 1A7CAC
db 0x22, 0x08, 0x0D, 0x9A, 0x01, 0xF1, 0x00, 0xB7, 0x01, 0x04, 0x01, 0x2E, 0x22, 0x08, 0x0D, 0xBD ; file 1A7CBC
db 0x01, 0xF1, 0x00, 0xD5, 0x01, 0x04, 0x01, 0x34, 0x22, 0x08, 0x0D, 0xD8, 0x01, 0xF1, 0x00, 0x05 ; file 1A7CCC
db 0x02, 0x04, 0x01, 0x3A, 0x22, 0x08, 0x0D, 0x65, 0x00, 0x11, 0x01, 0x85, 0x00, 0x25, 0x01, 0x40 ; file 1A7CDC
db 0x22, 0x08, 0x0D, 0x88, 0x00, 0x11, 0x01, 0xA4, 0x00, 0x25, 0x01, 0x46, 0x22, 0x08, 0x0D, 0xA7 ; file 1A7CEC
db 0x00, 0x11, 0x01, 0xC2, 0x00, 0x25, 0x01, 0x4C, 0x22, 0x08, 0x0D, 0xC5, 0x00, 0x11, 0x01, 0xE1 ; file 1A7CFC
db 0x00, 0x25, 0x01, 0x52, 0x22, 0x08, 0x0D, 0xE6, 0x00, 0x11, 0x01, 0x05, 0x01, 0x25, 0x01, 0x58 ; file 1A7D0C
db 0x22, 0x08, 0x0D, 0x0B, 0x01, 0x11, 0x01, 0x24, 0x01, 0x25, 0x01, 0x5E, 0x22, 0x08, 0x0D, 0x29 ; file 1A7D1C
db 0x01, 0x11, 0x01, 0x46, 0x01, 0x25, 0x01, 0x64, 0x22, 0x08, 0x0D, 0x49, 0x01, 0x11, 0x01, 0x66 ; file 1A7D2C
db 0x01, 0x25, 0x01, 0x6A, 0x22, 0x08, 0x0D, 0x6A, 0x01, 0x11, 0x01, 0x88, 0x01, 0x25, 0x01, 0x70 ; file 1A7D3C
db 0x22, 0x08, 0x0D, 0x8D, 0x01, 0x11, 0x01, 0xB3, 0x01, 0x25, 0x01, 0x76, 0x22, 0x08, 0x0D, 0xBA ; file 1A7D4C
db 0x01, 0x11, 0x01, 0xD8, 0x01, 0x25, 0x01, 0x7C, 0x22, 0x08, 0x0D, 0xDC, 0x01, 0x11, 0x01, 0xFB ; file 1A7D5C
db 0x01, 0x25, 0x01, 0x82, 0x22, 0x08, 0x0D, 0xFE, 0x01, 0x11, 0x01, 0x1F, 0x02, 0x25, 0x01, 0x88 ; file 1A7D6C
db 0x22, 0x08, 0x0D, 0xD5, 0x00, 0x61, 0x01, 0xAA, 0x01, 0x76, 0x01, 0xF1, 0x18, 0x08, 0x0D, 0xE6 ; file 1A7D7C
db 0x00, 0xB7, 0x00, 0x9E, 0x01, 0xCF, 0x00, 0x9C, 0x22, 0x08, 0x0C, 0x0D, 0x9C, 0x22, 0x0C, 0x08 ; file 1A7D8C
db 0xDF, 0x21, 0x13, 0xA3, 0x17, 0xE1, 0xE6, 0x21, 0xA0, 0x17, 0xB3, 0x17, 0xA4, 0x15, 0xFC, 0x1F ; file 1A7D9C
db 0x96, 0x18, 0xAE, 0x15, 0x8E, 0x22, 0x96, 0x18, 0xE1, 0x15, 0x8E, 0x22, 0x96, 0x18, 0xE2, 0x15 ; file 1A7DAC
db 0x8E, 0x22, 0x96, 0x18, 0xE3, 0x15, 0x8E, 0x22, 0x96, 0x18, 0xE4, 0x15, 0x8E, 0x22, 0x96, 0x18 ; file 1A7DBC
db 0xE5, 0x15, 0x8E, 0x22, 0x96, 0x18, 0xE6, 0x15, 0x8E, 0x22, 0x96, 0x18, 0xE7, 0x15, 0x8E, 0x22 ; file 1A7DCC
db 0x96, 0x18, 0xE8, 0x15, 0x8E, 0x22, 0x96, 0x18, 0xE9, 0x15, 0x8E, 0x22, 0x96, 0x18, 0xEA, 0x15 ; file 1A7DDC
db 0x8E, 0x22, 0x96, 0x18, 0xEB, 0x15, 0x8E, 0x22, 0x96, 0x18, 0xEC, 0x15, 0x8E, 0x22, 0x96, 0x18 ; file 1A7DEC
db 0xED, 0x15, 0x8E, 0x22, 0x96, 0x18, 0xEE, 0x15, 0x8E, 0x22, 0x96, 0x18, 0xEF, 0x15, 0x8E, 0x22 ; file 1A7DFC
db 0x96, 0x18, 0xF0, 0x15, 0x8E, 0x22, 0x96, 0x18, 0xF1, 0x15, 0x8E, 0x22, 0x96, 0x18, 0xF2, 0x15 ; file 1A7E0C
db 0x8E, 0x22, 0x96, 0x18, 0xF3, 0x15, 0x8E, 0x22, 0x96, 0x18, 0xF4, 0x15, 0x8E, 0x22, 0x96, 0x18 ; file 1A7E1C
db 0xF5, 0x15, 0x8E, 0x22, 0x96, 0x18, 0xF6, 0x15, 0x8E, 0x22, 0x96, 0x18, 0xF7, 0x15, 0x8E, 0x22 ; file 1A7E2C
db 0x96, 0x18, 0xF8, 0x15, 0x8E, 0x22, 0x96, 0x18, 0xF9, 0x15, 0x8E, 0x22, 0x96, 0x18, 0xFA, 0x15 ; file 1A7E3C
db 0x8E, 0x22, 0xB3, 0x17, 0x23, 0xF9, 0x9F, 0x17, 0xA3, 0x17, 0xEE, 0x9C, 0x22, 0x15, 0xFC, 0x1F ; file 1A7E4C
db 0x2F, 0x19, 0x00, 0x96, 0x00, 0x24, 0xA4, 0x3A, 0x23, 0xE1, 0x0A, 0x07, 0x09, 0x17, 0x24, 0x0A ; file 1A7E5C
db 0x09, 0x2C, 0x24, 0x0A, 0x09, 0x24, 0x24, 0x15, 0x12, 0x19, 0x1A, 0x00, 0x01, 0xB0, 0xC2, 0x22 ; file 1A7E6C
db 0x08, 0x0C, 0x4C, 0x15, 0xC5, 0x22, 0x08, 0x00, 0x4C, 0x96, 0x8C, 0x30, 0xB7, 0x03, 0x05, 0x09 ; file 1A7E7C
db 0x00, 0x34, 0x9A, 0xF5, 0xE1, 0xF4, 0x22, 0x9A, 0xF8, 0xE1, 0xF4, 0x22, 0x9A, 0xEF, 0xE1, 0xF4 ; file 1A7E8C
db 0x22, 0x9A, 0xF0, 0xE1, 0xF4, 0x22, 0x9A, 0xC3, 0xB0, 0xF4, 0x22, 0x18, 0xB2, 0x3A, 0x96, 0xC3 ; file 1A7E9C
db 0xB1, 0x96, 0x8E, 0x33, 0xB6, 0x96, 0x99, 0xB1, 0x0B, 0x9A, 0x8E, 0x33, 0xB6, 0xFE, 0x22, 0x30 ; file 1A7EAC
db 0x03, 0x3B, 0xA3, 0x92, 0x30, 0xB0, 0x10, 0x23, 0x0D, 0x74, 0x00, 0x11, 0x01, 0x13, 0x01, 0x7A ; file 1A7EBC
db 0x01, 0x49, 0x23, 0x06, 0x0D, 0xDC, 0x00, 0x8C, 0x00, 0x18, 0x01, 0xDC, 0x00, 0x2F, 0x23, 0x00 ; file 1A7ECC
db 0x0D, 0x5E, 0x01, 0x50, 0x00, 0xF4, 0x01, 0x8F, 0x01, 0xAB, 0x2B, 0x00, 0x0E, 0xB1, 0x2B, 0x0F ; file 1A7EDC
db 0xB7, 0x2B, 0x13, 0x09, 0x01, 0x34, 0x0B, 0x10, 0x3A, 0x23, 0x0F, 0x43, 0x23, 0x13, 0x09, 0x0B ; file 1A7EEC
db 0x34, 0x09, 0x0A, 0x34, 0x15, 0x32, 0x23, 0x09, 0x09, 0x34, 0x15, 0xD4, 0x2B, 0x9A, 0x92, 0x30 ; file 1A7EFC
db 0xB0, 0x52, 0x23, 0x15, 0xCE, 0x22, 0x02, 0x35, 0x4C, 0x09, 0x03, 0x34, 0x28, 0x00, 0x00, 0x96 ; file 1A7F0C
db 0x00, 0x31, 0x30, 0xB0, 0x16, 0x0A, 0x01, 0xB0, 0x16, 0x0B, 0x01, 0xB0, 0x9A, 0x92, 0x32, 0xB2 ; file 1A7F1C
db 0xBE, 0x23, 0x96, 0x01, 0xEA, 0x96, 0x02, 0xE8, 0x9A, 0xE8, 0xE1, 0x7C, 0x23, 0x15, 0x60, 0x2A ; file 1A7F2C
db 0x9A, 0xE8, 0xB5, 0x87, 0x23, 0x96, 0xE8, 0xE1, 0x15, 0x60, 0x2A, 0x9A, 0xE8, 0xB4, 0x8F, 0x23 ; file 1A7F3C
db 0x96, 0x00, 0xB2, 0x9A, 0xE8, 0xB3, 0x9A, 0x23, 0x96, 0x00, 0xB2, 0x96, 0xE8, 0xB4, 0x9A, 0xE8 ; file 1A7F4C
db 0xB2, 0xA2, 0x23, 0x96, 0x00, 0xB1, 0x9A, 0xE8, 0xB1, 0xAD, 0x23, 0x96, 0x00, 0xB1, 0x96, 0xE8 ; file 1A7F5C
db 0xB2, 0x05, 0x26, 0x63, 0x6C, 0x23, 0x62, 0x23, 0x63, 0x23, 0x61, 0x6F, 0x75, 0x74, 0x00, 0x15 ; file 1A7F6C
db 0x81, 0x2A, 0x9A, 0x92, 0x30, 0xB7, 0x14, 0x24, 0x96, 0x01, 0xED, 0x96, 0x02, 0xF5, 0x9A, 0xF6 ; file 1A7F7C
db 0xE1, 0xD2, 0x23, 0x15, 0x60, 0x2A, 0x9A, 0xF6, 0xB5, 0xDD, 0x23, 0x96, 0xF6, 0xE1, 0x15, 0x60 ; file 1A7F8C
db 0x2A, 0x9A, 0xF6, 0xB4, 0xE5, 0x23, 0x96, 0x00, 0xB2, 0x9A, 0xF6, 0xB3, 0xF0, 0x23, 0x96, 0x00 ; file 1A7F9C
db 0xB2, 0x96, 0xF6, 0xB4, 0x9A, 0xF6, 0xB2, 0xF8, 0x23, 0x96, 0x00, 0xB1, 0x9A, 0xF6, 0xB1, 0x03 ; file 1A7FAC
db 0x24, 0x96, 0x00, 0xB1, 0x96, 0xF6, 0xB2, 0x05, 0x26, 0x63, 0x6C, 0x23, 0x62, 0x23, 0x63, 0x23 ; file 1A7FBC
db 0x61, 0x6F, 0x75, 0x74, 0x00, 0x15, 0x81, 0x2A, 0x9A, 0x92, 0x31, 0xB0, 0x69, 0x24, 0x96, 0x01 ; file 1A7FCC
db 0xE3, 0x96, 0x02, 0xE8, 0x9A, 0xF3, 0xE1, 0x28, 0x24, 0x15, 0x60, 0x2A, 0x9A, 0xF3, 0xB5, 0x33 ; file 1A7FDC
db 0x24, 0x96, 0xF3, 0xE1, 0x15, 0x60, 0x2A, 0x9A, 0xF3, 0xB4, 0x3B, 0x24, 0x96, 0x00, 0xB2, 0x9A ; file 1A7FEC
db 0xF3, 0xB3, 0x46, 0x24, 0x96, 0x00, 0xB2, 0x96, 0xF3, 0xB4, 0x9A, 0xF3, 0xB2, 0x4E, 0x24, 0x96 ; file 1A7FFC
db 0x00, 0xB1, 0x9A, 0xF3, 0xB1, 0x59, 0x24, 0x96, 0x00, 0xB1, 0x96, 0xF3, 0xB2, 0x26, 0x63, 0x6C ; file 1A800C
db 0x23, 0x62, 0x23, 0x63, 0x23, 0x61, 0x6F, 0x75, 0x74, 0x00, 0x15, 0x81, 0x2A, 0x9A, 0x92, 0x32 ; file 1A801C
db 0xB0, 0xBF, 0x24, 0x96, 0x01, 0xE8, 0x96, 0x02, 0xF4, 0x9A, 0xEA, 0xE1, 0x7D, 0x24, 0x15, 0x60 ; file 1A802C
db 0x2A, 0x9A, 0xEA, 0xB5, 0x88, 0x24, 0x96, 0xEA, 0xE1, 0x15, 0x60, 0x2A, 0x9A, 0xEA, 0xB4, 0x90 ; file 1A803C
db 0x24, 0x96, 0x00, 0xB2, 0x9A, 0xEA, 0xB3, 0x9B, 0x24, 0x96, 0xEA, 0xB4, 0x96, 0x00, 0xB2, 0x9A ; file 1A804C
db 0xEA, 0xB2, 0xA3, 0x24, 0x96, 0x00, 0xB1, 0x9A, 0xEA, 0xB1, 0xAE, 0x24, 0x96, 0x00, 0xB1, 0x96 ; file 1A805C
db 0xEA, 0xB2, 0x05, 0x26, 0x63, 0x6C, 0x23, 0x62, 0x23, 0x63, 0x23, 0x61, 0x6F, 0x75, 0x74, 0x00 ; file 1A806C
db 0x15, 0x81, 0x2A, 0x9A, 0x92, 0x32, 0xB1, 0x15, 0x25, 0x96, 0x01, 0xE2, 0x96, 0x02, 0xE4, 0x9A ; file 1A807C
db 0xE9, 0xE1, 0xD3, 0x24, 0x15, 0x60, 0x2A, 0x9A, 0xE9, 0xB5, 0xDE, 0x24, 0x96, 0xE9, 0xE1, 0x15 ; file 1A808C
db 0x60, 0x2A, 0x9A, 0xE9, 0xB4, 0xE6, 0x24, 0x96, 0x00, 0xB2, 0x9A, 0xE9, 0xB3, 0xF1, 0x24, 0x96 ; file 1A809C
db 0x00, 0xB2, 0x96, 0xE9, 0xB4, 0x9A, 0xE9, 0xB2, 0xF9, 0x24, 0x96, 0x00, 0xB1, 0x9A, 0xE9, 0xB1 ; file 1A80AC
db 0x04, 0x25, 0x96, 0x00, 0xB1, 0x96, 0xE9, 0xB2, 0x05, 0x26, 0x63, 0x6C, 0x23, 0x62, 0x23, 0x63 ; file 1A80BC
db 0x23, 0x61, 0x6F, 0x75, 0x74, 0x00, 0x15, 0x81, 0x2A, 0x9A, 0x92, 0x31, 0xB9, 0x6A, 0x25, 0x96 ; file 1A80CC
db 0x01, 0xEC, 0x96, 0x02, 0xE1, 0x9A, 0xEB, 0xE1, 0x29, 0x25, 0x15, 0x60, 0x2A, 0x9A, 0xEB, 0xB5 ; file 1A80DC
db 0x34, 0x25, 0x96, 0xEB, 0xE1, 0x15, 0x60, 0x2A, 0x9A, 0xEB, 0xB4, 0x3C, 0x25, 0x96, 0x00, 0xB2 ; file 1A80EC
db 0x9A, 0xEB, 0xB3, 0x47, 0x25, 0x96, 0x00, 0xB2, 0x96, 0xEB, 0xB4, 0x9A, 0xEB, 0xB2, 0x4F, 0x25 ; file 1A80FC
db 0x96, 0x00, 0xB1, 0x9A, 0xEB, 0xB1, 0x5A, 0x25, 0x96, 0x00, 0xB1, 0x96, 0xEB, 0xB2, 0x26, 0x63 ; file 1A810C
db 0x6C, 0x23, 0x62, 0x23, 0x63, 0x23, 0x61, 0x6F, 0x75, 0x74, 0x00, 0x15, 0x81, 0x2A, 0x9A, 0x92 ; file 1A811C
db 0x31, 0xB1, 0xBF, 0x25, 0x96, 0x01, 0xE8, 0x16, 0x0B, 0x01, 0xB1, 0x9A, 0xF2, 0xE1, 0x7F, 0x25 ; file 1A812C
db 0x15, 0x60, 0x2A, 0x9A, 0xF2, 0xB5, 0x8A, 0x25, 0x96, 0xF2, 0xE1, 0x15, 0x60, 0x2A, 0x9A, 0xF2 ; file 1A813C
db 0xB4, 0x92, 0x25, 0x96, 0x00, 0xB2, 0x9A, 0xF2, 0xB3, 0x9D, 0x25, 0x96, 0x00, 0xB2, 0x96, 0xF2 ; file 1A814C
db 0xB4, 0x9A, 0xF2, 0xB2, 0xA5, 0x25, 0x96, 0x00, 0xB1, 0x9A, 0xF2, 0xB1, 0xB0, 0x25, 0x96, 0x00 ; file 1A815C
db 0xB1, 0x96, 0xF2, 0xB2, 0x05, 0x26, 0x63, 0x6C, 0x23, 0x62, 0x23, 0x61, 0x6F, 0x75, 0x74, 0x00 ; file 1A816C
db 0x15, 0x81, 0x2A, 0x9A, 0x92, 0x30, 0xB4, 0x14, 0x26, 0x96, 0x01, 0xEB, 0x16, 0x0B, 0x01, 0xB1 ; file 1A817C
db 0x9A, 0xF9, 0xE1, 0xD4, 0x25, 0x15, 0x60, 0x2A, 0x9A, 0xF9, 0xB5, 0xDF, 0x25, 0x96, 0xF9, 0xE1 ; file 1A818C
db 0x15, 0x60, 0x2A, 0x9A, 0xF9, 0xB4, 0xE7, 0x25, 0x96, 0x00, 0xB2, 0x9A, 0xF9, 0xB3, 0xF2, 0x25 ; file 1A819C
db 0x96, 0x00, 0xB2, 0x96, 0xF9, 0xB4, 0x9A, 0xF9, 0xB2, 0xFA, 0x25, 0x96, 0x00, 0xB1, 0x9A, 0xF9 ; file 1A81AC
db 0xB1, 0x05, 0x26, 0x96, 0x00, 0xB1, 0x96, 0xF9, 0xB2, 0x05, 0x26, 0x63, 0x6C, 0x23, 0x62, 0x23 ; file 1A81BC
db 0x61, 0x6F, 0x75, 0x74, 0x00, 0x15, 0x81, 0x2A, 0x9A, 0x92, 0x31, 0xB2, 0x6A, 0x26, 0x96, 0x01 ; file 1A81CC
db 0xE5, 0x96, 0x02, 0xEB, 0x9A, 0xF1, 0xE1, 0x28, 0x26, 0x15, 0x60, 0x2A, 0x9A, 0xF1, 0xB5, 0x33 ; file 1A81DC
db 0x26, 0x96, 0xF1, 0xE1, 0x15, 0x60, 0x2A, 0x9A, 0xF1, 0xB4, 0x3B, 0x26, 0x96, 0x00, 0xB2, 0x9A ; file 1A81EC
db 0xF1, 0xB3, 0x46, 0x26, 0x96, 0x00, 0xB2, 0x96, 0xF1, 0xB4, 0x9A, 0xF1, 0xB2, 0x4E, 0x26, 0x96 ; file 1A81FC
db 0x00, 0xB1, 0x9A, 0xF1, 0xB1, 0x59, 0x26, 0x96, 0x00, 0xB1, 0x96, 0xF1, 0xB2, 0x05, 0x26, 0x63 ; file 1A820C
db 0x6C, 0x23, 0x62, 0x23, 0x63, 0x23, 0x61, 0x6F, 0x75, 0x74, 0x00, 0x15, 0x81, 0x2A, 0x9A, 0x92 ; file 1A821C
db 0x30, 0xB8, 0xC0, 0x26, 0x96, 0x01, 0xEC, 0x96, 0x02, 0xE9, 0x9A, 0xF5, 0xE1, 0x7E, 0x26, 0x15 ; file 1A822C
db 0x60, 0x2A, 0x9A, 0xF5, 0xB5, 0x89, 0x26, 0x96, 0xF5, 0xE1, 0x15, 0x60, 0x2A, 0x9A, 0xF5, 0xB4 ; file 1A823C
db 0x91, 0x26, 0x96, 0x00, 0xB2, 0x9A, 0xF5, 0xB3, 0x9C, 0x26, 0x96, 0x00, 0xB2, 0x96, 0xF5, 0xB4 ; file 1A824C
db 0x9A, 0xF5, 0xB2, 0xA4, 0x26, 0x96, 0x00, 0xB1, 0x9A, 0xF5, 0xB1, 0xAF, 0x26, 0x96, 0x00, 0xB1 ; file 1A825C
db 0x96, 0xF5, 0xB2, 0x05, 0x26, 0x63, 0x6C, 0x23, 0x62, 0x23, 0x63, 0x23, 0x61, 0x6F, 0x75, 0x74 ; file 1A826C
db 0x00, 0x15, 0x81, 0x2A, 0x9A, 0x92, 0x30, 0xB9, 0x16, 0x27, 0x96, 0x01, 0xE3, 0x96, 0x02, 0xF2 ; file 1A827C
db 0x9A, 0xF4, 0xE1, 0xD4, 0x26, 0x15, 0x60, 0x2A, 0x9A, 0xF4, 0xB5, 0xDF, 0x26, 0x96, 0xF4, 0xE1 ; file 1A828C
db 0x15, 0x60, 0x2A, 0x9A, 0xF4, 0xB4, 0xE7, 0x26, 0x96, 0x00, 0xB2, 0x9A, 0xF4, 0xB3, 0xF2, 0x26 ; file 1A829C
db 0x96, 0x00, 0xB2, 0x96, 0xF4, 0xB4, 0x9A, 0xF4, 0xB2, 0xFA, 0x26, 0x96, 0x00, 0xB1, 0x9A, 0xF4 ; file 1A82AC
db 0xB1, 0x05, 0x27, 0x96, 0x00, 0xB1, 0x96, 0xF4, 0xB2, 0x05, 0x26, 0x63, 0x6C, 0x23, 0x62, 0x23 ; file 1A82BC
db 0x63, 0x23, 0x61, 0x6F, 0x75, 0x74, 0x00, 0x15, 0x81, 0x2A, 0x9A, 0x92, 0x30, 0xB3, 0x6C, 0x27 ; file 1A82CC
db 0x96, 0x01, 0xE4, 0x96, 0x02, 0xF2, 0x9A, 0xFA, 0xE1, 0x2A, 0x27, 0x15, 0x60, 0x2A, 0x9A, 0xFA ; file 1A82DC
db 0xB5, 0x35, 0x27, 0x96, 0xFA, 0xE1, 0x15, 0x60, 0x2A, 0x9A, 0xFA, 0xB4, 0x3D, 0x27, 0x96, 0x00 ; file 1A82EC
db 0xB2, 0x9A, 0xFA, 0xB3, 0x48, 0x27, 0x96, 0xFA, 0xB4, 0x96, 0x00, 0xB2, 0x9A, 0xFA, 0xB2, 0x50 ; file 1A82FC
db 0x27, 0x96, 0x00, 0xB1, 0x9A, 0xFA, 0xB1, 0x5B, 0x27, 0x96, 0x00, 0xB1, 0x96, 0xFA, 0xB2, 0x05 ; file 1A830C
db 0x26, 0x63, 0x6C, 0x23, 0x62, 0x23, 0x63, 0x23, 0x61, 0x6F, 0x75, 0x74, 0x00, 0x15, 0x81, 0x2A ; file 1A831C
db 0x9A, 0x92, 0x31, 0xB8, 0xC1, 0x27, 0x96, 0x01, 0xE2, 0x16, 0x0B, 0x01, 0xB1, 0x9A, 0xEC, 0xE1 ; file 1A832C
db 0x81, 0x27, 0x15, 0x60, 0x2A, 0x9A, 0xEC, 0xB5, 0x8C, 0x27, 0x96, 0xEC, 0xE1, 0x15, 0x60, 0x2A ; file 1A833C
db 0x9A, 0xEC, 0xB4, 0x94, 0x27, 0x96, 0x00, 0xB2, 0x9A, 0xEC, 0xB3, 0x9F, 0x27, 0x96, 0x00, 0xB2 ; file 1A834C
db 0x96, 0xEC, 0xB4, 0x9A, 0xEC, 0xB2, 0xA7, 0x27, 0x96, 0x00, 0xB1, 0x9A, 0xEC, 0xB1, 0xB2, 0x27 ; file 1A835C
db 0x96, 0x00, 0xB1, 0x96, 0xEC, 0xB2, 0x05, 0x26, 0x63, 0x6C, 0x23, 0x62, 0x23, 0x61, 0x6F, 0x75 ; file 1A836C
db 0x74, 0x00, 0x15, 0x81, 0x2A, 0x9A, 0x92, 0x31, 0xB4, 0x17, 0x28, 0x96, 0x01, 0xE7, 0x96, 0x02 ; file 1A837C
db 0xE1, 0x9A, 0xF0, 0xE1, 0xD5, 0x27, 0x15, 0x60, 0x2A, 0x9A, 0xF0, 0xB5, 0xE0, 0x27, 0x96, 0xF0 ; file 1A838C
db 0xE1, 0x15, 0x60, 0x2A, 0x9A, 0xF0, 0xB4, 0xE8, 0x27, 0x96, 0x00, 0xB2, 0x9A, 0xF0, 0xB3, 0xF3 ; file 1A839C
db 0x27, 0x96, 0x00, 0xB2, 0x96, 0xF0, 0xB4, 0x9A, 0xF0, 0xB2, 0xFB, 0x27, 0x96, 0x00, 0xB1, 0x9A ; file 1A83AC
db 0xF0, 0xB1, 0x06, 0x28, 0x96, 0x00, 0xB1, 0x96, 0xF0, 0xB2, 0x05, 0x26, 0x63, 0x6C, 0x23, 0x62 ; file 1A83BC
db 0x23, 0x63, 0x23, 0x61, 0x6F, 0x75, 0x74, 0x00, 0x15, 0x81, 0x2A, 0x9A, 0x92, 0x31, 0xB7, 0x6C ; file 1A83CC
db 0x28, 0x96, 0x01, 0xF0, 0x16, 0x0B, 0x01, 0xB1, 0x9A, 0xED, 0xE1, 0x2C, 0x28, 0x15, 0x60, 0x2A ; file 1A83DC
db 0x9A, 0xED, 0xB5, 0x37, 0x28, 0x96, 0xED, 0xE1, 0x15, 0x60, 0x2A, 0x9A, 0xED, 0xB4, 0x3F, 0x28 ; file 1A83EC
db 0x96, 0x00, 0xB2, 0x9A, 0xED, 0xB3, 0x4A, 0x28, 0x96, 0x00, 0xB2, 0x96, 0xED, 0xB4, 0x9A, 0xED ; file 1A83FC
db 0xB2, 0x52, 0x28, 0x96, 0x00, 0xB1, 0x9A, 0xED, 0xB1, 0x5D, 0x28, 0x96, 0x00, 0xB1, 0x96, 0xED ; file 1A840C
db 0xB2, 0x05, 0x26, 0x63, 0x6C, 0x23, 0x62, 0x23, 0x61, 0x6F, 0x75, 0x74, 0x00, 0x15, 0x81, 0x2A ; file 1A841C
db 0x9A, 0x92, 0x30, 0xB6, 0xFE, 0x28, 0x96, 0x01, 0xEE, 0x9A, 0xF7, 0xE1, 0x7D, 0x28, 0x15, 0x60 ; file 1A842C
db 0x2A, 0x9A, 0xF7, 0xB5, 0x88, 0x28, 0x96, 0xF7, 0xE1, 0x15, 0x60, 0x2A, 0x9A, 0xF7, 0xB4, 0x94 ; file 1A843C
db 0x28, 0x96, 0x00, 0xB2, 0x16, 0x0B, 0x01, 0xB1, 0x9A, 0xF7, 0xB3, 0xA3, 0x28, 0x96, 0x00, 0xB2 ; file 1A844C
db 0x16, 0x0B, 0x01, 0xB1, 0x96, 0xF7, 0xB4, 0x9A, 0xF7, 0xB2, 0xAB, 0x28, 0x96, 0x00, 0xB1, 0x9A ; file 1A845C
db 0xF7, 0xB1, 0xB6, 0x28, 0x96, 0xF7, 0xB2, 0x96, 0x00, 0xB1, 0x9A, 0x00, 0xB1, 0xEA, 0x28, 0x05 ; file 1A846C
db 0x26, 0x63, 0x6C, 0x23, 0x62, 0x23, 0x61, 0x61, 0x6F, 0x75, 0x74, 0x00, 0x19, 0xE8, 0x03, 0x19 ; file 1A847C
db 0x2C, 0x01, 0x26, 0x63, 0x6C, 0x23, 0x62, 0x23, 0x61, 0x61, 0x6F, 0x75, 0x74, 0x00, 0x19, 0x32 ; file 1A848C
db 0x00, 0x05, 0x26, 0x63, 0x6C, 0x23, 0x62, 0x23, 0x61, 0x62, 0x6F, 0x75, 0x74, 0x00, 0xA3, 0x00 ; file 1A849C
db 0xB1, 0xFB, 0x28, 0x05, 0x26, 0x63, 0x6C, 0x23, 0x62, 0x23, 0x61, 0x6F, 0x75, 0x74, 0x00, 0x15 ; file 1A84AC
db 0x81, 0x2A, 0x9A, 0x92, 0x31, 0xB6, 0x56, 0x29, 0x96, 0x01, 0xE4, 0x96, 0x00, 0xB2, 0x16, 0x0B ; file 1A84BC
db 0x01, 0xB1, 0x9A, 0xEE, 0xE1, 0x16, 0x29, 0x15, 0x60, 0x2A, 0x9A, 0xEE, 0xB5, 0x21, 0x29, 0x96 ; file 1A84CC
db 0xEE, 0xE1, 0x15, 0x60, 0x2A, 0x9A, 0xEE, 0xB4, 0x29, 0x29, 0x96, 0x00, 0xB2, 0x9A, 0xEE, 0xB3 ; file 1A84DC
db 0x34, 0x29, 0x96, 0xEE, 0xB4, 0x96, 0x00, 0xB2, 0x9A, 0xEE, 0xB2, 0x3C, 0x29, 0x96, 0x00, 0xB1 ; file 1A84EC
db 0x9A, 0xEE, 0xB1, 0x47, 0x29, 0x96, 0xEE, 0xB2, 0x96, 0x00, 0xB1, 0x05, 0x26, 0x63, 0x6C, 0x23 ; file 1A84FC
db 0x62, 0x23, 0x61, 0x6F, 0x75, 0x74, 0x00, 0x15, 0x81, 0x2A, 0x9A, 0x92, 0x31, 0xB5, 0xAC, 0x29 ; file 1A850C
db 0x96, 0x01, 0xED, 0x96, 0x02, 0xE2, 0x9A, 0xEF, 0xE1, 0x6A, 0x29, 0x15, 0x60, 0x2A, 0x9A, 0xEF ; file 1A851C
db 0xB5, 0x75, 0x29, 0x96, 0xEF, 0xE1, 0x15, 0x60, 0x2A, 0x9A, 0xEF, 0xB4, 0x7D, 0x29, 0x96, 0x00 ; file 1A852C
db 0xB2, 0x9A, 0xEF, 0xB3, 0x88, 0x29, 0x96, 0xEF, 0xB4, 0x96, 0x00, 0xB2, 0x9A, 0xEF, 0xB2, 0x90 ; file 1A853C
db 0x29, 0x96, 0x00, 0xB1, 0x9A, 0xEF, 0xB1, 0x9B, 0x29, 0x96, 0xEF, 0xB2, 0x96, 0x00, 0xB1, 0x05 ; file 1A854C
db 0x26, 0x63, 0x6C, 0x23, 0x62, 0x23, 0x63, 0x23, 0x61, 0x6F, 0x75, 0x74, 0x00, 0x15, 0x81, 0x2A ; file 1A855C
db 0x9A, 0x92, 0x30, 0xB2, 0x01, 0x2A, 0x16, 0x0B, 0x01, 0xB1, 0x96, 0x01, 0xE6, 0x9A, 0xFB, 0xE1 ; file 1A856C
db 0xC1, 0x29, 0x15, 0x60, 0x2A, 0x9A, 0xFB, 0xB5, 0xCC, 0x29, 0x96, 0xFB, 0xE1, 0x15, 0x60, 0x2A ; file 1A857C
db 0x9A, 0xFB, 0xB4, 0xD4, 0x29, 0x96, 0x00, 0xB2, 0x9A, 0xFB, 0xB3, 0xDF, 0x29, 0x96, 0xFB, 0xB4 ; file 1A858C
db 0x96, 0x00, 0xB2, 0x9A, 0xFB, 0xB2, 0xE7, 0x29, 0x96, 0x00, 0xB1, 0x9A, 0xFB, 0xB1, 0xF2, 0x29 ; file 1A859C
db 0x96, 0xFB, 0xB2, 0x96, 0x00, 0xB1, 0x05, 0x26, 0x63, 0x6C, 0x23, 0x62, 0x23, 0x61, 0x6F, 0x75 ; file 1A85AC
db 0x74, 0x00, 0x15, 0x81, 0x2A, 0x9A, 0x92, 0x30, 0xB5, 0x55, 0x2A, 0x96, 0x01, 0xE2, 0x96, 0x02 ; file 1A85BC
db 0xED, 0x9A, 0xF8, 0xE1, 0x15, 0x2A, 0x96, 0x00, 0xB4, 0x9A, 0xF8, 0xB5, 0x20, 0x2A, 0x96, 0xF8 ; file 1A85CC
db 0xE1, 0x96, 0x00, 0xB4, 0x9A, 0xF8, 0xB4, 0x28, 0x2A, 0x96, 0x00, 0xB4, 0x9A, 0xF8, 0xB3, 0x33 ; file 1A85DC
db 0x2A, 0x96, 0xF8, 0xB4, 0x96, 0x00, 0xB4, 0x9A, 0xF8, 0xB2, 0x3B, 0x2A, 0x96, 0x00, 0xB3, 0x9A ; file 1A85EC
db 0xF8, 0xB1, 0x46, 0x2A, 0x96, 0xF8, 0xB2, 0x96, 0x00, 0xB3, 0x05, 0x26, 0x63, 0x6C, 0x62, 0x6D ; file 1A85FC
db 0x23, 0x61, 0x6F, 0x75, 0x74, 0x00, 0x15, 0x81, 0x2A, 0x09, 0x29, 0x48, 0x03, 0x05, 0x09, 0x00 ; file 1A860C
db 0x34, 0x15, 0xB6, 0x22, 0x16, 0x0A, 0x01, 0xB1, 0x09, 0x62, 0x34, 0x0B, 0x0D, 0x60, 0x00, 0x76 ; file 1A861C
db 0x00, 0x79, 0x02, 0x74, 0x01, 0x92, 0x2A, 0x06, 0x0E, 0x78, 0x2A, 0x13, 0x18, 0x65, 0x2B, 0x09 ; file 1A862C
db 0x02, 0x34, 0x15, 0xCE, 0x22, 0x0B, 0x0D, 0x60, 0x00, 0x76, 0x00, 0x79, 0x02, 0x74, 0x01, 0x92 ; file 1A863C
db 0x2A, 0x06, 0x0E, 0x5C, 0x2B, 0x13, 0x18, 0x65, 0x2B, 0x09, 0x35, 0x34, 0x9A, 0x92, 0x32, 0xB2 ; file 1A864C
db 0xA1, 0x2A, 0x15, 0x89, 0x15, 0x9A, 0x92, 0x30, 0xB7, 0xAA, 0x2A, 0x15, 0x2D, 0x0C, 0x9A, 0x92 ; file 1A865C
db 0x31, 0xB9, 0xB3, 0x2A, 0x15, 0x66, 0x32, 0x9A, 0x92, 0x32, 0xB0, 0xBC, 0x2A, 0x15, 0x77, 0x13 ; file 1A866C
db 0x9A, 0x92, 0x32, 0xB1, 0xC5, 0x2A, 0x15, 0xB3, 0x0D, 0x9A, 0x92, 0x31, 0xB0, 0xCE, 0x2A, 0x15 ; file 1A867C
db 0xE1, 0x2F, 0x9A, 0x92, 0x31, 0xB1, 0xDC, 0x2A, 0x03, 0x05, 0x09, 0x93, 0x14, 0x15, 0x0A, 0x13 ; file 1A868C
db 0x9A, 0x92, 0x31, 0xB8, 0xE5, 0x2A, 0x15, 0xD5, 0x2C, 0x9A, 0x92, 0x30, 0xB4, 0xEE, 0x2A, 0x15 ; file 1A869C
db 0x62, 0x0A, 0x9A, 0x92, 0x31, 0xB2, 0xF7, 0x2A, 0x15, 0x82, 0x2E, 0x9A, 0x92, 0x30, 0xB8, 0x05 ; file 1A86AC
db 0x2B, 0x03, 0x05, 0x09, 0x07, 0x34, 0x15, 0xDF, 0x2B, 0x9A, 0x92, 0x30, 0xB9, 0x0E, 0x2B, 0x15 ; file 1A86BC
db 0x67, 0x18, 0x9A, 0x92, 0x30, 0xB3, 0x17, 0x2B, 0x15, 0x2B, 0x09, 0x9A, 0x92, 0x31, 0xB4, 0x20 ; file 1A86CC
db 0x2B, 0x15, 0x63, 0x14, 0x9A, 0x92, 0x31, 0xB7, 0x29, 0x2B, 0x15, 0xE0, 0x16, 0x9A, 0x92, 0x30 ; file 1A86DC
db 0xB5, 0x33, 0x2B, 0x03, 0x15, 0x0A, 0x18, 0x9A, 0x92, 0x30, 0xB2, 0x41, 0x2B, 0x03, 0x05, 0x09 ; file 1A86EC
db 0x22, 0x14, 0x15, 0x0D, 0x05, 0x9A, 0x92, 0x31, 0xB5, 0x4A, 0x2B, 0x15, 0x24, 0x34, 0x9A, 0x92 ; file 1A86FC
db 0x31, 0xB6, 0x53, 0x2B, 0x15, 0x15, 0x35, 0x9A, 0x92, 0x30, 0xB6, 0x5C, 0x2B, 0x15, 0xFC, 0x30 ; file 1A870C
db 0x18, 0x65, 0x2B, 0x09, 0x02, 0x34, 0x15, 0xCE, 0x22, 0x1A, 0x05, 0x01, 0xB0, 0x7F, 0x2B, 0x1C ; file 1A871C
db 0x35, 0x34, 0x0A, 0x07, 0x09, 0x01, 0x24, 0x37, 0x00, 0x00, 0x50, 0x00, 0x7F, 0x02, 0x8F, 0x01 ; file 1A872C
db 0x15, 0x83, 0x2B, 0x05, 0x09, 0x35, 0x34, 0x17, 0x00, 0x0B, 0x0E, 0xBD, 0x2B, 0x0F, 0xC3, 0x2B ; file 1A873C
db 0x0D, 0x36, 0x00, 0x56, 0x00, 0x3A, 0x01, 0x8D, 0x01, 0x99, 0x2B, 0x00, 0x13, 0x09, 0x04, 0x34 ; file 1A874C
db 0x03, 0x05, 0x09, 0x46, 0x14, 0x96, 0x8C, 0x30, 0xB1, 0x02, 0x39, 0x4C, 0x15, 0xB4, 0x08, 0x09 ; file 1A875C
db 0x00, 0x34, 0x15, 0xDF, 0x2B, 0x09, 0x29, 0x34, 0x15, 0x85, 0x2B, 0x09, 0x2A, 0x34, 0x15, 0x85 ; file 1A876C
db 0x2B, 0x09, 0x28, 0x34, 0x15, 0xCE, 0x22, 0x09, 0x2B, 0x34, 0x15, 0xCE, 0x22, 0x0B, 0x0E, 0xA5 ; file 1A877C
db 0x2C, 0x11, 0x9F, 0x2C, 0x0F, 0xAB, 0x2C, 0x13, 0x0B, 0x0E, 0xB1, 0x2C, 0x11, 0x98, 0x2C, 0x0F ; file 1A878C
db 0xB7, 0x2C, 0x13, 0x9A, 0x9B, 0xB0, 0xEE, 0x2B, 0x96, 0x9B, 0xB1, 0x18, 0xDA, 0x3A, 0x96, 0x8E ; file 1A879C
db 0x37, 0xB5, 0x0B, 0x0E, 0xBD, 0x2C, 0x0F, 0xC3, 0x2C, 0xA3, 0xF5, 0xE1, 0x06, 0x2C, 0x0D, 0x05 ; file 1A87AC
db 0x01, 0xA3, 0x00, 0x93, 0x01, 0xE9, 0x00, 0x19, 0x2C, 0x06, 0x1A, 0x08, 0x01, 0xB1, 0x18, 0x2C ; file 1A87BC
db 0x0D, 0x05, 0x01, 0xA3, 0x00, 0x93, 0x01, 0xE9, 0x00, 0x19, 0x2C, 0x06, 0x13, 0x02, 0x27, 0x4C ; file 1A87CC
db 0x09, 0x07, 0x34, 0x23, 0x05, 0x01, 0xB0, 0x2B, 0x2C, 0x4B, 0x00, 0x16, 0x09, 0x01, 0xB1, 0x09 ; file 1A87DC
db 0x10, 0x34, 0x08, 0x0E, 0x4C, 0x18, 0x09, 0x42, 0x1A, 0x09, 0x01, 0xB1, 0x40, 0x2C, 0x4B, 0x01 ; file 1A87EC
db 0x16, 0x09, 0x01, 0xB0, 0x08, 0x35, 0x4C, 0x09, 0x11, 0x34, 0x09, 0x06, 0x34, 0xA3, 0xF5, 0xE1 ; file 1A87FC
db 0x54, 0x2C, 0x15, 0xDF, 0x2B, 0x15, 0x69, 0x2C, 0x9A, 0xC2, 0xB0, 0x66, 0x2C, 0x09, 0x2F, 0x34 ; file 1A880C
db 0x96, 0x8E, 0x33, 0xB7, 0x96, 0xC2, 0xB1, 0x18, 0xEC, 0x3A, 0x15, 0x69, 0x2C, 0x0B, 0xA3, 0xC2 ; file 1A881C
db 0xB0, 0x7B, 0x2C, 0x0D, 0x5C, 0x00, 0xAF, 0x00, 0x33, 0x01, 0x5C, 0x01, 0x8B, 0x2C, 0x04, 0x9A ; file 1A882C
db 0x8E, 0x33, 0xB7, 0x84, 0x2C, 0x30, 0x03, 0x3B, 0x0E, 0xC9, 0x2C, 0x0F, 0xCF, 0x2C, 0x13, 0x96 ; file 1A883C
db 0x8E, 0x33, 0xB7, 0x96, 0xC2, 0xB1, 0x18, 0xEC, 0x3A, 0x15, 0x69, 0x2C, 0x09, 0x08, 0x34, 0x04 ; file 1A884C
db 0x15, 0x5D, 0x13, 0x09, 0x05, 0x34, 0x15, 0x85, 0x2B, 0x09, 0x2D, 0x34, 0x15, 0xD4, 0x2B, 0x09 ; file 1A885C
db 0x32, 0x34, 0x15, 0x69, 0x2C, 0x09, 0x2C, 0x34, 0x15, 0xDF, 0x2B, 0x09, 0x31, 0x34, 0x15, 0xC9 ; file 1A886C
db 0x2B, 0x09, 0x2F, 0x34, 0x15, 0x69, 0x2C, 0x09, 0x30, 0x34, 0x15, 0xD4, 0x2B, 0x09, 0x2E, 0x34 ; file 1A887C
db 0x15, 0xC9, 0x2B, 0x09, 0x33, 0x34, 0x15, 0xDF, 0x2B, 0x96, 0x8C, 0x31, 0xB4, 0x03, 0x05, 0x09 ; file 1A888C
db 0x08, 0x04, 0x9A, 0xEC, 0xE1, 0xF8, 0x2C, 0x9A, 0xC4, 0xB0, 0xF8, 0x2C, 0x09, 0x0C, 0x04, 0x18 ; file 1A889C
db 0x16, 0x38, 0x96, 0xC4, 0xB1, 0x96, 0x8E, 0x33, 0xB5, 0x09, 0x0B, 0x04, 0x0B, 0x0F, 0x73, 0x2D ; file 1A88AC
db 0x0E, 0x6D, 0x2D, 0x0D, 0x5F, 0x00, 0xE0, 0x00, 0xE2, 0x00, 0x15, 0x01, 0x5D, 0x2D, 0x07, 0xA3 ; file 1A88BC
db 0xEC, 0xE1, 0x1C, 0x2D, 0x0D, 0x4F, 0x00, 0x50, 0x01, 0x30, 0x01, 0x8F, 0x01, 0x2F, 0x2D, 0x06 ; file 1A88CC
db 0x1A, 0x08, 0x01, 0xB1, 0x2E, 0x2D, 0x0D, 0x4F, 0x00, 0x50, 0x01, 0x30, 0x01, 0x8F, 0x01, 0x2F ; file 1A88DC
db 0x2D, 0x06, 0x13, 0x1A, 0x09, 0x01, 0xB0, 0x41, 0x2D, 0x23, 0x05, 0x01, 0xB0, 0x41, 0x2D, 0x4B ; file 1A88EC
db 0x00, 0x16, 0x09, 0x01, 0xB1, 0x09, 0x02, 0x04, 0x96, 0x92, 0x31, 0xB8, 0x18, 0x62, 0x41, 0x1A ; file 1A88FC
db 0x09, 0x01, 0xB1, 0x57, 0x2D, 0x4B, 0x01, 0x16, 0x09, 0x01, 0xB0, 0x09, 0x01, 0x04, 0x15, 0xDE ; file 1A890C
db 0x2C, 0x02, 0x3B, 0x4C, 0x09, 0x03, 0x04, 0x09, 0x0A, 0x04, 0x96, 0x8C, 0x30, 0xB7, 0x15, 0xB6 ; file 1A891C
db 0x22, 0x09, 0x08, 0x04, 0x15, 0x76, 0x2D, 0x09, 0x06, 0x04, 0x0B, 0x0F, 0x90, 0x2D, 0x0E, 0x96 ; file 1A892C
db 0x2D, 0x10, 0x81, 0x2D, 0x13, 0x09, 0x09, 0x04, 0x03, 0x05, 0x09, 0x85, 0x14, 0x96, 0x8C, 0x30 ; file 1A893C
db 0xB2, 0x15, 0xA7, 0x11, 0x09, 0x07, 0x04, 0x15, 0xDE, 0x2C, 0x09, 0x05, 0x04, 0x15, 0xDE, 0x2C ; file 1A894C
db 0x96, 0x8C, 0x32, 0xB1, 0x02, 0x38, 0x4C, 0x03, 0x05, 0x09, 0x11, 0x00, 0x0B, 0x9A, 0xE7, 0xE1 ; file 1A895C
db 0xCC, 0x2D, 0x0D, 0xFB, 0x00, 0x22, 0x01, 0x85, 0x01, 0x7B, 0x01, 0x2E, 0x2E, 0x07, 0x1A, 0x08 ; file 1A896C
db 0x01, 0xB0, 0xCC, 0x2D, 0x0D, 0x29, 0x01, 0x94, 0x00, 0x56, 0x01, 0xEB, 0x00, 0x48, 0x2E, 0x00 ; file 1A897C
db 0xA3, 0xE7, 0xE1, 0xDD, 0x2D, 0x0D, 0x06, 0x02, 0x88, 0x00, 0x66, 0x02, 0x58, 0x01, 0xF6, 0x2D ; file 1A898C
db 0x06, 0x1A, 0x08, 0x01, 0xB1, 0xEF, 0x2D, 0x0D, 0x06, 0x02, 0x88, 0x00, 0x66, 0x02, 0x58, 0x01 ; file 1A899C
db 0xF6, 0x2D, 0x06, 0x0F, 0x5F, 0x2E, 0x0E, 0x59, 0x2E, 0x13, 0x02, 0x37, 0x4C, 0x23, 0x05, 0x01 ; file 1A89AC
db 0xB0, 0x05, 0x2E, 0x4B, 0x00, 0x16, 0x09, 0x01, 0xB1, 0x09, 0x03, 0x00, 0x09, 0x08, 0x00, 0x09 ; file 1A89BC
db 0x0C, 0x00, 0x18, 0xDF, 0x41, 0x1A, 0x09, 0x01, 0xB1, 0x1D, 0x2E, 0x4B, 0x01, 0x16, 0x09, 0x01 ; file 1A89CC
db 0xB0, 0x09, 0x04, 0x00, 0x9A, 0xE7, 0xE1, 0x2B, 0x2E, 0x02, 0x38, 0x4C, 0x18, 0xA6, 0x39, 0x15 ; file 1A89DC
db 0xA8, 0x2D, 0x09, 0x05, 0x00, 0x0A, 0x09, 0x0E, 0x00, 0x0A, 0x09, 0x0A, 0x00, 0x0A, 0x09, 0x0A ; file 1A89EC
db 0x00, 0x0A, 0x09, 0x0F, 0x00, 0x0A, 0x09, 0x06, 0x00, 0x15, 0xA8, 0x2D, 0x09, 0x02, 0x00, 0x18 ; file 1A89FC
db 0xC7, 0x39, 0x0B, 0x0E, 0x53, 0x2E, 0x13, 0x09, 0x07, 0x00, 0x15, 0xF3, 0x3D, 0x09, 0x14, 0x00 ; file 1A8A0C
db 0x15, 0x65, 0x2E, 0x09, 0x11, 0x00, 0x18, 0x97, 0x39, 0x0B, 0x11, 0x70, 0x2E, 0x0F, 0x76, 0x2E ; file 1A8A1C
db 0x0E, 0x7C, 0x2E, 0x13, 0x09, 0x1A, 0x00, 0x15, 0x65, 0x2E, 0x09, 0x13, 0x00, 0x15, 0xA8, 0x2D ; file 1A8A2C
db 0x09, 0x12, 0x00, 0x15, 0xA8, 0x2D, 0x96, 0x8C, 0x31, 0xB3, 0x05, 0x03, 0x09, 0x81, 0x28, 0x9A ; file 1A8A3C
db 0xB5, 0xB0, 0x9A, 0x2E, 0x96, 0xB5, 0xB1, 0x96, 0x8E, 0x35, 0xB0, 0x18, 0x08, 0x37, 0x0B, 0x0D ; file 1A8A4C
db 0x32, 0x00, 0x50, 0x00, 0x96, 0x00, 0xC8, 0x00, 0x3F, 0x2F, 0x00, 0x0F, 0x6E, 0x2F, 0x0E, 0xCD ; file 1A8A5C
db 0x2F, 0xA3, 0x99, 0xB0, 0xBE, 0x2E, 0x0D, 0xFA, 0x00, 0xB4, 0x00, 0x5E, 0x01, 0x18, 0x01, 0xD3 ; file 1A8A6C
db 0x2F, 0x03, 0x0D, 0xC8, 0x00, 0x2C, 0x01, 0xB7, 0x01, 0x8F, 0x01, 0xD4, 0x2E, 0x06, 0x9A, 0x8E ; file 1A8A7C
db 0x35, 0xB0, 0xD3, 0x2E, 0x30, 0x03, 0x3B, 0x13, 0x09, 0x7A, 0x28, 0x0B, 0xA3, 0xF1, 0xE1, 0xE9 ; file 1A8A8C
db 0x2E, 0x0D, 0x00, 0x00, 0x50, 0x00, 0x7F, 0x02, 0x18, 0x01, 0x08, 0x2F, 0x06, 0x1A, 0x08, 0x01 ; file 1A8A9C
db 0xB1, 0xFB, 0x2E, 0x0D, 0x00, 0x00, 0x50, 0x00, 0x7F, 0x02, 0x18, 0x01, 0x08, 0x2F, 0x06, 0x0D ; file 1A8AAC
db 0x00, 0x00, 0x2C, 0x01, 0x7F, 0x02, 0x8F, 0x01, 0x39, 0x2F, 0x00, 0x13, 0x1A, 0x09, 0x01, 0xB0 ; file 1A8ABC
db 0x1A, 0x2F, 0x23, 0x05, 0x01, 0xB0, 0x1A, 0x2F, 0x4B, 0x00, 0x16, 0x09, 0x01, 0xB1, 0x09, 0x7E ; file 1A8ACC
db 0x28, 0x96, 0x92, 0x31, 0xB2, 0x18, 0xB5, 0x41, 0x1A, 0x09, 0x01, 0xB1, 0x30, 0x2F, 0x4B, 0x01 ; file 1A8ADC
db 0x16, 0x09, 0x01, 0xB0, 0x09, 0x7F, 0x28, 0x09, 0x7B, 0x28, 0x15, 0x9A, 0x2E, 0x09, 0x7B, 0x28 ; file 1A8AEC
db 0x15, 0x9A, 0x2E, 0x09, 0x8B, 0x28, 0x15, 0x57, 0x2F, 0x02, 0x0A, 0x4C, 0x09, 0x79, 0x28, 0x09 ; file 1A8AFC
db 0x7D, 0x28, 0x09, 0x80, 0x28, 0x09, 0x78, 0x28, 0x15, 0x57, 0x2F, 0x0B, 0x0D, 0xC8, 0x00, 0x50 ; file 1A8B0C
db 0x00, 0xB7, 0x01, 0x8F, 0x01, 0x45, 0x2F, 0x07, 0x0E, 0x68, 0x2F, 0x13, 0x09, 0x8C, 0x28, 0x15 ; file 1A8B1C
db 0x9A, 0x2E, 0x09, 0x81, 0x28, 0x09, 0x83, 0x28, 0x0B, 0x9A, 0xB4, 0xB0, 0x86, 0x2F, 0x0D, 0x7A ; file 1A8B2C
db 0x01, 0x6B, 0x00, 0x1C, 0x02, 0x8B, 0x01, 0xA2, 0x2F, 0x04, 0x9A, 0x8E, 0x35, 0xB1, 0x8F, 0x2F ; file 1A8B3C
db 0x30, 0x03, 0x3B, 0x0E, 0xC4, 0x2F, 0x0F, 0xBE, 0x2F, 0x0D, 0x1F, 0x00, 0x5C, 0x00, 0xF5, 0x00 ; file 1A8B4C
db 0x91, 0x01, 0xAF, 0x2F, 0x00, 0x13, 0x96, 0xB4, 0xB1, 0x96, 0x8E, 0x35, 0xB1, 0x18, 0x1A, 0x37 ; file 1A8B5C
db 0x15, 0x74, 0x2F, 0x09, 0x8A, 0x28, 0x05, 0x03, 0x96, 0x8C, 0x30, 0xB2, 0x09, 0x7D, 0x14, 0x15 ; file 1A8B6C
db 0x88, 0x10, 0x09, 0x87, 0x28, 0x15, 0x9A, 0x2E, 0x09, 0x84, 0x28, 0x09, 0x82, 0x28, 0x15, 0x9A ; file 1A8B7C
db 0x2E, 0x09, 0x88, 0x28, 0x15, 0x74, 0x2F, 0x09, 0x89, 0x28, 0x03, 0x09, 0x04, 0x04, 0x96, 0x8C ; file 1A8B8C
db 0x31, 0xB4, 0x15, 0x76, 0x2D, 0x96, 0x8C, 0x31, 0xB6, 0x02, 0x2B, 0x4C, 0x05, 0x03, 0x09, 0x07 ; file 1A8B9C
db 0x08, 0x9A, 0xAE, 0xB0, 0xFC, 0x2F, 0x96, 0xAE, 0xB1, 0x96, 0x8E, 0x35, 0xB7, 0x18, 0x9E, 0x38 ; file 1A8BAC
db 0x0B, 0x0F, 0x3E, 0x30, 0x0E, 0x38, 0x30, 0xA3, 0xF3, 0xE1, 0x14, 0x30, 0x0D, 0xE2, 0x00, 0x5F ; file 1A8BBC
db 0x01, 0x8B, 0x01, 0xA3, 0x01, 0x58, 0x30, 0x06, 0x1A, 0x08, 0x01, 0xB1, 0x26, 0x30, 0x0D, 0xE2 ; file 1A8BCC
db 0x00, 0x5F, 0x01, 0x8B, 0x01, 0xA3, 0x01, 0x58, 0x30, 0x06, 0x9A, 0x8E, 0x35, 0xB7, 0x2F, 0x30 ; file 1A8BDC
db 0x30, 0x03, 0x3B, 0x9A, 0xF3, 0xE1, 0x37, 0x30, 0x10, 0x8A, 0x30, 0x13, 0x09, 0x0C, 0x08, 0x15 ; file 1A8BEC
db 0x44, 0x30, 0x09, 0x07, 0x08, 0x15, 0x44, 0x30, 0x0B, 0x0F, 0x4C, 0x30, 0x0E, 0x52, 0x30, 0x13 ; file 1A8BFC
db 0x09, 0x0A, 0x08, 0x15, 0xFC, 0x2F, 0x09, 0x08, 0x08, 0x15, 0xFC, 0x2F, 0x1A, 0x09, 0x01, 0xB0 ; file 1A8C0C
db 0x6A, 0x30, 0x23, 0x05, 0x01, 0xB0, 0x6A, 0x30, 0x4B, 0x00, 0x16, 0x09, 0x01, 0xB1, 0x09, 0x10 ; file 1A8C1C
db 0x08, 0x18, 0x5C, 0x42, 0x1A, 0x09, 0x01, 0xB1, 0x7C, 0x30, 0x4B, 0x01, 0x16, 0x09, 0x01, 0xB0 ; file 1A8C2C
db 0xA3, 0xF3, 0xE1, 0x84, 0x30, 0x15, 0xB6, 0x22, 0x09, 0x11, 0x08, 0x15, 0xFC, 0x2F, 0x09, 0x09 ; file 1A8C3C
db 0x08, 0x9A, 0xAD, 0xB0, 0x9C, 0x30, 0x96, 0xAD, 0xB1, 0x96, 0x8E, 0x35, 0xB8, 0x18, 0x8A, 0x36 ; file 1A8C4C
db 0x15, 0x9F, 0x30, 0x0B, 0x9A, 0x8E, 0x35, 0xB8, 0xA9, 0x30, 0x30, 0x03, 0x3B, 0x0E, 0xB0, 0x30 ; file 1A8C5C
db 0x0F, 0xF2, 0x30, 0x13, 0x09, 0x0E, 0x08, 0x15, 0xB6, 0x30, 0x0B, 0x0D, 0xC8, 0x00, 0x50, 0x00 ; file 1A8C6C
db 0xB8, 0x01, 0x8F, 0x01, 0xC7, 0x30, 0x04, 0x0F, 0xEC, 0x30, 0x13, 0x02, 0x2A, 0x4C, 0x0A, 0x09 ; file 1A8C7C
db 0x00, 0x08, 0x0A, 0x09, 0x01, 0x08, 0x0A, 0x09, 0x02, 0x08, 0x0A, 0x09, 0x01, 0x08, 0x0A, 0x09 ; file 1A8C8C
db 0x02, 0x08, 0x0A, 0x09, 0x03, 0x08, 0x0A, 0x09, 0x06, 0x08, 0x02, 0x2B, 0x4C, 0x15, 0xB6, 0x30 ; file 1A8C9C
db 0x09, 0x0F, 0x08, 0x15, 0x9F, 0x30, 0x09, 0x0D, 0x08, 0x96, 0x8C, 0x31, 0xB7, 0x15, 0x66, 0x32 ; file 1A8CAC
db 0x96, 0x8C, 0x31, 0xB9, 0x03, 0x05, 0x09, 0x06, 0x44, 0x9A, 0xF7, 0xE1, 0x19, 0x31, 0x9A, 0xAF ; file 1A8CBC
db 0xB0, 0x19, 0x31, 0x96, 0xAF, 0xB1, 0x18, 0x7B, 0x36, 0x96, 0x8E, 0x35, 0xB6, 0x0B, 0x9A, 0x8E ; file 1A8CCC
db 0x35, 0xB6, 0x23, 0x31, 0x30, 0x03, 0x3B, 0x0F, 0xA8, 0x31, 0x0E, 0xB6, 0x31, 0x9A, 0xF7, 0xE1 ; file 1A8CDC
db 0x3A, 0x31, 0x0D, 0x02, 0x01, 0xF2, 0x00, 0x7E, 0x01, 0x1E, 0x01, 0xD3, 0x31, 0x04, 0x9A, 0xF7 ; file 1A8CEC
db 0xE1, 0x4B, 0x31, 0x0D, 0x6C, 0x01, 0x56, 0x01, 0x93, 0x01, 0x82, 0x01, 0x14, 0x32, 0x00, 0x9A ; file 1A8CFC
db 0xB0, 0xB0, 0x5F, 0x31, 0x0D, 0x9E, 0x00, 0x1D, 0x01, 0xF8, 0x00, 0x6D, 0x01, 0xFA, 0x31, 0x04 ; file 1A8D0C
db 0x15, 0x6B, 0x31, 0x0D, 0x9E, 0x00, 0x1D, 0x01, 0xF8, 0x00, 0x6D, 0x01, 0x0D, 0x32, 0x00, 0x9A ; file 1A8D1C
db 0x8E, 0x35, 0xB5, 0x74, 0x31, 0x30, 0x03, 0x3B, 0xA3, 0xF7, 0xE1, 0x85, 0x31, 0x0D, 0xF9, 0x01 ; file 1A8D2C
db 0x04, 0x01, 0x7D, 0x02, 0x8F, 0x01, 0x32, 0x32, 0x06, 0x1A, 0x08, 0x01, 0xB1, 0x97, 0x31, 0x0D ; file 1A8D3C
db 0xF9, 0x01, 0x04, 0x01, 0x7D, 0x02, 0x8F, 0x01, 0x32, 0x32, 0x06, 0x13, 0x96, 0x8C, 0x31, 0xB9 ; file 1A8D4C
db 0x04, 0x03, 0x05, 0x09, 0x14, 0x44, 0x09, 0x14, 0x44, 0x15, 0x19, 0x31, 0x09, 0x06, 0x44, 0x0B ; file 1A8D5C
db 0x0F, 0xBC, 0x31, 0x10, 0xC8, 0x31, 0x0E, 0xC2, 0x31, 0x13, 0x09, 0x09, 0x44, 0x15, 0xAB, 0x31 ; file 1A8D6C
db 0x09, 0x08, 0x44, 0x15, 0x19, 0x31, 0x09, 0x07, 0x44, 0x15, 0x19, 0x31, 0x09, 0x0E, 0x44, 0x03 ; file 1A8D7C
db 0x05, 0x09, 0x90, 0x14, 0x15, 0x73, 0x12, 0x09, 0x0A, 0x44, 0x9A, 0xB1, 0xB0, 0xE6, 0x31, 0x96 ; file 1A8D8C
db 0xB1, 0xB1, 0x18, 0xF8, 0x37, 0x16, 0x0C, 0x01, 0x35, 0xB4, 0x0B, 0x11, 0xF4, 0x31, 0x9A, 0x8E ; file 1A8D9C
db 0x35, 0xB4, 0xF3, 0x31, 0x30, 0x03, 0x3B, 0x13, 0x09, 0x0B, 0x44, 0x15, 0x19, 0x31, 0x9A, 0xB0 ; file 1A8DAC
db 0xB0, 0x0A, 0x32, 0x96, 0xB0, 0xB1, 0x18, 0x07, 0x38, 0x16, 0x0C, 0x01, 0x35, 0xB5, 0x15, 0x19 ; file 1A8DBC
db 0x31, 0x09, 0x13, 0x44, 0x04, 0x15, 0xB6, 0x22, 0x09, 0x0F, 0x44, 0x0A, 0x09, 0x00, 0x44, 0x0A ; file 1A8DCC
db 0x09, 0x01, 0x44, 0x0A, 0x09, 0x03, 0x44, 0x0A, 0x09, 0x04, 0x44, 0x0A, 0x09, 0x02, 0x44, 0x0A ; file 1A8DDC
db 0x09, 0x10, 0x44, 0x15, 0x19, 0x31, 0x1A, 0x09, 0x01, 0xB0, 0x44, 0x32, 0x23, 0x05, 0x01, 0xB0 ; file 1A8DEC
db 0x44, 0x32, 0x4B, 0x00, 0x16, 0x09, 0x01, 0xB1, 0x09, 0x11, 0x44, 0x96, 0x92, 0x30, 0xB6, 0x18 ; file 1A8DFC
db 0x94, 0x40, 0x1A, 0x09, 0x01, 0xB1, 0x5A, 0x32, 0x4B, 0x01, 0x16, 0x09, 0x01, 0xB0, 0x09, 0x12 ; file 1A8E0C
db 0x44, 0x15, 0x05, 0x31, 0x09, 0x0C, 0x44, 0x15, 0x19, 0x31, 0x96, 0x8C, 0x31, 0xB7, 0x05, 0x03 ; file 1A8E1C
db 0x09, 0x10, 0x30, 0x15, 0x9B, 0x32, 0x0B, 0x0E, 0x1D, 0x33, 0x10, 0x7D, 0x32, 0x0F, 0x2C, 0x33 ; file 1A8E2C
db 0x13, 0x0A, 0x9A, 0x00, 0xB0, 0x8B, 0x32, 0x09, 0x03, 0x30, 0x9F, 0x00, 0x15, 0x90, 0x32, 0x09 ; file 1A8E3C
db 0x04, 0x30, 0xA0, 0x00, 0x15, 0x72, 0x32, 0x0B, 0x0E, 0x3B, 0x33, 0x0F, 0x41, 0x33, 0x13, 0x0B ; file 1A8E4C
db 0x0E, 0x4A, 0x33, 0x0D, 0x96, 0x00, 0xAD, 0x00, 0x05, 0x01, 0x08, 0x01, 0x14, 0x33, 0x00, 0x9A ; file 1A8E5C
db 0xB2, 0xB0, 0xBC, 0x32, 0x0D, 0xCB, 0x00, 0x0A, 0x01, 0x4A, 0x01, 0x27, 0x01, 0xF0, 0x32, 0x04 ; file 1A8E6C
db 0x9A, 0xB3, 0xB0, 0xCD, 0x32, 0x0D, 0x6D, 0x00, 0x28, 0x01, 0xC6, 0x00, 0x8B, 0x01, 0xE3, 0x32 ; file 1A8E7C
db 0x04, 0x9A, 0x8E, 0x35, 0xB2, 0xD6, 0x32, 0x30, 0x03, 0x3B, 0x9A, 0x8E, 0x35, 0xB3, 0xDF, 0x32 ; file 1A8E8C
db 0x30, 0x03, 0x3B, 0x0F, 0x53, 0x33, 0x13, 0x96, 0xB3, 0xB1, 0x96, 0x8E, 0x35, 0xB2, 0x18, 0x22 ; file 1A8E9C
db 0x3A, 0x15, 0x9B, 0x32, 0x96, 0xB2, 0xB1, 0x96, 0x8E, 0x35, 0xB3, 0x18, 0x34, 0x3A, 0x15, 0x9B ; file 1A8EAC
db 0x32, 0x0B, 0x0E, 0x5C, 0x33, 0x11, 0x08, 0x33, 0x0F, 0x65, 0x33, 0x13, 0x09, 0x13, 0x30, 0x09 ; file 1A8EBC
db 0x07, 0x30, 0x09, 0x17, 0x30, 0x15, 0xE1, 0x33, 0x09, 0x01, 0x30, 0x09, 0x07, 0x30, 0x15, 0x7E ; file 1A8ECC
db 0x33, 0x9A, 0x00, 0xB1, 0x26, 0x33, 0x0A, 0x09, 0x04, 0x30, 0x09, 0x0D, 0x30, 0x15, 0x93, 0x32 ; file 1A8EDC
db 0x9A, 0x00, 0xB1, 0x35, 0x33, 0x0A, 0x09, 0x04, 0x30, 0x09, 0x12, 0x30, 0x15, 0xFD, 0x32, 0x09 ; file 1A8EEC
db 0x0C, 0x30, 0x15, 0x9B, 0x32, 0x96, 0x00, 0xB0, 0x09, 0x11, 0x30, 0x15, 0x72, 0x32, 0x09, 0x01 ; file 1A8EFC
db 0x30, 0x09, 0x0F, 0x30, 0x15, 0xFD, 0x32, 0x09, 0x01, 0x30, 0x09, 0x10, 0x30, 0x15, 0x93, 0x32 ; file 1A8F0C
db 0x96, 0x00, 0xB0, 0x09, 0x0E, 0x30, 0x15, 0x72, 0x32, 0x09, 0x13, 0x30, 0x15, 0x9B, 0x32, 0x0B ; file 1A8F1C
db 0x0E, 0xF4, 0x33, 0x11, 0xEE, 0x33, 0x0F, 0xFA, 0x33, 0x13, 0x0B, 0x0E, 0x00, 0x34, 0x0F, 0x06 ; file 1A8F2C
db 0x34, 0x13, 0x02, 0x35, 0x4C, 0x0B, 0xA3, 0xEB, 0xE1, 0x93, 0x33, 0x0D, 0x97, 0x01, 0x93, 0x00 ; file 1A8F3C
db 0xEB, 0x01, 0x55, 0x01, 0xAC, 0x33, 0x06, 0x1A, 0x08, 0x01, 0xB1, 0xA5, 0x33, 0x0D, 0x97, 0x01 ; file 1A8F4C
db 0x93, 0x00, 0xEB, 0x01, 0x55, 0x01, 0xAC, 0x33, 0x06, 0x0E, 0x0C, 0x34, 0x0F, 0x12, 0x34, 0x13 ; file 1A8F5C
db 0x09, 0x05, 0x30, 0x23, 0x05, 0x01, 0xB0, 0xBB, 0x33, 0x4B, 0x00, 0x16, 0x09, 0x01, 0xB1, 0x18 ; file 1A8F6C
db 0xB0, 0x42, 0x1A, 0x09, 0x01, 0xB1, 0xCA, 0x33, 0x4B, 0x01, 0x16, 0x09, 0x01, 0xB0, 0x09, 0x06 ; file 1A8F7C
db 0x30, 0x15, 0x7E, 0x33, 0x0B, 0x0D, 0x62, 0x00, 0xB0, 0x00, 0xC3, 0x00, 0x66, 0x01, 0xE1, 0x33 ; file 1A8F8C
db 0x00, 0x0F, 0x1E, 0x34, 0x13, 0x09, 0x0A, 0x30, 0x09, 0x0B, 0x30, 0x96, 0x8C, 0x30, 0xB7, 0x15 ; file 1A8F9C
db 0xB6, 0x22, 0x09, 0x09, 0x30, 0x15, 0x72, 0x32, 0x09, 0x15, 0x30, 0x15, 0x76, 0x33, 0x09, 0x1A ; file 1A8FAC
db 0x30, 0x15, 0xD0, 0x33, 0x09, 0x14, 0x30, 0x15, 0x7E, 0x33, 0x09, 0x19, 0x30, 0x15, 0x6B, 0x33 ; file 1A8FBC
db 0x09, 0x17, 0x30, 0x15, 0xD0, 0x33, 0x09, 0x18, 0x30, 0x15, 0x76, 0x33, 0x09, 0x16, 0x30, 0x15 ; file 1A8FCC
db 0x6B, 0x33, 0x09, 0x1B, 0x30, 0x15, 0x7E, 0x33, 0x96, 0x8C, 0x31, 0xB2, 0x03, 0x05, 0x09, 0x03 ; file 1A8FDC
db 0x38, 0x9A, 0xAB, 0xB0, 0x3C, 0x34, 0x09, 0x3D, 0x38, 0x96, 0xAB, 0xB1, 0x96, 0x8E, 0x39, 0xB9 ; file 1A8FEC
db 0x9A, 0xEF, 0xE1, 0x49, 0x34, 0x9A, 0xAC, 0xB0, 0x49, 0x34, 0x15, 0xF9, 0x34, 0x0B, 0x0E, 0x9A ; file 1A8FFC
db 0x34, 0x0F, 0xA0, 0x34, 0x9A, 0xFA, 0xE1, 0x66, 0x34, 0xA3, 0xEF, 0xE1, 0x66, 0x34, 0x0D, 0xB6 ; file 1A900C
db 0x00, 0x11, 0x01, 0x36, 0x01, 0x2B, 0x01, 0xA6, 0x34, 0x06, 0x1A, 0x08, 0x01, 0xB1, 0x78, 0x34 ; file 1A901C
db 0x0D, 0xB6, 0x00, 0x11, 0x01, 0x36, 0x01, 0x2B, 0x01, 0xA6, 0x34, 0x06, 0x9A, 0xEF, 0xE1, 0x89 ; file 1A902C
db 0x34, 0x0D, 0xB6, 0x00, 0x11, 0x01, 0x36, 0x01, 0x2B, 0x01, 0x93, 0x34, 0x07, 0x9A, 0x8E, 0x35 ; file 1A903C
db 0xB9, 0x92, 0x34, 0x30, 0x03, 0x3B, 0x13, 0x07, 0x09, 0x3F, 0x38, 0x15, 0x3C, 0x34, 0x09, 0x06 ; file 1A904C
db 0x38, 0x15, 0xD0, 0x34, 0x09, 0x03, 0x38, 0x15, 0xD0, 0x34, 0x02, 0x36, 0x4C, 0x09, 0x08, 0x38 ; file 1A905C
db 0x23, 0x05, 0x01, 0xB0, 0xB8, 0x34, 0x4B, 0x00, 0x16, 0x09, 0x01, 0xB1, 0x09, 0x00, 0x38, 0x18 ; file 1A906C
db 0xE6, 0x40, 0x1A, 0x09, 0x01, 0xB1, 0xCA, 0x34, 0x4B, 0x01, 0x16, 0x09, 0x01, 0xB0, 0x09, 0x09 ; file 1A907C
db 0x38, 0x15, 0x3C, 0x34, 0x0B, 0x0E, 0xE4, 0x34, 0x0F, 0xEA, 0x34, 0x0D, 0x56, 0x01, 0x7A, 0x00 ; file 1A908C
db 0xAF, 0x01, 0x74, 0x01, 0x06, 0x35, 0x00, 0x13, 0x09, 0x04, 0x38, 0x15, 0x3C, 0x34, 0x09, 0x05 ; file 1A909C
db 0x38, 0x15, 0x3C, 0x34, 0x09, 0x01, 0x38, 0x09, 0x09, 0x38, 0x15, 0x3C, 0x34, 0x96, 0xAC, 0xB1 ; file 1A90AC
db 0x96, 0x8E, 0x35, 0xB9, 0x18, 0x73, 0x39, 0x15, 0x3C, 0x34, 0x09, 0x07, 0x38, 0x03, 0x05, 0x09 ; file 1A90BC
db 0x7F, 0x14, 0x96, 0x8C, 0x30, 0xB2, 0x15, 0x5F, 0x10, 0x96, 0x8C, 0x31, 0xB8, 0x05, 0x03, 0x09 ; file 1A90CC
db 0x09, 0x0C, 0x9A, 0x9C, 0xB0, 0x2D, 0x35, 0x96, 0x9C, 0xB1, 0x18, 0xF7, 0x38, 0x96, 0x8E, 0x37 ; file 1A90DC
db 0xB4, 0x9A, 0x9D, 0xB0, 0x41, 0x35, 0x9A, 0xEE, 0xE1, 0x41, 0x35, 0x96, 0x9D, 0xB1, 0x18, 0x15 ; file 1A90EC
db 0x39, 0x96, 0x8E, 0x37, 0xB3, 0x0B, 0x9A, 0x8E, 0x37, 0xB4, 0x4B, 0x35, 0x30, 0x03, 0x3B, 0x0D ; file 1A90FC
db 0x80, 0x00, 0xB3, 0x00, 0xC5, 0x00, 0x30, 0x01, 0x97, 0x35, 0x00, 0xA3, 0xEE, 0xE1, 0x68, 0x35 ; file 1A910C
db 0x0D, 0xD5, 0x01, 0xF5, 0x00, 0x1D, 0x02, 0x2A, 0x01, 0x9D, 0x35, 0x06, 0x1A, 0x08, 0x01, 0xB1 ; file 1A911C
db 0x7A, 0x35, 0x0D, 0xD5, 0x01, 0xF5, 0x00, 0x1D, 0x02, 0x2A, 0x01, 0x9D, 0x35, 0x06, 0x9A, 0x8E ; file 1A912C
db 0x37, 0xB3, 0x83, 0x35, 0x30, 0x03, 0x3B, 0x0E, 0xCD, 0x35, 0x0F, 0xD3, 0x35, 0x13, 0x96, 0x9D ; file 1A913C
db 0xB1, 0x18, 0x15, 0x39, 0x96, 0x8E, 0x37, 0xB3, 0x15, 0x2D, 0x35, 0x09, 0x01, 0x0C, 0x15, 0xFF ; file 1A914C
db 0x35, 0x1A, 0x09, 0x01, 0xB0, 0xAF, 0x35, 0x23, 0x05, 0x01, 0xB0, 0xAF, 0x35, 0x4B, 0x00, 0x16 ; file 1A915C
db 0x09, 0x01, 0xB1, 0x09, 0x02, 0x0C, 0x18, 0x6B, 0x40, 0x1A, 0x09, 0x01, 0xB1, 0xC1, 0x35, 0x4B ; file 1A916C
db 0x01, 0x16, 0x09, 0x01, 0xB0, 0x09, 0x03, 0x0C, 0x15, 0x2D, 0x35, 0x09, 0x03, 0x0C, 0x15, 0x2D ; file 1A917C
db 0x35, 0x09, 0x08, 0x0C, 0x15, 0xD9, 0x35, 0x09, 0x09, 0x0C, 0x15, 0xD9, 0x35, 0x0B, 0x0E, 0xE4 ; file 1A918C
db 0x35, 0x0F, 0xEA, 0x35, 0x10, 0xF0, 0x35, 0x13, 0x09, 0x07, 0x0C, 0x15, 0x2D, 0x35, 0x09, 0x0A ; file 1A919C
db 0x0C, 0x15, 0x2D, 0x35, 0x09, 0x13, 0x0C, 0x03, 0x05, 0x09, 0x91, 0x14, 0x96, 0x8C, 0x30, 0xB2 ; file 1A91AC
db 0x15, 0xE6, 0x12, 0x0B, 0x0E, 0x1A, 0x36, 0x0F, 0x20, 0x36, 0xA3, 0x99, 0xB0, 0x19, 0x36, 0x0B ; file 1A91BC
db 0x0D, 0x39, 0x01, 0xA0, 0x00, 0x6F, 0x01, 0x1E, 0x01, 0x2C, 0x36, 0x00, 0x13, 0x13, 0x09, 0x0D ; file 1A91CC
db 0x0C, 0x15, 0x36, 0x36, 0x09, 0x12, 0x0C, 0x09, 0x0F, 0x0C, 0x09, 0x10, 0x0C, 0x15, 0x36, 0x36 ; file 1A91DC
db 0x09, 0x1E, 0x0C, 0x96, 0x8C, 0x31, 0xB9, 0x15, 0xFC, 0x30, 0x0B, 0x0E, 0x4A, 0x36, 0x0F, 0x56 ; file 1A91EC
db 0x36, 0x0D, 0x85, 0x01, 0xB0, 0x00, 0xE7, 0x01, 0x56, 0x01, 0x5C, 0x36, 0x00, 0x13, 0x09, 0x0C ; file 1A91FC
db 0x0C, 0x09, 0x0B, 0x0C, 0x09, 0x0E, 0x0C, 0x15, 0xFF, 0x35, 0x09, 0x11, 0x0C, 0x15, 0xFF, 0x35 ; file 1A920C
db 0x09, 0x05, 0x0C, 0x15, 0xD9, 0x35, 0x31, 0x4B, 0x00, 0xEE, 0x02, 0x22, 0x49, 0x17, 0x00, 0x37 ; file 1A921C
db 0x00, 0x00, 0x50, 0x00, 0x7F, 0x02, 0x8F, 0x01, 0x31, 0x63, 0x00, 0xEE, 0x02, 0x17, 0x00, 0x05 ; file 1A922C
db 0x09, 0x06, 0x44, 0x18, 0x62, 0x36, 0x09, 0x15, 0x44, 0x18, 0x6B, 0x36, 0x17, 0x00, 0x05, 0x09 ; file 1A923C
db 0x0E, 0x08, 0x18, 0x62, 0x36, 0x02, 0x2A, 0x4C, 0x09, 0x05, 0x08, 0x18, 0x6B, 0x36, 0x17, 0x00 ; file 1A924C
db 0x05, 0x09, 0x5A, 0x14, 0x18, 0x62, 0x36, 0x09, 0x6F, 0x14, 0x18, 0x6B, 0x36, 0x17, 0x00, 0x05 ; file 1A925C
db 0x09, 0x59, 0x14, 0x18, 0x62, 0x36, 0x09, 0x70, 0x14, 0x18, 0x6B, 0x36, 0x17, 0x00, 0x05, 0x09 ; file 1A926C
db 0x59, 0x14, 0x18, 0x62, 0x36, 0x02, 0x2C, 0x4C, 0x09, 0x5B, 0x14, 0x18, 0x6B, 0x36, 0x17, 0x00 ; file 1A927C
db 0x05, 0x09, 0x59, 0x14, 0x18, 0x62, 0x36, 0x09, 0x9D, 0x14, 0x18, 0x6B, 0x36, 0x17, 0x00, 0x05 ; file 1A928C
db 0x09, 0x63, 0x14, 0x18, 0x62, 0x36, 0x09, 0x9E, 0x14, 0x18, 0x6B, 0x36, 0x17, 0x00, 0x05, 0x09 ; file 1A929C
db 0x59, 0x14, 0x18, 0x62, 0x36, 0x09, 0x9F, 0x14, 0x18, 0x6B, 0x36, 0x17, 0x00, 0x05, 0x09, 0x59 ; file 1A92AC
db 0x14, 0x18, 0x62, 0x36, 0x09, 0xA0, 0x14, 0x18, 0x6B, 0x36, 0x17, 0x00, 0x05, 0x09, 0x7A, 0x28 ; file 1A92BC
db 0x18, 0x62, 0x36, 0x02, 0x2D, 0x4C, 0x09, 0x7C, 0x28, 0x18, 0x6B, 0x36, 0x17, 0x00, 0x05, 0x09 ; file 1A92CC
db 0x87, 0x28, 0x18, 0x62, 0x36, 0x09, 0x8D, 0x28, 0x18, 0x6B, 0x36, 0x17, 0x00, 0x02, 0x19, 0x4C ; file 1A92DC
db 0x05, 0x09, 0x0E, 0x18, 0x18, 0x62, 0x36, 0x09, 0x02, 0x18, 0x18, 0x6B, 0x36, 0x17, 0x00, 0x05 ; file 1A92EC
db 0x09, 0x0E, 0x18, 0x18, 0x62, 0x36, 0x02, 0x1B, 0x4C, 0x09, 0x07, 0x18, 0x18, 0x6B, 0x36, 0x17 ; file 1A92FC
db 0x00, 0x05, 0x09, 0x0E, 0x18, 0x18, 0x62, 0x36, 0x09, 0x06, 0x18, 0x18, 0x6B, 0x36, 0x17, 0x00 ; file 1A930C
db 0x05, 0x09, 0x04, 0x18, 0x18, 0x62, 0x36, 0x02, 0x1A, 0x4C, 0x09, 0x05, 0x18, 0x18, 0x6B, 0x36 ; file 1A931C
db 0x17, 0x00, 0x05, 0x09, 0x03, 0x48, 0x18, 0x62, 0x36, 0x02, 0x31, 0x4C, 0x09, 0x00, 0x48, 0x18 ; file 1A932C
db 0x6B, 0x36, 0x17, 0x00, 0x05, 0x09, 0x03, 0x48, 0x18, 0x62, 0x36, 0x09, 0x0B, 0x48, 0x18, 0x6B ; file 1A933C
db 0x36, 0x17, 0x00, 0x05, 0x09, 0x03, 0x48, 0x18, 0x62, 0x36, 0x09, 0x28, 0x48, 0x18, 0x6B, 0x36 ; file 1A934C
db 0x17, 0x00, 0x05, 0x09, 0x00, 0x20, 0x18, 0x62, 0x36, 0x02, 0x32, 0x4C, 0x09, 0x03, 0x20, 0x18 ; file 1A935C
db 0x6B, 0x36, 0x17, 0x00, 0x05, 0x09, 0x76, 0x20, 0x18, 0x62, 0x36, 0x09, 0x71, 0x20, 0x02, 0x33 ; file 1A936C
db 0x4C, 0x18, 0x6B, 0x36, 0x17, 0x00, 0x05, 0x09, 0x76, 0x20, 0x18, 0x62, 0x36, 0x02, 0x30, 0x4C ; file 1A937C
db 0x09, 0x6E, 0x20, 0x18, 0x6B, 0x36, 0x17, 0x00, 0x05, 0x09, 0x69, 0x10, 0x18, 0x62, 0x36, 0x02 ; file 1A938C
db 0x10, 0x4C, 0x09, 0x07, 0x10, 0x18, 0x6B, 0x36, 0x17, 0x00, 0x05, 0x09, 0x69, 0x10, 0x18, 0x62 ; file 1A939C
db 0x36, 0x02, 0x07, 0x4C, 0x09, 0x0B, 0x10, 0x18, 0x6B, 0x36, 0x17, 0x00, 0x05, 0x09, 0x0B, 0x44 ; file 1A93AC
db 0x18, 0x62, 0x36, 0x09, 0x05, 0x44, 0x18, 0x6B, 0x36, 0x17, 0x00, 0x05, 0x09, 0x0A, 0x44, 0x18 ; file 1A93BC
db 0x62, 0x36, 0x09, 0x0D, 0x44, 0x18, 0x6B, 0x36, 0x17, 0x00, 0x05, 0x09, 0x0B, 0x04, 0x18, 0x62 ; file 1A93CC
db 0x36, 0x02, 0x07, 0x4C, 0x09, 0x00, 0x04, 0x18, 0x6B, 0x36, 0x17, 0x00, 0x05, 0x09, 0x6C, 0x20 ; file 1A93DC
db 0x18, 0x62, 0x36, 0x09, 0x7B, 0x20, 0x18, 0x6B, 0x36, 0x17, 0x00, 0x05, 0x09, 0x75, 0x28, 0x18 ; file 1A93EC
db 0x62, 0x36, 0x09, 0x6B, 0x28, 0x18, 0x6B, 0x36, 0x17, 0x00, 0x18, 0x62, 0x36, 0x09, 0x6C, 0x28 ; file 1A93FC
db 0x18, 0x6B, 0x36, 0x17, 0x00, 0x18, 0x62, 0x36, 0x09, 0x6F, 0x28, 0x18, 0x6B, 0x36, 0x17, 0x00 ; file 1A940C
db 0x05, 0x09, 0x76, 0x28, 0x18, 0x62, 0x36, 0x09, 0x70, 0x28, 0x18, 0x6B, 0x36, 0x17, 0x00, 0x05 ; file 1A941C
db 0x09, 0x76, 0x28, 0x18, 0x62, 0x36, 0x02, 0x34, 0x4C, 0x09, 0x66, 0x28, 0x18, 0x6B, 0x36, 0x17 ; file 1A942C
db 0x00, 0x05, 0x09, 0x76, 0x28, 0x18, 0x62, 0x36, 0x02, 0x34, 0x4C, 0x09, 0x68, 0x28, 0x18, 0x6B ; file 1A943C
db 0x36, 0x17, 0x00, 0x05, 0x09, 0x76, 0x28, 0x18, 0x62, 0x36, 0x09, 0x67, 0x28, 0x18, 0x6B, 0x36 ; file 1A944C
db 0x17, 0x00, 0x05, 0x09, 0x07, 0x08, 0x18, 0x62, 0x36, 0x02, 0x2B, 0x4C, 0x09, 0x04, 0x08, 0x18 ; file 1A945C
db 0x6B, 0x36, 0x17, 0x00, 0x05, 0x09, 0x25, 0x14, 0x18, 0x62, 0x36, 0x1A, 0x00, 0x01, 0xB0, 0xC3 ; file 1A946C
db 0x38, 0x02, 0x01, 0x4C, 0x15, 0xC6, 0x38, 0x02, 0x1D, 0x4C, 0x09, 0x00, 0x14, 0x31, 0x63, 0x00 ; file 1A947C
db 0xEE, 0x02, 0x17, 0x00, 0x05, 0x09, 0x24, 0x14, 0x18, 0x62, 0x36, 0x02, 0x06, 0x4C, 0x09, 0x09 ; file 1A948C
db 0x14, 0x02, 0x39, 0x4C, 0x18, 0x6B, 0x36, 0x17, 0x00, 0x05, 0x09, 0x05, 0x14, 0x18, 0x62, 0x36 ; file 1A949C
db 0x02, 0x1F, 0x4C, 0x09, 0x0D, 0x14, 0x18, 0x6B, 0x36, 0x17, 0x00, 0x05, 0x09, 0x09, 0x0C, 0x18 ; file 1A94AC
db 0x62, 0x36, 0x1A, 0x00, 0x01, 0xB0, 0x0A, 0x39, 0x02, 0x03, 0x4C, 0x15, 0x0D, 0x39, 0x02, 0x2F ; file 1A94BC
db 0x4C, 0x09, 0x1D, 0x0C, 0x18, 0x6B, 0x36, 0x17, 0x00, 0x05, 0x09, 0x09, 0x0C, 0x18, 0x62, 0x36 ; file 1A94CC
db 0x1A, 0x00, 0x01, 0xB0, 0x28, 0x39, 0x02, 0x03, 0x4C, 0x15, 0x2B, 0x39, 0x02, 0x2F, 0x4C, 0x09 ; file 1A94DC
db 0x00, 0x0C, 0x18, 0x6B, 0x36, 0x17, 0x00, 0x05, 0x09, 0x0C, 0x2C, 0x18, 0x62, 0x36, 0x02, 0x21 ; file 1A94EC
db 0x4C, 0x09, 0x09, 0x2C, 0x18, 0x6B, 0x36, 0x17, 0x00, 0x05, 0x09, 0x0C, 0x2C, 0x18, 0x62, 0x36 ; file 1A94FC
db 0x02, 0x06, 0x4C, 0x09, 0x07, 0x2C, 0x18, 0x6B, 0x36, 0x17, 0x00, 0x05, 0x09, 0x19, 0x2C, 0x02 ; file 1A950C
db 0x22, 0x4C, 0x03, 0x09, 0x0A, 0x2C, 0x17, 0x00, 0x05, 0x09, 0x05, 0x2C, 0x18, 0x62, 0x36, 0x09 ; file 1A951C
db 0x0B, 0x2C, 0x18, 0x6B, 0x36, 0x17, 0x00, 0x05, 0x09, 0x03, 0x38, 0x18, 0x62, 0x36, 0x02, 0x36 ; file 1A952C
db 0x4C, 0x09, 0x02, 0x38, 0x18, 0x6B, 0x36, 0x17, 0x00, 0x05, 0x09, 0x08, 0x48, 0x18, 0x62, 0x36 ; file 1A953C
db 0x02, 0x31, 0x4C, 0x09, 0x2B, 0x48, 0x18, 0x6B, 0x36, 0x17, 0x00, 0x05, 0x09, 0x12, 0x00, 0x18 ; file 1A954C
db 0x62, 0x36, 0x09, 0x18, 0x00, 0x18, 0x6B, 0x36, 0x17, 0x00, 0x05, 0x09, 0x03, 0x00, 0x18, 0x62 ; file 1A955C
db 0x36, 0x09, 0x0B, 0x00, 0x18, 0x6B, 0x36, 0x17, 0x00, 0x05, 0x09, 0x0E, 0x2C, 0x18, 0x62, 0x36 ; file 1A956C
db 0x02, 0x1F, 0x4C, 0x09, 0x08, 0x2C, 0x18, 0x6B, 0x36, 0x17, 0x00, 0x31, 0x00, 0x00, 0x32, 0x00 ; file 1A957C
db 0x05, 0x09, 0x07, 0x00, 0x09, 0x10, 0x00, 0x17, 0x00, 0x18, 0x62, 0x36, 0x09, 0x1B, 0x00, 0x18 ; file 1A958C
db 0x6B, 0x36, 0x17, 0x00, 0x18, 0x62, 0x36, 0x09, 0x1C, 0x00, 0x18, 0x6B, 0x36, 0x17, 0x00, 0x18 ; file 1A959C
db 0x62, 0x36, 0x09, 0x1D, 0x00, 0x18, 0x6B, 0x36, 0x17, 0x00, 0x18, 0x62, 0x36, 0x09, 0x1E, 0x00 ; file 1A95AC
db 0x18, 0x6B, 0x36, 0x17, 0x00, 0x18, 0x62, 0x36, 0x09, 0x1F, 0x00, 0x18, 0x6B, 0x36, 0x17, 0x00 ; file 1A95BC
db 0x18, 0x62, 0x36, 0x09, 0x20, 0x00, 0x18, 0x6B, 0x36, 0x17, 0x00, 0x18, 0x62, 0x36, 0x09, 0x21 ; file 1A95CC
db 0x00, 0x18, 0x6B, 0x36, 0x17, 0x00, 0x05, 0x09, 0x07, 0x30, 0x18, 0x62, 0x36, 0x02, 0x1B, 0x4C ; file 1A95DC
db 0x09, 0x08, 0x30, 0x18, 0x6B, 0x36, 0x17, 0x00, 0x05, 0x09, 0x07, 0x30, 0x18, 0x62, 0x36, 0x09 ; file 1A95EC
db 0x02, 0x30, 0x18, 0x6B, 0x36, 0x17, 0x00, 0x08, 0x26, 0x4C, 0x4E, 0x2D, 0x00, 0x05, 0x09, 0x01 ; file 1A95FC
db 0x40, 0x18, 0x62, 0x36, 0x09, 0x00, 0x40, 0x18, 0x6B, 0x36, 0x1A, 0x00, 0x01, 0xB0, 0x62, 0x3A ; file 1A960C
db 0x08, 0x0C, 0x4C, 0x15, 0x65, 0x3A, 0x08, 0x00, 0x4C, 0x17, 0x00, 0x05, 0x09, 0x01, 0x40, 0x18 ; file 1A961C
db 0x62, 0x36, 0x09, 0x08, 0x40, 0x18, 0x6B, 0x36, 0x17, 0x00, 0x05, 0x09, 0x01, 0x40, 0x18, 0x62 ; file 1A962C
db 0x36, 0x09, 0x0D, 0x40, 0x18, 0x6B, 0x36, 0x17, 0x00, 0x05, 0x09, 0x02, 0x40, 0x18, 0x62, 0x36 ; file 1A963C
db 0x09, 0x0E, 0x40, 0x18, 0x6B, 0x36, 0x17, 0x00, 0x05, 0x09, 0x02, 0x40, 0x18, 0x62, 0x36, 0x09 ; file 1A964C
db 0x0F, 0x40, 0x18, 0x6B, 0x36, 0x17, 0x00, 0x05, 0x09, 0x02, 0x40, 0x18, 0x62, 0x36, 0x09, 0x10 ; file 1A965C
db 0x40, 0x18, 0x6B, 0x36, 0x17, 0x00, 0x31, 0x00, 0x00, 0x32, 0x00, 0x08, 0x29, 0x4C, 0x4E, 0xBE ; file 1A966C
db 0x00, 0x05, 0x09, 0x00, 0x34, 0x22, 0x49, 0x09, 0x0C, 0x34, 0x18, 0x6B, 0x36, 0x1A, 0x00, 0x01 ; file 1A967C
db 0xB0, 0xD5, 0x3A, 0x08, 0x0C, 0x4C, 0x15, 0xD8, 0x3A, 0x08, 0x00, 0x4C, 0x17, 0x00, 0x02, 0x28 ; file 1A968C
db 0x4C, 0x05, 0x09, 0x07, 0x34, 0x18, 0x62, 0x36, 0x09, 0x27, 0x34, 0x18, 0x6B, 0x36, 0x17, 0x00 ; file 1A969C
db 0x09, 0x0D, 0x34, 0x17, 0x00, 0x02, 0x16, 0x4C, 0x05, 0x09, 0x6D, 0x3C, 0x18, 0x62, 0x36, 0x09 ; file 1A96AC
db 0x56, 0x3C, 0x18, 0x6B, 0x36, 0x17, 0x00, 0x9A, 0x8E, 0x31, 0xB2, 0x13, 0x3B, 0x18, 0x6E, 0x37 ; file 1A96BC
db 0x96, 0x8E, 0x30, 0xB0, 0x15, 0xF8, 0x16, 0x9A, 0x8E, 0x31, 0xB5, 0x23, 0x3B, 0x18, 0x85, 0x39 ; file 1A96CC
db 0x96, 0x8E, 0x30, 0xB0, 0x15, 0x2D, 0x17, 0x9A, 0x8E, 0x34, 0xB6, 0x42, 0x3B, 0x09, 0x74, 0x28 ; file 1A96DC
db 0x18, 0x37, 0x38, 0x18, 0x46, 0x38, 0x18, 0x51, 0x38, 0x09, 0x75, 0x28, 0x18, 0x5C, 0x38, 0x96 ; file 1A96EC
db 0x8E, 0x30, 0xB0, 0x15, 0x92, 0x15, 0x9A, 0x8E, 0x34, 0xB4, 0x55, 0x3B, 0x18, 0x7D, 0x38, 0x18 ; file 1A96FC
db 0x8F, 0x38, 0x96, 0x8E, 0x30, 0xB0, 0x15, 0x92, 0x15, 0x9A, 0x8E, 0x34, 0xB3, 0x65, 0x3B, 0x18 ; file 1A970C
db 0x6B, 0x38, 0x96, 0x8E, 0x30, 0xB0, 0x15, 0x92, 0x15, 0x9A, 0x8E, 0x32, 0xB5, 0x75, 0x3B, 0x18 ; file 1A971C
db 0x4D, 0x37, 0x96, 0x8E, 0x30, 0xB0, 0x15, 0x7B, 0x14, 0x9A, 0x8E, 0x32, 0xB2, 0x85, 0x3B, 0x18 ; file 1A972C
db 0x29, 0x37, 0x96, 0x8E, 0x30, 0xB0, 0x15, 0x7B, 0x14, 0x9A, 0x8E, 0x31, 0xB8, 0x95, 0x3B, 0x18 ; file 1A973C
db 0x9E, 0x37, 0x96, 0x8E, 0x30, 0xB0, 0x15, 0x80, 0x13, 0x9A, 0x8E, 0x35, 0xB9, 0xA5, 0x3B, 0x18 ; file 1A974C
db 0x73, 0x39, 0x96, 0x8E, 0x30, 0xB0, 0x15, 0x3C, 0x34, 0x9A, 0x8E, 0x39, 0xB9, 0xB5, 0x3B, 0x09 ; file 1A975C
db 0x3D, 0x38, 0x96, 0x8E, 0x30, 0xB0, 0x15, 0x3C, 0x34, 0x9A, 0x8E, 0x35, 0xB1, 0xC5, 0x3B, 0x18 ; file 1A976C
db 0x1A, 0x37, 0x96, 0x8E, 0x30, 0xB0, 0x15, 0x74, 0x2F, 0x9A, 0x8E, 0x35, 0xB0, 0xD5, 0x3B, 0x18 ; file 1A977C
db 0x08, 0x37, 0x96, 0x8E, 0x30, 0xB0, 0x15, 0x9A, 0x2E, 0x9A, 0x8E, 0x35, 0xB4, 0xE5, 0x3B, 0x18 ; file 1A978C
db 0xF8, 0x37, 0x96, 0x8E, 0x30, 0xB0, 0x15, 0xD3, 0x31, 0x9A, 0x8E, 0x35, 0xB5, 0xF5, 0x3B, 0x18 ; file 1A979C
db 0x07, 0x38, 0x96, 0x8E, 0x30, 0xB0, 0x15, 0x19, 0x31, 0x9A, 0x8E, 0x35, 0xB6, 0x05, 0x3C, 0x18 ; file 1A97AC
db 0x7B, 0x36, 0x96, 0x8E, 0x30, 0xB0, 0x15, 0x19, 0x31, 0x9A, 0x8E, 0x37, 0xB3, 0x15, 0x3C, 0x18 ; file 1A97BC
db 0x15, 0x39, 0x96, 0x8E, 0x30, 0xB0, 0x15, 0x2D, 0x35, 0x9A, 0x8E, 0x37, 0xB4, 0x25, 0x3C, 0x18 ; file 1A97CC
db 0xF7, 0x38, 0x96, 0x8E, 0x30, 0xB0, 0x15, 0x2D, 0x35, 0x9A, 0x8E, 0x35, 0xB2, 0x35, 0x3C, 0x18 ; file 1A97DC
db 0x22, 0x3A, 0x96, 0x8E, 0x30, 0xB0, 0x15, 0x9B, 0x32, 0x9A, 0x8E, 0x35, 0xB3, 0x45, 0x3C, 0x18 ; file 1A97EC
db 0x34, 0x3A, 0x96, 0x8E, 0x30, 0xB0, 0x15, 0x9B, 0x32, 0x9A, 0x8E, 0x35, 0xB8, 0x55, 0x3C, 0x18 ; file 1A97FC
db 0x8A, 0x36, 0x96, 0x8E, 0x30, 0xB0, 0x15, 0x9F, 0x30, 0x9A, 0x8E, 0x35, 0xB7, 0x65, 0x3C, 0x18 ; file 1A980C
db 0x9E, 0x38, 0x96, 0x8E, 0x30, 0xB0, 0x15, 0xFC, 0x2F, 0x9A, 0x8E, 0x32, 0xB0, 0x75, 0x3C, 0x18 ; file 1A981C
db 0xB0, 0x37, 0x96, 0x8E, 0x30, 0xB0, 0x15, 0xCA, 0x0D, 0x9A, 0x8E, 0x31, 0xB9, 0x85, 0x3C, 0x18 ; file 1A982C
db 0xC2, 0x37, 0x96, 0x8E, 0x30, 0xB0, 0x15, 0xCA, 0x0D, 0x9A, 0x8E, 0x32, 0xB1, 0x95, 0x3C, 0x18 ; file 1A983C
db 0x28, 0x38, 0x96, 0x8E, 0x30, 0xB0, 0x15, 0xCA, 0x0D, 0x9A, 0x8E, 0x30, 0xB2, 0xB1, 0x3C, 0x09 ; file 1A984C
db 0x22, 0x14, 0x09, 0x21, 0x14, 0x18, 0xB0, 0x38, 0x96, 0x8E, 0x30, 0xB0, 0x09, 0x25, 0x14, 0x09 ; file 1A985C
db 0x26, 0x14, 0x15, 0x0D, 0x05, 0x9A, 0x8E, 0x32, 0xB7, 0xC1, 0x3C, 0x18, 0x67, 0x3A, 0x96, 0x8E ; file 1A986C
db 0x30, 0xB0, 0x15, 0x36, 0x0C, 0x9A, 0x8E, 0x32, 0xB8, 0xD1, 0x3C, 0x18, 0x76, 0x3A, 0x96, 0x8E ; file 1A987C
db 0x30, 0xB0, 0x15, 0x36, 0x0C, 0x9A, 0x8E, 0x34, 0xB2, 0xE7, 0x3C, 0x09, 0x06, 0x2C, 0x18, 0x64 ; file 1A988C
db 0x39, 0x09, 0x05, 0x2C, 0x96, 0x8E, 0x30, 0xB0, 0x15, 0xFA, 0x0B, 0x9A, 0x8E, 0x34, 0xB0, 0xF7 ; file 1A989C
db 0x3C, 0x18, 0x33, 0x39, 0x96, 0x8E, 0x30, 0xB0, 0x15, 0x88, 0x0A, 0x9A, 0x8E, 0x33, 0xB8, 0x07 ; file 1A98AC
db 0x3D, 0x18, 0x45, 0x39, 0x96, 0x8E, 0x30, 0xB0, 0x15, 0x88, 0x0A, 0x9A, 0x8E, 0x33, 0xB9, 0x1D ; file 1A98BC
db 0x3D, 0x09, 0x0F, 0x2C, 0x18, 0xB5, 0x39, 0x09, 0x0E, 0x2C, 0x96, 0x8E, 0x30, 0xB0, 0x15, 0x88 ; file 1A98CC
db 0x0A, 0x9A, 0x8E, 0x32, 0xB6, 0x2D, 0x3D, 0x18, 0x43, 0x3A, 0x96, 0x8E, 0x30, 0xB0, 0x15, 0x36 ; file 1A98DC
db 0x0C, 0x9A, 0x8E, 0x33, 0xB6, 0x3D, 0x3D, 0x18, 0xB2, 0x3A, 0x96, 0x8E, 0x30, 0xB0, 0x15, 0xCE ; file 1A98EC
db 0x22, 0x9A, 0x8E, 0x31, 0xB6, 0x4D, 0x3D, 0x18, 0xD4, 0x37, 0x96, 0x8E, 0x30, 0xB0, 0x15, 0x88 ; file 1A98FC
db 0x09, 0x9A, 0x8E, 0x31, 0xB7, 0x5D, 0x3D, 0x18, 0xE6, 0x37, 0x96, 0x8E, 0x30, 0xB0, 0x15, 0x88 ; file 1A990C
db 0x09, 0x9A, 0x8E, 0x30, 0xB3, 0x6D, 0x3D, 0x18, 0xD0, 0x38, 0x96, 0x8E, 0x30, 0xB0, 0x15, 0x93 ; file 1A991C
db 0x05, 0x9A, 0x8E, 0x30, 0xB4, 0x83, 0x3D, 0x09, 0x06, 0x14, 0x18, 0xE5, 0x38, 0x09, 0x05, 0x14 ; file 1A992C
db 0x96, 0x8E, 0x30, 0xB0, 0x15, 0x93, 0x05, 0x9A, 0x8E, 0x30, 0xB6, 0x93, 0x3D, 0x18, 0x9C, 0x36 ; file 1A993C
db 0x96, 0x8E, 0x30, 0xB0, 0x15, 0xEC, 0x0F, 0x9A, 0x8E, 0x31, 0xB1, 0xA3, 0x3D, 0x18, 0xF9, 0x36 ; file 1A994C
db 0x96, 0x8E, 0x30, 0xB0, 0x15, 0x36, 0x0F, 0x9A, 0x8E, 0x31, 0xB0, 0xB3, 0x3D, 0x18, 0xEA, 0x36 ; file 1A995C
db 0x96, 0x8E, 0x30, 0xB0, 0x15, 0x36, 0x0F, 0x9A, 0x8E, 0x30, 0xB8, 0xC3, 0x3D, 0x18, 0xCC, 0x36 ; file 1A996C
db 0x96, 0x8E, 0x30, 0xB0, 0x15, 0x36, 0x0F, 0x9A, 0x8E, 0x30, 0xB7, 0xD3, 0x3D, 0x18, 0xAB, 0x36 ; file 1A997C
db 0x96, 0x8E, 0x30, 0xB0, 0x15, 0x36, 0x0F, 0x9A, 0x8E, 0x30, 0xB5, 0xE3, 0x3D, 0x18, 0xBA, 0x36 ; file 1A998C
db 0x96, 0x8E, 0x30, 0xB0, 0x15, 0x36, 0x0F, 0x9A, 0x8E, 0x33, 0xB7, 0xF3, 0x3D, 0x18, 0xEC, 0x3A ; file 1A999C
db 0x96, 0x8E, 0x30, 0xB0, 0x15, 0x69, 0x2C, 0x03, 0x05, 0x09, 0x23, 0x00, 0x02, 0x43, 0x4C, 0x08 ; file 1A99AC
db 0x44, 0x4C, 0x4E, 0xB5, 0x04, 0x09, 0x23, 0x00, 0x08, 0x00, 0x00, 0x04, 0x03, 0x09, 0x16, 0x24 ; file 1A99BC
db 0x09, 0x15, 0x24, 0x4D, 0x03, 0x19, 0xB0, 0x04, 0x04, 0x23, 0x05, 0x01, 0xB0, 0x21, 0x3E, 0x4B ; file 1A99CC
db 0x00, 0x16, 0x09, 0x01, 0xB1, 0x03, 0x09, 0x05, 0x1C, 0x19, 0xB0, 0x04, 0x16, 0x08, 0x01, 0xB1 ; file 1A99DC
db 0x96, 0xFB, 0xE1, 0x96, 0xFA, 0xE1, 0x96, 0xF9, 0xE1, 0x96, 0xF8, 0xE1, 0x96, 0xF7, 0xE1, 0x96 ; file 1A99EC
db 0xF6, 0xE1, 0x96, 0xF5, 0xE1, 0x96, 0xF4, 0xE1, 0x96, 0xF3, 0xE1, 0x96, 0xF2, 0xE1, 0x96, 0xF1 ; file 1A99FC
db 0xE1, 0x96, 0xF0, 0xE1, 0x96, 0xEF, 0xE1, 0x96, 0xEE, 0xE1, 0x96, 0xED, 0xE1, 0x96, 0xEC, 0xE1 ; file 1A9A0C
db 0x96, 0xEB, 0xE1, 0x96, 0xEA, 0xE1, 0x96, 0xE9, 0xE1, 0x96, 0xE8, 0xE1, 0x96, 0xE7, 0xE1, 0x96 ; file 1A9A1C
db 0xF9, 0xE1, 0x96, 0xE5, 0xB1, 0x96, 0xE4, 0xB1, 0x96, 0xE3, 0xB1, 0x96, 0xE2, 0xB1, 0x96, 0xE1 ; file 1A9A2C
db 0xB1, 0x96, 0xE0, 0xB1, 0x96, 0xDF, 0xB1, 0x96, 0xDE, 0xB1, 0x96, 0xDD, 0xB1, 0x96, 0xDC, 0xB1 ; file 1A9A3C
db 0x96, 0xDB, 0xB1, 0x96, 0xDA, 0xB1, 0x96, 0xD9, 0xB1, 0x96, 0xD8, 0xB1, 0x96, 0xD7, 0xB1, 0x96 ; file 1A9A4C
db 0xD6, 0xB1, 0x96, 0xD5, 0xB1, 0x96, 0xD4, 0xB1, 0x96, 0xD3, 0xB1, 0x96, 0xD2, 0xB1, 0x96, 0xD1 ; file 1A9A5C
db 0xB1, 0x96, 0xD0, 0xB1, 0x96, 0xCF, 0xB1, 0x96, 0xCE, 0xB1, 0x96, 0xCD, 0xB1, 0x96, 0xCC, 0xB1 ; file 1A9A6C
db 0x96, 0xCB, 0xB1, 0x96, 0xCA, 0xB1, 0x96, 0xC9, 0xB1, 0x96, 0xC8, 0xB1, 0x96, 0xC7, 0xB1, 0x96 ; file 1A9A7C
db 0xC6, 0xB1, 0x96, 0xC5, 0xB1, 0x96, 0xC4, 0xB1, 0x96, 0xC3, 0xB1, 0x96, 0xC2, 0xB1, 0x96, 0xC1 ; file 1A9A8C
db 0xB1, 0x96, 0xC0, 0xB1, 0x96, 0xBF, 0xB1, 0x96, 0xBE, 0xB1, 0x96, 0xBD, 0xB1, 0x96, 0xBC, 0xB1 ; file 1A9A9C
db 0x96, 0xBB, 0xB1, 0x96, 0xBA, 0xB1, 0x96, 0xB9, 0xB1, 0x96, 0xB8, 0xB1, 0x96, 0xB7, 0xB1, 0x96 ; file 1A9AAC
db 0xB6, 0xB1, 0x96, 0xB5, 0xB1, 0x96, 0xB4, 0xB1, 0x96, 0xB3, 0xB1, 0x96, 0xB2, 0xB1, 0x96, 0xB1 ; file 1A9ABC
db 0xB1, 0x96, 0xB0, 0xB1, 0x96, 0xAF, 0xB1, 0x96, 0xAE, 0xB1, 0x96, 0xAD, 0xB1, 0x96, 0xAC, 0xB1 ; file 1A9ACC
db 0x96, 0xAB, 0xB1, 0x96, 0xAA, 0xB1, 0x96, 0xA9, 0xB1, 0x96, 0xA8, 0xB1, 0x96, 0xA7, 0xB1, 0x96 ; file 1A9ADC
db 0xA6, 0xB1, 0x96, 0xA5, 0xB1, 0x96, 0xA4, 0xB1, 0x96, 0xA3, 0xB1, 0x96, 0xA2, 0xB1, 0x96, 0xA1 ; file 1A9AEC
db 0xB1, 0x96, 0xA0, 0xB1, 0x96, 0x9F, 0xB1, 0x96, 0x9E, 0xB1, 0x96, 0x9D, 0xB1, 0x96, 0x9C, 0xB1 ; file 1A9AFC
db 0x96, 0x9B, 0xB1, 0x96, 0x9A, 0xB1, 0x96, 0x99, 0xB1, 0x96, 0x00, 0x4F, 0x50, 0x45, 0x4E, 0x40 ; file 1A9B0C
db 0x48, 0x4F, 0x55, 0x53, 0x45, 0xA4, 0x96, 0x8C, 0x30, 0xB1, 0x16, 0x07, 0x01, 0xA0, 0x2F, 0x19 ; file 1A9B1C
db 0x00, 0x1A, 0x09, 0x01, 0xB1, 0x79, 0x3F, 0x4B, 0x01, 0x16, 0x09, 0x01, 0xB0, 0x4D, 0x62, 0x15 ; file 1A9B2C
db 0x15, 0x00, 0x3F, 0x63, 0x72, 0x2E, 0x67, 0x72, 0x76, 0x00, 0x2C, 0xF1, 0x18, 0x08, 0x2D, 0x00 ; file 1A9B3C
db 0x00, 0x00, 0x44, 0x00, 0x00, 0x45, 0x00, 0x00, 0x1A, 0x02, 0x01, 0xB0, 0x9F, 0x3F, 0x17, 0x00 ; file 1A9B4C
db 0x15, 0xA8, 0x3F, 0x1A, 0x02, 0x01, 0xB1, 0xA8, 0x3F, 0x15, 0xF1, 0x18, 0x3F, 0x6D, 0x75, 0x2E ; file 1A9B5C
db 0x67, 0x72, 0x76, 0x00, 0x2C, 0xF1, 0x18, 0x08, 0x2D, 0x00, 0x00, 0x00, 0x44, 0x00, 0x00, 0x45 ; file 1A9B6C
db 0x00, 0x00, 0x1A, 0x02, 0x01, 0xB0, 0xC9, 0x3F, 0x17, 0x00, 0x15, 0xD2, 0x3F, 0x1A, 0x02, 0x01 ; file 1A9B7C
db 0xB1, 0xD2, 0x3F, 0x15, 0xF1, 0x18, 0x3F, 0x6A, 0x68, 0x2E, 0x67, 0x72, 0x76, 0x00, 0x2C, 0xF1 ; file 1A9B8C
db 0x18, 0x08, 0x2D, 0x00, 0x00, 0x00, 0x44, 0x00, 0x00, 0x45, 0x00, 0x00, 0x1A, 0x02, 0x01, 0xB0 ; file 1A9B9C
db 0xF3, 0x3F, 0x17, 0x00, 0x15, 0xFC, 0x3F, 0x1A, 0x02, 0x01, 0xB1, 0xFC, 0x3F, 0x15, 0xF1, 0x18 ; file 1A9BAC
db 0x3F, 0x6D, 0x61, 0x7A, 0x65, 0x2E, 0x67, 0x72, 0x76, 0x00, 0x2C, 0xF1, 0x18, 0x08, 0x2D, 0x00 ; file 1A9BBC
db 0x00, 0x00, 0x44, 0x00, 0x00, 0x45, 0x00, 0x00, 0x1A, 0x02, 0x01, 0xB0, 0x1F, 0x40, 0x17, 0x00 ; file 1A9BCC
db 0x15, 0x33, 0x40, 0x1A, 0x02, 0x01, 0xB1, 0x2B, 0x40, 0x15, 0xF1, 0x18, 0x15, 0x33, 0x40, 0x1A ; file 1A9BDC
db 0x02, 0x01, 0xB2, 0x33, 0x40, 0x17, 0x01, 0x3F, 0x67, 0x72, 0x61, 0x74, 0x65, 0x2E, 0x67, 0x72 ; file 1A9BEC
db 0x76, 0x00, 0x2C, 0xF1, 0x18, 0x08, 0x2D, 0x00, 0x00, 0x00, 0x44, 0x00, 0x00, 0x45, 0x00, 0x00 ; file 1A9BFC
db 0x1A, 0x02, 0x01, 0xB0, 0x57, 0x40, 0x17, 0x00, 0x15, 0x6B, 0x40, 0x1A, 0x02, 0x01, 0xB1, 0x63 ; file 1A9C0C
db 0x40, 0x15, 0xF1, 0x18, 0x15, 0x6B, 0x40, 0x1A, 0x02, 0x01, 0xB2, 0x6B, 0x40, 0x17, 0x01, 0x3F ; file 1A9C1C
db 0x64, 0x2E, 0x67, 0x72, 0x76, 0x00, 0x2C, 0xF1, 0x18, 0x08, 0x2D, 0x00, 0x00, 0x00, 0x44, 0x00 ; file 1A9C2C
db 0x00, 0x45, 0x00, 0x00, 0x1A, 0x02, 0x01, 0xB0, 0x8B, 0x40, 0x17, 0x00, 0x15, 0x94, 0x40, 0x1A ; file 1A9C3C
db 0x02, 0x01, 0xB1, 0x94, 0x40, 0x15, 0xF1, 0x18, 0x3F, 0x6E, 0x2E, 0x67, 0x72, 0x76, 0x00, 0x2C ; file 1A9C4C
db 0xF1, 0x18, 0x08, 0x2D, 0x00, 0x00, 0x00, 0x44, 0x00, 0x00, 0x45, 0x00, 0x00, 0x1A, 0x02, 0x01 ; file 1A9C5C
db 0xB0, 0xB4, 0x40, 0x17, 0x00, 0x15, 0xBD, 0x40, 0x1A, 0x02, 0x01, 0xB1, 0xBD, 0x40, 0x15, 0xF1 ; file 1A9C6C
db 0x18, 0x3F, 0x70, 0x2E, 0x67, 0x72, 0x76, 0x00, 0x2C, 0xF1, 0x18, 0x08, 0x2D, 0x00, 0x00, 0x00 ; file 1A9C7C
db 0x44, 0x00, 0x00, 0x45, 0x00, 0x00, 0x1A, 0x02, 0x01, 0xB0, 0xDD, 0x40, 0x17, 0x00, 0x15, 0xE6 ; file 1A9C8C
db 0x40, 0x1A, 0x02, 0x01, 0xB1, 0xE6, 0x40, 0x15, 0xF1, 0x18, 0x3F, 0x6D, 0x62, 0x2E, 0x67, 0x72 ; file 1A9C9C
db 0x76, 0x00, 0x2C, 0xF1, 0x18, 0x08, 0x2D, 0x00, 0x00, 0x00, 0x44, 0x00, 0x00, 0x45, 0x00, 0x00 ; file 1A9CAC
db 0x1A, 0x02, 0x01, 0xB0, 0x07, 0x41, 0x17, 0x00, 0x15, 0x10, 0x41, 0x1A, 0x02, 0x01, 0xB1, 0x10 ; file 1A9CBC
db 0x41, 0x15, 0xF1, 0x18, 0x3F, 0x66, 0x2E, 0x67, 0x72, 0x76, 0x00, 0x2C, 0xF1, 0x18, 0x08, 0x2D ; file 1A9CCC
db 0x00, 0x00, 0x00, 0x44, 0x00, 0x00, 0x45, 0x00, 0x00, 0x1A, 0x02, 0x01, 0xB0, 0x30, 0x41, 0x17 ; file 1A9CDC
db 0x00, 0x15, 0x39, 0x41, 0x1A, 0x02, 0x01, 0xB1, 0x39, 0x41, 0x15, 0xF1, 0x18, 0x3F, 0x6B, 0x2E ; file 1A9CEC
db 0x67, 0x72, 0x76, 0x00, 0x2C, 0xF1, 0x18, 0x08, 0x2D, 0x00, 0x00, 0x00, 0x44, 0x00, 0x00, 0x45 ; file 1A9CFC
db 0x00, 0x00, 0x1A, 0x02, 0x01, 0xB0, 0x59, 0x41, 0x17, 0x00, 0x15, 0x62, 0x41, 0x1A, 0x02, 0x01 ; file 1A9D0C
db 0xB1, 0x62, 0x41, 0x15, 0xF1, 0x18, 0x3F, 0x62, 0x2E, 0x67, 0x72, 0x76, 0x00, 0x2C, 0xF1, 0x18 ; file 1A9D1C
db 0x08, 0x2D, 0x00, 0x00, 0x00, 0x44, 0x00, 0x00, 0x45, 0x00, 0x00, 0x1A, 0x02, 0x01, 0xB0, 0x82 ; file 1A9D2C
db 0x41, 0x17, 0x00, 0x15, 0x8B, 0x41, 0x1A, 0x02, 0x01, 0xB1, 0x8B, 0x41, 0x15, 0xF1, 0x18, 0x3F ; file 1A9D3C
db 0x67, 0x61, 0x2E, 0x67, 0x72, 0x76, 0x00, 0x2C, 0xF1, 0x18, 0x08, 0x2D, 0x00, 0x00, 0x00, 0x44 ; file 1A9D4C
db 0x00, 0x00, 0x45, 0x00, 0x00, 0x1A, 0x02, 0x01, 0xB0, 0xAC, 0x41, 0x17, 0x00, 0x15, 0xB5, 0x41 ; file 1A9D5C
db 0x1A, 0x02, 0x01, 0xB1, 0xB5, 0x41, 0x15, 0xF1, 0x18, 0x3F, 0x65, 0x6B, 0x2E, 0x67, 0x72, 0x76 ; file 1A9D6C
db 0x00, 0x2C, 0xF1, 0x18, 0x08, 0x2D, 0x00, 0x00, 0x00, 0x44, 0x00, 0x00, 0x45, 0x00, 0x00, 0x1A ; file 1A9D7C
db 0x02, 0x01, 0xB0, 0xD6, 0x41, 0x17, 0x00, 0x15, 0xDF, 0x41, 0x1A, 0x02, 0x01, 0xB1, 0xDF, 0x41 ; file 1A9D8C
db 0x15, 0xF1, 0x18, 0x3F, 0x61, 0x74, 0x2E, 0x67, 0x72, 0x76, 0x00, 0x2C, 0xF1, 0x18, 0x08, 0x2D ; file 1A9D9C
db 0x00, 0x00, 0x00, 0x44, 0x00, 0x00, 0x45, 0x00, 0x00, 0x1A, 0x02, 0x01, 0xB0, 0x00, 0x42, 0x17 ; file 1A9DAC
db 0x00, 0x15, 0x09, 0x42, 0x1A, 0x02, 0x01, 0xB1, 0x09, 0x42, 0x15, 0xF1, 0x18, 0x3F, 0x6C, 0x69 ; file 1A9DBC
db 0x2E, 0x67, 0x72, 0x76, 0x00, 0x2C, 0xF1, 0x18, 0x08, 0x2D, 0x00, 0x00, 0x00, 0x44, 0x00, 0x00 ; file 1A9DCC
db 0x45, 0x00, 0x00, 0x1A, 0x02, 0x01, 0xB0, 0x2A, 0x42, 0x17, 0x00, 0x15, 0x33, 0x42, 0x1A, 0x02 ; file 1A9DDC
db 0x01, 0xB1, 0x33, 0x42, 0x15, 0xF1, 0x18, 0x3F, 0x68, 0x2E, 0x67, 0x72, 0x76, 0x00, 0x2C, 0xF1 ; file 1A9DEC
db 0x18, 0x08, 0x2D, 0x00, 0x00, 0x00, 0x44, 0x00, 0x00, 0x45, 0x00, 0x00, 0x1A, 0x02, 0x01, 0xB0 ; file 1A9DFC
db 0x53, 0x42, 0x17, 0x00, 0x15, 0x5C, 0x42, 0x1A, 0x02, 0x01, 0xB1, 0x5C, 0x42, 0x15, 0xF1, 0x18 ; file 1A9E0C
db 0x3F, 0x63, 0x68, 0x2E, 0x67, 0x72, 0x76, 0x00, 0x2C, 0xF1, 0x18, 0x08, 0x2D, 0x00, 0x00, 0x00 ; file 1A9E1C
db 0x44, 0x00, 0x00, 0x45, 0x00, 0x00, 0x1A, 0x02, 0x01, 0xB0, 0x7D, 0x42, 0x17, 0x00, 0x15, 0x86 ; file 1A9E2C
db 0x42, 0x1A, 0x02, 0x01, 0xB1, 0x86, 0x42, 0x15, 0xF1, 0x18, 0x3F, 0x68, 0x6D, 0x2E, 0x67, 0x72 ; file 1A9E3C
db 0x76, 0x00, 0x2C, 0xF1, 0x18, 0x08, 0x2D, 0x00, 0x00, 0x00, 0x44, 0x00, 0x00, 0x45, 0x00, 0x00 ; file 1A9E4C
db 0x1A, 0x02, 0x01, 0xB0, 0xA7, 0x42, 0x17, 0x00, 0x15, 0xB0, 0x42, 0x1A, 0x02, 0x01, 0xB1, 0xB0 ; file 1A9E5C
db 0x42, 0x15, 0xF1, 0x18, 0x3F, 0x6C, 0x61, 0x2E, 0x67, 0x72, 0x76, 0x00, 0x2C, 0xF1, 0x18, 0x08 ; file 1A9E6C
db 0x2D, 0x00, 0x00, 0x00, 0x44, 0x00, 0x00, 0x45, 0x00, 0x00, 0x1A, 0x02, 0x01, 0xB0, 0xD1, 0x42 ; file 1A9E7C
db 0x17, 0x00, 0x15, 0xDA, 0x42, 0x1A, 0x02, 0x01, 0xB1, 0xDA, 0x42, 0x15, 0xF1, 0x18, 0x3F, 0x64 ; file 1A9E8C
db 0x72, 0x2E, 0x67, 0x72, 0x76, 0x00, 0x2C, 0xF1, 0x18, 0x08, 0x2D, 0x00, 0x00, 0x00, 0x44, 0x00 ; file 1A9E9C
db 0x00, 0x45, 0x00, 0x00, 0x1A, 0x02, 0x01, 0xB0, 0xFB, 0x42, 0x17, 0x00, 0x15, 0x04, 0x43, 0x1A ; file 1A9EAC
db 0x02, 0x01, 0xB1, 0x04, 0x43, 0x15, 0xF1, 0x18, 0x1A, 0x09, 0x01, 0xB0, 0x19, 0x43, 0x23, 0x05 ; file 1A9EBC
db 0x01, 0xB0, 0x16, 0x43, 0x4B, 0x00, 0x16, 0x09, 0x01, 0xB1, 0x15, 0x25, 0x43, 0x1A, 0x09, 0x01 ; file 1A9ECC
db 0xB1, 0x25, 0x43, 0x4B, 0x01, 0x16, 0x09, 0x01, 0xB0, 0x17, 0x00 ; file 1A9EDC
