; Resource 'T7GM', ID 32313; name 'k.rl'; payload 16360 bytes
; MacBinary file offsets 17F556–183541 (inclusive).
; Linear CODE decoding is provisional: embedded data can decode as instructions.
db 0x00, 0x00, 0x3F, 0xE8, 0x6B, 0x31, 0x5F, 0x32, 0x2E, 0x76, 0x64, 0x78, 0x00, 0x78, 0x00, 0x00 ; file 17F556
db 0x00, 0x00, 0x00, 0x00, 0x46, 0x5D, 0x16, 0x00, 0x6B, 0x31, 0x5F, 0x36, 0x2E, 0x76, 0x64, 0x78 ; file 17F566
db 0x00, 0x78, 0x00, 0x00, 0x47, 0x5D, 0x16, 0x00, 0x24, 0x16, 0x06, 0x00, 0x6B, 0x32, 0x5F, 0x31 ; file 17F576
db 0x2E, 0x76, 0x64, 0x78, 0x00, 0x78, 0x00, 0x00, 0x6C, 0x73, 0x1C, 0x00, 0x73, 0x4A, 0x19, 0x00 ; file 17F586
db 0x6B, 0x32, 0x5F, 0x34, 0x2E, 0x76, 0x64, 0x78, 0x00, 0x78, 0x00, 0x00, 0xE0, 0xBD, 0x35, 0x00 ; file 17F596
db 0x54, 0x81, 0x06, 0x00, 0x6B, 0x32, 0x5F, 0x35, 0x2E, 0x76, 0x64, 0x78, 0x00, 0x78, 0x00, 0x00 ; file 17F5A6
db 0x35, 0x3F, 0x3C, 0x00, 0x52, 0xD0, 0x03, 0x00, 0x6B, 0x32, 0x5F, 0x37, 0x62, 0x2E, 0x76, 0x64 ; file 17F5B6
db 0x78, 0x00, 0x00, 0x00, 0x88, 0x0F, 0x40, 0x00, 0x8D, 0xBC, 0x08, 0x00, 0x6B, 0x32, 0x5F, 0x37 ; file 17F5C6
db 0x66, 0x2E, 0x76, 0x64, 0x78, 0x00, 0x00, 0x00, 0x16, 0xCC, 0x48, 0x00, 0x9A, 0xAD, 0x08, 0x00 ; file 17F5D6
db 0x6B, 0x33, 0x5F, 0x2E, 0x76, 0x64, 0x78, 0x00, 0x78, 0x00, 0x00, 0x00, 0xB1, 0x79, 0x51, 0x00 ; file 17F5E6
db 0x0E, 0xBB, 0x58, 0x00, 0x6B, 0x34, 0x5F, 0x2E, 0x76, 0x64, 0x78, 0x00, 0x78, 0x00, 0x00, 0x00 ; file 17F5F6
db 0xC0, 0x34, 0xAA, 0x00, 0x86, 0x47, 0x0B, 0x00, 0x6B, 0x35, 0x5F, 0x2E, 0x76, 0x64, 0x78, 0x00 ; file 17F606
db 0x78, 0x00, 0x00, 0x00, 0x47, 0x7C, 0xB5, 0x00, 0xE2, 0xC6, 0x12, 0x00, 0x6B, 0x36, 0x5F, 0x2E ; file 17F616
db 0x76, 0x64, 0x78, 0x00, 0x78, 0x00, 0x00, 0x00, 0x2A, 0x43, 0xC8, 0x00, 0xF9, 0x3B, 0x0F, 0x00 ; file 17F626
db 0x6B, 0x37, 0x5F, 0x2E, 0x76, 0x64, 0x78, 0x00, 0x78, 0x00, 0x00, 0x00, 0x24, 0x7F, 0xD7, 0x00 ; file 17F636
db 0x46, 0x3F, 0x29, 0x00, 0x6B, 0x5F, 0x31, 0x62, 0x61, 0x2E, 0x76, 0x64, 0x78, 0x00, 0x00, 0x00 ; file 17F646
db 0x6B, 0xBE, 0x00, 0x01, 0x60, 0x79, 0x1C, 0x00, 0x6B, 0x5F, 0x31, 0x66, 0x61, 0x2E, 0x76, 0x64 ; file 17F656
db 0x78, 0x00, 0x00, 0x00, 0xCC, 0x37, 0x1D, 0x01, 0x47, 0xA3, 0x1C, 0x00, 0x6B, 0x5F, 0x31, 0x74 ; file 17F666
db 0x62, 0x2E, 0x76, 0x64, 0x78, 0x00, 0x00, 0x00, 0x14, 0xDB, 0x39, 0x01, 0xD9, 0x99, 0x09, 0x00 ; file 17F676
db 0x6B, 0x5F, 0x31, 0x74, 0x66, 0x2E, 0x76, 0x64, 0x78, 0x00, 0x00, 0x00, 0xEE, 0x74, 0x43, 0x01 ; file 17F686
db 0x95, 0xA8, 0x09, 0x00, 0x6B, 0x5F, 0x32, 0x62, 0x61, 0x2E, 0x76, 0x64, 0x78, 0x00, 0x00, 0x00 ; file 17F696
db 0x84, 0x1D, 0x4D, 0x01, 0xBB, 0x59, 0x0A, 0x00, 0x6B, 0x5F, 0x32, 0x62, 0x62, 0x2E, 0x76, 0x64 ; file 17F6A6
db 0x78, 0x00, 0x00, 0x00, 0x40, 0x77, 0x57, 0x01, 0x08, 0x15, 0x0E, 0x00, 0x6B, 0x5F, 0x32, 0x62 ; file 17F6B6
db 0x63, 0x2E, 0x76, 0x64, 0x78, 0x00, 0x00, 0x00, 0x49, 0x8C, 0x65, 0x01, 0x28, 0x8A, 0x0C, 0x00 ; file 17F6C6
db 0x6B, 0x5F, 0x32, 0x62, 0x64, 0x2E, 0x76, 0x64, 0x78, 0x00, 0x00, 0x00, 0x72, 0x16, 0x72, 0x01 ; file 17F6D6
db 0xF3, 0xFB, 0x09, 0x00, 0x6B, 0x5F, 0x32, 0x66, 0x61, 0x2E, 0x76, 0x64, 0x78, 0x00, 0x00, 0x00 ; file 17F6E6
db 0x66, 0x12, 0x7C, 0x01, 0x6C, 0x77, 0x0A, 0x00, 0x6B, 0x5F, 0x32, 0x66, 0x62, 0x2E, 0x76, 0x64 ; file 17F6F6
db 0x78, 0x00, 0x00, 0x00, 0xD3, 0x89, 0x86, 0x01, 0xD6, 0x10, 0x0E, 0x00, 0x6B, 0x5F, 0x32, 0x66 ; file 17F706
db 0x63, 0x2E, 0x76, 0x64, 0x78, 0x00, 0x00, 0x00, 0xAA, 0x9A, 0x94, 0x01, 0xB9, 0xBB, 0x0C, 0x00 ; file 17F716
db 0x6B, 0x5F, 0x32, 0x66, 0x64, 0x2E, 0x76, 0x64, 0x78, 0x00, 0x00, 0x00, 0x64, 0x56, 0xA1, 0x01 ; file 17F726
db 0xAD, 0xF8, 0x09, 0x00, 0x6B, 0x5F, 0x73, 0x74, 0x2E, 0x76, 0x64, 0x78, 0x00, 0x00, 0x00, 0x00 ; file 17F736
db 0x12, 0x4F, 0xAB, 0x01, 0xB2, 0x63, 0x19, 0x00, 0x73, 0x68, 0x65, 0x6C, 0x66, 0x2E, 0x76, 0x64 ; file 17F746
db 0x78, 0x00, 0x00, 0x00, 0xC5, 0xB2, 0xC4, 0x01, 0xFE, 0x4C, 0x00, 0x00, 0x79, 0x62, 0x2E, 0x76 ; file 17F756
db 0x64, 0x78, 0x00, 0x64, 0x78, 0x00, 0x00, 0x00, 0xC4, 0xFF, 0xC4, 0x01, 0x0F, 0x07, 0x00, 0x00 ; file 17F766
db 0x79, 0x63, 0x2E, 0x76, 0x64, 0x78, 0x00, 0x64, 0x78, 0x00, 0x00, 0x00, 0xD4, 0x06, 0xC5, 0x01 ; file 17F776
db 0xE9, 0x07, 0x00, 0x00, 0x79, 0x67, 0x2E, 0x76, 0x64, 0x78, 0x00, 0x64, 0x78, 0x00, 0x00, 0x00 ; file 17F786
db 0xBE, 0x0E, 0xC5, 0x01, 0x51, 0x09, 0x00, 0x00, 0x79, 0x68, 0x2E, 0x76, 0x64, 0x78, 0x00, 0x64 ; file 17F796
db 0x78, 0x00, 0x00, 0x00, 0x10, 0x18, 0xC5, 0x01, 0xDE, 0x07, 0x00, 0x00, 0x79, 0x6C, 0x2E, 0x76 ; file 17F7A6
db 0x64, 0x78, 0x00, 0x64, 0x78, 0x00, 0x00, 0x00, 0xEF, 0x1F, 0xC5, 0x01, 0x45, 0x07, 0x00, 0x00 ; file 17F7B6
db 0x79, 0x6D, 0x2E, 0x76, 0x64, 0x78, 0x00, 0x64, 0x78, 0x00, 0x00, 0x00, 0x35, 0x27, 0xC5, 0x01 ; file 17F7C6
db 0x62, 0x07, 0x00, 0x00, 0x79, 0x70, 0x2E, 0x76, 0x64, 0x78, 0x00, 0x64, 0x78, 0x00, 0x00, 0x00 ; file 17F7D6
db 0x98, 0x2E, 0xC5, 0x01, 0x3D, 0x07, 0x00, 0x00, 0x79, 0x72, 0x2E, 0x76, 0x64, 0x78, 0x00, 0x64 ; file 17F7E6
db 0x78, 0x00, 0x00, 0x00, 0xD6, 0x35, 0xC5, 0x01, 0x19, 0x08, 0x00, 0x00, 0x79, 0x73, 0x2E, 0x76 ; file 17F7F6
db 0x64, 0x78, 0x00, 0x64, 0x78, 0x00, 0x00, 0x00, 0xF0, 0x3D, 0xC5, 0x01, 0x44, 0x08, 0x00, 0x00 ; file 17F806
db 0x79, 0x74, 0x2E, 0x76, 0x64, 0x78, 0x00, 0x64, 0x78, 0x00, 0x00, 0x00, 0x35, 0x46, 0xC5, 0x01 ; file 17F816
db 0xC4, 0x07, 0x00, 0x00, 0x79, 0x79, 0x2E, 0x76, 0x64, 0x78, 0x00, 0x64, 0x78, 0x00, 0x00, 0x00 ; file 17F826
db 0xFA, 0x4D, 0xC5, 0x01, 0x19, 0x07, 0x00, 0x00, 0x7A, 0x62, 0x2E, 0x76, 0x64, 0x78, 0x00, 0x64 ; file 17F836
db 0x78, 0x00, 0x00, 0x00, 0x14, 0x55, 0xC5, 0x01, 0xFB, 0x07, 0x00, 0x00, 0x7A, 0x63, 0x2E, 0x76 ; file 17F846
db 0x64, 0x78, 0x00, 0x64, 0x78, 0x00, 0x00, 0x00, 0x10, 0x5D, 0xC5, 0x01, 0x21, 0x0C, 0x00, 0x00 ; file 17F856
db 0x7A, 0x67, 0x2E, 0x76, 0x64, 0x78, 0x00, 0x64, 0x78, 0x00, 0x00, 0x00, 0x32, 0x69, 0xC5, 0x01 ; file 17F866
db 0x8D, 0x11, 0x00, 0x00, 0x7A, 0x68, 0x2E, 0x76, 0x64, 0x78, 0x00, 0x64, 0x78, 0x00, 0x00, 0x00 ; file 17F876
db 0xC0, 0x7A, 0xC5, 0x01, 0x70, 0x0E, 0x00, 0x00, 0x7A, 0x6C, 0x2E, 0x76, 0x64, 0x78, 0x00, 0x64 ; file 17F886
db 0x78, 0x00, 0x00, 0x00, 0x31, 0x89, 0xC5, 0x01, 0x12, 0x0A, 0x00, 0x00, 0x7A, 0x6D, 0x2E, 0x76 ; file 17F896
db 0x64, 0x78, 0x00, 0x64, 0x78, 0x00, 0x00, 0x00, 0x44, 0x93, 0xC5, 0x01, 0xC8, 0x08, 0x00, 0x00 ; file 17F8A6
db 0x7A, 0x70, 0x2E, 0x76, 0x64, 0x78, 0x00, 0x64, 0x78, 0x00, 0x00, 0x00, 0x0D, 0x9C, 0xC5, 0x01 ; file 17F8B6
db 0x2C, 0x0A, 0x00, 0x00, 0x7A, 0x72, 0x2E, 0x76, 0x64, 0x78, 0x00, 0x64, 0x78, 0x00, 0x00, 0x00 ; file 17F8C6
db 0x3A, 0xA6, 0xC5, 0x01, 0x80, 0x0D, 0x00, 0x00, 0x7A, 0x73, 0x2E, 0x76, 0x64, 0x78, 0x00, 0x64 ; file 17F8D6
db 0x78, 0x00, 0x00, 0x00, 0xBB, 0xB3, 0xC5, 0x01, 0x4C, 0x0F, 0x00, 0x00, 0x7A, 0x74, 0x2E, 0x76 ; file 17F8E6
db 0x64, 0x78, 0x00, 0x64, 0x78, 0x00, 0x00, 0x00, 0x08, 0xC3, 0xC5, 0x01, 0x4F, 0x0A, 0x00, 0x00 ; file 17F8F6
db 0x7A, 0x79, 0x2E, 0x76, 0x64, 0x78, 0x00, 0x64, 0x78, 0x00, 0x00, 0x00, 0x58, 0xCD, 0xC5, 0x01 ; file 17F906
db 0x8C, 0x07, 0x00, 0x00, 0x62, 0x30, 0x30, 0x62, 0x2E, 0x76, 0x64, 0x78, 0x00, 0x00, 0x00, 0x00 ; file 17F916
db 0xE5, 0xD4, 0xC5, 0x01, 0x3F, 0x23, 0x00, 0x00, 0x62, 0x30, 0x30, 0x66, 0x2E, 0x76, 0x64, 0x78 ; file 17F926
db 0x00, 0x00, 0x00, 0x00, 0x25, 0xF8, 0xC5, 0x01, 0xD0, 0x21, 0x00, 0x00, 0x62, 0x30, 0x31, 0x62 ; file 17F936
db 0x2E, 0x76, 0x64, 0x78, 0x00, 0x00, 0x00, 0x00, 0xF6, 0x19, 0xC6, 0x01, 0xA4, 0x25, 0x00, 0x00 ; file 17F946
db 0x62, 0x30, 0x31, 0x66, 0x2E, 0x76, 0x64, 0x78, 0x00, 0x00, 0x00, 0x00, 0x9B, 0x3F, 0xC6, 0x01 ; file 17F956
db 0x56, 0x24, 0x00, 0x00, 0x62, 0x30, 0x32, 0x62, 0x2E, 0x76, 0x64, 0x78, 0x00, 0x00, 0x00, 0x00 ; file 17F966
db 0xF2, 0x63, 0xC6, 0x01, 0xA5, 0x24, 0x00, 0x00, 0x62, 0x30, 0x32, 0x66, 0x2E, 0x76, 0x64, 0x78 ; file 17F976
db 0x00, 0x00, 0x00, 0x00, 0x98, 0x88, 0xC6, 0x01, 0x2F, 0x23, 0x00, 0x00, 0x62, 0x30, 0x33, 0x62 ; file 17F986
db 0x2E, 0x76, 0x64, 0x78, 0x00, 0x00, 0x00, 0x00, 0xC8, 0xAB, 0xC6, 0x01, 0x4E, 0x32, 0x00, 0x00 ; file 17F996
db 0x62, 0x30, 0x33, 0x66, 0x2E, 0x76, 0x64, 0x78, 0x00, 0x00, 0x00, 0x00, 0x17, 0xDE, 0xC6, 0x01 ; file 17F9A6
db 0xFB, 0x30, 0x00, 0x00, 0x62, 0x30, 0x34, 0x62, 0x2E, 0x76, 0x64, 0x78, 0x00, 0x00, 0x00, 0x00 ; file 17F9B6
db 0x13, 0x0F, 0xC7, 0x01, 0x8B, 0x33, 0x00, 0x00, 0x62, 0x30, 0x34, 0x66, 0x2E, 0x76, 0x64, 0x78 ; file 17F9C6
db 0x00, 0x00, 0x00, 0x00, 0x9F, 0x42, 0xC7, 0x01, 0x6D, 0x31, 0x00, 0x00, 0x62, 0x30, 0x35, 0x62 ; file 17F9D6
db 0x2E, 0x76, 0x64, 0x78, 0x00, 0x00, 0x00, 0x00, 0x0D, 0x74, 0xC7, 0x01, 0x95, 0x2F, 0x00, 0x00 ; file 17F9E6
db 0x62, 0x30, 0x35, 0x66, 0x2E, 0x76, 0x64, 0x78, 0x00, 0x00, 0x00, 0x00, 0xA3, 0xA3, 0xC7, 0x01 ; file 17F9F6
db 0x71, 0x2D, 0x00, 0x00, 0x62, 0x30, 0x36, 0x62, 0x2E, 0x76, 0x64, 0x78, 0x00, 0x00, 0x00, 0x00 ; file 17FA06
db 0x15, 0xD1, 0xC7, 0x01, 0x46, 0x2E, 0x00, 0x00, 0x62, 0x30, 0x36, 0x66, 0x2E, 0x76, 0x64, 0x78 ; file 17FA16
db 0x00, 0x00, 0x00, 0x00, 0x5C, 0xFF, 0xC7, 0x01, 0x40, 0x2C, 0x00, 0x00, 0x62, 0x30, 0x37, 0x62 ; file 17FA26
db 0x2E, 0x76, 0x64, 0x78, 0x00, 0x00, 0x00, 0x00, 0x9D, 0x2B, 0xC8, 0x01, 0x65, 0x2C, 0x00, 0x00 ; file 17FA36
db 0x62, 0x30, 0x37, 0x66, 0x2E, 0x76, 0x64, 0x78, 0x00, 0x00, 0x00, 0x00, 0x03, 0x58, 0xC8, 0x01 ; file 17FA46
db 0x7A, 0x2A, 0x00, 0x00, 0x62, 0x30, 0x38, 0x62, 0x2E, 0x76, 0x64, 0x78, 0x00, 0x00, 0x00, 0x00 ; file 17FA56
db 0x7E, 0x82, 0xC8, 0x01, 0x79, 0x2C, 0x00, 0x00, 0x62, 0x30, 0x38, 0x66, 0x2E, 0x76, 0x64, 0x78 ; file 17FA66
db 0x00, 0x00, 0x00, 0x00, 0xF8, 0xAE, 0xC8, 0x01, 0x7B, 0x2A, 0x00, 0x00, 0x62, 0x30, 0x39, 0x62 ; file 17FA76
db 0x2E, 0x76, 0x64, 0x78, 0x00, 0x00, 0x00, 0x00, 0x74, 0xD9, 0xC8, 0x01, 0x8E, 0x2D, 0x00, 0x00 ; file 17FA86
db 0x62, 0x30, 0x39, 0x66, 0x2E, 0x76, 0x64, 0x78, 0x00, 0x00, 0x00, 0x00, 0x03, 0x07, 0xC9, 0x01 ; file 17FA96
db 0x8C, 0x2B, 0x00, 0x00, 0x62, 0x31, 0x30, 0x62, 0x2E, 0x76, 0x64, 0x78, 0x00, 0x00, 0x00, 0x00 ; file 17FAA6
db 0x90, 0x32, 0xC9, 0x01, 0x48, 0x30, 0x00, 0x00, 0x62, 0x31, 0x30, 0x66, 0x2E, 0x76, 0x64, 0x78 ; file 17FAB6
db 0x00, 0x00, 0x00, 0x00, 0xD9, 0x62, 0xC9, 0x01, 0x1E, 0x2E, 0x00, 0x00, 0x62, 0x31, 0x31, 0x62 ; file 17FAC6
db 0x2E, 0x76, 0x64, 0x78, 0x00, 0x00, 0x00, 0x00, 0xF8, 0x90, 0xC9, 0x01, 0xF9, 0x30, 0x00, 0x00 ; file 17FAD6
db 0x62, 0x31, 0x31, 0x66, 0x2E, 0x76, 0x64, 0x78, 0x00, 0x00, 0x00, 0x00, 0xF2, 0xC1, 0xC9, 0x01 ; file 17FAE6
db 0x0C, 0x2F, 0x00, 0x00, 0x62, 0x31, 0x32, 0x62, 0x2E, 0x76, 0x64, 0x78, 0x00, 0x00, 0x00, 0x00 ; file 17FAF6
db 0xFF, 0xF0, 0xC9, 0x01, 0xBC, 0x2E, 0x00, 0x00, 0x62, 0x31, 0x32, 0x66, 0x2E, 0x76, 0x64, 0x78 ; file 17FB06
db 0x00, 0x00, 0x00, 0x00, 0xBC, 0x1F, 0xCA, 0x01, 0x06, 0x2E, 0x00, 0x00, 0x62, 0x31, 0x33, 0x62 ; file 17FB16
db 0x2E, 0x76, 0x64, 0x78, 0x00, 0x00, 0x00, 0x00, 0xC3, 0x4D, 0xCA, 0x01, 0xC8, 0x35, 0x00, 0x00 ; file 17FB26
db 0x62, 0x31, 0x33, 0x66, 0x2E, 0x76, 0x64, 0x78, 0x00, 0x00, 0x00, 0x00, 0x8C, 0x83, 0xCA, 0x01 ; file 17FB36
db 0xBC, 0x33, 0x00, 0x00, 0x62, 0x31, 0x34, 0x62, 0x2E, 0x76, 0x64, 0x78, 0x00, 0x00, 0x00, 0x00 ; file 17FB46
db 0x49, 0xB7, 0xCA, 0x01, 0x49, 0x33, 0x00, 0x00, 0x62, 0x31, 0x34, 0x66, 0x2E, 0x76, 0x64, 0x78 ; file 17FB56
db 0x00, 0x00, 0x00, 0x00, 0x93, 0xEA, 0xCA, 0x01, 0xE7, 0x31, 0x00, 0x00, 0x62, 0x31, 0x35, 0x62 ; file 17FB66
db 0x2E, 0x76, 0x64, 0x78, 0x00, 0x00, 0x00, 0x00, 0x7B, 0x1C, 0xCB, 0x01, 0x8F, 0x2E, 0x00, 0x00 ; file 17FB76
db 0x62, 0x31, 0x35, 0x66, 0x2E, 0x76, 0x64, 0x78, 0x00, 0x00, 0x00, 0x00, 0x0B, 0x4B, 0xCB, 0x01 ; file 17FB86
db 0x23, 0x2D, 0x00, 0x00, 0x62, 0x31, 0x36, 0x62, 0x2E, 0x76, 0x64, 0x78, 0x00, 0x00, 0x00, 0x00 ; file 17FB96
db 0x2F, 0x78, 0xCB, 0x01, 0x70, 0x2E, 0x00, 0x00, 0x62, 0x31, 0x36, 0x66, 0x2E, 0x76, 0x64, 0x78 ; file 17FBA6
db 0x00, 0x00, 0x00, 0x00, 0xA0, 0xA6, 0xCB, 0x01, 0xCE, 0x2C, 0x00, 0x00, 0x62, 0x31, 0x37, 0x62 ; file 17FBB6
db 0x2E, 0x76, 0x64, 0x78, 0x00, 0x00, 0x00, 0x00, 0x6F, 0xD3, 0xCB, 0x01, 0x91, 0x2B, 0x00, 0x00 ; file 17FBC6
db 0x62, 0x31, 0x37, 0x66, 0x2E, 0x76, 0x64, 0x78, 0x00, 0x00, 0x00, 0x00, 0x01, 0xFF, 0xCB, 0x01 ; file 17FBD6
db 0x39, 0x2A, 0x00, 0x00, 0x62, 0x31, 0x38, 0x62, 0x2E, 0x76, 0x64, 0x78, 0x00, 0x00, 0x00, 0x00 ; file 17FBE6
db 0x3B, 0x29, 0xCC, 0x01, 0x0D, 0x2B, 0x00, 0x00, 0x62, 0x31, 0x38, 0x66, 0x2E, 0x76, 0x64, 0x78 ; file 17FBF6
db 0x00, 0x00, 0x00, 0x00, 0x49, 0x54, 0xCC, 0x01, 0x98, 0x29, 0x00, 0x00, 0x62, 0x31, 0x39, 0x62 ; file 17FC06
db 0x2E, 0x76, 0x64, 0x78, 0x00, 0x00, 0x00, 0x00, 0xE2, 0x7D, 0xCC, 0x01, 0xF6, 0x2B, 0x00, 0x00 ; file 17FC16
db 0x62, 0x31, 0x39, 0x66, 0x2E, 0x76, 0x64, 0x78, 0x00, 0x00, 0x00, 0x00, 0xD9, 0xA9, 0xCC, 0x01 ; file 17FC26
db 0x53, 0x2A, 0x00, 0x00, 0x62, 0x32, 0x30, 0x62, 0x2E, 0x76, 0x64, 0x78, 0x00, 0x00, 0x00, 0x00 ; file 17FC36
db 0x2D, 0xD4, 0xCC, 0x01, 0xF4, 0x2D, 0x00, 0x00, 0x62, 0x32, 0x30, 0x66, 0x2E, 0x76, 0x64, 0x78 ; file 17FC46
db 0x00, 0x00, 0x00, 0x00, 0x22, 0x02, 0xCD, 0x01, 0xFF, 0x2B, 0x00, 0x00, 0x62, 0x32, 0x31, 0x62 ; file 17FC56
db 0x2E, 0x76, 0x64, 0x78, 0x00, 0x00, 0x00, 0x00, 0x22, 0x2E, 0xCD, 0x01, 0x8C, 0x2F, 0x00, 0x00 ; file 17FC66
db 0x62, 0x32, 0x31, 0x66, 0x2E, 0x76, 0x64, 0x78, 0x00, 0x00, 0x00, 0x00, 0xAF, 0x5D, 0xCD, 0x01 ; file 17FC76
db 0x87, 0x2D, 0x00, 0x00, 0x62, 0x32, 0x32, 0x62, 0x2E, 0x76, 0x64, 0x78, 0x00, 0x00, 0x00, 0x00 ; file 17FC86
db 0x37, 0x8B, 0xCD, 0x01, 0x5C, 0x32, 0x00, 0x00, 0x62, 0x32, 0x32, 0x66, 0x2E, 0x76, 0x64, 0x78 ; file 17FC96
db 0x00, 0x00, 0x00, 0x00, 0x94, 0xBD, 0xCD, 0x01, 0x91, 0x30, 0x00, 0x00, 0x62, 0x32, 0x33, 0x62 ; file 17FCA6
db 0x2E, 0x76, 0x64, 0x78, 0x00, 0x00, 0x00, 0x00, 0x26, 0xEE, 0xCD, 0x01, 0x47, 0x33, 0x00, 0x00 ; file 17FCB6
db 0x62, 0x32, 0x33, 0x66, 0x2E, 0x76, 0x64, 0x78, 0x00, 0x00, 0x00, 0x00, 0x6E, 0x21, 0xCE, 0x01 ; file 17FCC6
db 0xA0, 0x31, 0x00, 0x00, 0x62, 0x32, 0x34, 0x62, 0x2E, 0x76, 0x64, 0x78, 0x00, 0x00, 0x00, 0x00 ; file 17FCD6
db 0x0F, 0x53, 0xCE, 0x01, 0xF3, 0x34, 0x00, 0x00, 0x62, 0x32, 0x34, 0x66, 0x2E, 0x76, 0x64, 0x78 ; file 17FCE6
db 0x00, 0x00, 0x00, 0x00, 0x03, 0x88, 0xCE, 0x01, 0xE4, 0x33, 0x00, 0x00, 0x62, 0x32, 0x35, 0x62 ; file 17FCF6
db 0x2E, 0x76, 0x64, 0x78, 0x00, 0x00, 0x00, 0x00, 0xE8, 0xBB, 0xCE, 0x01, 0xC4, 0x30, 0x00, 0x00 ; file 17FD06
db 0x62, 0x32, 0x35, 0x66, 0x2E, 0x76, 0x64, 0x78, 0x00, 0x00, 0x00, 0x00, 0xAD, 0xEC, 0xCE, 0x01 ; file 17FD16
db 0xE4, 0x2F, 0x00, 0x00, 0x62, 0x32, 0x36, 0x62, 0x2E, 0x76, 0x64, 0x78, 0x00, 0x00, 0x00, 0x00 ; file 17FD26
db 0x92, 0x1C, 0xCF, 0x01, 0x67, 0x2E, 0x00, 0x00, 0x62, 0x32, 0x36, 0x66, 0x2E, 0x76, 0x64, 0x78 ; file 17FD36
db 0x00, 0x00, 0x00, 0x00, 0xFA, 0x4A, 0xCF, 0x01, 0xBB, 0x2D, 0x00, 0x00, 0x62, 0x32, 0x37, 0x62 ; file 17FD46
db 0x2E, 0x76, 0x64, 0x78, 0x00, 0x00, 0x00, 0x00, 0xB6, 0x78, 0xCF, 0x01, 0xC4, 0x2C, 0x00, 0x00 ; file 17FD56
db 0x62, 0x32, 0x37, 0x66, 0x2E, 0x76, 0x64, 0x78, 0x00, 0x00, 0x00, 0x00, 0x7B, 0xA5, 0xCF, 0x01 ; file 17FD66
db 0x04, 0x2C, 0x00, 0x00, 0x62, 0x32, 0x38, 0x62, 0x2E, 0x76, 0x64, 0x78, 0x00, 0x00, 0x00, 0x00 ; file 17FD76
db 0x80, 0xD1, 0xCF, 0x01, 0xEB, 0x2B, 0x00, 0x00, 0x62, 0x32, 0x38, 0x66, 0x2E, 0x76, 0x64, 0x78 ; file 17FD86
db 0x00, 0x00, 0x00, 0x00, 0x6C, 0xFD, 0xCF, 0x01, 0xC3, 0x2B, 0x00, 0x00, 0x62, 0x32, 0x39, 0x62 ; file 17FD96
db 0x2E, 0x76, 0x64, 0x78, 0x00, 0x00, 0x00, 0x00, 0x30, 0x29, 0xD0, 0x01, 0xD8, 0x2A, 0x00, 0x00 ; file 17FDA6
db 0x62, 0x32, 0x39, 0x66, 0x2E, 0x76, 0x64, 0x78, 0x00, 0x00, 0x00, 0x00, 0x09, 0x54, 0xD0, 0x01 ; file 17FDB6
db 0xAE, 0x2A, 0x00, 0x00, 0x62, 0x33, 0x30, 0x62, 0x2E, 0x76, 0x64, 0x78, 0x00, 0x00, 0x00, 0x00 ; file 17FDC6
db 0xB8, 0x7E, 0xD0, 0x01, 0x72, 0x2C, 0x00, 0x00, 0x62, 0x33, 0x30, 0x66, 0x2E, 0x76, 0x64, 0x78 ; file 17FDD6
db 0x00, 0x00, 0x00, 0x00, 0x2B, 0xAB, 0xD0, 0x01, 0x87, 0x2B, 0x00, 0x00, 0x62, 0x33, 0x31, 0x62 ; file 17FDE6
db 0x2E, 0x76, 0x64, 0x78, 0x00, 0x00, 0x00, 0x00, 0xB3, 0xD6, 0xD0, 0x01, 0x7C, 0x31, 0x00, 0x00 ; file 17FDF6
db 0x62, 0x33, 0x31, 0x66, 0x2E, 0x76, 0x64, 0x78, 0x00, 0x00, 0x00, 0x00, 0x30, 0x08, 0xD1, 0x01 ; file 17FE06
db 0xF6, 0x2F, 0x00, 0x00, 0x62, 0x33, 0x32, 0x62, 0x2E, 0x76, 0x64, 0x78, 0x00, 0x00, 0x00, 0x00 ; file 17FE16
db 0x27, 0x38, 0xD1, 0x01, 0xCA, 0x35, 0x00, 0x00, 0x62, 0x33, 0x32, 0x66, 0x2E, 0x76, 0x64, 0x78 ; file 17FE26
db 0x00, 0x00, 0x00, 0x00, 0xF2, 0x6D, 0xD1, 0x01, 0x51, 0x34, 0x00, 0x00, 0x63, 0x30, 0x30, 0x62 ; file 17FE36
db 0x2E, 0x76, 0x64, 0x78, 0x00, 0x00, 0x00, 0x00, 0x44, 0xA2, 0xD1, 0x01, 0x51, 0x33, 0x00, 0x00 ; file 17FE46
db 0x63, 0x30, 0x30, 0x66, 0x2E, 0x76, 0x64, 0x78, 0x00, 0x00, 0x00, 0x00, 0x96, 0xD5, 0xD1, 0x01 ; file 17FE56
db 0xE4, 0x32, 0x00, 0x00, 0x63, 0x30, 0x31, 0x62, 0x2E, 0x76, 0x64, 0x78, 0x00, 0x00, 0x00, 0x00 ; file 17FE66
db 0x7B, 0x08, 0xD2, 0x01, 0x1E, 0x30, 0x00, 0x00, 0x63, 0x30, 0x31, 0x66, 0x2E, 0x76, 0x64, 0x78 ; file 17FE76
db 0x00, 0x00, 0x00, 0x00, 0x9A, 0x38, 0xD2, 0x01, 0x3D, 0x30, 0x00, 0x00, 0x63, 0x30, 0x32, 0x62 ; file 17FE86
db 0x2E, 0x76, 0x64, 0x78, 0x00, 0x00, 0x00, 0x00, 0xD8, 0x68, 0xD2, 0x01, 0x24, 0x2E, 0x00, 0x00 ; file 17FE96
db 0x63, 0x30, 0x32, 0x66, 0x2E, 0x76, 0x64, 0x78, 0x00, 0x00, 0x00, 0x00, 0xFD, 0x96, 0xD2, 0x01 ; file 17FEA6
db 0xBA, 0x2D, 0x00, 0x00, 0x63, 0x30, 0x33, 0x62, 0x2E, 0x76, 0x64, 0x78, 0x00, 0x00, 0x00, 0x00 ; file 17FEB6
db 0xB8, 0xC4, 0xD2, 0x01, 0x46, 0x3C, 0x00, 0x00, 0x63, 0x30, 0x33, 0x66, 0x2E, 0x76, 0x64, 0x78 ; file 17FEC6
db 0x00, 0x00, 0x00, 0x00, 0xFF, 0x00, 0xD3, 0x01, 0x8B, 0x3C, 0x00, 0x00, 0x63, 0x30, 0x34, 0x62 ; file 17FED6
db 0x2E, 0x76, 0x64, 0x78, 0x00, 0x00, 0x00, 0x00, 0x8B, 0x3D, 0xD3, 0x01, 0x5E, 0x3C, 0x00, 0x00 ; file 17FEE6
db 0x63, 0x30, 0x34, 0x66, 0x2E, 0x76, 0x64, 0x78, 0x00, 0x00, 0x00, 0x00, 0xEA, 0x79, 0xD3, 0x01 ; file 17FEF6
db 0x8B, 0x3C, 0x00, 0x00, 0x63, 0x30, 0x35, 0x62, 0x2E, 0x76, 0x64, 0x78, 0x00, 0x00, 0x00, 0x00 ; file 17FF06
db 0x76, 0xB6, 0xD3, 0x01, 0x37, 0x3B, 0x00, 0x00, 0x63, 0x30, 0x35, 0x66, 0x2E, 0x76, 0x64, 0x78 ; file 17FF16
db 0x00, 0x00, 0x00, 0x00, 0xAE, 0xF1, 0xD3, 0x01, 0x7C, 0x3B, 0x00, 0x00, 0x63, 0x30, 0x36, 0x62 ; file 17FF26
db 0x2E, 0x76, 0x64, 0x78, 0x00, 0x00, 0x00, 0x00, 0x2B, 0x2D, 0xD4, 0x01, 0x97, 0x39, 0x00, 0x00 ; file 17FF36
db 0x63, 0x30, 0x36, 0x66, 0x2E, 0x76, 0x64, 0x78, 0x00, 0x00, 0x00, 0x00, 0xC3, 0x66, 0xD4, 0x01 ; file 17FF46
db 0x0A, 0x3A, 0x00, 0x00, 0x63, 0x30, 0x37, 0x62, 0x2E, 0x76, 0x64, 0x78, 0x00, 0x00, 0x00, 0x00 ; file 17FF56
db 0xCE, 0xA0, 0xD4, 0x01, 0xDB, 0x3B, 0x00, 0x00, 0x63, 0x30, 0x37, 0x66, 0x2E, 0x76, 0x64, 0x78 ; file 17FF66
db 0x00, 0x00, 0x00, 0x00, 0xAA, 0xDC, 0xD4, 0x01, 0x28, 0x3C, 0x00, 0x00, 0x63, 0x30, 0x38, 0x62 ; file 17FF76
db 0x2E, 0x76, 0x64, 0x78, 0x00, 0x00, 0x00, 0x00, 0xD3, 0x18, 0xD5, 0x01, 0x40, 0x3A, 0x00, 0x00 ; file 17FF86
db 0x63, 0x30, 0x38, 0x66, 0x2E, 0x76, 0x64, 0x78, 0x00, 0x00, 0x00, 0x00, 0x14, 0x53, 0xD5, 0x01 ; file 17FF96
db 0xAE, 0x3A, 0x00, 0x00, 0x63, 0x30, 0x39, 0x62, 0x2E, 0x76, 0x64, 0x78, 0x00, 0x00, 0x00, 0x00 ; file 17FFA6
db 0xC3, 0x8D, 0xD5, 0x01, 0xC3, 0x3B, 0x00, 0x00, 0x63, 0x30, 0x39, 0x66, 0x2E, 0x76, 0x64, 0x78 ; file 17FFB6
db 0x00, 0x00, 0x00, 0x00, 0x87, 0xC9, 0xD5, 0x01, 0xC1, 0x3B, 0x00, 0x00, 0x63, 0x31, 0x30, 0x62 ; file 17FFC6
db 0x2E, 0x76, 0x64, 0x78, 0x00, 0x00, 0x00, 0x00, 0x49, 0x05, 0xD6, 0x01, 0x75, 0x3C, 0x00, 0x00 ; file 17FFD6
db 0x63, 0x31, 0x30, 0x66, 0x2E, 0x76, 0x64, 0x78, 0x00, 0x00, 0x00, 0x00, 0xBF, 0x41, 0xD6, 0x01 ; file 17FFE6
db 0x41, 0x3C, 0x00, 0x00, 0x63, 0x31, 0x31, 0x62, 0x2E, 0x76, 0x64, 0x78, 0x00, 0x00, 0x00, 0x00 ; file 17FFF6
db 0x01, 0x7E, 0xD6, 0x01, 0x5F, 0x3B, 0x00, 0x00, 0x63, 0x31, 0x31, 0x66, 0x2E, 0x76, 0x64, 0x78 ; file 180006
db 0x00, 0x00, 0x00, 0x00, 0x61, 0xB9, 0xD6, 0x01, 0x91, 0x3B, 0x00, 0x00, 0x63, 0x31, 0x32, 0x62 ; file 180016
db 0x2E, 0x76, 0x64, 0x78, 0x00, 0x00, 0x00, 0x00, 0xF3, 0xF4, 0xD6, 0x01, 0xE3, 0x38, 0x00, 0x00 ; file 180026
db 0x63, 0x31, 0x32, 0x66, 0x2E, 0x76, 0x64, 0x78, 0x00, 0x00, 0x00, 0x00, 0xD7, 0x2D, 0xD7, 0x01 ; file 180036
db 0x85, 0x39, 0x00, 0x00, 0x63, 0x31, 0x33, 0x62, 0x2E, 0x76, 0x64, 0x78, 0x00, 0x00, 0x00, 0x00 ; file 180046
db 0x5D, 0x67, 0xD7, 0x01, 0x15, 0x41, 0x00, 0x00, 0x63, 0x31, 0x33, 0x66, 0x2E, 0x76, 0x64, 0x78 ; file 180056
db 0x00, 0x00, 0x00, 0x00, 0x73, 0xA8, 0xD7, 0x01, 0x6D, 0x41, 0x00, 0x00, 0x63, 0x31, 0x34, 0x62 ; file 180066
db 0x2E, 0x76, 0x64, 0x78, 0x00, 0x00, 0x00, 0x00, 0xE1, 0xE9, 0xD7, 0x01, 0x59, 0x3E, 0x00, 0x00 ; file 180076
db 0x63, 0x31, 0x34, 0x66, 0x2E, 0x76, 0x64, 0x78, 0x00, 0x00, 0x00, 0x00, 0x3B, 0x28, 0xD8, 0x01 ; file 180086
db 0x9E, 0x3E, 0x00, 0x00, 0x63, 0x31, 0x35, 0x62, 0x2E, 0x76, 0x64, 0x78, 0x00, 0x00, 0x00, 0x00 ; file 180096
db 0xDA, 0x66, 0xD8, 0x01, 0xFF, 0x3B, 0x00, 0x00, 0x63, 0x31, 0x35, 0x66, 0x2E, 0x76, 0x64, 0x78 ; file 1800A6
db 0x00, 0x00, 0x00, 0x00, 0xDA, 0xA2, 0xD8, 0x01, 0xB7, 0x3C, 0x00, 0x00, 0x63, 0x31, 0x36, 0x62 ; file 1800B6
db 0x2E, 0x76, 0x64, 0x78, 0x00, 0x00, 0x00, 0x00, 0x92, 0xDF, 0xD8, 0x01, 0x4B, 0x3E, 0x00, 0x00 ; file 1800C6
db 0x63, 0x31, 0x36, 0x66, 0x2E, 0x76, 0x64, 0x78, 0x00, 0x00, 0x00, 0x00, 0xDE, 0x1D, 0xD9, 0x01 ; file 1800D6
db 0x0C, 0x3F, 0x00, 0x00, 0x63, 0x31, 0x37, 0x62, 0x2E, 0x76, 0x64, 0x78, 0x00, 0x00, 0x00, 0x00 ; file 1800E6
db 0xEB, 0x5C, 0xD9, 0x01, 0xFA, 0x3A, 0x00, 0x00, 0x63, 0x31, 0x37, 0x66, 0x2E, 0x76, 0x64, 0x78 ; file 1800F6
db 0x00, 0x00, 0x00, 0x00, 0xE6, 0x97, 0xD9, 0x01, 0xD2, 0x3B, 0x00, 0x00, 0x63, 0x31, 0x38, 0x62 ; file 180106
db 0x2E, 0x76, 0x64, 0x78, 0x00, 0x00, 0x00, 0x00, 0xB9, 0xD3, 0xD9, 0x01, 0x57, 0x3C, 0x00, 0x00 ; file 180116
db 0x63, 0x31, 0x38, 0x66, 0x2E, 0x76, 0x64, 0x78, 0x00, 0x00, 0x00, 0x00, 0x11, 0x10, 0xDA, 0x01 ; file 180126
db 0x2E, 0x3D, 0x00, 0x00, 0x63, 0x31, 0x39, 0x62, 0x2E, 0x76, 0x64, 0x78, 0x00, 0x00, 0x00, 0x00 ; file 180136
db 0x40, 0x4D, 0xDA, 0x01, 0x13, 0x3D, 0x00, 0x00, 0x63, 0x31, 0x39, 0x66, 0x2E, 0x76, 0x64, 0x78 ; file 180146
db 0x00, 0x00, 0x00, 0x00, 0x54, 0x8A, 0xDA, 0x01, 0x8E, 0x3D, 0x00, 0x00, 0x63, 0x32, 0x30, 0x62 ; file 180156
db 0x2E, 0x76, 0x64, 0x78, 0x00, 0x00, 0x00, 0x00, 0xE3, 0xC7, 0xDA, 0x01, 0x21, 0x3E, 0x00, 0x00 ; file 180166
db 0x63, 0x32, 0x30, 0x66, 0x2E, 0x76, 0x64, 0x78, 0x00, 0x00, 0x00, 0x00, 0x05, 0x06, 0xDB, 0x01 ; file 180176
db 0x82, 0x3E, 0x00, 0x00, 0x63, 0x32, 0x31, 0x62, 0x2E, 0x76, 0x64, 0x78, 0x00, 0x00, 0x00, 0x00 ; file 180186
db 0x88, 0x44, 0xDB, 0x01, 0x3C, 0x3E, 0x00, 0x00, 0x63, 0x32, 0x31, 0x66, 0x2E, 0x76, 0x64, 0x78 ; file 180196
db 0x00, 0x00, 0x00, 0x00, 0xC5, 0x82, 0xDB, 0x01, 0xD9, 0x3E, 0x00, 0x00, 0x63, 0x32, 0x32, 0x62 ; file 1801A6
db 0x2E, 0x76, 0x64, 0x78, 0x00, 0x00, 0x00, 0x00, 0x9F, 0xC1, 0xDB, 0x01, 0x39, 0x3F, 0x00, 0x00 ; file 1801B6
db 0x63, 0x32, 0x32, 0x66, 0x2E, 0x76, 0x64, 0x78, 0x00, 0x00, 0x00, 0x00, 0xD9, 0x00, 0xDC, 0x01 ; file 1801C6
db 0xA9, 0x3F, 0x00, 0x00, 0x63, 0x32, 0x33, 0x62, 0x2E, 0x76, 0x64, 0x78, 0x00, 0x00, 0x00, 0x00 ; file 1801D6
db 0x83, 0x40, 0xDC, 0x01, 0x47, 0x3D, 0x00, 0x00, 0x63, 0x32, 0x33, 0x66, 0x2E, 0x76, 0x64, 0x78 ; file 1801E6
db 0x00, 0x00, 0x00, 0x00, 0xCB, 0x7D, 0xDC, 0x01, 0x97, 0x3D, 0x00, 0x00, 0x63, 0x32, 0x34, 0x62 ; file 1801F6
db 0x2E, 0x76, 0x64, 0x78, 0x00, 0x00, 0x00, 0x00, 0x63, 0xBB, 0xDC, 0x01, 0x9F, 0x44, 0x00, 0x00 ; file 180206
db 0x63, 0x32, 0x34, 0x66, 0x2E, 0x76, 0x64, 0x78, 0x00, 0x00, 0x00, 0x00, 0x03, 0x00, 0xDD, 0x01 ; file 180216
db 0xB0, 0x44, 0x00, 0x00, 0x63, 0x32, 0x35, 0x62, 0x2E, 0x76, 0x64, 0x78, 0x00, 0x00, 0x00, 0x00 ; file 180226
db 0xB4, 0x44, 0xDD, 0x01, 0xDE, 0x41, 0x00, 0x00, 0x63, 0x32, 0x35, 0x66, 0x2E, 0x76, 0x64, 0x78 ; file 180236
db 0x00, 0x00, 0x00, 0x00, 0x93, 0x86, 0xDD, 0x01, 0x2C, 0x42, 0x00, 0x00, 0x63, 0x32, 0x36, 0x62 ; file 180246
db 0x2E, 0x76, 0x64, 0x78, 0x00, 0x00, 0x00, 0x00, 0xC0, 0xC8, 0xDD, 0x01, 0x0A, 0x41, 0x00, 0x00 ; file 180256
db 0x63, 0x32, 0x36, 0x66, 0x2E, 0x76, 0x64, 0x78, 0x00, 0x00, 0x00, 0x00, 0xCB, 0x09, 0xDE, 0x01 ; file 180266
db 0x70, 0x41, 0x00, 0x00, 0x63, 0x32, 0x37, 0x62, 0x2E, 0x76, 0x64, 0x78, 0x00, 0x00, 0x00, 0x00 ; file 180276
db 0x3C, 0x4B, 0xDE, 0x01, 0x23, 0x3F, 0x00, 0x00, 0x63, 0x32, 0x37, 0x66, 0x2E, 0x76, 0x64, 0x78 ; file 180286
db 0x00, 0x00, 0x00, 0x00, 0x60, 0x8A, 0xDE, 0x01, 0x66, 0x3F, 0x00, 0x00, 0x63, 0x32, 0x38, 0x62 ; file 180296
db 0x2E, 0x76, 0x64, 0x78, 0x00, 0x00, 0x00, 0x00, 0xC7, 0xC9, 0xDE, 0x01, 0x17, 0x3F, 0x00, 0x00 ; file 1802A6
db 0x63, 0x32, 0x38, 0x66, 0x2E, 0x76, 0x64, 0x78, 0x00, 0x00, 0x00, 0x00, 0xDF, 0x08, 0xDF, 0x01 ; file 1802B6
db 0x9D, 0x3F, 0x00, 0x00, 0x63, 0x32, 0x39, 0x62, 0x2E, 0x76, 0x64, 0x78, 0x00, 0x00, 0x00, 0x00 ; file 1802C6
db 0x7D, 0x48, 0xDF, 0x01, 0xFC, 0x3C, 0x00, 0x00, 0x63, 0x32, 0x39, 0x66, 0x2E, 0x76, 0x64, 0x78 ; file 1802D6
db 0x00, 0x00, 0x00, 0x00, 0x7A, 0x85, 0xDF, 0x01, 0x80, 0x3D, 0x00, 0x00, 0x63, 0x33, 0x30, 0x62 ; file 1802E6
db 0x2E, 0x76, 0x64, 0x78, 0x00, 0x00, 0x00, 0x00, 0xFB, 0xC2, 0xDF, 0x01, 0xF5, 0x3E, 0x00, 0x00 ; file 1802F6
db 0x63, 0x33, 0x30, 0x66, 0x2E, 0x76, 0x64, 0x78, 0x00, 0x00, 0x00, 0x00, 0xF1, 0x01, 0xE0, 0x01 ; file 180306
db 0x4C, 0x3F, 0x00, 0x00, 0x63, 0x33, 0x31, 0x62, 0x2E, 0x76, 0x64, 0x78, 0x00, 0x00, 0x00, 0x00 ; file 180316
db 0x3E, 0x41, 0xE0, 0x01, 0x50, 0x40, 0x00, 0x00, 0x63, 0x33, 0x31, 0x66, 0x2E, 0x76, 0x64, 0x78 ; file 180326
db 0x00, 0x00, 0x00, 0x00, 0x8F, 0x81, 0xE0, 0x01, 0x4F, 0x40, 0x00, 0x00, 0x63, 0x33, 0x32, 0x62 ; file 180336
db 0x2E, 0x76, 0x64, 0x78, 0x00, 0x00, 0x00, 0x00, 0xDF, 0xC1, 0xE0, 0x01, 0x0C, 0x3F, 0x00, 0x00 ; file 180346
db 0x63, 0x33, 0x32, 0x66, 0x2E, 0x76, 0x64, 0x78, 0x00, 0x00, 0x00, 0x00, 0xEC, 0x00, 0xE1, 0x01 ; file 180356
db 0x03, 0x3F, 0x00, 0x00, 0x67, 0x30, 0x30, 0x62, 0x2E, 0x76, 0x64, 0x78, 0x00, 0x00, 0x00, 0x00 ; file 180366
db 0xF0, 0x3F, 0xE1, 0x01, 0xA1, 0x4C, 0x00, 0x00, 0x67, 0x30, 0x30, 0x66, 0x2E, 0x76, 0x64, 0x78 ; file 180376
db 0x00, 0x00, 0x00, 0x00, 0x92, 0x8C, 0xE1, 0x01, 0x97, 0x49, 0x00, 0x00, 0x67, 0x30, 0x31, 0x62 ; file 180386
db 0x2E, 0x76, 0x64, 0x78, 0x00, 0x00, 0x00, 0x00, 0x2A, 0xD6, 0xE1, 0x01, 0x4D, 0x47, 0x00, 0x00 ; file 180396
db 0x67, 0x30, 0x31, 0x66, 0x2E, 0x76, 0x64, 0x78, 0x00, 0x00, 0x00, 0x00, 0x78, 0x1D, 0xE2, 0x01 ; file 1803A6
db 0x92, 0x44, 0x00, 0x00, 0x67, 0x30, 0x32, 0x62, 0x2E, 0x76, 0x64, 0x78, 0x00, 0x00, 0x00, 0x00 ; file 1803B6
db 0x0B, 0x62, 0xE2, 0x01, 0x47, 0x48, 0x00, 0x00, 0x67, 0x30, 0x32, 0x66, 0x2E, 0x76, 0x64, 0x78 ; file 1803C6
db 0x00, 0x00, 0x00, 0x00, 0x53, 0xAA, 0xE2, 0x01, 0x57, 0x45, 0x00, 0x00, 0x67, 0x30, 0x33, 0x62 ; file 1803D6
db 0x2E, 0x76, 0x64, 0x78, 0x00, 0x00, 0x00, 0x00, 0xAB, 0xEF, 0xE2, 0x01, 0x7C, 0x4A, 0x00, 0x00 ; file 1803E6
db 0x67, 0x30, 0x33, 0x66, 0x2E, 0x76, 0x64, 0x78, 0x00, 0x00, 0x00, 0x00, 0x28, 0x3A, 0xE3, 0x01 ; file 1803F6
db 0x43, 0x48, 0x00, 0x00, 0x67, 0x30, 0x34, 0x62, 0x2E, 0x76, 0x64, 0x78, 0x00, 0x00, 0x00, 0x00 ; file 180406
db 0x6C, 0x82, 0xE3, 0x01, 0xEF, 0x4B, 0x00, 0x00, 0x67, 0x30, 0x34, 0x66, 0x2E, 0x76, 0x64, 0x78 ; file 180416
db 0x00, 0x00, 0x00, 0x00, 0x5C, 0xCE, 0xE3, 0x01, 0xF6, 0x48, 0x00, 0x00, 0x67, 0x30, 0x35, 0x62 ; file 180426
db 0x2E, 0x76, 0x64, 0x78, 0x00, 0x00, 0x00, 0x00, 0x53, 0x17, 0xE4, 0x01, 0xF1, 0x4A, 0x00, 0x00 ; file 180436
db 0x67, 0x30, 0x35, 0x66, 0x2E, 0x76, 0x64, 0x78, 0x00, 0x00, 0x00, 0x00, 0x45, 0x62, 0xE4, 0x01 ; file 180446
db 0x43, 0x48, 0x00, 0x00, 0x67, 0x30, 0x36, 0x62, 0x2E, 0x76, 0x64, 0x78, 0x00, 0x00, 0x00, 0x00 ; file 180456
db 0x89, 0xAA, 0xE4, 0x01, 0x7F, 0x49, 0x00, 0x00, 0x67, 0x30, 0x36, 0x66, 0x2E, 0x76, 0x64, 0x78 ; file 180466
db 0x00, 0x00, 0x00, 0x00, 0x09, 0xF4, 0xE4, 0x01, 0xCA, 0x46, 0x00, 0x00, 0x67, 0x30, 0x37, 0x62 ; file 180476
db 0x2E, 0x76, 0x64, 0x78, 0x00, 0x00, 0x00, 0x00, 0xD4, 0x3A, 0xE5, 0x01, 0xF1, 0x46, 0x00, 0x00 ; file 180486
db 0x67, 0x30, 0x37, 0x66, 0x2E, 0x76, 0x64, 0x78, 0x00, 0x00, 0x00, 0x00, 0xC6, 0x81, 0xE5, 0x01 ; file 180496
db 0x7B, 0x44, 0x00, 0x00, 0x67, 0x30, 0x38, 0x62, 0x2E, 0x76, 0x64, 0x78, 0x00, 0x00, 0x00, 0x00 ; file 1804A6
db 0x42, 0xC6, 0xE5, 0x01, 0xFB, 0x47, 0x00, 0x00, 0x67, 0x30, 0x38, 0x66, 0x2E, 0x76, 0x64, 0x78 ; file 1804B6
db 0x00, 0x00, 0x00, 0x00, 0x3E, 0x0E, 0xE6, 0x01, 0x13, 0x45, 0x00, 0x00, 0x67, 0x30, 0x39, 0x62 ; file 1804C6
db 0x2E, 0x76, 0x64, 0x78, 0x00, 0x00, 0x00, 0x00, 0x52, 0x53, 0xE6, 0x01, 0x7F, 0x49, 0x00, 0x00 ; file 1804D6
db 0x67, 0x30, 0x39, 0x66, 0x2E, 0x76, 0x64, 0x78, 0x00, 0x00, 0x00, 0x00, 0xD2, 0x9C, 0xE6, 0x01 ; file 1804E6
db 0xA7, 0x46, 0x00, 0x00, 0x67, 0x31, 0x30, 0x62, 0x2E, 0x76, 0x64, 0x78, 0x00, 0x00, 0x00, 0x00 ; file 1804F6
db 0x7A, 0xE3, 0xE6, 0x01, 0xEB, 0x48, 0x00, 0x00, 0x67, 0x31, 0x30, 0x66, 0x2E, 0x76, 0x64, 0x78 ; file 180506
db 0x00, 0x00, 0x00, 0x00, 0x66, 0x2C, 0xE7, 0x01, 0xA3, 0x45, 0x00, 0x00, 0x67, 0x31, 0x31, 0x62 ; file 180516
db 0x2E, 0x76, 0x64, 0x78, 0x00, 0x00, 0x00, 0x00, 0x0A, 0x72, 0xE7, 0x01, 0x0D, 0x4B, 0x00, 0x00 ; file 180526
db 0x67, 0x31, 0x31, 0x66, 0x2E, 0x76, 0x64, 0x78, 0x00, 0x00, 0x00, 0x00, 0x18, 0xBD, 0xE7, 0x01 ; file 180536
db 0x10, 0x48, 0x00, 0x00, 0x67, 0x31, 0x32, 0x62, 0x2E, 0x76, 0x64, 0x78, 0x00, 0x00, 0x00, 0x00 ; file 180546
db 0x29, 0x05, 0xE8, 0x01, 0x06, 0x49, 0x00, 0x00, 0x67, 0x31, 0x32, 0x66, 0x2E, 0x76, 0x64, 0x78 ; file 180556
db 0x00, 0x00, 0x00, 0x00, 0x30, 0x4E, 0xE8, 0x01, 0x07, 0x47, 0x00, 0x00, 0x67, 0x31, 0x33, 0x62 ; file 180566
db 0x2E, 0x76, 0x64, 0x78, 0x00, 0x00, 0x00, 0x00, 0x38, 0x95, 0xE8, 0x01, 0x07, 0x4B, 0x00, 0x00 ; file 180576
db 0x67, 0x31, 0x33, 0x66, 0x2E, 0x76, 0x64, 0x78, 0x00, 0x00, 0x00, 0x00, 0x40, 0xE0, 0xE8, 0x01 ; file 180586
db 0xA8, 0x48, 0x00, 0x00, 0x67, 0x31, 0x34, 0x62, 0x2E, 0x76, 0x64, 0x78, 0x00, 0x00, 0x00, 0x00 ; file 180596
db 0xE9, 0x28, 0xE9, 0x01, 0x77, 0x47, 0x00, 0x00, 0x67, 0x31, 0x34, 0x66, 0x2E, 0x76, 0x64, 0x78 ; file 1805A6
db 0x00, 0x00, 0x00, 0x00, 0x61, 0x70, 0xE9, 0x01, 0x43, 0x45, 0x00, 0x00, 0x67, 0x31, 0x35, 0x62 ; file 1805B6
db 0x2E, 0x76, 0x64, 0x78, 0x00, 0x00, 0x00, 0x00, 0xA5, 0xB5, 0xE9, 0x01, 0xDD, 0x45, 0x00, 0x00 ; file 1805C6
db 0x67, 0x31, 0x35, 0x66, 0x2E, 0x76, 0x64, 0x78, 0x00, 0x00, 0x00, 0x00, 0x83, 0xFB, 0xE9, 0x01 ; file 1805D6
db 0xE8, 0x43, 0x00, 0x00, 0x67, 0x31, 0x36, 0x62, 0x2E, 0x76, 0x64, 0x78, 0x00, 0x00, 0x00, 0x00 ; file 1805E6
db 0x6C, 0x3F, 0xEA, 0x01, 0x5C, 0x45, 0x00, 0x00, 0x67, 0x31, 0x36, 0x66, 0x2E, 0x76, 0x64, 0x78 ; file 1805F6
db 0x00, 0x00, 0x00, 0x00, 0xC9, 0x84, 0xEA, 0x01, 0x88, 0x43, 0x00, 0x00, 0x67, 0x31, 0x37, 0x62 ; file 180606
db 0x2E, 0x76, 0x64, 0x78, 0x00, 0x00, 0x00, 0x00, 0x52, 0xC8, 0xEA, 0x01, 0xEC, 0x46, 0x00, 0x00 ; file 180616
db 0x67, 0x31, 0x37, 0x66, 0x2E, 0x76, 0x64, 0x78, 0x00, 0x00, 0x00, 0x00, 0x3F, 0x0F, 0xEB, 0x01 ; file 180626
db 0x43, 0x45, 0x00, 0x00, 0x67, 0x31, 0x38, 0x62, 0x2E, 0x76, 0x64, 0x78, 0x00, 0x00, 0x00, 0x00 ; file 180636
db 0x83, 0x54, 0xEB, 0x01, 0x2E, 0x45, 0x00, 0x00, 0x67, 0x31, 0x38, 0x66, 0x2E, 0x76, 0x64, 0x78 ; file 180646
db 0x00, 0x00, 0x00, 0x00, 0xB2, 0x99, 0xEB, 0x01, 0x76, 0x43, 0x00, 0x00, 0x67, 0x31, 0x39, 0x62 ; file 180656
db 0x2E, 0x76, 0x64, 0x78, 0x00, 0x00, 0x00, 0x00, 0x29, 0xDD, 0xEB, 0x01, 0x45, 0x47, 0x00, 0x00 ; file 180666
db 0x67, 0x31, 0x39, 0x66, 0x2E, 0x76, 0x64, 0x78, 0x00, 0x00, 0x00, 0x00, 0x6F, 0x24, 0xEC, 0x01 ; file 180676
db 0x3C, 0x45, 0x00, 0x00, 0x67, 0x32, 0x30, 0x62, 0x2E, 0x76, 0x64, 0x78, 0x00, 0x00, 0x00, 0x00 ; file 180686
db 0xAC, 0x69, 0xEC, 0x01, 0x90, 0x47, 0x00, 0x00, 0x67, 0x32, 0x30, 0x66, 0x2E, 0x76, 0x64, 0x78 ; file 180696
db 0x00, 0x00, 0x00, 0x00, 0x3D, 0xB1, 0xEC, 0x01, 0x3A, 0x45, 0x00, 0x00, 0x67, 0x32, 0x31, 0x62 ; file 1806A6
db 0x2E, 0x76, 0x64, 0x78, 0x00, 0x00, 0x00, 0x00, 0x78, 0xF6, 0xEC, 0x01, 0x10, 0x4B, 0x00, 0x00 ; file 1806B6
db 0x67, 0x32, 0x31, 0x66, 0x2E, 0x76, 0x64, 0x78, 0x00, 0x00, 0x00, 0x00, 0x89, 0x41, 0xED, 0x01 ; file 1806C6
db 0xC7, 0x48, 0x00, 0x00, 0x67, 0x32, 0x32, 0x62, 0x2E, 0x76, 0x64, 0x78, 0x00, 0x00, 0x00, 0x00 ; file 1806D6
db 0x51, 0x8A, 0xED, 0x01, 0xF4, 0x4C, 0x00, 0x00, 0x67, 0x32, 0x32, 0x66, 0x2E, 0x76, 0x64, 0x78 ; file 1806E6
db 0x00, 0x00, 0x00, 0x00, 0x46, 0xD7, 0xED, 0x01, 0x6F, 0x4A, 0x00, 0x00, 0x67, 0x32, 0x33, 0x62 ; file 1806F6
db 0x2E, 0x76, 0x64, 0x78, 0x00, 0x00, 0x00, 0x00, 0xB6, 0x21, 0xEE, 0x01, 0xB6, 0x4A, 0x00, 0x00 ; file 180706
db 0x67, 0x32, 0x33, 0x66, 0x2E, 0x76, 0x64, 0x78, 0x00, 0x00, 0x00, 0x00, 0x6D, 0x6C, 0xEE, 0x01 ; file 180716
db 0x26, 0x48, 0x00, 0x00, 0x67, 0x32, 0x34, 0x62, 0x2E, 0x76, 0x64, 0x78, 0x00, 0x00, 0x00, 0x00 ; file 180726
db 0x94, 0xB4, 0xEE, 0x01, 0x43, 0x47, 0x00, 0x00, 0x67, 0x32, 0x34, 0x66, 0x2E, 0x76, 0x64, 0x78 ; file 180736
db 0x00, 0x00, 0x00, 0x00, 0xD8, 0xFB, 0xEE, 0x01, 0x12, 0x45, 0x00, 0x00, 0x67, 0x32, 0x35, 0x62 ; file 180746
db 0x2E, 0x76, 0x64, 0x78, 0x00, 0x00, 0x00, 0x00, 0xEB, 0x40, 0xEF, 0x01, 0x39, 0x44, 0x00, 0x00 ; file 180756
db 0x67, 0x32, 0x35, 0x66, 0x2E, 0x76, 0x64, 0x78, 0x00, 0x00, 0x00, 0x00, 0x25, 0x85, 0xEF, 0x01 ; file 180766
db 0x6D, 0x42, 0x00, 0x00, 0x67, 0x32, 0x36, 0x62, 0x2E, 0x76, 0x64, 0x78, 0x00, 0x00, 0x00, 0x00 ; file 180776
db 0x93, 0xC7, 0xEF, 0x01, 0x30, 0x43, 0x00, 0x00, 0x67, 0x32, 0x36, 0x66, 0x2E, 0x76, 0x64, 0x78 ; file 180786
db 0x00, 0x00, 0x00, 0x00, 0xC4, 0x0A, 0xF0, 0x01, 0x3C, 0x41, 0x00, 0x00, 0x67, 0x32, 0x37, 0x62 ; file 180796
db 0x2E, 0x76, 0x64, 0x78, 0x00, 0x00, 0x00, 0x00, 0x01, 0x4C, 0xF0, 0x01, 0x10, 0x48, 0x00, 0x00 ; file 1807A6
db 0x67, 0x32, 0x37, 0x66, 0x2E, 0x76, 0x64, 0x78, 0x00, 0x00, 0x00, 0x00, 0x12, 0x94, 0xF0, 0x01 ; file 1807B6
db 0x19, 0x46, 0x00, 0x00, 0x67, 0x32, 0x38, 0x62, 0x2E, 0x76, 0x64, 0x78, 0x00, 0x00, 0x00, 0x00 ; file 1807C6
db 0x2C, 0xDA, 0xF0, 0x01, 0xB6, 0x44, 0x00, 0x00, 0x67, 0x32, 0x38, 0x66, 0x2E, 0x76, 0x64, 0x78 ; file 1807D6
db 0x00, 0x00, 0x00, 0x00, 0xE3, 0x1E, 0xF1, 0x01, 0xF3, 0x42, 0x00, 0x00, 0x67, 0x32, 0x39, 0x62 ; file 1807E6
db 0x2E, 0x76, 0x64, 0x78, 0x00, 0x00, 0x00, 0x00, 0xD7, 0x61, 0xF1, 0x01, 0xE6, 0x45, 0x00, 0x00 ; file 1807F6
db 0x67, 0x32, 0x39, 0x66, 0x2E, 0x76, 0x64, 0x78, 0x00, 0x00, 0x00, 0x00, 0xBE, 0xA7, 0xF1, 0x01 ; file 180806
db 0x16, 0x44, 0x00, 0x00, 0x67, 0x33, 0x30, 0x62, 0x2E, 0x76, 0x64, 0x78, 0x00, 0x00, 0x00, 0x00 ; file 180816
db 0xD5, 0xEB, 0xF1, 0x01, 0xBD, 0x48, 0x00, 0x00, 0x67, 0x33, 0x30, 0x66, 0x2E, 0x76, 0x64, 0x78 ; file 180826
db 0x00, 0x00, 0x00, 0x00, 0x93, 0x34, 0xF2, 0x01, 0xAC, 0x46, 0x00, 0x00, 0x67, 0x33, 0x31, 0x62 ; file 180836
db 0x2E, 0x76, 0x64, 0x78, 0x00, 0x00, 0x00, 0x00, 0x40, 0x7B, 0xF2, 0x01, 0xB7, 0x49, 0x00, 0x00 ; file 180846
db 0x67, 0x33, 0x31, 0x66, 0x2E, 0x76, 0x64, 0x78, 0x00, 0x00, 0x00, 0x00, 0xF8, 0xC4, 0xF2, 0x01 ; file 180856
db 0x44, 0x47, 0x00, 0x00, 0x67, 0x33, 0x32, 0x62, 0x2E, 0x76, 0x64, 0x78, 0x00, 0x00, 0x00, 0x00 ; file 180866
db 0x3D, 0x0C, 0xF3, 0x01, 0xBE, 0x46, 0x00, 0x00, 0x67, 0x33, 0x32, 0x66, 0x2E, 0x76, 0x64, 0x78 ; file 180876
db 0x00, 0x00, 0x00, 0x00, 0xFC, 0x52, 0xF3, 0x01, 0x42, 0x44, 0x00, 0x00, 0x68, 0x30, 0x30, 0x62 ; file 180886
db 0x2E, 0x76, 0x64, 0x78, 0x00, 0x00, 0x00, 0x00, 0x3F, 0x97, 0xF3, 0x01, 0x1D, 0x50, 0x00, 0x00 ; file 180896
db 0x68, 0x30, 0x30, 0x66, 0x2E, 0x76, 0x64, 0x78, 0x00, 0x00, 0x00, 0x00, 0x5D, 0xE7, 0xF3, 0x01 ; file 1808A6
db 0xB2, 0x4C, 0x00, 0x00, 0x68, 0x30, 0x31, 0x62, 0x2E, 0x76, 0x64, 0x78, 0x00, 0x00, 0x00, 0x00 ; file 1808B6
db 0x10, 0x34, 0xF4, 0x01, 0xE2, 0x48, 0x00, 0x00, 0x68, 0x30, 0x31, 0x66, 0x2E, 0x76, 0x64, 0x78 ; file 1808C6
db 0x00, 0x00, 0x00, 0x00, 0xF3, 0x7C, 0xF4, 0x01, 0x0E, 0x46, 0x00, 0x00, 0x68, 0x30, 0x32, 0x62 ; file 1808D6
db 0x2E, 0x76, 0x64, 0x78, 0x00, 0x00, 0x00, 0x00, 0x02, 0xC3, 0xF4, 0x01, 0x9E, 0x47, 0x00, 0x00 ; file 1808E6
db 0x68, 0x30, 0x32, 0x66, 0x2E, 0x76, 0x64, 0x78, 0x00, 0x00, 0x00, 0x00, 0xA1, 0x0A, 0xF5, 0x01 ; file 1808F6
db 0xB9, 0x43, 0x00, 0x00, 0x68, 0x30, 0x33, 0x62, 0x2E, 0x76, 0x64, 0x78, 0x00, 0x00, 0x00, 0x00 ; file 180906
db 0x5B, 0x4E, 0xF5, 0x01, 0x7C, 0x49, 0x00, 0x00, 0x68, 0x30, 0x33, 0x66, 0x2E, 0x76, 0x64, 0x78 ; file 180916
db 0x00, 0x00, 0x00, 0x00, 0xD8, 0x97, 0xF5, 0x01, 0xAD, 0x47, 0x00, 0x00, 0x68, 0x30, 0x34, 0x62 ; file 180926
db 0x2E, 0x76, 0x64, 0x78, 0x00, 0x00, 0x00, 0x00, 0x86, 0xDF, 0xF5, 0x01, 0x83, 0x50, 0x00, 0x00 ; file 180936
db 0x68, 0x30, 0x34, 0x66, 0x2E, 0x76, 0x64, 0x78, 0x00, 0x00, 0x00, 0x00, 0x0A, 0x30, 0xF6, 0x01 ; file 180946
db 0x7C, 0x4C, 0x00, 0x00, 0x68, 0x30, 0x35, 0x62, 0x2E, 0x76, 0x64, 0x78, 0x00, 0x00, 0x00, 0x00 ; file 180956
db 0x87, 0x7C, 0xF6, 0x01, 0xD6, 0x4C, 0x00, 0x00, 0x68, 0x30, 0x35, 0x66, 0x2E, 0x76, 0x64, 0x78 ; file 180966
db 0x00, 0x00, 0x00, 0x00, 0x5E, 0xC9, 0xF6, 0x01, 0x3C, 0x49, 0x00, 0x00, 0x68, 0x30, 0x36, 0x62 ; file 180976
db 0x2E, 0x76, 0x64, 0x78, 0x00, 0x00, 0x00, 0x00, 0x9B, 0x12, 0xF7, 0x01, 0xD1, 0x4D, 0x00, 0x00 ; file 180986
db 0x68, 0x30, 0x36, 0x66, 0x2E, 0x76, 0x64, 0x78, 0x00, 0x00, 0x00, 0x00, 0x6D, 0x60, 0xF7, 0x01 ; file 180996
db 0x91, 0x4A, 0x00, 0x00, 0x68, 0x30, 0x37, 0x62, 0x2E, 0x76, 0x64, 0x78, 0x00, 0x00, 0x00, 0x00 ; file 1809A6
db 0xFF, 0xAA, 0xF7, 0x01, 0xA9, 0x48, 0x00, 0x00, 0x68, 0x30, 0x37, 0x66, 0x2E, 0x76, 0x64, 0x78 ; file 1809B6
db 0x00, 0x00, 0x00, 0x00, 0xA9, 0xF3, 0xF7, 0x01, 0x4E, 0x45, 0x00, 0x00, 0x68, 0x30, 0x38, 0x62 ; file 1809C6
db 0x2E, 0x76, 0x64, 0x78, 0x00, 0x00, 0x00, 0x00, 0xF8, 0x38, 0xF8, 0x01, 0x45, 0x48, 0x00, 0x00 ; file 1809D6
db 0x68, 0x30, 0x38, 0x66, 0x2E, 0x76, 0x64, 0x78, 0x00, 0x00, 0x00, 0x00, 0x3E, 0x81, 0xF8, 0x01 ; file 1809E6
db 0xE9, 0x44, 0x00, 0x00, 0x68, 0x30, 0x39, 0x62, 0x2E, 0x76, 0x64, 0x78, 0x00, 0x00, 0x00, 0x00 ; file 1809F6
db 0x28, 0xC6, 0xF8, 0x01, 0x1A, 0x48, 0x00, 0x00, 0x68, 0x30, 0x39, 0x66, 0x2E, 0x76, 0x64, 0x78 ; file 180A06
db 0x00, 0x00, 0x00, 0x00, 0x43, 0x0E, 0xF9, 0x01, 0x55, 0x44, 0x00, 0x00, 0x68, 0x31, 0x30, 0x62 ; file 180A16
db 0x2E, 0x76, 0x64, 0x78, 0x00, 0x00, 0x00, 0x00, 0x99, 0x52, 0xF9, 0x01, 0x65, 0x4A, 0x00, 0x00 ; file 180A26
db 0x68, 0x31, 0x30, 0x66, 0x2E, 0x76, 0x64, 0x78, 0x00, 0x00, 0x00, 0x00, 0xFF, 0x9C, 0xF9, 0x01 ; file 180A36
db 0xCA, 0x46, 0x00, 0x00, 0x68, 0x31, 0x31, 0x62, 0x2E, 0x76, 0x64, 0x78, 0x00, 0x00, 0x00, 0x00 ; file 180A46
db 0xCA, 0xE3, 0xF9, 0x01, 0x43, 0x4B, 0x00, 0x00, 0x68, 0x31, 0x31, 0x66, 0x2E, 0x76, 0x64, 0x78 ; file 180A56
db 0x00, 0x00, 0x00, 0x00, 0x0E, 0x2F, 0xFA, 0x01, 0xC5, 0x47, 0x00, 0x00, 0x68, 0x31, 0x32, 0x62 ; file 180A66
db 0x2E, 0x76, 0x64, 0x78, 0x00, 0x00, 0x00, 0x00, 0xD4, 0x76, 0xFA, 0x01, 0x1D, 0x49, 0x00, 0x00 ; file 180A76
db 0x68, 0x31, 0x32, 0x66, 0x2E, 0x76, 0x64, 0x78, 0x00, 0x00, 0x00, 0x00, 0xF2, 0xBF, 0xFA, 0x01 ; file 180A86
db 0x3F, 0x47, 0x00, 0x00, 0x68, 0x31, 0x33, 0x62, 0x2E, 0x76, 0x64, 0x78, 0x00, 0x00, 0x00, 0x00 ; file 180A96
db 0x32, 0x07, 0xFB, 0x01, 0x0B, 0x4D, 0x00, 0x00, 0x68, 0x31, 0x33, 0x66, 0x2E, 0x76, 0x64, 0x78 ; file 180AA6
db 0x00, 0x00, 0x00, 0x00, 0x3E, 0x54, 0xFB, 0x01, 0xE5, 0x49, 0x00, 0x00, 0x68, 0x31, 0x34, 0x62 ; file 180AB6
db 0x2E, 0x76, 0x64, 0x78, 0x00, 0x00, 0x00, 0x00, 0x24, 0x9E, 0xFB, 0x01, 0xFE, 0x4A, 0x00, 0x00 ; file 180AC6
db 0x68, 0x31, 0x34, 0x66, 0x2E, 0x76, 0x64, 0x78, 0x00, 0x00, 0x00, 0x00, 0x23, 0xE9, 0xFB, 0x01 ; file 180AD6
db 0x93, 0x47, 0x00, 0x00, 0x68, 0x31, 0x35, 0x62, 0x2E, 0x76, 0x64, 0x78, 0x00, 0x00, 0x00, 0x00 ; file 180AE6
db 0xB7, 0x30, 0xFC, 0x01, 0x02, 0x4A, 0x00, 0x00, 0x68, 0x31, 0x35, 0x66, 0x2E, 0x76, 0x64, 0x78 ; file 180AF6
db 0x00, 0x00, 0x00, 0x00, 0xBA, 0x7A, 0xFC, 0x01, 0x4F, 0x47, 0x00, 0x00, 0x68, 0x31, 0x36, 0x62 ; file 180B06
db 0x2E, 0x76, 0x64, 0x78, 0x00, 0x00, 0x00, 0x00, 0x0A, 0xC2, 0xFC, 0x01, 0x90, 0x4A, 0x00, 0x00 ; file 180B16
db 0x68, 0x31, 0x36, 0x66, 0x2E, 0x76, 0x64, 0x78, 0x00, 0x00, 0x00, 0x00, 0x9B, 0x0C, 0xFD, 0x01 ; file 180B26
db 0xBF, 0x47, 0x00, 0x00, 0x68, 0x31, 0x37, 0x62, 0x2E, 0x76, 0x64, 0x78, 0x00, 0x00, 0x00, 0x00 ; file 180B36
db 0x5B, 0x54, 0xFD, 0x01, 0xDD, 0x46, 0x00, 0x00, 0x68, 0x31, 0x37, 0x66, 0x2E, 0x76, 0x64, 0x78 ; file 180B46
db 0x00, 0x00, 0x00, 0x00, 0x39, 0x9B, 0xFD, 0x01, 0x52, 0x44, 0x00, 0x00, 0x68, 0x31, 0x38, 0x62 ; file 180B56
db 0x2E, 0x76, 0x64, 0x78, 0x00, 0x00, 0x00, 0x00, 0x8C, 0xDF, 0xFD, 0x01, 0x5D, 0x45, 0x00, 0x00 ; file 180B66
db 0x68, 0x31, 0x38, 0x66, 0x2E, 0x76, 0x64, 0x78, 0x00, 0x00, 0x00, 0x00, 0xEA, 0x24, 0xFE, 0x01 ; file 180B76
db 0xF3, 0x42, 0x00, 0x00, 0x68, 0x31, 0x39, 0x62, 0x2E, 0x76, 0x64, 0x78, 0x00, 0x00, 0x00, 0x00 ; file 180B86
db 0xDE, 0x67, 0xFE, 0x01, 0x56, 0x45, 0x00, 0x00, 0x68, 0x31, 0x39, 0x66, 0x2E, 0x76, 0x64, 0x78 ; file 180B96
db 0x00, 0x00, 0x00, 0x00, 0x35, 0xAD, 0xFE, 0x01, 0x5C, 0x42, 0x00, 0x00, 0x68, 0x32, 0x30, 0x62 ; file 180BA6
db 0x2E, 0x76, 0x64, 0x78, 0x00, 0x00, 0x00, 0x00, 0x92, 0xEF, 0xFE, 0x01, 0x00, 0x49, 0x00, 0x00 ; file 180BB6
db 0x68, 0x32, 0x30, 0x66, 0x2E, 0x76, 0x64, 0x78, 0x00, 0x00, 0x00, 0x00, 0x93, 0x38, 0xFF, 0x01 ; file 180BC6
db 0xF7, 0x45, 0x00, 0x00, 0x68, 0x32, 0x31, 0x62, 0x2E, 0x76, 0x64, 0x78, 0x00, 0x00, 0x00, 0x00 ; file 180BD6
db 0x8B, 0x7E, 0xFF, 0x01, 0xCC, 0x48, 0x00, 0x00, 0x68, 0x32, 0x31, 0x66, 0x2E, 0x76, 0x64, 0x78 ; file 180BE6
db 0x00, 0x00, 0x00, 0x00, 0x58, 0xC7, 0xFF, 0x01, 0x75, 0x45, 0x00, 0x00, 0x68, 0x32, 0x32, 0x62 ; file 180BF6
db 0x2E, 0x76, 0x64, 0x78, 0x00, 0x00, 0x00, 0x00, 0xCE, 0x0C, 0x00, 0x02, 0xA0, 0x4B, 0x00, 0x00 ; file 180C06
db 0x68, 0x32, 0x32, 0x66, 0x2E, 0x76, 0x64, 0x78, 0x00, 0x00, 0x00, 0x00, 0x6F, 0x58, 0x00, 0x02 ; file 180C16
db 0x72, 0x48, 0x00, 0x00, 0x68, 0x32, 0x33, 0x62, 0x2E, 0x76, 0x64, 0x78, 0x00, 0x00, 0x00, 0x00 ; file 180C26
db 0xE2, 0xA0, 0x00, 0x02, 0x5A, 0x47, 0x00, 0x00, 0x68, 0x32, 0x33, 0x66, 0x2E, 0x76, 0x64, 0x78 ; file 180C36
db 0x00, 0x00, 0x00, 0x00, 0x3D, 0xE8, 0x00, 0x02, 0x4C, 0x45, 0x00, 0x00, 0x68, 0x32, 0x34, 0x62 ; file 180C46
db 0x2E, 0x76, 0x64, 0x78, 0x00, 0x00, 0x00, 0x00, 0x8A, 0x2D, 0x01, 0x02, 0xA5, 0x49, 0x00, 0x00 ; file 180C56
db 0x68, 0x32, 0x34, 0x66, 0x2E, 0x76, 0x64, 0x78, 0x00, 0x00, 0x00, 0x00, 0x30, 0x77, 0x01, 0x02 ; file 180C66
db 0x4A, 0x47, 0x00, 0x00, 0x68, 0x32, 0x35, 0x62, 0x2E, 0x76, 0x64, 0x78, 0x00, 0x00, 0x00, 0x00 ; file 180C76
db 0x7B, 0xBE, 0x01, 0x02, 0xDD, 0x46, 0x00, 0x00, 0x68, 0x32, 0x35, 0x66, 0x2E, 0x76, 0x64, 0x78 ; file 180C86
db 0x00, 0x00, 0x00, 0x00, 0x59, 0x05, 0x02, 0x02, 0xA5, 0x44, 0x00, 0x00, 0x68, 0x32, 0x36, 0x62 ; file 180C96
db 0x2E, 0x76, 0x64, 0x78, 0x00, 0x00, 0x00, 0x00, 0xFF, 0x49, 0x02, 0x02, 0xFA, 0x45, 0x00, 0x00 ; file 180CA6
db 0x68, 0x32, 0x36, 0x66, 0x2E, 0x76, 0x64, 0x78, 0x00, 0x00, 0x00, 0x00, 0xFA, 0x8F, 0x02, 0x02 ; file 180CB6
db 0xFF, 0x43, 0x00, 0x00, 0x68, 0x32, 0x37, 0x62, 0x2E, 0x76, 0x64, 0x78, 0x00, 0x00, 0x00, 0x00 ; file 180CC6
db 0xFA, 0xD3, 0x02, 0x02, 0xAF, 0x44, 0x00, 0x00, 0x68, 0x32, 0x37, 0x66, 0x2E, 0x76, 0x64, 0x78 ; file 180CD6
db 0x00, 0x00, 0x00, 0x00, 0xAA, 0x18, 0x03, 0x02, 0x9D, 0x42, 0x00, 0x00, 0x68, 0x32, 0x38, 0x62 ; file 180CE6
db 0x2E, 0x76, 0x64, 0x78, 0x00, 0x00, 0x00, 0x00, 0x48, 0x5B, 0x03, 0x02, 0x2E, 0x3A, 0x00, 0x00 ; file 180CF6
db 0x68, 0x32, 0x38, 0x66, 0x2E, 0x76, 0x64, 0x78, 0x00, 0x00, 0x00, 0x00, 0x77, 0x95, 0x03, 0x02 ; file 180D06
db 0x3C, 0x38, 0x00, 0x00, 0x68, 0x32, 0x39, 0x62, 0x2E, 0x76, 0x64, 0x78, 0x00, 0x00, 0x00, 0x00 ; file 180D16
db 0xB4, 0xCD, 0x03, 0x02, 0xFA, 0x3A, 0x00, 0x00, 0x68, 0x32, 0x39, 0x66, 0x2E, 0x76, 0x64, 0x78 ; file 180D26
db 0x00, 0x00, 0x00, 0x00, 0xAF, 0x08, 0x04, 0x02, 0x5C, 0x39, 0x00, 0x00, 0x68, 0x33, 0x30, 0x62 ; file 180D36
db 0x2E, 0x76, 0x64, 0x78, 0x00, 0x00, 0x00, 0x00, 0x0C, 0x42, 0x04, 0x02, 0x61, 0x41, 0x00, 0x00 ; file 180D46
db 0x68, 0x33, 0x30, 0x66, 0x2E, 0x76, 0x64, 0x78, 0x00, 0x00, 0x00, 0x00, 0x6E, 0x83, 0x04, 0x02 ; file 180D56
db 0x74, 0x3F, 0x00, 0x00, 0x68, 0x33, 0x31, 0x62, 0x2E, 0x76, 0x64, 0x78, 0x00, 0x00, 0x00, 0x00 ; file 180D66
db 0xE3, 0xC2, 0x04, 0x02, 0x5C, 0x44, 0x00, 0x00, 0x68, 0x33, 0x31, 0x66, 0x2E, 0x76, 0x64, 0x78 ; file 180D76
db 0x00, 0x00, 0x00, 0x00, 0x40, 0x07, 0x05, 0x02, 0xE8, 0x41, 0x00, 0x00, 0x68, 0x33, 0x32, 0x62 ; file 180D86
db 0x2E, 0x76, 0x64, 0x78, 0x00, 0x00, 0x00, 0x00, 0x29, 0x49, 0x05, 0x02, 0x55, 0x2B, 0x00, 0x00 ; file 180D96
db 0x68, 0x33, 0x32, 0x66, 0x2E, 0x76, 0x64, 0x78, 0x00, 0x00, 0x00, 0x00, 0x7F, 0x74, 0x05, 0x02 ; file 180DA6
db 0xFD, 0x28, 0x00, 0x00, 0x6C, 0x30, 0x30, 0x62, 0x2E, 0x76, 0x64, 0x78, 0x00, 0x00, 0x00, 0x00 ; file 180DB6
db 0x7D, 0x9D, 0x05, 0x02, 0x04, 0x3F, 0x00, 0x00, 0x6C, 0x30, 0x30, 0x66, 0x2E, 0x76, 0x64, 0x78 ; file 180DC6
db 0x00, 0x00, 0x00, 0x00, 0x82, 0xDC, 0x05, 0x02, 0x67, 0x3F, 0x00, 0x00, 0x6C, 0x30, 0x31, 0x62 ; file 180DD6
db 0x2E, 0x76, 0x64, 0x78, 0x00, 0x00, 0x00, 0x00, 0xEA, 0x1B, 0x06, 0x02, 0x20, 0x3A, 0x00, 0x00 ; file 180DE6
db 0x6C, 0x30, 0x31, 0x66, 0x2E, 0x76, 0x64, 0x78, 0x00, 0x00, 0x00, 0x00, 0x0B, 0x56, 0x06, 0x02 ; file 180DF6
db 0xF6, 0x3A, 0x00, 0x00, 0x6C, 0x30, 0x32, 0x62, 0x2E, 0x76, 0x64, 0x78, 0x00, 0x00, 0x00, 0x00 ; file 180E06
db 0x02, 0x91, 0x06, 0x02, 0x1A, 0x3E, 0x00, 0x00, 0x6C, 0x30, 0x32, 0x66, 0x2E, 0x76, 0x64, 0x78 ; file 180E16
db 0x00, 0x00, 0x00, 0x00, 0x1D, 0xCF, 0x06, 0x02, 0x42, 0x3E, 0x00, 0x00, 0x6C, 0x30, 0x33, 0x62 ; file 180E26
db 0x2E, 0x76, 0x64, 0x78, 0x00, 0x00, 0x00, 0x00, 0x60, 0x0D, 0x07, 0x02, 0xB3, 0x40, 0x00, 0x00 ; file 180E36
db 0x6C, 0x30, 0x33, 0x66, 0x2E, 0x76, 0x64, 0x78, 0x00, 0x00, 0x00, 0x00, 0x14, 0x4E, 0x07, 0x02 ; file 180E46
db 0x48, 0x41, 0x00, 0x00, 0x6C, 0x30, 0x34, 0x62, 0x2E, 0x76, 0x64, 0x78, 0x00, 0x00, 0x00, 0x00 ; file 180E56
db 0x5D, 0x8F, 0x07, 0x02, 0x31, 0x3E, 0x00, 0x00, 0x6C, 0x30, 0x34, 0x66, 0x2E, 0x76, 0x64, 0x78 ; file 180E66
db 0x00, 0x00, 0x00, 0x00, 0x8F, 0xCD, 0x07, 0x02, 0x53, 0x3E, 0x00, 0x00, 0x6C, 0x30, 0x35, 0x62 ; file 180E76
db 0x2E, 0x76, 0x64, 0x78, 0x00, 0x00, 0x00, 0x00, 0xE3, 0x0B, 0x08, 0x02, 0x3B, 0x42, 0x00, 0x00 ; file 180E86
db 0x6C, 0x30, 0x35, 0x66, 0x2E, 0x76, 0x64, 0x78, 0x00, 0x00, 0x00, 0x00, 0x1F, 0x4E, 0x08, 0x02 ; file 180E96
db 0x9E, 0x42, 0x00, 0x00, 0x6C, 0x30, 0x36, 0x62, 0x2E, 0x76, 0x64, 0x78, 0x00, 0x00, 0x00, 0x00 ; file 180EA6
db 0xBE, 0x90, 0x08, 0x02, 0x43, 0x3E, 0x00, 0x00, 0x6C, 0x30, 0x36, 0x66, 0x2E, 0x76, 0x64, 0x78 ; file 180EB6
db 0x00, 0x00, 0x00, 0x00, 0x02, 0xCF, 0x08, 0x02, 0x0C, 0x3F, 0x00, 0x00, 0x6C, 0x30, 0x37, 0x62 ; file 180EC6
db 0x2E, 0x76, 0x64, 0x78, 0x00, 0x00, 0x00, 0x00, 0x0F, 0x0E, 0x09, 0x02, 0x19, 0x3D, 0x00, 0x00 ; file 180ED6
db 0x6C, 0x30, 0x37, 0x66, 0x2E, 0x76, 0x64, 0x78, 0x00, 0x00, 0x00, 0x00, 0x29, 0x4B, 0x09, 0x02 ; file 180EE6
db 0xC4, 0x3D, 0x00, 0x00, 0x6C, 0x30, 0x38, 0x62, 0x2E, 0x76, 0x64, 0x78, 0x00, 0x00, 0x00, 0x00 ; file 180EF6
db 0xEE, 0x88, 0x09, 0x02, 0x3C, 0x3C, 0x00, 0x00, 0x6C, 0x30, 0x38, 0x66, 0x2E, 0x76, 0x64, 0x78 ; file 180F06
db 0x00, 0x00, 0x00, 0x00, 0x2B, 0xC5, 0x09, 0x02, 0xB3, 0x3C, 0x00, 0x00, 0x6C, 0x30, 0x39, 0x62 ; file 180F16
db 0x2E, 0x76, 0x64, 0x78, 0x00, 0x00, 0x00, 0x00, 0xDF, 0x01, 0x0A, 0x02, 0x34, 0x3D, 0x00, 0x00 ; file 180F26
db 0x6C, 0x30, 0x39, 0x66, 0x2E, 0x76, 0x64, 0x78, 0x00, 0x00, 0x00, 0x00, 0x14, 0x3F, 0x0A, 0x02 ; file 180F36
db 0x81, 0x3D, 0x00, 0x00, 0x6C, 0x31, 0x30, 0x62, 0x2E, 0x76, 0x64, 0x78, 0x00, 0x00, 0x00, 0x00 ; file 180F46
db 0x96, 0x7C, 0x0A, 0x02, 0x74, 0x3D, 0x00, 0x00, 0x6C, 0x31, 0x30, 0x66, 0x2E, 0x76, 0x64, 0x78 ; file 180F56
db 0x00, 0x00, 0x00, 0x00, 0x0B, 0xBA, 0x0A, 0x02, 0xB7, 0x3D, 0x00, 0x00, 0x6C, 0x31, 0x31, 0x62 ; file 180F66
db 0x2E, 0x76, 0x64, 0x78, 0x00, 0x00, 0x00, 0x00, 0xC3, 0xF7, 0x0A, 0x02, 0x16, 0x3F, 0x00, 0x00 ; file 180F76
db 0x6C, 0x31, 0x31, 0x66, 0x2E, 0x76, 0x64, 0x78, 0x00, 0x00, 0x00, 0x00, 0xDA, 0x36, 0x0B, 0x02 ; file 180F86
db 0x4B, 0x3F, 0x00, 0x00, 0x6C, 0x31, 0x32, 0x62, 0x2E, 0x76, 0x64, 0x78, 0x00, 0x00, 0x00, 0x00 ; file 180F96
db 0x26, 0x76, 0x0B, 0x02, 0xF0, 0x42, 0x00, 0x00, 0x6C, 0x31, 0x32, 0x66, 0x2E, 0x76, 0x64, 0x78 ; file 180FA6
db 0x00, 0x00, 0x00, 0x00, 0x17, 0xB9, 0x0B, 0x02, 0x25, 0x43, 0x00, 0x00, 0x6C, 0x31, 0x33, 0x62 ; file 180FB6
db 0x2E, 0x76, 0x64, 0x78, 0x00, 0x00, 0x00, 0x00, 0x3D, 0xFC, 0x0B, 0x02, 0x24, 0x3F, 0x00, 0x00 ; file 180FC6
db 0x6C, 0x31, 0x33, 0x66, 0x2E, 0x76, 0x64, 0x78, 0x00, 0x00, 0x00, 0x00, 0x62, 0x3B, 0x0C, 0x02 ; file 180FD6
db 0xB0, 0x3F, 0x00, 0x00, 0x6C, 0x31, 0x34, 0x62, 0x2E, 0x76, 0x64, 0x78, 0x00, 0x00, 0x00, 0x00 ; file 180FE6
db 0x13, 0x7B, 0x0C, 0x02, 0x13, 0x3C, 0x00, 0x00, 0x6C, 0x31, 0x34, 0x66, 0x2E, 0x76, 0x64, 0x78 ; file 180FF6
db 0x00, 0x00, 0x00, 0x00, 0x27, 0xB7, 0x0C, 0x02, 0xAD, 0x3C, 0x00, 0x00, 0x6C, 0x31, 0x35, 0x62 ; file 181006
db 0x2E, 0x76, 0x64, 0x78, 0x00, 0x00, 0x00, 0x00, 0xD5, 0xF3, 0x0C, 0x02, 0x16, 0x3C, 0x00, 0x00 ; file 181016
db 0x6C, 0x31, 0x35, 0x66, 0x2E, 0x76, 0x64, 0x78, 0x00, 0x00, 0x00, 0x00, 0xEC, 0x2F, 0x0D, 0x02 ; file 181026
db 0xD8, 0x3C, 0x00, 0x00, 0x6C, 0x31, 0x36, 0x62, 0x2E, 0x76, 0x64, 0x78, 0x00, 0x00, 0x00, 0x00 ; file 181036
db 0xC5, 0x6C, 0x0D, 0x02, 0xEB, 0x3A, 0x00, 0x00, 0x6C, 0x31, 0x36, 0x66, 0x2E, 0x76, 0x64, 0x78 ; file 181046
db 0x00, 0x00, 0x00, 0x00, 0xB1, 0xA7, 0x0D, 0x02, 0x79, 0x3B, 0x00, 0x00, 0x6C, 0x31, 0x37, 0x62 ; file 181056
db 0x2E, 0x76, 0x64, 0x78, 0x00, 0x00, 0x00, 0x00, 0x2B, 0xE3, 0x0D, 0x02, 0x70, 0x3D, 0x00, 0x00 ; file 181066
db 0x6C, 0x31, 0x37, 0x66, 0x2E, 0x76, 0x64, 0x78, 0x00, 0x00, 0x00, 0x00, 0x9C, 0x20, 0x0E, 0x02 ; file 181076
db 0x15, 0x3E, 0x00, 0x00, 0x6C, 0x31, 0x38, 0x62, 0x2E, 0x76, 0x64, 0x78, 0x00, 0x00, 0x00, 0x00 ; file 181086
db 0xB2, 0x5E, 0x0E, 0x02, 0x7F, 0x3D, 0x00, 0x00, 0x6C, 0x31, 0x38, 0x66, 0x2E, 0x76, 0x64, 0x78 ; file 181096
db 0x00, 0x00, 0x00, 0x00, 0x32, 0x9C, 0x0E, 0x02, 0x10, 0x3E, 0x00, 0x00, 0x6C, 0x31, 0x39, 0x62 ; file 1810A6
db 0x2E, 0x76, 0x64, 0x78, 0x00, 0x00, 0x00, 0x00, 0x43, 0xDA, 0x0E, 0x02, 0x4B, 0x3C, 0x00, 0x00 ; file 1810B6
db 0x6C, 0x31, 0x39, 0x66, 0x2E, 0x76, 0x64, 0x78, 0x00, 0x00, 0x00, 0x00, 0x8F, 0x16, 0x0F, 0x02 ; file 1810C6
db 0x16, 0x3D, 0x00, 0x00, 0x6C, 0x32, 0x30, 0x62, 0x2E, 0x76, 0x64, 0x78, 0x00, 0x00, 0x00, 0x00 ; file 1810D6
db 0xA6, 0x53, 0x0F, 0x02, 0x21, 0x3B, 0x00, 0x00, 0x6C, 0x32, 0x30, 0x66, 0x2E, 0x76, 0x64, 0x78 ; file 1810E6
db 0x00, 0x00, 0x00, 0x00, 0xC8, 0x8E, 0x0F, 0x02, 0x98, 0x3B, 0x00, 0x00, 0x6C, 0x32, 0x31, 0x62 ; file 1810F6
db 0x2E, 0x76, 0x64, 0x78, 0x00, 0x00, 0x00, 0x00, 0x61, 0xCA, 0x0F, 0x02, 0x06, 0x3A, 0x00, 0x00 ; file 181106
db 0x6C, 0x32, 0x31, 0x66, 0x2E, 0x76, 0x64, 0x78, 0x00, 0x00, 0x00, 0x00, 0x68, 0x04, 0x10, 0x02 ; file 181116
db 0x8D, 0x3A, 0x00, 0x00, 0x6C, 0x32, 0x32, 0x62, 0x2E, 0x76, 0x64, 0x78, 0x00, 0x00, 0x00, 0x00 ; file 181126
db 0xF6, 0x3E, 0x10, 0x02, 0xDF, 0x3A, 0x00, 0x00, 0x6C, 0x32, 0x32, 0x66, 0x2E, 0x76, 0x64, 0x78 ; file 181136
db 0x00, 0x00, 0x00, 0x00, 0xD6, 0x79, 0x10, 0x02, 0x38, 0x3B, 0x00, 0x00, 0x6C, 0x32, 0x33, 0x62 ; file 181146
db 0x2E, 0x76, 0x64, 0x78, 0x00, 0x00, 0x00, 0x00, 0x0F, 0xB5, 0x10, 0x02, 0x0E, 0x44, 0x00, 0x00 ; file 181156
db 0x6C, 0x32, 0x33, 0x66, 0x2E, 0x76, 0x64, 0x78, 0x00, 0x00, 0x00, 0x00, 0x1E, 0xF9, 0x10, 0x02 ; file 181166
db 0x54, 0x44, 0x00, 0x00, 0x6C, 0x32, 0x34, 0x62, 0x2E, 0x76, 0x64, 0x78, 0x00, 0x00, 0x00, 0x00 ; file 181176
db 0x73, 0x3D, 0x11, 0x02, 0xCB, 0x3A, 0x00, 0x00, 0x6C, 0x32, 0x34, 0x66, 0x2E, 0x76, 0x64, 0x78 ; file 181186
db 0x00, 0x00, 0x00, 0x00, 0x3F, 0x78, 0x11, 0x02, 0xBA, 0x3A, 0x00, 0x00, 0x6C, 0x32, 0x35, 0x62 ; file 181196
db 0x2E, 0x76, 0x64, 0x78, 0x00, 0x00, 0x00, 0x00, 0xFA, 0xB2, 0x11, 0x02, 0x36, 0x39, 0x00, 0x00 ; file 1811A6
db 0x6C, 0x32, 0x35, 0x66, 0x2E, 0x76, 0x64, 0x78, 0x00, 0x00, 0x00, 0x00, 0x31, 0xEC, 0x11, 0x02 ; file 1811B6
db 0x60, 0x39, 0x00, 0x00, 0x6C, 0x32, 0x36, 0x62, 0x2E, 0x76, 0x64, 0x78, 0x00, 0x00, 0x00, 0x00 ; file 1811C6
db 0x92, 0x25, 0x12, 0x02, 0xCC, 0x37, 0x00, 0x00, 0x6C, 0x32, 0x36, 0x66, 0x2E, 0x76, 0x64, 0x78 ; file 1811D6
db 0x00, 0x00, 0x00, 0x00, 0x5F, 0x5D, 0x12, 0x02, 0xAB, 0x37, 0x00, 0x00, 0x6C, 0x32, 0x37, 0x62 ; file 1811E6
db 0x2E, 0x76, 0x64, 0x78, 0x00, 0x00, 0x00, 0x00, 0x0B, 0x95, 0x12, 0x02, 0xB8, 0x36, 0x00, 0x00 ; file 1811F6
db 0x6C, 0x32, 0x37, 0x66, 0x2E, 0x76, 0x64, 0x78, 0x00, 0x00, 0x00, 0x00, 0xC4, 0xCB, 0x12, 0x02 ; file 181206
db 0xD4, 0x36, 0x00, 0x00, 0x6C, 0x32, 0x38, 0x62, 0x2E, 0x76, 0x64, 0x78, 0x00, 0x00, 0x00, 0x00 ; file 181216
db 0x99, 0x02, 0x13, 0x02, 0xA5, 0x35, 0x00, 0x00, 0x6C, 0x32, 0x38, 0x66, 0x2E, 0x76, 0x64, 0x78 ; file 181226
db 0x00, 0x00, 0x00, 0x00, 0x3F, 0x38, 0x13, 0x02, 0x2A, 0x36, 0x00, 0x00, 0x6C, 0x32, 0x39, 0x62 ; file 181236
db 0x2E, 0x76, 0x64, 0x78, 0x00, 0x00, 0x00, 0x00, 0x6A, 0x6E, 0x13, 0x02, 0xFA, 0x34, 0x00, 0x00 ; file 181246
db 0x6C, 0x32, 0x39, 0x66, 0x2E, 0x76, 0x64, 0x78, 0x00, 0x00, 0x00, 0x00, 0x65, 0xA3, 0x13, 0x02 ; file 181256
db 0xAA, 0x35, 0x00, 0x00, 0x6C, 0x33, 0x30, 0x62, 0x2E, 0x76, 0x64, 0x78, 0x00, 0x00, 0x00, 0x00 ; file 181266
db 0x10, 0xD9, 0x13, 0x02, 0xCC, 0x37, 0x00, 0x00, 0x6C, 0x33, 0x30, 0x66, 0x2E, 0x76, 0x64, 0x78 ; file 181276
db 0x00, 0x00, 0x00, 0x00, 0xDD, 0x10, 0x14, 0x02, 0x11, 0x38, 0x00, 0x00, 0x6C, 0x33, 0x31, 0x62 ; file 181286
db 0x2E, 0x76, 0x64, 0x78, 0x00, 0x00, 0x00, 0x00, 0xEF, 0x48, 0x14, 0x02, 0x17, 0x39, 0x00, 0x00 ; file 181296
db 0x6C, 0x33, 0x31, 0x66, 0x2E, 0x76, 0x64, 0x78, 0x00, 0x00, 0x00, 0x00, 0x07, 0x82, 0x14, 0x02 ; file 1812A6
db 0x0F, 0x39, 0x00, 0x00, 0x6C, 0x33, 0x32, 0x62, 0x2E, 0x76, 0x64, 0x78, 0x00, 0x00, 0x00, 0x00 ; file 1812B6
db 0x17, 0xBB, 0x14, 0x02, 0x09, 0x3B, 0x00, 0x00, 0x6C, 0x33, 0x32, 0x66, 0x2E, 0x76, 0x64, 0x78 ; file 1812C6
db 0x00, 0x00, 0x00, 0x00, 0x21, 0xF6, 0x14, 0x02, 0x1C, 0x3B, 0x00, 0x00, 0x6D, 0x30, 0x30, 0x62 ; file 1812D6
db 0x2E, 0x76, 0x64, 0x78, 0x00, 0x00, 0x00, 0x00, 0x3E, 0x31, 0x15, 0x02, 0xF1, 0x36, 0x00, 0x00 ; file 1812E6
db 0x6D, 0x30, 0x30, 0x66, 0x2E, 0x76, 0x64, 0x78, 0x00, 0x00, 0x00, 0x00, 0x30, 0x68, 0x15, 0x02 ; file 1812F6
db 0xC6, 0x36, 0x00, 0x00, 0x6D, 0x30, 0x31, 0x62, 0x2E, 0x76, 0x64, 0x78, 0x00, 0x00, 0x00, 0x00 ; file 181306
db 0xF7, 0x9E, 0x15, 0x02, 0xA7, 0x35, 0x00, 0x00, 0x6D, 0x30, 0x31, 0x66, 0x2E, 0x76, 0x64, 0x78 ; file 181316
db 0x00, 0x00, 0x00, 0x00, 0x9F, 0xD4, 0x15, 0x02, 0x37, 0x35, 0x00, 0x00, 0x6D, 0x30, 0x32, 0x62 ; file 181326
db 0x2E, 0x76, 0x64, 0x78, 0x00, 0x00, 0x00, 0x00, 0xD7, 0x09, 0x16, 0x02, 0x25, 0x3C, 0x00, 0x00 ; file 181336
db 0x6D, 0x30, 0x32, 0x66, 0x2E, 0x76, 0x64, 0x78, 0x00, 0x00, 0x00, 0x00, 0xFD, 0x45, 0x16, 0x02 ; file 181346
db 0x96, 0x3B, 0x00, 0x00, 0x6D, 0x30, 0x33, 0x62, 0x2E, 0x76, 0x64, 0x78, 0x00, 0x00, 0x00, 0x00 ; file 181356
db 0x94, 0x81, 0x16, 0x02, 0x1C, 0x38, 0x00, 0x00, 0x6D, 0x30, 0x33, 0x66, 0x2E, 0x76, 0x64, 0x78 ; file 181366
db 0x00, 0x00, 0x00, 0x00, 0xB1, 0xB9, 0x16, 0x02, 0x5C, 0x38, 0x00, 0x00, 0x6D, 0x30, 0x34, 0x62 ; file 181376
db 0x2E, 0x76, 0x64, 0x78, 0x00, 0x00, 0x00, 0x00, 0x0E, 0xF2, 0x16, 0x02, 0x07, 0x37, 0x00, 0x00 ; file 181386
db 0x6D, 0x30, 0x34, 0x66, 0x2E, 0x76, 0x64, 0x78, 0x00, 0x00, 0x00, 0x00, 0x16, 0x29, 0x17, 0x02 ; file 181396
db 0xE3, 0x36, 0x00, 0x00, 0x6D, 0x30, 0x35, 0x62, 0x2E, 0x76, 0x64, 0x78, 0x00, 0x00, 0x00, 0x00 ; file 1813A6
db 0xFA, 0x5F, 0x17, 0x02, 0x93, 0x36, 0x00, 0x00, 0x6D, 0x30, 0x35, 0x66, 0x2E, 0x76, 0x64, 0x78 ; file 1813B6
db 0x00, 0x00, 0x00, 0x00, 0x8E, 0x96, 0x17, 0x02, 0x71, 0x36, 0x00, 0x00, 0x6D, 0x30, 0x36, 0x62 ; file 1813C6
db 0x2E, 0x76, 0x64, 0x78, 0x00, 0x00, 0x00, 0x00, 0x00, 0xCD, 0x17, 0x02, 0x76, 0x35, 0x00, 0x00 ; file 1813D6
db 0x6D, 0x30, 0x36, 0x66, 0x2E, 0x76, 0x64, 0x78, 0x00, 0x00, 0x00, 0x00, 0x77, 0x02, 0x18, 0x02 ; file 1813E6
db 0xE2, 0x34, 0x00, 0x00, 0x6D, 0x30, 0x37, 0x62, 0x2E, 0x76, 0x64, 0x78, 0x00, 0x00, 0x00, 0x00 ; file 1813F6
db 0x5A, 0x37, 0x18, 0x02, 0x5E, 0x34, 0x00, 0x00, 0x6D, 0x30, 0x37, 0x66, 0x2E, 0x76, 0x64, 0x78 ; file 181406
db 0x00, 0x00, 0x00, 0x00, 0xB9, 0x6B, 0x18, 0x02, 0x12, 0x34, 0x00, 0x00, 0x6D, 0x30, 0x38, 0x62 ; file 181416
db 0x2E, 0x76, 0x64, 0x78, 0x00, 0x00, 0x00, 0x00, 0xCC, 0x9F, 0x18, 0x02, 0xAF, 0x36, 0x00, 0x00 ; file 181426
db 0x6D, 0x30, 0x38, 0x66, 0x2E, 0x76, 0x64, 0x78, 0x00, 0x00, 0x00, 0x00, 0x7C, 0xD6, 0x18, 0x02 ; file 181436
db 0x84, 0x36, 0x00, 0x00, 0x6D, 0x30, 0x39, 0x62, 0x2E, 0x76, 0x64, 0x78, 0x00, 0x00, 0x00, 0x00 ; file 181446
db 0x01, 0x0D, 0x19, 0x02, 0x8A, 0x33, 0x00, 0x00, 0x6D, 0x30, 0x39, 0x66, 0x2E, 0x76, 0x64, 0x78 ; file 181456
db 0x00, 0x00, 0x00, 0x00, 0x8C, 0x40, 0x19, 0x02, 0x8B, 0x33, 0x00, 0x00, 0x6D, 0x31, 0x30, 0x62 ; file 181466
db 0x2E, 0x76, 0x64, 0x78, 0x00, 0x00, 0x00, 0x00, 0x18, 0x74, 0x19, 0x02, 0x0B, 0x37, 0x00, 0x00 ; file 181476
db 0x6D, 0x31, 0x30, 0x66, 0x2E, 0x76, 0x64, 0x78, 0x00, 0x00, 0x00, 0x00, 0x24, 0xAB, 0x19, 0x02 ; file 181486
db 0x9A, 0x36, 0x00, 0x00, 0x6D, 0x31, 0x31, 0x62, 0x2E, 0x76, 0x64, 0x78, 0x00, 0x00, 0x00, 0x00 ; file 181496
db 0xBF, 0xE1, 0x19, 0x02, 0x04, 0x32, 0x00, 0x00, 0x6D, 0x31, 0x31, 0x66, 0x2E, 0x76, 0x64, 0x78 ; file 1814A6
db 0x00, 0x00, 0x00, 0x00, 0xC4, 0x13, 0x1A, 0x02, 0x88, 0x31, 0x00, 0x00, 0x6D, 0x31, 0x32, 0x62 ; file 1814B6
db 0x2E, 0x76, 0x64, 0x78, 0x00, 0x00, 0x00, 0x00, 0x4D, 0x45, 0x1A, 0x02, 0xAE, 0x3E, 0x00, 0x00 ; file 1814C6
db 0x6D, 0x31, 0x32, 0x66, 0x2E, 0x76, 0x64, 0x78, 0x00, 0x00, 0x00, 0x00, 0xFC, 0x83, 0x1A, 0x02 ; file 1814D6
db 0xBF, 0x3E, 0x00, 0x00, 0x6D, 0x31, 0x33, 0x62, 0x2E, 0x76, 0x64, 0x78, 0x00, 0x00, 0x00, 0x00 ; file 1814E6
db 0xBC, 0xC2, 0x1A, 0x02, 0x9B, 0x34, 0x00, 0x00, 0x6D, 0x31, 0x33, 0x66, 0x2E, 0x76, 0x64, 0x78 ; file 1814F6
db 0x00, 0x00, 0x00, 0x00, 0x58, 0xF7, 0x1A, 0x02, 0xC6, 0x34, 0x00, 0x00, 0x6D, 0x31, 0x34, 0x62 ; file 181506
db 0x2E, 0x76, 0x64, 0x78, 0x00, 0x00, 0x00, 0x00, 0x1F, 0x2C, 0x1B, 0x02, 0x35, 0x32, 0x00, 0x00 ; file 181516
db 0x6D, 0x31, 0x34, 0x66, 0x2E, 0x76, 0x64, 0x78, 0x00, 0x00, 0x00, 0x00, 0x55, 0x5E, 0x1B, 0x02 ; file 181526
db 0x34, 0x32, 0x00, 0x00, 0x6D, 0x31, 0x35, 0x62, 0x2E, 0x76, 0x64, 0x78, 0x00, 0x00, 0x00, 0x00 ; file 181536
db 0x8A, 0x90, 0x1B, 0x02, 0x6D, 0x33, 0x00, 0x00, 0x6D, 0x31, 0x35, 0x66, 0x2E, 0x76, 0x64, 0x78 ; file 181546
db 0x00, 0x00, 0x00, 0x00, 0xF8, 0xC3, 0x1B, 0x02, 0xCE, 0x33, 0x00, 0x00, 0x6D, 0x31, 0x36, 0x62 ; file 181556
db 0x2E, 0x76, 0x64, 0x78, 0x00, 0x00, 0x00, 0x00, 0xC7, 0xF7, 0x1B, 0x02, 0x76, 0x32, 0x00, 0x00 ; file 181566
db 0x6D, 0x31, 0x36, 0x66, 0x2E, 0x76, 0x64, 0x78, 0x00, 0x00, 0x00, 0x00, 0x3E, 0x2A, 0x1C, 0x02 ; file 181576
db 0x7C, 0x32, 0x00, 0x00, 0x6D, 0x31, 0x37, 0x62, 0x2E, 0x76, 0x64, 0x78, 0x00, 0x00, 0x00, 0x00 ; file 181586
db 0xBB, 0x5C, 0x1C, 0x02, 0xFE, 0x34, 0x00, 0x00, 0x6D, 0x31, 0x37, 0x66, 0x2E, 0x76, 0x64, 0x78 ; file 181596
db 0x00, 0x00, 0x00, 0x00, 0xBA, 0x91, 0x1C, 0x02, 0x36, 0x35, 0x00, 0x00, 0x6D, 0x31, 0x38, 0x62 ; file 1815A6
db 0x2E, 0x76, 0x64, 0x78, 0x00, 0x00, 0x00, 0x00, 0xF1, 0xC6, 0x1C, 0x02, 0x68, 0x35, 0x00, 0x00 ; file 1815B6
db 0x6D, 0x31, 0x38, 0x66, 0x2E, 0x76, 0x64, 0x78, 0x00, 0x00, 0x00, 0x00, 0x5A, 0xFC, 0x1C, 0x02 ; file 1815C6
db 0x97, 0x35, 0x00, 0x00, 0x6D, 0x31, 0x39, 0x62, 0x2E, 0x76, 0x64, 0x78, 0x00, 0x00, 0x00, 0x00 ; file 1815D6
db 0xF2, 0x31, 0x1D, 0x02, 0x0B, 0x2B, 0x00, 0x00, 0x6D, 0x31, 0x39, 0x66, 0x2E, 0x76, 0x64, 0x78 ; file 1815E6
db 0x00, 0x00, 0x00, 0x00, 0xFE, 0x5C, 0x1D, 0x02, 0x4E, 0x2B, 0x00, 0x00, 0x6D, 0x32, 0x30, 0x62 ; file 1815F6
db 0x2E, 0x76, 0x64, 0x78, 0x00, 0x00, 0x00, 0x00, 0x4D, 0x88, 0x1D, 0x02, 0x9D, 0x35, 0x00, 0x00 ; file 181606
db 0x6D, 0x32, 0x30, 0x66, 0x2E, 0x76, 0x64, 0x78, 0x00, 0x00, 0x00, 0x00, 0xEB, 0xBD, 0x1D, 0x02 ; file 181616
db 0xC2, 0x35, 0x00, 0x00, 0x6D, 0x32, 0x31, 0x62, 0x2E, 0x76, 0x64, 0x78, 0x00, 0x00, 0x00, 0x00 ; file 181626
db 0xAE, 0xF3, 0x1D, 0x02, 0xC2, 0x35, 0x00, 0x00, 0x6D, 0x32, 0x31, 0x66, 0x2E, 0x76, 0x64, 0x78 ; file 181636
db 0x00, 0x00, 0x00, 0x00, 0x71, 0x29, 0x1E, 0x02, 0x9D, 0x35, 0x00, 0x00, 0x6D, 0x32, 0x32, 0x62 ; file 181646
db 0x2E, 0x76, 0x64, 0x78, 0x00, 0x00, 0x00, 0x00, 0x0F, 0x5F, 0x1E, 0x02, 0x21, 0x28, 0x00, 0x00 ; file 181656
db 0x6D, 0x32, 0x32, 0x66, 0x2E, 0x76, 0x64, 0x78, 0x00, 0x00, 0x00, 0x00, 0x31, 0x87, 0x1E, 0x02 ; file 181666
db 0x99, 0x27, 0x00, 0x00, 0x6D, 0x32, 0x33, 0x62, 0x2E, 0x76, 0x64, 0x78, 0x00, 0x00, 0x00, 0x00 ; file 181676
db 0xCB, 0xAE, 0x1E, 0x02, 0xA3, 0x40, 0x00, 0x00, 0x6D, 0x32, 0x33, 0x66, 0x2E, 0x76, 0x64, 0x78 ; file 181686
db 0x00, 0x00, 0x00, 0x00, 0x6F, 0xEF, 0x1E, 0x02, 0xA7, 0x40, 0x00, 0x00, 0x6D, 0x32, 0x34, 0x62 ; file 181696
db 0x2E, 0x76, 0x64, 0x78, 0x00, 0x00, 0x00, 0x00, 0x17, 0x30, 0x1F, 0x02, 0xBC, 0x34, 0x00, 0x00 ; file 1816A6
db 0x6D, 0x32, 0x34, 0x66, 0x2E, 0x76, 0x64, 0x78, 0x00, 0x00, 0x00, 0x00, 0xD4, 0x64, 0x1F, 0x02 ; file 1816B6
db 0x95, 0x34, 0x00, 0x00, 0x6D, 0x32, 0x35, 0x62, 0x2E, 0x76, 0x64, 0x78, 0x00, 0x00, 0x00, 0x00 ; file 1816C6
db 0x6A, 0x99, 0x1F, 0x02, 0xE3, 0x33, 0x00, 0x00, 0x6D, 0x32, 0x35, 0x66, 0x2E, 0x76, 0x64, 0x78 ; file 1816D6
db 0x00, 0x00, 0x00, 0x00, 0x4E, 0xCD, 0x1F, 0x02, 0xE2, 0x33, 0x00, 0x00, 0x6D, 0x32, 0x36, 0x62 ; file 1816E6
db 0x2E, 0x76, 0x64, 0x78, 0x00, 0x00, 0x00, 0x00, 0x31, 0x01, 0x20, 0x02, 0xC9, 0x33, 0x00, 0x00 ; file 1816F6
db 0x6D, 0x32, 0x36, 0x66, 0x2E, 0x76, 0x64, 0x78, 0x00, 0x00, 0x00, 0x00, 0xFB, 0x34, 0x20, 0x02 ; file 181706
db 0x99, 0x33, 0x00, 0x00, 0x6D, 0x32, 0x37, 0x62, 0x2E, 0x76, 0x64, 0x78, 0x00, 0x00, 0x00, 0x00 ; file 181716
db 0x95, 0x68, 0x20, 0x02, 0x15, 0x33, 0x00, 0x00, 0x6D, 0x32, 0x37, 0x66, 0x2E, 0x76, 0x64, 0x78 ; file 181726
db 0x00, 0x00, 0x00, 0x00, 0xAB, 0x9B, 0x20, 0x02, 0xE2, 0x32, 0x00, 0x00, 0x6D, 0x32, 0x38, 0x62 ; file 181736
db 0x2E, 0x76, 0x64, 0x78, 0x00, 0x00, 0x00, 0x00, 0x8E, 0xCE, 0x20, 0x02, 0x1A, 0x32, 0x00, 0x00 ; file 181746
db 0x6D, 0x32, 0x38, 0x66, 0x2E, 0x76, 0x64, 0x78, 0x00, 0x00, 0x00, 0x00, 0xA9, 0x00, 0x21, 0x02 ; file 181756
db 0x16, 0x32, 0x00, 0x00, 0x6D, 0x32, 0x39, 0x62, 0x2E, 0x76, 0x64, 0x78, 0x00, 0x00, 0x00, 0x00 ; file 181766
db 0xC0, 0x32, 0x21, 0x02, 0x71, 0x31, 0x00, 0x00, 0x6D, 0x32, 0x39, 0x66, 0x2E, 0x76, 0x64, 0x78 ; file 181776
db 0x00, 0x00, 0x00, 0x00, 0x32, 0x64, 0x21, 0x02, 0xD5, 0x31, 0x00, 0x00, 0x6D, 0x33, 0x30, 0x62 ; file 181786
db 0x2E, 0x76, 0x64, 0x78, 0x00, 0x00, 0x00, 0x00, 0x08, 0x96, 0x21, 0x02, 0x46, 0x2D, 0x00, 0x00 ; file 181796
db 0x6D, 0x33, 0x30, 0x66, 0x2E, 0x76, 0x64, 0x78, 0x00, 0x00, 0x00, 0x00, 0x4F, 0xC3, 0x21, 0x02 ; file 1817A6
db 0x7C, 0x2D, 0x00, 0x00, 0x6D, 0x33, 0x31, 0x62, 0x2E, 0x76, 0x64, 0x78, 0x00, 0x00, 0x00, 0x00 ; file 1817B6
db 0xCC, 0xF0, 0x21, 0x02, 0x74, 0x30, 0x00, 0x00, 0x6D, 0x33, 0x31, 0x66, 0x2E, 0x76, 0x64, 0x78 ; file 1817C6
db 0x00, 0x00, 0x00, 0x00, 0x41, 0x21, 0x22, 0x02, 0x0A, 0x30, 0x00, 0x00, 0x6D, 0x33, 0x32, 0x62 ; file 1817D6
db 0x2E, 0x76, 0x64, 0x78, 0x00, 0x00, 0x00, 0x00, 0x4C, 0x51, 0x22, 0x02, 0x50, 0x38, 0x00, 0x00 ; file 1817E6
db 0x6D, 0x33, 0x32, 0x66, 0x2E, 0x76, 0x64, 0x78, 0x00, 0x00, 0x00, 0x00, 0x9D, 0x89, 0x22, 0x02 ; file 1817F6
db 0xB3, 0x37, 0x00, 0x00, 0x70, 0x30, 0x30, 0x62, 0x2E, 0x76, 0x64, 0x78, 0x00, 0x00, 0x00, 0x00 ; file 181806
db 0x51, 0xC1, 0x22, 0x02, 0x71, 0x3E, 0x00, 0x00, 0x70, 0x30, 0x30, 0x66, 0x2E, 0x76, 0x64, 0x78 ; file 181816
db 0x00, 0x00, 0x00, 0x00, 0xC3, 0xFF, 0x22, 0x02, 0xA0, 0x3D, 0x00, 0x00, 0x70, 0x30, 0x31, 0x62 ; file 181826
db 0x2E, 0x76, 0x64, 0x78, 0x00, 0x00, 0x00, 0x00, 0x64, 0x3D, 0x23, 0x02, 0xE7, 0x3D, 0x00, 0x00 ; file 181836
db 0x70, 0x30, 0x31, 0x66, 0x2E, 0x76, 0x64, 0x78, 0x00, 0x00, 0x00, 0x00, 0x4C, 0x7B, 0x23, 0x02 ; file 181846
db 0x36, 0x3D, 0x00, 0x00, 0x70, 0x30, 0x32, 0x62, 0x2E, 0x76, 0x64, 0x78, 0x00, 0x00, 0x00, 0x00 ; file 181856
db 0x83, 0xB8, 0x23, 0x02, 0x5C, 0x45, 0x00, 0x00, 0x70, 0x30, 0x32, 0x66, 0x2E, 0x76, 0x64, 0x78 ; file 181866
db 0x00, 0x00, 0x00, 0x00, 0xE0, 0xFD, 0x23, 0x02, 0x21, 0x44, 0x00, 0x00, 0x70, 0x30, 0x33, 0x62 ; file 181876
db 0x2E, 0x76, 0x64, 0x78, 0x00, 0x00, 0x00, 0x00, 0x02, 0x42, 0x24, 0x02, 0x85, 0x3D, 0x00, 0x00 ; file 181886
db 0x70, 0x30, 0x33, 0x66, 0x2E, 0x76, 0x64, 0x78, 0x00, 0x00, 0x00, 0x00, 0x88, 0x7F, 0x24, 0x02 ; file 181896
db 0x1A, 0x3D, 0x00, 0x00, 0x70, 0x30, 0x34, 0x62, 0x2E, 0x76, 0x64, 0x78, 0x00, 0x00, 0x00, 0x00 ; file 1818A6
db 0xA3, 0xBC, 0x24, 0x02, 0xA5, 0x3E, 0x00, 0x00, 0x70, 0x30, 0x34, 0x66, 0x2E, 0x76, 0x64, 0x78 ; file 1818B6
db 0x00, 0x00, 0x00, 0x00, 0x49, 0xFB, 0x24, 0x02, 0x63, 0x3D, 0x00, 0x00, 0x70, 0x30, 0x35, 0x62 ; file 1818C6
db 0x2E, 0x76, 0x64, 0x78, 0x00, 0x00, 0x00, 0x00, 0xAD, 0x38, 0x25, 0x02, 0xEE, 0x3E, 0x00, 0x00 ; file 1818D6
db 0x70, 0x30, 0x35, 0x66, 0x2E, 0x76, 0x64, 0x78, 0x00, 0x00, 0x00, 0x00, 0x9C, 0x77, 0x25, 0x02 ; file 1818E6
db 0x76, 0x3D, 0x00, 0x00, 0x70, 0x30, 0x36, 0x62, 0x2E, 0x76, 0x64, 0x78, 0x00, 0x00, 0x00, 0x00 ; file 1818F6
db 0x13, 0xB5, 0x25, 0x02, 0xAA, 0x40, 0x00, 0x00, 0x70, 0x30, 0x36, 0x66, 0x2E, 0x76, 0x64, 0x78 ; file 181906
db 0x00, 0x00, 0x00, 0x00, 0xBE, 0xF5, 0x25, 0x02, 0x1B, 0x3F, 0x00, 0x00, 0x70, 0x30, 0x37, 0x62 ; file 181916
db 0x2E, 0x76, 0x64, 0x78, 0x00, 0x00, 0x00, 0x00, 0xDA, 0x34, 0x26, 0x02, 0xF5, 0x3A, 0x00, 0x00 ; file 181926
db 0x70, 0x30, 0x37, 0x66, 0x2E, 0x76, 0x64, 0x78, 0x00, 0x00, 0x00, 0x00, 0xD0, 0x6F, 0x26, 0x02 ; file 181936
db 0xB8, 0x39, 0x00, 0x00, 0x70, 0x30, 0x38, 0x62, 0x2E, 0x76, 0x64, 0x78, 0x00, 0x00, 0x00, 0x00 ; file 181946
db 0x89, 0xA9, 0x26, 0x02, 0x52, 0x3D, 0x00, 0x00, 0x70, 0x30, 0x38, 0x66, 0x2E, 0x76, 0x64, 0x78 ; file 181956
db 0x00, 0x00, 0x00, 0x00, 0xDC, 0xE6, 0x26, 0x02, 0xEA, 0x3B, 0x00, 0x00, 0x70, 0x30, 0x39, 0x62 ; file 181966
db 0x2E, 0x76, 0x64, 0x78, 0x00, 0x00, 0x00, 0x00, 0xC7, 0x22, 0x27, 0x02, 0xD3, 0x3E, 0x00, 0x00 ; file 181976
db 0x70, 0x30, 0x39, 0x66, 0x2E, 0x76, 0x64, 0x78, 0x00, 0x00, 0x00, 0x00, 0x9B, 0x61, 0x27, 0x02 ; file 181986
db 0x4D, 0x3D, 0x00, 0x00, 0x70, 0x31, 0x30, 0x62, 0x2E, 0x76, 0x64, 0x78, 0x00, 0x00, 0x00, 0x00 ; file 181996
db 0xE9, 0x9E, 0x27, 0x02, 0xA7, 0x3E, 0x00, 0x00, 0x70, 0x31, 0x30, 0x66, 0x2E, 0x76, 0x64, 0x78 ; file 1819A6
db 0x00, 0x00, 0x00, 0x00, 0x91, 0xDD, 0x27, 0x02, 0x2A, 0x3D, 0x00, 0x00, 0x70, 0x31, 0x31, 0x62 ; file 1819B6
db 0x2E, 0x76, 0x64, 0x78, 0x00, 0x00, 0x00, 0x00, 0xBC, 0x1A, 0x28, 0x02, 0xBC, 0x3F, 0x00, 0x00 ; file 1819C6
db 0x70, 0x31, 0x31, 0x66, 0x2E, 0x76, 0x64, 0x78, 0x00, 0x00, 0x00, 0x00, 0x79, 0x5A, 0x28, 0x02 ; file 1819D6
db 0x7E, 0x3E, 0x00, 0x00, 0x70, 0x31, 0x32, 0x62, 0x2E, 0x76, 0x64, 0x78, 0x00, 0x00, 0x00, 0x00 ; file 1819E6
db 0xF8, 0x98, 0x28, 0x02, 0x1B, 0x42, 0x00, 0x00, 0x70, 0x31, 0x32, 0x66, 0x2E, 0x76, 0x64, 0x78 ; file 1819F6
db 0x00, 0x00, 0x00, 0x00, 0x14, 0xDB, 0x28, 0x02, 0xF0, 0x41, 0x00, 0x00, 0x70, 0x31, 0x33, 0x62 ; file 181A06
db 0x2E, 0x76, 0x64, 0x78, 0x00, 0x00, 0x00, 0x00, 0x05, 0x1D, 0x29, 0x02, 0x7E, 0x3C, 0x00, 0x00 ; file 181A16
db 0x70, 0x31, 0x33, 0x66, 0x2E, 0x76, 0x64, 0x78, 0x00, 0x00, 0x00, 0x00, 0x84, 0x59, 0x29, 0x02 ; file 181A26
db 0xE3, 0x3A, 0x00, 0x00, 0x70, 0x31, 0x34, 0x62, 0x2E, 0x76, 0x64, 0x78, 0x00, 0x00, 0x00, 0x00 ; file 181A36
db 0x68, 0x94, 0x29, 0x02, 0xB7, 0x3A, 0x00, 0x00, 0x70, 0x31, 0x34, 0x66, 0x2E, 0x76, 0x64, 0x78 ; file 181A46
db 0x00, 0x00, 0x00, 0x00, 0x20, 0xCF, 0x29, 0x02, 0x18, 0x39, 0x00, 0x00, 0x70, 0x31, 0x35, 0x62 ; file 181A56
db 0x2E, 0x76, 0x64, 0x78, 0x00, 0x00, 0x00, 0x00, 0x39, 0x08, 0x2A, 0x02, 0x81, 0x39, 0x00, 0x00 ; file 181A66
db 0x70, 0x31, 0x35, 0x66, 0x2E, 0x76, 0x64, 0x78, 0x00, 0x00, 0x00, 0x00, 0xBB, 0x41, 0x2A, 0x02 ; file 181A76
db 0x70, 0x38, 0x00, 0x00, 0x70, 0x31, 0x36, 0x62, 0x2E, 0x76, 0x64, 0x78, 0x00, 0x00, 0x00, 0x00 ; file 181A86
db 0x2C, 0x7A, 0x2A, 0x02, 0x16, 0x38, 0x00, 0x00, 0x70, 0x31, 0x36, 0x66, 0x2E, 0x76, 0x64, 0x78 ; file 181A96
db 0x00, 0x00, 0x00, 0x00, 0x43, 0xB2, 0x2A, 0x02, 0xEA, 0x36, 0x00, 0x00, 0x70, 0x31, 0x37, 0x62 ; file 181AA6
db 0x2E, 0x76, 0x64, 0x78, 0x00, 0x00, 0x00, 0x00, 0x2E, 0xE9, 0x2A, 0x02, 0xE4, 0x36, 0x00, 0x00 ; file 181AB6
db 0x70, 0x31, 0x37, 0x66, 0x2E, 0x76, 0x64, 0x78, 0x00, 0x00, 0x00, 0x00, 0x13, 0x20, 0x2B, 0x02 ; file 181AC6
db 0x46, 0x36, 0x00, 0x00, 0x70, 0x31, 0x38, 0x62, 0x2E, 0x76, 0x64, 0x78, 0x00, 0x00, 0x00, 0x00 ; file 181AD6
db 0x5A, 0x56, 0x2B, 0x02, 0xBF, 0x37, 0x00, 0x00, 0x70, 0x31, 0x38, 0x66, 0x2E, 0x76, 0x64, 0x78 ; file 181AE6
db 0x00, 0x00, 0x00, 0x00, 0x1A, 0x8E, 0x2B, 0x02, 0xCD, 0x36, 0x00, 0x00, 0x70, 0x31, 0x39, 0x62 ; file 181AF6
db 0x2E, 0x76, 0x64, 0x78, 0x00, 0x00, 0x00, 0x00, 0xE8, 0xC4, 0x2B, 0x02, 0x75, 0x3A, 0x00, 0x00 ; file 181B06
db 0x70, 0x31, 0x39, 0x66, 0x2E, 0x76, 0x64, 0x78, 0x00, 0x00, 0x00, 0x00, 0x5E, 0xFF, 0x2B, 0x02 ; file 181B16
db 0x67, 0x39, 0x00, 0x00, 0x70, 0x32, 0x30, 0x62, 0x2E, 0x76, 0x64, 0x78, 0x00, 0x00, 0x00, 0x00 ; file 181B26
db 0xC6, 0x38, 0x2C, 0x02, 0xD4, 0x39, 0x00, 0x00, 0x70, 0x32, 0x30, 0x66, 0x2E, 0x76, 0x64, 0x78 ; file 181B36
db 0x00, 0x00, 0x00, 0x00, 0x9B, 0x72, 0x2C, 0x02, 0x9B, 0x38, 0x00, 0x00, 0x70, 0x32, 0x31, 0x62 ; file 181B46
db 0x2E, 0x76, 0x64, 0x78, 0x00, 0x00, 0x00, 0x00, 0x37, 0xAB, 0x2C, 0x02, 0x39, 0x3E, 0x00, 0x00 ; file 181B56
db 0x70, 0x32, 0x31, 0x66, 0x2E, 0x76, 0x64, 0x78, 0x00, 0x00, 0x00, 0x00, 0x71, 0xE9, 0x2C, 0x02 ; file 181B66
db 0x07, 0x3D, 0x00, 0x00, 0x70, 0x32, 0x32, 0x62, 0x2E, 0x76, 0x64, 0x78, 0x00, 0x00, 0x00, 0x00 ; file 181B76
db 0x79, 0x26, 0x2D, 0x02, 0xE1, 0x3D, 0x00, 0x00, 0x70, 0x32, 0x32, 0x66, 0x2E, 0x76, 0x64, 0x78 ; file 181B86
db 0x00, 0x00, 0x00, 0x00, 0x5B, 0x64, 0x2D, 0x02, 0x7C, 0x3C, 0x00, 0x00, 0x70, 0x32, 0x33, 0x62 ; file 181B96
db 0x2E, 0x76, 0x64, 0x78, 0x00, 0x00, 0x00, 0x00, 0xD8, 0xA0, 0x2D, 0x02, 0x18, 0x40, 0x00, 0x00 ; file 181BA6
db 0x70, 0x32, 0x33, 0x66, 0x2E, 0x76, 0x64, 0x78, 0x00, 0x00, 0x00, 0x00, 0xF1, 0xE0, 0x2D, 0x02 ; file 181BB6
db 0x86, 0x3F, 0x00, 0x00, 0x70, 0x32, 0x34, 0x62, 0x2E, 0x76, 0x64, 0x78, 0x00, 0x00, 0x00, 0x00 ; file 181BC6
db 0x78, 0x20, 0x2E, 0x02, 0xC2, 0x37, 0x00, 0x00, 0x70, 0x32, 0x34, 0x66, 0x2E, 0x76, 0x64, 0x78 ; file 181BD6
db 0x00, 0x00, 0x00, 0x00, 0x3B, 0x58, 0x2E, 0x02, 0xDB, 0x36, 0x00, 0x00, 0x70, 0x32, 0x35, 0x62 ; file 181BE6
db 0x2E, 0x76, 0x64, 0x78, 0x00, 0x00, 0x00, 0x00, 0x17, 0x8F, 0x2E, 0x02, 0x65, 0x35, 0x00, 0x00 ; file 181BF6
db 0x70, 0x32, 0x35, 0x66, 0x2E, 0x76, 0x64, 0x78, 0x00, 0x00, 0x00, 0x00, 0x7D, 0xC4, 0x2E, 0x02 ; file 181C06
db 0xCF, 0x34, 0x00, 0x00, 0x70, 0x32, 0x36, 0x62, 0x2E, 0x76, 0x64, 0x78, 0x00, 0x00, 0x00, 0x00 ; file 181C16
db 0x4D, 0xF9, 0x2E, 0x02, 0x77, 0x34, 0x00, 0x00, 0x70, 0x32, 0x36, 0x66, 0x2E, 0x76, 0x64, 0x78 ; file 181C26
db 0x00, 0x00, 0x00, 0x00, 0xC5, 0x2D, 0x2F, 0x02, 0xB7, 0x33, 0x00, 0x00, 0x70, 0x32, 0x37, 0x62 ; file 181C36
db 0x2E, 0x76, 0x64, 0x78, 0x00, 0x00, 0x00, 0x00, 0x7D, 0x61, 0x2F, 0x02, 0x64, 0x33, 0x00, 0x00 ; file 181C46
db 0x70, 0x32, 0x37, 0x66, 0x2E, 0x76, 0x64, 0x78, 0x00, 0x00, 0x00, 0x00, 0xE2, 0x94, 0x2F, 0x02 ; file 181C56
db 0x07, 0x33, 0x00, 0x00, 0x70, 0x32, 0x38, 0x62, 0x2E, 0x76, 0x64, 0x78, 0x00, 0x00, 0x00, 0x00 ; file 181C66
db 0xEA, 0xC7, 0x2F, 0x02, 0xCA, 0x32, 0x00, 0x00, 0x70, 0x32, 0x38, 0x66, 0x2E, 0x76, 0x64, 0x78 ; file 181C76
db 0x00, 0x00, 0x00, 0x00, 0xB5, 0xFA, 0x2F, 0x02, 0xC2, 0x32, 0x00, 0x00, 0x70, 0x32, 0x39, 0x62 ; file 181C86
db 0x2E, 0x76, 0x64, 0x78, 0x00, 0x00, 0x00, 0x00, 0x78, 0x2D, 0x30, 0x02, 0x4B, 0x32, 0x00, 0x00 ; file 181C96
db 0x70, 0x32, 0x39, 0x66, 0x2E, 0x76, 0x64, 0x78, 0x00, 0x00, 0x00, 0x00, 0xC4, 0x5F, 0x30, 0x02 ; file 181CA6
db 0x31, 0x32, 0x00, 0x00, 0x70, 0x33, 0x30, 0x62, 0x2E, 0x76, 0x64, 0x78, 0x00, 0x00, 0x00, 0x00 ; file 181CB6
db 0xF6, 0x91, 0x30, 0x02, 0x81, 0x33, 0x00, 0x00, 0x70, 0x33, 0x30, 0x66, 0x2E, 0x76, 0x64, 0x78 ; file 181CC6
db 0x00, 0x00, 0x00, 0x00, 0x78, 0xC5, 0x30, 0x02, 0xD9, 0x32, 0x00, 0x00, 0x70, 0x33, 0x31, 0x62 ; file 181CD6
db 0x2E, 0x76, 0x64, 0x78, 0x00, 0x00, 0x00, 0x00, 0x52, 0xF8, 0x30, 0x02, 0xAA, 0x3A, 0x00, 0x00 ; file 181CE6
db 0x70, 0x33, 0x31, 0x66, 0x2E, 0x76, 0x64, 0x78, 0x00, 0x00, 0x00, 0x00, 0xFD, 0x32, 0x31, 0x02 ; file 181CF6
db 0xC9, 0x39, 0x00, 0x00, 0x70, 0x33, 0x32, 0x62, 0x2E, 0x76, 0x64, 0x78, 0x00, 0x00, 0x00, 0x00 ; file 181D06
db 0xC7, 0x6C, 0x31, 0x02, 0x32, 0x3D, 0x00, 0x00, 0x70, 0x33, 0x32, 0x66, 0x2E, 0x76, 0x64, 0x78 ; file 181D16
db 0x00, 0x00, 0x00, 0x00, 0xFA, 0xA9, 0x31, 0x02, 0x08, 0x3C, 0x00, 0x00, 0x72, 0x30, 0x30, 0x62 ; file 181D26
db 0x2E, 0x76, 0x64, 0x78, 0x00, 0x00, 0x00, 0x00, 0x03, 0xE6, 0x31, 0x02, 0xBA, 0x4A, 0x00, 0x00 ; file 181D36
db 0x72, 0x30, 0x30, 0x66, 0x2E, 0x76, 0x64, 0x78, 0x00, 0x00, 0x00, 0x00, 0xBE, 0x30, 0x32, 0x02 ; file 181D46
db 0x5A, 0x48, 0x00, 0x00, 0x72, 0x30, 0x31, 0x62, 0x2E, 0x76, 0x64, 0x78, 0x00, 0x00, 0x00, 0x00 ; file 181D56
db 0x19, 0x79, 0x32, 0x02, 0x04, 0x45, 0x00, 0x00, 0x72, 0x30, 0x31, 0x66, 0x2E, 0x76, 0x64, 0x78 ; file 181D66
db 0x00, 0x00, 0x00, 0x00, 0x1E, 0xBE, 0x32, 0x02, 0xD8, 0x42, 0x00, 0x00, 0x72, 0x30, 0x32, 0x62 ; file 181D76
db 0x2E, 0x76, 0x64, 0x78, 0x00, 0x00, 0x00, 0x00, 0xF7, 0x00, 0x33, 0x02, 0x2D, 0x45, 0x00, 0x00 ; file 181D86
db 0x72, 0x30, 0x32, 0x66, 0x2E, 0x76, 0x64, 0x78, 0x00, 0x00, 0x00, 0x00, 0x25, 0x46, 0x33, 0x02 ; file 181D96
db 0x91, 0x42, 0x00, 0x00, 0x72, 0x30, 0x33, 0x62, 0x2E, 0x76, 0x64, 0x78, 0x00, 0x00, 0x00, 0x00 ; file 181DA6
db 0xB7, 0x88, 0x33, 0x02, 0x45, 0x46, 0x00, 0x00, 0x72, 0x30, 0x33, 0x66, 0x2E, 0x76, 0x64, 0x78 ; file 181DB6
db 0x00, 0x00, 0x00, 0x00, 0xFD, 0xCE, 0x33, 0x02, 0x95, 0x44, 0x00, 0x00, 0x72, 0x30, 0x34, 0x62 ; file 181DC6
db 0x2E, 0x76, 0x64, 0x78, 0x00, 0x00, 0x00, 0x00, 0x93, 0x13, 0x34, 0x02, 0xB5, 0x48, 0x00, 0x00 ; file 181DD6
db 0x72, 0x30, 0x34, 0x66, 0x2E, 0x76, 0x64, 0x78, 0x00, 0x00, 0x00, 0x00, 0x49, 0x5C, 0x34, 0x02 ; file 181DE6
db 0x2D, 0x46, 0x00, 0x00, 0x72, 0x30, 0x35, 0x62, 0x2E, 0x76, 0x64, 0x78, 0x00, 0x00, 0x00, 0x00 ; file 181DF6
db 0x77, 0xA2, 0x34, 0x02, 0x86, 0x47, 0x00, 0x00, 0x72, 0x30, 0x35, 0x66, 0x2E, 0x76, 0x64, 0x78 ; file 181E06
db 0x00, 0x00, 0x00, 0x00, 0xFE, 0xE9, 0x34, 0x02, 0x42, 0x45, 0x00, 0x00, 0x72, 0x30, 0x36, 0x62 ; file 181E16
db 0x2E, 0x76, 0x64, 0x78, 0x00, 0x00, 0x00, 0x00, 0x41, 0x2F, 0x35, 0x02, 0x7D, 0x46, 0x00, 0x00 ; file 181E26
db 0x72, 0x30, 0x36, 0x66, 0x2E, 0x76, 0x64, 0x78, 0x00, 0x00, 0x00, 0x00, 0xBF, 0x75, 0x35, 0x02 ; file 181E36
db 0x35, 0x44, 0x00, 0x00, 0x72, 0x30, 0x37, 0x62, 0x2E, 0x76, 0x64, 0x78, 0x00, 0x00, 0x00, 0x00 ; file 181E46
db 0xF5, 0xB9, 0x35, 0x02, 0xC0, 0x45, 0x00, 0x00, 0x72, 0x30, 0x37, 0x66, 0x2E, 0x76, 0x64, 0x78 ; file 181E56
db 0x00, 0x00, 0x00, 0x00, 0xB6, 0xFF, 0x35, 0x02, 0xAD, 0x43, 0x00, 0x00, 0x72, 0x30, 0x38, 0x62 ; file 181E66
db 0x2E, 0x76, 0x64, 0x78, 0x00, 0x00, 0x00, 0x00, 0x64, 0x43, 0x36, 0x02, 0x9F, 0x48, 0x00, 0x00 ; file 181E76
db 0x72, 0x30, 0x38, 0x66, 0x2E, 0x76, 0x64, 0x78, 0x00, 0x00, 0x00, 0x00, 0x04, 0x8C, 0x36, 0x02 ; file 181E86
db 0x1F, 0x46, 0x00, 0x00, 0x72, 0x30, 0x39, 0x62, 0x2E, 0x76, 0x64, 0x78, 0x00, 0x00, 0x00, 0x00 ; file 181E96
db 0x24, 0xD2, 0x36, 0x02, 0xA4, 0x4A, 0x00, 0x00, 0x72, 0x30, 0x39, 0x66, 0x2E, 0x76, 0x64, 0x78 ; file 181EA6
db 0x00, 0x00, 0x00, 0x00, 0xC9, 0x1C, 0x37, 0x02, 0x04, 0x48, 0x00, 0x00, 0x72, 0x31, 0x30, 0x62 ; file 181EB6
db 0x2E, 0x76, 0x64, 0x78, 0x00, 0x00, 0x00, 0x00, 0xCE, 0x64, 0x37, 0x02, 0x5E, 0x4A, 0x00, 0x00 ; file 181EC6
db 0x72, 0x31, 0x30, 0x66, 0x2E, 0x76, 0x64, 0x78, 0x00, 0x00, 0x00, 0x00, 0x2D, 0xAF, 0x37, 0x02 ; file 181ED6
db 0xA5, 0x47, 0x00, 0x00, 0x72, 0x31, 0x31, 0x62, 0x2E, 0x76, 0x64, 0x78, 0x00, 0x00, 0x00, 0x00 ; file 181EE6
db 0xD3, 0xF6, 0x37, 0x02, 0x52, 0x4B, 0x00, 0x00, 0x72, 0x31, 0x31, 0x66, 0x2E, 0x76, 0x64, 0x78 ; file 181EF6
db 0x00, 0x00, 0x00, 0x00, 0x26, 0x42, 0x38, 0x02, 0x64, 0x48, 0x00, 0x00, 0x72, 0x31, 0x32, 0x62 ; file 181F06
db 0x2E, 0x76, 0x64, 0x78, 0x00, 0x00, 0x00, 0x00, 0x8B, 0x8A, 0x38, 0x02, 0x03, 0x37, 0x00, 0x00 ; file 181F16
db 0x72, 0x31, 0x32, 0x66, 0x2E, 0x76, 0x64, 0x78, 0x00, 0x00, 0x00, 0x00, 0x8F, 0xC1, 0x38, 0x02 ; file 181F26
db 0x07, 0x35, 0x00, 0x00, 0x72, 0x31, 0x33, 0x62, 0x2E, 0x76, 0x64, 0x78, 0x00, 0x00, 0x00, 0x00 ; file 181F36
db 0x97, 0xF6, 0x38, 0x02, 0x1E, 0x46, 0x00, 0x00, 0x72, 0x31, 0x33, 0x66, 0x2E, 0x76, 0x64, 0x78 ; file 181F46
db 0x00, 0x00, 0x00, 0x00, 0xB6, 0x3C, 0x39, 0x02, 0xEB, 0x43, 0x00, 0x00, 0x72, 0x31, 0x34, 0x62 ; file 181F56
db 0x2E, 0x76, 0x64, 0x78, 0x00, 0x00, 0x00, 0x00, 0xA2, 0x80, 0x39, 0x02, 0x18, 0x47, 0x00, 0x00 ; file 181F66
db 0x72, 0x31, 0x34, 0x66, 0x2E, 0x76, 0x64, 0x78, 0x00, 0x00, 0x00, 0x00, 0xBB, 0xC7, 0x39, 0x02 ; file 181F76
db 0x09, 0x45, 0x00, 0x00, 0x72, 0x31, 0x35, 0x62, 0x2E, 0x76, 0x64, 0x78, 0x00, 0x00, 0x00, 0x00 ; file 181F86
db 0xC5, 0x0C, 0x3A, 0x02, 0xF1, 0x46, 0x00, 0x00, 0x72, 0x31, 0x35, 0x66, 0x2E, 0x76, 0x64, 0x78 ; file 181F96
db 0x00, 0x00, 0x00, 0x00, 0xB7, 0x53, 0x3A, 0x02, 0xD1, 0x44, 0x00, 0x00, 0x72, 0x31, 0x36, 0x62 ; file 181FA6
db 0x2E, 0x76, 0x64, 0x78, 0x00, 0x00, 0x00, 0x00, 0x89, 0x98, 0x3A, 0x02, 0x60, 0x46, 0x00, 0x00 ; file 181FB6
db 0x72, 0x31, 0x36, 0x66, 0x2E, 0x76, 0x64, 0x78, 0x00, 0x00, 0x00, 0x00, 0xEA, 0xDE, 0x3A, 0x02 ; file 181FC6
db 0x37, 0x44, 0x00, 0x00, 0x72, 0x31, 0x37, 0x62, 0x2E, 0x76, 0x64, 0x78, 0x00, 0x00, 0x00, 0x00 ; file 181FD6
db 0x22, 0x23, 0x3B, 0x02, 0x22, 0x47, 0x00, 0x00, 0x72, 0x31, 0x37, 0x66, 0x2E, 0x76, 0x64, 0x78 ; file 181FE6
db 0x00, 0x00, 0x00, 0x00, 0x45, 0x6A, 0x3B, 0x02, 0xD3, 0x44, 0x00, 0x00, 0x72, 0x31, 0x38, 0x62 ; file 181FF6
db 0x2E, 0x76, 0x64, 0x78, 0x00, 0x00, 0x00, 0x00, 0x19, 0xAF, 0x3B, 0x02, 0x87, 0x45, 0x00, 0x00 ; file 182006
db 0x72, 0x31, 0x38, 0x66, 0x2E, 0x76, 0x64, 0x78, 0x00, 0x00, 0x00, 0x00, 0xA1, 0xF4, 0x3B, 0x02 ; file 182016
db 0x0A, 0x43, 0x00, 0x00, 0x72, 0x31, 0x39, 0x62, 0x2E, 0x76, 0x64, 0x78, 0x00, 0x00, 0x00, 0x00 ; file 182026
db 0xAC, 0x37, 0x3C, 0x02, 0xE2, 0x48, 0x00, 0x00, 0x72, 0x31, 0x39, 0x66, 0x2E, 0x76, 0x64, 0x78 ; file 182036
db 0x00, 0x00, 0x00, 0x00, 0x8F, 0x80, 0x3C, 0x02, 0x5D, 0x46, 0x00, 0x00, 0x72, 0x32, 0x30, 0x62 ; file 182046
db 0x2E, 0x76, 0x64, 0x78, 0x00, 0x00, 0x00, 0x00, 0xED, 0xC6, 0x3C, 0x02, 0x29, 0x48, 0x00, 0x00 ; file 182056
db 0x72, 0x32, 0x30, 0x66, 0x2E, 0x76, 0x64, 0x78, 0x00, 0x00, 0x00, 0x00, 0x17, 0x0F, 0x3D, 0x02 ; file 182066
db 0x69, 0x45, 0x00, 0x00, 0x72, 0x32, 0x31, 0x62, 0x2E, 0x76, 0x64, 0x78, 0x00, 0x00, 0x00, 0x00 ; file 182076
db 0x81, 0x54, 0x3D, 0x02, 0xB4, 0x48, 0x00, 0x00, 0x72, 0x32, 0x31, 0x66, 0x2E, 0x76, 0x64, 0x78 ; file 182086
db 0x00, 0x00, 0x00, 0x00, 0x36, 0x9D, 0x3D, 0x02, 0x01, 0x46, 0x00, 0x00, 0x72, 0x32, 0x32, 0x62 ; file 182096
db 0x2E, 0x76, 0x64, 0x78, 0x00, 0x00, 0x00, 0x00, 0x38, 0xE3, 0x3D, 0x02, 0x2E, 0x4C, 0x00, 0x00 ; file 1820A6
db 0x72, 0x32, 0x32, 0x66, 0x2E, 0x76, 0x64, 0x78, 0x00, 0x00, 0x00, 0x00, 0x67, 0x2F, 0x3E, 0x02 ; file 1820B6
db 0x2E, 0x49, 0x00, 0x00, 0x72, 0x32, 0x33, 0x62, 0x2E, 0x76, 0x64, 0x78, 0x00, 0x00, 0x00, 0x00 ; file 1820C6
db 0x96, 0x78, 0x3E, 0x02, 0xAE, 0x33, 0x00, 0x00, 0x72, 0x32, 0x33, 0x66, 0x2E, 0x76, 0x64, 0x78 ; file 1820D6
db 0x00, 0x00, 0x00, 0x00, 0x45, 0xAC, 0x3E, 0x02, 0x8C, 0x31, 0x00, 0x00, 0x72, 0x32, 0x34, 0x62 ; file 1820E6
db 0x2E, 0x76, 0x64, 0x78, 0x00, 0x00, 0x00, 0x00, 0xD2, 0xDD, 0x3E, 0x02, 0x4E, 0x45, 0x00, 0x00 ; file 1820F6
db 0x72, 0x32, 0x34, 0x66, 0x2E, 0x76, 0x64, 0x78, 0x00, 0x00, 0x00, 0x00, 0x21, 0x23, 0x3F, 0x02 ; file 182106
db 0xB4, 0x42, 0x00, 0x00, 0x72, 0x32, 0x35, 0x62, 0x2E, 0x76, 0x64, 0x78, 0x00, 0x00, 0x00, 0x00 ; file 182116
db 0xD6, 0x65, 0x3F, 0x02, 0xF8, 0x46, 0x00, 0x00, 0x72, 0x32, 0x35, 0x66, 0x2E, 0x76, 0x64, 0x78 ; file 182126
db 0x00, 0x00, 0x00, 0x00, 0xCF, 0xAC, 0x3F, 0x02, 0x9F, 0x44, 0x00, 0x00, 0x72, 0x32, 0x36, 0x62 ; file 182136
db 0x2E, 0x76, 0x64, 0x78, 0x00, 0x00, 0x00, 0x00, 0x6F, 0xF1, 0x3F, 0x02, 0x67, 0x46, 0x00, 0x00 ; file 182146
db 0x72, 0x32, 0x36, 0x66, 0x2E, 0x76, 0x64, 0x78, 0x00, 0x00, 0x00, 0x00, 0xD7, 0x37, 0x40, 0x02 ; file 182156
db 0xF7, 0x43, 0x00, 0x00, 0x72, 0x32, 0x37, 0x62, 0x2E, 0x76, 0x64, 0x78, 0x00, 0x00, 0x00, 0x00 ; file 182166
db 0xCF, 0x7B, 0x40, 0x02, 0x21, 0x44, 0x00, 0x00, 0x72, 0x32, 0x37, 0x66, 0x2E, 0x76, 0x64, 0x78 ; file 182176
db 0x00, 0x00, 0x00, 0x00, 0xF1, 0xBF, 0x40, 0x02, 0xE5, 0x41, 0x00, 0x00, 0x72, 0x32, 0x38, 0x62 ; file 182186
db 0x2E, 0x76, 0x64, 0x78, 0x00, 0x00, 0x00, 0x00, 0xD7, 0x01, 0x41, 0x02, 0x09, 0x43, 0x00, 0x00 ; file 182196
db 0x72, 0x32, 0x38, 0x66, 0x2E, 0x76, 0x64, 0x78, 0x00, 0x00, 0x00, 0x00, 0xE1, 0x44, 0x41, 0x02 ; file 1821A6
db 0xB1, 0x40, 0x00, 0x00, 0x72, 0x32, 0x39, 0x62, 0x2E, 0x76, 0x64, 0x78, 0x00, 0x00, 0x00, 0x00 ; file 1821B6
db 0x93, 0x85, 0x41, 0x02, 0x95, 0x43, 0x00, 0x00, 0x72, 0x32, 0x39, 0x66, 0x2E, 0x76, 0x64, 0x78 ; file 1821C6
db 0x00, 0x00, 0x00, 0x00, 0x29, 0xC9, 0x41, 0x02, 0xF2, 0x40, 0x00, 0x00, 0x72, 0x33, 0x30, 0x62 ; file 1821D6
db 0x2E, 0x76, 0x64, 0x78, 0x00, 0x00, 0x00, 0x00, 0x1C, 0x0A, 0x42, 0x02, 0xF4, 0x45, 0x00, 0x00 ; file 1821E6
db 0x72, 0x33, 0x30, 0x66, 0x2E, 0x76, 0x64, 0x78, 0x00, 0x00, 0x00, 0x00, 0x11, 0x50, 0x42, 0x02 ; file 1821F6
db 0x58, 0x43, 0x00, 0x00, 0x72, 0x33, 0x31, 0x62, 0x2E, 0x76, 0x64, 0x78, 0x00, 0x00, 0x00, 0x00 ; file 182206
db 0x6A, 0x93, 0x42, 0x02, 0xFB, 0x49, 0x00, 0x00, 0x72, 0x33, 0x31, 0x66, 0x2E, 0x76, 0x64, 0x78 ; file 182216
db 0x00, 0x00, 0x00, 0x00, 0x66, 0xDD, 0x42, 0x02, 0x20, 0x47, 0x00, 0x00, 0x72, 0x33, 0x32, 0x62 ; file 182226
db 0x2E, 0x76, 0x64, 0x78, 0x00, 0x00, 0x00, 0x00, 0x87, 0x24, 0x43, 0x02, 0xA2, 0x42, 0x00, 0x00 ; file 182236
db 0x72, 0x33, 0x32, 0x66, 0x2E, 0x76, 0x64, 0x78, 0x00, 0x00, 0x00, 0x00, 0x2A, 0x67, 0x43, 0x02 ; file 182246
db 0x03, 0x40, 0x00, 0x00, 0x73, 0x30, 0x30, 0x62, 0x2E, 0x76, 0x64, 0x78, 0x00, 0x00, 0x00, 0x00 ; file 182256
db 0x2E, 0xA7, 0x43, 0x02, 0x7C, 0x43, 0x00, 0x00, 0x73, 0x30, 0x30, 0x66, 0x2E, 0x76, 0x64, 0x78 ; file 182266
db 0x00, 0x00, 0x00, 0x00, 0xAB, 0xEA, 0x43, 0x02, 0x5B, 0x42, 0x00, 0x00, 0x73, 0x30, 0x31, 0x62 ; file 182276
db 0x2E, 0x76, 0x64, 0x78, 0x00, 0x00, 0x00, 0x00, 0x07, 0x2D, 0x44, 0x02, 0xC6, 0x40, 0x00, 0x00 ; file 182286
db 0x73, 0x30, 0x31, 0x66, 0x2E, 0x76, 0x64, 0x78, 0x00, 0x00, 0x00, 0x00, 0xCE, 0x6D, 0x44, 0x02 ; file 182296
db 0x1F, 0x40, 0x00, 0x00, 0x73, 0x30, 0x32, 0x62, 0x2E, 0x76, 0x64, 0x78, 0x00, 0x00, 0x00, 0x00 ; file 1822A6
db 0xEE, 0xAD, 0x44, 0x02, 0xE1, 0x3C, 0x00, 0x00, 0x73, 0x30, 0x32, 0x66, 0x2E, 0x76, 0x64, 0x78 ; file 1822B6
db 0x00, 0x00, 0x00, 0x00, 0xD0, 0xEA, 0x44, 0x02, 0xBC, 0x3B, 0x00, 0x00, 0x73, 0x30, 0x33, 0x62 ; file 1822C6
db 0x2E, 0x76, 0x64, 0x78, 0x00, 0x00, 0x00, 0x00, 0x8D, 0x26, 0x45, 0x02, 0x77, 0x42, 0x00, 0x00 ; file 1822D6
db 0x73, 0x30, 0x33, 0x66, 0x2E, 0x76, 0x64, 0x78, 0x00, 0x00, 0x00, 0x00, 0x05, 0x69, 0x45, 0x02 ; file 1822E6
db 0x75, 0x41, 0x00, 0x00, 0x73, 0x30, 0x34, 0x62, 0x2E, 0x76, 0x64, 0x78, 0x00, 0x00, 0x00, 0x00 ; file 1822F6
db 0x7B, 0xAA, 0x45, 0x02, 0x45, 0x43, 0x00, 0x00, 0x73, 0x30, 0x34, 0x66, 0x2E, 0x76, 0x64, 0x78 ; file 182306
db 0x00, 0x00, 0x00, 0x00, 0xC1, 0xED, 0x45, 0x02, 0x25, 0x42, 0x00, 0x00, 0x73, 0x30, 0x35, 0x62 ; file 182316
db 0x2E, 0x76, 0x64, 0x78, 0x00, 0x00, 0x00, 0x00, 0xE7, 0x2F, 0x46, 0x02, 0x91, 0x42, 0x00, 0x00 ; file 182326
db 0x73, 0x30, 0x35, 0x66, 0x2E, 0x76, 0x64, 0x78, 0x00, 0x00, 0x00, 0x00, 0x79, 0x72, 0x46, 0x02 ; file 182336
db 0x5F, 0x41, 0x00, 0x00, 0x73, 0x30, 0x36, 0x62, 0x2E, 0x76, 0x64, 0x78, 0x00, 0x00, 0x00, 0x00 ; file 182346
db 0xD9, 0xB3, 0x46, 0x02, 0x59, 0x42, 0x00, 0x00, 0x73, 0x30, 0x36, 0x66, 0x2E, 0x76, 0x64, 0x78 ; file 182356
db 0x00, 0x00, 0x00, 0x00, 0x33, 0xF6, 0x46, 0x02, 0x3F, 0x41, 0x00, 0x00, 0x73, 0x30, 0x37, 0x62 ; file 182366
db 0x2E, 0x76, 0x64, 0x78, 0x00, 0x00, 0x00, 0x00, 0x73, 0x37, 0x47, 0x02, 0x12, 0x43, 0x00, 0x00 ; file 182376
db 0x73, 0x30, 0x37, 0x66, 0x2E, 0x76, 0x64, 0x78, 0x00, 0x00, 0x00, 0x00, 0x86, 0x7A, 0x47, 0x02 ; file 182386
db 0x09, 0x42, 0x00, 0x00, 0x73, 0x30, 0x38, 0x62, 0x2E, 0x76, 0x64, 0x78, 0x00, 0x00, 0x00, 0x00 ; file 182396
db 0x90, 0xBC, 0x47, 0x02, 0x6F, 0x43, 0x00, 0x00, 0x73, 0x30, 0x38, 0x66, 0x2E, 0x76, 0x64, 0x78 ; file 1823A6
db 0x00, 0x00, 0x00, 0x00, 0x00, 0x00, 0x48, 0x02, 0x42, 0x42, 0x00, 0x00, 0x73, 0x30, 0x39, 0x62 ; file 1823B6
db 0x2E, 0x76, 0x64, 0x78, 0x00, 0x00, 0x00, 0x00, 0x43, 0x42, 0x48, 0x02, 0x39, 0x44, 0x00, 0x00 ; file 1823C6
db 0x73, 0x30, 0x39, 0x66, 0x2E, 0x76, 0x64, 0x78, 0x00, 0x00, 0x00, 0x00, 0x7D, 0x86, 0x48, 0x02 ; file 1823D6
db 0x18, 0x43, 0x00, 0x00, 0x73, 0x31, 0x30, 0x62, 0x2E, 0x76, 0x64, 0x78, 0x00, 0x00, 0x00, 0x00 ; file 1823E6
db 0x96, 0xC9, 0x48, 0x02, 0x48, 0x45, 0x00, 0x00, 0x73, 0x31, 0x30, 0x66, 0x2E, 0x76, 0x64, 0x78 ; file 1823F6
db 0x00, 0x00, 0x00, 0x00, 0xDF, 0x0E, 0x49, 0x02, 0x33, 0x44, 0x00, 0x00, 0x73, 0x31, 0x31, 0x62 ; file 182406
db 0x2E, 0x76, 0x64, 0x78, 0x00, 0x00, 0x00, 0x00, 0x13, 0x53, 0x49, 0x02, 0xC4, 0x43, 0x00, 0x00 ; file 182416
db 0x73, 0x31, 0x31, 0x66, 0x2E, 0x76, 0x64, 0x78, 0x00, 0x00, 0x00, 0x00, 0xD8, 0x96, 0x49, 0x02 ; file 182426
db 0x77, 0x42, 0x00, 0x00, 0x73, 0x31, 0x32, 0x62, 0x2E, 0x76, 0x64, 0x78, 0x00, 0x00, 0x00, 0x00 ; file 182436
db 0x50, 0xD9, 0x49, 0x02, 0x0D, 0x32, 0x00, 0x00, 0x73, 0x31, 0x32, 0x66, 0x2E, 0x76, 0x64, 0x78 ; file 182446
db 0x00, 0x00, 0x00, 0x00, 0x5E, 0x0B, 0x4A, 0x02, 0xE8, 0x30, 0x00, 0x00, 0x73, 0x31, 0x33, 0x62 ; file 182456
db 0x2E, 0x76, 0x64, 0x78, 0x00, 0x00, 0x00, 0x00, 0x47, 0x3C, 0x4A, 0x02, 0x39, 0x41, 0x00, 0x00 ; file 182466
db 0x73, 0x31, 0x33, 0x66, 0x2E, 0x76, 0x64, 0x78, 0x00, 0x00, 0x00, 0x00, 0x81, 0x7D, 0x4A, 0x02 ; file 182476
db 0x19, 0x40, 0x00, 0x00, 0x73, 0x31, 0x34, 0x62, 0x2E, 0x76, 0x64, 0x78, 0x00, 0x00, 0x00, 0x00 ; file 182486
db 0x9B, 0xBD, 0x4A, 0x02, 0xA0, 0x41, 0x00, 0x00, 0x73, 0x31, 0x34, 0x66, 0x2E, 0x76, 0x64, 0x78 ; file 182496
db 0x00, 0x00, 0x00, 0x00, 0x3C, 0xFF, 0x4A, 0x02, 0x7C, 0x40, 0x00, 0x00, 0x73, 0x31, 0x35, 0x62 ; file 1824A6
db 0x2E, 0x76, 0x64, 0x78, 0x00, 0x00, 0x00, 0x00, 0xB9, 0x3F, 0x4B, 0x02, 0x2A, 0x42, 0x00, 0x00 ; file 1824B6
db 0x73, 0x31, 0x35, 0x66, 0x2E, 0x76, 0x64, 0x78, 0x00, 0x00, 0x00, 0x00, 0xE4, 0x81, 0x4B, 0x02 ; file 1824C6
db 0x2C, 0x41, 0x00, 0x00, 0x73, 0x31, 0x36, 0x62, 0x2E, 0x76, 0x64, 0x78, 0x00, 0x00, 0x00, 0x00 ; file 1824D6
db 0x11, 0xC3, 0x4B, 0x02, 0x0C, 0x41, 0x00, 0x00, 0x73, 0x31, 0x36, 0x66, 0x2E, 0x76, 0x64, 0x78 ; file 1824E6
db 0x00, 0x00, 0x00, 0x00, 0x1E, 0x04, 0x4C, 0x02, 0xDF, 0x3F, 0x00, 0x00, 0x73, 0x31, 0x37, 0x62 ; file 1824F6
db 0x2E, 0x76, 0x64, 0x78, 0x00, 0x00, 0x00, 0x00, 0xFE, 0x43, 0x4C, 0x02, 0x65, 0x41, 0x00, 0x00 ; file 182506
db 0x73, 0x31, 0x37, 0x66, 0x2E, 0x76, 0x64, 0x78, 0x00, 0x00, 0x00, 0x00, 0x64, 0x85, 0x4C, 0x02 ; file 182516
db 0x73, 0x40, 0x00, 0x00, 0x73, 0x31, 0x38, 0x62, 0x2E, 0x76, 0x64, 0x78, 0x00, 0x00, 0x00, 0x00 ; file 182526
db 0xD8, 0xC5, 0x4C, 0x02, 0x36, 0x41, 0x00, 0x00, 0x73, 0x31, 0x38, 0x66, 0x2E, 0x76, 0x64, 0x78 ; file 182536
db 0x00, 0x00, 0x00, 0x00, 0x0F, 0x07, 0x4D, 0x02, 0x27, 0x40, 0x00, 0x00, 0x73, 0x31, 0x39, 0x62 ; file 182546
db 0x2E, 0x76, 0x64, 0x78, 0x00, 0x00, 0x00, 0x00, 0x37, 0x47, 0x4D, 0x02, 0x05, 0x43, 0x00, 0x00 ; file 182556
db 0x73, 0x31, 0x39, 0x66, 0x2E, 0x76, 0x64, 0x78, 0x00, 0x00, 0x00, 0x00, 0x3D, 0x8A, 0x4D, 0x02 ; file 182566
db 0x15, 0x42, 0x00, 0x00, 0x73, 0x32, 0x30, 0x62, 0x2E, 0x76, 0x64, 0x78, 0x00, 0x00, 0x00, 0x00 ; file 182576
db 0x53, 0xCC, 0x4D, 0x02, 0x29, 0x42, 0x00, 0x00, 0x73, 0x32, 0x30, 0x66, 0x2E, 0x76, 0x64, 0x78 ; file 182586
db 0x00, 0x00, 0x00, 0x00, 0x7D, 0x0E, 0x4E, 0x02, 0x19, 0x41, 0x00, 0x00, 0x73, 0x32, 0x31, 0x62 ; file 182596
db 0x2E, 0x76, 0x64, 0x78, 0x00, 0x00, 0x00, 0x00, 0x97, 0x4F, 0x4E, 0x02, 0x14, 0x43, 0x00, 0x00 ; file 1825A6
db 0x73, 0x32, 0x31, 0x66, 0x2E, 0x76, 0x64, 0x78, 0x00, 0x00, 0x00, 0x00, 0xAC, 0x92, 0x4E, 0x02 ; file 1825B6
db 0x0B, 0x42, 0x00, 0x00, 0x73, 0x32, 0x32, 0x62, 0x2E, 0x76, 0x64, 0x78, 0x00, 0x00, 0x00, 0x00 ; file 1825C6
db 0xB8, 0xD4, 0x4E, 0x02, 0x5C, 0x44, 0x00, 0x00, 0x73, 0x32, 0x32, 0x66, 0x2E, 0x76, 0x64, 0x78 ; file 1825D6
db 0x00, 0x00, 0x00, 0x00, 0x15, 0x19, 0x4F, 0x02, 0x2A, 0x43, 0x00, 0x00, 0x73, 0x32, 0x33, 0x62 ; file 1825E6
db 0x2E, 0x76, 0x64, 0x78, 0x00, 0x00, 0x00, 0x00, 0x40, 0x5C, 0x4F, 0x02, 0xE8, 0x2F, 0x00, 0x00 ; file 1825F6
db 0x73, 0x32, 0x33, 0x66, 0x2E, 0x76, 0x64, 0x78, 0x00, 0x00, 0x00, 0x00, 0x29, 0x8C, 0x4F, 0x02 ; file 182606
db 0x99, 0x2E, 0x00, 0x00, 0x73, 0x32, 0x34, 0x62, 0x2E, 0x76, 0x64, 0x78, 0x00, 0x00, 0x00, 0x00 ; file 182616
db 0xC3, 0xBA, 0x4F, 0x02, 0x87, 0x41, 0x00, 0x00, 0x73, 0x32, 0x34, 0x66, 0x2E, 0x76, 0x64, 0x78 ; file 182626
db 0x00, 0x00, 0x00, 0x00, 0x4B, 0xFC, 0x4F, 0x02, 0x3F, 0x40, 0x00, 0x00, 0x73, 0x32, 0x35, 0x62 ; file 182636
db 0x2E, 0x76, 0x64, 0x78, 0x00, 0x00, 0x00, 0x00, 0x8B, 0x3C, 0x50, 0x02, 0x5F, 0x40, 0x00, 0x00 ; file 182646
db 0x73, 0x32, 0x35, 0x66, 0x2E, 0x76, 0x64, 0x78, 0x00, 0x00, 0x00, 0x00, 0xEB, 0x7C, 0x50, 0x02 ; file 182656
db 0x22, 0x3F, 0x00, 0x00, 0x73, 0x32, 0x36, 0x62, 0x2E, 0x76, 0x64, 0x78, 0x00, 0x00, 0x00, 0x00 ; file 182666
db 0x0E, 0xBC, 0x50, 0x02, 0x6A, 0x41, 0x00, 0x00, 0x73, 0x32, 0x36, 0x66, 0x2E, 0x76, 0x64, 0x78 ; file 182676
db 0x00, 0x00, 0x00, 0x00, 0x79, 0xFD, 0x50, 0x02, 0xEE, 0x3F, 0x00, 0x00, 0x73, 0x32, 0x37, 0x62 ; file 182686
db 0x2E, 0x76, 0x64, 0x78, 0x00, 0x00, 0x00, 0x00, 0x68, 0x3D, 0x51, 0x02, 0x72, 0x40, 0x00, 0x00 ; file 182696
db 0x73, 0x32, 0x37, 0x66, 0x2E, 0x76, 0x64, 0x78, 0x00, 0x00, 0x00, 0x00, 0xDB, 0x7D, 0x51, 0x02 ; file 1826A6
db 0x41, 0x3F, 0x00, 0x00, 0x73, 0x32, 0x38, 0x62, 0x2E, 0x76, 0x64, 0x78, 0x00, 0x00, 0x00, 0x00 ; file 1826B6
db 0x1D, 0xBD, 0x51, 0x02, 0x60, 0x3F, 0x00, 0x00, 0x73, 0x32, 0x38, 0x66, 0x2E, 0x76, 0x64, 0x78 ; file 1826C6
db 0x00, 0x00, 0x00, 0x00, 0x7E, 0xFC, 0x51, 0x02, 0x65, 0x3E, 0x00, 0x00, 0x73, 0x32, 0x39, 0x62 ; file 1826D6
db 0x2E, 0x76, 0x64, 0x78, 0x00, 0x00, 0x00, 0x00, 0xE4, 0x3A, 0x52, 0x02, 0x4C, 0x41, 0x00, 0x00 ; file 1826E6
db 0x73, 0x32, 0x39, 0x66, 0x2E, 0x76, 0x64, 0x78, 0x00, 0x00, 0x00, 0x00, 0x31, 0x7C, 0x52, 0x02 ; file 1826F6
db 0x29, 0x40, 0x00, 0x00, 0x73, 0x33, 0x30, 0x62, 0x2E, 0x76, 0x64, 0x78, 0x00, 0x00, 0x00, 0x00 ; file 182706
db 0x5B, 0xBC, 0x52, 0x02, 0xA1, 0x41, 0x00, 0x00, 0x73, 0x33, 0x30, 0x66, 0x2E, 0x76, 0x64, 0x78 ; file 182716
db 0x00, 0x00, 0x00, 0x00, 0xFD, 0xFD, 0x52, 0x02, 0x5A, 0x40, 0x00, 0x00, 0x73, 0x33, 0x31, 0x62 ; file 182726
db 0x2E, 0x76, 0x64, 0x78, 0x00, 0x00, 0x00, 0x00, 0x58, 0x3E, 0x53, 0x02, 0xCC, 0x43, 0x00, 0x00 ; file 182736
db 0x73, 0x33, 0x31, 0x66, 0x2E, 0x76, 0x64, 0x78, 0x00, 0x00, 0x00, 0x00, 0x25, 0x82, 0x53, 0x02 ; file 182746
db 0x5A, 0x42, 0x00, 0x00, 0x73, 0x33, 0x32, 0x62, 0x2E, 0x76, 0x64, 0x78, 0x00, 0x00, 0x00, 0x00 ; file 182756
db 0x80, 0xC4, 0x53, 0x02, 0x1F, 0x3F, 0x00, 0x00, 0x73, 0x33, 0x32, 0x66, 0x2E, 0x76, 0x64, 0x78 ; file 182766
db 0x00, 0x00, 0x00, 0x00, 0xA0, 0x03, 0x54, 0x02, 0xC9, 0x3D, 0x00, 0x00, 0x74, 0x30, 0x30, 0x62 ; file 182776
db 0x2E, 0x76, 0x64, 0x78, 0x00, 0x00, 0x00, 0x00, 0x6A, 0x41, 0x54, 0x02, 0xC3, 0x26, 0x00, 0x00 ; file 182786
db 0x74, 0x30, 0x30, 0x66, 0x2E, 0x76, 0x64, 0x78, 0x00, 0x00, 0x00, 0x00, 0x2E, 0x68, 0x54, 0x02 ; file 182796
db 0xAB, 0x26, 0x00, 0x00, 0x74, 0x30, 0x31, 0x62, 0x2E, 0x76, 0x64, 0x78, 0x00, 0x00, 0x00, 0x00 ; file 1827A6
db 0xDA, 0x8E, 0x54, 0x02, 0x31, 0x24, 0x00, 0x00, 0x74, 0x30, 0x31, 0x66, 0x2E, 0x76, 0x64, 0x78 ; file 1827B6
db 0x00, 0x00, 0x00, 0x00, 0x0C, 0xB3, 0x54, 0x02, 0x08, 0x24, 0x00, 0x00, 0x74, 0x30, 0x32, 0x62 ; file 1827C6
db 0x2E, 0x76, 0x64, 0x78, 0x00, 0x00, 0x00, 0x00, 0x15, 0xD7, 0x54, 0x02, 0xB7, 0x1E, 0x00, 0x00 ; file 1827D6
db 0x74, 0x30, 0x32, 0x66, 0x2E, 0x76, 0x64, 0x78, 0x00, 0x00, 0x00, 0x00, 0xCD, 0xF5, 0x54, 0x02 ; file 1827E6
db 0x10, 0x1E, 0x00, 0x00, 0x74, 0x30, 0x33, 0x62, 0x2E, 0x76, 0x64, 0x78, 0x00, 0x00, 0x00, 0x00 ; file 1827F6
db 0xDE, 0x13, 0x55, 0x02, 0x42, 0x35, 0x00, 0x00, 0x74, 0x30, 0x33, 0x66, 0x2E, 0x76, 0x64, 0x78 ; file 182806
db 0x00, 0x00, 0x00, 0x00, 0x21, 0x49, 0x55, 0x02, 0x15, 0x35, 0x00, 0x00, 0x74, 0x30, 0x34, 0x62 ; file 182816
db 0x2E, 0x76, 0x64, 0x78, 0x00, 0x00, 0x00, 0x00, 0x37, 0x7E, 0x55, 0x02, 0xA7, 0x35, 0x00, 0x00 ; file 182826
db 0x74, 0x30, 0x34, 0x66, 0x2E, 0x76, 0x64, 0x78, 0x00, 0x00, 0x00, 0x00, 0xDF, 0xB3, 0x55, 0x02 ; file 182836
db 0x9B, 0x35, 0x00, 0x00, 0x74, 0x30, 0x35, 0x62, 0x2E, 0x76, 0x64, 0x78, 0x00, 0x00, 0x00, 0x00 ; file 182846
db 0x7B, 0xE9, 0x55, 0x02, 0xE0, 0x32, 0x00, 0x00, 0x74, 0x30, 0x35, 0x66, 0x2E, 0x76, 0x64, 0x78 ; file 182856
db 0x00, 0x00, 0x00, 0x00, 0x5C, 0x1C, 0x56, 0x02, 0xA4, 0x32, 0x00, 0x00, 0x74, 0x30, 0x36, 0x62 ; file 182866
db 0x2E, 0x76, 0x64, 0x78, 0x00, 0x00, 0x00, 0x00, 0x01, 0x4F, 0x56, 0x02, 0xBF, 0x35, 0x00, 0x00 ; file 182876
db 0x74, 0x30, 0x36, 0x66, 0x2E, 0x76, 0x64, 0x78, 0x00, 0x00, 0x00, 0x00, 0xC1, 0x84, 0x56, 0x02 ; file 182886
db 0x97, 0x35, 0x00, 0x00, 0x74, 0x30, 0x37, 0x62, 0x2E, 0x76, 0x64, 0x78, 0x00, 0x00, 0x00, 0x00 ; file 182896
db 0x59, 0xBA, 0x56, 0x02, 0x5D, 0x31, 0x00, 0x00, 0x74, 0x30, 0x37, 0x66, 0x2E, 0x76, 0x64, 0x78 ; file 1828A6
db 0x00, 0x00, 0x00, 0x00, 0xB7, 0xEB, 0x56, 0x02, 0x94, 0x31, 0x00, 0x00, 0x74, 0x30, 0x38, 0x62 ; file 1828B6
db 0x2E, 0x76, 0x64, 0x78, 0x00, 0x00, 0x00, 0x00, 0x4C, 0x1D, 0x57, 0x02, 0x80, 0x33, 0x00, 0x00 ; file 1828C6
db 0x74, 0x30, 0x38, 0x66, 0x2E, 0x76, 0x64, 0x78, 0x00, 0x00, 0x00, 0x00, 0xCD, 0x50, 0x57, 0x02 ; file 1828D6
db 0x51, 0x33, 0x00, 0x00, 0x74, 0x30, 0x39, 0x62, 0x2E, 0x76, 0x64, 0x78, 0x00, 0x00, 0x00, 0x00 ; file 1828E6
db 0x1F, 0x84, 0x57, 0x02, 0xC3, 0x31, 0x00, 0x00, 0x74, 0x30, 0x39, 0x66, 0x2E, 0x76, 0x64, 0x78 ; file 1828F6
db 0x00, 0x00, 0x00, 0x00, 0xE3, 0xB5, 0x57, 0x02, 0x5A, 0x31, 0x00, 0x00, 0x74, 0x31, 0x30, 0x62 ; file 182906
db 0x2E, 0x76, 0x64, 0x78, 0x00, 0x00, 0x00, 0x00, 0x3E, 0xE7, 0x57, 0x02, 0x9A, 0x40, 0x00, 0x00 ; file 182916
db 0x74, 0x31, 0x30, 0x66, 0x2E, 0x76, 0x64, 0x78, 0x00, 0x00, 0x00, 0x00, 0xD9, 0x27, 0x58, 0x02 ; file 182926
db 0xE4, 0x3F, 0x00, 0x00, 0x74, 0x31, 0x31, 0x62, 0x2E, 0x76, 0x64, 0x78, 0x00, 0x00, 0x00, 0x00 ; file 182936
db 0xBE, 0x67, 0x58, 0x02, 0x2C, 0x3C, 0x00, 0x00, 0x74, 0x31, 0x31, 0x66, 0x2E, 0x76, 0x64, 0x78 ; file 182946
db 0x00, 0x00, 0x00, 0x00, 0xEB, 0xA3, 0x58, 0x02, 0x27, 0x3B, 0x00, 0x00, 0x74, 0x31, 0x32, 0x62 ; file 182956
db 0x2E, 0x76, 0x64, 0x78, 0x00, 0x00, 0x00, 0x00, 0x13, 0xDF, 0x58, 0x02, 0xB7, 0x35, 0x00, 0x00 ; file 182966
db 0x74, 0x31, 0x32, 0x66, 0x2E, 0x76, 0x64, 0x78, 0x00, 0x00, 0x00, 0x00, 0xCB, 0x14, 0x59, 0x02 ; file 182976
db 0x48, 0x35, 0x00, 0x00, 0x74, 0x31, 0x33, 0x62, 0x2E, 0x76, 0x64, 0x78, 0x00, 0x00, 0x00, 0x00 ; file 182986
db 0x14, 0x4A, 0x59, 0x02, 0xF6, 0x3A, 0x00, 0x00, 0x74, 0x31, 0x33, 0x66, 0x2E, 0x76, 0x64, 0x78 ; file 182996
db 0x00, 0x00, 0x00, 0x00, 0x0B, 0x85, 0x59, 0x02, 0xC5, 0x3A, 0x00, 0x00, 0x74, 0x31, 0x34, 0x62 ; file 1829A6
db 0x2E, 0x76, 0x64, 0x78, 0x00, 0x00, 0x00, 0x00, 0xD1, 0xBF, 0x59, 0x02, 0x23, 0x3B, 0x00, 0x00 ; file 1829B6
db 0x74, 0x31, 0x34, 0x66, 0x2E, 0x76, 0x64, 0x78, 0x00, 0x00, 0x00, 0x00, 0xF5, 0xFA, 0x59, 0x02 ; file 1829C6
db 0x1F, 0x3B, 0x00, 0x00, 0x74, 0x31, 0x35, 0x62, 0x2E, 0x76, 0x64, 0x78, 0x00, 0x00, 0x00, 0x00 ; file 1829D6
db 0x15, 0x36, 0x5A, 0x02, 0x77, 0x39, 0x00, 0x00, 0x74, 0x31, 0x35, 0x66, 0x2E, 0x76, 0x64, 0x78 ; file 1829E6
db 0x00, 0x00, 0x00, 0x00, 0x8D, 0x6F, 0x5A, 0x02, 0xE9, 0x39, 0x00, 0x00, 0x74, 0x31, 0x36, 0x62 ; file 1829F6
db 0x2E, 0x76, 0x64, 0x78, 0x00, 0x00, 0x00, 0x00, 0x77, 0xA9, 0x5A, 0x02, 0x12, 0x38, 0x00, 0x00 ; file 182A06
db 0x74, 0x31, 0x36, 0x66, 0x2E, 0x76, 0x64, 0x78, 0x00, 0x00, 0x00, 0x00, 0x8A, 0xE1, 0x5A, 0x02 ; file 182A16
db 0x36, 0x38, 0x00, 0x00, 0x74, 0x31, 0x37, 0x62, 0x2E, 0x76, 0x64, 0x78, 0x00, 0x00, 0x00, 0x00 ; file 182A26
db 0xC1, 0x19, 0x5B, 0x02, 0xEF, 0x3C, 0x00, 0x00, 0x74, 0x31, 0x37, 0x66, 0x2E, 0x76, 0x64, 0x78 ; file 182A36
db 0x00, 0x00, 0x00, 0x00, 0xB1, 0x56, 0x5B, 0x02, 0x68, 0x3D, 0x00, 0x00, 0x74, 0x31, 0x38, 0x62 ; file 182A46
db 0x2E, 0x76, 0x64, 0x78, 0x00, 0x00, 0x00, 0x00, 0x1A, 0x94, 0x5B, 0x02, 0xB3, 0x3C, 0x00, 0x00 ; file 182A56
db 0x74, 0x31, 0x38, 0x66, 0x2E, 0x76, 0x64, 0x78, 0x00, 0x00, 0x00, 0x00, 0xCE, 0xD0, 0x5B, 0x02 ; file 182A66
db 0xEA, 0x3C, 0x00, 0x00, 0x74, 0x31, 0x39, 0x62, 0x2E, 0x76, 0x64, 0x78, 0x00, 0x00, 0x00, 0x00 ; file 182A76
db 0xB9, 0x0D, 0x5C, 0x02, 0xCC, 0x3E, 0x00, 0x00, 0x74, 0x31, 0x39, 0x66, 0x2E, 0x76, 0x64, 0x78 ; file 182A86
db 0x00, 0x00, 0x00, 0x00, 0x86, 0x4C, 0x5C, 0x02, 0xC9, 0x3E, 0x00, 0x00, 0x74, 0x32, 0x30, 0x62 ; file 182A96
db 0x2E, 0x76, 0x64, 0x78, 0x00, 0x00, 0x00, 0x00, 0x50, 0x8B, 0x5C, 0x02, 0x59, 0x41, 0x00, 0x00 ; file 182AA6
db 0x74, 0x32, 0x30, 0x66, 0x2E, 0x76, 0x64, 0x78, 0x00, 0x00, 0x00, 0x00, 0xAA, 0xCC, 0x5C, 0x02 ; file 182AB6
db 0xF9, 0x40, 0x00, 0x00, 0x74, 0x32, 0x31, 0x62, 0x2E, 0x76, 0x64, 0x78, 0x00, 0x00, 0x00, 0x00 ; file 182AC6
db 0xA4, 0x0D, 0x5D, 0x02, 0x70, 0x42, 0x00, 0x00, 0x74, 0x32, 0x31, 0x66, 0x2E, 0x76, 0x64, 0x78 ; file 182AD6
db 0x00, 0x00, 0x00, 0x00, 0x15, 0x50, 0x5D, 0x02, 0xAF, 0x41, 0x00, 0x00, 0x74, 0x32, 0x32, 0x62 ; file 182AE6
db 0x2E, 0x76, 0x64, 0x78, 0x00, 0x00, 0x00, 0x00, 0xC5, 0x91, 0x5D, 0x02, 0xE1, 0x45, 0x00, 0x00 ; file 182AF6
db 0x74, 0x32, 0x32, 0x66, 0x2E, 0x76, 0x64, 0x78, 0x00, 0x00, 0x00, 0x00, 0xA7, 0xD7, 0x5D, 0x02 ; file 182B06
db 0xA0, 0x44, 0x00, 0x00, 0x74, 0x32, 0x33, 0x62, 0x2E, 0x76, 0x64, 0x78, 0x00, 0x00, 0x00, 0x00 ; file 182B16
db 0x48, 0x1C, 0x5E, 0x02, 0x89, 0x44, 0x00, 0x00, 0x74, 0x32, 0x33, 0x66, 0x2E, 0x76, 0x64, 0x78 ; file 182B26
db 0x00, 0x00, 0x00, 0x00, 0xD2, 0x60, 0x5E, 0x02, 0x95, 0x43, 0x00, 0x00, 0x74, 0x32, 0x34, 0x62 ; file 182B36
db 0x2E, 0x76, 0x64, 0x78, 0x00, 0x00, 0x00, 0x00, 0x68, 0xA4, 0x5E, 0x02, 0x76, 0x3F, 0x00, 0x00 ; file 182B46
db 0x74, 0x32, 0x34, 0x66, 0x2E, 0x76, 0x64, 0x78, 0x00, 0x00, 0x00, 0x00, 0xDF, 0xE3, 0x5E, 0x02 ; file 182B56
db 0x11, 0x3F, 0x00, 0x00, 0x74, 0x32, 0x35, 0x62, 0x2E, 0x76, 0x64, 0x78, 0x00, 0x00, 0x00, 0x00 ; file 182B66
db 0xF1, 0x22, 0x5F, 0x02, 0x0A, 0x3E, 0x00, 0x00, 0x74, 0x32, 0x35, 0x66, 0x2E, 0x76, 0x64, 0x78 ; file 182B76
db 0x00, 0x00, 0x00, 0x00, 0xFC, 0x60, 0x5F, 0x02, 0x14, 0x3E, 0x00, 0x00, 0x74, 0x32, 0x36, 0x62 ; file 182B86
db 0x2E, 0x76, 0x64, 0x78, 0x00, 0x00, 0x00, 0x00, 0x11, 0x9F, 0x5F, 0x02, 0xB8, 0x42, 0x00, 0x00 ; file 182B96
db 0x74, 0x32, 0x36, 0x66, 0x2E, 0x76, 0x64, 0x78, 0x00, 0x00, 0x00, 0x00, 0xCA, 0xE1, 0x5F, 0x02 ; file 182BA6
db 0xD8, 0x42, 0x00, 0x00, 0x74, 0x32, 0x37, 0x62, 0x2E, 0x76, 0x64, 0x78, 0x00, 0x00, 0x00, 0x00 ; file 182BB6
db 0xA3, 0x24, 0x60, 0x02, 0x7F, 0x3D, 0x00, 0x00, 0x74, 0x32, 0x37, 0x66, 0x2E, 0x76, 0x64, 0x78 ; file 182BC6
db 0x00, 0x00, 0x00, 0x00, 0x23, 0x62, 0x60, 0x02, 0xB1, 0x3D, 0x00, 0x00, 0x74, 0x32, 0x38, 0x62 ; file 182BD6
db 0x2E, 0x76, 0x64, 0x78, 0x00, 0x00, 0x00, 0x00, 0xD5, 0x9F, 0x60, 0x02, 0x80, 0x3F, 0x00, 0x00 ; file 182BE6
db 0x74, 0x32, 0x38, 0x66, 0x2E, 0x76, 0x64, 0x78, 0x00, 0x00, 0x00, 0x00, 0x56, 0xDF, 0x60, 0x02 ; file 182BF6
db 0x04, 0x40, 0x00, 0x00, 0x74, 0x32, 0x39, 0x62, 0x2E, 0x76, 0x64, 0x78, 0x00, 0x00, 0x00, 0x00 ; file 182C06
db 0x5B, 0x1F, 0x61, 0x02, 0xD4, 0x3D, 0x00, 0x00, 0x74, 0x32, 0x39, 0x66, 0x2E, 0x76, 0x64, 0x78 ; file 182C16
db 0x00, 0x00, 0x00, 0x00, 0x30, 0x5D, 0x61, 0x02, 0xEC, 0x3D, 0x00, 0x00, 0x74, 0x33, 0x30, 0x62 ; file 182C26
db 0x2E, 0x76, 0x64, 0x78, 0x00, 0x00, 0x00, 0x00, 0x1D, 0x9B, 0x61, 0x02, 0x6F, 0x40, 0x00, 0x00 ; file 182C36
db 0x74, 0x33, 0x30, 0x66, 0x2E, 0x76, 0x64, 0x78, 0x00, 0x00, 0x00, 0x00, 0x8D, 0xDB, 0x61, 0x02 ; file 182C46
db 0xFC, 0x3F, 0x00, 0x00, 0x74, 0x33, 0x31, 0x62, 0x2E, 0x76, 0x64, 0x78, 0x00, 0x00, 0x00, 0x00 ; file 182C56
db 0x8A, 0x1B, 0x62, 0x02, 0xCA, 0x47, 0x00, 0x00, 0x74, 0x33, 0x31, 0x66, 0x2E, 0x76, 0x64, 0x78 ; file 182C66
db 0x00, 0x00, 0x00, 0x00, 0x55, 0x63, 0x62, 0x02, 0x10, 0x47, 0x00, 0x00, 0x74, 0x33, 0x32, 0x62 ; file 182C76
db 0x2E, 0x76, 0x64, 0x78, 0x00, 0x00, 0x00, 0x00, 0x66, 0xAA, 0x62, 0x02, 0xF2, 0x52, 0x00, 0x00 ; file 182C86
db 0x74, 0x33, 0x32, 0x66, 0x2E, 0x76, 0x64, 0x78, 0x00, 0x00, 0x00, 0x00, 0x59, 0xFD, 0x62, 0x02 ; file 182C96
db 0x7B, 0x51, 0x00, 0x00, 0x79, 0x30, 0x30, 0x62, 0x2E, 0x76, 0x64, 0x78, 0x00, 0x00, 0x00, 0x00 ; file 182CA6
db 0xD5, 0x4E, 0x63, 0x02, 0x14, 0x21, 0x00, 0x00, 0x79, 0x30, 0x30, 0x66, 0x2E, 0x76, 0x64, 0x78 ; file 182CB6
db 0x00, 0x00, 0x00, 0x00, 0xEA, 0x6F, 0x63, 0x02, 0xEB, 0x1E, 0x00, 0x00, 0x79, 0x30, 0x31, 0x62 ; file 182CC6
db 0x2E, 0x76, 0x64, 0x78, 0x00, 0x00, 0x00, 0x00, 0xD6, 0x8E, 0x63, 0x02, 0x49, 0x1A, 0x00, 0x00 ; file 182CD6
db 0x79, 0x30, 0x31, 0x66, 0x2E, 0x76, 0x64, 0x78, 0x00, 0x00, 0x00, 0x00, 0x20, 0xA9, 0x63, 0x02 ; file 182CE6
db 0xA5, 0x18, 0x00, 0x00, 0x79, 0x30, 0x32, 0x62, 0x2E, 0x76, 0x64, 0x78, 0x00, 0x00, 0x00, 0x00 ; file 182CF6
db 0xC6, 0xC1, 0x63, 0x02, 0xAE, 0x1B, 0x00, 0x00, 0x79, 0x30, 0x32, 0x66, 0x2E, 0x76, 0x64, 0x78 ; file 182D06
db 0x00, 0x00, 0x00, 0x00, 0x75, 0xDD, 0x63, 0x02, 0x69, 0x19, 0x00, 0x00, 0x79, 0x30, 0x33, 0x62 ; file 182D16
db 0x2E, 0x76, 0x64, 0x78, 0x00, 0x00, 0x00, 0x00, 0xDF, 0xF6, 0x63, 0x02, 0xB5, 0x31, 0x00, 0x00 ; file 182D26
db 0x79, 0x30, 0x33, 0x66, 0x2E, 0x76, 0x64, 0x78, 0x00, 0x00, 0x00, 0x00, 0x95, 0x28, 0x64, 0x02 ; file 182D36
db 0x9F, 0x30, 0x00, 0x00, 0x79, 0x30, 0x34, 0x62, 0x2E, 0x76, 0x64, 0x78, 0x00, 0x00, 0x00, 0x00 ; file 182D46
db 0x35, 0x59, 0x64, 0x02, 0xE7, 0x35, 0x00, 0x00, 0x79, 0x30, 0x34, 0x66, 0x2E, 0x76, 0x64, 0x78 ; file 182D56
db 0x00, 0x00, 0x00, 0x00, 0x1D, 0x8F, 0x64, 0x02, 0x85, 0x33, 0x00, 0x00, 0x79, 0x30, 0x35, 0x62 ; file 182D66
db 0x2E, 0x76, 0x64, 0x78, 0x00, 0x00, 0x00, 0x00, 0xA3, 0xC2, 0x64, 0x02, 0x06, 0x34, 0x00, 0x00 ; file 182D76
db 0x79, 0x30, 0x35, 0x66, 0x2E, 0x76, 0x64, 0x78, 0x00, 0x00, 0x00, 0x00, 0xAA, 0xF6, 0x64, 0x02 ; file 182D86
db 0x9F, 0x31, 0x00, 0x00, 0x79, 0x30, 0x36, 0x62, 0x2E, 0x76, 0x64, 0x78, 0x00, 0x00, 0x00, 0x00 ; file 182D96
db 0x4A, 0x28, 0x65, 0x02, 0x0C, 0x3A, 0x00, 0x00, 0x79, 0x30, 0x36, 0x66, 0x2E, 0x76, 0x64, 0x78 ; file 182DA6
db 0x00, 0x00, 0x00, 0x00, 0x57, 0x62, 0x65, 0x02, 0x6C, 0x37, 0x00, 0x00, 0x79, 0x30, 0x37, 0x62 ; file 182DB6
db 0x2E, 0x76, 0x64, 0x78, 0x00, 0x00, 0x00, 0x00, 0xC4, 0x99, 0x65, 0x02, 0x0C, 0x3A, 0x00, 0x00 ; file 182DC6
db 0x79, 0x30, 0x37, 0x66, 0x2E, 0x76, 0x64, 0x78, 0x00, 0x00, 0x00, 0x00, 0xD1, 0xD3, 0x65, 0x02 ; file 182DD6
db 0xCC, 0x37, 0x00, 0x00, 0x79, 0x30, 0x38, 0x62, 0x2E, 0x76, 0x64, 0x78, 0x00, 0x00, 0x00, 0x00 ; file 182DE6
db 0x9E, 0x0B, 0x66, 0x02, 0xE2, 0x3C, 0x00, 0x00, 0x79, 0x30, 0x38, 0x66, 0x2E, 0x76, 0x64, 0x78 ; file 182DF6
db 0x00, 0x00, 0x00, 0x00, 0x81, 0x48, 0x66, 0x02, 0xE7, 0x3A, 0x00, 0x00, 0x79, 0x30, 0x39, 0x62 ; file 182E06
db 0x2E, 0x76, 0x64, 0x78, 0x00, 0x00, 0x00, 0x00, 0x69, 0x83, 0x66, 0x02, 0x6D, 0x3D, 0x00, 0x00 ; file 182E16
db 0x79, 0x30, 0x39, 0x66, 0x2E, 0x76, 0x64, 0x78, 0x00, 0x00, 0x00, 0x00, 0xD7, 0xC0, 0x66, 0x02 ; file 182E26
db 0x3D, 0x3B, 0x00, 0x00, 0x79, 0x31, 0x30, 0x62, 0x2E, 0x76, 0x64, 0x78, 0x00, 0x00, 0x00, 0x00 ; file 182E36
db 0x15, 0xFC, 0x66, 0x02, 0x05, 0x44, 0x00, 0x00, 0x79, 0x31, 0x30, 0x66, 0x2E, 0x76, 0x64, 0x78 ; file 182E46
db 0x00, 0x00, 0x00, 0x00, 0x1B, 0x40, 0x67, 0x02, 0x8E, 0x41, 0x00, 0x00, 0x79, 0x31, 0x31, 0x62 ; file 182E56
db 0x2E, 0x76, 0x64, 0x78, 0x00, 0x00, 0x00, 0x00, 0xAA, 0x81, 0x67, 0x02, 0xE7, 0x3C, 0x00, 0x00 ; file 182E66
db 0x79, 0x31, 0x31, 0x66, 0x2E, 0x76, 0x64, 0x78, 0x00, 0x00, 0x00, 0x00, 0x92, 0xBE, 0x67, 0x02 ; file 182E76
db 0x6C, 0x3A, 0x00, 0x00, 0x79, 0x31, 0x32, 0x62, 0x2E, 0x76, 0x64, 0x78, 0x00, 0x00, 0x00, 0x00 ; file 182E86
db 0xFF, 0xF8, 0x67, 0x02, 0x3F, 0x34, 0x00, 0x00, 0x79, 0x31, 0x32, 0x66, 0x2E, 0x76, 0x64, 0x78 ; file 182E96
db 0x00, 0x00, 0x00, 0x00, 0x3F, 0x2D, 0x68, 0x02, 0xB1, 0x31, 0x00, 0x00, 0x79, 0x31, 0x33, 0x62 ; file 182EA6
db 0x2E, 0x76, 0x64, 0x78, 0x00, 0x00, 0x00, 0x00, 0xF1, 0x5E, 0x68, 0x02, 0x67, 0x39, 0x00, 0x00 ; file 182EB6
db 0x79, 0x31, 0x33, 0x66, 0x2E, 0x76, 0x64, 0x78, 0x00, 0x00, 0x00, 0x00, 0x59, 0x98, 0x68, 0x02 ; file 182EC6
db 0x9E, 0x37, 0x00, 0x00, 0x79, 0x31, 0x34, 0x62, 0x2E, 0x76, 0x64, 0x78, 0x00, 0x00, 0x00, 0x00 ; file 182ED6
db 0xF8, 0xCF, 0x68, 0x02, 0x56, 0x38, 0x00, 0x00, 0x79, 0x31, 0x34, 0x66, 0x2E, 0x76, 0x64, 0x78 ; file 182EE6
db 0x00, 0x00, 0x00, 0x00, 0x4F, 0x08, 0x69, 0x02, 0x45, 0x36, 0x00, 0x00, 0x79, 0x31, 0x35, 0x62 ; file 182EF6
db 0x2E, 0x76, 0x64, 0x78, 0x00, 0x00, 0x00, 0x00, 0x95, 0x3E, 0x69, 0x02, 0x7E, 0x39, 0x00, 0x00 ; file 182F06
db 0x79, 0x31, 0x35, 0x66, 0x2E, 0x76, 0x64, 0x78, 0x00, 0x00, 0x00, 0x00, 0x14, 0x78, 0x69, 0x02 ; file 182F16
db 0x44, 0x37, 0x00, 0x00, 0x79, 0x31, 0x36, 0x62, 0x2E, 0x76, 0x64, 0x78, 0x00, 0x00, 0x00, 0x00 ; file 182F26
db 0x59, 0xAF, 0x69, 0x02, 0xB1, 0x3D, 0x00, 0x00, 0x79, 0x31, 0x36, 0x66, 0x2E, 0x76, 0x64, 0x78 ; file 182F36
db 0x00, 0x00, 0x00, 0x00, 0x0B, 0xED, 0x69, 0x02, 0xC4, 0x3B, 0x00, 0x00, 0x79, 0x31, 0x37, 0x62 ; file 182F46
db 0x2E, 0x76, 0x64, 0x78, 0x00, 0x00, 0x00, 0x00, 0xD0, 0x28, 0x6A, 0x02, 0x36, 0x3C, 0x00, 0x00 ; file 182F56
db 0x79, 0x31, 0x37, 0x66, 0x2E, 0x76, 0x64, 0x78, 0x00, 0x00, 0x00, 0x00, 0x07, 0x65, 0x6A, 0x02 ; file 182F66
db 0x0E, 0x3A, 0x00, 0x00, 0x79, 0x31, 0x38, 0x62, 0x2E, 0x76, 0x64, 0x78, 0x00, 0x00, 0x00, 0x00 ; file 182F76
db 0x16, 0x9F, 0x6A, 0x02, 0xD6, 0x3E, 0x00, 0x00, 0x79, 0x31, 0x38, 0x66, 0x2E, 0x76, 0x64, 0x78 ; file 182F86
db 0x00, 0x00, 0x00, 0x00, 0xED, 0xDD, 0x6A, 0x02, 0xD0, 0x3C, 0x00, 0x00, 0x79, 0x31, 0x39, 0x62 ; file 182F96
db 0x2E, 0x76, 0x64, 0x78, 0x00, 0x00, 0x00, 0x00, 0xBE, 0x1A, 0x6B, 0x02, 0x1A, 0x45, 0x00, 0x00 ; file 182FA6
db 0x79, 0x31, 0x39, 0x66, 0x2E, 0x76, 0x64, 0x78, 0x00, 0x00, 0x00, 0x00, 0xD9, 0x5F, 0x6B, 0x02 ; file 182FB6
db 0x1F, 0x43, 0x00, 0x00, 0x79, 0x32, 0x30, 0x62, 0x2E, 0x76, 0x64, 0x78, 0x00, 0x00, 0x00, 0x00 ; file 182FC6
db 0xF9, 0xA2, 0x6B, 0x02, 0xF6, 0x44, 0x00, 0x00, 0x79, 0x32, 0x30, 0x66, 0x2E, 0x76, 0x64, 0x78 ; file 182FD6
db 0x00, 0x00, 0x00, 0x00, 0xF0, 0xE7, 0x6B, 0x02, 0x2C, 0x42, 0x00, 0x00, 0x79, 0x32, 0x31, 0x62 ; file 182FE6
db 0x2E, 0x76, 0x64, 0x78, 0x00, 0x00, 0x00, 0x00, 0x1D, 0x2A, 0x6C, 0x02, 0xE5, 0x46, 0x00, 0x00 ; file 182FF6
db 0x79, 0x32, 0x31, 0x66, 0x2E, 0x76, 0x64, 0x78, 0x00, 0x00, 0x00, 0x00, 0x03, 0x71, 0x6C, 0x02 ; file 183006
db 0x10, 0x44, 0x00, 0x00, 0x79, 0x32, 0x32, 0x62, 0x2E, 0x76, 0x64, 0x78, 0x00, 0x00, 0x00, 0x00 ; file 183016
db 0x14, 0xB5, 0x6C, 0x02, 0xBB, 0x4B, 0x00, 0x00, 0x79, 0x32, 0x32, 0x66, 0x2E, 0x76, 0x64, 0x78 ; file 183026
db 0x00, 0x00, 0x00, 0x00, 0xD0, 0x00, 0x6D, 0x02, 0xEB, 0x48, 0x00, 0x00, 0x79, 0x32, 0x33, 0x62 ; file 183036
db 0x2E, 0x76, 0x64, 0x78, 0x00, 0x00, 0x00, 0x00, 0xBC, 0x49, 0x6D, 0x02, 0x21, 0x46, 0x00, 0x00 ; file 183046
db 0x79, 0x32, 0x33, 0x66, 0x2E, 0x76, 0x64, 0x78, 0x00, 0x00, 0x00, 0x00, 0xDE, 0x8F, 0x6D, 0x02 ; file 183056
db 0x0A, 0x43, 0x00, 0x00, 0x79, 0x32, 0x34, 0x62, 0x2E, 0x76, 0x64, 0x78, 0x00, 0x00, 0x00, 0x00 ; file 183066
db 0xE9, 0xD2, 0x6D, 0x02, 0x5F, 0x3C, 0x00, 0x00, 0x79, 0x32, 0x34, 0x66, 0x2E, 0x76, 0x64, 0x78 ; file 183076
db 0x00, 0x00, 0x00, 0x00, 0x49, 0x0F, 0x6E, 0x02, 0xFB, 0x39, 0x00, 0x00, 0x79, 0x32, 0x35, 0x62 ; file 183086
db 0x2E, 0x76, 0x64, 0x78, 0x00, 0x00, 0x00, 0x00, 0x45, 0x49, 0x6E, 0x02, 0xBF, 0x3C, 0x00, 0x00 ; file 183096
db 0x79, 0x32, 0x35, 0x66, 0x2E, 0x76, 0x64, 0x78, 0x00, 0x00, 0x00, 0x00, 0x05, 0x86, 0x6E, 0x02 ; file 1830A6
db 0x77, 0x3A, 0x00, 0x00, 0x79, 0x32, 0x36, 0x62, 0x2E, 0x76, 0x64, 0x78, 0x00, 0x00, 0x00, 0x00 ; file 1830B6
db 0x7D, 0xC0, 0x6E, 0x02, 0xDE, 0x3F, 0x00, 0x00, 0x79, 0x32, 0x36, 0x66, 0x2E, 0x76, 0x64, 0x78 ; file 1830C6
db 0x00, 0x00, 0x00, 0x00, 0x5C, 0x00, 0x6F, 0x02, 0xC1, 0x3D, 0x00, 0x00, 0x79, 0x32, 0x37, 0x62 ; file 1830D6
db 0x2E, 0x76, 0x64, 0x78, 0x00, 0x00, 0x00, 0x00, 0x1E, 0x3E, 0x6F, 0x02, 0x96, 0x3F, 0x00, 0x00 ; file 1830E6
db 0x79, 0x32, 0x37, 0x66, 0x2E, 0x76, 0x64, 0x78, 0x00, 0x00, 0x00, 0x00, 0xB5, 0x7D, 0x6F, 0x02 ; file 1830F6
db 0x61, 0x3D, 0x00, 0x00, 0x79, 0x32, 0x38, 0x62, 0x2E, 0x76, 0x64, 0x78, 0x00, 0x00, 0x00, 0x00 ; file 183106
db 0x17, 0xBB, 0x6F, 0x02, 0x19, 0x3F, 0x00, 0x00, 0x79, 0x32, 0x38, 0x66, 0x2E, 0x76, 0x64, 0x78 ; file 183116
db 0x00, 0x00, 0x00, 0x00, 0x31, 0xFA, 0x6F, 0x02, 0x31, 0x3D, 0x00, 0x00, 0x79, 0x32, 0x39, 0x62 ; file 183126
db 0x2E, 0x76, 0x64, 0x78, 0x00, 0x00, 0x00, 0x00, 0x63, 0x37, 0x70, 0x02, 0x82, 0x45, 0x00, 0x00 ; file 183136
db 0x79, 0x32, 0x39, 0x66, 0x2E, 0x76, 0x64, 0x78, 0x00, 0x00, 0x00, 0x00, 0xE6, 0x7C, 0x70, 0x02 ; file 183146
db 0x0A, 0x43, 0x00, 0x00, 0x79, 0x33, 0x30, 0x62, 0x2E, 0x76, 0x64, 0x78, 0x00, 0x00, 0x00, 0x00 ; file 183156
db 0xF1, 0xBF, 0x70, 0x02, 0xC8, 0x48, 0x00, 0x00, 0x79, 0x33, 0x30, 0x66, 0x2E, 0x76, 0x64, 0x78 ; file 183166
db 0x00, 0x00, 0x00, 0x00, 0xBA, 0x08, 0x71, 0x02, 0x08, 0x46, 0x00, 0x00, 0x79, 0x33, 0x31, 0x62 ; file 183176
db 0x2E, 0x76, 0x64, 0x78, 0x00, 0x00, 0x00, 0x00, 0xC3, 0x4E, 0x71, 0x02, 0xB2, 0x50, 0x00, 0x00 ; file 183186
db 0x79, 0x33, 0x31, 0x66, 0x2E, 0x76, 0x64, 0x78, 0x00, 0x00, 0x00, 0x00, 0x76, 0x9F, 0x71, 0x02 ; file 183196
db 0x9F, 0x4D, 0x00, 0x00, 0x79, 0x33, 0x32, 0x62, 0x2E, 0x76, 0x64, 0x78, 0x00, 0x00, 0x00, 0x00 ; file 1831A6
db 0x16, 0xED, 0x71, 0x02, 0xC4, 0x60, 0x00, 0x00, 0x79, 0x33, 0x32, 0x66, 0x2E, 0x76, 0x64, 0x78 ; file 1831B6
db 0x00, 0x00, 0x00, 0x00, 0xDB, 0x4D, 0x72, 0x02, 0x45, 0x5D, 0x00, 0x00, 0x7A, 0x30, 0x30, 0x2E ; file 1831C6
db 0x76, 0x64, 0x78, 0x00, 0x00, 0x00, 0x00, 0x00, 0x21, 0xAB, 0x72, 0x02, 0x60, 0x07, 0x00, 0x00 ; file 1831D6
db 0x7A, 0x30, 0x31, 0x2E, 0x76, 0x64, 0x78, 0x00, 0x00, 0x00, 0x00, 0x00, 0x82, 0xB2, 0x72, 0x02 ; file 1831E6
db 0x59, 0x07, 0x00, 0x00, 0x7A, 0x30, 0x32, 0x2E, 0x76, 0x64, 0x78, 0x00, 0x00, 0x00, 0x00, 0x00 ; file 1831F6
db 0xDC, 0xB9, 0x72, 0x02, 0x58, 0x07, 0x00, 0x00, 0x7A, 0x30, 0x33, 0x2E, 0x76, 0x64, 0x78, 0x00 ; file 183206
db 0x00, 0x00, 0x00, 0x00, 0x35, 0xC1, 0x72, 0x02, 0x82, 0x07, 0x00, 0x00, 0x7A, 0x30, 0x34, 0x2E ; file 183216
db 0x76, 0x64, 0x78, 0x00, 0x00, 0x00, 0x00, 0x00, 0xB8, 0xC8, 0x72, 0x02, 0x92, 0x07, 0x00, 0x00 ; file 183226
db 0x7A, 0x30, 0x35, 0x2E, 0x76, 0x64, 0x78, 0x00, 0x00, 0x00, 0x00, 0x00, 0x4B, 0xD0, 0x72, 0x02 ; file 183236
db 0x7F, 0x07, 0x00, 0x00, 0x7A, 0x30, 0x36, 0x2E, 0x76, 0x64, 0x78, 0x00, 0x00, 0x00, 0x00, 0x00 ; file 183246
db 0xCB, 0xD7, 0x72, 0x02, 0x94, 0x07, 0x00, 0x00, 0x7A, 0x30, 0x37, 0x2E, 0x76, 0x64, 0x78, 0x00 ; file 183256
db 0x00, 0x00, 0x00, 0x00, 0x60, 0xDF, 0x72, 0x02, 0x99, 0x07, 0x00, 0x00, 0x7A, 0x30, 0x38, 0x2E ; file 183266
db 0x76, 0x64, 0x78, 0x00, 0x00, 0x00, 0x00, 0x00, 0xFA, 0xE6, 0x72, 0x02, 0x80, 0x07, 0x00, 0x00 ; file 183276
db 0x7A, 0x30, 0x39, 0x2E, 0x76, 0x64, 0x78, 0x00, 0x00, 0x00, 0x00, 0x00, 0x7B, 0xEE, 0x72, 0x02 ; file 183286
db 0x79, 0x07, 0x00, 0x00, 0x7A, 0x31, 0x30, 0x2E, 0x76, 0x64, 0x78, 0x00, 0x00, 0x00, 0x00, 0x00 ; file 183296
db 0xF5, 0xF5, 0x72, 0x02, 0x81, 0x07, 0x00, 0x00, 0x7A, 0x31, 0x31, 0x2E, 0x76, 0x64, 0x78, 0x00 ; file 1832A6
db 0x00, 0x00, 0x00, 0x00, 0x77, 0xFD, 0x72, 0x02, 0x87, 0x07, 0x00, 0x00, 0x7A, 0x31, 0x32, 0x2E ; file 1832B6
db 0x76, 0x64, 0x78, 0x00, 0x00, 0x00, 0x00, 0x00, 0xFF, 0x04, 0x73, 0x02, 0x8B, 0x07, 0x00, 0x00 ; file 1832C6
db 0x7A, 0x31, 0x33, 0x2E, 0x76, 0x64, 0x78, 0x00, 0x00, 0x00, 0x00, 0x00, 0x8B, 0x0C, 0x73, 0x02 ; file 1832D6
db 0x76, 0x07, 0x00, 0x00, 0x7A, 0x31, 0x34, 0x2E, 0x76, 0x64, 0x78, 0x00, 0x00, 0x00, 0x00, 0x00 ; file 1832E6
db 0x02, 0x14, 0x73, 0x02, 0x85, 0x07, 0x00, 0x00, 0x7A, 0x31, 0x35, 0x2E, 0x76, 0x64, 0x78, 0x00 ; file 1832F6
db 0x00, 0x00, 0x00, 0x00, 0x88, 0x1B, 0x73, 0x02, 0x7A, 0x07, 0x00, 0x00, 0x7A, 0x31, 0x36, 0x2E ; file 183306
db 0x76, 0x64, 0x78, 0x00, 0x00, 0x00, 0x00, 0x00, 0x03, 0x23, 0x73, 0x02, 0x7B, 0x07, 0x00, 0x00 ; file 183316
db 0x7A, 0x31, 0x37, 0x2E, 0x76, 0x64, 0x78, 0x00, 0x00, 0x00, 0x00, 0x00, 0x7F, 0x2A, 0x73, 0x02 ; file 183326
db 0x80, 0x07, 0x00, 0x00, 0x7A, 0x31, 0x38, 0x2E, 0x76, 0x64, 0x78, 0x00, 0x00, 0x00, 0x00, 0x00 ; file 183336
db 0x00, 0x32, 0x73, 0x02, 0x68, 0x07, 0x00, 0x00, 0x7A, 0x31, 0x39, 0x2E, 0x76, 0x64, 0x78, 0x00 ; file 183346
db 0x00, 0x00, 0x00, 0x00, 0x69, 0x39, 0x73, 0x02, 0x73, 0x07, 0x00, 0x00, 0x7A, 0x32, 0x30, 0x2E ; file 183356
db 0x76, 0x64, 0x78, 0x00, 0x00, 0x00, 0x00, 0x00, 0xDD, 0x40, 0x73, 0x02, 0x6F, 0x07, 0x00, 0x00 ; file 183366
db 0x7A, 0x32, 0x31, 0x2E, 0x76, 0x64, 0x78, 0x00, 0x00, 0x00, 0x00, 0x00, 0x4D, 0x48, 0x73, 0x02 ; file 183376
db 0x7A, 0x07, 0x00, 0x00, 0x7A, 0x32, 0x32, 0x2E, 0x76, 0x64, 0x78, 0x00, 0x00, 0x00, 0x00, 0x00 ; file 183386
db 0xC8, 0x4F, 0x73, 0x02, 0x7E, 0x07, 0x00, 0x00, 0x7A, 0x32, 0x33, 0x2E, 0x76, 0x64, 0x78, 0x00 ; file 183396
db 0x00, 0x00, 0x00, 0x00, 0x47, 0x57, 0x73, 0x02, 0x7A, 0x07, 0x00, 0x00, 0x7A, 0x32, 0x34, 0x2E ; file 1833A6
db 0x76, 0x64, 0x78, 0x00, 0x00, 0x00, 0x00, 0x00, 0xC2, 0x5E, 0x73, 0x02, 0x91, 0x07, 0x00, 0x00 ; file 1833B6
db 0x7A, 0x32, 0x35, 0x2E, 0x76, 0x64, 0x78, 0x00, 0x00, 0x00, 0x00, 0x00, 0x54, 0x66, 0x73, 0x02 ; file 1833C6
db 0x89, 0x07, 0x00, 0x00, 0x7A, 0x32, 0x36, 0x2E, 0x76, 0x64, 0x78, 0x00, 0x00, 0x00, 0x00, 0x00 ; file 1833D6
db 0xDE, 0x6D, 0x73, 0x02, 0x8C, 0x07, 0x00, 0x00, 0x7A, 0x32, 0x37, 0x2E, 0x76, 0x64, 0x78, 0x00 ; file 1833E6
db 0x00, 0x00, 0x00, 0x00, 0x6B, 0x75, 0x73, 0x02, 0x87, 0x07, 0x00, 0x00, 0x7A, 0x32, 0x38, 0x2E ; file 1833F6
db 0x76, 0x64, 0x78, 0x00, 0x00, 0x00, 0x00, 0x00, 0xF3, 0x7C, 0x73, 0x02, 0x81, 0x07, 0x00, 0x00 ; file 183406
db 0x7A, 0x32, 0x39, 0x2E, 0x76, 0x64, 0x78, 0x00, 0x00, 0x00, 0x00, 0x00, 0x75, 0x84, 0x73, 0x02 ; file 183416
db 0x87, 0x07, 0x00, 0x00, 0x7A, 0x33, 0x30, 0x2E, 0x76, 0x64, 0x78, 0x00, 0x00, 0x00, 0x00, 0x00 ; file 183426
db 0xFD, 0x8B, 0x73, 0x02, 0x9D, 0x07, 0x00, 0x00, 0x7A, 0x33, 0x31, 0x2E, 0x76, 0x64, 0x78, 0x00 ; file 183436
db 0x00, 0x00, 0x00, 0x00, 0x9B, 0x93, 0x73, 0x02, 0x8E, 0x07, 0x00, 0x00, 0x7A, 0x33, 0x32, 0x2E ; file 183446
db 0x76, 0x64, 0x78, 0x00, 0x00, 0x00, 0x00, 0x00, 0x2A, 0x9B, 0x73, 0x02, 0x8B, 0x07, 0x00, 0x00 ; file 183456
db 0x7A, 0x62, 0x2E, 0x76, 0x64, 0x78, 0x00, 0x00, 0x00, 0x00, 0x00, 0x00, 0xB6, 0xA2, 0x73, 0x02 ; file 183466
db 0xFB, 0x07, 0x00, 0x00, 0x7A, 0x63, 0x2E, 0x76, 0x64, 0x78, 0x00, 0x00, 0x00, 0x00, 0x00, 0x00 ; file 183476
db 0xB2, 0xAA, 0x73, 0x02, 0x21, 0x0C, 0x00, 0x00, 0x7A, 0x67, 0x2E, 0x76, 0x64, 0x78, 0x00, 0x00 ; file 183486
db 0x00, 0x00, 0x00, 0x00, 0xD4, 0xB6, 0x73, 0x02, 0x8D, 0x11, 0x00, 0x00, 0x7A, 0x68, 0x2E, 0x76 ; file 183496
db 0x64, 0x78, 0x00, 0x00, 0x00, 0x00, 0x00, 0x00, 0x62, 0xC8, 0x73, 0x02, 0x70, 0x0E, 0x00, 0x00 ; file 1834A6
db 0x7A, 0x6C, 0x2E, 0x76, 0x64, 0x78, 0x00, 0x00, 0x00, 0x00, 0x00, 0x00, 0xD3, 0xD6, 0x73, 0x02 ; file 1834B6
db 0x12, 0x0A, 0x00, 0x00, 0x7A, 0x6D, 0x2E, 0x76, 0x64, 0x78, 0x00, 0x00, 0x00, 0x00, 0x00, 0x00 ; file 1834C6
db 0xE6, 0xE0, 0x73, 0x02, 0xC8, 0x08, 0x00, 0x00, 0x7A, 0x70, 0x2E, 0x76, 0x64, 0x78, 0x00, 0x00 ; file 1834D6
db 0x00, 0x00, 0x00, 0x00, 0xAF, 0xE9, 0x73, 0x02, 0x2C, 0x0A, 0x00, 0x00, 0x7A, 0x72, 0x2E, 0x76 ; file 1834E6
db 0x64, 0x78, 0x00, 0x00, 0x00, 0x00, 0x00, 0x00, 0xDC, 0xF3, 0x73, 0x02, 0x80, 0x0D, 0x00, 0x00 ; file 1834F6
db 0x7A, 0x73, 0x2E, 0x76, 0x64, 0x78, 0x00, 0x00, 0x00, 0x00, 0x00, 0x00, 0x5D, 0x01, 0x74, 0x02 ; file 183506
db 0x4C, 0x0F, 0x00, 0x00, 0x7A, 0x74, 0x2E, 0x76, 0x64, 0x78, 0x00, 0x00, 0x00, 0x00, 0x00, 0x00 ; file 183516
db 0xAA, 0x10, 0x74, 0x02, 0x4F, 0x0A, 0x00, 0x00, 0x7A, 0x79, 0x2E, 0x76, 0x64, 0x78, 0x00, 0x00 ; file 183526
db 0x00, 0x00, 0x00, 0x00, 0xFA, 0x1A, 0x74, 0x02, 0x8C, 0x07, 0x00, 0x00 ; file 183536
