; Resource 'snd ', ID 211; name '021 Accordion (C3)'; payload 17570 bytes
; MacBinary file offsets 0F6C93–0FB138 (inclusive).
; Linear CODE decoding is provisional: embedded data can decode as instructions.
db 0x00, 0x00, 0x44, 0xA2, 0x00, 0x02, 0x00, 0x00, 0x00, 0x01, 0x80, 0x50, 0x00, 0x00, 0x00, 0x00 ; file 0F6C93
db 0x00, 0x0E, 0x00, 0x00, 0x00, 0x00, 0x00, 0x00, 0x44, 0x7C, 0x2B, 0x11, 0x00, 0x00, 0x00, 0x00 ; file 0F6CA3
db 0x1F, 0x6B, 0x00, 0x00, 0x42, 0xEC, 0x00, 0x48, 0x80, 0x81, 0x82, 0x81, 0x7F, 0x7B, 0x76, 0x75 ; file 0F6CB3
db 0x79, 0x7F, 0x81, 0x7F, 0x7B, 0x78, 0x78, 0x78, 0x7B, 0x83, 0x87, 0x85, 0x82, 0x84, 0x94, 0xA6 ; file 0F6CC3
db 0xAB, 0x9F, 0x89, 0x7A, 0x77, 0x7C, 0x7C, 0x71, 0x66, 0x65, 0x6B, 0x71, 0x7A, 0x84, 0x94, 0x9B ; file 0F6CD3
db 0x94, 0x88, 0x7F, 0x81, 0x85, 0x84, 0x7F, 0x72, 0x64, 0x60, 0x6D, 0x7E, 0x83, 0x7C, 0x72, 0x6B ; file 0F6CE3
db 0x6B, 0x6D, 0x74, 0x86, 0x90, 0x8B, 0x85, 0x85, 0x9B, 0xC3, 0xD9, 0xCA, 0xA1, 0x77, 0x6E, 0x77 ; file 0F6CF3
db 0x7F, 0x70, 0x58, 0x4F, 0x59, 0x66, 0x72, 0x80, 0x94, 0xA6, 0xA1, 0x91, 0x80, 0x7E, 0x86, 0x86 ; file 0F6D03
db 0x80, 0x74, 0x60, 0x58, 0x66, 0x7F, 0x89, 0x7F, 0x70, 0x65, 0x66, 0x6A, 0x6D, 0x7E, 0x8F, 0x87 ; file 0F6D13
db 0x81, 0x83, 0x9E, 0xCE, 0xE4, 0xCC, 0x9E, 0x71, 0x6F, 0x7E, 0x89, 0x71, 0x4E, 0x48, 0x58, 0x69 ; file 0F6D23
db 0x74, 0x82, 0x95, 0xA5, 0x9B, 0x8D, 0x7E, 0x7E, 0x88, 0x7E, 0x79, 0x72, 0x5F, 0x61, 0x76, 0x90 ; file 0F6D33
db 0x92, 0x7D, 0x6E, 0x60, 0x64, 0x68, 0x67, 0x79, 0x8A, 0x7D, 0x7B, 0x84, 0x9F, 0xD3, 0xEB, 0xCF ; file 0F6D43
db 0xA1, 0x72, 0x70, 0x83, 0x8D, 0x73, 0x49, 0x45, 0x57, 0x6A, 0x74, 0x80, 0x93, 0xA3, 0x98, 0x8F ; file 0F6D53
db 0x80, 0x7D, 0x87, 0x79, 0x77, 0x75, 0x63, 0x67, 0x7A, 0x92, 0x93, 0x7D, 0x70, 0x5E, 0x62, 0x68 ; file 0F6D63
db 0x63, 0x75, 0x82, 0x77, 0x7B, 0x87, 0x9E, 0xD1, 0xEC, 0xD2, 0xA6, 0x77, 0x6F, 0x85, 0x8E, 0x78 ; file 0F6D73
db 0x47, 0x44, 0x54, 0x68, 0x74, 0x7F, 0x91, 0x9D, 0x95, 0x93, 0x84, 0x7A, 0x86, 0x73, 0x75, 0x79 ; file 0F6D83
db 0x66, 0x6F, 0x82, 0x93, 0x95, 0x7D, 0x73, 0x5C, 0x60, 0x67, 0x5F, 0x71, 0x7B, 0x73, 0x7B, 0x8A ; file 0F6D93
db 0x9C, 0xCB, 0xEB, 0xD7, 0xAF, 0x7F, 0x6D, 0x85, 0x8D, 0x7D, 0x49, 0x43, 0x51, 0x66, 0x75, 0x7C ; file 0F6DA3
db 0x8D, 0x97, 0x93, 0x98, 0x89, 0x78, 0x85, 0x70, 0x74, 0x7D, 0x6A, 0x74, 0x85, 0x8E, 0x94, 0x7C ; file 0F6DB3
db 0x77, 0x5B, 0x5F, 0x67, 0x5D, 0x6E, 0x73, 0x71, 0x7E, 0x8D, 0x9A, 0xC4, 0xE6, 0xDA, 0xB8, 0x87 ; file 0F6DC3
db 0x6D, 0x85, 0x8C, 0x81, 0x4D, 0x44, 0x4F, 0x63, 0x77, 0x79, 0x8A, 0x91, 0x91, 0x9D, 0x8E, 0x77 ; file 0F6DD3
db 0x83, 0x6C, 0x73, 0x82, 0x6D, 0x7C, 0x8A, 0x89, 0x93, 0x7C, 0x7A, 0x5A, 0x5D, 0x67, 0x5B, 0x6D ; file 0F6DE3
db 0x6B, 0x6E, 0x80, 0x8F, 0x99, 0xBC, 0xDE, 0xDD, 0xC2, 0x90, 0x6F, 0x81, 0x8A, 0x84, 0x56, 0x44 ; file 0F6DF3
db 0x4D, 0x5D, 0x79, 0x77, 0x86, 0x8B, 0x8C, 0xA1, 0x95, 0x77, 0x81, 0x6C, 0x70, 0x86, 0x71, 0x81 ; file 0F6E03
db 0x8D, 0x84, 0x8F, 0x7D, 0x7C, 0x5D, 0x5A, 0x67, 0x5B, 0x6A, 0x66, 0x69, 0x83, 0x92, 0x97, 0xB4 ; file 0F6E13
db 0xD2, 0xE0, 0xCD, 0x9B, 0x77, 0x7A, 0x8A, 0x86, 0x61, 0x45, 0x4A, 0x57, 0x78, 0x77, 0x80, 0x88 ; file 0F6E23
db 0x84, 0xA4, 0x9E, 0x79, 0x7F, 0x6C, 0x6D, 0x89, 0x76, 0x85, 0x91, 0x82, 0x88, 0x7D, 0x7D, 0x61 ; file 0F6E33
db 0x57, 0x66, 0x5B, 0x68, 0x63, 0x61, 0x84, 0x94, 0x96, 0xAE, 0xC5, 0xDF, 0xD6, 0xA7, 0x80, 0x73 ; file 0F6E43
db 0x89, 0x87, 0x6B, 0x4A, 0x48, 0x51, 0x75, 0x79, 0x7A, 0x86, 0x7B, 0xA3, 0xA6, 0x7D, 0x7D, 0x6C ; file 0F6E53
db 0x6A, 0x89, 0x7A, 0x8A, 0x95, 0x84, 0x82, 0x7C, 0x7E, 0x65, 0x56, 0x65, 0x5B, 0x67, 0x61, 0x59 ; file 0F6E63
db 0x84, 0x96, 0x97, 0xAC, 0xB9, 0xD9, 0xDB, 0xB0, 0x8B, 0x71, 0x87, 0x86, 0x70, 0x51, 0x47, 0x4E ; file 0F6E73
db 0x71, 0x7A, 0x77, 0x83, 0x74, 0xA1, 0xAA, 0x81, 0x7E, 0x68, 0x69, 0x89, 0x7C, 0x90, 0x9C, 0x87 ; file 0F6E83
db 0x7E, 0x79, 0x7F, 0x66, 0x57, 0x63, 0x5A, 0x67, 0x5E, 0x51, 0x82, 0x98, 0x99, 0xAC, 0xB1, 0xD1 ; file 0F6E93
db 0xDF, 0xB9, 0x94, 0x73, 0x84, 0x85, 0x72, 0x5A, 0x47, 0x4D, 0x6C, 0x7D, 0x74, 0x80, 0x6E, 0x9B ; file 0F6EA3
db 0xAF, 0x87, 0x80, 0x66, 0x66, 0x88, 0x7F, 0x94, 0xA3, 0x8B, 0x7B, 0x75, 0x80, 0x69, 0x57, 0x61 ; file 0F6EB3
db 0x5A, 0x66, 0x5F, 0x4B, 0x7C, 0x9C, 0x9A, 0xAD, 0xA9, 0xC5, 0xE1, 0xC3, 0x9C, 0x7A, 0x7D, 0x88 ; file 0F6EC3
db 0x72, 0x65, 0x49, 0x4A, 0x65, 0x7E, 0x73, 0x7C, 0x6B, 0x90, 0xB6, 0x8D, 0x84, 0x65, 0x63, 0x86 ; file 0F6ED3
db 0x80, 0x96, 0xA9, 0x91, 0x7B, 0x6F, 0x80, 0x6B, 0x59, 0x60, 0x59, 0x65, 0x60, 0x46, 0x71, 0xA0 ; file 0F6EE3
db 0x9A, 0xAF, 0xA5, 0xB7, 0xDF, 0xCD, 0xA5, 0x85, 0x75, 0x8A, 0x71, 0x6D, 0x4E, 0x48, 0x5F, 0x7D ; file 0F6EF3
db 0x74, 0x79, 0x68, 0x85, 0xB9, 0x92, 0x89, 0x65, 0x5F, 0x84, 0x81, 0x98, 0xB0, 0x97, 0x7D, 0x68 ; file 0F6F03
db 0x7E, 0x6E, 0x5B, 0x60, 0x57, 0x64, 0x61, 0x43, 0x66, 0xA2, 0x9A, 0xB2, 0xA3, 0xAC, 0xD8, 0xD5 ; file 0F6F13
db 0xB0, 0x90, 0x72, 0x88, 0x71, 0x73, 0x57, 0x46, 0x5B, 0x79, 0x77, 0x76, 0x66, 0x79, 0xB8, 0x97 ; file 0F6F23
db 0x90, 0x67, 0x5A, 0x82, 0x7F, 0x99, 0xB4, 0x9F, 0x82, 0x63, 0x7A, 0x71, 0x5C, 0x60, 0x55, 0x62 ; file 0F6F33
db 0x64, 0x42, 0x5A, 0x9E, 0x9C, 0xB4, 0xA4, 0xA2, 0xCC, 0xDB, 0xBA, 0x9A, 0x77, 0x83, 0x72, 0x74 ; file 0F6F43
db 0x63, 0x45, 0x58, 0x73, 0x79, 0x74, 0x64, 0x71, 0xB1, 0x9E, 0x98, 0x6B, 0x55, 0x7F, 0x7E, 0x99 ; file 0F6F53
db 0xB8, 0xA7, 0x87, 0x61, 0x73, 0x74, 0x5C, 0x62, 0x54, 0x60, 0x65, 0x41, 0x51, 0x95, 0xA0, 0xB5 ; file 0F6F63
db 0xA6, 0x9C, 0xBD, 0xDD, 0xC3, 0xA3, 0x80, 0x7B, 0x75, 0x72, 0x6E, 0x47, 0x54, 0x6D, 0x7A, 0x75 ; file 0F6F73
db 0x61, 0x6A, 0xA7, 0xA5, 0x9D, 0x72, 0x52, 0x7A, 0x7D, 0x97, 0xBA, 0xB0, 0x8D, 0x63, 0x6A, 0x76 ; file 0F6F83
db 0x5C, 0x65, 0x54, 0x5C, 0x67, 0x43, 0x49, 0x89, 0xA4, 0xB5, 0xAA, 0x99, 0xAF, 0xDC, 0xCA, 0xAD ; file 0F6F93
db 0x8D, 0x74, 0x77, 0x70, 0x77, 0x4D, 0x51, 0x69, 0x78, 0x77, 0x5F, 0x65, 0x9B, 0xA8, 0xA1, 0x7B ; file 0F6FA3
db 0x50, 0x74, 0x7E, 0x94, 0xBD, 0xB8, 0x94, 0x68, 0x61, 0x76, 0x5D, 0x66, 0x55, 0x58, 0x68, 0x45 ; file 0F6FB3
db 0x43, 0x7E, 0xA5, 0xB5, 0xAF, 0x99, 0xA2, 0xD4, 0xD0, 0xB8, 0x97, 0x74, 0x76, 0x6E, 0x7B, 0x57 ; file 0F6FC3
db 0x4E, 0x67, 0x72, 0x7B, 0x5E, 0x5E, 0x91, 0xA7, 0xA5, 0x84, 0x50, 0x6D, 0x7E, 0x8E, 0xBF, 0xC0 ; file 0F6FD3
db 0x9D, 0x6F, 0x5B, 0x73, 0x5E, 0x67, 0x58, 0x54, 0x69, 0x47, 0x3D, 0x72, 0xA1, 0xB7, 0xB4, 0x9B ; file 0F6FE3
db 0x98, 0xC8, 0xD3, 0xC3, 0xA1, 0x7A, 0x72, 0x6D, 0x7A, 0x63, 0x4D, 0x65, 0x6D, 0x7E, 0x60, 0x58 ; file 0F6FF3
db 0x89, 0xA2, 0xAA, 0x8D, 0x54, 0x66, 0x7D, 0x89, 0xBF, 0xC7, 0xA7, 0x78, 0x57, 0x6E, 0x5F, 0x66 ; file 0F7003
db 0x5C, 0x50, 0x68, 0x4A, 0x3A, 0x69, 0x99, 0xBA, 0xB7, 0x9E, 0x92, 0xBB, 0xD3, 0xCB, 0xAA, 0x85 ; file 0F7013
db 0x6C, 0x6E, 0x78, 0x6E, 0x4F, 0x62, 0x69, 0x7D, 0x64, 0x52, 0x81, 0x9B, 0xAC, 0x96, 0x5A, 0x60 ; file 0F7023
db 0x7C, 0x85, 0xBC, 0xCC, 0xB0, 0x7F, 0x57, 0x67, 0x60, 0x64, 0x60, 0x4F, 0x66, 0x4E, 0x38, 0x61 ; file 0F7033
db 0x90, 0xBB, 0xBA, 0xA2, 0x8F, 0xAE, 0xCE, 0xD2, 0xB4, 0x90, 0x6B, 0x6D, 0x75, 0x75, 0x56, 0x5F ; file 0F7043
db 0x67, 0x78, 0x69, 0x4D, 0x7A, 0x95, 0xAA, 0x9E, 0x62, 0x5B, 0x7A, 0x81, 0xB8, 0xD1, 0xB8, 0x89 ; file 0F7053
db 0x5A, 0x61, 0x5E, 0x63, 0x64, 0x4E, 0x63, 0x51, 0x37, 0x5A, 0x87, 0xB6, 0xBF, 0xA7, 0x8E, 0xA2 ; file 0F7063
db 0xC5, 0xD7, 0xBF, 0x9A, 0x6F, 0x68, 0x74, 0x78, 0x5F, 0x5C, 0x66, 0x72, 0x70, 0x4A, 0x72, 0x91 ; file 0F7073
db 0xA2, 0xA6, 0x6B, 0x59, 0x77, 0x7E, 0xB1, 0xD5, 0xBE, 0x95, 0x5E, 0x5D, 0x5B, 0x62, 0x66, 0x50 ; file 0F7083
db 0x60, 0x54, 0x36, 0x55, 0x80, 0xAD, 0xC5, 0xAB, 0x8F, 0x9A, 0xB8, 0xD8, 0xC8, 0xA3, 0x7A, 0x60 ; file 0F7093
db 0x73, 0x79, 0x6A, 0x5C, 0x65, 0x6C, 0x74, 0x4A, 0x6A, 0x8E, 0x98, 0xAE, 0x75, 0x59, 0x74, 0x7A ; file 0F70A3
db 0xAC, 0xD7, 0xC5, 0xA0, 0x63, 0x5B, 0x55, 0x61, 0x67, 0x53, 0x5D, 0x56, 0x37, 0x50, 0x7A, 0xA2 ; file 0F70B3
db 0xCB, 0xAE, 0x93, 0x94, 0xAB, 0xD6, 0xD0, 0xAD, 0x87, 0x59, 0x73, 0x77, 0x72, 0x5F, 0x63, 0x67 ; file 0F70C3
db 0x73, 0x4D, 0x61, 0x8C, 0x8C, 0xB2, 0x7D, 0x5B, 0x72, 0x76, 0xA7, 0xD6, 0xCA, 0xA9, 0x6A, 0x5C ; file 0F70D3
db 0x50, 0x5E, 0x68, 0x55, 0x5B, 0x57, 0x38, 0x4C, 0x75, 0x95, 0xCD, 0xB1, 0x97, 0x92, 0xA0, 0xCE ; file 0F70E3
db 0xD6, 0xB8, 0x92, 0x59, 0x70, 0x76, 0x76, 0x67, 0x62, 0x65, 0x71, 0x51, 0x5A, 0x88, 0x83, 0xB1 ; file 0F70F3
db 0x85, 0x60, 0x71, 0x71, 0xA2, 0xD3, 0xD0, 0xB1, 0x73, 0x5F, 0x4B, 0x59, 0x6A, 0x58, 0x5B, 0x57 ; file 0F7103
db 0x39, 0x48, 0x71, 0x8B, 0xCA, 0xB7, 0x9C, 0x91, 0x98, 0xC1, 0xDA, 0xC2, 0x9D, 0x5F, 0x69, 0x77 ; file 0F7113
db 0x77, 0x71, 0x62, 0x63, 0x6D, 0x56, 0x55, 0x83, 0x7D, 0xAA, 0x8F, 0x65, 0x72, 0x6D, 0x9C, 0xD0 ; file 0F7123
db 0xD4, 0xB8, 0x7B, 0x63, 0x4A, 0x51, 0x6A, 0x59, 0x5B, 0x58, 0x3A, 0x45, 0x6E, 0x82, 0xC2, 0xBD ; file 0F7133
db 0x9F, 0x92, 0x92, 0xB3, 0xDB, 0xCC, 0xA7, 0x6A, 0x60, 0x78, 0x75, 0x79, 0x65, 0x61, 0x69, 0x58 ; file 0F7143
db 0x52, 0x7E, 0x7A, 0xA1, 0x96, 0x69, 0x74, 0x6A, 0x95, 0xCC, 0xD7, 0xBF, 0x87, 0x67, 0x4D, 0x48 ; file 0F7153
db 0x6A, 0x5A, 0x5C, 0x59, 0x39, 0x43, 0x6C, 0x7C, 0xB9, 0xC3, 0xA2, 0x94, 0x90, 0xA5, 0xD6, 0xD3 ; file 0F7163
db 0xB1, 0x77, 0x5A, 0x78, 0x73, 0x7F, 0x6C, 0x5F, 0x67, 0x58, 0x52, 0x78, 0x77, 0x98, 0x9B, 0x6E ; file 0F7173
db 0x78, 0x69, 0x8D, 0xC9, 0xD7, 0xC5, 0x90, 0x6C, 0x52, 0x40, 0x67, 0x5C, 0x5D, 0x5B, 0x39, 0x40 ; file 0F7183
db 0x69, 0x77, 0xAE, 0xC4, 0xA6, 0x97, 0x8F, 0x98, 0xCD, 0xD9, 0xBC, 0x82, 0x5B, 0x74, 0x72, 0x81 ; file 0F7193
db 0x76, 0x5E, 0x66, 0x55, 0x53, 0x74, 0x74, 0x90, 0x9A, 0x74, 0x7C, 0x6B, 0x86, 0xC5, 0xD6, 0xCB ; file 0F71A3
db 0x9A, 0x73, 0x58, 0x3A, 0x61, 0x5E, 0x5C, 0x5E, 0x39, 0x3E, 0x66, 0x74, 0xA4, 0xC1, 0xAD, 0x99 ; file 0F71B3
db 0x91, 0x8F, 0xC0, 0xDC, 0xC6, 0x8D, 0x61, 0x6D, 0x73, 0x80, 0x81, 0x5F, 0x65, 0x52, 0x53, 0x70 ; file 0F71C3
db 0x71, 0x89, 0x95, 0x7A, 0x7F, 0x6E, 0x7E, 0xBF, 0xD5, 0xCF, 0xA3, 0x7A, 0x5E, 0x38, 0x59, 0x60 ; file 0F71D3
db 0x5B, 0x62, 0x3B, 0x3A, 0x63, 0x73, 0x9C, 0xBA, 0xB3, 0x9A, 0x94, 0x88, 0xB2, 0xDB, 0xCE, 0x9A ; file 0F71E3
db 0x6B, 0x65, 0x74, 0x7D, 0x8A, 0x64, 0x63, 0x51, 0x51, 0x6F, 0x6E, 0x84, 0x8F, 0x7F, 0x81, 0x75 ; file 0F71F3
db 0x78, 0xB9, 0xD4, 0xD0, 0xAB, 0x80, 0x65, 0x3A, 0x50, 0x60, 0x5A, 0x65, 0x3D, 0x36, 0x61, 0x72 ; file 0F7203
db 0x95, 0xB3, 0xB8, 0x9C, 0x98, 0x85, 0xA5, 0xD5, 0xD5, 0xA7, 0x75, 0x61, 0x72, 0x7A, 0x90, 0x6D ; file 0F7213
db 0x61, 0x52, 0x4C, 0x6F, 0x6C, 0x7E, 0x89, 0x7F, 0x84, 0x7C, 0x74, 0xB2, 0xD4, 0xD0, 0xB3, 0x87 ; file 0F7223
db 0x6D, 0x3E, 0x48, 0x5E, 0x59, 0x67, 0x40, 0x32, 0x5D, 0x71, 0x8E, 0xAC, 0xB7, 0xA0, 0x9B, 0x85 ; file 0F7233
db 0x9A, 0xCA, 0xD9, 0xB3, 0x7D, 0x64, 0x6E, 0x78, 0x91, 0x78, 0x60, 0x53, 0x45, 0x6F, 0x6C, 0x77 ; file 0F7243
db 0x86, 0x7B, 0x86, 0x84, 0x73, 0xAA, 0xD3, 0xCF, 0xBA, 0x8D, 0x76, 0x43, 0x42, 0x5A, 0x59, 0x68 ; file 0F7253
db 0x46, 0x2F, 0x59, 0x71, 0x89, 0xA7, 0xB3, 0xA5, 0x9D, 0x86, 0x92, 0xBC, 0xDA, 0xBE, 0x85, 0x6C ; file 0F7263
db 0x67, 0x78, 0x8F, 0x82, 0x63, 0x54, 0x40, 0x6C, 0x6E, 0x70, 0x84, 0x75, 0x88, 0x8B, 0x74, 0xA3 ; file 0F7273
db 0xD1, 0xCE, 0xBF, 0x92, 0x7F, 0x49, 0x40, 0x53, 0x59, 0x68, 0x4C, 0x2D, 0x54, 0x71, 0x84, 0xA2 ; file 0F7283
db 0xAC, 0xAA, 0x9F, 0x8A, 0x8D, 0xAF, 0xD7, 0xC8, 0x90, 0x76, 0x61, 0x77, 0x8B, 0x8C, 0x68, 0x56 ; file 0F7293
db 0x3C, 0x66, 0x72, 0x6A, 0x82, 0x6E, 0x86, 0x90, 0x77, 0x9D, 0xCD, 0xCE, 0xC1, 0x97, 0x87, 0x51 ; file 0F72A3
db 0x40, 0x4D, 0x56, 0x67, 0x52, 0x2D, 0x4E, 0x71, 0x80, 0xA0, 0xA5, 0xAC, 0xA1, 0x8E, 0x8B, 0xA3 ; file 0F72B3
db 0xCF, 0xD0, 0x9B, 0x7E, 0x61, 0x73, 0x88, 0x91, 0x72, 0x57, 0x3B, 0x5E, 0x77, 0x65, 0x7F, 0x6B ; file 0F72C3
db 0x81, 0x97, 0x7B, 0x99, 0xC8, 0xCE, 0xC3, 0x9D, 0x8D, 0x5B, 0x42, 0x48, 0x52, 0x67, 0x56, 0x2E ; file 0F72D3
db 0x48, 0x71, 0x7D, 0x9E, 0x9F, 0xA9, 0xA6, 0x92, 0x8A, 0x99, 0xC3, 0xD5, 0xA6, 0x86, 0x68, 0x6C ; file 0F72E3
db 0x87, 0x92, 0x7B, 0x59, 0x3A, 0x55, 0x7A, 0x62, 0x7B, 0x68, 0x77, 0x9D, 0x80, 0x97, 0xC3, 0xCD ; file 0F72F3
db 0xC3, 0xA2, 0x93, 0x65, 0x44, 0x46, 0x4B, 0x66, 0x5A, 0x31, 0x43, 0x6F, 0x7A, 0x9C, 0x9A, 0xA3 ; file 0F7303
db 0xAB, 0x95, 0x8C, 0x93, 0xB6, 0xD7, 0xAF, 0x8F, 0x73, 0x63, 0x86, 0x92, 0x85, 0x5F, 0x3A, 0x4E ; file 0F7313
db 0x7B, 0x62, 0x77, 0x68, 0x6D, 0xA0, 0x85, 0x97, 0xBF, 0xCC, 0xC4, 0xA4, 0x98, 0x6E, 0x47, 0x47 ; file 0F7323
db 0x44, 0x64, 0x5D, 0x35, 0x3F, 0x6C, 0x78, 0x9B, 0x96, 0x9C, 0xAE, 0x99, 0x8E, 0x8F, 0xAA, 0xD3 ; file 0F7333
db 0xB7, 0x98, 0x7C, 0x5F, 0x83, 0x90, 0x8B, 0x68, 0x3A, 0x48, 0x77, 0x64, 0x73, 0x67, 0x63, 0x9F ; file 0F7343
db 0x8A, 0x98, 0xBC, 0xC9, 0xC5, 0xA6, 0x9D, 0x78, 0x4C, 0x49, 0x3D, 0x5F, 0x60, 0x38, 0x3C, 0x68 ; file 0F7353
db 0x77, 0x9A, 0x94, 0x95, 0xAC, 0x9E, 0x90, 0x8E, 0xA0, 0xCA, 0xBE, 0xA2, 0x86, 0x60, 0x7D, 0x90 ; file 0F7363
db 0x8E, 0x74, 0x3B, 0x43, 0x72, 0x67, 0x71, 0x66, 0x5C, 0x98, 0x90, 0x9A, 0xBA, 0xC6, 0xC6, 0xA7 ; file 0F7373
db 0xA0, 0x80, 0x53, 0x4C, 0x39, 0x58, 0x63, 0x3B, 0x3B, 0x64, 0x74, 0x98, 0x94, 0x90, 0xA7, 0xA4 ; file 0F7383
db 0x92, 0x8F, 0x98, 0xBE, 0xC2, 0xAB, 0x8F, 0x68, 0x74, 0x91, 0x8E, 0x7F, 0x40, 0x3F, 0x6C, 0x69 ; file 0F7393
db 0x70, 0x64, 0x58, 0x8E, 0x96, 0x9C, 0xBA, 0xC3, 0xC5, 0xA8, 0xA1, 0x87, 0x5A, 0x50, 0x39, 0x4F ; file 0F73A3
db 0x65, 0x3E, 0x3B, 0x5F, 0x71, 0x96, 0x93, 0x8C, 0x9E, 0xAA, 0x92, 0x91, 0x93, 0xB1, 0xC2, 0xB2 ; file 0F73B3
db 0x99, 0x73, 0x6C, 0x91, 0x8C, 0x89, 0x48, 0x3B, 0x66, 0x69, 0x70, 0x63, 0x55, 0x83, 0x9A, 0x9D ; file 0F73C3
db 0xBB, 0xC1, 0xC2, 0xAB, 0xA1, 0x8F, 0x62, 0x55, 0x3C, 0x46, 0x65, 0x42, 0x3B, 0x5C, 0x6F, 0x93 ; file 0F73D3
db 0x94, 0x89, 0x95, 0xAD, 0x95, 0x93, 0x91, 0xA5, 0xBD, 0xB7, 0xA3, 0x7C, 0x69, 0x8D, 0x8B, 0x8F ; file 0F73E3
db 0x55, 0x38, 0x62, 0x66, 0x71, 0x62, 0x52, 0x78, 0x99, 0x9F, 0xBE, 0xC1, 0xBF, 0xAD, 0x9F, 0x97 ; file 0F73F3
db 0x68, 0x5A, 0x41, 0x3D, 0x63, 0x45, 0x3B, 0x5A, 0x6C, 0x90, 0x95, 0x88, 0x8D, 0xAB, 0x98, 0x96 ; file 0F7403
db 0x91, 0x9C, 0xB5, 0xBA, 0xAC, 0x85, 0x6C, 0x86, 0x8C, 0x90, 0x64, 0x37, 0x5E, 0x63, 0x72, 0x64 ; file 0F7413
db 0x4E, 0x70, 0x94, 0xA1, 0xC0, 0xC2, 0xBC, 0xAF, 0x9D, 0x9C, 0x6F, 0x61, 0x46, 0x39, 0x5D, 0x4A ; file 0F7423
db 0x3A, 0x59, 0x69, 0x8B, 0x96, 0x87, 0x86, 0xA5, 0x9D, 0x97, 0x92, 0x95, 0xAA, 0xBB, 0xB4, 0x8E ; file 0F7433
db 0x73, 0x7D, 0x8D, 0x8F, 0x70, 0x38, 0x59, 0x61, 0x70, 0x67, 0x4B, 0x69, 0x8D, 0xA2, 0xC1, 0xC6 ; file 0F7443
db 0xBA, 0xB0, 0x9C, 0xA0, 0x75, 0x67, 0x4C, 0x37, 0x56, 0x4D, 0x39, 0x58, 0x68, 0x86, 0x97, 0x88 ; file 0F7453
db 0x81, 0x9D, 0xA1, 0x99, 0x94, 0x91, 0xA0, 0xB7, 0xBB, 0x99, 0x7B, 0x77, 0x8D, 0x8E, 0x7A, 0x3E ; file 0F7463
db 0x54, 0x60, 0x6B, 0x6B, 0x49, 0x62, 0x85, 0xA0, 0xC2, 0xCB, 0xBA, 0xB0, 0x9B, 0xA0, 0x7C, 0x6C ; file 0F7473
db 0x54, 0x39, 0x4F, 0x4D, 0x38, 0x57, 0x68, 0x80, 0x99, 0x89, 0x7E, 0x96, 0xA2, 0x9B, 0x97, 0x90 ; file 0F7483
db 0x98, 0xAE, 0xBF, 0xA4, 0x83, 0x77, 0x89, 0x8C, 0x81, 0x48, 0x4F, 0x61, 0x64, 0x70, 0x48, 0x5B ; file 0F7493
db 0x80, 0x99, 0xC3, 0xD1, 0xBB, 0xAF, 0x9A, 0xA0, 0x82, 0x70, 0x5C, 0x3B, 0x49, 0x4C, 0x39, 0x54 ; file 0F74A3
db 0x69, 0x7B, 0x99, 0x8A, 0x7C, 0x8E, 0x9F, 0x9F, 0x99, 0x90, 0x92, 0xA3, 0xC1, 0xAD, 0x8B, 0x7C ; file 0F74B3
db 0x82, 0x8C, 0x84, 0x54, 0x4D, 0x61, 0x5D, 0x73, 0x4A, 0x53, 0x7C, 0x90, 0xC3, 0xD5, 0xBD, 0xAE ; file 0F74C3
db 0x9A, 0x9F, 0x87, 0x73, 0x64, 0x3F, 0x45, 0x49, 0x39, 0x51, 0x6B, 0x75, 0x98, 0x8C, 0x7C, 0x88 ; file 0F74D3
db 0x99, 0xA3, 0x9A, 0x92, 0x8F, 0x97, 0xBF, 0xB6, 0x93, 0x84, 0x7C, 0x8C, 0x85, 0x5D, 0x4E, 0x61 ; file 0F74E3
db 0x58, 0x74, 0x4F, 0x4C, 0x79, 0x85, 0xC2, 0xD9, 0xC3, 0xAE, 0x98, 0x9F, 0x8B, 0x77, 0x6D, 0x45 ; file 0F74F3
db 0x45, 0x45, 0x39, 0x4E, 0x6D, 0x72, 0x96, 0x8E, 0x7D, 0x83, 0x92, 0xA5, 0x9C, 0x95, 0x8D, 0x8B ; file 0F7503
db 0xB8, 0xBD, 0x9C, 0x8D, 0x7A, 0x8A, 0x86, 0x64, 0x52, 0x60, 0x55, 0x70, 0x54, 0x46, 0x75, 0x7D ; file 0F7513
db 0xBC, 0xDC, 0xC9, 0xAF, 0x96, 0x9E, 0x8D, 0x7A, 0x73, 0x4B, 0x45, 0x42, 0x37, 0x4B, 0x6D, 0x70 ; file 0F7523
db 0x93, 0x8F, 0x7D, 0x80, 0x8C, 0xA3, 0xA0, 0x97, 0x8E, 0x82, 0xAD, 0xC2, 0xA6, 0x94, 0x7E, 0x83 ; file 0F7533
db 0x88, 0x69, 0x59, 0x60, 0x53, 0x6C, 0x5A, 0x42, 0x6F, 0x77, 0xB2, 0xE0, 0xCF, 0xB2, 0x95, 0x9C ; file 0F7543
db 0x8F, 0x7D, 0x79, 0x53, 0x47, 0x41, 0x33, 0x48, 0x6C, 0x70, 0x8F, 0x8F, 0x7E, 0x7D, 0x86, 0x9C ; file 0F7553
db 0xA4, 0x9A, 0x90, 0x7C, 0xA0, 0xC4, 0xAE, 0x9A, 0x86, 0x7C, 0x8A, 0x6B, 0x60, 0x62, 0x51, 0x67 ; file 0F7563
db 0x5E, 0x41, 0x69, 0x73, 0xA5, 0xE1, 0xD5, 0xB6, 0x94, 0x99, 0x90, 0x7E, 0x7E, 0x5C, 0x4A, 0x42 ; file 0F7573
db 0x2E, 0x45, 0x6B, 0x70, 0x8C, 0x8F, 0x80, 0x7C, 0x82, 0x94, 0xA8, 0x9C, 0x93, 0x7B, 0x92, 0xC1 ; file 0F7583
db 0xB5, 0xA2, 0x90, 0x77, 0x8B, 0x6C, 0x65, 0x67, 0x50, 0x63, 0x5F, 0x42, 0x62, 0x70, 0x99, 0xDF ; file 0F7593
db 0xDB, 0xBD, 0x95, 0x95, 0x92, 0x7E, 0x82, 0x64, 0x4D, 0x46, 0x29, 0x40, 0x69, 0x71, 0x8A, 0x8E ; file 0F75A3
db 0x81, 0x7B, 0x80, 0x8B, 0xA9, 0x9F, 0x96, 0x7B, 0x86, 0xBA, 0xBB, 0xAA, 0x99, 0x77, 0x88, 0x6F ; file 0F75B3
db 0x67, 0x6E, 0x51, 0x60, 0x5E, 0x45, 0x5C, 0x6E, 0x8E, 0xD9, 0xE0, 0xC3, 0x99, 0x91, 0x94, 0x7D ; file 0F75C3
db 0x85, 0x6B, 0x52, 0x4A, 0x27, 0x39, 0x67, 0x71, 0x88, 0x8C, 0x83, 0x7A, 0x7F, 0x83, 0xA5, 0xA3 ; file 0F75D3
db 0x98, 0x7E, 0x7D, 0xAF, 0xBF, 0xB1, 0xA1, 0x7D, 0x82, 0x73, 0x66, 0x75, 0x53, 0x5D, 0x5C, 0x48 ; file 0F75E3
db 0x58, 0x6A, 0x85, 0xCF, 0xE6, 0xCA, 0x9E, 0x8D, 0x95, 0x7C, 0x87, 0x72, 0x58, 0x4E, 0x27, 0x31 ; file 0F75F3
db 0x64, 0x71, 0x87, 0x8B, 0x83, 0x7A, 0x7E, 0x7D, 0x9E, 0xA8, 0x9A, 0x82, 0x77, 0xA2, 0xBF, 0xB8 ; file 0F7603
db 0xA9, 0x85, 0x7C, 0x76, 0x64, 0x7C, 0x59, 0x5A, 0x5B, 0x49, 0x55, 0x67, 0x7E, 0xC3, 0xE9, 0xD0 ; file 0F7613
db 0xA5, 0x8A, 0x95, 0x7D, 0x87, 0x78, 0x5D, 0x54, 0x2A, 0x28, 0x60, 0x71, 0x86, 0x8C, 0x82, 0x7A ; file 0F7623
db 0x7E, 0x79, 0x96, 0xAB, 0x9C, 0x87, 0x74, 0x94, 0xBA, 0xBD, 0xB1, 0x90, 0x78, 0x78, 0x62, 0x7F ; file 0F7633
db 0x62, 0x56, 0x5B, 0x47, 0x54, 0x64, 0x77, 0xB8, 0xE9, 0xD6, 0xAE, 0x89, 0x93, 0x7E, 0x85, 0x7E ; file 0F7643
db 0x62, 0x59, 0x30, 0x20, 0x59, 0x72, 0x85, 0x8D, 0x81, 0x7A, 0x7E, 0x77, 0x8D, 0xAA, 0xA0, 0x8C ; file 0F7653
db 0x73, 0x8A, 0xB2, 0xC1, 0xB9, 0x9A, 0x7A, 0x76, 0x61, 0x7E, 0x6F, 0x53, 0x5B, 0x45, 0x54, 0x63 ; file 0F7663
db 0x71, 0xAE, 0xE4, 0xDC, 0xB6, 0x8A, 0x91, 0x7E, 0x83, 0x84, 0x67, 0x60, 0x36, 0x1C, 0x50, 0x72 ; file 0F7673
db 0x82, 0x90, 0x81, 0x7A, 0x7E, 0x76, 0x86, 0xA5, 0xA4, 0x91, 0x74, 0x81, 0xA7, 0xC1, 0xC1, 0xA2 ; file 0F7683
db 0x80, 0x73, 0x62, 0x7B, 0x7A, 0x53, 0x5B, 0x42, 0x51, 0x63, 0x6A, 0xA5, 0xDD, 0xE1, 0xBE, 0x8D ; file 0F7693
db 0x8E, 0x7F, 0x80, 0x87, 0x6C, 0x66, 0x3E, 0x1A, 0x46, 0x72, 0x7F, 0x93, 0x80, 0x79, 0x7E, 0x76 ; file 0F76A3
db 0x80, 0x9D, 0xA8, 0x95, 0x76, 0x7C, 0x9B, 0xBE, 0xC7, 0xAC, 0x8A, 0x70, 0x63, 0x76, 0x84, 0x57 ; file 0F76B3
db 0x5B, 0x42, 0x4D, 0x65, 0x64, 0x9D, 0xD4, 0xE3, 0xC6, 0x92, 0x8D, 0x7E, 0x7E, 0x89, 0x71, 0x6C ; file 0F76C3
db 0x46, 0x1C, 0x3C, 0x70, 0x7D, 0x95, 0x81, 0x77, 0x7E, 0x76, 0x7C, 0x95, 0xAA, 0x99, 0x79, 0x79 ; file 0F76D3
db 0x90, 0xB7, 0xCB, 0xB6, 0x93, 0x71, 0x61, 0x72, 0x8A, 0x5E, 0x5B, 0x42, 0x47, 0x67, 0x60, 0x94 ; file 0F76E3
db 0xCC, 0xE2, 0xCD, 0x99, 0x8C, 0x7D, 0x7C, 0x89, 0x76, 0x70, 0x4F, 0x1F, 0x33, 0x6B, 0x7B, 0x96 ; file 0F76F3
db 0x84, 0x76, 0x7D, 0x77, 0x79, 0x8E, 0xA8, 0x9E, 0x7D, 0x78, 0x87, 0xAC, 0xCD, 0xBF, 0x9B, 0x77 ; file 0F7703
db 0x5D, 0x6F, 0x8C, 0x67, 0x5C, 0x43, 0x40, 0x69, 0x5D, 0x8C, 0xC5, 0xDD, 0xD4, 0xA1, 0x8E, 0x7D ; file 0F7713
db 0x7A, 0x88, 0x79, 0x74, 0x59, 0x23, 0x2D, 0x64, 0x79, 0x96, 0x86, 0x75, 0x7C, 0x78, 0x77, 0x87 ; file 0F7723
db 0xA2, 0xA4, 0x80, 0x78, 0x82, 0xA0, 0xCC, 0xC8, 0xA3, 0x80, 0x59, 0x6D, 0x8C, 0x70, 0x5F, 0x44 ; file 0F7733
db 0x3A, 0x67, 0x5D, 0x84, 0xBF, 0xD6, 0xD9, 0xA8, 0x91, 0x7C, 0x77, 0x87, 0x7B, 0x77, 0x62, 0x29 ; file 0F7743
db 0x29, 0x5C, 0x77, 0x95, 0x8A, 0x75, 0x7A, 0x79, 0x76, 0x82, 0x9A, 0xA8, 0x83, 0x7A, 0x7E, 0x94 ; file 0F7753
db 0xC7, 0xCF, 0xAC, 0x8B, 0x56, 0x6A, 0x8A, 0x77, 0x65, 0x45, 0x37, 0x63, 0x5F, 0x7B, 0xB9, 0xCF ; file 0F7763
db 0xDA, 0xAF, 0x95, 0x7E, 0x74, 0x86, 0x7C, 0x7A, 0x6A, 0x30, 0x28, 0x54, 0x73, 0x95, 0x8D, 0x76 ; file 0F7773
db 0x76, 0x7B, 0x75, 0x7F, 0x93, 0xA9, 0x88, 0x7C, 0x7D, 0x89, 0xBD, 0xD3, 0xB5, 0x95, 0x5A, 0x64 ; file 0F7783
db 0x88, 0x7A, 0x6D, 0x48, 0x34, 0x5D, 0x62, 0x74, 0xB3, 0xCA, 0xD8, 0xB6, 0x9A, 0x80, 0x70, 0x85 ; file 0F7793
db 0x7C, 0x7C, 0x72, 0x38, 0x29, 0x4D, 0x6E, 0x93, 0x90, 0x79, 0x74, 0x7B, 0x74, 0x7D, 0x8D, 0xA5 ; file 0F77A3
db 0x8F, 0x7D, 0x7E, 0x81, 0xB0, 0xD6, 0xBE, 0x9E, 0x63, 0x5C, 0x87, 0x7C, 0x76, 0x4C, 0x32, 0x56 ; file 0F77B3
db 0x64, 0x71, 0xAB, 0xC6, 0xD2, 0xBD, 0x9F, 0x85, 0x6D, 0x83, 0x7C, 0x7D, 0x78, 0x42, 0x2A, 0x48 ; file 0F77C3
db 0x66, 0x91, 0x91, 0x7C, 0x72, 0x7A, 0x74, 0x7B, 0x87, 0x9F, 0x95, 0x7F, 0x80, 0x7C, 0xA4, 0xD4 ; file 0F77D3
db 0xC6, 0xA7, 0x6F, 0x54, 0x86, 0x7D, 0x7D, 0x53, 0x31, 0x50, 0x64, 0x6F, 0xA4, 0xC2, 0xCB, 0xC2 ; file 0F77E3
db 0xA3, 0x8B, 0x6C, 0x7F, 0x7D, 0x7D, 0x7E, 0x4B, 0x2D, 0x46, 0x5E, 0x8D, 0x93, 0x7F, 0x71, 0x79 ; file 0F77F3
db 0x74, 0x7A, 0x83, 0x97, 0x99, 0x81, 0x82, 0x7A, 0x97, 0xCE, 0xCC, 0xB0, 0x79, 0x51, 0x82, 0x7D ; file 0F7803
db 0x81, 0x5D, 0x31, 0x4B, 0x61, 0x6E, 0x9C, 0xBF, 0xC5, 0xC4, 0xA8, 0x92, 0x6C, 0x7B, 0x7E, 0x7B ; file 0F7813
db 0x82, 0x54, 0x31, 0x46, 0x58, 0x86, 0x94, 0x82, 0x71, 0x77, 0x74, 0x7A, 0x80, 0x90, 0x9A, 0x84 ; file 0F7823
db 0x84, 0x7A, 0x8C, 0xC4, 0xD0, 0xB9, 0x85, 0x53, 0x7A, 0x7F, 0x81, 0x69, 0x32, 0x47, 0x5E, 0x6E ; file 0F7833
db 0x97, 0xBA, 0xC0, 0xC1, 0xAD, 0x99, 0x6E, 0x77, 0x7E, 0x79, 0x86, 0x5C, 0x37, 0x46, 0x54, 0x7F ; file 0F7843
db 0x95, 0x84, 0x73, 0x76, 0x73, 0x79, 0x7F, 0x8A, 0x97, 0x89, 0x85, 0x7B, 0x84, 0xB7, 0xD2, 0xC2 ; file 0F7853
db 0x8F, 0x5A, 0x72, 0x81, 0x7F, 0x73, 0x36, 0x42, 0x5A, 0x6C, 0x94, 0xB6, 0xBD, 0xBD, 0xB1, 0xA0 ; file 0F7863
db 0x73, 0x73, 0x7D, 0x78, 0x88, 0x63, 0x3D, 0x47, 0x53, 0x76, 0x95, 0x85, 0x75, 0x75, 0x72, 0x79 ; file 0F7873
db 0x7E, 0x85, 0x91, 0x8D, 0x87, 0x7E, 0x7F, 0xAB, 0xCF, 0xC8, 0x9A, 0x63, 0x6A, 0x82, 0x7D, 0x7C ; file 0F7883
db 0x3D, 0x3D, 0x58, 0x68, 0x92, 0xB2, 0xBA, 0xB8, 0xB2, 0xA6, 0x79, 0x71, 0x7C, 0x77, 0x88, 0x6B ; file 0F7893
db 0x42, 0x49, 0x54, 0x6D, 0x94, 0x87, 0x77, 0x75, 0x70, 0x79, 0x7D, 0x81, 0x8C, 0x8E, 0x89, 0x80 ; file 0F78A3
db 0x7D, 0xA0, 0xC9, 0xCD, 0xA6, 0x6C, 0x67, 0x80, 0x7B, 0x81, 0x47, 0x3A, 0x56, 0x61, 0x90, 0xAE ; file 0F78B3
db 0xB7, 0xB4, 0xB0, 0xAB, 0x80, 0x70, 0x7A, 0x76, 0x86, 0x71, 0x48, 0x4D, 0x56, 0x65, 0x90, 0x89 ; file 0F78C3
db 0x79, 0x76, 0x6F, 0x78, 0x7D, 0x7F, 0x86, 0x8B, 0x8D, 0x83, 0x7C, 0x97, 0xBF, 0xD0, 0xB1, 0x73 ; file 0F78D3
db 0x69, 0x7C, 0x7A, 0x83, 0x53, 0x38, 0x54, 0x5B, 0x8E, 0xAC, 0xB3, 0xB2, 0xAA, 0xB0, 0x87, 0x71 ; file 0F78E3
db 0x77, 0x74, 0x84, 0x77, 0x4D, 0x50, 0x59, 0x60, 0x89, 0x8B, 0x7A, 0x77, 0x6E, 0x76, 0x7C, 0x7E ; file 0F78F3
db 0x82, 0x85, 0x90, 0x86, 0x7D, 0x90, 0xB4, 0xD0, 0xBB, 0x7C, 0x6F, 0x78, 0x79, 0x83, 0x5E, 0x3A ; file 0F7903
db 0x53, 0x57, 0x8A, 0xAC, 0xAF, 0xAF, 0xA4, 0xB4, 0x8F, 0x73, 0x76, 0x72, 0x82, 0x7A, 0x52, 0x54 ; file 0F7913
db 0x5D, 0x5E, 0x82, 0x8B, 0x7B, 0x79, 0x6E, 0x74, 0x7C, 0x7D, 0x80, 0x7E, 0x93, 0x89, 0x7F, 0x8C ; file 0F7923
db 0xA9, 0xCA, 0xC3, 0x86, 0x75, 0x76, 0x77, 0x83, 0x66, 0x3F, 0x51, 0x53, 0x82, 0xAD, 0xAC, 0xAD ; file 0F7933
db 0x9E, 0xB3, 0x96, 0x77, 0x75, 0x70, 0x81, 0x7C, 0x57, 0x57, 0x62, 0x5E, 0x7B, 0x88, 0x7C, 0x7A ; file 0F7943
db 0x6F, 0x71, 0x7C, 0x7D, 0x7E, 0x78, 0x91, 0x8D, 0x81, 0x8A, 0xA0, 0xC2, 0xC9, 0x91, 0x7A, 0x78 ; file 0F7953
db 0x73, 0x83, 0x6B, 0x47, 0x50, 0x51, 0x7B, 0xAD, 0xAA, 0xAB, 0x9A, 0xAF, 0x9D, 0x7C, 0x76, 0x6D ; file 0F7963
db 0x7E, 0x7D, 0x5C, 0x59, 0x67, 0x5F, 0x76, 0x84, 0x7D, 0x7A, 0x72, 0x6F, 0x7B, 0x7D, 0x7D, 0x74 ; file 0F7973
db 0x8B, 0x92, 0x83, 0x89, 0x9A, 0xB7, 0xCC, 0x9C, 0x80, 0x7F, 0x6D, 0x83, 0x6D, 0x4F, 0x50, 0x4F ; file 0F7983
db 0x74, 0xAB, 0xAA, 0xA7, 0x98, 0xA8, 0xA3, 0x81, 0x79, 0x6C, 0x7C, 0x7E, 0x5F, 0x5C, 0x6C, 0x61 ; file 0F7993
db 0x74, 0x7E, 0x7E, 0x7B, 0x74, 0x6D, 0x79, 0x7D, 0x7D, 0x71, 0x84, 0x96, 0x85, 0x8A, 0x95, 0xAB ; file 0F79A3
db 0xCB, 0xA5, 0x86, 0x87, 0x68, 0x83, 0x6F, 0x55, 0x54, 0x4D, 0x6D, 0xA8, 0xAC, 0xA4, 0x96, 0xA0 ; file 0F79B3
db 0xA7, 0x85, 0x7D, 0x6B, 0x77, 0x7F, 0x61, 0x5E, 0x70, 0x65, 0x74, 0x78, 0x7D, 0x7A, 0x77, 0x6C ; file 0F79C3
db 0x77, 0x7D, 0x7D, 0x6E, 0x7C, 0x97, 0x87, 0x8A, 0x94, 0xA1, 0xC5, 0xAD, 0x8D, 0x8F, 0x68, 0x7F ; file 0F79D3
db 0x71, 0x59, 0x5A, 0x4D, 0x68, 0xA2, 0xAE, 0xA3, 0x94, 0x99, 0xA7, 0x8B, 0x82, 0x6C, 0x73, 0x80 ; file 0F79E3
db 0x62, 0x5F, 0x73, 0x69, 0x74, 0x74, 0x7A, 0x7B, 0x79, 0x6D, 0x75, 0x7D, 0x7D, 0x6E, 0x75, 0x95 ; file 0F79F3
db 0x8C, 0x8B, 0x93, 0x99, 0xBD, 0xB3, 0x95, 0x96, 0x6D, 0x7A, 0x73, 0x5B, 0x61, 0x4D, 0x62, 0x9A ; file 0F7A03
db 0xB0, 0xA2, 0x92, 0x94, 0xA3, 0x90, 0x87, 0x6E, 0x6F, 0x80, 0x64, 0x60, 0x76, 0x6E, 0x75, 0x72 ; file 0F7A13
db 0x76, 0x7A, 0x7A, 0x6E, 0x72, 0x7C, 0x7D, 0x6E, 0x70, 0x8F, 0x90, 0x8C, 0x94, 0x94, 0xB2, 0xB5 ; file 0F7A23
db 0x9B, 0x9C, 0x76, 0x73, 0x76, 0x5B, 0x67, 0x51, 0x5D, 0x93, 0xB0, 0xA3, 0x91, 0x90, 0x9E, 0x94 ; file 0F7A33
db 0x8C, 0x73, 0x6C, 0x7F, 0x65, 0x60, 0x78, 0x74, 0x77, 0x72, 0x71, 0x79, 0x7B, 0x70, 0x71, 0x7B ; file 0F7A43
db 0x7D, 0x70, 0x6B, 0x88, 0x94, 0x8D, 0x95, 0x91, 0xA8, 0xB5, 0xA1, 0xA2, 0x80, 0x6E, 0x77, 0x5B ; file 0F7A53
db 0x6A, 0x58, 0x59, 0x8C, 0xAE, 0xA6, 0x90, 0x8C, 0x99, 0x95, 0x91, 0x78, 0x6A, 0x7D, 0x68, 0x5F ; file 0F7A63
db 0x79, 0x79, 0x7A, 0x75, 0x6C, 0x76, 0x7C, 0x71, 0x71, 0x78, 0x7D, 0x71, 0x68, 0x80, 0x94, 0x90 ; file 0F7A73
db 0x97, 0x90, 0x9F, 0xB0, 0xA5, 0xA9, 0x89, 0x6E, 0x75, 0x5C, 0x6A, 0x60, 0x55, 0x86, 0xAA, 0xA9 ; file 0F7A83
db 0x90, 0x88, 0x95, 0x93, 0x95, 0x7F, 0x69, 0x7A, 0x69, 0x5C, 0x7A, 0x7E, 0x7D, 0x78, 0x68, 0x72 ; file 0F7A93
db 0x7D, 0x72, 0x72, 0x76, 0x7D, 0x73, 0x66, 0x7A, 0x90, 0x92, 0x98, 0x91, 0x98, 0xA8, 0xA7, 0xAF ; file 0F7AA3
db 0x94, 0x72, 0x71, 0x5D, 0x68, 0x6A, 0x54, 0x81, 0xA5, 0xAA, 0x91, 0x83, 0x92, 0x8E, 0x98, 0x86 ; file 0F7AB3
db 0x6B, 0x77, 0x6B, 0x5B, 0x79, 0x82, 0x81, 0x7C, 0x67, 0x6C, 0x7D, 0x73, 0x73, 0x75, 0x7B, 0x74 ; file 0F7AC3
db 0x65, 0x74, 0x8A, 0x95, 0x9A, 0x93, 0x93, 0xA0, 0xA6, 0xB4, 0x9D, 0x79, 0x6E, 0x5E, 0x65, 0x71 ; file 0F7AD3
db 0x56, 0x7C, 0xA1, 0xAA, 0x95, 0x7F, 0x90, 0x88, 0x99, 0x8C, 0x6E, 0x75, 0x6B, 0x5A, 0x77, 0x86 ; file 0F7AE3
db 0x85, 0x80, 0x69, 0x66, 0x7C, 0x74, 0x74, 0x74, 0x79, 0x76, 0x65, 0x70, 0x83, 0x97, 0x9B, 0x96 ; file 0F7AF3
db 0x90, 0x98, 0xA1, 0xB7, 0xA8, 0x7F, 0x6E, 0x5E, 0x62, 0x76, 0x5C, 0x77, 0x9E, 0xA7, 0x99, 0x7C ; file 0F7B03
db 0x8C, 0x83, 0x97, 0x92, 0x73, 0x73, 0x6B, 0x59, 0x74, 0x8A, 0x88, 0x86, 0x6C, 0x60, 0x78, 0x75 ; file 0F7B13
db 0x75, 0x74, 0x77, 0x78, 0x65, 0x6D, 0x7D, 0x94, 0x9D, 0x99, 0x90, 0x92, 0x99, 0xB8, 0xB2, 0x87 ; file 0F7B23
db 0x72, 0x5C, 0x5F, 0x78, 0x63, 0x73, 0x9B, 0xA3, 0x9E, 0x7B, 0x88, 0x81, 0x91, 0x98, 0x78, 0x74 ; file 0F7B33
db 0x6B, 0x59, 0x6F, 0x8D, 0x8A, 0x8C, 0x70, 0x5E, 0x73, 0x77, 0x76, 0x75, 0x75, 0x79, 0x66, 0x6B ; file 0F7B43
db 0x78, 0x8E, 0xA0, 0x9B, 0x90, 0x8E, 0x90, 0xB5, 0xBB, 0x8F, 0x79, 0x5A, 0x5D, 0x78, 0x6A, 0x70 ; file 0F7B53
db 0x97, 0x9F, 0x9F, 0x7D, 0x83, 0x80, 0x88, 0x9D, 0x7E, 0x75, 0x6B, 0x58, 0x6B, 0x8D, 0x8D, 0x93 ; file 0F7B63
db 0x75, 0x5D, 0x6C, 0x77, 0x75, 0x77, 0x75, 0x78, 0x68, 0x69, 0x75, 0x87, 0xA1, 0x9E, 0x92, 0x8C ; file 0F7B73
db 0x86, 0xAF, 0xC3, 0x97, 0x82, 0x59, 0x5A, 0x76, 0x70, 0x72, 0x93, 0x9D, 0x9F, 0x80, 0x7F, 0x7E ; file 0F7B83
db 0x81, 0x9E, 0x85, 0x78, 0x6D, 0x57, 0x68, 0x8B, 0x8F, 0x98, 0x7B, 0x5F, 0x65, 0x76, 0x75, 0x78 ; file 0F7B93
db 0x75, 0x77, 0x69, 0x68, 0x72, 0x7F, 0xA0, 0xA1, 0x94, 0x8C, 0x7E, 0xA6, 0xC7, 0xA0, 0x8B, 0x5D ; file 0F7BA3
db 0x56, 0x75, 0x74, 0x75, 0x8F, 0x9B, 0x9C, 0x85, 0x7C, 0x7D, 0x7A, 0x9B, 0x8B, 0x7C, 0x6F, 0x56 ; file 0F7BB3
db 0x64, 0x89, 0x91, 0x9C, 0x82, 0x63, 0x60, 0x73, 0x76, 0x79, 0x76, 0x76, 0x6A, 0x67, 0x70, 0x79 ; file 0F7BC3
db 0x9C, 0xA5, 0x96, 0x8E, 0x7A, 0x9A, 0xCA, 0xA9, 0x92, 0x65, 0x51, 0x73, 0x75, 0x7A, 0x8D, 0x99 ; file 0F7BD3
db 0x99, 0x88, 0x7B, 0x7C, 0x76, 0x95, 0x90, 0x80, 0x73, 0x55, 0x60, 0x85, 0x92, 0x9E, 0x89, 0x68 ; file 0F7BE3
db 0x5D, 0x6E, 0x75, 0x79, 0x77, 0x75, 0x6B, 0x67, 0x6F, 0x75, 0x94, 0xA8, 0x99, 0x90, 0x78, 0x8B ; file 0F7BF3
db 0xC8, 0xB2, 0x9A, 0x6F, 0x4C, 0x70, 0x75, 0x7D, 0x8E, 0x98, 0x96, 0x8A, 0x7B, 0x7A, 0x73, 0x8D ; file 0F7C03
db 0x95, 0x84, 0x78, 0x56, 0x5C, 0x82, 0x92, 0xA1, 0x91, 0x6D, 0x5C, 0x68, 0x73, 0x79, 0x79, 0x74 ; file 0F7C13
db 0x6B, 0x66, 0x6E, 0x71, 0x8B, 0xAA, 0x9C, 0x92, 0x78, 0x80, 0xC1, 0xBA, 0xA1, 0x79, 0x4A, 0x6B ; file 0F7C23
db 0x75, 0x7F, 0x91, 0x96, 0x94, 0x8A, 0x7C, 0x78, 0x71, 0x86, 0x96, 0x88, 0x7E, 0x58, 0x57, 0x7E ; file 0F7C33
db 0x91, 0xA2, 0x98, 0x73, 0x5D, 0x63, 0x70, 0x79, 0x7A, 0x75, 0x6B, 0x65, 0x6E, 0x6F, 0x83, 0xA8 ; file 0F7C43
db 0x9F, 0x95, 0x7A, 0x76, 0xB7, 0xC0, 0xA9, 0x84, 0x4D, 0x64, 0x75, 0x7E, 0x96, 0x96, 0x93, 0x89 ; file 0F7C53
db 0x7E, 0x78, 0x6E, 0x80, 0x93, 0x8C, 0x84, 0x5C, 0x52, 0x7A, 0x8F, 0xA3, 0x9D, 0x7B, 0x60, 0x60 ; file 0F7C63
db 0x6B, 0x79, 0x7B, 0x76, 0x6B, 0x65, 0x6D, 0x6D, 0x7C, 0xA3, 0xA4, 0x98, 0x7E, 0x6F, 0xA9, 0xC3 ; file 0F7C73
db 0xB0, 0x8E, 0x55, 0x5C, 0x76, 0x7C, 0x9A, 0x98, 0x92, 0x87, 0x7E, 0x7A, 0x6B, 0x7B, 0x8E, 0x8F ; file 0F7C83
db 0x89, 0x62, 0x4F, 0x75, 0x8E, 0xA1, 0xA3, 0x82, 0x63, 0x5F, 0x66, 0x78, 0x7C, 0x78, 0x6C, 0x63 ; file 0F7C93
db 0x6C, 0x6D, 0x76, 0x9C, 0xA7, 0x9A, 0x83, 0x6C, 0x9B, 0xC2, 0xB5, 0x98, 0x5F, 0x55, 0x75, 0x79 ; file 0F7CA3
db 0x9C, 0x9D, 0x91, 0x87, 0x7D, 0x7C, 0x69, 0x76, 0x88, 0x90, 0x8F, 0x69, 0x4D, 0x6F, 0x8D, 0x9F ; file 0F7CB3
db 0xA7, 0x8A, 0x68, 0x5F, 0x60, 0x76, 0x7C, 0x79, 0x6E, 0x62, 0x6B, 0x6D, 0x72, 0x93, 0xA9, 0x9C ; file 0F7CC3
db 0x88, 0x6A, 0x8D, 0xBE, 0xB9, 0xA3, 0x6A, 0x51, 0x73, 0x77, 0x9C, 0xA3, 0x91, 0x87, 0x7A, 0x7E ; file 0F7CD3
db 0x69, 0x71, 0x83, 0x8E, 0x93, 0x72, 0x4D, 0x69, 0x8B, 0x9C, 0xAB, 0x91, 0x6E, 0x61, 0x5C, 0x71 ; file 0F7CE3
db 0x7C, 0x7B, 0x70, 0x60, 0x6A, 0x6E, 0x70, 0x8B, 0xA7, 0xA0, 0x8D, 0x6C, 0x83, 0xB6, 0xBC, 0xAD ; file 0F7CF3
db 0x73, 0x53, 0x6E, 0x75, 0x98, 0xAA, 0x92, 0x87, 0x77, 0x7F, 0x6A, 0x6C, 0x80, 0x89, 0x96, 0x7A ; file 0F7D03
db 0x4F, 0x63, 0x89, 0x99, 0xAD, 0x97, 0x75, 0x64, 0x5A, 0x6C, 0x7C, 0x7C, 0x73, 0x60, 0x69, 0x6E ; file 0F7D13
db 0x6E, 0x84, 0xA2, 0xA3, 0x91, 0x6E, 0x7A, 0xAD, 0xBB, 0xB6, 0x7F, 0x58, 0x68, 0x74, 0x94, 0xB0 ; file 0F7D23
db 0x96, 0x87, 0x74, 0x7F, 0x6D, 0x68, 0x7D, 0x82, 0x98, 0x82, 0x54, 0x5E, 0x85, 0x95, 0xAE, 0x9D ; file 0F7D33
db 0x7B, 0x67, 0x5A, 0x65, 0x7B, 0x7C, 0x76, 0x60, 0x66, 0x6F, 0x6D, 0x7F, 0x9C, 0xA6, 0x96, 0x72 ; file 0F7D43
db 0x75, 0xA3, 0xB7, 0xBC, 0x8A, 0x5E, 0x64, 0x72, 0x8F, 0xB3, 0x9D, 0x87, 0x73, 0x7C, 0x70, 0x64 ; file 0F7D53
db 0x79, 0x7D, 0x96, 0x89, 0x5A, 0x59, 0x80, 0x93, 0xAD, 0xA2, 0x82, 0x6B, 0x5D, 0x5F, 0x78, 0x7D ; file 0F7D63
db 0x79, 0x62, 0x64, 0x6F, 0x6D, 0x7B, 0x95, 0xA5, 0x9B, 0x76, 0x71, 0x99, 0xB0, 0xC0, 0x94, 0x65 ; file 0F7D73
db 0x64, 0x6E, 0x8B, 0xB4, 0xA5, 0x88, 0x73, 0x78, 0x74, 0x62, 0x76, 0x79, 0x91, 0x91, 0x61, 0x57 ; file 0F7D83
db 0x7C, 0x90, 0xAB, 0xA6, 0x88, 0x70, 0x60, 0x5A, 0x73, 0x7D, 0x7A, 0x64, 0x61, 0x6E, 0x6C, 0x78 ; file 0F7D93
db 0x8F, 0xA2, 0x9F, 0x7A, 0x70, 0x92, 0xA7, 0xC2, 0xA0, 0x6C, 0x68, 0x69, 0x87, 0xB2, 0xAD, 0x8B ; file 0F7DA3
db 0x73, 0x74, 0x77, 0x61, 0x71, 0x76, 0x8A, 0x96, 0x68, 0x57, 0x77, 0x8D, 0xA8, 0xA9, 0x8E, 0x76 ; file 0F7DB3
db 0x64, 0x58, 0x6D, 0x7D, 0x7B, 0x67, 0x5F, 0x6D, 0x6C, 0x75, 0x8A, 0x9D, 0xA4, 0x7F, 0x6F, 0x8C ; file 0F7DC3
db 0x9E, 0xC0, 0xAB, 0x74, 0x6D, 0x65, 0x82, 0xAF, 0xB5, 0x91, 0x73, 0x70, 0x77, 0x62, 0x6D, 0x74 ; file 0F7DD3
db 0x82, 0x99, 0x70, 0x59, 0x73, 0x89, 0xA6, 0xAA, 0x94, 0x7B, 0x69, 0x57, 0x66, 0x7B, 0x7C, 0x6B ; file 0F7DE3
db 0x5E, 0x6B, 0x6C, 0x74, 0x86, 0x96, 0xA6, 0x85, 0x70, 0x89, 0x95, 0xBA, 0xB3, 0x7D, 0x72, 0x64 ; file 0F7DF3
db 0x7D, 0xAB, 0xB9, 0x99, 0x74, 0x6D, 0x76, 0x65, 0x6A, 0x71, 0x7C, 0x99, 0x77, 0x5C, 0x70, 0x85 ; file 0F7E03
db 0xA3, 0xAB, 0x98, 0x80, 0x6E, 0x59, 0x60, 0x78, 0x7D, 0x6E, 0x5F, 0x68, 0x6C, 0x72, 0x83, 0x90 ; file 0F7E13
db 0xA4, 0x8B, 0x72, 0x86, 0x8F, 0xB1, 0xB8, 0x87, 0x77, 0x67, 0x76, 0xA7, 0xBB, 0xA1, 0x77, 0x6B ; file 0F7E23
db 0x73, 0x67, 0x68, 0x6F, 0x77, 0x95, 0x7D, 0x60, 0x6F, 0x82, 0xA0, 0xAB, 0x9C, 0x84, 0x74, 0x5C ; file 0F7E33
db 0x5C, 0x72, 0x7D, 0x70, 0x60, 0x66, 0x6C, 0x71, 0x81, 0x8B, 0xA0, 0x91, 0x74, 0x84, 0x8A, 0xA6 ; file 0F7E43
db 0xBA, 0x91, 0x7D, 0x6E, 0x6F, 0xA3, 0xBB, 0xAA, 0x7C, 0x69, 0x70, 0x68, 0x68, 0x6C, 0x73, 0x8F ; file 0F7E53
db 0x83, 0x65, 0x6F, 0x7F, 0x9C, 0xAA, 0x9F, 0x8A, 0x7A, 0x60, 0x5B, 0x6C, 0x7C, 0x73, 0x62, 0x65 ; file 0F7E63
db 0x6A, 0x70, 0x7F, 0x87, 0x99, 0x96, 0x76, 0x84, 0x88, 0x9B, 0xB9, 0x99, 0x82, 0x76, 0x6A, 0x9E ; file 0F7E73
db 0xBA, 0xB0, 0x83, 0x67, 0x6E, 0x68, 0x68, 0x6A, 0x6F, 0x88, 0x86, 0x69, 0x71, 0x7D, 0x97, 0xAA ; file 0F7E83
db 0xA1, 0x8E, 0x80, 0x65, 0x5C, 0x66, 0x7A, 0x75, 0x64, 0x64, 0x69, 0x70, 0x7E, 0x84, 0x93, 0x99 ; file 0F7E93
db 0x79, 0x83, 0x88, 0x90, 0xB4, 0x9F, 0x89, 0x7E, 0x69, 0x97, 0xB9, 0xB4, 0x8D, 0x67, 0x6C, 0x65 ; file 0F7EA3
db 0x69, 0x69, 0x6B, 0x82, 0x86, 0x6E, 0x73, 0x7D, 0x91, 0xA9, 0xA1, 0x92, 0x85, 0x6B, 0x5E, 0x62 ; file 0F7EB3
db 0x76, 0x77, 0x65, 0x65, 0x68, 0x6E, 0x7D, 0x82, 0x8D, 0x98, 0x7D, 0x83, 0x89, 0x88, 0xAC, 0xA4 ; file 0F7EC3
db 0x90, 0x85, 0x6B, 0x8F, 0xB7, 0xB6, 0x97, 0x69, 0x6B, 0x63, 0x69, 0x69, 0x67, 0x7D, 0x83, 0x72 ; file 0F7ED3
db 0x75, 0x7E, 0x8C, 0xA8, 0xA1, 0x94, 0x89, 0x71, 0x60, 0x5F, 0x70, 0x78, 0x66, 0x66, 0x66, 0x6D ; file 0F7EE3
db 0x7C, 0x82, 0x88, 0x94, 0x81, 0x83, 0x8C, 0x83, 0xA2, 0xA5, 0x96, 0x8E, 0x71, 0x87, 0xB6, 0xB6 ; file 0F7EF3
db 0xA0, 0x6D, 0x69, 0x60, 0x67, 0x6A, 0x64, 0x79, 0x7F, 0x74, 0x78, 0x81, 0x89, 0xA5, 0xA2, 0x95 ; file 0F7F03
db 0x8E, 0x77, 0x64, 0x5F, 0x6A, 0x77, 0x68, 0x67, 0x66, 0x6B, 0x7B, 0x81, 0x84, 0x8F, 0x84, 0x84 ; file 0F7F13
db 0x8E, 0x80, 0x99, 0xA2, 0x9B, 0x96, 0x78, 0x82, 0xB2, 0xB5, 0xA6, 0x75, 0x68, 0x5F, 0x63, 0x6C ; file 0F7F23
db 0x61, 0x75, 0x7B, 0x74, 0x7B, 0x85, 0x86, 0xA2, 0xA2, 0x96, 0x91, 0x7D, 0x68, 0x60, 0x65, 0x75 ; file 0F7F33
db 0x69, 0x67, 0x67, 0x68, 0x7A, 0x81, 0x81, 0x8A, 0x84, 0x85, 0x91, 0x7F, 0x91, 0x9D, 0x9D, 0x9E ; file 0F7F43
db 0x7F, 0x81, 0xAD, 0xB5, 0xAA, 0x7D, 0x68, 0x5E, 0x5F, 0x6E, 0x60, 0x71, 0x78, 0x72, 0x7D, 0x89 ; file 0F7F53
db 0x86, 0x9E, 0xA1, 0x96, 0x94, 0x82, 0x6E, 0x62, 0x61, 0x71, 0x6A, 0x68, 0x68, 0x66, 0x78, 0x82 ; file 0F7F63
db 0x80, 0x85, 0x81, 0x87, 0x94, 0x80, 0x8B, 0x95, 0x9E, 0xA5, 0x87, 0x83, 0xA6, 0xB5, 0xAB, 0x86 ; file 0F7F73
db 0x6A, 0x5E, 0x5B, 0x6E, 0x61, 0x6C, 0x76, 0x6D, 0x7E, 0x8E, 0x87, 0x9B, 0xA0, 0x96, 0x95, 0x87 ; file 0F7F83
db 0x73, 0x65, 0x5F, 0x6C, 0x6A, 0x68, 0x6A, 0x65, 0x76, 0x81, 0x7F, 0x82, 0x7D, 0x89, 0x96, 0x82 ; file 0F7F93
db 0x87, 0x8D, 0x9B, 0xAB, 0x90, 0x89, 0xA0, 0xB4, 0xAC, 0x8E, 0x6E, 0x5D, 0x57, 0x6C, 0x63, 0x68 ; file 0F7FA3
db 0x74, 0x69, 0x7E, 0x92, 0x8A, 0x99, 0x9E, 0x96, 0x95, 0x8C, 0x78, 0x69, 0x60, 0x66, 0x69, 0x69 ; file 0F7FB3
db 0x6C, 0x65, 0x73, 0x81, 0x7F, 0x80, 0x78, 0x88, 0x99, 0x84, 0x86, 0x85, 0x94, 0xAF, 0x98, 0x8F ; file 0F7FC3
db 0x9E, 0xB1, 0xAC, 0x93, 0x75, 0x5E, 0x55, 0x69, 0x65, 0x65, 0x72, 0x65, 0x7A, 0x95, 0x8E, 0x98 ; file 0F7FD3
db 0x9C, 0x96, 0x94, 0x90, 0x7D, 0x6E, 0x62, 0x62, 0x66, 0x68, 0x6D, 0x66, 0x70, 0x81, 0x7F, 0x7F ; file 0F7FE3
db 0x74, 0x84, 0x9B, 0x88, 0x85, 0x7F, 0x8B, 0xB1, 0xA1, 0x94, 0xA0, 0xAD, 0xAC, 0x96, 0x7C, 0x60 ; file 0F7FF3
db 0x53, 0x65, 0x66, 0x63, 0x6F, 0x62, 0x74, 0x98, 0x93, 0x98, 0x9A, 0x95, 0x93, 0x93, 0x81, 0x73 ; file 0F8003
db 0x65, 0x60, 0x62, 0x68, 0x6E, 0x67, 0x6E, 0x7F, 0x7F, 0x7E, 0x71, 0x7E, 0x9E, 0x8B, 0x86, 0x7C ; file 0F8013
db 0x81, 0xAF, 0xA8, 0x99, 0xA4, 0xA9, 0xAC, 0x97, 0x83, 0x65, 0x51, 0x60, 0x67, 0x63, 0x6C, 0x60 ; file 0F8023
db 0x6D, 0x98, 0x97, 0x9A, 0x98, 0x93, 0x92, 0x95, 0x85, 0x78, 0x68, 0x5F, 0x5D, 0x67, 0x6E, 0x69 ; file 0F8033
db 0x6C, 0x7E, 0x7F, 0x7E, 0x6F, 0x77, 0x9F, 0x8F, 0x88, 0x7B, 0x77, 0xAA, 0xAF, 0xA0, 0xAA, 0xA6 ; file 0F8043
db 0xAB, 0x99, 0x89, 0x6C, 0x50, 0x5D, 0x65, 0x64, 0x6A, 0x5E, 0x66, 0x96, 0x9B, 0x9D, 0x98, 0x92 ; file 0F8053
db 0x91, 0x95, 0x89, 0x7D, 0x6D, 0x60, 0x59, 0x63, 0x6E, 0x6A, 0x6B, 0x7B, 0x7F, 0x7E, 0x6E, 0x70 ; file 0F8063
db 0x9D, 0x93, 0x89, 0x7C, 0x70, 0xA0, 0xB3, 0xA6, 0xAF, 0xA8, 0xA8, 0x9A, 0x8C, 0x74, 0x51, 0x5A ; file 0F8073
db 0x62, 0x65, 0x69, 0x5C, 0x60, 0x91, 0x9F, 0xA1, 0x99, 0x90, 0x90, 0x95, 0x8C, 0x82, 0x72, 0x63 ; file 0F8083
db 0x56, 0x5F, 0x6E, 0x6C, 0x6B, 0x79, 0x7E, 0x7E, 0x6F, 0x6A, 0x97, 0x97, 0x8B, 0x7E, 0x6A, 0x94 ; file 0F8093
db 0xB4, 0xAC, 0xB4, 0xAC, 0xA5, 0x9B, 0x8D, 0x7D, 0x53, 0x58, 0x5F, 0x65, 0x69, 0x5B, 0x5B, 0x89 ; file 0F80A3
db 0xA2, 0xA5, 0x9C, 0x8E, 0x8E, 0x94, 0x8F, 0x86, 0x78, 0x67, 0x56, 0x59, 0x6D, 0x6D, 0x6C, 0x77 ; file 0F80B3
db 0x7E, 0x7F, 0x70, 0x66, 0x8F, 0x9B, 0x8E, 0x81, 0x68, 0x88, 0xB3, 0xB1, 0xB9, 0xB3, 0xA1, 0x9C ; file 0F80C3
db 0x8D, 0x84, 0x59, 0x55, 0x5D, 0x63, 0x6A, 0x59, 0x57, 0x80, 0xA3, 0xA8, 0xA0, 0x8E, 0x8C, 0x94 ; file 0F80D3
db 0x90, 0x8A, 0x7D, 0x6B, 0x57, 0x53, 0x6B, 0x6D, 0x6D, 0x76, 0x7C, 0x7F, 0x71, 0x63, 0x87, 0x9D ; file 0F80E3
db 0x90, 0x84, 0x67, 0x7D, 0xAE, 0xB5, 0xBF, 0xBB, 0xA1, 0x9B, 0x8C, 0x89, 0x60, 0x53, 0x5A, 0x5F ; file 0F80F3
db 0x6B, 0x59, 0x53, 0x78, 0xA1, 0xAB, 0xA5, 0x8E, 0x89, 0x93, 0x8F, 0x8E, 0x83, 0x70, 0x5A, 0x4F ; file 0F8103
db 0x67, 0x6E, 0x6E, 0x76, 0x7A, 0x7E, 0x73, 0x61, 0x7F, 0x9D, 0x92, 0x88, 0x68, 0x73, 0xA6, 0xB7 ; file 0F8113
db 0xC4, 0xC1, 0xA4, 0x99, 0x8B, 0x8C, 0x69, 0x53, 0x59, 0x5B, 0x6C, 0x5A, 0x4F, 0x72, 0x9D, 0xAD ; file 0F8123
db 0xAA, 0x91, 0x85, 0x92, 0x8F, 0x90, 0x87, 0x75, 0x5E, 0x4C, 0x62, 0x6F, 0x6E, 0x76, 0x79, 0x7D ; file 0F8133
db 0x75, 0x60, 0x78, 0x9A, 0x95, 0x8C, 0x6B, 0x6D, 0x9B, 0xB5, 0xC8, 0xC8, 0xAA, 0x95, 0x8B, 0x8C ; file 0F8143
db 0x71, 0x56, 0x58, 0x58, 0x6C, 0x5C, 0x4C, 0x6B, 0x96, 0xAE, 0xAF, 0x95, 0x83, 0x8F, 0x8F, 0x91 ; file 0F8153
db 0x8C, 0x7A, 0x63, 0x4C, 0x5B, 0x6E, 0x6F, 0x77, 0x79, 0x7C, 0x77, 0x60, 0x72, 0x94, 0x97, 0x8F ; file 0F8163
db 0x6F, 0x68, 0x91, 0xB1, 0xCC, 0xCF, 0xB2, 0x95, 0x8A, 0x8C, 0x78, 0x5A, 0x57, 0x55, 0x69, 0x60 ; file 0F8173
db 0x49, 0x65, 0x8F, 0xAC, 0xB4, 0x9A, 0x83, 0x8C, 0x8F, 0x91, 0x8F, 0x80, 0x68, 0x4D, 0x55, 0x6B ; file 0F8183
db 0x6F, 0x78, 0x79, 0x7A, 0x78, 0x61, 0x6D, 0x8E, 0x97, 0x93, 0x73, 0x66, 0x88, 0xAA, 0xCD, 0xD6 ; file 0F8193
db 0xBA, 0x96, 0x87, 0x8C, 0x7D, 0x60, 0x57, 0x52, 0x65, 0x63, 0x48, 0x5F, 0x88, 0xA8, 0xB8, 0xA0 ; file 0F81A3
db 0x84, 0x88, 0x8E, 0x90, 0x92, 0x84, 0x6E, 0x50, 0x50, 0x67, 0x6E, 0x77, 0x7A, 0x78, 0x79, 0x62 ; file 0F81B3
db 0x69, 0x88, 0x94, 0x97, 0x77, 0x65, 0x80, 0xA1, 0xCC, 0xDC, 0xC2, 0x9C, 0x84, 0x8B, 0x7F, 0x67 ; file 0F81C3
db 0x58, 0x51, 0x60, 0x66, 0x49, 0x59, 0x82, 0xA2, 0xBA, 0xA6, 0x87, 0x85, 0x8D, 0x8F, 0x93, 0x89 ; file 0F81D3
db 0x75, 0x54, 0x4D, 0x62, 0x6E, 0x77, 0x7B, 0x77, 0x79, 0x64, 0x67, 0x84, 0x8F, 0x9A, 0x7C, 0x65 ; file 0F81E3
db 0x7B, 0x97, 0xC7, 0xE1, 0xCA, 0xA4, 0x81, 0x89, 0x81, 0x6E, 0x5C, 0x50, 0x5C, 0x67, 0x4B, 0x54 ; file 0F81F3
db 0x7D, 0x9A, 0xBB, 0xAC, 0x8B, 0x83, 0x8B, 0x8E, 0x94, 0x8E, 0x7B, 0x59, 0x4C, 0x5C, 0x6C, 0x76 ; file 0F8203
db 0x7D, 0x77, 0x78, 0x65, 0x64, 0x80, 0x89, 0x9C, 0x82, 0x66, 0x77, 0x8D, 0xC0, 0xE5, 0xD3, 0xAD ; file 0F8213
db 0x81, 0x86, 0x83, 0x72, 0x62, 0x50, 0x58, 0x66, 0x4E, 0x4F, 0x78, 0x93, 0xB9, 0xB1, 0x91, 0x82 ; file 0F8223
db 0x89, 0x8D, 0x93, 0x91, 0x81, 0x5F, 0x4D, 0x57, 0x69, 0x76, 0x7E, 0x77, 0x77, 0x67, 0x62, 0x7D ; file 0F8233
db 0x83, 0x9A, 0x88, 0x69, 0x75, 0x85, 0xB5, 0xE6, 0xDC, 0xB6, 0x85, 0x82, 0x84, 0x75, 0x69, 0x51 ; file 0F8243
db 0x55, 0x63, 0x52, 0x4C, 0x72, 0x8D, 0xB5, 0xB6, 0x98, 0x82, 0x86, 0x8B, 0x92, 0x94, 0x86, 0x66 ; file 0F8253
db 0x4F, 0x53, 0x64, 0x75, 0x7F, 0x79, 0x77, 0x69, 0x61, 0x7A, 0x7F, 0x96, 0x8D, 0x6C, 0x73, 0x7F ; file 0F8263
db 0xA9, 0xE3, 0xE4, 0xBF, 0x8D, 0x7D, 0x84, 0x76, 0x70, 0x55, 0x52, 0x60, 0x54, 0x4A, 0x6C, 0x88 ; file 0F8273
db 0xAE, 0xBA, 0x9F, 0x85, 0x84, 0x88, 0x91, 0x95, 0x8B, 0x6D, 0x52, 0x51, 0x5E, 0x73, 0x7F, 0x7A ; file 0F8283
db 0x76, 0x69, 0x60, 0x77, 0x7C, 0x8F, 0x92, 0x6F, 0x73, 0x7C, 0x9C, 0xDE, 0xEA, 0xC8, 0x97, 0x7A ; file 0F8293
db 0x84, 0x76, 0x75, 0x5A, 0x4F, 0x5E, 0x55, 0x4A, 0x67, 0x83, 0xA6, 0xBC, 0xA5, 0x89, 0x83, 0x86 ; file 0F82A3
db 0x90, 0x96, 0x8F, 0x74, 0x56, 0x51, 0x59, 0x6F, 0x7F, 0x7C, 0x76, 0x6A, 0x5F, 0x75, 0x7B, 0x89 ; file 0F82B3
db 0x95, 0x73, 0x73, 0x7A, 0x91, 0xD5, 0xEF, 0xD0, 0xA1, 0x79, 0x82, 0x76, 0x77, 0x62, 0x4E, 0x5C ; file 0F82C3
db 0x54, 0x4B, 0x62, 0x7F, 0x9F, 0xBA, 0xAA, 0x8E, 0x83, 0x83, 0x8F, 0x96, 0x92, 0x7A, 0x5B, 0x53 ; file 0F82D3
db 0x55, 0x6B, 0x7F, 0x7E, 0x77, 0x6B, 0x5F, 0x73, 0x7A, 0x82, 0x95, 0x78, 0x73, 0x7A, 0x88, 0xCA ; file 0F82E3
db 0xF0, 0xD9, 0xAA, 0x7D, 0x7E, 0x77, 0x78, 0x6A, 0x4F, 0x59, 0x53, 0x4C, 0x5F, 0x7B, 0x98, 0xB6 ; file 0F82F3
db 0xAF, 0x94, 0x85, 0x80, 0x8D, 0x95, 0x95, 0x80, 0x61, 0x55, 0x52, 0x65, 0x7D, 0x7F, 0x79, 0x6C ; file 0F8303
db 0x5E, 0x70, 0x7A, 0x7D, 0x91, 0x7D, 0x73, 0x7B, 0x81, 0xBC, 0xEE, 0xE0, 0xB4, 0x83, 0x7B, 0x77 ; file 0F8313
db 0x77, 0x72, 0x52, 0x57, 0x52, 0x4B, 0x5C, 0x77, 0x92, 0xB1, 0xB3, 0x99, 0x88, 0x7F, 0x8A, 0x93 ; file 0F8323
db 0x96, 0x86, 0x67, 0x58, 0x52, 0x5E, 0x7B, 0x80, 0x7A, 0x6D, 0x5D, 0x6D, 0x7B, 0x79, 0x8C, 0x81 ; file 0F8333
db 0x74, 0x7D, 0x7D, 0xAF, 0xEA, 0xE7, 0xBE, 0x8C, 0x79, 0x77, 0x76, 0x77, 0x58, 0x56, 0x52, 0x49 ; file 0F8343
db 0x5A, 0x73, 0x8C, 0xAA, 0xB4, 0x9E, 0x8C, 0x7E, 0x86, 0x93, 0x96, 0x8B, 0x6D, 0x5C, 0x53, 0x59 ; file 0F8353
db 0x77, 0x81, 0x7C, 0x70, 0x5C, 0x6B, 0x7B, 0x76, 0x87, 0x83, 0x75, 0x7F, 0x7B, 0xA3, 0xE2, 0xEB ; file 0F8363
db 0xC8, 0x95, 0x7A, 0x75, 0x74, 0x7A, 0x5F, 0x55, 0x52, 0x46, 0x59, 0x70, 0x86, 0xA5, 0xB2, 0xA3 ; file 0F8373
db 0x91, 0x7F, 0x83, 0x91, 0x95, 0x90, 0x73, 0x60, 0x56, 0x54, 0x71, 0x81, 0x7D, 0x72, 0x5C, 0x68 ; file 0F8383
db 0x7C, 0x74, 0x82, 0x82, 0x77, 0x80, 0x7B, 0x99, 0xD7, 0xED, 0xD2, 0x9E, 0x7F, 0x73, 0x73, 0x7B ; file 0F8393
db 0x67, 0x56, 0x52, 0x43, 0x56, 0x6F, 0x81, 0xA1, 0xAE, 0xA7, 0x96, 0x82, 0x80, 0x8F, 0x94, 0x93 ; file 0F83A3
db 0x78, 0x65, 0x59, 0x52, 0x6B, 0x81, 0x7E, 0x75, 0x5D, 0x64, 0x7C, 0x74, 0x7E, 0x80, 0x79, 0x82 ; file 0F83B3
db 0x7B, 0x91, 0xCC, 0xEC, 0xDA, 0xA7, 0x85, 0x71, 0x72, 0x7B, 0x6D, 0x59, 0x53, 0x41, 0x53, 0x6E ; file 0F83C3
db 0x7B, 0x9D, 0xA9, 0xA9, 0x9B, 0x87, 0x7E, 0x8C, 0x94, 0x94, 0x7C, 0x6A, 0x5D, 0x52, 0x64, 0x7F ; file 0F83D3
db 0x7E, 0x78, 0x5E, 0x61, 0x7B, 0x74, 0x7B, 0x7C, 0x79, 0x83, 0x7D, 0x8C, 0xC1, 0xE8, 0xE1, 0xB1 ; file 0F83E3
db 0x8E, 0x72, 0x6F, 0x7A, 0x72, 0x5E, 0x54, 0x41, 0x4E, 0x6D, 0x78, 0x98, 0xA5, 0xA9, 0x9F, 0x8C ; file 0F83F3
db 0x7D, 0x88, 0x93, 0x95, 0x81, 0x6E, 0x62, 0x53, 0x5E, 0x7B, 0x7F, 0x7A, 0x61, 0x5D, 0x7A, 0x74 ; file 0F8403
db 0x79, 0x7A, 0x78, 0x85, 0x80, 0x88, 0xB7, 0xE1, 0xE5, 0xBB, 0x95, 0x76, 0x6C, 0x79, 0x75, 0x64 ; file 0F8413
db 0x56, 0x41, 0x48, 0x6C, 0x75, 0x92, 0xA1, 0xA7, 0xA2, 0x92, 0x7E, 0x84, 0x91, 0x94, 0x85, 0x72 ; file 0F8423
db 0x67, 0x56, 0x59, 0x76, 0x7F, 0x7C, 0x64, 0x5A, 0x77, 0x75, 0x77, 0x77, 0x75, 0x86, 0x82, 0x86 ; file 0F8433
db 0xAF, 0xD8, 0xE6, 0xC5, 0x9C, 0x7C, 0x68, 0x78, 0x77, 0x6A, 0x59, 0x41, 0x43, 0x69, 0x75, 0x8C ; file 0F8443
db 0x9E, 0xA3, 0xA5, 0x98, 0x80, 0x82, 0x90, 0x94, 0x88, 0x76, 0x6C, 0x59, 0x57, 0x70, 0x7E, 0x7D ; file 0F8453
db 0x68, 0x59, 0x74, 0x76, 0x76, 0x75, 0x70, 0x86, 0x85, 0x85, 0xA8, 0xCF, 0xE5, 0xCD, 0xA4, 0x85 ; file 0F8463
db 0x66, 0x76, 0x77, 0x6F, 0x5F, 0x43, 0x3F, 0x65, 0x75, 0x88, 0x9B, 0x9F, 0xA5, 0x9D, 0x85, 0x80 ; file 0F8473
db 0x8D, 0x93, 0x8B, 0x79, 0x70, 0x5E, 0x56, 0x6A, 0x7C, 0x7E, 0x6C, 0x58, 0x70, 0x77, 0x75, 0x75 ; file 0F8483
db 0x6C, 0x84, 0x89, 0x85, 0xA4, 0xC6, 0xDF, 0xD3, 0xAC, 0x8E, 0x67, 0x72, 0x78, 0x72, 0x65, 0x45 ; file 0F8493
db 0x3C, 0x5F, 0x76, 0x84, 0x98, 0x9B, 0xA3, 0xA1, 0x8A, 0x80, 0x89, 0x92, 0x8C, 0x7C, 0x74, 0x63 ; file 0F84A3
db 0x58, 0x65, 0x78, 0x7E, 0x70, 0x59, 0x6C, 0x77, 0x75, 0x74, 0x68, 0x7F, 0x8C, 0x86, 0xA0, 0xBF ; file 0F84B3
db 0xD8, 0xD8, 0xB4, 0x96, 0x6C, 0x6D, 0x78, 0x72, 0x6C, 0x49, 0x39, 0x59, 0x76, 0x81, 0x95, 0x98 ; file 0F84C3
db 0x9F, 0xA5, 0x90, 0x81, 0x86, 0x91, 0x8D, 0x7F, 0x78, 0x68, 0x5A, 0x61, 0x74, 0x7E, 0x73, 0x5B ; file 0F84D3
db 0x69, 0x77, 0x74, 0x75, 0x65, 0x79, 0x8F, 0x87, 0x9E, 0xB9, 0xCF, 0xD9, 0xBB, 0x9E, 0x73, 0x68 ; file 0F84E3
db 0x77, 0x72, 0x72, 0x4E, 0x37, 0x53, 0x74, 0x80, 0x92, 0x95, 0x9A, 0xA7, 0x95, 0x84, 0x84, 0x8E ; file 0F84F3
db 0x8E, 0x80, 0x7B, 0x6E, 0x5D, 0x60, 0x6F, 0x7D, 0x75, 0x5D, 0x66, 0x77, 0x73, 0x75, 0x64, 0x71 ; file 0F8503
db 0x91, 0x88, 0x9C, 0xB6, 0xC7, 0xD7, 0xC1, 0xA7, 0x7B, 0x66, 0x75, 0x72, 0x76, 0x56, 0x37, 0x4D ; file 0F8513
db 0x71, 0x7F, 0x8F, 0x93, 0x94, 0xA6, 0x9A, 0x88, 0x83, 0x8C, 0x8E, 0x81, 0x7E, 0x73, 0x61, 0x61 ; file 0F8523
db 0x6A, 0x7A, 0x78, 0x5F, 0x64, 0x76, 0x73, 0x76, 0x64, 0x6A, 0x8F, 0x8A, 0x9B, 0xB4, 0xC0, 0xD1 ; file 0F8533
db 0xC6, 0xAE, 0x85, 0x66, 0x73, 0x71, 0x78, 0x60, 0x38, 0x48, 0x6D, 0x7F, 0x8D, 0x91, 0x90, 0xA2 ; file 0F8543
db 0x9F, 0x8D, 0x83, 0x88, 0x8E, 0x81, 0x80, 0x78, 0x66, 0x62, 0x67, 0x76, 0x79, 0x61, 0x63, 0x75 ; file 0F8553
db 0x72, 0x77, 0x65, 0x64, 0x8A, 0x8D, 0x9B, 0xB3, 0xBB, 0xCB, 0xC8, 0xB6, 0x8D, 0x6A, 0x6E, 0x71 ; file 0F8563
db 0x78, 0x68, 0x3B, 0x44, 0x68, 0x7D, 0x8C, 0x8E, 0x8D, 0x9D, 0xA2, 0x92, 0x85, 0x86, 0x8D, 0x81 ; file 0F8573
db 0x81, 0x7C, 0x6A, 0x64, 0x65, 0x70, 0x7A, 0x63, 0x63, 0x73, 0x71, 0x77, 0x66, 0x60, 0x85, 0x90 ; file 0F8583
db 0x9B, 0xB3, 0xB7, 0xC2, 0xC7, 0xBD, 0x97, 0x71, 0x6B, 0x70, 0x77, 0x6F, 0x40, 0x41, 0x63, 0x7A ; file 0F8593
db 0x8D, 0x8B, 0x8A, 0x97, 0xA4, 0x97, 0x89, 0x84, 0x8B, 0x81, 0x81, 0x7F, 0x6F, 0x66, 0x65, 0x6B ; file 0F85A3
db 0x79, 0x65, 0x63, 0x73, 0x6F, 0x77, 0x68, 0x5C, 0x7E, 0x91, 0x9B, 0xB3, 0xB5, 0xBB, 0xC4, 0xC2 ; file 0F85B3
db 0xA0, 0x77, 0x6A, 0x6E, 0x76, 0x75, 0x47, 0x3E, 0x5F, 0x76, 0x8D, 0x89, 0x87, 0x92, 0xA3, 0x9B ; file 0F85C3
db 0x8D, 0x84, 0x89, 0x81, 0x81, 0x83, 0x74, 0x6A, 0x67, 0x66, 0x76, 0x67, 0x63, 0x73, 0x6E, 0x77 ; file 0F85D3
db 0x69, 0x5A, 0x77, 0x8E, 0x9C, 0xB4, 0xB6, 0xB5, 0xBD, 0xC4, 0xAA, 0x7F, 0x6D, 0x6B, 0x74, 0x77 ; file 0F85E3
db 0x50, 0x3D, 0x5C, 0x72, 0x8D, 0x89, 0x84, 0x8D, 0x9F, 0x9E, 0x92, 0x85, 0x86, 0x81, 0x7F, 0x85 ; file 0F85F3
db 0x78, 0x6E, 0x69, 0x64, 0x71, 0x69, 0x62, 0x74, 0x6D, 0x75, 0x6B, 0x59, 0x72, 0x8A, 0x9D, 0xB5 ; file 0F8603
db 0xB7, 0xB1, 0xB5, 0xC4, 0xB2, 0x87, 0x72, 0x67, 0x73, 0x78, 0x58, 0x3F, 0x59, 0x6D, 0x8C, 0x8A ; file 0F8613
db 0x81, 0x89, 0x9A, 0xA0, 0x97, 0x88, 0x84, 0x80, 0x7E, 0x86, 0x7C, 0x73, 0x6C, 0x63, 0x6D, 0x69 ; file 0F8623
db 0x62, 0x75, 0x6D, 0x74, 0x6C, 0x58, 0x6D, 0x84, 0x9D, 0xB6, 0xB9, 0xAF, 0xAE, 0xC0, 0xB9, 0x8F ; file 0F8633
db 0x79, 0x65, 0x70, 0x79, 0x5F, 0x44, 0x56, 0x6A, 0x89, 0x8C, 0x7F, 0x85, 0x95, 0xA0, 0x9B, 0x8D ; file 0F8643
db 0x83, 0x7E, 0x7D, 0x86, 0x7F, 0x77, 0x70, 0x64, 0x68, 0x68, 0x62, 0x75, 0x6E, 0x72, 0x6D, 0x59 ; file 0F8653
db 0x69, 0x7E, 0x9A, 0xB6, 0xBB, 0xAE, 0xA7, 0xBA, 0xBE, 0x98, 0x7F, 0x66, 0x6D, 0x78, 0x63, 0x49 ; file 0F8663
db 0x55, 0x67, 0x84, 0x8E, 0x7E, 0x81, 0x90, 0x9E, 0x9F, 0x91, 0x84, 0x7C, 0x7C, 0x85, 0x82, 0x7B ; file 0F8673
db 0x75, 0x66, 0x64, 0x65, 0x62, 0x75, 0x6F, 0x70, 0x6E, 0x59, 0x66, 0x79, 0x96, 0xB7, 0xBD, 0xAF ; file 0F8683
db 0xA2, 0xB2, 0xC0, 0xA0, 0x86, 0x6B, 0x68, 0x78, 0x66, 0x4F, 0x54, 0x64, 0x7F, 0x8F, 0x7F, 0x7D ; file 0F8693
db 0x8D, 0x99, 0xA2, 0x96, 0x86, 0x7B, 0x7B, 0x85, 0x84, 0x7E, 0x79, 0x69, 0x62, 0x61, 0x61, 0x75 ; file 0F86A3
db 0x71, 0x6E, 0x6E, 0x5A, 0x64, 0x75, 0x90, 0xB8, 0xC0, 0xB1, 0xA0, 0xA9, 0xC0, 0xA8, 0x8E, 0x71 ; file 0F86B3
db 0x64, 0x77, 0x68, 0x55, 0x56, 0x62, 0x7A, 0x8E, 0x80, 0x7A, 0x89, 0x94, 0xA4, 0x9B, 0x8A, 0x7A ; file 0F86C3
db 0x79, 0x84, 0x86, 0x81, 0x7E, 0x6D, 0x62, 0x5D, 0x5F, 0x74, 0x73, 0x6D, 0x6E, 0x5B, 0x62, 0x72 ; file 0F86D3
db 0x88, 0xB7, 0xC2, 0xB3, 0x9F, 0xA0, 0xBD, 0xAD, 0x95, 0x7A, 0x62, 0x75, 0x68, 0x59, 0x5A, 0x61 ; file 0F86E3
db 0x76, 0x8C, 0x82, 0x78, 0x85, 0x8F, 0xA3, 0xA0, 0x8E, 0x7B, 0x76, 0x82, 0x86, 0x84, 0x82, 0x71 ; file 0F86F3
db 0x64, 0x5A, 0x5C, 0x73, 0x76, 0x6D, 0x6D, 0x5B, 0x61, 0x70, 0x81, 0xB4, 0xC5, 0xB6, 0x9F, 0x99 ; file 0F8703
db 0xB6, 0xB1, 0x9D, 0x81, 0x63, 0x71, 0x69, 0x5B, 0x5F, 0x61, 0x72, 0x88, 0x84, 0x77, 0x82, 0x8A ; file 0F8713
db 0x9F, 0xA3, 0x93, 0x7D, 0x74, 0x81, 0x85, 0x86, 0x86, 0x77, 0x66, 0x59, 0x57, 0x71, 0x77, 0x6E ; file 0F8723
db 0x6D, 0x5C, 0x5F, 0x6F, 0x7B, 0xAE, 0xC7, 0xB8, 0xA1, 0x93, 0xAD, 0xB2, 0xA4, 0x89, 0x68, 0x6D ; file 0F8733
db 0x6A, 0x5B, 0x64, 0x63, 0x70, 0x84, 0x85, 0x77, 0x7E, 0x86, 0x9A, 0xA6, 0x98, 0x80, 0x71, 0x7E ; file 0F8743
db 0x85, 0x87, 0x8A, 0x7C, 0x6A, 0x59, 0x52, 0x6F, 0x79, 0x6F, 0x6D, 0x5C, 0x5E, 0x6E, 0x77, 0xA7 ; file 0F8753
db 0xC9, 0xBC, 0xA4, 0x90, 0xA4, 0xB1, 0xA9, 0x91, 0x6F, 0x6A, 0x6A, 0x5B, 0x68, 0x67, 0x6D, 0x81 ; file 0F8763
db 0x84, 0x78, 0x7B, 0x82, 0x94, 0xA6, 0x9D, 0x85, 0x70, 0x7B, 0x84, 0x87, 0x8D, 0x82, 0x6E, 0x5A ; file 0F8773
db 0x4D, 0x6B, 0x7A, 0x70, 0x6D, 0x5B, 0x5D, 0x6E, 0x73, 0x9F, 0xC9, 0xBF, 0xA8, 0x8F, 0x9C, 0xAC ; file 0F8783
db 0xAD, 0x99, 0x76, 0x69, 0x69, 0x5A, 0x69, 0x6C, 0x6B, 0x7E, 0x82, 0x7A, 0x79, 0x7F, 0x8E, 0xA4 ; file 0F8793
db 0xA1, 0x8B, 0x71, 0x78, 0x83, 0x86, 0x90, 0x87, 0x73, 0x5D, 0x4A, 0x67, 0x7B, 0x71, 0x6F, 0x5B ; file 0F87A3
db 0x5B, 0x6E, 0x71, 0x97, 0xC6, 0xC3, 0xAB, 0x8F, 0x95, 0xA5, 0xAF, 0xA2, 0x7D, 0x6B, 0x66, 0x5A ; file 0F87B3
db 0x69, 0x72, 0x6B, 0x7C, 0x7F, 0x7B, 0x78, 0x7C, 0x89, 0xA0, 0xA4, 0x90, 0x73, 0x75, 0x82, 0x85 ; file 0F87C3
db 0x91, 0x8B, 0x77, 0x61, 0x48, 0x60, 0x7B, 0x72, 0x70, 0x5B, 0x59, 0x6D, 0x6F, 0x90, 0xC1, 0xC6 ; file 0F87D3
db 0xAF, 0x91, 0x91, 0x9E, 0xAF, 0xA9, 0x84, 0x70, 0x64, 0x59, 0x68, 0x78, 0x6D, 0x7A, 0x7C, 0x7B ; file 0F87E3
db 0x78, 0x79, 0x85, 0x9A, 0xA6, 0x97, 0x76, 0x73, 0x80, 0x84, 0x91, 0x8F, 0x7C, 0x65, 0x48, 0x59 ; file 0F87F3
db 0x7A, 0x73, 0x72, 0x5C, 0x57, 0x6D, 0x6E, 0x8A, 0xBA, 0xC8, 0xB3, 0x93, 0x8F, 0x96, 0xAB, 0xAF ; file 0F8803
db 0x8D, 0x77, 0x63, 0x58, 0x66, 0x7C, 0x70, 0x78, 0x7A, 0x79, 0x79, 0x77, 0x81, 0x95, 0xA6, 0x9C ; file 0F8813
db 0x7B, 0x72, 0x7D, 0x83, 0x91, 0x93, 0x81, 0x6A, 0x4A, 0x52, 0x77, 0x73, 0x74, 0x5E, 0x55, 0x6C ; file 0F8823
db 0x6E, 0x85, 0xB3, 0xC8, 0xB6, 0x97, 0x8E, 0x90, 0xA4, 0xB3, 0x96, 0x7D, 0x65, 0x56, 0x63, 0x7E ; file 0F8833
db 0x76, 0x77, 0x78, 0x76, 0x7A, 0x76, 0x7D, 0x8F, 0xA4, 0xA0, 0x80, 0x72, 0x7B, 0x82, 0x8F, 0x96 ; file 0F8843
db 0x86, 0x70, 0x4D, 0x4D, 0x73, 0x73, 0x75, 0x61, 0x53, 0x6A, 0x6D, 0x81, 0xAD, 0xC5, 0xBB, 0x9A ; file 0F8853
db 0x8E, 0x8B, 0x9C, 0xB5, 0x9E, 0x84, 0x6B, 0x53, 0x61, 0x7D, 0x7C, 0x79, 0x77, 0x74, 0x7A, 0x76 ; file 0F8863
db 0x7A, 0x8B, 0x9F, 0xA4, 0x86, 0x73, 0x78, 0x80, 0x8D, 0x97, 0x8B, 0x76, 0x51, 0x4A, 0x6D, 0x73 ; file 0F8873
db 0x76, 0x64, 0x51, 0x68, 0x6D, 0x7E, 0xA7, 0xC1, 0xBE, 0x9E, 0x8F, 0x87, 0x92, 0xB3, 0xA6, 0x8B ; file 0F8883
db 0x72, 0x51, 0x5E, 0x7C, 0x81, 0x7C, 0x76, 0x71, 0x79, 0x77, 0x77, 0x87, 0x99, 0xA6, 0x8C, 0x76 ; file 0F8893
db 0x77, 0x7E, 0x8C, 0x98, 0x8F, 0x7C, 0x57, 0x49, 0x67, 0x72, 0x76, 0x67, 0x51, 0x65, 0x6D, 0x7B ; file 0F88A3
db 0xA2, 0xBB, 0xC0, 0xA2, 0x91, 0x87, 0x89, 0xAE, 0xAB, 0x92, 0x7A, 0x51, 0x5A, 0x7A, 0x84, 0x80 ; file 0F88B3
db 0x76, 0x6F, 0x76, 0x79, 0x74, 0x83, 0x94, 0xA5, 0x92, 0x7A, 0x76, 0x7B, 0x8A, 0x98, 0x92, 0x82 ; file 0F88C3
db 0x5D, 0x49, 0x61, 0x6F, 0x77, 0x6A, 0x52, 0x62, 0x6D, 0x79, 0x9E, 0xB5, 0xC0, 0xA7, 0x93, 0x88 ; file 0F88D3
db 0x82, 0xA6, 0xAF, 0x9A, 0x82, 0x55, 0x55, 0x77, 0x85, 0x86, 0x77, 0x6E, 0x72, 0x7A, 0x73, 0x7F ; file 0F88E3
db 0x90, 0xA2, 0x97, 0x7F, 0x77, 0x79, 0x87, 0x97, 0x95, 0x87, 0x64, 0x4B, 0x5D, 0x6B, 0x76, 0x6D ; file 0F88F3
db 0x53, 0x5F, 0x6C, 0x77, 0x9A, 0xB1, 0xBD, 0xAC, 0x95, 0x8A, 0x7D, 0x9D, 0xB0, 0xA0, 0x8A, 0x5C ; file 0F8903
db 0x50, 0x74, 0x85, 0x8C, 0x7A, 0x6E, 0x6F, 0x7B, 0x73, 0x7B, 0x8C, 0x9D, 0x9B, 0x84, 0x79, 0x76 ; file 0F8913
db 0x84, 0x95, 0x96, 0x8C, 0x6B, 0x4D, 0x5A, 0x67, 0x75, 0x70, 0x56, 0x5D, 0x6B, 0x75, 0x96, 0xAD ; file 0F8923
db 0xB8, 0xB0, 0x98, 0x8C, 0x7B, 0x93, 0xAE, 0xA6, 0x92, 0x65, 0x4C, 0x70, 0x84, 0x91, 0x7F, 0x6D ; file 0F8933
db 0x6C, 0x79, 0x74, 0x78, 0x88, 0x97, 0x9D, 0x89, 0x7C, 0x75, 0x81, 0x94, 0x97, 0x90, 0x72, 0x51 ; file 0F8943
db 0x59, 0x63, 0x72, 0x72, 0x58, 0x5A, 0x6A, 0x73, 0x93, 0xAB, 0xB3, 0xB2, 0x9B, 0x90, 0x7A, 0x89 ; file 0F8953
db 0xA9, 0xAA, 0x9A, 0x6E, 0x4B, 0x6B, 0x82, 0x92, 0x87, 0x6E, 0x69, 0x76, 0x76, 0x76, 0x84, 0x92 ; file 0F8963
db 0x9C, 0x8D, 0x80, 0x76, 0x7D, 0x92, 0x97, 0x93, 0x79, 0x56, 0x59, 0x60, 0x6E, 0x73, 0x5B, 0x59 ; file 0F8973
db 0x68, 0x71, 0x90, 0xA9, 0xAF, 0xB2, 0x9E, 0x93, 0x7B, 0x82, 0xA2, 0xAC, 0xA2, 0x77, 0x4E, 0x64 ; file 0F8983
db 0x80, 0x91, 0x8E, 0x71, 0x67, 0x73, 0x76, 0x75, 0x80, 0x8E, 0x9A, 0x91, 0x85, 0x78, 0x7A, 0x90 ; file 0F8993
db 0x96, 0x95, 0x7F, 0x5B, 0x59, 0x5E, 0x68, 0x74, 0x5E, 0x59, 0x67, 0x6E, 0x8C, 0xA7, 0xAC, 0xB0 ; file 0F89A3
db 0xA2, 0x96, 0x7E, 0x7C, 0x99, 0xAB, 0xA9, 0x82, 0x54, 0x5D, 0x7F, 0x8F, 0x95, 0x75, 0x66, 0x6F ; file 0F89B3
db 0x76, 0x75, 0x7D, 0x8A, 0x96, 0x93, 0x8A, 0x7B, 0x77, 0x8D, 0x96, 0x96, 0x85, 0x61, 0x5A, 0x5F ; file 0F89C3
db 0x62, 0x74, 0x61, 0x59, 0x66, 0x6C, 0x89, 0xA5, 0xA9, 0xAC, 0xA4, 0x99, 0x81, 0x7A, 0x91, 0xA7 ; file 0F89D3
db 0xAE, 0x8B, 0x5C, 0x59, 0x7C, 0x8C, 0x9A, 0x7B, 0x65, 0x6C, 0x74, 0x76, 0x7A, 0x86, 0x91, 0x94 ; file 0F89E3
db 0x8E, 0x7F, 0x76, 0x88, 0x95, 0x96, 0x8A, 0x67, 0x5C, 0x60, 0x5D, 0x71, 0x63, 0x59, 0x66, 0x69 ; file 0F89F3
db 0x85, 0xA4, 0xA8, 0xA9, 0xA5, 0x9C, 0x85, 0x78, 0x89, 0xA0, 0xB0, 0x95, 0x64, 0x57, 0x77, 0x8A ; file 0F8A03
db 0x9B, 0x83, 0x67, 0x6A, 0x71, 0x77, 0x78, 0x83, 0x8E, 0x92, 0x91, 0x84, 0x76, 0x83, 0x95, 0x95 ; file 0F8A13
db 0x8F, 0x6D, 0x5F, 0x63, 0x59, 0x6E, 0x66, 0x58, 0x66, 0x67, 0x82, 0xA3, 0xA7, 0xA6, 0xA3, 0x9F ; file 0F8A23
db 0x8A, 0x78, 0x83, 0x99, 0xB1, 0x9F, 0x6C, 0x59, 0x72, 0x87, 0x9C, 0x8B, 0x69, 0x67, 0x6F, 0x76 ; file 0F8A33
db 0x77, 0x7F, 0x8A, 0x8E, 0x93, 0x8A, 0x78, 0x80, 0x92, 0x94, 0x92, 0x72, 0x62, 0x66, 0x58, 0x69 ; file 0F8A43
db 0x67, 0x59, 0x66, 0x66, 0x7D, 0xA1, 0xA7, 0xA3, 0x9F, 0xA2, 0x8E, 0x79, 0x7F, 0x90, 0xAE, 0xA8 ; file 0F8A53
db 0x74, 0x5E, 0x6D, 0x84, 0x9A, 0x93, 0x6F, 0x66, 0x6C, 0x75, 0x78, 0x7C, 0x87, 0x89, 0x94, 0x8F ; file 0F8A63
db 0x7B, 0x7D, 0x90, 0x94, 0x93, 0x78, 0x65, 0x69, 0x59, 0x64, 0x68, 0x59, 0x66, 0x66, 0x78, 0x9E ; file 0F8A73
db 0xA7, 0xA1, 0x9B, 0xA2, 0x93, 0x7B, 0x7D, 0x88, 0xA7, 0xAE, 0x7F, 0x63, 0x6A, 0x80, 0x99, 0x97 ; file 0F8A83
db 0x76, 0x65, 0x6A, 0x72, 0x79, 0x7A, 0x84, 0x85, 0x92, 0x92, 0x80, 0x7C, 0x8D, 0x93, 0x94, 0x7D ; file 0F8A93
db 0x69, 0x6C, 0x5B, 0x5F, 0x67, 0x5A, 0x66, 0x66, 0x74, 0x9A, 0xA7, 0xA1, 0x98, 0xA0, 0x98, 0x7E ; file 0F8AA3
db 0x7D, 0x81, 0x9F, 0xB1, 0x88, 0x69, 0x6A, 0x7B, 0x96, 0x9A, 0x7E, 0x65, 0x69, 0x6E, 0x79, 0x79 ; file 0F8AB3
db 0x81, 0x82, 0x8E, 0x96, 0x85, 0x7C, 0x89, 0x92, 0x94, 0x81, 0x6C, 0x70, 0x5E, 0x5C, 0x64, 0x5A ; file 0F8AC3
db 0x65, 0x68, 0x70, 0x96, 0xA7, 0xA1, 0x96, 0x9C, 0x9C, 0x81, 0x7D, 0x7D, 0x95, 0xB2, 0x92, 0x6E ; file 0F8AD3
db 0x6D, 0x76, 0x93, 0x9B, 0x85, 0x68, 0x67, 0x6B, 0x79, 0x79, 0x7E, 0x80, 0x88, 0x98, 0x8A, 0x7D ; file 0F8AE3
db 0x86, 0x90, 0x94, 0x85, 0x6F, 0x73, 0x63, 0x5A, 0x61, 0x5A, 0x63, 0x69, 0x6D, 0x91, 0xA7, 0xA1 ; file 0F8AF3
db 0x95, 0x97, 0x9F, 0x85, 0x7E, 0x7C, 0x8B, 0xB0, 0x9B, 0x74, 0x71, 0x73, 0x8F, 0x9B, 0x8D, 0x6D ; file 0F8B03
db 0x66, 0x68, 0x76, 0x7A, 0x7B, 0x7E, 0x82, 0x98, 0x8F, 0x80, 0x84, 0x8E, 0x93, 0x88, 0x72, 0x75 ; file 0F8B13
db 0x68, 0x5A, 0x5D, 0x59, 0x61, 0x6B, 0x6B, 0x8C, 0xA6, 0xA2, 0x94, 0x91, 0xA0, 0x89, 0x7F, 0x7B ; file 0F8B23
db 0x82, 0xA9, 0xA2, 0x7C, 0x75, 0x72, 0x89, 0x9B, 0x91, 0x73, 0x66, 0x66, 0x73, 0x7B, 0x7A, 0x7C ; file 0F8B33
db 0x7D, 0x95, 0x94, 0x84, 0x84, 0x8C, 0x93, 0x8A, 0x75, 0x78, 0x6E, 0x5C, 0x5B, 0x57, 0x60, 0x6C ; file 0F8B43
db 0x6A, 0x87, 0xA5, 0xA2, 0x95, 0x8C, 0x9E, 0x8E, 0x80, 0x7C, 0x7B, 0xA1, 0xA6, 0x83, 0x79, 0x75 ; file 0F8B53
db 0x83, 0x9A, 0x94, 0x7A, 0x68, 0x64, 0x6F, 0x7B, 0x79, 0x7A, 0x7A, 0x8F, 0x97, 0x89, 0x85, 0x89 ; file 0F8B63
db 0x91, 0x8C, 0x78, 0x79, 0x74, 0x5E, 0x5A, 0x54, 0x5E, 0x6D, 0x6A, 0x82, 0xA3, 0xA3, 0x96, 0x89 ; file 0F8B73
db 0x9A, 0x92, 0x82, 0x7E, 0x78, 0x97, 0xA7, 0x8B, 0x7E, 0x7A, 0x7D, 0x99, 0x95, 0x81, 0x6B, 0x63 ; file 0F8B83
db 0x6B, 0x7A, 0x7A, 0x79, 0x77, 0x88, 0x99, 0x8D, 0x87, 0x87, 0x8F, 0x8D, 0x7A, 0x7A, 0x7A, 0x61 ; file 0F8B93
db 0x5B, 0x51, 0x5A, 0x6D, 0x6B, 0x7E, 0xA0, 0xA4, 0x98, 0x86, 0x94, 0x95, 0x84, 0x80, 0x76, 0x8D ; file 0F8BA3
db 0xA5, 0x91, 0x83, 0x80, 0x7A, 0x96, 0x95, 0x86, 0x70, 0x63, 0x68, 0x77, 0x7B, 0x77, 0x74, 0x82 ; file 0F8BB3
db 0x98, 0x91, 0x8A, 0x87, 0x8C, 0x8E, 0x7A, 0x7B, 0x7F, 0x66, 0x5C, 0x4E, 0x56, 0x6D, 0x6C, 0x7B ; file 0F8BC3
db 0x9D, 0xA4, 0x99, 0x85, 0x8F, 0x96, 0x87, 0x83, 0x76, 0x84, 0xA0, 0x95, 0x89, 0x86, 0x7A, 0x92 ; file 0F8BD3
db 0x95, 0x89, 0x76, 0x63, 0x65, 0x73, 0x7C, 0x77, 0x72, 0x7D, 0x95, 0x95, 0x8E, 0x88, 0x89, 0x8E ; file 0F8BE3
db 0x7B, 0x7C, 0x83, 0x6B, 0x5F, 0x4D, 0x51, 0x6C, 0x6C, 0x7A, 0x9A, 0xA4, 0x9B, 0x86, 0x8A, 0x94 ; file 0F8BF3
db 0x8A, 0x85, 0x77, 0x7E, 0x99, 0x97, 0x8E, 0x8D, 0x7D, 0x8D, 0x95, 0x8B, 0x7D, 0x66, 0x63, 0x70 ; file 0F8C03
db 0x7C, 0x78, 0x6F, 0x79, 0x90, 0x97, 0x92, 0x8A, 0x86, 0x8D, 0x7C, 0x7B, 0x87, 0x70, 0x62, 0x4E ; file 0F8C13
db 0x4B, 0x6A, 0x6D, 0x79, 0x97, 0xA3, 0x9C, 0x86, 0x86, 0x91, 0x8D, 0x88, 0x79, 0x7A, 0x92, 0x96 ; file 0F8C23
db 0x92, 0x93, 0x83, 0x88, 0x95, 0x8C, 0x82, 0x6B, 0x61, 0x6C, 0x7A, 0x79, 0x6E, 0x75, 0x8A, 0x98 ; file 0F8C33
db 0x95, 0x8E, 0x85, 0x8C, 0x7D, 0x7B, 0x8A, 0x75, 0x66, 0x50, 0x45, 0x67, 0x6D, 0x78, 0x94, 0xA2 ; file 0F8C43
db 0x9D, 0x88, 0x83, 0x8C, 0x8E, 0x8B, 0x7C, 0x78, 0x8A, 0x92, 0x96, 0x99, 0x8A, 0x87, 0x93, 0x8C ; file 0F8C53
db 0x85, 0x72, 0x61, 0x69, 0x77, 0x7B, 0x6D, 0x72, 0x85, 0x96, 0x98, 0x92, 0x85, 0x89, 0x7E, 0x79 ; file 0F8C63
db 0x8C, 0x7B, 0x6A, 0x54, 0x41, 0x61, 0x6E, 0x77, 0x93, 0xA0, 0x9E, 0x8A, 0x81, 0x87, 0x8C, 0x8E ; file 0F8C73
db 0x7F, 0x77, 0x84, 0x8C, 0x97, 0x9F, 0x90, 0x88, 0x8F, 0x8C, 0x87, 0x79, 0x62, 0x67, 0x74, 0x7C ; file 0F8C83
db 0x6D, 0x6E, 0x80, 0x92, 0x9B, 0x97, 0x87, 0x87, 0x7E, 0x78, 0x8D, 0x80, 0x6F, 0x58, 0x3F, 0x5B ; file 0F8C93
db 0x6E, 0x76, 0x92, 0x9F, 0x9E, 0x8C, 0x7F, 0x84, 0x88, 0x90, 0x82, 0x77, 0x7F, 0x85, 0x95, 0xA4 ; file 0F8CA3
db 0x97, 0x8D, 0x8C, 0x8C, 0x87, 0x80, 0x65, 0x65, 0x70, 0x7C, 0x6F, 0x6B, 0x7C, 0x8D, 0x9C, 0x9B ; file 0F8CB3
db 0x8A, 0x85, 0x7E, 0x77, 0x8C, 0x84, 0x74, 0x5D, 0x3F, 0x54, 0x6C, 0x74, 0x90, 0x9F, 0x9D, 0x8E ; file 0F8CC3
db 0x7F, 0x82, 0x82, 0x91, 0x85, 0x78, 0x7D, 0x7E, 0x91, 0xA7, 0x9D, 0x93, 0x8A, 0x8B, 0x86, 0x85 ; file 0F8CD3
db 0x6A, 0x64, 0x6D, 0x79, 0x72, 0x68, 0x79, 0x87, 0x9B, 0x9F, 0x8F, 0x84, 0x7E, 0x76, 0x8B, 0x89 ; file 0F8CE3
db 0x78, 0x63, 0x41, 0x4D, 0x6A, 0x73, 0x90, 0x9E, 0x9C, 0x8F, 0x7F, 0x80, 0x7D, 0x91, 0x8A, 0x7A ; file 0F8CF3
db 0x7C, 0x78, 0x89, 0xA9, 0xA5, 0x98, 0x8B, 0x89, 0x85, 0x88, 0x71, 0x64, 0x6B, 0x76, 0x74, 0x67 ; file 0F8D03
db 0x75, 0x82, 0x98, 0xA3, 0x94, 0x85, 0x7D, 0x75, 0x89, 0x8D, 0x7C, 0x69, 0x45, 0x48, 0x66, 0x72 ; file 0F8D13
db 0x8F, 0x9F, 0x9B, 0x90, 0x7F, 0x7F, 0x79, 0x8C, 0x8E, 0x7C, 0x7D, 0x74, 0x81, 0xA8, 0xAC, 0x9E ; file 0F8D23
db 0x8F, 0x85, 0x85, 0x89, 0x77, 0x65, 0x69, 0x72, 0x75, 0x67, 0x71, 0x7E, 0x93, 0xA5, 0x99, 0x87 ; file 0F8D33
db 0x7C, 0x73, 0x86, 0x8F, 0x80, 0x6F, 0x49, 0x45, 0x61, 0x71, 0x8D, 0xA0, 0x9A, 0x90, 0x7F, 0x7E ; file 0F8D43
db 0x76, 0x86, 0x90, 0x7E, 0x7D, 0x72, 0x77, 0xA5, 0xB2, 0xA4, 0x95, 0x82, 0x83, 0x88, 0x7D, 0x68 ; file 0F8D53
db 0x67, 0x6F, 0x75, 0x68, 0x6E, 0x7B, 0x8D, 0xA6, 0x9E, 0x8B, 0x7B, 0x71, 0x84, 0x91, 0x83, 0x75 ; file 0F8D63
db 0x4E, 0x43, 0x5B, 0x6E, 0x8B, 0xA1, 0x9A, 0x90, 0x80, 0x7F, 0x74, 0x80, 0x92, 0x81, 0x7F, 0x71 ; file 0F8D73
db 0x6F, 0x9E, 0xB6, 0xAB, 0x9D, 0x81, 0x81, 0x88, 0x81, 0x6E, 0x66, 0x6C, 0x73, 0x69, 0x6B, 0x78 ; file 0F8D83
db 0x86, 0xA4, 0xA2, 0x90, 0x7C, 0x6F, 0x81, 0x91, 0x86, 0x7A, 0x54, 0x44, 0x57, 0x6A, 0x89, 0xA2 ; file 0F8D93
db 0x9B, 0x90, 0x80, 0x7F, 0x73, 0x7B, 0x91, 0x84, 0x81, 0x72, 0x69, 0x95, 0xB8, 0xB1, 0xA4, 0x84 ; file 0F8DA3
db 0x7E, 0x87, 0x84, 0x74, 0x66, 0x6A, 0x70, 0x6A, 0x69, 0x75, 0x81, 0xA0, 0xA6, 0x94, 0x7E, 0x6D ; file 0F8DB3
db 0x7F, 0x91, 0x89, 0x7F, 0x5A, 0x45, 0x53, 0x65, 0x87, 0xA2, 0x9D, 0x8F, 0x7F, 0x7F, 0x73, 0x76 ; file 0F8DC3
db 0x8D, 0x88, 0x83, 0x75, 0x64, 0x8A, 0xB8, 0xB7, 0xAB, 0x8A, 0x7A, 0x85, 0x84, 0x7A, 0x69, 0x68 ; file 0F8DD3
db 0x6E, 0x6B, 0x69, 0x72, 0x7D, 0x9A, 0xA8, 0x99, 0x82, 0x6C, 0x7B, 0x91, 0x8A, 0x83, 0x61, 0x48 ; file 0F8DE3
db 0x52, 0x5F, 0x84, 0xA2, 0x9F, 0x90, 0x7F, 0x7F, 0x74, 0x72, 0x88, 0x8A, 0x85, 0x78, 0x61, 0x80 ; file 0F8DF3
db 0xB5, 0xBC, 0xB2, 0x92, 0x78, 0x83, 0x84, 0x7F, 0x6D, 0x67, 0x6B, 0x69, 0x6A, 0x6F, 0x7A, 0x93 ; file 0F8E03
db 0xA9, 0x9E, 0x87, 0x6B, 0x78, 0x90, 0x8A, 0x87, 0x67, 0x4B, 0x52, 0x5A, 0x80, 0xA2, 0xA1, 0x91 ; file 0F8E13
db 0x7E, 0x7F, 0x75, 0x6F, 0x82, 0x8B, 0x88, 0x7A, 0x61, 0x76, 0xAF, 0xBF, 0xBA, 0x9A, 0x78, 0x80 ; file 0F8E23
db 0x84, 0x82, 0x73, 0x67, 0x69, 0x67, 0x6B, 0x6D, 0x76, 0x8D, 0xA7, 0xA2, 0x8D, 0x6C, 0x74, 0x8F ; file 0F8E33
db 0x8A, 0x8B, 0x6D, 0x4F, 0x53, 0x55, 0x7B, 0xA1, 0xA2, 0x92, 0x7D, 0x7E, 0x76, 0x6D, 0x7D, 0x89 ; file 0F8E43
db 0x8B, 0x7E, 0x61, 0x6F, 0xA6, 0xC1, 0xC1, 0xA2, 0x7C, 0x7C, 0x84, 0x83, 0x7A, 0x68, 0x68, 0x64 ; file 0F8E53
db 0x6B, 0x6D, 0x73, 0x88, 0xA3, 0xA5, 0x92, 0x6F, 0x70, 0x8D, 0x89, 0x8D, 0x72, 0x54, 0x55, 0x53 ; file 0F8E63
db 0x74, 0x9F, 0xA3, 0x95, 0x7D, 0x7D, 0x76, 0x6C, 0x79, 0x84, 0x8D, 0x81, 0x63, 0x69, 0x9B, 0xBF ; file 0F8E73
db 0xC7, 0xA9, 0x83, 0x78, 0x83, 0x83, 0x80, 0x6B, 0x67, 0x61, 0x6A, 0x6D, 0x70, 0x84, 0x9D, 0xA7 ; file 0F8E83
db 0x98, 0x73, 0x6D, 0x8B, 0x89, 0x8E, 0x77, 0x59, 0x58, 0x52, 0x6C, 0x9C, 0xA4, 0x97, 0x7D, 0x7B ; file 0F8E93
db 0x77, 0x6C, 0x76, 0x7F, 0x8E, 0x85, 0x66, 0x66, 0x91, 0xBA, 0xCC, 0xB1, 0x8A, 0x76, 0x81, 0x83 ; file 0F8EA3
db 0x84, 0x71, 0x66, 0x5F, 0x67, 0x6E, 0x6D, 0x80, 0x98, 0xA6, 0x9D, 0x78, 0x6C, 0x87, 0x88, 0x8E ; file 0F8EB3
db 0x7B, 0x5D, 0x5C, 0x53, 0x66, 0x98, 0xA5, 0x99, 0x7E, 0x7A, 0x78, 0x6B, 0x73, 0x7A, 0x8D, 0x88 ; file 0F8EC3
db 0x69, 0x64, 0x89, 0xB3, 0xCE, 0xBA, 0x93, 0x77, 0x7E, 0x82, 0x86, 0x77, 0x67, 0x5D, 0x64, 0x6F ; file 0F8ED3
db 0x6C, 0x7C, 0x93, 0xA4, 0xA1, 0x7D, 0x6C, 0x84, 0x87, 0x8D, 0x80, 0x62, 0x5F, 0x55, 0x61, 0x91 ; file 0F8EE3
db 0xA5, 0x9B, 0x81, 0x78, 0x78, 0x6C, 0x72, 0x76, 0x89, 0x8C, 0x6D, 0x63, 0x82, 0xAA, 0xCF, 0xC2 ; file 0F8EF3
db 0x9A, 0x7B, 0x7A, 0x81, 0x87, 0x7E, 0x69, 0x5C, 0x60, 0x6F, 0x6C, 0x78, 0x8F, 0x9F, 0xA4, 0x83 ; file 0F8F03
db 0x6D, 0x80, 0x86, 0x8C, 0x83, 0x66, 0x63, 0x59, 0x5E, 0x8B, 0xA5, 0x9D, 0x84, 0x77, 0x77, 0x6C ; file 0F8F13
db 0x70, 0x73, 0x83, 0x90, 0x70, 0x63, 0x7C, 0xA0, 0xCC, 0xC9, 0xA3, 0x82, 0x77, 0x7F, 0x86, 0x83 ; file 0F8F23
db 0x6D, 0x5C, 0x5D, 0x6E, 0x6C, 0x74, 0x8B, 0x9A, 0xA6, 0x8A, 0x6F, 0x7E, 0x84, 0x8B, 0x85, 0x6A ; file 0F8F33
db 0x68, 0x5C, 0x5C, 0x84, 0xA3, 0x9E, 0x86, 0x77, 0x77, 0x6C, 0x70, 0x70, 0x7C, 0x91, 0x74, 0x64 ; file 0F8F43
db 0x79, 0x97, 0xC6, 0xCE, 0xAB, 0x88, 0x76, 0x7C, 0x85, 0x87, 0x73, 0x5C, 0x5A, 0x6B, 0x6E, 0x71 ; file 0F8F53
db 0x87, 0x95, 0xA5, 0x90, 0x73, 0x7D, 0x82, 0x8A, 0x86, 0x6D, 0x6B, 0x61, 0x5D, 0x7E, 0xA0, 0x9F ; file 0F8F63
db 0x89, 0x77, 0x76, 0x6C, 0x6F, 0x6F, 0x77, 0x90, 0x78, 0x66, 0x78, 0x8F, 0xBD, 0xD0, 0xB3, 0x90 ; file 0F8F73
db 0x79, 0x79, 0x84, 0x89, 0x7A, 0x5E, 0x58, 0x67, 0x6F, 0x70, 0x83, 0x91, 0xA1, 0x95, 0x78, 0x7D ; file 0F8F83
db 0x80, 0x88, 0x86, 0x70, 0x6E, 0x66, 0x5E, 0x79, 0x9B, 0x9F, 0x8C, 0x79, 0x75, 0x6C, 0x6F, 0x6F ; file 0F8F93
db 0x72, 0x8C, 0x7D, 0x68, 0x77, 0x8A, 0xB3, 0xD1, 0xBB, 0x97, 0x7E, 0x75, 0x83, 0x89, 0x80, 0x61 ; file 0F8FA3
db 0x56, 0x63, 0x6E, 0x6F, 0x7F, 0x8D, 0x9C, 0x99, 0x7C, 0x7E, 0x7F, 0x86, 0x87, 0x73, 0x70, 0x6C ; file 0F8FB3
db 0x60, 0x75, 0x95, 0x9F, 0x8E, 0x7A, 0x75, 0x6B, 0x6E, 0x6F, 0x6F, 0x86, 0x81, 0x6A, 0x76, 0x86 ; file 0F8FC3
db 0xA9, 0xCE, 0xC2, 0x9F, 0x85, 0x72, 0x80, 0x89, 0x85, 0x68, 0x55, 0x60, 0x6D, 0x70, 0x7C, 0x8A ; file 0F8FD3
db 0x97, 0x9B, 0x81, 0x80, 0x7F, 0x82, 0x87, 0x74, 0x72, 0x70, 0x63, 0x74, 0x8F, 0x9D, 0x91, 0x7C ; file 0F8FE3
db 0x76, 0x6A, 0x6E, 0x6F, 0x6C, 0x80, 0x83, 0x6C, 0x76, 0x84, 0xA0, 0xC8, 0xC7, 0xA7, 0x8D, 0x73 ; file 0F8FF3
db 0x7D, 0x88, 0x88, 0x6F, 0x55, 0x5D, 0x6A, 0x70, 0x79, 0x86, 0x92, 0x9A, 0x85, 0x83, 0x80, 0x7F ; file 0F9003
db 0x87, 0x75, 0x73, 0x75, 0x66, 0x73, 0x8B, 0x9A, 0x93, 0x7D, 0x77, 0x6A, 0x6D, 0x70, 0x6A, 0x7B ; file 0F9013
db 0x82, 0x6F, 0x76, 0x84, 0x98, 0xC0, 0xC9, 0xAF, 0x95, 0x77, 0x79, 0x86, 0x89, 0x77, 0x56, 0x5A ; file 0F9023
db 0x66, 0x70, 0x78, 0x83, 0x8E, 0x97, 0x89, 0x86, 0x82, 0x7C, 0x87, 0x76, 0x73, 0x79, 0x6A, 0x73 ; file 0F9033
db 0x88, 0x95, 0x95, 0x7F, 0x79, 0x6A, 0x6B, 0x70, 0x6A, 0x77, 0x7F, 0x72, 0x76, 0x84, 0x92, 0xB7 ; file 0F9043
db 0xC9, 0xB6, 0x9C, 0x7D, 0x75, 0x85, 0x89, 0x7E, 0x5B, 0x58, 0x63, 0x6F, 0x78, 0x80, 0x8B, 0x93 ; file 0F9053
db 0x8B, 0x89, 0x86, 0x7A, 0x85, 0x77, 0x72, 0x7C, 0x6E, 0x74, 0x86, 0x90, 0x95, 0x80, 0x7B, 0x6B ; file 0F9063
db 0x69, 0x70, 0x69, 0x73, 0x7C, 0x74, 0x77, 0x85, 0x8E, 0xAE, 0xC6, 0xBC, 0xA3, 0x85, 0x73, 0x82 ; file 0F9073
db 0x89, 0x83, 0x61, 0x57, 0x60, 0x6C, 0x78, 0x7D, 0x87, 0x90, 0x8C, 0x8B, 0x8B, 0x7A, 0x83, 0x78 ; file 0F9083
db 0x72, 0x7E, 0x72, 0x75, 0x86, 0x8C, 0x93, 0x82, 0x7C, 0x6D, 0x67, 0x70, 0x6A, 0x70, 0x78, 0x74 ; file 0F9093
db 0x77, 0x86, 0x8C, 0xA7, 0xC0, 0xBF, 0xAB, 0x8D, 0x74, 0x7E, 0x88, 0x86, 0x68, 0x57, 0x5E, 0x68 ; file 0F90A3
db 0x78, 0x7C, 0x83, 0x8D, 0x8A, 0x8D, 0x90, 0x7A, 0x80, 0x79, 0x70, 0x80, 0x76, 0x77, 0x87, 0x89 ; file 0F90B3
db 0x90, 0x84, 0x7D, 0x70, 0x65, 0x70, 0x6A, 0x6E, 0x75, 0x72, 0x78, 0x87, 0x8B, 0xA1, 0xB8, 0xC1 ; file 0F90C3
db 0xB2, 0x95, 0x79, 0x7A, 0x87, 0x88, 0x70, 0x58, 0x5D, 0x64, 0x76, 0x7C, 0x80, 0x8A, 0x86, 0x8E ; file 0F90D3
db 0x95, 0x7D, 0x7E, 0x7A, 0x6F, 0x80, 0x7A, 0x79, 0x88, 0x88, 0x8C, 0x84, 0x7E, 0x73, 0x64, 0x6E ; file 0F90E3
db 0x6B, 0x6C, 0x73, 0x6F, 0x78, 0x88, 0x8B, 0x9C, 0xB1, 0xC0, 0xB7, 0x9D, 0x7F, 0x77, 0x85, 0x88 ; file 0F90F3
db 0x76, 0x5C, 0x5B, 0x61, 0x74, 0x7D, 0x7D, 0x87, 0x83, 0x8D, 0x98, 0x81, 0x7D, 0x7A, 0x6E, 0x7F ; file 0F9103
db 0x7D, 0x7C, 0x8A, 0x89, 0x87, 0x84, 0x7E, 0x76, 0x64, 0x6C, 0x6B, 0x6B, 0x72, 0x6B, 0x77, 0x89 ; file 0F9113
db 0x8C, 0x9A, 0xA9, 0xBB, 0xBB, 0xA5, 0x86, 0x76, 0x82, 0x88, 0x7B, 0x62, 0x5A, 0x5F, 0x70, 0x7E ; file 0F9123
db 0x7B, 0x84, 0x80, 0x8A, 0x9B, 0x87, 0x7D, 0x79, 0x6E, 0x7D, 0x80, 0x7E, 0x8C, 0x8B, 0x84, 0x83 ; file 0F9133
db 0x7E, 0x78, 0x65, 0x6A, 0x6C, 0x6A, 0x71, 0x68, 0x74, 0x8A, 0x8D, 0x98, 0xA4, 0xB5, 0xBD, 0xAD ; file 0F9143
db 0x8D, 0x78, 0x7E, 0x87, 0x7E, 0x68, 0x5B, 0x5D, 0x6B, 0x7E, 0x7B, 0x81, 0x7E, 0x85, 0x9D, 0x8D ; file 0F9153
db 0x7E, 0x79, 0x6D, 0x7B, 0x82, 0x7F, 0x8E, 0x8E, 0x83, 0x80, 0x7E, 0x7B, 0x67, 0x68, 0x6C, 0x6A ; file 0F9163
db 0x70, 0x66, 0x6E, 0x8A, 0x8F, 0x97, 0xA0, 0xAE, 0xBD, 0xB5, 0x95, 0x7D, 0x7A, 0x86, 0x7F, 0x6E ; file 0F9173
db 0x5D, 0x5B, 0x67, 0x7D, 0x7B, 0x7E, 0x7D, 0x7F, 0x9D, 0x93, 0x80, 0x79, 0x6C, 0x78, 0x84, 0x81 ; file 0F9183
db 0x91, 0x91, 0x83, 0x7D, 0x7D, 0x7C, 0x6A, 0x67, 0x6B, 0x69, 0x70, 0x65, 0x68, 0x88, 0x91, 0x97 ; file 0F9193
db 0x9E, 0xA6, 0xB9, 0xBA, 0x9C, 0x84, 0x78, 0x84, 0x80, 0x73, 0x62, 0x5A, 0x63, 0x7A, 0x7D, 0x7C ; file 0F91A3
db 0x7C, 0x79, 0x9B, 0x98, 0x83, 0x7A, 0x6B, 0x75, 0x84, 0x83, 0x92, 0x95, 0x85, 0x7A, 0x7B, 0x7D ; file 0F91B3
db 0x6C, 0x67, 0x6A, 0x69, 0x70, 0x65, 0x63, 0x86, 0x93, 0x97, 0x9D, 0xA0, 0xB4, 0xBE, 0xA4, 0x8B ; file 0F91C3
db 0x78, 0x80, 0x81, 0x76, 0x68, 0x5A, 0x60, 0x76, 0x7E, 0x7B, 0x7A, 0x75, 0x95, 0x9D, 0x87, 0x7B ; file 0F91D3
db 0x6B, 0x72, 0x84, 0x84, 0x93, 0x99, 0x88, 0x79, 0x77, 0x7E, 0x6F, 0x67, 0x6A, 0x68, 0x6F, 0x66 ; file 0F91E3
db 0x5E, 0x80, 0x95, 0x97, 0x9D, 0x9B, 0xAC, 0xBF, 0xAC, 0x91, 0x7C, 0x7C, 0x82, 0x77, 0x6D, 0x5C ; file 0F91F3
db 0x5D, 0x71, 0x7F, 0x7A, 0x79, 0x72, 0x8E, 0xA1, 0x8D, 0x7E, 0x6B, 0x6F, 0x82, 0x84, 0x94, 0x9E ; file 0F9203
db 0x8C, 0x79, 0x73, 0x7E, 0x71, 0x68, 0x69, 0x67, 0x6F, 0x68, 0x5A, 0x78, 0x97, 0x98, 0x9F, 0x99 ; file 0F9213
db 0xA4, 0xBD, 0xB3, 0x98, 0x82, 0x79, 0x82, 0x78, 0x72, 0x60, 0x5B, 0x6C, 0x7E, 0x7B, 0x78, 0x70 ; file 0F9223
db 0x85, 0xA3, 0x91, 0x82, 0x6B, 0x6B, 0x81, 0x84, 0x94, 0xA1, 0x91, 0x7B, 0x6F, 0x7C, 0x73, 0x68 ; file 0F9233
db 0x69, 0x66, 0x6E, 0x6A, 0x59, 0x70, 0x97, 0x99, 0xA0, 0x98, 0x9C, 0xB9, 0xB8, 0xA0, 0x89, 0x78 ; file 0F9243
db 0x80, 0x78, 0x76, 0x66, 0x5A, 0x69, 0x7B, 0x7C, 0x77, 0x6E, 0x7E, 0xA2, 0x95, 0x87, 0x6D, 0x67 ; file 0F9253
db 0x7F, 0x84, 0x94, 0xA4, 0x96, 0x7E, 0x6C, 0x79, 0x76, 0x69, 0x6A, 0x65, 0x6D, 0x6B, 0x58, 0x69 ; file 0F9263
db 0x94, 0x9A, 0xA1, 0x98, 0x96, 0xB1, 0xBC, 0xA7, 0x90, 0x7A, 0x7D, 0x78, 0x77, 0x6D, 0x5A, 0x65 ; file 0F9273
db 0x78, 0x7D, 0x77, 0x6C, 0x78, 0x9F, 0x99, 0x8C, 0x70, 0x64, 0x7D, 0x83, 0x93, 0xA6, 0x9B, 0x82 ; file 0F9283
db 0x6B, 0x74, 0x77, 0x6A, 0x6B, 0x64, 0x6B, 0x6D, 0x58, 0x62, 0x8E, 0x9C, 0xA3, 0x9A, 0x92, 0xA8 ; file 0F9293
db 0xBD, 0xAE, 0x97, 0x7F, 0x7A, 0x78, 0x77, 0x73, 0x5D, 0x62, 0x74, 0x7D, 0x78, 0x6B, 0x73, 0x99 ; file 0F92A3
db 0x9C, 0x92, 0x75, 0x62, 0x7A, 0x82, 0x92, 0xA8, 0xA1, 0x87, 0x6C, 0x70, 0x78, 0x6B, 0x6C, 0x64 ; file 0F92B3
db 0x69, 0x6E, 0x59, 0x5D, 0x87, 0x9D, 0xA4, 0x9C, 0x90, 0x9F, 0xBB, 0xB4, 0x9E, 0x86, 0x78, 0x78 ; file 0F92C3
db 0x76, 0x78, 0x61, 0x60, 0x71, 0x7B, 0x7A, 0x6A, 0x6E, 0x92, 0x9D, 0x96, 0x7B, 0x61, 0x76, 0x81 ; file 0F92D3
db 0x8F, 0xA9, 0xA6, 0x8C, 0x6E, 0x6A, 0x77, 0x6C, 0x6D, 0x65, 0x66, 0x6F, 0x5B, 0x59, 0x7F, 0x9C ; file 0F92E3
db 0xA5, 0x9F, 0x90, 0x97, 0xB6, 0xB8, 0xA5, 0x8D, 0x78, 0x76, 0x75, 0x7A, 0x67, 0x5E, 0x6E, 0x79 ; file 0F92F3
db 0x7C, 0x6B, 0x6A, 0x8B, 0x9C, 0x99, 0x81, 0x62, 0x71, 0x80, 0x8C, 0xA9, 0xAB, 0x92, 0x72, 0x66 ; file 0F9303
db 0x74, 0x6C, 0x6E, 0x66, 0x64, 0x6F, 0x5D, 0x56, 0x77, 0x99, 0xA7, 0xA2, 0x91, 0x90, 0xAE, 0xBA ; file 0F9313
db 0xAC, 0x94, 0x7B, 0x74, 0x74, 0x7B, 0x6E, 0x5F, 0x6C, 0x75, 0x7D, 0x6C, 0x67, 0x84, 0x99, 0x9C ; file 0F9323
db 0x88, 0x65, 0x6D, 0x7F, 0x8A, 0xA8, 0xAF, 0x98, 0x77, 0x64, 0x70, 0x6D, 0x6E, 0x68, 0x62, 0x6E ; file 0F9333
db 0x5F, 0x54, 0x71, 0x93, 0xA7, 0xA5, 0x93, 0x8C, 0xA6, 0xB9, 0xB2, 0x9B, 0x81, 0x72, 0x73, 0x7B ; file 0F9343
db 0x74, 0x61, 0x69, 0x72, 0x7C, 0x6F, 0x63, 0x7F, 0x95, 0x9D, 0x8F, 0x69, 0x69, 0x7D, 0x87, 0xA7 ; file 0F9353
db 0xB2, 0x9F, 0x7C, 0x64, 0x6C, 0x6D, 0x6E, 0x6B, 0x61, 0x6C, 0x61, 0x53, 0x6B, 0x8D, 0xA7, 0xA8 ; file 0F9363
db 0x96, 0x8A, 0x9D, 0xB5, 0xB7, 0xA3, 0x88, 0x71, 0x71, 0x7A, 0x79, 0x66, 0x67, 0x70, 0x7A, 0x71 ; file 0F9373
db 0x61, 0x7A, 0x91, 0x9C, 0x94, 0x6E, 0x67, 0x7B, 0x85, 0xA4, 0xB5, 0xA4, 0x82, 0x65, 0x68, 0x6B ; file 0F9383
db 0x6E, 0x6D, 0x62, 0x6B, 0x63, 0x53, 0x67, 0x87, 0xA5, 0xAA, 0x99, 0x89, 0x96, 0xAF, 0xBB, 0xAA ; file 0F9393
db 0x90, 0x73, 0x6F, 0x79, 0x7B, 0x6C, 0x67, 0x6E, 0x77, 0x74, 0x60, 0x75, 0x8D, 0x99, 0x99, 0x75 ; file 0F93A3
db 0x66, 0x78, 0x83, 0xA1, 0xB7, 0xA9, 0x89, 0x68, 0x65, 0x68, 0x6D, 0x6E, 0x63, 0x69, 0x64, 0x53 ; file 0F93B3
db 0x63, 0x81, 0xA1, 0xAE, 0x9C, 0x8A, 0x90, 0xA7, 0xBB, 0xB1, 0x97, 0x79, 0x6B, 0x77, 0x7C, 0x71 ; file 0F93C3
db 0x68, 0x6C, 0x73, 0x76, 0x60, 0x70, 0x89, 0x94, 0x9D, 0x7A, 0x67, 0x76, 0x80, 0x9E, 0xB8, 0xAD ; file 0F93D3
db 0x90, 0x6C, 0x64, 0x64, 0x6C, 0x6F, 0x64, 0x68, 0x65, 0x53, 0x61, 0x7D, 0x9A, 0xB0, 0x9F, 0x8B ; file 0F93E3
db 0x8C, 0x9F, 0xB9, 0xB7, 0x9E, 0x80, 0x68, 0x75, 0x7C, 0x76, 0x6B, 0x6B, 0x70, 0x76, 0x62, 0x6B ; file 0F93F3
db 0x85, 0x8E, 0x9E, 0x81, 0x69, 0x74, 0x7D, 0x9A, 0xB8, 0xB1, 0x97, 0x70, 0x64, 0x60, 0x6A, 0x70 ; file 0F9403
db 0x66, 0x67, 0x65, 0x54, 0x5E, 0x79, 0x93, 0xB1, 0xA3, 0x8E, 0x8A, 0x97, 0xB4, 0xBB, 0xA6, 0x88 ; file 0F9413
db 0x68, 0x72, 0x7B, 0x7A, 0x6F, 0x6A, 0x6D, 0x74, 0x64, 0x68, 0x82, 0x89, 0x9D, 0x87, 0x6C, 0x73 ; file 0F9423
db 0x7A, 0x97, 0xB6, 0xB5, 0x9D, 0x75, 0x65, 0x5D, 0x66, 0x71, 0x67, 0x67, 0x64, 0x54, 0x5C, 0x76 ; file 0F9433
db 0x8C, 0xAF, 0xA7, 0x91, 0x8A, 0x91, 0xAC, 0xBE, 0xAD, 0x90, 0x6B, 0x6E, 0x7B, 0x7B, 0x75, 0x6B ; file 0F9443
db 0x6B, 0x71, 0x65, 0x65, 0x7F, 0x84, 0x9A, 0x8D, 0x71, 0x74, 0x77, 0x93, 0xB4, 0xB8, 0xA3, 0x7B ; file 0F9453
db 0x68, 0x5B, 0x61, 0x71, 0x69, 0x67, 0x64, 0x54, 0x5B, 0x74, 0x86, 0xAA, 0xAB, 0x94, 0x8A, 0x8C ; file 0F9463
db 0xA3, 0xBE, 0xB5, 0x98, 0x71, 0x6A, 0x7A, 0x7B, 0x7A, 0x6E, 0x6A, 0x6F, 0x66, 0x64, 0x7B, 0x80 ; file 0F9473
db 0x95, 0x90, 0x75, 0x75, 0x75, 0x8E, 0xB2, 0xB9, 0xA7, 0x82, 0x6B, 0x5C, 0x5C, 0x70, 0x6A, 0x68 ; file 0F9483
db 0x65, 0x54, 0x59, 0x72, 0x82, 0xA4, 0xAD, 0x98, 0x8C, 0x89, 0x9A, 0xBA, 0xBA, 0xA0, 0x78, 0x67 ; file 0F9493
db 0x78, 0x7B, 0x7F, 0x72, 0x69, 0x6D, 0x66, 0x64, 0x78, 0x7E, 0x8F, 0x92, 0x79, 0x78, 0x74, 0x8A ; file 0F94A3
db 0xB0, 0xBA, 0xAB, 0x88, 0x6F, 0x5D, 0x57, 0x6D, 0x6B, 0x69, 0x66, 0x54, 0x58, 0x71, 0x7E, 0x9E ; file 0F94B3
db 0xAD, 0x9B, 0x8E, 0x88, 0x92, 0xB4, 0xBE, 0xA8, 0x7F, 0x67, 0x75, 0x7A, 0x81, 0x78, 0x69, 0x6B ; file 0F94C3
db 0x64, 0x64, 0x76, 0x7B, 0x8A, 0x91, 0x7D, 0x7B, 0x74, 0x86, 0xAE, 0xBA, 0xAF, 0x8E, 0x73, 0x60 ; file 0F94D3
db 0x53, 0x69, 0x6C, 0x6A, 0x67, 0x53, 0x56, 0x70, 0x7C, 0x98, 0xAB, 0x9F, 0x90, 0x89, 0x8C, 0xAC ; file 0F94E3
db 0xC0, 0xB0, 0x88, 0x6A, 0x71, 0x79, 0x81, 0x7F, 0x6A, 0x69, 0x62, 0x64, 0x75, 0x78, 0x86, 0x8E ; file 0F94F3
db 0x80, 0x7F, 0x76, 0x81, 0xAB, 0xB9, 0xB1, 0x94, 0x78, 0x64, 0x51, 0x64, 0x6C, 0x6A, 0x69, 0x53 ; file 0F9503
db 0x54, 0x6E, 0x7B, 0x93, 0xA7, 0xA2, 0x92, 0x8B, 0x88, 0xA3, 0xBE, 0xB6, 0x90, 0x70, 0x6D, 0x78 ; file 0F9513
db 0x80, 0x85, 0x6E, 0x68, 0x5F, 0x62, 0x75, 0x76, 0x82, 0x8A, 0x82, 0x83, 0x79, 0x7E, 0xA7, 0xB8 ; file 0F9523
db 0xB3, 0x98, 0x7D, 0x68, 0x51, 0x5E, 0x6B, 0x6A, 0x6B, 0x54, 0x52, 0x6D, 0x7A, 0x8F, 0xA2, 0xA4 ; file 0F9533
db 0x94, 0x8D, 0x85, 0x9A, 0xBA, 0xBC, 0x99, 0x77, 0x6B, 0x76, 0x7F, 0x89, 0x73, 0x68, 0x5E, 0x60 ; file 0F9543
db 0x75, 0x74, 0x7F, 0x85, 0x82, 0x86, 0x7D, 0x7C, 0xA3, 0xB8, 0xB3, 0x9D, 0x82, 0x6D, 0x53, 0x59 ; file 0F9553
db 0x68, 0x6A, 0x6D, 0x55, 0x4F, 0x6B, 0x79, 0x8C, 0x9D, 0xA3, 0x97, 0x8F, 0x84, 0x93, 0xB3, 0xBF ; file 0F9563
db 0xA1, 0x7D, 0x6C, 0x72, 0x7E, 0x8B, 0x79, 0x68, 0x5D, 0x5C, 0x75, 0x73, 0x7B, 0x82, 0x7F, 0x89 ; file 0F9573
db 0x82, 0x7C, 0x9E, 0xB6, 0xB4, 0xA1, 0x87, 0x73, 0x55, 0x56, 0x64, 0x6A, 0x6E, 0x58, 0x4E, 0x69 ; file 0F9583
db 0x79, 0x89, 0x99, 0xA1, 0x9A, 0x92, 0x85, 0x8D, 0xAB, 0xBF, 0xA9, 0x84, 0x71, 0x6F, 0x7D, 0x8B ; file 0F9593
db 0x80, 0x6A, 0x5C, 0x58, 0x74, 0x74, 0x77, 0x7F, 0x7B, 0x8B, 0x87, 0x7D, 0x9B, 0xB5, 0xB3, 0xA3 ; file 0F95A3
db 0x8B, 0x78, 0x59, 0x54, 0x60, 0x69, 0x6F, 0x5A, 0x4C, 0x67, 0x78, 0x87, 0x95, 0x9C, 0x9C, 0x94 ; file 0F95B3
db 0x87, 0x89, 0xA2, 0xBD, 0xB0, 0x8C, 0x77, 0x6C, 0x7A, 0x8A, 0x86, 0x6F, 0x5C, 0x55, 0x72, 0x75 ; file 0F95C3
db 0x74, 0x7D, 0x76, 0x8A, 0x8C, 0x80, 0x97, 0xB2, 0xB3, 0xA5, 0x8F, 0x7E, 0x5E, 0x54, 0x5B, 0x66 ; file 0F95D3
db 0x70, 0x5D, 0x4C, 0x63, 0x78, 0x86, 0x93, 0x98, 0x9D, 0x97, 0x89, 0x87, 0x9A, 0xB8, 0xB5, 0x94 ; file 0F95E3
db 0x7D, 0x6B, 0x77, 0x89, 0x8A, 0x75, 0x5D, 0x52, 0x6D, 0x77, 0x72, 0x7A, 0x72, 0x87, 0x91, 0x83 ; file 0F95F3
db 0x96, 0xAF, 0xB3, 0xA6, 0x92, 0x83, 0x63, 0x55, 0x57, 0x63, 0x70, 0x60, 0x4C, 0x60, 0x77, 0x85 ; file 0F9603
db 0x91, 0x93, 0x9C, 0x9A, 0x8C, 0x87, 0x93, 0xB0, 0xB8, 0x9C, 0x84, 0x6E, 0x73, 0x87, 0x8C, 0x7B ; file 0F9613
db 0x5F, 0x50, 0x68, 0x78, 0x71, 0x78, 0x70, 0x82, 0x94, 0x87, 0x95, 0xAC, 0xB2, 0xA7, 0x95, 0x87 ; file 0F9623
db 0x68, 0x57, 0x55, 0x5E, 0x6F, 0x63, 0x4D, 0x5D, 0x75, 0x84, 0x90, 0x90, 0x98, 0x9D, 0x8E, 0x87 ; file 0F9633
db 0x8E, 0xA8, 0xB9, 0xA3, 0x8B, 0x74, 0x6F, 0x85, 0x8C, 0x82, 0x63, 0x4F, 0x63, 0x78, 0x71, 0x75 ; file 0F9643
db 0x6D, 0x7C, 0x96, 0x8C, 0x96, 0xAA, 0xB0, 0xA7, 0x96, 0x8C, 0x6F, 0x5A, 0x55, 0x59, 0x6E, 0x65 ; file 0F9653
db 0x4F, 0x5B, 0x74, 0x82, 0x90, 0x8D, 0x92, 0x9E, 0x91, 0x89, 0x8B, 0x9F, 0xB7, 0xA9, 0x93, 0x7A ; file 0F9663
db 0x6C, 0x82, 0x8C, 0x86, 0x69, 0x4E, 0x5F, 0x76, 0x72, 0x73, 0x6B, 0x75, 0x96, 0x90, 0x98, 0xA9 ; file 0F9673
db 0xAE, 0xA8, 0x97, 0x90, 0x74, 0x5E, 0x56, 0x54, 0x6B, 0x66, 0x51, 0x5A, 0x71, 0x81, 0x90, 0x8B ; file 0F9683
db 0x8D, 0x9E, 0x94, 0x8B, 0x8A, 0x97, 0xB1, 0xAD, 0x9A, 0x81, 0x6D, 0x7E, 0x8B, 0x8A, 0x71, 0x4E ; file 0F9693
db 0x5B, 0x74, 0x73, 0x72, 0x69, 0x70, 0x92, 0x93, 0x9A, 0xA8, 0xAC, 0xA8, 0x97, 0x92, 0x7A, 0x62 ; file 0F96A3
db 0x58, 0x50, 0x67, 0x68, 0x52, 0x59, 0x6F, 0x7F, 0x8F, 0x8A, 0x88, 0x9B, 0x98, 0x8D, 0x8A, 0x92 ; file 0F96B3
db 0xAA, 0xAF, 0xA1, 0x89, 0x70, 0x7A, 0x8A, 0x8B, 0x78, 0x51, 0x58, 0x70, 0x73, 0x72, 0x67, 0x6B ; file 0F96C3
db 0x8E, 0x95, 0x9D, 0xA9, 0xAA, 0xA7, 0x97, 0x94, 0x7E, 0x67, 0x5B, 0x4F, 0x61, 0x68, 0x53, 0x59 ; file 0F96D3
db 0x6E, 0x7D, 0x8F, 0x8A, 0x84, 0x96, 0x9A, 0x90, 0x8C, 0x8E, 0xA1, 0xAE, 0xA7, 0x90, 0x76, 0x76 ; file 0F96E3
db 0x89, 0x8B, 0x7F, 0x55, 0x55, 0x6D, 0x72, 0x73, 0x66, 0x67, 0x87, 0x96, 0xA0, 0xAC, 0xA9, 0xA6 ; file 0F96F3
db 0x97, 0x95, 0x83, 0x6C, 0x5F, 0x4F, 0x5B, 0x68, 0x55, 0x59, 0x6C, 0x7B, 0x8F, 0x8A, 0x82, 0x90 ; file 0F9703
db 0x9C, 0x92, 0x8D, 0x8C, 0x9A, 0xAA, 0xAB, 0x98, 0x7D, 0x74, 0x86, 0x8A, 0x84, 0x5C, 0x53, 0x6B ; file 0F9713
db 0x6F, 0x75, 0x65, 0x64, 0x81, 0x95, 0xA2, 0xAF, 0xA9, 0xA5, 0x97, 0x95, 0x88, 0x70, 0x64, 0x51 ; file 0F9723
db 0x56, 0x66, 0x56, 0x58, 0x6C, 0x77, 0x8D, 0x8B, 0x81, 0x8A, 0x9B, 0x95, 0x8F, 0x8B, 0x93, 0xA3 ; file 0F9733
db 0xAE, 0xA0, 0x83, 0x75, 0x82, 0x89, 0x87, 0x64, 0x52, 0x68, 0x6C, 0x76, 0x66, 0x60, 0x7C, 0x91 ; file 0F9743
db 0xA3, 0xB2, 0xAB, 0xA3, 0x97, 0x95, 0x8B, 0x74, 0x68, 0x53, 0x52, 0x63, 0x57, 0x58, 0x6B, 0x75 ; file 0F9753
db 0x8B, 0x8C, 0x80, 0x85, 0x98, 0x97, 0x91, 0x8C, 0x8F, 0x9C, 0xAE, 0xA7, 0x8A, 0x78, 0x7E, 0x88 ; file 0F9763
db 0x88, 0x6C, 0x53, 0x66, 0x69, 0x76, 0x68, 0x5D, 0x77, 0x8C, 0xA3, 0xB5, 0xAD, 0xA3, 0x97, 0x94 ; file 0F9773
db 0x8E, 0x78, 0x6D, 0x57, 0x50, 0x5E, 0x58, 0x57, 0x6C, 0x73, 0x89, 0x8C, 0x80, 0x81, 0x93, 0x99 ; file 0F9783
db 0x93, 0x8D, 0x8C, 0x94, 0xAB, 0xAD, 0x92, 0x7E, 0x7B, 0x86, 0x88, 0x72, 0x57, 0x63, 0x66, 0x74 ; file 0F9793
db 0x6B, 0x5A, 0x73, 0x86, 0xA1, 0xB7, 0xB1, 0xA2, 0x97, 0x93, 0x90, 0x7B, 0x72, 0x5C, 0x50, 0x5B ; file 0F97A3
db 0x57, 0x56, 0x6B, 0x72, 0x86, 0x8D, 0x81, 0x7E, 0x8E, 0x99, 0x95, 0x8F, 0x8B, 0x8D, 0xA5, 0xB1 ; file 0F97B3
db 0x9A, 0x84, 0x7A, 0x83, 0x88, 0x78, 0x5C, 0x62, 0x65, 0x70, 0x6E, 0x59, 0x6E, 0x81, 0x9D, 0xB9 ; file 0F97C3
db 0xB6, 0xA4, 0x96, 0x92, 0x91, 0x7F, 0x76, 0x62, 0x52, 0x57, 0x55, 0x55, 0x6A, 0x72, 0x83, 0x8D ; file 0F97D3
db 0x82, 0x7D, 0x89, 0x97, 0x98, 0x91, 0x8B, 0x88, 0x9D, 0xB2, 0xA2, 0x8A, 0x7D, 0x7F, 0x88, 0x7B ; file 0F97E3
db 0x62, 0x62, 0x64, 0x6D, 0x70, 0x59, 0x69, 0x7D, 0x97, 0xB9, 0xBB, 0xA6, 0x96, 0x91, 0x92, 0x81 ; file 0F97F3
db 0x79, 0x67, 0x54, 0x55, 0x53, 0x54, 0x69, 0x73, 0x80, 0x8D, 0x84, 0x7C, 0x84, 0x93, 0x9A, 0x94 ; file 0F9803
db 0x8C, 0x85, 0x94, 0xB1, 0xA9, 0x91, 0x82, 0x7C, 0x86, 0x7D, 0x67, 0x63, 0x63, 0x69, 0x70, 0x5A ; file 0F9813
db 0x64, 0x7A, 0x90, 0xB8, 0xBF, 0xAA, 0x96, 0x8F, 0x92, 0x84, 0x7C, 0x6D, 0x57, 0x55, 0x50, 0x52 ; file 0F9823
db 0x67, 0x74, 0x7E, 0x8B, 0x85, 0x7B, 0x81, 0x8D, 0x9C, 0x96, 0x8E, 0x84, 0x8B, 0xAD, 0xAE, 0x97 ; file 0F9833
db 0x88, 0x7A, 0x84, 0x7E, 0x6C, 0x65, 0x63, 0x65, 0x70, 0x5D, 0x5F, 0x77, 0x88, 0xB4, 0xC3, 0xAF ; file 0F9843
db 0x97, 0x8D, 0x92, 0x85, 0x7E, 0x73, 0x5B, 0x56, 0x4E, 0x4F, 0x65, 0x74, 0x7C, 0x8A, 0x86, 0x7C ; file 0F9853
db 0x7F, 0x88, 0x9B, 0x99, 0x90, 0x85, 0x84, 0xA5, 0xB2, 0x9F, 0x8F, 0x7B, 0x81, 0x7F, 0x6E, 0x6A ; file 0F9863
db 0x64, 0x63, 0x6E, 0x60, 0x5C, 0x74, 0x82, 0xAE, 0xC6, 0xB4, 0x9A, 0x8A, 0x91, 0x86, 0x80, 0x78 ; file 0F9873
db 0x5F, 0x57, 0x4C, 0x4B, 0x62, 0x75, 0x7B, 0x88, 0x86, 0x7C, 0x7E, 0x83, 0x97, 0x9B, 0x92, 0x86 ; file 0F9883
db 0x7E, 0x9C, 0xB3, 0xA5, 0x95, 0x80, 0x7D, 0x80, 0x70, 0x6E, 0x67, 0x60, 0x6B, 0x62, 0x5A, 0x70 ; file 0F9893
db 0x7D, 0xA6, 0xC8, 0xBA, 0x9E, 0x89, 0x90, 0x87, 0x81, 0x7C, 0x65, 0x5A, 0x4D, 0x46, 0x5F, 0x74 ; file 0F98A3
db 0x7B, 0x87, 0x86, 0x7D, 0x7D, 0x80, 0x92, 0x9E, 0x95, 0x89, 0x7C, 0x93, 0xB1, 0xAB, 0x9B, 0x87 ; file 0F98B3
db 0x7A, 0x81, 0x71, 0x71, 0x6B, 0x5F, 0x69, 0x63, 0x5A, 0x6C, 0x79, 0x9E, 0xC7, 0xBF, 0xA3, 0x89 ; file 0F98C3
db 0x8E, 0x88, 0x81, 0x7F, 0x6A, 0x5D, 0x4F, 0x42, 0x5A, 0x74, 0x7B, 0x86, 0x85, 0x7D, 0x7C, 0x7E ; file 0F98D3
db 0x8C, 0x9E, 0x97, 0x8C, 0x7B, 0x8A, 0xAD, 0xAF, 0xA1, 0x8F, 0x79, 0x7F, 0x72, 0x72, 0x71, 0x5E ; file 0F98E3
db 0x66, 0x63, 0x5A, 0x6A, 0x75, 0x95, 0xC4, 0xC3, 0xA9, 0x8A, 0x8B, 0x89, 0x81, 0x82, 0x6F, 0x60 ; file 0F98F3
db 0x52, 0x3F, 0x55, 0x73, 0x7A, 0x86, 0x85, 0x7E, 0x7C, 0x7C, 0x85, 0x9C, 0x9A, 0x90, 0x7C, 0x82 ; file 0F9903
db 0xA5, 0xB2, 0xA8, 0x95, 0x7B, 0x7D, 0x73, 0x72, 0x77, 0x5F, 0x65, 0x62, 0x5A, 0x68, 0x72, 0x8E ; file 0F9913
db 0xBE, 0xC8, 0xAF, 0x8D, 0x88, 0x8A, 0x80, 0x85, 0x74, 0x64, 0x56, 0x3E, 0x4E, 0x71, 0x7A, 0x86 ; file 0F9923
db 0x84, 0x7E, 0x7B, 0x7C, 0x81, 0x98, 0x9D, 0x92, 0x7E, 0x7C, 0x9C, 0xB2, 0xAE, 0x9C, 0x81, 0x7A ; file 0F9933
db 0x74, 0x71, 0x7C, 0x62, 0x63, 0x61, 0x5A, 0x66, 0x6F, 0x88, 0xB7, 0xCA, 0xB6, 0x92, 0x85, 0x89 ; file 0F9943
db 0x80, 0x86, 0x79, 0x68, 0x5B, 0x3F, 0x47, 0x6D, 0x7A, 0x86, 0x84, 0x7E, 0x7B, 0x7C, 0x7D, 0x92 ; file 0F9953
db 0x9F, 0x95, 0x81, 0x79, 0x93, 0xAF, 0xB2, 0xA3, 0x88, 0x78, 0x74, 0x70, 0x80, 0x68, 0x61, 0x60 ; file 0F9963
db 0x59, 0x65, 0x6D, 0x81, 0xAF, 0xCB, 0xBB, 0x98, 0x84, 0x88, 0x7F, 0x85, 0x7D, 0x6C, 0x5F, 0x41 ; file 0F9973
db 0x40, 0x69, 0x79, 0x86, 0x85, 0x7D, 0x7B, 0x7C, 0x7A, 0x8C, 0x9F, 0x98, 0x84, 0x78, 0x8A, 0xA9 ; file 0F9983
db 0xB5, 0xAA, 0x8F, 0x79, 0x73, 0x6E, 0x81, 0x6F, 0x61, 0x5F, 0x56, 0x64, 0x6B, 0x7B, 0xA7, 0xC9 ; file 0F9993
db 0xC0, 0x9F, 0x85, 0x86, 0x7F, 0x84, 0x80, 0x70, 0x65, 0x46, 0x3B, 0x63, 0x79, 0x85, 0x87, 0x7D ; file 0F99A3
db 0x7A, 0x7C, 0x79, 0x86, 0x9C, 0x9B, 0x88, 0x78, 0x84, 0xA1, 0xB5, 0xB1, 0x97, 0x7C, 0x71, 0x6D ; file 0F99B3
db 0x80, 0x77, 0x61, 0x5F, 0x54, 0x63, 0x6B, 0x76, 0xA0, 0xC4, 0xC4, 0xA6, 0x87, 0x85, 0x7F, 0x83 ; file 0F99C3
db 0x83, 0x74, 0x6A, 0x4B, 0x39, 0x5B, 0x78, 0x85, 0x89, 0x7D, 0x79, 0x7D, 0x79, 0x81, 0x98, 0x9E ; file 0F99D3
db 0x8D, 0x79, 0x7F, 0x98, 0xB3, 0xB7, 0x9E, 0x83, 0x70, 0x6B, 0x7E, 0x7E, 0x64, 0x5F, 0x52, 0x60 ; file 0F99E3
db 0x6B, 0x72, 0x9A, 0xBE, 0xC7, 0xAD, 0x8B, 0x84, 0x7E, 0x82, 0x85, 0x77, 0x6F, 0x51, 0x38, 0x53 ; file 0F99F3
db 0x75, 0x83, 0x8B, 0x7E, 0x78, 0x7C, 0x78, 0x7E, 0x92, 0x9F, 0x90, 0x7B, 0x7C, 0x90, 0xAE, 0xBB ; file 0F9A03
db 0xA6, 0x8A, 0x70, 0x6A, 0x7B, 0x83, 0x69, 0x5F, 0x51, 0x5C, 0x6D, 0x6E, 0x93, 0xB8, 0xC7, 0xB3 ; file 0F9A13
db 0x90, 0x84, 0x7D, 0x80, 0x85, 0x7A, 0x73, 0x58, 0x3A, 0x4C, 0x71, 0x82, 0x8C, 0x7F, 0x77, 0x7C ; file 0F9A23
db 0x79, 0x7C, 0x8C, 0x9F, 0x95, 0x7E, 0x7B, 0x88, 0xA7, 0xBC, 0xAE, 0x91, 0x73, 0x67, 0x77, 0x85 ; file 0F9A33
db 0x6F, 0x60, 0x51, 0x57, 0x6D, 0x6C, 0x8D, 0xB3, 0xC5, 0xB8, 0x95, 0x85, 0x7B, 0x7E, 0x86, 0x7D ; file 0F9A43
db 0x77, 0x5F, 0x3D, 0x46, 0x6C, 0x80, 0x8E, 0x82, 0x76, 0x7B, 0x79, 0x7A, 0x87, 0x9B, 0x99, 0x81 ; file 0F9A53
db 0x7B, 0x83, 0x9E, 0xBC, 0xB5, 0x99, 0x79, 0x64, 0x75, 0x86, 0x75, 0x63, 0x51, 0x52, 0x6C, 0x6B ; file 0F9A63
db 0x86, 0xAE, 0xC0, 0xBC, 0x9B, 0x88, 0x7B, 0x7C, 0x85, 0x7E, 0x7A, 0x65, 0x40, 0x43, 0x66, 0x7E ; file 0F9A73
db 0x8E, 0x84, 0x76, 0x7A, 0x7A, 0x79, 0x83, 0x96, 0x9C, 0x84, 0x7C, 0x7F, 0x95, 0xB9, 0xBC, 0xA0 ; file 0F9A83
db 0x81, 0x62, 0x71, 0x86, 0x7A, 0x68, 0x52, 0x4E, 0x6A, 0x6C, 0x80, 0xAA, 0xBB, 0xBF, 0xA1, 0x8C ; file 0F9A93
db 0x7B, 0x79, 0x84, 0x7F, 0x7C, 0x6C, 0x45, 0x41, 0x60, 0x7B, 0x8E, 0x87, 0x77, 0x78, 0x7A, 0x79 ; file 0F9AA3
db 0x7F, 0x90, 0x9E, 0x88, 0x7D, 0x7E, 0x8C, 0xB3, 0xC0, 0xA7, 0x89, 0x63, 0x6D, 0x85, 0x7E, 0x6E ; file 0F9AB3
db 0x53, 0x4B, 0x67, 0x6D, 0x7C, 0xA5, 0xB7, 0xBF, 0xA6, 0x90, 0x7C, 0x76, 0x83, 0x80, 0x7E, 0x72 ; file 0F9AC3
db 0x4B, 0x41, 0x5B, 0x76, 0x8D, 0x89, 0x78, 0x76, 0x7A, 0x78, 0x7D, 0x8B, 0x9C, 0x8C, 0x7F, 0x7E ; file 0F9AD3
db 0x85, 0xAA, 0xC2, 0xAF, 0x91, 0x67, 0x68, 0x84, 0x80, 0x74, 0x56, 0x49, 0x62, 0x6D, 0x78, 0xA0 ; file 0F9AE3
db 0xB3, 0xBC, 0xAB, 0x95, 0x7F, 0x74, 0x82, 0x7F, 0x80, 0x77, 0x51, 0x42, 0x57, 0x70, 0x8C, 0x8B ; file 0F9AF3
db 0x7A, 0x74, 0x79, 0x78, 0x7C, 0x86, 0x98, 0x90, 0x81, 0x7F, 0x80, 0xA1, 0xC2, 0xB6, 0x9A, 0x6E ; file 0F9B03
db 0x63, 0x82, 0x80, 0x7B, 0x5A, 0x47, 0x5D, 0x6D, 0x77, 0x9B, 0xB0, 0xB8, 0xAE, 0x9A, 0x83, 0x72 ; file 0F9B13
db 0x7F, 0x7F, 0x80, 0x7B, 0x57, 0x44, 0x54, 0x6A, 0x89, 0x8C, 0x7C, 0x74, 0x78, 0x78, 0x7B, 0x82 ; file 0F9B23
db 0x93, 0x93, 0x83, 0x80, 0x7E, 0x97, 0xBE, 0xBC, 0xA2, 0x76, 0x60, 0x7F, 0x80, 0x7F, 0x61, 0x46 ; file 0F9B33
db 0x59, 0x6B, 0x76, 0x96, 0xAD, 0xB3, 0xB0, 0x9E, 0x88, 0x72, 0x7D, 0x7F, 0x80, 0x7F, 0x5E, 0x47 ; file 0F9B43
db 0x54, 0x65, 0x86, 0x8D, 0x7E, 0x74, 0x77, 0x77, 0x7B, 0x80, 0x8E, 0x93, 0x86, 0x82, 0x7D, 0x8F ; file 0F9B53
db 0xB7, 0xBF, 0xA9, 0x7F, 0x60, 0x7B, 0x80, 0x81, 0x69, 0x46, 0x56, 0x68, 0x76, 0x93, 0xAA, 0xAF ; file 0F9B63
db 0xAF, 0xA2, 0x8E, 0x73, 0x7A, 0x7F, 0x7F, 0x82, 0x63, 0x4B, 0x54, 0x61, 0x81, 0x8E, 0x80, 0x74 ; file 0F9B73
db 0x76, 0x77, 0x7A, 0x7F, 0x89, 0x92, 0x89, 0x84, 0x7D, 0x88, 0xAF, 0xC1, 0xB1, 0x86, 0x63, 0x76 ; file 0F9B83
db 0x80, 0x82, 0x70, 0x48, 0x52, 0x64, 0x75, 0x91, 0xA7, 0xAC, 0xAC, 0xA5, 0x94, 0x75, 0x77, 0x7E ; file 0F9B93
db 0x7E, 0x84, 0x69, 0x4F, 0x55, 0x5E, 0x7A, 0x8E, 0x82, 0x76, 0x75, 0x75, 0x7A, 0x7E, 0x84, 0x8E ; file 0F9BA3
db 0x8C, 0x86, 0x7E, 0x83, 0xA6, 0xBF, 0xB7, 0x8F, 0x69, 0x71, 0x7F, 0x81, 0x77, 0x4D, 0x50, 0x61 ; file 0F9BB3
db 0x73, 0x90, 0xA4, 0xAA, 0xA8, 0xA6, 0x99, 0x79, 0x75, 0x7C, 0x7D, 0x85, 0x6E, 0x54, 0x58, 0x5E ; file 0F9BC3
db 0x74, 0x8C, 0x83, 0x77, 0x75, 0x74, 0x7A, 0x7D, 0x81, 0x89, 0x8D, 0x89, 0x80, 0x80, 0x9D, 0xBB ; file 0F9BD3
db 0xBD, 0x99, 0x70, 0x6F, 0x7D, 0x80, 0x7C, 0x53, 0x4D, 0x5E, 0x6F, 0x8F, 0xA1, 0xA7, 0xA4, 0xA6 ; file 0F9BE3
db 0x9E, 0x7E, 0x74, 0x7A, 0x7C, 0x85, 0x72, 0x58, 0x5A, 0x5F, 0x6F, 0x89, 0x85, 0x79, 0x75, 0x72 ; file 0F9BF3
db 0x79, 0x7D, 0x7F, 0x84, 0x8C, 0x8C, 0x83, 0x7F, 0x95, 0xB4, 0xBF, 0xA2, 0x76, 0x6F, 0x7B, 0x7F ; file 0F9C03
db 0x7F, 0x5B, 0x4D, 0x5C, 0x6A, 0x8D, 0xA0, 0xA4, 0xA1, 0xA2, 0xA2, 0x83, 0x75, 0x78, 0x7B, 0x85 ; file 0F9C13
db 0x76, 0x5C, 0x5D, 0x61, 0x6B, 0x84, 0x85, 0x7A, 0x76, 0x71, 0x78, 0x7D, 0x7E, 0x80, 0x88, 0x8E ; file 0F9C23
db 0x85, 0x7F, 0x8F, 0xAC, 0xC0, 0xAA, 0x7D, 0x72, 0x77, 0x7E, 0x80, 0x62, 0x4E, 0x5A, 0x66, 0x8A ; file 0F9C33
db 0x9F, 0xA1, 0x9F, 0x9E, 0xA5, 0x89, 0x77, 0x76, 0x79, 0x84, 0x79, 0x60, 0x61, 0x63, 0x69, 0x7F ; file 0F9C43
db 0x85, 0x7B, 0x78, 0x71, 0x77, 0x7D, 0x7E, 0x7E, 0x82, 0x90, 0x88, 0x81, 0x8C, 0xA3, 0xBD, 0xB1 ; file 0F9C53
db 0x85, 0x78, 0x75, 0x7C, 0x80, 0x68, 0x51, 0x59, 0x62, 0x87, 0xA0, 0x9F, 0x9D, 0x99, 0xA6, 0x8F ; file 0F9C63
db 0x7A, 0x76, 0x76, 0x83, 0x7A, 0x63, 0x64, 0x66, 0x68, 0x7A, 0x83, 0x7C, 0x79, 0x71, 0x75, 0x7C ; file 0F9C73
db 0x7D, 0x7C, 0x7D, 0x90, 0x8B, 0x82, 0x8A, 0x9C, 0xB8, 0xB6, 0x8D, 0x7D, 0x75, 0x79, 0x80, 0x6D ; file 0F9C83
db 0x57, 0x58, 0x5F, 0x82, 0xA0, 0x9E, 0x9B, 0x94, 0xA4, 0x94, 0x7E, 0x76, 0x74, 0x81, 0x7B, 0x66 ; file 0F9C93
db 0x67, 0x6B, 0x69, 0x76, 0x80, 0x7C, 0x7A, 0x72, 0x73, 0x7C, 0x7D, 0x7B, 0x79, 0x8D, 0x8E, 0x84 ; file 0F9CA3
db 0x89, 0x96, 0xB0, 0xB9, 0x96, 0x83, 0x79, 0x75, 0x7F, 0x6F, 0x5C, 0x59, 0x5C, 0x7D, 0xA0, 0x9D ; file 0F9CB3
db 0x99, 0x91, 0xA0, 0x98, 0x82, 0x78, 0x72, 0x80, 0x7C, 0x68, 0x6A, 0x6F, 0x6A, 0x73, 0x7C, 0x7C ; file 0F9CC3
db 0x7B, 0x74, 0x72, 0x7B, 0x7D, 0x7B, 0x75, 0x88, 0x91, 0x87, 0x89, 0x92, 0xA8, 0xB9, 0x9D, 0x89 ; file 0F9CD3
db 0x7F, 0x71, 0x7F, 0x70, 0x61, 0x5C, 0x5A, 0x78, 0x9F, 0x9E, 0x96, 0x8E, 0x9B, 0x9A, 0x87, 0x7B ; file 0F9CE3
db 0x70, 0x7D, 0x7C, 0x6A, 0x6C, 0x73, 0x6D, 0x73, 0x77, 0x7B, 0x7C, 0x75, 0x71, 0x79, 0x7D, 0x7B ; file 0F9CF3
db 0x72, 0x82, 0x93, 0x89, 0x8B, 0x8F, 0x9F, 0xB6, 0xA3, 0x90, 0x86, 0x6F, 0x7D, 0x71, 0x65, 0x61 ; file 0F9D03
db 0x59, 0x73, 0x9C, 0xA0, 0x95, 0x8B, 0x95, 0x9B, 0x8C, 0x7F, 0x6F, 0x7A, 0x7D, 0x6B, 0x6D, 0x77 ; file 0F9D13
db 0x70, 0x73, 0x73, 0x79, 0x7C, 0x77, 0x71, 0x77, 0x7D, 0x7B, 0x71, 0x7C, 0x92, 0x8C, 0x8C, 0x8E ; file 0F9D23
db 0x98, 0xB1, 0xA8, 0x96, 0x8D, 0x70, 0x7A, 0x71, 0x67, 0x67, 0x59, 0x6F, 0x97, 0xA1, 0x94, 0x88 ; file 0F9D33
db 0x91, 0x99, 0x90, 0x84, 0x71, 0x77, 0x7D, 0x6B, 0x6F, 0x7B, 0x74, 0x75, 0x70, 0x75, 0x7C, 0x78 ; file 0F9D43
db 0x72, 0x75, 0x7C, 0x7C, 0x70, 0x77, 0x8F, 0x8F, 0x8E, 0x8F, 0x92, 0xA9, 0xA9, 0x9C, 0x94, 0x75 ; file 0F9D53
db 0x76, 0x72, 0x68, 0x6D, 0x5B, 0x6C, 0x93, 0xA2, 0x95, 0x86, 0x8D, 0x96, 0x92, 0x89, 0x73, 0x74 ; file 0F9D63
db 0x7C, 0x6B, 0x6F, 0x7D, 0x78, 0x77, 0x6F, 0x71, 0x7B, 0x7A, 0x73, 0x74, 0x7B, 0x7C, 0x70, 0x73 ; file 0F9D73
db 0x8A, 0x92, 0x8F, 0x90, 0x8E, 0xA1, 0xA9, 0xA2, 0x9B, 0x7A, 0x73, 0x72, 0x67, 0x71, 0x5F, 0x69 ; file 0F9D83
db 0x8D, 0xA1, 0x97, 0x84, 0x8A, 0x91, 0x93, 0x8E, 0x77, 0x72, 0x7A, 0x6B, 0x6E, 0x80, 0x7C, 0x7B ; file 0F9D93
db 0x70, 0x6C, 0x79, 0x7A, 0x74, 0x74, 0x79, 0x7C, 0x70, 0x70, 0x83, 0x92, 0x91, 0x92, 0x8D, 0x9A ; file 0F9DA3
db 0xA5, 0xA5, 0xA2, 0x82, 0x72, 0x71, 0x66, 0x74, 0x64, 0x66, 0x89, 0x9E, 0x99, 0x83, 0x86, 0x8D ; file 0F9DB3
db 0x92, 0x92, 0x7B, 0x71, 0x79, 0x6B, 0x6D, 0x82, 0x80, 0x7E, 0x72, 0x69, 0x75, 0x7B, 0x75, 0x74 ; file 0F9DC3
db 0x78, 0x7C, 0x71, 0x6E, 0x7E, 0x90, 0x93, 0x94, 0x8C, 0x93, 0x9F, 0xA7, 0xA9, 0x89, 0x74, 0x6E ; file 0F9DD3
db 0x65, 0x74, 0x6B, 0x65, 0x86, 0x9B, 0x9B, 0x83, 0x82, 0x8A, 0x8F, 0x95, 0x81, 0x72, 0x77, 0x6C ; file 0F9DE3
db 0x6C, 0x83, 0x83, 0x83, 0x75, 0x67, 0x71, 0x7B, 0x76, 0x75, 0x76, 0x7B, 0x71, 0x6D, 0x7A, 0x8C ; file 0F9DF3
db 0x95, 0x96, 0x8D, 0x8F, 0x97, 0xA6, 0xAF, 0x91, 0x79, 0x6C, 0x65, 0x73, 0x71, 0x66, 0x82, 0x97 ; file 0F9E03
db 0x9B, 0x85, 0x7F, 0x87, 0x89, 0x97, 0x86, 0x74, 0x76, 0x6B, 0x6A, 0x82, 0x87, 0x87, 0x79, 0x67 ; file 0F9E13
db 0x6B, 0x7A, 0x77, 0x76, 0x76, 0x7A, 0x73, 0x6C, 0x76, 0x86, 0x97, 0x98, 0x8F, 0x8D, 0x90, 0xA2 ; file 0F9E23
db 0xB4, 0x9A, 0x7F, 0x6B, 0x63, 0x72, 0x76, 0x69, 0x7F, 0x95, 0x9A, 0x88, 0x7C, 0x84, 0x84, 0x97 ; file 0F9E33
db 0x8B, 0x77, 0x75, 0x6A, 0x69, 0x81, 0x8A, 0x8B, 0x7D, 0x68, 0x67, 0x78, 0x77, 0x77, 0x76, 0x79 ; file 0F9E43
db 0x73, 0x6C, 0x74, 0x81, 0x96, 0x9A, 0x91, 0x8B, 0x89, 0x9C, 0xB6, 0xA2, 0x86, 0x6C, 0x61, 0x70 ; file 0F9E53
db 0x78, 0x6E, 0x7D, 0x92, 0x97, 0x8A, 0x7B, 0x82, 0x80, 0x94, 0x90, 0x7C, 0x76, 0x69, 0x67, 0x7F ; file 0F9E63
db 0x8C, 0x8F, 0x82, 0x6B, 0x63, 0x75, 0x78, 0x78, 0x76, 0x77, 0x73, 0x6C, 0x72, 0x7C, 0x93, 0x9D ; file 0F9E73
db 0x94, 0x8C, 0x84, 0x94, 0xB7, 0xAA, 0x8D, 0x71, 0x5E, 0x6E, 0x7A, 0x73, 0x7C, 0x90, 0x94, 0x8C ; file 0F9E83
db 0x7B, 0x7F, 0x7C, 0x8F, 0x94, 0x80, 0x77, 0x68, 0x65, 0x7D, 0x8E, 0x92, 0x88, 0x6E, 0x61, 0x70 ; file 0F9E93
db 0x77, 0x79, 0x78, 0x76, 0x74, 0x6C, 0x70, 0x78, 0x8D, 0x9F, 0x96, 0x8D, 0x82, 0x8A, 0xB4, 0xB1 ; file 0F9EA3
db 0x94, 0x77, 0x5B, 0x6B, 0x7A, 0x77, 0x7D, 0x8E, 0x92, 0x8D, 0x7B, 0x7C, 0x7A, 0x89, 0x96, 0x84 ; file 0F9EB3
db 0x7B, 0x68, 0x62, 0x7A, 0x8E, 0x94, 0x8E, 0x73, 0x60, 0x6B, 0x76, 0x79, 0x79, 0x76, 0x73, 0x6C ; file 0F9EC3
db 0x70, 0x75, 0x87, 0x9F, 0x99, 0x8F, 0x81, 0x82, 0xAE, 0xB7, 0x9B, 0x80, 0x5B, 0x67, 0x79, 0x7A ; file 0F9ED3
db 0x80, 0x8D, 0x8F, 0x8D, 0x7D, 0x7B, 0x78, 0x83, 0x96, 0x89, 0x7E, 0x6A, 0x60, 0x77, 0x8D, 0x95 ; file 0F9EE3
db 0x92, 0x78, 0x62, 0x66, 0x73, 0x79, 0x7A, 0x76, 0x73, 0x6C, 0x6F, 0x73, 0x81, 0x9E, 0x9C, 0x92 ; file 0F9EF3
db 0x82, 0x7B, 0xA5, 0xBB, 0xA2, 0x88, 0x5E, 0x62, 0x78, 0x7B, 0x84, 0x8C, 0x8E, 0x8B, 0x7E, 0x7A ; file 0F9F03
db 0x76, 0x7E, 0x94, 0x8D, 0x83, 0x6D, 0x5D, 0x73, 0x8C, 0x96, 0x97, 0x7E, 0x64, 0x63, 0x6F, 0x79 ; file 0F9F13
db 0x7B, 0x77, 0x73, 0x6B, 0x6E, 0x72, 0x7B, 0x99, 0x9F, 0x94, 0x85, 0x77, 0x9A, 0xBC, 0xA9, 0x8F ; file 0F9F23
db 0x65, 0x5D, 0x77, 0x7B, 0x88, 0x8D, 0x8D, 0x89, 0x7F, 0x7B, 0x74, 0x7A, 0x8F, 0x90, 0x87, 0x71 ; file 0F9F33
db 0x5C, 0x6F, 0x8A, 0x96, 0x9A, 0x84, 0x68, 0x61, 0x6B, 0x78, 0x7B, 0x78, 0x73, 0x6B, 0x6E, 0x72 ; file 0F9F43
db 0x77, 0x93, 0xA2, 0x96, 0x88, 0x75, 0x8F, 0xBB, 0xAF, 0x98, 0x6D, 0x59, 0x75, 0x7A, 0x8A, 0x90 ; file 0F9F53
db 0x8C, 0x88, 0x7F, 0x7C, 0x73, 0x76, 0x8A, 0x91, 0x8B, 0x76, 0x5B, 0x6B, 0x88, 0x95, 0x9E, 0x8B ; file 0F9F63
db 0x6D, 0x61, 0x66, 0x75, 0x7B, 0x7A, 0x74, 0x6A, 0x6D, 0x71, 0x74, 0x8B, 0xA2, 0x99, 0x8B, 0x74 ; file 0F9F73
db 0x85, 0xB5, 0xB4, 0xA0, 0x76, 0x57, 0x71, 0x79, 0x8B, 0x95, 0x8C, 0x87, 0x7E, 0x7D, 0x73, 0x73 ; file 0F9F83
db 0x84, 0x90, 0x8F, 0x7C, 0x5D, 0x66, 0x85, 0x93, 0xA0, 0x90, 0x73, 0x63, 0x63, 0x72, 0x7C, 0x7B ; file 0F9F93
db 0x75, 0x6A, 0x6C, 0x71, 0x72, 0x85, 0xA1, 0x9C, 0x8F, 0x76, 0x7C, 0xAD, 0xB6, 0xA8, 0x80, 0x59 ; file 0F9FA3
db 0x6C, 0x78, 0x89, 0x9A, 0x8E, 0x86, 0x7C, 0x7D, 0x74, 0x70, 0x80, 0x8D, 0x91, 0x82, 0x60, 0x61 ; file 0F9FB3
db 0x82, 0x91, 0xA1, 0x96, 0x78, 0x65, 0x61, 0x6D, 0x7B, 0x7C, 0x77, 0x69, 0x6A, 0x71, 0x71, 0x7F ; file 0F9FC3
db 0x9C, 0x9F, 0x93, 0x78, 0x76, 0xA4, 0xB6, 0xAE, 0x88, 0x5F, 0x67, 0x77, 0x86, 0x9D, 0x91, 0x85 ; file 0F9FD3
db 0x7A, 0x7D, 0x75, 0x6D, 0x7C, 0x88, 0x92, 0x89, 0x64, 0x5E, 0x7E, 0x90, 0xA1, 0x9A, 0x7E, 0x68 ; file 0F9FE3
db 0x61, 0x67, 0x79, 0x7D, 0x79, 0x6A, 0x69, 0x71, 0x70, 0x7B, 0x96, 0xA1, 0x96, 0x7C, 0x72, 0x99 ; file 0F9FF3
db 0xB4, 0xB3, 0x92, 0x66, 0x63, 0x75, 0x83, 0x9F, 0x96, 0x85, 0x79, 0x7B, 0x78, 0x6B, 0x79, 0x83 ; file 0FA003
db 0x92, 0x8F, 0x6A, 0x5C, 0x79, 0x8E, 0xA0, 0x9E, 0x85, 0x6C, 0x62, 0x63, 0x76, 0x7D, 0x7A, 0x6C ; file 0FA013
db 0x67, 0x70, 0x70, 0x77, 0x90, 0xA1, 0x99, 0x80, 0x71, 0x90, 0xAE, 0xB7, 0x9C, 0x6D, 0x62, 0x72 ; file 0FA023
db 0x80, 0x9F, 0x9C, 0x87, 0x79, 0x77, 0x7A, 0x6A, 0x75, 0x7F, 0x8E, 0x93, 0x71, 0x5B, 0x74, 0x8C ; file 0FA033
db 0x9E, 0xA1, 0x8B, 0x71, 0x64, 0x5F, 0x72, 0x7D, 0x7C, 0x6E, 0x66, 0x6F, 0x71, 0x75, 0x8A, 0x9E ; file 0FA043
db 0x9C, 0x85, 0x71, 0x88, 0xA8, 0xB7, 0xA5, 0x75, 0x63, 0x6E, 0x7D, 0x9D, 0xA3, 0x8A, 0x7A, 0x74 ; file 0FA053
db 0x7B, 0x6B, 0x71, 0x7D, 0x89, 0x96, 0x78, 0x5C, 0x70, 0x89, 0x9B, 0xA3, 0x90, 0x76, 0x67, 0x5D ; file 0FA063
db 0x6D, 0x7C, 0x7C, 0x71, 0x65, 0x6E, 0x71, 0x73, 0x85, 0x9A, 0x9F, 0x89, 0x72, 0x82, 0xA0, 0xB5 ; file 0FA073
db 0xAD, 0x7E, 0x67, 0x6B, 0x7A, 0x99, 0xA8, 0x8F, 0x7A, 0x71, 0x7B, 0x6C, 0x6E, 0x7A, 0x83, 0x97 ; file 0FA083
db 0x7E, 0x5F, 0x6B, 0x86, 0x99, 0xA5, 0x95, 0x7B, 0x6B, 0x5D, 0x67, 0x7A, 0x7D, 0x74, 0x65, 0x6C ; file 0FA093
db 0x71, 0x72, 0x81, 0x95, 0xA0, 0x8F, 0x74, 0x7D, 0x98, 0xB1, 0xB3, 0x87, 0x6C, 0x69, 0x76, 0x95 ; file 0FA0A3
db 0xAB, 0x95, 0x7C, 0x6F, 0x79, 0x6F, 0x6B, 0x78, 0x7E, 0x96, 0x86, 0x63, 0x68, 0x82, 0x96, 0xA4 ; file 0FA0B3
db 0x9A, 0x80, 0x6F, 0x5F, 0x63, 0x77, 0x7D, 0x77, 0x66, 0x69, 0x71, 0x72, 0x7E, 0x8F, 0x9F, 0x94 ; file 0FA0C3
db 0x77, 0x7A, 0x92, 0xA9, 0xB7, 0x92, 0x71, 0x6B, 0x72, 0x91, 0xAC, 0x9D, 0x7E, 0x6E, 0x76, 0x71 ; file 0FA0D3
db 0x69, 0x75, 0x7A, 0x92, 0x8B, 0x68, 0x66, 0x7E, 0x93, 0xA4, 0x9D, 0x85, 0x74, 0x62, 0x5F, 0x72 ; file 0FA0E3
db 0x7D, 0x79, 0x67, 0x67, 0x70, 0x71, 0x7C, 0x8B, 0x9C, 0x98, 0x7A, 0x79, 0x8D, 0xA0, 0xB8, 0x9B ; file 0FA0F3
db 0x77, 0x6F, 0x6D, 0x8D, 0xAC, 0xA4, 0x82, 0x6D, 0x73, 0x73, 0x69, 0x72, 0x77, 0x8B, 0x90, 0x6F ; file 0FA103
db 0x66, 0x7B, 0x8F, 0xA3, 0x9F, 0x8A, 0x78, 0x66, 0x5D, 0x6D, 0x7C, 0x7A, 0x6A, 0x66, 0x6F, 0x71 ; file 0FA113
db 0x7A, 0x87, 0x96, 0x9C, 0x7E, 0x78, 0x8A, 0x98, 0xB6, 0xA4, 0x7D, 0x74, 0x6A, 0x87, 0xA9, 0xA9 ; file 0FA123
db 0x89, 0x6E, 0x70, 0x73, 0x69, 0x6F, 0x74, 0x85, 0x93, 0x74, 0x67, 0x78, 0x8B, 0xA1, 0xA1, 0x8E ; file 0FA133
db 0x7D, 0x6A, 0x5E, 0x68, 0x7A, 0x7C, 0x6C, 0x65, 0x6D, 0x70, 0x78, 0x84, 0x91, 0x9D, 0x83, 0x78 ; file 0FA143
db 0x88, 0x90, 0xB1, 0xAA, 0x84, 0x7A, 0x69, 0x82, 0xA7, 0xAD, 0x91, 0x6F, 0x6D, 0x71, 0x6A, 0x6D ; file 0FA153
db 0x71, 0x7F, 0x93, 0x79, 0x6A, 0x77, 0x86, 0x9F, 0xA1, 0x93, 0x81, 0x6F, 0x5F, 0x63, 0x76, 0x7C ; file 0FA163
db 0x6E, 0x65, 0x6B, 0x70, 0x77, 0x82, 0x8C, 0x9C, 0x87, 0x79, 0x87, 0x8A, 0xA9, 0xAE, 0x8C, 0x7F ; file 0FA173
db 0x6D, 0x7C, 0xA4, 0xAF, 0x99, 0x73, 0x6B, 0x6F, 0x6B, 0x6D, 0x6F, 0x7B, 0x8F, 0x7E, 0x6D, 0x77 ; file 0FA183
db 0x83, 0x9D, 0xA1, 0x96, 0x85, 0x74, 0x62, 0x60, 0x71, 0x7C, 0x70, 0x66, 0x6A, 0x6E, 0x76, 0x81 ; file 0FA193
db 0x87, 0x98, 0x8C, 0x7A, 0x87, 0x86, 0xA0, 0xAF, 0x93, 0x85, 0x72, 0x75, 0xA0, 0xAF, 0xA1, 0x77 ; file 0FA1A3
db 0x6A, 0x6D, 0x6B, 0x6D, 0x6D, 0x77, 0x8B, 0x81, 0x70, 0x78, 0x80, 0x9A, 0xA1, 0x98, 0x89, 0x7A ; file 0FA1B3
db 0x65, 0x60, 0x6C, 0x7B, 0x72, 0x68, 0x69, 0x6D, 0x75, 0x80, 0x84, 0x93, 0x90, 0x7C, 0x87, 0x84 ; file 0FA1C3
db 0x97, 0xAD, 0x99, 0x8B, 0x79, 0x72, 0x9C, 0xAF, 0xA6, 0x7D, 0x69, 0x6B, 0x69, 0x6E, 0x6B, 0x73 ; file 0FA1D3
db 0x86, 0x83, 0x74, 0x7A, 0x7F, 0x96, 0xA1, 0x99, 0x8D, 0x7F, 0x69, 0x60, 0x68, 0x79, 0x74, 0x69 ; file 0FA1E3
db 0x69, 0x6B, 0x74, 0x7F, 0x82, 0x8E, 0x91, 0x7E, 0x88, 0x84, 0x8F, 0xA8, 0x9E, 0x92, 0x80, 0x71 ; file 0FA1F3
db 0x96, 0xAE, 0xA9, 0x87, 0x69, 0x6A, 0x66, 0x6E, 0x6A, 0x6F, 0x81, 0x82, 0x77, 0x7C, 0x7F, 0x91 ; file 0FA203
db 0xA1, 0x9A, 0x8F, 0x84, 0x6E, 0x62, 0x64, 0x75, 0x75, 0x6A, 0x6A, 0x6A, 0x72, 0x7E, 0x81, 0x89 ; file 0FA213
db 0x90, 0x81, 0x88, 0x85, 0x88, 0xA1, 0xA0, 0x97, 0x87, 0x74, 0x8F, 0xAD, 0xAA, 0x8F, 0x6B, 0x69 ; file 0FA223
db 0x64, 0x6D, 0x6B, 0x6C, 0x7D, 0x7F, 0x79, 0x7F, 0x81, 0x8E, 0x9F, 0x9A, 0x91, 0x88, 0x73, 0x65 ; file 0FA233
db 0x62, 0x70, 0x75, 0x6B, 0x6B, 0x69, 0x70, 0x7E, 0x80, 0x85, 0x8C, 0x83, 0x89, 0x88, 0x84, 0x99 ; file 0FA243
db 0x9F, 0x9C, 0x8E, 0x78, 0x89, 0xAB, 0xAB, 0x96, 0x6F, 0x68, 0x61, 0x6C, 0x6C, 0x69, 0x7A, 0x7C ; file 0FA253
db 0x7A, 0x81, 0x83, 0x8B, 0x9D, 0x9A, 0x92, 0x8C, 0x78, 0x68, 0x62, 0x6B, 0x75, 0x6C, 0x6C, 0x69 ; file 0FA263
db 0x6F, 0x7D, 0x80, 0x82, 0x88, 0x85, 0x8A, 0x8B, 0x82, 0x92, 0x9B, 0x9F, 0x96, 0x7E, 0x86, 0xA8 ; file 0FA273
db 0xAB, 0x9C, 0x75, 0x68, 0x5F, 0x69, 0x6E, 0x67, 0x77, 0x78, 0x78, 0x84, 0x87, 0x89, 0x9B, 0x9A ; file 0FA283
db 0x92, 0x8F, 0x7D, 0x6D, 0x64, 0x66, 0x72, 0x6C, 0x6D, 0x6A, 0x6D, 0x7C, 0x80, 0x80, 0x83, 0x83 ; file 0FA293
db 0x8C, 0x8D, 0x81, 0x8C, 0x95, 0xA1, 0x9E, 0x84, 0x86, 0xA4, 0xAA, 0x9F, 0x7C, 0x69, 0x5F, 0x64 ; file 0FA2A3
db 0x6F, 0x66, 0x73, 0x76, 0x75, 0x85, 0x8C, 0x89, 0x98, 0x9A, 0x92, 0x91, 0x81, 0x71, 0x66, 0x63 ; file 0FA2B3
db 0x6F, 0x6D, 0x6D, 0x6B, 0x6B, 0x7A, 0x80, 0x7F, 0x80, 0x80, 0x8D, 0x90, 0x82, 0x87, 0x8E, 0x9F ; file 0FA2C3
db 0xA4, 0x8B, 0x8A, 0x9F, 0xAA, 0xA0, 0x83, 0x6C, 0x5E, 0x61, 0x6F, 0x66, 0x70, 0x74, 0x70, 0x86 ; file 0FA2D3
db 0x90, 0x8B, 0x96, 0x98, 0x91, 0x92, 0x85, 0x76, 0x69, 0x63, 0x6A, 0x6C, 0x6E, 0x6D, 0x6A, 0x78 ; file 0FA2E3
db 0x80, 0x7F, 0x7E, 0x7B, 0x8E, 0x93, 0x83, 0x85, 0x86, 0x9C, 0xAA, 0x92, 0x8F, 0x9C, 0xA8, 0xA1 ; file 0FA2F3
db 0x89, 0x71, 0x5E, 0x5D, 0x6D, 0x67, 0x6D, 0x72, 0x6C, 0x84, 0x94, 0x8E, 0x94, 0x96, 0x91, 0x92 ; file 0FA303
db 0x89, 0x7A, 0x6D, 0x63, 0x66, 0x6A, 0x6E, 0x6E, 0x6A, 0x76, 0x80, 0x7F, 0x7D, 0x77, 0x8C, 0x96 ; file 0FA313
db 0x85, 0x84, 0x80, 0x95, 0xAD, 0x9A, 0x94, 0x9B, 0xA6, 0xA1, 0x8D, 0x77, 0x5E, 0x5B, 0x6A, 0x69 ; file 0FA323
db 0x6B, 0x70, 0x68, 0x81, 0x97, 0x91, 0x94, 0x94, 0x91, 0x92, 0x8D, 0x7F, 0x71, 0x65, 0x63, 0x66 ; file 0FA333
db 0x6D, 0x6F, 0x6A, 0x73, 0x7F, 0x7F, 0x7C, 0x73, 0x88, 0x99, 0x88, 0x84, 0x7B, 0x8C, 0xAE, 0xA1 ; file 0FA343
db 0x99, 0x9D, 0xA2, 0xA2, 0x8F, 0x7D, 0x61, 0x59, 0x67, 0x69, 0x6A, 0x6E, 0x65, 0x7B, 0x99, 0x95 ; file 0FA353
db 0x96, 0x92, 0x90, 0x91, 0x8F, 0x82, 0x76, 0x68, 0x61, 0x62, 0x6C, 0x70, 0x6B, 0x72, 0x7E, 0x7E ; file 0FA363
db 0x7C, 0x70, 0x82, 0x9C, 0x8B, 0x85, 0x78, 0x82, 0xAD, 0xA7, 0x9E, 0xA2, 0x9F, 0xA1, 0x90, 0x83 ; file 0FA373
db 0x65, 0x57, 0x64, 0x69, 0x6A, 0x6C, 0x62, 0x75, 0x9A, 0x99, 0x99, 0x92, 0x8E, 0x90, 0x91, 0x86 ; file 0FA383
db 0x7A, 0x6B, 0x61, 0x5D, 0x6B, 0x71, 0x6D, 0x71, 0x7D, 0x7E, 0x7C, 0x6D, 0x7B, 0x9D, 0x8E, 0x87 ; file 0FA393
db 0x78, 0x79, 0xA8, 0xAC, 0xA4, 0xA8, 0x9E, 0xA0, 0x90, 0x87, 0x6C, 0x56, 0x61, 0x67, 0x6A, 0x6A ; file 0FA3A3
db 0x60, 0x6F, 0x98, 0x9C, 0x9C, 0x92, 0x8C, 0x8F, 0x91, 0x89, 0x7F, 0x6F, 0x63, 0x5A, 0x67, 0x71 ; file 0FA3B3
db 0x6E, 0x70, 0x7B, 0x7E, 0x7C, 0x6D, 0x75, 0x9B, 0x91, 0x8A, 0x78, 0x73, 0xA0, 0xAF, 0xAA, 0xAD ; file 0FA3C3
db 0x9F, 0x9D, 0x91, 0x8A, 0x73, 0x57, 0x5E, 0x64, 0x6B, 0x6A, 0x5E, 0x69, 0x94, 0x9F, 0xA0, 0x93 ; file 0FA3D3
db 0x8A, 0x8E, 0x91, 0x8C, 0x83, 0x74, 0x65, 0x57, 0x63, 0x71, 0x6F, 0x71, 0x7A, 0x7D, 0x7D, 0x6C ; file 0FA3E3
db 0x70, 0x97, 0x94, 0x8C, 0x7A, 0x6E, 0x96, 0xB0, 0xB0, 0xB3, 0xA4, 0x9A, 0x91, 0x8B, 0x7A, 0x59 ; file 0FA3F3
db 0x5C, 0x61, 0x6A, 0x6B, 0x5C, 0x65, 0x8D, 0xA1, 0xA4, 0x96, 0x88, 0x8C, 0x90, 0x8D, 0x87, 0x79 ; file 0FA403
db 0x68, 0x56, 0x5E, 0x70, 0x70, 0x71, 0x78, 0x7C, 0x7D, 0x6D, 0x6C, 0x91, 0x97, 0x8F, 0x7C, 0x6B ; file 0FA413
db 0x8D, 0xAE, 0xB4, 0xB9, 0xAA, 0x97, 0x90, 0x8A, 0x80, 0x5D, 0x5B, 0x5E, 0x68, 0x6C, 0x5A, 0x61 ; file 0FA423
db 0x86, 0xA2, 0xA8, 0x99, 0x87, 0x89, 0x90, 0x8E, 0x8A, 0x7E, 0x6C, 0x58, 0x58, 0x6E, 0x70, 0x72 ; file 0FA433
db 0x78, 0x7B, 0x7D, 0x6E, 0x69, 0x8A, 0x98, 0x91, 0x7F, 0x69, 0x83, 0xA8, 0xB7, 0xBF, 0xB2, 0x98 ; file 0FA443
db 0x8F, 0x89, 0x84, 0x63, 0x5A, 0x5C, 0x65, 0x6D, 0x59, 0x5D, 0x80, 0xA0, 0xAB, 0x9E, 0x88, 0x86 ; file 0FA453
db 0x8F, 0x8E, 0x8D, 0x83, 0x71, 0x5A, 0x54, 0x6A, 0x70, 0x73, 0x78, 0x79, 0x7D, 0x6F, 0x66, 0x84 ; file 0FA463
db 0x96, 0x94, 0x83, 0x69, 0x7B, 0xA1, 0xB8, 0xC5, 0xB8, 0x9B, 0x8C, 0x88, 0x86, 0x6A, 0x5B, 0x5A ; file 0FA473
db 0x61, 0x6E, 0x5A, 0x59, 0x7B, 0x9B, 0xAD, 0xA3, 0x8A, 0x83, 0x8E, 0x8D, 0x90, 0x87, 0x76, 0x5D ; file 0FA483
db 0x51, 0x66, 0x70, 0x73, 0x79, 0x78, 0x7C, 0x70, 0x65, 0x7F, 0x93, 0x96, 0x86, 0x6B, 0x76, 0x98 ; file 0FA493
db 0xB6, 0xCA, 0xBF, 0xA1, 0x89, 0x87, 0x87, 0x71, 0x5D, 0x59, 0x5E, 0x6E, 0x5C, 0x55, 0x76, 0x96 ; file 0FA4A3
db 0xAE, 0xA8, 0x8E, 0x81, 0x8C, 0x8C, 0x90, 0x8B, 0x7B, 0x62, 0x51, 0x60, 0x6F, 0x73, 0x7A, 0x78 ; file 0FA4B3
db 0x7B, 0x71, 0x64, 0x7A, 0x8E, 0x98, 0x8A, 0x6E, 0x72, 0x8F, 0xB2, 0xCE, 0xC7, 0xA8, 0x88, 0x85 ; file 0FA4C3
db 0x88, 0x76, 0x62, 0x59, 0x5A, 0x6C, 0x5E, 0x52, 0x71, 0x90, 0xAD, 0xAD, 0x93, 0x81, 0x89, 0x8C ; file 0FA4D3
db 0x90, 0x8E, 0x80, 0x67, 0x52, 0x5B, 0x6C, 0x73, 0x7B, 0x78, 0x7A, 0x72, 0x64, 0x77, 0x89, 0x97 ; file 0FA4E3
db 0x8F, 0x70, 0x70, 0x87, 0xAB, 0xCF, 0xCE, 0xB0, 0x8A, 0x82, 0x87, 0x79, 0x67, 0x59, 0x58, 0x69 ; file 0FA4F3
db 0x60, 0x50, 0x6C, 0x8A, 0xAA, 0xB1, 0x98, 0x81, 0x86, 0x8B, 0x90, 0x91, 0x84, 0x6C, 0x54, 0x57 ; file 0FA503
db 0x69, 0x73, 0x7C, 0x79, 0x78, 0x73, 0x64, 0x74, 0x84, 0x94, 0x93, 0x74, 0x6F, 0x81, 0xA2, 0xCF ; file 0FA513
db 0xD5, 0xB7, 0x90, 0x7E, 0x87, 0x7B, 0x6E, 0x5B, 0x56, 0x65, 0x62, 0x50, 0x67, 0x85, 0xA4, 0xB4 ; file 0FA523
db 0x9E, 0x83, 0x84, 0x89, 0x8F, 0x92, 0x88, 0x72, 0x57, 0x54, 0x64, 0x71, 0x7C, 0x7B, 0x77, 0x73 ; file 0FA533
db 0x64, 0x71, 0x81, 0x8F, 0x96, 0x78, 0x6F, 0x7E, 0x98, 0xCB, 0xDB, 0xBF, 0x98, 0x7B, 0x86, 0x7C ; file 0FA543
db 0x73, 0x60, 0x54, 0x62, 0x63, 0x51, 0x62, 0x81, 0x9E, 0xB5, 0xA3, 0x87, 0x82, 0x87, 0x8E, 0x93 ; file 0FA553
db 0x8C, 0x78, 0x5B, 0x54, 0x5F, 0x6F, 0x7C, 0x7C, 0x77, 0x73, 0x65, 0x6F, 0x7F, 0x88, 0x97, 0x7B ; file 0FA563
db 0x6F, 0x7C, 0x8F, 0xC4, 0xDF, 0xC7, 0xA0, 0x7B, 0x83, 0x7C, 0x76, 0x65, 0x54, 0x5F, 0x62, 0x52 ; file 0FA573
db 0x5E, 0x7E, 0x97, 0xB4, 0xA8, 0x8C, 0x82, 0x84, 0x8C, 0x93, 0x90, 0x7D, 0x5F, 0x55, 0x5A, 0x6C ; file 0FA583
db 0x7B, 0x7E, 0x77, 0x73, 0x65, 0x6D, 0x7D, 0x82, 0x97, 0x80, 0x70, 0x7A, 0x86, 0xBB, 0xE1, 0xCF ; file 0FA593
db 0xA9, 0x7D, 0x80, 0x7D, 0x77, 0x6C, 0x54, 0x5C, 0x60, 0x54, 0x5B, 0x79, 0x91, 0xB1, 0xAD, 0x92 ; file 0FA5A3
db 0x83, 0x82, 0x8B, 0x92, 0x92, 0x83, 0x65, 0x56, 0x58, 0x67, 0x7A, 0x7F, 0x78, 0x72, 0x65, 0x6C ; file 0FA5B3
db 0x7C, 0x7E, 0x94, 0x84, 0x72, 0x7B, 0x80, 0xB0, 0xE0, 0xD7, 0xB1, 0x83, 0x7C, 0x7D, 0x78, 0x73 ; file 0FA5C3
db 0x57, 0x5A, 0x5E, 0x54, 0x5A, 0x75, 0x8C, 0xAC, 0xB0, 0x97, 0x85, 0x80, 0x88, 0x91, 0x93, 0x87 ; file 0FA5D3
db 0x6B, 0x59, 0x56, 0x62, 0x78, 0x7F, 0x7A, 0x73, 0x65, 0x6A, 0x7B, 0x7A, 0x8F, 0x88, 0x73, 0x7B ; file 0FA5E3
db 0x7D, 0xA4, 0xDC, 0xDC, 0xBA, 0x8B, 0x79, 0x7C, 0x77, 0x78, 0x5C, 0x58, 0x5D, 0x54, 0x59, 0x72 ; file 0FA5F3
db 0x87, 0xA6, 0xB1, 0x9D, 0x89, 0x80, 0x85, 0x90, 0x94, 0x8C, 0x70, 0x5D, 0x57, 0x5C, 0x75, 0x80 ; file 0FA603
db 0x7B, 0x74, 0x64, 0x68, 0x7B, 0x78, 0x89, 0x8B, 0x75, 0x7C, 0x7B, 0x9A, 0xD5, 0xE1, 0xC2, 0x94 ; file 0FA613
db 0x79, 0x7B, 0x76, 0x7B, 0x62, 0x57, 0x5B, 0x52, 0x58, 0x6E, 0x83, 0xA1, 0xB0, 0xA2, 0x8E, 0x80 ; file 0FA623
db 0x82, 0x8F, 0x93, 0x90, 0x75, 0x61, 0x59, 0x58, 0x70, 0x80, 0x7D, 0x75, 0x64, 0x66, 0x7A, 0x77 ; file 0FA633
db 0x83, 0x8B, 0x78, 0x7D, 0x7B, 0x91, 0xCC, 0xE3, 0xCB, 0x9D, 0x7C, 0x78, 0x75, 0x7C, 0x6A, 0x57 ; file 0FA643
db 0x5B, 0x50, 0x57, 0x6C, 0x7E, 0x9C, 0xAD, 0xA6, 0x93, 0x83, 0x80, 0x8D, 0x93, 0x92, 0x7B, 0x65 ; file 0FA653
db 0x5B, 0x56, 0x6B, 0x7F, 0x7D, 0x77, 0x65, 0x64, 0x79, 0x76, 0x7F, 0x88, 0x7B, 0x7E, 0x7C, 0x8A ; file 0FA663
db 0xC1, 0xE3, 0xD3, 0xA5, 0x82, 0x76, 0x74, 0x7C, 0x70, 0x5A, 0x5A, 0x4E, 0x55, 0x6B, 0x7A, 0x97 ; file 0FA673
db 0xA8, 0xA8, 0x97, 0x86, 0x7E, 0x8A, 0x92, 0x93, 0x80, 0x6A, 0x5E, 0x56, 0x65, 0x7E, 0x7E, 0x7A ; file 0FA683
db 0x66, 0x62, 0x78, 0x77, 0x7C, 0x84, 0x7D, 0x7F, 0x7E, 0x85, 0xB6, 0xDF, 0xD9, 0xAF, 0x89, 0x75 ; file 0FA693
db 0x73, 0x7A, 0x75, 0x5E, 0x5A, 0x4D, 0x51, 0x6A, 0x77, 0x92, 0xA4, 0xA9, 0x9B, 0x8B, 0x7D, 0x87 ; file 0FA6A3
db 0x91, 0x94, 0x84, 0x6F, 0x62, 0x57, 0x5F, 0x7A, 0x7F, 0x7B, 0x69, 0x5F, 0x76, 0x78, 0x79, 0x80 ; file 0FA6B3
db 0x7D, 0x80, 0x80, 0x82, 0xAC, 0xD9, 0xDD, 0xB9, 0x90, 0x78, 0x70, 0x79, 0x79, 0x64, 0x5A, 0x4D ; file 0FA6C3
db 0x4D, 0x68, 0x75, 0x8D, 0xA0, 0xA8, 0x9F, 0x90, 0x7E, 0x83, 0x90, 0x93, 0x88, 0x73, 0x66, 0x59 ; file 0FA6D3
db 0x5B, 0x76, 0x7F, 0x7D, 0x6C, 0x5E, 0x73, 0x79, 0x77, 0x7D, 0x7B, 0x81, 0x82, 0x81, 0xA4, 0xD1 ; file 0FA6E3
db 0xDF, 0xC2, 0x98, 0x7D, 0x6E, 0x77, 0x7A, 0x6A, 0x5C, 0x4E, 0x49, 0x66, 0x74, 0x87, 0x9D, 0xA5 ; file 0FA6F3
db 0xA2, 0x95, 0x80, 0x81, 0x8E, 0x93, 0x8C, 0x77, 0x6B, 0x5C, 0x58, 0x70, 0x7F, 0x7E, 0x6F, 0x5D ; file 0FA703
db 0x70, 0x7A, 0x76, 0x7B, 0x78, 0x81, 0x85, 0x80, 0x9D, 0xC8, 0xDE, 0xCB, 0xA0, 0x84, 0x6C, 0x75 ; file 0FA713
db 0x7B, 0x6F, 0x60, 0x4F, 0x46, 0x62, 0x74, 0x82, 0x99, 0xA0, 0xA3, 0x9A, 0x84, 0x7F, 0x8B, 0x92 ; file 0FA723
db 0x8E, 0x7B, 0x6F, 0x60, 0x57, 0x6A, 0x7D, 0x7E, 0x73, 0x5D, 0x6C, 0x7A, 0x75, 0x7A, 0x75, 0x80 ; file 0FA733
db 0x88, 0x81, 0x97, 0xBE, 0xDA, 0xD2, 0xA8, 0x8C, 0x6D, 0x72, 0x7B, 0x73, 0x65, 0x50, 0x43, 0x5C ; file 0FA743
db 0x74, 0x7E, 0x96, 0x9D, 0xA2, 0x9E, 0x89, 0x7E, 0x88, 0x91, 0x90, 0x7E, 0x73, 0x64, 0x58, 0x64 ; file 0FA753
db 0x7A, 0x7E, 0x76, 0x5E, 0x68, 0x7A, 0x75, 0x79, 0x72, 0x7D, 0x8B, 0x82, 0x94, 0xB7, 0xD4, 0xD6 ; file 0FA763
db 0xB1, 0x93, 0x70, 0x6E, 0x7A, 0x75, 0x6B, 0x53, 0x42, 0x56, 0x74, 0x7C, 0x93, 0x99, 0xA0, 0xA1 ; file 0FA773
db 0x8F, 0x7F, 0x85, 0x90, 0x90, 0x81, 0x76, 0x69, 0x5A, 0x60, 0x76, 0x7E, 0x78, 0x61, 0x64, 0x7A ; file 0FA783
db 0x75, 0x78, 0x70, 0x78, 0x8D, 0x84, 0x91, 0xB0, 0xCC, 0xD8, 0xB9, 0x9B, 0x77, 0x6A, 0x79, 0x75 ; file 0FA793
db 0x70, 0x58, 0x41, 0x50, 0x72, 0x7A, 0x8F, 0x97, 0x9B, 0xA3, 0x94, 0x82, 0x82, 0x8D, 0x90, 0x83 ; file 0FA7A3
db 0x79, 0x6E, 0x5D, 0x5E, 0x71, 0x7D, 0x7A, 0x64, 0x62, 0x78, 0x75, 0x78, 0x6F, 0x72, 0x8D, 0x86 ; file 0FA7B3
db 0x8F, 0xAC, 0xC4, 0xD6, 0xBF, 0xA2, 0x7F, 0x67, 0x77, 0x76, 0x74, 0x5E, 0x42, 0x4B, 0x6F, 0x7A ; file 0FA7C3
db 0x8B, 0x95, 0x97, 0xA3, 0x99, 0x85, 0x81, 0x8B, 0x90, 0x85, 0x7C, 0x73, 0x61, 0x5D, 0x6C, 0x7B ; file 0FA7D3
db 0x7C, 0x67, 0x60, 0x76, 0x75, 0x78, 0x6F, 0x6D, 0x8B, 0x89, 0x8F, 0xA9, 0xBD, 0xD2, 0xC5, 0xA9 ; file 0FA7E3
db 0x87, 0x67, 0x74, 0x75, 0x76, 0x66, 0x43, 0x47, 0x6A, 0x7A, 0x88, 0x92, 0x93, 0xA1, 0x9E, 0x8A ; file 0FA7F3
db 0x81, 0x88, 0x90, 0x86, 0x7E, 0x77, 0x65, 0x5E, 0x68, 0x77, 0x7D, 0x6A, 0x5F, 0x73, 0x75, 0x77 ; file 0FA803
db 0x6F, 0x68, 0x87, 0x8C, 0x8E, 0xA6, 0xB7, 0xCB, 0xC9, 0xB0, 0x90, 0x6B, 0x70, 0x75, 0x76, 0x6D ; file 0FA813
db 0x46, 0x43, 0x65, 0x79, 0x86, 0x90, 0x91, 0x9C, 0xA1, 0x8F, 0x82, 0x85, 0x8F, 0x87, 0x80, 0x7B ; file 0FA823
db 0x6A, 0x60, 0x65, 0x72, 0x7D, 0x6D, 0x60, 0x71, 0x74, 0x77, 0x70, 0x64, 0x81, 0x8F, 0x8E, 0xA5 ; file 0FA833
db 0xB3, 0xC4, 0xCA, 0xB7, 0x99, 0x71, 0x6C, 0x75, 0x76, 0x74, 0x4C, 0x40, 0x5F, 0x77, 0x85, 0x8D ; file 0FA843
db 0x8F, 0x97, 0xA3, 0x94, 0x85, 0x83, 0x8D, 0x88, 0x81, 0x7E, 0x6F, 0x62, 0x64, 0x6E, 0x7C, 0x6F ; file 0FA853
db 0x60, 0x6F, 0x74, 0x76, 0x72, 0x62, 0x79, 0x90, 0x8F, 0xA4, 0xB1, 0xBC, 0xC8, 0xBC, 0xA2, 0x79 ; file 0FA863
db 0x6A, 0x73, 0x75, 0x78, 0x53, 0x3E, 0x5A, 0x74, 0x85, 0x8B, 0x8C, 0x92, 0xA3, 0x98, 0x89, 0x83 ; file 0FA873
db 0x8A, 0x88, 0x81, 0x81, 0x74, 0x66, 0x65, 0x69, 0x79, 0x72, 0x61, 0x6D, 0x73, 0x75, 0x73, 0x61 ; file 0FA883
db 0x73, 0x8F, 0x90, 0xA3, 0xB0, 0xB6, 0xC4, 0xBF, 0xAA, 0x80, 0x6B, 0x71, 0x73, 0x7B, 0x5C, 0x3E ; file 0FA893
db 0x55, 0x70, 0x84, 0x8B, 0x8A, 0x8D, 0xA0, 0x9C, 0x8E, 0x83, 0x87, 0x88, 0x81, 0x83, 0x79, 0x6A ; file 0FA8A3
db 0x66, 0x67, 0x75, 0x74, 0x63, 0x6C, 0x73, 0x74, 0x74, 0x62, 0x6C, 0x8C, 0x91, 0xA2, 0xB0, 0xB2 ; file 0FA8B3
db 0xBD, 0xC0, 0xB2, 0x88, 0x6E, 0x6E, 0x72, 0x7B, 0x65, 0x40, 0x50, 0x6C, 0x82, 0x8B, 0x88, 0x89 ; file 0FA8C3
db 0x9B, 0x9F, 0x93, 0x86, 0x84, 0x88, 0x80, 0x83, 0x7C, 0x6E, 0x68, 0x65, 0x70, 0x75, 0x64, 0x6B ; file 0FA8D3
db 0x73, 0x73, 0x75, 0x63, 0x67, 0x86, 0x92, 0xA2, 0xB1, 0xAF, 0xB7, 0xBF, 0xB9, 0x92, 0x74, 0x6C ; file 0FA8E3
db 0x70, 0x7A, 0x6C, 0x45, 0x4D, 0x68, 0x7F, 0x8C, 0x86, 0x86, 0x96, 0xA0, 0x97, 0x89, 0x83, 0x87 ; file 0FA8F3
db 0x80, 0x84, 0x80, 0x72, 0x6B, 0x66, 0x6B, 0x74, 0x65, 0x6B, 0x73, 0x71, 0x76, 0x64, 0x63, 0x80 ; file 0FA903
db 0x92, 0xA2, 0xB2, 0xAE, 0xB0, 0xBB, 0xBD, 0x9B, 0x7A, 0x6B, 0x6E, 0x79, 0x71, 0x4B, 0x4A, 0x65 ; file 0FA913
db 0x7B, 0x8D, 0x85, 0x83, 0x91, 0x9F, 0x9A, 0x8E, 0x83, 0x85, 0x7F, 0x83, 0x83, 0x76, 0x6E, 0x67 ; file 0FA923
db 0x67, 0x72, 0x66, 0x6A, 0x74, 0x6F, 0x76, 0x66, 0x60, 0x7B, 0x8F, 0xA2, 0xB3, 0xAF, 0xAB, 0xB4 ; file 0FA933
db 0xC0, 0xA4, 0x81, 0x6E, 0x6B, 0x78, 0x74, 0x52, 0x49, 0x61, 0x76, 0x8D, 0x85, 0x80, 0x8C, 0x9B ; file 0FA943
db 0x9E, 0x92, 0x84, 0x83, 0x7E, 0x82, 0x85, 0x7A, 0x72, 0x6A, 0x64, 0x6F, 0x67, 0x6A, 0x75, 0x6E ; file 0FA953
db 0x75, 0x67, 0x5E, 0x76, 0x8A, 0xA2, 0xB5, 0xB0, 0xA8, 0xAD, 0xBF, 0xAC, 0x88, 0x74, 0x68, 0x76 ; file 0FA963
db 0x76, 0x59, 0x4A, 0x5F, 0x71, 0x8C, 0x86, 0x7E, 0x88, 0x97, 0x9F, 0x97, 0x87, 0x82, 0x7D, 0x80 ; file 0FA973
db 0x86, 0x7D, 0x77, 0x6D, 0x64, 0x6A, 0x66, 0x69, 0x77, 0x6D, 0x74, 0x69, 0x5D, 0x72, 0x84, 0xA2 ; file 0FA983
db 0xB5, 0xB2, 0xA7, 0xA5, 0xBC, 0xB3, 0x90, 0x7A, 0x66, 0x73, 0x77, 0x5F, 0x4E, 0x5D, 0x6E, 0x89 ; file 0FA993
db 0x88, 0x7C, 0x85, 0x92, 0x9F, 0x9B, 0x8C, 0x81, 0x7B, 0x7F, 0x87, 0x80, 0x7A, 0x71, 0x65, 0x66 ; file 0FA9A3
db 0x65, 0x68, 0x78, 0x6E, 0x73, 0x6A, 0x5D, 0x6F, 0x7E, 0xA0, 0xB7, 0xB4, 0xA7, 0x9F, 0xB6, 0xB7 ; file 0FA9B3
db 0x98, 0x81, 0x67, 0x70, 0x77, 0x63, 0x52, 0x5C, 0x6A, 0x85, 0x8A, 0x7B, 0x81, 0x8E, 0x9C, 0x9F ; file 0FA9C3
db 0x91, 0x82, 0x7A, 0x7E, 0x86, 0x83, 0x7E, 0x76, 0x67, 0x63, 0x62, 0x67, 0x78, 0x6F, 0x71, 0x6B ; file 0FA9D3
db 0x5C, 0x6C, 0x7A, 0x9B, 0xB8, 0xB7, 0xA8, 0x9A, 0xAE, 0xBA, 0x9F, 0x88, 0x6B, 0x6B, 0x77, 0x65 ; file 0FA9E3
db 0x58, 0x5C, 0x68, 0x80, 0x8B, 0x7C, 0x7D, 0x8A, 0x98, 0xA1, 0x95, 0x85, 0x78, 0x7C, 0x85, 0x85 ; file 0FA9F3
db 0x81, 0x7A, 0x6A, 0x62, 0x5E, 0x65, 0x78, 0x70, 0x70, 0x6B, 0x5C, 0x6B, 0x76, 0x94, 0xB9, 0xBA ; file 0FAA03
db 0xAA, 0x98, 0xA5, 0xB9, 0xA5, 0x8F, 0x71, 0x68, 0x76, 0x66, 0x5C, 0x5F, 0x65, 0x7D, 0x8A, 0x7D ; file 0FAA13
db 0x7A, 0x86, 0x93, 0xA2, 0x9A, 0x89, 0x78, 0x7A, 0x85, 0x86, 0x84, 0x7F, 0x6D, 0x62, 0x5B, 0x63 ; file 0FAA23
db 0x78, 0x72, 0x6F, 0x6B, 0x5C, 0x69, 0x73, 0x8C, 0xB9, 0xBC, 0xAC, 0x97, 0x9D, 0xB5, 0xAB, 0x97 ; file 0FAA33
db 0x78, 0x66, 0x74, 0x66, 0x5F, 0x62, 0x64, 0x79, 0x88, 0x7F, 0x78, 0x83, 0x8D, 0xA1, 0x9E, 0x8D ; file 0FAA43
db 0x78, 0x77, 0x83, 0x86, 0x87, 0x84, 0x72, 0x64, 0x57, 0x5F, 0x78, 0x74, 0x70, 0x6A, 0x5C, 0x68 ; file 0FAA53
db 0x71, 0x85, 0xB6, 0xBF, 0xAF, 0x98, 0x96, 0xAF, 0xAE, 0x9E, 0x80, 0x67, 0x71, 0x67, 0x61, 0x68 ; file 0FAA63
db 0x64, 0x76, 0x84, 0x81, 0x77, 0x80, 0x89, 0x9E, 0xA2, 0x93, 0x7A, 0x74, 0x82, 0x85, 0x89, 0x88 ; file 0FAA73
db 0x76, 0x67, 0x56, 0x5A, 0x77, 0x76, 0x70, 0x6A, 0x5C, 0x67, 0x70, 0x80, 0xB1, 0xC2, 0xB2, 0x99 ; file 0FAA83
db 0x91, 0xA8, 0xAE, 0xA5, 0x87, 0x6B, 0x6E, 0x67, 0x60, 0x6C, 0x66, 0x73, 0x81, 0x81, 0x77, 0x7D ; file 0FAA93
db 0x85, 0x99, 0xA4, 0x97, 0x7D, 0x72, 0x80, 0x84, 0x8A, 0x8C, 0x7C, 0x6A, 0x56, 0x55, 0x75, 0x77 ; file 0FAAA3
db 0x72, 0x6A, 0x5B, 0x65, 0x6F, 0x7B, 0xAA, 0xC4, 0xB5, 0x9C, 0x8E, 0x9F, 0xAC, 0xAA, 0x8F, 0x72 ; file 0FAAB3
db 0x6B, 0x66, 0x60, 0x70, 0x6A, 0x71, 0x7E, 0x80, 0x78, 0x7B, 0x81, 0x93, 0xA4, 0x9C, 0x82, 0x71 ; file 0FAAC3
db 0x7D, 0x84, 0x8A, 0x8F, 0x81, 0x6E, 0x57, 0x50, 0x71, 0x78, 0x73, 0x6B, 0x5B, 0x64, 0x6F, 0x78 ; file 0FAAD3
db 0xA3, 0xC4, 0xB9, 0x9F, 0x8C, 0x98, 0xA7, 0xAE, 0x98, 0x78, 0x6B, 0x65, 0x5E, 0x72, 0x6F, 0x70 ; file 0FAAE3
db 0x7C, 0x7E, 0x79, 0x79, 0x7E, 0x8E, 0xA2, 0x9F, 0x87, 0x72, 0x7A, 0x83, 0x89, 0x91, 0x85, 0x73 ; file 0FAAF3
db 0x5A, 0x4C, 0x6D, 0x79, 0x74, 0x6D, 0x5A, 0x63, 0x6F, 0x75, 0x9C, 0xC2, 0xBC, 0xA3, 0x8D, 0x92 ; file 0FAB03
db 0xA0, 0xB0, 0xA0, 0x7F, 0x6E, 0x62, 0x5E, 0x72, 0x75, 0x70, 0x7A, 0x7B, 0x7A, 0x78, 0x7B, 0x89 ; file 0FAB13
db 0x9F, 0xA3, 0x8D, 0x73, 0x77, 0x81, 0x87, 0x92, 0x8A, 0x78, 0x5E, 0x4A, 0x67, 0x79, 0x75, 0x6F ; file 0FAB23
db 0x5A, 0x60, 0x6F, 0x73, 0x96, 0xBD, 0xBF, 0xA7, 0x8E, 0x8F, 0x98, 0xAE, 0xA7, 0x86, 0x73, 0x60 ; file 0FAB33
db 0x5C, 0x70, 0x7B, 0x72, 0x79, 0x78, 0x79, 0x79, 0x78, 0x85, 0x99, 0xA5, 0x93, 0x76, 0x75, 0x7F ; file 0FAB43
db 0x86, 0x93, 0x8E, 0x7D, 0x63, 0x49, 0x60, 0x78, 0x75, 0x71, 0x5A, 0x5E, 0x6F, 0x72, 0x90, 0xB8 ; file 0FAB53
db 0xC1, 0xAB, 0x90, 0x8C, 0x91, 0xAA, 0xAD, 0x8E, 0x79, 0x60, 0x5A, 0x6E, 0x7F, 0x76, 0x78, 0x76 ; file 0FAB63
db 0x77, 0x7A, 0x76, 0x81, 0x94, 0xA4, 0x98, 0x7A, 0x74, 0x7D, 0x85, 0x92, 0x92, 0x81, 0x68, 0x4B ; file 0FAB73
db 0x5A, 0x75, 0x75, 0x73, 0x5B, 0x5B, 0x6E, 0x71, 0x8C, 0xB1, 0xC1, 0xAF, 0x93, 0x8C, 0x8A, 0xA4 ; file 0FAB83
db 0xB1, 0x96, 0x80, 0x62, 0x57, 0x6C, 0x81, 0x7B, 0x78, 0x75, 0x75, 0x7B, 0x75, 0x7E, 0x8F, 0xA1 ; file 0FAB93
db 0x9C, 0x7F, 0x74, 0x7A, 0x83, 0x92, 0x94, 0x86, 0x6D, 0x4D, 0x55, 0x72, 0x75, 0x75, 0x5D, 0x59 ; file 0FABA3
db 0x6D, 0x71, 0x89, 0xAC, 0xBE, 0xB2, 0x95, 0x8C, 0x85, 0x9B, 0xB2, 0x9D, 0x87, 0x67, 0x54, 0x6A ; file 0FABB3
db 0x81, 0x81, 0x7A, 0x74, 0x71, 0x7B, 0x75, 0x7B, 0x8B, 0x9D, 0xA0, 0x84, 0x76, 0x78, 0x81, 0x90 ; file 0FABC3
db 0x96, 0x8A, 0x73, 0x50, 0x52, 0x6D, 0x74, 0x76, 0x60, 0x57, 0x6C, 0x70, 0x86, 0xA8, 0xBA, 0xB6 ; file 0FABD3
db 0x98, 0x8E, 0x82, 0x92, 0xB0, 0xA4, 0x8E, 0x6E, 0x51, 0x66, 0x80, 0x85, 0x7D, 0x73, 0x6F, 0x79 ; file 0FABE3
db 0x76, 0x78, 0x87, 0x98, 0xA2, 0x8A, 0x79, 0x77, 0x7F, 0x8F, 0x96, 0x8E, 0x79, 0x55, 0x51, 0x68 ; file 0FABF3
db 0x72, 0x77, 0x63, 0x56, 0x6A, 0x6F, 0x84, 0xA4, 0xB5, 0xB8, 0x9C, 0x90, 0x81, 0x89, 0xAB, 0xA8 ; file 0FAC03
db 0x96, 0x77, 0x50, 0x62, 0x7E, 0x88, 0x83, 0x73, 0x6D, 0x77, 0x78, 0x75, 0x83, 0x93, 0xA1, 0x8F ; file 0FAC13
db 0x7D, 0x77, 0x7C, 0x8D, 0x97, 0x91, 0x7F, 0x5A, 0x51, 0x64, 0x6E, 0x77, 0x66, 0x56, 0x68, 0x6E ; file 0FAC23
db 0x82, 0xA1, 0xB0, 0xB7, 0xA0, 0x92, 0x82, 0x82, 0xA4, 0xAB, 0x9D, 0x7F, 0x53, 0x5D, 0x7D, 0x89 ; file 0FAC33
db 0x89, 0x74, 0x6B, 0x73, 0x79, 0x74, 0x80, 0x8F, 0x9E, 0x93, 0x81, 0x78, 0x79, 0x8B, 0x96, 0x94 ; file 0FAC43
db 0x84, 0x60, 0x52, 0x61, 0x6A, 0x77, 0x68, 0x57, 0x66, 0x6D, 0x80, 0x9F, 0xAC, 0xB4, 0xA3, 0x94 ; file 0FAC53
db 0x84, 0x7C, 0x9C, 0xAC, 0xA3, 0x86, 0x59, 0x58, 0x7B, 0x89, 0x90, 0x78, 0x6A, 0x6F, 0x79, 0x74 ; file 0FAC63
db 0x7C, 0x8B, 0x9A, 0x96, 0x86, 0x7B, 0x77, 0x87, 0x95, 0x95, 0x89, 0x67, 0x54, 0x60, 0x66, 0x76 ; file 0FAC73
db 0x6A, 0x58, 0x64, 0x6C, 0x7D, 0x9D, 0xA9, 0xB0, 0xA7, 0x97, 0x87, 0x7A, 0x92, 0xA9, 0xA8, 0x8F ; file 0FAC83
db 0x61, 0x54, 0x78, 0x87, 0x94, 0x7D, 0x6A, 0x6C, 0x77, 0x75, 0x79, 0x87, 0x95, 0x97, 0x8B, 0x7E ; file 0FAC93
db 0x76, 0x84, 0x94, 0x95, 0x8D, 0x6D, 0x57, 0x60, 0x61, 0x73, 0x6C, 0x59, 0x63, 0x6A, 0x7B, 0x9B ; file 0FACA3
db 0xA7, 0xAC, 0xA8, 0x9A, 0x8A, 0x79, 0x8B, 0xA4, 0xAC, 0x98, 0x69, 0x53, 0x73, 0x85, 0x96, 0x83 ; file 0FACB3
db 0x6A, 0x6A, 0x75, 0x76, 0x77, 0x83, 0x90, 0x96, 0x8E, 0x83, 0x76, 0x80, 0x93, 0x95, 0x90, 0x73 ; file 0FACC3
db 0x5B, 0x61, 0x5E, 0x70, 0x6E, 0x5B, 0x62, 0x69, 0x78, 0x99, 0xA5, 0xA8, 0xA7, 0x9D, 0x8E, 0x79 ; file 0FACD3
db 0x84, 0x9D, 0xAC, 0xA1, 0x72, 0x55, 0x6E, 0x83, 0x96, 0x8B, 0x6D, 0x68, 0x71, 0x76, 0x77, 0x80 ; file 0FACE3
db 0x8D, 0x93, 0x91, 0x87, 0x78, 0x7D, 0x91, 0x95, 0x93, 0x78, 0x5F, 0x62, 0x5C, 0x6B, 0x6F, 0x5C ; file 0FACF3
db 0x62, 0x68, 0x76, 0x96, 0xA5, 0xA5, 0xA4, 0x9F, 0x92, 0x7B, 0x7F, 0x95, 0xAB, 0xA8, 0x7B, 0x5A ; file 0FAD03
db 0x68, 0x81, 0x95, 0x92, 0x71, 0x66, 0x6E, 0x75, 0x77, 0x7D, 0x89, 0x8F, 0x92, 0x8C, 0x7B, 0x7A ; file 0FAD13
db 0x8E, 0x94, 0x94, 0x7D, 0x63, 0x64, 0x5C, 0x65, 0x6F, 0x5D, 0x62, 0x67, 0x72, 0x93, 0xA4, 0xA3 ; file 0FAD23
db 0xA1, 0xA1, 0x95, 0x7D, 0x7D, 0x8D, 0xA6, 0xAD, 0x83, 0x60, 0x64, 0x7E, 0x93, 0x96, 0x78, 0x65 ; file 0FAD33
db 0x6C, 0x73, 0x78, 0x7A, 0x85, 0x8B, 0x92, 0x90, 0x7F, 0x79, 0x8B, 0x93, 0x94, 0x83, 0x68, 0x67 ; file 0FAD43
db 0x5F, 0x60, 0x6E, 0x5F, 0x62, 0x68, 0x6F, 0x90, 0xA4, 0xA2, 0x9E, 0xA0, 0x99, 0x80, 0x7B, 0x86 ; file 0FAD53
db 0x9F, 0xB0, 0x8E, 0x66, 0x64, 0x7A, 0x90, 0x9A, 0x7F, 0x66, 0x6A, 0x70, 0x78, 0x79, 0x82, 0x87 ; file 0FAD63
db 0x8F, 0x93, 0x84, 0x79, 0x87, 0x92, 0x94, 0x87, 0x6C, 0x69, 0x62, 0x5C, 0x6B, 0x60, 0x61, 0x69 ; file 0FAD73
db 0x6C, 0x8C, 0xA3, 0xA1, 0x9B, 0x9D, 0x9C, 0x84, 0x7B, 0x81, 0x96, 0xB1, 0x98, 0x6D, 0x66, 0x76 ; file 0FAD83
db 0x8D, 0x9B, 0x87, 0x68, 0x68, 0x6D, 0x78, 0x79, 0x7F, 0x85, 0x8A, 0x95, 0x89, 0x7B, 0x84, 0x91 ; file 0FAD93
db 0x93, 0x8A, 0x70, 0x6C, 0x66, 0x5A, 0x67, 0x61, 0x60, 0x6A, 0x6A, 0x88, 0xA3, 0xA1, 0x99, 0x98 ; file 0FADA3
db 0x9F, 0x88, 0x7C, 0x7E, 0x8D, 0xAE, 0xA0, 0x74, 0x6A, 0x72, 0x8A, 0x9A, 0x8E, 0x6D, 0x67, 0x6A ; file 0FADB3
db 0x76, 0x7A, 0x7C, 0x82, 0x85, 0x95, 0x8E, 0x7E, 0x81, 0x8F, 0x93, 0x8D, 0x74, 0x6F, 0x6A, 0x5A ; file 0FADC3
db 0x63, 0x60, 0x5F, 0x6B, 0x69, 0x83, 0xA2, 0xA2, 0x98, 0x93, 0xA0, 0x8C, 0x7D, 0x7D, 0x85, 0xA9 ; file 0FADD3
db 0xA6, 0x7C, 0x6E, 0x71, 0x85, 0x9A, 0x92, 0x73, 0x66, 0x68, 0x73, 0x7A, 0x7A, 0x80, 0x80, 0x93 ; file 0FADE3
db 0x93, 0x81, 0x80, 0x8C, 0x92, 0x8F, 0x77, 0x71, 0x6F, 0x5C, 0x5F, 0x5F, 0x5E, 0x6C, 0x69, 0x7F ; file 0FADF3
db 0xA0, 0xA2, 0x99, 0x8F, 0x9E, 0x91, 0x7F, 0x7D, 0x7F, 0xA1, 0xAA, 0x84, 0x72, 0x72, 0x80, 0x98 ; file 0FAE03
db 0x95, 0x7A, 0x67, 0x67, 0x6F, 0x7B, 0x79, 0x7E, 0x7D, 0x8F, 0x96, 0x86, 0x81, 0x89, 0x91, 0x8F ; file 0FAE13
db 0x7B, 0x73, 0x73, 0x5E, 0x5D, 0x5C, 0x5D, 0x6C, 0x69, 0x7A, 0x9D, 0xA3, 0x99, 0x8C, 0x9A, 0x95 ; file 0FAE23
db 0x81, 0x7E, 0x7B, 0x97, 0xAC, 0x8D, 0x77, 0x75, 0x7B, 0x96, 0x96, 0x81, 0x6A, 0x65, 0x6C, 0x7A ; file 0FAE33
db 0x7A, 0x7C, 0x7B, 0x89, 0x98, 0x8B, 0x82, 0x87, 0x8F, 0x90, 0x7E, 0x75, 0x78, 0x62, 0x5C, 0x5A ; file 0FAE43
db 0x5B, 0x6B, 0x6A, 0x77, 0x9A, 0xA3, 0x9A, 0x8A, 0x95, 0x98, 0x83, 0x80, 0x79, 0x8D, 0xAA, 0x94 ; file 0FAE53
db 0x7C, 0x7A, 0x77, 0x93, 0x97, 0x87, 0x6E, 0x65, 0x69, 0x77, 0x7B, 0x7A, 0x79, 0x83, 0x98, 0x90 ; file 0FAE63
db 0x85, 0x86, 0x8C, 0x90, 0x80, 0x77, 0x7C, 0x66, 0x5D, 0x57, 0x58, 0x6A, 0x6C, 0x74, 0x96, 0xA3 ; file 0FAE73
db 0x9B, 0x8A, 0x8F, 0x9A, 0x87, 0x81, 0x78, 0x84, 0xA5, 0x99, 0x81, 0x7F, 0x76, 0x8E, 0x97, 0x8B ; file 0FAE83
db 0x74, 0x65, 0x66, 0x74, 0x7C, 0x79, 0x77, 0x7D, 0x96, 0x93, 0x89, 0x86, 0x89, 0x90, 0x81, 0x78 ; file 0FAE93
db 0x7F, 0x6C, 0x5F, 0x56, 0x54, 0x69, 0x6D, 0x73, 0x92, 0xA3, 0x9D, 0x8A, 0x8A, 0x98, 0x8A, 0x84 ; file 0FAEA3
db 0x7A, 0x7E, 0x9E, 0x9D, 0x88, 0x84, 0x79, 0x89, 0x96, 0x8E, 0x7A, 0x68, 0x64, 0x70, 0x7C, 0x79 ; file 0FAEB3
db 0x75, 0x7A, 0x91, 0x96, 0x8D, 0x88, 0x87, 0x8F, 0x83, 0x79, 0x82, 0x72, 0x62, 0x56, 0x50, 0x66 ; file 0FAEC3
db 0x6E, 0x72, 0x8E, 0xA2, 0x9E, 0x8C, 0x86, 0x95, 0x8E, 0x86, 0x7C, 0x79, 0x96, 0x9E, 0x8E, 0x89 ; file 0FAED3
db 0x7E, 0x84, 0x95, 0x8F, 0x80, 0x6B, 0x62, 0x6C, 0x7B, 0x7A, 0x74, 0x76, 0x8B, 0x97, 0x91, 0x8B ; file 0FAEE3
db 0x85, 0x8D, 0x84, 0x79, 0x83, 0x78, 0x65, 0x57, 0x4C, 0x63, 0x6F, 0x71, 0x8A, 0xA0, 0x9F, 0x8E ; file 0FAEF3
db 0x83, 0x91, 0x90, 0x88, 0x7E, 0x77, 0x8D, 0x9B, 0x92, 0x8F, 0x84, 0x80, 0x94, 0x90, 0x84, 0x71 ; file 0FAF03
db 0x62, 0x69, 0x78, 0x7B, 0x73, 0x73, 0x84, 0x97, 0x94, 0x8E, 0x85, 0x8B, 0x86, 0x79, 0x84, 0x7D ; file 0FAF13
db 0x69, 0x5A, 0x49, 0x5E, 0x6F, 0x71, 0x87, 0x9E, 0x9F, 0x90, 0x81, 0x8C, 0x90, 0x8A, 0x81, 0x76 ; file 0FAF23
db 0x86, 0x97, 0x94, 0x94, 0x8B, 0x81, 0x90, 0x90, 0x87, 0x78, 0x63, 0x67, 0x74, 0x7C, 0x73, 0x70 ; file 0FAF33
db 0x7F, 0x94, 0x97, 0x92, 0x87, 0x88, 0x86, 0x79, 0x84, 0x82, 0x6D, 0x5E, 0x48, 0x57, 0x6F, 0x70 ; file 0FAF43
db 0x85, 0x9C, 0x9F, 0x92, 0x81, 0x88, 0x8D, 0x8D, 0x84, 0x77, 0x81, 0x91, 0x95, 0x98, 0x91, 0x83 ; file 0FAF53
db 0x8D, 0x90, 0x88, 0x7E, 0x65, 0x65, 0x71, 0x7C, 0x75, 0x6E, 0x7B, 0x8F, 0x98, 0x96, 0x8A, 0x85 ; file 0FAF63
db 0x86, 0x79, 0x83, 0x86, 0x71, 0x62, 0x48, 0x51, 0x6E, 0x70, 0x83, 0x9A, 0x9F, 0x95, 0x81, 0x84 ; file 0FAF73
db 0x8A, 0x8E, 0x88, 0x78, 0x7D, 0x8A, 0x92, 0x9C, 0x98, 0x89, 0x8A, 0x8F, 0x88, 0x83, 0x6A, 0x63 ; file 0FAF83
db 0x6D, 0x7A, 0x77, 0x6C, 0x77, 0x89, 0x98, 0x99, 0x8E, 0x84, 0x86, 0x79, 0x82, 0x8B, 0x76, 0x66 ; file 0FAF93
db 0x4B, 0x4A, 0x6B, 0x70, 0x82, 0x99, 0x9E, 0x96, 0x81, 0x82, 0x85, 0x8E, 0x8B, 0x7B, 0x7B, 0x83 ; file 0FAFA3
db 0x8E, 0x9D, 0x9E, 0x8F, 0x89, 0x8E, 0x88, 0x86, 0x71, 0x63, 0x6B, 0x77, 0x79, 0x6B, 0x74, 0x84 ; file 0FAFB3
db 0x96, 0x9C, 0x92, 0x84, 0x84, 0x79, 0x7F, 0x8E, 0x7A, 0x6B, 0x4F, 0x45, 0x66, 0x70, 0x80, 0x98 ; file 0FAFC3
db 0x9D, 0x97, 0x83, 0x80, 0x81, 0x8B, 0x8E, 0x7D, 0x7A, 0x7F, 0x87, 0x9D, 0xA5, 0x94, 0x8C, 0x8B ; file 0FAFD3
db 0x88, 0x87, 0x78, 0x64, 0x69, 0x74, 0x7A, 0x6B, 0x70, 0x80, 0x92, 0x9E, 0x96, 0x85, 0x82, 0x79 ; file 0FAFE3
db 0x7D, 0x8F, 0x7E, 0x70, 0x53, 0x43, 0x60, 0x6E, 0x7E, 0x97, 0x9B, 0x97, 0x83, 0x7F, 0x7F, 0x85 ; file 0FAFF3
db 0x90, 0x80, 0x7A, 0x7C, 0x7F, 0x98, 0xA7, 0x98, 0x90, 0x87, 0x86, 0x86, 0x7E, 0x68, 0x68, 0x71 ; file 0FB003
db 0x7A, 0x6D, 0x6E, 0x7D, 0x8B, 0x9C, 0x99, 0x89, 0x81, 0x78, 0x7B, 0x8F, 0x81, 0x76, 0x5C, 0x47 ; file 0FB013
db 0x5D, 0x6E, 0x7C, 0x94, 0x99, 0x94, 0x85, 0x7F, 0x7D, 0x80, 0x90, 0x82, 0x7B, 0x7B, 0x78, 0x91 ; file 0FB023
db 0xA7, 0x9B, 0x93, 0x85, 0x85, 0x85, 0x82, 0x6E, 0x68, 0x70, 0x7A, 0x70, 0x6D, 0x7A, 0x85, 0x99 ; file 0FB033
db 0x9A, 0x8B, 0x81, 0x79, 0x7A, 0x8D, 0x84, 0x7B, 0x64, 0x4C, 0x5B, 0x6D, 0x7B, 0x92, 0x96, 0x92 ; file 0FB043
db 0x85, 0x7E, 0x7C, 0x7B, 0x8D, 0x85, 0x7D, 0x7C, 0x75, 0x89, 0xA5, 0x9E, 0x96, 0x86, 0x82, 0x83 ; file 0FB053
db 0x84, 0x75, 0x6B, 0x6F, 0x78, 0x74, 0x6D, 0x78, 0x81, 0x93, 0x9A, 0x8E, 0x83, 0x79, 0x79, 0x8A ; file 0FB063
db 0x87, 0x7E, 0x6B, 0x54, 0x5B, 0x6C, 0x7A, 0x90, 0x95, 0x90, 0x85, 0x7E, 0x7D, 0x79, 0x89, 0x87 ; file 0FB073
db 0x7E, 0x7D, 0x73, 0x82, 0xA0, 0xA0, 0x98, 0x89, 0x80, 0x82, 0x85, 0x7A, 0x6E, 0x6F, 0x76, 0x76 ; file 0FB083
db 0x6F, 0x76, 0x7E, 0x8D, 0x99, 0x90, 0x84, 0x79, 0x77, 0x88, 0x88, 0x81, 0x72, 0x5B, 0x5D, 0x6B ; file 0FB093
db 0x79, 0x8D, 0x94, 0x8E, 0x85, 0x7E, 0x7D, 0x78, 0x85, 0x89, 0x80, 0x7E, 0x73, 0x7B, 0x9A, 0xA0 ; file 0FB0A3
db 0x99, 0x8C, 0x7E, 0x81, 0x84, 0x7E, 0x72, 0x71, 0x75, 0x76, 0x71, 0x75, 0x7D, 0x88, 0x96, 0x90 ; file 0FB0B3
db 0x85, 0x7A, 0x77, 0x85, 0x87, 0x82, 0x78, 0x63, 0x62, 0x6C, 0x78, 0x89, 0x91, 0x8C, 0x84, 0x7E ; file 0FB0C3
db 0x7D, 0x78, 0x81, 0x88, 0x81, 0x80, 0x76, 0x78, 0x92, 0x9B, 0x97, 0x8D, 0x7F, 0x80, 0x83, 0x80 ; file 0FB0D3
db 0x78, 0x74, 0x77, 0x78, 0x75, 0x77, 0x7C, 0x83, 0x90, 0x8E, 0x86, 0x7C, 0x78, 0x83, 0x86, 0x83 ; file 0FB0E3
db 0x7C, 0x6C, 0x69, 0x6F, 0x78, 0x86, 0x8D, 0x89, 0x83, 0x7F, 0x7E, 0x7A, 0x7E, 0x85, 0x82, 0x80 ; file 0FB0F3
db 0x79, 0x77, 0x89, 0x94, 0x93, 0x8C, 0x80, 0x7E, 0x82, 0x81, 0x7C, 0x77, 0x78, 0x79, 0x79, 0x79 ; file 0FB103
db 0x7C, 0x80, 0x8A, 0x8B, 0x86, 0x7E, 0x7A, 0x81, 0x83, 0x82, 0x7F, 0x76, 0x74, 0x76, 0x7B, 0x82 ; file 0FB113
db 0x86, 0x84, 0x81, 0x7F, 0x7F, 0x7D, 0x7E, 0x81, 0x80, 0x80, 0x7E, 0x7D, 0x81, 0x83, 0x82, 0x81 ; file 0FB123
db 0x80, 0x7F, 0x80, 0x80, 0x79, 0x7D ; file 0FB133
