; Resource 'csnd', ID 230; name '023 Tango Accordion (C2)'; payload 27167 bytes
; MacBinary file offsets 05BE17–062839 (inclusive).
; Linear CODE decoding is provisional: embedded data can decode as instructions.
db 0x00, 0x00, 0x6A, 0x1F, 0x00, 0x00, 0x78, 0x0C, 0xFF, 0x00, 0x02, 0xFE, 0x00, 0x00, 0x01, 0x7F ; file 05BE17
db 0xD0, 0xDB, 0xB0, 0x00, 0x0F, 0xFF, 0x0E, 0xF2, 0x1F, 0xFA, 0x00, 0x77, 0xEF, 0x6F, 0x45, 0xE6 ; file 05BE27
db 0xEF, 0x0F, 0xF0, 0x17, 0x60, 0x89, 0x7F, 0x00, 0x76, 0xE0, 0xAA, 0x3C, 0x44, 0x01, 0x0F, 0xFF ; file 05BE37
db 0xFB, 0x00, 0xFF, 0x1F, 0xFF, 0xFE, 0xFF, 0xFD, 0xFD, 0xFF, 0x7F, 0x00, 0x01, 0x02, 0x03, 0x02 ; file 05BE47
db 0x03, 0x03, 0x0F, 0xED, 0x3A, 0x0F, 0xC5, 0xFF, 0x0F, 0xFB, 0x00, 0xFF, 0xFE, 0x2F, 0xE7, 0x0F ; file 05BE57
db 0xEB, 0xD7, 0x04, 0x03, 0x02, 0x1F, 0xF0, 0xFF, 0x0F, 0xEE, 0xFC, 0xFA, 0x8F, 0xFD, 0x01, 0x04 ; file 05BE67
db 0x04, 0x0F, 0xEF, 0x0F, 0xDC, 0x0F, 0xE5, 0x01, 0x77, 0xFE, 0xFB, 0xFC, 0x0F, 0xBC, 0x00, 0x01 ; file 05BE77
db 0x03, 0x0F, 0xBA, 0xFF, 0x02, 0x05, 0x05, 0x04, 0x04, 0x02, 0xFF, 0xFC, 0xFD, 0xFD, 0x0F, 0xFE ; file 05BE87
db 0xFC, 0xFC, 0xF8, 0xF6, 0xFC, 0x01, 0xFF, 0x07, 0x06, 0x05, 0x07, 0x08, 0x08, 0x04, 0xFD, 0xEF ; file 05BE97
db 0xFD, 0x00, 0x04, 0x03, 0x0F, 0xEC, 0x04, 0x02, 0xFC, 0xFF, 0xFA, 0xFA, 0xFF, 0xFA, 0xF6, 0xFD ; file 05BEA7
db 0x05, 0x0A, 0xFF, 0x08, 0x07, 0x09, 0x02, 0x02, 0xFD, 0x01, 0x03, 0xFF, 0xFB, 0xFD, 0xFC, 0xFB ; file 05BEB7
db 0xF5, 0xEF, 0xFA, 0x04, 0xFF, 0x0E, 0x07, 0x06, 0x06, 0x07, 0x05, 0xFE, 0xF8, 0xFF, 0x00, 0x07 ; file 05BEC7
db 0x0C, 0x01, 0xF5, 0xF2, 0xF6, 0x04, 0xFF, 0xFE, 0xF9, 0x00, 0x04, 0x08, 0xFF, 0xF2, 0x00, 0xFF ; file 05BED7
db 0x0A, 0x0D, 0x0C, 0x07, 0x0A, 0x03, 0xFE, 0xF7, 0xFF, 0xF8, 0xFC, 0xF5, 0xF9, 0xF8, 0xF6, 0xF3 ; file 05BEE7
db 0xE7, 0xFF, 0xF9, 0x06, 0x0E, 0x0A, 0x07, 0x0E, 0x14, 0x0F, 0xFF, 0x06, 0xF7, 0xFF, 0x00, 0x08 ; file 05BEF7
db 0x04, 0xF8, 0xFA, 0xFF, 0xF9, 0x0A, 0x01, 0xF6, 0xF7, 0xF7, 0xFF, 0xF7, 0xFF, 0xEB, 0xFF, 0x08 ; file 05BF07
db 0x0E, 0x0C, 0x0B, 0x12, 0x02, 0xFF, 0x04, 0xFB, 0x03, 0x05, 0xF6, 0xFD, 0xF9, 0xFA, 0xFF, 0xF0 ; file 05BF17
db 0xE4, 0xF8, 0x04, 0x12, 0x0B, 0x08, 0x0C, 0xFF, 0x0A, 0x08, 0xFE, 0xF6, 0xFF, 0x09, 0x11, 0x03 ; file 05BF27
db 0xFF, 0xF2, 0xEB, 0xF2, 0x02, 0xFE, 0xF5, 0x01, 0x03, 0xFF, 0x0C, 0x01, 0xEE, 0xFD, 0x0B, 0x13 ; file 05BF37
db 0x12, 0x0B, 0xFF, 0x0E, 0x06, 0xFF, 0xF6, 0xF4, 0xF9, 0xF2, 0xF4, 0xFF, 0xF6, 0xF3, 0xEF, 0xE3 ; file 05BF47
db 0xF0, 0x04, 0x10, 0x0F, 0xFF, 0x0A, 0x10, 0x18, 0x15, 0x0C, 0xFB, 0xFA, 0x00, 0xFF, 0x08, 0x07 ; file 05BF57
db 0xFA, 0xF7, 0xF8, 0x05, 0x06, 0xF7, 0xFF, 0xF6, 0xF4, 0xFC, 0xF8, 0xED, 0xF5, 0x06, 0x0E, 0xFF ; file 05BF67
db 0x0F, 0x0D, 0x13, 0x08, 0x05, 0xFD, 0x00, 0x05, 0xFF, 0xFC, 0xF8, 0xFB, 0xF8, 0xF4, 0xE6, 0xED ; file 05BF77
db 0xFF, 0xFF, 0x0E, 0x0F, 0x0B, 0x0B, 0x0B, 0x0A, 0x02, 0xFA, 0xFF, 0xF9, 0x05, 0x0E, 0x0B, 0xF9 ; file 05BF87
db 0xEE, 0xED, 0xFB, 0xFF, 0xFF, 0xFA, 0xFC, 0x00, 0x0B, 0x04, 0xF8, 0xF4, 0xFF, 0x05, 0x10, 0x13 ; file 05BF97
db 0x0D, 0x0E, 0x09, 0x05, 0xF7, 0xFF, 0xF6, 0xF6, 0xF6, 0xF3, 0xF6, 0xF2, 0xF4, 0xE6, 0xFF, 0xEB ; file 05BFA7
db 0xF8, 0x0D, 0x0E, 0x0F, 0x0A, 0x15, 0x16, 0xFF, 0x13, 0x01, 0xFB, 0xFD, 0x04, 0x07, 0x01, 0xF9 ; file 05BFB7
db 0xDF, 0xF5, 0x02, 0x01, 0x03, 0xF4, 0x0F, 0x3D, 0xF5, 0xF0, 0xFF, 0xFE, 0x0B, 0x0E, 0x0E, 0x11 ; file 05BFC7
db 0x0A, 0x0B, 0xFC, 0xFF, 0x03, 0x00, 0x00, 0xFC, 0xF7, 0xFB, 0xF7, 0xE9, 0xFF, 0xEE, 0xF2, 0x0B ; file 05BFD7
db 0x0C, 0x0F, 0x08, 0x0D, 0x0A, 0xFF, 0x07, 0xFB, 0xFC, 0xFD, 0x0C, 0x0B, 0x02, 0xF4, 0xFF, 0xEC ; file 05BFE7
db 0xF6, 0xFB, 0xFF, 0xF9, 0xFF, 0x05, 0x09, 0xFF, 0xFB, 0xF9, 0xFB, 0x0B, 0x12, 0x0F, 0x10, 0x09 ; file 05BFF7
db 0xFD, 0x08, 0x0E, 0xB6, 0xF4, 0xF7, 0xF3, 0xF4, 0xF7, 0xE6, 0xFF, 0xEF, 0xEE, 0x05, 0x0D, 0x0D ; file 05C007
db 0x0D, 0x12, 0x13, 0xFF, 0x17, 0x04, 0x05, 0xF6, 0x03, 0x06, 0x02, 0x00, 0xFF, 0xF4, 0xFE, 0x01 ; file 05C017
db 0x02, 0xF9, 0xF9, 0xF1, 0x01, 0xFF, 0xEE, 0xF8, 0xF5, 0x04, 0x0E, 0x0B, 0x13, 0x0C, 0xFF, 0x0A ; file 05C027
db 0x06, 0xFA, 0x09, 0xF8, 0x05, 0xF5, 0xFC, 0xFF, 0xF8, 0xEE, 0xEE, 0xF0, 0xFE, 0x0D, 0x09, 0x11 ; file 05C037
db 0xFF, 0x07, 0x0C, 0x09, 0xFF, 0xFE, 0xFA, 0x07, 0x0A, 0xFF, 0x07, 0xFA, 0xF1, 0xF0, 0xFC, 0xF8 ; file 05C047
db 0xFF, 0xFE, 0xFF, 0xFC, 0x11, 0xF6, 0x02, 0xF8, 0x02, 0x11, 0x0E, 0x7F, 0x0F, 0x0F, 0x04, 0x07 ; file 05C057
db 0xF4, 0xFD, 0xF1, 0x0F, 0x1C, 0xFF, 0xF3, 0xF1, 0xE7, 0xF6, 0xF3, 0x0E, 0x07, 0x13, 0xFF, 0x0C ; file 05C067
db 0x13, 0x15, 0x0D, 0x03, 0x00, 0xFA, 0x08, 0xFF, 0x00, 0x02, 0xFB, 0xF6, 0x07, 0xF8, 0x04, 0xF8 ; file 05C077
db 0xFF, 0xF3, 0xFF, 0xEF, 0xF7, 0xF8, 0xFA, 0x0C, 0x0A, 0xFF, 0x10, 0x12, 0x03, 0x12, 0xF5, 0x0B ; file 05C087
db 0xFB, 0xFE, 0xFF, 0x02, 0xF3, 0xFD, 0xF4, 0xE9, 0xF7, 0xF0, 0x0D, 0xFF, 0x03, 0x13, 0x09, 0x0B ; file 05C097
db 0x09, 0x05, 0xFC, 0x01, 0xFF, 0xFC, 0x0C, 0x05, 0x00, 0xF8, 0xEF, 0xFA, 0xF4, 0xFF, 0xFF, 0xFF ; file 05C0A7
db 0xFC, 0x08, 0x02, 0xF9, 0x03, 0xFA, 0xFF, 0x0A, 0x10, 0x0C, 0x13, 0x04, 0x09, 0xFB, 0xFB, 0xFF ; file 05C0B7
db 0xF8, 0xF0, 0xFB, 0xF3, 0xF1, 0xF8, 0xE3, 0xF8, 0xFF, 0xEF, 0x04, 0x09, 0x0C, 0x11, 0x10, 0x11 ; file 05C0C7
db 0x16, 0xFF, 0xFF, 0x0B, 0xF6, 0x05, 0x04, 0xFD, 0x04, 0xF3, 0xFF, 0x04, 0xFC, 0xFE, 0xFF, 0xF7 ; file 05C0D7
db 0xF5, 0xFD, 0xE9, 0xFF, 0x02, 0xF5, 0x03, 0x0C, 0x09, 0x18, 0x04, 0x0D, 0xFF, 0x05, 0xFB, 0x0D ; file 05C0E7
db 0xF0, 0x09, 0xF6, 0xFA, 0xF9, 0xFF, 0xE9, 0xF7, 0xF1, 0xFF, 0x09, 0x07, 0x14, 0x06, 0xFF, 0x0B ; file 05C0F7
db 0x08, 0xFC, 0x03, 0xFC, 0x07, 0x06, 0x02, 0xFF, 0xFD, 0xF3, 0xF5, 0xFA, 0xF4, 0x02, 0xFF, 0xFD ; file 05C107
db 0xFF, 0x0E, 0xF0, 0x08, 0xFD, 0x00, 0x10, 0x0A, 0x11, 0xFF, 0x0E, 0x02, 0x07, 0xF5, 0x00, 0xEE ; file 05C117
db 0xF8, 0xF8, 0xFF, 0xF0, 0xF7, 0xEB, 0xEC, 0xFB, 0xF3, 0x0C, 0x04, 0xFF, 0x13, 0x10, 0x10, 0x13 ; file 05C127
db 0x09, 0x05, 0x04, 0xFB, 0xFF, 0x08, 0xFB, 0x03, 0xFC, 0xFA, 0x06, 0xF4, 0x02, 0xFF, 0xFC, 0xF4 ; file 05C137
db 0xFF, 0xEB, 0xF9, 0xFF, 0xF7, 0x0C, 0xFF, 0x06, 0x13, 0x10, 0x01, 0x12, 0xF6, 0x0E, 0xF8, 0xFF ; file 05C147
db 0xFC, 0x04, 0xF4, 0xFD, 0xEE, 0xEE, 0xFC, 0xF2, 0xFF, 0x0A, 0x00, 0x12, 0x0C, 0x08, 0x0A, 0x00 ; file 05C157
db 0x00, 0xFF, 0x03, 0xFF, 0x09, 0xFF, 0x00, 0xFB, 0xF3, 0xFC, 0xFF, 0xF0, 0xFC, 0x06, 0xF9, 0x09 ; file 05C167
db 0xFB, 0xFA, 0x0C, 0xFF, 0xF9, 0x09, 0x0C, 0x0B, 0x15, 0x03, 0x07, 0xFB, 0xFF, 0xFD, 0xF9, 0xEE ; file 05C177
db 0xFC, 0xF4, 0xF1, 0xF4, 0xE6, 0xFF, 0xFC, 0xF4, 0x00, 0x06, 0x0B, 0x14, 0x0F, 0x11, 0xFF, 0x0E ; file 05C187
db 0x03, 0x0A, 0xFD, 0x03, 0x01, 0xFB, 0x04, 0xF7, 0xF7, 0x07, 0xF8, 0x0E, 0xBF, 0xFB, 0xF5, 0xEC ; file 05C197
db 0x06, 0xFF, 0xF8, 0x01, 0x09, 0x09, 0x18, 0x01, 0x0D, 0x03, 0xEF, 0x01, 0x0A, 0xEF, 0x08, 0x0D ; file 05C1A7
db 0xEE, 0xE8, 0xFD, 0xF6, 0xFE, 0x0E, 0x39, 0x13, 0x08, 0x0A, 0x04, 0xFD, 0x05, 0x02, 0xFF, 0x04 ; file 05C1B7
db 0x03, 0xFB, 0x00, 0xF8, 0xFA, 0xF5, 0xF2, 0xFF, 0x05, 0xFE, 0x02, 0x04, 0xF3, 0x09, 0x05, 0xFE ; file 05C1C7
db 0xFF, 0x0C, 0x09, 0x12, 0x0A, 0x04, 0x01, 0xFB, 0xFF, 0xFF, 0xF0, 0xF6, 0xFA, 0xEF, 0xF7, 0xE8 ; file 05C1D7
db 0xF3, 0xFE, 0xFF, 0xF6, 0x04, 0x05, 0x11, 0x15, 0x0C, 0x11, 0x04, 0xFF, 0x09, 0x07, 0xFD, 0x05 ; file 05C1E7
db 0xF8, 0x03, 0xFD, 0x00, 0xFF, 0x01, 0xF4, 0xFE, 0x00, 0xF7, 0xFA, 0xEC, 0xFA, 0xFF, 0x06, 0xF8 ; file 05C1F7
db 0x06, 0x07, 0x13, 0x0B, 0x05, 0x0A, 0xEF, 0x00, 0x0A, 0xF8, 0xFB, 0x0F, 0x9A, 0xEA, 0xF6, 0xFC ; file 05C207
db 0xFF, 0xFA, 0x00, 0x02, 0x0D, 0x12, 0x05, 0x09, 0xFC, 0xFE, 0x0C, 0xC8, 0x03, 0xFB, 0xFE, 0xFD ; file 05C217
db 0xFB, 0xF8, 0xF1, 0xFD, 0xF9, 0x0F, 0xF3, 0xF7, 0xFC, 0x10, 0xFE, 0x06, 0x08, 0xFF, 0x0D, 0x10 ; file 05C227
db 0x05, 0x02, 0xFF, 0xFE, 0xF8, 0xF1, 0xFF, 0xFA, 0xF4, 0xF3, 0xEC, 0xEF, 0xFB, 0xFD, 0xFA, 0xFF ; file 05C237
db 0x03, 0x0A, 0x18, 0x0D, 0x11, 0x05, 0x09, 0x08, 0xBF, 0x04, 0x01, 0xFD, 0xFB, 0x02, 0xFF, 0x0E ; file 05C247
db 0x5C, 0x07, 0xFF, 0xF6, 0xFF, 0xEC, 0xF3, 0x06, 0xFE, 0xFE, 0x04, 0xEF, 0x0E, 0x12, 0x03, 0x0A ; file 05C257
db 0x0D, 0x9C, 0xF7, 0x00, 0x00, 0xFF, 0xF5, 0xF3, 0xED, 0xFE, 0xFE, 0xFB, 0xFF, 0x07, 0xFF, 0x11 ; file 05C267
db 0x0B, 0x07, 0x00, 0x01, 0x05, 0x09, 0x00, 0xFF, 0xFF, 0xF7, 0x01, 0xFE, 0xFD, 0xF1, 0xF1, 0x07 ; file 05C277
db 0xFF, 0xFF, 0x06, 0xF6, 0xFB, 0x07, 0x0D, 0xFE, 0x07, 0xFF, 0x08, 0x11, 0x09, 0x04, 0xFD, 0x02 ; file 05C287
db 0xFB, 0xF4, 0xFF, 0xF4, 0xFA, 0xF0, 0xF2, 0xE9, 0xFA, 0xFF, 0xFC, 0xFF, 0xFA, 0x07, 0x10, 0x17 ; file 05C297
db 0x0C, 0x0A, 0x04, 0x0A, 0xFB, 0x09, 0x02, 0x0D, 0x8D, 0x02, 0x06, 0xF9, 0xF5, 0xFC, 0xFD, 0x01 ; file 05C2A7
db 0x0F, 0xD1, 0xFB, 0x08, 0xFC, 0xFF, 0x09, 0x13, 0xEF, 0x06, 0x09, 0x02, 0x0D, 0x0F, 0x80, 0x04 ; file 05C2B7
db 0xF9, 0xF5, 0xFD, 0xEB, 0x0D, 0xFF, 0xF5, 0x06, 0x08, 0x14, 0x04, 0x06, 0xFF, 0xFD, 0x06, 0x08 ; file 05C2C7
db 0x06, 0xFC, 0xF8, 0xFD, 0x00, 0xFF, 0x03, 0xF3, 0xF1, 0xFB, 0x06, 0x03, 0xFB, 0xF8, 0xFF, 0x00 ; file 05C2D7
db 0x10, 0x05, 0x00, 0x06, 0x0F, 0x0A, 0x09, 0xFF, 0xFB, 0x04, 0xFD, 0xF8, 0xF4, 0xF8, 0xF5, 0xF2 ; file 05C2E7
db 0xFF, 0xE8, 0xF8, 0xFA, 0x05, 0xF4, 0x02, 0x0A, 0x17, 0x7F, 0x0E, 0x0E, 0xFF, 0x0D, 0x06, 0x0C ; file 05C2F7
db 0xFC, 0x0B, 0xE4, 0xFF, 0x0A, 0xFC, 0xF9, 0xF3, 0x03, 0xFE, 0xFB, 0xE9, 0xFF, 0xFB, 0x01, 0x07 ; file 05C307
db 0xFA, 0x02, 0x11, 0x08, 0x0B, 0xFF, 0x01, 0x09, 0x0A, 0xF9, 0x00, 0xF8, 0x05, 0xF3, 0xFF, 0xEE ; file 05C317
db 0xF7, 0xFC, 0x06, 0xF7, 0xFC, 0x07, 0x0E, 0xFF, 0x0D, 0x04, 0xFE, 0x05, 0x06, 0x0D, 0xFC, 0xF9 ; file 05C327
db 0xFF, 0xF7, 0x00, 0x06, 0xFC, 0xF1, 0xF3, 0x02, 0x06, 0xFF, 0x03, 0xEE, 0x03, 0x05, 0x12, 0x00 ; file 05C337
db 0x00, 0x0B, 0xFF, 0x0B, 0x0A, 0x01, 0xFD, 0x06, 0xF7, 0xF9, 0xF3, 0xFF, 0xF8, 0xF5, 0xE9, 0xF1 ; file 05C347
db 0xFD, 0x01, 0x00, 0xF3, 0xFF, 0x08, 0x10, 0x15, 0x0D, 0x01, 0x08, 0x09, 0x0C, 0xFF, 0x07, 0xF6 ; file 05C357
db 0xFD, 0xFA, 0x08, 0x07, 0xF5, 0xF6, 0xFF, 0xF9, 0x04, 0x00, 0xEA, 0xF7, 0xFD, 0x08, 0x01, 0xFF ; file 05C367
db 0xF9, 0x0C, 0x0C, 0x07, 0x09, 0xFE, 0x15, 0xF7, 0xFF, 0x03, 0xF6, 0x01, 0xFF, 0xEB, 0xF4, 0xFC ; file 05C377
db 0x02, 0xBF, 0x05, 0xF0, 0x06, 0x05, 0x13, 0x06, 0x0F, 0x34, 0x0C, 0xFF, 0x07, 0xF5, 0xF7, 0xFA ; file 05C387
db 0x06, 0x06, 0xF2, 0xF2, 0xFF, 0xFC, 0x03, 0x0A, 0xF0, 0xFA, 0x05, 0x0D, 0x0E, 0x7E, 0x0F, 0xFC ; file 05C397
db 0x06, 0x09, 0xF9, 0x07, 0xFD, 0xF9, 0x0C, 0x08, 0xFF, 0xEC, 0xEB, 0xFE, 0xFC, 0x09, 0xF0, 0x00 ; file 05C3A7
db 0x0C, 0xFF, 0x13, 0x13, 0x03, 0x01, 0x0C, 0x09, 0x10, 0xF8, 0xFF, 0xFB, 0xFB, 0xFF, 0x10, 0xF7 ; file 05C3B7
db 0xF7, 0xF7, 0xFB, 0xFF, 0x09, 0xF0, 0xEF, 0x00, 0xFF, 0x0D, 0xF6, 0x02, 0xFF, 0x10, 0x01, 0x10 ; file 05C3C7
db 0xFB, 0x10, 0x06, 0xF8, 0x03, 0xFF, 0xF5, 0x05, 0xF2, 0xEC, 0xFE, 0xFE, 0x0B, 0xF4, 0xFF, 0xFB ; file 05C3D7
db 0x05, 0x0B, 0x0F, 0xFE, 0x00, 0x07, 0x09, 0xFF, 0x0D, 0xFB, 0xF2, 0xF8, 0x00, 0x0C, 0xFA, 0xF2 ; file 05C3E7
db 0xFF, 0xF9, 0xFA, 0x0F, 0xF7, 0xF1, 0x07, 0x05, 0x14, 0xFE, 0x0C, 0xF7, 0x06, 0x0A, 0xFE, 0x00 ; file 05C3F7
db 0x05, 0xF7, 0xFD, 0xFF, 0xF2, 0xF6, 0xF6, 0xE4, 0xFB, 0xFD, 0x05, 0xFE, 0xFF, 0xF2, 0x09, 0x0E ; file 05C407
db 0x14, 0x0B, 0xFC, 0x0A, 0x0A, 0xFF, 0x0E, 0x08, 0xF2, 0xFF, 0xF8, 0x0F, 0x01, 0xF5, 0xFF, 0xF9 ; file 05C417
db 0xF4, 0x08, 0xFC, 0xEC, 0xFB, 0xFF, 0x08, 0xFF, 0x04, 0xF6, 0x0E, 0x02, 0x0C, 0x03, 0x04, 0x12 ; file 05C427
db 0xFF, 0xF6, 0x05, 0xF8, 0xFC, 0x01, 0xE5, 0xFE, 0xFB, 0xFF, 0x09, 0x00, 0xF3, 0x02, 0x05, 0x0F ; file 05C437
db 0x08, 0xF9, 0xFF, 0x07, 0x08, 0x0E, 0x05, 0xF0, 0xF7, 0xF8, 0x0C, 0xFF, 0x04, 0xF5, 0xF5, 0xF9 ; file 05C447
db 0x05, 0x06, 0xED, 0xFE, 0xFF, 0x08, 0x0B, 0x12, 0xF8, 0x05, 0x07, 0x07, 0x05, 0xFF, 0xFD, 0x05 ; file 05C457
db 0xFD, 0xFB, 0xF9, 0xF0, 0xFC, 0xE5, 0xFD, 0xF4, 0x0D, 0x9C, 0xF6, 0xFA, 0x0F, 0x0D, 0x15, 0xFA ; file 05C467
db 0xFA, 0x0F, 0x82, 0x0F, 0x0B, 0x10, 0x05, 0x0C, 0xF8, 0xF6, 0xF8, 0xFF, 0xF9, 0x0B, 0xEB, 0xF7 ; file 05C477
db 0x01, 0x00, 0x0D, 0xF7, 0xFF, 0x03, 0x07, 0x05, 0x0B, 0xFE, 0x10, 0x02, 0xFC, 0xBE, 0x0C, 0xA8 ; file 05C487
db 0xF0, 0xF1, 0x00, 0x03, 0x08, 0x1B, 0x45, 0x10, 0xFF, 0xFB, 0x04, 0x06, 0x0E, 0x09, 0xF9, 0xF0 ; file 05C497
db 0xF8, 0xFF, 0x03, 0x0C, 0xFB, 0xF4, 0xFB, 0xF8, 0x0F, 0xF1, 0xFF, 0xF6, 0x06, 0x08, 0x12, 0x05 ; file 05C4A7
db 0xFB, 0x08, 0x04, 0xFF, 0x06, 0x00, 0x02, 0x02, 0xFB, 0xFC, 0xF3, 0xF6, 0xFF, 0xF1, 0xE9, 0xFE ; file 05C4B7
db 0x01, 0x04, 0xFE, 0xF4, 0x07, 0xFF, 0x0C, 0x12, 0x06, 0xFF, 0x07, 0x0D, 0x0F, 0x06, 0xFF, 0xF4 ; file 05C4C7
db 0xFC, 0xFC, 0x0D, 0x00, 0xF5, 0xFB, 0xF2, 0xFF, 0x09, 0xF7, 0xF2, 0xFE, 0x01, 0x05, 0x06, 0xF9 ; file 05C4D7
db 0xBF, 0x07, 0x01, 0x0C, 0x00, 0x0B, 0x08, 0x0A, 0x02, 0xF8, 0xFF, 0xFE, 0xEA, 0xFF, 0x00, 0x0A ; file 05C4E7
db 0xFD, 0xF8, 0xFC, 0xFF, 0x05, 0x0B, 0x06, 0xFC, 0x08, 0x0B, 0x0C, 0x01, 0xFF, 0xF0, 0xF5, 0xFB ; file 05C4F7
db 0x0D, 0x02, 0xF8, 0xF9, 0xF7, 0xFF, 0x07, 0xFE, 0xF1, 0xFF, 0x0A, 0x0B, 0x11, 0xFB, 0xEF, 0x03 ; file 05C507
db 0x02, 0x06, 0x01, 0x0B, 0x39, 0xFB, 0xFC, 0xF0, 0xFF, 0xF6, 0xE8, 0xF9, 0xFF, 0x07, 0xFE, 0xFD ; file 05C517
db 0xF7, 0xEF, 0x0D, 0x0C, 0x0F, 0xFB, 0x0D, 0x9A, 0x0A, 0xFD, 0xF7, 0xFF, 0xFB, 0x08, 0x05, 0xFB ; file 05C527
db 0xF6, 0xF8, 0xFB, 0x04, 0xFF, 0xF0, 0xFC, 0xFF, 0x03, 0x08, 0xFF, 0x00, 0xFF, 0xFF, 0x0A, 0x02 ; file 05C537
db 0x09, 0x08, 0x03, 0xFE, 0x00, 0xF9, 0xFF, 0xFB, 0xF4, 0xF5, 0x01, 0x08, 0x02, 0xFE, 0xF4, 0xFF ; file 05C547
db 0x03, 0x04, 0x0C, 0xFD, 0x05, 0x08, 0x0F, 0x05, 0xFF, 0xF9, 0xEF, 0xF8, 0x06, 0x08, 0xFE, 0xF9 ; file 05C557
db 0xF8, 0xFF, 0xFD, 0x04, 0xF4, 0xFB, 0x04, 0x0D, 0x0C, 0x09, 0xDF, 0xFC, 0x01, 0x05, 0x01, 0x03 ; file 05C567
db 0x0F, 0xD7, 0xFB, 0xF5, 0xFF, 0xF4, 0xEC, 0xF3, 0xFD, 0x05, 0x01, 0x00, 0xF8, 0xFF, 0x03, 0x0A ; file 05C577
db 0x0E, 0x03, 0x02, 0x05, 0x10, 0x0E, 0xFF, 0x03, 0xF9, 0xF7, 0x05, 0x05, 0x01, 0xF7, 0xF9, 0xFF ; file 05C587
db 0xF7, 0x01, 0xF8, 0xF8, 0xFE, 0x03, 0x03, 0x07, 0xFF, 0xFF, 0xFC, 0x05, 0x05, 0x05, 0x0B, 0x01 ; file 05C597
db 0x07, 0xEF, 0xF9, 0x02, 0xF5, 0xF8, 0x0D, 0x21, 0x06, 0xFE, 0xFC, 0xFF, 0xF7, 0x05, 0x06, 0x05 ; file 05C5A7
db 0x00, 0x07, 0x0E, 0x0A, 0xFF, 0xFE, 0xF2, 0xF3, 0x00, 0x08, 0x03, 0xFC, 0xFB, 0xFF, 0xF8, 0x03 ; file 05C5B7
db 0xF8, 0xF8, 0x00, 0x0A, 0x0B, 0x0D, 0xF6, 0x19, 0x97, 0x00, 0x07, 0x0B, 0x9D, 0xFA, 0xF4, 0xEE ; file 05C5C7
db 0xF0, 0xFB, 0xFA, 0x02, 0x0D, 0x76, 0xF9, 0x07, 0x0C, 0x06, 0x03, 0xFF, 0x04, 0x09, 0x12, 0x05 ; file 05C5D7
db 0x03, 0xF4, 0xFF, 0x07, 0xEF, 0x00, 0xFD, 0xF8, 0xF8, 0x09, 0xCD, 0xFE, 0xFF, 0x06, 0xFF, 0x01 ; file 05C5E7
db 0x09, 0xFA, 0xFB, 0x0A, 0xFF, 0x0F, 0x00, 0xBE, 0x0F, 0xED, 0xFE, 0xF1, 0xFA, 0xF9, 0x02, 0x0B ; file 05C5F7
db 0xEA, 0xF5, 0xFD, 0xFE, 0x19, 0x11, 0x0C, 0x0D, 0x02, 0xF9, 0xF0, 0xFA, 0xFF, 0x06, 0x04, 0x01 ; file 05C607
db 0xFE, 0xF6, 0x01, 0xF8, 0xFA, 0xBF, 0xFE, 0x03, 0x0F, 0x07, 0x0C, 0xFF, 0x0D, 0x0B, 0x07, 0xFF ; file 05C617
db 0x01, 0xFD, 0x03, 0xFA, 0xF9, 0xF0, 0xEB, 0xFB, 0xFF, 0xFC, 0x07, 0xFF, 0x00, 0xFE, 0xFD, 0x0A ; file 05C627
db 0x08, 0xFF, 0x03, 0x04, 0x05, 0x10, 0x0B, 0x03, 0xFE, 0xF5, 0xFF, 0x09, 0xFE, 0x02, 0xFA, 0xF6 ; file 05C637
db 0xFE, 0xF6, 0xFC, 0xF7, 0xFE, 0xFE, 0x05, 0x09, 0x59, 0xF3, 0x07, 0xFF, 0x0B, 0x7F, 0x09, 0xFD ; file 05C647
db 0x0B, 0xF9, 0x02, 0xF4, 0xF2, 0x0D, 0x4F, 0xFE, 0x08, 0x8A, 0xF4, 0x03, 0x01, 0x04, 0x05, 0x07 ; file 05C657
db 0x0F, 0xBF, 0x07, 0xFB, 0xF7, 0xF0, 0x04, 0x03, 0x0B, 0xC5, 0xFB, 0xAF, 0xFC, 0xF6, 0xFF, 0x00 ; file 05C667
db 0x0D, 0x23, 0x0B, 0x0C, 0x3C, 0x01, 0xFE, 0x0F, 0x57, 0xFE, 0xF9, 0xF7, 0xE7, 0xF9, 0xFA, 0x04 ; file 05C677
db 0xFD, 0x04, 0x0A, 0xEA, 0x01, 0x0B, 0x00, 0x08, 0x01, 0x0B, 0xF3, 0x11, 0x03, 0x0B, 0x12, 0x0E ; file 05C687
db 0xC1, 0xF8, 0xF9, 0xFD, 0xF2, 0xFF, 0x03, 0xFF, 0x00, 0x06, 0xFD, 0x0F, 0xF6, 0xFB, 0x5F, 0x06 ; file 05C697
db 0xFF, 0x12, 0xFC, 0x07, 0x0B, 0x75, 0xEA, 0x0B, 0x47, 0xFF, 0x09, 0xFC, 0x04, 0xF9, 0xF8, 0x04 ; file 05C6A7
db 0xFD, 0x0B, 0xFF, 0x01, 0x0F, 0x0A, 0x00, 0xF9, 0xF3, 0xFA, 0x05, 0xFF, 0x01, 0x04, 0x02, 0xF7 ; file 05C6B7
db 0x00, 0xF0, 0x00, 0x00, 0xFF, 0x02, 0x0F, 0x05, 0x0D, 0x01, 0xF7, 0x02, 0xFC, 0xFF, 0x09, 0x00 ; file 05C6C7
db 0xFD, 0x04, 0xFA, 0xFB, 0xEC, 0xEE, 0xFE, 0x0A, 0x50, 0xFE, 0xFF, 0x05, 0xF8, 0x09, 0x01, 0x05 ; file 05C6D7
db 0x7D, 0x05, 0x08, 0xB7, 0x03, 0x01, 0xF6, 0x09, 0xFB, 0x0F, 0x72, 0xFF, 0x02, 0xEE, 0xFF, 0x02 ; file 05C6E7
db 0x00, 0x04, 0x00, 0x06, 0xFF, 0x08, 0xEF, 0x06, 0xFC, 0x0E, 0x06, 0xFD, 0x0B, 0xFF, 0xFC, 0x00 ; file 05C6F7
db 0xF4, 0xEF, 0x08, 0xF9, 0x0E, 0xFD, 0xFF, 0x03, 0x00, 0xF5, 0xFF, 0xFE, 0x03, 0x09, 0x07, 0xFF ; file 05C707
db 0x0E, 0x04, 0xFA, 0xF9, 0xF3, 0x04, 0xFF, 0x04, 0xFF, 0x06, 0xFA, 0xFF, 0xF5, 0xF5, 0x04, 0x01 ; file 05C717
db 0x08, 0xFF, 0x0B, 0x05, 0x0F, 0xF6, 0xFD, 0xFC, 0x03, 0x07, 0xFF, 0xFC, 0x02, 0x01, 0xF8, 0xF9 ; file 05C727
db 0xE3, 0xFF, 0xFB, 0xFF, 0x05, 0x02, 0xFE, 0x03, 0x00, 0xFC, 0x08, 0xFC, 0xFF, 0x0C, 0x00, 0x0D ; file 05C737
db 0x0C, 0x04, 0x06, 0xF8, 0x04, 0x7F, 0xFF, 0xFC, 0x01, 0xFA, 0xFB, 0xFA, 0xEF, 0x09, 0xB1, 0x7F ; file 05C747
db 0x04, 0xFD, 0x10, 0xF6, 0xFA, 0x00, 0x04, 0x0D, 0xEB, 0xEF, 0x05, 0xFA, 0x00, 0xE9, 0x0F, 0x9B ; file 05C757
db 0x07, 0xFE, 0x03, 0xFF, 0xFD, 0xF4, 0x02, 0xF9, 0x0D, 0x04, 0x0F, 0x07, 0xFF, 0xFE, 0xFA, 0xF6 ; file 05C767
db 0xFB, 0x03, 0xFF, 0x07, 0x03, 0xF7, 0xFA, 0xFE, 0xEC, 0x07, 0x87, 0x0C, 0x04, 0x0D, 0x04, 0xFB ; file 05C777
db 0xF5, 0xFD, 0x0C, 0x2E, 0xFE, 0x04, 0xFA, 0xFD, 0xEA, 0x7F, 0xF1, 0x00, 0xFF, 0x06, 0xFE, 0xFF ; file 05C787
db 0x08, 0x0F, 0x2D, 0xFE, 0x07, 0xE9, 0x0D, 0x07, 0x04, 0x02, 0xFB, 0x06, 0xFA, 0xCF, 0xFE, 0x01 ; file 05C797
db 0xF6, 0x01, 0x08, 0x19, 0x0F, 0x57, 0x05, 0x08, 0xDF, 0xF0, 0x01, 0xFD, 0x0F, 0x03, 0x0F, 0xF4 ; file 05C7A7
db 0xFD, 0xF5, 0xBF, 0xEF, 0x0A, 0xFE, 0x0A, 0xFE, 0x03, 0x0F, 0x78, 0xFB, 0xEF, 0x03, 0x0C, 0x08 ; file 05C7B7
db 0x0D, 0x0F, 0x88, 0xF6, 0x02, 0xFC, 0xFF, 0x04, 0x0A, 0xFC, 0x00, 0xEF, 0xF6, 0x08, 0x01, 0xFE ; file 05C7C7
db 0x07, 0xC6, 0x11, 0xF7, 0xFA, 0xFA, 0x04, 0x05, 0xFE, 0x7D, 0x00, 0x0D, 0xC3, 0xE6, 0xFF, 0xFF ; file 05C7D7
db 0x05, 0xFF, 0x0D, 0xA4, 0xFF, 0xF8, 0x02, 0xFD, 0x0B, 0x03, 0x0D, 0x08, 0x05, 0xF5, 0x05, 0x0F ; file 05C7E7
db 0x75, 0xFA, 0x07, 0x7F, 0xF6, 0xEF, 0x0B, 0x02, 0xFF, 0x04, 0x00, 0x01, 0x0B, 0xF9, 0xF9, 0xFA ; file 05C7F7
db 0x09, 0xFF, 0x0A, 0xFE, 0x04, 0x07, 0xFC, 0xFC, 0xEC, 0x00, 0xFF, 0x06, 0x05, 0x03, 0x01, 0x02 ; file 05C807
db 0xFF, 0xF4, 0xFC, 0xFF, 0xF9, 0x0C, 0x0A, 0x0C, 0x05, 0xFD, 0xFA, 0xFA, 0xFB, 0xFC, 0xFF, 0x0F ; file 05C817
db 0xCC, 0x00, 0xF7, 0xEC, 0x03, 0x06, 0xFF, 0x04, 0x08, 0x05, 0x0B, 0x07, 0xF5, 0xF8, 0xFF, 0xFE ; file 05C827
db 0x0A, 0x63, 0x02, 0xFD, 0xFB, 0xEA, 0xF5, 0x01, 0x02, 0xFD, 0x02, 0x0E, 0x4D, 0xFA, 0xFE, 0xFB ; file 05C837
db 0x05, 0x09, 0x07, 0x9F, 0x0B, 0x04, 0x07, 0x02, 0x01, 0x0C, 0xF1, 0x0C, 0x99, 0xEC, 0xFB, 0xFF ; file 05C847
db 0x0B, 0x06, 0xCB, 0x05, 0x05, 0xF6, 0xF9, 0x00, 0xFD, 0x0C, 0x0D, 0x30, 0x05, 0xF9, 0xF6, 0xF2 ; file 05C857
db 0x08, 0x07, 0xFE, 0x0F, 0xAC, 0x02, 0xFA, 0xF5, 0xF8, 0x02, 0x0F, 0x09, 0xDF, 0x0B, 0xFE, 0xFB ; file 05C867
db 0xFB, 0xFD, 0x0E, 0xBD, 0x0B, 0x01, 0x7F, 0xFE, 0xED, 0xF6, 0x09, 0x04, 0x06, 0x06, 0x0A, 0xFC ; file 05C877
db 0x3A, 0x0B, 0xFF, 0x02, 0x0F, 0xAB, 0xFB, 0xF4, 0xEC, 0x0D, 0x22, 0x09, 0xA5, 0xFF, 0x05, 0xF7 ; file 05C887
db 0xFB, 0xFE, 0x09, 0x08, 0x0B, 0x03, 0xFF, 0x08, 0x02, 0x06, 0x00, 0xFC, 0xF9, 0x02, 0xFE, 0xCF ; file 05C897
db 0xFE, 0xF2, 0xF2, 0x09, 0x06, 0xDD, 0x0F, 0x32, 0xF7, 0xF7, 0xFD, 0x0C, 0x06, 0x56, 0x07, 0xFF ; file 05C8A7
db 0xF6, 0xF3, 0xFD, 0x0C, 0xFB, 0x05, 0xFF, 0x0F, 0x56, 0xF5, 0xF4, 0xFC, 0x09, 0x0F, 0xFB, 0x09 ; file 05C8B7
db 0x03, 0x07, 0xBE, 0xFE, 0xFB, 0xFD, 0x0B, 0x05, 0xFF, 0x04, 0xF2, 0xEF, 0x01, 0x0A, 0x04, 0x04 ; file 05C8C7
db 0x07, 0xEF, 0x08, 0x07, 0xF7, 0xF4, 0x0F, 0x60, 0x01, 0x00, 0x00, 0xFF, 0xF8, 0xED, 0xF8, 0x02 ; file 05C8D7
db 0x05, 0xFE, 0x01, 0x03, 0xFF, 0x06, 0xFF, 0xF5, 0xFA, 0x04, 0x0A, 0x0A, 0x06, 0xFF, 0x03, 0x07 ; file 05C8E7
db 0x03, 0x09, 0xF9, 0xFB, 0xFC, 0x01, 0xBF, 0x00, 0xF7, 0xF0, 0xFD, 0x0D, 0x06, 0x09, 0xD4, 0x00 ; file 05C8F7
db 0xDF, 0xFE, 0xF0, 0x05, 0x08, 0x00, 0x0D, 0x53, 0xF7, 0xF5, 0xFF, 0xF8, 0x05, 0x0E, 0xFD, 0x04 ; file 05C907
db 0x01, 0x02, 0xFD, 0xBF, 0xF0, 0xF8, 0x01, 0x0F, 0x0D, 0x05, 0x06, 0x60, 0x03, 0xEC, 0x08, 0xA8 ; file 05C917
db 0x07, 0xBB, 0xEC, 0xF9, 0x06, 0x35, 0x03, 0x09, 0x06, 0xEF, 0x03, 0xF0, 0xFA, 0x03, 0x0D, 0xD2 ; file 05C927
db 0xFF, 0xFF, 0xEE, 0xFF, 0xF6, 0xFC, 0x07, 0x00, 0xFF, 0x03, 0x06, 0x05, 0xFF, 0xF7, 0xF2, 0x02 ; file 05C937
db 0x05, 0x0D, 0x08, 0x00, 0x08, 0xDF, 0x02, 0x0C, 0xFF, 0xF9, 0xFA, 0x0E, 0xE9, 0xEF, 0xF8, 0xFB ; file 05C947
db 0x05, 0x0D, 0x0C, 0xE3, 0xFE, 0x03, 0xF5, 0xF6, 0x0C, 0x7B, 0xFE, 0x07, 0x06, 0x04, 0xEF, 0xFD ; file 05C957
db 0xFA, 0x10, 0x0F, 0x46, 0xFF, 0x01, 0x01, 0xF7, 0xEE, 0xFF, 0x06, 0x14, 0x06, 0xFD, 0xFF, 0x0E ; file 05C967
db 0xDD, 0xFF, 0xF7, 0xFF, 0x09, 0x08, 0x06, 0xFF, 0xED, 0xF3, 0x00, 0x0C, 0x06, 0x00, 0x08, 0x05 ; file 05C977
db 0xDF, 0x07, 0xF9, 0xF0, 0x02, 0xFF, 0x0C, 0x09, 0x03, 0xF3, 0xFB, 0xF3, 0xFA, 0x08, 0x60, 0x02 ; file 05C987
db 0x07, 0x03, 0x03, 0xEC, 0xF3, 0xFB, 0x02, 0x0B, 0x8D, 0x0E, 0xE5, 0x0D, 0xF4, 0xFB, 0xFC, 0x3F ; file 05C997
db 0x00, 0x05, 0xF0, 0xF6, 0xFD, 0x0C, 0x0E, 0x17, 0x0C, 0xED, 0xFF, 0xEB, 0x08, 0x01, 0x02, 0x06 ; file 05C9A7
db 0xFF, 0x08, 0xF5, 0xAF, 0xF6, 0xFF, 0x02, 0x12, 0x0D, 0x16, 0x01, 0x0F, 0x78, 0x02, 0xFF, 0x10 ; file 05C9B7
db 0x0E, 0xFF, 0xFC, 0xFC, 0xFF, 0x06, 0xF5, 0xFF, 0xFC, 0x05, 0x08, 0x0C, 0xF5, 0xEF, 0xFB, 0x06 ; file 05C9C7
db 0xFF, 0x0C, 0x02, 0x01, 0x0A, 0x01, 0x06, 0xEF, 0xFA, 0xF7, 0x01, 0xFE, 0x06, 0x05, 0x38, 0xED ; file 05C9D7
db 0xFF, 0xFB, 0x09, 0xFE, 0x0D, 0x09, 0x07, 0x03, 0xF7, 0xED, 0x03, 0x03, 0x11, 0x7E, 0x0B, 0xF5 ; file 05C9E7
db 0x04, 0x10, 0xFD, 0xF6, 0xFC, 0xFC, 0x0F, 0x8B, 0xFF, 0xFE, 0x01, 0x11, 0x02, 0xFF, 0x07, 0xF9 ; file 05C9F7
db 0x07, 0xF7, 0xF2, 0xFA, 0x06, 0x0C, 0xDC, 0x02, 0x03, 0xED, 0x04, 0xFB, 0xFA, 0x11, 0x09, 0x6E ; file 05CA07
db 0x01, 0x01, 0xF8, 0xEA, 0x01, 0xFF, 0x05, 0x15, 0x03, 0xFC, 0xFC, 0xFE, 0x06, 0xFD, 0x6F, 0xF5 ; file 05CA17
db 0x02, 0x06, 0x0D, 0x06, 0x9C, 0xFF, 0x0C, 0x0F, 0x8B, 0xEF, 0x02, 0x06, 0xFA, 0xF1, 0x0C, 0xB5 ; file 05CA27
db 0x04, 0xFC, 0x02, 0xFF, 0xF1, 0xFB, 0xFD, 0x03, 0x06, 0xFB, 0x03, 0x09, 0xDB, 0x01, 0x03, 0x09 ; file 05CA37
db 0x24, 0x0B, 0x0C, 0x0B, 0xDA, 0x0D, 0x09, 0xFF, 0xF5, 0xFA, 0xFC, 0x01, 0x04, 0xEE, 0xFC, 0xFE ; file 05CA47
db 0xFF, 0x0A, 0x0C, 0xFE, 0x05, 0xFF, 0xFD, 0x01, 0xF1, 0xFD, 0x04, 0x08, 0x27, 0x00, 0x04, 0xF6 ; file 05CA57
db 0xF9, 0x03, 0x04, 0xFE, 0x0C, 0xB4, 0x03, 0x00, 0xFF, 0xED, 0xF6, 0x03, 0x0E, 0x7F, 0x0E, 0xFA ; file 05CA67
db 0xFD, 0xFC, 0x04, 0x04, 0xF7, 0x0C, 0x4D, 0x7F, 0x0C, 0xF3, 0xF4, 0xFD, 0x04, 0x0D, 0xFF, 0x0B ; file 05CA77
db 0x37, 0xFF, 0x05, 0xF2, 0xF9, 0xFD, 0x00, 0x06, 0xFF, 0x00, 0xCF, 0xF9, 0xF4, 0x02, 0xFE, 0x0C ; file 05CA87
db 0x60, 0x0E, 0x9A, 0xF5, 0xED, 0xF7, 0x00, 0x05, 0x10, 0x04, 0xAA, 0x0A, 0x0E, 0xFE, 0xF5, 0xFF ; file 05CA97
db 0xFD, 0xFB, 0x08, 0xF5, 0xF5, 0x01, 0x00, 0x11, 0xF6, 0x04, 0x60, 0xFA, 0x03, 0x0C, 0x88, 0x00 ; file 05CAA7
db 0x06, 0x02, 0x01, 0xFF, 0xFE, 0xF4, 0x04, 0x02, 0x0B, 0x05, 0xFF, 0x04, 0xFF, 0x01, 0x00, 0xF6 ; file 05CAB7
db 0xEE, 0xFE, 0x08, 0x10, 0x02, 0xFE, 0x0F, 0x87, 0x08, 0xFC, 0xF6, 0x04, 0x02, 0x10, 0xFC, 0x4F ; file 05CAC7
db 0xF4, 0xFB, 0xFE, 0x0A, 0x08, 0x10, 0x0E, 0x40, 0xF4, 0x0B, 0x58, 0xFF, 0x04, 0xFE, 0xFD, 0xF4 ; file 05CAD7
db 0x01, 0x00, 0x03, 0x02, 0xFF, 0xFF, 0x05, 0x06, 0x03, 0xFC, 0xED, 0xF7, 0x02, 0xDB, 0x0C, 0x09 ; file 05CAE7
db 0x0F, 0x4A, 0x10, 0x05, 0x1C, 0xEB, 0xFE, 0xF3, 0x6C, 0x04, 0xBE, 0x0D, 0x06, 0xFB, 0xFF, 0x09 ; file 05CAF7
db 0x96, 0xFD, 0x04, 0x0D, 0xFE, 0xDF, 0xFA, 0xFD, 0x07, 0x05, 0x08, 0x0E, 0x25, 0xFF, 0xFC, 0xFF ; file 05CB07
db 0xF1, 0xF4, 0x05, 0x0C, 0x0A, 0xF9, 0xFC, 0xFE, 0xFE, 0x08, 0xA0, 0xFD, 0x01, 0x0C, 0x05, 0xF7 ; file 05CB17
db 0xF9, 0xFE, 0xFB, 0x03, 0x0B, 0x0F, 0xBA, 0x01, 0xFF, 0xFB, 0xF5, 0xF9, 0xF5, 0x02, 0x0A, 0xFB ; file 05CB27
db 0xF5, 0x14, 0x05, 0x02, 0x01, 0x07, 0x04, 0xF7, 0xFF, 0xF4, 0xF0, 0x09, 0xE6, 0x00, 0x01, 0x01 ; file 05CB37
db 0x12, 0xFF, 0x07, 0x01, 0xF5, 0xFC, 0xFE, 0x01, 0xF8, 0xFB, 0xFF, 0x01, 0x02, 0x0B, 0x06, 0x06 ; file 05CB47
db 0xFA, 0x00, 0xFB, 0xF3, 0x00, 0xF9, 0x0F, 0x71, 0x14, 0x39, 0x01, 0x0B, 0x02, 0x09, 0xDE, 0x0D ; file 05CB57
db 0x5C, 0xFE, 0xF6, 0xF3, 0xFB, 0x07, 0x98, 0xF8, 0xFD, 0xDD, 0x06, 0x04, 0x24, 0x01, 0x05, 0x0B ; file 05CB67
db 0x0B, 0x0C, 0xFF, 0x07, 0xFF, 0x06, 0x03, 0x00, 0x02, 0xFD, 0x00, 0xF8, 0xF3, 0xE6, 0x0E, 0x86 ; file 05CB77
db 0x01, 0xF3, 0x0B, 0x06, 0x03, 0x7B, 0x05, 0x04, 0x03, 0xDF, 0xF6, 0xF5, 0xF1, 0x05, 0x08, 0x0E ; file 05CB87
db 0x48, 0x0B, 0x0E, 0xEE, 0x07, 0x9D, 0xFC, 0x02, 0xF9, 0x09, 0xBE, 0x04, 0x0B, 0x07, 0xFF, 0xFE ; file 05CB97
db 0xFC, 0xFD, 0xFD, 0x02, 0xF0, 0xFF, 0x02, 0xBF, 0x04, 0x02, 0xF6, 0x02, 0xFF, 0x0B, 0x0D, 0x77 ; file 05CBA7
db 0xFE, 0xF7, 0x03, 0xFF, 0xF8, 0x06, 0xFA, 0x07, 0x04, 0xFB, 0xFB, 0xF7, 0x03, 0x08, 0xFE, 0x0F ; file 05CBB7
db 0xE3, 0x0A, 0xFF, 0xFE, 0xFD, 0x7F, 0xFE, 0x02, 0x06, 0x05, 0x01, 0xFF, 0x00, 0x0E, 0x60, 0xDF ; file 05CBC7
db 0xF9, 0x01, 0x02, 0x04, 0xF7, 0x0C, 0x04, 0x06, 0xFB, 0xFF, 0x05, 0x03, 0x05, 0x05, 0xF8, 0xF8 ; file 05CBD7
db 0xF2, 0xFA, 0x7B, 0x08, 0x04, 0x07, 0x93, 0x11, 0x04, 0x02, 0xF9, 0x09, 0xE8, 0xFB, 0xFE, 0xFF ; file 05CBE7
db 0x03, 0x39, 0x0D, 0x03, 0xF9, 0x01, 0xF6, 0xFB, 0x08, 0xF4, 0x04, 0x64, 0x06, 0xF8, 0xFB, 0x07 ; file 05CBF7
db 0x01, 0xFF, 0x0F, 0xFC, 0x0B, 0x02, 0x00, 0x02, 0xF9, 0xFA, 0x77, 0xF7, 0xFA, 0x09, 0x0B, 0x27 ; file 05CC07
db 0x00, 0x09, 0x01, 0x02, 0xE7, 0xBD, 0x08, 0x0C, 0xC3, 0xFD, 0x01, 0x02, 0x07, 0x0E, 0x0E, 0xF9 ; file 05CC17
db 0x6F, 0x04, 0xF9, 0xF1, 0xFE, 0x0C, 0x12, 0xF3, 0x06, 0x05, 0xD2, 0xE5, 0x01, 0x03, 0x15, 0x00 ; file 05CC27
db 0x06, 0xB9, 0x02, 0xF4, 0x02, 0xFE, 0x10, 0xFF, 0x08, 0x02, 0x00, 0xF6, 0x00, 0xFB, 0xF9, 0x04 ; file 05CC37
db 0xFF, 0xFF, 0x05, 0x01, 0x09, 0x0B, 0xFA, 0xFF, 0xF9, 0xFF, 0x00, 0x02, 0xED, 0xFF, 0x00, 0x03 ; file 05CC47
db 0x01, 0xF4, 0xFD, 0x08, 0x15, 0xBE, 0x0B, 0xFE, 0x02, 0xFE, 0xF6, 0xFD, 0xEC, 0x0E, 0x63, 0x0E ; file 05CC57
db 0x9E, 0x08, 0x04, 0x0C, 0x1F, 0x04, 0x03, 0xFE, 0xEE, 0x0C, 0xC1, 0x01, 0x02, 0x09, 0x0F, 0x51 ; file 05CC67
db 0xFC, 0x05, 0xF0, 0xFF, 0xF8, 0x00, 0x00, 0x05, 0xF4, 0xFF, 0x08, 0x07, 0xF7, 0x05, 0xFB, 0x06 ; file 05CC77
db 0x05, 0xA4, 0xF5, 0xFB, 0xF4, 0xF8, 0xFD, 0x06, 0x0A, 0x1F, 0x0A, 0x0C, 0x03, 0x02, 0xFC, 0xF9 ; file 05CC87
db 0xFB, 0x01, 0xF3, 0x02, 0x84, 0x04, 0x00, 0x10, 0x00, 0xFC, 0x9F, 0xFD, 0xF8, 0x09, 0xF2, 0xF6 ; file 05CC97
db 0x0F, 0x4B, 0x03, 0x32, 0x05, 0xFB, 0x0C, 0xFD, 0x05, 0x8A, 0x02, 0xF6, 0xFD, 0xFB, 0xFA, 0x7A ; file 05CCA7
db 0x04, 0x74, 0xFA, 0x08, 0x27, 0x01, 0x02, 0xFB, 0x08, 0x0B, 0x19, 0xFF, 0xFF, 0x01, 0xFE, 0x08 ; file 05CCB7
db 0x04, 0xFB, 0xFE, 0xFA, 0xFF, 0x04, 0xFB, 0xF1, 0xFD, 0xFF, 0x03, 0xFC, 0xF7, 0xFD, 0x09, 0x06 ; file 05CCC7
db 0xE5, 0xFF, 0x09, 0x02, 0x04, 0xFA, 0xF7, 0x77, 0xFC, 0xF2, 0x01, 0x0C, 0xA1, 0x02, 0x0D, 0x06 ; file 05CCD7
db 0x0F, 0x9F, 0xFF, 0x02, 0xF5, 0xFC, 0x08, 0x00, 0x06, 0xFE, 0x09, 0xFD, 0x0C, 0x04, 0xC6, 0x03 ; file 05CCE7
db 0xFF, 0xF1, 0xFB, 0xFF, 0x02, 0xFF, 0xFE, 0xF7, 0x08, 0x09, 0x0A, 0x03, 0x00, 0x0B, 0x5A, 0x08 ; file 05CCF7
db 0x35, 0xF9, 0x05, 0xC1, 0xFE, 0xFB, 0x09, 0xCF, 0x01, 0x03, 0x0C, 0x87, 0x04, 0xFD, 0xFF, 0x0D ; file 05CD07
db 0xF0, 0x07, 0xFC, 0x02, 0x31, 0x08, 0x60, 0xF5, 0xF6, 0x01, 0xDB, 0xF7, 0x03, 0x0F, 0xD6, 0xFD ; file 05CD17
db 0x05, 0x07, 0x01, 0xAF, 0xFF, 0xF7, 0xFB, 0xF8, 0x05, 0xA2, 0x06, 0x0C, 0xE9, 0x05, 0xF6, 0x06 ; file 05CD27
db 0x1F, 0xFB, 0xF4, 0x04, 0x41, 0x03, 0x00, 0x10, 0xFE, 0xED, 0xFF, 0x08, 0x64, 0xF6, 0xF4, 0x06 ; file 05CD37
db 0x4D, 0xF7, 0x02, 0x0B, 0xF7, 0x0A, 0x07, 0x00, 0x05, 0x23, 0x00, 0xF7, 0xFE, 0xFF, 0x9F, 0xFA ; file 05CD47
db 0xFF, 0xF8, 0x00, 0xFF, 0x0C, 0xF3, 0x1B, 0x27, 0xF8, 0xE9, 0x08, 0x0E, 0xAB, 0x09, 0x46, 0xFC ; file 05CD57
db 0x0D, 0xA4, 0xFF, 0xF2, 0xFA, 0x9F, 0xFD, 0x02, 0xFA, 0xFE, 0x08, 0x0B, 0xFB, 0x07, 0xDE, 0x02 ; file 05CD67
db 0xFF, 0xF7, 0xFA, 0xFB, 0xF7, 0xFB, 0xFD, 0x02, 0x03, 0xFB, 0x07, 0x09, 0x08, 0xE9, 0xFB, 0xFD ; file 05CD77
db 0xF3, 0xFF, 0x0A, 0xDF, 0x03, 0x04, 0xFF, 0x07, 0x0A, 0x0F, 0x17, 0x02, 0xFD, 0x7A, 0x0C, 0x10 ; file 05CD87
db 0x01, 0x08, 0x98, 0x0F, 0x06, 0x05, 0xFF, 0x05, 0x3B, 0xF6, 0x0D, 0xEB, 0xFF, 0xFA, 0x08, 0x1F ; file 05CD97
db 0x00, 0x08, 0x00, 0x01, 0xFE, 0x06, 0x11, 0xF8, 0x01, 0x0B, 0x06, 0x00, 0xFD, 0xFF, 0xFD, 0x09 ; file 05CDA7
db 0x0A, 0x55, 0x00, 0x00, 0xFA, 0xF3, 0xFC, 0x00, 0xF6, 0x0C, 0x9B, 0x0B, 0x0B, 0x0D, 0x09, 0x07 ; file 05CDB7
db 0x01, 0xFB, 0xF9, 0xEF, 0xFA, 0xFD, 0xF6, 0xFB, 0x08, 0x3A, 0x0B, 0x03, 0x04, 0xBF, 0x04, 0x01 ; file 05CDC7
db 0xFC, 0xF7, 0xF7, 0x07, 0x04, 0xBD, 0x01, 0xEF, 0x0B, 0x01, 0xFF, 0xF6, 0x0A, 0x40, 0xF3, 0xFA ; file 05CDD7
db 0x01, 0x94, 0x0B, 0x20, 0x08, 0x22, 0x05, 0x0E, 0x59, 0xFB, 0x04, 0xFC, 0x0F, 0x2B, 0xFE, 0x7A ; file 05CDE7
db 0x12, 0xA4, 0x06, 0x06, 0xD4, 0xF9, 0x09, 0x0A, 0x04, 0x09, 0x23, 0xFF, 0x03, 0xFD, 0xF6, 0xFF ; file 05CDF7
db 0xFE, 0x00, 0xF5, 0xF7, 0xBF, 0xFD, 0x00, 0xF9, 0x03, 0x06, 0x11, 0x0C, 0x38, 0x08, 0x57, 0x04 ; file 05CE07
db 0xFE, 0xF7, 0x0A, 0x41, 0xF4, 0x0B, 0x6A, 0x09, 0x0D, 0xA4, 0xFF, 0x03, 0x01, 0xF7, 0xF4, 0x00 ; file 05CE17
db 0x0B, 0x07, 0x01, 0xF7, 0x01, 0x06, 0x06, 0x0C, 0xD1, 0x00, 0xFA, 0xFB, 0xF1, 0xFF, 0xFF, 0xFE ; file 05CE27
db 0xF9, 0x02, 0x05, 0x13, 0x04, 0x05, 0xFF, 0x01, 0x06, 0x07, 0xFA, 0xFA, 0xFD, 0x00, 0x02, 0x9F ; file 05CE37
db 0xF6, 0xF7, 0xF8, 0x02, 0x06, 0x08, 0xC0, 0x02, 0xF4, 0xF7, 0x5F, 0x01, 0x0D, 0x09, 0x01, 0xFC ; file 05CE47
db 0x09, 0x77, 0xF8, 0x0F, 0x86, 0x7F, 0xFF, 0xF3, 0xF9, 0x00, 0xF9, 0x00, 0x06, 0x02, 0x0A, 0xBF ; file 05CE57
db 0x02, 0x04, 0x07, 0x00, 0xF8, 0xFB, 0x0E, 0xDA, 0xF4, 0xEF, 0xFF, 0x01, 0x0A, 0x08, 0x00, 0x9E ; file 05CE67
db 0x03, 0xFE, 0xF2, 0xF7, 0xFB, 0x06, 0x0B, 0x0B, 0xC2, 0x05, 0x04, 0xFF, 0xF6, 0xFF, 0x04, 0xF8 ; file 05CE77
db 0xFF, 0xF4, 0xF6, 0x00, 0xF9, 0xFF, 0xFF, 0x03, 0x0D, 0x0F, 0x00, 0x08, 0xFF, 0x09, 0x00, 0x8F ; file 05CE87
db 0xF8, 0xFC, 0xFE, 0x05, 0x06, 0x37, 0x06, 0x9D, 0x07, 0xD2, 0x03, 0xE7, 0x04, 0xF6, 0xFB, 0x04 ; file 05CE97
db 0xE8, 0x0C, 0xE3, 0x02, 0xFC, 0xF5, 0x7B, 0x01, 0xFC, 0x0F, 0x02, 0xFD, 0xFC, 0xFA, 0x08, 0x0F ; file 05CEA7
db 0x57, 0xFD, 0x04, 0x0C, 0xF5, 0xFA, 0xF8, 0xFD, 0xFA, 0x01, 0xF0, 0x7B, 0xF9, 0x00, 0x07, 0xFA ; file 05CEB7
db 0x01, 0x06, 0x02, 0x06, 0x0D, 0x15, 0xF7, 0x09, 0x0A, 0x00, 0x00, 0x30, 0x05, 0xF7, 0xFF, 0xFD ; file 05CEC7
db 0xFF, 0xFA, 0xFE, 0xF0, 0xFD, 0xFC, 0xF9, 0x05, 0x05, 0xDD, 0x14, 0x1D, 0x3C, 0x09, 0xF9, 0xF9 ; file 05CED7
db 0x0C, 0xEE, 0xF4, 0xF2, 0xF6, 0x0E, 0xB7, 0x00, 0x00, 0x09, 0x1B, 0xF9, 0xF6, 0x03, 0x0C, 0xF7 ; file 05CEE7
db 0x0C, 0x02, 0xFB, 0x07, 0xBE, 0xF6, 0xF9, 0x01, 0xFB, 0xEF, 0x02, 0xF4, 0xF6, 0xFF, 0x06, 0xA3 ; file 05CEF7
db 0x0D, 0x0B, 0x02, 0xE7, 0x05, 0x03, 0x06, 0x0C, 0x17, 0x0C, 0x22, 0xEF, 0xFF, 0xFF, 0xFD, 0x0E ; file 05CF07
db 0x0B, 0x7F, 0x05, 0x06, 0xFE, 0xF0, 0xFE, 0x05, 0xFC, 0x09, 0x7A, 0x0A, 0x6E, 0xFD, 0xF9, 0x03 ; file 05CF17
db 0xF5, 0x01, 0xF6, 0x7F, 0xF4, 0xFE, 0xF6, 0x03, 0x05, 0x0C, 0x10, 0x0E, 0x67, 0x6D, 0x06, 0x06 ; file 05CF27
db 0xC3, 0xFF, 0x05, 0x09, 0x1F, 0xFA, 0x0A, 0x09, 0x5A, 0xFF, 0x07, 0x05, 0x04, 0xF1, 0xFE, 0x08 ; file 05CF37
db 0x0E, 0x09, 0x57, 0xFD, 0xFC, 0xFF, 0x0F, 0x57, 0x00, 0x0E, 0x40, 0xF0, 0x0D, 0xFE, 0xFD, 0x0A ; file 05CF47
db 0x05, 0xFD, 0x04, 0x05, 0x02, 0x06, 0xF7, 0xFA, 0xFF, 0xFC, 0xFC, 0x02, 0xEF, 0xF6, 0xFE, 0x07 ; file 05CF57
db 0x0E, 0xFE, 0x04, 0x98, 0x03, 0x09, 0xF1, 0xF8, 0x02, 0x08, 0x0C, 0xED, 0x00, 0x0C, 0xCD, 0x07 ; file 05CF67
db 0xF7, 0x0E, 0x3F, 0x00, 0xF1, 0xF9, 0xDF, 0xF9, 0xFB, 0x07, 0x07, 0x12, 0x09, 0x49, 0xFF, 0x09 ; file 05CF77
db 0xFB, 0xF8, 0xFA, 0x0D, 0xBA, 0xF4, 0xED, 0xF9, 0x01, 0x0D, 0xFD, 0xFE, 0x06, 0xA5, 0x09, 0xF7 ; file 05CF87
db 0xF6, 0x04, 0x0B, 0x0F, 0xFF, 0x03, 0xFB, 0xFF, 0xFC, 0x03, 0xF6, 0xFA, 0xFF, 0x9F, 0xFA, 0x04 ; file 05CF97
db 0xF7, 0xF3, 0xFC, 0x0D, 0x33, 0x03, 0x2C, 0x07, 0xEF, 0x02, 0x05, 0xFF, 0xF5, 0x0A, 0xD3, 0xFB ; file 05CFA7
db 0xEC, 0xFD, 0xFB, 0xFE, 0x10, 0x0C, 0x8F, 0x05, 0x08, 0xFE, 0xF0, 0x01, 0xFD, 0x03, 0x09, 0x14 ; file 05CFB7
db 0x06, 0xFB, 0x09, 0xFC, 0xFD, 0xFF, 0xFF, 0xF6, 0x00, 0xFA, 0xF1, 0xFA, 0xF7, 0x04, 0x07, 0x6F ; file 05CFC7
db 0x0D, 0x0D, 0x03, 0x07, 0x07, 0x82, 0xF5, 0x00, 0x04, 0xED, 0xB5, 0xEC, 0x0B, 0x5E, 0x05, 0x17 ; file 05CFD7
db 0x8F, 0x03, 0xF0, 0x05, 0xBA, 0x0B, 0x7D, 0xFE, 0x0A, 0x95, 0xFC, 0xF7, 0xFD, 0xFC, 0xFE, 0x0B ; file 05CFE7
db 0xB4, 0x1F, 0xF5, 0x01, 0x0B, 0x0B, 0x0C, 0x07, 0x75, 0x0C, 0x80, 0x03, 0x2B, 0xBF, 0x00, 0xF0 ; file 05CFF7
db 0xF4, 0xFC, 0x08, 0x0C, 0x05, 0xD0, 0x06, 0xFE, 0x09, 0xC7, 0x04, 0x07, 0x0C, 0x01, 0x05, 0xFF ; file 05D007
db 0xFF, 0xF3, 0x07, 0xFA, 0x05, 0xE7, 0x06, 0xE1, 0xF5, 0xFE, 0x08, 0x0A, 0xFB, 0x0E, 0x09, 0x05 ; file 05D017
db 0x62, 0x06, 0xFA, 0xFA, 0x01, 0x05, 0xFF, 0x02, 0xF3, 0xEB, 0xF8, 0x02, 0x0C, 0xFE, 0x01, 0xFF ; file 05D027
db 0x08, 0x06, 0x08, 0xF6, 0xF7, 0x05, 0x0A, 0x10, 0xDB, 0x04, 0xFD, 0x0E, 0x70, 0xF7, 0xFB, 0x0F ; file 05D037
db 0x14, 0xFA, 0xF3, 0xFF, 0xF6, 0xFA, 0x09, 0x0C, 0x0C, 0x08, 0x06, 0x09, 0xFD, 0x03, 0x0C, 0x56 ; file 05D047
db 0xFC, 0xFE, 0x00, 0xFA, 0xEE, 0xF8, 0xFF, 0x01, 0x0E, 0x03, 0xFC, 0x03, 0x06, 0x09, 0xFC, 0xFB ; file 05D057
db 0xF4, 0x02, 0x0B, 0x10, 0x03, 0x03, 0xFA, 0x06, 0xFF, 0xFF, 0x01, 0xFA, 0xF9, 0xFC, 0xFD, 0xF2 ; file 05D067
db 0xF3, 0xF9, 0xEF, 0x05, 0x0B, 0x0C, 0x0A, 0x0B, 0x41, 0x00, 0x02, 0xF8, 0xBF, 0xFF, 0x04, 0x03 ; file 05D077
db 0xFC, 0xEC, 0xF0, 0x0B, 0xFF, 0xFD, 0xDF, 0x08, 0x05, 0x0A, 0xFE, 0xF4, 0x1F, 0x57, 0x00, 0xFE ; file 05D087
db 0xF5, 0xF9, 0x0E, 0x0D, 0xFA, 0x0A, 0xE1, 0xF4, 0xF4, 0xF5, 0x05, 0xBF, 0x0B, 0x0E, 0x08, 0x09 ; file 05D097
db 0x07, 0x08, 0x08, 0x0D, 0xFA, 0xFF, 0xFD, 0x01, 0xFD, 0xF3, 0xF0, 0xFC, 0x0A, 0x08, 0xE6, 0x07 ; file 05D0A7
db 0x02, 0x0B, 0x02, 0x09, 0x8E, 0x01, 0x42, 0x05, 0xFC, 0x00, 0xFC, 0x09, 0xC3, 0x07, 0xA7, 0xF8 ; file 05D0B7
db 0xF0, 0xF4, 0x02, 0x08, 0x0E, 0xFF, 0x08, 0x0C, 0x03, 0x07, 0x00, 0x00, 0xFE, 0xFB, 0xDF, 0x03 ; file 05D0C7
db 0x05, 0xFE, 0xF4, 0xEB, 0x0E, 0xF2, 0x00, 0x03, 0xBC, 0x0C, 0xE3, 0x02, 0x3C, 0x0A, 0x0E, 0x05 ; file 05D0D7
db 0x00, 0x07, 0x0B, 0xFC, 0xEF, 0xFA, 0xF9, 0xFE, 0x00, 0x0F, 0xBC, 0x00, 0x08, 0x0F, 0xFF, 0x0A ; file 05D0E7
db 0x08, 0x09, 0x09, 0x04, 0x00, 0xF9, 0xFA, 0xFF, 0xFC, 0x00, 0xFF, 0xF8, 0xF1, 0xF3, 0x06, 0x08 ; file 05D0F7
db 0xFF, 0x03, 0xFD, 0x01, 0x08, 0x07, 0xFC, 0xFA, 0x01, 0xDF, 0x06, 0x08, 0x08, 0x06, 0xFF, 0x01 ; file 05D107
db 0xEF, 0x02, 0xF6, 0xFF, 0xFC, 0xF9, 0xFF, 0xF2, 0xEE, 0xFE, 0x05, 0x0E, 0x2D, 0x0A, 0x09, 0xAB ; file 05D117
db 0x06, 0xFD, 0x03, 0xC1, 0x07, 0x0D, 0xDB, 0x08, 0x11, 0xFF, 0x04, 0x00, 0x07, 0x07, 0x08, 0xFB ; file 05D127
db 0xFA, 0x00, 0x5F, 0x07, 0x0D, 0x0A, 0x04, 0xFC, 0x05, 0x40, 0xFD, 0x1F, 0x13, 0x97, 0xF9, 0xED ; file 05D137
db 0xF8, 0x03, 0x85, 0x05, 0x0B, 0xDE, 0x15, 0xD6, 0xFE, 0xD7, 0x02, 0xF9, 0xF7, 0x03, 0x05, 0x04 ; file 05D147
db 0x0A, 0xCC, 0x0C, 0xFD, 0xDD, 0xFE, 0x0B, 0xA2, 0x07, 0x09, 0x02, 0x0E, 0xEE, 0x08, 0xF9, 0xDD ; file 05D157
db 0xF8, 0x0E, 0xD6, 0xEA, 0xF5, 0x04, 0x0E, 0xC8, 0x0D, 0x06, 0xDB, 0x04, 0x02, 0x0B, 0xFB, 0x04 ; file 05D167
db 0x04, 0x06, 0xE1, 0xF7, 0x04, 0xF8, 0x06, 0xAF, 0x02, 0x88, 0x0C, 0x2B, 0x0A, 0x0B, 0x08, 0x02 ; file 05D177
db 0xF8, 0xFA, 0x04, 0x1B, 0xF9, 0x0D, 0x30, 0x01, 0xF1, 0xEF, 0x03, 0x0A, 0x5F, 0x11, 0x08, 0x07 ; file 05D187
db 0x0D, 0x08, 0x0E, 0x85, 0xFC, 0x0B, 0x3C, 0xE7, 0xF8, 0xF3, 0xF2, 0x0E, 0x24, 0x03, 0x3D, 0x02 ; file 05D197
db 0xFE, 0x02, 0xFE, 0x02, 0x7E, 0x0A, 0x08, 0xFA, 0x00, 0xFA, 0x09, 0x00, 0xDF, 0xF6, 0xFC, 0xF8 ; file 05D1A7
db 0xFF, 0xF2, 0x06, 0x1E, 0x10, 0x08, 0xF2, 0x0F, 0x02, 0x05, 0x08, 0x3A, 0x05, 0x96, 0xF6, 0xF2 ; file 05D1B7
db 0xEE, 0x01, 0xFE, 0x04, 0x6E, 0x04, 0x0A, 0x03, 0xFA, 0x01, 0xFF, 0x08, 0x7F, 0x0A, 0x0A, 0x07 ; file 05D1C7
db 0xFB, 0xF8, 0xF4, 0xFE, 0x24, 0x41, 0x9F, 0xFD, 0xE9, 0xFC, 0x08, 0x0E, 0x01, 0x34, 0x00, 0xAF ; file 05D1D7
db 0xF5, 0x9D, 0xFF, 0x0B, 0xA4, 0xF7, 0xF9, 0xEE, 0x0A, 0x27, 0x00, 0x80, 0x07, 0xD7, 0xFD, 0x06 ; file 05D1E7
db 0xFF, 0x03, 0x80, 0x0D, 0x0B, 0x24, 0x01, 0x09, 0xFE, 0x05, 0x9B, 0xFA, 0xFC, 0xEA, 0xF7, 0x05 ; file 05D1F7
db 0x0C, 0x0C, 0xF7, 0x06, 0x0B, 0x09, 0x0B, 0x39, 0x05, 0x00, 0x04, 0x01, 0xDF, 0xF8, 0xF5, 0xEF ; file 05D207
db 0xF8, 0x01, 0x03, 0x79, 0x08, 0x08, 0xFF, 0xFA, 0x01, 0x01, 0x03, 0x09, 0x08, 0x0C, 0x01, 0x7C ; file 05D217
db 0x06, 0xA5, 0x03, 0x45, 0xFF, 0xFB, 0x02, 0xEF, 0xF3, 0x0D, 0x4C, 0xEF, 0x08, 0x09, 0x0F, 0x07 ; file 05D227
db 0x07, 0x4F, 0xFD, 0xFD, 0x01, 0xDF, 0xF9, 0xF8, 0xF5, 0xF5, 0x03, 0x06, 0x39, 0x00, 0x07, 0xFC ; file 05D237
db 0x07, 0xF3, 0x0C, 0xCA, 0x0C, 0x05, 0xFC, 0xFE, 0xF9, 0x0B, 0xFE, 0x03, 0x6E, 0xF9, 0xFD, 0xF1 ; file 05D247
db 0xEF, 0x00, 0x09, 0x0E, 0x7F, 0x07, 0x08, 0x0C, 0x04, 0x04, 0xF9, 0xFE, 0x09, 0xE3, 0xEF, 0xFA ; file 05D257
db 0xF5, 0xF4, 0xF2, 0x00, 0x0F, 0x09, 0x03, 0x0B, 0xFD, 0xFD, 0x03, 0xA7, 0x07, 0x07, 0x0B, 0x08 ; file 05D267
db 0xFB, 0xF6, 0xC5, 0xF3, 0x02, 0x89, 0xFB, 0x06, 0x08, 0x01, 0xC4, 0x00, 0x76, 0x0C, 0x0D, 0xFF ; file 05D277
db 0x06, 0xFD, 0xF6, 0xFE, 0xFD, 0x00, 0xFC, 0xF8, 0xAB, 0xF8, 0xF4, 0x0A, 0xDD, 0x05, 0x07, 0x00 ; file 05D287
db 0x01, 0x0A, 0xBB, 0x03, 0xFD, 0x06, 0x0D, 0x51, 0xF8, 0x03, 0x06, 0xF9, 0xFA, 0xFA, 0xFF, 0xF9 ; file 05D297
db 0xF8, 0xEE, 0xF9, 0x05, 0x0D, 0x09, 0x08, 0xED, 0x09, 0x0A, 0xE1, 0xF8, 0x05, 0x04, 0x45, 0xF6 ; file 05D2A7
db 0xF6, 0xF3, 0x7F, 0xF8, 0xFD, 0xFF, 0x0A, 0x04, 0x0A, 0x01, 0x07, 0x51, 0xCD, 0x03, 0x04, 0x91 ; file 05D2B7
db 0x00, 0xF9, 0x01, 0x1A, 0x02, 0x6E, 0xFC, 0xFE, 0xFF, 0xF3, 0xF6, 0x04, 0x0D, 0x0A, 0x0C, 0x09 ; file 05D2C7
db 0x0F, 0xDF, 0x08, 0x02, 0xF6, 0xFB, 0xFF, 0x0B, 0x2A, 0xF8, 0xF7, 0xB3, 0xF9, 0xFB, 0x04, 0x93 ; file 05D2D7
db 0x1F, 0x55, 0x0A, 0x02, 0x08, 0x6B, 0x03, 0xFF, 0xFF, 0xFB, 0xFD, 0x06, 0xFD, 0xFC, 0xF8, 0xFB ; file 05D2E7
db 0x7F, 0xF7, 0xF3, 0xF4, 0xFF, 0x0B, 0x0A, 0x09, 0x02, 0xAA, 0xF7, 0xFF, 0xFC, 0xFD, 0x09, 0x1B ; file 05D2F7
db 0xF8, 0xF5, 0xF7, 0xF7, 0x9F, 0xF9, 0xFC, 0x05, 0x09, 0x06, 0x06, 0xDD, 0x0C, 0x76, 0x04, 0xBE ; file 05D307
db 0x0B, 0x60, 0xF4, 0xF4, 0xFC, 0xFD, 0xF9, 0x0E, 0x01, 0xF8, 0xFF, 0xF6, 0xFC, 0x0A, 0x0C, 0x0A ; file 05D317
db 0x0B, 0x0C, 0x0D, 0xFE, 0x0B, 0x63, 0xFE, 0x00, 0xFF, 0xF9, 0xF9, 0xF7, 0xFC, 0xFC, 0x05, 0x17 ; file 05D327
db 0x03, 0x4E, 0xFC, 0x06, 0x0B, 0x07, 0x02, 0x02, 0xF7, 0x08, 0x07, 0x02, 0x0E, 0x44, 0x01, 0xFE ; file 05D337
db 0xF9, 0xF9, 0xCF, 0xF9, 0xF4, 0xF5, 0xF8, 0x0F, 0x1E, 0x04, 0xFD, 0x02, 0xFD, 0xDF, 0xFC, 0x02 ; file 05D347
db 0x0A, 0x00, 0xFA, 0x00, 0x2F, 0xF6, 0xF9, 0xBF, 0xFF, 0x0A, 0x07, 0x08, 0xFC, 0x00, 0x07, 0xC6 ; file 05D357
db 0x04, 0x92, 0x06, 0x1B, 0xF7, 0x0F, 0x46, 0x0A, 0x20, 0xFE, 0x00, 0xE8, 0x14, 0x02, 0x0C, 0xEB ; file 05D367
db 0x0D, 0x0A, 0x39, 0xFF, 0xFA, 0x0A, 0x60, 0xF5, 0xFC, 0x02, 0xF6, 0x16, 0x58, 0x0A, 0x0C, 0x13 ; file 05D377
db 0x27, 0x03, 0x00, 0xF9, 0x01, 0xFB, 0xFF, 0x01, 0x0F, 0x57, 0xF2, 0xF7, 0xF8, 0xFE, 0x0B, 0xDF ; file 05D387
db 0x06, 0x0C, 0x07, 0x0A, 0x08, 0x07, 0x08, 0x0A, 0x05, 0xFF, 0xFA, 0xF7, 0xF6, 0xFA, 0xFB, 0xF3 ; file 05D397
db 0xFB, 0x06, 0xED, 0x0A, 0x03, 0xB5, 0x06, 0x08, 0x02, 0xC9, 0x0B, 0x06, 0xFF, 0x7F, 0xF2, 0xF6 ; file 05D3A7
db 0xF9, 0xFD, 0xFB, 0xF7, 0xFD, 0x1C, 0x86, 0xFF, 0x09, 0x09, 0x0B, 0x0D, 0x0C, 0x0C, 0x03, 0xFB ; file 05D3B7
db 0xFD, 0xFA, 0x01, 0xC4, 0xF8, 0xFA, 0xF7, 0x02, 0xF2, 0xF8, 0x3D, 0xFF, 0x0C, 0xD5, 0xFD, 0x0A ; file 05D3C7
db 0x0B, 0x0B, 0x01, 0x2B, 0x0E, 0xB2, 0xB9, 0xFF, 0x07, 0xB9, 0x0F, 0x3F, 0xF1, 0xFD, 0xF8, 0x0D ; file 05D3D7
db 0x4D, 0x0A, 0xFF, 0x07, 0x0B, 0x01, 0xFB, 0x00, 0x01, 0x0D, 0xFD, 0x7F, 0xF7, 0xF6, 0xF8, 0xFF ; file 05D3E7
db 0xF3, 0xF6, 0x01, 0x0C, 0xA3, 0x78, 0x07, 0x67, 0x07, 0xB5, 0x09, 0x32, 0xF7, 0xF3, 0xF9, 0xF9 ; file 05D3F7
db 0x01, 0x1B, 0xFA, 0x0C, 0x50, 0xFC, 0x0D, 0xF5, 0x0E, 0x0D, 0x0B, 0x0A, 0xFB, 0xFF, 0xFD, 0xF9 ; file 05D407
db 0x02, 0x00, 0xF7, 0xFB, 0xF7, 0xFF, 0xD7, 0xFA, 0xF1, 0xFB, 0x0A, 0x65, 0xFA, 0x0C, 0x48, 0x06 ; file 05D417
db 0xFE, 0xF3, 0x08, 0x03, 0x0C, 0x88, 0x07, 0x97, 0xFD, 0xF8, 0xFA, 0xEF, 0x7D, 0xFB, 0x04, 0x02 ; file 05D427
db 0x05, 0x0C, 0x08, 0x07, 0x09, 0x1D, 0x6D, 0xD7, 0x07, 0xF6, 0xF7, 0x0B, 0x76, 0xF0, 0x03, 0x26 ; file 05D437
db 0x0A, 0xFB, 0xDF, 0x00, 0x08, 0x08, 0x08, 0xFE, 0x06, 0xDF, 0xFF, 0xF3, 0x97, 0xF7, 0xF6, 0xFD ; file 05D447
db 0x05, 0x38, 0xF8, 0x08, 0xE3, 0x0D, 0xF5, 0x10, 0x7F, 0x0B, 0x0C, 0x00, 0xFC, 0xFC, 0xFD, 0x03 ; file 05D457
db 0x03, 0x39, 0xF7, 0xFA, 0x02, 0xF0, 0x06, 0x5E, 0x08, 0xFA, 0xFE, 0x0C, 0x7B, 0x0C, 0x0D, 0x02 ; file 05D467
db 0x4A, 0x01, 0x07, 0xF8, 0x02, 0x0E, 0x49, 0x5B, 0xFA, 0xF8, 0x01, 0x81, 0xFA, 0x05, 0x04, 0xDE ; file 05D477
db 0x06, 0x09, 0x7D, 0xEE, 0x07, 0x68, 0xFD, 0xF5, 0xF7, 0x07, 0x9F, 0xF4, 0x02, 0x05, 0x3F, 0x0F ; file 05D487
db 0xFE, 0xFC, 0x07, 0x08, 0x0A, 0x0A, 0x93, 0x04, 0x35, 0xF7, 0xF6, 0xF6, 0xF7, 0x0E, 0x04, 0xFB ; file 05D497
db 0xF4, 0x05, 0xFF, 0xAF, 0x02, 0x06, 0x08, 0x0F, 0x0C, 0x32, 0xFB, 0x0D, 0x1F, 0x00, 0xFF, 0xF6 ; file 05D4A7
db 0xFA, 0xF9, 0x01, 0xFA, 0xEE, 0xFB, 0xFE, 0x7F, 0x08, 0x00, 0xFA, 0x07, 0x0C, 0x0E, 0x08, 0x0F ; file 05D4B7
db 0xF8, 0xF6, 0x0C, 0x0A, 0x01, 0xF7, 0x06, 0x20, 0xF7, 0xEF, 0xFD, 0xFF, 0x9E, 0x03, 0xFC, 0x0B ; file 05D4C7
db 0x09, 0x06, 0x08, 0x0E, 0x49, 0x0D, 0x2E, 0xF7, 0x7E, 0x09, 0xA5, 0xEF, 0xFC, 0x02, 0x0B, 0x09 ; file 05D4D7
db 0xF8, 0x07, 0xD5, 0xBD, 0x08, 0x03, 0x51, 0x06, 0xFF, 0xF6, 0xF7, 0x0D, 0x74, 0xF6, 0xF6, 0x0E ; file 05D4E7
db 0x6E, 0x06, 0x00, 0x0D, 0x77, 0x11, 0x0A, 0x0A, 0x00, 0xAB, 0xFD, 0xFD, 0x0F, 0x57, 0xF8, 0x0B ; file 05D4F7
db 0xA2, 0xF2, 0x06, 0xAD, 0x08, 0xFE, 0x08, 0x42, 0x0E, 0x0D, 0x01, 0x04, 0x03, 0x01, 0x06, 0xFE ; file 05D507
db 0x16, 0x12, 0x04, 0xFB, 0xF8, 0xF1, 0xF5, 0x02, 0xFE, 0xBF, 0x01, 0x04, 0x08, 0x0B, 0x07, 0x07 ; file 05D517
db 0x0C, 0x0D, 0x02, 0x7A, 0x0A, 0xEF, 0xF8, 0x01, 0x6D, 0xF3, 0x01, 0x04, 0x0F, 0x05, 0x6D, 0xDE ; file 05D527
db 0x1D, 0x48, 0x06, 0x04, 0x04, 0xFA, 0x0C, 0xCB, 0x00, 0xFA, 0xFF, 0xF7, 0xF8, 0xF6, 0x05, 0x05 ; file 05D537
db 0x00, 0x03, 0x09, 0xD3, 0x10, 0x0E, 0x06, 0xEE, 0x01, 0x89, 0xFE, 0x0D, 0x5F, 0x01, 0xFA, 0xBF ; file 05D547
db 0xED, 0xF8, 0xFE, 0x09, 0xFE, 0xFB, 0x0B, 0x9F, 0x08, 0x7B, 0x01, 0x06, 0x07, 0x5E, 0x01, 0xFD ; file 05D557
db 0xF8, 0x02, 0x07, 0xEB, 0x8D, 0xF1, 0x0C, 0x15, 0x00, 0x06, 0x03, 0x03, 0x02, 0xF7, 0x09, 0x8C ; file 05D567
db 0xF5, 0xEE, 0x01, 0x67, 0xFB, 0xF1, 0xFA, 0x05, 0x51, 0xF9, 0x05, 0x0A, 0xBB, 0x0A, 0x08, 0x03 ; file 05D577
db 0x82, 0x05, 0xFF, 0xFA, 0x05, 0x5B, 0xFF, 0x33, 0xF7, 0xF8, 0x0A, 0x3C, 0x0B, 0xEA, 0x0C, 0x11 ; file 05D587
db 0x0C, 0x0B, 0x0D, 0x0A, 0x7E, 0x0C, 0xF5, 0xF9, 0x01, 0xFD, 0xF4, 0xF0, 0xFB, 0x0C, 0xC1, 0xAF ; file 05D597
db 0x02, 0x0B, 0x0F, 0x0C, 0x11, 0xE5, 0x03, 0x02, 0xAD, 0xFC, 0x5F, 0x03, 0xFD, 0xF7, 0xEF, 0xF9 ; file 05D5A7
db 0x0D, 0x48, 0x03, 0x0F, 0x57, 0xBB, 0x04, 0x03, 0x28, 0x21, 0xF3, 0xF9, 0xFE, 0x02, 0x6A, 0x00 ; file 05D5B7
db 0xBF, 0x04, 0x0C, 0xFB, 0x00, 0x09, 0x0A, 0x0C, 0xE1, 0x04, 0xD7, 0x02, 0x03, 0xFD, 0x0D, 0x38 ; file 05D5C7
db 0xFE, 0x0B, 0xB0, 0xFA, 0x05, 0x19, 0x09, 0x00, 0x1C, 0x0F, 0x57, 0x02, 0x00, 0x02, 0xC4, 0x0C ; file 05D5D7
db 0x60, 0x0A, 0xFA, 0xB6, 0x19, 0x0F, 0xFD, 0xFE, 0x0A, 0xF6, 0x09, 0x04, 0x03, 0x01, 0x01, 0x5B ; file 05D5E7
db 0x03, 0xFA, 0x0A, 0xF5, 0xFB, 0xF0, 0x1E, 0xD8, 0xFC, 0x0D, 0xB0, 0xD9, 0x05, 0x06, 0xAF, 0x03 ; file 05D5F7
db 0x14, 0xF7, 0xF6, 0x08, 0x2B, 0xF4, 0xF9, 0xD7, 0x00, 0x0A, 0x03, 0x0F, 0xEB, 0x0B, 0x00, 0xAB ; file 05D607
db 0x01, 0x03, 0xFA, 0x01, 0x08, 0xF4, 0x0D, 0xB0, 0xF5, 0xF6, 0x00, 0x09, 0x06, 0xDF, 0xFC, 0x05 ; file 05D617
db 0x0D, 0x10, 0x0C, 0x03, 0xF7, 0x00, 0x00, 0xFF, 0xFC, 0xFA, 0xF8, 0xFA, 0x03, 0xFA, 0xF5, 0xF0 ; file 05D627
db 0x3D, 0xF9, 0x07, 0x19, 0x04, 0x0A, 0x11, 0x0A, 0x0F, 0x3B, 0x01, 0x7D, 0xBD, 0xFE, 0x0E, 0xEE ; file 05D637
db 0xFF, 0xF6, 0xEF, 0xFB, 0x01, 0x5B, 0x01, 0xBF, 0x08, 0x0A, 0x08, 0x02, 0x02, 0x02, 0x0E, 0x6E ; file 05D647
db 0xFE, 0xE3, 0xF5, 0xF9, 0x0B, 0xDD, 0x0E, 0x6F, 0x09, 0x9D, 0x0A, 0x0B, 0x09, 0xF2, 0x03, 0xB8 ; file 05D657
db 0x01, 0x1E, 0xDD, 0x0B, 0x71, 0xF7, 0xF1, 0xFE, 0x04, 0xC4, 0x0B, 0x2B, 0x1E, 0xAE, 0xFE, 0x05 ; file 05D667
db 0x53, 0x01, 0x04, 0x06, 0x1A, 0xF8, 0xF2, 0xF7, 0xF2, 0xFF, 0x03, 0x08, 0x67, 0x0E, 0x0E, 0x0A ; file 05D677
db 0x07, 0xED, 0xFE, 0x03, 0xB0, 0x05, 0xF7, 0x01, 0xEA, 0xFB, 0xEF, 0xF7, 0xFE, 0x00, 0x51, 0xF9 ; file 05D687
db 0x06, 0x08, 0x0A, 0x06, 0xFE, 0x07, 0xEB, 0x01, 0x09, 0x03, 0xC0, 0xF4, 0x06, 0x6C, 0xF7, 0xF7 ; file 05D697
db 0x00, 0xDE, 0x05, 0xE3, 0x08, 0x0A, 0x0C, 0x06, 0x0A, 0x86, 0x01, 0x01, 0xDF, 0x00, 0xF5, 0xF4 ; file 05D6A7
db 0xF7, 0xFD, 0x0C, 0x8A, 0x02, 0x0A, 0x7F, 0x09, 0xFA, 0x04, 0x0D, 0x0F, 0x0D, 0x00, 0x0F, 0x80 ; file 05D6B7
db 0xFB, 0x00, 0xF9, 0x09, 0x0F, 0x03, 0xF8, 0xF6, 0xF1, 0xF6, 0xFD, 0x03, 0x0E, 0x1A, 0x0A, 0x10 ; file 05D6C7
db 0x0A, 0x0C, 0x02, 0xFD, 0xFF, 0x02, 0xFE, 0x09, 0xFB, 0xFA, 0xFB, 0xFE, 0x02, 0xFF, 0xF4, 0xF0 ; file 05D6D7
db 0xFD, 0x01, 0x0A, 0xF8, 0x00, 0x07, 0x79, 0x09, 0x03, 0xCC, 0x00, 0x94, 0xFA, 0xFD, 0xF7, 0xFA ; file 05D6E7
db 0x06, 0x3E, 0xF7, 0xF8, 0xF9, 0x06, 0x02, 0x63, 0x0B, 0x0B, 0x08, 0x05, 0xFD, 0x02, 0x05, 0xCC ; file 05D6F7
db 0x03, 0xFB, 0xF3, 0xF6, 0xF9, 0xFE, 0xFF, 0xF6, 0xF0, 0x02, 0x04, 0x0E, 0xFF, 0xFE, 0x09, 0x7B ; file 05D707
db 0x0E, 0x0E, 0x0A, 0x77, 0x00, 0x04, 0xFB, 0xF9, 0x05, 0xF2, 0xBF, 0xFC, 0xF6, 0xF6, 0xEF, 0x00 ; file 05D717
db 0xFE, 0x0A, 0x63, 0x0D, 0xBD, 0x0E, 0x0C, 0xD7, 0x02, 0xFD, 0x05, 0x04, 0x0C, 0x38, 0x02, 0xFF ; file 05D727
db 0xFB, 0xEF, 0xFA, 0xFE, 0x09, 0x01, 0xF9, 0x04, 0xD7, 0x08, 0x09, 0x04, 0x04, 0xE0, 0x08, 0x0F ; file 05D737
db 0x81, 0xF6, 0x01, 0xF6, 0x05, 0xBF, 0xF6, 0x00, 0x15, 0xE0, 0x0B, 0x0B, 0x05, 0x06, 0xFB, 0xFD ; file 05D747
db 0xFE, 0x04, 0x28, 0xF5, 0xF5, 0xF6, 0xFB, 0xFD, 0xFD, 0xEF, 0x02, 0x68, 0x0A, 0xFB, 0x03, 0x0E ; file 05D757
db 0x0C, 0x0C, 0xF6, 0x01, 0x95, 0x03, 0x01, 0x19, 0xD4, 0x00, 0xF7, 0xF7, 0xF3, 0xFF, 0xF5, 0x01 ; file 05D767
db 0xFA, 0x06, 0x05, 0x0A, 0x0F, 0x0A, 0xDD, 0x0E, 0x0F, 0xA3, 0x00, 0x09, 0xFA, 0x03, 0x44, 0x02 ; file 05D777
db 0xF2, 0x77, 0xF5, 0xFE, 0x03, 0x0C, 0x9E, 0x06, 0x08, 0x07, 0x0A, 0x70, 0xF1, 0x05, 0x03, 0xC0 ; file 05D787
db 0x08, 0xE5, 0x0F, 0xE7, 0xF8, 0x03, 0xFB, 0x06, 0xFB, 0x06, 0x0A, 0x1D, 0x47, 0xFB, 0xFE, 0xFE ; file 05D797
db 0x06, 0xFB, 0x7F, 0xF5, 0xF6, 0xF5, 0xFF, 0xF4, 0xF4, 0x02, 0x01, 0x70, 0xD6, 0x04, 0x2F, 0x0D ; file 05D7A7
db 0x03, 0x06, 0xED, 0x04, 0x0C, 0x60, 0xFB, 0x02, 0xEF, 0xFA, 0xF5, 0xF9, 0xF0, 0x06, 0x66, 0x08 ; file 05D7B7
db 0x07, 0x0C, 0x7F, 0x0D, 0x0D, 0x09, 0xFB, 0x01, 0xFB, 0x08, 0x03, 0x1A, 0xBF, 0xF9, 0x00, 0xFA ; file 05D7C7
db 0xF2, 0xFC, 0x01, 0x08, 0xEF, 0x02, 0xFD, 0x07, 0x03, 0x8A, 0x08, 0x09, 0x06, 0xFE, 0xF5, 0xFE ; file 05D7D7
db 0x7E, 0x0F, 0x03, 0xFA, 0xFF, 0xF6, 0xFF, 0xFC, 0xFF, 0x08, 0xAA, 0xD7, 0x09, 0x06, 0x07, 0x04 ; file 05D7E7
db 0x78, 0x03, 0x0D, 0xF0, 0xF5, 0xF9, 0x3E, 0x04, 0x1F, 0x06, 0x09, 0x09, 0xFE, 0x02, 0x07, 0xBF ; file 05D7F7
db 0x0E, 0x72, 0xE1, 0x05, 0x0C, 0xA3, 0x05, 0x37, 0x0D, 0x47, 0x01, 0x7E, 0x09, 0x07, 0x0A, 0xB3 ; file 05D807
db 0x0B, 0x0D, 0x0F, 0x57, 0x07, 0xB6, 0xFC, 0xFB, 0x05, 0xAD, 0xF3, 0xB7, 0xFA, 0x00, 0x05, 0x0A ; file 05D817
db 0x58, 0x05, 0x07, 0x01, 0x75, 0x0C, 0xFF, 0x06, 0x02, 0xF6, 0xFA, 0xFE, 0xFE, 0xFE, 0xF9, 0x75 ; file 05D827
db 0xFF, 0x0B, 0x2D, 0xFA, 0x09, 0x17, 0x0A, 0x06, 0x08, 0x1F, 0x9E, 0xFF, 0x05, 0xFC, 0xF7, 0xF6 ; file 05D837
db 0xF4, 0xFC, 0xF3, 0xFA, 0xBD, 0x02, 0x00, 0x6D, 0xFE, 0x08, 0x0B, 0x0A, 0x02, 0x79, 0x07, 0xFF ; file 05D847
db 0x02, 0xF8, 0xF9, 0xFB, 0x00, 0xFD, 0xF9, 0xF6, 0xFF, 0xF8, 0xF5, 0xF6, 0xF8, 0x05, 0x0A, 0x09 ; file 05D857
db 0x09, 0xCF, 0x0D, 0x0F, 0x06, 0xFE, 0x01, 0x84, 0x05, 0xC8, 0xFA, 0xFC, 0xFD, 0xF9, 0x0A, 0x24 ; file 05D867
db 0x01, 0x05, 0xFB, 0xFE, 0x07, 0x04, 0x0F, 0x01, 0x03, 0x08, 0x0C, 0x05, 0x88, 0x07, 0xD9, 0x00 ; file 05D877
db 0x5B, 0x09, 0xA4, 0xFE, 0x01, 0x9E, 0x0B, 0x07, 0x08, 0x05, 0xFD, 0xF9, 0xFB, 0xEB, 0x04, 0x00 ; file 05D887
db 0x09, 0xEA, 0xF8, 0x0B, 0xF2, 0x08, 0x07, 0x08, 0xB1, 0x02, 0x0C, 0xDD, 0x03, 0x81, 0x04, 0x48 ; file 05D897
db 0xF7, 0xF9, 0x0A, 0x0D, 0xF8, 0xF7, 0xF7, 0xF8, 0xF4, 0x09, 0xD0, 0x09, 0x09, 0x09, 0x10, 0xA6 ; file 05D8A7
db 0x03, 0xB3, 0xFC, 0x05, 0x04, 0x4D, 0x04, 0x5A, 0xFA, 0x0A, 0x4F, 0x00, 0xF5, 0x04, 0x07, 0xAD ; file 05D8B7
db 0x01, 0x00, 0xD0, 0x06, 0xFE, 0xF7, 0xF8, 0xCC, 0x13, 0xA9, 0x1D, 0xAA, 0xFC, 0x0A, 0x09, 0x51 ; file 05D8C7
db 0x0E, 0xEC, 0xF9, 0xF8, 0xBC, 0x08, 0x87, 0x09, 0xEA, 0xF5, 0xF8, 0xFE, 0x02, 0x09, 0x51, 0x02 ; file 05D8D7
db 0x2B, 0x04, 0x0A, 0x03, 0xDA, 0x05, 0x0C, 0x16, 0xF6, 0x07, 0xBF, 0x07, 0xFA, 0xEF, 0xF9, 0xEE ; file 05D8E7
db 0xFA, 0x07, 0x03, 0x8C, 0x0E, 0x0D, 0x05, 0xFF, 0x03, 0xF8, 0x04, 0xFF, 0x01, 0xFF, 0xF9, 0xFB ; file 05D8F7
db 0xBC, 0x04, 0x08, 0x0C, 0x9F, 0x06, 0xFE, 0xFB, 0x05, 0x01, 0xA7, 0x09, 0x7F, 0x0D, 0xFE, 0xFB ; file 05D907
db 0xF5, 0xFF, 0x05, 0xF9, 0x09, 0x36, 0x9F, 0x00, 0xF1, 0xF7, 0x04, 0x0D, 0x26, 0x84, 0x02, 0x66 ; file 05D917
db 0x01, 0xBC, 0x01, 0x64, 0x06, 0xC7, 0xFF, 0xFF, 0x08, 0x05, 0x03, 0x66, 0x07, 0xFB, 0x06, 0x01 ; file 05D927
db 0x02, 0x20, 0x03, 0xFB, 0xF9, 0xF9, 0x04, 0xDD, 0xFB, 0x09, 0x90, 0xFD, 0xF0, 0xF2, 0x09, 0xBD ; file 05D937
db 0x07, 0x09, 0x67, 0x10, 0x06, 0x08, 0x02, 0x2A, 0x0C, 0x62, 0xFB, 0xF7, 0x0B, 0x64, 0xB4, 0x00 ; file 05D947
db 0x88, 0x0F, 0x02, 0x03, 0x01, 0x3F, 0x0D, 0x05, 0x01, 0xD0, 0x07, 0x7F, 0xFD, 0xF9, 0xFF, 0xFF ; file 05D957
db 0x02, 0xF7, 0xF0, 0x0C, 0xCA, 0xEE, 0x07, 0x45, 0x05, 0x01, 0xF8, 0x0F, 0x1B, 0x02, 0xFB, 0xF4 ; file 05D967
db 0x3F, 0xF4, 0xF0, 0xFF, 0xFF, 0x04, 0x08, 0x08, 0x31, 0x01, 0x27, 0x5B, 0x06, 0x04, 0x06, 0x28 ; file 05D977
db 0xFD, 0xF6, 0x02, 0xE9, 0xF8, 0x0A, 0x5F, 0xFF, 0xEA, 0xFD, 0x06, 0x0D, 0x09, 0x06, 0x0F, 0x0A ; file 05D987
db 0xF7, 0x07, 0x02, 0xFA, 0x01, 0xA7, 0xFF, 0xFA, 0xFA, 0xF0, 0xDC, 0x00, 0x14, 0x01, 0xEA, 0x01 ; file 05D997
db 0xFA, 0x01, 0x05, 0x80, 0x0A, 0x0C, 0x7F, 0xFB, 0xFA, 0xF8, 0x00, 0x05, 0xF8, 0xFD, 0x01, 0xDB ; file 05D9A7
db 0xE5, 0xEC, 0x08, 0x54, 0x0D, 0x0D, 0x9B, 0x03, 0x7B, 0xFE, 0xFD, 0x02, 0x06, 0x04, 0xA2, 0xEF ; file 05D9B7
db 0xF8, 0x0A, 0xD9, 0x05, 0x48, 0x08, 0x7B, 0x04, 0xAD, 0x03, 0xB4, 0xFF, 0xFA, 0xFA, 0x05, 0xF8 ; file 05D9C7
db 0xF7, 0xFA, 0xF7, 0xFE, 0x7F, 0xEE, 0xF2, 0x04, 0x09, 0x0E, 0x05, 0x0B, 0x0F, 0xD3, 0xFF, 0xFB ; file 05D9D7
db 0x01, 0xFE, 0xFE, 0x03, 0xFC, 0xFA, 0xF4, 0x99, 0xF5, 0x02, 0x12, 0x0B, 0x15, 0xFD, 0xFB, 0x05 ; file 05D9E7
db 0x80, 0x03, 0x35, 0xF7, 0xFB, 0xFC, 0xF9, 0x0F, 0x57, 0x01, 0xFE, 0x04, 0xF3, 0xF0, 0x9F, 0x01 ; file 05D9F7
db 0x08, 0x11, 0x07, 0x06, 0x0C, 0x0A, 0x05, 0xDC, 0xFF, 0xBF, 0x03, 0xFD, 0xF4, 0xF1, 0xF0, 0x02 ; file 05DA07
db 0x00, 0x88, 0x04, 0x6F, 0x0D, 0x08, 0xFF, 0x02, 0x00, 0x6C, 0x07, 0x06, 0x08, 0x5B, 0xBE, 0x01 ; file 05DA17
db 0x4D, 0xF9, 0xF8, 0xFC, 0xF7, 0xEB, 0x06, 0x2F, 0x09, 0xEE, 0x06, 0xAE, 0x09, 0x01, 0xFD, 0x03 ; file 05DA27
db 0xFA, 0x01, 0xFA, 0xF7, 0xE3, 0xF0, 0x02, 0x0D, 0x92, 0x00, 0x51, 0x0C, 0x54, 0x06, 0x0A, 0x09 ; file 05DA37
db 0xE3, 0x08, 0xFC, 0x0D, 0xDC, 0x03, 0x62, 0x0B, 0xD8, 0xED, 0xFA, 0x05, 0xD3, 0x0D, 0x0E, 0x0C ; file 05DA47
db 0xF6, 0x08, 0xD7, 0xFC, 0x09, 0xA3, 0xF8, 0xF4, 0xFB, 0xEC, 0xFA, 0x00, 0x35, 0x05, 0x07, 0x0F ; file 05DA57
db 0x01, 0x00, 0x3F, 0xFD, 0x04, 0x07, 0x08, 0x06, 0x01, 0x0F, 0x79, 0x06, 0x59, 0x1C, 0x0D, 0x03 ; file 05DA67
db 0x07, 0x02, 0x08, 0x0E, 0x05, 0x0F, 0xAC, 0x0E, 0x08, 0x11, 0x83, 0xEB, 0xF9, 0xF1, 0x08, 0xC2 ; file 05DA77
db 0x01, 0x0A, 0x10, 0xFF, 0xF9, 0xFA, 0xED, 0x03, 0x0D, 0xC2, 0x02, 0xF8, 0x09, 0x3A, 0xFF, 0xF9 ; file 05DA87
db 0x02, 0x3F, 0xFF, 0x02, 0xF3, 0xF2, 0x01, 0x07, 0x0F, 0x57, 0x0D, 0x46, 0xFD, 0xFA, 0x0B, 0xE4 ; file 05DA97
db 0x04, 0xFE, 0xF6, 0xED, 0xF2, 0x03, 0xCB, 0x06, 0x03, 0x0C, 0xB2, 0x0A, 0x0A, 0x15, 0x05, 0x86 ; file 05DAA7
db 0x02, 0x00, 0xF9, 0xFB, 0x07, 0x16, 0x09, 0x64, 0xFC, 0xF4, 0xF0, 0xFC, 0x06, 0x3B, 0x0C, 0x09 ; file 05DAB7
db 0x08, 0x7D, 0x09, 0x01, 0x03, 0x0F, 0xEC, 0x0E, 0x83, 0x13, 0xF2, 0x01, 0x04, 0x34, 0x1E, 0x59 ; file 05DAC7
db 0xF6, 0x0A, 0x36, 0x0E, 0x18, 0x1F, 0x5B, 0xCD, 0xFB, 0x00, 0x6B, 0xF9, 0xF0, 0x18, 0x95, 0x06 ; file 05DAD7
db 0xBD, 0x03, 0xFC, 0xEC, 0x0B, 0x8F, 0x02, 0x1A, 0xF1, 0xED, 0x1A, 0xFA, 0x06, 0x08, 0x0E, 0xFF ; file 05DAE7
db 0x04, 0xFB, 0xFC, 0x05, 0x07, 0x0A, 0x03, 0x01, 0x7E, 0x16, 0xC2, 0xFA, 0xF7, 0xF9, 0xFD, 0xF6 ; file 05DAF7
db 0xF2, 0x02, 0xD2, 0xDF, 0x0B, 0x08, 0x0C, 0x05, 0x0A, 0x04, 0xE1, 0xFA, 0xFF, 0x7E, 0x01, 0x2E ; file 05DB07
db 0xF1, 0xFA, 0x07, 0x0A, 0xFF, 0xFF, 0x07, 0x01, 0xF7, 0xF6, 0xF9, 0x03, 0x07, 0xA8, 0x01, 0xF9 ; file 05DB17
db 0xFC, 0x02, 0xBB, 0xFE, 0x00, 0x04, 0xAE, 0xFE, 0xF4, 0xF5, 0x03, 0xCF, 0x08, 0xB2, 0x07, 0x6B ; file 05DB27
db 0xFE, 0x07, 0xC9, 0x0F, 0x57, 0xF8, 0xEB, 0x02, 0x97, 0x02, 0xFF, 0x00, 0x08, 0x0B, 0x0C, 0xFE ; file 05DB37
db 0xF8, 0x02, 0x05, 0xFA, 0x00, 0xF9, 0x02, 0x00, 0xAD, 0xFB, 0xF8, 0xF8, 0xFB, 0xFB, 0x97, 0xF3 ; file 05DB47
db 0xF5, 0xF9, 0x09, 0x7D, 0x0B, 0x0B, 0xC9, 0x16, 0x2D, 0xFE, 0xEB, 0x02, 0xFC, 0x00, 0x2B, 0x0D ; file 05DB57
db 0x1F, 0x57, 0x04, 0xFC, 0xF3, 0x77, 0x00, 0x06, 0x0D, 0x09, 0x8F, 0xF9, 0x02, 0xFE, 0x06, 0x95 ; file 05DB67
db 0xBA, 0x0A, 0x09, 0xF5, 0x09, 0x68, 0x0C, 0x07, 0x06, 0x01, 0x4C, 0xFE, 0x7F, 0xF7, 0xFC, 0x01 ; file 05DB77
db 0x02, 0xFD, 0xEF, 0xF0, 0x02, 0xFC, 0x5B, 0xFF, 0x04, 0x0D, 0x72, 0xF7, 0xFC, 0x08, 0xE4, 0x01 ; file 05DB87
db 0x0F, 0xD8, 0xF7, 0x01, 0xF9, 0xFA, 0x08, 0xBB, 0xF3, 0xF6, 0xF7, 0xFF, 0xDA, 0x07, 0x56, 0x09 ; file 05DB97
db 0x05, 0x41, 0x09, 0xFB, 0x06, 0x58, 0x02, 0xF5, 0xD8, 0x07, 0x2E, 0x05, 0x67, 0x05, 0x89, 0xF4 ; file 05DBA7
db 0xF8, 0x0F, 0xD0, 0x01, 0xFF, 0xFC, 0x00, 0xF2, 0x09, 0xFB, 0xFE, 0x04, 0xFB, 0xF6, 0xF8, 0xFD ; file 05DBB7
db 0xF0, 0x0C, 0x21, 0x03, 0xA4, 0x01, 0x58, 0x0C, 0xBA, 0x00, 0xF9, 0xEB, 0xF7, 0xFF, 0x01, 0x0A ; file 05DBC7
db 0x02, 0xFF, 0x09, 0x0A, 0x0C, 0xFF, 0xC7, 0xF5, 0x02, 0x05, 0x07, 0x03, 0x04, 0x9D, 0x00, 0xCF ; file 05DBD7
db 0xF7, 0xFD, 0xEF, 0xF8, 0xF3, 0xFA, 0xF8, 0x0A, 0xE3, 0x0C, 0x04, 0x08, 0xFB, 0x05, 0x07, 0x11 ; file 05DBE7
db 0xD3, 0x02, 0xFC, 0xF1, 0xFA, 0xFE, 0xF7, 0x0E, 0x04, 0xFE, 0x09, 0xD8, 0xFE, 0xF1, 0xFF, 0x07 ; file 05DBF7
db 0xBF, 0x0D, 0x07, 0xFC, 0x01, 0xFA, 0x03, 0x02, 0x8B, 0xFD, 0xF7, 0x02, 0x00, 0xF5, 0x07, 0x90 ; file 05DC07
db 0x09, 0x0A, 0x0A, 0x04, 0xF5, 0x04, 0x00, 0xDA, 0xF6, 0x06, 0xFF, 0xFF, 0xEE, 0xF3, 0xFC, 0x6A ; file 05DC17
db 0x0F, 0x57, 0x03, 0x0E, 0x70, 0xF5, 0x18, 0xE4, 0x00, 0x01, 0x03, 0x8C, 0x2B, 0xF6, 0xFB, 0x08 ; file 05DC27
db 0x12, 0xF2, 0x03, 0x6C, 0x07, 0x00, 0x3E, 0x15, 0x3F, 0xFE, 0x07, 0x21, 0xFF, 0x01, 0xF5, 0xF4 ; file 05DC37
db 0xFD, 0x05, 0x0E, 0x9E, 0x0E, 0xAE, 0x00, 0x03, 0xF4, 0xF7, 0x00, 0x50, 0x03, 0xB7, 0xFD, 0xDB ; file 05DC47
db 0x05, 0xF9, 0x0F, 0x15, 0x05, 0xF7, 0x0D, 0xBB, 0x07, 0x07, 0xF5, 0x0C, 0x05, 0xF0, 0xFE, 0x0B ; file 05DC57
db 0xB9, 0xFE, 0x00, 0x02, 0xF7, 0xDF, 0xEE, 0xF9, 0x00, 0x0B, 0x01, 0x18, 0xAB, 0xFF, 0xF5, 0xB7 ; file 05DC67
db 0x00, 0x05, 0x0B, 0x07, 0x62, 0xFF, 0x06, 0x03, 0xE1, 0xF7, 0xBA, 0x0C, 0x45, 0xFD, 0x05, 0x28 ; file 05DC77
db 0x0B, 0x0D, 0x01, 0x04, 0x1F, 0x05, 0xFF, 0xF7, 0xFE, 0xFD, 0x01, 0xFC, 0xF1, 0xFD, 0xFE, 0x7D ; file 05DC87
db 0x0D, 0x0D, 0x5C, 0x01, 0x00, 0xFE, 0xF2, 0xFE, 0x0E, 0x42, 0xBE, 0x0B, 0xBD, 0x03, 0xFF, 0xFA ; file 05DC97
db 0x06, 0xFD, 0x00, 0x39, 0xFD, 0xE4, 0x08, 0xFB, 0x0B, 0x51, 0x03, 0x0B, 0xFF, 0x0B, 0xE6, 0x01 ; file 05DCA7
db 0x00, 0xEF, 0xE7, 0xF6, 0xFC, 0x06, 0x03, 0x0C, 0x0C, 0x21, 0xF6, 0xFB, 0x02, 0xE3, 0x09, 0x09 ; file 05DCB7
db 0x09, 0x51, 0x0A, 0xB6, 0x04, 0x35, 0xFA, 0xF3, 0xFB, 0x5D, 0xFC, 0x0A, 0xCF, 0x10, 0x04, 0x05 ; file 05DCC7
db 0x0D, 0xEF, 0xFC, 0x04, 0xA3, 0xE5, 0x00, 0x0B, 0x8D, 0x05, 0x04, 0xD0, 0x05, 0xBC, 0xF6, 0xF7 ; file 05DCD7
db 0x03, 0x7B, 0x0B, 0x09, 0x07, 0x96, 0x00, 0x03, 0xFA, 0x00, 0x08, 0xE0, 0xF8, 0x04, 0xE8, 0x09 ; file 05DCE7
db 0xE5, 0x0F, 0x57, 0x00, 0xFE, 0x01, 0xFB, 0xF8, 0xDF, 0xFD, 0xFD, 0x04, 0xF6, 0xF2, 0x06, 0x5F ; file 05DCF7
db 0x02, 0x01, 0x86, 0x0B, 0x24, 0xFF, 0xF7, 0x0C, 0xDD, 0x0B, 0x78, 0x07, 0x54, 0x03, 0x8C, 0xFD ; file 05DD07
db 0xE9, 0xF4, 0x06, 0x15, 0x07, 0xE7, 0x0C, 0x0C, 0x42, 0x0C, 0x03, 0xFA, 0xFE, 0x01, 0x7D, 0xFB ; file 05DD17
db 0xF6, 0xFC, 0x02, 0x09, 0x06, 0x01, 0xFF, 0xFF, 0x00, 0xFF, 0xFD, 0xF5, 0xFC, 0x0A, 0x09, 0xF2 ; file 05DD27
db 0x01, 0x3C, 0x03, 0x0B, 0x21, 0x03, 0xFC, 0xF9, 0xF8, 0x00, 0xFD, 0x9F, 0xFE, 0x06, 0x07, 0x0C ; file 05DD37
db 0x02, 0x19, 0x13, 0x12, 0x39, 0xFE, 0xE7, 0xF2, 0xF9, 0xFD, 0x04, 0x56, 0x01, 0xEB, 0x05, 0xFA ; file 05DD47
db 0xF9, 0xB7, 0x02, 0x09, 0x07, 0x0E, 0xAF, 0x07, 0xFE, 0x0F, 0x57, 0xFC, 0xEF, 0xF6, 0xF5, 0xFD ; file 05DD57
db 0xFF, 0x09, 0xD1, 0x0F, 0x03, 0x05, 0xBF, 0x02, 0x0B, 0x07, 0xFF, 0xFB, 0xFC, 0x13, 0xF5, 0xFF ; file 05DD67
db 0x7E, 0x1C, 0xD0, 0x00, 0xFF, 0xFE, 0xFA, 0xF6, 0x03, 0x0E, 0xD9, 0xF7, 0xFB, 0x03, 0x03, 0x00 ; file 05DD77
db 0x95, 0x06, 0x00, 0xFE, 0xF7, 0xA1, 0xFD, 0x0D, 0x7C, 0x01, 0xA9, 0x0F, 0x90, 0x14, 0xF8, 0xFD ; file 05DD87
db 0x00, 0x28, 0xFB, 0x7E, 0x0F, 0x65, 0x03, 0x07, 0x09, 0x06, 0x00, 0xF8, 0x05, 0x04, 0xC2, 0x03 ; file 05DD97
db 0x81, 0x08, 0x0C, 0x20, 0x09, 0xCE, 0x09, 0xCF, 0x0D, 0xD0, 0x0B, 0x0A, 0x3D, 0x04, 0x09, 0x49 ; file 05DDA7
db 0x01, 0xFE, 0xFB, 0xFD, 0x0A, 0x34, 0x02, 0x88, 0x37, 0x08, 0x02, 0xFF, 0x0F, 0xE9, 0xF9, 0xFB ; file 05DDB7
db 0x0F, 0x82, 0x15, 0xF9, 0xFB, 0xFF, 0xFB, 0x0E, 0x10, 0xF8, 0xFB, 0x01, 0x01, 0xFC, 0x17, 0x02 ; file 05DDC7
db 0x07, 0x0B, 0x0F, 0x03, 0x02, 0x07, 0x1D, 0x00, 0x93, 0x0A, 0xA3, 0xF6, 0x04, 0x8A, 0x05, 0x08 ; file 05DDD7
db 0x0C, 0x30, 0xF9, 0x01, 0x09, 0x03, 0x6F, 0x04, 0xFE, 0x06, 0x06, 0x0A, 0x0D, 0xFC, 0xFB, 0x06 ; file 05DDE7
db 0xE8, 0xFF, 0x01, 0xFB, 0xFD, 0x09, 0x0B, 0x05, 0x04, 0x01, 0x8F, 0x0D, 0x04, 0x02, 0xFB, 0x03 ; file 05DDF7
db 0xF6, 0x02, 0x87, 0x0F, 0x83, 0x01, 0xFF, 0xFF, 0xFF, 0xF9, 0xFE, 0xF8, 0x03, 0x08, 0x02, 0x5F ; file 05DE07
db 0xFE, 0xFC, 0x04, 0x07, 0xFC, 0x00, 0xAE, 0x03, 0x0A, 0xC4, 0x8E, 0x0D, 0xA8, 0x04, 0x09, 0x07 ; file 05DE17
db 0x0F, 0xAC, 0x09, 0x94, 0x01, 0xD0, 0xFA, 0xBE, 0x0E, 0x2B, 0x00, 0x06, 0x06, 0x05, 0x09, 0x0C ; file 05DE27
db 0x29, 0xFB, 0xDD, 0x07, 0x06, 0x82, 0x01, 0x0B, 0xFE, 0x07, 0x16, 0xFE, 0xF4, 0x7B, 0xF6, 0xFE ; file 05DE37
db 0x01, 0x1A, 0x04, 0x0A, 0x07, 0x06, 0x0D, 0x02, 0x9C, 0x06, 0x1F, 0x03, 0xA2, 0x01, 0xFF, 0x06 ; file 05DE47
db 0x02, 0x17, 0x01, 0x2F, 0xFC, 0xEC, 0x06, 0x01, 0x0C, 0x73, 0xFF, 0x0A, 0x14, 0x5E, 0x09, 0xFA ; file 05DE57
db 0xF7, 0x5B, 0xFF, 0x02, 0x0E, 0xA1, 0x07, 0x07, 0x11, 0x01, 0xFD, 0x03, 0xD2, 0x5E, 0x01, 0x47 ; file 05DE67
db 0xFE, 0x00, 0xFE, 0x04, 0x05, 0x10, 0x05, 0x04, 0xCF, 0xBD, 0x02, 0x02, 0xA6, 0x00, 0x09, 0x03 ; file 05DE77
db 0xFC, 0x01, 0xBB, 0xF9, 0xFD, 0xF2, 0x00, 0xDF, 0xFB, 0xFB, 0x09, 0x05, 0x0A, 0x00, 0x6F, 0x04 ; file 05DE87
db 0x0B, 0x02, 0x05, 0x08, 0xBF, 0xF5, 0x02, 0x02, 0x34, 0xFE, 0x0C, 0x33, 0xFD, 0xFE, 0xF7, 0x01 ; file 05DE97
db 0xFC, 0x01, 0x04, 0x7F, 0xFE, 0xFF, 0xFD, 0x07, 0x06, 0xFB, 0x02, 0x07, 0x0F, 0xCB, 0xF5, 0xFD ; file 05DEA7
db 0x09, 0x51, 0xF9, 0x0D, 0xDE, 0x0A, 0x93, 0xFE, 0xFF, 0xEF, 0xFB, 0xF7, 0xFC, 0xF8, 0x07, 0x12 ; file 05DEB7
db 0xFF, 0xFE, 0x08, 0xFC, 0x03, 0xE8, 0x01, 0xAC, 0xFC, 0x04, 0x01, 0x04, 0x02, 0x05, 0x5D, 0x08 ; file 05DEC7
db 0x13, 0x62, 0xFF, 0xF0, 0xF9, 0x0C, 0xFE, 0xF7, 0x02, 0xA6, 0x5F, 0x06, 0xFF, 0x0A, 0x05, 0x04 ; file 05DED7
db 0x05, 0x1E, 0xF5, 0x05, 0x2B, 0xBD, 0x05, 0x0F, 0xB8, 0x00, 0xFD, 0xF8, 0xFD, 0x07, 0x05, 0xFF ; file 05DEE7
db 0xDF, 0xFD, 0xFF, 0x02, 0x09, 0xFF, 0x0C, 0x72, 0x09, 0xF6, 0xAD, 0xFA, 0x02, 0xAA, 0xFA, 0xFE ; file 05DEF7
db 0x05, 0x62, 0xFB, 0x0D, 0xAF, 0xFF, 0xBF, 0xF7, 0xFA, 0xF8, 0xFC, 0x06, 0x01, 0x03, 0xCD, 0x0B ; file 05DF07
db 0xF3, 0x04, 0x04, 0x0A, 0x48, 0x10, 0x44, 0x04, 0x03, 0x09, 0x02, 0xF7, 0xFA, 0xFC, 0xF7, 0x06 ; file 05DF17
db 0xA9, 0x00, 0x00, 0x03, 0xFB, 0x69, 0xFB, 0x09, 0x55, 0x09, 0x49, 0x04, 0x0B, 0x60, 0xF7, 0xF6 ; file 05DF27
db 0x05, 0x2C, 0xF2, 0x0F, 0x14, 0x03, 0x03, 0x47, 0x00, 0x1D, 0xFF, 0xFB, 0xFF, 0x01, 0xC6, 0x0F ; file 05DF37
db 0x11, 0x04, 0xFE, 0x0D, 0xD7, 0x08, 0x32, 0x0E, 0xD8, 0x01, 0x07, 0xF3, 0xFD, 0x00, 0x0F, 0x0A ; file 05DF47
db 0x07, 0xDA, 0xF7, 0x06, 0x05, 0x03, 0xFE, 0x03, 0xA3, 0x09, 0x03, 0x01, 0xFD, 0x03, 0x02, 0xFD ; file 05DF57
db 0xBE, 0x0F, 0xB8, 0x03, 0x08, 0x04, 0xFE, 0xFC, 0x0E, 0x5A, 0xF1, 0xAD, 0xFD, 0x15, 0xFA, 0x01 ; file 05DF67
db 0x01, 0x03, 0x79, 0x06, 0x0A, 0x97, 0xFB, 0x8F, 0xF8, 0xF3, 0x01, 0x06, 0x0D, 0x5F, 0x06, 0xCD ; file 05DF77
db 0x01, 0x75, 0x05, 0x5B, 0xFF, 0xFC, 0x07, 0x09, 0x05, 0x05, 0x06, 0x01, 0x01, 0x06, 0xA9, 0xC5 ; file 05DF87
db 0x03, 0x00, 0x75, 0xFD, 0x09, 0x4B, 0x06, 0x46, 0x04, 0xF4, 0xF7, 0xF5, 0xED, 0x01, 0x07, 0xC6 ; file 05DF97
db 0xFB, 0x03, 0x05, 0x77, 0xFD, 0x00, 0x05, 0x76, 0x0B, 0x4E, 0x02, 0x02, 0x08, 0xF8, 0xFC, 0xFC ; file 05DFA7
db 0xFA, 0x04, 0x45, 0xB5, 0x01, 0x02, 0x32, 0xFC, 0x03, 0x79, 0x04, 0x07, 0x09, 0x47, 0x01, 0x45 ; file 05DFB7
db 0xF8, 0x02, 0x92, 0x09, 0x0D, 0xB4, 0x07, 0xDC, 0x0D, 0x00, 0x05, 0x0A, 0x27, 0x30, 0x14, 0x32 ; file 05DFC7
db 0x05, 0xE9, 0x09, 0x4E, 0x02, 0x4F, 0x00, 0xFA, 0x0A, 0x5C, 0x0B, 0xBC, 0xFE, 0x0D, 0x93, 0xF7 ; file 05DFD7
db 0xF3, 0xFB, 0x08, 0x09, 0x03, 0xFA, 0x89, 0xFF, 0x0F, 0xFB, 0x02, 0xA9, 0x06, 0x06, 0xF4, 0x06 ; file 05DFE7
db 0xD0, 0x0B, 0x34, 0xFB, 0xEF, 0xFC, 0xF5, 0xF7, 0xFE, 0x00, 0x28, 0xFE, 0xFB, 0x00, 0xFF, 0x05 ; file 05DFF7
db 0x04, 0x08, 0x01, 0x05, 0x05, 0x04, 0xFC, 0xB5, 0xF4, 0x0B, 0x3A, 0x07, 0x0B, 0xDA, 0x09, 0x01 ; file 05E007
db 0x00, 0xF5, 0x07, 0x1B, 0x00, 0xF6, 0x01, 0x85, 0x07, 0x01, 0x07, 0x64, 0x0D, 0xA9, 0x03, 0x7F ; file 05E017
db 0xAB, 0x02, 0xFD, 0x0A, 0x07, 0x02, 0x1F, 0xAC, 0xFF, 0x0A, 0x80, 0x04, 0x69, 0x0A, 0x08, 0x77 ; file 05E027
db 0x04, 0x0A, 0xFC, 0x0F, 0x57, 0x05, 0xF9, 0x0E, 0x2D, 0x7D, 0x0C, 0x0E, 0x49, 0xFB, 0xFE, 0xF5 ; file 05E037
db 0xF7, 0xFC, 0x0C, 0x30, 0xFE, 0x06, 0x91, 0x05, 0x02, 0x0A, 0x03, 0x00, 0x07, 0x04, 0x8D, 0x02 ; file 05E047
db 0x00, 0xA7, 0x06, 0x0C, 0x04, 0xAA, 0x01, 0x3D, 0x0F, 0x91, 0x06, 0xB3, 0xF8, 0xF5, 0x04, 0x2D ; file 05E057
db 0x08, 0xD9, 0x01, 0x06, 0x06, 0x27, 0x02, 0x7E, 0x03, 0xFC, 0xFC, 0xFA, 0x00, 0xFF, 0x03, 0x00 ; file 05E067
db 0x0D, 0x7D, 0xB6, 0x14, 0xCD, 0x08, 0x0D, 0x1D, 0xA0, 0x09, 0x01, 0x0D, 0xFC, 0x09, 0xF9, 0xFE ; file 05E077
db 0x0D, 0x92, 0x0B, 0x5F, 0x01, 0xFD, 0xFE, 0xF9, 0xF4, 0x9E, 0x1C, 0x2C, 0xFE, 0x02, 0xF5, 0x01 ; file 05E087
db 0x0B, 0x88, 0x02, 0x77, 0x03, 0xBF, 0xFE, 0xF0, 0xFB, 0x02, 0x0C, 0x06, 0x0A, 0x88, 0x08, 0xDB ; file 05E097
db 0x01, 0xF6, 0x04, 0x08, 0x00, 0xF2, 0x0B, 0xDD, 0x06, 0x00, 0x11, 0x06, 0x0F, 0xAA, 0x01, 0x61 ; file 05E0A7
db 0x03, 0x37, 0x01, 0x0B, 0xBE, 0x03, 0xCE, 0x0E, 0x58, 0xFF, 0xFD, 0xEF, 0xF8, 0x04, 0x0C, 0x0A ; file 05E0B7
db 0xFD, 0xFE, 0xFF, 0x03, 0x07, 0x07, 0xF9, 0xFD, 0x01, 0x05, 0x07, 0xBF, 0xF7, 0xFA, 0x00, 0x07 ; file 05E0C7
db 0x0B, 0x00, 0x0C, 0x7D, 0xFE, 0xDB, 0xF2, 0xFA, 0x02, 0xE5, 0xFE, 0x04, 0x01, 0x72, 0x02, 0x0D ; file 05E0D7
db 0xE3, 0xFF, 0x01, 0x0E, 0x35, 0x19, 0x83, 0x0F, 0x57, 0x01, 0x02, 0x07, 0xB3, 0xFA, 0xF9, 0x02 ; file 05E0E7
db 0x4B, 0x0B, 0x7F, 0x02, 0x0A, 0x01, 0x61, 0x00, 0x3F, 0x08, 0xF6, 0xFF, 0x02, 0x02, 0x06, 0x00 ; file 05E0F7
db 0xB5, 0x07, 0xC6, 0xFE, 0x04, 0x0E, 0x00, 0x00, 0xFE, 0xF6, 0xF1, 0x00, 0x09, 0xDB, 0x0E, 0x03 ; file 05E107
db 0x0D, 0x3A, 0x09, 0xFE, 0x07, 0x33, 0x09, 0xFF, 0x1F, 0xF6, 0xFD, 0x02, 0x0D, 0x04, 0x0D, 0x7E ; file 05E117
db 0x07, 0xA9, 0x0C, 0xF2, 0x1E, 0x04, 0x28, 0xF2, 0xFF, 0xFF, 0x09, 0x05, 0x30, 0x1F, 0x57, 0x05 ; file 05E127
db 0xA4, 0xFE, 0x09, 0xF2, 0xFF, 0x06, 0x01, 0xF8, 0xFC, 0x01, 0x05, 0xE7, 0x00, 0xF0, 0xF6, 0x04 ; file 05E137
db 0xC6, 0x0C, 0xA5, 0x05, 0xFF, 0xF7, 0xAC, 0x06, 0x07, 0x0E, 0x51, 0xF7, 0xFA, 0x0F, 0xE9, 0xFC ; file 05E147
db 0x1F, 0x57, 0xEE, 0xC7, 0xFB, 0x04, 0x0E, 0x04, 0x03, 0x03, 0xAA, 0x08, 0xF1, 0x05, 0x08, 0x98 ; file 05E157
db 0x00, 0x5E, 0x0A, 0xB6, 0x06, 0x82, 0xFD, 0xF1, 0x0F, 0xE1, 0x02, 0xEA, 0xFA, 0xFE, 0x0F, 0x79 ; file 05E167
db 0x0D, 0xFE, 0x02, 0x04, 0x05, 0x03, 0xF5, 0xD5, 0xF7, 0x02, 0xEB, 0x02, 0x09, 0xF1, 0x06, 0x05 ; file 05E177
db 0x2B, 0x03, 0x04, 0x39, 0xF7, 0x04, 0x93, 0x0A, 0x82, 0x0A, 0x01, 0x06, 0x08, 0x5D, 0x06, 0x0A ; file 05E187
db 0xF8, 0x07, 0x8D, 0x0C, 0x20, 0x09, 0x05, 0xFF, 0xFF, 0xF4, 0xF3, 0x02, 0xE2, 0x08, 0x70, 0xFF ; file 05E197
db 0x0F, 0x2D, 0x0F, 0x57, 0x0F, 0x35, 0xF5, 0xFB, 0x05, 0xC9, 0x0A, 0x0F, 0x57, 0x09, 0xCF, 0xF5 ; file 05E1A7
db 0x02, 0xD8, 0x03, 0xBC, 0xF3, 0xFC, 0xE7, 0xFD, 0x0B, 0x05, 0x01, 0xA4, 0x02, 0x8E, 0xFE, 0x04 ; file 05E1B7
db 0x0B, 0xED, 0x05, 0x03, 0x98, 0x03, 0x01, 0x00, 0x5B, 0x03, 0xFF, 0xF0, 0x5B, 0xF4, 0xFF, 0x00 ; file 05E1C7
db 0x13, 0x08, 0x06, 0x07, 0xD3, 0x07, 0x0D, 0x5D, 0x23, 0x00, 0x03, 0x06, 0xE4, 0x1F, 0x57, 0x0B ; file 05E1D7
db 0x4F, 0xF1, 0x02, 0xD6, 0x02, 0x83, 0x74, 0x01, 0x98, 0x05, 0x96, 0x06, 0x00, 0x05, 0xFE, 0x0B ; file 05E1E7
db 0x06, 0x06, 0x9E, 0xE7, 0x01, 0xFB, 0xF3, 0x06, 0xA7, 0x08, 0xD4, 0xFA, 0xF6, 0xFB, 0x93, 0x04 ; file 05E1F7
db 0x0A, 0x0B, 0x41, 0x06, 0x40, 0xF8, 0x0A, 0x9B, 0x0D, 0x6C, 0xFF, 0x3D, 0x03, 0x0A, 0x59, 0x04 ; file 05E207
db 0x00, 0xF8, 0xEF, 0x00, 0xCA, 0x0E, 0xCB, 0x26, 0x06, 0x27, 0xFE, 0x09, 0x0D, 0xFE, 0x06, 0xE4 ; file 05E217
db 0xF7, 0x05, 0x4B, 0x0F, 0x57, 0x2D, 0xFE, 0x0D, 0x87, 0x09, 0x0C, 0x0F, 0x45, 0x00, 0x16, 0x9A ; file 05E227
db 0x0C, 0xE4, 0x75, 0xF7, 0x02, 0xF1, 0x03, 0x0F, 0x48, 0xFF, 0xF5, 0xF7, 0x0B, 0x58, 0xCE, 0x0B ; file 05E237
db 0x36, 0xF7, 0xF7, 0xFE, 0x07, 0xAD, 0x01, 0x90, 0xFC, 0xF8, 0xF2, 0x0A, 0x2D, 0x06, 0x0A, 0x9A ; file 05E247
db 0x0D, 0xCF, 0xFD, 0x04, 0x00, 0xFD, 0xDB, 0xF2, 0xF2, 0x05, 0x98, 0x01, 0x07, 0x1B, 0x89, 0x06 ; file 05E257
db 0x06, 0xE5, 0x03, 0x01, 0xAD, 0xFA, 0x0C, 0xD6, 0x08, 0xA0, 0xFF, 0x00, 0xF8, 0xF7, 0xF6, 0xFC ; file 05E267
db 0x05, 0x1A, 0x82, 0x00, 0x02, 0x00, 0xFC, 0x3D, 0xFD, 0x05, 0x73, 0xFD, 0xF5, 0xFF, 0x0A, 0x12 ; file 05E277
db 0x5F, 0x02, 0xCE, 0xB9, 0xFE, 0x0A, 0x5A, 0x07, 0x4D, 0xF6, 0xF7, 0x06, 0x0E, 0x28, 0x02, 0x3E ; file 05E287
db 0x04, 0x70, 0xFB, 0x02, 0x08, 0x05, 0x06, 0x05, 0x3F, 0x0D, 0x7A, 0xDD, 0x01, 0x0B, 0x3F, 0xF0 ; file 05E297
db 0xF9, 0x06, 0x06, 0x36, 0x08, 0x09, 0x94, 0x0A, 0xCC, 0x04, 0xE4, 0x01, 0x05, 0x22, 0xF3, 0x0C ; file 05E2A7
db 0x1D, 0x0F, 0xAB, 0xFD, 0x76, 0x1D, 0x42, 0x0A, 0x08, 0x11, 0xD9, 0xFE, 0xFD, 0xFD, 0x0F, 0x79 ; file 05E2B7
db 0x93, 0xF9, 0xF7, 0x02, 0xB4, 0x0D, 0x8C, 0xFD, 0x1B, 0x8D, 0x09, 0x5C, 0xFC, 0x9F, 0xFC, 0xF1 ; file 05E2C7
db 0x00, 0x07, 0x02, 0x0C, 0x26, 0x0C, 0x8F, 0xFD, 0xC7, 0x08, 0x04, 0x06, 0x04, 0x6C, 0x0B, 0xE6 ; file 05E2D7
db 0x02, 0x0B, 0xFB, 0xF5, 0x7F, 0xF1, 0x02, 0x03, 0x02, 0x04, 0x06, 0x0A, 0x09, 0x4C, 0x99, 0x05 ; file 05E2E7
db 0x0C, 0xFF, 0x0F, 0x6B, 0xF2, 0xF7, 0x3C, 0xB2, 0x02, 0xD0, 0x05, 0xE3, 0x09, 0x09, 0x0E, 0x91 ; file 05E2F7
db 0x0B, 0x3F, 0x0E, 0xAE, 0xFF, 0x01, 0xF4, 0xE4, 0x09, 0x06, 0x1E, 0x9F, 0xF7, 0x06, 0xFC, 0x0B ; file 05E307
db 0xC9, 0xFF, 0xFD, 0xF6, 0x16, 0x05, 0x7D, 0x05, 0x00, 0x0A, 0xB8, 0xFF, 0x0D, 0x37, 0x0A, 0x1A ; file 05E317
db 0x09, 0xC9, 0xDE, 0x1E, 0xE2, 0xFA, 0xF9, 0xF2, 0xF8, 0x02, 0x4D, 0x06, 0x07, 0xF1, 0x0A, 0x05 ; file 05E327
db 0x80, 0x0A, 0x16, 0x0B, 0x7A, 0xF8, 0xF0, 0xFE, 0xFF, 0x44, 0x18, 0x68, 0x06, 0xC1, 0x00, 0x03 ; file 05E337
db 0x3E, 0x01, 0xBD, 0x0F, 0xCC, 0xFD, 0x02, 0x0A, 0x1B, 0xFB, 0xF8, 0x0E, 0xCB, 0x03, 0xFE, 0x0D ; file 05E347
db 0x24, 0x0B, 0xA7, 0x0D, 0xB9, 0xF7, 0xFA, 0xFE, 0xEF, 0x00, 0x81, 0x04, 0xFF, 0x04, 0x01, 0x85 ; file 05E357
db 0xFB, 0x02, 0x32, 0x02, 0x08, 0x40, 0x0B, 0xCD, 0x00, 0x6E, 0x00, 0xAF, 0xF2, 0x6E, 0x0E, 0x3A ; file 05E367
db 0x08, 0x04, 0x0C, 0x0B, 0x3E, 0x02, 0x0B, 0x00, 0xDB, 0xB7, 0xFF, 0xFC, 0xF1, 0x07, 0xC6, 0x04 ; file 05E377
db 0xFE, 0x00, 0x6E, 0xFF, 0xCB, 0xFF, 0x05, 0x00, 0x07, 0x05, 0x03, 0x44, 0x01, 0xC0, 0x04, 0xFE ; file 05E387
db 0xF3, 0x02, 0xF7, 0x1A, 0x2C, 0x0B, 0xE1, 0xF7, 0xFD, 0xFE, 0x04, 0xFF, 0x02, 0xFE, 0x05, 0xFD ; file 05E397
db 0xFE, 0xF6, 0xF5, 0x04, 0xD8, 0x08, 0xDB, 0x0E, 0xBD, 0x0F, 0x15, 0x04, 0x02, 0x0D, 0x15, 0xFE ; file 05E3A7
db 0xF9, 0x5E, 0x03, 0xCD, 0x00, 0xF7, 0xF9, 0xF5, 0x05, 0x78, 0x05, 0x04, 0x2B, 0xEE, 0x0A, 0x23 ; file 05E3B7
db 0x08, 0x08, 0xFE, 0x09, 0xA5, 0xF7, 0xF1, 0xFC, 0xEA, 0x0A, 0x24, 0xFD, 0x08, 0xCC, 0x01, 0x0A ; file 05E3C7
db 0xE3, 0x0C, 0x0A, 0x01, 0x9B, 0xFE, 0xF7, 0x0C, 0xA6, 0x04, 0xFF, 0x09, 0x8B, 0x0D, 0xBA, 0x04 ; file 05E3D7
db 0x55, 0x00, 0x0B, 0xAD, 0x00, 0x0D, 0xF2, 0x04, 0x0E, 0x44, 0xF1, 0x06, 0x8E, 0xF2, 0x00, 0xBD ; file 05E3E7
db 0xFE, 0x2C, 0x1F, 0x02, 0x97, 0xFF, 0xF8, 0xFF, 0x05, 0xFF, 0x04, 0xFF, 0xFA, 0xF6, 0xFA, 0xF6 ; file 05E3F7
db 0xFE, 0xFF, 0xA6, 0x0E, 0x48, 0x0B, 0xFF, 0x0B, 0x94, 0x1F, 0x57, 0xFD, 0x05, 0xFB, 0xFC, 0xFB ; file 05E407
db 0xFE, 0x06, 0x07, 0xEE, 0xF9, 0x03, 0x01, 0x05, 0x03, 0x5F, 0x0A, 0x0D, 0x06, 0xFF, 0xF9, 0x15 ; file 05E417
db 0x01, 0x01, 0x06, 0x8A, 0xF0, 0x07, 0xE2, 0x09, 0xB6, 0x15, 0xEB, 0x1C, 0x60, 0xFC, 0xFE, 0xF6 ; file 05E427
db 0xF8, 0x84, 0x08, 0xDB, 0x07, 0x25, 0xFE, 0x15, 0xE7, 0x0A, 0x48, 0x08, 0x8D, 0x07, 0xE6, 0xFC ; file 05E437
db 0xBF, 0xF6, 0xF8, 0xF9, 0xFA, 0xFD, 0x00, 0x04, 0x2C, 0x05, 0xDE, 0x0A, 0xBB, 0x06, 0x09, 0xFF ; file 05E447
db 0x04, 0x07, 0xF6, 0xF3, 0xF8, 0xFB, 0xFB, 0x04, 0x19, 0x49, 0x02, 0x04, 0x02, 0x03, 0x06, 0x9B ; file 05E457
db 0x0C, 0x0C, 0x0D, 0xC9, 0xFF, 0x02, 0x0B, 0xFB, 0x07, 0xE4, 0xFD, 0xB4, 0x07, 0x6B, 0x17, 0xE9 ; file 05E467
db 0x02, 0x0A, 0x95, 0x03, 0xFD, 0x08, 0xB3, 0xF9, 0x71, 0xFC, 0x0A, 0x7D, 0x38, 0x8A, 0x09, 0x4B ; file 05E477
db 0x01, 0xFD, 0xF8, 0x02, 0xF4, 0xBF, 0xFD, 0xF7, 0xF5, 0xFB, 0xFC, 0xF9, 0x01, 0x1B, 0x08, 0xDE ; file 05E487
db 0x0B, 0xC3, 0x06, 0x03, 0x09, 0x03, 0x07, 0x1D, 0xF9, 0xF6, 0xF3, 0xF4, 0xF9, 0x1F, 0x57, 0x06 ; file 05E497
db 0xF2, 0x05, 0x01, 0x03, 0x0A, 0x5F, 0x0E, 0x07, 0xFF, 0xF5, 0xFA, 0x0E, 0x0E, 0xFD, 0x04, 0xA8 ; file 05E4A7
db 0x47, 0xFC, 0xFC, 0xFF, 0x07, 0x7A, 0x0F, 0xAC, 0x0A, 0x11, 0x02, 0x0A, 0x64, 0x77, 0xFA, 0xF9 ; file 05E4B7
db 0xF7, 0x03, 0x2D, 0xFF, 0xFA, 0x03, 0x07, 0x38, 0xF2, 0x0E, 0x15, 0x06, 0x07, 0xD3, 0x08, 0x3E ; file 05E4C7
db 0xF8, 0xF6, 0xF6, 0x00, 0x36, 0x08, 0x59, 0x07, 0x08, 0x0E, 0x49, 0x03, 0x07, 0x0A, 0x42, 0x07 ; file 05E4D7
db 0x9F, 0x6F, 0xF8, 0xF6, 0xF4, 0xFB, 0x0B, 0x0B, 0xFA, 0xFC, 0x09, 0xDD, 0xDE, 0x04, 0xFD, 0x0C ; file 05E4E7
db 0x04, 0xF6, 0xF7, 0x0E, 0x6A, 0xFB, 0xFF, 0x3B, 0xFE, 0x05, 0x00, 0x56, 0x03, 0x03, 0x06, 0x06 ; file 05E4F7
db 0xE8, 0x09, 0xEE, 0xDD, 0x03, 0x06, 0xEC, 0xF8, 0xFF, 0xF2, 0x01, 0xDC, 0x01, 0xFA, 0xFC, 0x11 ; file 05E507
db 0x5D, 0x07, 0xC1, 0x07, 0x03, 0xF9, 0xFB, 0xFE, 0x0A, 0x5B, 0x05, 0xFA, 0x06, 0xFA, 0x00, 0xF4 ; file 05E517
db 0x02, 0xC8, 0x0B, 0x1B, 0xCF, 0x3D, 0x05, 0x0C, 0xF0, 0xFE, 0xFD, 0xF8, 0xFA, 0x0A, 0xA5, 0x01 ; file 05E527
db 0x7E, 0xDF, 0xF8, 0x03, 0x07, 0x08, 0xFE, 0x0F, 0x57, 0x09, 0xFB, 0x30, 0x0F, 0x57, 0x02, 0xF6 ; file 05E537
db 0x00, 0x42, 0x02, 0x63, 0x02, 0x08, 0x06, 0x57, 0x07, 0x63, 0x3D, 0x03, 0x09, 0xA7, 0xF8, 0xFF ; file 05E547
db 0xF7, 0xF4, 0x1D, 0x5E, 0x04, 0x69, 0x75, 0x0E, 0x05, 0x78, 0x05, 0x02, 0x34, 0xFD, 0x03, 0x0B ; file 05E557
db 0x09, 0xF1, 0xBF, 0xF7, 0x04, 0xF7, 0xF6, 0x04, 0x05, 0x06, 0xFE, 0x06, 0x96, 0x02, 0x3C, 0x06 ; file 05E567
db 0x05, 0x0F, 0x0B, 0xFA, 0x0E, 0x04, 0x0E, 0xD0, 0xF7, 0x79, 0x01, 0x03, 0xEE, 0x05, 0xA6, 0x0C ; file 05E577
db 0x03, 0xF5, 0xF9, 0x08, 0x61, 0xD8, 0x04, 0x3A, 0x0A, 0xB6, 0x03, 0x70, 0x04, 0xF9, 0x07, 0x06 ; file 05E587
db 0x00, 0x00, 0xDB, 0x06, 0xFC, 0x0C, 0x69, 0xFF, 0xEF, 0x02, 0xE8, 0x01, 0xF7, 0xA7, 0x02, 0x09 ; file 05E597
db 0x0E, 0x00, 0x5B, 0x0A, 0x07, 0xF8, 0x0D, 0x18, 0x05, 0x7F, 0xF7, 0xF5, 0xF7, 0xFF, 0x00, 0xF3 ; file 05E5A7
db 0xFD, 0x0C, 0x60, 0x3F, 0xFB, 0x05, 0x06, 0x06, 0x07, 0x01, 0x08, 0x0C, 0x06, 0xCB, 0x4D, 0xF1 ; file 05E5B7
db 0x07, 0x39, 0x03, 0xF6, 0x1C, 0xB6, 0x0F, 0x88, 0x0C, 0x07, 0x54, 0xF7, 0xF9, 0x02, 0x06, 0x02 ; file 05E5C7
db 0xA2, 0x03, 0x09, 0xF7, 0xF6, 0xB8, 0x0B, 0x05, 0x07, 0x4A, 0x0B, 0x1B, 0x05, 0x00, 0xFC, 0x06 ; file 05E5D7
db 0xB0, 0xF5, 0xFD, 0xF3, 0x05, 0xB3, 0xF9, 0xFC, 0x07, 0x0D, 0x0E, 0x02, 0xEF, 0xFF, 0x04, 0x04 ; file 05E5E7
db 0x06, 0x04, 0x15, 0x03, 0x0A, 0xFC, 0xED, 0xF4, 0x0B, 0x4A, 0xF7, 0xF5, 0x02, 0x43, 0xFD, 0xFF ; file 05E5F7
db 0x0B, 0xAB, 0x04, 0x0A, 0x19, 0x52, 0xFE, 0x02, 0x48, 0xF0, 0x06, 0x4D, 0xFB, 0xBE, 0x14, 0x3F ; file 05E607
db 0x02, 0xFF, 0x08, 0x0A, 0x0D, 0x0D, 0x38, 0xFC, 0xFE, 0x0D, 0xAC, 0xFD, 0x00, 0x09, 0x00, 0xF3 ; file 05E617
db 0xFC, 0x00, 0xEF, 0x08, 0x00, 0xFB, 0x07, 0x09, 0x8A, 0x00, 0x05, 0xFA, 0xED, 0xFF, 0x0C, 0x14 ; file 05E627
db 0xF0, 0xF9, 0x0C, 0x1B, 0xF9, 0x03, 0x0B, 0xED, 0x10, 0x03, 0x5B, 0x03, 0x05, 0x0E, 0xA4, 0x01 ; file 05E637
db 0x07, 0x03, 0xFB, 0xF6, 0xF5, 0x00, 0x5A, 0xF4, 0xFD, 0x03, 0x0A, 0x04, 0xF4, 0x08, 0x7E, 0x07 ; file 05E647
db 0x59, 0x0A, 0x07, 0xE2, 0xFB, 0xFC, 0xF2, 0xF4, 0x56, 0x07, 0x58, 0xF5, 0x02, 0x0C, 0x63, 0x00 ; file 05E657
db 0x02, 0x59, 0x08, 0x06, 0x7D, 0xFF, 0x01, 0x04, 0xFA, 0xFA, 0xFF, 0x06, 0x05, 0xF9, 0xD1, 0xF5 ; file 05E667
db 0x07, 0x4E, 0x04, 0x16, 0x0A, 0x8B, 0x05, 0x02, 0xFF, 0xFE, 0xFF, 0x7D, 0xF5, 0x0F, 0x9A, 0x03 ; file 05E677
db 0xF8, 0x00, 0x08, 0x10, 0x0C, 0x8D, 0x2E, 0x0D, 0x83, 0xFE, 0xFC, 0x01, 0x0E, 0x3A, 0xF5, 0x06 ; file 05E687
db 0x51, 0x0D, 0xEC, 0xDF, 0x07, 0x08, 0xFC, 0x02, 0x0C, 0x00, 0x33, 0x04, 0x07, 0x6D, 0xFB, 0x00 ; file 05E697
db 0x0E, 0xF8, 0xF0, 0x00, 0x0A, 0xFA, 0xFC, 0x01, 0xB5, 0x66, 0x0A, 0x4B, 0x09, 0x0A, 0x07, 0x98 ; file 05E6A7
db 0x07, 0x4D, 0xFA, 0xFB, 0x0A, 0x7C, 0x9F, 0xF5, 0xF9, 0x01, 0x06, 0xFD, 0x04, 0x51, 0x0B, 0xFD ; file 05E6B7
db 0x01, 0xFF, 0xFC, 0xFD, 0xFB, 0x00, 0xF9, 0xF5, 0xF5, 0xFE, 0x7F, 0x01, 0xFD, 0xFC, 0x05, 0x0C ; file 05E6C7
db 0x0F, 0x07, 0x0D, 0x4B, 0xBC, 0x1D, 0xF2, 0x0B, 0x1F, 0xF7, 0xF5, 0xFC, 0xFE, 0x02, 0xE3, 0x03 ; file 05E6D7
db 0xE1, 0x09, 0x09, 0x48, 0x04, 0xE3, 0x00, 0x98, 0x01, 0xF4, 0xFA, 0xF5, 0xF3, 0x49, 0xFA, 0x05 ; file 05E6E7
db 0xA9, 0x02, 0xDD, 0x05, 0x07, 0x26, 0x09, 0xC8, 0xFA, 0x03, 0x6B, 0x7F, 0xFC, 0xF9, 0xFF, 0x07 ; file 05E6F7
db 0x02, 0xFB, 0xF5, 0x0E, 0xF9, 0x37, 0x00, 0x05, 0x09, 0x04, 0x60, 0x02, 0xFE, 0x00, 0xF5, 0x07 ; file 05E707
db 0x1F, 0x1C, 0x00, 0x47, 0x04, 0x05, 0x11, 0x08, 0x08, 0x04, 0x83, 0x04, 0xCB, 0x0B, 0x20, 0x82 ; file 05E717
db 0x0C, 0xB4, 0x00, 0x1D, 0x07, 0x05, 0x0F, 0x08, 0x7E, 0x0F, 0xBD, 0x0D, 0xE4, 0xFB, 0xFB, 0xFB ; file 05E727
db 0xF9, 0x0C, 0x5D, 0xFF, 0xFB, 0x00, 0x06, 0x0B, 0x8C, 0x0A, 0xC9, 0x01, 0x86, 0xFF, 0xFD, 0x0B ; file 05E737
db 0x58, 0x00, 0x48, 0x04, 0x08, 0xF8, 0x49, 0xF6, 0x06, 0xBB, 0x01, 0xC7, 0x05, 0x03, 0x54, 0x05 ; file 05E747
db 0x33, 0xFF, 0x0B, 0x78, 0x3D, 0xFD, 0x0F, 0x0E, 0x04, 0x0E, 0x0D, 0x08, 0x0B, 0x05, 0x18, 0xF6 ; file 05E757
db 0xDE, 0x0C, 0xA5, 0xF8, 0xF6, 0xFF, 0xFC, 0x06, 0xF2, 0x03, 0x05, 0xDA, 0x08, 0x67, 0x0D, 0x07 ; file 05E767
db 0xA3, 0x04, 0x02, 0x05, 0x7B, 0xF9, 0xF8, 0xFF, 0xF2, 0xF8, 0xFD, 0xFC, 0xFE, 0x05, 0x09, 0x0A ; file 05E777
db 0xF2, 0x06, 0x6F, 0x06, 0x03, 0xCB, 0x02, 0x43, 0xFE, 0xFE, 0xF8, 0x01, 0x98, 0x08, 0x53, 0x09 ; file 05E787
db 0x75, 0x0C, 0xF1, 0x0A, 0x08, 0x00, 0x3F, 0x0F, 0x95, 0x02, 0xEF, 0xF9, 0xFA, 0xF3, 0xF6, 0x06 ; file 05E797
db 0x2E, 0x03, 0x09, 0x10, 0xB1, 0x08, 0x01, 0xA9, 0x05, 0xCD, 0x06, 0x7C, 0xFD, 0xFD, 0x07, 0xEC ; file 05E7A7
db 0xF8, 0x7A, 0x04, 0x0B, 0x07, 0x07, 0x62, 0x0B, 0x0C, 0x03, 0x06, 0x0A, 0x11, 0x19, 0xF7, 0x01 ; file 05E7B7
db 0x81, 0x02, 0x03, 0xFB, 0xFE, 0x04, 0x6B, 0x05, 0x23, 0x0C, 0xDE, 0xE8, 0x04, 0xE8, 0x06, 0x83 ; file 05E7C7
db 0x18, 0xA8, 0x00, 0x05, 0x35, 0xFE, 0x00, 0x07, 0xBD, 0x07, 0x05, 0xB4, 0x02, 0xFC, 0x00, 0xF8 ; file 05E7D7
db 0x03, 0xEE, 0xFA, 0x1B, 0xF1, 0xFB, 0x04, 0x7A, 0x06, 0x0D, 0x01, 0xEF, 0x00, 0x79, 0x0A, 0xBB ; file 05E7E7
db 0xBA, 0x0B, 0x76, 0xFB, 0x0F, 0xAE, 0xFA, 0x01, 0xF8, 0x06, 0xC6, 0x06, 0xFB, 0x08, 0x0D, 0x05 ; file 05E7F7
db 0xF8, 0xFF, 0x04, 0xF7, 0xFB, 0xFC, 0x36, 0x0C, 0xB2, 0xF6, 0xFC, 0x0D, 0x22, 0x0B, 0x08, 0x00 ; file 05E807
db 0x74, 0x1C, 0x06, 0xCB, 0xFC, 0xFD, 0x0C, 0x11, 0xF9, 0x01, 0xBA, 0x02, 0x28, 0x01, 0xFC, 0xDB ; file 05E817
db 0x06, 0x08, 0x04, 0x80, 0x06, 0xFB, 0x0E, 0xCA, 0x01, 0xF8, 0x67, 0xFA, 0xF6, 0xF3, 0x0F, 0xD6 ; file 05E827
db 0x0D, 0x37, 0x0A, 0x09, 0x0A, 0xEC, 0x7D, 0xFC, 0x0B, 0x85, 0x00, 0xF9, 0xFE, 0xF9, 0xFC, 0x00 ; file 05E837
db 0x81, 0xDC, 0x01, 0x7C, 0x01, 0x49, 0x0A, 0x0D, 0x02, 0x00, 0xF2, 0xFE, 0xF7, 0xFF, 0xFE, 0xF9 ; file 05E847
db 0xF9, 0xF8, 0xF0, 0xFB, 0xF7, 0x01, 0xE6, 0x0F, 0xEE, 0x07, 0x07, 0x0A, 0x39, 0x2F, 0x2F, 0xF9 ; file 05E857
db 0xFF, 0xFC, 0xF1, 0xFD, 0x01, 0xBA, 0x02, 0x1E, 0x02, 0x71, 0x08, 0x0B, 0x04, 0x06, 0xF7, 0x01 ; file 05E867
db 0xFA, 0x00, 0x0E, 0x5A, 0xF9, 0xFA, 0xF2, 0xF8, 0xBE, 0x18, 0xC2, 0x0C, 0x0A, 0x0A, 0x09, 0x00 ; file 05E877
db 0x00, 0x90, 0x05, 0xEF, 0x02, 0x03, 0xFA, 0xFA, 0x08, 0x90, 0xFA, 0xFA, 0x03, 0xEB, 0xF9, 0x01 ; file 05E887
db 0x0C, 0x82, 0x08, 0x08, 0x29, 0x07, 0xFC, 0x04, 0xFE, 0x00, 0xA2, 0xF9, 0xFB, 0xF3, 0xF4, 0xF9 ; file 05E897
db 0xF8, 0x07, 0xFB, 0x06, 0x0B, 0x09, 0xA5, 0x04, 0x03, 0x02, 0x01, 0x05, 0x91, 0xFE, 0x0F, 0xDB ; file 05E8A7
db 0x09, 0x64, 0x03, 0x5A, 0xF8, 0x03, 0x8B, 0x0F, 0x58, 0x09, 0xF7, 0x04, 0x06, 0xFA, 0x0E, 0xED ; file 05E8B7
db 0xFE, 0xF9, 0xFB, 0xF7, 0x7C, 0x0F, 0xAB, 0x0B, 0xCC, 0x09, 0x0B, 0x0A, 0x06, 0xFE, 0x03, 0x82 ; file 05E8C7
db 0xE9, 0x05, 0x1E, 0xC2, 0x0C, 0x45, 0xF8, 0x03, 0x25, 0x00, 0xFC, 0x05, 0xF9, 0x0A, 0x06, 0xD7 ; file 05E8D7
db 0x07, 0xE2, 0xFF, 0xF8, 0xFD, 0xF9, 0xFA, 0xAF, 0xF9, 0xF0, 0xF8, 0xF5, 0x0B, 0xB8, 0x09, 0x0F ; file 05E8E7
db 0xFD, 0x02, 0xEC, 0x0C, 0x74, 0x01, 0x09, 0xF7, 0xFD, 0x00, 0x4E, 0xFF, 0xFD, 0x01, 0x5D, 0xF7 ; file 05E8F7
db 0x0E, 0x2D, 0x0B, 0x09, 0x09, 0x01, 0xBB, 0xFB, 0x05, 0x72, 0xFF, 0xF9, 0xFA, 0xFB, 0xF4, 0xF4 ; file 05E907
db 0xF6, 0xFF, 0x08, 0xD3, 0x08, 0x0A, 0x0F, 0xFF, 0x02, 0xEF, 0x00, 0x08, 0xBA, 0xF9, 0xF8, 0xEE ; file 05E917
db 0x09, 0x39, 0xF9, 0xFA, 0x04, 0x1F, 0xE0, 0x0A, 0x09, 0x0C, 0xCF, 0x09, 0x03, 0x06, 0xFC, 0x0E ; file 05E927
db 0x19, 0x02, 0xD8, 0xF4, 0xF2, 0xFB, 0xF6, 0xFA, 0x09, 0x17, 0x06, 0x08, 0x0A, 0x06, 0x02, 0xCB ; file 05E937
db 0xFE, 0x01, 0x0F, 0xFC, 0xF7, 0x0D, 0x75, 0x04, 0xD7, 0x02, 0xFC, 0xDC, 0x00, 0x67, 0x00, 0x33 ; file 05E947
db 0x08, 0x06, 0x05, 0x0F, 0xAC, 0xFF, 0xFC, 0x7D, 0xFA, 0x08, 0xD3, 0xF3, 0xF9, 0x06, 0x09, 0x0A ; file 05E957
db 0x0F, 0x01, 0x5B, 0x08, 0xFE, 0x09, 0x84, 0x08, 0x03, 0x01, 0xC7, 0xFF, 0x0A, 0xBA, 0xFB, 0x00 ; file 05E967
db 0x01, 0x0B, 0x55, 0x06, 0x0C, 0x09, 0x0C, 0x05, 0xB6, 0x03, 0xB7, 0xFF, 0xFA, 0x0C, 0xB1, 0xFA ; file 05E977
db 0xF1, 0x25, 0x21, 0x07, 0x59, 0x07, 0x0F, 0x81, 0x0F, 0x3C, 0x05, 0x02, 0x07, 0x2D, 0xFF, 0x0A ; file 05E987
db 0x1F, 0x8E, 0x02, 0x05, 0xF6, 0xFA, 0x06, 0x00, 0x08, 0x09, 0x3D, 0x04, 0xF4, 0xFD, 0xFF, 0xF9 ; file 05E997
db 0xFC, 0xF9, 0xF6, 0xF0, 0xF5, 0x01, 0x09, 0xF7, 0x0B, 0x06, 0x0A, 0x02, 0x19, 0xFB, 0xFB, 0x00 ; file 05E9A7
db 0x07, 0xCF, 0x08, 0xFD, 0xF8, 0xF6, 0x11, 0xE8, 0x0E, 0xD5, 0xF8, 0xF9, 0xC5, 0x03, 0x0F, 0xEA ; file 05E9B7
db 0x09, 0x06, 0xA5, 0x09, 0xE6, 0x04, 0x61, 0xF6, 0xF1, 0x6B, 0xF2, 0xFD, 0x07, 0xC5, 0x06, 0x0C ; file 05E9C7
db 0x9F, 0x00, 0xFB, 0x03, 0xF0, 0xD6, 0x09, 0x7D, 0xFC, 0x04, 0x0E, 0x57, 0x00, 0x0C, 0x82, 0x01 ; file 05E9D7
db 0x0A, 0xA7, 0x0C, 0x08, 0x07, 0x0F, 0x15, 0x09, 0x84, 0xF9, 0x0A, 0x0E, 0xF3, 0xFB, 0xEE, 0xFC ; file 05E9E7
db 0x0F, 0x70, 0x05, 0x0D, 0x0A, 0x08, 0xFF, 0xFE, 0x0B, 0xAA, 0x0A, 0x02, 0xF9, 0xF5, 0xFA, 0x04 ; file 05E9F7
db 0x00, 0x0C, 0x01, 0x6E, 0x04, 0x5F, 0xFF, 0x07, 0x0F, 0xEA, 0x09, 0xBC, 0x0E, 0x85, 0x1E, 0x58 ; file 05EA07
db 0x9B, 0xF4, 0xED, 0x05, 0x21, 0x09, 0x06, 0x0A, 0x38, 0x03, 0x76, 0x04, 0x69, 0x07, 0x0A, 0x95 ; file 05EA17
db 0x0D, 0xB2, 0xFA, 0x03, 0xC9, 0xFF, 0xF1, 0x0F, 0xBD, 0x6F, 0x0C, 0x05, 0x0A, 0x06, 0x0C, 0x9E ; file 05EA27
db 0x03, 0xF9, 0x0B, 0xDF, 0xFF, 0xF9, 0xEC, 0xF5, 0x02, 0x0A, 0x0C, 0x04, 0x0A, 0x4C, 0x0F, 0xD2 ; file 05EA37
db 0x08, 0xA6, 0x09, 0x08, 0x03, 0x17, 0x0B, 0x89, 0xF8, 0x08, 0x2E, 0x1F, 0xF3, 0xF8, 0x05, 0x0A ; file 05EA47
db 0x0D, 0x0B, 0x60, 0x01, 0x95, 0x07, 0xAE, 0xFF, 0xFB, 0xFA, 0xF8, 0xEF, 0xF0, 0xFF, 0x09, 0x0E ; file 05EA57
db 0xDE, 0x0B, 0x0C, 0x0A, 0x08, 0xFD, 0xFA, 0x00, 0x17, 0xFD, 0xF5, 0xEF, 0xF7, 0xFD, 0x07, 0xFC ; file 05EA67
db 0x01, 0xC2, 0x06, 0xF5, 0xF4, 0xDF, 0x03, 0x09, 0x0E, 0x08, 0x07, 0x09, 0xE0, 0xF7, 0x00, 0xFB ; file 05EA77
db 0xFF, 0xF7, 0x01, 0xD8, 0xF3, 0xEB, 0xFF, 0x05, 0x10, 0x7F, 0x05, 0x06, 0x0C, 0x0B, 0x08, 0xFF ; file 05EA87
db 0xF8, 0x02, 0x17, 0xF5, 0x00, 0x0F, 0x81, 0x07, 0x0F, 0xE7, 0xFE, 0x06, 0xFA, 0xF1, 0xFF, 0x01 ; file 05EA97
db 0x08, 0x0E, 0x09, 0x07, 0x0B, 0x01, 0x02, 0xF3, 0xF8, 0xFE, 0x0F, 0x46, 0x09, 0x64, 0xEA, 0xFA ; file 05EAA7
db 0x04, 0x0F, 0xDB, 0x08, 0x05, 0x0F, 0x81, 0x03, 0xF7, 0x0A, 0x91, 0x03, 0xF7, 0xFF, 0xF7, 0xF7 ; file 05EAB7
db 0x06, 0x02, 0xF8, 0xFC, 0xFD, 0x03, 0x77, 0x00, 0xEF, 0xFD, 0x09, 0xFD, 0x05, 0x0C, 0x03, 0x03 ; file 05EAC7
db 0xCD, 0xFD, 0x03, 0x01, 0xAE, 0xF8, 0xF8, 0xEB, 0xF6, 0x02, 0x0D, 0xEB, 0x0B, 0x04, 0x0E, 0x1C ; file 05EAD7
db 0x06, 0x03, 0x61, 0x08, 0x07, 0xF9, 0xEF, 0xF6, 0xF6, 0x02, 0x05, 0x02, 0x02, 0x00, 0x05, 0xEF ; file 05EAE7
db 0xC6, 0x0E, 0x84, 0x0D, 0x06, 0x0C, 0x9B, 0x01, 0x16, 0x2F, 0x2D, 0xEE, 0xF0, 0xE6, 0x09, 0xE7 ; file 05EAF7
db 0x04, 0x08, 0x0E, 0x2F, 0x0B, 0x65, 0x07, 0x0A, 0xFC, 0xBF, 0xF6, 0xF6, 0xFE, 0x07, 0xFB, 0xF8 ; file 05EB07
db 0x08, 0x2C, 0xF3, 0xDF, 0xF5, 0x05, 0x09, 0x0E, 0x07, 0x04, 0xC0, 0x00, 0xF8, 0xFD, 0x02, 0x00 ; file 05EB17
db 0xB4, 0xFA, 0xF9, 0xF1, 0xED, 0xFF, 0x07, 0x73, 0x0E, 0x06, 0x0E, 0x59, 0x0E, 0xAE, 0x01, 0x05 ; file 05EB27
db 0x09, 0x05, 0xA9, 0x7D, 0xFB, 0x04, 0xED, 0xFE, 0xFE, 0x05, 0xF8, 0xF2, 0x04, 0xDE, 0xF1, 0x09 ; file 05EB37
db 0x13, 0x5F, 0x03, 0xE1, 0x0D, 0x79, 0xF9, 0xF4, 0xEB, 0xFC, 0x3F, 0x05, 0x0E, 0x08, 0x05, 0x0C ; file 05EB47
db 0x0B, 0x08, 0x9B, 0x1F, 0x57, 0xEF, 0xF8, 0xF6, 0xF8, 0x06, 0x0E, 0x84, 0xFE, 0x04, 0xFE, 0x8B ; file 05EB57
db 0xF2, 0xFE, 0x1E, 0x84, 0x0A, 0x0E, 0x84, 0x07, 0x4A, 0x0A, 0x8B, 0xF4, 0x3B, 0xEE, 0xF6, 0x1B ; file 05EB67
db 0x27, 0x08, 0x0B, 0x09, 0x02, 0x3E, 0x0E, 0x84, 0xE7, 0xF8, 0xF6, 0xF9, 0x00, 0xE2, 0x02, 0x4D ; file 05EB77
db 0x00, 0xF1, 0xFB, 0xCB, 0x07, 0x0B, 0x0E, 0x84, 0x07, 0x1A, 0xE4, 0x01, 0xF0, 0xF8, 0xF8, 0xC7 ; file 05EB87
db 0xED, 0xF5, 0x02, 0x0D, 0xA1, 0x1E, 0x84, 0x0A, 0xBC, 0x08, 0x08, 0xF5, 0xFC, 0x0E, 0x84, 0x03 ; file 05EB97
db 0x0A, 0x5D, 0x01, 0x02, 0xF6, 0xF9, 0x8F, 0x04, 0x0A, 0x0B, 0x09, 0x0A, 0xE2, 0x02, 0x26, 0x0D ; file 05EBA7
db 0x88, 0xFC, 0x2F, 0xF5, 0xF1, 0xF2, 0xFE, 0x3D, 0xDB, 0x06, 0x0C, 0x44, 0x08, 0xD2, 0xC3, 0xF6 ; file 05EBB7
db 0xF8, 0x0E, 0xDD, 0x05, 0x41, 0x0E, 0xA5, 0x1D, 0xDB, 0x08, 0x08, 0xB3, 0x02, 0xFC, 0x04, 0xB4 ; file 05EBC7
db 0x0D, 0x87, 0xF9, 0xF2, 0x1F, 0x9A, 0x09, 0xB9, 0x06, 0x0D, 0xDB, 0x04, 0xCD, 0x04, 0x09, 0x01 ; file 05EBD7
db 0x0A, 0x6B, 0x01, 0x88, 0x07, 0x10, 0x1D, 0x82, 0x18, 0x28, 0x0B, 0x07, 0xFB, 0x06, 0xF6, 0x0C ; file 05EBE7
db 0x35, 0xF9, 0x3F, 0xF1, 0xF3, 0xF7, 0x05, 0x0A, 0x08, 0x0C, 0x87, 0x01, 0xD0, 0x70, 0x04, 0xA3 ; file 05EBF7
db 0x09, 0xC2, 0x07, 0x4D, 0x00, 0x2B, 0x01, 0xF9, 0xF8, 0x09, 0xF8, 0x8F, 0x09, 0x08, 0x07, 0x07 ; file 05EC07
db 0x0C, 0xF0, 0x02, 0x9A, 0x0D, 0xB1, 0xF3, 0xFB, 0xF6, 0x02, 0x05, 0x76, 0x0B, 0x0B, 0x09, 0x01 ; file 05EC17
db 0xFD, 0xBD, 0xFB, 0x01, 0x08, 0xFF, 0xF7, 0xF9, 0x00, 0x19, 0x4C, 0x04, 0x9F, 0xFB, 0xFC, 0xFC ; file 05EC27
db 0x02, 0x0A, 0x0F, 0x56, 0x0A, 0x3B, 0x01, 0xBE, 0x1C, 0xDE, 0xFB, 0xF3, 0xF3, 0xF6, 0xFD, 0x3C ; file 05EC37
db 0x89, 0x03, 0x59, 0x03, 0x02, 0x2A, 0x01, 0x9A, 0xFA, 0x00, 0x00, 0x7E, 0xFC, 0x0D, 0x94, 0xE4 ; file 05EC47
db 0x24, 0xDE, 0x03, 0xC6, 0xF9, 0x01, 0xF2, 0x0C, 0x89, 0xF6, 0xF2, 0xF8, 0xC3, 0xFA, 0x08, 0x0B ; file 05EC57
db 0xE0, 0x0D, 0x2F, 0x04, 0xCD, 0x16, 0x9B, 0xF7, 0xFF, 0x75, 0xFC, 0x07, 0x52, 0x02, 0x0F, 0x8D ; file 05EC67
db 0xFE, 0x07, 0x09, 0x1B, 0x37, 0xFC, 0x09, 0x6F, 0x1B, 0xE0, 0xF8, 0xF0, 0xF9, 0xF6, 0x06, 0x06 ; file 05EC77
db 0x92, 0x0F, 0x70, 0x08, 0x04, 0xBE, 0x02, 0xCE, 0xFD, 0x0A, 0xBB, 0x00, 0x54, 0xFE, 0x12, 0x02 ; file 05EC87
db 0x8F, 0xFE, 0x0B, 0xB6, 0x09, 0x7D, 0x07, 0x0F, 0x59, 0x0B, 0x89, 0x0F, 0x03, 0x71, 0xF8, 0x09 ; file 05EC97
db 0x29, 0x0F, 0x58, 0x0C, 0x35, 0x01, 0xFB, 0x02, 0x04, 0x5D, 0xDA, 0x09, 0xFF, 0xFC, 0x0C, 0x70 ; file 05ECA7
db 0x02, 0xF8, 0x0B, 0xFB, 0x09, 0x08, 0x63, 0x0E, 0x05, 0x0B, 0x79, 0x07, 0xF3, 0x0B, 0x0D, 0xF0 ; file 05ECB7
db 0xF8, 0x00, 0x8D, 0xD3, 0x06, 0x0B, 0x1A, 0xE3, 0x06, 0x95, 0x03, 0x0A, 0xE3, 0xFD, 0xFE, 0x9D ; file 05ECC7
db 0xFB, 0x05, 0x80, 0x01, 0xF5, 0xFE, 0x1B, 0x0D, 0x04, 0x89, 0x04, 0xBD, 0xF9, 0x07, 0x84, 0xFF ; file 05ECD7
db 0xF7, 0xFB, 0xF3, 0x02, 0xC9, 0x05, 0xE6, 0x0E, 0x07, 0x0A, 0x09, 0x1B, 0x6C, 0x06, 0x68, 0xFE ; file 05ECE7
db 0xFA, 0xFE, 0x5F, 0xF9, 0xFD, 0xFD, 0xF8, 0x01, 0x18, 0x26, 0x05, 0x0D, 0x9A, 0x7C, 0x02, 0xBA ; file 05ECF7
db 0x07, 0xF3, 0xFE, 0xF8, 0xFA, 0xF4, 0xF3, 0x00, 0x9C, 0xA3, 0x03, 0x0A, 0x0B, 0x50, 0x07, 0xC1 ; file 05ED07
db 0x08, 0x68, 0xFB, 0x08, 0xA8, 0xFA, 0xFF, 0xFE, 0x06, 0xFE, 0x00, 0xFA, 0xF6, 0x03, 0xFD, 0x76 ; file 05ED17
db 0x06, 0x17, 0x0B, 0x02, 0x08, 0x40, 0xFF, 0xF8, 0x01, 0x06, 0x44, 0x7D, 0xF2, 0x08, 0x8D, 0x03 ; file 05ED27
db 0x08, 0x0E, 0x0A, 0x0A, 0x05, 0x3F, 0x39, 0xFD, 0x16, 0x2D, 0x07, 0x7F, 0xF9, 0xFF, 0xFA, 0x0A ; file 05ED37
db 0x5C, 0x04, 0xD9, 0x51, 0x06, 0x01, 0xBA, 0x09, 0x11, 0x01, 0x3C, 0xFB, 0x0F, 0xD6, 0xFA, 0x13 ; file 05ED47
db 0x5A, 0x86, 0x19, 0x91, 0x03, 0x07, 0x03, 0xAD, 0x0F, 0xF2, 0x08, 0xA5, 0x05, 0x5D, 0xFD, 0xD4 ; file 05ED57
db 0x06, 0xA9, 0x01, 0x22, 0x0B, 0x0F, 0x97, 0xFC, 0x0D, 0x5B, 0x00, 0xF7, 0x13, 0xFA, 0xF2, 0x0A ; file 05ED67
db 0x20, 0x00, 0x91, 0x0E, 0x08, 0x93, 0x03, 0xF6, 0x02, 0x37, 0xC6, 0x08, 0x84, 0xF7, 0xFC, 0x0F ; file 05ED77
db 0x52, 0x19, 0x0D, 0x09, 0x78, 0x09, 0x03, 0x7E, 0x08, 0xE7, 0xF9, 0xF9, 0xFD, 0xFA, 0xF8, 0xF2 ; file 05ED87
db 0x0A, 0x9F, 0x23, 0xFE, 0x02, 0x0B, 0x60, 0x08, 0x93, 0x08, 0x29, 0xFB, 0x07, 0xAC, 0x0D, 0x0A ; file 05ED97
db 0x85, 0x07, 0x0C, 0x43, 0xF8, 0x00, 0xA7, 0x0A, 0xCC, 0x03, 0x99, 0x0A, 0x3C, 0x00, 0xEF, 0xFC ; file 05EDA7
db 0xF8, 0xF5, 0xF5, 0x03, 0xD9, 0x02, 0x07, 0x10, 0x94, 0x09, 0x7E, 0x02, 0xD0, 0x01, 0x05, 0x77 ; file 05EDB7
db 0xFF, 0x02, 0x8C, 0x00, 0x30, 0xF9, 0xFF, 0xFB, 0x07, 0x04, 0xFF, 0x03, 0x0B, 0x0B, 0x05, 0xB9 ; file 05EDC7
db 0x04, 0x0F, 0x2B, 0x0A, 0x03, 0xF9, 0xF4, 0xF4, 0x0A, 0x28, 0xFE, 0x5E, 0x07, 0x96, 0x05, 0x02 ; file 05EDD7
db 0x04, 0x07, 0x04, 0x49, 0xF8, 0x01, 0xEB, 0xF6, 0x04, 0xC3, 0x03, 0x02, 0x0B, 0x06, 0x06, 0xFE ; file 05EDE7
db 0x03, 0x06, 0xDB, 0x09, 0x06, 0x14, 0xE2, 0xFB, 0xFB, 0x02, 0xE5, 0xF2, 0xFC, 0x1E, 0x00, 0x7F ; file 05EDF7
db 0x03, 0x0C, 0x10, 0x07, 0x00, 0xFE, 0x17, 0xEA, 0x02, 0x62, 0xFB, 0xF9, 0xF6, 0x02, 0xE8, 0xF9 ; file 05EE07
db 0xFA, 0x01, 0x09, 0x01, 0x57, 0xFF, 0x07, 0x0C, 0x06, 0xED, 0x06, 0x0C, 0x60, 0xFC, 0x05, 0xEF ; file 05EE17
db 0x02, 0x00, 0x73, 0xF9, 0x18, 0x93, 0x12, 0x35, 0x0B, 0x89, 0x00, 0x7F, 0x07, 0xE6, 0x00, 0x17 ; file 05EE27
db 0x87, 0xF5, 0xFA, 0x06, 0x01, 0x56, 0x01, 0xBA, 0x00, 0xBC, 0x02, 0x72, 0xFE, 0x9C, 0x04, 0x72 ; file 05EE37
db 0x07, 0x7B, 0x00, 0x06, 0x10, 0x0A, 0xBA, 0x03, 0x87, 0xFF, 0x7F, 0xFD, 0x00, 0x02, 0x04, 0xFF ; file 05EE47
db 0xF5, 0xF6, 0x08, 0xEA, 0xFF, 0xF7, 0xFE, 0x07, 0x07, 0xFF, 0x01, 0x0B, 0x08, 0x3E, 0x08, 0x54 ; file 05EE57
db 0x07, 0xFC, 0xFB, 0xF9, 0xFD, 0x0F, 0x03, 0x09, 0xFB, 0xF2, 0x04, 0xD3, 0x0A, 0x04, 0xF2, 0x0E ; file 05EE67
db 0x6D, 0xFA, 0xF8, 0xFC, 0x03, 0x7F, 0x00, 0xFA, 0xFA, 0x02, 0x06, 0x03, 0xF5, 0x06, 0xAD, 0xDF ; file 05EE77
db 0xFF, 0xFF, 0x06, 0x08, 0x06, 0x02, 0xA4, 0xFB, 0xFD, 0x9F, 0xFA, 0x00, 0xFB, 0xF3, 0xF5, 0x0C ; file 05EE87
db 0x4B, 0x09, 0x7E, 0x10, 0xF6, 0x01, 0x8C, 0x03, 0x03, 0x0E, 0x5D, 0x01, 0x04, 0x04, 0xF8, 0xF5 ; file 05EE97
db 0xF5, 0x07, 0x2D, 0xF6, 0x07, 0x2C, 0x05, 0xFC, 0x07, 0x0B, 0xDF, 0x05, 0x08, 0xFE, 0x09, 0x00 ; file 05EEA7
db 0x09, 0xBD, 0xFC, 0xF4, 0xF5, 0xF2, 0x04, 0x61, 0xF7, 0x0B, 0x94, 0x08, 0x00, 0x01, 0x09, 0x77 ; file 05EEB7
db 0x0A, 0x0A, 0xFB, 0x04, 0xFB, 0x05, 0xFB, 0xFA, 0x07, 0x49, 0x6F, 0xFA, 0xF5, 0xFD, 0x04, 0x06 ; file 05EEC7
db 0x98, 0x09, 0x05, 0x03, 0x4D, 0xDE, 0x17, 0x5D, 0xFF, 0xF7, 0xF2, 0xFB, 0x06, 0x29, 0xFE, 0x06 ; file 05EED7
db 0x93, 0x0F, 0x0C, 0x07, 0x54, 0x0D, 0xF0, 0xFB, 0x03, 0x55, 0x01, 0x19, 0xFB, 0xBE, 0x0E, 0xFE ; file 05EEE7
db 0x01, 0x05, 0x0B, 0xFE, 0x00, 0x09, 0x4E, 0x02, 0xF8, 0x05, 0x69, 0x0D, 0x07, 0x0D, 0x09, 0xFE ; file 05EEF7
db 0x03, 0xFD, 0xF9, 0x04, 0xFB, 0x07, 0x0B, 0x02, 0x61, 0x09, 0x0D, 0x02, 0xF7, 0xF9, 0xE9, 0xFB ; file 05EF07
db 0x14, 0x4E, 0x01, 0xFC, 0xF4, 0x0A, 0x81, 0x02, 0xFC, 0x06, 0x7A, 0x05, 0x9B, 0xFF, 0x15, 0x9B ; file 05EF17
db 0xFE, 0xFD, 0xF0, 0xF8, 0x00, 0x60, 0xFF, 0xF8, 0x03, 0x0A, 0x0F, 0x09, 0xFF, 0x01, 0x03, 0xFB ; file 05EF27
db 0x05, 0x03, 0x06, 0xDA, 0x08, 0x04, 0xF8, 0xF4, 0xF8, 0xB7, 0xFF, 0x01, 0xF3, 0x07, 0xED, 0x08 ; file 05EF37
db 0xFB, 0x03, 0x49, 0x07, 0xA7, 0xFF, 0x0A, 0xFF, 0x0D, 0x09, 0x05, 0x9B, 0xFE, 0x07, 0x8D, 0xFE ; file 05EF47
db 0x5A, 0x0C, 0xB2, 0xFF, 0x0B, 0x85, 0x0A, 0xF9, 0x07, 0x1C, 0x06, 0x0E, 0x01, 0xBB, 0x03, 0x09 ; file 05EF57
db 0x06, 0xBE, 0x04, 0x07, 0xFD, 0x0F, 0xC8, 0x04, 0xFC, 0x00, 0xC2, 0x08, 0x04, 0x00, 0xF6, 0xF2 ; file 05EF67
db 0xFE, 0x02, 0x05, 0xD5, 0xFA, 0x04, 0xF2, 0x0D, 0x03, 0x39, 0x03, 0x1A, 0x17, 0x03, 0x0A, 0xEF ; file 05EF77
db 0xFD, 0xF5, 0xF6, 0xF9, 0x04, 0x99, 0x03, 0x05, 0x0C, 0x9F, 0x00, 0xFF, 0x09, 0x03, 0x09, 0x02 ; file 05EF87
db 0x5F, 0x1D, 0xF7, 0xF8, 0xBF, 0xEF, 0xFC, 0xFF, 0x04, 0xFD, 0xF8, 0x05, 0x46, 0x02, 0xD3, 0xFE ; file 05EF97
db 0x07, 0x02, 0xF7, 0x09, 0x3F, 0x06, 0x07, 0x6A, 0xFE, 0x0A, 0xFD, 0xFF, 0x0B, 0x85, 0x07, 0x04 ; file 05EFA7
db 0xFA, 0x05, 0x04, 0x05, 0x5C, 0x05, 0xEA, 0x0C, 0x0B, 0xFB, 0xFF, 0xEE, 0x07, 0xA2, 0x01, 0x00 ; file 05EFB7
db 0x02, 0x05, 0x0E, 0x04, 0x73, 0x03, 0x14, 0x49, 0x03, 0xA0, 0x14, 0x49, 0x04, 0xF2, 0x00, 0xA9 ; file 05EFC7
db 0xF4, 0x08, 0xAD, 0x00, 0x87, 0x08, 0x03, 0x22, 0xF9, 0xFB, 0xF0, 0xF8, 0xEC, 0x05, 0xD3, 0x02 ; file 05EFD7
db 0xC8, 0x08, 0x08, 0x04, 0xD8, 0x0D, 0x09, 0xFA, 0xBA, 0x13, 0xA0, 0xFB, 0x02, 0xAD, 0x08, 0xF7 ; file 05EFE7
db 0xF8, 0x02, 0x68, 0xFD, 0xED, 0xFE, 0x05, 0x84, 0xFE, 0x03, 0x03, 0x3A, 0xF8, 0x00, 0xF4, 0xFB ; file 05EFF7
db 0xF5, 0x01, 0x0F, 0xE5, 0xFB, 0x08, 0x0A, 0x0E, 0xFF, 0x9F, 0x00, 0x04, 0x05, 0x06, 0xFC, 0x0C ; file 05F007
db 0x28, 0x0F, 0x57, 0xF7, 0xC1, 0xF8, 0x03, 0x18, 0x03, 0xA0, 0x01, 0xA1, 0x03, 0x37, 0x0D, 0xCE ; file 05F017
db 0xFE, 0xF9, 0xEC, 0x0B, 0x8D, 0x00, 0x3A, 0xFE, 0xF8, 0x05, 0x5E, 0x01, 0x00, 0x07, 0x9F, 0x0D ; file 05F027
db 0x0B, 0x02, 0xF5, 0xF8, 0x00, 0xFE, 0x0B, 0x60, 0x08, 0x46, 0x06, 0xD0, 0x03, 0x05, 0x02, 0x25 ; file 05F037
db 0x02, 0xF7, 0x01, 0x2F, 0xFD, 0x02, 0x69, 0xF9, 0xF1, 0x0F, 0x03, 0x01, 0x17, 0x08, 0x0C, 0x07 ; file 05F047
db 0xFD, 0x04, 0xFF, 0x04, 0x07, 0x01, 0xF9, 0xFB, 0xFF, 0x0B, 0x03, 0xBF, 0xF9, 0xF6, 0xF5, 0x00 ; file 05F057
db 0xFC, 0xF6, 0x06, 0x47, 0x09, 0xF4, 0x00, 0x60, 0x03, 0x4C, 0x04, 0x07, 0xB1, 0xF9, 0xF8, 0xF1 ; file 05F067
db 0xFA, 0xF8, 0x00, 0xC8, 0x05, 0x85, 0x08, 0x46, 0x04, 0x0B, 0x0E, 0x06, 0xFA, 0xAB, 0xF5, 0xFB ; file 05F077
db 0x06, 0x48, 0xFE, 0x00, 0xB6, 0xF9, 0x02, 0x8A, 0x07, 0x9F, 0xFE, 0xFE, 0x01, 0x03, 0x01, 0x00 ; file 05F087
db 0x31, 0x02, 0x2C, 0xFD, 0xA2, 0x04, 0x8D, 0x05, 0x07, 0x49, 0x08, 0x16, 0x01, 0xE0, 0x07, 0x02 ; file 05F097
db 0xED, 0xFC, 0xB4, 0x0A, 0x9E, 0x08, 0x66, 0xFF, 0x04, 0x9E, 0x07, 0x09, 0x03, 0x25, 0x05, 0xFE ; file 05F0A7
db 0x02, 0x38, 0x00, 0x01, 0xFE, 0xFA, 0xF7, 0xF4, 0xF7, 0xF8, 0x03, 0x6D, 0x05, 0x13, 0x06, 0x5E ; file 05F0B7
db 0x02, 0x07, 0x0E, 0x09, 0x00, 0x1B, 0xF6, 0xF8, 0x00, 0xB1, 0xFD, 0xFF, 0x07, 0x94, 0x01, 0xFA ; file 05F0C7
db 0x0E, 0x5E, 0x75, 0xFE, 0x00, 0xF5, 0x01, 0x0B, 0xFD, 0xFD, 0xF9, 0xF8, 0x0F, 0xDB, 0x46, 0x0A ; file 05F0D7
db 0x2F, 0x00, 0x06, 0x0D, 0x32, 0x02, 0xA3, 0x12, 0x6E, 0x08, 0x01, 0x76, 0xF4, 0x06, 0xC7, 0x0E ; file 05F0E7
db 0x27, 0x07, 0x01, 0x9A, 0x01, 0x05, 0x04, 0x0A, 0x36, 0x03, 0x7E, 0xFD, 0xF8, 0x03, 0x37, 0x03 ; file 05F0F7
db 0x04, 0x1B, 0x82, 0x06, 0x47, 0x35, 0x04, 0x02, 0xA3, 0xFC, 0x0D, 0x23, 0x01, 0xFF, 0x06, 0xEC ; file 05F107
db 0x31, 0x51, 0x50, 0x1D, 0x22, 0x0C, 0x23, 0x0F, 0xD6, 0x07, 0x34, 0xFD, 0x05, 0xCF, 0x00, 0x0B ; file 05F117
db 0x4E, 0xFE, 0x0B, 0x90, 0x05, 0x08, 0x02, 0xFE, 0xF8, 0xFE, 0x07, 0xAE, 0x03, 0xCA, 0xF5, 0xFB ; file 05F127
db 0xF8, 0x1D, 0x53, 0x06, 0x09, 0xAD, 0x05, 0xA3, 0x01, 0x0B, 0x1F, 0xD5, 0x06, 0x71, 0x00, 0xA8 ; file 05F137
db 0xFE, 0x06, 0xBB, 0x03, 0x82, 0x01, 0x0F, 0x09, 0x40, 0xA8, 0x01, 0x8C, 0x0B, 0x32, 0x0E, 0xB7 ; file 05F147
db 0x0C, 0x7E, 0xFA, 0x45, 0x01, 0x0C, 0x23, 0xFF, 0x10, 0xA8, 0x0E, 0x1C, 0x0B, 0xFF, 0x01, 0x01 ; file 05F157
db 0x27, 0x7D, 0x03, 0x0D, 0x20, 0x04, 0xFF, 0xFD, 0xF8, 0x05, 0x0E, 0xC0, 0x34, 0x00, 0x54, 0x08 ; file 05F167
db 0x3E, 0x07, 0x0F, 0x56, 0xF9, 0x02, 0x01, 0x4A, 0x00, 0x18, 0xD7, 0xFE, 0xF7, 0xF1, 0x02, 0xA4 ; file 05F177
db 0x02, 0x07, 0x0F, 0xFE, 0x01, 0x2C, 0x06, 0xF2, 0x08, 0x91, 0xFE, 0xF7, 0x00, 0xAD, 0x03, 0x06 ; file 05F187
db 0x44, 0x0F, 0x9A, 0x61, 0x02, 0x00, 0x3F, 0x07, 0x39, 0x0E, 0x5B, 0x04, 0x32, 0xFD, 0xF0, 0x0E ; file 05F197
db 0x52, 0x69, 0x04, 0x13, 0xFC, 0x0B, 0xD0, 0x01, 0x05, 0xDB, 0xFF, 0xF9, 0x01, 0xEB, 0xBF, 0x01 ; file 05F1A7
db 0xFB, 0xF7, 0xF9, 0xF4, 0x00, 0x01, 0x7C, 0x05, 0xEB, 0x0C, 0xFE, 0x01, 0x08, 0x0B, 0x01, 0x25 ; file 05F1B7
db 0xFD, 0xFC, 0xF1, 0xF2, 0x07, 0xCD, 0x03, 0x09, 0xCF, 0x07, 0x60, 0x06, 0x05, 0x0A, 0x0A, 0x51 ; file 05F1C7
db 0x03, 0x04, 0x29, 0x00, 0x02, 0x0F, 0xAB, 0xF6, 0x01, 0x10, 0x04, 0x11, 0xB5, 0xCA, 0x03, 0x10 ; file 05F1D7
db 0x00, 0x06, 0xB7, 0xFE, 0x07, 0x0A, 0x0F, 0xB3, 0x01, 0x05, 0xB5, 0xFC, 0x0A, 0x24, 0x04, 0x0E ; file 05F1E7
db 0xB4, 0x00, 0xFD, 0x09, 0xEA, 0x01, 0x9F, 0x00, 0xF8, 0xFA, 0xF1, 0xFC, 0x0F, 0x84, 0x03, 0x65 ; file 05F1F7
db 0xF9, 0x77, 0xFF, 0x00, 0x0A, 0x13, 0x87, 0xFE, 0xF5, 0xF2, 0x0F, 0x78, 0x95, 0xFF, 0x07, 0xDF ; file 05F207
db 0xFA, 0x03, 0xF1, 0x09, 0x0E, 0x40, 0x03, 0x40, 0xFD, 0x34, 0x0F, 0x75, 0x03, 0x85, 0x07, 0x0B ; file 05F217
db 0xD2, 0xFF, 0x06, 0x02, 0x93, 0x03, 0x4C, 0xBF, 0x02, 0x02, 0xFB, 0xFB, 0xF1, 0x03, 0x0A, 0x85 ; file 05F227
db 0x01, 0xBF, 0x05, 0x01, 0xFD, 0x00, 0xFF, 0x07, 0x00, 0x69, 0x00, 0xD4, 0x0A, 0x58, 0x0F, 0x2D ; file 05F237
db 0xFC, 0x04, 0xB2, 0x03, 0x03, 0x00, 0x06, 0x0B, 0xFF, 0xFE, 0xFC, 0xFD, 0x06, 0x08, 0x01, 0x02 ; file 05F247
db 0x02, 0xCF, 0xFF, 0xF9, 0xF2, 0xFA, 0x0F, 0xAC, 0x0E, 0x69, 0xF6, 0xFC, 0xE5, 0xFD, 0x08, 0xFC ; file 05F257
db 0x05, 0x0A, 0x8F, 0x14, 0xC3, 0x04, 0x01, 0xFD, 0xE0, 0x04, 0xDE, 0x02, 0xBE, 0x02, 0x6D, 0x01 ; file 05F267
db 0xB0, 0x0F, 0x57, 0xFE, 0xFC, 0xF3, 0xBB, 0xFA, 0x07, 0x02, 0x5E, 0x03, 0x06, 0xFD, 0x02, 0x4B ; file 05F277
db 0x06, 0x42, 0x05, 0x5D, 0x00, 0x02, 0xCF, 0x0E, 0xCD, 0x01, 0x64, 0x0C, 0xE4, 0x02, 0x0A, 0x91 ; file 05F287
db 0x9A, 0x09, 0x74, 0x09, 0x03, 0xE1, 0x02, 0xFC, 0x0A, 0x3C, 0x0D, 0xB2, 0x01, 0xC3, 0x00, 0xFB ; file 05F297
db 0x0D, 0xFE, 0x02, 0xF4, 0x0A, 0x79, 0x02, 0x17, 0x00, 0x05, 0xEF, 0x03, 0x00, 0xF6, 0xFB, 0x1A ; file 05F2A7
db 0x6B, 0x01, 0x04, 0xFB, 0xDE, 0x0D, 0x4C, 0x01, 0x00, 0x00, 0x03, 0x06, 0xD7, 0x03, 0x08, 0x0A ; file 05F2B7
db 0x0A, 0x73, 0x06, 0x04, 0xDB, 0xFF, 0x0E, 0x6B, 0x04, 0x7C, 0x0D, 0xE2, 0x0E, 0x6B, 0x7B, 0xFB ; file 05F2C7
db 0xF0, 0x00, 0x55, 0x03, 0x02, 0x08, 0x08, 0x02, 0xBD, 0xFE, 0x08, 0xE7, 0x01, 0x02, 0x00, 0xF6 ; file 05F2D7
db 0xF6, 0xFA, 0x04, 0x1B, 0x03, 0xFE, 0x09, 0xF0, 0xF7, 0xF5, 0x05, 0x85, 0x02, 0x59, 0x09, 0xE7 ; file 05F2E7
db 0x1D, 0xFC, 0x04, 0xED, 0x03, 0xF8, 0xF7, 0x01, 0x29, 0x0E, 0x81, 0x15, 0x42, 0xB7, 0x01, 0x01 ; file 05F2F7
db 0xFF, 0x0F, 0xF8, 0xF7, 0xFD, 0x11, 0x9B, 0x05, 0x94, 0x07, 0xCB, 0x01, 0xB7, 0x06, 0x0C, 0x9E ; file 05F307
db 0x00, 0x06, 0xF2, 0x09, 0x9F, 0xF3, 0x59, 0xF1, 0x0D, 0xA9, 0x08, 0x52, 0x04, 0xFF, 0x0C, 0x58 ; file 05F317
db 0x03, 0x09, 0xB3, 0xDF, 0xFA, 0xF6, 0xF9, 0x00, 0x06, 0x05, 0x08, 0xFF, 0xFE, 0xCF, 0xF2, 0xF9 ; file 05F327
db 0x03, 0x0C, 0x00, 0xA5, 0x2C, 0x28, 0x01, 0x05, 0x91, 0x07, 0x09, 0x3A, 0x01, 0xAC, 0x09, 0x2B ; file 05F337
db 0xFE, 0x0A, 0xC3, 0x02, 0x0C, 0x02, 0x5F, 0xFC, 0xF4, 0xFD, 0x01, 0x0C, 0x0A, 0x1E, 0x06, 0x0C ; file 05F347
db 0x6C, 0x7B, 0x00, 0x07, 0x01, 0x24, 0x01, 0xFF, 0x06, 0xFC, 0x00, 0x2C, 0xFF, 0x03, 0xFA, 0xEF ; file 05F357
db 0xF9, 0x03, 0x07, 0x02, 0x01, 0xE7, 0x0A, 0x03, 0x05, 0x0C, 0x25, 0x0C, 0x92, 0x01, 0xFF, 0xF5 ; file 05F367
db 0x4F, 0xFB, 0xFB, 0x06, 0x01, 0x0D, 0x25, 0x0A, 0x87, 0x00, 0x06, 0x15, 0x73, 0xFE, 0xFF, 0x01 ; file 05F377
db 0x3B, 0x00, 0x6D, 0x07, 0x02, 0xF6, 0x03, 0xA5, 0x9E, 0x09, 0x13, 0x00, 0x00, 0xF7, 0xF4, 0x08 ; file 05F387
db 0xD3, 0x01, 0xBA, 0xF3, 0xF9, 0xFB, 0x03, 0xA5, 0x09, 0x57, 0x05, 0x00, 0xF2, 0xFC, 0x02, 0xF4 ; file 05F397
db 0x06, 0x98, 0x0C, 0xF1, 0x03, 0x04, 0xED, 0x03, 0x02, 0xF2, 0xF3, 0x5F, 0xFF, 0x06, 0x06, 0xFF ; file 05F3A7
db 0x08, 0x09, 0x35, 0xF6, 0x0D, 0xD3, 0x5C, 0x0D, 0x8F, 0x06, 0xE0, 0x00, 0x07, 0xFC, 0x1F, 0x57 ; file 05F3B7
db 0xF0, 0x1F, 0x57, 0xEB, 0x00, 0xFD, 0x00, 0x92, 0xFA, 0x01, 0x6D, 0x09, 0xF8, 0xF8, 0xC9, 0xFF ; file 05F3C7
db 0x05, 0x24, 0x08, 0x2E, 0xFF, 0x0E, 0x38, 0x0E, 0x5B, 0x03, 0xFB, 0x6F, 0xF5, 0x00, 0x01, 0x0D ; file 05F3D7
db 0x08, 0x2F, 0x05, 0x04, 0x0F, 0x9A, 0xEB, 0x06, 0x0B, 0x1E, 0x85, 0x07, 0x06, 0x78, 0x02, 0x06 ; file 05F3E7
db 0xF9, 0xFF, 0xF0, 0xFB, 0x01, 0x09, 0x02, 0x01, 0x09, 0x00, 0x0F, 0x07, 0xF9, 0xFD, 0x03, 0x03 ; file 05F3F7
db 0x61, 0x17, 0x34, 0x0B, 0x73, 0x0C, 0x7C, 0xD7, 0xFE, 0xF9, 0xF0, 0x05, 0x6C, 0x04, 0x09, 0xB0 ; file 05F407
db 0x09, 0x00, 0xD2, 0x03, 0x7C, 0x08, 0x07, 0xFA, 0x0F, 0x72, 0xFE, 0x01, 0xA4, 0xF8, 0xF4, 0x4C ; file 05F417
db 0x08, 0xCA, 0x0C, 0xAF, 0xF4, 0xFE, 0x00, 0x34, 0x0B, 0xE4, 0x04, 0x05, 0xAF, 0xFB, 0x01, 0x0B ; file 05F427
db 0x06, 0xDA, 0x00, 0x06, 0x03, 0xF7, 0xFB, 0xEA, 0x0A, 0xA7, 0xF2, 0x0B, 0x63, 0x07, 0x0D, 0x9E ; file 05F437
db 0x03, 0x03, 0xF8, 0x76, 0x00, 0xA3, 0x04, 0x01, 0x03, 0xCB, 0xFE, 0x01, 0x05, 0x1E, 0xAE, 0xF7 ; file 05F447
db 0xFD, 0xF1, 0xF7, 0x0E, 0xAE, 0xFD, 0xFC, 0x02, 0x07, 0xB4, 0x0F, 0x57, 0x09, 0xA0, 0xF8, 0x0A ; file 05F457
db 0x09, 0x0B, 0x01, 0x00, 0x49, 0xFF, 0xF9, 0xF3, 0x07, 0xC5, 0x0C, 0xA3, 0xFB, 0xF7, 0x04, 0x01 ; file 05F467
db 0x0B, 0xFE, 0x0C, 0x7D, 0x04, 0x04, 0xF7, 0xF3, 0xFF, 0x05, 0x0C, 0xFA, 0x08, 0x17, 0x04, 0x04 ; file 05F477
db 0xCD, 0xFD, 0x01, 0x07, 0xF8, 0xF3, 0xB7, 0xFC, 0x00, 0x0A, 0x0D, 0x99, 0x00, 0x06, 0x05, 0xA0 ; file 05F487
db 0x01, 0xA2, 0x0D, 0xCB, 0xFD, 0x02, 0x3E, 0x00, 0x8E, 0x02, 0xE2, 0xF8, 0x0E, 0x3F, 0x0E, 0xFD ; file 05F497
db 0x03, 0x07, 0x1F, 0x09, 0x01, 0xF9, 0x01, 0x00, 0x09, 0xBF, 0xFF, 0xF7, 0xFF, 0x01, 0x0A, 0x07 ; file 05F4A7
db 0x08, 0x1C, 0xFE, 0xBC, 0x03, 0x68, 0x00, 0x16, 0xFE, 0x01, 0xF6, 0x00, 0x00, 0x89, 0x00, 0xCE ; file 05F4B7
db 0x0F, 0x57, 0xFF, 0xF2, 0xF9, 0x0F, 0xE5, 0x0B, 0x9F, 0x08, 0x02, 0x36, 0x04, 0xCD, 0x06, 0x00 ; file 05F4C7
db 0x0A, 0x87, 0x05, 0x07, 0x0C, 0xF0, 0x00, 0xD6, 0x15, 0xFE, 0x0B, 0x40, 0x02, 0x04, 0x8D, 0x00 ; file 05F4D7
db 0x0D, 0x02, 0x0D, 0xE5, 0x06, 0x92, 0x5C, 0x02, 0x0E, 0x05, 0x9B, 0x0A, 0x06, 0xFD, 0x00, 0x1B ; file 05F4E7
db 0x06, 0x0A, 0xBB, 0x29, 0x04, 0x0E, 0xC9, 0x01, 0x47, 0xF7, 0x13, 0x17, 0xFF, 0x02, 0x4F, 0x0A ; file 05F4F7
db 0x70, 0xAD, 0x05, 0x09, 0xA9, 0x03, 0xF7, 0x09, 0xCC, 0x0B, 0x0B, 0xE5, 0x06, 0x4D, 0x06, 0x01 ; file 05F507
db 0xD0, 0x01, 0x06, 0x15, 0x42, 0x06, 0x4B, 0x02, 0x00, 0xEE, 0x91, 0xFD, 0x06, 0x05, 0x0D, 0x4B ; file 05F517
db 0x0E, 0x44, 0x01, 0x07, 0x4E, 0x0F, 0x4E, 0xF3, 0x3C, 0x08, 0x54, 0x02, 0xE5, 0x07, 0x09, 0x02 ; file 05F527
db 0xFB, 0x0E, 0x7F, 0x05, 0xD5, 0x37, 0x02, 0x07, 0x08, 0x06, 0xBE, 0xFB, 0xFB, 0x0D, 0x63, 0x0C ; file 05F537
db 0x5D, 0xFE, 0x0A, 0xAA, 0x06, 0x05, 0x07, 0x02, 0x05, 0x06, 0x03, 0x3F, 0xFD, 0xF4, 0xF7, 0x01 ; file 05F547
db 0x09, 0x07, 0x0F, 0x73, 0x04, 0x1A, 0x1F, 0xFA, 0xFD, 0x06, 0xFF, 0xF8, 0x08, 0xE5, 0x0C, 0x33 ; file 05F557
db 0x1F, 0xB7, 0xCC, 0x08, 0xDB, 0x00, 0x27, 0xFB, 0x00, 0x1B, 0xCA, 0x0A, 0xCB, 0xF9, 0xF7, 0x52 ; file 05F567
db 0x04, 0x44, 0x07, 0x0F, 0x96, 0x0D, 0xBB, 0xFD, 0x00, 0xCD, 0xFB, 0x0B, 0x9F, 0x7E, 0x03, 0xFC ; file 05F577
db 0xFD, 0xFC, 0xFA, 0xFB, 0xF5, 0xF9, 0x1B, 0xE1, 0xEE, 0x02, 0x69, 0x06, 0x04, 0x07, 0x04, 0x54 ; file 05F587
db 0x00, 0xF8, 0xF5, 0x8C, 0x07, 0x92, 0x06, 0xC5, 0x08, 0x04, 0x01, 0xFF, 0x02, 0xA3, 0x0F, 0x67 ; file 05F597
db 0x05, 0x0D, 0x05, 0x06, 0xC3, 0x00, 0x05, 0x08, 0xCB, 0x0D, 0x07, 0x01, 0x96, 0x1D, 0x77, 0x3D ; file 05F5A7
db 0xFF, 0x0C, 0x44, 0xF6, 0xFA, 0x07, 0x07, 0x02, 0x3C, 0x1D, 0x12, 0x9A, 0x0D, 0x32, 0xFD, 0x09 ; file 05F5B7
db 0xC3, 0x05, 0x07, 0x0A, 0x11, 0x00, 0xDA, 0xF3, 0xC6, 0x0A, 0xF1, 0xFF, 0xFA, 0x0D, 0xF0, 0x0D ; file 05F5C7
db 0x5F, 0x0D, 0x08, 0xFA, 0xF8, 0x55, 0xF5, 0x1F, 0xA5, 0xFF, 0x08, 0x27, 0xFA, 0x09, 0xD8, 0xFD ; file 05F5D7
db 0x0F, 0xFF, 0x6C, 0x0F, 0x40, 0x1C, 0x88, 0x05, 0xF6, 0x0B, 0x15, 0x04, 0xF8, 0x0F, 0x52, 0xDC ; file 05F5E7
db 0x04, 0x7F, 0x0A, 0x20, 0xF7, 0xFA, 0xF6, 0x07, 0x24, 0xFE, 0xFB, 0x77, 0x03, 0x0C, 0x03, 0x04 ; file 05F5F7
db 0xCD, 0x05, 0xFD, 0xFF, 0x1C, 0xC8, 0x9C, 0x06, 0xA1, 0x03, 0xF1, 0xF4, 0xF7, 0x00, 0x0A, 0xD1 ; file 05F607
db 0x0B, 0xA1, 0x09, 0xFD, 0xFF, 0x07, 0x5F, 0x04, 0xFD, 0xFA, 0xF7, 0xF9, 0x06, 0x31, 0x03, 0x0A ; file 05F617
db 0xA5, 0x04, 0x1A, 0x06, 0xEF, 0xFF, 0xFE, 0x06, 0xBA, 0x09, 0x18, 0xF7, 0xFC, 0x04, 0xFE, 0x03 ; file 05F627
db 0x66, 0x01, 0x02, 0x04, 0xFE, 0xEF, 0xF9, 0x04, 0x03, 0x07, 0x1C, 0x60, 0x00, 0xFA, 0xF8, 0xDB ; file 05F637
db 0xFA, 0xFA, 0x0B, 0xC0, 0xFC, 0xFF, 0x0C, 0x30, 0x03, 0xFD, 0x61, 0x04, 0x09, 0x12, 0x0E, 0x35 ; file 05F647
db 0x09, 0x93, 0x00, 0x47, 0xFB, 0xF1, 0x1C, 0x3E, 0x77, 0xF7, 0x06, 0x03, 0x00, 0x34, 0x08, 0x04 ; file 05F657
db 0x05, 0x08, 0xC6, 0xF0, 0x03, 0x2C, 0x0F, 0x86, 0x0A, 0x0D, 0x10, 0x04, 0xFD, 0x03, 0xFE, 0xFF ; file 05F667
db 0x6F, 0xFF, 0x04, 0x08, 0xFD, 0x09, 0xEB, 0x06, 0xF5, 0x08, 0x72, 0x63, 0x02, 0xF8, 0x0C, 0x20 ; file 05F677
db 0x0A, 0x75, 0x00, 0x12, 0xF7, 0xFC, 0x01, 0x2B, 0x51, 0xFF, 0x04, 0x9E, 0x03, 0xB2, 0x0A, 0x40 ; file 05F687
db 0xFA, 0x09, 0xD8, 0x04, 0x0F, 0x75, 0x8B, 0xFB, 0xF9, 0x08, 0x1D, 0xF6, 0x09, 0x04, 0x06, 0xA1 ; file 05F697
db 0x02, 0x5E, 0x08, 0xD2, 0x04, 0x67, 0xFA, 0x03, 0x19, 0x0E, 0xC2, 0xFE, 0x09, 0x10, 0xFE, 0xFB ; file 05F6A7
db 0xBC, 0x06, 0x58, 0x03, 0x95, 0x00, 0xFE, 0x0A, 0x01, 0x0F, 0xAB, 0x09, 0x17, 0xFB, 0xF7, 0xFF ; file 05F6B7
db 0x02, 0x93, 0xFD, 0x06, 0xE4, 0x05, 0xFE, 0x18, 0x0C, 0xEC, 0x01, 0x55, 0x0F, 0x37, 0x01, 0x08 ; file 05F6C7
db 0x08, 0xA4, 0xFE, 0x03, 0xFA, 0x22, 0x09, 0x7C, 0x05, 0x09, 0x91, 0x05, 0xA6, 0x09, 0xEC, 0xFB ; file 05F6D7
db 0x0E, 0x8E, 0x03, 0x7D, 0x7F, 0x09, 0x02, 0x02, 0x0C, 0x04, 0x04, 0xFC, 0x06, 0x8D, 0x74, 0x1D ; file 05F6E7
db 0x7B, 0x05, 0x7E, 0xFE, 0x01, 0x4B, 0xF9, 0x00, 0x07, 0x08, 0xE7, 0xCF, 0x04, 0x08, 0xFC, 0x00 ; file 05F6F7
db 0x09, 0xF9, 0x0C, 0xA3, 0x02, 0xFF, 0x27, 0xFB, 0x03, 0x08, 0x2F, 0x57, 0x07, 0x63, 0xFD, 0x00 ; file 05F707
db 0x1B, 0x05, 0x22, 0x8C, 0x0C, 0x2A, 0x0A, 0x4B, 0xFC, 0xFB, 0x04, 0x66, 0x0B, 0x8D, 0x04, 0x94 ; file 05F717
db 0xFB, 0xBB, 0xFE, 0xF6, 0x06, 0xA1, 0xFF, 0xF9, 0x02, 0x04, 0x52, 0x00, 0x26, 0x04, 0xBB, 0x00 ; file 05F727
db 0xFA, 0x0D, 0x9D, 0x01, 0xB3, 0x00, 0x05, 0xC0, 0x06, 0x03, 0xA3, 0xFB, 0xFB, 0x05, 0x27, 0x06 ; file 05F737
db 0x9D, 0x0A, 0x01, 0x04, 0x0E, 0x05, 0xFC, 0x05, 0x02, 0x00, 0x10, 0x07, 0x09, 0x74, 0x02, 0x8B ; file 05F747
db 0x02, 0xB4, 0x05, 0xB8, 0x0F, 0x6F, 0x67, 0x04, 0x04, 0x04, 0x05, 0x80, 0x00, 0x8E, 0x08, 0x04 ; file 05F757
db 0x03, 0x15, 0x7F, 0x06, 0xFD, 0xF7, 0xF9, 0xFC, 0xFB, 0xF4, 0x04, 0x22, 0xFF, 0xFA, 0xFF, 0x08 ; file 05F767
db 0x0C, 0x04, 0x05, 0x02, 0x0C, 0x6B, 0x05, 0x01, 0x03, 0xDC, 0xFC, 0x1B, 0x93, 0x06, 0x05, 0x08 ; file 05F777
db 0x43, 0x1F, 0xFC, 0xFC, 0xF7, 0x03, 0x09, 0x05, 0xA7, 0x0D, 0x11, 0x16, 0xA6, 0x0C, 0x02, 0x1D ; file 05F787
db 0x04, 0xFB, 0x04, 0x0C, 0x1B, 0x0E, 0x02, 0x10, 0x05, 0x4F, 0x0F, 0xC0, 0x7C, 0x05, 0x4B, 0x0D ; file 05F797
db 0x11, 0x05, 0xFF, 0xF9, 0xFD, 0x07, 0x0A, 0x23, 0xB5, 0x01, 0x07, 0x33, 0xF7, 0x04, 0xF8, 0xF4 ; file 05F7A7
db 0xFB, 0x02, 0x79, 0x04, 0x0A, 0x00, 0x89, 0x03, 0x04, 0x12, 0xFB, 0x01, 0xC4, 0x0D, 0xB9, 0x07 ; file 05F7B7
db 0x3C, 0x0C, 0x27, 0x91, 0xFE, 0x07, 0x1C, 0x0A, 0x91, 0x0F, 0xB8, 0x01, 0x07, 0x53, 0x19, 0x31 ; file 05F7C7
db 0x00, 0xC7, 0xFB, 0x00, 0x04, 0x03, 0x43, 0x08, 0x28, 0x04, 0x16, 0xFD, 0x03, 0xF5, 0xFC, 0x0F ; file 05F7D7
db 0x6F, 0x05, 0x0C, 0x43, 0x0A, 0x07, 0x05, 0xF7, 0xD7, 0xFB, 0x03, 0x0A, 0x03, 0x74, 0x03, 0x01 ; file 05F7E7
db 0x6F, 0xFB, 0xFA, 0x7C, 0x00, 0x98, 0x02, 0x92, 0x03, 0x09, 0x0E, 0x02, 0x06, 0x0F, 0xE4, 0x9E ; file 05F7F7
db 0x0E, 0xAF, 0xFF, 0xFE, 0xF6, 0xFB, 0x04, 0xB0, 0x02, 0x85, 0xFE, 0xD8, 0x07, 0x3D, 0x00, 0x5E ; file 05F807
db 0x17, 0x47, 0x02, 0xF9, 0x09, 0x38, 0xFF, 0xF6, 0xBA, 0x29, 0x49, 0x0D, 0x0F, 0x1B, 0x00, 0x01 ; file 05F817
db 0xF9, 0x02, 0x99, 0x03, 0x72, 0x03, 0xC1, 0x02, 0x04, 0xC3, 0x00, 0xB7, 0xFA, 0xF8, 0x00, 0x0C ; file 05F827
db 0x52, 0xCE, 0x04, 0x3A, 0x03, 0xF8, 0xF8, 0x04, 0x50, 0x0B, 0x5F, 0xF9, 0x03, 0x14, 0x00, 0x85 ; file 05F837
db 0x03, 0x02, 0x0B, 0x05, 0xAA, 0xFD, 0x03, 0xB0, 0x0A, 0x03, 0x08, 0x33, 0x3E, 0x0A, 0x78, 0xF4 ; file 05F847
db 0x01, 0x09, 0x0B, 0x02, 0x01, 0x21, 0x00, 0x97, 0xFE, 0x04, 0xA0, 0xF9, 0xF8, 0xFD, 0xFA, 0x04 ; file 05F857
db 0x06, 0x0B, 0xA9, 0x08, 0x04, 0x01, 0x01, 0xE5, 0xFD, 0x07, 0x89, 0xEE, 0x01, 0x0D, 0x04, 0x9D ; file 05F867
db 0xFF, 0x03, 0x6C, 0x04, 0xF4, 0xFF, 0x0F, 0x51, 0x02, 0xEE, 0x05, 0x7F, 0xFC, 0xF7, 0xFB, 0xF8 ; file 05F877
db 0xFC, 0xFA, 0xF3, 0x0D, 0x74, 0xDA, 0x02, 0x9A, 0x02, 0x17, 0x86, 0xF8, 0xFD, 0x0D, 0x72, 0xF3 ; file 05F887
db 0xF9, 0x21, 0xFE, 0x0F, 0xE0, 0x0B, 0x2A, 0x0A, 0x03, 0x01, 0x6B, 0xFD, 0x08, 0xB2, 0x0D, 0x7E ; file 05F897
db 0x36, 0x0B, 0x1A, 0xF7, 0xFA, 0x0D, 0xF5, 0x09, 0x0B, 0x01, 0xB5, 0x0A, 0x7F, 0xF9, 0xFA, 0x09 ; file 05F8A7
db 0x30, 0x00, 0xA0, 0x03, 0x09, 0xFF, 0x02, 0x0A, 0xE7, 0x09, 0x0A, 0xF8, 0x09, 0x94, 0x1F, 0x57 ; file 05F8B7
db 0x00, 0x03, 0xF8, 0x7F, 0xFA, 0xF9, 0xF8, 0xFF, 0xF4, 0xF6, 0xFA, 0x0C, 0x42, 0x6E, 0x0E, 0xAE ; file 05F8C7
db 0x09, 0x04, 0x0A, 0x01, 0xDD, 0xFF, 0x02, 0x0A, 0xC5, 0x5B, 0x02, 0x0E, 0x08, 0x69, 0x00, 0x04 ; file 05F8D7
db 0x1B, 0xD4, 0x0C, 0x12, 0x71, 0x69, 0x05, 0x0B, 0x80, 0x0E, 0xBF, 0xF7, 0x00, 0x9F, 0x0A, 0x0A ; file 05F8E7
db 0x08, 0x40, 0xFC, 0x0B, 0x30, 0x07, 0x66, 0x01, 0xFB, 0xEC, 0xF6, 0xFF, 0x0A, 0xDF, 0x02, 0xFF ; file 05F8F7
db 0x07, 0x0A, 0x0B, 0x0A, 0xCC, 0x04, 0x0A, 0x4D, 0x08, 0x06, 0x17, 0x03, 0xFC, 0x0F, 0xAC, 0x07 ; file 05F907
db 0xDE, 0xF8, 0x06, 0x2F, 0xFF, 0x0A, 0x0B, 0x05, 0x07, 0x08, 0x04, 0x07, 0xF7, 0xEA, 0x09, 0x43 ; file 05F917
db 0xFF, 0x02, 0x45, 0x0C, 0x08, 0xDB, 0x00, 0x03, 0xFE, 0x3F, 0xF2, 0xFE, 0x06, 0x0C, 0x09, 0x00 ; file 05F927
db 0x05, 0x5B, 0x08, 0x09, 0x86, 0x0A, 0x3C, 0xF8, 0xF6, 0x04, 0xA8, 0x02, 0xC5, 0x0C, 0x1A, 0x02 ; file 05F937
db 0x70, 0x01, 0xDF, 0x02, 0xFF, 0xF2, 0xEE, 0xFB, 0x04, 0x09, 0x03, 0x09, 0x0F, 0x0B, 0x08, 0xF9 ; file 05F947
db 0xFB, 0x1F, 0x57, 0x00, 0x1B, 0x02, 0x16, 0x01, 0x09, 0x3F, 0xF6, 0xF5, 0xF6, 0xFE, 0x07, 0x0A ; file 05F957
db 0x01, 0x85, 0x00, 0xC7, 0x3E, 0x0D, 0x36, 0x00, 0x01, 0xF8, 0xF3, 0xF9, 0x0A, 0xB6, 0x1A, 0x7D ; file 05F967
db 0x7D, 0xF7, 0x0D, 0xB1, 0x0C, 0x04, 0x01, 0xFC, 0xFB, 0x00, 0xD1, 0xC0, 0x19, 0x1F, 0x0D, 0x30 ; file 05F977
db 0x01, 0xC8, 0x09, 0x41, 0x03, 0xC3, 0x03, 0xDA, 0x00, 0xF9, 0xA7, 0xED, 0xF3, 0x01, 0x06, 0xEC ; file 05F987
db 0x0F, 0x57, 0xFF, 0x05, 0x33, 0x09, 0xF9, 0x08, 0x07, 0x90, 0x02, 0x2C, 0xF8, 0xF9, 0xFA, 0xFC ; file 05F997
db 0xF5, 0xD6, 0x0F, 0xBC, 0x0A, 0x0A, 0x10, 0x5B, 0x03, 0x0C, 0x80, 0x00, 0x02, 0x9F, 0xFD, 0xF4 ; file 05F9A7
db 0xF4, 0xFF, 0x0A, 0x09, 0x84, 0x02, 0xF8, 0xF6, 0xF0, 0x09, 0xAF, 0x02, 0xBE, 0x02, 0xC8, 0x15 ; file 05F9B7
db 0xE8, 0x02, 0xFB, 0xF2, 0xF7, 0x9F, 0x05, 0x0A, 0x0D, 0x05, 0x08, 0x06, 0x1B, 0x1D, 0x37, 0x03 ; file 05F9C7
db 0xAF, 0xFB, 0xF3, 0xEE, 0xFA, 0x08, 0x8B, 0x04, 0x09, 0xB4, 0xFD, 0x6F, 0xFC, 0x04, 0x07, 0x09 ; file 05F9D7
db 0x09, 0xF1, 0xFC, 0xFF, 0x04, 0xFB, 0x2F, 0xFA, 0xFB, 0xF9, 0xF3, 0x0F, 0x92, 0x0C, 0x02, 0x02 ; file 05F9E7
db 0x01, 0xAC, 0xBD, 0xFF, 0x02, 0xD7, 0xFF, 0xF9, 0xF3, 0xF8, 0x07, 0x6A, 0xFE, 0x64, 0x16, 0xF9 ; file 05F9F7
db 0x02, 0x7E, 0x0A, 0x0A, 0xD5, 0x02, 0x6C, 0x01, 0xFA, 0x07, 0x2F, 0xBF, 0xF5, 0xF2, 0xFF, 0x07 ; file 05FA07
db 0x0F, 0x08, 0x0A, 0xD3, 0x00, 0xBC, 0x0D, 0x78, 0x01, 0x06, 0xF7, 0xEF, 0xF1, 0x02, 0x05, 0x9F ; file 05FA17
db 0x05, 0x4B, 0x0C, 0x09, 0x01, 0xF5, 0x06, 0x02, 0x03, 0x06, 0x38, 0x00, 0x0C, 0xB2, 0xDF, 0xF9 ; file 05FA27
db 0xFC, 0xF7, 0xEE, 0xFC, 0x0F, 0xEA, 0x07, 0x0B, 0x4D, 0x08, 0x07, 0xAE, 0xFF, 0xFC, 0x05, 0xB9 ; file 05FA37
db 0x17, 0xE7, 0x05, 0x05, 0x50, 0xBF, 0x05, 0xF9, 0xFA, 0xFF, 0x05, 0x0A, 0x0A, 0x2C, 0xF9, 0xF3 ; file 05FA47
db 0xFD, 0xFF, 0x02, 0x5E, 0x00, 0x68, 0xEF, 0xF8, 0x05, 0x0B, 0x9F, 0x0E, 0x03, 0x09, 0x05, 0x03 ; file 05FA57
db 0x02, 0x72, 0x08, 0xCA, 0xF9, 0x53, 0xF4, 0xED, 0x0B, 0x0A, 0x09, 0xD9, 0x0E, 0x08, 0x5A, 0x04 ; file 05FA67
db 0x05, 0x4B, 0xF3, 0x02, 0xFD, 0x0F, 0x16, 0x0F, 0x57, 0xF9, 0xFC, 0xF1, 0xF2, 0x7F, 0x03, 0x08 ; file 05FA77
db 0x0D, 0x05, 0x0B, 0x0A, 0x08, 0x00, 0x13, 0xBE, 0x0D, 0x87, 0xFD, 0xFA, 0xF4, 0xF6, 0x06, 0x06 ; file 05FA87
db 0x43, 0xFF, 0xFF, 0x05, 0xFE, 0xF9, 0xFD, 0x02, 0x08, 0x09, 0x09, 0x71, 0x04, 0x01, 0x33, 0x0C ; file 05FA97
db 0x7E, 0x18, 0x43, 0xF1, 0x00, 0x08, 0x0F, 0x57, 0xF7, 0x08, 0x04, 0x01, 0x0B, 0x64, 0x00, 0x03 ; file 05FAA7
db 0xFD, 0xF6, 0x7B, 0xF1, 0xF1, 0x09, 0x4D, 0x04, 0x04, 0x0C, 0x07, 0x00, 0x4B, 0xC7, 0x06, 0x06 ; file 05FAB7
db 0x07, 0x06, 0x30, 0x0F, 0xD9, 0x0F, 0x57, 0xFB, 0xF8, 0x2B, 0xEC, 0xFD, 0x0E, 0x1F, 0x06, 0x00 ; file 05FAC7
db 0x31, 0x01, 0x01, 0x4F, 0x0B, 0xD3, 0xBF, 0xF9, 0xF1, 0x01, 0x03, 0x04, 0x00, 0x03, 0x0A, 0xF9 ; file 05FAD7
db 0xED, 0xFF, 0x03, 0x7B, 0x08, 0x0A, 0x01, 0x32, 0x00, 0x05, 0xF8, 0xFD, 0xFE, 0x05, 0x7D, 0xED ; file 05FAE7
db 0xF9, 0x05, 0x0D, 0x0C, 0x05, 0xF8, 0x09, 0xC5, 0x03, 0x37, 0x07, 0xB1, 0xF7, 0xF4, 0xF0, 0xF9 ; file 05FAF7
db 0x02, 0x2E, 0x0F, 0x01, 0x06, 0x0D, 0xFF, 0x05, 0xDE, 0x07, 0x04, 0x3D, 0x09, 0x6A, 0xBD, 0x03 ; file 05FB07
db 0x0E, 0xAE, 0xF8, 0xFD, 0xEF, 0xF3, 0x04, 0x58, 0x05, 0x9F, 0x0B, 0x0D, 0x06, 0x07, 0xFB, 0x06 ; file 05FB17
db 0x98, 0x0D, 0x9B, 0xF5, 0xA3, 0xF7, 0x05, 0x00, 0x2C, 0x01, 0x52, 0x06, 0x87, 0x07, 0x01, 0x2E ; file 05FB27
db 0xF8, 0xDF, 0xFC, 0xF8, 0x07, 0xFD, 0xFA, 0x0B, 0x6C, 0xF5, 0xF1, 0x3F, 0x01, 0x08, 0x0F, 0x07 ; file 05FB37
db 0x06, 0x08, 0x02, 0x50, 0x04, 0x5D, 0x75, 0x03, 0x04, 0x14, 0xF2, 0x05, 0xDD, 0x07, 0x03, 0x0B ; file 05FB47
db 0x0E, 0xAA, 0xF6, 0x07, 0x2F, 0x05, 0x08, 0x00, 0xA5, 0x01, 0xFF, 0xF8, 0xF9, 0xF7, 0xF9, 0xFA ; file 05FB57
db 0xF9, 0x0F, 0x57, 0x0D, 0x08, 0x06, 0x0E, 0x7A, 0x08, 0x03, 0xFB, 0x0D, 0x47, 0xFF, 0xFA, 0xFA ; file 05FB67
db 0xF3, 0x05, 0x9D, 0xEF, 0x03, 0xFD, 0x05, 0xFF, 0x09, 0xBB, 0x05, 0x06, 0x0A, 0xED, 0x0A, 0x0B ; file 05FB77
db 0x5A, 0x00, 0x04, 0x0E, 0xAA, 0xFF, 0xFF, 0xEF, 0x2F, 0xFA, 0x05, 0x0D, 0x0B, 0x03, 0x68, 0x02 ; file 05FB87
db 0x07, 0x11, 0x0A, 0xAC, 0xE7, 0xF6, 0xF4, 0xF3, 0x04, 0xB1, 0x0D, 0x25, 0x08, 0x00, 0x06, 0xBF ; file 05FB97
db 0x04, 0x03, 0x05, 0x04, 0x09, 0x02, 0x0A, 0x26, 0x04, 0xFE, 0x09, 0xA2, 0xF7, 0xFC, 0xF0, 0xF4 ; file 05FBA7
db 0x03, 0x0A, 0x0C, 0x1F, 0x06, 0x09, 0x0F, 0x06, 0x07, 0x06, 0xFB, 0x09, 0xF2, 0x04, 0x2A, 0xDC ; file 05FBB7
db 0x0E, 0x8B, 0x00, 0x24, 0xFA, 0x00, 0x03, 0x0E, 0xD8, 0x0D, 0x03, 0xEF, 0xFB, 0xF9, 0xF9, 0x06 ; file 05FBC7
db 0x00, 0x06, 0xFF, 0x00, 0xF6, 0xD8, 0x0D, 0x97, 0x0F, 0x81, 0x05, 0x9B, 0xF8, 0xFA, 0x02, 0xE9 ; file 05FBD7
db 0xF9, 0xF4, 0xDB, 0xF5, 0xF5, 0x00, 0x73, 0x08, 0x04, 0x07, 0x4A, 0x09, 0x02, 0xB5, 0x05, 0x07 ; file 05FBE7
db 0x7E, 0xFD, 0x09, 0xEB, 0x00, 0xF9, 0x02, 0xD5, 0xF8, 0xFF, 0xEF, 0xFD, 0x07, 0x0C, 0x08, 0x07 ; file 05FBF7
db 0x0E, 0x0B, 0xAF, 0x06, 0xFF, 0xFA, 0x04, 0x06, 0x5A, 0xFB, 0x09, 0xF9, 0xFD, 0xDE, 0x0E, 0x5C ; file 05FC07
db 0x05, 0xFC, 0xFD, 0x05, 0x0E, 0xA5, 0x0A, 0x0B, 0x34, 0x03, 0x04, 0x03, 0xA8, 0xFB, 0x07, 0x9A ; file 05FC17
db 0xF4, 0xF9, 0x0D, 0x08, 0x0F, 0xAB, 0x9C, 0x0C, 0x54, 0x05, 0x3C, 0xFC, 0xF6, 0xF4, 0x05, 0x39 ; file 05FC27
db 0x08, 0xDB, 0x08, 0xED, 0x02, 0x04, 0xFB, 0x02, 0x05, 0x04, 0xA7, 0xFC, 0xF8, 0xFA, 0xFD, 0x02 ; file 05FC37
db 0x0F, 0x7D, 0xF8, 0xF9, 0xF2, 0xF7, 0x02, 0x0B, 0x9F, 0x09, 0x07, 0x0A, 0x10, 0x07, 0x01, 0x73 ; file 05FC47
db 0x03, 0x14, 0xFB, 0xE6, 0x01, 0x44, 0xFB, 0xFC, 0x03, 0x1C, 0x09, 0xCF, 0x05, 0x02, 0x03, 0xBF ; file 05FC57
db 0x05, 0x0D, 0x03, 0xFE, 0xF6, 0xFC, 0x07, 0xE9, 0xFC, 0x2E, 0x03, 0x0E, 0xF7, 0xFF, 0x0B, 0x0D ; file 05FC67
db 0xA0, 0x07, 0x02, 0xD9, 0x01, 0xE5, 0xD3, 0xFD, 0xF7, 0x00, 0xB3, 0x0B, 0xF8, 0x08, 0x03, 0xF0 ; file 05FC77
db 0x07, 0x0A, 0xF0, 0x0C, 0x49, 0x05, 0x9C, 0x0C, 0x63, 0x0E, 0x19, 0xF7, 0xF8, 0xF6, 0xF6, 0x3D ; file 05FC87
db 0xFB, 0x0D, 0xCB, 0x09, 0x0D, 0x0C, 0x04, 0x08, 0x48, 0x04, 0xA7, 0x77, 0xFB, 0xFA, 0xFD, 0x03 ; file 05FC97
db 0x9A, 0x05, 0x01, 0x02, 0x00, 0x07, 0xCE, 0x02, 0xC1, 0x0B, 0x07, 0x01, 0x0A, 0xDB, 0x02, 0x56 ; file 05FCA7
db 0xFE, 0xFD, 0xD7, 0xF9, 0xFB, 0xFA, 0x0B, 0x21, 0x09, 0x0F, 0x57, 0xFA, 0xFB, 0x7F, 0xFE, 0x05 ; file 05FCB7
db 0xFF, 0xF8, 0xF6, 0xF4, 0xFC, 0x04, 0xBA, 0xE1, 0x08, 0x0D, 0x78, 0x13, 0x19, 0x14, 0xDE, 0x02 ; file 05FCC7
db 0x4A, 0xFE, 0xFF, 0xFA, 0x7F, 0xF7, 0xF8, 0xF5, 0xF8, 0xF8, 0x02, 0x0A, 0x0B, 0x9E, 0xE7, 0x0D ; file 05FCD7
db 0x09, 0xFE, 0x05, 0x96, 0x0C, 0x1D, 0xFB, 0xFD, 0xFC, 0xE9, 0xF6, 0x06, 0xA2, 0x00, 0xBC, 0x06 ; file 05FCE7
db 0x04, 0x6A, 0x07, 0x0A, 0x04, 0xAF, 0xFF, 0xF6, 0xFE, 0xFC, 0x09, 0x7A, 0x00, 0x08, 0x3B, 0x00 ; file 05FCF7
db 0x9B, 0x09, 0x08, 0x0D, 0x34, 0x07, 0xFC, 0x0A, 0x31, 0x11, 0x09, 0xF9, 0x8B, 0xFC, 0xF3, 0x00 ; file 05FD07
db 0x60, 0x08, 0x06, 0x20, 0x02, 0x70, 0x0E, 0x58, 0xFF, 0xFB, 0xF7, 0xFB, 0x03, 0x14, 0xF8, 0xF7 ; file 05FD17
db 0xF6, 0xF5, 0xFC, 0x1D, 0xFC, 0x01, 0xEF, 0x0C, 0x0B, 0x0D, 0x03, 0x59, 0x05, 0x26, 0x0F, 0x06 ; file 05FD27
db 0xCB, 0x01, 0xF4, 0x07, 0x85, 0x06, 0x03, 0xF5, 0x0F, 0x19, 0x04, 0x09, 0xEF, 0x06, 0x04, 0xF7 ; file 05FD37
db 0xFC, 0x19, 0xA4, 0xFD, 0xFB, 0xF8, 0x47, 0x01, 0xFC, 0x06, 0x0D, 0xF5, 0x03, 0xAB, 0x0F, 0x71 ; file 05FD47
db 0x05, 0x03, 0x96, 0xF7, 0xF6, 0xFF, 0xF5, 0x07, 0x67, 0x0B, 0x01, 0xFD, 0x08, 0xF4, 0x01, 0x73 ; file 05FD57
db 0x01, 0x6B, 0x04, 0x0D, 0x0D, 0xFB, 0x01, 0xFB, 0xF6, 0xFE, 0x05, 0xAA, 0xFC, 0x02, 0x06, 0x07 ; file 05FD67
db 0x0C, 0x0C, 0x0B, 0xCF, 0x09, 0xFA, 0x01, 0xFD, 0x0F, 0x16, 0x03, 0x38, 0xFA, 0xF2, 0x3F, 0xFB ; file 05FD77
db 0x00, 0x07, 0x00, 0xFA, 0x03, 0x09, 0x3F, 0x04, 0x78, 0xB9, 0x07, 0x0C, 0xAB, 0x0F, 0xB1, 0xFA ; file 05FD87
db 0xFD, 0xF6, 0x06, 0x77, 0x05, 0xF3, 0x08, 0x0A, 0x07, 0x44, 0x0B, 0xCF, 0x03, 0x01, 0xF6, 0xF5 ; file 05FD97
db 0xF6, 0x0F, 0x93, 0xF1, 0xFD, 0x09, 0x68, 0xFB, 0x03, 0x0D, 0x0C, 0xEC, 0x01, 0x0A, 0x0E, 0xC5 ; file 05FDA7
db 0xF7, 0xFD, 0x02, 0x0D, 0xF8, 0xF7, 0xF2, 0xFE, 0x1D, 0xC3, 0x05, 0x0A, 0x0E, 0x09, 0x0C, 0xFF ; file 05FDB7
db 0xFE, 0x3C, 0x04, 0x7D, 0x0F, 0xAC, 0xFF, 0x01, 0xF3, 0xF5, 0x04, 0x13, 0x08, 0x18, 0x2B, 0x08 ; file 05FDC7
db 0x07, 0x01, 0x6B, 0x06, 0x0C, 0x0E, 0xF7, 0x08, 0x99, 0x08, 0x3B, 0xEA, 0x0C, 0xF0, 0x04, 0x0A ; file 05FDD7
db 0x63, 0x05, 0x0F, 0xD6, 0x00, 0x03, 0xFA, 0xF7, 0xF4, 0xF7, 0xFA, 0x08, 0x2A, 0x02, 0x05, 0x0C ; file 05FDE7
db 0xFD, 0xB2, 0x0D, 0x9A, 0x0D, 0x01, 0xD5, 0x0B, 0x3F, 0xFB, 0xF9, 0x0E, 0x04, 0xF7, 0xEB, 0xF4 ; file 05FDF7
db 0xF3, 0x12, 0xCC, 0x08, 0x0F, 0x96, 0x05, 0xFC, 0x02, 0xDB, 0xFE, 0x06, 0x07, 0x16, 0xFD, 0x03 ; file 05FE07
db 0x04, 0x29, 0xFE, 0x09, 0x84, 0x02, 0x6F, 0x18, 0x03, 0x06, 0x10, 0x02, 0x07, 0x43, 0x16, 0xA9 ; file 05FE17
db 0x02, 0xCC, 0x01, 0xF8, 0x1F, 0x57, 0x04, 0xEB, 0x00, 0xE1, 0xF4, 0xF6, 0xF9, 0xFE, 0xFB, 0x3E ; file 05FE27
db 0x13, 0x9B, 0x03, 0xFC, 0x06, 0x0D, 0x0E, 0x00, 0x61, 0x07, 0x55, 0xDC, 0x05, 0x74, 0x0D, 0x5B ; file 05FE37
db 0xF4, 0xF2, 0xFC, 0x05, 0x1C, 0x06, 0x0B, 0xE3, 0x0E, 0x09, 0x07, 0xDA, 0x01, 0x7A, 0x08, 0xAB ; file 05FE47
db 0x02, 0xFE, 0xF3, 0xCF, 0xF4, 0xFD, 0x04, 0x03, 0x0F, 0x03, 0x08, 0x96, 0x04, 0x01, 0xDE, 0x02 ; file 05FE57
db 0x95, 0xFB, 0xF6, 0xFC, 0x00, 0x05, 0x46, 0xFE, 0x07, 0xD9, 0x05, 0x06, 0xD4, 0x0A, 0xFB, 0x00 ; file 05FE67
db 0x01, 0x00, 0x37, 0xF8, 0xF4, 0xF9, 0xF7, 0x07, 0x7E, 0x02, 0x73, 0x08, 0xFD, 0x02, 0x0A, 0x0F ; file 05FE77
db 0xD4, 0x07, 0xD8, 0x01, 0xC5, 0xFD, 0x0C, 0xDC, 0x02, 0x01, 0xEF, 0xF8, 0x02, 0xED, 0x04, 0x0B ; file 05FE87
db 0x7A, 0x0F, 0x0B, 0x12, 0xBC, 0x01, 0x03, 0x00, 0x4B, 0xFA, 0xFA, 0x03, 0xE6, 0xF0, 0x0B, 0xC4 ; file 05FE97
db 0x01, 0x52, 0x0A, 0x0A, 0x79, 0xEE, 0x01, 0xBB, 0x01, 0x00, 0xF5, 0x08, 0x7B, 0xF9, 0xF3, 0xFD ; file 05FEA7
db 0x8F, 0x03, 0x0A, 0xFF, 0xFF, 0x1B, 0x50, 0x0B, 0xC7, 0x00, 0x42, 0xF5, 0x4B, 0xF6, 0xFC, 0x04 ; file 05FEB7
db 0x33, 0xF9, 0x03, 0x76, 0x03, 0x6D, 0x0E, 0x03, 0x50, 0xFA, 0x05, 0xB0, 0xFD, 0x0A, 0xBC, 0x01 ; file 05FEC7
db 0xFA, 0xF1, 0xF5, 0xFD, 0xDF, 0x07, 0x00, 0xFD, 0x05, 0x0C, 0x0F, 0xEB, 0x03, 0xFF, 0x76, 0x00 ; file 05FED7
db 0x8B, 0xFD, 0xF9, 0x0A, 0x23, 0xF4, 0xF3, 0xFC, 0x03, 0xE0, 0xD8, 0x0F, 0x6C, 0x00, 0x25, 0x04 ; file 05FEE7
db 0xED, 0x05, 0xF8, 0x08, 0x01, 0xFD, 0xF3, 0xFF, 0xF8, 0x01, 0x08, 0x09, 0xFA, 0x03, 0x09, 0x09 ; file 05FEF7
db 0xE3, 0x08, 0xFF, 0x0B, 0x6C, 0x00, 0x62, 0x04, 0xE1, 0xF9, 0xF8, 0xF7, 0x9B, 0xFD, 0x07, 0x0F ; file 05FF07
db 0xC8, 0x0A, 0x10, 0x0D, 0x35, 0x05, 0x99, 0x01, 0x9B, 0xFA, 0xF9, 0x09, 0xE2, 0xF5, 0xF1, 0x03 ; file 05FF17
db 0x60, 0x0D, 0x85, 0x0E, 0xF1, 0x0C, 0x00, 0xC1, 0x06, 0x21, 0x0E, 0x05, 0x03, 0xFD, 0xF9, 0xF2 ; file 05FF27
db 0xE5, 0xF6, 0x00, 0xD4, 0x02, 0x09, 0xFB, 0x05, 0x5F, 0x03, 0x02, 0x07, 0x73, 0xFF, 0xF5, 0x02 ; file 05FF37
db 0x83, 0x03, 0x5C, 0x04, 0x0D, 0xFF, 0x07, 0x30, 0x9D, 0x0A, 0x00, 0x5A, 0x03, 0x05, 0xFC, 0x0C ; file 05FF47
db 0xCF, 0x05, 0xA2, 0xFA, 0xFD, 0xF7, 0x0A, 0xE1, 0x03, 0x07, 0x0E, 0x0D, 0x08, 0x07, 0x79, 0xFD ; file 05FF57
db 0x06, 0x60, 0x04, 0x43, 0xFA, 0x00, 0xFC, 0xEF, 0x02, 0x6D, 0x3F, 0x02, 0xFA, 0x06, 0x0C, 0x0D ; file 05FF67
db 0x08, 0x00, 0xFB, 0x10, 0x7E, 0xAD, 0xF8, 0x06, 0x69, 0xF8, 0xF1, 0x0F, 0xE1, 0x02, 0x1F, 0x57 ; file 05FF77
db 0x07, 0x6D, 0xFD, 0x00, 0x14, 0x06, 0xF7, 0x02, 0x47, 0xFD, 0xF1, 0x1F, 0x5B, 0xED, 0xFA, 0x0A ; file 05FF87
db 0x52, 0x07, 0xFE, 0x00, 0x6C, 0x00, 0xF7, 0xF7, 0xDB, 0xF6, 0xFC, 0x0D, 0x18, 0xF8, 0xFB, 0x05 ; file 05FF97
db 0xC8, 0x06, 0x0A, 0xBB, 0x0F, 0x0A, 0x05, 0xE8, 0xFD, 0xFC, 0x03, 0x0F, 0x57, 0xFC, 0xFF, 0x01 ; file 05FFA7
db 0xF3, 0xF3, 0xFF, 0x02, 0x08, 0xFB, 0xFE, 0xB7, 0x0A, 0x0C, 0x0C, 0x01, 0x5E, 0x01, 0x06, 0x06 ; file 05FFB7
db 0x45, 0xFD, 0xFE, 0x0B, 0x71, 0xF5, 0xF4, 0x01, 0xFB, 0x02, 0x05, 0x07, 0xFD, 0x0B, 0x07, 0x0F ; file 05FFC7
db 0xFC, 0x03, 0x01, 0x09, 0xFE, 0xF6, 0x4C, 0x02, 0x9B, 0x0F, 0xEC, 0x05, 0x0E, 0x05, 0x2D, 0x09 ; file 05FFD7
db 0x93, 0x00, 0x00, 0x5A, 0x59, 0xFA, 0x0C, 0x7B, 0x04, 0xC3, 0xFD, 0xF6, 0x01, 0x24, 0x06, 0x0D ; file 05FFE7
db 0xC6, 0xCF, 0x09, 0x09, 0xFB, 0xFF, 0x05, 0x60, 0x07, 0x19, 0xFF, 0xFB, 0xF7, 0xF1, 0xFB, 0x00 ; file 05FFF7
db 0x04, 0x6A, 0x05, 0x0B, 0x0C, 0x07, 0xBD, 0xFE, 0x15, 0x5B, 0xFB, 0x01, 0xFA, 0x03, 0x05, 0x41 ; file 060007
db 0xF1, 0xFF, 0xFC, 0xFC, 0xFE, 0x06, 0x05, 0x0B, 0x07, 0x07, 0xDD, 0x08, 0x0A, 0x50, 0x07, 0x06 ; file 060017
db 0xF8, 0x0E, 0xC7, 0xFD, 0xF1, 0x5F, 0xFC, 0x04, 0x09, 0x09, 0xFD, 0x0E, 0x16, 0x06, 0x01, 0x38 ; file 060027
db 0xAF, 0x06, 0x00, 0xF4, 0xF8, 0x0A, 0x0B, 0xF7, 0x03, 0x88, 0x01, 0x1F, 0xFC, 0x07, 0x07, 0x0A ; file 060037
db 0x0D, 0x07, 0xBC, 0x1C, 0x49, 0x0B, 0x79, 0xEF, 0xF9, 0x01, 0xF2, 0xF7, 0x01, 0x16, 0xFD, 0xFE ; file 060047
db 0x09, 0xBB, 0x0B, 0x0B, 0x04, 0x91, 0x02, 0x05, 0xFA, 0x04, 0x2D, 0x02, 0xEB, 0xFA, 0xF9, 0x02 ; file 060057
db 0xC7, 0xF9, 0x09, 0xD3, 0x0A, 0x06, 0x0A, 0x56, 0x18, 0x1C, 0x0B, 0xFD, 0x0B, 0x8F, 0xFF, 0x03 ; file 060067
db 0x08, 0x07, 0x0D, 0x71, 0xFF, 0x04, 0x07, 0x07, 0x01, 0x01, 0x06, 0x09, 0x03, 0xD6, 0x0B, 0xD2 ; file 060077
db 0xFB, 0xFE, 0x03, 0xA7, 0xF7, 0x08, 0xDE, 0x09, 0x07, 0x6D, 0x0D, 0x0B, 0x49, 0xFC, 0xFC, 0x1D ; file 060087
db 0xCA, 0xFB, 0xF8, 0x02, 0x23, 0x77, 0xFC, 0x02, 0x04, 0x03, 0xEB, 0x0A, 0x0B, 0x04, 0x13, 0x39 ; file 060097
db 0x56, 0x07, 0x80, 0xFD, 0x02, 0x0B, 0x62, 0xF3, 0x03, 0x79, 0x09, 0x06, 0x1D, 0xFB, 0x08, 0x08 ; file 0600A7
db 0x0B, 0x16, 0x09, 0x04, 0xFB, 0xF8, 0xF7, 0xEF, 0xFB, 0xFA, 0xF5, 0xFC, 0x07, 0xDD, 0x00, 0xFD ; file 0600B7
db 0x06, 0xC2, 0x00, 0x19, 0x03, 0x02, 0xAA, 0x06, 0xDF, 0x14, 0xC3, 0x0A, 0xE1, 0xFC, 0x08, 0x3F ; file 0600C7
db 0x09, 0x0A, 0x0B, 0x0B, 0x0B, 0x02, 0x07, 0xAC, 0x0D, 0xC6, 0x2D, 0xFA, 0x06, 0xC4, 0xFA, 0x00 ; file 0600D7
db 0x00, 0xA7, 0xFE, 0x08, 0x6A, 0x02, 0x65, 0xA1, 0x04, 0x17, 0xBF, 0x03, 0x13, 0x03, 0x1C, 0x0A ; file 0600E7
db 0x1C, 0x08, 0x0E, 0x6F, 0x0A, 0x16, 0x0B, 0x13, 0x02, 0x09, 0x1B, 0x3A, 0xFB, 0x0B, 0x22, 0x0A ; file 0600F7
db 0x68, 0x02, 0x10, 0x1E, 0x0A, 0xA3, 0x06, 0x0A, 0x02, 0xF8, 0x04, 0xE3, 0x04, 0xC3, 0x03, 0xF9 ; file 060107
db 0xFD, 0xF9, 0x01, 0xC8, 0x0B, 0x0A, 0x0B, 0x08, 0xFE, 0xFA, 0xA7, 0xFB, 0x00, 0xFF, 0x07, 0x18 ; file 060117
db 0x07, 0x15, 0xFD, 0x1B, 0xFE, 0x02, 0xC3, 0x09, 0x09, 0x0B, 0xA1, 0x04, 0x7E, 0x02, 0x0A, 0x08 ; file 060127
db 0xBC, 0xFB, 0xF6, 0xFA, 0x0C, 0xC6, 0x0B, 0x1F, 0x03, 0x05, 0xFF, 0xFC, 0xFE, 0x08, 0x9F, 0x03 ; file 060137
db 0xFE, 0xF8, 0xF7, 0xF9, 0x04, 0x9B, 0x17, 0xDD, 0xFD, 0x55, 0x03, 0x03, 0x32, 0x04, 0x01, 0x87 ; file 060147
db 0xF4, 0x05, 0x62, 0xFA, 0x04, 0x98, 0xEF, 0xFA, 0xF7, 0xFE, 0x08, 0x0A, 0x4E, 0x0C, 0x0A, 0x04 ; file 060157
db 0x86, 0x02, 0x9C, 0x00, 0xFE, 0x0F, 0x6F, 0x08, 0x15, 0x00, 0x98, 0x0D, 0x8B, 0x0A, 0x3B, 0x05 ; file 060167
db 0x02, 0x00, 0xB4, 0x00, 0xFC, 0xFB, 0x02, 0x0D, 0x0E, 0x96, 0x3F, 0xF7, 0xF4, 0xF9, 0x07, 0x0A ; file 060177
db 0x08, 0x0F, 0x55, 0x04, 0xCD, 0xBF, 0x04, 0x06, 0x00, 0xFC, 0xF7, 0xF7, 0x06, 0x1D, 0x00, 0x57 ; file 060187
db 0x0A, 0x05, 0x08, 0x03, 0x13, 0x03, 0x0D, 0xB2, 0x0B, 0x00, 0x43, 0x79, 0xFA, 0x02, 0x56, 0x09 ; file 060197
db 0x91, 0xF4, 0xF9, 0x03, 0x0C, 0x06, 0xD7, 0xB7, 0x0C, 0x07, 0x00, 0x04, 0x60, 0xFF, 0xFD, 0x0E ; file 0601A7
db 0x71, 0xF9, 0x53, 0xFD, 0xFE, 0x0E, 0xDF, 0x00, 0x83, 0x07, 0x02, 0xD6, 0x0B, 0x0B, 0xF5, 0xFB ; file 0601B7
db 0xFE, 0x06, 0x06, 0x92, 0xFA, 0xFB, 0xF3, 0xF4, 0x01, 0x11, 0x0A, 0x07, 0xAE, 0x08, 0x8F, 0x13 ; file 0601C7
db 0x48, 0x01, 0x0A, 0x91, 0x0C, 0x71, 0x07, 0xDE, 0xAC, 0x0F, 0x02, 0x07, 0x26, 0x05, 0x0B, 0x06 ; file 0601D7
db 0xA6, 0xF5, 0x09, 0xAA, 0xFC, 0x9F, 0xFD, 0x00, 0xF9, 0xF2, 0xFF, 0x0F, 0x5A, 0x05, 0x84, 0x06 ; file 0601E7
db 0x50, 0x0E, 0xB4, 0x19, 0xBD, 0x04, 0xDC, 0x03, 0xB4, 0xFF, 0x09, 0xCE, 0x09, 0x00, 0x9B, 0xF1 ; file 0601F7
db 0x07, 0x0D, 0xD2, 0x02, 0x44, 0x19, 0x66, 0xF8, 0xF0, 0xFB, 0x06, 0xE3, 0x0C, 0x08, 0x04, 0x75 ; file 060207
db 0x06, 0xB3, 0x03, 0x49, 0xFE, 0xF7, 0xF7, 0x45, 0xF2, 0x01, 0x46, 0x08, 0x02, 0x52, 0x07, 0xC8 ; file 060217
db 0x0A, 0xA0, 0x09, 0x0B, 0xB7, 0xEF, 0xFB, 0x01, 0xF8, 0xF9, 0x01, 0x2C, 0xF0, 0xF9, 0x04, 0x97 ; file 060227
db 0x0C, 0x0C, 0x08, 0x07, 0x29, 0x02, 0x09, 0xE8, 0x03, 0x2A, 0xFA, 0xF9, 0xF4, 0x00, 0x1A, 0x0B ; file 060237
db 0x01, 0x06, 0xFF, 0x06, 0x03, 0x01, 0xFD, 0x05, 0x0F, 0x57, 0xFD, 0xFC, 0xFD, 0x09, 0xFB, 0xFA ; file 060247
db 0xD6, 0x09, 0x64, 0xF0, 0xF4, 0x05, 0x21, 0x06, 0x0C, 0x73, 0x02, 0xF9, 0x3E, 0x02, 0x2E, 0x02 ; file 060257
db 0xFA, 0xF7, 0xF3, 0xF5, 0x00, 0x69, 0x07, 0xDD, 0xFA, 0x02, 0x87, 0x01, 0x0F, 0xAC, 0x05, 0xF9 ; file 060267
db 0xF7, 0xF6, 0x01, 0x5E, 0x0D, 0xC5, 0xFD, 0x01, 0xF7, 0xF0, 0x0C, 0x21, 0x09, 0x0F, 0x7E, 0xFB ; file 060277
db 0x05, 0xFB, 0x0A, 0xFD, 0x01, 0xFD, 0xF8, 0xF8, 0xF2, 0xF8, 0x0B, 0x6E, 0x0D, 0x26, 0x0F, 0x54 ; file 060287
db 0xFF, 0x05, 0x03, 0x08, 0x09, 0xFB, 0xFC, 0xFF, 0x01, 0x7D, 0xF9, 0xFA, 0xFB, 0xFD, 0xF7, 0xED ; file 060297
db 0xED, 0x27, 0xAB, 0x0B, 0x04, 0x18, 0xFD, 0x00, 0x04, 0xFF, 0x77, 0xF8, 0xF5, 0xEF, 0x00, 0xF2 ; file 0602A7
db 0x06, 0x03, 0x08, 0x0A, 0x14, 0xDB, 0x00, 0x05, 0x0C, 0x5B, 0xFD, 0xF9, 0x0A, 0xF9, 0xF8, 0xFB ; file 0602B7
db 0xFE, 0x01, 0x5A, 0xEE, 0xF9, 0x05, 0x0C, 0x0D, 0x06, 0x08, 0xE7, 0x0B, 0x06, 0x02, 0x01, 0x81 ; file 0602C7
db 0x01, 0x63, 0xF9, 0xF1, 0xFB, 0xA1, 0x04, 0x03, 0x9C, 0x02, 0x6D, 0x0B, 0x10, 0x03, 0x75, 0x02 ; file 0602D7
db 0x03, 0x22, 0x08, 0x7E, 0x18, 0x69, 0xFE, 0xEE, 0xF5, 0x03, 0x08, 0x0E, 0x05, 0x49, 0xEF, 0x03 ; file 0602E7
db 0x02, 0xFA, 0x02, 0x00, 0xA0, 0xFC, 0xF6, 0xEF, 0xBD, 0xF7, 0x16, 0x84, 0x05, 0x08, 0x00, 0xFC ; file 0602F7
db 0x00, 0x18, 0x0B, 0xB7, 0x07, 0x02, 0xF9, 0x0B, 0x78, 0xFB, 0xF8, 0x04, 0xAF, 0xF5, 0xC3, 0xF0 ; file 060307
db 0x01, 0x1F, 0x57, 0x03, 0x1D, 0x02, 0x93, 0x01, 0xFB, 0xF9, 0xF4, 0x23, 0xF3, 0x05, 0x02, 0x9B ; file 060317
db 0x01, 0xC4, 0x01, 0x40, 0x05, 0x06, 0x59, 0x08, 0xBB, 0xFB, 0x05, 0x02, 0x0C, 0x8A, 0xFF, 0xF5 ; file 060327
db 0xEF, 0xFD, 0x05, 0xE5, 0x0D, 0x07, 0xFF, 0x02, 0x00, 0xA5, 0x01, 0x25, 0x01, 0xF9, 0xF2, 0xE1 ; file 060337
db 0xEF, 0x0D, 0x34, 0x00, 0x73, 0x02, 0xFE, 0x0A, 0x36, 0x09, 0x04, 0xFC, 0xC8, 0x01, 0x7B, 0x05 ; file 060347
db 0xAC, 0x0B, 0x31, 0xF0, 0x1F, 0x57, 0x04, 0xCA, 0x06, 0x00, 0x2F, 0xFB, 0xFC, 0xFA, 0xFE, 0x0E ; file 060357
db 0xD8, 0xF1, 0x08, 0xC2, 0x06, 0xA4, 0x53, 0x0A, 0x00, 0x05, 0x07, 0x06, 0x05, 0x02, 0x02, 0xE0 ; file 060367
db 0x03, 0x1D, 0x32, 0x77, 0xFA, 0xF0, 0xF6, 0x04, 0x78, 0x06, 0x0A, 0x04, 0x00, 0x1E, 0xFD, 0xFF ; file 060377
db 0x08, 0x7D, 0xFE, 0xF5, 0xEE, 0xF8, 0x04, 0x07, 0x2D, 0x00, 0x0F, 0x57, 0x02, 0xF9, 0x0C, 0x03 ; file 060387
db 0x0B, 0x06, 0xA6, 0x01, 0xF9, 0xFE, 0x2C, 0xC2, 0xF4, 0xF4, 0x00, 0x08, 0x0E, 0x08, 0x07, 0xF9 ; file 060397
db 0x07, 0x0A, 0xB1, 0x02, 0x7E, 0x00, 0xFF, 0xF9, 0xF1, 0xF7, 0x9F, 0x04, 0x09, 0x03, 0xFE, 0x01 ; file 0603A7
db 0x0C, 0xDC, 0x04, 0x5E, 0x08, 0x5E, 0x08, 0x26, 0xFD, 0x02, 0x01, 0x01, 0x02, 0x49, 0xFD, 0x09 ; file 0603B7
db 0xB9, 0xBE, 0x25, 0x5E, 0x04, 0x03, 0x00, 0x00, 0xFB, 0x0A, 0x4C, 0xFB, 0x47, 0xEE, 0xF3, 0xFF ; file 0603C7
db 0x00, 0x6A, 0x05, 0xE1, 0x06, 0x61, 0x07, 0x0A, 0xE0, 0xEC, 0x06, 0xB2, 0x17, 0xEA, 0xFF, 0x01 ; file 0603D7
db 0x07, 0x67, 0x05, 0x0A, 0x0C, 0x50, 0x07, 0x57, 0x0F, 0x81, 0x0C, 0xA4, 0x0A, 0x3C, 0xF4, 0x02 ; file 0603E7
db 0xE2, 0xFE, 0x1C, 0xBA, 0x97, 0xF6, 0xFD, 0x03, 0x04, 0xC7, 0x04, 0x04, 0x49, 0x09, 0xF7, 0xFC ; file 0603F7
db 0x3F, 0xFF, 0xF5, 0xF5, 0xF8, 0x02, 0x08, 0x0D, 0x5B, 0x00, 0xAA, 0xFD, 0x03, 0x08, 0x04, 0x04 ; file 060407
db 0x00, 0xF2, 0xEF, 0xFB, 0x05, 0x5D, 0x09, 0x0A, 0xC0, 0x07, 0x04, 0xF6, 0x1B, 0x34, 0x01, 0x14 ; file 060417
db 0xDE, 0xFE, 0x0C, 0x61, 0xFD, 0x03, 0xF7, 0xF6, 0xF8, 0xFE, 0x09, 0x76, 0x13, 0x0C, 0x07, 0x01 ; file 060427
db 0x06, 0xC8, 0xFD, 0xFE, 0x00, 0x0F, 0x03, 0xEF, 0x04, 0x0C, 0x01, 0xFE, 0x0F, 0x08, 0xFA, 0xF6 ; file 060437
db 0x02, 0xFF, 0x05, 0x0A, 0x04, 0x01, 0x02, 0xFD, 0x06, 0xFD, 0xFA, 0x0C, 0x47, 0xFF, 0x09, 0x8F ; file 060447
db 0xFB, 0x06, 0x07, 0x0D, 0x09, 0x7F, 0x02, 0x06, 0x00, 0x04, 0xFE, 0xF9, 0x00, 0x04, 0x88, 0xDD ; file 060457
db 0xEF, 0x0C, 0x4E, 0x02, 0xFF, 0x06, 0x00, 0x72, 0xF6, 0x01, 0xFF, 0x08, 0x0D, 0x06, 0xFC, 0xFE ; file 060467
db 0xFB, 0x02, 0xFA, 0xBD, 0xFA, 0x0D, 0xB2, 0xFD, 0xF3, 0xFB, 0xF9, 0x0E, 0xF2, 0x09, 0xF5, 0x04 ; file 060477
db 0x10, 0x7F, 0xF7, 0x01, 0x3C, 0xFD, 0xF0, 0xFA, 0xFF, 0x9E, 0x02, 0x19, 0x01, 0x06, 0x06, 0x02 ; file 060487
db 0x09, 0x35, 0x09, 0x8E, 0x04, 0xDA, 0x0C, 0xA6, 0xFB, 0x01, 0xCA, 0xFC, 0xF4, 0x0A, 0xF2, 0x06 ; file 060497
db 0x09, 0xF1, 0x0D, 0x06, 0x6D, 0x09, 0x69, 0x01, 0xE5, 0x00, 0xF2, 0xF3, 0xFC, 0xDD, 0x06, 0x04 ; file 0604A7
db 0x8D, 0x06, 0x04, 0x05, 0x0F, 0x57, 0x0C, 0x0A, 0xE1, 0xFE, 0x03, 0x66, 0x07, 0x07, 0x04, 0xB3 ; file 0604B7
db 0x07, 0x13, 0xFD, 0x07, 0x07, 0x3F, 0x0D, 0x05, 0x03, 0x04, 0x02, 0x04, 0x00, 0x15, 0x07, 0x2F ; file 0604C7
db 0xF5, 0xF6, 0x00, 0xD8, 0x01, 0x0D, 0x0B, 0x07, 0xF8, 0xF6, 0x01, 0xBC, 0x0A, 0xCC, 0x08, 0xBE ; file 0604D7
db 0x06, 0xFB, 0xFD, 0xFE, 0x0E, 0x06, 0xF9, 0xFF, 0xFD, 0xFA, 0x05, 0x05, 0x0F, 0x07, 0x02, 0x04 ; file 0604E7
db 0xFD, 0x01, 0x0E, 0x93, 0xFF, 0x00, 0x04, 0xF8, 0xF2, 0xF9, 0x94, 0x02, 0x39, 0x0B, 0x36, 0x06 ; file 0604F7
db 0x07, 0x65, 0x09, 0x08, 0x22, 0x01, 0xBB, 0xF9, 0xED, 0xF9, 0x04, 0x42, 0xF8, 0xF6, 0x04, 0xF5 ; file 060507
db 0x06, 0x0A, 0x0B, 0xFD, 0x02, 0x06, 0x6E, 0x02, 0xF8, 0xFB, 0xFC, 0xFE, 0xFC, 0xDF, 0xF2, 0xFD ; file 060517
db 0x01, 0x09, 0x07, 0x16, 0xB5, 0x00, 0xF4, 0xF5, 0xFB, 0x06, 0xD9, 0xFF, 0x06, 0x55, 0x00, 0xF9 ; file 060527
db 0x01, 0xFA, 0xCE, 0x08, 0x92, 0xFF, 0xFB, 0x00, 0x00, 0xBD, 0x04, 0x9C, 0x05, 0x03, 0xD2, 0x0E ; file 060537
db 0x9F, 0x02, 0x01, 0xA9, 0x06, 0xC7, 0x01, 0x07, 0xB2, 0x04, 0xF8, 0xEA, 0x09, 0xE2, 0x07, 0x06 ; file 060547
db 0x5D, 0x03, 0x04, 0x1A, 0xFF, 0x00, 0xFC, 0x30, 0x05, 0x1A, 0x0D, 0xCA, 0x00, 0xBD, 0x0D, 0xE8 ; file 060557
db 0xFC, 0xF9, 0x05, 0x9F, 0x1A, 0xBB, 0x9A, 0x06, 0x0C, 0x05, 0x16, 0x4D, 0xFF, 0x08, 0x00, 0xB3 ; file 060567
db 0x05, 0x7F, 0xFB, 0x76, 0x0F, 0xDB, 0xFC, 0xF4, 0x08, 0xF1, 0x01, 0x04, 0x0F, 0x01, 0xE5, 0xFC ; file 060577
db 0x06, 0x66, 0x03, 0x8A, 0x02, 0xF8, 0xF7, 0xFA, 0x01, 0x06, 0x9A, 0x07, 0x36, 0x05, 0x09, 0x9D ; file 060587
db 0x00, 0x0A, 0x03, 0xA0, 0x0B, 0x7F, 0xF9, 0xE8, 0x11, 0xB7, 0x05, 0xC4, 0x01, 0xB5, 0x0A, 0x07 ; file 060597
db 0x42, 0x02, 0x06, 0x01, 0x89, 0xFA, 0x05, 0xDD, 0x01, 0x28, 0x02, 0x00, 0x3E, 0x0D, 0x2F, 0x03 ; file 0605A7
db 0x6C, 0x05, 0xFF, 0x08, 0x03, 0x01, 0x00, 0x07, 0x04, 0xFE, 0xF8, 0x07, 0x01, 0xFD, 0xFD, 0x05 ; file 0605B7
db 0x9A, 0x00, 0x74, 0x0F, 0x2D, 0x07, 0x6D, 0x05, 0xCB, 0xEE, 0x1A, 0x38, 0xF9, 0xFE, 0x03, 0x1F ; file 0605C7
db 0x73, 0x03, 0x01, 0xFD, 0x5F, 0xFA, 0x06, 0x09, 0x04, 0xFE, 0x05, 0xC5, 0xFD, 0x0A, 0xC9, 0x4D ; file 0605D7
db 0x00, 0x09, 0x61, 0x01, 0xFC, 0x02, 0x76, 0x02, 0xF0, 0x05, 0x01, 0xBE, 0xCA, 0x0D, 0x05, 0xF9 ; file 0605E7
db 0x09, 0xBE, 0x06, 0x04, 0x0F, 0x0F, 0xDC, 0xF6, 0xFE, 0x71, 0x08, 0x02, 0x24, 0x0A, 0xD8, 0x05 ; file 0605F7
db 0xAF, 0xFE, 0xF9, 0xF6, 0x01, 0x36, 0x37, 0xFE, 0x05, 0x0D, 0x09, 0xAA, 0x06, 0x03, 0x06, 0xEE ; file 060607
db 0x00, 0xCF, 0xBB, 0xFB, 0xFB, 0x17, 0xCB, 0x01, 0x05, 0xFF, 0x0E, 0x39, 0x08, 0xF5, 0x05, 0x02 ; file 060617
db 0xA4, 0x07, 0x04, 0x9E, 0xFF, 0x02, 0xFB, 0xF5, 0x57, 0xFC, 0x01, 0x00, 0x09, 0x65, 0x09, 0x0C ; file 060627
db 0x39, 0x06, 0x0C, 0x62, 0xF0, 0x0B, 0x27, 0x02, 0x4B, 0x0B, 0xE3, 0x00, 0x58, 0xFC, 0xFA, 0xF8 ; file 060637
db 0x05, 0x3E, 0x0A, 0xD1, 0x00, 0x0B, 0x01, 0xFE, 0xF9, 0x01, 0x0E, 0x0F, 0xD6, 0x52, 0x0D, 0xFD ; file 060647
db 0x0A, 0x03, 0x38, 0x06, 0x70, 0xFF, 0x02, 0x24, 0xFC, 0x01, 0xF6, 0xF4, 0x19, 0x92, 0x00, 0xEF ; file 060657
db 0x01, 0x00, 0xDE, 0x01, 0xFF, 0xFD, 0x04, 0xFD, 0x04, 0x05, 0x5B, 0x01, 0xFF, 0xF5, 0xFA, 0xFF ; file 060667
db 0x03, 0x4B, 0xFC, 0xFD, 0x09, 0xE7, 0x00, 0x08, 0x7E, 0x0D, 0x9E, 0xFB, 0x04, 0x0D, 0x7C, 0x02 ; file 060677
db 0x65, 0x02, 0x00, 0x03, 0xFA, 0xFF, 0xF8, 0xFC, 0x04, 0x86, 0xC7, 0xFF, 0x06, 0x09, 0x09, 0xE6 ; file 060687
db 0x0F, 0xD6, 0x0D, 0x69, 0xFE, 0xFB, 0xC3, 0x06, 0x09, 0x01, 0xA9, 0x0A, 0xB7, 0x0B, 0xA7, 0x1D ; file 060697
db 0x84, 0x01, 0xFE, 0x9E, 0x06, 0x64, 0x03, 0xFE, 0x02, 0xFE, 0x06, 0x06, 0x05, 0x9A, 0x07, 0xEE ; file 0606A7
db 0x0F, 0x97, 0xFE, 0x03, 0xF7, 0x03, 0x85, 0x03, 0xF9, 0x01, 0x36, 0x29, 0xA2, 0x05, 0x01, 0x0B ; file 0606B7
db 0x50, 0xF9, 0xF8, 0x0E, 0x34, 0x0E, 0x62, 0xED, 0x04, 0x01, 0x13, 0xFD, 0xF8, 0x0D, 0x9B, 0x01 ; file 0606C7
db 0x01, 0x0C, 0xDE, 0x0C, 0x01, 0xFB, 0x04, 0xF8, 0xF6, 0x0C, 0x03, 0xF9, 0xFF, 0x45, 0x09, 0x0D ; file 0606D7
db 0x6A, 0x05, 0x01, 0xBA, 0x09, 0x29, 0x00, 0x7B, 0x00, 0x1F, 0xCA, 0x36, 0x11, 0x92, 0xFE, 0x02 ; file 0606E7
db 0x0B, 0x83, 0xFE, 0x06, 0x0D, 0xAD, 0x06, 0xEC, 0xCD, 0xF4, 0x00, 0xCA, 0xFE, 0xF9, 0x1B, 0x7B ; file 0606F7
db 0x09, 0xE8, 0x02, 0xFD, 0xB7, 0xF8, 0xFA, 0xF5, 0x0C, 0xDA, 0x03, 0x01, 0x00, 0xF0, 0x02, 0x7A ; file 060707
db 0x07, 0xA1, 0xFC, 0x02, 0x2F, 0x00, 0x07, 0x09, 0xFC, 0x0F, 0x57, 0xDB, 0x00, 0xF3, 0x1C, 0x57 ; file 060717
db 0xF9, 0x06, 0x01, 0xFE, 0x01, 0x08, 0x7B, 0x00, 0x00, 0x01, 0x26, 0xF9, 0x01, 0x02, 0x00, 0x07 ; file 060727
db 0x70, 0xF0, 0x03, 0x02, 0x03, 0x5C, 0x02, 0xB6, 0x00, 0x0B, 0x06, 0xFF, 0xFD, 0xFE, 0xFF, 0xFE ; file 060737
db 0x03, 0xF5, 0xF8, 0x01, 0x01, 0x04, 0xF8, 0xFA, 0x13, 0xF5, 0xFD, 0x0D, 0x06, 0x02, 0xF8, 0xFA ; file 060747
db 0xF6, 0xFA, 0xF0, 0x0B, 0x3B, 0x08, 0x6E, 0x03, 0xDF, 0x0C, 0xBE, 0x01, 0x01, 0x02, 0x02, 0xFB ; file 060757
db 0x02, 0x0B, 0x04, 0x44, 0xFA, 0x05, 0xF7, 0xF7, 0x00, 0x97, 0x02, 0x04, 0xF9, 0x0C, 0x71, 0x09 ; file 060767
db 0x1F, 0x0F, 0x0D, 0xDA, 0xF9, 0x2D, 0xFC, 0x05, 0x92, 0xFB, 0x01, 0x05, 0xBB, 0xFF, 0x03, 0xA7 ; file 060777
db 0x00, 0xE4, 0xAD, 0x00, 0x09, 0xE1, 0xFD, 0x00, 0x06, 0xD3, 0xF5, 0x0B, 0x30, 0xFF, 0x93, 0xF7 ; file 060787
db 0x04, 0x1F, 0x30, 0x24, 0x73, 0xF9, 0x04, 0xB7, 0x05, 0xE5, 0x0B, 0xB7, 0x09, 0x02, 0xFF, 0x0A ; file 060797
db 0x9B, 0xFC, 0x01, 0x01, 0x61, 0x08, 0xFD, 0x07, 0x0C, 0x31, 0x00, 0x00, 0xF3, 0xFE, 0x01, 0x05 ; file 0607A7
db 0xEF, 0x00, 0xF8, 0x05, 0x01, 0x05, 0xB1, 0x06, 0xFF, 0x01, 0x96, 0x08, 0x95, 0xF7, 0x03, 0x00 ; file 0607B7
db 0x89, 0xFC, 0x07, 0xA0, 0x08, 0x06, 0x07, 0x44, 0x0F, 0x05, 0x0B, 0x82, 0x05, 0x01, 0xBF, 0x1C ; file 0607C7
db 0x60, 0x0F, 0x14, 0xF9, 0x0E, 0xB2, 0xEC, 0x01, 0x95, 0x0F, 0x0A, 0xFA, 0xF9, 0x0C, 0x37, 0x05 ; file 0607D7
db 0x03, 0xFF, 0x64, 0x0D, 0xCA, 0x04, 0x42, 0x00, 0x02, 0x30, 0x0D, 0x09, 0x08, 0x02, 0x07, 0xEE ; file 0607E7
db 0x4F, 0x04, 0xF7, 0xF8, 0x02, 0x0B, 0x56, 0x07, 0xFB, 0x08, 0x03, 0xC3, 0x4E, 0x0D, 0xFB, 0xFA ; file 0607F7
db 0xF6, 0xFD, 0x02, 0x84, 0x16, 0x99, 0xFE, 0x05, 0x06, 0x2B, 0x05, 0xFE, 0x12, 0x04, 0x04, 0x06 ; file 060807
db 0x76, 0xFD, 0x0C, 0xF0, 0x03, 0xD3, 0xE3, 0x00, 0xF7, 0x00, 0xA1, 0x04, 0x8B, 0x0A, 0xE0, 0xF8 ; file 060817
db 0xF5, 0xF6, 0x2F, 0x04, 0x07, 0x05, 0x00, 0x0F, 0x57, 0x03, 0x07, 0x5D, 0x06, 0x21, 0xBF, 0xFF ; file 060827
db 0x02, 0x04, 0x08, 0x05, 0xFD, 0x08, 0xF9, 0xFE, 0x93, 0xF6, 0xFF, 0x00, 0x7C, 0x00, 0xC4, 0x08 ; file 060837
db 0x0F, 0x60, 0x17, 0x5B, 0xF7, 0x0B, 0xF7, 0x05, 0x09, 0x33, 0xFD, 0x16, 0x4E, 0x07, 0x95, 0x01 ; file 060847
db 0xC3, 0x09, 0xB7, 0x1E, 0x01, 0x7A, 0x00, 0xFF, 0xFC, 0xF7, 0x02, 0x45, 0x00, 0x87, 0x08, 0x26 ; file 060857
db 0x4C, 0x01, 0xBE, 0x06, 0xCE, 0xF6, 0xF3, 0x04, 0x63, 0x08, 0xBE, 0x0D, 0x02, 0x59, 0xC0, 0x0F ; file 060867
db 0x05, 0x02, 0xD5, 0x01, 0x5B, 0x0B, 0xDC, 0x08, 0x64, 0x02, 0x79, 0x03, 0xFE, 0xF8, 0x0D, 0xD2 ; file 060877
db 0x0B, 0x72, 0x01, 0x92, 0xFD, 0xF7, 0xF4, 0xFF, 0x09, 0x57, 0x09, 0xFF, 0xFB, 0x08, 0xEF, 0xFC ; file 060887
db 0x0E, 0xA9, 0x08, 0x0C, 0x23, 0x99, 0x00, 0x0C, 0x86, 0x0E, 0x46, 0xFD, 0xF8, 0x08, 0x9F, 0x00 ; file 060897
db 0x9F, 0xFC, 0x74, 0x0E, 0x72, 0x0D, 0x3C, 0x03, 0x09, 0x93, 0xFA, 0x04, 0x0A, 0x00, 0xEA, 0xFF ; file 0608A7
db 0x09, 0x0B, 0x02, 0xF8, 0xFC, 0xFC, 0x04, 0xFC, 0x5F, 0xF8, 0x00, 0x00, 0x08, 0x06, 0x0F, 0xD8 ; file 0608B7
db 0xFF, 0x06, 0x9A, 0xE8, 0x03, 0x39, 0x06, 0xF7, 0x09, 0xCB, 0x06, 0x03, 0xDF, 0xFF, 0xFB, 0xF2 ; file 0608C7
db 0xBF, 0xFA, 0x05, 0x0C, 0x06, 0xFA, 0xFD, 0x0E, 0x99, 0xF9, 0xFF, 0xFF, 0x03, 0x0A, 0x02, 0xF7 ; file 0608D7
db 0xF9, 0xFF, 0x05, 0x01, 0x07, 0x0A, 0xA3, 0x10, 0x3D, 0x0C, 0x48, 0x09, 0x1E, 0x04, 0xF6, 0x09 ; file 0608E7
db 0xC8, 0x0E, 0xB5, 0xEF, 0xF2, 0xF6, 0x00, 0x08, 0x08, 0xC4, 0x04, 0x0B, 0x07, 0xFE, 0x06, 0x52 ; file 0608F7
db 0x00, 0x03, 0xF7, 0xFA, 0x00, 0x05, 0x0A, 0x3F, 0x01, 0x02, 0xFE, 0xFE, 0x00, 0xF8, 0x0D, 0x2F ; file 060907
db 0x03, 0x37, 0xBC, 0x17, 0x0B, 0x0E, 0x3E, 0x03, 0x00, 0xFF, 0xF4, 0x07, 0x5E, 0x0C, 0xFE, 0x0A ; file 060917
db 0xC5, 0x03, 0x04, 0xFA, 0xFB, 0x02, 0x07, 0x0A, 0x35, 0xF9, 0x01, 0xB0, 0x0A, 0x04, 0x06, 0x01 ; file 060927
db 0x03, 0x01, 0x37, 0x03, 0x54, 0xA5, 0xFF, 0x02, 0x83, 0xFE, 0x0C, 0xB2, 0x08, 0xF1, 0xF9, 0x02 ; file 060937
db 0x68, 0x0D, 0xDF, 0x03, 0x00, 0x03, 0x06, 0x0C, 0x1A, 0x57, 0x05, 0xFC, 0xB7, 0xF5, 0xFE, 0x01 ; file 060947
db 0x05, 0xC0, 0x02, 0xFC, 0x0A, 0x37, 0x00, 0x76, 0x03, 0xD5, 0x01, 0x01, 0x02, 0x59, 0x09, 0x06 ; file 060957
db 0xFE, 0x0C, 0x49, 0x9F, 0xFA, 0xF0, 0xFD, 0x06, 0x0E, 0x00, 0x6E, 0x07, 0xEF, 0xF8, 0x32, 0x1B ; file 060967
db 0x30, 0xF3, 0x09, 0xC8, 0x01, 0xB5, 0x03, 0x04, 0x0F, 0xCC, 0x0E, 0x84, 0xD3, 0xFE, 0x01, 0x02 ; file 060977
db 0x6F, 0x03, 0x30, 0x01, 0x0F, 0xCB, 0xF0, 0xF9, 0xB7, 0x02, 0x09, 0x0A, 0x0D, 0x73, 0x09, 0x07 ; file 060987
db 0x06, 0x52, 0x00, 0x91, 0x04, 0x03, 0x3D, 0x13, 0x9B, 0x0D, 0x2C, 0xF5, 0x0A, 0x5B, 0x02, 0x55 ; file 060997
db 0xFA, 0xDF, 0xF9, 0x00, 0x03, 0x0B, 0xFE, 0x1D, 0x0E, 0xF1, 0xF8, 0xF7, 0x02, 0x0C, 0x0B, 0x08 ; file 0609A7
db 0x1B, 0x00, 0x04, 0xF9, 0xFC, 0xE6, 0x09, 0x3F, 0xF8, 0xF3, 0x09, 0x5A, 0x07, 0x65, 0x02, 0x03 ; file 0609B7
db 0xF4, 0xA9, 0xFA, 0x0D, 0x09, 0x0B, 0x07, 0xF5, 0x06, 0x8B, 0xFF, 0x1F, 0x57, 0xF7, 0x6F, 0xF4 ; file 0609C7
db 0x00, 0x05, 0x0C, 0x15, 0x26, 0x0A, 0xFE, 0x09, 0x20, 0x9F, 0x04, 0xFB, 0xF5, 0xFB, 0x04, 0x06 ; file 0609D7
db 0x6D, 0x03, 0x85, 0xF6, 0xFB, 0xFB, 0x06, 0x16, 0x05, 0x01, 0xF5, 0xFE, 0xFD, 0x0C, 0xFD, 0x03 ; file 0609E7
db 0x02, 0x64, 0x00, 0xF8, 0xF2, 0x00, 0x07, 0x0E, 0x5D, 0x04, 0x05, 0xBB, 0x03, 0xFD, 0xFA, 0x01 ; file 0609F7
db 0xBA, 0x01, 0x03, 0x57, 0x9D, 0x09, 0x0B, 0x47, 0x04, 0x05, 0xF9, 0x1F, 0x81, 0x04, 0x1E, 0xF7 ; file 060A07
db 0x17, 0xF7, 0xFA, 0x03, 0x0F, 0x57, 0x04, 0x0E, 0xAE, 0x19, 0x73, 0x0A, 0xBB, 0xFA, 0x03, 0xFE ; file 060A17
db 0xFB, 0x0F, 0x70, 0xF5, 0xF7, 0xFF, 0x0B, 0x05, 0x1E, 0x0F, 0x14, 0x01, 0xFC, 0xF5, 0x04, 0x07 ; file 060A27
db 0x56, 0x02, 0xD7, 0x09, 0x0E, 0xFD, 0x09, 0x2F, 0xEF, 0xF3, 0xFA, 0x03, 0x0D, 0x09, 0x03, 0x3D ; file 060A37
db 0xFD, 0x17, 0xD2, 0xFD, 0x05, 0x07, 0x05, 0x0F, 0x57, 0x07, 0xE9, 0xFF, 0x03, 0x06, 0x05, 0xFF ; file 060A47
db 0xF5, 0xFD, 0x02, 0x02, 0x82, 0x08, 0x47, 0xFD, 0x02, 0x19, 0x0E, 0x29, 0x09, 0x8D, 0x0D, 0xF5 ; file 060A57
db 0x03, 0xFE, 0x02, 0xEF, 0x06, 0x03, 0x06, 0xFE, 0x00, 0x8A, 0x01, 0xFC, 0xF4, 0x73, 0xF9, 0x08 ; file 060A67
db 0x02, 0xB4, 0x0E, 0x8B, 0xF7, 0xFC, 0x08, 0x0B, 0xF3, 0xCB, 0x05, 0xFE, 0x03, 0x95, 0x09, 0x01 ; file 060A77
db 0xE4, 0x0F, 0xEF, 0xF7, 0xFF, 0xC7, 0x0A, 0x0B, 0x06, 0x07, 0x9C, 0x1F, 0xFD, 0x02, 0x25, 0xF4 ; file 060A87
db 0xF5, 0x7B, 0x03, 0x07, 0x05, 0x6B, 0x07, 0x02, 0xF8, 0xF8, 0x09, 0x6F, 0x60, 0x02, 0xA2, 0x0D ; file 060A97
db 0xBA, 0x0B, 0x24, 0x0C, 0x2A, 0x04, 0x70, 0x05, 0x08, 0x02, 0x97, 0xBC, 0x06, 0xC1, 0x1A, 0xDB ; file 060AA7
db 0xFE, 0xF9, 0xF3, 0x03, 0x00, 0x8E, 0x00, 0xF2, 0x0D, 0xCD, 0xF9, 0x0A, 0xAD, 0x09, 0x18, 0xFB ; file 060AB7
db 0xF7, 0xFA, 0x07, 0x29, 0x04, 0x01, 0x8F, 0x02, 0x3E, 0xFC, 0x01, 0xC4, 0x05, 0x0B, 0x07, 0x0B ; file 060AC7
db 0xC3, 0xFF, 0x06, 0x06, 0x00, 0xFA, 0xF2, 0xFD, 0x06, 0x04, 0x32, 0x09, 0x07, 0x07, 0x04, 0x33 ; file 060AD7
db 0x2F, 0xDF, 0xFD, 0xF4, 0x02, 0xDB, 0x00, 0xDF, 0xE4, 0x09, 0xF8, 0x0C, 0x3F, 0x06, 0x1A, 0x66 ; file 060AE7
db 0x0B, 0x7F, 0xFD, 0x02, 0xFC, 0xE7, 0xFE, 0xF4, 0xFA, 0x19, 0xB9, 0x03, 0x72, 0xFA, 0xFE, 0x09 ; file 060AF7
db 0xEE, 0x10, 0x94, 0xFD, 0xFA, 0xF3, 0x0E, 0xFA, 0x01, 0x00, 0x01, 0xCD, 0xFC, 0x0C, 0xE9, 0x09 ; file 060B07
db 0x07, 0x05, 0x76, 0x1A, 0x06, 0x01, 0x07, 0x3C, 0x0C, 0xF8, 0x1E, 0xE1, 0x07, 0x03, 0x09, 0xFF ; file 060B17
db 0x19, 0xCF, 0x0F, 0xCD, 0x8F, 0xFC, 0xFA, 0xEE, 0xFB, 0x1C, 0xA4, 0x07, 0xBE, 0x01, 0x6F, 0x04 ; file 060B27
db 0xD9, 0x07, 0x0A, 0x11, 0x00, 0x5C, 0xFD, 0x00, 0x07, 0x49, 0xF4, 0x04, 0xC6, 0x00, 0x9E, 0xFF ; file 060B37
db 0x07, 0x0A, 0x0E, 0x06, 0xB2, 0x0B, 0x48, 0xFE, 0xF4, 0x55, 0xFC, 0x08, 0x40, 0xFF, 0x0E, 0xF2 ; file 060B47
db 0xFE, 0x0C, 0x0B, 0x09, 0x0A, 0x73, 0x3A, 0x02, 0xE0, 0x00, 0x0C, 0xAF, 0xFD, 0xF4, 0xFE, 0x01 ; file 060B57
db 0xBA, 0x0E, 0xA5, 0xB8, 0x07, 0x42, 0x09, 0x01, 0x0B, 0xF5, 0xF3, 0xF2, 0xFF, 0x1D, 0x34, 0x03 ; file 060B67
db 0x98, 0x09, 0xAE, 0x0C, 0x7F, 0x15, 0xE3, 0xFB, 0x03, 0x0B, 0x91, 0x00, 0x09, 0xFC, 0xBE, 0x00 ; file 060B77
db 0x4A, 0x01, 0x02, 0x06, 0xF7, 0xFE, 0x0C, 0xAB, 0xFF, 0x5E, 0x09, 0x99, 0xFA, 0xF4, 0x03, 0xFF ; file 060B87
db 0x00, 0xD5, 0x00, 0x18, 0x68, 0xDE, 0x0F, 0xAB, 0x04, 0xFD, 0xFB, 0xF7, 0x08, 0x9B, 0x04, 0xFE ; file 060B97
db 0x4C, 0x08, 0xDA, 0x00, 0x54, 0x08, 0x04, 0x02, 0xDB, 0x02, 0x28, 0xFF, 0x0F, 0x36, 0xC3, 0xFA ; file 060BA7
db 0xEE, 0x06, 0x20, 0x00, 0x13, 0x0A, 0xEF, 0x08, 0x46, 0x07, 0x0A, 0xDF, 0x05, 0x03, 0xFB, 0xFF ; file 060BB7
db 0x03, 0x0B, 0xB7, 0xFB, 0xFC, 0xFD, 0xF7, 0x00, 0x54, 0x03, 0xFF, 0x08, 0xFC, 0xFA, 0x02, 0xCC ; file 060BC7
db 0x0C, 0xD5, 0x0D, 0xE1, 0xFF, 0xF4, 0x02, 0x7C, 0x05, 0xFB, 0xFC, 0xF9, 0x87, 0x02, 0xFF, 0x07 ; file 060BD7
db 0x16, 0xA4, 0x0E, 0x9D, 0x03, 0x49, 0x07, 0xF5, 0xF8, 0x9E, 0x02, 0xFB, 0x09, 0x06, 0x08, 0x01 ; file 060BE7
db 0x2C, 0xDF, 0x09, 0xA9, 0xFB, 0xCB, 0xF4, 0xF2, 0x08, 0x58, 0x00, 0x08, 0x06, 0x09, 0x1A, 0x04 ; file 060BF7
db 0x04, 0xCB, 0x0A, 0x09, 0x0A, 0x26, 0x04, 0x1E, 0x5B, 0x0C, 0x45, 0x00, 0xFE, 0xBA, 0x04, 0xDC ; file 060C07
db 0x04, 0x0F, 0xA4, 0x07, 0x07, 0xFF, 0x19, 0xC3, 0xF7, 0x10, 0x1A, 0x76, 0x00, 0xFE, 0x06, 0xC2 ; file 060C17
db 0x0F, 0xD6, 0x06, 0x00, 0x3B, 0x0B, 0x29, 0x0C, 0x47, 0x9E, 0x06, 0x1D, 0x00, 0x06, 0x08, 0x06 ; file 060C27
db 0x06, 0xBD, 0x01, 0x46, 0xFF, 0xFF, 0x00, 0x00, 0xFC, 0xF8, 0xF1, 0xF7, 0xFC, 0x02, 0x7A, 0x1F ; file 060C37
db 0x66, 0x01, 0x09, 0x6E, 0x03, 0x06, 0x0D, 0x05, 0x07, 0x7C, 0xCE, 0x1B, 0xC9, 0xFA, 0xFD, 0xFB ; file 060C47
db 0x0C, 0x0F, 0x04, 0x18, 0xFD, 0xFB, 0x11, 0x05, 0x0C, 0x13, 0x03, 0xD6, 0x0E, 0xF1, 0xFC, 0x1F ; file 060C57
db 0x23, 0x00, 0x6B, 0x04, 0xA2, 0xFF, 0x08, 0x09, 0x02, 0xFC, 0xF5, 0xFA, 0x04, 0x05, 0x80, 0x18 ; file 060C67
db 0x9C, 0x0F, 0xD5, 0x01, 0xDB, 0x02, 0xF3, 0x04, 0x35, 0x09, 0x00, 0x04, 0x67, 0xF2, 0xDD, 0xF9 ; file 060C77
db 0x1F, 0x57, 0xFD, 0xFE, 0x07, 0x0D, 0xD3, 0x03, 0x0B, 0x11, 0x0A, 0x00, 0x3A, 0x09, 0x61, 0x03 ; file 060C87
db 0xD5, 0xFE, 0x01, 0x32, 0x2D, 0xB9, 0x07, 0xAF, 0x1A, 0x06, 0xC9, 0xFE, 0x02, 0xEE, 0xFB, 0xFC ; file 060C97
db 0x07, 0xEB, 0x0F, 0x03, 0x09, 0xE8, 0xEE, 0x0E, 0x84, 0xFF, 0xF7, 0xF6, 0x06, 0x18, 0xFD, 0xFC ; file 060CA7
db 0xFA, 0x87, 0x00, 0xFD, 0xFA, 0x01, 0x1F, 0x00, 0x8C, 0x0F, 0x7C, 0x0B, 0x20, 0xFE, 0xCF, 0xFB ; file 060CB7
db 0xF8, 0xF5, 0xF3, 0x0B, 0x34, 0x0F, 0xCE, 0x05, 0x09, 0x0E, 0x02, 0xD9, 0x06, 0x0D, 0x06, 0x08 ; file 060CC7
db 0xDE, 0x0A, 0xCB, 0x02, 0x59, 0x0A, 0xF1, 0xF0, 0x0A, 0x6C, 0x04, 0xC4, 0x0C, 0xF5, 0x09, 0x27 ; file 060CD7
db 0xFF, 0xFC, 0xFB, 0xF9, 0xF4, 0x0B, 0x4E, 0x0C, 0xF8, 0x00, 0x05, 0x94, 0x01, 0x07, 0x0A, 0x04 ; file 060CE7
db 0xF9, 0xFB, 0x06, 0x9D, 0x0A, 0x08, 0xFA, 0xFD, 0x03, 0xF9, 0xFB, 0xCF, 0x03, 0x08, 0x0A, 0x05 ; file 060CF7
db 0x09, 0x73, 0x09, 0x33, 0x00, 0xFF, 0xFA, 0x02, 0x05, 0xF3, 0x05, 0x30, 0x02, 0xFE, 0xFA, 0x01 ; file 060D07
db 0x08, 0xE5, 0x0B, 0x01, 0xDC, 0x0A, 0x02, 0x18, 0x06, 0xE8, 0x01, 0xFA, 0xFA, 0x05, 0xF9, 0x08 ; file 060D17
db 0xAB, 0xFD, 0x03, 0xE6, 0x06, 0xD5, 0x06, 0x09, 0x07, 0x04, 0x0C, 0x9D, 0x3D, 0xF6, 0x0A, 0x1C ; file 060D27
db 0xFF, 0xFA, 0xFB, 0x04, 0x03, 0x55, 0x0D, 0xDB, 0xF3, 0x01, 0xF5, 0x01, 0xE4, 0x09, 0xE3, 0xFA ; file 060D37
db 0x03, 0x00, 0xF6, 0xE2, 0x00, 0x76, 0x0A, 0x06, 0x16, 0x02, 0x93, 0x0D, 0x09, 0xFC, 0xF6, 0xF8 ; file 060D47
db 0xFB, 0xF1, 0xF9, 0x03, 0x50, 0xFC, 0xFB, 0x07, 0x0A, 0x0B, 0xD6, 0x13, 0xAB, 0x08, 0xFD, 0x08 ; file 060D57
db 0x6E, 0x05, 0x08, 0x5B, 0xFD, 0x04, 0x9F, 0xF7, 0xF9, 0x00, 0x01, 0x07, 0x01, 0x25, 0x09, 0x50 ; file 060D67
db 0x07, 0xC2, 0x0D, 0xF2, 0xFB, 0x01, 0x84, 0x03, 0x0B, 0x25, 0x66, 0x05, 0x4C, 0x09, 0x06, 0xEE ; file 060D77
db 0x0F, 0x57, 0x03, 0x08, 0xFE, 0x0F, 0xD6, 0x06, 0xF9, 0xF9, 0xE1, 0x03, 0x0F, 0x6D, 0x08, 0x76 ; file 060D87
db 0x1D, 0x7E, 0x00, 0x22, 0xF9, 0xF5, 0xF2, 0xDE, 0x0C, 0x00, 0xFE, 0xF8, 0x03, 0x09, 0x09, 0xC2 ; file 060D97
db 0x05, 0x09, 0xBF, 0x0A, 0x04, 0xF9, 0xFB, 0xFF, 0x08, 0x04, 0x2A, 0xF9, 0xE3, 0x04, 0xFD, 0x06 ; file 060DA7
db 0xF6, 0x0D, 0xA2, 0x0C, 0xD8, 0x02, 0x06, 0x07, 0xDE, 0x07, 0xD0, 0xFC, 0xFE, 0xF3, 0xFC, 0x07 ; file 060DB7
db 0x9F, 0xF8, 0xFE, 0xFE, 0x09, 0xE8, 0xFE, 0x04, 0x07, 0x09, 0x01, 0xF6, 0xF8, 0x7F, 0xFD, 0x08 ; file 060DC7
db 0x04, 0xF8, 0xF9, 0xFA, 0x05, 0x0B, 0x46, 0xB5, 0x06, 0x00, 0x38, 0x02, 0x04, 0xD2, 0x00, 0x02 ; file 060DD7
db 0x09, 0xDF, 0xF6, 0xDF, 0xFA, 0xF0, 0xF7, 0xFF, 0x02, 0x03, 0xAF, 0x09, 0x0B, 0xAD, 0x0D, 0x03 ; file 060DE7
db 0x02, 0x0A, 0x09, 0x00, 0x67, 0x03, 0x02, 0xD8, 0xF9, 0xD7, 0xFE, 0x05, 0xF5, 0x0D, 0x28, 0x08 ; file 060DF7
db 0x05, 0xDD, 0x05, 0x06, 0xE9, 0x01, 0x0B, 0x73, 0x00, 0x1D, 0xF6, 0x07, 0x63, 0x05, 0xF9, 0xFA ; file 060E07
db 0xC7, 0x04, 0x07, 0x0A, 0x08, 0x58, 0x0F, 0x57, 0x07, 0xE3, 0x07, 0xFC, 0xFF, 0xF6, 0xFB, 0xFE ; file 060E17
db 0x08, 0xF9, 0xF7, 0x04, 0x07, 0xB0, 0x04, 0x1A, 0x02, 0x13, 0x1C, 0x6A, 0x0F, 0x57, 0xF7, 0xF0 ; file 060E27
db 0x0A, 0xCA, 0xFC, 0xBF, 0xF8, 0x05, 0x0B, 0x0E, 0x05, 0xFF, 0x02, 0x6C, 0x02, 0xB6, 0x09, 0xCC ; file 060E37
db 0x09, 0x01, 0x00, 0xC8, 0x06, 0xFC, 0x1F, 0x68, 0x00, 0x77, 0xFB, 0x08, 0x04, 0x03, 0xC1, 0x09 ; file 060E47
db 0xFC, 0x01, 0x02, 0x47, 0x9D, 0xF1, 0x09, 0x1E, 0xFF, 0xF7, 0x01, 0x01, 0x1F, 0x06, 0x3B, 0x08 ; file 060E57
db 0xBE, 0x09, 0x6E, 0xFD, 0x08, 0x02, 0xF6, 0xF8, 0x0D, 0xF0, 0xF4, 0x9D, 0xFE, 0x05, 0x17, 0xFC ; file 060E67
db 0x03, 0x07, 0x05, 0xFB, 0x0D, 0xF4, 0xF9, 0xCF, 0xF8, 0xFB, 0xF0, 0xF5, 0x0B, 0x62, 0x0B, 0x3A ; file 060E77
db 0x0D, 0x0C, 0xF5, 0x00, 0x03, 0x81, 0x08, 0x02, 0x6E, 0x04, 0x07, 0xFB, 0xF8, 0xF7, 0xFA, 0x00 ; file 060E87
db 0x03, 0x00, 0xFF, 0x02, 0x06, 0xFA, 0x02, 0xFD, 0x09, 0x09, 0x35, 0x0A, 0x01, 0xFE, 0xFE, 0xFC ; file 060E97
db 0x02, 0xFF, 0xF5, 0xF5, 0xFD, 0x00, 0x05, 0xF7, 0xFE, 0x04, 0xDB, 0x0B, 0x08, 0x04, 0x70, 0x08 ; file 060EA7
db 0x07, 0x0D, 0xA0, 0x02, 0x07, 0x7F, 0xFA, 0xF5, 0xFA, 0x01, 0x07, 0xFB, 0xF7, 0x03, 0x57, 0xA2 ; file 060EB7
db 0x0B, 0xCA, 0x07, 0x03, 0x38, 0x08, 0x5A, 0x07, 0x20, 0xF0, 0x01, 0x07, 0xFC, 0xFF, 0xFA, 0x06 ; file 060EC7
db 0x0D, 0x0D, 0x07, 0x00, 0x06, 0x07, 0xBB, 0x09, 0x00, 0x04, 0x2D, 0x07, 0x01, 0xF9, 0x02, 0xA1 ; file 060ED7
db 0xFD, 0xFF, 0xF2, 0xFA, 0x00, 0x06, 0xFE, 0xFD, 0x0A, 0x06, 0xEF, 0x07, 0x03, 0x04, 0x08, 0x03 ; file 060EE7
db 0x6E, 0x02, 0xFB, 0xF3, 0xD4, 0x05, 0x26, 0x0D, 0x3D, 0x08, 0x0A, 0x08, 0x02, 0x05, 0xCF, 0xFA ; file 060EF7
db 0xFA, 0xF2, 0x0A, 0x7D, 0xF6, 0x0E, 0x45, 0x00, 0xE7, 0x04, 0x0B, 0x03, 0xFE, 0xAC, 0x0D, 0x6E ; file 060F07
db 0x06, 0x22, 0xFE, 0xFA, 0x0F, 0x1A, 0xF3, 0x0E, 0x83, 0x00, 0xFF, 0xF8, 0x02, 0x0B, 0x0E, 0x0B ; file 060F17
db 0x03, 0x03, 0x07, 0xF8, 0x01, 0xC4, 0x0D, 0x11, 0x04, 0x64, 0xFA, 0x02, 0x01, 0xF6, 0xF5, 0x57 ; file 060F27
db 0xFD, 0x04, 0x01, 0x03, 0x0F, 0x06, 0x07, 0x1D, 0x01, 0x04, 0x3C, 0xF7, 0xFF, 0xF7, 0xF4, 0x05 ; file 060F37
db 0x39, 0xF9, 0x00, 0x06, 0x0C, 0x6F, 0x06, 0x02, 0xFF, 0x04, 0x0D, 0xE0, 0xFB, 0xFC, 0x00, 0xC7 ; file 060F47
db 0x90, 0x0C, 0xAE, 0x14, 0x6E, 0x13, 0xF0, 0x00, 0xCA, 0x00, 0x02, 0x58, 0x0E, 0xC6, 0xF7, 0xEF ; file 060F57
db 0xF2, 0xF7, 0xFD, 0x01, 0x0C, 0xF2, 0x0E, 0x0C, 0x08, 0xB2, 0x0E, 0x1D, 0x06, 0x09, 0x8F, 0x09 ; file 060F67
db 0xFE, 0xFB, 0xF8, 0x05, 0x48, 0xF3, 0x5E, 0x06, 0x32, 0xFE, 0x01, 0x09, 0x0A, 0x01, 0x66, 0x05 ; file 060F77
db 0x07, 0x5B, 0x0B, 0x02, 0xFA, 0x0F, 0x9A, 0x00, 0x05, 0x8B, 0x01, 0x8B, 0x00, 0x56, 0x0C, 0x64 ; file 060F87
db 0x36, 0x1A, 0x3C, 0xF6, 0xF6, 0x00, 0x6D, 0xFB, 0xFB, 0x01, 0x1C, 0x08, 0x5E, 0xFA, 0x01, 0xDA ; file 060F97
db 0x00, 0x09, 0xE7, 0xFB, 0xF7, 0xF6, 0xF2, 0xFA, 0x3D, 0xFF, 0x01, 0x8B, 0x0C, 0x0E, 0x09, 0x07 ; file 060FA7
db 0x09, 0x6A, 0x04, 0xB4, 0xD9, 0xFF, 0x08, 0x1E, 0x07, 0xFD, 0xFD, 0xF8, 0x0A, 0xC7, 0xFE, 0x00 ; file 060FB7
db 0xE7, 0x05, 0x0D, 0x07, 0x0A, 0x32, 0x05, 0x5D, 0x02, 0xFC, 0xF9, 0x3D, 0xF4, 0x0C, 0x1E, 0xFE ; file 060FC7
db 0x02, 0x08, 0x0C, 0x01, 0x01, 0x02, 0xEC, 0xEC, 0x04, 0x7D, 0x01, 0xD7, 0xF6, 0xFC, 0x04, 0x6E ; file 060FD7
db 0xFC, 0xFE, 0x09, 0xF6, 0x03, 0xD9, 0x08, 0x0B, 0x18, 0xC0, 0xFB, 0xF6, 0xFC, 0xF8, 0xDF, 0xF7 ; file 060FE7
db 0xF5, 0xF4, 0xFC, 0xFD, 0x0E, 0x49, 0x0F, 0x0A, 0xE7, 0x0A, 0x06, 0x04, 0x15, 0xF2, 0x0B, 0x00 ; file 060FF7
db 0x01, 0xFC, 0xF9, 0x8E, 0x01, 0xE7, 0xF7, 0xF5, 0x03, 0x0F, 0x4B, 0x02, 0x81, 0x03, 0x7D, 0x02 ; file 061007
db 0xF1, 0xFA, 0x06, 0x21, 0x06, 0x4B, 0x0B, 0xCB, 0x05, 0x0D, 0x06, 0x05, 0xA6, 0x03, 0x96, 0x02 ; file 061017
db 0x02, 0x0C, 0x19, 0x04, 0x3E, 0xF8, 0x06, 0xAF, 0x01, 0xE5, 0xFA, 0x06, 0x34, 0x07, 0x00, 0x75 ; file 061027
db 0x01, 0x48, 0xFE, 0xF6, 0xFA, 0xDF, 0xFB, 0xF6, 0xF8, 0xF2, 0xF7, 0x07, 0x90, 0x05, 0x0C, 0xAF ; file 061037
db 0x0C, 0x0A, 0x0B, 0x04, 0x2A, 0xF9, 0x01, 0x02, 0x5C, 0xFA, 0xF6, 0x0A, 0x74, 0xFC, 0xF3, 0x05 ; file 061047
db 0x9D, 0x05, 0x06, 0x0D, 0x08, 0xFD, 0x03, 0x04, 0xCF, 0xFB, 0xFF, 0x01, 0xF9, 0xFC, 0xF4, 0x1B ; file 061057
db 0xF7, 0xFB, 0x0E, 0xC0, 0x0B, 0x08, 0x01, 0x49, 0x04, 0xCC, 0x07, 0x81, 0xF2, 0x00, 0x86, 0xF8 ; file 061067
db 0x08, 0x62, 0x06, 0x47, 0x04, 0xFE, 0x06, 0x08, 0xFE, 0x02, 0x6F, 0x04, 0xFC, 0xFE, 0xF9, 0xF7 ; file 061077
db 0xFC, 0xF7, 0xFF, 0xF8, 0xF6, 0xF1, 0xFC, 0xF8, 0x01, 0x05, 0x0A, 0x0F, 0x0B, 0x0B, 0x0B, 0x0A ; file 061087
db 0x07, 0xB5, 0x0A, 0x6E, 0x05, 0x41, 0x01, 0x6D, 0x9F, 0xF9, 0xFB, 0xF9, 0xF6, 0x00, 0x07, 0x37 ; file 061097
db 0x01, 0xD8, 0x08, 0x7A, 0x05, 0x0F, 0xFA, 0x01, 0x2D, 0xF9, 0xF3, 0xF9, 0xF7, 0x06, 0x04, 0x17 ; file 0610A7
db 0x0B, 0x05, 0x06, 0x07, 0x86, 0xFE, 0x05, 0x43, 0x0C, 0x74, 0x06, 0x81, 0x7E, 0x05, 0x52, 0xFB ; file 0610B7
db 0x02, 0xFD, 0x02, 0x0B, 0x08, 0x0F, 0x57, 0x7D, 0x01, 0x0B, 0xE4, 0xFB, 0xF9, 0xF7, 0xF9, 0xF2 ; file 0610C7
db 0x0D, 0x44, 0x82, 0x0F, 0x46, 0x0A, 0x00, 0x1D, 0x0F, 0x12, 0x05, 0xE3, 0x03, 0xAC, 0x04, 0xFA ; file 0610D7
db 0xF8, 0x38, 0x09, 0x75, 0x0C, 0xD7, 0x00, 0x9F, 0x05, 0x06, 0xFD, 0x00, 0xC7, 0x0F, 0x46, 0x7F ; file 0610E7
db 0xF6, 0xF4, 0xF8, 0xFA, 0x07, 0x06, 0x0B, 0x00, 0x0E, 0xB0, 0x0D, 0x4C, 0x0B, 0xF2, 0x02, 0x0A ; file 0610F7
db 0x13, 0x01, 0xFE, 0x07, 0x02, 0xAD, 0xFE, 0xBE, 0x01, 0x30, 0x0A, 0x04, 0x04, 0xFB, 0xFC, 0x07 ; file 061107
db 0xEC, 0xF8, 0xD7, 0xF8, 0xF7, 0xF1, 0x15, 0xA0, 0x0A, 0x0C, 0x5E, 0x0C, 0x02, 0xD2, 0x03, 0x10 ; file 061117
db 0x03, 0x03, 0x2D, 0x2E, 0xAC, 0xFB, 0x0D, 0x93, 0xFB, 0x06, 0xC7, 0x08, 0x0A, 0x0B, 0x02, 0xC6 ; file 061127
db 0x04, 0x89, 0x04, 0x0B, 0xFB, 0xF3, 0xA6, 0x05, 0x4C, 0x08, 0x09, 0x0A, 0x24, 0x09, 0x03, 0xFD ; file 061137
db 0x0D, 0x44, 0xFA, 0x97, 0xF4, 0xF8, 0xFC, 0x04, 0x26, 0x02, 0x01, 0xCE, 0x11, 0x1F, 0x0A, 0xFC ; file 061147
db 0x00, 0x33, 0x0B, 0x27, 0xFA, 0xF8, 0xF8, 0xF9, 0xF4, 0xF2, 0xFF, 0xF5, 0xFF, 0x09, 0x0A, 0x08 ; file 061157
db 0x0A, 0x0D, 0x0E, 0x71, 0x06, 0x00, 0xE3, 0x07, 0x61, 0x15, 0xB0, 0xFE, 0xF9, 0xF8, 0x0F, 0xFD ; file 061167
db 0x95, 0xF8, 0x0D, 0xB2, 0x09, 0x0E, 0x42, 0xFE, 0x08, 0x46, 0x09, 0x53, 0xF8, 0xF7, 0xF2, 0xF3 ; file 061177
db 0xFD, 0x0F, 0x82, 0x05, 0x07, 0x07, 0x02, 0xBF, 0xFC, 0xFC, 0x02, 0x08, 0x07, 0xFE, 0x0A, 0x7B ; file 061187
db 0x01, 0xB4, 0x07, 0xB8, 0x0A, 0x5D, 0xF7, 0x06, 0x06, 0x0A, 0x08, 0x03, 0x6F, 0xF8, 0xF7, 0xFA ; file 061197
db 0xFA, 0xF8, 0x0F, 0xC7, 0xF2, 0xF0, 0xFB, 0x06, 0x7F, 0x0B, 0x09, 0x07, 0x0C, 0x0F, 0x0C, 0x02 ; file 0611A7
db 0x08, 0x0F, 0x71, 0x05, 0x0D, 0xC8, 0x00, 0x85, 0x0C, 0xED, 0xFD, 0xF9, 0xF4, 0x0B, 0x89, 0xF8 ; file 0611B7
db 0x0F, 0xAB, 0x19, 0x46, 0x05, 0x30, 0xFC, 0xFB, 0xF5, 0xEF, 0xF8, 0x47, 0x04, 0x0B, 0x0A, 0x0F ; file 0611C7
db 0xAC, 0x0A, 0xB1, 0x0B, 0x6E, 0x04, 0x0D, 0x20, 0xF7, 0x00, 0x00, 0xFA, 0x04, 0xC9, 0x02, 0xF6 ; file 0611D7
db 0xFB, 0x07, 0xE3, 0x0D, 0x0B, 0x07, 0x80, 0x07, 0xA2, 0x02, 0xD8, 0xF9, 0xF8, 0xF6, 0xFF, 0xEF ; file 0611E7
db 0xF3, 0x02, 0x0B, 0x0B, 0x06, 0x09, 0x0F, 0x77, 0x0E, 0x09, 0xFC, 0x05, 0x37, 0x06, 0xFD, 0xFA ; file 0611F7
db 0x00, 0xBA, 0x1E, 0x0C, 0x08, 0xFB, 0xFE, 0xF3, 0xF7, 0x00, 0x08, 0x0E, 0x83, 0x07, 0x98, 0xFD ; file 061207
db 0x05, 0x07, 0x01, 0xFC, 0xFA, 0xEF, 0xF1, 0xFF, 0x09, 0xB7, 0x0C, 0x06, 0x07, 0x0B, 0xCD, 0xFB ; file 061217
db 0xFB, 0x01, 0xE9, 0xFD, 0xE7, 0xF3, 0xF3, 0xFB, 0x04, 0xC3, 0x04, 0x4A, 0xFA, 0xF5, 0x02, 0xFF ; file 061227
db 0x0B, 0x0D, 0x0A, 0x06, 0x09, 0x01, 0xFD, 0xF6, 0xF7, 0xFB, 0xFA, 0xF7, 0x0F, 0x01, 0xF3, 0xEC ; file 061237
db 0xFC, 0x07, 0x7F, 0x0E, 0x07, 0x06, 0x0D, 0x10, 0x0C, 0x03, 0x01, 0xE1, 0xF9, 0x07, 0x12, 0x18 ; file 061247
db 0x0A, 0xB6, 0xF9, 0xF9, 0xFF, 0xF9, 0xF1, 0x7F, 0xFF, 0x07, 0x0C, 0x09, 0x07, 0x0D, 0x01, 0x07 ; file 061257
db 0xF6, 0xFE, 0x07, 0xE2, 0xFC, 0xFB, 0xF6, 0xEC, 0xF9, 0x03, 0x0E, 0xF4, 0x1F, 0x03, 0x0A, 0xB1 ; file 061267
db 0xFF, 0x05, 0xEB, 0xF6, 0xF2, 0xF5, 0x02, 0xF7, 0x01, 0xF8, 0xFF, 0x09, 0xEF, 0xF2, 0xFC, 0x08 ; file 061277
db 0x0D, 0xDB, 0x0D, 0x05, 0x07, 0x42, 0xF9, 0xF6, 0x1D, 0xF0, 0xF6, 0xF9, 0xFF, 0xEB, 0xF4, 0x03 ; file 061287
db 0x0B, 0x0C, 0x05, 0x09, 0x10, 0x63, 0x0D, 0x0A, 0x01, 0x38, 0x0A, 0xE5, 0x09, 0xBE, 0x08, 0xFB ; file 061297
db 0x0F, 0x8F, 0xAF, 0x01, 0xF0, 0xF7, 0x05, 0x0F, 0x68, 0x0C, 0x00, 0x73, 0xFB, 0xFD, 0x08, 0x1F ; file 0612A7
db 0x03, 0xFB, 0xEE, 0xF1, 0x00, 0x09, 0x0E, 0xB1, 0x04, 0x0F, 0x57, 0x0A, 0x3D, 0x00, 0xC1, 0xFB ; file 0612B7
db 0xF2, 0x05, 0x75, 0xFB, 0xFE, 0x08, 0x0E, 0x0A, 0xF8, 0xF5, 0x03, 0x0B, 0x0E, 0x09, 0xB6, 0x1F ; file 0612C7
db 0x57, 0xF5, 0xFC, 0x3F, 0x57, 0xEB, 0xFD, 0x5F, 0x57, 0xF8, 0xDA, 0x06, 0xF1, 0x02, 0x0E, 0x0B ; file 0612D7
db 0x0A, 0x00, 0x0F, 0x3E, 0x01, 0xF8, 0x7B, 0xF0, 0x00, 0x1F, 0x57, 0x0E, 0x00, 0x03, 0xFB, 0x05 ; file 0612E7
db 0xC5, 0xFE, 0x01, 0xC4, 0xF6, 0xEB, 0xFA, 0x03, 0x0F, 0x08, 0x05, 0xFC, 0x06, 0xF0, 0x09, 0x0B ; file 0612F7
db 0x05, 0x0D, 0x04, 0xF5, 0xF1, 0xF5, 0xED, 0x03, 0x3F, 0x57, 0xF1, 0xFD, 0x3F, 0x57, 0xFF, 0xF9 ; file 061307
db 0xF7, 0xF6, 0xBF, 0x57, 0x0E, 0x0A, 0x03, 0xAB, 0x04, 0x08, 0xFB, 0xFA, 0x17, 0xF9, 0x03, 0x07 ; file 061317
db 0x09, 0xF6, 0xFB, 0x5F, 0x57, 0x03, 0xED, 0x0F, 0x57, 0xBE, 0x08, 0x02, 0xFB, 0xED, 0xF2, 0xFF ; file 061327
db 0x0A, 0x7F, 0x57, 0x0A, 0xF9, 0xFC, 0xFF, 0x57, 0x7F, 0x57, 0xFE, 0x06, 0x0E, 0x07, 0x07, 0xCF ; file 061337
db 0x0D, 0x0F, 0x0D, 0x02, 0x00, 0x8F, 0x07, 0x4F, 0xFA, 0xFB, 0xBB, 0x09, 0x00, 0x0D, 0xEC, 0x00 ; file 061347
db 0xF8, 0xF1, 0x2F, 0x57, 0x0D, 0xF3, 0x01, 0x02, 0x03, 0xF2, 0x11, 0x2F, 0xF5, 0xEC, 0xFA, 0x04 ; file 061357
db 0xD1, 0x0E, 0x07, 0x81, 0x0F, 0x57, 0x01, 0x95, 0x0B, 0x6E, 0xAE, 0x08, 0x02, 0xC6, 0x0D, 0x98 ; file 061367
db 0x0C, 0x0D, 0x1F, 0xE8, 0x0C, 0x60, 0x0E, 0x73, 0xF7, 0xF8, 0xE1, 0xEC, 0x5F, 0x57, 0x0E, 0xC9 ; file 061377
db 0x2E, 0xAE, 0x2E, 0x05, 0xF9, 0xFC, 0xFE, 0x9F, 0xF2, 0xF8, 0x04, 0x0A, 0x0B, 0x0B, 0xDF, 0x05 ; file 061387
db 0x9D, 0x06, 0xFE, 0x0A, 0xCA, 0xFB, 0xFA, 0xEF, 0xF2, 0xFF, 0x09, 0x0D, 0x79, 0x06, 0x00, 0xF2 ; file 061397
db 0x1E, 0x05, 0x0A, 0x08, 0xFC, 0xF3, 0x08, 0xBA, 0xFE, 0x00, 0xC4, 0x05, 0x06, 0xFA, 0xF6, 0x03 ; file 0613A7
db 0x0B, 0x0D, 0xF2, 0x07, 0x67, 0x02, 0x02, 0x75, 0x1E, 0x05, 0xF7, 0xF2, 0xEF, 0xFC, 0x83, 0x07 ; file 0613B7
db 0x0C, 0x0C, 0x76, 0x0D, 0x5C, 0x03, 0xBC, 0x0D, 0x03, 0x04, 0x9C, 0x01, 0x3B, 0xF9, 0xF8, 0x06 ; file 0613C7
db 0x95, 0xF4, 0xFF, 0x07, 0x0D, 0x5C, 0x04, 0x41, 0xFC, 0x06, 0x4A, 0x0D, 0xB1, 0xFB, 0xF3, 0xF0 ; file 0613D7
db 0xF9, 0x04, 0x0C, 0xF9, 0x09, 0x0F, 0xAB, 0x0D, 0xA2, 0xFE, 0x07, 0x09, 0x03, 0xF7, 0x75, 0xF3 ; file 0613E7
db 0x03, 0x60, 0xFB, 0x08, 0xB0, 0x00, 0xF7, 0xFC, 0x0D, 0x5C, 0xCF, 0x07, 0x08, 0x04, 0xFF, 0x0A ; file 0613F7
db 0x11, 0x1D, 0x07, 0xF4, 0xF1, 0x5F, 0xF4, 0x02, 0x0B, 0x0A, 0x07, 0x0D, 0x5C, 0x06, 0x0A, 0x29 ; file 061407
db 0xB3, 0x04, 0x04, 0x03, 0xCA, 0x04, 0xB8, 0xF9, 0xF9, 0x0A, 0xDC, 0xF9, 0x71, 0x03, 0x2C, 0xB3 ; file 061417
db 0x02, 0xAB, 0x12, 0x12, 0xFC, 0xF7, 0xF1, 0x12, 0x29, 0xFE, 0x09, 0x55, 0x06, 0x01, 0xFD, 0xFB ; file 061427
db 0x03, 0x09, 0x06, 0xD7, 0xFD, 0xF4, 0xF5, 0x1C, 0x5F, 0xFF, 0x0C, 0xA4, 0xFA, 0x01, 0xBF, 0x0B ; file 061437
db 0x0B, 0x09, 0x09, 0x05, 0x02, 0x0E, 0x71, 0xFA, 0x6C, 0x0F, 0x03, 0x0F, 0xD6, 0xFB, 0x07, 0x0C ; file 061447
db 0x5E, 0x0C, 0x0E, 0x09, 0x2B, 0xD8, 0x00, 0x71, 0x0A, 0xBB, 0x01, 0xAD, 0xFA, 0xF8, 0x0D, 0xA9 ; file 061457
db 0xF8, 0xFD, 0xF6, 0x0F, 0xE7, 0x0A, 0x06, 0x00, 0xDC, 0x00, 0xFF, 0xFF, 0xFA, 0xDF, 0xFD, 0xFA ; file 061467
db 0xF2, 0xF5, 0xF7, 0x0B, 0xF9, 0x07, 0x06, 0xD8, 0x0B, 0x61, 0x01, 0x2C, 0x09, 0x3F, 0xF4, 0xF9 ; file 061477
db 0x00, 0x32, 0xFE, 0x04, 0x6F, 0x05, 0xFD, 0xFC, 0xFD, 0x0B, 0x74, 0x09, 0x06, 0x0F, 0x57, 0xBB ; file 061487
db 0xFA, 0xF8, 0x0A, 0xA4, 0xF9, 0xF1, 0xF5, 0x03, 0x60, 0x09, 0xA5, 0x09, 0x0C, 0x0A, 0x03, 0x0B ; file 061497
db 0x69, 0x05, 0xC7, 0xFA, 0x0C, 0x1B, 0xFD, 0x33, 0xFA, 0xF9, 0x03, 0x05, 0x08, 0xBF, 0x08, 0x0C ; file 0614A7
db 0x0D, 0x6E, 0x1B, 0x61, 0xAA, 0x05, 0x5D, 0xF4, 0x17, 0x24, 0x07, 0x0F, 0x9B, 0x06, 0x0A, 0x15 ; file 0614B7
db 0x04, 0x4F, 0x06, 0x03, 0xFD, 0xF7, 0x0A, 0x7D, 0x00, 0x84, 0x08, 0x01, 0x01, 0x35, 0x00, 0x0B ; file 0614C7
db 0xE1, 0x09, 0x00, 0x8A, 0xFD, 0xF7, 0x00, 0x5D, 0x07, 0x6A, 0x9E, 0x2B, 0x37, 0x0A, 0x0B, 0x0D ; file 0614D7
db 0x08, 0x01, 0x63, 0x05, 0x73, 0xFF, 0xEB, 0xFA, 0x03, 0x03, 0x9A, 0xF8, 0x07, 0x4F, 0xFD, 0xFC ; file 0614E7
db 0x07, 0xBF, 0x06, 0x0C, 0x0A, 0x03, 0x09, 0xFD, 0x04, 0xE1, 0x01, 0x3D, 0xFA, 0x0B, 0xB6, 0xFA ; file 0614F7
db 0xF9, 0x05, 0x04, 0x0B, 0xCF, 0x00, 0x83, 0x7F, 0x01, 0xFF, 0x06, 0x03, 0xFF, 0xFB, 0xF7, 0x01 ; file 061507
db 0xA3, 0x19, 0x02, 0x0E, 0x80, 0x04, 0x93, 0x05, 0x0A, 0x09, 0xBB, 0x06, 0x0A, 0x1F, 0xEC, 0x5F ; file 061517
db 0xF7, 0xF8, 0xF0, 0xF9, 0xF9, 0x04, 0xB3, 0x0C, 0x0A, 0x63, 0xE8, 0x05, 0xDE, 0x03, 0x41, 0x0A ; file 061527
db 0x64, 0xFE, 0x07, 0x7C, 0xFB, 0xFA, 0xF4, 0xCA, 0x05, 0x5A, 0x07, 0x02, 0x8D, 0x06, 0x05, 0x14 ; file 061537
db 0x06, 0x5E, 0xFB, 0xFA, 0x46, 0x0F, 0xAC, 0xFF, 0x04, 0x08, 0xBE, 0x06, 0x0A, 0x04, 0x44, 0x03 ; file 061547
db 0x01, 0x3C, 0x7C, 0x0A, 0xE8, 0x10, 0xE7, 0xF9, 0x03, 0x02, 0x00, 0x08, 0x19, 0xBB, 0xFE, 0x09 ; file 061557
db 0x5C, 0xF7, 0xF9, 0xFB, 0xF6, 0xF9, 0xF2, 0xF5, 0x92, 0x0E, 0x8D, 0x05, 0x0B, 0xF7, 0x0F, 0x98 ; file 061567
db 0x03, 0x02, 0x4F, 0x09, 0xBB, 0x01, 0x2D, 0xF9, 0x0E, 0xBF, 0xFC, 0xF4, 0x0A, 0x07, 0x04, 0x49 ; file 061577
db 0xBB, 0x18, 0xBE, 0x27, 0xFB, 0xF4, 0xF6, 0x09, 0x0B, 0x0D, 0x10, 0x05, 0x09, 0x1F, 0x02, 0x8E ; file 061587
db 0xCD, 0xFE, 0x10, 0xB6, 0xF7, 0xFC, 0x09, 0x05, 0x0E, 0xB0, 0x01, 0x03, 0xC1, 0x07, 0x19, 0x12 ; file 061597
db 0x05, 0xF2, 0x1A, 0x0F, 0x06, 0x6D, 0x03, 0xF8, 0x08, 0x0E, 0x8D, 0x0B, 0x09, 0x12, 0x05, 0x01 ; file 0615A7
db 0x1A, 0x36, 0x19, 0x12, 0x0A, 0xD7, 0xF6, 0x1D, 0xF6, 0x02, 0xB3, 0x04, 0x09, 0x0C, 0x09, 0x12 ; file 0615B7
db 0x04, 0x38, 0x0E, 0xEC, 0x3B, 0xF7, 0xF4, 0x12, 0x2F, 0x05, 0x0C, 0x07, 0x03, 0x3B, 0x05, 0x56 ; file 0615C7
db 0xBD, 0xFF, 0x0A, 0x68, 0xFD, 0xF8, 0xF6, 0x04, 0x0C, 0xE9, 0xFA, 0x3E, 0x02, 0xC5, 0x05, 0x06 ; file 0615D7
db 0x0B, 0x07, 0x02, 0x08, 0xAB, 0x0F, 0x57, 0x5E, 0x38, 0x69, 0xFE, 0x05, 0x0C, 0x0D, 0x08, 0x56 ; file 0615E7
db 0x05, 0x58, 0x69, 0xFB, 0xF8, 0xFE, 0x05, 0x55, 0xF4, 0xFD, 0x04, 0xFF, 0x00, 0x3E, 0x04, 0x60 ; file 0615F7
db 0x05, 0x03, 0x05, 0x02, 0xFD, 0x0E, 0x59, 0x01, 0x3D, 0xE0, 0x08, 0x77, 0x18, 0x69, 0x0F, 0x30 ; file 061607
db 0x00, 0x0D, 0x04, 0x27, 0x00, 0xF9, 0xF5, 0x6D, 0xFD, 0x0F, 0xE3, 0xFA, 0x00, 0x0A, 0x94, 0x05 ; file 061617
db 0x09, 0x02, 0x63, 0xBC, 0x08, 0x97, 0x06, 0x86, 0xF6, 0xF2, 0xF8, 0xFE, 0x0A, 0x18, 0x08, 0xC9 ; file 061627
db 0x10, 0x0F, 0x99, 0x19, 0xE2, 0xFD, 0x06, 0xDE, 0x0D, 0x42, 0x01, 0x00, 0x7F, 0xFB, 0xF2, 0xFB ; file 061637
db 0x02, 0x03, 0xFD, 0x02, 0x0E, 0x06, 0xC9, 0x02, 0x05, 0x5F, 0x01, 0x8D, 0xF8, 0x01, 0x67, 0x02 ; file 061647
db 0x5F, 0x04, 0x0C, 0xE5, 0x08, 0x0E, 0xDC, 0x04, 0x06, 0x53, 0x03, 0x4B, 0xFD, 0xF6, 0xF7, 0x7A ; file 061657
db 0x00, 0x0C, 0xF7, 0x05, 0xC5, 0x01, 0x00, 0x07, 0x09, 0x09, 0x4F, 0xF0, 0x07, 0xEE, 0x07, 0xC0 ; file 061667
db 0x0E, 0xAF, 0x03, 0x6E, 0x04, 0x0D, 0x0E, 0x09, 0xF3, 0x01, 0x05, 0x06, 0xD7, 0x06, 0xC3, 0x04 ; file 061677
db 0x03, 0xFB, 0xF8, 0xEF, 0xFC, 0x02, 0xFF, 0xF3, 0x0A, 0xD5, 0x00, 0xFD, 0x08, 0xFE, 0x0D, 0x87 ; file 061687
db 0x01, 0x0A, 0xFD, 0xFF, 0xFC, 0x00, 0xFE, 0x37, 0xF4, 0xF5, 0xFD, 0x0B, 0x73, 0x02, 0x07, 0x00 ; file 061697
db 0xAB, 0x06, 0x6E, 0xFE, 0x00, 0x6C, 0xFD, 0x03, 0x03, 0xF7, 0xF6, 0xFD, 0x04, 0x7F, 0x05, 0xF7 ; file 0616A7
db 0xFB, 0x03, 0x0B, 0x06, 0xFE, 0x06, 0x5B, 0xFA, 0x08, 0x7E, 0xFE, 0x05, 0x89, 0xFA, 0xF3, 0xF2 ; file 0616B7
db 0xFC, 0x00, 0x7F, 0x03, 0xF8, 0x00, 0x08, 0x0F, 0x0C, 0x03, 0x03, 0x38, 0xED, 0x08, 0x06, 0xED ; file 0616C7
db 0x01, 0x08, 0x04, 0xC8, 0xFF, 0x03, 0xF7, 0xFD, 0xF4, 0x0C, 0x52, 0xFB, 0x01, 0x0B, 0x04, 0x08 ; file 0616D7
db 0xFF, 0x74, 0x00, 0xE4, 0x06, 0x1A, 0xF7, 0x05, 0x1C, 0x05, 0xFA, 0xFC, 0x02, 0xFC, 0xF3, 0x00 ; file 0616E7
db 0xFF, 0x0A, 0xB4, 0x04, 0xA3, 0x01, 0x06, 0xFD, 0xF5, 0xFF, 0xFA, 0xFF, 0x08, 0xFD, 0xF5, 0x02 ; file 0616F7
db 0x06, 0x0C, 0xE3, 0x02, 0xFD, 0x03, 0x1E, 0x02, 0x2C, 0x06, 0x1A, 0xF9, 0xF8, 0xEF, 0xEA, 0x0F ; file 061707
db 0xC0, 0xFE, 0x0C, 0x33, 0x0E, 0x07, 0xDA, 0x07, 0x0A, 0x03, 0xFE, 0x0B, 0x7A, 0x08, 0x02, 0xF9 ; file 061717
db 0xFA, 0xFA, 0x04, 0xFE, 0xC7, 0xF2, 0xFB, 0x00, 0x09, 0x01, 0x0A, 0xCA, 0x0A, 0x84, 0xFC, 0x00 ; file 061727
db 0xDA, 0x15, 0x71, 0xFA, 0x0F, 0x46, 0xF8, 0x00, 0x15, 0x71, 0x02, 0x06, 0xFF, 0x09, 0x03, 0xF6 ; file 061737
db 0xF9, 0xFD, 0x06, 0x03, 0xF7, 0x8C, 0x15, 0x71, 0x0E, 0xAA, 0x0A, 0x09, 0x01, 0x3B, 0x21, 0xD1 ; file 061747
db 0x0A, 0x64, 0xFB, 0xFD, 0xF0, 0x04, 0xF2, 0x03, 0xF8, 0xFE, 0x09, 0x0C, 0x0D, 0xEA, 0x01, 0xF8 ; file 061757
db 0x09, 0x24, 0xC8, 0x07, 0x08, 0xF8, 0xFE, 0x04, 0xF6, 0xED, 0xF6, 0x06, 0x9B, 0xFB, 0x02, 0x04 ; file 061767
db 0xC8, 0x00, 0x0A, 0x02, 0x7E, 0x05, 0xC5, 0x01, 0xF6, 0xF4, 0xFF, 0x03, 0x05, 0x13, 0x8A, 0x35 ; file 061777
db 0x09, 0x04, 0xC8, 0x08, 0x1A, 0x96, 0x02, 0x08, 0x09, 0x77, 0x44, 0xC8, 0xB1, 0x02, 0x07, 0xAF ; file 061787
db 0x06, 0xB8, 0x07, 0xD7, 0xF7, 0xF9, 0x07, 0x6D, 0x01, 0xEE, 0x1F, 0x57, 0x0A, 0x0E, 0x05, 0x05 ; file 061797
db 0xAF, 0x0A, 0x03, 0xF8, 0x6C, 0x06, 0xA2, 0x14, 0xC8, 0x05, 0xFC, 0x04, 0x1F, 0x06, 0x02, 0x02 ; file 0617A7
db 0xDA, 0x39, 0x07, 0x05, 0x84, 0x14, 0x1F, 0xFD, 0xF2, 0xFD, 0x01, 0x9B, 0x09, 0x6E, 0x3E, 0x01 ; file 0617B7
db 0x7F, 0x04, 0x08, 0x08, 0x01, 0xF6, 0x03, 0x76, 0x1F, 0x2D, 0xE0, 0x14, 0x1F, 0x0B, 0xCA, 0x0A ; file 0617C7
db 0x95, 0x06, 0x30, 0x0D, 0x9B, 0xFB, 0xF7, 0xF8, 0x7B, 0xF1, 0xF8, 0x06, 0xF9, 0xFA, 0xFD, 0x08 ; file 0617D7
db 0x0B, 0x03, 0x76, 0xD3, 0x06, 0x0B, 0x01, 0x8B, 0x03, 0x76, 0xFC, 0x04, 0x1F, 0x03, 0xF6, 0x05 ; file 0617E7
db 0xFA, 0x05, 0xF2, 0xFD, 0x01, 0xFC, 0x12, 0x78, 0x03, 0x76, 0x0C, 0x1D, 0x01, 0x58, 0x5A, 0x12 ; file 0617F7
db 0x79, 0x08, 0x05, 0x1D, 0x0A, 0x05, 0x15, 0x76, 0x07, 0x08, 0x91, 0x8F, 0xFE, 0x05, 0xF8, 0xFA ; file 061807
db 0x07, 0x02, 0x00, 0xD8, 0x00, 0x41, 0x01, 0xF4, 0x07, 0x61, 0x08, 0xC0, 0xF5, 0x00, 0xBF, 0xFE ; file 061817
db 0xFA, 0x03, 0x08, 0x87, 0x0D, 0x02, 0x00, 0x0A, 0x76, 0x08, 0xC0, 0x02, 0xCD, 0x0E, 0xAE, 0x02 ; file 061827
db 0x13, 0xFB, 0xF8, 0x0F, 0xDA, 0x00, 0x6F, 0x03, 0x13, 0x22, 0x06, 0x5A, 0x06, 0x43, 0xF0, 0x0E ; file 061837
db 0x1A, 0x0B, 0x5B, 0x00, 0x3D, 0x03, 0x4C, 0x08, 0xFF, 0xF6, 0xF6, 0xFD, 0xFF, 0x01, 0x21, 0xFB ; file 061847
db 0xFB, 0x03, 0xFD, 0xF8, 0xFF, 0x9F, 0x08, 0x08, 0x0A, 0xFF, 0xFF, 0x07, 0x30, 0x05, 0x70, 0xFD ; file 061857
db 0xB4, 0x05, 0xE1, 0x07, 0xA9, 0x04, 0x05, 0x70, 0x06, 0x0A, 0x15, 0x5A, 0x0C, 0x7C, 0x01, 0x50 ; file 061867
db 0x0E, 0x84, 0xFD, 0xF9, 0xFA, 0xFD, 0x00, 0x00, 0xFB, 0x3E, 0x02, 0x24, 0xFE, 0xFF, 0x06, 0x02 ; file 061877
db 0x07, 0x07, 0x57, 0x00, 0x3A, 0xCE, 0x0E, 0x15, 0x07, 0x00, 0xFF, 0x02, 0x9E, 0x02, 0x91, 0x07 ; file 061887
db 0x09, 0xBB, 0x04, 0xFA, 0x22, 0x24, 0xFC, 0xFA, 0xFF, 0x01, 0xF1, 0x03, 0x1C, 0x0A, 0xBD, 0x0F ; file 061897
db 0xAB, 0x01, 0x03, 0x01, 0x0F, 0xAB, 0x0A, 0x12, 0x02, 0xFC, 0x3A, 0x05, 0xFC, 0x01, 0x0A, 0x41 ; file 0618A7
db 0x01, 0x04, 0x0B, 0x01, 0x50, 0x00, 0xA8, 0x6D, 0x00, 0x41, 0x7B, 0x03, 0x02, 0x04, 0xCF, 0x03 ; file 0618B7
db 0x03, 0x03, 0x20, 0x88, 0x02, 0x1C, 0x03, 0x9F, 0x0E, 0x15, 0x00, 0x0F, 0xE0, 0x00, 0xDC, 0x01 ; file 0618C7
db 0xA1, 0xFE, 0x37, 0xF7, 0xF6, 0x00, 0x04, 0x6A, 0xFB, 0xFC, 0x01, 0xB5, 0x0D, 0x0C, 0xBF, 0x07 ; file 0618D7
db 0x04, 0xFC, 0x00, 0x02, 0x01, 0x16, 0x01, 0xFB, 0xE7, 0xF8, 0xF2, 0xF6, 0x02, 0xC0, 0x02, 0x9A ; file 0618E7
db 0x03, 0x08, 0x05, 0x01, 0x02, 0x1D, 0x2D, 0x0B, 0xBB, 0x0B, 0xF0, 0x01, 0x7B, 0x00, 0x06, 0x05 ; file 0618F7
db 0x8E, 0x0C, 0xBA, 0x29, 0x04, 0x10, 0xD2, 0x02, 0x4D, 0xF6, 0x04, 0x2F, 0x07, 0x05, 0x6A, 0x0D ; file 061907
db 0x12, 0x1D, 0x03, 0x07, 0x6F, 0x01, 0xFB, 0xF5, 0x02, 0x5C, 0x01, 0x95, 0x09, 0xF6, 0x5F, 0xFE ; file 061917
db 0x03, 0x0A, 0x06, 0x08, 0x05, 0x98, 0xFF, 0x01, 0xA7, 0x9F, 0x01, 0xFD, 0xFA, 0xF4, 0xF2, 0x02 ; file 061927
db 0xF8, 0x00, 0x29, 0xFE, 0x21, 0x05, 0x04, 0xE2, 0x03, 0x47, 0x01, 0x70, 0x04, 0xAE, 0xFD, 0x10 ; file 061937
db 0x29, 0x06, 0xCE, 0x32, 0x00, 0x48, 0xF8, 0x00, 0x29, 0x0B, 0xD9, 0xFE, 0xFF, 0x01, 0xD1, 0x03 ; file 061947
db 0x5C, 0x6A, 0x1F, 0x02, 0x01, 0x0C, 0x61, 0x09, 0x01, 0xAB, 0xF7, 0x01, 0x01, 0x35, 0x92, 0x04 ; file 061957
db 0x8B, 0xF9, 0x07, 0xDF, 0x07, 0xFF, 0xFC, 0x01, 0xA3, 0x0C, 0x09, 0xFF, 0xA1, 0xFC, 0x0D, 0x09 ; file 061967
db 0x0C, 0x99, 0x04, 0x80, 0x0D, 0x1C, 0x05, 0x03, 0x07, 0x04, 0xD9, 0x02, 0x02, 0xD3, 0x14, 0x9B ; file 061977
db 0xFC, 0xF7, 0x01, 0xAF, 0x03, 0x00, 0xED, 0x07, 0x06, 0xE4, 0x03, 0x0A, 0x0F, 0x7F, 0xFD, 0xFE ; file 061987
db 0xF4, 0x09, 0xFD, 0x0D, 0x5D, 0x0C, 0x09, 0xFA, 0x0A, 0x69, 0x10, 0x7E, 0x0B, 0x12, 0x0B, 0x08 ; file 061997
db 0xFF, 0x01, 0xFB, 0xFE, 0xF6, 0xFE, 0x01, 0x03, 0x09, 0x43, 0x05, 0x08, 0x08, 0xD5, 0x03, 0x16 ; file 0619A7
db 0x02, 0xD5, 0x07, 0xFE, 0xFE, 0x09, 0xC8, 0xF3, 0xFF, 0x02, 0x03, 0x36, 0x03, 0xE3, 0x0A, 0x07 ; file 0619B7
db 0x02, 0x00, 0x5D, 0xFB, 0x00, 0x3D, 0xFF, 0xF9, 0xFF, 0x0D, 0xEE, 0x00, 0x0A, 0x6C, 0xCF, 0x05 ; file 0619C7
db 0xF6, 0x01, 0xFF, 0x07, 0x95, 0x0E, 0x7C, 0xF8, 0xF4, 0xB7, 0x04, 0xFF, 0x07, 0x0D, 0xD0, 0xF9 ; file 0619D7
db 0xFE, 0x02, 0x26, 0x06, 0x89, 0x0A, 0x02, 0x99, 0x0A, 0x69, 0x02, 0x04, 0x78, 0x04, 0x1C, 0x02 ; file 0619E7
db 0xBE, 0x05, 0x73, 0x09, 0xFB, 0x15, 0xDC, 0x05, 0x9B, 0xFC, 0xF8, 0xEE, 0x0C, 0x0C, 0x9F, 0x01 ; file 0619F7
db 0xFF, 0x02, 0x00, 0xFE, 0x04, 0x09, 0x02, 0x24, 0x04, 0xEE, 0x06, 0x83, 0x00, 0xFD, 0x01, 0x06 ; file 061A07
db 0x2E, 0xF5, 0x05, 0x03, 0x9D, 0x01, 0x0A, 0x3A, 0xFB, 0xFB, 0xFE, 0x13, 0x45, 0x09, 0x21, 0xF2 ; file 061A17
db 0x54, 0x0B, 0x6C, 0x03, 0xDE, 0xFE, 0x03, 0x71, 0x08, 0x0F, 0x03, 0xFE, 0x00, 0x2F, 0xDD, 0x00 ; file 061A27
db 0x0E, 0x58, 0xFE, 0xFB, 0xF3, 0x05, 0x3C, 0x07, 0x04, 0x65, 0x09, 0x00, 0x22, 0xFF, 0x00, 0x09 ; file 061A37
db 0x0A, 0xE2, 0xF0, 0xF6, 0x0E, 0xDF, 0x53, 0xFF, 0x01, 0x0E, 0x48, 0x12, 0xA5, 0x09, 0x0F, 0xB7 ; file 061A47
db 0xFF, 0x14, 0x21, 0xEE, 0x05, 0xC9, 0xFE, 0x06, 0x03, 0x02, 0xE6, 0x04, 0xF8, 0xFC, 0xFC, 0x01 ; file 061A57
db 0x28, 0x03, 0xDE, 0xFD, 0xF7, 0xF6, 0x05, 0x03, 0x04, 0x3C, 0x03, 0x8A, 0x0D, 0xE9, 0x03, 0x09 ; file 061A67
db 0x08, 0x07, 0x04, 0x35, 0x04, 0x78, 0xE5, 0x02, 0x04, 0x78, 0xF3, 0x09, 0x52, 0x02, 0xE7, 0x09 ; file 061A77
db 0xFC, 0xF9, 0x1C, 0x0D, 0xD9, 0x02, 0x77, 0xFD, 0xF7, 0xEF, 0x07, 0xE5, 0x09, 0xA5, 0x03, 0x0A ; file 061A87
db 0x1F, 0xFF, 0x07, 0x05, 0x08, 0x05, 0x0D, 0xD5, 0x04, 0xF6, 0x03, 0xCA, 0x7B, 0xF7, 0xF6, 0x23 ; file 061A97
db 0x3B, 0x06, 0xFC, 0xFA, 0xFB, 0x04, 0x30, 0xD2, 0x0E, 0x81, 0xFA, 0x07, 0xB3, 0x10, 0x49, 0xFF ; file 061AA7
db 0x07, 0xFB, 0x08, 0x0A, 0xF1, 0x08, 0x09, 0x57, 0x08, 0x6E, 0x0F, 0xED, 0x00, 0xF7, 0xF3, 0x01 ; file 061AB7
db 0x3E, 0x12, 0xAA, 0x08, 0x03, 0xF9, 0xF9, 0x00, 0x09, 0x5F, 0x08, 0xD3, 0x13, 0xF1, 0xF9, 0x0E ; file 061AC7
db 0x74, 0x2F, 0xCC, 0xFC, 0x01, 0x53, 0x0F, 0xAC, 0x0E, 0x4C, 0xDB, 0xFB, 0xFE, 0x08, 0xBA, 0xF3 ; file 061AD7
db 0xFF, 0x07, 0x74, 0x01, 0x04, 0xF3, 0x01, 0xFB, 0x0A, 0xC7, 0x02, 0xE0, 0x03, 0xFB, 0xF7, 0xF9 ; file 061AE7
db 0xF4, 0x01, 0x87, 0x03, 0x6C, 0xFC, 0x0B, 0xBE, 0x0C, 0x09, 0x04, 0xFE, 0xFB, 0xFC, 0xFD, 0x09 ; file 061AF7
db 0xBC, 0x03, 0x08, 0x03, 0xFB, 0xF2, 0x7E, 0x03, 0xB6, 0x03, 0x04, 0x05, 0x07, 0xFF, 0xF5, 0x01 ; file 061B07
db 0xBF, 0xC8, 0x09, 0x04, 0x07, 0xAA, 0x0D, 0x6D, 0xFF, 0x0C, 0x50, 0x0F, 0x9A, 0x06, 0x09, 0xFA ; file 061B17
db 0x0A, 0x25, 0x02, 0x01, 0xCD, 0xFB, 0x00, 0x01, 0xFD, 0xF4, 0xD9, 0xF9, 0x00, 0x9B, 0x0D, 0x51 ; file 061B27
db 0x00, 0xF7, 0x05, 0x0F, 0x04, 0x00, 0x7F, 0x04, 0xFF, 0xF7, 0xF9, 0xFF, 0x0A, 0x04, 0x0C, 0xD0 ; file 061B37
db 0x3F, 0x00, 0xF8, 0xF5, 0xFF, 0x08, 0x0C, 0x01, 0xA7, 0x02, 0x01, 0xFE, 0x0D, 0x0F, 0x06, 0x02 ; file 061B47
db 0xF3, 0xF4, 0x02, 0x09, 0x04, 0xCE, 0x09, 0xEC, 0x04, 0xF9, 0xF7, 0x0D, 0x96, 0x0C, 0xB2, 0xF7 ; file 061B57
db 0xF5, 0xB3, 0xFB, 0x03, 0x03, 0x00, 0x0B, 0x53, 0xF3, 0xFC, 0x0D, 0xDC, 0x02, 0x07, 0x03, 0x03 ; file 061B67
db 0x06, 0x05, 0x4B, 0x00, 0xB7, 0x0C, 0x2D, 0x0A, 0x3C, 0x0E, 0xE7, 0x9F, 0xFD, 0xF5, 0x05, 0x02 ; file 061B77
db 0x03, 0x0C, 0xDA, 0x06, 0x5E, 0x06, 0xF7, 0x0A, 0xFE, 0x02, 0x06, 0x0E, 0xF2, 0xFA, 0x03, 0x0D ; file 061B87
db 0x6D, 0x09, 0x02, 0xFC, 0xFF, 0x02, 0x0B, 0x8A, 0x07, 0x07, 0x0A, 0x4D, 0xBA, 0x03, 0xBA, 0x02 ; file 061B97
db 0x02, 0x28, 0xF5, 0xFB, 0x01, 0x0C, 0x13, 0x00, 0xD6, 0x08, 0x85, 0xFF, 0x06, 0x00, 0x5B, 0x04 ; file 061BA7
db 0x00, 0x3B, 0x01, 0x06, 0xED, 0x0B, 0x0C, 0x5C, 0x04, 0x0A, 0x06, 0xC3, 0xFE, 0x05, 0xF9, 0x2F ; file 061BB7
db 0xF5, 0xFC, 0x05, 0x0B, 0x00, 0xEB, 0xFD, 0x0A, 0x87, 0x09, 0x37, 0x3F, 0x00, 0x03, 0xFF, 0xF5 ; file 061BC7
db 0xFF, 0xFF, 0x03, 0x01, 0x1F, 0x57, 0xCF, 0xF2, 0x00, 0x08, 0x0E, 0x09, 0x01, 0x0F, 0xE3, 0xF9 ; file 061BD7
db 0x01, 0xFF, 0x06, 0x0A, 0xFF, 0xF2, 0xF8, 0x01, 0x0A, 0x05, 0xCE, 0x07, 0xB2, 0x04, 0xF9, 0xF6 ; file 061BE7
db 0x03, 0xA3, 0x0B, 0x37, 0xF5, 0xFB, 0xF9, 0xFD, 0x01, 0x4A, 0x08, 0xF0, 0xFF, 0xF0, 0xFC, 0x02 ; file 061BF7
db 0x0B, 0xEE, 0x05, 0x33, 0x04, 0x0A, 0x05, 0x0C, 0x22, 0x02, 0x01, 0xF4, 0x27, 0xFA, 0x00, 0x0B ; file 061C07
db 0x00, 0xAA, 0x0B, 0x92, 0xF7, 0x00, 0x90, 0x0D, 0x51, 0xDF, 0xF7, 0xFC, 0xFF, 0x07, 0x09, 0x2F ; file 061C17
db 0x46, 0xF1, 0xFA, 0xEF, 0x03, 0x0E, 0x08, 0xFD, 0x1B, 0xEC, 0xF8, 0xFD, 0x04, 0xBF, 0x09, 0x06 ; file 061C27
db 0xF6, 0xF6, 0xFD, 0x06, 0x01, 0x28, 0x05, 0xD3, 0x02, 0x01, 0x09, 0xAF, 0x1F, 0x57, 0xF9, 0x04 ; file 061C37
db 0x82, 0x05, 0xFF, 0x3F, 0x00, 0x05, 0x04, 0x02, 0xF4, 0xF4, 0x04, 0x87, 0x19, 0x3A, 0xFD, 0x09 ; file 061C47
db 0x07, 0x1D, 0xFE, 0x05, 0xF7, 0xF8, 0xFF, 0x04, 0x0B, 0x0B, 0x02, 0x0D, 0xF9, 0x01, 0x08, 0x5E ; file 061C57
db 0x0E, 0x53, 0x00, 0xC3, 0x07, 0xC6, 0xAA, 0x2F, 0x57, 0xF6, 0x0E, 0x3F, 0x0D, 0x0A, 0xA9, 0x01 ; file 061C67
db 0x00, 0x02, 0x02, 0x77, 0x05, 0x0B, 0xFC, 0x0F, 0x0C, 0x0A, 0x03, 0x00, 0x0B, 0x4D, 0x77, 0xFB ; file 061C77
db 0xF8, 0xFB, 0x0E, 0x04, 0xFF, 0xFD, 0xF6, 0x1D, 0xB5, 0xE6, 0x00, 0x07, 0x02, 0xFB, 0x0F, 0x81 ; file 061C87
db 0x0F, 0x66, 0x01, 0x06, 0x0C, 0x4E, 0x0F, 0x6D, 0xFC, 0x04, 0xFD, 0x0C, 0x8A, 0x0E, 0x4B, 0x02 ; file 061C97
db 0x06, 0xBA, 0x18, 0x0B, 0x80, 0x0A, 0x8B, 0x0C, 0xA1, 0x04, 0x06, 0x0D, 0xA8, 0x0C, 0x93, 0x0D ; file 061CA7
db 0x6C, 0xE7, 0x0B, 0x06, 0xFB, 0x09, 0x06, 0x07, 0x45, 0x02, 0x0A, 0x03, 0x01, 0xF7, 0x0A, 0x62 ; file 061CB7
db 0x00, 0x2B, 0x0D, 0x62, 0x05, 0xEA, 0x0F, 0xF9, 0x07, 0xD8, 0x0B, 0xF2, 0xEE, 0x0B, 0xFF, 0x04 ; file 061CC7
db 0xFE, 0xF5, 0x15, 0x30, 0x00, 0x00, 0x03, 0x7E, 0x0A, 0xB6, 0xF8, 0xFC, 0x00, 0x01, 0xF9, 0xFB ; file 061CD7
db 0x0C, 0x36, 0xE0, 0x00, 0x32, 0x05, 0xE7, 0x02, 0xE2, 0x0F, 0x81, 0x0F, 0x97, 0x05, 0x05, 0x05 ; file 061CE7
db 0xD6, 0x0B, 0x2A, 0xFD, 0xF7, 0x01, 0xF5, 0x09, 0x02, 0x78, 0x05, 0x03, 0x3E, 0x0E, 0x05, 0x06 ; file 061CF7
db 0x08, 0xFC, 0xF9, 0xFD, 0x0D, 0x5C, 0x01, 0x04, 0xA2, 0x0B, 0x93, 0xF8, 0x1F, 0x57, 0x07, 0xC5 ; file 061D07
db 0x1D, 0x34, 0x04, 0x0B, 0x16, 0xF4, 0xBD, 0xF8, 0x0F, 0xBB, 0x00, 0x00, 0x0A, 0x0A, 0x08, 0xC0 ; file 061D17
db 0xFE, 0xB0, 0x05, 0xD8, 0x0C, 0x2F, 0x04, 0xE1, 0x05, 0x89, 0xFD, 0xF7, 0x0C, 0x60, 0x00, 0xF2 ; file 061D27
db 0x0A, 0x7D, 0x08, 0x0A, 0x05, 0x05, 0x14, 0xFA, 0xF7, 0xF8, 0x06, 0x31, 0x07, 0x01, 0x3E, 0x0B ; file 061D37
db 0xA9, 0x0A, 0x96, 0x08, 0x00, 0x0A, 0xE4, 0x00, 0x07, 0x5B, 0x00, 0x01, 0x05, 0xB2, 0xF6, 0xFB ; file 061D47
db 0x00, 0x12, 0xF9, 0x02, 0xA0, 0xFF, 0x03, 0xFF, 0x02, 0x02, 0x05, 0x03, 0xFA, 0xF8, 0x23, 0xF4 ; file 061D57
db 0xFE, 0x00, 0xFB, 0x02, 0xA3, 0x03, 0x5E, 0xFB, 0x00, 0xCF, 0x08, 0xA8, 0x09, 0x06, 0x01, 0x94 ; file 061D67
db 0x08, 0x1D, 0xF8, 0x0C, 0xE5, 0x07, 0xA9, 0x00, 0x84, 0x0A, 0x10, 0x16, 0x0C, 0x5F, 0xF9, 0xF7 ; file 061D77
db 0x0C, 0x89, 0xFE, 0x18, 0x4C, 0x0C, 0xB3, 0x04, 0xAC, 0x78, 0x00, 0xC7, 0x0E, 0xC2, 0x0F, 0x78 ; file 061D87
db 0x02, 0xF8, 0xF6, 0xFF, 0x09, 0x6F, 0xE5, 0xF7, 0x0D, 0x6C, 0xFF, 0x0F, 0xCD, 0x0D, 0x29, 0xF7 ; file 061D97
db 0xF7, 0x04, 0x99, 0x05, 0x05, 0x20, 0x0A, 0xB6, 0xFC, 0xF9, 0x08, 0xD0, 0x0E, 0xF8, 0x02, 0xFF ; file 061DA7
db 0x09, 0x06, 0xFC, 0xFF, 0xFA, 0x01, 0xFE, 0xF4, 0x3E, 0x09, 0x8D, 0xFF, 0xF8, 0x04, 0x02, 0x0A ; file 061DB7
db 0x08, 0xDC, 0x1B, 0xB6, 0xDB, 0xFB, 0xF8, 0x00, 0x2E, 0xFC, 0xFD, 0x05, 0xC0, 0xFF, 0xFD, 0xF8 ; file 061DC7
db 0x0A, 0xFB, 0x04, 0xAD, 0x1D, 0x1C, 0xFF, 0xFE, 0xFF, 0x00, 0xF4, 0xD5, 0xFA, 0x06, 0x02, 0xF7 ; file 061DD7
db 0x07, 0xA3, 0x02, 0x07, 0x27, 0x03, 0x03, 0xBF, 0xF8, 0xFA, 0xF4, 0xFD, 0x05, 0x03, 0x0B, 0x5D ; file 061DE7
db 0x0B, 0xD5, 0x03, 0x00, 0x94, 0x00, 0x04, 0x71, 0x02, 0x0D, 0xA5, 0x01, 0xFB, 0x1F, 0xFD, 0xFC ; file 061DF7
db 0x05, 0xF5, 0xF9, 0x0E, 0x7C, 0x03, 0x32, 0x00, 0x76, 0x84, 0x0A, 0xEE, 0x15, 0x58, 0xFE, 0x04 ; file 061E07
db 0xA3, 0x05, 0x92, 0x04, 0xF2, 0x0A, 0xF4, 0x02, 0xB8, 0x09, 0x73, 0x08, 0x40, 0x06, 0xF5, 0x03 ; file 061E17
db 0xF9, 0xF6, 0x08, 0xE3, 0xFC, 0x69, 0xF9, 0x04, 0xA8, 0x05, 0xF3, 0x02, 0x08, 0x92, 0xF9, 0xF6 ; file 061E27
db 0x0F, 0xBA, 0x8F, 0x01, 0x02, 0x0B, 0x06, 0x0C, 0x7D, 0x09, 0x40, 0x0A, 0xA9, 0x00, 0xBF, 0x09 ; file 061E37
db 0x07, 0xFB, 0xFE, 0xFA, 0x02, 0x0A, 0x6B, 0x01, 0x0E, 0x09, 0x00, 0x06, 0x05, 0x0A, 0x09, 0x1B ; file 061E47
db 0x01, 0xC5, 0x02, 0x70, 0x00, 0x6F, 0x23, 0xFE, 0xFE, 0x09, 0x6A, 0x0A, 0x82, 0x19, 0x96, 0x00 ; file 061E57
db 0x0E, 0xAD, 0x06, 0x36, 0xBB, 0xFF, 0x01, 0x0F, 0x81, 0x01, 0x01, 0xF8, 0x0A, 0x02, 0x01, 0xD6 ; file 061E67
db 0x04, 0x0B, 0x02, 0x00, 0x06, 0x65, 0xFB, 0x09, 0x53, 0xFF, 0x09, 0xCF, 0x08, 0x03, 0x02, 0xFB ; file 061E77
db 0x05, 0x9A, 0x09, 0x8C, 0x02, 0x02, 0x9D, 0x0C, 0x05, 0x3B, 0xFD, 0x04, 0xF6, 0x06, 0x23, 0x0F ; file 061E87
db 0xD6, 0x09, 0x3C, 0x01, 0x31, 0x03, 0xEA, 0xFF, 0xF9, 0xFD, 0xFD, 0x0C, 0x10, 0x04, 0x4A, 0xE8 ; file 061E97
db 0x1B, 0x00, 0x1A, 0x2B, 0x03, 0xED, 0xFE, 0x00, 0x18, 0xFD, 0xFD, 0x02, 0xB4, 0x07, 0x8D, 0x06 ; file 061EA7
db 0xC2, 0xFC, 0x0B, 0xC2, 0xFE, 0x00, 0x0B, 0x81, 0xFA, 0xC7, 0xF9, 0xFC, 0xF7, 0x06, 0xB1, 0x07 ; file 061EB7
db 0xE4, 0x08, 0x8C, 0xFA, 0xFF, 0xBD, 0xF7, 0x0F, 0xDA, 0x03, 0xFF, 0x08, 0x07, 0x01, 0x87, 0x02 ; file 061EC7
db 0xF5, 0xFD, 0x17, 0xB7, 0xFC, 0x03, 0x53, 0x07, 0x02, 0x01, 0x08, 0x86, 0x00, 0x3A, 0xFC, 0xFE ; file 061ED7
db 0x03, 0x82, 0x0E, 0x8E, 0x0F, 0x2E, 0x06, 0xBA, 0xFD, 0xF1, 0x00, 0x0C, 0x11, 0x00, 0x9C, 0x00 ; file 061EE7
db 0x5E, 0xFF, 0x02, 0xF7, 0xF7, 0x30, 0x04, 0x07, 0x00, 0x64, 0x09, 0x20, 0x05, 0x26, 0xFD, 0xF9 ; file 061EF7
db 0x00, 0xDC, 0x18, 0xCD, 0xFE, 0x0A, 0x62, 0x03, 0xFE, 0xFD, 0xFA, 0xF8, 0x06, 0x05, 0x5F, 0x03 ; file 061F07
db 0x00, 0x02, 0x0B, 0xFF, 0x08, 0xDF, 0x01, 0x00, 0xAB, 0x8E, 0x0D, 0xBB, 0x02, 0x0A, 0x09, 0x09 ; file 061F17
db 0x98, 0x0F, 0x1B, 0x05, 0x26, 0xFC, 0xD2, 0x05, 0x2B, 0x00, 0x0A, 0x9A, 0x1F, 0x08, 0xFB, 0x0D ; file 061F27
db 0xDF, 0xFF, 0xFD, 0x80, 0x06, 0xEE, 0x03, 0x40, 0x0F, 0x81, 0x03, 0xE1, 0x0E, 0x6A, 0x0A, 0x3C ; file 061F37
db 0x03, 0xAC, 0xF9, 0xE1, 0xFB, 0x0A, 0x7B, 0x0C, 0xF5, 0x00, 0xA3, 0x05, 0x27, 0xFB, 0xF7, 0xFF ; file 061F47
db 0x47, 0x08, 0x04, 0x02, 0x0B, 0x30, 0x04, 0x19, 0x0C, 0x65, 0xF7, 0x03, 0xB7, 0x01, 0xFE, 0x04 ; file 061F57
db 0xBF, 0x05, 0xA4, 0x07, 0x41, 0x09, 0xE5, 0x07, 0xF5, 0x0D, 0x7C, 0x09, 0xA5, 0xAE, 0x1F, 0x93 ; file 061F67
db 0x09, 0x05, 0x01, 0x00, 0x0A, 0xFF, 0x00, 0xEB, 0x00, 0xCB, 0xFA, 0xF6, 0x02, 0xFA, 0xFE, 0x18 ; file 061F77
db 0x77, 0x09, 0xC2, 0x01, 0xFA, 0x17, 0xFB, 0xFB, 0xFD, 0x09, 0xA7, 0x03, 0x08, 0xF7, 0x09, 0xD6 ; file 061F87
db 0x03, 0x09, 0xD3, 0x06, 0x08, 0x0F, 0x57, 0x0E, 0x92, 0xF9, 0x0A, 0x01, 0xF6, 0xFB, 0x1E, 0x0F ; file 061F97
db 0x65, 0x03, 0x0B, 0x0A, 0x03, 0x0D, 0x49, 0x18, 0x27, 0x14, 0xE4, 0x98, 0x06, 0x0F, 0x0B, 0x20 ; file 061FA7
db 0x04, 0x07, 0xFC, 0x08, 0x06, 0x5F, 0x07, 0xF0, 0xFC, 0xBF, 0xF8, 0x00, 0xFE, 0x00, 0xF7, 0xF8 ; file 061FB7
db 0x0E, 0xE8, 0x03, 0xE3, 0x07, 0x0D, 0x09, 0xCA, 0x17, 0x26, 0x08, 0x4D, 0xF7, 0xFC, 0x01, 0x16 ; file 061FC7
db 0x09, 0x4C, 0x02, 0x04, 0x00, 0xFF, 0xF7, 0x0C, 0x0D, 0x0A, 0xEC, 0x01, 0x74, 0x76, 0x03, 0x91 ; file 061FD7
db 0xFA, 0xF5, 0x03, 0xA0, 0x02, 0x06, 0x0F, 0x0D, 0xBF, 0x8B, 0x06, 0x04, 0x2A, 0x9B, 0xF8, 0x0C ; file 061FE7
db 0xCA, 0x04, 0x1E, 0x03, 0x46, 0xFC, 0x73, 0xF9, 0x03, 0x06, 0xDE, 0x04, 0xDA, 0x00, 0xF8, 0xFC ; file 061FF7
db 0x0D, 0x59, 0xFF, 0xF5, 0xFA, 0x00, 0xFA, 0x02, 0x05, 0x0C, 0x08, 0xF8, 0x07, 0x62, 0x05, 0x46 ; file 062007
db 0x00, 0xD8, 0xF8, 0xF7, 0xFE, 0x02, 0x0A, 0x5D, 0x05, 0x08, 0xF1, 0x04, 0xFC, 0xF4, 0x0B, 0x3A ; file 062017
db 0x04, 0x02, 0xEB, 0xD7, 0x04, 0xFD, 0xFA, 0x18, 0x34, 0xF9, 0x0C, 0xC5, 0x04, 0x0C, 0xF5, 0x0B ; file 062027
db 0x09, 0xAD, 0x07, 0x0E, 0x06, 0x00, 0x04, 0xFB, 0xF4, 0x62, 0x01, 0xB6, 0x04, 0x08, 0x6C, 0x04 ; file 062037
db 0x24, 0x05, 0xE0, 0x06, 0xFD, 0x05, 0xF3, 0xFF, 0xFB, 0xF8, 0x00, 0xFD, 0x00, 0xFB, 0xF4, 0xFE ; file 062047
db 0x58, 0x0A, 0x68, 0x0F, 0x57, 0x06, 0xDD, 0x03, 0xFA, 0x0E, 0x2F, 0xFF, 0x07, 0x61, 0x7B, 0x07 ; file 062057
db 0x09, 0x09, 0x27, 0x03, 0x03, 0xF4, 0xF9, 0x01, 0xD7, 0x76, 0x17, 0x6D, 0x02, 0xF9, 0x0E, 0x6D ; file 062067
db 0xFC, 0xF4, 0xFC, 0x0B, 0x4F, 0xDB, 0x07, 0x10, 0x03, 0x2E, 0x03, 0x06, 0x00, 0x67, 0x03, 0x02 ; file 062077
db 0xDF, 0xF5, 0xF3, 0xFA, 0x03, 0x09, 0x0E, 0x57, 0x04, 0x06, 0xAB, 0xF8, 0xF9, 0x0E, 0xEA, 0x01 ; file 062087
db 0x06, 0xEC, 0x01, 0x0A, 0x98, 0xFD, 0x7E, 0x0D, 0x5B, 0xFC, 0xFB, 0x05, 0x07, 0x0C, 0x07, 0x06 ; file 062097
db 0x9F, 0x79, 0x04, 0x0B, 0x6E, 0x0A, 0xCF, 0xF3, 0xFD, 0x02, 0x0D, 0x1A, 0x77, 0xAD, 0x07, 0x02 ; file 0620A7
db 0x2A, 0x06, 0x0A, 0x06, 0x5F, 0xFE, 0x07, 0x43, 0xFF, 0xFF, 0xF8, 0x00, 0xF8, 0xF6, 0xFC, 0xF9 ; file 0620B7
db 0x04, 0x05, 0xF3, 0x0D, 0x0A, 0x06, 0x60, 0x15, 0x1C, 0x01, 0x04, 0xFB, 0xF0, 0xAF, 0xF7, 0xFD ; file 0620C7
db 0x0A, 0x03, 0x08, 0x38, 0x06, 0x09, 0xF9, 0x09, 0xBB, 0x0C, 0x07, 0x1F, 0xB1, 0xFB, 0xF9, 0xFE ; file 0620D7
db 0x08, 0x86, 0xF4, 0x7F, 0xFB, 0xF9, 0x02, 0x08, 0x09, 0x0B, 0x04, 0x0C, 0x68, 0xFF, 0x03, 0xF7 ; file 0620E7
db 0xFB, 0xFD, 0xFF, 0xFF, 0xF1, 0xF9, 0xEF, 0xFE, 0x0A, 0x08, 0xFE, 0x02, 0xB0, 0x03, 0xF3, 0xFC ; file 0620F7
db 0x70, 0x04, 0x8E, 0x09, 0x1E, 0x02, 0x00, 0x05, 0xE8, 0xFD, 0xF5, 0xF9, 0x04, 0x29, 0xDB, 0x09 ; file 062107
db 0x0D, 0x05, 0x13, 0x00, 0x05, 0x1F, 0x03, 0x01, 0xF2, 0xF7, 0xF1, 0xFA, 0x05, 0x0A, 0x03, 0x05 ; file 062117
db 0x06, 0x05, 0xF6, 0xE9, 0xFB, 0x1E, 0xEA, 0x02, 0x61, 0xFF, 0x04, 0x8F, 0xFD, 0x02, 0xF6, 0x7E ; file 062127
db 0x0E, 0x58, 0x07, 0x0A, 0x0B, 0x07, 0x04, 0x06, 0x08, 0x8C, 0xEE, 0x00, 0xB6, 0x01, 0xF7, 0xF2 ; file 062137
db 0x0F, 0xDF, 0x01, 0xFE, 0x03, 0xCF, 0x05, 0x07, 0xFA, 0xF6, 0x0A, 0x37, 0x02, 0x2F, 0xFD, 0x06 ; file 062147
db 0xFE, 0x0E, 0xDB, 0xFA, 0xFE, 0xFA, 0xF5, 0xF7, 0xFB, 0x06, 0xB7, 0x08, 0x0C, 0x09, 0x0E, 0x12 ; file 062157
db 0x03, 0xFF, 0x03, 0x5C, 0x03, 0xBF, 0xF9, 0xEF, 0xF5, 0xFF, 0x0A, 0x02, 0x0B, 0xF8, 0x07, 0xAB ; file 062167
db 0xFC, 0xF6, 0x02, 0x69, 0x07, 0x01, 0xC7, 0xFF, 0x03, 0xE6, 0xFD, 0x2F, 0x00, 0xFE, 0xF5, 0xF6 ; file 062177
db 0x0A, 0x47, 0x0B, 0x01, 0x05, 0x02, 0x05, 0xCE, 0x04, 0x29, 0x00, 0xFD, 0xF2, 0x0F, 0xD6, 0x04 ; file 062187
db 0x82, 0x04, 0x08, 0x7B, 0x00, 0xF6, 0x03, 0x00, 0x08, 0x02, 0x04, 0xFC, 0x09, 0xBA, 0x76, 0x07 ; file 062197
db 0x96, 0xFE, 0xF6, 0x0A, 0x9C, 0x08, 0x0C, 0x08, 0x0A, 0xB8, 0x99, 0xFF, 0x0C, 0x42, 0x08, 0x8D ; file 0621A7
db 0xF2, 0xEF, 0x0E, 0xC8, 0x0C, 0xD0, 0x08, 0xE0, 0x0E, 0x5A, 0x0F, 0xBC, 0x02, 0x8D, 0x06, 0x13 ; file 0621B7
db 0x0C, 0x9A, 0x01, 0xFA, 0xF4, 0xA7, 0xF5, 0x01, 0x0A, 0x0F, 0xD6, 0x0A, 0xD2, 0x00, 0x05, 0x81 ; file 0621C7
db 0x01, 0xEF, 0xFE, 0xF7, 0xF1, 0xFA, 0x09, 0x49, 0xFE, 0x02, 0x08, 0xE6, 0x0D, 0xCC, 0x03, 0x06 ; file 0621D7
db 0x07, 0x60, 0x01, 0xE3, 0x02, 0x00, 0xF7, 0x36, 0x05, 0xE4, 0xF2, 0xF3, 0x01, 0xC8, 0x08, 0x09 ; file 0621E7
db 0x07, 0x4E, 0x0C, 0xB7, 0x9E, 0x08, 0xB0, 0xF8, 0xEE, 0xF4, 0x02, 0x06, 0xF9, 0x06, 0x79, 0xFB ; file 0621F7
db 0x8B, 0xF9, 0x03, 0x0E, 0x6B, 0x02, 0x04, 0xEC, 0x05, 0xBE, 0x06, 0x36, 0xF6, 0xFF, 0xF2, 0xFC ; file 062207
db 0x07, 0x0D, 0x0B, 0x06, 0x08, 0x08, 0x35, 0x05, 0x0F, 0x46, 0xFB, 0x0B, 0x34, 0xF5, 0xF2, 0x04 ; file 062217
db 0x89, 0x0E, 0xAE, 0x6F, 0x08, 0xFE, 0xFC, 0xFF, 0x02, 0x19, 0x07, 0xFF, 0x06, 0x30, 0xFB, 0x03 ; file 062227
db 0xF9, 0x04, 0xBD, 0xF8, 0xEE, 0xFB, 0x04, 0x0B, 0xD5, 0x0B, 0x0E, 0x47, 0x05, 0x0A, 0xD3, 0xFE ; file 062237
db 0x00, 0x3B, 0xF3, 0xEE, 0xD2, 0x02, 0x2E, 0x01, 0x0F, 0x57, 0x0F, 0x0A, 0x05, 0x00, 0xC2, 0xFE ; file 062247
db 0xF9, 0xFB, 0xF9, 0xFC, 0x1E, 0xAD, 0xFF, 0xFE, 0xF0, 0xF5, 0x05, 0xFF, 0x0A, 0x0E, 0x06, 0x08 ; file 062257
db 0x0A, 0x06, 0x03, 0xFA, 0xCB, 0xFC, 0xFB, 0x01, 0x77, 0xF9, 0x0F, 0x57, 0x04, 0x68, 0x01, 0x0A ; file 062267
db 0x83, 0x00, 0xFF, 0x02, 0x2A, 0x0C, 0xB2, 0x06, 0xE2, 0x02, 0x3E, 0x0F, 0xE4, 0xEF, 0xC1, 0xF3 ; file 062277
db 0x00, 0xB2, 0x01, 0x47, 0x0A, 0x08, 0x05, 0x9A, 0x08, 0xF5, 0xF1, 0xF4, 0x1E, 0x04, 0xEF, 0x03 ; file 062287
db 0x05, 0x09, 0x00, 0x0C, 0xA6, 0x06, 0xB6, 0x09, 0xD1, 0xFB, 0xF8, 0x00, 0x03, 0x9A, 0xFE, 0x00 ; file 062297
db 0xF6, 0xF0, 0xFF, 0xB7, 0x08, 0x0F, 0x09, 0x03, 0x2E, 0x05, 0xFD, 0x02, 0x2F, 0x01, 0xE1, 0xFE ; file 0622A7
db 0x04, 0x13, 0x0D, 0x50, 0x15, 0x3F, 0x05, 0xB9, 0x06, 0x04, 0x07, 0x7F, 0x09, 0xFC, 0x00, 0xFA ; file 0622B7
db 0x05, 0x03, 0xF8, 0x0C, 0x45, 0xFF, 0xF8, 0xEC, 0xFD, 0x05, 0x0D, 0x09, 0x06, 0x0A, 0xCF, 0x05 ; file 0622C7
db 0x04, 0xFD, 0xFC, 0x05, 0x5D, 0x07, 0x36, 0xF0, 0xFE, 0xE5, 0x01, 0x0F, 0x01, 0x08, 0x04, 0x2B ; file 0622D7
db 0x0F, 0x28, 0x09, 0x08, 0xFD, 0xEB, 0xF9, 0xF6, 0x0F, 0x57, 0xFA, 0x0A, 0x0C, 0xEE, 0xF9, 0x05 ; file 0622E7
db 0x37, 0x0C, 0x0C, 0x07, 0x06, 0xF7, 0x02, 0xF7, 0x00, 0x27, 0x02, 0x84, 0xB9, 0xF3, 0x0A, 0xB6 ; file 0622F7
db 0x09, 0x58, 0x07, 0xFE, 0x04, 0x09, 0x54, 0x04, 0xBF, 0x0B, 0x01, 0xFE, 0xFC, 0xFE, 0x08, 0x03 ; file 062307
db 0xC0, 0xFA, 0xFF, 0xFD, 0xEF, 0xF5, 0x02, 0x0A, 0x0C, 0x06, 0x08, 0x76, 0x0C, 0x42, 0xF9, 0x01 ; file 062317
db 0x07, 0x0A, 0xFA, 0xF6, 0xF3, 0x08, 0x31, 0x79, 0x05, 0x00, 0xF8, 0x07, 0x13, 0x02, 0x07, 0x07 ; file 062327
db 0x0A, 0x06, 0xC8, 0xF9, 0xF6, 0x06, 0x45, 0x0C, 0xAC, 0xF5, 0xF2, 0x01, 0x09, 0x0D, 0x9F, 0x09 ; file 062337
db 0x07, 0x0C, 0x08, 0x06, 0x08, 0xCC, 0x1D, 0x47, 0xF7, 0x29, 0xF5, 0x05, 0x13, 0x0D, 0xDA, 0x00 ; file 062347
db 0x0A, 0xD1, 0x05, 0x05, 0x10, 0x09, 0x69, 0x77, 0x06, 0x01, 0xFA, 0x0B, 0x9B, 0xF7, 0xEF, 0xFD ; file 062357
db 0x1F, 0xD9, 0xFC, 0x0E, 0xD9, 0x0C, 0xD5, 0x03, 0x03, 0xFC, 0xF7, 0xF6, 0xF3, 0xD2, 0x08, 0xF2 ; file 062367
db 0x08, 0x0C, 0xB0, 0x04, 0x91, 0x05, 0x0F, 0x93, 0xFE, 0xF7, 0xF4, 0x04, 0x56, 0x01, 0x9B, 0xFD ; file 062377
db 0x01, 0x57, 0x06, 0x0C, 0x0B, 0x08, 0xD6, 0x0C, 0xF4, 0xFF, 0xF7, 0x05, 0x2A, 0xFD, 0x09, 0xB9 ; file 062387
db 0xFB, 0xFF, 0x73, 0xFF, 0x04, 0x16, 0x26, 0x00, 0x36, 0x03, 0x04, 0x0B, 0x05, 0xA7, 0xFD, 0x00 ; file 062397
db 0x15, 0x71, 0xFA, 0xFA, 0xF1, 0xF7, 0x02, 0x0B, 0xB0, 0x05, 0x29, 0x07, 0x85, 0x0F, 0xEE, 0x09 ; file 0623A7
db 0x06, 0xF6, 0xF6, 0x01, 0xA9, 0x08, 0xAF, 0x05, 0x08, 0x03, 0xFC, 0x02, 0xAB, 0x05, 0x06, 0x8B ; file 0623B7
db 0xFB, 0x9F, 0xF4, 0xF7, 0xFF, 0xFC, 0xF9, 0x0C, 0xC3, 0x01, 0x46, 0x0B, 0xE7, 0x0A, 0x0A, 0x09 ; file 0623C7
db 0x05, 0xA5, 0x00, 0x8F, 0xFF, 0xFF, 0xFA, 0x11, 0xF9, 0x06, 0x37, 0x09, 0x7C, 0x01, 0x6D, 0x05 ; file 0623D7
db 0x1B, 0x22, 0x02, 0xA7, 0x07, 0x63, 0xFE, 0x0D, 0x5C, 0xFB, 0xF9, 0xF5, 0xF5, 0xFB, 0x09, 0x0A ; file 0623E7
db 0xBB, 0x08, 0x07, 0x0B, 0xF7, 0xFD, 0xFB, 0x06, 0x0A, 0xE0, 0xF6, 0x6F, 0xF8, 0xF7, 0xF9, 0xFC ; file 0623F7
db 0x0A, 0xC0, 0x07, 0xFD, 0x01, 0xBE, 0x9D, 0x04, 0x06, 0xE4, 0xFF, 0xF7, 0xF4, 0x09, 0x3C, 0x09 ; file 062407
db 0xA1, 0xFB, 0xE0, 0x0A, 0xD3, 0x0F, 0xAB, 0x0E, 0xD5, 0x06, 0xD1, 0x08, 0xED, 0xFA, 0xF8, 0xFB ; file 062417
db 0x82, 0x07, 0xC6, 0x04, 0x01, 0x19, 0x04, 0x94, 0x08, 0x01, 0x03, 0x16, 0x07, 0xBB, 0xFF, 0x9F ; file 062427
db 0xFB, 0xF9, 0xFB, 0xF5, 0xF7, 0x0F, 0x57, 0x02, 0x96, 0x0A, 0xD9, 0x03, 0x09, 0xC3, 0x02, 0x56 ; file 062437
db 0xF7, 0xF7, 0x0E, 0x15, 0xFE, 0x07, 0x9F, 0x08, 0x07, 0x00, 0xFD, 0x05, 0x09, 0x93, 0x01, 0x6F ; file 062447
db 0xFB, 0xF5, 0xF3, 0x0B, 0xC9, 0xFA, 0x0B, 0x3A, 0xF9, 0xFA, 0xFF, 0x0B, 0x1F, 0x08, 0x0B, 0x0A ; file 062457
db 0x0C, 0x0A, 0x0E, 0xCA, 0x12, 0xC2, 0x04, 0x9B, 0x6B, 0xF6, 0xFC, 0x03, 0xFF, 0xFF, 0x08, 0x64 ; file 062467
db 0x06, 0x01, 0x04, 0xEE, 0xFC, 0x09, 0x5E, 0x08, 0xD5, 0xF9, 0xFB, 0xF6, 0xF6, 0xF9, 0xFB, 0xD9 ; file 062477
db 0x09, 0x02, 0x42, 0x00, 0x85, 0xFE, 0xFD, 0x0E, 0x65, 0xF9, 0xF6, 0x41, 0xF9, 0x06, 0x79, 0x09 ; file 062487
db 0x80, 0x0F, 0x03, 0x04, 0x57, 0x03, 0x94, 0x01, 0x0C, 0x67, 0xF8, 0x02, 0xC5, 0x0D, 0xDB, 0x0F ; file 062497
db 0x36, 0x09, 0x09, 0x0C, 0x0B, 0x0A, 0xF5, 0x07, 0x01, 0x62, 0x02, 0x07, 0x76, 0xF7, 0x00, 0xF7 ; file 0624A7
db 0xF7, 0x0E, 0x0C, 0x81, 0x01, 0xFC, 0x05, 0x01, 0x1F, 0x14, 0x4B, 0x07, 0xBA, 0x09, 0x97, 0x07 ; file 0624B7
db 0xF9, 0xFA, 0xF2, 0x0B, 0x8C, 0x0D, 0xB2, 0x02, 0x94, 0x0A, 0x80, 0x06, 0xF7, 0xBF, 0xF7, 0xF8 ; file 0624C7
db 0xFD, 0xF8, 0xF6, 0xFD, 0x01, 0xDC, 0xFC, 0x73, 0x00, 0x07, 0x04, 0x0B, 0x03, 0xE8, 0xFC, 0xF4 ; file 0624D7
db 0xF8, 0x0A, 0x94, 0xFD, 0xF8, 0x1B, 0x1A, 0x00, 0x08, 0x08, 0x0B, 0x0C, 0x0A, 0xCF, 0x0B, 0xFE ; file 0624E7
db 0xFC, 0xFA, 0x08, 0x3D, 0x0C, 0xCA, 0xFF, 0xF3, 0xDC, 0x01, 0x49, 0x01, 0xB3, 0x0A, 0x0B, 0x09 ; file 0624F7
db 0x08, 0xFD, 0x03, 0x03, 0x3D, 0xFA, 0x09, 0x8D, 0xFF, 0xFA, 0xFA, 0xF4, 0x06, 0x08, 0x02, 0xED ; file 062507
db 0x73, 0x09, 0x06, 0x0F, 0x57, 0x00, 0x2B, 0xFB, 0xF7, 0xF7, 0x03, 0x57, 0x9E, 0x0C, 0x66, 0x0B ; file 062517
db 0xFF, 0xFD, 0x05, 0x03, 0x6D, 0x0D, 0xAF, 0x02, 0x5E, 0x0E, 0x48, 0xFB, 0xFE, 0xF9, 0xFA, 0x02 ; file 062527
db 0x43, 0xFD, 0x0D, 0x23, 0xFF, 0x0E, 0x0B, 0x0A, 0x05, 0xFC, 0xFC, 0xFB, 0x03, 0xEB, 0xFE, 0xF8 ; file 062537
db 0x03, 0xE1, 0xF6, 0x07, 0xD5, 0x07, 0xFF, 0xFB, 0xE7, 0x07, 0x0B, 0x0C, 0x02, 0x2A, 0x12, 0x9D ; file 062547
db 0xFF, 0xFB, 0x04, 0xF2, 0x09, 0x7A, 0xF1, 0x19, 0xBC, 0x0F, 0x57, 0x07, 0x06, 0xFA, 0x02, 0xFA ; file 062557
db 0x0E, 0xAE, 0xF7, 0x05, 0x54, 0xFA, 0xF2, 0xFF, 0x04, 0x0C, 0xEF, 0x04, 0xFB, 0x03, 0x07, 0x12 ; file 062567
db 0x5C, 0x06, 0x05, 0xFC, 0x7D, 0xF6, 0x06, 0xC7, 0xFC, 0xF7, 0xFD, 0xF6, 0xFF, 0x02, 0x07, 0x3F ; file 062577
db 0x07, 0x0C, 0x0E, 0x09, 0x0A, 0xFD, 0x0A, 0x06, 0x06, 0x24, 0xBA, 0x09, 0x7B, 0xF0, 0x05, 0x26 ; file 062587
db 0x05, 0xFA, 0x01, 0x0F, 0x42, 0xFF, 0xF6, 0x1A, 0xA2, 0xFB, 0x01, 0x0F, 0x3E, 0xFA, 0xF9, 0xF3 ; file 062597
db 0xF7, 0xD4, 0x07, 0xD2, 0x1F, 0x57, 0x08, 0x15, 0x11, 0x08, 0x06, 0x19, 0xFC, 0xFF, 0xDF, 0xF3 ; file 0625A7
db 0xF7, 0x02, 0x07, 0x0D, 0x04, 0x37, 0x09, 0x09, 0xDE, 0x01, 0x86, 0x06, 0x02, 0xF8, 0xF7, 0x08 ; file 0625B7
db 0x6E, 0xF9, 0xF9, 0xB7, 0xFA, 0xF8, 0x05, 0x01, 0xAB, 0x09, 0x0E, 0x03, 0x56, 0xFC, 0xF6, 0x08 ; file 0625C7
db 0x0C, 0xFD, 0xF8, 0x08, 0x95, 0xF7, 0xF0, 0xFD, 0xFF, 0xBF, 0x09, 0xFD, 0xFC, 0x08, 0x0C, 0x0C ; file 0625D7
db 0x09, 0x27, 0x00, 0xFB, 0x06, 0xFD, 0x08, 0x15, 0x03, 0xFE, 0xF9, 0xF6, 0xF2, 0x9D, 0xFF, 0x01 ; file 0625E7
db 0x1B, 0x06, 0x0B, 0x07, 0x0F, 0x6F, 0x00, 0xAE, 0x02, 0xFB, 0xF5, 0xF8, 0x09, 0x2C, 0xF1, 0xFE ; file 0625F7
db 0x03, 0x0D, 0x02, 0x2D, 0xFB, 0x0C, 0x62, 0x06, 0xFE, 0x02, 0x7B, 0xFC, 0x0F, 0xAB, 0x07, 0x36 ; file 062607
db 0xBB, 0xFA, 0xF6, 0x14, 0xC0, 0x07, 0x0C, 0x0F, 0x00, 0x5F, 0xFF, 0x7C, 0x00, 0xE6, 0x0F, 0x9A ; file 062617
db 0x00, 0xFE, 0xF1, 0xF5, 0xFE, 0x03, 0x5A, 0x8F, 0x03, 0x0B, 0x0D, 0x0B, 0x03, 0xD7, 0x01, 0x32 ; file 062627
db 0x14, 0xE6, 0xFB, 0x68, 0x0A, 0xF5, 0x12, 0x56, 0x0B, 0x8D, 0x05, 0x06, 0xEB, 0x03, 0x07, 0x0E ; file 062637
db 0x06, 0xFF, 0xFE, 0xFF, 0xF4, 0xF6, 0x01, 0x07, 0x0B, 0xFA, 0x73, 0x01, 0x08, 0x00, 0x75, 0x01 ; file 062647
db 0xFF, 0x02, 0xFA, 0xF8, 0x06, 0x48, 0xEF, 0xF9, 0xF8, 0xF7, 0xFA, 0x03, 0x6F, 0x04, 0x09, 0x0F ; file 062657
db 0xBC, 0x08, 0xBC, 0x08, 0x85, 0x01, 0xFC, 0xF8, 0xF9, 0x01, 0x43, 0xF0, 0x3D, 0xFA, 0x00, 0xE0 ; file 062667
db 0xFF, 0x08, 0x0D, 0x0D, 0x03, 0x2D, 0x02, 0xD9, 0xD7, 0x01, 0xFC, 0xFA, 0x0D, 0xEC, 0xF2, 0x05 ; file 062677
db 0x9A, 0xFF, 0x00, 0x30, 0x0D, 0x09, 0x15, 0x45, 0x01, 0x65, 0x0C, 0xB6, 0x00, 0xF9, 0x09, 0x3A ; file 062687
db 0x09, 0xC3, 0xF3, 0x06, 0x09, 0x03, 0x7B, 0x00, 0x45, 0xFE, 0xFA, 0xF6, 0xF5, 0x29, 0xFD, 0x0B ; file 062697
db 0xB0, 0x06, 0x9C, 0x01, 0x0A, 0x8D, 0x0E, 0x04, 0x0E, 0x05, 0xAE, 0x7E, 0x0A, 0xF6, 0xFB, 0x02 ; file 0626A7
db 0xFB, 0xF2, 0xF4, 0xFC, 0x04, 0x14, 0xC7, 0x05, 0x0B, 0x0E, 0x04, 0x78, 0x09, 0x69, 0x06, 0x23 ; file 0626B7
db 0xFD, 0x03, 0x2B, 0xFC, 0xF5, 0x09, 0xA3, 0x02, 0x02, 0x3A, 0x0A, 0x04, 0x0F, 0x0C, 0x60, 0xF7 ; file 0626C7
db 0x02, 0xFB, 0xF5, 0x07, 0xB0, 0xF6, 0xF7, 0x00, 0x06, 0xA7, 0x07, 0xFC, 0x03, 0x0C, 0x9C, 0x00 ; file 0626D7
db 0xCD, 0x02, 0x0B, 0x24, 0xF4, 0xFC, 0x0E, 0x45, 0x14, 0xD8, 0x08, 0xFD, 0x02, 0x0A, 0x0F, 0x0C ; file 0626E7
db 0xB0, 0x0B, 0xC6, 0x02, 0x1B, 0x0F, 0x57, 0x0E, 0xAA, 0xF0, 0xF8, 0x01, 0x1C, 0x01, 0x8F, 0x08 ; file 0626F7
db 0x0E, 0x0C, 0x08, 0x0F, 0x5A, 0x00, 0x2A, 0x0D, 0x9D, 0x01, 0x0F, 0xF9, 0xF0, 0xF9, 0xFF, 0x0B ; file 062707
db 0xAA, 0x0D, 0x30, 0x0C, 0x43, 0x01, 0x36, 0x77, 0xFF, 0xF6, 0xF8, 0x00, 0x5D, 0xF6, 0xFA, 0x04 ; file 062717
db 0x0F, 0xF5, 0xF5, 0x08, 0x0F, 0x57, 0x01, 0x01, 0x12, 0x01, 0xFC, 0xF5, 0xF6, 0x77, 0xFA, 0xFE ; file 062727
db 0xF9, 0x0B, 0x20, 0x0B, 0x03, 0xFD, 0x1F, 0x57, 0xD1, 0xFF, 0x14, 0x62, 0x0B, 0x7C, 0x03, 0x13 ; file 062737
db 0xF4, 0x08, 0xC4, 0xFF, 0xFF, 0xDF, 0x06, 0x0B, 0x0E, 0x08, 0x08, 0x0D, 0x0D, 0x01, 0x05, 0xAE ; file 062747
db 0x1C, 0xEE, 0xFD, 0xF4, 0xF4, 0x05, 0xA3, 0xF9, 0x08, 0xAC, 0x05, 0xD3, 0xFF, 0x04, 0x09, 0xC4 ; file 062757
db 0x07, 0x43, 0xFD, 0x00, 0x45, 0xF9, 0xFE, 0xE0, 0x16, 0x6D, 0x0F, 0x03, 0x03, 0x5A, 0x00, 0xBC ; file 062767
db 0x0F, 0x07, 0xFD, 0xFD, 0xF6, 0x3F, 0xF6, 0x02, 0x06, 0x09, 0xFD, 0x00, 0x0C, 0x60, 0x06, 0x31 ; file 062777
db 0x6E, 0x03, 0x11, 0xFB, 0xFA, 0xFC, 0x06, 0xFF, 0xF5, 0xF7, 0x05, 0x41, 0x7C, 0x0D, 0x2E, 0x05 ; file 062787
db 0x6A, 0xFE, 0x01, 0xFE, 0x05, 0x00, 0x10, 0x01, 0x3B, 0xF9, 0xF4, 0x05, 0xE1, 0xFD, 0xFE, 0x04 ; file 062797
db 0x00, 0xCB, 0x0A, 0xF6, 0x1F, 0x05, 0xFE, 0xFD, 0xFB, 0xFA, 0x00, 0xAF, 0x09, 0x43, 0x00, 0x44 ; file 0627A7
db 0xF3, 0x06, 0x08, 0x0E, 0xF2, 0x00, 0xF8, 0x02, 0xFE, 0xF8, 0xF9, 0x67, 0xFB, 0xFE, 0xFB, 0x04 ; file 0627B7
db 0x1F, 0x05, 0xCA, 0x04, 0x09, 0x0B, 0x7A, 0xEE, 0x02, 0x46, 0xFE, 0xFB, 0xFD, 0x04, 0xDE, 0xFB ; file 0627C7
db 0xFA, 0xF6, 0xD5, 0xFD, 0x04, 0xFB, 0x04, 0x01, 0x1D, 0x07, 0x1F, 0xD6, 0x03, 0xFB, 0x11, 0xFE ; file 0627D7
db 0x08, 0x95, 0x02, 0x2A, 0x0D, 0xFA, 0x00, 0x07, 0xEC, 0x08, 0x6E, 0x00, 0xC1, 0x32, 0x05, 0x74 ; file 0627E7
db 0xFF, 0x0D, 0x7E, 0x0D, 0x1D, 0x03, 0x03, 0x1C, 0x8D, 0x04, 0x24, 0xC2, 0x00, 0x49, 0xFA, 0x00 ; file 0627F7
db 0xC2, 0x0F, 0x68, 0x15, 0x0E, 0x01, 0x1B, 0x00, 0x01, 0x0A, 0x00, 0xFD, 0xFD, 0x03, 0x38, 0x00 ; file 062807
db 0x00, 0xAA, 0x10, 0x01, 0x0B, 0x8F, 0x06, 0x3C, 0x22, 0x0D, 0x68, 0x02, 0x03, 0xF5, 0x05, 0x9B ; file 062817
db 0x04, 0x9A, 0x02, 0x1F, 0x1F, 0x00, 0x01, 0x70, 0x10, 0x29, 0x0D, 0x4F, 0x0F, 0x10, 0x2F, 0xFF ; file 062827
db 0x01, 0xCA, 0x0E ; file 062837
