; Resource 'snd ', ID 231; name '023 Tango Accordion (C3)'; payload 18468 bytes
; MacBinary file offsets 0FDDA2–1025C9 (inclusive).
; Linear CODE decoding is provisional: embedded data can decode as instructions.
db 0x00, 0x00, 0x48, 0x24, 0x00, 0x02, 0x00, 0x00, 0x00, 0x01, 0x80, 0x50, 0x00, 0x00, 0x00, 0x00 ; file 0FDDA2
db 0x00, 0x0E, 0x00, 0x00, 0x00, 0x00, 0x00, 0x00, 0x47, 0xFE, 0x2B, 0x11, 0x00, 0x00, 0x00, 0x00 ; file 0FDDB2
db 0x15, 0x6B, 0x00, 0x00, 0x46, 0x6E, 0x00, 0x48, 0x80, 0x80, 0x80, 0x80, 0x80, 0x81, 0x82, 0x82 ; file 0FDDC2
db 0x82, 0x81, 0x81, 0x80, 0x81, 0x81, 0x80, 0x7F, 0x7D, 0x7C, 0x7B, 0x7B, 0x7D, 0x80, 0x82, 0x83 ; file 0FDDD2
db 0x84, 0x84, 0x83, 0x7F, 0x7C, 0x79, 0x7A, 0x7B, 0x7F, 0x84, 0x85, 0x82, 0x7E, 0x7D, 0x7E, 0x7F ; file 0FDDE2
db 0x81, 0x81, 0x81, 0x80, 0x7F, 0x80, 0x83, 0x84, 0x87, 0x8A, 0x88, 0x83, 0x80, 0x83, 0x88, 0x88 ; file 0FDDF2
db 0x7F, 0x77, 0x74, 0x71, 0x6F, 0x75, 0x7F, 0x86, 0x88, 0x87, 0x89, 0x8B, 0x86, 0x7B, 0x71, 0x6F ; file 0FDE02
db 0x74, 0x7B, 0x87, 0x93, 0x8E, 0x7E, 0x73, 0x76, 0x7E, 0x81, 0x80, 0x80, 0x81, 0x7B, 0x7A, 0x84 ; file 0FDE12
db 0x8D, 0x89, 0x91, 0x97, 0x8B, 0x82, 0x84, 0x91, 0x9B, 0x8E, 0x73, 0x67, 0x6A, 0x64, 0x5E, 0x6A ; file 0FDE22
db 0x7F, 0x8A, 0x87, 0x86, 0x90, 0x97, 0x8F, 0x79, 0x64, 0x64, 0x6F, 0x7C, 0x89, 0xA4, 0x9A, 0x79 ; file 0FDE32
db 0x6B, 0x70, 0x7E, 0x7E, 0x7D, 0x7F, 0x82, 0x77, 0x74, 0x87, 0x94, 0x8B, 0x94, 0xA2, 0x94, 0x82 ; file 0FDE42
db 0x8A, 0x93, 0xA3, 0x9A, 0x73, 0x5F, 0x63, 0x61, 0x54, 0x64, 0x7E, 0x88, 0x86, 0x85, 0x94, 0x9E ; file 0FDE52
db 0x94, 0x7B, 0x60, 0x60, 0x6D, 0x7C, 0x87, 0xA4, 0x9E, 0x78, 0x6A, 0x6D, 0x7C, 0x7C, 0x7C, 0x81 ; file 0FDE62
db 0x82, 0x7A, 0x73, 0x84, 0x94, 0x8D, 0x90, 0x9F, 0x99, 0x85, 0x8C, 0x92, 0xA0, 0x9F, 0x78, 0x60 ; file 0FDE72
db 0x60, 0x63, 0x57, 0x5E, 0x7A, 0x85, 0x86, 0x83, 0x92, 0xA0, 0x98, 0x82, 0x62, 0x5F, 0x6B, 0x7A ; file 0FDE82
db 0x85, 0x9F, 0xA3, 0x7C, 0x69, 0x6B, 0x79, 0x7C, 0x7B, 0x81, 0x82, 0x7C, 0x73, 0x80, 0x94, 0x8E ; file 0FDE92
db 0x8E, 0x9A, 0x9E, 0x89, 0x8C, 0x93, 0x9C, 0xA1, 0x7F, 0x61, 0x5E, 0x63, 0x5B, 0x5A, 0x75, 0x82 ; file 0FDEA2
db 0x85, 0x82, 0x8E, 0xA2, 0x9C, 0x8A, 0x66, 0x5D, 0x6A, 0x79, 0x84, 0x99, 0xA5, 0x82, 0x69, 0x6A ; file 0FDEB2
db 0x76, 0x7A, 0x7A, 0x81, 0x82, 0x7D, 0x74, 0x7D, 0x94, 0x8E, 0x8E, 0x95, 0xA0, 0x8F, 0x8C, 0x95 ; file 0FDEC2
db 0x9A, 0xA1, 0x86, 0x62, 0x5D, 0x61, 0x5F, 0x58, 0x70, 0x80, 0x82, 0x82, 0x8A, 0xA4, 0x9F, 0x92 ; file 0FDED2
db 0x6B, 0x5B, 0x68, 0x77, 0x85, 0x96, 0xA6, 0x87, 0x66, 0x68, 0x73, 0x78, 0x78, 0x81, 0x83, 0x7C ; file 0FDEE2
db 0x75, 0x7B, 0x95, 0x8E, 0x90, 0x93, 0xA3, 0x93, 0x8E, 0x99, 0x9A, 0xA3, 0x8B, 0x5F, 0x59, 0x5C ; file 0FDEF2
db 0x5E, 0x52, 0x6B, 0x7E, 0x80, 0x82, 0x8A, 0xAB, 0xA4, 0x99, 0x6D, 0x56, 0x65, 0x75, 0x85, 0x94 ; file 0FDF02
db 0xA8, 0x8D, 0x62, 0x66, 0x6F, 0x76, 0x76, 0x80, 0x86, 0x7B, 0x76, 0x79, 0x97, 0x8E, 0x94, 0x90 ; file 0FDF12
db 0xA6, 0x98, 0x92, 0x9E, 0x9C, 0xA4, 0x91, 0x5B, 0x56, 0x55, 0x5C, 0x4E, 0x63, 0x7C, 0x7B, 0x82 ; file 0FDF22
db 0x86, 0xB1, 0xAA, 0xA2, 0x71, 0x52, 0x61, 0x75, 0x85, 0x96, 0xA9, 0x95, 0x5E, 0x64, 0x6B, 0x73 ; file 0FDF32
db 0x73, 0x7E, 0x89, 0x79, 0x78, 0x76, 0x98, 0x8F, 0x97, 0x8E, 0xA5, 0x9F, 0x97, 0xA3, 0xA1, 0xA3 ; file 0FDF42
db 0x9B, 0x5A, 0x54, 0x4E, 0x5B, 0x4D, 0x5B, 0x7A, 0x76, 0x82, 0x81, 0xB1, 0xB0, 0xA9, 0x7B, 0x51 ; file 0FDF52
db 0x5D, 0x74, 0x82, 0x97, 0xA3, 0x9F, 0x5E, 0x63, 0x68, 0x71, 0x70, 0x7C, 0x8C, 0x79, 0x7A, 0x74 ; file 0FDF62
db 0x95, 0x91, 0x96, 0x8E, 0x9C, 0xA5, 0x9B, 0xA2, 0xA6, 0x9B, 0xA3, 0x60, 0x54, 0x4B, 0x5A, 0x52 ; file 0FDF72
db 0x54, 0x77, 0x72, 0x81, 0x7D, 0xAC, 0xB6, 0xAD, 0x87, 0x53, 0x5A, 0x73, 0x7E, 0x99, 0x9A, 0xA6 ; file 0FDF82
db 0x62, 0x60, 0x66, 0x6F, 0x6D, 0x7A, 0x8C, 0x7A, 0x7B, 0x74, 0x91, 0x93, 0x94, 0x92, 0x92, 0xA9 ; file 0FDF92
db 0x9F, 0xA0, 0xAC, 0x96, 0xA8, 0x68, 0x54, 0x4A, 0x55, 0x58, 0x4F, 0x71, 0x70, 0x7D, 0x7B, 0xA5 ; file 0FDFA2
db 0xBB, 0xAF, 0x95, 0x58, 0x57, 0x71, 0x7B, 0x9A, 0x94, 0xA9, 0x6C, 0x5C, 0x66, 0x6C, 0x6B, 0x77 ; file 0FDFB2
db 0x8B, 0x7F, 0x79, 0x76, 0x8C, 0x96, 0x91, 0x97, 0x89, 0xAA, 0xA4, 0xA0, 0xB1, 0x94, 0xA7, 0x74 ; file 0FDFC2
db 0x53, 0x4B, 0x4F, 0x5E, 0x4E, 0x69, 0x70, 0x78, 0x7C, 0x9C, 0xBE, 0xB2, 0xA1, 0x60, 0x54, 0x6E ; file 0FDFD2
db 0x7A, 0x98, 0x92, 0xA7, 0x75, 0x59, 0x65, 0x69, 0x69, 0x74, 0x87, 0x85, 0x76, 0x79, 0x88, 0x97 ; file 0FDFE2
db 0x8F, 0x9B, 0x83, 0xA6, 0xA9, 0xA2, 0xB4, 0x97, 0xA3, 0x7F, 0x54, 0x4D, 0x49, 0x60, 0x51, 0x61 ; file 0FDFF2
db 0x70, 0x71, 0x7C, 0x93, 0xBF, 0xB6, 0xA9, 0x6B, 0x53, 0x6B, 0x7A, 0x94, 0x95, 0xA0, 0x82, 0x58 ; file 0FE002
db 0x64, 0x68, 0x67, 0x70, 0x83, 0x89, 0x74, 0x7C, 0x84, 0x97, 0x8E, 0x9B, 0x82, 0x9D, 0xAD, 0xA6 ; file 0FE012
db 0xB3, 0x9F, 0x9C, 0x87, 0x58, 0x4E, 0x44, 0x5F, 0x56, 0x5A, 0x6F, 0x6B, 0x7A, 0x8A, 0xBB, 0xBA ; file 0FE022
db 0xAF, 0x77, 0x55, 0x67, 0x7B, 0x8F, 0x9C, 0x98, 0x8B, 0x5B, 0x61, 0x68, 0x66, 0x6C, 0x80, 0x8C ; file 0FE032
db 0x74, 0x7C, 0x82, 0x97, 0x8E, 0x9A, 0x86, 0x93, 0xAE, 0xAA, 0xB2, 0xA9, 0x96, 0x8E, 0x5F, 0x4E ; file 0FE042
db 0x43, 0x5B, 0x5C, 0x57, 0x6C, 0x67, 0x76, 0x84, 0xB5, 0xBD, 0xB2, 0x85, 0x5A, 0x62, 0x7B, 0x8B ; file 0FE052
db 0xA0, 0x92, 0x90, 0x61, 0x5C, 0x69, 0x63, 0x69, 0x7C, 0x8C, 0x77, 0x7A, 0x81, 0x96, 0x8E, 0x98 ; file 0FE062
db 0x8B, 0x89, 0xAB, 0xB0, 0xB1, 0xB1, 0x93, 0x91, 0x67, 0x4E, 0x44, 0x54, 0x61, 0x56, 0x66, 0x66 ; file 0FE072
db 0x71, 0x80, 0xAE, 0xBF, 0xB6, 0x92, 0x61, 0x5E, 0x79, 0x88, 0xA2, 0x8F, 0x90, 0x69, 0x58, 0x69 ; file 0FE082
db 0x61, 0x66, 0x78, 0x8B, 0x7C, 0x77, 0x82, 0x95, 0x8D, 0x96, 0x91, 0x82, 0xA4, 0xB5, 0xB2, 0xB7 ; file 0FE092
db 0x94, 0x91, 0x6E, 0x50, 0x45, 0x4E, 0x64, 0x59, 0x60, 0x65, 0x6C, 0x7D, 0xA7, 0xBF, 0xBB, 0x9C ; file 0FE0A2
db 0x6A, 0x5C, 0x77, 0x87, 0xA1, 0x91, 0x8E, 0x70, 0x56, 0x69, 0x61, 0x63, 0x73, 0x89, 0x80, 0x75 ; file 0FE0B2
db 0x82, 0x93, 0x8D, 0x95, 0x94, 0x80, 0x9B, 0xB9, 0xB4, 0xBA, 0x99, 0x8E, 0x74, 0x54, 0x47, 0x49 ; file 0FE0C2
db 0x63, 0x5E, 0x5C, 0x63, 0x67, 0x78, 0xA0, 0xBD, 0xC0, 0xA3, 0x73, 0x5C, 0x75, 0x85, 0x9E, 0x95 ; file 0FE0D2
db 0x89, 0x75, 0x58, 0x65, 0x62, 0x5F, 0x6F, 0x87, 0x83, 0x75, 0x81, 0x93, 0x8D, 0x95, 0x95, 0x81 ; file 0FE0E2
db 0x90, 0xBB, 0xB8, 0xBC, 0xA0, 0x8C, 0x77, 0x5B, 0x47, 0x45, 0x5F, 0x63, 0x5A, 0x5F, 0x64, 0x73 ; file 0FE0F2
db 0x9B, 0xB9, 0xC5, 0xAA, 0x7C, 0x5F, 0x71, 0x84, 0x9C, 0x9A, 0x86, 0x77, 0x5E, 0x61, 0x64, 0x5B ; file 0FE102
db 0x6B, 0x84, 0x84, 0x77, 0x7E, 0x94, 0x8E, 0x93, 0x95, 0x84, 0x86, 0xB8, 0xBB, 0xBE, 0xA7, 0x8D ; file 0FE112
db 0x77, 0x62, 0x47, 0x44, 0x59, 0x68, 0x5B, 0x5A, 0x62, 0x6C, 0x96, 0xB5, 0xC7, 0xB0, 0x86, 0x64 ; file 0FE122
db 0x6E, 0x81, 0x9B, 0x9D, 0x87, 0x75, 0x65, 0x5C, 0x66, 0x58, 0x67, 0x80, 0x84, 0x7A, 0x7A, 0x95 ; file 0FE132
db 0x8F, 0x90, 0x96, 0x87, 0x80, 0xB1, 0xC0, 0xC1, 0xAD, 0x91, 0x75, 0x69, 0x49, 0x43, 0x53, 0x6A ; file 0FE142
db 0x5E, 0x55, 0x61, 0x65, 0x90, 0xB0, 0xC7, 0xB8, 0x8E, 0x6C, 0x6B, 0x7F, 0x99, 0x9D, 0x8B, 0x71 ; file 0FE152
db 0x6C, 0x59, 0x67, 0x57, 0x64, 0x7C, 0x84, 0x7D, 0x77, 0x95, 0x91, 0x8D, 0x97, 0x88, 0x7E, 0xA6 ; file 0FE162
db 0xC4, 0xC5, 0xB1, 0x98, 0x71, 0x6E, 0x4D, 0x43, 0x4E, 0x69, 0x64, 0x51, 0x5E, 0x60, 0x8A, 0xAB ; file 0FE172
db 0xC4, 0xBF, 0x95, 0x76, 0x6B, 0x7C, 0x98, 0x9D, 0x91, 0x6C, 0x70, 0x5A, 0x65, 0x57, 0x60, 0x77 ; file 0FE182
db 0x84, 0x7E, 0x76, 0x93, 0x94, 0x8B, 0x99, 0x88, 0x80, 0x99, 0xC5, 0xC8, 0xB4, 0xA0, 0x70, 0x70 ; file 0FE192
db 0x54, 0x42, 0x4B, 0x65, 0x6A, 0x51, 0x59, 0x5D, 0x82, 0xA8, 0xBE, 0xC5, 0x9A, 0x80, 0x6D, 0x79 ; file 0FE1A2
db 0x95, 0x9D, 0x96, 0x6A, 0x70, 0x5F, 0x62, 0x5A, 0x5C, 0x72, 0x83, 0x7E, 0x78, 0x8E, 0x98, 0x88 ; file 0FE1B2
db 0x98, 0x88, 0x84, 0x8D, 0xC3, 0xCD, 0xB8, 0xA6, 0x71, 0x6E, 0x5C, 0x41, 0x4A, 0x5F, 0x6F, 0x53 ; file 0FE1C2
db 0x52, 0x5C, 0x77, 0xA7, 0xB8, 0xC9, 0xA0, 0x89, 0x71, 0x77, 0x92, 0x9F, 0x99, 0x6B, 0x6C, 0x65 ; file 0FE1D2
db 0x5F, 0x5C, 0x58, 0x6E, 0x81, 0x7D, 0x7B, 0x88, 0x9C, 0x87, 0x97, 0x89, 0x87, 0x84, 0xBD, 0xD1 ; file 0FE1E2
db 0xBD, 0xAB, 0x76, 0x69, 0x63, 0x42, 0x4A, 0x59, 0x72, 0x59, 0x4C, 0x5B, 0x6E, 0xA4, 0xB3, 0xCA ; file 0FE1F2
db 0xA7, 0x8F, 0x78, 0x76, 0x8E, 0xA1, 0x99, 0x71, 0x65, 0x6B, 0x5D, 0x5D, 0x55, 0x6A, 0x7F, 0x7C ; file 0FE202
db 0x7E, 0x83, 0x9F, 0x87, 0x95, 0x8C, 0x88, 0x80, 0xB3, 0xD5, 0xC4, 0xAD, 0x7F, 0x63, 0x69, 0x46 ; file 0FE212
db 0x49, 0x53, 0x71, 0x61, 0x47, 0x59, 0x66, 0xA0, 0xAE, 0xC8, 0xAF, 0x94, 0x7F, 0x77, 0x8B, 0xA2 ; file 0FE222
db 0x97, 0x7A, 0x5D, 0x6E, 0x5F, 0x5D, 0x54, 0x65, 0x7B, 0x7B, 0x80, 0x81, 0xA0, 0x88, 0x93, 0x8E ; file 0FE232
db 0x87, 0x80, 0xA8, 0xD6, 0xCC, 0xAE, 0x8B, 0x5D, 0x6B, 0x4C, 0x47, 0x50, 0x6D, 0x69, 0x45, 0x54 ; file 0FE242
db 0x60, 0x99, 0xAB, 0xC5, 0xB7, 0x97, 0x88, 0x7B, 0x86, 0xA3, 0x97, 0x81, 0x57, 0x6E, 0x64, 0x5A ; file 0FE252
db 0x54, 0x60, 0x78, 0x7A, 0x7F, 0x81, 0x9F, 0x8D, 0x91, 0x90, 0x85, 0x82, 0x9D, 0xD4, 0xD4, 0xB0 ; file 0FE262
db 0x96, 0x5C, 0x69, 0x54, 0x45, 0x4F, 0x67, 0x70, 0x47, 0x4E, 0x5C, 0x91, 0xAA, 0xC0, 0xBC, 0x9A ; file 0FE272
db 0x90, 0x80, 0x82, 0xA2, 0x98, 0x86, 0x55, 0x6A, 0x6A, 0x58, 0x55, 0x5B, 0x76, 0x79, 0x7E, 0x82 ; file 0FE282
db 0x9B, 0x91, 0x8F, 0x91, 0x84, 0x84, 0x95, 0xCD, 0xDB, 0xB5, 0x9D, 0x5F, 0x64, 0x5B, 0x44, 0x4F ; file 0FE292
db 0x61, 0x74, 0x4B, 0x48, 0x58, 0x87, 0xA9, 0xBB, 0xBF, 0x9F, 0x95, 0x88, 0x80, 0xA1, 0x9A, 0x89 ; file 0FE2A2
db 0x57, 0x62, 0x70, 0x57, 0x55, 0x58, 0x72, 0x76, 0x7C, 0x84, 0x97, 0x96, 0x8E, 0x91, 0x85, 0x85 ; file 0FE2B2
db 0x91, 0xC2, 0xE1, 0xBA, 0xA3, 0x65, 0x5E, 0x60, 0x47, 0x4E, 0x5C, 0x75, 0x53, 0x43, 0x54, 0x7E ; file 0FE2C2
db 0xA7, 0xB7, 0xC0, 0xA5, 0x99, 0x91, 0x80, 0x9E, 0x9C, 0x8B, 0x5D, 0x5A, 0x73, 0x5A, 0x53, 0x57 ; file 0FE2D2
db 0x6E, 0x74, 0x7A, 0x84, 0x95, 0x98, 0x8E, 0x91, 0x85, 0x84, 0x90, 0xB6, 0xE5, 0xC1, 0xA7, 0x6E ; file 0FE2E2
db 0x59, 0x63, 0x4B, 0x4D, 0x58, 0x72, 0x5B, 0x41, 0x4F, 0x77, 0xA2, 0xB3, 0xBF, 0xAA, 0x9B, 0x99 ; file 0FE2F2
db 0x83, 0x9A, 0x9D, 0x8E, 0x63, 0x53, 0x72, 0x60, 0x50, 0x57, 0x69, 0x72, 0x78, 0x83, 0x95, 0x99 ; file 0FE302
db 0x8F, 0x91, 0x85, 0x83, 0x90, 0xAB, 0xE4, 0xC9, 0xAC, 0x76, 0x56, 0x62, 0x52, 0x4B, 0x57, 0x6D ; file 0FE312
db 0x63, 0x42, 0x48, 0x71, 0x9B, 0xB2, 0xBC, 0xAE, 0x9E, 0xA1, 0x89, 0x97, 0x9E, 0x91, 0x67, 0x51 ; file 0FE322
db 0x6D, 0x68, 0x4D, 0x57, 0x65, 0x71, 0x75, 0x80, 0x96, 0x98, 0x92, 0x91, 0x84, 0x82, 0x91, 0xA2 ; file 0FE332
db 0xDE, 0xD1, 0xB1, 0x7E, 0x58, 0x5E, 0x57, 0x4B, 0x56, 0x68, 0x68, 0x46, 0x41, 0x6C, 0x93, 0xB0 ; file 0FE342
db 0xB9, 0xB0, 0xA3, 0xA5, 0x91, 0x94, 0x9E, 0x94, 0x6A, 0x52, 0x65, 0x6F, 0x4D, 0x56, 0x61, 0x6F ; file 0FE352
db 0x72, 0x7E, 0x96, 0x97, 0x94, 0x91, 0x84, 0x83, 0x8F, 0x9D, 0xD4, 0xD8, 0xB8, 0x84, 0x5D, 0x58 ; file 0FE362
db 0x5B, 0x4D, 0x55, 0x63, 0x6A, 0x4C, 0x3C, 0x65, 0x8D, 0xAC, 0xB6, 0xAF, 0xA8, 0xA8, 0x99, 0x93 ; file 0FE372
db 0x9E, 0x97, 0x6D, 0x56, 0x5C, 0x73, 0x50, 0x54, 0x5F, 0x6C, 0x6F, 0x7C, 0x95, 0x98, 0x94, 0x93 ; file 0FE382
db 0x83, 0x84, 0x8C, 0x9C, 0xC9, 0xDD, 0xBF, 0x89, 0x64, 0x53, 0x5D, 0x52, 0x53, 0x60, 0x6A, 0x53 ; file 0FE392
db 0x3A, 0x5D, 0x87, 0xA7, 0xB5, 0xAE, 0xAC, 0xA9, 0xA2, 0x95, 0x9D, 0x99, 0x70, 0x5A, 0x55, 0x74 ; file 0FE3A2
db 0x56, 0x50, 0x5E, 0x69, 0x6C, 0x79, 0x92, 0x9B, 0x92, 0x95, 0x83, 0x85, 0x89, 0x9D, 0xBD, 0xDE ; file 0FE3B2
db 0xC6, 0x8E, 0x6B, 0x51, 0x5B, 0x58, 0x51, 0x5F, 0x67, 0x5A, 0x3C, 0x53, 0x83, 0x9F, 0xB5, 0xAB ; file 0FE3C2
db 0xAF, 0xAB, 0xA9, 0x99, 0x9C, 0x9A, 0x76, 0x5D, 0x51, 0x70, 0x5E, 0x4D, 0x5E, 0x67, 0x6A, 0x77 ; file 0FE3D2
db 0x8E, 0x9E, 0x90, 0x99, 0x84, 0x84, 0x86, 0x9E, 0xB4, 0xDC, 0xCD, 0x97, 0x70, 0x53, 0x56, 0x5D ; file 0FE3E2
db 0x50, 0x5E, 0x63, 0x5E, 0x40, 0x4A, 0x80, 0x98, 0xB4, 0xA9, 0xB0, 0xAD, 0xAF, 0x9F, 0x9D, 0x9A ; file 0FE3F2
db 0x7B, 0x5D, 0x52, 0x69, 0x65, 0x4B, 0x5C, 0x65, 0x68, 0x74, 0x8A, 0xA2, 0x8E, 0x9B, 0x86, 0x83 ; file 0FE402
db 0x85, 0x9D, 0xAE, 0xD6, 0xD3, 0xA2, 0x73, 0x58, 0x50, 0x60, 0x52, 0x5C, 0x61, 0x5F, 0x46, 0x41 ; file 0FE412
db 0x7B, 0x91, 0xB2, 0xA8, 0xAE, 0xB0, 0xB3, 0xA5, 0x9E, 0x99, 0x81, 0x5C, 0x54, 0x61, 0x6B, 0x4C ; file 0FE422
db 0x58, 0x64, 0x65, 0x71, 0x85, 0xA3, 0x8E, 0x9B, 0x8A, 0x82, 0x84, 0x9A, 0xAC, 0xCE, 0xD7, 0xAD ; file 0FE432
db 0x76, 0x5F, 0x4C, 0x61, 0x56, 0x5A, 0x60, 0x5E, 0x4F, 0x3C, 0x73, 0x8C, 0xAD, 0xA9, 0xAA, 0xB3 ; file 0FE442
db 0xB5, 0xAC, 0xA2, 0x98, 0x87, 0x5D, 0x58, 0x5A, 0x6D, 0x50, 0x54, 0x64, 0x62, 0x6D, 0x81, 0xA2 ; file 0FE452
db 0x91, 0x99, 0x8E, 0x80, 0x83, 0x97, 0xAB, 0xC5, 0xD7, 0xB8, 0x7A, 0x66, 0x4A, 0x5E, 0x5B, 0x58 ; file 0FE462
db 0x60, 0x5B, 0x56, 0x3A, 0x69, 0x88, 0xA6, 0xAB, 0xA5, 0xB4, 0xB7, 0xB2, 0xA7, 0x97, 0x8C, 0x60 ; file 0FE472
db 0x5A, 0x56, 0x6B, 0x57, 0x4F, 0x65, 0x60, 0x6A, 0x7C, 0x9F, 0x96, 0x95, 0x94, 0x7F, 0x82, 0x94 ; file 0FE482
db 0xAB, 0xBF, 0xD4, 0xC3, 0x80, 0x6C, 0x4C, 0x58, 0x61, 0x57, 0x61, 0x59, 0x5A, 0x3C, 0x5E, 0x85 ; file 0FE492
db 0x9F, 0xAD, 0xA1, 0xB3, 0xBA, 0xB6, 0xAD, 0x97, 0x8F, 0x64, 0x5A, 0x56, 0x66, 0x5E, 0x4D, 0x63 ; file 0FE4A2
db 0x5F, 0x67, 0x77, 0x9B, 0x9A, 0x91, 0x99, 0x7F, 0x81, 0x91, 0xA8, 0xBB, 0xCD, 0xCC, 0x88, 0x70 ; file 0FE4B2
db 0x52, 0x51, 0x65, 0x58, 0x61, 0x56, 0x5C, 0x42, 0x55, 0x81, 0x97, 0xAD, 0x9E, 0xB1, 0xBD, 0xB9 ; file 0FE4C2
db 0xB3, 0x99, 0x91, 0x69, 0x5A, 0x58, 0x5F, 0x63, 0x4E, 0x60, 0x60, 0x63, 0x73, 0x95, 0x9E, 0x90 ; file 0FE4D2
db 0x9C, 0x81, 0x80, 0x8F, 0xA5, 0xB9, 0xC5, 0xD3, 0x93, 0x72, 0x5A, 0x4A, 0x65, 0x5C, 0x60, 0x56 ; file 0FE4E2
db 0x5A, 0x49, 0x4E, 0x7C, 0x92, 0xAB, 0x9D, 0xAD, 0xBF, 0xBA, 0xBA, 0x9E, 0x92, 0x6E, 0x5A, 0x5B ; file 0FE4F2
db 0x59, 0x64, 0x51, 0x5C, 0x61, 0x5F, 0x6F, 0x90, 0xA0, 0x90, 0x9B, 0x84, 0x7F, 0x8D, 0xA1, 0xBA ; file 0FE502
db 0xBD, 0xD5, 0x9E, 0x75, 0x61, 0x47, 0x63, 0x61, 0x5E, 0x57, 0x57, 0x50, 0x49, 0x74, 0x8D, 0xA6 ; file 0FE512
db 0x9D, 0xA8, 0xC0, 0xBD, 0xC0, 0xA6, 0x93, 0x72, 0x5B, 0x5C, 0x57, 0x62, 0x57, 0x56, 0x63, 0x5C ; file 0FE522
db 0x6C, 0x8A, 0xA0, 0x92, 0x99, 0x89, 0x7F, 0x89, 0x9E, 0xB9, 0xB9, 0xD3, 0xAB, 0x79, 0x67, 0x48 ; file 0FE532
db 0x5D, 0x65, 0x5D, 0x5A, 0x52, 0x55, 0x48, 0x6C, 0x89, 0xA1, 0x9F, 0xA4, 0xBE, 0xC0, 0xC3, 0xAF ; file 0FE542
db 0x94, 0x77, 0x5D, 0x5C, 0x58, 0x5D, 0x5D, 0x53, 0x64, 0x5A, 0x68, 0x83, 0xA0, 0x94, 0x97, 0x8F ; file 0FE552
db 0x7F, 0x85, 0x9C, 0xB6, 0xB8, 0xCB, 0xB7, 0x7F, 0x6B, 0x4D, 0x56, 0x68, 0x5E, 0x5D, 0x4F, 0x57 ; file 0FE562
db 0x4A, 0x64, 0x84, 0x9B, 0xA0, 0x9F, 0xBA, 0xC4, 0xC4, 0xB9, 0x96, 0x7C, 0x5F, 0x5A, 0x5B, 0x58 ; file 0FE572
db 0x61, 0x52, 0x63, 0x5A, 0x65, 0x7D, 0x9E, 0x96, 0x95, 0x93, 0x80, 0x81, 0x9A, 0xB2, 0xBA, 0xC2 ; file 0FE582
db 0xC1, 0x86, 0x6E, 0x54, 0x4F, 0x69, 0x62, 0x5E, 0x4E, 0x56, 0x4D, 0x5E, 0x7E, 0x97, 0x9F, 0x9C ; file 0FE592
db 0xB4, 0xC8, 0xC4, 0xC2, 0x9B, 0x81, 0x61, 0x59, 0x5E, 0x53, 0x61, 0x55, 0x60, 0x5B, 0x61, 0x77 ; file 0FE5A2
db 0x9B, 0x98, 0x96, 0x95, 0x83, 0x7F, 0x97, 0xAD, 0xBD, 0xB9, 0xC7, 0x90, 0x71, 0x5B, 0x4A, 0x66 ; file 0FE5B2
db 0x66, 0x5E, 0x4F, 0x53, 0x51, 0x5A, 0x77, 0x93, 0x9D, 0x9B, 0xAD, 0xCA, 0xC5, 0xCA, 0xA1, 0x85 ; file 0FE5C2
db 0x63, 0x59, 0x60, 0x52, 0x5E, 0x5A, 0x5C, 0x5D, 0x5D, 0x71, 0x97, 0x98, 0x97, 0x95, 0x86, 0x7D ; file 0FE5D2
db 0x94, 0xA9, 0xC0, 0xB3, 0xC8, 0x99, 0x76, 0x61, 0x49, 0x61, 0x6B, 0x5F, 0x51, 0x4F, 0x53, 0x59 ; file 0FE5E2
db 0x6F, 0x8F, 0x9A, 0x9A, 0xA8, 0xC9, 0xC7, 0xCE, 0xAA, 0x89, 0x66, 0x5B, 0x5F, 0x54, 0x58, 0x5F ; file 0FE5F2
db 0x59, 0x5F, 0x5A, 0x6C, 0x91, 0x99, 0x98, 0x95, 0x8A, 0x7D, 0x90, 0xA6, 0xC0, 0xB1, 0xC5, 0xA3 ; file 0FE602
db 0x7B, 0x65, 0x4C, 0x59, 0x6D, 0x61, 0x53, 0x4C, 0x53, 0x5A, 0x69, 0x8A, 0x97, 0x98, 0xA3, 0xC5 ; file 0FE612
db 0xCA, 0xD1, 0xB4, 0x8E, 0x68, 0x5D, 0x5D, 0x58, 0x51, 0x62, 0x59, 0x5E, 0x59, 0x67, 0x8B, 0x9A ; file 0FE622
db 0x99, 0x96, 0x8C, 0x7F, 0x8C, 0xA3, 0xBE, 0xB2, 0xBF, 0xAB, 0x82, 0x68, 0x51, 0x52, 0x6E, 0x66 ; file 0FE632
db 0x54, 0x4A, 0x51, 0x5B, 0x65, 0x84, 0x95, 0x96, 0xA0, 0xC0, 0xCE, 0xD1, 0xBF, 0x95, 0x6B, 0x5E ; file 0FE642
db 0x5C, 0x5D, 0x4B, 0x62, 0x5B, 0x5C, 0x59, 0x63, 0x84, 0x9A, 0x98, 0x98, 0x8C, 0x82, 0x87, 0xA1 ; file 0FE652
db 0xBB, 0xB6, 0xB8, 0xB1, 0x8A, 0x6C, 0x57, 0x4E, 0x6A, 0x6B, 0x56, 0x4A, 0x4E, 0x5D, 0x64, 0x7B ; file 0FE662
db 0x93, 0x92, 0x9E, 0xB9, 0xCF, 0xD1, 0xC8, 0x9D, 0x6F, 0x5F, 0x5B, 0x60, 0x4A, 0x5E, 0x5F, 0x5A ; file 0FE672
db 0x59, 0x5E, 0x7D, 0x99, 0x96, 0x9B, 0x8B, 0x85, 0x84, 0x9D, 0xB7, 0xBB, 0xB2, 0xB4, 0x93, 0x71 ; file 0FE682
db 0x5C, 0x4E, 0x65, 0x70, 0x58, 0x4B, 0x4B, 0x5D, 0x65, 0x73, 0x91, 0x8E, 0x9C, 0xB2, 0xCF, 0xD2 ; file 0FE692
db 0xD0, 0xA6, 0x74, 0x5F, 0x5C, 0x60, 0x4C, 0x57, 0x64, 0x59, 0x5A, 0x5C, 0x77, 0x97, 0x94, 0x9D ; file 0FE6A2
db 0x8B, 0x89, 0x81, 0x9A, 0xB3, 0xBE, 0xAF, 0xB2, 0x9A, 0x77, 0x60, 0x51, 0x5E, 0x73, 0x5D, 0x4C ; file 0FE6B2
db 0x49, 0x5B, 0x68, 0x6C, 0x8E, 0x8B, 0x99, 0xAB, 0xCC, 0xD3, 0xD4, 0xAF, 0x7C, 0x5F, 0x5D, 0x60 ; file 0FE6C2
db 0x52, 0x50, 0x67, 0x5B, 0x59, 0x5B, 0x71, 0x93, 0x92, 0x9E, 0x8D, 0x8B, 0x80, 0x96, 0xAF, 0xBE ; file 0FE6D2
db 0xAF, 0xAE, 0x9F, 0x7E, 0x63, 0x56, 0x57, 0x73, 0x64, 0x4D, 0x48, 0x56, 0x6C, 0x69, 0x89, 0x89 ; file 0FE6E2
db 0x94, 0xA6, 0xC7, 0xD4, 0xD7, 0xB9, 0x84, 0x5F, 0x5E, 0x5F, 0x57, 0x4A, 0x66, 0x5F, 0x57, 0x5A ; file 0FE6F2
db 0x6B, 0x8F, 0x92, 0x9C, 0x91, 0x8A, 0x81, 0x92, 0xAC, 0xBD, 0xB1, 0xAA, 0xA2, 0x87, 0x66, 0x5B ; file 0FE702
db 0x53, 0x71, 0x6B, 0x4E, 0x48, 0x50, 0x6F, 0x67, 0x81, 0x8A, 0x8E, 0xA3, 0xC2, 0xD5, 0xD9, 0xC2 ; file 0FE712
db 0x8E, 0x60, 0x5E, 0x60, 0x5B, 0x47, 0x62, 0x65, 0x55, 0x5B, 0x65, 0x8A, 0x91, 0x9A, 0x96, 0x88 ; file 0FE722
db 0x84, 0x8F, 0xA8, 0xBD, 0xB3, 0xA8, 0xA1, 0x8E, 0x6B, 0x5E, 0x53, 0x6B, 0x72, 0x50, 0x49, 0x4A ; file 0FE732
db 0x6E, 0x6A, 0x79, 0x8A, 0x88, 0xA0, 0xBC, 0xD4, 0xDC, 0xC9, 0x9A, 0x62, 0x5E, 0x60, 0x5D, 0x47 ; file 0FE742
db 0x5B, 0x6A, 0x55, 0x5A, 0x60, 0x84, 0x90, 0x97, 0x9A, 0x86, 0x87, 0x8C, 0xA4, 0xBC, 0xB5, 0xA8 ; file 0FE752
db 0x9D, 0x96, 0x72, 0x60, 0x55, 0x64, 0x76, 0x54, 0x4A, 0x46, 0x6B, 0x6E, 0x73, 0x89, 0x82, 0x9D ; file 0FE762
db 0xB6, 0xD2, 0xDF, 0xCF, 0xA7, 0x66, 0x5D, 0x61, 0x5E, 0x4B, 0x52, 0x6D, 0x57, 0x58, 0x5E, 0x7F ; file 0FE772
db 0x8F, 0x94, 0x9D, 0x85, 0x89, 0x8A, 0xA0, 0xBB, 0xB5, 0xAB, 0x98, 0x9B, 0x79, 0x61, 0x5A, 0x5D ; file 0FE782
db 0x78, 0x5B, 0x4A, 0x44, 0x66, 0x73, 0x6E, 0x86, 0x7F, 0x98, 0xB2, 0xCD, 0xE1, 0xD3, 0xB2, 0x6D ; file 0FE792
db 0x5C, 0x61, 0x5F, 0x50, 0x4C, 0x6D, 0x5C, 0x55, 0x5D, 0x78, 0x8E, 0x91, 0x9E, 0x88, 0x88, 0x8A ; file 0FE7A2
db 0x9C, 0xB9, 0xB6, 0xAE, 0x94, 0x9C, 0x82, 0x63, 0x5F, 0x58, 0x76, 0x63, 0x49, 0x43, 0x5E, 0x78 ; file 0FE7B2
db 0x6C, 0x81, 0x7D, 0x91, 0xAE, 0xC8, 0xE2, 0xD8, 0xBD, 0x78, 0x5B, 0x61, 0x60, 0x53, 0x48, 0x68 ; file 0FE7C2
db 0x63, 0x52, 0x5C, 0x72, 0x8C, 0x8F, 0x9E, 0x8C, 0x87, 0x8B, 0x99, 0xB6, 0xB7, 0xB1, 0x92, 0x99 ; file 0FE7D2
db 0x89, 0x67, 0x63, 0x57, 0x71, 0x6A, 0x4A, 0x44, 0x56, 0x7A, 0x6D, 0x7B, 0x7D, 0x8A, 0xAB, 0xC3 ; file 0FE7E2
db 0xE0, 0xDD, 0xC5, 0x83, 0x5B, 0x5F, 0x62, 0x55, 0x47, 0x61, 0x6A, 0x50, 0x5C, 0x6D, 0x89, 0x8B ; file 0FE7F2
db 0x9C, 0x90, 0x85, 0x8C, 0x97, 0xB2, 0xB8, 0xB3, 0x93, 0x94, 0x90, 0x6C, 0x65, 0x5A, 0x6A, 0x71 ; file 0FE802
db 0x4D, 0x45, 0x4F, 0x7A, 0x71, 0x76, 0x7C, 0x84, 0xA7, 0xBE, 0xDC, 0xE2, 0xCA, 0x91, 0x5D, 0x5E ; file 0FE812
db 0x63, 0x56, 0x4A, 0x58, 0x6F, 0x52, 0x5A, 0x69, 0x86, 0x88, 0x9A, 0x94, 0x85, 0x8C, 0x96, 0xAE ; file 0FE822
db 0xBA, 0xB3, 0x97, 0x8C, 0x96, 0x72, 0x66, 0x5E, 0x63, 0x74, 0x52, 0x45, 0x4A, 0x77, 0x76, 0x72 ; file 0FE832
db 0x7A, 0x7F, 0xA1, 0xBB, 0xD7, 0xE7, 0xCE, 0x9E, 0x61, 0x5C, 0x64, 0x57, 0x4D, 0x51, 0x70, 0x56 ; file 0FE842
db 0x57, 0x67, 0x82, 0x85, 0x98, 0x96, 0x86, 0x8A, 0x96, 0xAA, 0xBB, 0xB2, 0x9D, 0x85, 0x98, 0x7A ; file 0FE852
db 0x67, 0x63, 0x5F, 0x73, 0x59, 0x45, 0x47, 0x71, 0x7B, 0x71, 0x76, 0x7C, 0x99, 0xB8, 0xD1, 0xEA ; file 0FE862
db 0xD2, 0xAA, 0x68, 0x5B, 0x64, 0x59, 0x4F, 0x4C, 0x6D, 0x5D, 0x53, 0x65, 0x7E, 0x83, 0x95, 0x97 ; file 0FE872
db 0x89, 0x87, 0x97, 0xA7, 0xBB, 0xB1, 0xA3, 0x7F, 0x95, 0x82, 0x69, 0x67, 0x5E, 0x70, 0x60, 0x46 ; file 0FE882
db 0x45, 0x6A, 0x7E, 0x74, 0x71, 0x79, 0x91, 0xB6, 0xCB, 0xEA, 0xD7, 0xB4, 0x71, 0x5A, 0x64, 0x5C ; file 0FE892
db 0x50, 0x4B, 0x67, 0x63, 0x51, 0x62, 0x7B, 0x81, 0x91, 0x97, 0x8C, 0x84, 0x98, 0xA4, 0xBA, 0xB1 ; file 0FE8A2
db 0xA7, 0x7E, 0x8F, 0x88, 0x6D, 0x69, 0x60, 0x6C, 0x66, 0x4A, 0x44, 0x63, 0x7F, 0x78, 0x6E, 0x76 ; file 0FE8B2
db 0x8A, 0xB3, 0xC6, 0xE8, 0xDB, 0xBC, 0x7A, 0x5B, 0x62, 0x5F, 0x50, 0x4D, 0x5F, 0x68, 0x52, 0x5F ; file 0FE8C2
db 0x78, 0x7F, 0x8C, 0x97, 0x8E, 0x83, 0x98, 0xA2, 0xB8, 0xB2, 0xA9, 0x80, 0x88, 0x8E, 0x73, 0x6A ; file 0FE8D2
db 0x65, 0x67, 0x69, 0x4F, 0x43, 0x5E, 0x7D, 0x7D, 0x6D, 0x72, 0x84, 0xAE, 0xC2, 0xE4, 0xE1, 0xC2 ; file 0FE8E2
db 0x85, 0x5F, 0x60, 0x61, 0x50, 0x4F, 0x59, 0x6A, 0x56, 0x5B, 0x76, 0x7D, 0x88, 0x96, 0x8E, 0x84 ; file 0FE8F2
db 0x95, 0xA2, 0xB6, 0xB2, 0xAB, 0x84, 0x80, 0x91, 0x79, 0x6C, 0x69, 0x64, 0x69, 0x55, 0x42, 0x5A ; file 0FE902
db 0x79, 0x81, 0x6E, 0x6C, 0x80, 0xA7, 0xBF, 0xDF, 0xE5, 0xC8, 0x90, 0x64, 0x5E, 0x62, 0x51, 0x51 ; file 0FE912
db 0x54, 0x68, 0x5A, 0x57, 0x75, 0x7B, 0x84, 0x95, 0x8E, 0x87, 0x92, 0xA3, 0xB4, 0xB2, 0xAC, 0x89 ; file 0FE922
db 0x7A, 0x8F, 0x7F, 0x6E, 0x6D, 0x64, 0x66, 0x5B, 0x42, 0x57, 0x74, 0x84, 0x72, 0x66, 0x7D, 0xA0 ; file 0FE932
db 0xBE, 0xDA, 0xE7, 0xCF, 0x9A, 0x6C, 0x5D, 0x62, 0x53, 0x51, 0x53, 0x63, 0x60, 0x54, 0x72, 0x7A ; file 0FE942
db 0x80, 0x93, 0x8D, 0x8A, 0x8E, 0xA4, 0xB3, 0xB2, 0xAD, 0x8D, 0x77, 0x8A, 0x85, 0x72, 0x6E, 0x66 ; file 0FE952
db 0x62, 0x5F, 0x44, 0x54, 0x6F, 0x84, 0x77, 0x62, 0x7A, 0x99, 0xBB, 0xD5, 0xE7, 0xD6, 0xA1, 0x74 ; file 0FE962
db 0x5E, 0x62, 0x55, 0x50, 0x54, 0x5D, 0x64, 0x54, 0x6E, 0x7A, 0x7C, 0x91, 0x8C, 0x8C, 0x8C, 0xA3 ; file 0FE972
db 0xB2, 0xB2, 0xAE, 0x90, 0x78, 0x82, 0x89, 0x78, 0x6F, 0x6B, 0x5F, 0x62, 0x49, 0x50, 0x6C, 0x81 ; file 0FE982
db 0x7E, 0x5F, 0x74, 0x93, 0xB6, 0xD0, 0xE5, 0xDB, 0xA8, 0x7D, 0x61, 0x61, 0x57, 0x4F, 0x56, 0x58 ; file 0FE992
db 0x65, 0x57, 0x69, 0x7A, 0x79, 0x8E, 0x8C, 0x8D, 0x8B, 0xA1, 0xB2, 0xB1, 0xAF, 0x92, 0x7A, 0x7B ; file 0FE9A2
db 0x8A, 0x7E, 0x70, 0x70, 0x5D, 0x61, 0x4F, 0x4D, 0x6A, 0x7D, 0x84, 0x60, 0x6E, 0x8D, 0xB0, 0xCD ; file 0FE9B2
db 0xE2, 0xDF, 0xAF, 0x86, 0x66, 0x60, 0x59, 0x50, 0x58, 0x55, 0x62, 0x5C, 0x65, 0x7B, 0x75, 0x8A ; file 0FE9C2
db 0x8B, 0x8D, 0x8C, 0x9E, 0xB3, 0xB1, 0xAF, 0x95, 0x7C, 0x75, 0x88, 0x83, 0x73, 0x73, 0x5E, 0x5E ; file 0FE9D2
db 0x55, 0x4B, 0x68, 0x78, 0x88, 0x64, 0x67, 0x89, 0xAA, 0xCA, 0xDF, 0xE1, 0xB6, 0x8C, 0x6C, 0x60 ; file 0FE9E2
db 0x5A, 0x51, 0x57, 0x56, 0x5D, 0x62, 0x61, 0x7B, 0x73, 0x87, 0x89, 0x8B, 0x8E, 0x9B, 0xB4, 0xB2 ; file 0FE9F2
db 0xAE, 0x98, 0x7E, 0x73, 0x82, 0x89, 0x77, 0x75, 0x62, 0x59, 0x5A, 0x4B, 0x66, 0x73, 0x89, 0x6A ; file 0FEA02
db 0x61, 0x84, 0xA3, 0xC7, 0xDC, 0xE1, 0xBE, 0x92, 0x74, 0x61, 0x5A, 0x52, 0x56, 0x58, 0x57, 0x65 ; file 0FEA12
db 0x5F, 0x79, 0x72, 0x83, 0x87, 0x8A, 0x8F, 0x99, 0xB3, 0xB4, 0xAC, 0x9B, 0x7F, 0x73, 0x7B, 0x8D ; file 0FEA22
db 0x7C, 0x76, 0x68, 0x54, 0x5D, 0x4D, 0x64, 0x70, 0x86, 0x72, 0x5E, 0x7E, 0x9F, 0xC1, 0xDA, 0xDF ; file 0FEA32
db 0xC6, 0x97, 0x7C, 0x64, 0x5A, 0x53, 0x54, 0x5B, 0x52, 0x66, 0x61, 0x76, 0x72, 0x7F, 0x86, 0x88 ; file 0FEA42
db 0x8E, 0x98, 0xB0, 0xB6, 0xAC, 0x9F, 0x7F, 0x76, 0x74, 0x8D, 0x82, 0x77, 0x6F, 0x52, 0x5C, 0x51 ; file 0FEA52
db 0x61, 0x6E, 0x83, 0x78, 0x5D, 0x76, 0x9B, 0xBB, 0xD8, 0xDC, 0xCD, 0x9C, 0x83, 0x6A, 0x5A, 0x54 ; file 0FEA62
db 0x54, 0x5D, 0x4F, 0x63, 0x65, 0x72, 0x73, 0x7B, 0x84, 0x86, 0x8D, 0x99, 0xAC, 0xB9, 0xAB, 0xA1 ; file 0FEA72
db 0x80, 0x78, 0x6F, 0x89, 0x88, 0x79, 0x74, 0x53, 0x59, 0x56, 0x5F, 0x6D, 0x7E, 0x7E, 0x5F, 0x6F ; file 0FEA82
db 0x97, 0xB3, 0xD6, 0xD9, 0xD1, 0xA1, 0x8A, 0x70, 0x5B, 0x54, 0x55, 0x5E, 0x4F, 0x5D, 0x68, 0x6F ; file 0FEA92
db 0x74, 0x78, 0x83, 0x84, 0x8B, 0x9A, 0xA8, 0xBC, 0xAB, 0xA3, 0x82, 0x7A, 0x6D, 0x83, 0x8E, 0x7D ; file 0FEAA2
db 0x77, 0x58, 0x55, 0x59, 0x5F, 0x6C, 0x79, 0x81, 0x63, 0x68, 0x92, 0xAC, 0xD3, 0xD7, 0xD4, 0xA8 ; file 0FEAB2
db 0x8F, 0x77, 0x5D, 0x53, 0x55, 0x5D, 0x52, 0x57, 0x6A, 0x6F, 0x73, 0x76, 0x81, 0x81, 0x89, 0x9A ; file 0FEAC2
db 0xA5, 0xBD, 0xAC, 0xA4, 0x84, 0x7B, 0x6E, 0x7B, 0x91, 0x82, 0x79, 0x5E, 0x51, 0x5A, 0x60, 0x6B ; file 0FEAD2
db 0x76, 0x81, 0x69, 0x63, 0x8B, 0xA6, 0xCF, 0xD5, 0xD4, 0xAE, 0x93, 0x7F, 0x61, 0x52, 0x55, 0x5C ; file 0FEAE2
db 0x56, 0x51, 0x6A, 0x70, 0x71, 0x74, 0x7F, 0x7E, 0x87, 0x98, 0xA4, 0xBC, 0xAE, 0xA5, 0x87, 0x7A ; file 0FEAF2
db 0x70, 0x73, 0x92, 0x88, 0x7B, 0x64, 0x4E, 0x59, 0x63, 0x6A, 0x74, 0x7F, 0x6F, 0x62, 0x84, 0xA2 ; file 0FEB02
db 0xC8, 0xD4, 0xD3, 0xB4, 0x97, 0x86, 0x67, 0x52, 0x55, 0x5B, 0x59, 0x4D, 0x66, 0x73, 0x70, 0x73 ; file 0FEB12
db 0x7C, 0x7C, 0x85, 0x96, 0xA4, 0xB9, 0xB1, 0xA6, 0x89, 0x7A, 0x73, 0x6D, 0x8E, 0x8E, 0x7E, 0x6A ; file 0FEB22
db 0x4E, 0x55, 0x65, 0x69, 0x72, 0x7C, 0x73, 0x63, 0x7C, 0x9E, 0xC1, 0xD4, 0xD2, 0xB9, 0x9C, 0x8D ; file 0FEB32
db 0x6F, 0x52, 0x54, 0x5B, 0x5B, 0x4C, 0x60, 0x76, 0x6F, 0x72, 0x7B, 0x7A, 0x82, 0x93, 0xA5, 0xB6 ; file 0FEB42
db 0xB5, 0xA7, 0x8B, 0x7B, 0x75, 0x6A, 0x88, 0x92, 0x82, 0x6E, 0x51, 0x50, 0x66, 0x6A, 0x71, 0x79 ; file 0FEB52
db 0x75, 0x66, 0x75, 0x9A, 0xBA, 0xD3, 0xD1, 0xBB, 0xA1, 0x92, 0x77, 0x54, 0x53, 0x5C, 0x5B, 0x4E ; file 0FEB62
db 0x59, 0x77, 0x71, 0x70, 0x79, 0x78, 0x80, 0x90, 0xA4, 0xB3, 0xB7, 0xA8, 0x8D, 0x7C, 0x76, 0x69 ; file 0FEB72
db 0x80, 0x96, 0x88, 0x72, 0x57, 0x4C, 0x65, 0x6D, 0x6F, 0x77, 0x75, 0x6B, 0x6F, 0x94, 0xB3, 0xD0 ; file 0FEB82
db 0xD0, 0xBC, 0xA6, 0x95, 0x80, 0x58, 0x51, 0x5C, 0x5C, 0x51, 0x53, 0x76, 0x75, 0x6D, 0x79, 0x76 ; file 0FEB92
db 0x7D, 0x8C, 0xA3, 0xB2, 0xB8, 0xAB, 0x8F, 0x7C, 0x76, 0x6B, 0x77, 0x96, 0x8E, 0x76, 0x5D, 0x4A ; file 0FEBA2
db 0x62, 0x71, 0x6E, 0x76, 0x73, 0x6F, 0x6D, 0x8D, 0xAE, 0xCD, 0xD0, 0xBD, 0xAA, 0x97, 0x88, 0x5F ; file 0FEBB2
db 0x50, 0x5B, 0x5D, 0x54, 0x4F, 0x71, 0x7A, 0x6A, 0x79, 0x74, 0x7B, 0x88, 0xA1, 0xB2, 0xB8, 0xAE ; file 0FEBC2
db 0x93, 0x7D, 0x77, 0x6D, 0x71, 0x92, 0x93, 0x7A, 0x62, 0x4A, 0x5B, 0x74, 0x6D, 0x76, 0x71, 0x72 ; file 0FEBD2
db 0x6C, 0x85, 0xA9, 0xC7, 0xCF, 0xBE, 0xAC, 0x9B, 0x8F, 0x68, 0x50, 0x59, 0x5F, 0x56, 0x4E, 0x6A ; file 0FEBE2
db 0x7F, 0x6A, 0x77, 0x74, 0x79, 0x84, 0x9D, 0xB1, 0xB7, 0xB1, 0x98, 0x7D, 0x77, 0x6F, 0x6D, 0x8B ; file 0FEBF2
db 0x97, 0x80, 0x66, 0x4E, 0x54, 0x76, 0x6E, 0x75, 0x70, 0x73, 0x6E, 0x7E, 0xA3, 0xC2, 0xCE, 0xC0 ; file 0FEC02
db 0xAD, 0x9F, 0x93, 0x71, 0x51, 0x57, 0x60, 0x57, 0x4F, 0x61, 0x82, 0x6B, 0x75, 0x75, 0x76, 0x81 ; file 0FEC12
db 0x9A, 0xB0, 0xB7, 0xB2, 0x9D, 0x7D, 0x78, 0x70, 0x6B, 0x83, 0x9A, 0x87, 0x69, 0x53, 0x4D, 0x75 ; file 0FEC22
db 0x71, 0x74, 0x70, 0x71, 0x71, 0x79, 0x9C, 0xBD, 0xCC, 0xC2, 0xAD, 0xA3, 0x97, 0x7B, 0x54, 0x55 ; file 0FEC32
db 0x61, 0x57, 0x52, 0x59, 0x81, 0x6F, 0x71, 0x76, 0x73, 0x7D, 0x96, 0xAE, 0xB8, 0xB3, 0xA2, 0x7F ; file 0FEC42
db 0x79, 0x71, 0x6B, 0x7B, 0x9A, 0x8E, 0x6D, 0x59, 0x49, 0x71, 0x76, 0x72, 0x70, 0x6E, 0x74, 0x77 ; file 0FEC52
db 0x94, 0xB8, 0xC9, 0xC5, 0xAD, 0xA7, 0x9A, 0x83, 0x5A, 0x52, 0x60, 0x59, 0x53, 0x53, 0x7D, 0x76 ; file 0FEC62
db 0x6D, 0x77, 0x70, 0x7A, 0x92, 0xAB, 0xBA, 0xB2, 0xA7, 0x81, 0x79, 0x72, 0x6D, 0x75, 0x97, 0x95 ; file 0FEC72
db 0x71, 0x5D, 0x48, 0x6A, 0x7A, 0x71, 0x72, 0x6B, 0x76, 0x76, 0x8C, 0xB4, 0xC5, 0xC7, 0xAC, 0xA9 ; file 0FEC82
db 0x9E, 0x8C, 0x61, 0x51, 0x5F, 0x5B, 0x54, 0x51, 0x75, 0x7C, 0x6B, 0x78, 0x6F, 0x77, 0x8D, 0xA7 ; file 0FEC92
db 0xBB, 0xB2, 0xAC, 0x85, 0x79, 0x73, 0x6E, 0x71, 0x90, 0x9B, 0x77, 0x61, 0x4A, 0x61, 0x7D, 0x72 ; file 0FECA2
db 0x73, 0x68, 0x76, 0x78, 0x84, 0xAE, 0xC1, 0xC8, 0xAD, 0xA9, 0xA1, 0x92, 0x6A, 0x51, 0x5D, 0x5D ; file 0FECB2
db 0x54, 0x51, 0x6C, 0x81, 0x6A, 0x77, 0x6E, 0x74, 0x88, 0xA3, 0xBB, 0xB2, 0xAF, 0x89, 0x78, 0x74 ; file 0FECC2
db 0x6E, 0x6F, 0x88, 0x9E, 0x80, 0x64, 0x4F, 0x58, 0x7E, 0x75, 0x73, 0x67, 0x73, 0x7B, 0x7F, 0xA7 ; file 0FECD2
db 0xBD, 0xC8, 0xAF, 0xA8, 0xA5, 0x97, 0x73, 0x54, 0x5A, 0x60, 0x54, 0x53, 0x64, 0x83, 0x6D, 0x74 ; file 0FECE2
db 0x6F, 0x72, 0x83, 0x9F, 0xB9, 0xB4, 0xB0, 0x8F, 0x78, 0x75, 0x6E, 0x6F, 0x7F, 0x9F, 0x88, 0x67 ; file 0FECF2
db 0x55, 0x52, 0x7B, 0x79, 0x73, 0x67, 0x70, 0x7D, 0x7D, 0x9F, 0xBA, 0xC4, 0xB2, 0xA5, 0xA8, 0x9B ; file 0FED02
db 0x7C, 0x58, 0x57, 0x60, 0x55, 0x55, 0x5D, 0x81, 0x72, 0x71, 0x70, 0x6F, 0x7E, 0x9B, 0xB6, 0xB8 ; file 0FED12
db 0xB0, 0x97, 0x79, 0x76, 0x6E, 0x70, 0x78, 0x9C, 0x91, 0x6B, 0x5A, 0x4E, 0x76, 0x7D, 0x74, 0x69 ; file 0FED22
db 0x6C, 0x7E, 0x7D, 0x96, 0xB8, 0xC1, 0xB6, 0xA3, 0xA9, 0x9F, 0x85, 0x5F, 0x55, 0x61, 0x56, 0x55 ; file 0FED32
db 0x59, 0x7C, 0x77, 0x6F, 0x71, 0x6D, 0x79, 0x96, 0xB2, 0xBB, 0xAF, 0x9E, 0x7A, 0x76, 0x6E, 0x70 ; file 0FED42
db 0x74, 0x95, 0x98, 0x71, 0x5E, 0x4E, 0x6E, 0x80, 0x76, 0x6B, 0x67, 0x7D, 0x80, 0x8E, 0xB5, 0xBD ; file 0FED52
db 0xBA, 0xA2, 0xA8, 0xA4, 0x8C, 0x67, 0x55, 0x60, 0x59, 0x54, 0x58, 0x75, 0x7B, 0x6E, 0x72, 0x6C ; file 0FED62
db 0x75, 0x91, 0xAD, 0xBE, 0xAF, 0xA4, 0x7D, 0x75, 0x70, 0x70, 0x72, 0x8D, 0x9D, 0x78, 0x61, 0x50 ; file 0FED72
db 0x66, 0x81, 0x79, 0x6D, 0x64, 0x79, 0x83, 0x87, 0xAF, 0xBA, 0xBC, 0xA3, 0xA6, 0xA8, 0x92, 0x6F ; file 0FED82
db 0x56, 0x5E, 0x5B, 0x54, 0x58, 0x6E, 0x7D, 0x70, 0x71, 0x6C, 0x72, 0x8B, 0xA9, 0xBF, 0xB0, 0xA8 ; file 0FED92
db 0x81, 0x75, 0x71, 0x6E, 0x72, 0x83, 0x9F, 0x80, 0x64, 0x53, 0x5F, 0x7F, 0x7D, 0x6E, 0x62, 0x74 ; file 0FEDA2
db 0x86, 0x84, 0xA9, 0xB8, 0xBC, 0xA4, 0xA3, 0xAB, 0x97, 0x77, 0x5A, 0x5C, 0x5C, 0x54, 0x58, 0x68 ; file 0FEDB2
db 0x7D, 0x73, 0x70, 0x6C, 0x6E, 0x86, 0xA4, 0xBE, 0xB3, 0xA9, 0x86, 0x75, 0x72, 0x6D, 0x73, 0x7C ; file 0FEDC2
db 0x9E, 0x88, 0x67, 0x57, 0x5B, 0x7B, 0x81, 0x71, 0x62, 0x6F, 0x88, 0x84, 0xA1, 0xB6, 0xBA, 0xA6 ; file 0FEDD2
db 0xA1, 0xAC, 0x9D, 0x7E, 0x5F, 0x5A, 0x5D, 0x55, 0x57, 0x64, 0x7A, 0x77, 0x70, 0x6C, 0x6C, 0x81 ; file 0FEDE2
db 0x9F, 0xBB, 0xB6, 0xAB, 0x8C, 0x76, 0x72, 0x6D, 0x73, 0x78, 0x99, 0x90, 0x6C, 0x5A, 0x59, 0x75 ; file 0FEDF2
db 0x83, 0x74, 0x63, 0x6A, 0x86, 0x86, 0x99, 0xB4, 0xB8, 0xA9, 0x9E, 0xAB, 0xA2, 0x85, 0x66, 0x5A ; file 0FEE02
db 0x5D, 0x56, 0x56, 0x63, 0x75, 0x7A, 0x71, 0x6C, 0x6B, 0x7C, 0x9A, 0xB8, 0xB9, 0xAC, 0x93, 0x77 ; file 0FEE12
db 0x72, 0x6D, 0x73, 0x76, 0x91, 0x97, 0x73, 0x5C, 0x59, 0x6F, 0x84, 0x78, 0x64, 0x66, 0x83, 0x89 ; file 0FEE22
db 0x92, 0xB0, 0xB6, 0xAA, 0x9D, 0xA8, 0xA7, 0x8A, 0x6E, 0x5B, 0x5D, 0x57, 0x55, 0x62, 0x70, 0x7B ; file 0FEE32
db 0x73, 0x6B, 0x6B, 0x77, 0x95, 0xB4, 0xBB, 0xAE, 0x97, 0x7A, 0x72, 0x6D, 0x72, 0x76, 0x88, 0x9A ; file 0FEE42
db 0x7A, 0x60, 0x5B, 0x6A, 0x82, 0x7E, 0x65, 0x63, 0x7D, 0x8D, 0x8F, 0xAB, 0xB4, 0xAA, 0x9C, 0xA4 ; file 0FEE52
db 0xAB, 0x90, 0x75, 0x5F, 0x5D, 0x58, 0x55, 0x62, 0x6D, 0x79, 0x77, 0x6A, 0x6B, 0x73, 0x8F, 0xAF ; file 0FEE62
db 0xBC, 0xAF, 0x9A, 0x7D, 0x72, 0x6E, 0x70, 0x76, 0x81, 0x99, 0x81, 0x63, 0x5D, 0x68, 0x7E, 0x83 ; file 0FEE72
db 0x68, 0x62, 0x77, 0x8F, 0x8D, 0xA5, 0xB2, 0xA9, 0x9C, 0xA0, 0xAD, 0x96, 0x7B, 0x64, 0x5D, 0x59 ; file 0FEE82
db 0x56, 0x60, 0x6C, 0x75, 0x7B, 0x6A, 0x6B, 0x6F, 0x8B, 0xAA, 0xBC, 0xB2, 0x9D, 0x81, 0x73, 0x6E ; file 0FEE92
db 0x6F, 0x77, 0x7D, 0x96, 0x88, 0x69, 0x5E, 0x67, 0x79, 0x86, 0x6C, 0x61, 0x71, 0x8F, 0x8F, 0x9F ; file 0FEEA2
db 0xAF, 0xA9, 0x9C, 0x9D, 0xAC, 0x9C, 0x81, 0x6A, 0x5E, 0x59, 0x57, 0x5E, 0x6C, 0x70, 0x7E, 0x6C ; file 0FEEB2
db 0x6A, 0x6D, 0x85, 0xA5, 0xBB, 0xB4, 0xA0, 0x85, 0x75, 0x6E, 0x6F, 0x77, 0x7B, 0x91, 0x8E, 0x6F ; file 0FEEC2
db 0x5F, 0x69, 0x73, 0x88, 0x72, 0x61, 0x6C, 0x8C, 0x91, 0x9B, 0xAC, 0xA9, 0x9B, 0x9B, 0xAA, 0xA2 ; file 0FEED2
db 0x85, 0x70, 0x60, 0x59, 0x58, 0x5B, 0x6D, 0x6B, 0x7E, 0x70, 0x68, 0x6B, 0x80, 0x9F, 0xB9, 0xB5 ; file 0FEEE2
db 0xA3, 0x86, 0x77, 0x6E, 0x6F, 0x75, 0x7B, 0x8A, 0x91, 0x76, 0x5F, 0x6A, 0x70, 0x86, 0x78, 0x61 ; file 0FEEF2
db 0x69, 0x88, 0x94, 0x99, 0xA7, 0xA9, 0x99, 0x99, 0xA7, 0xA7, 0x8A, 0x77, 0x64, 0x59, 0x58, 0x5A ; file 0FEF02
db 0x6D, 0x69, 0x7B, 0x76, 0x66, 0x6A, 0x7B, 0x9A, 0xB7, 0xB6, 0xA8, 0x88, 0x79, 0x6E, 0x6E, 0x74 ; file 0FEF12
db 0x7B, 0x84, 0x91, 0x7C, 0x61, 0x6B, 0x6E, 0x82, 0x7E, 0x61, 0x66, 0x82, 0x96, 0x99, 0xA2, 0xA9 ; file 0FEF22
db 0x97, 0x98, 0xA3, 0xA9, 0x8F, 0x7C, 0x69, 0x59, 0x57, 0x5A, 0x6D, 0x69, 0x76, 0x7B, 0x65, 0x6A ; file 0FEF32
db 0x78, 0x95, 0xB4, 0xB6, 0xAC, 0x89, 0x7C, 0x6F, 0x6C, 0x73, 0x7C, 0x80, 0x8E, 0x82, 0x65, 0x6B ; file 0FEF42
db 0x6F, 0x7D, 0x84, 0x64, 0x65, 0x7C, 0x96, 0x9B, 0x9E, 0xA8, 0x95, 0x97, 0xA0, 0xAA, 0x94, 0x81 ; file 0FEF52
db 0x6F, 0x5B, 0x56, 0x5A, 0x6A, 0x6B, 0x70, 0x7F, 0x66, 0x68, 0x74, 0x90, 0xB0, 0xB5, 0xB0, 0x8C ; file 0FEF62
db 0x7E, 0x70, 0x6B, 0x73, 0x7B, 0x7F, 0x88, 0x88, 0x6B, 0x6B, 0x72, 0x78, 0x87, 0x68, 0x64, 0x77 ; file 0FEF72
db 0x94, 0x9D, 0x9B, 0xA6, 0x94, 0x95, 0x9E, 0xAA, 0x9A, 0x85, 0x76, 0x5E, 0x55, 0x5A, 0x68, 0x6E ; file 0FEF82
db 0x6A, 0x80, 0x69, 0x66, 0x72, 0x8B, 0xAC, 0xB4, 0xB2, 0x8F, 0x7F, 0x73, 0x6A, 0x72, 0x7A, 0x7F ; file 0FEF92
db 0x82, 0x8A, 0x72, 0x6A, 0x75, 0x74, 0x86, 0x6E, 0x62, 0x74, 0x90, 0xA0, 0x9B, 0xA3, 0x94, 0x92 ; file 0FEFA2
db 0x9B, 0xA7, 0x9E, 0x88, 0x7C, 0x64, 0x54, 0x59, 0x66, 0x70, 0x66, 0x7E, 0x6E, 0x64, 0x70, 0x86 ; file 0FEFB2
db 0xA7, 0xB4, 0xB2, 0x94, 0x7E, 0x75, 0x6A, 0x71, 0x79, 0x81, 0x7E, 0x89, 0x78, 0x6A, 0x78, 0x72 ; file 0FEFC2
db 0x84, 0x73, 0x62, 0x71, 0x8B, 0xA2, 0x9D, 0x9E, 0x95, 0x8E, 0x9A, 0xA5, 0xA1, 0x8C, 0x81, 0x6A ; file 0FEFD2
db 0x54, 0x58, 0x65, 0x72, 0x65, 0x7A, 0x74, 0x63, 0x6E, 0x82, 0xA3, 0xB2, 0xB2, 0x99, 0x7E, 0x78 ; file 0FEFE2
db 0x6A, 0x70, 0x77, 0x81, 0x7C, 0x85, 0x7D, 0x6C, 0x79, 0x73, 0x7F, 0x79, 0x63, 0x6F, 0x86, 0xA1 ; file 0FEFF2
db 0xA0, 0x9A, 0x95, 0x8A, 0x97, 0xA2, 0xA3, 0x91, 0x86, 0x71, 0x56, 0x57, 0x64, 0x72, 0x66, 0x74 ; file 0FF002
db 0x78, 0x64, 0x6C, 0x7F, 0x9E, 0xB1, 0xB1, 0x9F, 0x7E, 0x7A, 0x6B, 0x6E, 0x77, 0x81, 0x7C, 0x7F ; file 0FF012
db 0x82, 0x70, 0x7A, 0x76, 0x7B, 0x7C, 0x66, 0x6D, 0x81, 0x9E, 0xA4, 0x97, 0x94, 0x86, 0x95, 0xA0 ; file 0FF022
db 0xA2, 0x95, 0x89, 0x79, 0x59, 0x56, 0x63, 0x71, 0x68, 0x6F, 0x7A, 0x67, 0x69, 0x7D, 0x99, 0xAE ; file 0FF032
db 0xB0, 0xA2, 0x80, 0x7B, 0x6D, 0x6D, 0x77, 0x80, 0x7E, 0x79, 0x84, 0x74, 0x7A, 0x79, 0x78, 0x7C ; file 0FF042
db 0x6A, 0x6A, 0x7E, 0x9A, 0xA8, 0x96, 0x92, 0x84, 0x91, 0x9F, 0xA1, 0x99, 0x8C, 0x80, 0x5E, 0x54 ; file 0FF052
db 0x61, 0x71, 0x6B, 0x6A, 0x7A, 0x6B, 0x66, 0x7B, 0x94, 0xAC, 0xAE, 0xA5, 0x83, 0x7B, 0x70, 0x6C ; file 0FF062
db 0x76, 0x7F, 0x80, 0x75, 0x84, 0x79, 0x7B, 0x7D, 0x76, 0x7B, 0x6F, 0x69, 0x7C, 0x94, 0xAB, 0x98 ; file 0FF072
db 0x8F, 0x82, 0x8C, 0x9D, 0x9F, 0x9B, 0x90, 0x86, 0x64, 0x54, 0x5F, 0x71, 0x6C, 0x68, 0x77, 0x6F ; file 0FF082
db 0x64, 0x78, 0x90, 0xA9, 0xAC, 0xA6, 0x87, 0x7A, 0x73, 0x6C, 0x74, 0x7E, 0x82, 0x73, 0x80, 0x7D ; file 0FF092
db 0x7D, 0x7F, 0x77, 0x78, 0x72, 0x69, 0x7A, 0x8E, 0xAB, 0x9C, 0x8C, 0x81, 0x87, 0x9C, 0x9E, 0x9C ; file 0FF0A2
db 0x93, 0x8C, 0x6C, 0x54, 0x5D, 0x70, 0x6D, 0x68, 0x72, 0x73, 0x64, 0x76, 0x8C, 0xA7, 0xAB, 0xA7 ; file 0FF0B2
db 0x8B, 0x7A, 0x75, 0x6C, 0x73, 0x7D, 0x83, 0x73, 0x7A, 0x80, 0x80, 0x81, 0x7A, 0x75, 0x74, 0x6B ; file 0FF0C2
db 0x78, 0x8A, 0xAA, 0xA1, 0x8B, 0x7E, 0x83, 0x99, 0x9C, 0x9B, 0x96, 0x8F, 0x75, 0x57, 0x5A, 0x70 ; file 0FF0D2
db 0x6E, 0x69, 0x6E, 0x74, 0x66, 0x72, 0x89, 0xA4, 0xA8, 0xA8, 0x8D, 0x7B, 0x76, 0x6D, 0x71, 0x7C ; file 0FF0E2
db 0x83, 0x75, 0x74, 0x81, 0x84, 0x82, 0x7E, 0x74, 0x74, 0x6F, 0x77, 0x87, 0xA7, 0xA6, 0x8C, 0x7B ; file 0FF0F2
db 0x7F, 0x94, 0x9C, 0x99, 0x99, 0x92, 0x7C, 0x5B, 0x58, 0x6F, 0x6F, 0x6B, 0x6B, 0x73, 0x6A, 0x6F ; file 0FF102
db 0x87, 0xA0, 0xA6, 0xA8, 0x90, 0x7C, 0x75, 0x6E, 0x70, 0x7B, 0x83, 0x77, 0x6F, 0x7F, 0x88, 0x85 ; file 0FF112
db 0x81, 0x74, 0x72, 0x72, 0x76, 0x84, 0xA2, 0xAA, 0x90, 0x78, 0x7D, 0x8F, 0x9B, 0x97, 0x9B, 0x96 ; file 0FF122
db 0x83, 0x61, 0x57, 0x6D, 0x70, 0x6B, 0x6A, 0x70, 0x6E, 0x6C, 0x85, 0x9D, 0xA4, 0xA7, 0x91, 0x7F ; file 0FF132
db 0x75, 0x70, 0x6F, 0x79, 0x82, 0x7A, 0x6C, 0x7B, 0x8B, 0x88, 0x84, 0x76, 0x6E, 0x75, 0x76, 0x82 ; file 0FF142
db 0x9D, 0xAC, 0x95, 0x76, 0x7A, 0x8A, 0x9B, 0x95, 0x9B, 0x99, 0x89, 0x68, 0x57, 0x6A, 0x72, 0x6B ; file 0FF152
db 0x6B, 0x6B, 0x71, 0x6B, 0x81, 0x9A, 0xA2, 0xA6, 0x92, 0x82, 0x75, 0x71, 0x70, 0x78, 0x82, 0x7C ; file 0FF162
db 0x6C, 0x76, 0x8D, 0x8D, 0x85, 0x7A, 0x6B, 0x76, 0x77, 0x81, 0x98, 0xAC, 0x9B, 0x75, 0x77, 0x85 ; file 0FF172
db 0x99, 0x94, 0x99, 0x9D, 0x8E, 0x6F, 0x59, 0x67, 0x73, 0x6B, 0x6D, 0x67, 0x72, 0x6D, 0x7E, 0x98 ; file 0FF182
db 0xA0, 0xA4, 0x93, 0x83, 0x77, 0x71, 0x70, 0x76, 0x81, 0x7D, 0x6D, 0x70, 0x8C, 0x92, 0x87, 0x7E ; file 0FF192
db 0x69, 0x75, 0x7A, 0x80, 0x94, 0xA9, 0xA1, 0x77, 0x72, 0x81, 0x96, 0x93, 0x96, 0x9F, 0x92, 0x77 ; file 0FF1A2
db 0x5D, 0x65, 0x74, 0x6B, 0x6F, 0x64, 0x71, 0x6F, 0x7A, 0x96, 0x9E, 0xA2, 0x94, 0x84, 0x79, 0x71 ; file 0FF1B2
db 0x71, 0x75, 0x81, 0x7D, 0x6F, 0x6B, 0x88, 0x97, 0x89, 0x83, 0x69, 0x71, 0x7D, 0x7F, 0x91, 0xA6 ; file 0FF1C2
db 0xA5, 0x7B, 0x6E, 0x7E, 0x92, 0x94, 0x94, 0xA0, 0x97, 0x7D, 0x62, 0x62, 0x74, 0x6C, 0x70, 0x63 ; file 0FF1D2
db 0x6D, 0x72, 0x77, 0x93, 0x9D, 0xA0, 0x95, 0x84, 0x7B, 0x70, 0x73, 0x74, 0x7F, 0x7E, 0x71, 0x68 ; file 0FF1E2
db 0x82, 0x9A, 0x8D, 0x86, 0x6C, 0x6D, 0x7E, 0x7F, 0x8E, 0xA3, 0xA7, 0x81, 0x6A, 0x7B, 0x8D, 0x93 ; file 0FF1F2
db 0x92, 0x9F, 0x9B, 0x83, 0x68, 0x61, 0x72, 0x6D, 0x6F, 0x65, 0x69, 0x74, 0x76, 0x90, 0x9C, 0x9E ; file 0FF202
db 0x96, 0x84, 0x7E, 0x70, 0x73, 0x74, 0x7D, 0x7F, 0x72, 0x67, 0x7A, 0x9C, 0x92, 0x89, 0x70, 0x69 ; file 0FF212
db 0x7E, 0x81, 0x8C, 0x9F, 0xA8, 0x89, 0x68, 0x76, 0x89, 0x92, 0x90, 0x9D, 0xA0, 0x88, 0x6F, 0x61 ; file 0FF222
db 0x71, 0x6E, 0x6F, 0x68, 0x64, 0x74, 0x77, 0x8B, 0x9C, 0x9C, 0x96, 0x84, 0x7F, 0x71, 0x73, 0x74 ; file 0FF232
db 0x7B, 0x80, 0x73, 0x68, 0x72, 0x9C, 0x97, 0x8B, 0x76, 0x65, 0x7C, 0x84, 0x8A, 0x9D, 0xA6, 0x91 ; file 0FF242
db 0x68, 0x71, 0x85, 0x90, 0x8E, 0x9A, 0xA3, 0x8D, 0x76, 0x63, 0x6F, 0x6F, 0x6E, 0x6B, 0x61, 0x72 ; file 0FF252
db 0x79, 0x87, 0x9B, 0x9A, 0x96, 0x84, 0x80, 0x73, 0x72, 0x76, 0x7A, 0x80, 0x74, 0x6A, 0x6C, 0x98 ; file 0FF262
db 0x9C, 0x8D, 0x7B, 0x64, 0x78, 0x87, 0x88, 0x9B, 0xA3, 0x97, 0x6B, 0x6C, 0x82, 0x8D, 0x8E, 0x96 ; file 0FF272
db 0xA4, 0x91, 0x7B, 0x67, 0x6D, 0x6F, 0x6E, 0x6D, 0x5F, 0x6E, 0x7B, 0x84, 0x9A, 0x98, 0x96, 0x83 ; file 0FF282
db 0x7F, 0x77, 0x71, 0x77, 0x79, 0x80, 0x75, 0x6D, 0x67, 0x91, 0xA0, 0x91, 0x80, 0x66, 0x72, 0x8A ; file 0FF292
db 0x88, 0x99, 0xA0, 0x9C, 0x70, 0x67, 0x7E, 0x8A, 0x8D, 0x93, 0xA4, 0x96, 0x80, 0x6C, 0x6D, 0x6F ; file 0FF2A2
db 0x6E, 0x6E, 0x60, 0x68, 0x7D, 0x82, 0x99, 0x97, 0x96, 0x83, 0x7F, 0x79, 0x70, 0x77, 0x79, 0x80 ; file 0FF2B2
db 0x77, 0x6E, 0x65, 0x88, 0xA3, 0x95, 0x83, 0x69, 0x6D, 0x8A, 0x89, 0x97, 0x9D, 0x9E, 0x76, 0x64 ; file 0FF2C2
db 0x7A, 0x86, 0x8B, 0x90, 0xA2, 0x9B, 0x85, 0x72, 0x6D, 0x6F, 0x6E, 0x6F, 0x62, 0x63, 0x7C, 0x81 ; file 0FF2D2
db 0x96, 0x97, 0x95, 0x83, 0x7E, 0x7B, 0x70, 0x77, 0x79, 0x7F, 0x78, 0x6F, 0x65, 0x80, 0xA4, 0x9A ; file 0FF2E2
db 0x87, 0x6E, 0x69, 0x87, 0x8C, 0x96, 0x9C, 0x9E, 0x7D, 0x63, 0x75, 0x84, 0x89, 0x8E, 0x9F, 0x9F ; file 0FF2F2
db 0x89, 0x77, 0x6F, 0x6F, 0x6E, 0x6F, 0x65, 0x5F, 0x79, 0x83, 0x93, 0x97, 0x95, 0x83, 0x7D, 0x7C ; file 0FF302
db 0x71, 0x76, 0x7A, 0x7E, 0x79, 0x6F, 0x67, 0x78, 0xA2, 0x9F, 0x8B, 0x72, 0x67, 0x83, 0x8F, 0x94 ; file 0FF312
db 0x9B, 0x9D, 0x83, 0x65, 0x6F, 0x81, 0x85, 0x8D, 0x9C, 0xA2, 0x8D, 0x7D, 0x72, 0x6F, 0x6D, 0x70 ; file 0FF322
db 0x67, 0x5E, 0x74, 0x85, 0x90, 0x97, 0x94, 0x83, 0x7C, 0x7C, 0x73, 0x74, 0x7B, 0x7E, 0x7A, 0x6F ; file 0FF332
db 0x68, 0x71, 0x9D, 0xA3, 0x90, 0x77, 0x67, 0x7D, 0x91, 0x93, 0x9B, 0x9B, 0x89, 0x68, 0x6A, 0x7F ; file 0FF342
db 0x82, 0x8B, 0x99, 0xA4, 0x92, 0x81, 0x76, 0x70, 0x6C, 0x71, 0x68, 0x5E, 0x6E, 0x86, 0x8F, 0x97 ; file 0FF352
db 0x93, 0x84, 0x7B, 0x7C, 0x75, 0x73, 0x7C, 0x7D, 0x7B, 0x70, 0x6A, 0x6D, 0x96, 0xA7, 0x96, 0x7A ; file 0FF362
db 0x69, 0x77, 0x92, 0x93, 0x9B, 0x9A, 0x8C, 0x6D, 0x66, 0x7C, 0x80, 0x89, 0x95, 0xA3, 0x96, 0x85 ; file 0FF372
db 0x7A, 0x72, 0x6B, 0x71, 0x69, 0x60, 0x67, 0x85, 0x8E, 0x96, 0x93, 0x85, 0x79, 0x7B, 0x77, 0x73 ; file 0FF382
db 0x7B, 0x7E, 0x7B, 0x71, 0x6A, 0x6B, 0x8D, 0xA7, 0x9C, 0x7E, 0x6C, 0x71, 0x90, 0x95, 0x9B, 0x99 ; file 0FF392
db 0x8E, 0x73, 0x64, 0x77, 0x7E, 0x86, 0x93, 0xA2, 0x9B, 0x89, 0x7F, 0x76, 0x6A, 0x71, 0x6A, 0x62 ; file 0FF3A2
db 0x62, 0x82, 0x8F, 0x95, 0x93, 0x86, 0x78, 0x7A, 0x77, 0x73, 0x7A, 0x7F, 0x7C, 0x72, 0x6B, 0x6A ; file 0FF3B2
db 0x85, 0xA6, 0xA1, 0x82, 0x70, 0x6E, 0x8B, 0x97, 0x9A, 0x98, 0x8F, 0x77, 0x64, 0x72, 0x7D, 0x82 ; file 0FF3C2
db 0x90, 0x9F, 0x9D, 0x8D, 0x83, 0x7A, 0x6B, 0x70, 0x6C, 0x64, 0x5F, 0x7D, 0x90, 0x94, 0x93, 0x88 ; file 0FF3D2
db 0x78, 0x79, 0x78, 0x75, 0x78, 0x7F, 0x7D, 0x73, 0x6B, 0x6A, 0x7E, 0xA1, 0xA6, 0x89, 0x73, 0x6C ; file 0FF3E2
db 0x86, 0x98, 0x9B, 0x98, 0x8F, 0x7B, 0x67, 0x6D, 0x7B, 0x7E, 0x8E, 0x9C, 0x9F, 0x90, 0x86, 0x7F ; file 0FF3F2
db 0x6C, 0x6E, 0x6F, 0x65, 0x5F, 0x76, 0x91, 0x93, 0x92, 0x8A, 0x77, 0x77, 0x78, 0x76, 0x76, 0x80 ; file 0FF402
db 0x7E, 0x74, 0x6C, 0x69, 0x79, 0x9B, 0xA9, 0x8F, 0x75, 0x6D, 0x80, 0x98, 0x9C, 0x98, 0x90, 0x7D ; file 0FF412
db 0x6B, 0x69, 0x79, 0x7B, 0x8B, 0x99, 0x9F, 0x94, 0x89, 0x84, 0x6F, 0x6D, 0x70, 0x66, 0x60, 0x6F ; file 0FF422
db 0x8F, 0x95, 0x91, 0x8C, 0x78, 0x76, 0x77, 0x76, 0x76, 0x7F, 0x80, 0x74, 0x6D, 0x69, 0x76, 0x93 ; file 0FF432
db 0xAA, 0x97, 0x78, 0x6F, 0x7A, 0x96, 0x9E, 0x99, 0x91, 0x7E, 0x70, 0x67, 0x76, 0x79, 0x86, 0x97 ; file 0FF442
db 0x9E, 0x98, 0x8B, 0x89, 0x73, 0x6B, 0x71, 0x66, 0x62, 0x69, 0x8B, 0x97, 0x90, 0x8E, 0x78, 0x74 ; file 0FF452
db 0x77, 0x76, 0x76, 0x7E, 0x81, 0x76, 0x6E, 0x68, 0x75, 0x8C, 0xA8, 0x9E, 0x7B, 0x71, 0x76, 0x92 ; file 0FF462
db 0xA0, 0x99, 0x92, 0x7E, 0x73, 0x67, 0x72, 0x77, 0x82, 0x95, 0x9D, 0x9A, 0x8E, 0x8D, 0x7A, 0x6A ; file 0FF472
db 0x71, 0x67, 0x63, 0x65, 0x85, 0x99, 0x90, 0x8F, 0x79, 0x72, 0x76, 0x76, 0x77, 0x7C, 0x83, 0x77 ; file 0FF482
db 0x6E, 0x68, 0x73, 0x87, 0xA4, 0xA5, 0x80, 0x74, 0x75, 0x8C, 0xA1, 0x9B, 0x94, 0x7F, 0x76, 0x69 ; file 0FF492
db 0x6E, 0x76, 0x7D, 0x92, 0x9B, 0x9C, 0x91, 0x90, 0x80, 0x6A, 0x71, 0x69, 0x63, 0x63, 0x7E, 0x9B ; file 0FF4A2
db 0x91, 0x90, 0x7B, 0x71, 0x75, 0x75, 0x78, 0x7A, 0x84, 0x7A, 0x6E, 0x69, 0x70, 0x83, 0x9E, 0xA9 ; file 0FF4B2
db 0x87, 0x75, 0x75, 0x86, 0xA1, 0x9E, 0x95, 0x80, 0x77, 0x6C, 0x6B, 0x74, 0x7A, 0x8F, 0x9A, 0x9B ; file 0FF4C2
db 0x95, 0x92, 0x88, 0x6B, 0x6F, 0x6B, 0x64, 0x63, 0x77, 0x9A, 0x94, 0x8F, 0x7E, 0x6F, 0x73, 0x74 ; file 0FF4D2
db 0x79, 0x79, 0x84, 0x7C, 0x6F, 0x69, 0x6E, 0x81, 0x97, 0xAC, 0x8E, 0x77, 0x76, 0x81, 0x9F, 0xA1 ; file 0FF4E2
db 0x96, 0x82, 0x76, 0x6F, 0x69, 0x71, 0x76, 0x8B, 0x99, 0x9A, 0x98, 0x92, 0x8F, 0x6F, 0x6E, 0x6D ; file 0FF4F2
db 0x64, 0x63, 0x71, 0x96, 0x98, 0x8E, 0x81, 0x6F, 0x71, 0x73, 0x78, 0x79, 0x82, 0x7F, 0x6F, 0x6A ; file 0FF502
db 0x6C, 0x80, 0x91, 0xAB, 0x97, 0x79, 0x78, 0x7E, 0x9A, 0xA5, 0x97, 0x85, 0x75, 0x73, 0x69, 0x6E ; file 0FF512
db 0x74, 0x85, 0x98, 0x99, 0x9A, 0x94, 0x94, 0x75, 0x6C, 0x6E, 0x65, 0x64, 0x6D, 0x90, 0x9C, 0x8D ; file 0FF522
db 0x84, 0x6E, 0x70, 0x72, 0x77, 0x7A, 0x80, 0x82, 0x71, 0x6B, 0x6A, 0x7F, 0x8C, 0xA8, 0x9E, 0x7D ; file 0FF532
db 0x79, 0x7D, 0x94, 0xA8, 0x99, 0x88, 0x73, 0x75, 0x6B, 0x6A, 0x72, 0x80, 0x96, 0x97, 0x9B, 0x96 ; file 0FF542
db 0x98, 0x7C, 0x6B, 0x6E, 0x66, 0x63, 0x6B, 0x88, 0xA0, 0x8D, 0x87, 0x6F, 0x6E, 0x71, 0x75, 0x7B ; file 0FF552
db 0x7E, 0x84, 0x73, 0x6B, 0x68, 0x7C, 0x88, 0xA2, 0xA4, 0x82, 0x79, 0x7D, 0x8E, 0xA9, 0x9C, 0x8B ; file 0FF562
db 0x73, 0x75, 0x6F, 0x68, 0x6F, 0x7B, 0x94, 0x96, 0x9A, 0x98, 0x9B, 0x83, 0x6C, 0x6E, 0x67, 0x63 ; file 0FF572
db 0x6A, 0x81, 0xA1, 0x8F, 0x88, 0x70, 0x6C, 0x70, 0x74, 0x7C, 0x7D, 0x85, 0x75, 0x6B, 0x68, 0x79 ; file 0FF582
db 0x87, 0x9B, 0xA8, 0x88, 0x7A, 0x7F, 0x88, 0xA8, 0xA0, 0x8E, 0x73, 0x73, 0x72, 0x67, 0x6C, 0x77 ; file 0FF592
db 0x90, 0x96, 0x98, 0x9A, 0x9C, 0x8C, 0x6F, 0x6E, 0x68, 0x63, 0x6A, 0x7A, 0x9F, 0x93, 0x88, 0x73 ; file 0FF5A2
db 0x6A, 0x6E, 0x72, 0x7B, 0x7D, 0x85, 0x78, 0x6B, 0x67, 0x76, 0x87, 0x94, 0xA9, 0x8F, 0x7B, 0x81 ; file 0FF5B2
db 0x84, 0xA4, 0xA5, 0x91, 0x75, 0x71, 0x75, 0x69, 0x68, 0x74, 0x8B, 0x96, 0x96, 0x9C, 0x9E, 0x94 ; file 0FF5C2
db 0x74, 0x6E, 0x69, 0x63, 0x69, 0x75, 0x9A, 0x98, 0x88, 0x75, 0x69, 0x6D, 0x70, 0x7A, 0x7E, 0x84 ; file 0FF5D2
db 0x7C, 0x6C, 0x67, 0x73, 0x87, 0x8F, 0xA7, 0x96, 0x7D, 0x81, 0x83, 0x9E, 0xA9, 0x94, 0x78, 0x6E ; file 0FF5E2
db 0x77, 0x6C, 0x65, 0x71, 0x85, 0x95, 0x94, 0x9C, 0x9F, 0x9A, 0x79, 0x6E, 0x69, 0x65, 0x69, 0x73 ; file 0FF5F2
db 0x94, 0x9D, 0x8A, 0x78, 0x68, 0x6B, 0x6E, 0x78, 0x7F, 0x82, 0x7F, 0x6D, 0x67, 0x70, 0x87, 0x8C ; file 0FF602
db 0xA2, 0x9B, 0x82, 0x82, 0x84, 0x97, 0xAB, 0x97, 0x7B, 0x6C, 0x76, 0x6F, 0x62, 0x6E, 0x80, 0x94 ; file 0FF612
db 0x92, 0x9B, 0xA1, 0x9F, 0x80, 0x6F, 0x69, 0x66, 0x67, 0x73, 0x8C, 0x9F, 0x8C, 0x79, 0x68, 0x69 ; file 0FF622
db 0x6D, 0x76, 0x7F, 0x81, 0x81, 0x6F, 0x67, 0x6E, 0x85, 0x8B, 0x9D, 0x9F, 0x86, 0x82, 0x86, 0x92 ; file 0FF632
db 0xAB, 0x9C, 0x7E, 0x6A, 0x74, 0x74, 0x62, 0x6A, 0x7C, 0x92, 0x91, 0x98, 0xA2, 0xA2, 0x87, 0x72 ; file 0FF642
db 0x69, 0x66, 0x66, 0x73, 0x86, 0xA0, 0x90, 0x7B, 0x68, 0x68, 0x6A, 0x75, 0x7F, 0x82, 0x82, 0x71 ; file 0FF652
db 0x67, 0x6C, 0x83, 0x8B, 0x97, 0xA0, 0x8C, 0x82, 0x89, 0x8E, 0xA9, 0xA1, 0x81, 0x6A, 0x71, 0x77 ; file 0FF662
db 0x63, 0x65, 0x78, 0x8E, 0x91, 0x96, 0xA3, 0xA6, 0x8E, 0x76, 0x69, 0x66, 0x65, 0x72, 0x81, 0x9E ; file 0FF672
db 0x95, 0x7C, 0x69, 0x66, 0x69, 0x72, 0x7E, 0x83, 0x83, 0x74, 0x68, 0x6A, 0x80, 0x8C, 0x93, 0x9F ; file 0FF682
db 0x92, 0x84, 0x8B, 0x8C, 0xA6, 0xA5, 0x85, 0x6A, 0x6D, 0x79, 0x67, 0x61, 0x74, 0x89, 0x91, 0x93 ; file 0FF692
db 0xA2, 0xA9, 0x95, 0x7B, 0x6A, 0x66, 0x65, 0x71, 0x7E, 0x9A, 0x99, 0x7E, 0x69, 0x65, 0x67, 0x70 ; file 0FF6A2
db 0x7C, 0x84, 0x83, 0x77, 0x69, 0x68, 0x7E, 0x8C, 0x90, 0x9C, 0x96, 0x87, 0x8D, 0x8C, 0xA1, 0xA8 ; file 0FF6B2
db 0x8B, 0x6B, 0x6A, 0x7A, 0x6B, 0x5D, 0x70, 0x85, 0x90, 0x91, 0xA0, 0xAB, 0x9A, 0x81, 0x6D, 0x65 ; file 0FF6C2
db 0x65, 0x70, 0x7E, 0x94, 0x9B, 0x82, 0x6A, 0x64, 0x65, 0x6D, 0x7A, 0x84, 0x83, 0x79, 0x6A, 0x66 ; file 0FF6D2
db 0x7C, 0x8C, 0x8F, 0x97, 0x98, 0x8B, 0x8D, 0x8E, 0x9C, 0xA9, 0x91, 0x6D, 0x67, 0x78, 0x71, 0x5C ; file 0FF6E2
db 0x6B, 0x81, 0x8E, 0x8F, 0x9D, 0xAE, 0x9E, 0x88, 0x71, 0x64, 0x65, 0x6E, 0x7D, 0x8F, 0x9B, 0x87 ; file 0FF6F2
db 0x6A, 0x64, 0x63, 0x6A, 0x78, 0x84, 0x84, 0x7A, 0x6C, 0x65, 0x7A, 0x8B, 0x90, 0x93, 0x99, 0x90 ; file 0FF702
db 0x8E, 0x91, 0x99, 0xA8, 0x97, 0x6F, 0x66, 0x74, 0x75, 0x5D, 0x66, 0x7D, 0x8B, 0x8E, 0x99, 0xAF ; file 0FF712
db 0xA3, 0x8E, 0x76, 0x64, 0x65, 0x6D, 0x7D, 0x8C, 0x99, 0x8D, 0x6A, 0x64, 0x62, 0x68, 0x76, 0x83 ; file 0FF722
db 0x86, 0x7A, 0x6F, 0x64, 0x77, 0x8A, 0x90, 0x90, 0x97, 0x94, 0x90, 0x93, 0x98, 0xA5, 0x9D, 0x72 ; file 0FF732
db 0x65, 0x71, 0x78, 0x5F, 0x61, 0x7A, 0x87, 0x8D, 0x96, 0xAE, 0xA7, 0x93, 0x7C, 0x64, 0x64, 0x6D ; file 0FF742
db 0x7C, 0x8A, 0x95, 0x92, 0x6C, 0x63, 0x61, 0x65, 0x74, 0x81, 0x88, 0x7B, 0x71, 0x65, 0x74, 0x88 ; file 0FF752
db 0x91, 0x8E, 0x93, 0x98, 0x93, 0x94, 0x98, 0xA2, 0xA1, 0x76, 0x65, 0x6D, 0x79, 0x64, 0x5D, 0x76 ; file 0FF762
db 0x83, 0x8C, 0x93, 0xAC, 0xAC, 0x97, 0x83, 0x66, 0x63, 0x6C, 0x7A, 0x8A, 0x90, 0x96, 0x6F, 0x62 ; file 0FF772
db 0x60, 0x62, 0x71, 0x7F, 0x89, 0x7C, 0x72, 0x66, 0x71, 0x87, 0x90, 0x8E, 0x8D, 0x99, 0x96, 0x95 ; file 0FF782
db 0x9A, 0x9E, 0xA3, 0x7B, 0x65, 0x6A, 0x78, 0x69, 0x5B, 0x72, 0x80, 0x89, 0x91, 0xA9, 0xB0, 0x9B ; file 0FF792
db 0x8A, 0x6A, 0x62, 0x6B, 0x79, 0x8B, 0x8D, 0x97, 0x74, 0x61, 0x60, 0x60, 0x6E, 0x7D, 0x8A, 0x7E ; file 0FF7A2
db 0x73, 0x67, 0x6F, 0x86, 0x8F, 0x90, 0x88, 0x99, 0x9A, 0x96, 0x9C, 0x9C, 0xA3, 0x82, 0x66, 0x68 ; file 0FF7B2
db 0x76, 0x6D, 0x5B, 0x6C, 0x7E, 0x85, 0x8F, 0xA5, 0xB3, 0x9E, 0x91, 0x6F, 0x61, 0x6A, 0x78, 0x8B ; file 0FF7C2
db 0x8A, 0x95, 0x7B, 0x60, 0x60, 0x5E, 0x6B, 0x7B, 0x89, 0x81, 0x73, 0x6A, 0x6C, 0x85, 0x8E, 0x92 ; file 0FF7D2
db 0x84, 0x96, 0x9E, 0x99, 0x9E, 0x9C, 0xA1, 0x89, 0x67, 0x67, 0x73, 0x71, 0x5D, 0x67, 0x7C, 0x82 ; file 0FF7E2
db 0x8E, 0xA1, 0xB4, 0xA2, 0x96, 0x75, 0x62, 0x68, 0x77, 0x8B, 0x8A, 0x91, 0x80, 0x60, 0x5F, 0x5C ; file 0FF7F2
db 0x68, 0x78, 0x87, 0x84, 0x72, 0x6C, 0x6B, 0x82, 0x8D, 0x93, 0x83, 0x91, 0xA1, 0x9C, 0x9F, 0x9E ; file 0FF802
db 0x9E, 0x8E, 0x6A, 0x66, 0x70, 0x72, 0x60, 0x62, 0x79, 0x7E, 0x8C, 0x9D, 0xB4, 0xA6, 0x9B, 0x7D ; file 0FF812
db 0x63, 0x66, 0x77, 0x89, 0x8C, 0x8D, 0x85, 0x62, 0x5F, 0x5B, 0x65, 0x75, 0x85, 0x86, 0x73, 0x6D ; file 0FF822
db 0x6A, 0x80, 0x8D, 0x93, 0x83, 0x8B, 0xA2, 0xA0, 0xA0, 0xA1, 0x9A, 0x91, 0x6E, 0x65, 0x6D, 0x72 ; file 0FF832
db 0x64, 0x5F, 0x75, 0x7B, 0x89, 0x99, 0xB2, 0xAA, 0x9E, 0x84, 0x66, 0x64, 0x76, 0x87, 0x8F, 0x88 ; file 0FF842
db 0x87, 0x66, 0x5D, 0x5B, 0x62, 0x72, 0x83, 0x88, 0x75, 0x6E, 0x6A, 0x7E, 0x8C, 0x93, 0x86, 0x85 ; file 0FF852
db 0xA1, 0xA5, 0xA0, 0xA4, 0x98, 0x93, 0x73, 0x65, 0x6C, 0x70, 0x69, 0x5E, 0x71, 0x79, 0x85, 0x97 ; file 0FF862
db 0xAF, 0xAD, 0xA1, 0x8B, 0x6B, 0x63, 0x74, 0x85, 0x91, 0x85, 0x87, 0x6B, 0x5C, 0x5B, 0x60, 0x70 ; file 0FF872
db 0x80, 0x88, 0x77, 0x6E, 0x6B, 0x7C, 0x8B, 0x92, 0x89, 0x80, 0x9D, 0xA9, 0xA1, 0xA7, 0x99, 0x92 ; file 0FF882
db 0x77, 0x65, 0x6A, 0x6E, 0x6B, 0x60, 0x6C, 0x77, 0x80, 0x94, 0xAC, 0xAF, 0xA4, 0x93, 0x71, 0x62 ; file 0FF892
db 0x72, 0x84, 0x92, 0x85, 0x85, 0x6F, 0x5C, 0x5B, 0x5D, 0x6D, 0x7E, 0x88, 0x7A, 0x6E, 0x6C, 0x7B ; file 0FF8A2
db 0x8A, 0x92, 0x8B, 0x7D, 0x97, 0xAC, 0xA4, 0xA9, 0x9B, 0x91, 0x7C, 0x67, 0x6A, 0x6C, 0x6C, 0x62 ; file 0FF8B2
db 0x68, 0x74, 0x7D, 0x91, 0xA9, 0xAF, 0xA8, 0x98, 0x77, 0x63, 0x70, 0x83, 0x91, 0x86, 0x83, 0x73 ; file 0FF8C2
db 0x5D, 0x5A, 0x5C, 0x6A, 0x7B, 0x87, 0x7D, 0x6E, 0x6C, 0x79, 0x88, 0x91, 0x8D, 0x7D, 0x90, 0xAE ; file 0FF8D2
db 0xA8, 0xAA, 0x9F, 0x8F, 0x7E, 0x6A, 0x69, 0x6A, 0x6C, 0x66, 0x65, 0x71, 0x79, 0x8D, 0xA6, 0xAF ; file 0FF8E2
db 0xAB, 0x9D, 0x7E, 0x65, 0x6E, 0x82, 0x91, 0x89, 0x80, 0x75, 0x60, 0x59, 0x5B, 0x66, 0x78, 0x86 ; file 0FF8F2
db 0x7F, 0x70, 0x6C, 0x79, 0x86, 0x91, 0x8E, 0x7E, 0x89, 0xAC, 0xAC, 0xAB, 0xA3, 0x8F, 0x7F, 0x6E ; file 0FF902
db 0x68, 0x69, 0x6A, 0x69, 0x64, 0x6E, 0x76, 0x89, 0xA3, 0xAD, 0xAD, 0xA1, 0x85, 0x69, 0x6B, 0x7F ; file 0FF912
db 0x91, 0x8B, 0x7F, 0x75, 0x64, 0x58, 0x5A, 0x64, 0x74, 0x84, 0x80, 0x72, 0x6B, 0x78, 0x85, 0x90 ; file 0FF922
db 0x8F, 0x80, 0x83, 0xA9, 0xB0, 0xAD, 0xA6, 0x90, 0x7E, 0x72, 0x68, 0x69, 0x67, 0x6B, 0x65, 0x69 ; file 0FF932
db 0x74, 0x83, 0xA1, 0xAC, 0xAE, 0xA5, 0x8C, 0x6E, 0x69, 0x7D, 0x90, 0x8D, 0x7F, 0x73, 0x68, 0x58 ; file 0FF942
db 0x59, 0x61, 0x71, 0x82, 0x80, 0x74, 0x6A, 0x78, 0x84, 0x8E, 0x90, 0x81, 0x7F, 0xA3, 0xB3, 0xB0 ; file 0FF952
db 0xA9, 0x94, 0x7C, 0x75, 0x6A, 0x6A, 0x65, 0x6C, 0x68, 0x66, 0x71, 0x7F, 0x9E, 0xAA, 0xAD, 0xA9 ; file 0FF962
db 0x91, 0x75, 0x69, 0x7B, 0x90, 0x8E, 0x81, 0x71, 0x6B, 0x59, 0x57, 0x5F, 0x6E, 0x7F, 0x80, 0x76 ; file 0FF972
db 0x6A, 0x76, 0x84, 0x8C, 0x91, 0x82, 0x7E, 0x9C, 0xB5, 0xB3, 0xAC, 0x99, 0x7B, 0x77, 0x6C, 0x6A ; file 0FF982
db 0x63, 0x6B, 0x6B, 0x65, 0x6E, 0x7B, 0x99, 0xA9, 0xAC, 0xAD, 0x95, 0x7B, 0x6A, 0x78, 0x8F, 0x8E ; file 0FF992
db 0x84, 0x6F, 0x6C, 0x5C, 0x56, 0x5E, 0x6B, 0x7D, 0x80, 0x78, 0x6B, 0x74, 0x84, 0x8B, 0x91, 0x83 ; file 0FF9A2
db 0x7E, 0x94, 0xB4, 0xB6, 0xAE, 0x9E, 0x7C, 0x76, 0x70, 0x6A, 0x63, 0x68, 0x6E, 0x65, 0x6A, 0x77 ; file 0FF9B2
db 0x94, 0xA8, 0xAA, 0xB0, 0x9A, 0x82, 0x6D, 0x75, 0x8D, 0x8F, 0x87, 0x6F, 0x6B, 0x61, 0x54, 0x5D ; file 0FF9C2
db 0x68, 0x7A, 0x80, 0x78, 0x6D, 0x72, 0x85, 0x8A, 0x91, 0x84, 0x7F, 0x8D, 0xB1, 0xB9, 0xB1, 0xA2 ; file 0FF9D2
db 0x7E, 0x74, 0x73, 0x6A, 0x63, 0x65, 0x6F, 0x67, 0x65, 0x74, 0x8E, 0xA7, 0xA7, 0xB1, 0x9F, 0x89 ; file 0FF9E2
db 0x71, 0x73, 0x8A, 0x91, 0x89, 0x71, 0x69, 0x65, 0x54, 0x5B, 0x65, 0x76, 0x7F, 0x78, 0x6F, 0x6F ; file 0FF9F2
db 0x85, 0x89, 0x90, 0x86, 0x7F, 0x88, 0xAC, 0xBC, 0xB5, 0xA6, 0x83, 0x72, 0x75, 0x6C, 0x64, 0x62 ; file 0FFA02
db 0x70, 0x6A, 0x62, 0x71, 0x87, 0xA5, 0xA6, 0xB0, 0xA4, 0x8E, 0x76, 0x72, 0x86, 0x92, 0x8A, 0x75 ; file 0FFA12
db 0x65, 0x68, 0x55, 0x59, 0x63, 0x73, 0x7E, 0x78, 0x72, 0x6D, 0x84, 0x89, 0x8F, 0x88, 0x80, 0x85 ; file 0FFA22
db 0xA5, 0xBD, 0xB9, 0xA8, 0x89, 0x6F, 0x76, 0x6F, 0x65, 0x60, 0x6E, 0x6E, 0x60, 0x6D, 0x81, 0xA2 ; file 0FFA32
db 0xA4, 0xAE, 0xA9, 0x92, 0x7C, 0x73, 0x83, 0x93, 0x8A, 0x79, 0x62, 0x69, 0x58, 0x57, 0x62, 0x70 ; file 0FFA42
db 0x7C, 0x78, 0x73, 0x6C, 0x82, 0x89, 0x8E, 0x8A, 0x7F, 0x83, 0x9E, 0xBC, 0xBE, 0xAB, 0x91, 0x6E ; file 0FFA52
db 0x75, 0x72, 0x66, 0x5E, 0x6B, 0x72, 0x60, 0x69, 0x7D, 0x9E, 0xA4, 0xAC, 0xAD, 0x96, 0x82, 0x75 ; file 0FFA62
db 0x80, 0x93, 0x8B, 0x7E, 0x61, 0x68, 0x5C, 0x55, 0x60, 0x6D, 0x7B, 0x78, 0x74, 0x6D, 0x7F, 0x8B ; file 0FFA72
db 0x8D, 0x8B, 0x7F, 0x83, 0x97, 0xB8, 0xC2, 0xAE, 0x97, 0x6F, 0x72, 0x76, 0x68, 0x5E, 0x67, 0x74 ; file 0FFA82
db 0x62, 0x64, 0x78, 0x99, 0xA4, 0xA9, 0xAF, 0x9A, 0x87, 0x79, 0x7D, 0x92, 0x8C, 0x81, 0x62, 0x65 ; file 0FFA92
db 0x61, 0x54, 0x5F, 0x6A, 0x78, 0x78, 0x74, 0x6E, 0x7B, 0x8C, 0x8D, 0x8C, 0x7F, 0x83, 0x93, 0xB3 ; file 0FFAA2
db 0xC6, 0xB3, 0x9D, 0x72, 0x6F, 0x78, 0x6A, 0x5E, 0x63, 0x74, 0x66, 0x60, 0x74, 0x93, 0xA3, 0xA6 ; file 0FFAB2
db 0xB0, 0x9E, 0x8C, 0x7D, 0x7C, 0x90, 0x8E, 0x83, 0x65, 0x61, 0x64, 0x54, 0x5D, 0x68, 0x76, 0x77 ; file 0FFAC2
db 0x74, 0x6F, 0x78, 0x8C, 0x8D, 0x8D, 0x80, 0x82, 0x90, 0xAC, 0xC7, 0xB8, 0xA1, 0x79, 0x6B, 0x79 ; file 0FFAD2
db 0x6E, 0x5E, 0x60, 0x73, 0x6B, 0x5D, 0x70, 0x8D, 0xA2, 0xA3, 0xAF, 0xA3, 0x90, 0x82, 0x7C, 0x8E ; file 0FFAE2
db 0x8F, 0x85, 0x69, 0x5D, 0x66, 0x56, 0x5B, 0x66, 0x74, 0x76, 0x73, 0x70, 0x76, 0x8B, 0x8D, 0x8D ; file 0FFAF2
db 0x81, 0x81, 0x8E, 0xA5, 0xC5, 0xBE, 0xA5, 0x7F, 0x69, 0x77, 0x72, 0x60, 0x5E, 0x70, 0x70, 0x5D ; file 0FFB02
db 0x6B, 0x87, 0x9F, 0xA2, 0xAE, 0xA7, 0x94, 0x87, 0x7D, 0x8A, 0x90, 0x87, 0x6F, 0x5B, 0x65, 0x59 ; file 0FFB12
db 0x58, 0x64, 0x71, 0x76, 0x73, 0x71, 0x75, 0x89, 0x8E, 0x8D, 0x82, 0x80, 0x8D, 0x9E, 0xC2, 0xC3 ; file 0FFB22
db 0xAA, 0x86, 0x69, 0x74, 0x76, 0x62, 0x5D, 0x6C, 0x74, 0x5F, 0x66, 0x82, 0x9C, 0xA1, 0xAB, 0xAA ; file 0FFB32
db 0x98, 0x8B, 0x80, 0x87, 0x90, 0x88, 0x73, 0x5A, 0x63, 0x5D, 0x57, 0x63, 0x6E, 0x75, 0x72, 0x71 ; file 0FFB42
db 0x74, 0x86, 0x8F, 0x8E, 0x83, 0x7F, 0x8C, 0x99, 0xBB, 0xC8, 0xAF, 0x8E, 0x6B, 0x70, 0x7A, 0x64 ; file 0FFB52
db 0x5C, 0x67, 0x76, 0x62, 0x61, 0x7C, 0x98, 0x9F, 0xA8, 0xAB, 0x9C, 0x8F, 0x85, 0x86, 0x90, 0x8A ; file 0FFB62
db 0x77, 0x5C, 0x5F, 0x61, 0x56, 0x61, 0x6C, 0x74, 0x71, 0x70, 0x73, 0x83, 0x8F, 0x8F, 0x84, 0x7F ; file 0FFB72
db 0x8A, 0x96, 0xB4, 0xCB, 0xB5, 0x94, 0x6F, 0x6C, 0x7B, 0x69, 0x5C, 0x64, 0x75, 0x67, 0x5E, 0x76 ; file 0FFB82
db 0x94, 0x9E, 0xA6, 0xAB, 0xA0, 0x92, 0x8A, 0x85, 0x90, 0x8C, 0x7A, 0x5F, 0x5B, 0x62, 0x57, 0x5E ; file 0FFB92
db 0x6A, 0x72, 0x70, 0x70, 0x72, 0x81, 0x8F, 0x90, 0x86, 0x7F, 0x87, 0x95, 0xAC, 0xCB, 0xBB, 0x9A ; file 0FFBA2
db 0x75, 0x68, 0x7A, 0x6E, 0x5C, 0x60, 0x73, 0x6C, 0x5D, 0x70, 0x90, 0x9C, 0xA4, 0xAB, 0xA4, 0x94 ; file 0FFBB2
db 0x8F, 0x87, 0x8F, 0x8C, 0x7E, 0x63, 0x58, 0x62, 0x5A, 0x5B, 0x68, 0x71, 0x6F, 0x6F, 0x71, 0x80 ; file 0FFBC2
db 0x8E, 0x91, 0x87, 0x7E, 0x85, 0x95, 0xA4, 0xC9, 0xC1, 0xA0, 0x7A, 0x67, 0x77, 0x73, 0x5D, 0x5E ; file 0FFBD2
db 0x70, 0x70, 0x5E, 0x6A, 0x8B, 0x99, 0xA2, 0xAA, 0xA6, 0x97, 0x92, 0x89, 0x8E, 0x8C, 0x81, 0x66 ; file 0FFBE2
db 0x57, 0x5F, 0x5D, 0x59, 0x67, 0x6F, 0x6E, 0x6F, 0x6F, 0x7F, 0x8C, 0x92, 0x89, 0x7E, 0x82, 0x94 ; file 0FFBF2
db 0x9F, 0xC4, 0xC6, 0xA7, 0x7F, 0x68, 0x73, 0x78, 0x5F, 0x5D, 0x6C, 0x73, 0x61, 0x64, 0x86, 0x96 ; file 0FFC02
db 0xA0, 0xA8, 0xA7, 0x9B, 0x95, 0x8E, 0x8E, 0x8C, 0x85, 0x6A, 0x58, 0x5C, 0x60, 0x59, 0x64, 0x6E ; file 0FFC12
db 0x6E, 0x6D, 0x6E, 0x7D, 0x8A, 0x92, 0x8B, 0x7E, 0x81, 0x93, 0x9C, 0xBD, 0xCA, 0xAE, 0x85, 0x6B ; file 0FFC22
db 0x6E, 0x7A, 0x63, 0x5C, 0x68, 0x73, 0x65, 0x60, 0x80, 0x94, 0x9E, 0xA7, 0xA7, 0x9F, 0x97, 0x92 ; file 0FFC32
db 0x8F, 0x8C, 0x87, 0x6D, 0x5A, 0x58, 0x61, 0x5A, 0x62, 0x6D, 0x6D, 0x6C, 0x6D, 0x7B, 0x89, 0x92 ; file 0FFC42
db 0x8E, 0x7E, 0x80, 0x90, 0x9B, 0xB5, 0xCB, 0xB5, 0x8A, 0x6F, 0x6B, 0x7A, 0x68, 0x5C, 0x65, 0x72 ; file 0FFC52
db 0x69, 0x5E, 0x79, 0x91, 0x9A, 0xA6, 0xA5, 0xA2, 0x99, 0x96, 0x91, 0x8C, 0x89, 0x70, 0x5D, 0x55 ; file 0FFC62
db 0x60, 0x5D, 0x5F, 0x6C, 0x6D, 0x6B, 0x6C, 0x79, 0x89, 0x91, 0x91, 0x7F, 0x7F, 0x8D, 0x9B, 0xAD ; file 0FFC72
db 0xCB, 0xBC, 0x90, 0x73, 0x69, 0x78, 0x6D, 0x5C, 0x63, 0x70, 0x6D, 0x5E, 0x72, 0x8F, 0x96, 0xA5 ; file 0FFC82
db 0xA4, 0xA4, 0x9B, 0x9A, 0x94, 0x8D, 0x8A, 0x74, 0x5F, 0x55, 0x5D, 0x60, 0x5D, 0x6A, 0x6C, 0x69 ; file 0FFC92
db 0x6B, 0x76, 0x89, 0x8F, 0x93, 0x81, 0x7E, 0x8B, 0x9A, 0xA7, 0xC7, 0xC2, 0x98, 0x77, 0x69, 0x75 ; file 0FFCA2
db 0x72, 0x5D, 0x61, 0x6D, 0x6F, 0x61, 0x6C, 0x8C, 0x93, 0xA3, 0xA3, 0xA5, 0x9D, 0x9D, 0x97, 0x8E ; file 0FFCB2
db 0x89, 0x78, 0x61, 0x55, 0x59, 0x62, 0x5D, 0x69, 0x6C, 0x68, 0x6A, 0x72, 0x89, 0x8E, 0x94, 0x83 ; file 0FFCC2
db 0x7D, 0x88, 0x9A, 0xA4, 0xC2, 0xC6, 0xA0, 0x7A, 0x6B, 0x71, 0x75, 0x60, 0x5F, 0x6A, 0x6F, 0x64 ; file 0FFCD2
db 0x66, 0x87, 0x90, 0xA0, 0xA3, 0xA4, 0xA0, 0x9F, 0x9B, 0x91, 0x89, 0x7C, 0x62, 0x57, 0x55, 0x62 ; file 0FFCE2
db 0x5D, 0x66, 0x6C, 0x67, 0x68, 0x70, 0x87, 0x8D, 0x95, 0x87, 0x7C, 0x86, 0x98, 0xA2, 0xBC, 0xC9 ; file 0FFCF2
db 0xA9, 0x7E, 0x6E, 0x6E, 0x76, 0x64, 0x5E, 0x68, 0x6E, 0x68, 0x63, 0x82, 0x8D, 0x9D, 0xA2, 0xA3 ; file 0FFD02
db 0xA2, 0xA1, 0x9F, 0x94, 0x88, 0x7F, 0x64, 0x5A, 0x52, 0x61, 0x60, 0x63, 0x6C, 0x66, 0x67, 0x6D ; file 0FFD12
db 0x85, 0x8E, 0x94, 0x8A, 0x7C, 0x84, 0x96, 0xA1, 0xB6, 0xC9, 0xB2, 0x83, 0x72, 0x6C, 0x75, 0x68 ; file 0FFD22
db 0x5E, 0x67, 0x6C, 0x6B, 0x62, 0x7B, 0x8B, 0x98, 0xA2, 0xA1, 0xA3, 0xA2, 0xA3, 0x99, 0x88, 0x82 ; file 0FFD32
db 0x67, 0x5C, 0x51, 0x5D, 0x62, 0x61, 0x6C, 0x65, 0x65, 0x6A, 0x82, 0x8F, 0x92, 0x8E, 0x7C, 0x82 ; file 0FFD42
db 0x94, 0xA1, 0xB1, 0xC6, 0xB9, 0x89, 0x74, 0x6C, 0x72, 0x6D, 0x5E, 0x65, 0x6A, 0x6D, 0x64, 0x76 ; file 0FFD52
db 0x89, 0x94, 0xA2, 0x9F, 0xA4, 0xA4, 0xA5, 0x9E, 0x89, 0x83, 0x6A, 0x5D, 0x52, 0x58, 0x65, 0x60 ; file 0FFD62
db 0x6B, 0x65, 0x64, 0x68, 0x7E, 0x90, 0x91, 0x91, 0x7D, 0x7F, 0x92, 0xA0, 0xAE, 0xC1, 0xBF, 0x90 ; file 0FFD72
db 0x77, 0x6E, 0x70, 0x6F, 0x60, 0x64, 0x68, 0x6D, 0x67, 0x71, 0x86, 0x8F, 0xA1, 0x9E, 0xA3, 0xA6 ; file 0FFD82
db 0xA8, 0xA4, 0x8C, 0x84, 0x6D, 0x5D, 0x54, 0x53, 0x65, 0x61, 0x69, 0x66, 0x62, 0x66, 0x7A, 0x90 ; file 0FFD92
db 0x91, 0x93, 0x7E, 0x7E, 0x91, 0x9F, 0xAC, 0xBC, 0xC3, 0x98, 0x79, 0x71, 0x6D, 0x70, 0x64, 0x63 ; file 0FFDA2
db 0x67, 0x6B, 0x6A, 0x6E, 0x83, 0x8C, 0x9E, 0x9D, 0xA1, 0xA8, 0xA9, 0xA9, 0x91, 0x84, 0x6F, 0x5E ; file 0FFDB2
db 0x57, 0x4F, 0x64, 0x64, 0x67, 0x66, 0x60, 0x63, 0x76, 0x8F, 0x91, 0x93, 0x81, 0x7C, 0x8E, 0x9D ; file 0FFDC2
db 0xAB, 0xB7, 0xC3, 0xA0, 0x7C, 0x73, 0x6C, 0x6F, 0x67, 0x63, 0x66, 0x69, 0x6D, 0x6D, 0x7E, 0x88 ; file 0FFDD2
db 0x9B, 0x9C, 0x9F, 0xA9, 0xAB, 0xAE, 0x96, 0x84, 0x72, 0x5F, 0x58, 0x4E, 0x60, 0x66, 0x66, 0x67 ; file 0FFDE2
db 0x5F, 0x61, 0x73, 0x8D, 0x92, 0x92, 0x84, 0x7C, 0x8C, 0x9B, 0xAB, 0xB3, 0xC1, 0xA8, 0x80, 0x76 ; file 0FFDF2
db 0x6D, 0x6C, 0x6B, 0x63, 0x66, 0x66, 0x6E, 0x6D, 0x7A, 0x85, 0x97, 0x9C, 0x9D, 0xA8, 0xAD, 0xB1 ; file 0FFE02
db 0x9D, 0x85, 0x73, 0x60, 0x5A, 0x4E, 0x5B, 0x69, 0x65, 0x67, 0x5E, 0x5F, 0x6F, 0x8B, 0x93, 0x92 ; file 0FFE12
db 0x87, 0x7C, 0x89, 0x9A, 0xAA, 0xB2, 0xBD, 0xAD, 0x85, 0x77, 0x6F, 0x6A, 0x6C, 0x65, 0x66, 0x64 ; file 0FFE22
db 0x6D, 0x6F, 0x77, 0x82, 0x93, 0x9B, 0x9B, 0xA6, 0xB0, 0xB4, 0xA4, 0x88, 0x75, 0x62, 0x5A, 0x50 ; file 0FFE32
db 0x56, 0x69, 0x66, 0x66, 0x5E, 0x5E, 0x6B, 0x88, 0x94, 0x93, 0x89, 0x7D, 0x86, 0x99, 0xA8, 0xB1 ; file 0FFE42
db 0xB8, 0xB2, 0x8B, 0x79, 0x73, 0x67, 0x6C, 0x67, 0x66, 0x62, 0x6B, 0x72, 0x75, 0x7E, 0x8F, 0x99 ; file 0FFE52
db 0x9A, 0xA4, 0xB1, 0xB5, 0xAB, 0x8C, 0x76, 0x63, 0x5A, 0x52, 0x52, 0x68, 0x69, 0x66, 0x5E, 0x5C ; file 0FFE62
db 0x67, 0x85, 0x94, 0x94, 0x8A, 0x7E, 0x84, 0x98, 0xA6, 0xB2, 0xB4, 0xB4, 0x92, 0x7B, 0x76, 0x67 ; file 0FFE72
db 0x6B, 0x6A, 0x66, 0x61, 0x68, 0x73, 0x76, 0x7A, 0x8C, 0x97, 0x99, 0xA0, 0xB2, 0xB7, 0xB1, 0x91 ; file 0FFE82
db 0x78, 0x64, 0x5B, 0x54, 0x50, 0x65, 0x6B, 0x65, 0x5E, 0x5B, 0x63, 0x81, 0x93, 0x96, 0x8B, 0x80 ; file 0FFE92
db 0x82, 0x96, 0xA4, 0xB3, 0xB0, 0xB4, 0x98, 0x7E, 0x79, 0x68, 0x68, 0x6D, 0x67, 0x61, 0x65, 0x74 ; file 0FFEA2
db 0x78, 0x76, 0x88, 0x93, 0x98, 0x9D, 0xB1, 0xB9, 0xB6, 0x98, 0x7A, 0x64, 0x5C, 0x55, 0x4F, 0x60 ; file 0FFEB2
db 0x6E, 0x66, 0x5E, 0x5A, 0x60, 0x7D, 0x91, 0x97, 0x8B, 0x81, 0x82, 0x94, 0xA2, 0xB3, 0xAF, 0xB1 ; file 0FFEC2
db 0x9D, 0x82, 0x7B, 0x6B, 0x64, 0x6E, 0x69, 0x61, 0x62, 0x73, 0x7A, 0x73, 0x84, 0x91, 0x97, 0x9B ; file 0FFED2
db 0xAF, 0xBB, 0xBA, 0x9E, 0x7E, 0x64, 0x5D, 0x55, 0x50, 0x5A, 0x6F, 0x67, 0x5E, 0x59, 0x5D, 0x79 ; file 0FFEE2
db 0x8F, 0x98, 0x8D, 0x82, 0x81, 0x92, 0xA1, 0xB3, 0xAF, 0xAD, 0xA0, 0x88, 0x7C, 0x6F, 0x61, 0x6E ; file 0FFEF2
db 0x6C, 0x62, 0x60, 0x70, 0x7D, 0x72, 0x7F, 0x8E, 0x94, 0x99, 0xAD, 0xBC, 0xBE, 0xA6, 0x83, 0x65 ; file 0FFF02
db 0x5E, 0x56, 0x51, 0x56, 0x6D, 0x6B, 0x5D, 0x59, 0x5A, 0x76, 0x8D, 0x98, 0x8F, 0x82, 0x82, 0x90 ; file 0FFF12
db 0xA0, 0xB1, 0xB1, 0xAA, 0xA2, 0x8E, 0x7E, 0x74, 0x60, 0x6C, 0x70, 0x63, 0x5F, 0x6C, 0x7F, 0x73 ; file 0FFF22
db 0x7A, 0x8C, 0x91, 0x98, 0xA9, 0xBD, 0xC1, 0xAC, 0x8A, 0x66, 0x5E, 0x57, 0x53, 0x53, 0x6A, 0x6E ; file 0FFF32
db 0x5D, 0x59, 0x58, 0x71, 0x8B, 0x97, 0x92, 0x82, 0x83, 0x8F, 0x9E, 0xB0, 0xB2, 0xA8, 0xA0, 0x93 ; file 0FFF42
db 0x81, 0x77, 0x61, 0x68, 0x73, 0x64, 0x5E, 0x69, 0x80, 0x76, 0x76, 0x89, 0x8D, 0x96, 0xA6, 0xBC ; file 0FFF52
db 0xC4, 0xB1, 0x90, 0x68, 0x5D, 0x58, 0x53, 0x53, 0x65, 0x71, 0x5E, 0x58, 0x56, 0x6D, 0x88, 0x95 ; file 0FFF62
db 0x95, 0x81, 0x83, 0x8E, 0x9C, 0xAF, 0xB4, 0xA7, 0x9D, 0x97, 0x85, 0x7A, 0x64, 0x64, 0x74, 0x67 ; file 0FFF72
db 0x5E, 0x65, 0x7F, 0x7B, 0x72, 0x86, 0x8A, 0x95, 0xA2, 0xBA, 0xC7, 0xB6, 0x99, 0x6B, 0x5D, 0x59 ; file 0FFF82
db 0x53, 0x53, 0x60, 0x73, 0x60, 0x58, 0x55, 0x69, 0x85, 0x94, 0x97, 0x82, 0x84, 0x8E, 0x9A, 0xAD ; file 0FFF92
db 0xB4, 0xA8, 0x9A, 0x99, 0x8A, 0x7D, 0x68, 0x61, 0x74, 0x6B, 0x5E, 0x62, 0x7C, 0x7F, 0x70, 0x82 ; file 0FFFA2
db 0x87, 0x92, 0xA0, 0xB8, 0xC9, 0xBA, 0xA0, 0x70, 0x5C, 0x5A, 0x52, 0x55, 0x5B, 0x72, 0x64, 0x56 ; file 0FFFB2
db 0x54, 0x64, 0x81, 0x92, 0x98, 0x84, 0x83, 0x8E, 0x99, 0xAC, 0xB4, 0xAB, 0x96, 0x99, 0x8F, 0x7F ; file 0FFFC2
db 0x6C, 0x5F, 0x71, 0x6F, 0x5E, 0x60, 0x78, 0x83, 0x70, 0x7D, 0x84, 0x8F, 0x9E, 0xB4, 0xCA, 0xBE ; file 0FFFD2
db 0xA7, 0x76, 0x5C, 0x5A, 0x53, 0x56, 0x58, 0x6F, 0x68, 0x56, 0x54, 0x61, 0x7E, 0x8F, 0x98, 0x87 ; file 0FFFE2
db 0x82, 0x8E, 0x98, 0xAA, 0xB3, 0xAD, 0x95, 0x97, 0x94, 0x82, 0x70, 0x5F, 0x6E, 0x73, 0x5F, 0x5F ; file 0FFFF2
db 0x73, 0x86, 0x73, 0x79, 0x82, 0x8B, 0x9B, 0xB0, 0xCA, 0xC3, 0xAD, 0x80, 0x5D, 0x5A, 0x54, 0x56 ; file 100002
db 0x57, 0x6B, 0x6D, 0x56, 0x54, 0x5D, 0x7B, 0x8D, 0x97, 0x8A, 0x80, 0x8E, 0x97, 0xA7, 0xB3, 0xAF ; file 100012
db 0x95, 0x93, 0x97, 0x87, 0x73, 0x61, 0x69, 0x76, 0x62, 0x5E, 0x6F, 0x86, 0x76, 0x75, 0x80, 0x87 ; file 100022
db 0x99, 0xAD, 0xC8, 0xC7, 0xB2, 0x87, 0x5F, 0x5A, 0x55, 0x55, 0x58, 0x65, 0x70, 0x58, 0x53, 0x5A ; file 100032
db 0x77, 0x8A, 0x96, 0x8D, 0x80, 0x8D, 0x97, 0xA5, 0xB3, 0xB0, 0x98, 0x8E, 0x99, 0x8D, 0x76, 0x64 ; file 100042
db 0x65, 0x76, 0x66, 0x5E, 0x6B, 0x84, 0x7A, 0x73, 0x7D, 0x84, 0x95, 0xAA, 0xC4, 0xCB, 0xB6, 0x91 ; file 100052
db 0x63, 0x59, 0x55, 0x55, 0x59, 0x61, 0x70, 0x5B, 0x52, 0x58, 0x73, 0x86, 0x95, 0x8E, 0x81, 0x8B ; file 100062
db 0x97, 0xA2, 0xB3, 0xB0, 0x9B, 0x89, 0x98, 0x92, 0x79, 0x68, 0x62, 0x75, 0x6A, 0x5E, 0x68, 0x81 ; file 100072
db 0x7E, 0x73, 0x79, 0x81, 0x91, 0xA7, 0xC0, 0xCE, 0xBA, 0x9A, 0x69, 0x59, 0x56, 0x55, 0x5A, 0x5E ; file 100082
db 0x6F, 0x60, 0x51, 0x56, 0x6F, 0x83, 0x93, 0x90, 0x82, 0x88, 0x98, 0xA0, 0xB2, 0xB0, 0x9F, 0x85 ; file 100092
db 0x95, 0x97, 0x7D, 0x6B, 0x61, 0x72, 0x6E, 0x5E, 0x65, 0x7E, 0x81, 0x74, 0x76, 0x7F, 0x8C, 0xA4 ; file 1000A2
db 0xBC, 0xCF, 0xBE, 0xA2, 0x70, 0x59, 0x56, 0x55, 0x5A, 0x5D, 0x6B, 0x64, 0x51, 0x55, 0x6C, 0x80 ; file 1000B2
db 0x91, 0x91, 0x85, 0x86, 0x98, 0x9F, 0xB0, 0xB1, 0xA3, 0x84, 0x91, 0x9A, 0x83, 0x6D, 0x62, 0x6E ; file 1000C2
db 0x71, 0x60, 0x63, 0x79, 0x82, 0x77, 0x73, 0x7C, 0x87, 0xA1, 0xB8, 0xCF, 0xC2, 0xA9, 0x78, 0x5B ; file 1000D2
db 0x55, 0x55, 0x59, 0x5D, 0x67, 0x68, 0x53, 0x52, 0x69, 0x7D, 0x8E, 0x91, 0x86, 0x85, 0x98, 0x9E ; file 1000E2
db 0xAE, 0xB1, 0xA6, 0x86, 0x8A, 0x9C, 0x89, 0x70, 0x65, 0x6A, 0x72, 0x64, 0x62, 0x76, 0x81, 0x7B ; file 1000F2
db 0x72, 0x79, 0x83, 0x9D, 0xB4, 0xCD, 0xC6, 0xAE, 0x80, 0x5E, 0x55, 0x55, 0x58, 0x5E, 0x63, 0x69 ; file 100102
db 0x57, 0x50, 0x65, 0x7A, 0x8B, 0x91, 0x87, 0x84, 0x96, 0x9E, 0xAD, 0xB1, 0xA8, 0x89, 0x85, 0x9C ; file 100112
db 0x8F, 0x73, 0x68, 0x67, 0x72, 0x68, 0x61, 0x73, 0x80, 0x7E, 0x73, 0x74, 0x80, 0x98, 0xB1, 0xC9 ; file 100122
db 0xC9, 0xB3, 0x88, 0x63, 0x55, 0x55, 0x58, 0x5E, 0x61, 0x68, 0x5B, 0x4E, 0x62, 0x77, 0x87, 0x91 ; file 100132
db 0x88, 0x85, 0x94, 0x9F, 0xAB, 0xB1, 0xA9, 0x8D, 0x81, 0x99, 0x95, 0x77, 0x6B, 0x67, 0x70, 0x6B ; file 100142
db 0x61, 0x70, 0x7D, 0x80, 0x75, 0x71, 0x7D, 0x93, 0xAE, 0xC6, 0xCB, 0xB8, 0x91, 0x69, 0x55, 0x54 ; file 100152
db 0x58, 0x5E, 0x60, 0x65, 0x5F, 0x4E, 0x5F, 0x74, 0x84, 0x90, 0x88, 0x86, 0x91, 0x9F, 0xA9, 0xB1 ; file 100162
db 0xAB, 0x91, 0x7F, 0x94, 0x9A, 0x7C, 0x6D, 0x67, 0x6D, 0x6E, 0x62, 0x6D, 0x7B, 0x80, 0x79, 0x6E ; file 100172
db 0x7B, 0x8D, 0xAA, 0xC3, 0xCB, 0xBE, 0x98, 0x70, 0x57, 0x52, 0x58, 0x5D, 0x61, 0x62, 0x62, 0x4F ; file 100182
db 0x5B, 0x72, 0x81, 0x8E, 0x88, 0x86, 0x8F, 0x9E, 0xA8, 0xB0, 0xAC, 0x95, 0x7F, 0x8D, 0x9D, 0x83 ; file 100192
db 0x6F, 0x6A, 0x6A, 0x6F, 0x64, 0x6B, 0x79, 0x7F, 0x7D, 0x6D, 0x77, 0x88, 0xA6, 0xBF, 0xCB, 0xC2 ; file 1001A2
db 0xA0, 0x78, 0x5B, 0x52, 0x58, 0x5C, 0x62, 0x5F, 0x63, 0x52, 0x57, 0x70, 0x7E, 0x8C, 0x88, 0x87 ; file 1001B2
db 0x8D, 0x9D, 0xA7, 0xB0, 0xAE, 0x98, 0x81, 0x86, 0x9D, 0x89, 0x71, 0x6C, 0x69, 0x6E, 0x68, 0x69 ; file 1001C2
db 0x78, 0x7C, 0x80, 0x6E, 0x73, 0x83, 0xA1, 0xBC, 0xCA, 0xC6, 0xA6, 0x7E, 0x60, 0x51, 0x57, 0x5B ; file 1001D2
db 0x62, 0x5E, 0x61, 0x57, 0x53, 0x6E, 0x7B, 0x89, 0x88, 0x86, 0x8D, 0x9B, 0xA7, 0xAF, 0xAE, 0x9B ; file 1001E2
db 0x83, 0x81, 0x9B, 0x90, 0x74, 0x6E, 0x69, 0x6C, 0x6B, 0x68, 0x77, 0x7A, 0x82, 0x71, 0x6F, 0x7F ; file 1001F2
db 0x9B, 0xB8, 0xC8, 0xC8, 0xAD, 0x85, 0x66, 0x52, 0x55, 0x5B, 0x62, 0x5E, 0x5F, 0x5B, 0x51, 0x6B ; file 100202
db 0x78, 0x87, 0x88, 0x85, 0x8D, 0x99, 0xA6, 0xAF, 0xAE, 0x9E, 0x86, 0x7E, 0x97, 0x95, 0x78, 0x6F ; file 100212
db 0x6A, 0x69, 0x6D, 0x67, 0x75, 0x77, 0x82, 0x75, 0x6C, 0x7C, 0x96, 0xB5, 0xC6, 0xC8, 0xB4, 0x8C ; file 100222
db 0x6D, 0x54, 0x54, 0x5B, 0x61, 0x60, 0x5B, 0x5E, 0x50, 0x67, 0x76, 0x84, 0x87, 0x84, 0x8C, 0x97 ; file 100232
db 0xA5, 0xAF, 0xAE, 0xA2, 0x88, 0x7D, 0x90, 0x99, 0x7D, 0x70, 0x6D, 0x67, 0x6E, 0x69, 0x74, 0x76 ; file 100242
db 0x80, 0x7B, 0x6A, 0x77, 0x91, 0xB0, 0xC5, 0xC7, 0xBA, 0x92, 0x74, 0x57, 0x52, 0x5B, 0x60, 0x62 ; file 100252
db 0x59, 0x5F, 0x52, 0x63, 0x75, 0x81, 0x87, 0x83, 0x8B, 0x96, 0xA3, 0xAF, 0xAE, 0xA5, 0x8A, 0x7E ; file 100262
db 0x8A, 0x9A, 0x83, 0x72, 0x70, 0x65, 0x6D, 0x6B, 0x72, 0x75, 0x7D, 0x7F, 0x6A, 0x72, 0x8B, 0xAA ; file 100272
db 0xC3, 0xC6, 0xBF, 0x98, 0x7A, 0x5C, 0x51, 0x5A, 0x5F, 0x64, 0x57, 0x5E, 0x55, 0x5F, 0x73, 0x7E ; file 100282
db 0x86, 0x82, 0x89, 0x96, 0xA1, 0xAF, 0xAE, 0xA7, 0x8C, 0x7F, 0x85, 0x99, 0x89, 0x74, 0x72, 0x66 ; file 100292
db 0x6A, 0x6D, 0x71, 0x75, 0x7A, 0x82, 0x6C, 0x6E, 0x86, 0xA4, 0xC1, 0xC4, 0xC3, 0x9E, 0x80, 0x62 ; file 1002A2
db 0x51, 0x59, 0x5F, 0x65, 0x58, 0x5B, 0x58, 0x5B, 0x71, 0x7C, 0x85, 0x81, 0x87, 0x95, 0x9F, 0xAF ; file 1002B2
db 0xAF, 0xA9, 0x8F, 0x81, 0x81, 0x96, 0x8F, 0x77, 0x73, 0x68, 0x67, 0x6F, 0x70, 0x75, 0x76, 0x83 ; file 1002C2
db 0x70, 0x6A, 0x81, 0x9E, 0xBE, 0xC3, 0xC4, 0xA5, 0x85, 0x69, 0x52, 0x57, 0x5F, 0x65, 0x5B, 0x57 ; file 1002D2
db 0x5B, 0x59, 0x6F, 0x7A, 0x83, 0x80, 0x85, 0x95, 0x9D, 0xAE, 0xB0, 0xAA, 0x93, 0x82, 0x7F, 0x91 ; file 1002E2
db 0x93, 0x7C, 0x74, 0x6C, 0x64, 0x6F, 0x71, 0x76, 0x74, 0x82, 0x75, 0x68, 0x7C, 0x99, 0xB9, 0xC2 ; file 1002F2
db 0xC4, 0xAC, 0x8B, 0x71, 0x54, 0x55, 0x5E, 0x64, 0x5E, 0x54, 0x5B, 0x58, 0x6C, 0x78, 0x82, 0x7F ; file 100302
db 0x83, 0x93, 0x9C, 0xAC, 0xB1, 0xAB, 0x97, 0x83, 0x7F, 0x8C, 0x95, 0x81, 0x75, 0x70, 0x62, 0x6E ; file 100312
db 0x72, 0x76, 0x72, 0x80, 0x7A, 0x68, 0x76, 0x94, 0xB4, 0xC2, 0xC3, 0xB2, 0x8F, 0x77, 0x58, 0x53 ; file 100322
db 0x5D, 0x63, 0x61, 0x52, 0x5A, 0x59, 0x69, 0x76, 0x80, 0x7F, 0x81, 0x91, 0x9C, 0xA9, 0xB3, 0xAB ; file 100332
db 0x9A, 0x83, 0x80, 0x87, 0x95, 0x86, 0x77, 0x74, 0x62, 0x6B, 0x73, 0x76, 0x71, 0x7C, 0x7E, 0x6A ; file 100342
db 0x70, 0x8E, 0xAE, 0xC2, 0xC1, 0xB7, 0x95, 0x7D, 0x5E, 0x52, 0x5C, 0x63, 0x63, 0x52, 0x58, 0x5B ; file 100352
db 0x66, 0x75, 0x7E, 0x7E, 0x7F, 0x8E, 0x9C, 0xA6, 0xB4, 0xAC, 0x9D, 0x85, 0x81, 0x83, 0x92, 0x8C ; file 100362
db 0x7A, 0x76, 0x64, 0x67, 0x74, 0x77, 0x72, 0x79, 0x80, 0x6E, 0x6C, 0x89, 0xA7, 0xC1, 0xBF, 0xBB ; file 100372
db 0x9A, 0x82, 0x65, 0x53, 0x5A, 0x63, 0x64, 0x54, 0x54, 0x5C, 0x64, 0x73, 0x7C, 0x7E, 0x7D, 0x8A ; file 100382
db 0x9C, 0xA3, 0xB5, 0xAD, 0xA0, 0x87, 0x81, 0x82, 0x8E, 0x8F, 0x7E, 0x78, 0x68, 0x63, 0x73, 0x79 ; file 100392
db 0x72, 0x76, 0x81, 0x72, 0x68, 0x83, 0xA2, 0xBE, 0xBF, 0xBC, 0xA0, 0x87, 0x6C, 0x55, 0x58, 0x62 ; file 1003A2
db 0x65, 0x57, 0x50, 0x5B, 0x63, 0x70, 0x7B, 0x7D, 0x7B, 0x87, 0x9B, 0xA2, 0xB3, 0xAF, 0xA2, 0x89 ; file 1003B2
db 0x80, 0x82, 0x89, 0x90, 0x82, 0x79, 0x6D, 0x61, 0x71, 0x7B, 0x73, 0x73, 0x7F, 0x76, 0x68, 0x7D ; file 1003C2
db 0x9C, 0xBB, 0xBE, 0xBD, 0xA5, 0x8B, 0x73, 0x58, 0x56, 0x61, 0x65, 0x5A, 0x4E, 0x59, 0x64, 0x6E ; file 1003D2
db 0x79, 0x7D, 0x79, 0x84, 0x99, 0xA2, 0xB1, 0xB2, 0xA4, 0x8B, 0x80, 0x83, 0x85, 0x90, 0x87, 0x7B ; file 1003E2
db 0x71, 0x60, 0x6D, 0x7D, 0x75, 0x72, 0x7D, 0x79, 0x69, 0x77, 0x97, 0xB6, 0xBE, 0xBD, 0xA9, 0x8F ; file 1003F2
db 0x79, 0x5D, 0x55, 0x60, 0x65, 0x5D, 0x4E, 0x55, 0x65, 0x6C, 0x78, 0x7C, 0x77, 0x81, 0x97, 0xA2 ; file 100402
db 0xAF, 0xB4, 0xA6, 0x8D, 0x80, 0x83, 0x83, 0x8C, 0x8B, 0x7E, 0x74, 0x62, 0x69, 0x7D, 0x78, 0x71 ; file 100412
db 0x7A, 0x7B, 0x6C, 0x71, 0x92, 0xB1, 0xBE, 0xBC, 0xAC, 0x94, 0x7F, 0x63, 0x55, 0x5E, 0x66, 0x5F ; file 100422
db 0x4F, 0x51, 0x64, 0x6C, 0x76, 0x7B, 0x76, 0x7E, 0x94, 0xA2, 0xAC, 0xB5, 0xA9, 0x90, 0x81, 0x83 ; file 100432
db 0x82, 0x88, 0x8E, 0x82, 0x77, 0x65, 0x64, 0x7C, 0x7B, 0x70, 0x78, 0x7B, 0x70, 0x6E, 0x8C, 0xAC ; file 100442
db 0xBC, 0xBC, 0xAE, 0x99, 0x84, 0x69, 0x57, 0x5C, 0x66, 0x60, 0x52, 0x4D, 0x63, 0x6D, 0x74, 0x7B ; file 100452
db 0x75, 0x7B, 0x90, 0xA2, 0xAB, 0xB5, 0xAB, 0x93, 0x81, 0x82, 0x83, 0x83, 0x8F, 0x86, 0x7A, 0x68 ; file 100462
db 0x62, 0x7A, 0x7F, 0x70, 0x76, 0x7A, 0x74, 0x6B, 0x86, 0xA7, 0xBA, 0xBB, 0xAF, 0x9D, 0x88, 0x70 ; file 100472
db 0x5A, 0x5A, 0x65, 0x61, 0x54, 0x4B, 0x5F, 0x6F, 0x72, 0x7B, 0x75, 0x79, 0x8D, 0xA1, 0xAA, 0xB5 ; file 100482
db 0xAE, 0x95, 0x82, 0x81, 0x84, 0x80, 0x8D, 0x8B, 0x7C, 0x6C, 0x60, 0x75, 0x82, 0x71, 0x74, 0x78 ; file 100492
db 0x77, 0x6B, 0x7F, 0xA2, 0xB7, 0xBB, 0xB0, 0x9F, 0x8C, 0x76, 0x5F, 0x59, 0x64, 0x63, 0x56, 0x4A ; file 1004A2
db 0x5A, 0x70, 0x70, 0x7A, 0x74, 0x76, 0x89, 0x9F, 0xAA, 0xB4, 0xB1, 0x98, 0x82, 0x80, 0x85, 0x7E ; file 1004B2
db 0x89, 0x8E, 0x80, 0x6F, 0x61, 0x70, 0x85, 0x73, 0x73, 0x76, 0x79, 0x6D, 0x7A, 0x9D, 0xB4, 0xBA ; file 1004C2
db 0xB1, 0xA1, 0x91, 0x7B, 0x64, 0x59, 0x62, 0x65, 0x58, 0x4B, 0x54, 0x71, 0x70, 0x79, 0x74, 0x74 ; file 1004D2
db 0x85, 0x9C, 0xAA, 0xB3, 0xB3, 0x9C, 0x83, 0x80, 0x86, 0x7E, 0x84, 0x90, 0x85, 0x72, 0x64, 0x6B ; file 1004E2
db 0x85, 0x76, 0x72, 0x75, 0x78, 0x70, 0x75, 0x98, 0xB0, 0xB8, 0xB2, 0xA1, 0x95, 0x7F, 0x6A, 0x5A ; file 1004F2
db 0x60, 0x66, 0x59, 0x4E, 0x4E, 0x6F, 0x71, 0x77, 0x75, 0x71, 0x81, 0x9A, 0xA9, 0xB3, 0xB3, 0xA0 ; file 100502
db 0x84, 0x7F, 0x85, 0x7F, 0x7F, 0x91, 0x8A, 0x75, 0x67, 0x66, 0x83, 0x7B, 0x72, 0x74, 0x77, 0x74 ; file 100512
db 0x73, 0x91, 0xAD, 0xB6, 0xB2, 0xA1, 0x98, 0x83, 0x6F, 0x5D, 0x5F, 0x66, 0x5A, 0x50, 0x4A, 0x6C ; file 100522
db 0x74, 0x75, 0x76, 0x6F, 0x7D, 0x97, 0xA8, 0xB4, 0xB3, 0xA4, 0x85, 0x7F, 0x84, 0x81, 0x7A, 0x8F ; file 100532
db 0x8F, 0x79, 0x6B, 0x64, 0x80, 0x7F, 0x72, 0x73, 0x74, 0x76, 0x73, 0x8A, 0xAA, 0xB3, 0xB4, 0xA0 ; file 100542
db 0x9A, 0x87, 0x75, 0x62, 0x5D, 0x66, 0x5B, 0x52, 0x48, 0x67, 0x77, 0x74, 0x76, 0x6E, 0x7A, 0x93 ; file 100552
db 0xA6, 0xB4, 0xB3, 0xA8, 0x87, 0x7E, 0x83, 0x83, 0x78, 0x8A, 0x93, 0x7D, 0x6D, 0x64, 0x7B, 0x83 ; file 100562
db 0x73, 0x73, 0x71, 0x77, 0x74, 0x84, 0xA7, 0xAF, 0xB4, 0xA0, 0x9B, 0x8C, 0x79, 0x67, 0x5D, 0x65 ; file 100572
db 0x5D, 0x52, 0x48, 0x60, 0x79, 0x73, 0x76, 0x6D, 0x76, 0x90, 0xA4, 0xB4, 0xB3, 0xAB, 0x8A, 0x7E ; file 100582
db 0x83, 0x85, 0x77, 0x84, 0x96, 0x82, 0x6F, 0x66, 0x76, 0x85, 0x75, 0x74, 0x6F, 0x77, 0x77, 0x80 ; file 100592
db 0xA3, 0xAD, 0xB3, 0xA0, 0x9A, 0x91, 0x7D, 0x6D, 0x5F, 0x64, 0x5F, 0x53, 0x4A, 0x5A, 0x79, 0x75 ; file 1005A2
db 0x75, 0x6D, 0x73, 0x8C, 0xA1, 0xB4, 0xB3, 0xAD, 0x8D, 0x7D, 0x82, 0x85, 0x78, 0x7E, 0x96, 0x88 ; file 1005B2
db 0x72, 0x69, 0x72, 0x85, 0x78, 0x74, 0x6E, 0x75, 0x7A, 0x7D, 0x9E, 0xAA, 0xB2, 0xA1, 0x99, 0x94 ; file 1005C2
db 0x80, 0x72, 0x62, 0x63, 0x60, 0x54, 0x4C, 0x55, 0x77, 0x77, 0x75, 0x6D, 0x71, 0x88, 0x9F, 0xB3 ; file 1005D2
db 0xB5, 0xAD, 0x91, 0x7D, 0x81, 0x85, 0x7A, 0x79, 0x94, 0x8E, 0x74, 0x6C, 0x6F, 0x83, 0x7C, 0x74 ; file 1005E2
db 0x6D, 0x72, 0x7C, 0x7D, 0x98, 0xA8, 0xAF, 0xA2, 0x98, 0x96, 0x83, 0x77, 0x66, 0x62, 0x60, 0x55 ; file 1005F2
db 0x4D, 0x51, 0x73, 0x7A, 0x74, 0x6D, 0x6E, 0x84, 0x9C, 0xB0, 0xB7, 0xAE, 0x95, 0x7D, 0x80, 0x85 ; file 100602
db 0x7C, 0x76, 0x90, 0x93, 0x78, 0x6E, 0x6E, 0x80, 0x7F, 0x76, 0x6D, 0x6F, 0x7C, 0x7F, 0x92, 0xA6 ; file 100612
db 0xAC, 0xA3, 0x96, 0x97, 0x87, 0x7C, 0x6B, 0x62, 0x61, 0x56, 0x4E, 0x50, 0x6E, 0x7D, 0x75, 0x6D ; file 100622
db 0x6C, 0x80, 0x99, 0xAE, 0xB9, 0xAE, 0x98, 0x7E, 0x7F, 0x85, 0x7E, 0x74, 0x8A, 0x97, 0x7D, 0x6F ; file 100632
db 0x6F, 0x7C, 0x80, 0x78, 0x6E, 0x6D, 0x7B, 0x81, 0x8E, 0xA3, 0xA9, 0xA3, 0x95, 0x97, 0x8C, 0x7F ; file 100642
db 0x71, 0x64, 0x61, 0x57, 0x4E, 0x50, 0x68, 0x7D, 0x77, 0x6C, 0x6B, 0x7C, 0x96, 0xAB, 0xB9, 0xAF ; file 100652
db 0x9B, 0x80, 0x7E, 0x84, 0x7E, 0x75, 0x83, 0x98, 0x83, 0x71, 0x71, 0x79, 0x80, 0x7B, 0x6E, 0x6B ; file 100662
db 0x78, 0x84, 0x8B, 0x9F, 0xA6, 0xA3, 0x94, 0x95, 0x8F, 0x82, 0x76, 0x67, 0x60, 0x58, 0x4F, 0x50 ; file 100672
db 0x63, 0x7C, 0x7A, 0x6C, 0x6A, 0x79, 0x92, 0xA9, 0xB9, 0xB1, 0x9D, 0x83, 0x7D, 0x84, 0x7F, 0x76 ; file 100682
db 0x7D, 0x97, 0x88, 0x74, 0x73, 0x78, 0x7E, 0x7F, 0x6F, 0x6A, 0x74, 0x85, 0x8B, 0x9B, 0xA4, 0xA1 ; file 100692
db 0x94, 0x93, 0x92, 0x85, 0x7B, 0x6B, 0x61, 0x58, 0x50, 0x50, 0x60, 0x78, 0x7E, 0x6C, 0x6A, 0x76 ; file 1006A2
db 0x8F, 0xA6, 0xB9, 0xB3, 0x9F, 0x85, 0x7D, 0x84, 0x7F, 0x77, 0x79, 0x94, 0x8E, 0x77, 0x75, 0x78 ; file 1006B2
db 0x7B, 0x81, 0x71, 0x6A, 0x70, 0x86, 0x8C, 0x97, 0xA2, 0xA0, 0x94, 0x92, 0x92, 0x89, 0x80, 0x70 ; file 1006C2
db 0x62, 0x58, 0x51, 0x4F, 0x5F, 0x73, 0x80, 0x6D, 0x68, 0x73, 0x8B, 0xA2, 0xB7, 0xB5, 0xA0, 0x88 ; file 1006D2
db 0x7D, 0x82, 0x80, 0x78, 0x77, 0x8F, 0x92, 0x7B, 0x75, 0x7A, 0x78, 0x82, 0x74, 0x69, 0x6D, 0x84 ; file 1006E2
db 0x8E, 0x94, 0x9F, 0x9E, 0x93, 0x90, 0x92, 0x8C, 0x83, 0x76, 0x64, 0x58, 0x52, 0x4E, 0x5F, 0x6E ; file 1006F2
db 0x81, 0x70, 0x67, 0x71, 0x88, 0x9F, 0xB6, 0xB7, 0xA3, 0x8A, 0x7E, 0x81, 0x81, 0x78, 0x77, 0x89 ; file 100702
db 0x94, 0x80, 0x76, 0x7D, 0x76, 0x82, 0x79, 0x6A, 0x6B, 0x81, 0x90, 0x93, 0x9B, 0x9D, 0x92, 0x8F ; file 100712
db 0x91, 0x8F, 0x86, 0x7B, 0x68, 0x58, 0x53, 0x4E, 0x5F, 0x6A, 0x80, 0x74, 0x66, 0x6F, 0x84, 0x9B ; file 100722
db 0xB3, 0xB8, 0xA6, 0x8B, 0x7F, 0x81, 0x82, 0x78, 0x77, 0x83, 0x94, 0x86, 0x78, 0x7F, 0x75, 0x7F ; file 100732
db 0x7D, 0x6A, 0x69, 0x7D, 0x92, 0x94, 0x97, 0x9C, 0x90, 0x8F, 0x8F, 0x91, 0x89, 0x80, 0x6D, 0x58 ; file 100742
db 0x53, 0x4D, 0x5E, 0x68, 0x7C, 0x79, 0x65, 0x6D, 0x81, 0x97, 0xB1, 0xB7, 0xAA, 0x8C, 0x81, 0x80 ; file 100752
db 0x82, 0x79, 0x78, 0x7F, 0x91, 0x8A, 0x7A, 0x81, 0x76, 0x7C, 0x81, 0x6C, 0x68, 0x79, 0x92, 0x96 ; file 100762
db 0x93, 0x9B, 0x8E, 0x8E, 0x8E, 0x91, 0x8C, 0x84, 0x73, 0x5A, 0x53, 0x4E, 0x5C, 0x67, 0x78, 0x7D ; file 100772
db 0x65, 0x6B, 0x7E, 0x94, 0xAE, 0xB7, 0xAD, 0x8D, 0x82, 0x80, 0x81, 0x79, 0x78, 0x7D, 0x8D, 0x8E ; file 100782
db 0x7E, 0x81, 0x79, 0x78, 0x83, 0x6F, 0x68, 0x75, 0x90, 0x99, 0x90, 0x99, 0x8C, 0x8D, 0x8C, 0x90 ; file 100792
db 0x90, 0x88, 0x79, 0x5C, 0x52, 0x4E, 0x5A, 0x68, 0x73, 0x7F, 0x67, 0x69, 0x7B, 0x90, 0xAA, 0xB6 ; file 1007A2
db 0xB0, 0x8F, 0x83, 0x80, 0x81, 0x7A, 0x78, 0x7C, 0x88, 0x90, 0x82, 0x82, 0x7E, 0x74, 0x84, 0x73 ; file 1007B2
db 0x68, 0x71, 0x8D, 0x9C, 0x90, 0x96, 0x8B, 0x8A, 0x8C, 0x8E, 0x92, 0x8B, 0x7F, 0x61, 0x52, 0x4F ; file 1007C2
db 0x58, 0x69, 0x6E, 0x7F, 0x6B, 0x67, 0x79, 0x8C, 0xA6, 0xB5, 0xB2, 0x93, 0x83, 0x81, 0x81, 0x7A ; file 1007D2
db 0x77, 0x7C, 0x83, 0x90, 0x87, 0x82, 0x81, 0x73, 0x82, 0x77, 0x68, 0x6F, 0x87, 0x9E, 0x91, 0x93 ; file 1007E2
db 0x8B, 0x87, 0x8B, 0x8C, 0x93, 0x8E, 0x84, 0x67, 0x52, 0x4E, 0x56, 0x69, 0x6C, 0x7D, 0x6F, 0x65 ; file 1007F2
db 0x77, 0x89, 0xA2, 0xB3, 0xB3, 0x97, 0x83, 0x82, 0x81, 0x7B, 0x77, 0x7D, 0x7F, 0x8D, 0x8B, 0x84 ; file 100802
db 0x85, 0x73, 0x7F, 0x7B, 0x6A, 0x6D, 0x83, 0x9E, 0x94, 0x8F, 0x8B, 0x84, 0x8B, 0x8A, 0x94, 0x91 ; file 100812
db 0x89, 0x6E, 0x53, 0x4E, 0x55, 0x68, 0x6B, 0x79, 0x74, 0x65, 0x74, 0x86, 0x9E, 0xB1, 0xB3, 0x9C ; file 100822
db 0x83, 0x83, 0x82, 0x7B, 0x76, 0x7C, 0x7E, 0x88, 0x8F, 0x86, 0x87, 0x75, 0x7B, 0x7E, 0x6C, 0x6B ; file 100832
db 0x7E, 0x9C, 0x99, 0x8D, 0x8A, 0x81, 0x89, 0x88, 0x92, 0x93, 0x8D, 0x75, 0x55, 0x4E, 0x54, 0x67 ; file 100842
db 0x6C, 0x75, 0x76, 0x66, 0x71, 0x83, 0x9A, 0xAF, 0xB2, 0xA0, 0x84, 0x83, 0x83, 0x7B, 0x76, 0x7C ; file 100852
db 0x7E, 0x83, 0x90, 0x8A, 0x89, 0x79, 0x77, 0x7F, 0x70, 0x6A, 0x7A, 0x99, 0x9D, 0x8C, 0x89, 0x7F ; file 100862
db 0x87, 0x87, 0x90, 0x96, 0x90, 0x7C, 0x59, 0x4E, 0x52, 0x65, 0x6D, 0x71, 0x77, 0x68, 0x6E, 0x82 ; file 100872
db 0x96, 0xAD, 0xB2, 0xA4, 0x86, 0x83, 0x84, 0x7C, 0x76, 0x7A, 0x7F, 0x7E, 0x8F, 0x8E, 0x8B, 0x7D ; file 100882
db 0x75, 0x7E, 0x74, 0x6A, 0x77, 0x93, 0xA1, 0x8D, 0x87, 0x7E, 0x84, 0x87, 0x8E, 0x97, 0x92, 0x83 ; file 100892
db 0x5F, 0x4E, 0x51, 0x63, 0x6D, 0x6F, 0x76, 0x6C, 0x6B, 0x80, 0x92, 0xAA, 0xB1, 0xA7, 0x8A, 0x81 ; file 1008A2
db 0x85, 0x7D, 0x76, 0x79, 0x80, 0x7B, 0x8C, 0x90, 0x8E, 0x80, 0x75, 0x7C, 0x78, 0x6A, 0x75, 0x8E ; file 1008B2
db 0xA3, 0x90, 0x85, 0x7D, 0x80, 0x86, 0x8B, 0x97, 0x95, 0x89, 0x66, 0x4F, 0x4F, 0x62, 0x6D, 0x6F ; file 1008C2
db 0x74, 0x6F, 0x69, 0x7D, 0x8E, 0xA7, 0xB0, 0xA9, 0x8E, 0x81, 0x86, 0x7E, 0x76, 0x78, 0x81, 0x7A ; file 1008D2
db 0x87, 0x92, 0x91, 0x83, 0x76, 0x79, 0x7A, 0x6B, 0x73, 0x88, 0xA3, 0x94, 0x85, 0x7C, 0x7D, 0x85 ; file 1008E2
db 0x88, 0x96, 0x97, 0x8E, 0x6E, 0x51, 0x4D, 0x60, 0x6D, 0x6F, 0x71, 0x71, 0x69, 0x7A, 0x8B, 0xA3 ; file 1008F2
db 0xAE, 0xAA, 0x91, 0x81, 0x86, 0x80, 0x76, 0x77, 0x80, 0x7B, 0x81, 0x93, 0x94, 0x87, 0x79, 0x77 ; file 100902
db 0x7A, 0x6E, 0x71, 0x84, 0xA1, 0x99, 0x86, 0x7A, 0x7B, 0x83, 0x86, 0x94, 0x9A, 0x92, 0x75, 0x55 ; file 100912
db 0x4B, 0x5D, 0x6C, 0x70, 0x6F, 0x71, 0x6B, 0x77, 0x88, 0x9F, 0xAC, 0xAB, 0x94, 0x82, 0x86, 0x83 ; file 100922
db 0x76, 0x77, 0x7F, 0x7D, 0x7C, 0x92, 0x97, 0x8A, 0x7C, 0x76, 0x79, 0x72, 0x6F, 0x80, 0x9D, 0x9D ; file 100932
db 0x88, 0x79, 0x79, 0x81, 0x85, 0x91, 0x9B, 0x95, 0x7D, 0x5A, 0x4B, 0x5A, 0x6B, 0x70, 0x6E, 0x6F ; file 100942
db 0x6D, 0x74, 0x86, 0x9B, 0xAA, 0xAC, 0x97, 0x84, 0x84, 0x85, 0x77, 0x76, 0x7E, 0x7F, 0x79, 0x8E ; file 100952
db 0x9A, 0x8F, 0x7E, 0x76, 0x77, 0x76, 0x6F, 0x7D, 0x98, 0xA0, 0x8C, 0x77, 0x77, 0x7E, 0x83, 0x8E ; file 100962
db 0x9B, 0x98, 0x83, 0x61, 0x4B, 0x57, 0x6A, 0x70, 0x6E, 0x6D, 0x6F, 0x71, 0x83, 0x97, 0xA8, 0xAC ; file 100972
db 0x9A, 0x87, 0x83, 0x87, 0x79, 0x75, 0x7C, 0x81, 0x77, 0x88, 0x9B, 0x93, 0x80, 0x78, 0x74, 0x78 ; file 100982
db 0x6F, 0x7B, 0x93, 0xA1, 0x91, 0x77, 0x75, 0x7B, 0x82, 0x8B, 0x99, 0x9B, 0x89, 0x68, 0x4D, 0x53 ; file 100992
db 0x69, 0x6F, 0x70, 0x6A, 0x70, 0x70, 0x81, 0x94, 0xA6, 0xAB, 0x9C, 0x89, 0x82, 0x88, 0x7B, 0x74 ; file 1009A2
db 0x7B, 0x81, 0x77, 0x82, 0x9B, 0x98, 0x83, 0x7B, 0x72, 0x79, 0x71, 0x79, 0x8E, 0xA1, 0x96, 0x79 ; file 1009B2
db 0x72, 0x78, 0x80, 0x88, 0x97, 0x9E, 0x8E, 0x6F, 0x51, 0x50, 0x68, 0x6F, 0x71, 0x67, 0x70, 0x71 ; file 1009C2
db 0x7E, 0x91, 0xA4, 0xA9, 0x9E, 0x8B, 0x82, 0x88, 0x7E, 0x73, 0x7A, 0x81, 0x79, 0x7C, 0x99, 0x9D ; file 1009D2
db 0x86, 0x7E, 0x72, 0x78, 0x74, 0x77, 0x8A, 0x9F, 0x9A, 0x7D, 0x6F, 0x76, 0x7D, 0x87, 0x94, 0x9F ; file 1009E2
db 0x93, 0x76, 0x56, 0x4D, 0x65, 0x6E, 0x73, 0x67, 0x6D, 0x72, 0x7B, 0x8E, 0xA1, 0xA8, 0xA0, 0x8D ; file 1009F2
db 0x84, 0x87, 0x81, 0x73, 0x78, 0x81, 0x7B, 0x78, 0x94, 0xA1, 0x8A, 0x80, 0x73, 0x75, 0x76, 0x76 ; file 100A02
db 0x87, 0x9C, 0x9D, 0x82, 0x6D, 0x74, 0x7A, 0x85, 0x91, 0x9F, 0x98, 0x7C, 0x5C, 0x4C, 0x62, 0x6E ; file 100A12
db 0x73, 0x68, 0x6A, 0x74, 0x79, 0x8A, 0x9E, 0xA6, 0xA2, 0x8E, 0x85, 0x86, 0x83, 0x74, 0x77, 0x80 ; file 100A22
db 0x7D, 0x76, 0x8D, 0xA3, 0x8F, 0x82, 0x76, 0x72, 0x78, 0x76, 0x84, 0x99, 0x9E, 0x88, 0x6C, 0x72 ; file 100A32
db 0x78, 0x83, 0x8E, 0x9E, 0x9C, 0x82, 0x63, 0x4D, 0x5E, 0x6E, 0x72, 0x6B, 0x65, 0x74, 0x78, 0x87 ; file 100A42
db 0x9C, 0xA4, 0xA3, 0x8F, 0x87, 0x85, 0x85, 0x76, 0x75, 0x7F, 0x7E, 0x76, 0x86, 0xA4, 0x95, 0x83 ; file 100A52
db 0x7A, 0x6F, 0x78, 0x77, 0x81, 0x96, 0x9D, 0x90, 0x6C, 0x6F, 0x75, 0x80, 0x8C, 0x9B, 0x9F, 0x87 ; file 100A62
db 0x6A, 0x4F, 0x5A, 0x6D, 0x72, 0x6F, 0x62, 0x72, 0x79, 0x83, 0x99, 0xA3, 0xA3, 0x90, 0x87, 0x85 ; file 100A72
db 0x86, 0x78, 0x74, 0x7E, 0x7F, 0x77, 0x7F, 0xA2, 0x9C, 0x85, 0x7E, 0x6E, 0x76, 0x79, 0x7F, 0x93 ; file 100A82
db 0x9C, 0x96, 0x6F, 0x6B, 0x73, 0x7C, 0x8A, 0x98, 0xA2, 0x8D, 0x71, 0x53, 0x56, 0x6C, 0x71, 0x71 ; file 100A92
db 0x61, 0x6F, 0x7B, 0x81, 0x97, 0xA1, 0xA3, 0x92, 0x87, 0x86, 0x86, 0x7B, 0x73, 0x7D, 0x7F, 0x78 ; file 100AA2
db 0x7A, 0x9D, 0xA1, 0x88, 0x81, 0x6F, 0x74, 0x7B, 0x7D, 0x90, 0x99, 0x99, 0x74, 0x68, 0x72, 0x79 ; file 100AB2
db 0x88, 0x94, 0xA2, 0x92, 0x78, 0x59, 0x54, 0x6A, 0x71, 0x73, 0x61, 0x6B, 0x7C, 0x7F, 0x94, 0xA0 ; file 100AC2
db 0xA3, 0x93, 0x87, 0x87, 0x86, 0x7E, 0x73, 0x7B, 0x80, 0x7A, 0x77, 0x96, 0xA6, 0x8C, 0x84, 0x71 ; file 100AD2
db 0x70, 0x7C, 0x7D, 0x8E, 0x97, 0x9B, 0x7B, 0x65, 0x6F, 0x75, 0x85, 0x92, 0xA1, 0x97, 0x7C, 0x5F ; file 100AE2
db 0x53, 0x68, 0x71, 0x73, 0x64, 0x66, 0x7C, 0x7E, 0x90, 0x9F, 0xA2, 0x95, 0x87, 0x88, 0x86, 0x80 ; file 100AF2
db 0x74, 0x79, 0x80, 0x7A, 0x76, 0x8E, 0xA8, 0x92, 0x86, 0x75, 0x6D, 0x7B, 0x7E, 0x8B, 0x95, 0x9A ; file 100B02
db 0x82, 0x64, 0x6C, 0x72, 0x82, 0x8F, 0x9F, 0x9C, 0x81, 0x66, 0x53, 0x65, 0x70, 0x73, 0x67, 0x61 ; file 100B12
db 0x79, 0x80, 0x8C, 0x9E, 0xA0, 0x96, 0x87, 0x88, 0x87, 0x81, 0x75, 0x77, 0x80, 0x7B, 0x76, 0x86 ; file 100B22
db 0xA8, 0x97, 0x88, 0x7A, 0x6C, 0x78, 0x80, 0x89, 0x94, 0x98, 0x89, 0x66, 0x68, 0x70, 0x7E, 0x8D ; file 100B32
db 0x9C, 0xA0, 0x86, 0x6D, 0x55, 0x62, 0x70, 0x73, 0x6A, 0x5F, 0x75, 0x82, 0x88, 0x9D, 0x9F, 0x97 ; file 100B42
db 0x87, 0x87, 0x89, 0x82, 0x78, 0x76, 0x7F, 0x7B, 0x78, 0x80, 0xA5, 0x9D, 0x8A, 0x7E, 0x6C, 0x75 ; file 100B52
db 0x82, 0x87, 0x94, 0x96, 0x8F, 0x69, 0x65, 0x6E, 0x7A, 0x8B, 0x99, 0xA2, 0x8B, 0x73, 0x59, 0x5F ; file 100B62
db 0x6E, 0x74, 0x6D, 0x5E, 0x70, 0x83, 0x86, 0x9B, 0x9D, 0x98, 0x87, 0x86, 0x8A, 0x82, 0x7A, 0x75 ; file 100B72
db 0x7F, 0x7C, 0x78, 0x7C, 0xA0, 0xA2, 0x8E, 0x82, 0x6E, 0x71, 0x83, 0x87, 0x94, 0x94, 0x92, 0x6E ; file 100B82
db 0x62, 0x6C, 0x76, 0x89, 0x96, 0xA2, 0x90, 0x78, 0x5E, 0x5E, 0x6C, 0x74, 0x6E, 0x5F, 0x6A, 0x84 ; file 100B92
db 0x85, 0x99, 0x9D, 0x98, 0x86, 0x84, 0x8B, 0x83, 0x7B, 0x75, 0x7D, 0x7D, 0x79, 0x7A, 0x99, 0xA5 ; file 100BA2
db 0x92, 0x84, 0x71, 0x6D, 0x82, 0x88, 0x93, 0x92, 0x94, 0x74, 0x60, 0x69, 0x72, 0x85, 0x94, 0xA1 ; file 100BB2
db 0x95, 0x7C, 0x64, 0x5E, 0x6B, 0x74, 0x70, 0x61, 0x65, 0x82, 0x86, 0x96, 0x9C, 0x98, 0x86, 0x83 ; file 100BC2
db 0x8B, 0x85, 0x7C, 0x76, 0x7C, 0x7D, 0x79, 0x79, 0x91, 0xA6, 0x97, 0x87, 0x75, 0x6A, 0x7F, 0x8A ; file 100BD2
db 0x92, 0x91, 0x93, 0x7A, 0x61, 0x65, 0x6F, 0x81, 0x92, 0x9F, 0x98, 0x80, 0x6A, 0x60, 0x69, 0x73 ; file 100BE2
db 0x71, 0x63, 0x61, 0x7F, 0x88, 0x92, 0x9C, 0x98, 0x86, 0x82, 0x8A, 0x87, 0x7C, 0x77, 0x7B, 0x7E ; file 100BF2
db 0x78, 0x7A, 0x8B, 0xA5, 0x9C, 0x8B, 0x79, 0x6A, 0x7B, 0x8C, 0x92, 0x90, 0x92, 0x7E, 0x63, 0x62 ; file 100C02
db 0x6C, 0x7D, 0x90, 0x9C, 0x9B, 0x85, 0x6F, 0x63, 0x68, 0x72, 0x72, 0x65, 0x5F, 0x79, 0x8A, 0x90 ; file 100C12
db 0x9C, 0x98, 0x86, 0x80, 0x89, 0x8A, 0x7C, 0x78, 0x7A, 0x7D, 0x78, 0x7A, 0x86, 0xA1, 0x9F, 0x90 ; file 100C22
db 0x7C, 0x6C, 0x76, 0x8D, 0x93, 0x91, 0x90, 0x82, 0x67, 0x5F, 0x69, 0x79, 0x8D, 0x9A, 0x9D, 0x8A ; file 100C32
db 0x74, 0x67, 0x68, 0x70, 0x74, 0x66, 0x5F, 0x73, 0x8B, 0x90, 0x9B, 0x98, 0x86, 0x7F, 0x86, 0x8C ; file 100C42
db 0x7D, 0x79, 0x7A, 0x7D, 0x79, 0x7A, 0x83, 0x9C, 0xA2, 0x94, 0x7E, 0x6F, 0x71, 0x8C, 0x94, 0x91 ; file 100C52
db 0x8E, 0x84, 0x6C, 0x5D, 0x66, 0x75, 0x8A, 0x98, 0x9C, 0x8E, 0x78, 0x6B, 0x69, 0x6E, 0x75, 0x67 ; file 100C62
db 0x61, 0x6E, 0x8A, 0x90, 0x99, 0x98, 0x87, 0x7D, 0x85, 0x8D, 0x7F, 0x79, 0x7A, 0x7D, 0x79, 0x79 ; file 100C72
db 0x82, 0x97, 0xA2, 0x99, 0x81, 0x72, 0x6E, 0x89, 0x96, 0x92, 0x8D, 0x84, 0x70, 0x5D, 0x62, 0x72 ; file 100C82
db 0x86, 0x96, 0x9C, 0x91, 0x7C, 0x6F, 0x6C, 0x6D, 0x75, 0x69, 0x62, 0x69, 0x87, 0x92, 0x98, 0x99 ; file 100C92
db 0x88, 0x7C, 0x82, 0x8C, 0x81, 0x79, 0x7B, 0x7D, 0x79, 0x78, 0x81, 0x92, 0xA1, 0x9E, 0x85, 0x76 ; file 100CA2
db 0x6D, 0x84, 0x98, 0x93, 0x8D, 0x83, 0x73, 0x60, 0x5E, 0x6E, 0x81, 0x95, 0x9B, 0x94, 0x80, 0x73 ; file 100CB2
db 0x70, 0x6C, 0x74, 0x6A, 0x62, 0x67, 0x82, 0x94, 0x97, 0x99, 0x89, 0x7A, 0x80, 0x8C, 0x84, 0x78 ; file 100CC2
db 0x7C, 0x7D, 0x79, 0x78, 0x81, 0x90, 0x9D, 0xA2, 0x8A, 0x79, 0x6D, 0x7F, 0x99, 0x96, 0x8D, 0x83 ; file 100CD2
db 0x75, 0x63, 0x5B, 0x6B, 0x7D, 0x93, 0x99, 0x95, 0x84, 0x76, 0x74, 0x6D, 0x73, 0x6C, 0x63, 0x66 ; file 100CE2
db 0x7D, 0x94, 0x97, 0x98, 0x8A, 0x79, 0x7E, 0x8A, 0x87, 0x78, 0x7C, 0x7E, 0x79, 0x78, 0x80, 0x8E ; file 100CF2
db 0x98, 0xA4, 0x90, 0x7B, 0x6F, 0x7A, 0x98, 0x99, 0x8D, 0x82, 0x75, 0x67, 0x59, 0x67, 0x79, 0x90 ; file 100D02
db 0x98, 0x94, 0x89, 0x79, 0x79, 0x6E, 0x72, 0x6E, 0x63, 0x66, 0x78, 0x93, 0x99, 0x97, 0x8C, 0x78 ; file 100D12
db 0x7B, 0x88, 0x88, 0x79, 0x7C, 0x7F, 0x79, 0x78, 0x7E, 0x8E, 0x93, 0xA4, 0x96, 0x7D, 0x72, 0x77 ; file 100D22
db 0x95, 0x9C, 0x8D, 0x82, 0x74, 0x6B, 0x59, 0x63, 0x76, 0x8C, 0x97, 0x93, 0x8C, 0x7B, 0x7D, 0x72 ; file 100D32
db 0x71, 0x6F, 0x63, 0x67, 0x74, 0x90, 0x9C, 0x96, 0x8D, 0x77, 0x79, 0x86, 0x89, 0x7B, 0x7B, 0x80 ; file 100D42
db 0x79, 0x77, 0x7D, 0x8E, 0x8F, 0xA2, 0x9C, 0x80, 0x75, 0x75, 0x91, 0xA0, 0x8E, 0x83, 0x73, 0x6E ; file 100D52
db 0x5B, 0x5E, 0x72, 0x87, 0x96, 0x92, 0x8E, 0x7E, 0x80, 0x76, 0x70, 0x6F, 0x64, 0x67, 0x72, 0x8B ; file 100D62
db 0x9E, 0x95, 0x8E, 0x77, 0x77, 0x84, 0x89, 0x7D, 0x79, 0x81, 0x7A, 0x76, 0x7C, 0x8E, 0x8D, 0x9E ; file 100D72
db 0xA1, 0x85, 0x77, 0x76, 0x8B, 0xA2, 0x90, 0x84, 0x71, 0x6F, 0x5E, 0x5A, 0x6F, 0x82, 0x95, 0x91 ; file 100D82
db 0x8F, 0x81, 0x83, 0x7C, 0x70, 0x70, 0x65, 0x66, 0x71, 0x85, 0xA0, 0x96, 0x8F, 0x77, 0x75, 0x81 ; file 100D92
db 0x88, 0x7F, 0x79, 0x82, 0x7B, 0x76, 0x7B, 0x8D, 0x8D, 0x98, 0xA4, 0x8A, 0x79, 0x77, 0x86, 0xA3 ; file 100DA2
db 0x94, 0x86, 0x71, 0x6F, 0x63, 0x57, 0x6B, 0x7E, 0x93, 0x90, 0x8E, 0x85, 0x85, 0x81, 0x72, 0x6F ; file 100DB2
db 0x66, 0x65, 0x71, 0x80, 0x9F, 0x99, 0x8F, 0x78, 0x72, 0x7F, 0x88, 0x80, 0x79, 0x82, 0x7C, 0x75 ; file 100DC2
db 0x7A, 0x8B, 0x8E, 0x92, 0xA5, 0x90, 0x7B, 0x79, 0x82, 0xA1, 0x98, 0x87, 0x71, 0x6D, 0x67, 0x56 ; file 100DD2
db 0x66, 0x7A, 0x90, 0x90, 0x8D, 0x88, 0x87, 0x87, 0x76, 0x6F, 0x66, 0x64, 0x71, 0x7C, 0x9C, 0x9C ; file 100DE2
db 0x8F, 0x79, 0x70, 0x7C, 0x86, 0x81, 0x7A, 0x80, 0x7E, 0x75, 0x79, 0x89, 0x8F, 0x8E, 0xA4, 0x95 ; file 100DF2
db 0x7E, 0x7B, 0x80, 0x9E, 0x9C, 0x89, 0x72, 0x6B, 0x6A, 0x58, 0x62, 0x77, 0x8C, 0x90, 0x8B, 0x89 ; file 100E02
db 0x89, 0x8C, 0x7A, 0x6F, 0x66, 0x64, 0x71, 0x79, 0x97, 0xA0, 0x8F, 0x7A, 0x6F, 0x79, 0x85, 0x81 ; file 100E12
db 0x7B, 0x7F, 0x81, 0x75, 0x78, 0x87, 0x91, 0x8A, 0xA0, 0x9A, 0x82, 0x7D, 0x7F, 0x99, 0xA0, 0x8C ; file 100E22
db 0x73, 0x69, 0x6C, 0x5B, 0x5D, 0x74, 0x88, 0x90, 0x8A, 0x8A, 0x8B, 0x90, 0x7F, 0x71, 0x66, 0x64 ; file 100E32
db 0x70, 0x79, 0x91, 0xA3, 0x91, 0x7B, 0x6E, 0x76, 0x83, 0x81, 0x7D, 0x7E, 0x82, 0x76, 0x77, 0x86 ; file 100E42
db 0x92, 0x89, 0x9B, 0x9E, 0x87, 0x7E, 0x81, 0x94, 0xA2, 0x90, 0x75, 0x67, 0x6C, 0x5F, 0x5A, 0x70 ; file 100E52
db 0x83, 0x8F, 0x89, 0x89, 0x8D, 0x93, 0x85, 0x73, 0x66, 0x65, 0x6E, 0x79, 0x8B, 0xA3, 0x94, 0x7C ; file 100E62
db 0x6E, 0x73, 0x81, 0x80, 0x7E, 0x7D, 0x83, 0x77, 0x75, 0x84, 0x92, 0x89, 0x96, 0x9F, 0x8C, 0x7F ; file 100E72
db 0x83, 0x90, 0xA2, 0x94, 0x77, 0x66, 0x6A, 0x62, 0x59, 0x6B, 0x80, 0x8D, 0x88, 0x88, 0x8E, 0x95 ; file 100E82
db 0x8B, 0x77, 0x66, 0x64, 0x6D, 0x7A, 0x86, 0xA2, 0x98, 0x7D, 0x6E, 0x71, 0x7E, 0x80, 0x7E, 0x7E ; file 100E92
db 0x83, 0x79, 0x75, 0x82, 0x92, 0x8B, 0x91, 0x9F, 0x92, 0x80, 0x85, 0x8D, 0x9F, 0x98, 0x7A, 0x65 ; file 100EA2
db 0x68, 0x66, 0x5A, 0x66, 0x7C, 0x8A, 0x88, 0x86, 0x8E, 0x97, 0x91, 0x7C, 0x67, 0x64, 0x6C, 0x7A ; file 100EB2
db 0x83, 0x9E, 0x9C, 0x7F, 0x6E, 0x6F, 0x7C, 0x7F, 0x7D, 0x7F, 0x82, 0x7B, 0x74, 0x7F, 0x91, 0x8C ; file 100EC2
db 0x8D, 0x9C, 0x97, 0x83, 0x86, 0x8D, 0x9C, 0x9C, 0x7E, 0x66, 0x65, 0x67, 0x5C, 0x61, 0x79, 0x86 ; file 100ED2
db 0x87, 0x84, 0x8D, 0x99, 0x95, 0x82, 0x69, 0x63, 0x6B, 0x79, 0x82, 0x9A, 0xA0, 0x82, 0x6E, 0x6D ; file 100EE2
db 0x7A, 0x7E, 0x7C, 0x80, 0x82, 0x7D, 0x75, 0x7D, 0x90, 0x8D, 0x8B, 0x98, 0x9A, 0x87, 0x87, 0x8D ; file 100EF2
db 0x99, 0x9D, 0x83, 0x67, 0x63, 0x67, 0x5F, 0x5E, 0x75, 0x83, 0x86, 0x83, 0x8B, 0x9B, 0x98, 0x88 ; file 100F02
db 0x6C, 0x61, 0x6B, 0x78, 0x82, 0x95, 0xA1, 0x87, 0x6E, 0x6C, 0x77, 0x7D, 0x7B, 0x80, 0x82, 0x7E ; file 100F12
db 0x76, 0x7B, 0x8F, 0x8E, 0x8B, 0x93, 0x9B, 0x8C, 0x88, 0x8F, 0x97, 0x9D, 0x89, 0x68, 0x61, 0x66 ; file 100F22
db 0x63, 0x5D, 0x70, 0x81, 0x84, 0x83, 0x87, 0x9C, 0x9B, 0x8F, 0x71, 0x61, 0x69, 0x77, 0x82, 0x91 ; file 100F32
db 0xA0, 0x8D, 0x6E, 0x6B, 0x74, 0x7B, 0x7A, 0x7F, 0x83, 0x7F, 0x78, 0x79, 0x8E, 0x8E, 0x8C, 0x90 ; file 100F42
db 0x9B, 0x91, 0x89, 0x90, 0x95, 0x9B, 0x8F, 0x6B, 0x61, 0x64, 0x65, 0x5D, 0x6B, 0x7F, 0x82, 0x82 ; file 100F52
db 0x84, 0x9B, 0x9E, 0x94, 0x77, 0x60, 0x67, 0x76, 0x81, 0x8E, 0x9D, 0x93, 0x6F, 0x6A, 0x72, 0x7A ; file 100F62
db 0x79, 0x7E, 0x84, 0x7F, 0x79, 0x78, 0x8B, 0x8F, 0x8C, 0x8D, 0x97, 0x95, 0x8B, 0x91, 0x95, 0x98 ; file 100F72
db 0x95, 0x6E, 0x61, 0x61, 0x66, 0x5F, 0x66, 0x7C, 0x7F, 0x82, 0x82, 0x99, 0xA0, 0x98, 0x7E, 0x62 ; file 100F82
db 0x65, 0x75, 0x80, 0x8D, 0x99, 0x98, 0x72, 0x69, 0x70, 0x79, 0x78, 0x7C, 0x85, 0x7F, 0x7B, 0x78 ; file 100F92
db 0x89, 0x8F, 0x8D, 0x8C, 0x93, 0x98, 0x8F, 0x91, 0x97, 0x96, 0x98, 0x73, 0x61, 0x5F, 0x66, 0x62 ; file 100FA2
db 0x63, 0x79, 0x7D, 0x81, 0x80, 0x96, 0xA3, 0x9B, 0x86, 0x64, 0x63, 0x74, 0x7F, 0x8D, 0x95, 0x9B ; file 100FB2
db 0x75, 0x68, 0x6E, 0x77, 0x77, 0x7B, 0x85, 0x80, 0x7B, 0x78, 0x86, 0x90, 0x8C, 0x8D, 0x8E, 0x9A ; file 100FC2
db 0x92, 0x91, 0x99, 0x94, 0x99, 0x7A, 0x62, 0x5F, 0x64, 0x65, 0x61, 0x74, 0x7B, 0x7E, 0x7F, 0x91 ; file 100FD2
db 0xA5, 0x9E, 0x8E, 0x69, 0x61, 0x72, 0x7D, 0x8C, 0x92, 0x9C, 0x7B, 0x67, 0x6D, 0x75, 0x75, 0x79 ; file 100FE2
db 0x84, 0x82, 0x7B, 0x78, 0x83, 0x90, 0x8C, 0x8E, 0x8A, 0x99, 0x96, 0x92, 0x9B, 0x93, 0x98, 0x7F ; file 100FF2
db 0x63, 0x5E, 0x61, 0x68, 0x61, 0x6F, 0x7A, 0x7C, 0x7E, 0x8C, 0xA5, 0xA1, 0x94, 0x6F, 0x60, 0x70 ; file 101002
db 0x7D, 0x8B, 0x91, 0x9A, 0x82, 0x67, 0x6C, 0x73, 0x74, 0x77, 0x82, 0x84, 0x7B, 0x79, 0x80, 0x90 ; file 101012
db 0x8B, 0x8F, 0x87, 0x96, 0x99, 0x94, 0x9C, 0x95, 0x96, 0x86, 0x65, 0x5E, 0x5E, 0x69, 0x63, 0x6A ; file 101022
db 0x79, 0x79, 0x7E, 0x88, 0xA4, 0xA4, 0x99, 0x76, 0x61, 0x6D, 0x7C, 0x89, 0x91, 0x96, 0x88, 0x68 ; file 101032
db 0x6A, 0x71, 0x73, 0x75, 0x80, 0x87, 0x7B, 0x7A, 0x7F, 0x8F, 0x8B, 0x8F, 0x87, 0x91, 0x9B, 0x96 ; file 101042
db 0x9C, 0x98, 0x93, 0x8B, 0x69, 0x5E, 0x5C, 0x68, 0x65, 0x67, 0x77, 0x77, 0x7D, 0x84, 0xA1, 0xA7 ; file 101052
db 0x9D, 0x7E, 0x62, 0x6A, 0x7B, 0x87, 0x92, 0x93, 0x8D, 0x6B, 0x68, 0x70, 0x72, 0x73, 0x7E, 0x88 ; file 101062
db 0x7C, 0x7B, 0x7E, 0x8E, 0x8C, 0x8E, 0x88, 0x8C, 0x9B, 0x99, 0x9C, 0x9C, 0x90, 0x8E, 0x6E, 0x5E ; file 101072
db 0x5B, 0x66, 0x68, 0x65, 0x73, 0x75, 0x7B, 0x81, 0x9E, 0xA9, 0xA0, 0x87, 0x66, 0x67, 0x7A, 0x85 ; file 101082
db 0x93, 0x90, 0x90, 0x70, 0x66, 0x70, 0x71, 0x71, 0x7B, 0x88, 0x7E, 0x7A, 0x7D, 0x8C, 0x8C, 0x8E ; file 101092
db 0x8B, 0x87, 0x99, 0x9D, 0x9C, 0x9F, 0x90, 0x8F, 0x74, 0x60, 0x5A, 0x62, 0x6B, 0x65, 0x70, 0x74 ; file 1010A2
db 0x78, 0x7F, 0x99, 0xAA, 0xA4, 0x8E, 0x6B, 0x65, 0x78, 0x83, 0x93, 0x8F, 0x90, 0x75, 0x65, 0x6E ; file 1010B2
db 0x70, 0x70, 0x79, 0x87, 0x81, 0x7A, 0x7D, 0x8A, 0x8D, 0x8C, 0x8D, 0x84, 0x96, 0x9F, 0x9D, 0xA2 ; file 1010C2
db 0x91, 0x8F, 0x79, 0x61, 0x5A, 0x5E, 0x6B, 0x66, 0x6C, 0x72, 0x75, 0x7D, 0x94, 0xAA, 0xA7, 0x95 ; file 1010D2
db 0x71, 0x64, 0x75, 0x82, 0x92, 0x8F, 0x8F, 0x7A, 0x65, 0x6D, 0x70, 0x6F, 0x76, 0x85, 0x83, 0x79 ; file 1010E2
db 0x7D, 0x88, 0x8D, 0x8C, 0x8F, 0x82, 0x90, 0xA1, 0x9E, 0xA3, 0x94, 0x8D, 0x7D, 0x65, 0x5B, 0x5B ; file 1010F2
db 0x6B, 0x69, 0x69, 0x71, 0x73, 0x7B, 0x8F, 0xA8, 0xAA, 0x9B, 0x77, 0x64, 0x72, 0x81, 0x90, 0x91 ; file 101102
db 0x8D, 0x7F, 0x67, 0x6B, 0x70, 0x6D, 0x74, 0x83, 0x85, 0x7A, 0x7D, 0x87, 0x8D, 0x8B, 0x8F, 0x83 ; file 101112
db 0x8B, 0xA1, 0xA1, 0xA4, 0x98, 0x8C, 0x80, 0x69, 0x5C, 0x59, 0x68, 0x6C, 0x68, 0x6E, 0x71, 0x78 ; file 101122
db 0x8A, 0xA5, 0xAC, 0x9F, 0x7F, 0x66, 0x6F, 0x80, 0x8E, 0x94, 0x8B, 0x81, 0x6B, 0x69, 0x70, 0x6C ; file 101132
db 0x71, 0x80, 0x87, 0x7B, 0x7C, 0x86, 0x8D, 0x8B, 0x8F, 0x85, 0x85, 0x9E, 0xA4, 0xA4, 0x9D, 0x8C ; file 101142
db 0x81, 0x6D, 0x5D, 0x58, 0x65, 0x6E, 0x68, 0x6C, 0x6F, 0x75, 0x86, 0xA1, 0xAD, 0xA3, 0x86, 0x6A ; file 101152
db 0x6D, 0x7E, 0x8C, 0x95, 0x8B, 0x81, 0x6F, 0x67, 0x6F, 0x6C, 0x6F, 0x7D, 0x87, 0x7D, 0x7A, 0x85 ; file 101162
db 0x8E, 0x8A, 0x8F, 0x88, 0x82, 0x9A, 0xA7, 0xA6, 0xA0, 0x8E, 0x81, 0x71, 0x5F, 0x57, 0x61, 0x6E ; file 101172
db 0x6A, 0x69, 0x6D, 0x72, 0x82, 0x9D, 0xAD, 0xA7, 0x8C, 0x70, 0x6B, 0x7B, 0x8A, 0x95, 0x8C, 0x81 ; file 101182
db 0x73, 0x66, 0x6F, 0x6B, 0x6D, 0x7A, 0x86, 0x80, 0x79, 0x84, 0x8E, 0x89, 0x8E, 0x8A, 0x81, 0x94 ; file 101192
db 0xA8, 0xA8, 0xA3, 0x91, 0x81, 0x74, 0x61, 0x58, 0x5D, 0x6E, 0x6C, 0x67, 0x6B, 0x6F, 0x7E, 0x9A ; file 1011A2
db 0xAB, 0xAB, 0x93, 0x75, 0x6A, 0x79, 0x89, 0x95, 0x8E, 0x80, 0x75, 0x67, 0x6D, 0x6C, 0x6B, 0x77 ; file 1011B2
db 0x85, 0x82, 0x79, 0x83, 0x8E, 0x89, 0x8E, 0x8C, 0x81, 0x8D, 0xA8, 0xAA, 0xA6, 0x95, 0x81, 0x76 ; file 1011C2
db 0x66, 0x58, 0x5B, 0x6B, 0x6F, 0x67, 0x68, 0x6D, 0x7A, 0x96, 0xA9, 0xAE, 0x99, 0x7C, 0x6B, 0x76 ; file 1011D2
db 0x87, 0x95, 0x91, 0x80, 0x76, 0x69, 0x6B, 0x6C, 0x69, 0x73, 0x83, 0x83, 0x7A, 0x80, 0x8F, 0x89 ; file 1011E2
db 0x8D, 0x8D, 0x83, 0x86, 0xA6, 0xAD, 0xA8, 0x99, 0x83, 0x76, 0x6A, 0x5A, 0x59, 0x68, 0x71, 0x68 ; file 1011F2
db 0x66, 0x6C, 0x76, 0x92, 0xA6, 0xAF, 0x9E, 0x82, 0x6E, 0x74, 0x84, 0x94, 0x93, 0x81, 0x75, 0x6D ; file 101202
db 0x69, 0x6D, 0x67, 0x70, 0x81, 0x83, 0x7C, 0x7E, 0x8F, 0x8A, 0x8B, 0x8D, 0x84, 0x82, 0xA1, 0xAF ; file 101212
db 0xAB, 0x9D, 0x87, 0x75, 0x6E, 0x5B, 0x57, 0x64, 0x72, 0x6B, 0x63, 0x6A, 0x72, 0x8E, 0xA3, 0xB0 ; file 101222
db 0xA3, 0x87, 0x72, 0x73, 0x81, 0x93, 0x94, 0x84, 0x74, 0x70, 0x69, 0x6C, 0x66, 0x6E, 0x7E, 0x83 ; file 101232
db 0x7E, 0x7C, 0x8E, 0x8C, 0x8A, 0x8E, 0x86, 0x80, 0x9A, 0xB0, 0xAF, 0x9F, 0x8B, 0x74, 0x70, 0x5E ; file 101242
db 0x57, 0x60, 0x71, 0x6E, 0x61, 0x67, 0x6E, 0x89, 0xA0, 0xAF, 0xA8, 0x8C, 0x77, 0x72, 0x7F, 0x92 ; file 101252
db 0x94, 0x87, 0x72, 0x71, 0x69, 0x6C, 0x66, 0x6B, 0x7B, 0x83, 0x7F, 0x7B, 0x8D, 0x8E, 0x88, 0x8E ; file 101262
db 0x86, 0x80, 0x93, 0xB0, 0xB3, 0xA2, 0x90, 0x74, 0x71, 0x62, 0x57, 0x5E, 0x6F, 0x72, 0x61, 0x64 ; file 101272
db 0x6B, 0x84, 0x9E, 0xAC, 0xAC, 0x91, 0x7D, 0x74, 0x7C, 0x90, 0x95, 0x8B, 0x71, 0x71, 0x6B, 0x6B ; file 101282
db 0x66, 0x68, 0x78, 0x82, 0x7F, 0x7B, 0x8A, 0x90, 0x87, 0x8E, 0x87, 0x81, 0x8C, 0xAE, 0xB6, 0xA5 ; file 101292
db 0x95, 0x75, 0x70, 0x67, 0x57, 0x5C, 0x6C, 0x75, 0x63, 0x61, 0x68, 0x7E, 0x9B, 0xA9, 0xAF, 0x96 ; file 1012A2
db 0x82, 0x76, 0x7A, 0x8E, 0x95, 0x8F, 0x72, 0x6F, 0x6E, 0x6A, 0x67, 0x66, 0x75, 0x81, 0x80, 0x7C ; file 1012B2
db 0x87, 0x91, 0x87, 0x8E, 0x87, 0x82, 0x86, 0xA9, 0xB9, 0xA9, 0x99, 0x78, 0x6E, 0x6B, 0x58, 0x5A ; file 1012C2
db 0x68, 0x76, 0x67, 0x5D, 0x66, 0x78, 0x99, 0xA7, 0xB1, 0x9B, 0x86, 0x7A, 0x7A, 0x8B, 0x96, 0x90 ; file 1012D2
db 0x75, 0x6C, 0x70, 0x6A, 0x67, 0x64, 0x71, 0x7F, 0x7F, 0x7E, 0x84, 0x93, 0x88, 0x8D, 0x88, 0x83 ; file 1012E2
db 0x83, 0xA3, 0xBA, 0xAE, 0x9C, 0x7D, 0x6B, 0x6D, 0x5B, 0x59, 0x64, 0x75, 0x6B, 0x5B, 0x63, 0x73 ; file 1012F2
db 0x95, 0xA4, 0xB0, 0xA0, 0x8B, 0x7E, 0x7A, 0x87, 0x96, 0x91, 0x79, 0x69, 0x71, 0x6B, 0x67, 0x63 ; file 101302
db 0x6E, 0x7D, 0x7F, 0x7F, 0x82, 0x94, 0x89, 0x8B, 0x89, 0x84, 0x81, 0x9C, 0xBA, 0xB4, 0x9F, 0x83 ; file 101312
db 0x69, 0x6E, 0x5E, 0x58, 0x61, 0x73, 0x70, 0x5A, 0x60, 0x6E, 0x91, 0xA2, 0xAF, 0xA5, 0x8E, 0x83 ; file 101322
db 0x7B, 0x84, 0x97, 0x92, 0x7E, 0x66, 0x71, 0x6E, 0x67, 0x63, 0x6B, 0x7B, 0x7E, 0x7F, 0x82, 0x93 ; file 101332
db 0x8B, 0x8A, 0x8A, 0x84, 0x82, 0x95, 0xB8, 0xB9, 0xA2, 0x89, 0x69, 0x6D, 0x62, 0x58, 0x5F, 0x70 ; file 101342
db 0x74, 0x5C, 0x5D, 0x6A, 0x8C, 0xA0, 0xAC, 0xA8, 0x92, 0x87, 0x7F, 0x82, 0x96, 0x93, 0x82, 0x65 ; file 101352
db 0x6E, 0x71, 0x67, 0x63, 0x69, 0x79, 0x7D, 0x7F, 0x82, 0x92, 0x8E, 0x89, 0x8B, 0x84, 0x82, 0x90 ; file 101362
db 0xB4, 0xBE, 0xA5, 0x8F, 0x6B, 0x6A, 0x66, 0x59, 0x5D, 0x6C, 0x76, 0x5F, 0x59, 0x66, 0x85, 0x9E ; file 101372
db 0xAA, 0xAB, 0x96, 0x8B, 0x83, 0x81, 0x94, 0x94, 0x85, 0x66, 0x6A, 0x73, 0x67, 0x62, 0x66, 0x76 ; file 101382
db 0x7C, 0x7E, 0x82, 0x90, 0x90, 0x89, 0x8B, 0x84, 0x83, 0x8C, 0xAE, 0xC1, 0xAA, 0x94, 0x6E, 0x67 ; file 101392
db 0x69, 0x5A, 0x5D, 0x69, 0x77, 0x63, 0x56, 0x63, 0x80, 0x9C, 0xA8, 0xAC, 0x99, 0x8F, 0x88, 0x81 ; file 1013A2
db 0x92, 0x95, 0x87, 0x69, 0x65, 0x75, 0x69, 0x61, 0x64, 0x73, 0x7A, 0x7C, 0x82, 0x8F, 0x91, 0x8A ; file 1013B2
db 0x8B, 0x84, 0x83, 0x8A, 0xA6, 0xC3, 0xAF, 0x98, 0x73, 0x64, 0x6A, 0x5D, 0x5C, 0x66, 0x76, 0x68 ; file 1013C2
db 0x55, 0x5E, 0x7B, 0x99, 0xA5, 0xAB, 0x9D, 0x91, 0x8D, 0x82, 0x90, 0x96, 0x8A, 0x6C, 0x62, 0x74 ; file 1013D2
db 0x6C, 0x60, 0x63, 0x71, 0x79, 0x7B, 0x82, 0x8E, 0x92, 0x8B, 0x8B, 0x84, 0x82, 0x8A, 0xA0, 0xC2 ; file 1013E2
db 0xB5, 0x9C, 0x79, 0x63, 0x69, 0x61, 0x5C, 0x64, 0x73, 0x6D, 0x56, 0x5A, 0x75, 0x95, 0xA4, 0xAA ; file 1013F2
db 0xA0, 0x94, 0x92, 0x86, 0x8D, 0x96, 0x8B, 0x70, 0x60, 0x71, 0x70, 0x60, 0x62, 0x6E, 0x77, 0x7A ; file 101402
db 0x81, 0x8E, 0x92, 0x8C, 0x8B, 0x84, 0x82, 0x89, 0x9A, 0xBF, 0xBA, 0xA0, 0x7E, 0x64, 0x67, 0x64 ; file 101412
db 0x5C, 0x62, 0x70, 0x70, 0x59, 0x56, 0x71, 0x90, 0xA2, 0xA9, 0xA2, 0x97, 0x96, 0x8A, 0x8C, 0x95 ; file 101422
db 0x8E, 0x73, 0x60, 0x6D, 0x74, 0x60, 0x61, 0x6C, 0x75, 0x78, 0x7F, 0x8E, 0x92, 0x8D, 0x8B, 0x84 ; file 101432
db 0x82, 0x89, 0x96, 0xBA, 0xBF, 0xA5, 0x82, 0x66, 0x64, 0x66, 0x5E, 0x61, 0x6D, 0x71, 0x5D, 0x53 ; file 101442
db 0x6C, 0x8B, 0xA0, 0xA8, 0xA2, 0x9A, 0x98, 0x90, 0x8C, 0x94, 0x90, 0x75, 0x61, 0x68, 0x76, 0x62 ; file 101452
db 0x60, 0x6A, 0x73, 0x76, 0x7D, 0x8E, 0x92, 0x8E, 0x8C, 0x84, 0x82, 0x88, 0x94, 0xB3, 0xC1, 0xAB ; file 101462
db 0x86, 0x6A, 0x61, 0x67, 0x60, 0x60, 0x6B, 0x71, 0x61, 0x51, 0x67, 0x87, 0x9D, 0xA6, 0xA2, 0x9D ; file 101472
db 0x9B, 0x95, 0x8E, 0x93, 0x91, 0x77, 0x63, 0x63, 0x75, 0x66, 0x5E, 0x68, 0x71, 0x74, 0x7C, 0x8C ; file 101482
db 0x93, 0x8E, 0x8D, 0x84, 0x82, 0x87, 0x94, 0xAD, 0xC2, 0xB1, 0x8B, 0x6E, 0x60, 0x66, 0x63, 0x60 ; file 101492
db 0x68, 0x70, 0x65, 0x52, 0x61, 0x83, 0x9A, 0xA6, 0xA1, 0x9F, 0x9D, 0x9A, 0x91, 0x93, 0x92, 0x7A ; file 1014A2
db 0x65, 0x61, 0x73, 0x6A, 0x5D, 0x67, 0x70, 0x72, 0x7A, 0x8A, 0x94, 0x8D, 0x8F, 0x84, 0x82, 0x85 ; file 1014B2
db 0x94, 0xA7, 0xC0, 0xB6, 0x91, 0x71, 0x60, 0x63, 0x66, 0x60, 0x67, 0x6E, 0x68, 0x54, 0x5B, 0x7F ; file 1014C2
db 0x95, 0xA5, 0xA0, 0xA0, 0x9F, 0x9F, 0x95, 0x93, 0x92, 0x7D, 0x67, 0x60, 0x70, 0x6E, 0x5C, 0x65 ; file 1014D2
db 0x6E, 0x70, 0x78, 0x88, 0x96, 0x8D, 0x90, 0x85, 0x81, 0x84, 0x93, 0xA3, 0xBC, 0xBA, 0x97, 0x75 ; file 1014E2
db 0x62, 0x60, 0x68, 0x61, 0x66, 0x6B, 0x69, 0x58, 0x56, 0x7A, 0x91, 0xA3, 0x9F, 0x9F, 0xA1, 0xA2 ; file 1014F2
db 0x99, 0x94, 0x91, 0x80, 0x68, 0x60, 0x6B, 0x70, 0x5D, 0x63, 0x6D, 0x6F, 0x76, 0x85, 0x97, 0x8D ; file 101502
db 0x91, 0x87, 0x80, 0x83, 0x92, 0xA1, 0xB7, 0xBD, 0x9E, 0x78, 0x65, 0x5D, 0x68, 0x64, 0x66, 0x6A ; file 101512
db 0x69, 0x5C, 0x53, 0x75, 0x8D, 0xA0, 0x9E, 0x9E, 0xA3, 0xA5, 0x9E, 0x96, 0x91, 0x82, 0x68, 0x62 ; file 101522
db 0x67, 0x71, 0x60, 0x61, 0x6C, 0x6D, 0x73, 0x82, 0x97, 0x8F, 0x90, 0x89, 0x80, 0x82, 0x91, 0xA0 ; file 101532
db 0xB2, 0xBD, 0xA5, 0x7B, 0x69, 0x5B, 0x66, 0x67, 0x65, 0x69, 0x67, 0x60, 0x52, 0x70, 0x89, 0x9D ; file 101542
db 0x9F, 0x9C, 0xA4, 0xA7, 0xA3, 0x9A, 0x90, 0x84, 0x6A, 0x63, 0x64, 0x70, 0x64, 0x5F, 0x6B, 0x6C ; file 101552
db 0x71, 0x7F, 0x96, 0x91, 0x8F, 0x8C, 0x80, 0x81, 0x8F, 0xA0, 0xAE, 0xBC, 0xAC, 0x7F, 0x6C, 0x5B ; file 101562
db 0x64, 0x6A, 0x65, 0x68, 0x65, 0x63, 0x53, 0x6A, 0x86, 0x99, 0x9F, 0x9A, 0xA5, 0xAA, 0xA7, 0x9E ; file 101572
db 0x91, 0x85, 0x6C, 0x63, 0x63, 0x6D, 0x67, 0x5E, 0x6A, 0x6B, 0x6F, 0x7D, 0x94, 0x93, 0x8E, 0x8F ; file 101582
db 0x81, 0x81, 0x8E, 0x9F, 0xAC, 0xB8, 0xB1, 0x84, 0x6F, 0x5D, 0x60, 0x6C, 0x66, 0x68, 0x63, 0x64 ; file 101592
db 0x56, 0x64, 0x82, 0x95, 0x9E, 0x98, 0xA3, 0xAC, 0xAA, 0xA3, 0x92, 0x86, 0x6E, 0x63, 0x63, 0x69 ; file 1015A2
db 0x6A, 0x5E, 0x68, 0x6A, 0x6D, 0x7A, 0x92, 0x95, 0x8E, 0x90, 0x82, 0x7F, 0x8C, 0x9E, 0xAB, 0xB4 ; file 1015B2
db 0xB5, 0x8C, 0x72, 0x61, 0x5C, 0x6C, 0x68, 0x68, 0x62, 0x63, 0x59, 0x60, 0x7E, 0x92, 0x9D, 0x97 ; file 1015C2
db 0xA1, 0xAE, 0xAC, 0xA8, 0x95, 0x87, 0x70, 0x63, 0x64, 0x66, 0x6A, 0x60, 0x66, 0x6A, 0x6A, 0x76 ; file 1015D2
db 0x8F, 0x96, 0x8E, 0x91, 0x83, 0x7F, 0x8B, 0x9C, 0xAA, 0xAF, 0xB7, 0x93, 0x75, 0x65, 0x5A, 0x6A ; file 1015E2
db 0x6B, 0x68, 0x61, 0x62, 0x5C, 0x5E, 0x79, 0x8E, 0x9B, 0x96, 0x9E, 0xAF, 0xAE, 0xAD, 0x99, 0x88 ; file 1015F2
db 0x72, 0x64, 0x65, 0x64, 0x69, 0x63, 0x64, 0x6A, 0x68, 0x73, 0x8C, 0x97, 0x8F, 0x91, 0x85, 0x7E ; file 101602
db 0x89, 0x9A, 0xAB, 0xAB, 0xB7, 0x9A, 0x78, 0x69, 0x59, 0x67, 0x6E, 0x69, 0x62, 0x60, 0x5F, 0x5E ; file 101612
db 0x74, 0x8A, 0x98, 0x96, 0x9B, 0xAF, 0xB1, 0xB1, 0x9F, 0x8A, 0x73, 0x65, 0x66, 0x63, 0x66, 0x66 ; file 101622
db 0x63, 0x69, 0x67, 0x70, 0x88, 0x96, 0x90, 0x90, 0x88, 0x7E, 0x86, 0x98, 0xAB, 0xA9, 0xB4, 0xA0 ; file 101632
db 0x7C, 0x6C, 0x5A, 0x63, 0x70, 0x6A, 0x62, 0x5D, 0x60, 0x5F, 0x6F, 0x87, 0x95, 0x95, 0x99, 0xAD ; file 101642
db 0xB3, 0xB4, 0xA5, 0x8D, 0x74, 0x66, 0x65, 0x64, 0x63, 0x68, 0x63, 0x68, 0x66, 0x6E, 0x84, 0x96 ; file 101652
db 0x92, 0x90, 0x8A, 0x7F, 0x84, 0x96, 0xA9, 0xA9, 0xB0, 0xA5, 0x82, 0x6E, 0x5D, 0x5F, 0x70, 0x6D ; file 101662
db 0x63, 0x5B, 0x5F, 0x60, 0x6C, 0x82, 0x93, 0x94, 0x97, 0xAB, 0xB6, 0xB6, 0xAB, 0x91, 0x76, 0x67 ; file 101672
db 0x65, 0x66, 0x60, 0x68, 0x64, 0x67, 0x65, 0x6B, 0x80, 0x95, 0x92, 0x90, 0x8B, 0x81, 0x83, 0x94 ; file 101682
db 0xA8, 0xAA, 0xAB, 0xA8, 0x88, 0x71, 0x61, 0x5C, 0x6E, 0x70, 0x64, 0x5B, 0x5E, 0x62, 0x6A, 0x7D ; file 101692
db 0x90, 0x92, 0x95, 0xA7, 0xB7, 0xB8, 0xB1, 0x95, 0x78, 0x67, 0x64, 0x68, 0x5E, 0x66, 0x67, 0x66 ; file 1016A2
db 0x65, 0x68, 0x7C, 0x93, 0x92, 0x92, 0x8B, 0x82, 0x81, 0x93, 0xA6, 0xAC, 0xA8, 0xA9, 0x8E, 0x74 ; file 1016B2
db 0x64, 0x5B, 0x6B, 0x72, 0x66, 0x5A, 0x5B, 0x63, 0x6B, 0x78, 0x8D, 0x90, 0x94, 0xA3, 0xB7, 0xBA ; file 1016C2
db 0xB7, 0x9B, 0x7B, 0x68, 0x65, 0x68, 0x5E, 0x63, 0x69, 0x66, 0x65, 0x66, 0x78, 0x91, 0x92, 0x93 ; file 1016D2
db 0x8B, 0x84, 0x80, 0x90, 0xA3, 0xAD, 0xA5, 0xA8, 0x93, 0x78, 0x67, 0x5C, 0x67, 0x74, 0x69, 0x5B ; file 1016E2
db 0x59, 0x62, 0x6C, 0x74, 0x8A, 0x8E, 0x92, 0xA0, 0xB6, 0xBB, 0xBB, 0xA2, 0x7E, 0x68, 0x65, 0x68 ; file 1016F2
db 0x60, 0x5F, 0x6B, 0x67, 0x64, 0x65, 0x74, 0x8E, 0x92, 0x94, 0x8C, 0x86, 0x80, 0x8E, 0xA1, 0xAE ; file 101702
db 0xA5, 0xA6, 0x98, 0x7D, 0x6A, 0x5E, 0x63, 0x74, 0x6C, 0x5C, 0x57, 0x60, 0x6D, 0x71, 0x86, 0x8C ; file 101712
db 0x90, 0x9C, 0xB4, 0xBD, 0xBE, 0xA9, 0x84, 0x69, 0x65, 0x68, 0x62, 0x5B, 0x6A, 0x68, 0x64, 0x64 ; file 101722
db 0x70, 0x8A, 0x91, 0x94, 0x8E, 0x87, 0x80, 0x8B, 0x9F, 0xAE, 0xA6, 0xA3, 0x9A, 0x83, 0x6D, 0x61 ; file 101732
db 0x60, 0x73, 0x70, 0x5D, 0x56, 0x5D, 0x6E, 0x6F, 0x81, 0x8B, 0x8E, 0x99, 0xB0, 0xBE, 0xC0, 0xAF ; file 101742
db 0x8B, 0x6A, 0x65, 0x68, 0x65, 0x59, 0x68, 0x6B, 0x63, 0x63, 0x6C, 0x86, 0x91, 0x93, 0x90, 0x87 ; file 101752
db 0x82, 0x89, 0x9C, 0xAD, 0xA8, 0xA1, 0x9B, 0x89, 0x70, 0x64, 0x5E, 0x6F, 0x74, 0x5F, 0x56, 0x5A ; file 101762
db 0x6E, 0x70, 0x7C, 0x89, 0x8A, 0x97, 0xAC, 0xBE, 0xC2, 0xB5, 0x93, 0x6C, 0x64, 0x67, 0x67, 0x58 ; file 101772
db 0x64, 0x6E, 0x63, 0x63, 0x69, 0x82, 0x90, 0x92, 0x93, 0x86, 0x83, 0x87, 0x99, 0xAC, 0xAA, 0xA0 ; file 101782
db 0x9A, 0x8E, 0x75, 0x66, 0x5F, 0x6B, 0x77, 0x62, 0x56, 0x57, 0x6D, 0x72, 0x77, 0x87, 0x87, 0x94 ; file 101792
db 0xA8, 0xBC, 0xC4, 0xBA, 0x9B, 0x70, 0x64, 0x67, 0x68, 0x5A, 0x5F, 0x6F, 0x65, 0x62, 0x67, 0x7E ; file 1017A2
db 0x8F, 0x91, 0x95, 0x87, 0x84, 0x86, 0x96, 0xAA, 0xAB, 0xA1, 0x98, 0x92, 0x7A, 0x68, 0x60, 0x67 ; file 1017B2
db 0x78, 0x66, 0x57, 0x54, 0x69, 0x75, 0x74, 0x85, 0x84, 0x91, 0xA5, 0xBA, 0xC5, 0xBE, 0xA4, 0x75 ; file 1017C2
db 0x63, 0x67, 0x68, 0x5C, 0x5B, 0x6E, 0x67, 0x61, 0x65, 0x79, 0x8D, 0x8F, 0x96, 0x88, 0x85, 0x85 ; file 1017D2
db 0x94, 0xA9, 0xAC, 0xA3, 0x95, 0x94, 0x80, 0x6A, 0x63, 0x63, 0x76, 0x6C, 0x58, 0x53, 0x65, 0x77 ; file 1017E2
db 0x73, 0x81, 0x83, 0x8E, 0xA2, 0xB6, 0xC6, 0xC2, 0xAB, 0x7B, 0x63, 0x66, 0x68, 0x5F, 0x57, 0x6C ; file 1017F2
db 0x6B, 0x60, 0x64, 0x74, 0x8A, 0x8E, 0x95, 0x8B, 0x85, 0x85, 0x91, 0xA6, 0xAC, 0xA5, 0x94, 0x93 ; file 101802
db 0x86, 0x6D, 0x66, 0x61, 0x74, 0x71, 0x5A, 0x52, 0x5F, 0x78, 0x73, 0x7D, 0x82, 0x89, 0x9E, 0xB3 ; file 101812
db 0xC5, 0xC6, 0xB2, 0x84, 0x64, 0x65, 0x69, 0x61, 0x56, 0x68, 0x6F, 0x60, 0x63, 0x70, 0x87, 0x8C ; file 101822
db 0x94, 0x8E, 0x84, 0x85, 0x8F, 0xA3, 0xAD, 0xA7, 0x95, 0x91, 0x8B, 0x71, 0x68, 0x62, 0x6F, 0x75 ; file 101832
db 0x5C, 0x53, 0x5A, 0x77, 0x75, 0x7A, 0x81, 0x85, 0x9B, 0xB0, 0xC4, 0xC9, 0xB7, 0x8E, 0x66, 0x63 ; file 101842
db 0x69, 0x63, 0x57, 0x62, 0x71, 0x61, 0x61, 0x6D, 0x84, 0x8B, 0x93, 0x91, 0x84, 0x86, 0x8E, 0xA0 ; file 101852
db 0xAD, 0xA8, 0x97, 0x8E, 0x8F, 0x76, 0x69, 0x63, 0x6B, 0x77, 0x60, 0x54, 0x56, 0x74, 0x78, 0x77 ; file 101862
db 0x7F, 0x82, 0x97, 0xAC, 0xC1, 0xCC, 0xBC, 0x98, 0x6A, 0x62, 0x69, 0x65, 0x59, 0x5D, 0x71, 0x64 ; file 101872
db 0x60, 0x6A, 0x81, 0x89, 0x91, 0x93, 0x85, 0x85, 0x8D, 0x9D, 0xAD, 0xA8, 0x9A, 0x8A, 0x91, 0x7C ; file 101882
db 0x6B, 0x66, 0x67, 0x77, 0x65, 0x55, 0x53, 0x70, 0x7B, 0x75, 0x7D, 0x7F, 0x92, 0xA9, 0xBD, 0xCD ; file 101892
db 0xC0, 0xA2, 0x70, 0x61, 0x69, 0x66, 0x5B, 0x59, 0x70, 0x68, 0x5E, 0x68, 0x7D, 0x87, 0x8F, 0x94 ; file 1018A2
db 0x87, 0x84, 0x8C, 0x9A, 0xAC, 0xA9, 0x9E, 0x88, 0x90, 0x82, 0x6D, 0x68, 0x65, 0x75, 0x6A, 0x56 ; file 1018B2
db 0x51, 0x6A, 0x7D, 0x76, 0x7A, 0x7D, 0x8D, 0xA6, 0xB9, 0xCD, 0xC4, 0xAB, 0x77, 0x61, 0x68, 0x67 ; file 1018C2
db 0x5D, 0x57, 0x6C, 0x6C, 0x5E, 0x65, 0x79, 0x86, 0x8C, 0x94, 0x8A, 0x83, 0x8C, 0x97, 0xAA, 0xA9 ; file 1018D2
db 0xA2, 0x87, 0x8D, 0x87, 0x70, 0x6A, 0x65, 0x72, 0x6F, 0x58, 0x51, 0x64, 0x7D, 0x78, 0x78, 0x7B ; file 1018E2
db 0x88, 0xA3, 0xB5, 0xCC, 0xC8, 0xB2, 0x80, 0x62, 0x66, 0x69, 0x5E, 0x57, 0x67, 0x6F, 0x5E, 0x63 ; file 1018F2
db 0x75, 0x84, 0x8A, 0x94, 0x8C, 0x83, 0x8B, 0x95, 0xA8, 0xAA, 0xA4, 0x89, 0x88, 0x8C, 0x74, 0x6C ; file 101902
db 0x66, 0x6E, 0x72, 0x5C, 0x51, 0x5E, 0x7C, 0x7B, 0x76, 0x79, 0x83, 0x9F, 0xB2, 0xC9, 0xCC, 0xB8 ; file 101912
db 0x8A, 0x65, 0x64, 0x6A, 0x5F, 0x58, 0x61, 0x71, 0x61, 0x61, 0x72, 0x83, 0x87, 0x93, 0x8F, 0x84 ; file 101922
db 0x8A, 0x94, 0xA6, 0xAB, 0xA5, 0x8D, 0x84, 0x8E, 0x7A, 0x6D, 0x69, 0x6B, 0x73, 0x60, 0x51, 0x5A ; file 101932
db 0x78, 0x7E, 0x76, 0x76, 0x7F, 0x9A, 0xAF, 0xC5, 0xCF, 0xBC, 0x93, 0x69, 0x63, 0x6A, 0x61, 0x59 ; file 101942
db 0x5D, 0x70, 0x64, 0x5F, 0x6F, 0x81, 0x84, 0x91, 0x90, 0x85, 0x88, 0x94, 0xA3, 0xAB, 0xA6, 0x92 ; file 101952
db 0x80, 0x8D, 0x7F, 0x6E, 0x6B, 0x69, 0x72, 0x64, 0x52, 0x56, 0x73, 0x80, 0x77, 0x73, 0x7C, 0x94 ; file 101962
db 0xAD, 0xC1, 0xD1, 0xC1, 0x9D, 0x6F, 0x61, 0x69, 0x62, 0x5B, 0x5A, 0x6E, 0x68, 0x5E, 0x6C, 0x7E ; file 101972
db 0x82, 0x8F, 0x90, 0x88, 0x86, 0x93, 0xA1, 0xAB, 0xA6, 0x96, 0x7E, 0x8A, 0x83, 0x71, 0x6D, 0x69 ; file 101982
db 0x70, 0x69, 0x54, 0x54, 0x6E, 0x80, 0x7A, 0x71, 0x79, 0x8E, 0xAA, 0xBC, 0xD1, 0xC5, 0xA5, 0x76 ; file 101992
db 0x61, 0x68, 0x64, 0x5B, 0x59, 0x69, 0x6C, 0x5E, 0x69, 0x7C, 0x81, 0x8C, 0x90, 0x8A, 0x84, 0x93 ; file 1019A2
db 0x9F, 0xAB, 0xA7, 0x9A, 0x7E, 0x86, 0x88, 0x75, 0x6E, 0x6A, 0x6D, 0x6B, 0x58, 0x52, 0x6A, 0x7F ; file 1019B2
db 0x7D, 0x70, 0x76, 0x89, 0xA7, 0xB9, 0xD0, 0xCA, 0xAC, 0x7E, 0x63, 0x67, 0x66, 0x5C, 0x5A, 0x65 ; file 1019C2
db 0x6D, 0x60, 0x66, 0x7A, 0x7F, 0x89, 0x90, 0x8B, 0x84, 0x92, 0x9E, 0xAA, 0xA7, 0x9D, 0x80, 0x81 ; file 1019D2
db 0x8A, 0x7A, 0x70, 0x6D, 0x6B, 0x6C, 0x5C, 0x51, 0x66, 0x7D, 0x80, 0x70, 0x72, 0x84, 0xA3, 0xB6 ; file 1019E2
db 0xCD, 0xCD, 0xB2, 0x86, 0x67, 0x65, 0x67, 0x5C, 0x5B, 0x61, 0x6D, 0x63, 0x63, 0x78, 0x7E, 0x86 ; file 1019F2
db 0x90, 0x8C, 0x84, 0x90, 0x9D, 0xAA, 0xA8, 0x9F, 0x83, 0x7C, 0x8A, 0x7E, 0x71, 0x6F, 0x6A, 0x6C ; file 101A02
db 0x60, 0x51, 0x62, 0x79, 0x83, 0x73, 0x6E, 0x7F, 0x9E, 0xB3, 0xCA, 0xD0, 0xB9, 0x8D, 0x6B, 0x64 ; file 101A12
db 0x67, 0x5D, 0x5B, 0x5F, 0x6B, 0x66, 0x61, 0x76, 0x7C, 0x83, 0x8F, 0x8C, 0x86, 0x8E, 0x9D, 0xA9 ; file 101A22
db 0xA8, 0xA0, 0x87, 0x7A, 0x87, 0x83, 0x74, 0x71, 0x6B, 0x69, 0x64, 0x52, 0x5F, 0x76, 0x84, 0x77 ; file 101A32
db 0x6B, 0x7C, 0x98, 0xB1, 0xC6, 0xD0, 0xBE, 0x95, 0x71, 0x64, 0x67, 0x5E, 0x5B, 0x5E, 0x67, 0x69 ; file 101A42
db 0x60, 0x73, 0x7C, 0x80, 0x8D, 0x8B, 0x88, 0x8B, 0x9C, 0xA8, 0xA7, 0xA2, 0x8A, 0x79, 0x83, 0x86 ; file 101A52
db 0x78, 0x72, 0x6D, 0x67, 0x66, 0x55, 0x5C, 0x72, 0x83, 0x7B, 0x69, 0x77, 0x93, 0xAE, 0xC3, 0xD0 ; file 101A62
db 0xC4, 0x9C, 0x77, 0x65, 0x67, 0x60, 0x5B, 0x5F, 0x64, 0x6A, 0x61, 0x70, 0x7B, 0x7D, 0x8B, 0x8B ; file 101A72
db 0x89, 0x8A, 0x9B, 0xA8, 0xA7, 0xA3, 0x8D, 0x79, 0x7E, 0x87, 0x7C, 0x73, 0x70, 0x66, 0x67, 0x58 ; file 101A82
db 0x5A, 0x6F, 0x81, 0x80, 0x69, 0x73, 0x8E, 0xAA, 0xC0, 0xCF, 0xC8, 0xA2, 0x7E, 0x68, 0x66, 0x61 ; file 101A92
db 0x5B, 0x5F, 0x61, 0x69, 0x63, 0x6D, 0x7B, 0x7B, 0x88, 0x8A, 0x8A, 0x8A, 0x99, 0xA8, 0xA7, 0xA4 ; file 101AA2
db 0x8F, 0x7B, 0x79, 0x86, 0x81, 0x75, 0x73, 0x66, 0x65, 0x5C, 0x59, 0x6D, 0x7D, 0x83, 0x6B, 0x6E ; file 101AB2
db 0x89, 0xA5, 0xBD, 0xCD, 0xCB, 0xA8, 0x84, 0x6C, 0x66, 0x61, 0x5B, 0x60, 0x5F, 0x67, 0x66, 0x6A ; file 101AC2
db 0x7A, 0x79, 0x85, 0x89, 0x89, 0x8A, 0x97, 0xA8, 0xA8, 0xA4, 0x91, 0x7D, 0x77, 0x83, 0x85, 0x78 ; file 101AD2
db 0x75, 0x67, 0x63, 0x5F, 0x58, 0x6B, 0x7A, 0x85, 0x6E, 0x6A, 0x85, 0xA1, 0xBA, 0xCB, 0xCC, 0xAE ; file 101AE2
db 0x8A, 0x71, 0x66, 0x61, 0x5B, 0x5F, 0x5F, 0x63, 0x69, 0x69, 0x79, 0x78, 0x83, 0x87, 0x88, 0x8B ; file 101AF2
db 0x95, 0xA8, 0xA9, 0xA4, 0x93, 0x7F, 0x75, 0x7F, 0x88, 0x7C, 0x77, 0x6A, 0x60, 0x62, 0x59, 0x69 ; file 101B02
db 0x76, 0x85, 0x73, 0x67, 0x7F, 0x9C, 0xB7, 0xC9, 0xCD, 0xB4, 0x90, 0x77, 0x68, 0x61, 0x5C, 0x5E ; file 101B12
db 0x61, 0x5F, 0x6A, 0x69, 0x78, 0x77, 0x80, 0x86, 0x88, 0x8B, 0x94, 0xA7, 0xAA, 0xA4, 0x96, 0x80 ; file 101B22
db 0x76, 0x7A, 0x89, 0x80, 0x78, 0x6E, 0x5E, 0x62, 0x5B, 0x68, 0x74, 0x84, 0x78, 0x65, 0x7A, 0x98 ; file 101B32
db 0xB3, 0xC7, 0xCC, 0xB9, 0x94, 0x7D, 0x6B, 0x61, 0x5D, 0x5E, 0x63, 0x5C, 0x69, 0x6A, 0x76, 0x77 ; file 101B42
db 0x7E, 0x84, 0x86, 0x8B, 0x93, 0xA5, 0xAC, 0xA4, 0x98, 0x80, 0x77, 0x75, 0x88, 0x84, 0x7A, 0x72 ; file 101B52
db 0x5D, 0x61, 0x5D, 0x66, 0x72, 0x81, 0x7C, 0x66, 0x75, 0x94, 0xAE, 0xC5, 0xCA, 0xBE, 0x99, 0x82 ; file 101B62
db 0x6F, 0x61, 0x5C, 0x5D, 0x64, 0x5B, 0x66, 0x6C, 0x74, 0x76, 0x7B, 0x83, 0x85, 0x8A, 0x93, 0xA3 ; file 101B72
db 0xAE, 0xA4, 0x9A, 0x81, 0x79, 0x72, 0x84, 0x89, 0x7C, 0x75, 0x5F, 0x5E, 0x5F, 0x66, 0x71, 0x7D ; file 101B82
db 0x7F, 0x68, 0x70, 0x90, 0xA9, 0xC4, 0xC8, 0xC1, 0x9E, 0x87, 0x74, 0x63, 0x5C, 0x5D, 0x64, 0x5B ; file 101B92
db 0x62, 0x6E, 0x73, 0x76, 0x79, 0x81, 0x83, 0x88, 0x94, 0xA0, 0xAF, 0xA5, 0x9B, 0x83, 0x7A, 0x71 ; file 101BA2
db 0x7F, 0x8C, 0x80, 0x78, 0x62, 0x5B, 0x60, 0x66, 0x70, 0x7A, 0x80, 0x6C, 0x6B, 0x8B, 0xA4, 0xC1 ; file 101BB2
db 0xC7, 0xC2, 0xA3, 0x8C, 0x7A, 0x65, 0x5B, 0x5D, 0x64, 0x5D, 0x5E, 0x6E, 0x74, 0x75, 0x78, 0x7F ; file 101BC2
db 0x81, 0x87, 0x94, 0x9F, 0xB0, 0xA6, 0x9C, 0x85, 0x7A, 0x72, 0x7A, 0x8D, 0x85, 0x7A, 0x66, 0x59 ; file 101BD2
db 0x60, 0x68, 0x6F, 0x78, 0x7F, 0x70, 0x69, 0x85, 0xA0, 0xBE, 0xC6, 0xC3, 0xA7, 0x90, 0x80, 0x69 ; file 101BE2
db 0x5B, 0x5D, 0x63, 0x5F, 0x5A, 0x6C, 0x75, 0x74, 0x77, 0x7E, 0x7F, 0x85, 0x93, 0x9F, 0xAF, 0xA8 ; file 101BF2
db 0x9D, 0x86, 0x7B, 0x73, 0x75, 0x8C, 0x8A, 0x7D, 0x6A, 0x58, 0x5E, 0x6A, 0x6F, 0x76, 0x7E, 0x74 ; file 101C02
db 0x68, 0x7F, 0x9C, 0xB9, 0xC5, 0xC2, 0xAB, 0x93, 0x85, 0x6E, 0x5B, 0x5C, 0x63, 0x61, 0x58, 0x69 ; file 101C12
db 0x77, 0x74, 0x75, 0x7C, 0x7D, 0x83, 0x92, 0x9F, 0xAD, 0xAA, 0x9E, 0x87, 0x7B, 0x75, 0x71, 0x88 ; file 101C22
db 0x8E, 0x80, 0x6E, 0x59, 0x5B, 0x6B, 0x6F, 0x75, 0x7C, 0x76, 0x6A, 0x7A, 0x98, 0xB4, 0xC4, 0xC2 ; file 101C32
db 0xAE, 0x97, 0x8A, 0x74, 0x5C, 0x5B, 0x63, 0x62, 0x58, 0x64, 0x79, 0x75, 0x74, 0x7B, 0x7B, 0x81 ; file 101C42
db 0x8F, 0x9F, 0xAC, 0xAC, 0x9F, 0x88, 0x7B, 0x76, 0x6F, 0x83, 0x91, 0x84, 0x72, 0x5B, 0x58, 0x6B ; file 101C52
db 0x71, 0x74, 0x7A, 0x77, 0x6D, 0x76, 0x94, 0xB0, 0xC3, 0xC1, 0xAF, 0x9B, 0x8E, 0x7A, 0x5E, 0x5A ; file 101C62
db 0x63, 0x63, 0x59, 0x5F, 0x79, 0x76, 0x73, 0x7A, 0x7A, 0x7F, 0x8D, 0x9E, 0xAB, 0xAD, 0xA1, 0x89 ; file 101C72
db 0x7B, 0x77, 0x6E, 0x7D, 0x92, 0x89, 0x75, 0x5F, 0x55, 0x6A, 0x73, 0x73, 0x78, 0x76, 0x70, 0x73 ; file 101C82
db 0x8F, 0xAB, 0xC1, 0xC1, 0xB0, 0x9E, 0x91, 0x80, 0x61, 0x59, 0x62, 0x63, 0x5B, 0x5B, 0x77, 0x79 ; file 101C92
db 0x71, 0x79, 0x78, 0x7D, 0x8A, 0x9D, 0xAB, 0xAD, 0xA4, 0x8B, 0x7C, 0x77, 0x6F, 0x78, 0x91, 0x8E ; file 101CA2
db 0x78, 0x63, 0x53, 0x66, 0x76, 0x73, 0x77, 0x75, 0x73, 0x72, 0x89, 0xA7, 0xBD, 0xC1, 0xB0, 0xA1 ; file 101CB2
db 0x94, 0x87, 0x67, 0x58, 0x61, 0x64, 0x5D, 0x58, 0x73, 0x7C, 0x70, 0x78, 0x76, 0x7B, 0x88, 0x9C ; file 101CC2
db 0xAB, 0xAD, 0xA6, 0x8D, 0x7C, 0x77, 0x71, 0x74, 0x8D, 0x93, 0x7C, 0x66, 0x54, 0x62, 0x78, 0x74 ; file 101CD2
db 0x76, 0x72, 0x75, 0x73, 0x84, 0xA3, 0xBA, 0xC0, 0xB0, 0xA3, 0x97, 0x8C, 0x6D, 0x58, 0x60, 0x65 ; file 101CE2
db 0x5D, 0x58, 0x6D, 0x7F, 0x70, 0x77, 0x75, 0x79, 0x84, 0x9A, 0xAB, 0xAD, 0xA8, 0x90, 0x7C, 0x77 ; file 101CF2
db 0x71, 0x71, 0x88, 0x95, 0x81, 0x69, 0x56, 0x5D, 0x79, 0x75, 0x76, 0x71, 0x75, 0x75, 0x7F, 0x9E ; file 101D02
db 0xB6, 0xBF, 0xB1, 0xA3, 0x9A, 0x90, 0x74, 0x5A, 0x5E, 0x65, 0x5E, 0x58, 0x67, 0x81, 0x72, 0x76 ; file 101D12
db 0x75, 0x77, 0x81, 0x97, 0xAB, 0xAE, 0xA9, 0x94, 0x7C, 0x77, 0x72, 0x70, 0x81, 0x97, 0x87, 0x6C ; file 101D22
db 0x5A, 0x58, 0x77, 0x78, 0x76, 0x70, 0x73, 0x77, 0x7D, 0x98, 0xB3, 0xBE, 0xB2, 0xA3, 0x9D, 0x94 ; file 101D32
db 0x7B, 0x5D, 0x5C, 0x66, 0x5F, 0x5A, 0x62, 0x80, 0x75, 0x74, 0x75, 0x75, 0x7E, 0x94, 0xAA, 0xAF ; file 101D42
db 0xA9, 0x97, 0x7D, 0x78, 0x72, 0x70, 0x7C, 0x96, 0x8D, 0x70, 0x5E, 0x55, 0x74, 0x7B, 0x76, 0x70 ; file 101D52
db 0x70, 0x79, 0x7C, 0x92, 0xAF, 0xBB, 0xB3, 0xA2, 0x9F, 0x97, 0x82, 0x61, 0x5B, 0x65, 0x60, 0x5B ; file 101D62
db 0x5E, 0x7D, 0x79, 0x72, 0x75, 0x73, 0x7B, 0x91, 0xA7, 0xB1, 0xA9, 0x9B, 0x7E, 0x78, 0x73, 0x71 ; file 101D72
db 0x77, 0x92, 0x93, 0x74, 0x62, 0x54, 0x6F, 0x7D, 0x77, 0x70, 0x6E, 0x7A, 0x7D, 0x8C, 0xAC, 0xB8 ; file 101D82
db 0xB5, 0xA1, 0xA0, 0x9A, 0x88, 0x67, 0x5A, 0x64, 0x61, 0x5C, 0x5C, 0x78, 0x7C, 0x71, 0x75, 0x72 ; file 101D92
db 0x78, 0x8E, 0xA4, 0xB2, 0xA9, 0x9F, 0x80, 0x77, 0x73, 0x72, 0x74, 0x8D, 0x97, 0x79, 0x64, 0x55 ; file 101DA2
db 0x6A, 0x7F, 0x79, 0x71, 0x6B, 0x79, 0x7E, 0x87, 0xA8, 0xB5, 0xB6, 0xA1, 0xA0, 0x9D, 0x8D, 0x6E ; file 101DB2
db 0x5B, 0x63, 0x62, 0x5C, 0x5C, 0x72, 0x7E, 0x72, 0x75, 0x71, 0x76, 0x8A, 0xA1, 0xB3, 0xAA, 0xA2 ; file 101DC2
db 0x83, 0x77, 0x73, 0x71, 0x73, 0x86, 0x99, 0x7F, 0x67, 0x58, 0x64, 0x7E, 0x7B, 0x73, 0x69, 0x76 ; file 101DD2
db 0x80, 0x84, 0xA3, 0xB2, 0xB6, 0xA2, 0x9E, 0xA0, 0x92, 0x75, 0x5D, 0x61, 0x63, 0x5C, 0x5C, 0x6D ; file 101DE2
db 0x7F, 0x74, 0x74, 0x70, 0x73, 0x85, 0x9E, 0xB3, 0xAB, 0xA4, 0x86, 0x77, 0x74, 0x71, 0x73, 0x80 ; file 101DF2
db 0x99, 0x86, 0x6A, 0x5B, 0x60, 0x7C, 0x7E, 0x74, 0x69, 0x73, 0x82, 0x82, 0x9D, 0xAF, 0xB5, 0xA3 ; file 101E02
db 0x9D, 0xA2, 0x96, 0x7B, 0x61, 0x60, 0x64, 0x5C, 0x5D, 0x69, 0x7D, 0x77, 0x73, 0x70, 0x71, 0x81 ; file 101E12
db 0x9B, 0xB2, 0xAD, 0xA5, 0x8B, 0x78, 0x74, 0x70, 0x74, 0x7C, 0x97, 0x8C, 0x6E, 0x5E, 0x5E, 0x79 ; file 101E22
db 0x81, 0x76, 0x69, 0x6F, 0x83, 0x83, 0x97, 0xAD, 0xB3, 0xA4, 0x9B, 0xA2, 0x9A, 0x81, 0x66, 0x5F ; file 101E32
db 0x63, 0x5D, 0x5D, 0x66, 0x7A, 0x7A, 0x73, 0x70, 0x70, 0x7E, 0x97, 0xAF, 0xB0, 0xA5, 0x8F, 0x78 ; file 101E42
db 0x74, 0x70, 0x74, 0x79, 0x92, 0x91, 0x73, 0x61, 0x5D, 0x74, 0x82, 0x78, 0x69, 0x6C, 0x82, 0x85 ; file 101E52
db 0x92, 0xAA, 0xB1, 0xA6, 0x99, 0xA1, 0x9E, 0x87, 0x6C, 0x5F, 0x63, 0x5E, 0x5D, 0x65, 0x76, 0x7B ; file 101E62
db 0x74, 0x70, 0x6F, 0x7A, 0x93, 0xAC, 0xB2, 0xA6, 0x93, 0x7A, 0x74, 0x70, 0x74, 0x77, 0x8C, 0x95 ; file 101E72
db 0x78, 0x63, 0x5E, 0x70, 0x82, 0x7C, 0x6B, 0x69, 0x7E, 0x88, 0x8D, 0xA7, 0xAE, 0xA7, 0x99, 0x9F ; file 101E82
db 0xA1, 0x8C, 0x72, 0x60, 0x62, 0x5F, 0x5C, 0x65, 0x72, 0x7B, 0x76, 0x6F, 0x6E, 0x76, 0x8F, 0xA9 ; file 101E92
db 0xB3, 0xA8, 0x96, 0x7D, 0x74, 0x71, 0x73, 0x77, 0x86, 0x96, 0x7E, 0x66, 0x5F, 0x6C, 0x80, 0x80 ; file 101EA2
db 0x6C, 0x67, 0x7A, 0x8A, 0x8C, 0xA2, 0xAD, 0xA7, 0x99, 0x9D, 0xA4, 0x91, 0x78, 0x64, 0x62, 0x5F ; file 101EB2
db 0x5C, 0x64, 0x6F, 0x7A, 0x79, 0x6F, 0x6E, 0x73, 0x8A, 0xA5, 0xB3, 0xAA, 0x99, 0x80, 0x74, 0x71 ; file 101EC2
db 0x72, 0x77, 0x80, 0x95, 0x84, 0x6A, 0x60, 0x69, 0x7D, 0x83, 0x6F, 0x66, 0x75, 0x8B, 0x8B, 0x9E ; file 101ED2
db 0xAB, 0xA7, 0x9A, 0x9A, 0xA5, 0x96, 0x7D, 0x68, 0x62, 0x60, 0x5D, 0x63, 0x6E, 0x77, 0x7B, 0x70 ; file 101EE2
db 0x6E, 0x71, 0x85, 0xA1, 0xB3, 0xAC, 0x9C, 0x83, 0x75, 0x71, 0x71, 0x77, 0x7D, 0x92, 0x8A, 0x6F ; file 101EF2
db 0x61, 0x68, 0x78, 0x85, 0x73, 0x66, 0x71, 0x8A, 0x8C, 0x99, 0xA8, 0xA7, 0x9A, 0x98, 0xA4, 0x9B ; file 101F02
db 0x82, 0x6D, 0x62, 0x60, 0x5D, 0x61, 0x6D, 0x73, 0x7D, 0x72, 0x6D, 0x6F, 0x81, 0x9C, 0xB2, 0xAE ; file 101F12
db 0x9E, 0x86, 0x76, 0x71, 0x71, 0x77, 0x7B, 0x8D, 0x8E, 0x74, 0x62, 0x68, 0x74, 0x85, 0x77, 0x66 ; file 101F22
db 0x6D, 0x87, 0x8E, 0x96, 0xA5, 0xA6, 0x9A, 0x97, 0xA2, 0x9F, 0x87, 0x72, 0x64, 0x5F, 0x5E, 0x5F ; file 101F32
db 0x6D, 0x70, 0x7C, 0x75, 0x6C, 0x6E, 0x7D, 0x98, 0xB0, 0xB0, 0xA2, 0x89, 0x78, 0x71, 0x70, 0x76 ; file 101F42
db 0x7B, 0x88, 0x90, 0x7A, 0x64, 0x69, 0x71, 0x83, 0x7C, 0x67, 0x6A, 0x83, 0x90, 0x94, 0xA1, 0xA6 ; file 101F52
db 0x9A, 0x95, 0xA0, 0xA2, 0x8B, 0x78, 0x68, 0x60, 0x5E, 0x5E, 0x6D, 0x6F, 0x7A, 0x79, 0x6B, 0x6D ; file 101F62
db 0x79, 0x93, 0xAD, 0xB0, 0xA5, 0x8C, 0x7B, 0x72, 0x70, 0x75, 0x7B, 0x83, 0x90, 0x80, 0x67, 0x69 ; file 101F72
db 0x70, 0x80, 0x81, 0x69, 0x68, 0x7E, 0x91, 0x94, 0x9E, 0xA6, 0x99, 0x95, 0x9D, 0xA4, 0x90, 0x7C ; file 101F82
db 0x6C, 0x60, 0x5D, 0x5E, 0x6C, 0x6F, 0x76, 0x7D, 0x6B, 0x6C, 0x76, 0x8E, 0xAA, 0xB1, 0xA9, 0x8F ; file 101F92
db 0x7D, 0x73, 0x6F, 0x74, 0x7B, 0x80, 0x8D, 0x85, 0x6B, 0x69, 0x70, 0x7C, 0x84, 0x6B, 0x66, 0x78 ; file 101FA2
db 0x90, 0x94, 0x9A, 0xA5, 0x99, 0x94, 0x9A, 0xA5, 0x95, 0x81, 0x70, 0x62, 0x5D, 0x5E, 0x69, 0x6F ; file 101FB2
db 0x72, 0x7E, 0x6D, 0x6B, 0x73, 0x89, 0xA6, 0xB0, 0xAB, 0x92, 0x7F, 0x74, 0x6E, 0x73, 0x7A, 0x7E ; file 101FC2
db 0x89, 0x88, 0x70, 0x68, 0x71, 0x78, 0x86, 0x70, 0x66, 0x74, 0x8E, 0x96, 0x98, 0xA2, 0x99, 0x93 ; file 101FD2
db 0x98, 0xA4, 0x9A, 0x84, 0x75, 0x65, 0x5C, 0x5E, 0x67, 0x71, 0x6E, 0x7E, 0x71, 0x6A, 0x71, 0x85 ; file 101FE2
db 0xA1, 0xB0, 0xAD, 0x96, 0x81, 0x76, 0x6E, 0x72, 0x79, 0x7E, 0x85, 0x8A, 0x76, 0x68, 0x72, 0x74 ; file 101FF2
db 0x85, 0x75, 0x66, 0x70, 0x8A, 0x97, 0x98, 0x9F, 0x9A, 0x91, 0x96, 0xA2, 0x9D, 0x88, 0x7A, 0x69 ; file 102002
db 0x5C, 0x5D, 0x65, 0x72, 0x6B, 0x7C, 0x75, 0x69, 0x6F, 0x80, 0x9D, 0xAF, 0xAE, 0x9B, 0x82, 0x78 ; file 102012
db 0x6E, 0x71, 0x78, 0x7F, 0x82, 0x8A, 0x7C, 0x69, 0x73, 0x73, 0x82, 0x7B, 0x66, 0x6D, 0x85, 0x98 ; file 102022
db 0x99, 0x9C, 0x9B, 0x8F, 0x94, 0x9F, 0xA0, 0x8C, 0x7E, 0x6E, 0x5D, 0x5C, 0x63, 0x72, 0x6B, 0x78 ; file 102032
db 0x79, 0x69, 0x6D, 0x7D, 0x98, 0xAD, 0xAD, 0xA0, 0x83, 0x7A, 0x6F, 0x70, 0x77, 0x7F, 0x80, 0x87 ; file 102042
db 0x81, 0x6C, 0x73, 0x74, 0x7F, 0x7F, 0x69, 0x6B, 0x80, 0x97, 0x9B, 0x99, 0x9B, 0x8E, 0x93, 0x9D ; file 102052
db 0xA2, 0x91, 0x82, 0x73, 0x5E, 0x5B, 0x62, 0x71, 0x6C, 0x73, 0x7C, 0x6A, 0x6B, 0x79, 0x93, 0xAB ; file 102062
db 0xAD, 0xA4, 0x85, 0x7C, 0x71, 0x6F, 0x76, 0x7E, 0x7F, 0x83, 0x84, 0x70, 0x73, 0x76, 0x7B, 0x82 ; file 102072
db 0x6B, 0x69, 0x7C, 0x94, 0x9E, 0x97, 0x9B, 0x8C, 0x91, 0x9A, 0xA2, 0x95, 0x85, 0x79, 0x62, 0x5A ; file 102082
db 0x61, 0x6F, 0x6F, 0x6E, 0x7E, 0x6D, 0x69, 0x77, 0x8E, 0xA8, 0xAC, 0xA7, 0x88, 0x7D, 0x73, 0x6E ; file 102092
db 0x75, 0x7D, 0x80, 0x7F, 0x86, 0x74, 0x72, 0x78, 0x78, 0x82, 0x70, 0x68, 0x78, 0x90, 0xA0, 0x97 ; file 1020A2
db 0x99, 0x8C, 0x8E, 0x99, 0xA1, 0x98, 0x88, 0x7E, 0x66, 0x5A, 0x5F, 0x6D, 0x71, 0x6B, 0x7C, 0x71 ; file 1020B2
db 0x68, 0x74, 0x89, 0xA5, 0xAC, 0xA9, 0x8D, 0x7D, 0x75, 0x6D, 0x74, 0x7B, 0x81, 0x7D, 0x85, 0x79 ; file 1020C2
db 0x72, 0x7A, 0x76, 0x81, 0x74, 0x68, 0x75, 0x8B, 0xA0, 0x99, 0x97, 0x8D, 0x8B, 0x97, 0x9F, 0x9B ; file 1020D2
db 0x8C, 0x82, 0x6C, 0x5A, 0x5E, 0x6C, 0x73, 0x6A, 0x79, 0x75, 0x68, 0x72, 0x85, 0xA0, 0xAB, 0xAA ; file 1020E2
db 0x92, 0x7D, 0x77, 0x6D, 0x72, 0x7A, 0x82, 0x7B, 0x82, 0x7D, 0x73, 0x7B, 0x77, 0x7E, 0x78, 0x68 ; file 1020F2
db 0x73, 0x86, 0x9F, 0x9C, 0x95, 0x8D, 0x87, 0x95, 0x9E, 0x9C, 0x8F, 0x86, 0x73, 0x5B, 0x5C, 0x6A ; file 102102
db 0x73, 0x6A, 0x75, 0x78, 0x68, 0x6F, 0x81, 0x9D, 0xA9, 0xAA, 0x97, 0x7E, 0x79, 0x6E, 0x71, 0x79 ; file 102112
db 0x82, 0x7B, 0x7E, 0x80, 0x75, 0x7C, 0x78, 0x7B, 0x7A, 0x6B, 0x71, 0x82, 0x9C, 0xA0, 0x94, 0x8C ; file 102122
db 0x84, 0x92, 0x9C, 0x9C, 0x93, 0x89, 0x79, 0x5E, 0x5B, 0x69, 0x73, 0x6C, 0x71, 0x79, 0x6B, 0x6D ; file 102132
db 0x7E, 0x99, 0xA8, 0xAA, 0x9A, 0x7F, 0x7A, 0x6F, 0x70, 0x78, 0x81, 0x7D, 0x79, 0x82, 0x79, 0x7C ; file 102142
db 0x7B, 0x79, 0x7B, 0x6E, 0x6F, 0x7F, 0x98, 0xA4, 0x94, 0x8B, 0x82, 0x8E, 0x9B, 0x9C, 0x95, 0x8C ; file 102152
db 0x7F, 0x62, 0x5A, 0x67, 0x73, 0x6E, 0x6E, 0x78, 0x6E, 0x6A, 0x7C, 0x94, 0xA6, 0xA9, 0x9D, 0x82 ; file 102162
db 0x7A, 0x71, 0x6F, 0x77, 0x80, 0x7F, 0x76, 0x81, 0x7C, 0x7D, 0x7E, 0x78, 0x7A, 0x71, 0x6E, 0x7D ; file 102172
db 0x94, 0xA6, 0x96, 0x89, 0x81, 0x8A, 0x99, 0x9A, 0x97, 0x8F, 0x85, 0x68, 0x59, 0x64, 0x73, 0x6F ; file 102182
db 0x6C, 0x76, 0x72, 0x69, 0x7A, 0x90, 0xA4, 0xA7, 0x9F, 0x85, 0x7A, 0x73, 0x6F, 0x76, 0x7E, 0x81 ; file 102192
db 0x74, 0x7E, 0x7F, 0x7F, 0x7F, 0x79, 0x78, 0x74, 0x6E, 0x7B, 0x8F, 0xA7, 0x9A, 0x88, 0x7F, 0x86 ; file 1021A2
db 0x98, 0x9A, 0x98, 0x91, 0x8A, 0x6F, 0x5A, 0x62, 0x73, 0x70, 0x6C, 0x73, 0x74, 0x69, 0x77, 0x8D ; file 1021B2
db 0xA2, 0xA6, 0xA0, 0x88, 0x7A, 0x75, 0x6F, 0x74, 0x7E, 0x82, 0x74, 0x7A, 0x80, 0x82, 0x81, 0x7B ; file 1021C2
db 0x76, 0x75, 0x6F, 0x7A, 0x8A, 0xA5, 0x9E, 0x88, 0x7D, 0x82, 0x95, 0x99, 0x97, 0x94, 0x8E, 0x75 ; file 1021D2
db 0x5C, 0x5F, 0x72, 0x70, 0x6D, 0x6F, 0x75, 0x6A, 0x75, 0x8A, 0xA0, 0xA4, 0xA1, 0x8B, 0x7B, 0x76 ; file 1021E2
db 0x6F, 0x73, 0x7D, 0x82, 0x76, 0x75, 0x81, 0x85, 0x83, 0x7E, 0x75, 0x75, 0x71, 0x79, 0x87, 0xA2 ; file 1021F2
db 0xA2, 0x8A, 0x7B, 0x7F, 0x92, 0x98, 0x96, 0x96, 0x91, 0x7C, 0x60, 0x5D, 0x71, 0x71, 0x6E, 0x6D ; file 102202
db 0x74, 0x6D, 0x72, 0x87, 0x9D, 0xA2, 0xA2, 0x8D, 0x7D, 0x76, 0x70, 0x72, 0x7C, 0x82, 0x78, 0x71 ; file 102212
db 0x7F, 0x88, 0x85, 0x81, 0x75, 0x73, 0x74, 0x78, 0x84, 0x9E, 0xA5, 0x8E, 0x78, 0x7C, 0x8E, 0x98 ; file 102222
db 0x94, 0x97, 0x93, 0x82, 0x65, 0x5C, 0x6F, 0x72, 0x6F, 0x6C, 0x71, 0x70, 0x70, 0x84, 0x9A, 0xA1 ; file 102232
db 0xA2, 0x8F, 0x7F, 0x76, 0x72, 0x72, 0x7A, 0x82, 0x7A, 0x6F, 0x7B, 0x8B, 0x88, 0x83, 0x77, 0x70 ; file 102242
db 0x76, 0x78, 0x83, 0x9A, 0xA7, 0x92, 0x77, 0x7A, 0x89, 0x97, 0x93, 0x97, 0x96, 0x87, 0x6B, 0x5C ; file 102252
db 0x6C, 0x73, 0x6E, 0x6D, 0x6E, 0x72, 0x6F, 0x81, 0x98, 0x9F, 0xA1, 0x90, 0x81, 0x76, 0x73, 0x72 ; file 102262
db 0x79, 0x81, 0x7C, 0x6E, 0x77, 0x8C, 0x8C, 0x85, 0x7A, 0x6E, 0x76, 0x79, 0x81, 0x96, 0xA6, 0x98 ; file 102272
db 0x76, 0x77, 0x85, 0x96, 0x92, 0x96, 0x99, 0x8C, 0x71, 0x5D, 0x6A, 0x74, 0x6E, 0x6E, 0x6A, 0x73 ; file 102282
db 0x6F, 0x7E, 0x96, 0x9D, 0xA0, 0x91, 0x82, 0x77, 0x73, 0x72, 0x77, 0x81, 0x7D, 0x6F, 0x71, 0x8A ; file 102292
db 0x91, 0x87, 0x7E, 0x6C, 0x75, 0x7B, 0x80, 0x92, 0xA5, 0x9D, 0x77, 0x73, 0x81, 0x93, 0x91, 0x94 ; file 1022A2
db 0x9B, 0x90, 0x77, 0x60, 0x68, 0x74, 0x6E, 0x70, 0x67, 0x72, 0x71, 0x7B, 0x94, 0x9B, 0x9E, 0x91 ; file 1022B2
db 0x83, 0x79, 0x73, 0x73, 0x76, 0x80, 0x7D, 0x71, 0x6D, 0x87, 0x94, 0x89, 0x82, 0x6C, 0x73, 0x7D ; file 1022C2
db 0x80, 0x90, 0xA2, 0xA1, 0x7B, 0x6F, 0x7E, 0x90, 0x91, 0x92, 0x9C, 0x94, 0x7D, 0x65, 0x66, 0x74 ; file 1022D2
db 0x6F, 0x71, 0x66, 0x6F, 0x74, 0x79, 0x91, 0x9A, 0x9D, 0x92, 0x83, 0x7B, 0x72, 0x74, 0x76, 0x7F ; file 1022E2
db 0x7E, 0x72, 0x6A, 0x82, 0x98, 0x8D, 0x85, 0x6D, 0x6F, 0x7F, 0x81, 0x8E, 0x9F, 0xA3, 0x81, 0x6C ; file 1022F2
db 0x7B, 0x8C, 0x91, 0x90, 0x9C, 0x98, 0x82, 0x6A, 0x65, 0x73, 0x70, 0x71, 0x68, 0x6B, 0x75, 0x79 ; file 102302
db 0x8F, 0x99, 0x9B, 0x92, 0x83, 0x7D, 0x72, 0x75, 0x76, 0x7E, 0x7E, 0x74, 0x69, 0x7C, 0x99, 0x91 ; file 102312
db 0x87, 0x71, 0x6C, 0x7F, 0x82, 0x8C, 0x9C, 0xA3, 0x86, 0x6A, 0x77, 0x88, 0x90, 0x8F, 0x9A, 0x9C ; file 102322
db 0x87, 0x70, 0x66, 0x72, 0x70, 0x71, 0x6A, 0x67, 0x75, 0x79, 0x8C, 0x98, 0x99, 0x92, 0x82, 0x7E ; file 102332
db 0x73, 0x75, 0x76, 0x7D, 0x7F, 0x74, 0x6A, 0x75, 0x99, 0x95, 0x8A, 0x75, 0x69, 0x7D, 0x85, 0x8A ; file 102342
db 0x9A, 0xA2, 0x8C, 0x6A, 0x73, 0x84, 0x8E, 0x8D, 0x98, 0x9F, 0x8B, 0x76, 0x67, 0x71, 0x70, 0x71 ; file 102352
db 0x6C, 0x64, 0x73, 0x7B, 0x89, 0x98, 0x97, 0x91, 0x82, 0x7F, 0x74, 0x74, 0x77, 0x7C, 0x7F, 0x75 ; file 102362
db 0x6C, 0x70, 0x96, 0x9A, 0x8D, 0x79, 0x68, 0x79, 0x88, 0x8A, 0x99, 0x9F, 0x91, 0x6D, 0x6E, 0x81 ; file 102372
db 0x8B, 0x8C, 0x95, 0xA0, 0x8F, 0x7B, 0x6B, 0x70, 0x70, 0x71, 0x6E, 0x63, 0x70, 0x7D, 0x86, 0x97 ; file 102382
db 0x96, 0x91, 0x82, 0x7F, 0x76, 0x73, 0x78, 0x7B, 0x7F, 0x75, 0x6D, 0x6B, 0x91, 0x9D, 0x90, 0x7D ; file 102392
db 0x68, 0x75, 0x89, 0x8A, 0x97, 0x9D, 0x96, 0x70, 0x6A, 0x7E, 0x88, 0x8B, 0x92, 0xA1, 0x93, 0x80 ; file 1023A2
db 0x6F, 0x70, 0x70, 0x71, 0x6F, 0x63, 0x6C, 0x7E, 0x85, 0x96, 0x95, 0x91, 0x81, 0x7E, 0x79, 0x72 ; file 1023B2
db 0x79, 0x7B, 0x7F, 0x76, 0x6F, 0x69, 0x8B, 0xA0, 0x94, 0x81, 0x6B, 0x71, 0x8A, 0x8B, 0x96, 0x9A ; file 1023C2
db 0x98, 0x75, 0x67, 0x7B, 0x85, 0x8A, 0x90, 0x9F, 0x97, 0x84, 0x74, 0x70, 0x6F, 0x71, 0x70, 0x65 ; file 1023D2
db 0x67, 0x7E, 0x85, 0x95, 0x94, 0x91, 0x80, 0x7D, 0x7A, 0x72, 0x79, 0x7B, 0x7F, 0x77, 0x6F, 0x69 ; file 1023E2
db 0x84, 0xA1, 0x99, 0x85, 0x6E, 0x6D, 0x88, 0x8D, 0x96, 0x99, 0x98, 0x7A, 0x66, 0x76, 0x82, 0x87 ; file 1023F2
db 0x8E, 0x9D, 0x9B, 0x88, 0x79, 0x73, 0x6F, 0x70, 0x70, 0x67, 0x63, 0x7C, 0x86, 0x93, 0x94, 0x90 ; file 102402
db 0x7F, 0x7C, 0x7B, 0x73, 0x78, 0x7C, 0x7E, 0x78, 0x6F, 0x69, 0x7D, 0x9F, 0x9D, 0x88, 0x72, 0x6B ; file 102412
db 0x85, 0x90, 0x95, 0x98, 0x97, 0x7F, 0x67, 0x71, 0x80, 0x84, 0x8C, 0x9B, 0x9D, 0x8C, 0x7E, 0x76 ; file 102422
db 0x6F, 0x70, 0x71, 0x68, 0x61, 0x77, 0x88, 0x91, 0x93, 0x90, 0x7F, 0x7B, 0x7B, 0x75, 0x77, 0x7D ; file 102432
db 0x7F, 0x78, 0x70, 0x6A, 0x77, 0x9B, 0xA1, 0x8D, 0x75, 0x6A, 0x80, 0x92, 0x95, 0x97, 0x96, 0x82 ; file 102442
db 0x6A, 0x6D, 0x7E, 0x81, 0x8B, 0x98, 0x9F, 0x90, 0x82, 0x7A, 0x70, 0x6E, 0x72, 0x69, 0x61, 0x72 ; file 102452
db 0x89, 0x90, 0x93, 0x8F, 0x7F, 0x7A, 0x7A, 0x76, 0x76, 0x7D, 0x7F, 0x79, 0x70, 0x6B, 0x74, 0x96 ; file 102462
db 0xA4, 0x93, 0x78, 0x6C, 0x7B, 0x92, 0x96, 0x98, 0x94, 0x85, 0x6E, 0x6A, 0x7B, 0x7E, 0x88, 0x95 ; file 102472
db 0x9F, 0x93, 0x85, 0x7E, 0x72, 0x6D, 0x72, 0x6A, 0x63, 0x6D, 0x88, 0x91, 0x92, 0x8F, 0x7F, 0x78 ; file 102482
db 0x79, 0x77, 0x75, 0x7D, 0x7F, 0x79, 0x71, 0x6B, 0x72, 0x8F, 0xA5, 0x99, 0x7B, 0x6F, 0x77, 0x90 ; file 102492
db 0x98, 0x98, 0x94, 0x85, 0x72, 0x68, 0x78, 0x7C, 0x84, 0x92, 0x9D, 0x96, 0x88, 0x82, 0x76, 0x6C ; file 1024A2
db 0x72, 0x6A, 0x64, 0x68, 0x84, 0x91, 0x90, 0x8F, 0x7F, 0x77, 0x79, 0x78, 0x76, 0x7C, 0x80, 0x7A ; file 1024B2
db 0x71, 0x6C, 0x70, 0x88, 0xA0, 0x9C, 0x7F, 0x72, 0x74, 0x8D, 0x98, 0x96, 0x91, 0x84, 0x76, 0x6A ; file 1024C2
db 0x74, 0x7A, 0x81, 0x8F, 0x99, 0x96, 0x8A, 0x86, 0x7B, 0x6E, 0x73, 0x6D, 0x68, 0x68, 0x80, 0x91 ; file 1024D2
db 0x8E, 0x8E, 0x80, 0x76, 0x79, 0x78, 0x78, 0x7B, 0x80, 0x7B, 0x73, 0x6E, 0x72, 0x83, 0x9B, 0x9C ; file 1024E2
db 0x82, 0x75, 0x74, 0x87, 0x96, 0x95, 0x90, 0x84, 0x79, 0x6D, 0x72, 0x79, 0x7E, 0x8C, 0x95, 0x95 ; file 1024F2
db 0x8C, 0x88, 0x80, 0x6F, 0x73, 0x70, 0x6C, 0x69, 0x7C, 0x90, 0x8E, 0x8B, 0x80, 0x76, 0x78, 0x79 ; file 102502
db 0x79, 0x7A, 0x81, 0x7C, 0x74, 0x70, 0x73, 0x80, 0x94, 0x9C, 0x86, 0x78, 0x75, 0x82, 0x94, 0x94 ; file 102512
db 0x8F, 0x83, 0x7A, 0x72, 0x72, 0x78, 0x7C, 0x88, 0x91, 0x92, 0x8C, 0x89, 0x84, 0x73, 0x74, 0x73 ; file 102522
db 0x6E, 0x6C, 0x78, 0x8D, 0x8D, 0x8A, 0x82, 0x77, 0x78, 0x79, 0x7B, 0x7B, 0x81, 0x7E, 0x76, 0x72 ; file 102532
db 0x73, 0x7E, 0x8E, 0x9A, 0x8A, 0x7A, 0x78, 0x7F, 0x90, 0x93, 0x8D, 0x83, 0x7B, 0x75, 0x72, 0x78 ; file 102542
db 0x7A, 0x85, 0x8E, 0x90, 0x8D, 0x89, 0x87, 0x77, 0x74, 0x76, 0x70, 0x6F, 0x76, 0x8A, 0x8D, 0x88 ; file 102552
db 0x82, 0x78, 0x78, 0x79, 0x7B, 0x7C, 0x80, 0x80, 0x78, 0x75, 0x75, 0x7E, 0x88, 0x94, 0x8C, 0x7C ; file 102562
db 0x7A, 0x7D, 0x8A, 0x90, 0x8B, 0x84, 0x7B, 0x79, 0x75, 0x78, 0x7B, 0x81, 0x8A, 0x8B, 0x8A, 0x87 ; file 102572
db 0x87, 0x7B, 0x77, 0x78, 0x75, 0x74, 0x77, 0x85, 0x8B, 0x85, 0x82, 0x7A, 0x79, 0x7B, 0x7C, 0x7D ; file 102582
db 0x7F, 0x80, 0x7B, 0x78, 0x77, 0x7E, 0x83, 0x8D, 0x8B, 0x7F, 0x7C, 0x7E, 0x86, 0x8C, 0x88, 0x83 ; file 102592
db 0x7C, 0x7C, 0x79, 0x79, 0x7B, 0x7F, 0x86, 0x87, 0x87, 0x86, 0x86, 0x7F, 0x7A, 0x7B, 0x7A, 0x79 ; file 1025A2
db 0x7B, 0x81, 0x86, 0x82, 0x81, 0x7D, 0x7D, 0x7D, 0x7E, 0x7F, 0x7F, 0x80, 0x7E, 0x7E, 0x7E, 0x7F ; file 1025B2
db 0x80, 0x81, 0x81, 0x80, 0x7F, 0x80, 0x7C, 0x7D ; file 1025C2
