; Resource 'snd ', ID 190; name '019 Church Organ (C3)'; payload 25038 bytes
; MacBinary file offsets 0E58FB–0EBACC (inclusive).
; Linear CODE decoding is provisional: embedded data can decode as instructions.
db 0x00, 0x00, 0x61, 0xCE, 0x00, 0x02, 0x00, 0x00, 0x00, 0x01, 0x80, 0x50, 0x00, 0x00, 0x00, 0x00 ; file 0E58FB
db 0x00, 0x0E, 0x00, 0x00, 0x00, 0x00, 0x00, 0x00, 0x61, 0xA8, 0x2B, 0x11, 0x00, 0x00, 0x00, 0x00 ; file 0E590B
db 0x07, 0x96, 0x00, 0x00, 0x60, 0x26, 0x00, 0x48, 0x80, 0x7F, 0x7F, 0x7F, 0x81, 0x82, 0x81, 0x81 ; file 0E591B
db 0x81, 0x80, 0x7F, 0x80, 0x80, 0x7F, 0x7F, 0x81, 0x80, 0x7F, 0x7F, 0x7F, 0x7E, 0x7E, 0x7D, 0x7C ; file 0E592B
db 0x7D, 0x82, 0x84, 0x83, 0x83, 0x83, 0x82, 0x81, 0x82, 0x81, 0x7F, 0x80, 0x82, 0x81, 0x7F, 0x80 ; file 0E593B
db 0x81, 0x7F, 0x7E, 0x7E, 0x7C, 0x7C, 0x81, 0x84, 0x82, 0x81, 0x81, 0x80, 0x7E, 0x80, 0x80, 0x7D ; file 0E594B
db 0x7E, 0x81, 0x81, 0x7D, 0x7D, 0x7D, 0x7B, 0x7B, 0x7B, 0x79, 0x79, 0x82, 0x89, 0x88, 0x86, 0x86 ; file 0E595B
db 0x85, 0x83, 0x83, 0x82, 0x7F, 0x80, 0x84, 0x83, 0x7F, 0x81, 0x83, 0x7F, 0x7E, 0x7D, 0x7B, 0x79 ; file 0E596B
db 0x81, 0x88, 0x85, 0x83, 0x82, 0x80, 0x7D, 0x7F, 0x80, 0x7B, 0x7A, 0x80, 0x80, 0x7A, 0x79, 0x7A ; file 0E597B
db 0x76, 0x75, 0x75, 0x72, 0x71, 0x7D, 0x8A, 0x88, 0x84, 0x84, 0x83, 0x80, 0x80, 0x80, 0x7A, 0x7A ; file 0E598B
db 0x81, 0x81, 0x7B, 0x7C, 0x80, 0x7C, 0x79, 0x79, 0x77, 0x74, 0x79, 0x87, 0x87, 0x83, 0x82, 0x80 ; file 0E599B
db 0x7D, 0x7C, 0x82, 0x7C, 0x79, 0x7F, 0x83, 0x7F, 0x79, 0x7D, 0x79, 0x77, 0x77, 0x76, 0x72, 0x7A ; file 0E59AB
db 0x91, 0x93, 0x8F, 0x8E, 0x8E, 0x8B, 0x88, 0x8B, 0x84, 0x80, 0x86, 0x8C, 0x86, 0x80, 0x88, 0x85 ; file 0E59BB
db 0x80, 0x7E, 0x7C, 0x77, 0x7A, 0x8D, 0x8F, 0x89, 0x86, 0x84, 0x7E, 0x7B, 0x83, 0x7D, 0x76, 0x7C ; file 0E59CB
db 0x82, 0x7D, 0x74, 0x77, 0x73, 0x6F, 0x6F, 0x6D, 0x68, 0x6E, 0x8A, 0x91, 0x8B, 0x89, 0x89, 0x85 ; file 0E59DB
db 0x80, 0x85, 0x7E, 0x77, 0x7E, 0x86, 0x81, 0x79, 0x82, 0x80, 0x7A, 0x78, 0x76, 0x71, 0x73, 0x8A ; file 0E59EB
db 0x90, 0x8A, 0x86, 0x84, 0x7F, 0x7A, 0x83, 0x7F, 0x76, 0x7C, 0x86, 0x81, 0x76, 0x7A, 0x77, 0x72 ; file 0E59FB
db 0x71, 0x71, 0x6B, 0x6F, 0x8F, 0x9D, 0x97, 0x93, 0x93, 0x91, 0x8A, 0x8E, 0x88, 0x7F, 0x84, 0x90 ; file 0E5A0B
db 0x8B, 0x7F, 0x87, 0x88, 0x7F, 0x7C, 0x7A, 0x73, 0x72, 0x89, 0x95, 0x8D, 0x87, 0x85, 0x7F, 0x77 ; file 0E5A1B
db 0x7F, 0x7E, 0x71, 0x74, 0x80, 0x7D, 0x6F, 0x70, 0x6F, 0x68, 0x67, 0x67, 0x61, 0x62, 0x82, 0x98 ; file 0E5A2B
db 0x93, 0x8D, 0x8E, 0x8C, 0x85, 0x88, 0x85, 0x7A, 0x7E, 0x8C, 0x8A, 0x7D, 0x83, 0x88, 0x7F, 0x7B ; file 0E5A3B
db 0x7A, 0x73, 0x70, 0x87, 0x99, 0x92, 0x8B, 0x8A, 0x83, 0x7B, 0x82, 0x84, 0x76, 0x77, 0x84, 0x83 ; file 0E5A4B
db 0x75, 0x73, 0x74, 0x6C, 0x6A, 0x6B, 0x65, 0x64, 0x81, 0xA0, 0x9B, 0x94, 0x95, 0x93, 0x8C, 0x8D ; file 0E5A5B
db 0x8D, 0x7F, 0x80, 0x8F, 0x8F, 0x80, 0x83, 0x8B, 0x80, 0x7B, 0x79, 0x72, 0x6D, 0x80, 0x98, 0x91 ; file 0E5A6B
db 0x89, 0x86, 0x80, 0x76, 0x7A, 0x80, 0x71, 0x6E, 0x7C, 0x7E, 0x6F, 0x6A, 0x6E, 0x65, 0x63, 0x64 ; file 0E5A7B
db 0x5F, 0x5C, 0x77, 0x9D, 0x9B, 0x94, 0x94, 0x94, 0x8D, 0x8D, 0x90, 0x81, 0x80, 0x90, 0x93, 0x85 ; file 0E5A8B
db 0x83, 0x8F, 0x84, 0x7D, 0x7C, 0x76, 0x6F, 0x7E, 0x9C, 0x97, 0x8E, 0x8B, 0x85, 0x7A, 0x7B, 0x84 ; file 0E5A9B
db 0x74, 0x6F, 0x7C, 0x81, 0x73, 0x69, 0x6F, 0x66, 0x62, 0x63, 0x60, 0x5B, 0x70, 0x9E, 0xA0, 0x98 ; file 0E5AAB
db 0x98, 0x97, 0x92, 0x8F, 0x94, 0x84, 0x80, 0x90, 0x95, 0x87, 0x80, 0x8E, 0x84, 0x7C, 0x79, 0x74 ; file 0E5ABB
db 0x6B, 0x76, 0x98, 0x96, 0x8C, 0x87, 0x82, 0x77, 0x74, 0x81, 0x72, 0x6A, 0x76, 0x7E, 0x71, 0x64 ; file 0E5ACB
db 0x6A, 0x62, 0x5E, 0x60, 0x5E, 0x59, 0x6A, 0x9D, 0xA5, 0x9D, 0x9C, 0x9D, 0x98, 0x93, 0x9A, 0x8C ; file 0E5ADB
db 0x84, 0x92, 0x9B, 0x8E, 0x82, 0x91, 0x89, 0x7E, 0x7A, 0x75, 0x6C, 0x72, 0x97, 0x99, 0x8F, 0x89 ; file 0E5AEB
db 0x84, 0x79, 0x72, 0x81, 0x74, 0x68, 0x71, 0x7E, 0x72, 0x62, 0x68, 0x61, 0x5B, 0x5D, 0x5D, 0x57 ; file 0E5AFB
db 0x64, 0x9A, 0xA9, 0xA1, 0x9F, 0xA0, 0x9C, 0x95, 0x9C, 0x8F, 0x83, 0x8F, 0x9B, 0x8F, 0x7E, 0x8C ; file 0E5B0B
db 0x86, 0x7A, 0x74, 0x71, 0x67, 0x6A, 0x90, 0x99, 0x8E, 0x86, 0x83, 0x78, 0x6F, 0x7E, 0x75, 0x66 ; file 0E5B1B
db 0x6D, 0x7D, 0x74, 0x61, 0x65, 0x61, 0x5B, 0x5C, 0x5E, 0x59, 0x62, 0x99, 0xB1, 0xAA, 0xA6, 0xA8 ; file 0E5B2B
db 0xA5, 0x9C, 0xA2, 0x98, 0x89, 0x90, 0x9E, 0x95, 0x80, 0x8A, 0x88, 0x7A, 0x73, 0x70, 0x67, 0x66 ; file 0E5B3B
db 0x8B, 0x9B, 0x90, 0x88, 0x84, 0x7B, 0x6F, 0x7B, 0x77, 0x65, 0x69, 0x7A, 0x74, 0x60, 0x60, 0x5F ; file 0E5B4B
db 0x57, 0x58, 0x5C, 0x57, 0x5D, 0x90, 0xB3, 0xAD, 0xA7, 0xA9, 0xA6, 0x9C, 0xA0, 0x99, 0x86, 0x8A ; file 0E5B5B
db 0x9A, 0x92, 0x7B, 0x80, 0x83, 0x74, 0x6D, 0x6C, 0x64, 0x61, 0x82, 0x9C, 0x92, 0x89, 0x86, 0x7E ; file 0E5B6B
db 0x71, 0x7A, 0x7C, 0x68, 0x68, 0x7A, 0x78, 0x63, 0x60, 0x61, 0x58, 0x5A, 0x5F, 0x5D, 0x60, 0x8F ; file 0E5B7B
db 0xBC, 0xB8, 0xB1, 0xB2, 0xAF, 0xA4, 0xA4, 0xA0, 0x8A, 0x8A, 0x9A, 0x95, 0x7D, 0x7D, 0x83, 0x74 ; file 0E5B8B
db 0x6C, 0x6C, 0x65, 0x61, 0x7D, 0x9F, 0x97, 0x8D, 0x89, 0x80, 0x72, 0x77, 0x7D, 0x66, 0x62, 0x73 ; file 0E5B9B
db 0x74, 0x60, 0x58, 0x5C, 0x53, 0x54, 0x5B, 0x5B, 0x5C, 0x85, 0xBB, 0xBA, 0xB1, 0xB1, 0xAE, 0xA3 ; file 0E5BAB
db 0x9F, 0x9E, 0x86, 0x80, 0x91, 0x90, 0x78, 0x73, 0x7E, 0x6F, 0x69, 0x69, 0x66, 0x61, 0x78, 0xA1 ; file 0E5BBB
db 0x9C, 0x91, 0x8D, 0x84, 0x75, 0x75, 0x80, 0x69, 0x62, 0x72, 0x78, 0x64, 0x58, 0x5F, 0x55, 0x57 ; file 0E5BCB
db 0x60, 0x63, 0x63, 0x87, 0xC3, 0xC6, 0xBC, 0xB9, 0xB5, 0xA9, 0xA1, 0xA3, 0x89, 0x80, 0x8F, 0x92 ; file 0E5BDB
db 0x7C, 0x71, 0x7F, 0x71, 0x6A, 0x6B, 0x6A, 0x64, 0x76, 0xA3, 0xA1, 0x95, 0x8E, 0x84, 0x74, 0x6E ; file 0E5BEB
db 0x7C, 0x66, 0x5A, 0x68, 0x72, 0x61, 0x52, 0x59, 0x50, 0x52, 0x5B, 0x61, 0x61, 0x7D, 0xBE, 0xC6 ; file 0E5BFB
db 0xBB, 0xB6, 0xB1, 0xA5, 0x9A, 0x9D, 0x84, 0x77, 0x84, 0x8D, 0x7A, 0x6A, 0x7A, 0x70, 0x69, 0x6B ; file 0E5C0B
db 0x6D, 0x67, 0x74, 0xA3, 0xA6, 0x98, 0x90, 0x86, 0x75, 0x6D, 0x7C, 0x6A, 0x5B, 0x68, 0x76, 0x69 ; file 0E5C1B
db 0x56, 0x5D, 0x55, 0x56, 0x61, 0x6B, 0x6B, 0x82, 0xC4, 0xD2, 0xC4, 0xBC, 0xB6, 0xA9, 0x9B, 0x9F ; file 0E5C2B
db 0x8A, 0x79, 0x84, 0x92, 0x82, 0x6E, 0x7D, 0x75, 0x6B, 0x6D, 0x70, 0x6B, 0x72, 0xA1, 0xA9, 0x99 ; file 0E5C3B
db 0x8E, 0x84, 0x72, 0x65, 0x74, 0x67, 0x55, 0x5E, 0x71, 0x67, 0x52, 0x58, 0x51, 0x4F, 0x5B, 0x67 ; file 0E5C4B
db 0x69, 0x78, 0xB8, 0xCE, 0xC0, 0xB5, 0xAF, 0xA3, 0x94, 0x98, 0x88, 0x73, 0x7C, 0x8D, 0x81, 0x6B ; file 0E5C5B
db 0x78, 0x74, 0x69, 0x6C, 0x72, 0x6F, 0x71, 0x9D, 0xAC, 0x9B, 0x8F, 0x85, 0x74, 0x66, 0x74, 0x6F ; file 0E5C6B
db 0x5B, 0x61, 0x76, 0x70, 0x5A, 0x5B, 0x57, 0x53, 0x60, 0x70, 0x74, 0x7F, 0xB9, 0xD7, 0xC7, 0xB9 ; file 0E5C7B
db 0xB3, 0xA7, 0x97, 0x9B, 0x91, 0x7A, 0x7F, 0x93, 0x8A, 0x72, 0x79, 0x79, 0x6A, 0x6C, 0x74, 0x72 ; file 0E5C8B
db 0x71, 0x96, 0xAD, 0x9B, 0x8D, 0x83, 0x71, 0x61, 0x6C, 0x6D, 0x57, 0x59, 0x6F, 0x6E, 0x57, 0x54 ; file 0E5C9B
db 0x54, 0x4B, 0x57, 0x68, 0x6E, 0x75, 0xA9, 0xD2, 0xC3, 0xB3, 0xAE, 0xA3, 0x93, 0x95, 0x91, 0x77 ; file 0E5CAB
db 0x78, 0x8D, 0x89, 0x70, 0x72, 0x79, 0x68, 0x68, 0x72, 0x72, 0x6F, 0x91, 0xB0, 0xA0, 0x90, 0x88 ; file 0E5CBB
db 0x78, 0x65, 0x6D, 0x76, 0x5E, 0x5C, 0x73, 0x76, 0x5F, 0x57, 0x5A, 0x4E, 0x56, 0x69, 0x72, 0x78 ; file 0E5CCB
db 0xA7, 0xDC, 0xD0, 0xBD, 0xB7, 0xAC, 0x9B, 0x99, 0x9A, 0x7E, 0x7B, 0x90, 0x91, 0x78, 0x73, 0x7F ; file 0E5CDB
db 0x6B, 0x66, 0x6E, 0x70, 0x6C, 0x87, 0xB1, 0xA4, 0x92, 0x89, 0x7A, 0x64, 0x65, 0x73, 0x5A, 0x54 ; file 0E5CEB
db 0x6A, 0x72, 0x5D, 0x50, 0x57, 0x48, 0x4B, 0x5C, 0x67, 0x6B, 0x93, 0xD4, 0xCE, 0xBB, 0xB4, 0xAB ; file 0E5CFB
db 0x9A, 0x93, 0x99, 0x7E, 0x75, 0x8A, 0x90, 0x78, 0x6E, 0x7F, 0x6C, 0x63, 0x6B, 0x70, 0x6C, 0x81 ; file 0E5D0B
db 0xB2, 0xAA, 0x96, 0x8E, 0x80, 0x6A, 0x66, 0x7A, 0x63, 0x58, 0x6C, 0x7A, 0x66, 0x54, 0x5D, 0x4D ; file 0E5D1B
db 0x4B, 0x5B, 0x69, 0x6D, 0x90, 0xD8, 0xDA, 0xC5, 0xBC, 0xB4, 0xA2, 0x96, 0x9F, 0x85, 0x78, 0x8B ; file 0E5D2B
db 0x96, 0x80, 0x6F, 0x82, 0x71, 0x62, 0x66, 0x6C, 0x68, 0x79, 0xAE, 0xAD, 0x98, 0x8D, 0x81, 0x6A ; file 0E5D3B
db 0x60, 0x74, 0x62, 0x51, 0x62, 0x73, 0x65, 0x4F, 0x58, 0x4A, 0x43, 0x50, 0x5F, 0x63, 0x7E, 0xCC ; file 0E5D4B
db 0xD8, 0xC4, 0xB9, 0xB3, 0xA3, 0x93, 0x9D, 0x87, 0x75, 0x84, 0x94, 0x82, 0x6C, 0x7F, 0x75, 0x63 ; file 0E5D5B
db 0x64, 0x6C, 0x69, 0x74, 0xAB, 0xB3, 0x9E, 0x92, 0x88, 0x73, 0x63, 0x78, 0x6B, 0x57, 0x64, 0x7A ; file 0E5D6B
db 0x6E, 0x55, 0x5C, 0x52, 0x46, 0x4F, 0x60, 0x65, 0x7B, 0xC9, 0xE2, 0xCE, 0xC0, 0xBA, 0xAB, 0x98 ; file 0E5D7B
db 0x9F, 0x8F, 0x79, 0x84, 0x98, 0x8A, 0x70, 0x7F, 0x7A, 0x64, 0x60, 0x67, 0x66, 0x6C, 0xA2, 0xB4 ; file 0E5D8B
db 0xA0, 0x91, 0x88, 0x74, 0x60, 0x70, 0x6A, 0x53, 0x5A, 0x72, 0x6C, 0x52, 0x55, 0x50, 0x41, 0x45 ; file 0E5D9B
db 0x55, 0x5C, 0x6D, 0xB8, 0xDF, 0xCE, 0xBD, 0xB9, 0xAC, 0x97, 0x9C, 0x92, 0x78, 0x7E, 0x95, 0x8C ; file 0E5DAB
db 0x70, 0x7B, 0x7E, 0x67, 0x5F, 0x66, 0x67, 0x6A, 0x9C, 0xB9, 0xA7, 0x95, 0x8E, 0x7C, 0x65, 0x71 ; file 0E5DBB
db 0x74, 0x5A, 0x5C, 0x76, 0x74, 0x5A, 0x58, 0x57, 0x46, 0x46, 0x55, 0x5D, 0x6B, 0xB1, 0xE6, 0xD8 ; file 0E5DCB
db 0xC5, 0xC0, 0xB4, 0x9E, 0x9C, 0x98, 0x7D, 0x7E, 0x96, 0x92, 0x75, 0x79, 0x82, 0x6A, 0x5D, 0x61 ; file 0E5DDB
db 0x63, 0x64, 0x8F, 0xB8, 0xA8, 0x95, 0x8E, 0x7D, 0x65, 0x69, 0x72, 0x57, 0x54, 0x6D, 0x71, 0x58 ; file 0E5DEB
db 0x51, 0x56, 0x44, 0x3F, 0x4B, 0x54, 0x5F, 0x9D, 0xDF, 0xD7, 0xC3, 0xBD, 0xB4, 0x9F, 0x99, 0x9A ; file 0E5DFB
db 0x7E, 0x7A, 0x92, 0x93, 0x77, 0x74, 0x83, 0x6E, 0x5E, 0x60, 0x63, 0x63, 0x88, 0xBA, 0xAF, 0x9B ; file 0E5E0B
db 0x92, 0x84, 0x6C, 0x6A, 0x79, 0x5F, 0x58, 0x6F, 0x78, 0x61, 0x54, 0x5C, 0x4A, 0x42, 0x4A, 0x55 ; file 0E5E1B
db 0x5E, 0x94, 0xE1, 0xE0, 0xCB, 0xC3, 0xBA, 0xA7, 0x9A, 0x9F, 0x83, 0x7B, 0x91, 0x98, 0x7E, 0x73 ; file 0E5E2B
db 0x86, 0x72, 0x5F, 0x5C, 0x5F, 0x5E, 0x7B, 0xB6, 0xB0, 0x9C, 0x92, 0x85, 0x6E, 0x64, 0x76, 0x5E ; file 0E5E3B
db 0x52, 0x66, 0x74, 0x60, 0x4F, 0x59, 0x49, 0x3E, 0x42, 0x4D, 0x54, 0x7F, 0xD6, 0xDD, 0xCB, 0xC1 ; file 0E5E4B
db 0xBA, 0xA9, 0x99, 0x9F, 0x85, 0x79, 0x8C, 0x98, 0x81, 0x70, 0x85, 0x76, 0x62, 0x5C, 0x5F, 0x5E ; file 0E5E5B
db 0x75, 0xB4, 0xB6, 0xA2, 0x96, 0x8B, 0x75, 0x67, 0x7A, 0x66, 0x56, 0x67, 0x7A, 0x69, 0x53, 0x5D ; file 0E5E6B
db 0x4E, 0x42, 0x42, 0x4C, 0x53, 0x78, 0xD2, 0xE5, 0xD3, 0xC7, 0xC0, 0xB0, 0x9C, 0xA1, 0x8B, 0x7A ; file 0E5E7B
db 0x8A, 0x9B, 0x88, 0x71, 0x86, 0x7A, 0x65, 0x5A, 0x5B, 0x59, 0x6A, 0xAB, 0xB6, 0xA3, 0x96, 0x8C ; file 0E5E8B
db 0x77, 0x65, 0x75, 0x66, 0x52, 0x5E, 0x74, 0x68, 0x4F, 0x58, 0x4E, 0x40, 0x3D, 0x44, 0x4A, 0x67 ; file 0E5E9B
db 0xC2, 0xE2, 0xD3, 0xC5, 0xC0, 0xB2, 0x9D, 0xA1, 0x8F, 0x7A, 0x86, 0x9B, 0x8B, 0x70, 0x82, 0x7E ; file 0E5EAB
db 0x68, 0x5C, 0x5B, 0x59, 0x65, 0xA4, 0xBB, 0xA9, 0x9A, 0x91, 0x7E, 0x69, 0x77, 0x6E, 0x57, 0x5F ; file 0E5EBB
db 0x78, 0x70, 0x55, 0x5A, 0x54, 0x44, 0x3F, 0x44, 0x49, 0x60, 0xB7, 0xE7, 0xDA, 0xCB, 0xC5, 0xB9 ; file 0E5ECB
db 0xA2, 0xA2, 0x94, 0x7C, 0x84, 0x9B, 0x91, 0x74, 0x81, 0x83, 0x6B, 0x5D, 0x58, 0x55, 0x5D, 0x96 ; file 0E5EDB
db 0xBA, 0xAB, 0x9B, 0x92, 0x80, 0x69, 0x72, 0x6F, 0x55, 0x58, 0x71, 0x6E, 0x54, 0x54, 0x54, 0x44 ; file 0E5EEB
db 0x3D, 0x3F, 0x42, 0x54, 0xA3, 0xE1, 0xD9, 0xCA, 0xC4, 0xBA, 0xA5, 0xA1, 0x98, 0x7D, 0x81, 0x99 ; file 0E5EFB
db 0x94, 0x76, 0x7B, 0x85, 0x6E, 0x60, 0x5A, 0x56, 0x5A, 0x8E, 0xBC, 0xB0, 0x9F, 0x96, 0x86, 0x6F ; file 0E5F0B
db 0x72, 0x77, 0x5B, 0x5A, 0x73, 0x75, 0x5B, 0x55, 0x5A, 0x48, 0x40, 0x40, 0x41, 0x4E, 0x95, 0xE1 ; file 0E5F1B
db 0xDF, 0xD0, 0xCA, 0xBF, 0xAB, 0xA2, 0x9D, 0x80, 0x7F, 0x98, 0x98, 0x7B, 0x79, 0x89, 0x73, 0x62 ; file 0E5F2B
db 0x59, 0x53, 0x53, 0x7F, 0xB8, 0xB0, 0xA0, 0x97, 0x88, 0x71, 0x6E, 0x78, 0x5A, 0x54, 0x6C, 0x73 ; file 0E5F3B
db 0x5C, 0x50, 0x59, 0x48, 0x3F, 0x3D, 0x3C, 0x45, 0x81, 0xD8, 0xDD, 0xCE, 0xC8, 0xBF, 0xAD, 0xA1 ; file 0E5F4B
db 0xA1, 0x82, 0x7D, 0x95, 0x9A, 0x7E, 0x75, 0x89, 0x75, 0x64, 0x5B, 0x54, 0x52, 0x75, 0xB6, 0xB5 ; file 0E5F5B
db 0xA4, 0x9A, 0x8D, 0x76, 0x6F, 0x7D, 0x60, 0x56, 0x6C, 0x78, 0x63, 0x52, 0x5D, 0x4C, 0x42, 0x3F ; file 0E5F6B
db 0x3C, 0x40, 0x73, 0xD3, 0xE1, 0xD4, 0xCD, 0xC5, 0xB3, 0xA4, 0xA5, 0x86, 0x7C, 0x92, 0x9D, 0x85 ; file 0E5F7B
db 0x74, 0x8B, 0x7A, 0x67, 0x5C, 0x53, 0x4E, 0x69, 0xAD, 0xB5, 0xA5, 0x9C, 0x8F, 0x7A, 0x6E, 0x7D ; file 0E5F8B
db 0x63, 0x53, 0x65, 0x75, 0x64, 0x4F, 0x5A, 0x4D, 0x42, 0x3E, 0x3A, 0x3A, 0x61, 0xC4, 0xDE, 0xD3 ; file 0E5F9B
db 0xCC, 0xC5, 0xB6, 0xA4, 0xA7, 0x8B, 0x7B, 0x8F, 0x9D, 0x89, 0x72, 0x88, 0x7D, 0x69, 0x5F, 0x55 ; file 0E5FAB
db 0x4D, 0x60, 0xA6, 0xB7, 0xA9, 0x9E, 0x93, 0x7F, 0x6E, 0x7F, 0x69, 0x55, 0x64, 0x79, 0x6B, 0x52 ; file 0E5FBB
db 0x5C, 0x51, 0x44, 0x40, 0x3B, 0x37, 0x56, 0xB7, 0xDF, 0xD8, 0xCF, 0xCA, 0xBB, 0xA7, 0xAA, 0x91 ; file 0E5FCB
db 0x7C, 0x8B, 0x9F, 0x8E, 0x75, 0x88, 0x82, 0x6D, 0x61, 0x57, 0x4B, 0x56, 0x9A, 0xB6, 0xA9, 0x9F ; file 0E5FDB
db 0x96, 0x83, 0x6F, 0x7E, 0x6E, 0x54, 0x5E, 0x75, 0x6B, 0x51, 0x58, 0x53, 0x45, 0x40, 0x3C, 0x33 ; file 0E5FEB
db 0x49, 0xA5, 0xDB, 0xD6, 0xCD, 0xCA, 0xBD, 0xA9, 0xAA, 0x97, 0x7D, 0x87, 0x9F, 0x92, 0x75, 0x83 ; file 0E5FFB
db 0x85, 0x6E, 0x62, 0x59, 0x4B, 0x51, 0x8F, 0xB7, 0xAD, 0xA1, 0x99, 0x87, 0x71, 0x7C, 0x75, 0x57 ; file 0E600B
db 0x5C, 0x77, 0x71, 0x56, 0x57, 0x57, 0x47, 0x41, 0x3E, 0x32, 0x40, 0x93, 0xD9, 0xD9, 0xD1, 0xCF ; file 0E601B
db 0xC3, 0xAE, 0xAB, 0x9E, 0x7E, 0x84, 0x9E, 0x97, 0x79, 0x80, 0x8A, 0x73, 0x65, 0x5C, 0x4C, 0x4A ; file 0E602B
db 0x7F, 0xB4, 0xAD, 0xA1, 0x9C, 0x8B, 0x74, 0x7B, 0x7B, 0x59, 0x58, 0x72, 0x72, 0x58, 0x53, 0x58 ; file 0E603B
db 0x48, 0x42, 0x3F, 0x33, 0x37, 0x80, 0xD1, 0xD6, 0xCE, 0xCE, 0xC4, 0xB0, 0xAB, 0xA4, 0x82, 0x81 ; file 0E604B
db 0x9C, 0x9B, 0x7C, 0x7B, 0x8B, 0x75, 0x66, 0x5E, 0x4F, 0x47, 0x74, 0xB1, 0xAF, 0xA3, 0x9E, 0x8F ; file 0E605B
db 0x77, 0x78, 0x80, 0x5E, 0x57, 0x70, 0x77, 0x5D, 0x52, 0x5B, 0x4A, 0x42, 0x40, 0x34, 0x31, 0x6D ; file 0E606B
db 0xCB, 0xD7, 0xD1, 0xD1, 0xC9, 0xB5, 0xAB, 0xAA, 0x86, 0x7E, 0x99, 0x9E, 0x83, 0x7A, 0x8E, 0x7A ; file 0E607B
db 0x69, 0x61, 0x52, 0x45, 0x66, 0xAB, 0xAF, 0xA4, 0x9F, 0x94, 0x7C, 0x77, 0x85, 0x63, 0x55, 0x6B ; file 0E608B
db 0x77, 0x60, 0x4F, 0x5B, 0x4C, 0x43, 0x41, 0x37, 0x2D, 0x5C, 0xBF, 0xD4, 0xCF, 0xCF, 0xCA, 0xB8 ; file 0E609B
db 0xAB, 0xAE, 0x8C, 0x7E, 0x95, 0xA0, 0x87, 0x77, 0x8D, 0x7C, 0x6A, 0x61, 0x55, 0x44, 0x5C, 0xA4 ; file 0E60AB
db 0xAF, 0xA5, 0xA0, 0x96, 0x7F, 0x74, 0x86, 0x68, 0x55, 0x67, 0x79, 0x65, 0x50, 0x5C, 0x4E, 0x44 ; file 0E60BB
db 0x41, 0x39, 0x2B, 0x4D, 0xB2, 0xD2, 0xD0, 0xD1, 0xCE, 0xBF, 0xAD, 0xB1, 0x92, 0x7D, 0x91, 0xA2 ; file 0E60CB
db 0x8C, 0x77, 0x8D, 0x82, 0x6E, 0x64, 0x5A, 0x46, 0x52, 0x99, 0xAE, 0xA6, 0xA1, 0x9A, 0x85, 0x75 ; file 0E60DB
db 0x88, 0x71, 0x56, 0x63, 0x79, 0x69, 0x50, 0x5A, 0x51, 0x45, 0x42, 0x3C, 0x2C, 0x41, 0xA0, 0xCE ; file 0E60EB
db 0xCE, 0xCE, 0xCF, 0xC2, 0xAD, 0xB2, 0x99, 0x7F, 0x8D, 0xA2, 0x92, 0x76, 0x89, 0x84, 0x6E, 0x64 ; file 0E60FB
db 0x5B, 0x48, 0x4A, 0x8D, 0xAD, 0xA6, 0xA1, 0x9C, 0x89, 0x74, 0x85, 0x76, 0x57, 0x5F, 0x78, 0x6E ; file 0E610B
db 0x52, 0x58, 0x53, 0x46, 0x42, 0x3D, 0x2D, 0x35, 0x8F, 0xCA, 0xCD, 0xCE, 0xD1, 0xC7, 0xB1, 0xB3 ; file 0E611B
db 0xA0, 0x81, 0x88, 0xA2, 0x97, 0x79, 0x88, 0x89, 0x74, 0x67, 0x60, 0x4D, 0x46, 0x80, 0xAB, 0xA7 ; file 0E612B
db 0xA1, 0x9F, 0x8F, 0x79, 0x85, 0x7F, 0x5D, 0x5D, 0x77, 0x71, 0x55, 0x56, 0x56, 0x48, 0x43, 0x41 ; file 0E613B
db 0x31, 0x30, 0x7D, 0xC4, 0xCB, 0xCB, 0xD0, 0xC9, 0xB3, 0xB2, 0xA7, 0x85, 0x86, 0xA0, 0x9B, 0x7C ; file 0E614B
db 0x82, 0x8B, 0x74, 0x67, 0x60, 0x50, 0x43, 0x73, 0xA8, 0xA6, 0xA0, 0x9F, 0x92, 0x7A, 0x80, 0x82 ; file 0E615B
db 0x5F, 0x59, 0x73, 0x74, 0x58, 0x53, 0x58, 0x48, 0x42, 0x40, 0x32, 0x2A, 0x69, 0xBC, 0xC8, 0xC9 ; file 0E616B
db 0xD1, 0xCD, 0xB9, 0xB3, 0xAC, 0x89, 0x83, 0x9D, 0x9E, 0x81, 0x80, 0x90, 0x7A, 0x6B, 0x64, 0x55 ; file 0E617B
db 0x44, 0x67, 0xA3, 0xA6, 0xA0, 0xA1, 0x97, 0x80, 0x80, 0x8B, 0x67, 0x5A, 0x71, 0x78, 0x5D, 0x51 ; file 0E618B
db 0x5A, 0x4B, 0x45, 0x43, 0x37, 0x2B, 0x5B, 0xB4, 0xC5, 0xC6, 0xCF, 0xCE, 0xBC, 0xB2, 0xB2, 0x8F ; file 0E619B
db 0x83, 0x9B, 0xA1, 0x86, 0x7C, 0x90, 0x7B, 0x6A, 0x63, 0x56, 0x44, 0x5B, 0x9C, 0xA4, 0x9F, 0xA0 ; file 0E61AB
db 0x97, 0x81, 0x7B, 0x8B, 0x6A, 0x58, 0x6B, 0x78, 0x61, 0x4F, 0x5A, 0x4B, 0x43, 0x41, 0x38, 0x29 ; file 0E61BB
db 0x4A, 0xA7, 0xC0, 0xC3, 0xCD, 0xD0, 0xC2, 0xB3, 0xB6, 0x95, 0x83, 0x96, 0xA2, 0x8B, 0x7B, 0x92 ; file 0E61CB
db 0x81, 0x6F, 0x67, 0x5C, 0x49, 0x54, 0x95, 0xA3, 0x9F, 0xA0, 0x9C, 0x89, 0x7D, 0x90, 0x74, 0x5D ; file 0E61DB
db 0x6A, 0x7B, 0x67, 0x50, 0x5B, 0x4F, 0x46, 0x44, 0x3D, 0x2D, 0x42, 0x9D, 0xBD, 0xC1, 0xCA, 0xCF ; file 0E61EB
db 0xC5, 0xB4, 0xB8, 0x9B, 0x86, 0x94, 0xA4, 0x91, 0x7A, 0x8F, 0x82, 0x6F, 0x66, 0x5C, 0x4A, 0x4D ; file 0E61FB
db 0x8A, 0xA0, 0x9C, 0x9E, 0x9B, 0x8A, 0x7A, 0x8C, 0x76, 0x5C, 0x64, 0x78, 0x6A, 0x50, 0x59, 0x4F ; file 0E620B
db 0x45, 0x42, 0x3D, 0x2C, 0x36, 0x8B, 0xB6, 0xBC, 0xC6, 0xCF, 0xC9, 0xB6, 0xBA, 0xA1, 0x87, 0x90 ; file 0E621B
db 0xA3, 0x95, 0x7B, 0x8E, 0x88, 0x74, 0x6A, 0x62, 0x50, 0x4B, 0x82, 0x9F, 0x9C, 0x9D, 0x9E, 0x91 ; file 0E622B
db 0x7F, 0x8F, 0x81, 0x63, 0x65, 0x7A, 0x70, 0x54, 0x59, 0x54, 0x47, 0x45, 0x42, 0x32, 0x34, 0x7E ; file 0E623B
db 0xB3, 0xBA, 0xC2, 0xCE, 0xCB, 0xB9, 0xBA, 0xA8, 0x8C, 0x8F, 0xA3, 0x99, 0x7D, 0x8A, 0x8B, 0x74 ; file 0E624B
db 0x68, 0x61, 0x51, 0x47, 0x75, 0x9B, 0x99, 0x9A, 0x9C, 0x91, 0x7D, 0x88, 0x82, 0x62, 0x60, 0x75 ; file 0E625B
db 0x70, 0x55, 0x55, 0x54, 0x46, 0x42, 0x40, 0x31, 0x2D, 0x6D, 0xAA, 0xB4, 0xBC, 0xCB, 0xCC, 0xBC ; file 0E626B
db 0xBA, 0xAD, 0x8E, 0x8D, 0xA1, 0x9C, 0x80, 0x88, 0x90, 0x7A, 0x6D, 0x67, 0x57, 0x4A, 0x6E, 0x9A ; file 0E627B
db 0x99, 0x99, 0x9E, 0x97, 0x83, 0x8B, 0x8D, 0x6B, 0x64, 0x78, 0x77, 0x5C, 0x56, 0x59, 0x4A, 0x46 ; file 0E628B
db 0x45, 0x38, 0x30, 0x63, 0xA8, 0xB2, 0xB9, 0xC9, 0xCC, 0xBF, 0xBA, 0xB4, 0x94, 0x8E, 0xA1, 0x9F ; file 0E629B
db 0x84, 0x84, 0x91, 0x7B, 0x6C, 0x65, 0x57, 0x48, 0x63, 0x95, 0x95, 0x95, 0x9B, 0x96, 0x82, 0x84 ; file 0E62AB
db 0x8C, 0x6B, 0x60, 0x72, 0x75, 0x5C, 0x51, 0x58, 0x48, 0x43, 0x42, 0x36, 0x2B, 0x53, 0x9C, 0xAA ; file 0E62BB
db 0xB2, 0xC3, 0xCB, 0xC1, 0xBA, 0xB8, 0x97, 0x8D, 0x9E, 0xA1, 0x88, 0x81, 0x94, 0x80, 0x70, 0x6A ; file 0E62CB
db 0x5D, 0x4D, 0x5F, 0x93, 0x95, 0x94, 0x9B, 0x9A, 0x8A, 0x87, 0x95, 0x75, 0x66, 0x75, 0x7C, 0x64 ; file 0E62DB
db 0x54, 0x5C, 0x4D, 0x46, 0x46, 0x3E, 0x30, 0x4D, 0x9A, 0xAA, 0xB0, 0xC0, 0xCB, 0xC4, 0xBB, 0xBD ; file 0E62EB
db 0x9D, 0x8F, 0x9E, 0xA4, 0x8E, 0x80, 0x94, 0x82, 0x70, 0x68, 0x5D, 0x4C, 0x57, 0x8B, 0x92, 0x90 ; file 0E62FB
db 0x97, 0x97, 0x89, 0x81, 0x92, 0x75, 0x62, 0x6D, 0x78, 0x64, 0x50, 0x59, 0x4C, 0x43, 0x42, 0x3B ; file 0E630B
db 0x2C, 0x40, 0x8C, 0xA2, 0xA7, 0xB8, 0xC7, 0xC5, 0xBA, 0xBF, 0xA2, 0x8E, 0x9B, 0xA4, 0x91, 0x7E ; file 0E631B
db 0x95, 0x87, 0x75, 0x6C, 0x63, 0x51, 0x55, 0x8A, 0x93, 0x8F, 0x96, 0x9A, 0x90, 0x85, 0x98, 0x81 ; file 0E632B
db 0x69, 0x72, 0x7F, 0x6D, 0x55, 0x5D, 0x51, 0x47, 0x46, 0x42, 0x33, 0x3E, 0x88, 0xA4, 0xA7, 0xB5 ; file 0E633B
db 0xC6, 0xC7, 0xBC, 0xC2, 0xA9, 0x92, 0x9B, 0xA8, 0x96, 0x7F, 0x93, 0x8A, 0x75, 0x6B, 0x63, 0x51 ; file 0E634B
db 0x4F, 0x81, 0x90, 0x8B, 0x90, 0x96, 0x8E, 0x80, 0x92, 0x82, 0x65, 0x6A, 0x7B, 0x6C, 0x52, 0x58 ; file 0E635B
db 0x50, 0x44, 0x42, 0x3F, 0x30, 0x33, 0x79, 0x9C, 0x9E, 0xAB, 0xBF, 0xC5, 0xBB, 0xC1, 0xAD, 0x93 ; file 0E636B
db 0x98, 0xA7, 0x98, 0x7F, 0x90, 0x8F, 0x7A, 0x6E, 0x68, 0x57, 0x51, 0x7D, 0x93, 0x8B, 0x8F, 0x98 ; file 0E637B
db 0x94, 0x86, 0x96, 0x8D, 0x6F, 0x6F, 0x82, 0x76, 0x5A, 0x5B, 0x58, 0x49, 0x46, 0x46, 0x38, 0x36 ; file 0E638B
db 0x74, 0xA1, 0xA0, 0xA8, 0xBD, 0xC6, 0xBE, 0xC2, 0xB5, 0x97, 0x98, 0xAA, 0x9F, 0x82, 0x8D, 0x92 ; file 0E639B
db 0x7B, 0x6D, 0x67, 0x57, 0x4C, 0x72, 0x92, 0x87, 0x88, 0x93, 0x91, 0x82, 0x8D, 0x8D, 0x6C, 0x68 ; file 0E63AB
db 0x7C, 0x74, 0x57, 0x54, 0x56, 0x46, 0x41, 0x41, 0x35, 0x2D, 0x61, 0x99, 0x97, 0x9D, 0xB4, 0xC1 ; file 0E63BB
db 0xBC, 0xC0, 0xBA, 0x99, 0x95, 0xA9, 0xA1, 0x83, 0x88, 0x95, 0x7F, 0x71, 0x6C, 0x5E, 0x50, 0x6E ; file 0E63CB
db 0x96, 0x8A, 0x87, 0x93, 0x94, 0x88, 0x90, 0x99, 0x76, 0x6E, 0x82, 0x7F, 0x61, 0x58, 0x5E, 0x4C ; file 0E63DB
db 0x47, 0x47, 0x3D, 0x33, 0x5D, 0x9E, 0x9B, 0x9D, 0xB2, 0xC1, 0xBF, 0xC0, 0xC1, 0x9F, 0x97, 0xAA ; file 0E63EB
db 0xA7, 0x8A, 0x86, 0x98, 0x82, 0x71, 0x6A, 0x5E, 0x4D, 0x63, 0x93, 0x87, 0x81, 0x8C, 0x90, 0x85 ; file 0E63FB
db 0x87, 0x97, 0x75, 0x67, 0x79, 0x7C, 0x5F, 0x50, 0x5A, 0x49, 0x42, 0x41, 0x39, 0x2C, 0x4C, 0x94 ; file 0E640B
db 0x94, 0x92, 0xA7, 0xB9, 0xBC, 0xBC, 0xC3, 0xA2, 0x95, 0xA6, 0xA9, 0x8C, 0x80, 0x99, 0x86, 0x75 ; file 0E641B
db 0x6E, 0x64, 0x53, 0x60, 0x94, 0x8D, 0x81, 0x8B, 0x92, 0x8B, 0x8A, 0x9F, 0x82, 0x6F, 0x7F, 0x87 ; file 0E642B
db 0x6C, 0x56, 0x61, 0x51, 0x47, 0x47, 0x42, 0x34, 0x4A, 0x96, 0x9C, 0x95, 0xA5, 0xB9, 0xBF, 0xBC ; file 0E643B
db 0xC8, 0xAA, 0x98, 0xA7, 0xAF, 0x94, 0x80, 0x99, 0x8B, 0x76, 0x6D, 0x63, 0x51, 0x57, 0x8D, 0x8D ; file 0E644B
db 0x7D, 0x83, 0x8C, 0x87, 0x82, 0x99, 0x82, 0x68, 0x74, 0x82, 0x6A, 0x4F, 0x5A, 0x4E, 0x42, 0x41 ; file 0E645B
db 0x3D, 0x2E, 0x3B, 0x86, 0x96, 0x8B, 0x98, 0xAF, 0xB9, 0xB8, 0xC5, 0xAE, 0x97, 0xA2, 0xAF, 0x98 ; file 0E646B
db 0x7E, 0x95, 0x8F, 0x79, 0x70, 0x69, 0x58, 0x57, 0x8C, 0x95, 0x80, 0x82, 0x8E, 0x8C, 0x86, 0x9D ; file 0E647B
db 0x8F, 0x72, 0x7A, 0x8D, 0x78, 0x58, 0x5F, 0x58, 0x49, 0x47, 0x45, 0x37, 0x3D, 0x85, 0xA1, 0x92 ; file 0E648B
db 0x97, 0xAE, 0xBA, 0xB9, 0xC7, 0xB7, 0x9C, 0xA2, 0xB4, 0xA1, 0x81, 0x94, 0x94, 0x7C, 0x6F, 0x68 ; file 0E649B
db 0x58, 0x51, 0x80, 0x94, 0x7E, 0x7B, 0x86, 0x87, 0x7F, 0x94, 0x8E, 0x6E, 0x6F, 0x84, 0x76, 0x54 ; file 0E64AB
db 0x56, 0x54, 0x44, 0x40, 0x40, 0x32, 0x32, 0x71, 0x9A, 0x8B, 0x8A, 0xA1, 0xB2, 0xB3, 0xC1, 0xBA ; file 0E64BB
db 0x9C, 0x9E, 0xB2, 0xA4, 0x82, 0x8D, 0x96, 0x7F, 0x72, 0x6D, 0x5E, 0x54, 0x7C, 0x9B, 0x86, 0x7C ; file 0E64CB
db 0x87, 0x8B, 0x83, 0x96, 0x9B, 0x7A, 0x76, 0x8D, 0x85, 0x61, 0x5B, 0x5E, 0x4D, 0x47, 0x47, 0x3C ; file 0E64DB
db 0x37, 0x6D, 0xA4, 0x95, 0x8D, 0xA1, 0xB3, 0xB5, 0xC1, 0xC1, 0xA3, 0x9F, 0xB4, 0xAC, 0x89, 0x8B ; file 0E64EB
db 0x9A, 0x83, 0x73, 0x6C, 0x5E, 0x50, 0x70, 0x99, 0x85, 0x75, 0x7E, 0x84, 0x7E, 0x8B, 0x98, 0x77 ; file 0E64FB
db 0x6C, 0x82, 0x80, 0x5E, 0x51, 0x58, 0x48, 0x40, 0x40, 0x36, 0x2D, 0x59, 0x9A, 0x8F, 0x81, 0x93 ; file 0E650B
db 0xA7, 0xAE, 0xB9, 0xC2, 0xA5, 0x9C, 0xB0, 0xAE, 0x8C, 0x85, 0x99, 0x86, 0x76, 0x70, 0x64, 0x55 ; file 0E651B
db 0x6D, 0x9D, 0x8F, 0x7A, 0x7F, 0x86, 0x82, 0x8D, 0xA1, 0x84, 0x75, 0x8A, 0x8F, 0x6E, 0x59, 0x62 ; file 0E652B
db 0x51, 0x48, 0x48, 0x40, 0x35, 0x57, 0xA0, 0x9C, 0x8A, 0x94, 0xA8, 0xB1, 0xB9, 0xC7, 0xAC, 0x9F ; file 0E653B
db 0xB1, 0xB5, 0x96, 0x85, 0x9C, 0x8B, 0x78, 0x6F, 0x64, 0x53, 0x61, 0x97, 0x8F, 0x77, 0x77, 0x7E ; file 0E654B
db 0x7C, 0x81, 0x9B, 0x81, 0x6D, 0x7D, 0x88, 0x6B, 0x50, 0x5A, 0x4C, 0x42, 0x40, 0x3A, 0x2D, 0x45 ; file 0E655B
db 0x90, 0x96, 0x81, 0x85, 0x9A, 0xA7, 0xAF, 0xC3, 0xAD, 0x9D, 0xAC, 0xB5, 0x9B, 0x81, 0x98, 0x8E ; file 0E656B
db 0x7B, 0x72, 0x6A, 0x59, 0x60, 0x98, 0x97, 0x7F, 0x79, 0x80, 0x80, 0x83, 0xA1, 0x8F, 0x79, 0x84 ; file 0E657B
db 0x94, 0x7D, 0x5C, 0x63, 0x57, 0x4B, 0x48, 0x44, 0x37, 0x46, 0x92, 0xA2, 0x8E, 0x8A, 0x9C, 0xAA ; file 0E658B
db 0xB0, 0xC6, 0xB5, 0xA2, 0xAC, 0xBA, 0xA4, 0x86, 0x99, 0x93, 0x7E, 0x72, 0x6A, 0x58, 0x58, 0x8C ; file 0E659B
db 0x96, 0x7E, 0x71, 0x78, 0x79, 0x79, 0x97, 0x8C, 0x72, 0x77, 0x8B, 0x79, 0x56, 0x58, 0x51, 0x44 ; file 0E65AB
db 0x40, 0x3D, 0x30, 0x37, 0x7F, 0x9B, 0x87, 0x7D, 0x8D, 0x9E, 0xA5, 0xBE, 0xB6, 0xA1, 0xA7, 0xB9 ; file 0E65BB
db 0xA7, 0x86, 0x93, 0x93, 0x80, 0x74, 0x6E, 0x5E, 0x59, 0x8A, 0x9F, 0x88, 0x77, 0x7B, 0x7D, 0x7C ; file 0E65CB
db 0x99, 0x99, 0x7E, 0x80, 0x96, 0x8A, 0x65, 0x61, 0x5D, 0x4E, 0x49, 0x47, 0x3A, 0x3C, 0x7D, 0xA7 ; file 0E65DB
db 0x96, 0x86, 0x91, 0xA0, 0xA7, 0xBE, 0xBD, 0xA6, 0xA9, 0xBC, 0xB0, 0x8E, 0x93, 0x98, 0x84, 0x76 ; file 0E65EB
db 0x6E, 0x5E, 0x54, 0x7D, 0x9C, 0x87, 0x73, 0x72, 0x74, 0x73, 0x8C, 0x95, 0x78, 0x74, 0x8A, 0x83 ; file 0E65FB
db 0x60, 0x56, 0x55, 0x46, 0x41, 0x3F, 0x33, 0x2F, 0x68, 0x9D, 0x8E, 0x7C, 0x82, 0x92, 0x9C, 0xB1 ; file 0E660B
db 0xBB, 0xA5, 0xA5, 0xB9, 0xB2, 0x90, 0x8D, 0x98, 0x85, 0x78, 0x71, 0x64, 0x58, 0x7A, 0xA3, 0x91 ; file 0E661B
db 0x7C, 0x76, 0x78, 0x77, 0x8C, 0xA0, 0x85, 0x7F, 0x94, 0x93, 0x72, 0x61, 0x62, 0x52, 0x4B, 0x49 ; file 0E662B
db 0x3F, 0x37, 0x66, 0xA7, 0x9D, 0x89, 0x89, 0x96, 0x9F, 0xB1, 0xC1, 0xAB, 0xA8, 0xBB, 0xB9, 0x9A ; file 0E663B
db 0x8F, 0x9D, 0x8A, 0x7B, 0x72, 0x65, 0x55, 0x6C, 0x9D, 0x90, 0x79, 0x70, 0x6F, 0x6D, 0x7E, 0x99 ; file 0E664B
db 0x7F, 0x74, 0x86, 0x8B, 0x6C, 0x56, 0x59, 0x49, 0x42, 0x40, 0x37, 0x2C, 0x50, 0x98, 0x95, 0x80 ; file 0E665B
db 0x7C, 0x86, 0x92, 0xA2, 0xBB, 0xA9, 0xA3, 0xB6, 0xB9, 0x9C, 0x8B, 0x9B, 0x8B, 0x7C, 0x74, 0x6A ; file 0E666B
db 0x5A, 0x6A, 0xA1, 0x99, 0x83, 0x77, 0x73, 0x72, 0x7F, 0xA0, 0x8C, 0x7F, 0x90, 0x9A, 0x7F, 0x64 ; file 0E667B
db 0x67, 0x56, 0x4D, 0x4B, 0x43, 0x37, 0x51, 0x9E, 0xA3, 0x8F, 0x86, 0x8C, 0x96, 0xA3, 0xBF, 0xB0 ; file 0E668B
db 0xA7, 0xB8, 0xC0, 0xA6, 0x8F, 0x9F, 0x90, 0x7F, 0x76, 0x6A, 0x59, 0x60, 0x97, 0x97, 0x80, 0x72 ; file 0E669B
db 0x6C, 0x69, 0x71, 0x95, 0x87, 0x75, 0x82, 0x8F, 0x79, 0x5A, 0x5D, 0x4D, 0x43, 0x41, 0x3B, 0x2D ; file 0E66AB
db 0x3D, 0x8B, 0x9A, 0x86, 0x7B, 0x7D, 0x87, 0x93, 0xB3, 0xAC, 0xA2, 0xB2, 0xBE, 0xA8, 0x8D, 0x9B ; file 0E66BB
db 0x91, 0x7F, 0x77, 0x6E, 0x5E, 0x60, 0x97, 0xA0, 0x8B, 0x7B, 0x72, 0x6E, 0x72, 0x98, 0x94, 0x80 ; file 0E66CB
db 0x8B, 0x9D, 0x8C, 0x6B, 0x6A, 0x5C, 0x4F, 0x4C, 0x47, 0x39, 0x42, 0x8D, 0xA8, 0x96, 0x88, 0x87 ; file 0E66DB
db 0x8D, 0x96, 0xB4, 0xB4, 0xA7, 0xB3, 0xC4, 0xB2, 0x94, 0x9E, 0x97, 0x83, 0x7A, 0x70, 0x5F, 0x59 ; file 0E66EB
db 0x8A, 0x9D, 0x88, 0x77, 0x6D, 0x66, 0x66, 0x89, 0x8D, 0x77, 0x7D, 0x92, 0x84, 0x62, 0x5E, 0x53 ; file 0E66FB
db 0x44, 0x41, 0x3E, 0x30, 0x32, 0x75, 0x9E, 0x8D, 0x7D, 0x7A, 0x7D, 0x85, 0xA5, 0xAE, 0xA1, 0xAC ; file 0E670B
db 0xC0, 0xB3, 0x94, 0x99, 0x98, 0x83, 0x7A, 0x73, 0x64, 0x5B, 0x87, 0xA5, 0x92, 0x80, 0x76, 0x6C ; file 0E671B
db 0x6A, 0x89, 0x99, 0x83, 0x86, 0x9D, 0x96, 0x75, 0x6C, 0x65, 0x52, 0x4E, 0x4B, 0x3D, 0x3A, 0x75 ; file 0E672B
db 0xAA, 0x9D, 0x8C, 0x87, 0x86, 0x8A, 0xA4, 0xB5, 0xA7, 0xAE, 0xC5, 0xBC, 0x9C, 0x9B, 0xA0, 0x88 ; file 0E673B
db 0x7C, 0x76, 0x65, 0x57, 0x7A, 0xA1, 0x90, 0x7C, 0x71, 0x65, 0x5F, 0x77, 0x91, 0x7B, 0x79, 0x90 ; file 0E674B
db 0x8D, 0x6D, 0x5E, 0x5C, 0x47, 0x41, 0x41, 0x34, 0x2C, 0x5C, 0x9D, 0x93, 0x80, 0x7B, 0x77, 0x7A ; file 0E675B
db 0x91, 0xAB, 0xA0, 0xA5, 0xBF, 0xBC, 0x9D, 0x96, 0xA0, 0x88, 0x7B, 0x77, 0x69, 0x5B, 0x76, 0xA7 ; file 0E676B
db 0x9A, 0x86, 0x7C, 0x6D, 0x64, 0x77, 0x98, 0x87, 0x83, 0x9B, 0x9E, 0x81, 0x6D, 0x6E, 0x57, 0x4F ; file 0E677B
db 0x4E, 0x43, 0x37, 0x5D, 0xA6, 0xA3, 0x90, 0x8A, 0x84, 0x81, 0x92, 0xB0, 0xA6, 0xA8, 0xC1, 0xC5 ; file 0E678B
db 0xA7, 0x99, 0xA7, 0x90, 0x7F, 0x79, 0x6C, 0x5A, 0x6A, 0x9F, 0x97, 0x82, 0x77, 0x69, 0x5B, 0x67 ; file 0E679B
db 0x8D, 0x7E, 0x76, 0x8B, 0x94, 0x78, 0x60, 0x63, 0x4D, 0x42, 0x41, 0x39, 0x2B, 0x46, 0x94, 0x99 ; file 0E67AB
db 0x85, 0x7D, 0x77, 0x72, 0x7E, 0xA2, 0x9D, 0x9F, 0xB8, 0xC3, 0xA8, 0x94, 0xA5, 0x90, 0x7D, 0x78 ; file 0E67BB
db 0x70, 0x5E, 0x68, 0xA1, 0xA1, 0x8D, 0x80, 0x74, 0x63, 0x68, 0x90, 0x8A, 0x80, 0x94, 0xA4, 0x8D ; file 0E67CB
db 0x70, 0x74, 0x5F, 0x50, 0x4E, 0x49, 0x39, 0x4A, 0x99, 0xA9, 0x96, 0x8D, 0x87, 0x7E, 0x82, 0xA5 ; file 0E67DB
db 0xA5, 0xA3, 0xBA, 0xCB, 0xB3, 0x9A, 0xAA, 0x9A, 0x82, 0x7B, 0x73, 0x5F, 0x60, 0x96, 0x9E, 0x89 ; file 0E67EB
db 0x7B, 0x6F, 0x5D, 0x5A, 0x81, 0x82, 0x74, 0x84, 0x98, 0x85, 0x64, 0x67, 0x56, 0x44, 0x41, 0x3E ; file 0E67FB
db 0x2E, 0x37, 0x81, 0x9D, 0x8B, 0x7E, 0x7B, 0x70, 0x6F, 0x93, 0x9B, 0x98, 0xAF, 0xC7, 0xB4, 0x97 ; file 0E680B
db 0xA4, 0x9B, 0x82, 0x79, 0x74, 0x63, 0x60, 0x93, 0xA7, 0x93, 0x84, 0x7B, 0x67, 0x5E, 0x82, 0x8C ; file 0E681B
db 0x7F, 0x8C, 0xA5, 0x99, 0x77, 0x76, 0x6A, 0x54, 0x4F, 0x4D, 0x3D, 0x3F, 0x83, 0xAC, 0x9D, 0x8F ; file 0E682B
db 0x8B, 0x80, 0x78, 0x95, 0xA2, 0x9E, 0xB1, 0xCC, 0xBF, 0x9F, 0xA7, 0xA5, 0x8A, 0x7C, 0x78, 0x67 ; file 0E683B
db 0x5C, 0x88, 0xA4, 0x90, 0x7E, 0x76, 0x63, 0x54, 0x70, 0x82, 0x73, 0x7C, 0x97, 0x90, 0x6C, 0x66 ; file 0E684B
db 0x60, 0x48, 0x41, 0x40, 0x33, 0x2E, 0x69, 0x9E, 0x91, 0x80, 0x7D, 0x73, 0x68, 0x7F, 0x95, 0x91 ; file 0E685B
db 0xA4, 0xC4, 0xBF, 0x9F, 0xA0, 0xA5, 0x8A, 0x7A, 0x77, 0x6A, 0x5D, 0x82, 0xAA, 0x9A, 0x88, 0x80 ; file 0E686B
db 0x6F, 0x5C, 0x70, 0x8B, 0x7D, 0x84, 0xA2, 0xA2, 0x82, 0x75, 0x75, 0x5B, 0x50, 0x4F, 0x44, 0x3A ; file 0E687B
db 0x6B, 0xAB, 0xA2, 0x92, 0x8E, 0x85, 0x75, 0x82, 0x9D, 0x98, 0xA6, 0xC7, 0xC9, 0xA9, 0xA3, 0xAE ; file 0E688B
db 0x93, 0x7F, 0x7A, 0x6E, 0x5D, 0x77, 0xA6, 0x97, 0x83, 0x7A, 0x6B, 0x55, 0x5F, 0x7F, 0x72, 0x75 ; file 0E689B
db 0x91, 0x98, 0x79, 0x65, 0x69, 0x50, 0x42, 0x40, 0x38, 0x2B, 0x51, 0x9A, 0x96, 0x84, 0x7F, 0x78 ; file 0E68AB
db 0x68, 0x6C, 0x8C, 0x8A, 0x98, 0xBB, 0xC6, 0xAA, 0x9C, 0xAC, 0x95, 0x7E, 0x78, 0x70, 0x5F, 0x72 ; file 0E68BB
db 0xA8, 0xA1, 0x8E, 0x84, 0x78, 0x61, 0x61, 0x85, 0x7D, 0x7D, 0x9A, 0xA8, 0x8F, 0x75, 0x7D, 0x65 ; file 0E68CB
db 0x54, 0x50, 0x49, 0x3B, 0x55, 0xA3, 0xA7, 0x96, 0x90, 0x8A, 0x7A, 0x74, 0x93, 0x92, 0x9B, 0xBD ; file 0E68DB
db 0xCE, 0xB6, 0xA0, 0xB2, 0x9E, 0x86, 0x7C, 0x73, 0x62, 0x69, 0xA0, 0x9E, 0x89, 0x7E, 0x72, 0x5C ; file 0E68EB
db 0x54, 0x76, 0x72, 0x6E, 0x88, 0x9C, 0x86, 0x67, 0x6D, 0x59, 0x47, 0x40, 0x3C, 0x2D, 0x3D, 0x8B ; file 0E68FB
db 0x9B, 0x89, 0x80, 0x7C, 0x6D, 0x62, 0x7F, 0x82, 0x8B, 0xAE, 0xC7, 0xB5, 0x9C, 0xAD, 0x9F, 0x85 ; file 0E690B
db 0x79, 0x74, 0x64, 0x67, 0x9E, 0xA7, 0x94, 0x88, 0x7F, 0x6A, 0x5A, 0x7A, 0x7C, 0x77, 0x8F, 0xA9 ; file 0E691B
db 0x9B, 0x7B, 0x7F, 0x6F, 0x5B, 0x52, 0x4D, 0x3F, 0x46, 0x90, 0xAB, 0x9B, 0x91, 0x8E, 0x81, 0x6F ; file 0E692B
db 0x85, 0x8C, 0x90, 0xAF, 0xCD, 0xC1, 0xA4, 0xB1, 0xA9, 0x8E, 0x7E, 0x77, 0x68, 0x63, 0x94, 0xA5 ; file 0E693B
db 0x90, 0x81, 0x78, 0x65, 0x51, 0x69, 0x71, 0x69, 0x7C, 0x9B, 0x91, 0x6E, 0x6D, 0x63, 0x4E, 0x43 ; file 0E694B
db 0x3E, 0x31, 0x32, 0x76, 0x9D, 0x8E, 0x81, 0x7E, 0x74, 0x61, 0x6F, 0x7B, 0x7E, 0x9E, 0xC3, 0xBE ; file 0E695B
db 0xA2, 0xA9, 0xA9, 0x8F, 0x7D, 0x76, 0x69, 0x62, 0x8F, 0xAC, 0x9A, 0x8B, 0x84, 0x73, 0x5D, 0x6C ; file 0E696B
db 0x7B, 0x71, 0x83, 0xA5, 0xA4, 0x84, 0x7E, 0x7A, 0x63, 0x56, 0x50, 0x43, 0x3F, 0x79, 0xAD, 0xA1 ; file 0E697B
db 0x93, 0x91, 0x88, 0x73, 0x78, 0x86, 0x84, 0x9F, 0xC7, 0xC8, 0xAC, 0xAD, 0xB2, 0x99, 0x84, 0x7B ; file 0E698B
db 0x6D, 0x61, 0x84, 0xA9, 0x97, 0x85, 0x7D, 0x6D, 0x56, 0x5D, 0x6F, 0x64, 0x70, 0x94, 0x98, 0x7A ; file 0E699B
db 0x6B, 0x6B, 0x55, 0x47, 0x40, 0x35, 0x2E, 0x5E, 0x9D, 0x93, 0x82, 0x80, 0x78, 0x66, 0x64, 0x74 ; file 0E69AB
db 0x72, 0x8B, 0xB8, 0xC3, 0xAA, 0xA5, 0xB0, 0x99, 0x83, 0x79, 0x6E, 0x62, 0x7D, 0xAD, 0xA0, 0x8F ; file 0E69BB
db 0x88, 0x7A, 0x64, 0x63, 0x79, 0x6D, 0x77, 0x9C, 0xA9, 0x90, 0x7D, 0x81, 0x6B, 0x5C, 0x54, 0x49 ; file 0E69CB
db 0x3E, 0x63, 0xAA, 0xA6, 0x96, 0x93, 0x8C, 0x7A, 0x71, 0x80, 0x7B, 0x8E, 0xBA, 0xCC, 0xB6, 0xAA ; file 0E69DB
db 0xB8, 0xA2, 0x8C, 0x7F, 0x72, 0x63, 0x76, 0xA8, 0x9F, 0x8A, 0x80, 0x74, 0x5E, 0x56, 0x6C, 0x61 ; file 0E69EB
db 0x65, 0x88, 0x9B, 0x84, 0x6C, 0x71, 0x5C, 0x4D, 0x44, 0x39, 0x2D, 0x49, 0x93, 0x98, 0x86, 0x81 ; file 0E69FB
db 0x7C, 0x6D, 0x60, 0x6D, 0x68, 0x79, 0xA7, 0xC2, 0xB3, 0xA3, 0xB4, 0xA2, 0x8B, 0x7D, 0x72, 0x63 ; file 0E6A0B
db 0x70, 0xA8, 0xA7, 0x94, 0x8B, 0x81, 0x6C, 0x60, 0x74, 0x6B, 0x6C, 0x8E, 0xA9, 0x9A, 0x80, 0x86 ; file 0E6A1B
db 0x73, 0x63, 0x59, 0x4E, 0x3F, 0x52, 0x9E, 0xAB, 0x9A, 0x93, 0x90, 0x82, 0x71, 0x7C, 0x74, 0x7E ; file 0E6A2B
db 0xA8, 0xC9, 0xBE, 0xAA, 0xBA, 0xAC, 0x95, 0x84, 0x77, 0x67, 0x6B, 0xA0, 0xA6, 0x91, 0x83, 0x7A ; file 0E6A3B
db 0x66, 0x56, 0x67, 0x60, 0x5C, 0x79, 0x99, 0x8F, 0x71, 0x73, 0x64, 0x53, 0x48, 0x3E, 0x2E, 0x39 ; file 0E6A4B
db 0x83, 0x9B, 0x8B, 0x81, 0x7F, 0x73, 0x61, 0x69, 0x62, 0x68, 0x92, 0xBC, 0xB9, 0xA4, 0xB3, 0xAB ; file 0E6A5B
db 0x94, 0x83, 0x77, 0x67, 0x67, 0x9C, 0xAC, 0x99, 0x8D, 0x86, 0x74, 0x62, 0x70, 0x6C, 0x64, 0x7F ; file 0E6A6B
db 0xA4, 0xA2, 0x86, 0x87, 0x7C, 0x69, 0x5F, 0x54, 0x43, 0x46, 0x8B, 0xAE, 0x9F, 0x93, 0x93, 0x89 ; file 0E6A7B
db 0x76, 0x79, 0x72, 0x70, 0x94, 0xC1, 0xC3, 0xAD, 0xB8, 0xB5, 0x9D, 0x8C, 0x7E, 0x6C, 0x66, 0x93 ; file 0E6A8B
db 0xAB, 0x98, 0x87, 0x7F, 0x6E, 0x5A, 0x63, 0x62, 0x55, 0x69, 0x91, 0x94, 0x78, 0x73, 0x6D, 0x58 ; file 0E6A9B
db 0x4E, 0x44, 0x32, 0x30, 0x6C, 0x9D, 0x90, 0x81, 0x80, 0x78, 0x65, 0x66, 0x62, 0x5B, 0x7B, 0xAE ; file 0E6AAB
db 0xBA, 0xA7, 0xAF, 0xB4, 0x9B, 0x8A, 0x7E, 0x6C, 0x63, 0x8B, 0xB0, 0xA0, 0x90, 0x8A, 0x7C, 0x67 ; file 0E6ABB
db 0x6C, 0x70, 0x5E, 0x6F, 0x9A, 0xA5, 0x8E, 0x86, 0x85, 0x6F, 0x64, 0x5B, 0x49, 0x41, 0x73, 0xAF ; file 0E6ACB
db 0xA5, 0x95, 0x94, 0x8E, 0x7B, 0x77, 0x75, 0x66, 0x7E, 0xB2, 0xC3, 0xB2, 0xB3, 0xBE, 0xA5, 0x93 ; file 0E6ADB
db 0x86, 0x72, 0x64, 0x83, 0xAE, 0x9F, 0x8C, 0x83, 0x75, 0x5F, 0x5F, 0x68, 0x51, 0x5A, 0x84, 0x96 ; file 0E6AEB
db 0x80, 0x72, 0x75, 0x5E, 0x52, 0x4A, 0x38, 0x2C, 0x55, 0x9A, 0x94, 0x83, 0x81, 0x7C, 0x6B, 0x63 ; file 0E6AFB
db 0x66, 0x53, 0x65, 0x9A, 0xB7, 0xAB, 0xA9, 0xBA, 0xA4, 0x91, 0x84, 0x72, 0x62, 0x7B, 0xAF, 0xA6 ; file 0E6B0B
db 0x94, 0x8D, 0x82, 0x6D, 0x69, 0x77, 0x5E, 0x61, 0x8A, 0xA4, 0x96, 0x85, 0x8D, 0x76, 0x69, 0x61 ; file 0E6B1B
db 0x51, 0x40, 0x5E, 0xA9, 0xA9, 0x98, 0x94, 0x91, 0x83, 0x76, 0x7C, 0x63, 0x6C, 0x9D, 0xBE, 0xB7 ; file 0E6B2B
db 0xAE, 0xC3, 0xAE, 0x99, 0x8D, 0x7B, 0x66, 0x74, 0xAC, 0xA6, 0x91, 0x86, 0x7B, 0x67, 0x5C, 0x6D ; file 0E6B3B
db 0x54, 0x50, 0x72, 0x93, 0x89, 0x72, 0x7B, 0x65, 0x56, 0x4F, 0x41, 0x2D, 0x41, 0x8F, 0x99, 0x87 ; file 0E6B4B
db 0x80, 0x7E, 0x72, 0x63, 0x6A, 0x53, 0x54, 0x82, 0xAD, 0xAD, 0xA3, 0xBB, 0xAD, 0x97, 0x8A, 0x7B ; file 0E6B5B
db 0x65, 0x6C, 0xA8, 0xAC, 0x99, 0x8F, 0x87, 0x75, 0x67, 0x7A, 0x65, 0x58, 0x77, 0x9E, 0x9B, 0x86 ; file 0E6B6B
db 0x90, 0x7F, 0x6E, 0x66, 0x5B, 0x44, 0x4E, 0x9B, 0xAF, 0x9D, 0x94, 0x94, 0x89, 0x78, 0x7F, 0x68 ; file 0E6B7B
db 0x5F, 0x85, 0xB4, 0xB8, 0xAB, 0xC1, 0xB9, 0xA0, 0x93, 0x85, 0x6C, 0x6A, 0xA0, 0xAE, 0x98, 0x8A ; file 0E6B8B
db 0x81, 0x6E, 0x5D, 0x6C, 0x5E, 0x49, 0x60, 0x8A, 0x8C, 0x75, 0x7B, 0x6F, 0x5B, 0x53, 0x49, 0x33 ; file 0E6B9B
db 0x33, 0x79, 0x9D, 0x8C, 0x80, 0x80, 0x77, 0x65, 0x6A, 0x5A, 0x49, 0x69, 0x9E, 0xAB, 0xA0, 0xB5 ; file 0E6BAB
db 0xB6, 0x9E, 0x90, 0x84, 0x6D, 0x65, 0x97, 0xB2, 0x9F, 0x92, 0x8C, 0x7C, 0x69, 0x77, 0x71, 0x55 ; file 0E6BBB
db 0x66, 0x93, 0x9D, 0x8A, 0x8D, 0x89, 0x73, 0x6A, 0x63, 0x4D, 0x46, 0x83, 0xB3, 0xA3, 0x95, 0x95 ; file 0E6BCB
db 0x8F, 0x7C, 0x7D, 0x73, 0x5A, 0x6F, 0xA4, 0xB5, 0xAA, 0xBA, 0xC2, 0xA9, 0x98, 0x8D, 0x77, 0x66 ; file 0E6BDB
db 0x8E, 0xB3, 0x9F, 0x8D, 0x85, 0x76, 0x61, 0x68, 0x6A, 0x4A, 0x51, 0x7C, 0x8D, 0x7A, 0x77, 0x79 ; file 0E6BEB
db 0x61, 0x56, 0x50, 0x3C, 0x2E, 0x61, 0x9E, 0x92, 0x81, 0x80, 0x7B, 0x6A, 0x67, 0x64, 0x48, 0x55 ; file 0E6BFB
db 0x89, 0xA5, 0x9E, 0xAB, 0xBD, 0xA6, 0x94, 0x8B, 0x77, 0x64, 0x84, 0xB4, 0xA6, 0x94, 0x8F, 0x82 ; file 0E6C0B
db 0x6E, 0x71, 0x7C, 0x5A, 0x59, 0x83, 0x9A, 0x8E, 0x88, 0x91, 0x7B, 0x6E, 0x69, 0x58, 0x45, 0x6C ; file 0E6C1B
db 0xB1, 0xAA, 0x98, 0x96, 0x92, 0x82, 0x7B, 0x7D, 0x5D, 0x5F, 0x8F, 0xAE, 0xA9, 0xB0, 0xC7, 0xB2 ; file 0E6C2B
db 0x9E, 0x93, 0x81, 0x69, 0x7D, 0xB2, 0xA8, 0x92, 0x89, 0x7C, 0x67, 0x63, 0x72, 0x52, 0x47, 0x6A ; file 0E6C3B
db 0x87, 0x7E, 0x72, 0x7E, 0x69, 0x5A, 0x54, 0x46, 0x30, 0x4B, 0x97, 0x98, 0x84, 0x80, 0x7D, 0x6F ; file 0E6C4B
db 0x65, 0x6B, 0x4E, 0x47, 0x71, 0x99, 0x9C, 0x9F, 0xBE, 0xAF, 0x9A, 0x90, 0x81, 0x69, 0x73, 0xAE ; file 0E6C5B
db 0xAD, 0x99, 0x91, 0x88, 0x75, 0x6D, 0x81, 0x65, 0x53, 0x70, 0x93, 0x91, 0x84, 0x93, 0x83, 0x73 ; file 0E6C6B
db 0x6D, 0x61, 0x4B, 0x59, 0xA7, 0xB0, 0x9C, 0x96, 0x94, 0x88, 0x7B, 0x83, 0x67, 0x58, 0x78, 0xA2 ; file 0E6C7B
db 0xA7, 0xA6, 0xC5, 0xBB, 0xA5, 0x98, 0x8B, 0x72, 0x72, 0xAA, 0xAF, 0x99, 0x8C, 0x82, 0x6E, 0x61 ; file 0E6C8B
db 0x73, 0x5E, 0x46, 0x59, 0x7E, 0x7F, 0x6F, 0x7E, 0x71, 0x5F, 0x57, 0x4E, 0x37, 0x3C, 0x85, 0x9D ; file 0E6C9B
db 0x8A, 0x7F, 0x7E, 0x75, 0x66, 0x6D, 0x58, 0x43, 0x5C, 0x8A, 0x96, 0x95, 0xB7, 0xB6, 0xA2, 0x94 ; file 0E6CAB
db 0x89, 0x72, 0x6B, 0xA1, 0xB2, 0x9F, 0x93, 0x8D, 0x7C, 0x6C, 0x7F, 0x72, 0x55, 0x61, 0x89, 0x90 ; file 0E6CBB
db 0x82, 0x90, 0x8B, 0x79, 0x70, 0x69, 0x54, 0x50, 0x93, 0xB4, 0xA4, 0x96, 0x96, 0x8E, 0x7D, 0x83 ; file 0E6CCB
db 0x72, 0x58, 0x66, 0x93, 0xA2, 0x9E, 0xBB, 0xC2, 0xAD, 0x9D, 0x92, 0x7C, 0x6E, 0x9A, 0xB4, 0xA1 ; file 0E6CDB
db 0x90, 0x88, 0x76, 0x63, 0x70, 0x6A, 0x4B, 0x4D, 0x72, 0x7E, 0x6F, 0x78, 0x78, 0x65, 0x5A, 0x54 ; file 0E6CEB
db 0x40, 0x36, 0x6F, 0x9F, 0x90, 0x80, 0x7F, 0x79, 0x68, 0x6B, 0x62, 0x46, 0x4D, 0x77, 0x8E, 0x8D ; file 0E6CFB
db 0xA9, 0xBB, 0xA9, 0x99, 0x8F, 0x7C, 0x6B, 0x8F, 0xB4, 0xA6, 0x96, 0x90, 0x83, 0x6F, 0x79, 0x7D ; file 0E6D0B
db 0x5D, 0x58, 0x7B, 0x8D, 0x81, 0x88, 0x91, 0x7F, 0x74, 0x6E, 0x5D, 0x4F, 0x7D, 0xB5, 0xAA, 0x98 ; file 0E6D1B
db 0x96, 0x92, 0x81, 0x80, 0x7D, 0x5E, 0x5C, 0x82, 0x99, 0x98, 0xAD, 0xC5, 0xB4, 0xA3, 0x98, 0x86 ; file 0E6D2B
db 0x71, 0x8A, 0xB5, 0xA8, 0x95, 0x8C, 0x7D, 0x67, 0x6A, 0x74, 0x53, 0x49, 0x64, 0x78, 0x6F, 0x6F ; file 0E6D3B
db 0x7D, 0x6B, 0x5F, 0x58, 0x49, 0x37, 0x59, 0x9B, 0x95, 0x83, 0x7F, 0x7B, 0x6C, 0x68, 0x6A, 0x4C ; file 0E6D4B
db 0x46, 0x65, 0x82, 0x84, 0x97, 0xBA, 0xAE, 0x9F, 0x94, 0x85, 0x6F, 0x80, 0xB2, 0xAB, 0x9A, 0x93 ; file 0E6D5B
db 0x88, 0x75, 0x74, 0x85, 0x66, 0x58, 0x6D, 0x86, 0x81, 0x7F, 0x93, 0x84, 0x79, 0x72, 0x65, 0x53 ; file 0E6D6B
db 0x6A, 0xB0, 0xB0, 0x9E, 0x97, 0x94, 0x87, 0x7E, 0x85, 0x66, 0x5A, 0x72, 0x8F, 0x92, 0x9C, 0xC2 ; file 0E6D7B
db 0xBA, 0xAA, 0x9D, 0x8F, 0x78, 0x7F, 0xB1, 0xAE, 0x9B, 0x90, 0x84, 0x6E, 0x66, 0x79, 0x5D, 0x4A ; file 0E6D8B
db 0x59, 0x71, 0x6E, 0x68, 0x7C, 0x70, 0x64, 0x5C, 0x50, 0x3D, 0x4A, 0x91, 0x9A, 0x88, 0x7F, 0x7D ; file 0E6D9B
db 0x71, 0x66, 0x6F, 0x55, 0x45, 0x57, 0x75, 0x7C, 0x85, 0xB1, 0xB1, 0xA4, 0x99, 0x8C, 0x77, 0x77 ; file 0E6DAB
db 0xAB, 0xB0, 0x9F, 0x95, 0x8D, 0x7C, 0x70, 0x86, 0x72, 0x5B, 0x65, 0x7E, 0x80, 0x77, 0x8F, 0x89 ; file 0E6DBB
db 0x7E, 0x76, 0x6D, 0x59, 0x5F, 0xA4, 0xB5, 0xA4, 0x99, 0x96, 0x8C, 0x7E, 0x87, 0x71, 0x5C, 0x68 ; file 0E6DCB
db 0x84, 0x8B, 0x8E, 0xB7, 0xBD, 0xAF, 0xA3, 0x97, 0x81, 0x7A, 0xA8, 0xB3, 0xA1, 0x94, 0x89, 0x76 ; file 0E6DDB
db 0x66, 0x77, 0x69, 0x4E, 0x53, 0x6A, 0x6C, 0x62, 0x75, 0x75, 0x68, 0x60, 0x57, 0x43, 0x42, 0x81 ; file 0E6DEB
db 0x9D, 0x8D, 0x81, 0x7E, 0x76, 0x67, 0x6E, 0x5F, 0x47, 0x50, 0x6A, 0x74, 0x76, 0xA0, 0xB2, 0xA7 ; file 0E6DFB
db 0x9E, 0x93, 0x7F, 0x74, 0x9F, 0xB4, 0xA4, 0x98, 0x92, 0x83, 0x71, 0x81, 0x7D, 0x60, 0x61, 0x78 ; file 0E6E0B
db 0x7D, 0x72, 0x84, 0x8D, 0x80, 0x7B, 0x73, 0x61, 0x5B, 0x92, 0xB8, 0xA9, 0x9B, 0x98, 0x91, 0x80 ; file 0E6E1B
db 0x85, 0x7C, 0x60, 0x63, 0x7C, 0x84, 0x82, 0xA5, 0xBD, 0xB2, 0xA8, 0x9D, 0x89, 0x7A, 0x9C, 0xB8 ; file 0E6E2B
db 0xA7, 0x97, 0x8F, 0x7E, 0x69, 0x71, 0x74, 0x54, 0x50, 0x64, 0x6A, 0x5E, 0x6A, 0x77, 0x6A, 0x63 ; file 0E6E3B
db 0x5C, 0x4A, 0x3F, 0x6D, 0xA0, 0x92, 0x82, 0x80, 0x79, 0x69, 0x6A, 0x68, 0x4C, 0x4B, 0x63, 0x6C ; file 0E6E4B
db 0x6B, 0x8A, 0xAF, 0xA9, 0xA1, 0x99, 0x87, 0x76, 0x92, 0xB7, 0xA8, 0x9B, 0x95, 0x88, 0x75, 0x7B ; file 0E6E5B
db 0x86, 0x67, 0x5F, 0x73, 0x7B, 0x70, 0x77, 0x8D, 0x83, 0x7E, 0x79, 0x68, 0x5A, 0x80, 0xBA, 0xAF ; file 0E6E6B
db 0x9E, 0x9B, 0x94, 0x85, 0x81, 0x85, 0x66, 0x60, 0x76, 0x7F, 0x7A, 0x8F, 0xB8, 0xB4, 0xAB, 0xA4 ; file 0E6E7B
db 0x93, 0x7E, 0x90, 0xBA, 0xAC, 0x9B, 0x94, 0x85, 0x6F, 0x6C, 0x7C, 0x5D, 0x4F, 0x61, 0x68, 0x5D ; file 0E6E8B
db 0x5D, 0x75, 0x6D, 0x66, 0x61, 0x52, 0x41, 0x5B, 0x9D, 0x97, 0x85, 0x81, 0x7C, 0x6E, 0x66, 0x6E ; file 0E6E9B
db 0x52, 0x48, 0x5D, 0x68, 0x63, 0x73, 0xA4, 0xA8, 0xA2, 0x9E, 0x90, 0x7B, 0x86, 0xB6, 0xAE, 0x9D ; file 0E6EAB
db 0x98, 0x8E, 0x7B, 0x75, 0x8A, 0x70, 0x60, 0x70, 0x7B, 0x6F, 0x6B, 0x88, 0x84, 0x7F, 0x7D, 0x71 ; file 0E6EBB
db 0x5E, 0x70, 0xB6, 0xB6, 0xA3, 0x9C, 0x97, 0x8B, 0x7F, 0x89, 0x6F, 0x60, 0x71, 0x7E, 0x75, 0x7B ; file 0E6ECB
db 0xAC, 0xB4, 0xAD, 0xA8, 0x9B, 0x84, 0x87, 0xB8, 0xB4, 0x9F, 0x96, 0x8C, 0x77, 0x69, 0x7D, 0x67 ; file 0E6EDB
db 0x51, 0x5C, 0x6A, 0x5D, 0x53, 0x6D, 0x6D, 0x67, 0x64, 0x5A, 0x45, 0x4E, 0x93, 0x9E, 0x8A, 0x81 ; file 0E6EEB
db 0x7E, 0x72, 0x65, 0x6F, 0x5A, 0x48, 0x56, 0x67, 0x5F, 0x60, 0x92, 0xA4, 0xA1, 0x9F, 0x97, 0x82 ; file 0E6EFB
db 0x7F, 0xB0, 0xB5, 0xA1, 0x99, 0x93, 0x82, 0x73, 0x88, 0x7C, 0x63, 0x6B, 0x7E, 0x71, 0x63, 0x7D ; file 0E6F0B
db 0x84, 0x7F, 0x7F, 0x79, 0x64, 0x66, 0xA9, 0xBE, 0xA9, 0x9D, 0x9B, 0x90, 0x80, 0x88, 0x79, 0x61 ; file 0E6F1B
db 0x6B, 0x7F, 0x74, 0x6C, 0x98, 0xB0, 0xAC, 0xA9, 0xA3, 0x8D, 0x83, 0xAE, 0xBD, 0xA5, 0x98, 0x92 ; file 0E6F2B
db 0x7F, 0x6B, 0x79, 0x72, 0x56, 0x58, 0x6C, 0x61, 0x4E, 0x61, 0x6D, 0x67, 0x65, 0x61, 0x4C, 0x47 ; file 0E6F3B
db 0x82, 0xA5, 0x90, 0x81, 0x81, 0x77, 0x67, 0x6C, 0x64, 0x4B, 0x50, 0x67, 0x60, 0x54, 0x7A, 0x9D ; file 0E6F4B
db 0x9E, 0x9E, 0x9D, 0x8B, 0x7C, 0xA3, 0xBD, 0xA7, 0x9A, 0x97, 0x89, 0x75, 0x82, 0x86, 0x68, 0x67 ; file 0E6F5B
db 0x7E, 0x78, 0x61, 0x6E, 0x82, 0x7E, 0x7F, 0x7E, 0x6C, 0x62, 0x96, 0xC5, 0xB1, 0x9F, 0x9D, 0x96 ; file 0E6F6B
db 0x83, 0x84, 0x83, 0x66, 0x66, 0x7E, 0x7A, 0x66, 0x80, 0xA8, 0xA9, 0xA9, 0xA7, 0x97, 0x83, 0xA1 ; file 0E6F7B
db 0xC4, 0xAE, 0x9B, 0x96, 0x87, 0x70, 0x73, 0x7C, 0x5C, 0x55, 0x6A, 0x68, 0x4F, 0x52, 0x6A, 0x65 ; file 0E6F8B
db 0x65, 0x65, 0x55, 0x45, 0x6D, 0xA9, 0x98, 0x83, 0x81, 0x7C, 0x6A, 0x68, 0x6B, 0x50, 0x4C, 0x63 ; file 0E6F9B
db 0x65, 0x50, 0x61, 0x91, 0x98, 0x9B, 0x9E, 0x93, 0x7F, 0x95, 0xC1, 0xB0, 0x9C, 0x98, 0x8F, 0x7A ; file 0E6FAB
db 0x7B, 0x8D, 0x6F, 0x65, 0x7A, 0x7F, 0x65, 0x60, 0x7D, 0x7C, 0x7E, 0x80, 0x75, 0x63, 0x81, 0xC6 ; file 0E6FBB
db 0xBB, 0xA3, 0x9E, 0x9A, 0x8A, 0x81, 0x89, 0x6C, 0x64, 0x7A, 0x80, 0x67, 0x6B, 0x9B, 0xA4, 0xA6 ; file 0E6FCB
db 0xA8, 0x9F, 0x89, 0x94, 0xC5, 0xB8, 0x9F, 0x97, 0x8E, 0x78, 0x6F, 0x81, 0x65, 0x55, 0x65, 0x6F ; file 0E6FDB
db 0x55, 0x47, 0x62, 0x63, 0x63, 0x65, 0x5D, 0x49, 0x5B, 0xA3, 0xA2, 0x88, 0x80, 0x7F, 0x70, 0x65 ; file 0E6FEB
db 0x6F, 0x56, 0x4A, 0x5D, 0x69, 0x54, 0x4E, 0x7F, 0x90, 0x95, 0x9C, 0x99, 0x85, 0x89, 0xBD, 0xBA ; file 0E6FFB
db 0xA1, 0x98, 0x94, 0x82, 0x76, 0x8E, 0x79, 0x65, 0x74, 0x84, 0x6E, 0x58, 0x72, 0x78, 0x7A, 0x80 ; file 0E700B
db 0x7C, 0x69, 0x72, 0xBC, 0xC5, 0xAB, 0x9F, 0x9D, 0x91, 0x80, 0x8B, 0x75, 0x63, 0x73, 0x84, 0x70 ; file 0E701B
db 0x5E, 0x88, 0x9D, 0xA0, 0xA6, 0xA4, 0x92, 0x8D, 0xBD, 0xC3, 0xA8, 0x99, 0x93, 0x80, 0x6E, 0x81 ; file 0E702B
db 0x71, 0x57, 0x60, 0x72, 0x61, 0x44, 0x56, 0x5F, 0x60, 0x64, 0x62, 0x50, 0x50, 0x95, 0xAB, 0x92 ; file 0E703B
db 0x81, 0x80, 0x77, 0x65, 0x6E, 0x5F, 0x4A, 0x55, 0x6B, 0x5D, 0x46, 0x69, 0x85, 0x8D, 0x97, 0x9B ; file 0E704B
db 0x8D, 0x84, 0xB2, 0xC3, 0xAA, 0x9A, 0x96, 0x89, 0x77, 0x89, 0x83, 0x68, 0x6E, 0x86, 0x7A, 0x5A ; file 0E705B
db 0x65, 0x73, 0x75, 0x7D, 0x7F, 0x70, 0x6B, 0xA9, 0xCD, 0xB6, 0xA1, 0x9F, 0x97, 0x83, 0x88, 0x7F ; file 0E706B
db 0x66, 0x6C, 0x84, 0x7A, 0x5D, 0x73, 0x94, 0x99, 0xA1, 0xA6, 0x9A, 0x8C, 0xB1, 0xCB, 0xB2, 0x9C ; file 0E707B
db 0x96, 0x88, 0x72, 0x7B, 0x7C, 0x5D, 0x5B, 0x71, 0x6B, 0x49, 0x4A, 0x5B, 0x5B, 0x61, 0x65, 0x57 ; file 0E708B
db 0x4D, 0x7E, 0xB1, 0x9C, 0x84, 0x80, 0x7B, 0x69, 0x69, 0x67, 0x4D, 0x4F, 0x68, 0x65, 0x48, 0x54 ; file 0E709B
db 0x7A, 0x83, 0x8F, 0x99, 0x93, 0x85, 0xA4, 0xC9, 0xB5, 0x9E, 0x97, 0x8F, 0x7B, 0x81, 0x8D, 0x6E ; file 0E70AB
db 0x6A, 0x83, 0x83, 0x63, 0x5A, 0x6E, 0x6F, 0x78, 0x80, 0x76, 0x6A, 0x94, 0xD0, 0xC1, 0xA8, 0xA1 ; file 0E70BB
db 0x9B, 0x8A, 0x84, 0x87, 0x6A, 0x68, 0x81, 0x82, 0x64, 0x63, 0x88, 0x90, 0x99, 0xA4, 0x9F, 0x90 ; file 0E70CB
db 0xA3, 0xCF, 0xBD, 0xA4, 0x98, 0x8E, 0x79, 0x76, 0x84, 0x64, 0x59, 0x6D, 0x72, 0x55, 0x42, 0x55 ; file 0E70DB
db 0x55, 0x5C, 0x63, 0x5D, 0x4E, 0x6B, 0xAF, 0xA7, 0x8D, 0x81, 0x7D, 0x6F, 0x66, 0x6D, 0x52, 0x4C ; file 0E70EB
db 0x62, 0x6A, 0x51, 0x47, 0x6C, 0x77, 0x84, 0x94, 0x96, 0x89, 0x97, 0xC8, 0xBF, 0xA6, 0x9A, 0x92 ; file 0E70FB
db 0x81, 0x7C, 0x91, 0x77, 0x69, 0x7C, 0x89, 0x70, 0x57, 0x68, 0x69, 0x71, 0x7C, 0x7C, 0x6D, 0x81 ; file 0E710B
db 0xCA, 0xCB, 0xB1, 0xA3, 0x9D, 0x91, 0x83, 0x8C, 0x71, 0x66, 0x7B, 0x87, 0x6F, 0x5C, 0x7B, 0x86 ; file 0E711B
db 0x90, 0x9D, 0xA1, 0x94, 0x9A, 0xCA, 0xC7, 0xAD, 0x9C, 0x92, 0x80, 0x74, 0x86, 0x6F, 0x5A, 0x67 ; file 0E712B
db 0x76, 0x61, 0x43, 0x4E, 0x4F, 0x55, 0x5F, 0x60, 0x52, 0x5D, 0xA4, 0xAF, 0x96, 0x84, 0x7F, 0x74 ; file 0E713B
db 0x66, 0x6E, 0x59, 0x4A, 0x5B, 0x6D, 0x5A, 0x43, 0x5E, 0x6C, 0x77, 0x89, 0x94, 0x8C, 0x8F, 0xC0 ; file 0E714B
db 0xC7, 0xAF, 0x9E, 0x95, 0x87, 0x7B, 0x8F, 0x81, 0x6A, 0x76, 0x8C, 0x7C, 0x5C, 0x61, 0x64, 0x69 ; file 0E715B
db 0x76, 0x7D, 0x71, 0x77, 0xBC, 0xD2, 0xBC, 0xA8, 0xA1, 0x97, 0x86, 0x8C, 0x7B, 0x65, 0x72, 0x89 ; file 0E716B
db 0x7A, 0x5E, 0x6F, 0x7E, 0x84, 0x94, 0x9F, 0x98, 0x95, 0xC0, 0xCF, 0xB7, 0xA2, 0x96, 0x87, 0x76 ; file 0E717B
db 0x84, 0x7A, 0x5E, 0x62, 0x77, 0x6C, 0x4B, 0x49, 0x4C, 0x4D, 0x59, 0x61, 0x56, 0x55, 0x92, 0xB5 ; file 0E718B
db 0xA0, 0x8B, 0x81, 0x78, 0x68, 0x6C, 0x61, 0x4B, 0x53, 0x6C, 0x63, 0x47, 0x52, 0x63, 0x6A, 0x7C ; file 0E719B
db 0x8F, 0x8E, 0x8A, 0xB3, 0xCD, 0xB9, 0xA4, 0x99, 0x8C, 0x7C, 0x8A, 0x8B, 0x6E, 0x70, 0x8A, 0x85 ; file 0E71AB
db 0x65, 0x5E, 0x62, 0x62, 0x6F, 0x7B, 0x75, 0x71, 0xA9, 0xD7, 0xC6, 0xB0, 0xA5, 0x9B, 0x8B, 0x8A ; file 0E71BB
db 0x84, 0x68, 0x6C, 0x87, 0x83, 0x64, 0x66, 0x78, 0x79, 0x87, 0x99, 0x9A, 0x93, 0xB4, 0xD5, 0xC1 ; file 0E71CB
db 0xAA, 0x9C, 0x8D, 0x79, 0x7F, 0x85, 0x64, 0x5E, 0x74, 0x74, 0x55, 0x47, 0x4B, 0x46, 0x51, 0x5D ; file 0E71DB
db 0x59, 0x52, 0x7E, 0xB7, 0xA9, 0x92, 0x86, 0x7C, 0x6C, 0x69, 0x69, 0x4E, 0x4E, 0x67, 0x6A, 0x4F ; file 0E71EB
db 0x4B, 0x5E, 0x5F, 0x6E, 0x84, 0x8D, 0x88, 0xA5, 0xD0, 0xC1, 0xAB, 0x9F, 0x91, 0x7F, 0x83, 0x93 ; file 0E71FB
db 0x75, 0x6C, 0x84, 0x8C, 0x70, 0x5E, 0x63, 0x5B, 0x66, 0x75, 0x77, 0x6F, 0x94, 0xD7, 0xCE, 0xB7 ; file 0E720B
db 0xAC, 0xA0, 0x90, 0x88, 0x8C, 0x6E, 0x68, 0x81, 0x89, 0x6E, 0x62, 0x75, 0x71, 0x7B, 0x8F, 0x98 ; file 0E721B
db 0x92, 0xA6, 0xD6, 0xCA, 0xB2, 0xA3, 0x93, 0x7F, 0x7A, 0x8B, 0x6D, 0x5D, 0x6F, 0x7A, 0x60, 0x49 ; file 0E722B
db 0x4D, 0x41, 0x48, 0x56, 0x5A, 0x52, 0x6B, 0xB2, 0xB1, 0x9A, 0x8C, 0x80, 0x71, 0x67, 0x6F, 0x54 ; file 0E723B
db 0x4A, 0x60, 0x6D, 0x58, 0x47, 0x5C, 0x58, 0x60, 0x76, 0x87, 0x86, 0x97, 0xCD, 0xC9, 0xB3, 0xA5 ; file 0E724B
db 0x97, 0x84, 0x7E, 0x95, 0x7E, 0x6C, 0x7D, 0x90, 0x7C, 0x60, 0x66, 0x59, 0x5D, 0x6D, 0x76, 0x6F ; file 0E725B
db 0x83, 0xCE, 0xD6, 0xC0, 0xB2, 0xA6, 0x97, 0x88, 0x91, 0x77, 0x67, 0x79, 0x8C, 0x79, 0x61, 0x74 ; file 0E726B
db 0x6E, 0x6F, 0x82, 0x93, 0x92, 0x9B, 0xD0, 0xD3, 0xBB, 0xAA, 0x9B, 0x85, 0x78, 0x8C, 0x79, 0x60 ; file 0E727B
db 0x69, 0x7C, 0x6B, 0x4D, 0x4F, 0x42, 0x3F, 0x4D, 0x58, 0x52, 0x5C, 0xA5, 0xB8, 0xA2, 0x91, 0x87 ; file 0E728B
db 0x77, 0x66, 0x6F, 0x5D, 0x49, 0x57, 0x6E, 0x61, 0x48, 0x58, 0x56, 0x54, 0x66, 0x7D, 0x83, 0x8C ; file 0E729B
db 0xC2, 0xD1, 0xBB, 0xAA, 0x9E, 0x8A, 0x7C, 0x91, 0x89, 0x6E, 0x76, 0x90, 0x85, 0x66, 0x67, 0x5E ; file 0E72AB
db 0x56, 0x63, 0x71, 0x70, 0x77, 0xBC, 0xDD, 0xC8, 0xB7, 0xAE, 0x9E, 0x8A, 0x90, 0x82, 0x68, 0x71 ; file 0E72BB
db 0x8B, 0x82, 0x65, 0x6F, 0x72, 0x66, 0x73, 0x89, 0x8F, 0x93, 0xC2, 0xDB, 0xC4, 0xB0, 0xA3, 0x8E ; file 0E72CB
db 0x78, 0x87, 0x85, 0x64, 0x64, 0x7B, 0x74, 0x55, 0x4E, 0x49, 0x3A, 0x43, 0x53, 0x52, 0x54, 0x8F ; file 0E72DB
db 0xBE, 0xAA, 0x96, 0x8E, 0x7E, 0x69, 0x6C, 0x67, 0x4B, 0x50, 0x6B, 0x68, 0x4D, 0x51, 0x5B, 0x4D ; file 0E72EB
db 0x58, 0x70, 0x7D, 0x83, 0xB0, 0xD7, 0xC3, 0xB0, 0xA6, 0x93, 0x7D, 0x89, 0x93, 0x73, 0x71, 0x8C ; file 0E72FB
db 0x8E, 0x70, 0x65, 0x66, 0x53, 0x59, 0x6A, 0x6E, 0x6F, 0xA5, 0xE0, 0xD1, 0xBC, 0xB4, 0xA6, 0x90 ; file 0E730B
db 0x8D, 0x8D, 0x6D, 0x6B, 0x87, 0x89, 0x6D, 0x69, 0x78, 0x64, 0x67, 0x7C, 0x89, 0x8C, 0xB0, 0xDF ; file 0E731B
db 0xCD, 0xB7, 0xAB, 0x98, 0x7E, 0x7F, 0x8F, 0x6D, 0x62, 0x77, 0x7C, 0x5F, 0x4E, 0x51, 0x3B, 0x3B ; file 0E732B
db 0x4A, 0x50, 0x4F, 0x78, 0xBD, 0xB3, 0x9C, 0x93, 0x86, 0x6F, 0x67, 0x6E, 0x51, 0x4B, 0x64, 0x6C ; file 0E733B
db 0x54, 0x4B, 0x5F, 0x4D, 0x4C, 0x60, 0x73, 0x7B, 0x9C, 0xD6, 0xCC, 0xB6, 0xAB, 0x9C, 0x83, 0x80 ; file 0E734B
db 0x98, 0x7D, 0x6F, 0x85, 0x92, 0x7B, 0x65, 0x6C, 0x57, 0x52, 0x61, 0x6B, 0x6B, 0x8E, 0xDB, 0xDA ; file 0E735B
db 0xC3, 0xB9, 0xAE, 0x99, 0x8A, 0x93, 0x75, 0x68, 0x7F, 0x8E, 0x76, 0x66, 0x7B, 0x69, 0x5F, 0x6D ; file 0E736B
db 0x80, 0x85, 0x9F, 0xDA, 0xD7, 0xBE, 0xB0, 0xA1, 0x87, 0x7A, 0x91, 0x79, 0x62, 0x71, 0x80, 0x6A ; file 0E737B
db 0x4F, 0x55, 0x42, 0x36, 0x41, 0x4C, 0x4B, 0x64, 0xB2, 0xBC, 0xA3, 0x96, 0x8E, 0x78, 0x66, 0x70 ; file 0E738B
db 0x59, 0x49, 0x5B, 0x6E, 0x5D, 0x49, 0x5E, 0x53, 0x45, 0x51, 0x67, 0x71, 0x89, 0xCA, 0xD4, 0xBD ; file 0E739B
db 0xAF, 0xA4, 0x8E, 0x7D, 0x95, 0x87, 0x70, 0x7D, 0x94, 0x85, 0x68, 0x6E, 0x60, 0x50, 0x57, 0x65 ; file 0E73AB
db 0x67, 0x7B, 0xCB, 0xE2, 0xCC, 0xBC, 0xB5, 0xA3, 0x8C, 0x94, 0x81, 0x69, 0x77, 0x8E, 0x80, 0x66 ; file 0E73BB
db 0x78, 0x72, 0x5D, 0x61, 0x74, 0x7E, 0x8F, 0xCC, 0xDF, 0xC7, 0xB5, 0xAA, 0x93, 0x7B, 0x8D, 0x84 ; file 0E73CB
db 0x67, 0x6B, 0x81, 0x74, 0x55, 0x56, 0x4C, 0x37, 0x38, 0x45, 0x47, 0x54, 0x9D, 0xC2, 0xAD, 0x9A ; file 0E73DB
db 0x93, 0x83, 0x69, 0x6E, 0x63, 0x4A, 0x53, 0x6C, 0x64, 0x4B, 0x58, 0x5B, 0x46, 0x45, 0x59, 0x68 ; file 0E73EB
db 0x79, 0xB6, 0xD9, 0xC6, 0xB4, 0xAB, 0x98, 0x7F, 0x8D, 0x91, 0x74, 0x76, 0x92, 0x8D, 0x6F, 0x6C ; file 0E73FB
db 0x69, 0x55, 0x51, 0x5E, 0x62, 0x6D, 0xB2, 0xE5, 0xD5, 0xC0, 0xBB, 0xAE, 0x94, 0x91, 0x8B, 0x6E ; file 0E740B
db 0x70, 0x8B, 0x87, 0x6C, 0x71, 0x7A, 0x63, 0x59, 0x68, 0x74, 0x81, 0xB6, 0xE2, 0xD1, 0xBB, 0xB0 ; file 0E741B
db 0x9D, 0x81, 0x85, 0x8E, 0x6E, 0x67, 0x7F, 0x7D, 0x5E, 0x53, 0x54, 0x3E, 0x34, 0x3D, 0x42, 0x49 ; file 0E742B
db 0x83, 0xC3, 0xB6, 0x9F, 0x98, 0x8C, 0x72, 0x6A, 0x6A, 0x4F, 0x4D, 0x67, 0x6A, 0x51, 0x50, 0x60 ; file 0E743B
db 0x4C, 0x40, 0x4C, 0x5C, 0x6A, 0x9D, 0xD7, 0xCE, 0xB9, 0xB0, 0xA1, 0x87, 0x85, 0x96, 0x7B, 0x73 ; file 0E744B
db 0x8C, 0x93, 0x79, 0x6A, 0x70, 0x5B, 0x50, 0x56, 0x5D, 0x63, 0x97, 0xE2, 0xDD, 0xC7, 0xBF, 0xB5 ; file 0E745B
db 0x9F, 0x90, 0x93, 0x75, 0x6C, 0x84, 0x8D, 0x74, 0x6B, 0x7F, 0x6B, 0x59, 0x5D, 0x6A, 0x74, 0x9E ; file 0E746B
db 0xDE, 0xD9, 0xC2, 0xB5, 0xA6, 0x8C, 0x81, 0x92, 0x77, 0x67, 0x79, 0x82, 0x69, 0x53, 0x59, 0x45 ; file 0E747B
db 0x36, 0x36, 0x3D, 0x40, 0x69, 0xBB, 0xBD, 0xA7, 0x9B, 0x92, 0x7E, 0x6A, 0x6F, 0x56, 0x4B, 0x5F ; file 0E748B
db 0x6D, 0x59, 0x4B, 0x61, 0x53, 0x41, 0x41, 0x50, 0x5D, 0x83, 0xCD, 0xD3, 0xC0, 0xB4, 0xA8, 0x92 ; file 0E749B
db 0x83, 0x97, 0x83, 0x73, 0x84, 0x96, 0x83, 0x6A, 0x73, 0x63, 0x54, 0x51, 0x57, 0x5B, 0x7D, 0xD5 ; file 0E74AB
db 0xE3, 0xCF, 0xC2, 0xBB, 0xAA, 0x94, 0x97, 0x7E, 0x6D, 0x7D, 0x90, 0x7D, 0x68, 0x7E, 0x73, 0x5E ; file 0E74BB
db 0x57, 0x60, 0x69, 0x87, 0xCF, 0xDE, 0xCB, 0xBB, 0xAE, 0x98, 0x82, 0x92, 0x80, 0x6A, 0x73, 0x85 ; file 0E74CB
db 0x73, 0x56, 0x5B, 0x4D, 0x3B, 0x33, 0x37, 0x39, 0x53, 0xA8, 0xC2, 0xAF, 0x9E, 0x97, 0x87, 0x6F ; file 0E74DB
db 0x70, 0x5D, 0x4B, 0x57, 0x6D, 0x60, 0x4A, 0x5E, 0x5A, 0x46, 0x3D, 0x45, 0x50, 0x6B, 0xB7, 0xD5 ; file 0E74EB
db 0xC7, 0xB8, 0xAF, 0x9C, 0x86, 0x94, 0x8C, 0x75, 0x7E, 0x96, 0x8C, 0x6F, 0x72, 0x6B, 0x59, 0x51 ; file 0E74FB
db 0x52, 0x54, 0x68, 0xBC, 0xE6, 0xD7, 0xC7, 0xC0, 0xB3, 0x9B, 0x98, 0x87, 0x6F, 0x77, 0x8F, 0x85 ; file 0E750B
db 0x6A, 0x79, 0x7B, 0x64, 0x57, 0x58, 0x5F, 0x72, 0xB7, 0xDF, 0xD2, 0xC1, 0xB5, 0xA2, 0x89, 0x8F ; file 0E751B
db 0x8B, 0x6E, 0x6F, 0x85, 0x7D, 0x5D, 0x59, 0x55, 0x41, 0x36, 0x34, 0x33, 0x41, 0x8B, 0xC3, 0xB6 ; file 0E752B
db 0xA4, 0x9C, 0x8F, 0x77, 0x71, 0x66, 0x4D, 0x52, 0x6A, 0x67, 0x4E, 0x56, 0x60, 0x4C, 0x3E, 0x3D ; file 0E753B
db 0x45, 0x57, 0x98, 0xD2, 0xCB, 0xBE, 0xB4, 0xA4, 0x8D, 0x90, 0x94, 0x79, 0x79, 0x93, 0x93, 0x76 ; file 0E754B
db 0x6F, 0x72, 0x5F, 0x55, 0x51, 0x4F, 0x59, 0x9D, 0xE3, 0xDD, 0xCC, 0xC4, 0xB9, 0xA4, 0x9A, 0x92 ; file 0E755B
db 0x73, 0x72, 0x8B, 0x8C, 0x70, 0x71, 0x81, 0x6B, 0x5B, 0x55, 0x56, 0x62, 0x99, 0xDA, 0xD6, 0xC6 ; file 0E756B
db 0xBB, 0xAA, 0x91, 0x8D, 0x93, 0x74, 0x6C, 0x82, 0x84, 0x67, 0x57, 0x5C, 0x47, 0x3B, 0x34, 0x2F ; file 0E757B
db 0x34, 0x6C, 0xBD, 0xBC, 0xA9, 0xA0, 0x95, 0x80, 0x72, 0x6F, 0x51, 0x4D, 0x64, 0x6B, 0x54, 0x4E ; file 0E758B
db 0x63, 0x52, 0x42, 0x3C, 0x3C, 0x47, 0x79, 0xC6, 0xCD, 0xC1, 0xB9, 0xAB, 0x96, 0x8E, 0x9A, 0x7F ; file 0E759B
db 0x76, 0x8D, 0x98, 0x81, 0x6D, 0x77, 0x65, 0x59, 0x53, 0x4D, 0x4E, 0x7D, 0xD8, 0xE1, 0xD1, 0xC9 ; file 0E75AB
db 0xBF, 0xAE, 0x9D, 0x9C, 0x7B, 0x70, 0x85, 0x90, 0x79, 0x6B, 0x83, 0x73, 0x60, 0x57, 0x51, 0x55 ; file 0E75BB
db 0x7C, 0xCB, 0xD8, 0xCB, 0xC1, 0xB2, 0x9B, 0x8D, 0x99, 0x7D, 0x6C, 0x7C, 0x89, 0x72, 0x58, 0x5F ; file 0E75CB
db 0x4E, 0x3F, 0x38, 0x2F, 0x2B, 0x4F, 0xAC, 0xBF, 0xAF, 0xA4, 0x9B, 0x8A, 0x76, 0x77, 0x59, 0x4B ; file 0E75DB
db 0x5E, 0x6D, 0x5B, 0x4A, 0x62, 0x58, 0x46, 0x3E, 0x38, 0x3A, 0x5C, 0xB0, 0xCB, 0xC4, 0xBD, 0xB2 ; file 0E75EB
db 0x9E, 0x8F, 0x9D, 0x88, 0x74, 0x85, 0x9A, 0x8A, 0x6F, 0x78, 0x6C, 0x5E, 0x57, 0x4F, 0x47, 0x64 ; file 0E75FB
db 0xC1, 0xE2, 0xD6, 0xCC, 0xC5, 0xB7, 0xA2, 0xA3, 0x86, 0x70, 0x7F, 0x92, 0x82, 0x6A, 0x7F, 0x7A ; file 0E760B
db 0x66, 0x5A, 0x52, 0x4C, 0x63, 0xB2, 0xD5, 0xCE, 0xC5, 0xBA, 0xA4, 0x90, 0x9B, 0x89, 0x6D, 0x76 ; file 0E761B
db 0x8C, 0x7C, 0x5D, 0x5F, 0x55, 0x44, 0x3B, 0x33, 0x26, 0x39, 0x8E, 0xBE, 0xB4, 0xA7, 0xA1, 0x92 ; file 0E762B
db 0x7B, 0x7B, 0x64, 0x4B, 0x56, 0x6D, 0x63, 0x4B, 0x5B, 0x5E, 0x4B, 0x40, 0x3A, 0x32, 0x44, 0x91 ; file 0E763B
db 0xC5, 0xC4, 0xBE, 0xB9, 0xA7, 0x92, 0x9C, 0x94, 0x76, 0x7D, 0x99, 0x93, 0x75, 0x75, 0x73, 0x61 ; file 0E764B
db 0x5B, 0x54, 0x45, 0x50, 0xA0, 0xDF, 0xDA, 0xCE, 0xCB, 0xBE, 0xA9, 0xA6, 0x95, 0x73, 0x78, 0x92 ; file 0E765B
db 0x8A, 0x6E, 0x77, 0x81, 0x6C, 0x5E, 0x56, 0x4A, 0x50, 0x92, 0xCE, 0xCE, 0xC6, 0xC1, 0xAE, 0x96 ; file 0E766B
db 0x99, 0x97, 0x72, 0x70, 0x8A, 0x85, 0x66, 0x5C, 0x5D, 0x49, 0x3F, 0x39, 0x28, 0x28, 0x6C, 0xB8 ; file 0E767B
db 0xB7, 0xAA, 0xA5, 0x99, 0x82, 0x7C, 0x72, 0x4F, 0x4F, 0x6A, 0x69, 0x4F, 0x52, 0x63, 0x50, 0x43 ; file 0E768B
db 0x3D, 0x32, 0x33, 0x6D, 0xB8, 0xC1, 0xBE, 0xBD, 0xAF, 0x98, 0x99, 0xA0, 0x7D, 0x77, 0x94, 0x99 ; file 0E769B
db 0x7E, 0x71, 0x79, 0x66, 0x5E, 0x59, 0x4A, 0x44, 0x7E, 0xD4, 0xDB, 0xD0, 0xCE, 0xC5, 0xB0, 0xA6 ; file 0E76AB
db 0xA3, 0x7C, 0x73, 0x8D, 0x91, 0x75, 0x6F, 0x85, 0x72, 0x62, 0x5B, 0x4D, 0x45, 0x71, 0xC0, 0xCC ; file 0E76BB
db 0xC7, 0xC4, 0xB7, 0x9D, 0x96, 0xA1, 0x7D, 0x6D, 0x84, 0x8D, 0x70, 0x5B, 0x62, 0x4F, 0x42, 0x3D ; file 0E76CB
db 0x2E, 0x21, 0x4C, 0xA8, 0xB7, 0xAC, 0xA8, 0xA0, 0x8B, 0x7C, 0x7D, 0x59, 0x4B, 0x62, 0x6E, 0x57 ; file 0E76DB
db 0x4B, 0x63, 0x56, 0x47, 0x40, 0x36, 0x2A, 0x4E, 0xA2, 0xBB, 0xBB, 0xBD, 0xB6, 0xA0, 0x96, 0xA6 ; file 0E76EB
db 0x88, 0x75, 0x8B, 0x9D, 0x88, 0x71, 0x7C, 0x6C, 0x60, 0x5D, 0x52, 0x40, 0x60, 0xC0, 0xDA, 0xD2 ; file 0E76FB
db 0xCF, 0xCB, 0xB9, 0xA8, 0xAB, 0x8A, 0x73, 0x85, 0x96, 0x7F, 0x6B, 0x83, 0x79, 0x67, 0x5E, 0x54 ; file 0E770B
db 0x43, 0x56, 0xA7, 0xC6, 0xC5, 0xC5, 0xBE, 0xA7, 0x96, 0xA5, 0x8B, 0x6F, 0x7C, 0x91, 0x7D, 0x5E ; file 0E771B
db 0x64, 0x55, 0x46, 0x40, 0x36, 0x22, 0x33, 0x8E, 0xB4, 0xAD, 0xA8, 0xA5, 0x95, 0x7E, 0x82, 0x66 ; file 0E772B
db 0x4C, 0x59, 0x6F, 0x5F, 0x49, 0x5F, 0x5C, 0x4A, 0x42, 0x3B, 0x2B, 0x35, 0x84, 0xB2, 0xB7, 0xBA ; file 0E773B
db 0xBA, 0xAA, 0x97, 0xA7, 0x97, 0x78, 0x81, 0x9D, 0x93, 0x74, 0x7A, 0x73, 0x64, 0x5F, 0x59, 0x45 ; file 0E774B
db 0x4C, 0xA1, 0xD5, 0xD3, 0xCE, 0xCF, 0xC2, 0xAC, 0xAE, 0x99, 0x78, 0x7E, 0x97, 0x8A, 0x6D, 0x7D ; file 0E775B
db 0x80, 0x6C, 0x61, 0x59, 0x48, 0x45, 0x89, 0xBD, 0xC1, 0xC2, 0xC2, 0xB2, 0x9A, 0xA4, 0x9B, 0x76 ; file 0E776B
db 0x75, 0x8F, 0x87, 0x65, 0x62, 0x5D, 0x4A, 0x42, 0x3D, 0x29, 0x24, 0x6D, 0xAD, 0xAD, 0xA7, 0xA8 ; file 0E777B
db 0x9D, 0x85, 0x83, 0x75, 0x52, 0x52, 0x6C, 0x67, 0x4C, 0x56, 0x60, 0x4F, 0x44, 0x3E, 0x30, 0x28 ; file 0E778B
db 0x63, 0xA4, 0xB0, 0xB5, 0xBB, 0xB1, 0x9B, 0xA2, 0xA4, 0x80, 0x7B, 0x98, 0x9A, 0x7C, 0x76, 0x7A ; file 0E779B
db 0x68, 0x61, 0x5E, 0x4E, 0x43, 0x7F, 0xCC, 0xD1, 0xCD, 0xD0, 0xC9, 0xB4, 0xAE, 0xA7, 0x82, 0x7A ; file 0E77AB
db 0x93, 0x92, 0x74, 0x75, 0x85, 0x71, 0x64, 0x5D, 0x4F, 0x40, 0x69, 0xAF, 0xBB, 0xBE, 0xC3, 0xB9 ; file 0E77BB
db 0xA2, 0xA0, 0xA7, 0x81, 0x72, 0x8A, 0x8F, 0x70, 0x60, 0x64, 0x4F, 0x45, 0x41, 0x31, 0x21, 0x4D ; file 0E77CB
db 0xA1, 0xAB, 0xA5, 0xA8, 0xA3, 0x8E, 0x82, 0x81, 0x5C, 0x50, 0x66, 0x6D, 0x53, 0x4E, 0x63, 0x53 ; file 0E77DB
db 0x46, 0x41, 0x36, 0x26, 0x45, 0x91, 0xA6, 0xAE, 0xB8, 0xB6, 0xA3, 0x9E, 0xAC, 0x8C, 0x7A, 0x90 ; file 0E77EB
db 0x9D, 0x87, 0x73, 0x7E, 0x6C, 0x63, 0x61, 0x56, 0x44, 0x63, 0xBB, 0xCD, 0xCA, 0xCF, 0xCD, 0xBD ; file 0E77FB
db 0xAE, 0xB1, 0x8E, 0x7B, 0x8D, 0x97, 0x7E, 0x6E, 0x86, 0x77, 0x67, 0x60, 0x56, 0x43, 0x52, 0x9B ; file 0E780B
db 0xB2, 0xB7, 0xBF, 0xBE, 0xAB, 0x9E, 0xAD, 0x8F, 0x75, 0x83, 0x92, 0x7C, 0x61, 0x68, 0x56, 0x49 ; file 0E781B
db 0x43, 0x39, 0x26, 0x36, 0x8C, 0xA6, 0xA3, 0xA6, 0xA6, 0x98, 0x83, 0x87, 0x68, 0x52, 0x5F, 0x6F ; file 0E782B
db 0x5D, 0x4A, 0x61, 0x58, 0x49, 0x43, 0x3B, 0x2A, 0x32, 0x79, 0x9A, 0xA4, 0xB1, 0xB7, 0xAB, 0x9D ; file 0E783B
db 0xAE, 0x99, 0x7E, 0x88, 0x9D, 0x91, 0x75, 0x7E, 0x72, 0x66, 0x62, 0x5C, 0x4A, 0x52, 0xA3, 0xC7 ; file 0E784B
db 0xC7, 0xCB, 0xCF, 0xC5, 0xB2, 0xB5, 0x9C, 0x81, 0x87, 0x99, 0x89, 0x6F, 0x82, 0x7E, 0x6B, 0x63 ; file 0E785B
db 0x5B, 0x49, 0x47, 0x83, 0xA8, 0xAF, 0xB8, 0xBF, 0xB3, 0xA1, 0xAD, 0x9D, 0x7D, 0x7E, 0x92, 0x86 ; file 0E786B
db 0x66, 0x68, 0x5D, 0x4D, 0x46, 0x3F, 0x2C, 0x2B, 0x71, 0xA0, 0xA0, 0xA1, 0xA6, 0x9E, 0x89, 0x8A ; file 0E787B
db 0x75, 0x58, 0x5B, 0x6D, 0x64, 0x4B, 0x5A, 0x5D, 0x4C, 0x44, 0x3F, 0x30, 0x2A, 0x5E, 0x8E, 0x9A ; file 0E788B
db 0xA7, 0xB4, 0xAF, 0xA0, 0xAC, 0xA5, 0x86, 0x84, 0x9B, 0x97, 0x7B, 0x7B, 0x79, 0x69, 0x64, 0x61 ; file 0E789B
db 0x51, 0x4B, 0x88, 0xC0, 0xC3, 0xC5, 0xCE, 0xCA, 0xB8, 0xB6, 0xA9, 0x89, 0x86, 0x99, 0x91, 0x74 ; file 0E78AB
db 0x7C, 0x84, 0x70, 0x65, 0x60, 0x50, 0x44, 0x6C, 0x9D, 0xA6, 0xAF, 0xBC, 0xB7, 0xA6, 0xAB, 0xA9 ; file 0E78BB
db 0x86, 0x7D, 0x90, 0x8E, 0x70, 0x66, 0x65, 0x51, 0x48, 0x43, 0x33, 0x28, 0x58, 0x97, 0x9B, 0x9B ; file 0E78CB
db 0xA5, 0xA3, 0x91, 0x8A, 0x82, 0x60, 0x59, 0x6C, 0x6A, 0x50, 0x53, 0x61, 0x50, 0x45, 0x42, 0x36 ; file 0E78DB
db 0x29, 0x49, 0x80, 0x8E, 0x9B, 0xAD, 0xB1, 0xA4, 0xA8, 0xAF, 0x8F, 0x84, 0x97, 0x9C, 0x84, 0x78 ; file 0E78EB
db 0x7F, 0x6C, 0x66, 0x64, 0x57, 0x4B, 0x70, 0xB6, 0xBE, 0xBF, 0xCA, 0xCC, 0xBF, 0xB7, 0xB3, 0x92 ; file 0E78FB
db 0x86, 0x97, 0x97, 0x7C, 0x76, 0x88, 0x75, 0x67, 0x62, 0x56, 0x46, 0x5A, 0x92, 0x9C, 0xA5, 0xB4 ; file 0E790B
db 0xB8, 0xAB, 0xA8, 0xB2, 0x91, 0x7F, 0x8D, 0x92, 0x79, 0x66, 0x6B, 0x57, 0x4B, 0x47, 0x3A, 0x2A ; file 0E791B
db 0x44, 0x8C, 0x96, 0x95, 0x9F, 0xA3, 0x97, 0x8B, 0x8B, 0x69, 0x5A, 0x69, 0x6E, 0x58, 0x4D, 0x62 ; file 0E792B
db 0x55, 0x47, 0x43, 0x3B, 0x2B, 0x39, 0x72, 0x82, 0x8E, 0xA2, 0xAE, 0xA7, 0xA4, 0xB5, 0x9A, 0x86 ; file 0E793B
db 0x94, 0x9E, 0x8C, 0x78, 0x82, 0x72, 0x68, 0x65, 0x5E, 0x4D, 0x60, 0xAA, 0xBA, 0xB9, 0xC3, 0xCC ; file 0E794B
db 0xC4, 0xB8, 0xBB, 0x9D, 0x8A, 0x95, 0x9C, 0x85, 0x72, 0x88, 0x7C, 0x6A, 0x64, 0x5C, 0x4B, 0x4F ; file 0E795B
db 0x85, 0x94, 0x9A, 0xAA, 0xB6, 0xAF, 0xA7, 0xB7, 0x9D, 0x83, 0x8B, 0x96, 0x83, 0x68, 0x6E, 0x5E ; file 0E796B
db 0x4F, 0x49, 0x41, 0x2E, 0x37, 0x7C, 0x93, 0x90, 0x98, 0xA2, 0x9C, 0x8D, 0x91, 0x74, 0x5D, 0x66 ; file 0E797B
db 0x71, 0x5F, 0x4B, 0x60, 0x5A, 0x4A, 0x44, 0x3F, 0x2F, 0x30, 0x64, 0x7A, 0x81, 0x94, 0xA7, 0xA9 ; file 0E798B
db 0xA2, 0xB6, 0xA5, 0x8B, 0x91, 0xA1, 0x94, 0x7A, 0x81, 0x78, 0x6A, 0x67, 0x63, 0x52, 0x56, 0x9A ; file 0E799B
db 0xB7, 0xB4, 0xBB, 0xC8, 0xC8, 0xBA, 0xBF, 0xA9, 0x8F, 0x93, 0xA1, 0x8F, 0x74, 0x84, 0x82, 0x6E ; file 0E79AB
db 0x65, 0x60, 0x50, 0x4A, 0x77, 0x91, 0x90, 0x9D, 0xAF, 0xB0, 0xA6, 0xB5, 0xAB, 0x8A, 0x89, 0x99 ; file 0E79BB
db 0x8C, 0x6D, 0x6D, 0x66, 0x53, 0x4B, 0x46, 0x34, 0x30, 0x6B, 0x92, 0x8B, 0x8F, 0x9D, 0x9E, 0x90 ; file 0E79CB
db 0x92, 0x82, 0x62, 0x63, 0x75, 0x67, 0x4D, 0x59, 0x5F, 0x4D, 0x44, 0x41, 0x35, 0x2C, 0x55, 0x76 ; file 0E79DB
db 0x76, 0x84, 0x9D, 0xA6, 0xA1, 0xB0, 0xB1, 0x91, 0x8E, 0xA2, 0x9B, 0x7F, 0x7E, 0x80, 0x6D, 0x68 ; file 0E79EB
db 0x66, 0x58, 0x51, 0x85, 0xB8, 0xB1, 0xB2, 0xC2, 0xC8, 0xBD, 0xBE, 0xB6, 0x95, 0x92, 0xA3, 0x99 ; file 0E79FB
db 0x7A, 0x7D, 0x89, 0x73, 0x67, 0x63, 0x56, 0x49, 0x68, 0x91, 0x89, 0x90, 0xA4, 0xAD, 0xA7, 0xB0 ; file 0E7A0B
db 0xB7, 0x93, 0x88, 0x9A, 0x95, 0x75, 0x6A, 0x6E, 0x58, 0x4E, 0x49, 0x3B, 0x2E, 0x56, 0x92, 0x8A ; file 0E7A1B
db 0x86, 0x95, 0x9D, 0x94, 0x91, 0x8F, 0x6A, 0x62, 0x75, 0x70, 0x53, 0x51, 0x64, 0x51, 0x46, 0x43 ; file 0E7A2B
db 0x3A, 0x2C, 0x45, 0x75, 0x70, 0x75, 0x8E, 0x9F, 0x9F, 0xA8, 0xBA, 0x9B, 0x8E, 0xA0, 0xA2, 0x88 ; file 0E7A3B
db 0x7A, 0x85, 0x72, 0x6A, 0x68, 0x5F, 0x51, 0x71, 0xB6, 0xB2, 0xAB, 0xB9, 0xC5, 0xC1, 0xBC, 0xC0 ; file 0E7A4B
db 0x9E, 0x92, 0xA3, 0xA3, 0x83, 0x77, 0x8D, 0x7A, 0x6A, 0x65, 0x5C, 0x4C, 0x5A, 0x8E, 0x89, 0x85 ; file 0E7A5B
db 0x97, 0xA7, 0xA6, 0xA9, 0xBD, 0x9F, 0x8A, 0x98, 0x9D, 0x80, 0x69, 0x72, 0x5E, 0x51, 0x4C, 0x42 ; file 0E7A6B
db 0x30, 0x44, 0x8B, 0x8D, 0x80, 0x8B, 0x98, 0x96, 0x8F, 0x96, 0x75, 0x62, 0x71, 0x79, 0x5C, 0x4B ; file 0E7A7B
db 0x64, 0x57, 0x48, 0x43, 0x3E, 0x2F, 0x38, 0x6E, 0x71, 0x6A, 0x7D, 0x95, 0x9C, 0xA0, 0xBB, 0xA6 ; file 0E7A8B
db 0x90, 0x9C, 0xA9, 0x92, 0x78, 0x85, 0x78, 0x6C, 0x69, 0x64, 0x54, 0x61, 0xAC, 0xB7, 0xA8, 0xAF ; file 0E7A9B
db 0xBE, 0xC1, 0xBA, 0xC4, 0xAB, 0x94, 0x9F, 0xAB, 0x91, 0x75, 0x8B, 0x82, 0x6E, 0x66, 0x60, 0x50 ; file 0E7AAB
db 0x51, 0x86, 0x8E, 0x7F, 0x89, 0x9D, 0xA3, 0xA3, 0xBC, 0xAC, 0x8E, 0x94, 0xA2, 0x8D, 0x6C, 0x72 ; file 0E7ABB
db 0x67, 0x55, 0x4E, 0x47, 0x35, 0x38, 0x7D, 0x94, 0x80, 0x80, 0x91, 0x96, 0x8E, 0x97, 0x82, 0x65 ; file 0E7ACB
db 0x6C, 0x7E, 0x69, 0x4B, 0x5D, 0x5E, 0x4B, 0x43, 0x40, 0x33, 0x30, 0x61, 0x76, 0x66, 0x6E, 0x87 ; file 0E7ADB
db 0x95, 0x99, 0xB5, 0xB2, 0x95, 0x97, 0xAC, 0x9E, 0x7D, 0x81, 0x80, 0x6F, 0x6A, 0x68, 0x59, 0x58 ; file 0E7AEB
db 0x98, 0xBE, 0xAB, 0xA6, 0xB6, 0xBF, 0xB9, 0xC2, 0xB7, 0x99, 0x9B, 0xAE, 0x9E, 0x7A, 0x84, 0x8B ; file 0E7AFB
db 0x73, 0x68, 0x63, 0x56, 0x4D, 0x76, 0x95, 0x80, 0x7D, 0x91, 0x9D, 0x9E, 0xB4, 0xB8, 0x97, 0x91 ; file 0E7B0B
db 0xA4, 0x9A, 0x74, 0x6E, 0x6F, 0x5A, 0x51, 0x4C, 0x3C, 0x33, 0x67, 0x99, 0x85, 0x79, 0x87, 0x92 ; file 0E7B1B
db 0x8D, 0x93, 0x8F, 0x6D, 0x69, 0x7F, 0x75, 0x52, 0x54, 0x63, 0x50, 0x44, 0x42, 0x37, 0x2D, 0x50 ; file 0E7B2B
db 0x79, 0x69, 0x63, 0x77, 0x8A, 0x91, 0xA8, 0xBA, 0x9D, 0x95, 0xAA, 0xA8, 0x86, 0x7C, 0x85, 0x73 ; file 0E7B3B
db 0x6B, 0x6B, 0x5F, 0x55, 0x82, 0xC0, 0xB2, 0xA1, 0xAD, 0xB9, 0xB8, 0xBD, 0xC1, 0xA2, 0x99, 0xAD ; file 0E7B4B
db 0xAA, 0x86, 0x7D, 0x90, 0x7B, 0x6A, 0x66, 0x5B, 0x4D, 0x66, 0x96, 0x87, 0x77, 0x83, 0x94, 0x98 ; file 0E7B5B
db 0xA8, 0xBE, 0xA1, 0x91, 0xA2, 0xA4, 0x82, 0x6B, 0x73, 0x61, 0x54, 0x4F, 0x42, 0x33, 0x53, 0x97 ; file 0E7B6B
db 0x8F, 0x78, 0x7D, 0x8B, 0x8C, 0x8D, 0x96, 0x77, 0x68, 0x7B, 0x7E, 0x5E, 0x4E, 0x64, 0x56, 0x46 ; file 0E7B7B
db 0x42, 0x3B, 0x2E, 0x41, 0x76, 0x70, 0x5F, 0x68, 0x7D, 0x88, 0x9A, 0xBB, 0xA6, 0x96, 0xA6, 0xAF ; file 0E7B8B
db 0x95, 0x7A, 0x86, 0x79, 0x6E, 0x6C, 0x64, 0x56, 0x6E, 0xBA, 0xBB, 0xA4, 0xA4, 0xB1, 0xB6, 0xB7 ; file 0E7B9B
db 0xC6, 0xAC, 0x9A, 0xA9, 0xB2, 0x95, 0x7A, 0x90, 0x82, 0x6E, 0x67, 0x5F, 0x50, 0x59, 0x90, 0x90 ; file 0E7BAB
db 0x79, 0x78, 0x88, 0x91, 0x9C, 0xBD, 0xAB, 0x95, 0x9E, 0xAA, 0x91, 0x6E, 0x74, 0x67, 0x58, 0x51 ; file 0E7BBB
db 0x49, 0x37, 0x43, 0x8B, 0x98, 0x7E, 0x76, 0x82, 0x89, 0x87, 0x98, 0x81, 0x6B, 0x75, 0x84, 0x6B ; file 0E7BCB
db 0x4E, 0x61, 0x5B, 0x4A, 0x42, 0x3E, 0x31, 0x35, 0x6B, 0x76, 0x62, 0x5E, 0x6F, 0x7E, 0x8C, 0xB3 ; file 0E7BDB
db 0xAE, 0x99, 0xA0, 0xB3, 0xA1, 0x7F, 0x84, 0x7D, 0x71, 0x6D, 0x69, 0x5A, 0x61, 0xA9, 0xC2, 0xAD ; file 0E7BEB
db 0x9F, 0xA9, 0xB2, 0xB2, 0xC3, 0xB6, 0x9E, 0xA5, 0xB6, 0xA3, 0x80, 0x8B, 0x89, 0x75, 0x69, 0x63 ; file 0E7BFB
db 0x55, 0x52, 0x83, 0x97, 0x80, 0x72, 0x7C, 0x87, 0x90, 0xB3, 0xB4, 0x9A, 0x9B, 0xAD, 0x9E, 0x78 ; file 0E7C0B
db 0x72, 0x6D, 0x5D, 0x54, 0x4E, 0x3D, 0x3A, 0x78, 0x9D, 0x88, 0x74, 0x7A, 0x83, 0x82, 0x93, 0x8B ; file 0E7C1B
db 0x70, 0x72, 0x86, 0x78, 0x56, 0x5B, 0x60, 0x4F, 0x44, 0x40, 0x34, 0x2F, 0x5B, 0x7B, 0x69, 0x5B ; file 0E7C2B
db 0x63, 0x71, 0x7D, 0xA3, 0xB4, 0x9D, 0x9D, 0xB2, 0xAC, 0x8A, 0x81, 0x82, 0x74, 0x6E, 0x6C, 0x5F ; file 0E7C3B
db 0x5A, 0x93, 0xC6, 0xB6, 0xA2, 0xA3, 0xAC, 0xAD, 0xBB, 0xBE, 0xA4, 0xA2, 0xB6, 0xAF, 0x8B, 0x87 ; file 0E7C4B
db 0x90, 0x7B, 0x6C, 0x66, 0x5A, 0x4F, 0x73, 0x9A, 0x89, 0x74, 0x73, 0x7D, 0x84, 0xA3, 0xB9, 0xA1 ; file 0E7C5B
db 0x9A, 0xAC, 0xA8, 0x85, 0x72, 0x73, 0x61, 0x58, 0x52, 0x43, 0x37, 0x62, 0x9F, 0x91, 0x79, 0x75 ; file 0E7C6B
db 0x7C, 0x7E, 0x89, 0x92, 0x76, 0x70, 0x84, 0x82, 0x61, 0x56, 0x64, 0x53, 0x47, 0x42, 0x39, 0x2D ; file 0E7C7B
db 0x4A, 0x7B, 0x6F, 0x5D, 0x5B, 0x65, 0x70, 0x8F, 0xB3, 0xA2, 0x9C, 0xAF, 0xB3, 0x97, 0x81, 0x86 ; file 0E7C8B
db 0x76, 0x71, 0x6E, 0x64, 0x58, 0x7C, 0xC4, 0xBE, 0xA8, 0xA0, 0xA5, 0xA8, 0xB1, 0xC1, 0xAA, 0xA2 ; file 0E7C9B
db 0xB4, 0xB6, 0x99, 0x86, 0x94, 0x81, 0x71, 0x69, 0x5E, 0x50, 0x62, 0x99, 0x91, 0x7B, 0x71, 0x73 ; file 0E7CAB
db 0x7A, 0x90, 0xB6, 0xA7, 0x9B, 0xA9, 0xAF, 0x94, 0x76, 0x78, 0x65, 0x5B, 0x55, 0x4A, 0x39, 0x4F ; file 0E7CBB
db 0x98, 0x99, 0x81, 0x75, 0x75, 0x78, 0x7E, 0x94, 0x7D, 0x70, 0x80, 0x88, 0x6D, 0x56, 0x66, 0x58 ; file 0E7CCB
db 0x4A, 0x43, 0x3C, 0x2E, 0x3B, 0x74, 0x76, 0x63, 0x5A, 0x5C, 0x64, 0x7A, 0xAA, 0xA5, 0x9B, 0xAB ; file 0E7CDB
db 0xB8, 0xA3, 0x85, 0x89, 0x7A, 0x71, 0x70, 0x69, 0x5A, 0x6B, 0xB8, 0xC4, 0xB0, 0xA3, 0xA0, 0xA3 ; file 0E7CEB
db 0xA7, 0xBF, 0xB0, 0xA2, 0xB0, 0xBC, 0xA6, 0x89, 0x96, 0x88, 0x75, 0x6C, 0x63, 0x53, 0x57, 0x8E ; file 0E7CFB
db 0x98, 0x82, 0x73, 0x6E, 0x71, 0x7E, 0xAB, 0xAB, 0x9C, 0xA5, 0xB4, 0xA1, 0x7D, 0x7B, 0x6B, 0x5E ; file 0E7D0B
db 0x59, 0x50, 0x3E, 0x42, 0x89, 0xA0, 0x8A, 0x79, 0x73, 0x73, 0x75, 0x8D, 0x84, 0x71, 0x7C, 0x8D ; file 0E7D1B
db 0x79, 0x5B, 0x65, 0x5E, 0x4C, 0x45, 0x3F, 0x32, 0x31, 0x66, 0x7B, 0x69, 0x5C, 0x58, 0x5A, 0x68 ; file 0E7D2B
db 0x98, 0xA7, 0x9A, 0xA6, 0xBA, 0xAE, 0x8E, 0x8B, 0x81, 0x72, 0x71, 0x6E, 0x5F, 0x60, 0xA3, 0xC9 ; file 0E7D3B
db 0xB8, 0xA7, 0xA1, 0x9F, 0x9F, 0xB5, 0xB6, 0xA3, 0xAB, 0xBF, 0xB0, 0x90, 0x95, 0x91, 0x7A, 0x6E ; file 0E7D4B
db 0x67, 0x58, 0x51, 0x7E, 0x9D, 0x8A, 0x78, 0x6F, 0x6A, 0x6F, 0x98, 0xAD, 0x9D, 0xA1, 0xB6, 0xAB ; file 0E7D5B
db 0x88, 0x7D, 0x74, 0x61, 0x5B, 0x56, 0x44, 0x3C, 0x73, 0xA4, 0x93, 0x7E, 0x76, 0x6F, 0x6D, 0x80 ; file 0E7D6B
db 0x89, 0x73, 0x77, 0x8E, 0x83, 0x63, 0x62, 0x66, 0x50, 0x46, 0x42, 0x36, 0x2D, 0x54, 0x7E, 0x6F ; file 0E7D7B
db 0x5F, 0x59, 0x54, 0x59, 0x80, 0xA4, 0x99, 0x9F, 0xB9, 0xB7, 0x98, 0x8B, 0x89, 0x75, 0x71, 0x71 ; file 0E7D8B
db 0x64, 0x5C, 0x8D, 0xCA, 0xBF, 0xAC, 0xA5, 0x9D, 0x99, 0xA8, 0xB8, 0xA6, 0xA7, 0xBE, 0xBA, 0x9B ; file 0E7D9B
db 0x93, 0x9B, 0x80, 0x71, 0x6B, 0x5D, 0x50, 0x6C, 0x9E, 0x91, 0x7D, 0x73, 0x68, 0x65, 0x81, 0xA9 ; file 0E7DAB
db 0x9D, 0x9D, 0xB3, 0xB4, 0x95, 0x7F, 0x7E, 0x65, 0x5C, 0x59, 0x4B, 0x3C, 0x5E, 0xA2, 0x9A, 0x84 ; file 0E7DBB
db 0x7B, 0x70, 0x69, 0x73, 0x89, 0x76, 0x73, 0x8A, 0x8C, 0x6D, 0x5F, 0x6D, 0x56, 0x47, 0x44, 0x3A ; file 0E7DCB
db 0x2D, 0x43, 0x7A, 0x75, 0x63, 0x5C, 0x53, 0x4F, 0x67, 0x99, 0x98, 0x99, 0xB3, 0xBD, 0xA4, 0x8D ; file 0E7DDB
db 0x92, 0x7A, 0x71, 0x72, 0x6A, 0x5C, 0x77, 0xC4, 0xC6, 0xB2, 0xA9, 0xA0, 0x97, 0x9C, 0xB5, 0xA8 ; file 0E7DEB
db 0xA3, 0xB9, 0xC2, 0xA6, 0x92, 0xA1, 0x8A, 0x75, 0x6E, 0x64, 0x52, 0x5E, 0x97, 0x97, 0x82, 0x77 ; file 0E7DFB
db 0x6C, 0x5F, 0x6C, 0x9C, 0x9C, 0x98, 0xAD, 0xBB, 0xA2, 0x83, 0x85, 0x6D, 0x5E, 0x5B, 0x53, 0x3F ; file 0E7E0B
db 0x4D, 0x97, 0xA1, 0x8B, 0x7E, 0x75, 0x68, 0x67, 0x82, 0x79, 0x70, 0x84, 0x93, 0x79, 0x60, 0x70 ; file 0E7E1B
db 0x5F, 0x4A, 0x45, 0x3F, 0x2F, 0x36, 0x6F, 0x7A, 0x68, 0x5E, 0x56, 0x4B, 0x53, 0x87, 0x94, 0x93 ; file 0E7E2B
db 0xAA, 0xC1, 0xAF, 0x91, 0x95, 0x84, 0x72, 0x72, 0x6F, 0x5F, 0x68, 0xB3, 0xCB, 0xB9, 0xAC, 0xA6 ; file 0E7E3B
db 0x99, 0x92, 0xAC, 0xAA, 0xA1, 0xB2, 0xC6, 0xB2, 0x95, 0xA2, 0x96, 0x7B, 0x6F, 0x69, 0x57, 0x55 ; file 0E7E4B
db 0x89, 0x9D, 0x8A, 0x7B, 0x71, 0x60, 0x5D, 0x89, 0x9A, 0x94, 0xA5, 0xBD, 0xAE, 0x8B, 0x88, 0x79 ; file 0E7E5B
db 0x62, 0x5C, 0x58, 0x46, 0x43, 0x83, 0xA7, 0x93, 0x81, 0x7B, 0x6C, 0x60, 0x76, 0x7B, 0x6D, 0x7C ; file 0E7E6B
db 0x95, 0x85, 0x64, 0x6D, 0x6A, 0x50, 0x45, 0x42, 0x35, 0x2E, 0x5E, 0x7E, 0x6D, 0x60, 0x5B, 0x4D ; file 0E7E7B
db 0x46, 0x6E, 0x8E, 0x8C, 0x9F, 0xBF, 0xBA, 0x99, 0x95, 0x8F, 0x77, 0x71, 0x72, 0x65, 0x60, 0x9D ; file 0E7E8B
db 0xCE, 0xC0, 0xAF, 0xAB, 0x9F, 0x8E, 0x9F, 0xAB, 0x9E, 0xAA, 0xC5, 0xBE, 0x9C, 0x9F, 0xA2, 0x84 ; file 0E7E9B
db 0x72, 0x6D, 0x5F, 0x52, 0x77, 0xA0, 0x91, 0x7F, 0x76, 0x66, 0x56, 0x72, 0x95, 0x8F, 0x9B, 0xB9 ; file 0E7EAB
db 0xB8, 0x96, 0x88, 0x85, 0x69, 0x5D, 0x5B, 0x4D, 0x40, 0x6E, 0xA8, 0x9A, 0x86, 0x7F, 0x73, 0x5F ; file 0E7EBB
db 0x67, 0x79, 0x6B, 0x73, 0x91, 0x90, 0x6E, 0x68, 0x74, 0x59, 0x47, 0x43, 0x3A, 0x2C, 0x4B, 0x7D ; file 0E7ECB
db 0x72, 0x63, 0x5D, 0x52, 0x42, 0x57, 0x83, 0x83, 0x93, 0xB7, 0xC1, 0xA5, 0x93, 0x98, 0x7F, 0x72 ; file 0E7EDB
db 0x72, 0x6B, 0x5E, 0x84, 0xCC, 0xC6, 0xB4, 0xAE, 0xA5, 0x92, 0x92, 0xA8, 0x9C, 0xA2, 0xBF, 0xC6 ; file 0E7EEB
db 0xA8, 0x9A, 0xAA, 0x90, 0x78, 0x6F, 0x65, 0x54, 0x67, 0x9D, 0x97, 0x83, 0x7A, 0x6D, 0x58, 0x5E ; file 0E7EFB
db 0x8A, 0x89, 0x91, 0xB0, 0xBE, 0xA3, 0x89, 0x8D, 0x73, 0x61, 0x5C, 0x53, 0x42, 0x5A, 0xA3, 0xA2 ; file 0E7F0B
db 0x8C, 0x82, 0x7A, 0x66, 0x5D, 0x73, 0x6A, 0x6C, 0x88, 0x96, 0x7A, 0x65, 0x78, 0x64, 0x4C, 0x44 ; file 0E7F1B
db 0x3E, 0x2F, 0x3C, 0x75, 0x77, 0x67, 0x5F, 0x57, 0x46, 0x46, 0x73, 0x7C, 0x85, 0xA9, 0xC3, 0xB1 ; file 0E7F2B
db 0x95, 0x9C, 0x89, 0x76, 0x72, 0x6F, 0x61, 0x73, 0xC1, 0xCB, 0xB9, 0xB0, 0xAB, 0x9A, 0x8B, 0xA0 ; file 0E7F3B
db 0x9B, 0x9B, 0xB5, 0xC9, 0xB5, 0x9B, 0xAC, 0x9C, 0x80, 0x71, 0x6A, 0x59, 0x5B, 0x93, 0x9C, 0x89 ; file 0E7F4B
db 0x7D, 0x74, 0x60, 0x54, 0x79, 0x83, 0x86, 0xA4, 0xBF, 0xB0, 0x8F, 0x91, 0x7E, 0x67, 0x5D, 0x58 ; file 0E7F5B
db 0x48, 0x4C, 0x94, 0xA8, 0x93, 0x84, 0x7F, 0x6F, 0x5A, 0x6A, 0x68, 0x64, 0x7D, 0x97, 0x87, 0x68 ; file 0E7F6B
db 0x76, 0x6E, 0x54, 0x46, 0x40, 0x33, 0x32, 0x67, 0x7B, 0x6B, 0x61, 0x5B, 0x4D, 0x3E, 0x5F, 0x73 ; file 0E7F7B
db 0x78, 0x99, 0xBF, 0xBA, 0x9C, 0x9C, 0x93, 0x7D, 0x73, 0x71, 0x65, 0x68, 0xAD, 0xD0, 0xC0, 0xB2 ; file 0E7F8B
db 0xAF, 0xA3, 0x8D, 0x96, 0x9A, 0x94, 0xAA, 0xC8, 0xBF, 0xA0, 0xA8, 0xA7, 0x8B, 0x77, 0x6E, 0x5F ; file 0E7F9B
db 0x56, 0x83, 0xA0, 0x8F, 0x80, 0x79, 0x68, 0x53, 0x67, 0x7D, 0x7B, 0x94, 0xBA, 0xB9, 0x99, 0x90 ; file 0E7FAB
db 0x89, 0x70, 0x61, 0x5B, 0x4D, 0x47, 0x7F, 0xAC, 0x9B, 0x88, 0x83, 0x77, 0x60, 0x61, 0x67, 0x5E ; file 0E7FBB
db 0x71, 0x93, 0x90, 0x70, 0x71, 0x77, 0x5D, 0x4A, 0x42, 0x37, 0x2E, 0x55, 0x7D, 0x6F, 0x62, 0x5E ; file 0E7FCB
db 0x53, 0x40, 0x4E, 0x6A, 0x6B, 0x86, 0xB4, 0xBF, 0xA6, 0x9B, 0x9B, 0x85, 0x78, 0x73, 0x69, 0x63 ; file 0E7FDB
db 0x95, 0xD1, 0xC6, 0xB5, 0xB2, 0xA9, 0x95, 0x8F, 0x99, 0x8E, 0x9E, 0xC1, 0xC6, 0xAA, 0xA4, 0xAF ; file 0E7FEB
db 0x96, 0x7F, 0x71, 0x64, 0x57, 0x72, 0xA1, 0x95, 0x83, 0x7D, 0x6F, 0x59, 0x5B, 0x75, 0x71, 0x84 ; file 0E7FFB
db 0xAF, 0xBD, 0xA4, 0x91, 0x92, 0x79, 0x68, 0x5E, 0x52, 0x46, 0x69, 0xAB, 0xA2, 0x8D, 0x86, 0x7D ; file 0E800B
db 0x69, 0x5D, 0x66, 0x59, 0x65, 0x8A, 0x95, 0x7A, 0x6D, 0x7D, 0x67, 0x52, 0x45, 0x3B, 0x2F, 0x44 ; file 0E801B
db 0x79, 0x74, 0x65, 0x60, 0x57, 0x45, 0x43, 0x61, 0x61, 0x74, 0xA4, 0xBF, 0xAF, 0x9B, 0xA1, 0x8D ; file 0E802B
db 0x7E, 0x75, 0x6C, 0x62, 0x80, 0xCB, 0xCC, 0xBA, 0xB4, 0xAE, 0x9E, 0x8E, 0x97, 0x8A, 0x92, 0xB5 ; file 0E803B
db 0xC9, 0xB4, 0xA3, 0xB3, 0xA0, 0x88, 0x77, 0x6A, 0x59, 0x65, 0x9B, 0x9A, 0x88, 0x7F, 0x75, 0x61 ; file 0E804B
db 0x56, 0x6E, 0x6A, 0x73, 0x9D, 0xBC, 0xAE, 0x94, 0x97, 0x82, 0x6F, 0x63, 0x57, 0x48, 0x59, 0xA2 ; file 0E805B
db 0xA9, 0x94, 0x88, 0x81, 0x71, 0x5E, 0x64, 0x57, 0x59, 0x7B, 0x96, 0x85, 0x6D, 0x7F, 0x70, 0x59 ; file 0E806B
db 0x4B, 0x3F, 0x31, 0x38, 0x6F, 0x79, 0x68, 0x61, 0x5B, 0x4C, 0x40, 0x57, 0x59, 0x62, 0x8D, 0xB8 ; file 0E807B
db 0xB5, 0x9F, 0xA4, 0x95, 0x84, 0x7A, 0x71, 0x63, 0x70, 0xBC, 0xD1, 0xBF, 0xB5, 0xB2, 0xA5, 0x92 ; file 0E808B
db 0x96, 0x89, 0x87, 0xA6, 0xC7, 0xBD, 0xA5, 0xB3, 0xA9, 0x91, 0x7F, 0x70, 0x5E, 0x5D, 0x90, 0x9F ; file 0E809B
db 0x8D, 0x81, 0x7A, 0x69, 0x57, 0x67, 0x66, 0x66, 0x88, 0xB4, 0xB4, 0x9A, 0x99, 0x8C, 0x76, 0x69 ; file 0E80AB
db 0x5D, 0x4C, 0x4F, 0x91, 0xAF, 0x9B, 0x8B, 0x86, 0x79, 0x64, 0x64, 0x58, 0x50, 0x6B, 0x91, 0x8D ; file 0E80BB
db 0x72, 0x7C, 0x79, 0x61, 0x51, 0x45, 0x34, 0x31, 0x61, 0x7C, 0x6D, 0x62, 0x5F, 0x52, 0x41, 0x50 ; file 0E80CB
db 0x56, 0x54, 0x76, 0xAB, 0xB7, 0xA3, 0xA3, 0x9E, 0x8A, 0x7F, 0x76, 0x66, 0x67, 0xA7, 0xD4, 0xC6 ; file 0E80DB
db 0xB7, 0xB4, 0xAC, 0x98, 0x96, 0x8D, 0x7E, 0x96, 0xBF, 0xC2, 0xA9, 0xAF, 0xB2, 0x99, 0x87, 0x78 ; file 0E80EB
db 0x64, 0x59, 0x7F, 0xA3, 0x93, 0x83, 0x7E, 0x70, 0x5B, 0x61, 0x68, 0x5C, 0x73, 0xA6, 0xB6, 0xA1 ; file 0E80FB
db 0x9A, 0x96, 0x7D, 0x6F, 0x64, 0x51, 0x49, 0x7B, 0xB2, 0xA3, 0x8F, 0x89, 0x7F, 0x6A, 0x64, 0x5E ; file 0E810B
db 0x4A, 0x5B, 0x86, 0x91, 0x78, 0x77, 0x81, 0x68, 0x57, 0x4C, 0x3A, 0x2E, 0x4F, 0x7D, 0x71, 0x63 ; file 0E811B
db 0x60, 0x57, 0x45, 0x49, 0x57, 0x4A, 0x60, 0x97, 0xB4, 0xA8, 0xA1, 0xA5, 0x90, 0x84, 0x7D, 0x6C ; file 0E812B
db 0x62, 0x8F, 0xD2, 0xCB, 0xBA, 0xB6, 0xB0, 0x9F, 0x96, 0x95, 0x7B, 0x87, 0xB1, 0xC3, 0xB0, 0xAB ; file 0E813B
db 0xBA, 0xA2, 0x8F, 0x81, 0x6C, 0x5A, 0x70, 0xA3, 0x99, 0x87, 0x80, 0x76, 0x61, 0x5D, 0x6B, 0x57 ; file 0E814B
db 0x61, 0x92, 0xB2, 0xA7, 0x98, 0x9E, 0x85, 0x75, 0x6B, 0x59, 0x49, 0x66, 0xAE, 0xAA, 0x95, 0x8C ; file 0E815B
db 0x84, 0x72, 0x64, 0x66, 0x4A, 0x4D, 0x75, 0x8F, 0x7F, 0x72, 0x87, 0x71, 0x5D, 0x52, 0x42, 0x2F ; file 0E816B
db 0x3F, 0x78, 0x76, 0x66, 0x61, 0x5B, 0x4B, 0x45, 0x59, 0x47, 0x4E, 0x7F, 0xAB, 0xAB, 0x9E, 0xAA ; file 0E817B
db 0x98, 0x89, 0x82, 0x75, 0x62, 0x79, 0xC9, 0xD1, 0xBF, 0xB8, 0xB4, 0xA6, 0x97, 0x9C, 0x7F, 0x7A ; file 0E818B
db 0xA0, 0xC0, 0xB7, 0xA7, 0xBC, 0xAC, 0x95, 0x88, 0x76, 0x5F, 0x63, 0x9C, 0x9F, 0x8C, 0x82, 0x7B ; file 0E819B
db 0x68, 0x5B, 0x6D, 0x5A, 0x53, 0x7A, 0xA8, 0xAA, 0x98, 0xA1, 0x8F, 0x7B, 0x71, 0x63, 0x4C, 0x56 ; file 0E81AB
db 0xA1, 0xB1, 0x9C, 0x8E, 0x88, 0x7A, 0x66, 0x6A, 0x51, 0x43, 0x62, 0x89, 0x84, 0x71, 0x86, 0x7B ; file 0E81BB
db 0x63, 0x57, 0x4A, 0x34, 0x34, 0x6B, 0x7B, 0x69, 0x61, 0x5E, 0x51, 0x43, 0x56, 0x4C, 0x40, 0x65 ; file 0E81CB
db 0x9B, 0xA9, 0x9D, 0xA9, 0xA0, 0x8E, 0x86, 0x7D, 0x67, 0x6C, 0xB6, 0xD6, 0xC5, 0xB9, 0xB7, 0xAD ; file 0E81DB
db 0x9B, 0x9E, 0x8A, 0x73, 0x8D, 0xB7, 0xBA, 0xA7, 0xB8, 0xB6, 0x9D, 0x8E, 0x80, 0x67, 0x5D, 0x8C ; file 0E81EB
db 0xA5, 0x91, 0x83, 0x7E, 0x6F, 0x5D, 0x6A, 0x64, 0x4C, 0x64, 0x98, 0xA8, 0x9A, 0x9F, 0x9A, 0x81 ; file 0E81FB
db 0x76, 0x6C, 0x54, 0x4D, 0x8C, 0xB7, 0xA3, 0x91, 0x8D, 0x81, 0x6C, 0x6B, 0x5D, 0x41, 0x51, 0x7C ; file 0E820B
db 0x86, 0x73, 0x7F, 0x85, 0x6B, 0x5B, 0x52, 0x3D, 0x2F, 0x59, 0x7F, 0x6E, 0x61, 0x5F, 0x55, 0x45 ; file 0E821B
db 0x50, 0x55, 0x3C, 0x4F, 0x86, 0xA3, 0x9C, 0xA2, 0xA8, 0x94, 0x8A, 0x84, 0x70, 0x65, 0x9D, 0xD8 ; file 0E822B
db 0xCC, 0xBB, 0xB9, 0xB2, 0xA0, 0x9D, 0x98, 0x75, 0x7D, 0xA9, 0xB9, 0xAA, 0xB0, 0xBE, 0xA5, 0x93 ; file 0E823B
db 0x88, 0x72, 0x5D, 0x7B, 0xA8, 0x98, 0x86, 0x81, 0x75, 0x61, 0x64, 0x6D, 0x4E, 0x52, 0x83, 0xA2 ; file 0E824B
db 0x9A, 0x99, 0xA1, 0x8A, 0x7B, 0x72, 0x5F, 0x4C, 0x72, 0xB6, 0xAC, 0x96, 0x8F, 0x86, 0x73, 0x6A ; file 0E825B
db 0x69, 0x46, 0x44, 0x6C, 0x83, 0x76, 0x77, 0x8C, 0x74, 0x60, 0x57, 0x47, 0x31, 0x47, 0x7D, 0x74 ; file 0E826B
db 0x63, 0x60, 0x59, 0x49, 0x4A, 0x5B, 0x40, 0x3E, 0x6D, 0x97, 0x9A, 0x9A, 0xAC, 0x9B, 0x8E, 0x89 ; file 0E827B
db 0x7A, 0x66, 0x84, 0xD2, 0xD2, 0xBF, 0xBA, 0xB6, 0xA7, 0x9C, 0xA1, 0x7F, 0x73, 0x98, 0xB5, 0xAC ; file 0E828B
db 0xA9, 0xC1, 0xAF, 0x99, 0x8E, 0x7E, 0x64, 0x6C, 0xA4, 0xA0, 0x8B, 0x82, 0x7A, 0x67, 0x60, 0x72 ; file 0E829B
db 0x57, 0x49, 0x6C, 0x96, 0x99, 0x93, 0xA3, 0x93, 0x80, 0x77, 0x69, 0x51, 0x5F, 0xAC, 0xB3, 0x9C ; file 0E82AB
db 0x92, 0x8B, 0x7B, 0x6A, 0x6F, 0x51, 0x3F, 0x5B, 0x7C, 0x78, 0x6F, 0x8B, 0x7E, 0x66, 0x5B, 0x4F ; file 0E82BB
db 0x38, 0x3A, 0x72, 0x7A, 0x67, 0x60, 0x5C, 0x4E, 0x46, 0x5B, 0x49, 0x37, 0x56, 0x87, 0x95, 0x92 ; file 0E82CB
db 0xA9, 0xA2, 0x93, 0x8C, 0x83, 0x6D, 0x74, 0xC2, 0xD7, 0xC5, 0xBB, 0xB9, 0xAE, 0x9D, 0xA4, 0x8B ; file 0E82DB
db 0x72, 0x87, 0xAC, 0xAE, 0xA3, 0xBD, 0xB8, 0xA1, 0x93, 0x87, 0x6E, 0x65, 0x98, 0xA6, 0x91, 0x84 ; file 0E82EB
db 0x7E, 0x6E, 0x5F, 0x71, 0x63, 0x49, 0x58, 0x86, 0x95, 0x8D, 0x9F, 0x9A, 0x87, 0x7B, 0x71, 0x5A ; file 0E82FB
db 0x55, 0x9A, 0xB8, 0xA5, 0x94, 0x8F, 0x82, 0x6D, 0x71, 0x5E, 0x41, 0x4C, 0x70, 0x77, 0x6B, 0x83 ; file 0E830B
db 0x86, 0x6E, 0x5F, 0x56, 0x42, 0x36, 0x63, 0x7E, 0x6D, 0x60, 0x5E, 0x53, 0x45, 0x56, 0x54, 0x39 ; file 0E831B
db 0x43, 0x73, 0x8C, 0x8B, 0x9F, 0xA6, 0x98, 0x8F, 0x89, 0x76, 0x6D, 0xAB, 0xD9, 0xCC, 0xBC, 0xBB ; file 0E832B
db 0xB3, 0xA1, 0xA3, 0x98, 0x79, 0x7B, 0xA0, 0xAB, 0xA0, 0xB4, 0xBF, 0xA9, 0x98, 0x8E, 0x79, 0x66 ; file 0E833B
db 0x89, 0xAA, 0x99, 0x87, 0x81, 0x74, 0x62, 0x6C, 0x6E, 0x4F, 0x4D, 0x74, 0x8C, 0x88, 0x95, 0x9F ; file 0E834B
db 0x8E, 0x81, 0x78, 0x64, 0x54, 0x82, 0xBA, 0xAD, 0x98, 0x93, 0x88, 0x73, 0x6F, 0x69, 0x49, 0x44 ; file 0E835B
db 0x63, 0x73, 0x69, 0x77, 0x8C, 0x76, 0x64, 0x5B, 0x4B, 0x38, 0x52, 0x7E, 0x72, 0x63, 0x5F, 0x57 ; file 0E836B
db 0x48, 0x4F, 0x5B, 0x3F, 0x3B, 0x5F, 0x80, 0x83, 0x92, 0xA8, 0x9C, 0x94, 0x8E, 0x7F, 0x6E, 0x95 ; file 0E837B
db 0xD6, 0xD2, 0xC0, 0xBC, 0xB7, 0xA7, 0xA1, 0xA2, 0x81, 0x77, 0x93, 0xA6, 0x9F, 0xA7, 0xC1, 0xB0 ; file 0E838B
db 0x9F, 0x93, 0x82, 0x6B, 0x7A, 0xAA, 0x9F, 0x8C, 0x83, 0x79, 0x66, 0x65, 0x75, 0x57, 0x4A, 0x63 ; file 0E839B
db 0x81, 0x83, 0x88, 0xA0, 0x93, 0x87, 0x7D, 0x6D, 0x59, 0x70, 0xB5, 0xB3, 0x9F, 0x95, 0x8D, 0x7B ; file 0E83AB
db 0x6E, 0x71, 0x52, 0x43, 0x57, 0x6D, 0x67, 0x6B, 0x8B, 0x7D, 0x6A, 0x5F, 0x52, 0x3E, 0x46, 0x79 ; file 0E83BB
db 0x77, 0x67, 0x60, 0x5A, 0x4B, 0x49, 0x5E, 0x47, 0x39, 0x4F, 0x71, 0x7B, 0x82, 0xA3, 0x9F, 0x97 ; file 0E83CB
db 0x92, 0x86, 0x73, 0x83, 0xCC, 0xD5, 0xC6, 0xBD, 0xBA, 0xAE, 0xA1, 0xA8, 0x8C, 0x79, 0x88, 0xA0 ; file 0E83DB
db 0x9D, 0x9C, 0xBE, 0xB6, 0xA5, 0x98, 0x8B, 0x74, 0x73, 0xA4, 0xA5, 0x92, 0x86, 0x7D, 0x6C, 0x62 ; file 0E83EB
db 0x77, 0x62, 0x4C, 0x58, 0x75, 0x7D, 0x7C, 0x99, 0x97, 0x8C, 0x82, 0x75, 0x60, 0x64, 0xA9, 0xB8 ; file 0E83FB
db 0xA5, 0x98, 0x91, 0x82, 0x70, 0x75, 0x5C, 0x46, 0x50, 0x66, 0x66, 0x60, 0x83, 0x83, 0x70, 0x64 ; file 0E840B
db 0x58, 0x45, 0x41, 0x6F, 0x7B, 0x6B, 0x61, 0x5C, 0x50, 0x45, 0x5B, 0x51, 0x3A, 0x45, 0x64, 0x72 ; file 0E841B
db 0x74, 0x96, 0x9F, 0x99, 0x95, 0x8D, 0x7A, 0x7B, 0xBC, 0xD9, 0xCB, 0xC0, 0xBC, 0xB3, 0xA3, 0xA9 ; file 0E842B
db 0x97, 0x7D, 0x83, 0x9A, 0x9B, 0x94, 0xB3, 0xBB, 0xAA, 0x9E, 0x92, 0x7D, 0x71, 0x99, 0xAB, 0x98 ; file 0E843B
db 0x8A, 0x81, 0x72, 0x62, 0x72, 0x6C, 0x50, 0x52, 0x6B, 0x75, 0x72, 0x8B, 0x98, 0x8E, 0x87, 0x7D ; file 0E844B
db 0x68, 0x60, 0x97, 0xBC, 0xAB, 0x9C, 0x96, 0x8A, 0x74, 0x75, 0x68, 0x4B, 0x4C, 0x61, 0x63, 0x5A ; file 0E845B
db 0x74, 0x87, 0x76, 0x69, 0x5F, 0x4D, 0x40, 0x63, 0x7F, 0x6F, 0x63, 0x5F, 0x54, 0x46, 0x54, 0x5A ; file 0E846B
db 0x3F, 0x3F, 0x59, 0x68, 0x69, 0x83, 0x9D, 0x99, 0x98, 0x93, 0x81, 0x77, 0xA9, 0xDA, 0xCF, 0xC1 ; file 0E847B
db 0xBF, 0xB7, 0xA7, 0xA6, 0xA2, 0x83, 0x81, 0x96, 0x99, 0x8F, 0xA3, 0xBD, 0xAF, 0xA2, 0x99, 0x86 ; file 0E848B
db 0x73, 0x8E, 0xB0, 0x9E, 0x8E, 0x85, 0x77, 0x65, 0x6B, 0x76, 0x57, 0x4F, 0x64, 0x6F, 0x6A, 0x7A ; file 0E849B
db 0x95, 0x8F, 0x8B, 0x84, 0x70, 0x60, 0x85, 0xBD, 0xB1, 0xA0, 0x9A, 0x8F, 0x7C, 0x73, 0x72, 0x52 ; file 0E84AB
db 0x4B, 0x5E, 0x62, 0x56, 0x64, 0x85, 0x7A, 0x6D, 0x64, 0x54, 0x42, 0x56, 0x81, 0x74, 0x65, 0x61 ; file 0E84BB
db 0x58, 0x49, 0x4C, 0x5F, 0x45, 0x3C, 0x52, 0x61, 0x61, 0x6F, 0x95, 0x96, 0x98, 0x97, 0x89, 0x78 ; file 0E84CB
db 0x97, 0xD8, 0xD3, 0xC4, 0xC1, 0xBB, 0xAD, 0xA4, 0xAA, 0x8B, 0x80, 0x93, 0x99, 0x8C, 0x93, 0xB8 ; file 0E84DB
db 0xB2, 0xA6, 0x9E, 0x8E, 0x78, 0x83, 0xB1, 0xA5, 0x92, 0x89, 0x7D, 0x6A, 0x65, 0x7A, 0x60, 0x4F ; file 0E84EB
db 0x5F, 0x6C, 0x65, 0x69, 0x8C, 0x8E, 0x8B, 0x89, 0x7A, 0x64, 0x74, 0xB9, 0xB7, 0xA4, 0x9C, 0x94 ; file 0E84FB
db 0x83, 0x73, 0x79, 0x5B, 0x4B, 0x5A, 0x63, 0x55, 0x55, 0x7D, 0x7C, 0x70, 0x69, 0x5C, 0x48, 0x4C ; file 0E850B
db 0x7E, 0x7B, 0x68, 0x62, 0x5C, 0x4D, 0x47, 0x5F, 0x4E, 0x3C, 0x4C, 0x5E, 0x5B, 0x5E, 0x86, 0x92 ; file 0E851B
db 0x95, 0x98, 0x92, 0x7D, 0x88, 0xCF, 0xD9, 0xC8, 0xC1, 0xBF, 0xB3, 0xA4, 0xAD, 0x96, 0x81, 0x8E ; file 0E852B
db 0x9C, 0x8D, 0x86, 0xAD, 0xB4, 0xA9, 0xA2, 0x97, 0x80, 0x7C, 0xAC, 0xAE, 0x97, 0x8C, 0x83, 0x70 ; file 0E853B
db 0x63, 0x78, 0x6A, 0x52, 0x5A, 0x6C, 0x63, 0x5C, 0x7D, 0x8A, 0x8A, 0x8B, 0x83, 0x6B, 0x6B, 0xAD ; file 0E854B
db 0xBF, 0xAA, 0x9E, 0x9A, 0x8B, 0x76, 0x7B, 0x66, 0x4E, 0x55, 0x66, 0x58, 0x4B, 0x6E, 0x7D, 0x72 ; file 0E855B
db 0x6B, 0x63, 0x4F, 0x47, 0x74, 0x83, 0x6D, 0x62, 0x5F, 0x52, 0x45, 0x59, 0x56, 0x3E, 0x45, 0x5D ; file 0E856B
db 0x59, 0x51, 0x71, 0x8B, 0x91, 0x97, 0x97, 0x84, 0x80, 0xBE, 0xE0, 0xCD, 0xC1, 0xC1, 0xB8, 0xA7 ; file 0E857B
db 0xAB, 0xA0, 0x85, 0x8A, 0x9E, 0x92, 0x7E, 0x9C, 0xB3, 0xAA, 0xA4, 0x9E, 0x89, 0x7B, 0xA1, 0xB8 ; file 0E858B
db 0x9F, 0x8E, 0x88, 0x77, 0x64, 0x70, 0x74, 0x57, 0x56, 0x6C, 0x67, 0x55, 0x69, 0x84, 0x85, 0x8A ; file 0E859B
db 0x89, 0x75, 0x67, 0x9A, 0xC7, 0xB1, 0x9F, 0x9D, 0x92, 0x7C, 0x79, 0x72, 0x53, 0x51, 0x66, 0x5E ; file 0E85AB
db 0x47, 0x5B, 0x7A, 0x72, 0x6C, 0x68, 0x57, 0x47, 0x66, 0x8B, 0x74, 0x63, 0x61, 0x57, 0x46, 0x50 ; file 0E85BB
db 0x5D, 0x43, 0x40, 0x59, 0x5C, 0x4C, 0x5B, 0x80, 0x89, 0x93, 0x99, 0x8D, 0x7E, 0xAA, 0xE4, 0xD5 ; file 0E85CB
db 0xC2, 0xC3, 0xBD, 0xAC, 0xA8, 0xAA, 0x8B, 0x86, 0x9D, 0x9B, 0x7F, 0x89, 0xAE, 0xAA, 0xA4, 0xA1 ; file 0E85DB
db 0x93, 0x7D, 0x93, 0xBD, 0xA9, 0x92, 0x8B, 0x7F, 0x69, 0x69, 0x7B, 0x5E, 0x53, 0x68, 0x6C, 0x55 ; file 0E85EB
db 0x57, 0x79, 0x7F, 0x86, 0x8B, 0x7E, 0x69, 0x87, 0xC8, 0xBB, 0xA3, 0x9E, 0x98, 0x84, 0x78, 0x7B ; file 0E85FB
db 0x5B, 0x50, 0x63, 0x67, 0x4B, 0x4B, 0x72, 0x71, 0x6C, 0x6A, 0x60, 0x4B, 0x58, 0x8B, 0x7E, 0x67 ; file 0E860B
db 0x61, 0x5B, 0x4A, 0x48, 0x5F, 0x4A, 0x3E, 0x53, 0x60, 0x4D, 0x4A, 0x71, 0x7F, 0x8C, 0x97, 0x94 ; file 0E861B
db 0x81, 0x97, 0xDF, 0xDE, 0xC7, 0xC2, 0xC0, 0xB3, 0xA7, 0xAF, 0x94, 0x85, 0x98, 0xA2, 0x87, 0x7B ; file 0E862B
db 0xA4, 0xA8, 0xA4, 0xA2, 0x9A, 0x84, 0x88, 0xBB, 0xB5, 0x99, 0x8D, 0x84, 0x70, 0x65, 0x7B, 0x67 ; file 0E863B
db 0x54, 0x62, 0x71, 0x5C, 0x4B, 0x6A, 0x77, 0x7F, 0x89, 0x85, 0x70, 0x78, 0xBF, 0xC6, 0xAB, 0x9E ; file 0E864B
db 0x9C, 0x8D, 0x79, 0x7F, 0x65, 0x51, 0x5D, 0x6C, 0x55, 0x41, 0x65, 0x6F, 0x6B, 0x6B, 0x65, 0x52 ; file 0E865B
db 0x4F, 0x83, 0x89, 0x6E, 0x62, 0x5E, 0x50, 0x44, 0x5C, 0x52, 0x3E, 0x4B, 0x61, 0x54, 0x40, 0x5E ; file 0E866B
db 0x73, 0x82, 0x92, 0x97, 0x88, 0x8B, 0xD0, 0xE6, 0xCF, 0xC1, 0xC2, 0xBA, 0xA8, 0xB0, 0x9E, 0x87 ; file 0E867B
db 0x92, 0xA6, 0x94, 0x76, 0x94, 0xA5, 0xA2, 0xA2, 0x9F, 0x8E, 0x83, 0xB1, 0xBF, 0xA3, 0x90, 0x89 ; file 0E868B
db 0x78, 0x65, 0x76, 0x70, 0x57, 0x5C, 0x72, 0x66, 0x48, 0x59, 0x6E, 0x76, 0x83, 0x88, 0x78, 0x71 ; file 0E869B
db 0xAE, 0xCE, 0xB5, 0xA0, 0x9E, 0x94, 0x7D, 0x7F, 0x70, 0x54, 0x58, 0x6D, 0x60, 0x41, 0x54, 0x6B ; file 0E86AB
db 0x68, 0x69, 0x69, 0x5A, 0x4E, 0x75, 0x91, 0x79, 0x64, 0x60, 0x56, 0x45, 0x54, 0x59, 0x41, 0x45 ; file 0E86BB
db 0x5F, 0x5C, 0x41, 0x4B, 0x68, 0x75, 0x88, 0x96, 0x8E, 0x87, 0xBC, 0xEC, 0xD9, 0xC4, 0xC2, 0xBE ; file 0E86CB
db 0xAD, 0xAD, 0xA8, 0x8C, 0x8D, 0xA5, 0x9E, 0x7D, 0x83, 0xA0, 0x9E, 0x9F, 0xA1, 0x95, 0x84, 0xA2 ; file 0E86DB
db 0xC6, 0xAF, 0x96, 0x8C, 0x7F, 0x69, 0x6F, 0x79, 0x5C, 0x58, 0x6F, 0x6E, 0x50, 0x4B, 0x64, 0x6C ; file 0E86EB
db 0x7B, 0x87, 0x7F, 0x71, 0x99, 0xD2, 0xC0, 0xA6, 0x9F, 0x99, 0x85, 0x7D, 0x7B, 0x5A, 0x55, 0x6A ; file 0E86FB
db 0x6A, 0x4A, 0x46, 0x64, 0x64, 0x65, 0x69, 0x60, 0x50, 0x65, 0x94, 0x83, 0x6A, 0x61, 0x59, 0x4A ; file 0E870B
db 0x4C, 0x5E, 0x46, 0x40, 0x59, 0x61, 0x49, 0x3E, 0x5B, 0x68, 0x7C, 0x90, 0x92, 0x87, 0xA8, 0xEB ; file 0E871B
db 0xE2, 0xCA, 0xC2, 0xC0, 0xB3, 0xAA, 0xB0, 0x93, 0x8A, 0xA0, 0xA6, 0x88, 0x7A, 0x99, 0x9A, 0x9B ; file 0E872B
db 0xA0, 0x9A, 0x89, 0x96, 0xC6, 0xBA, 0x9F, 0x90, 0x84, 0x70, 0x69, 0x7D, 0x63, 0x56, 0x69, 0x74 ; file 0E873B
db 0x5B, 0x45, 0x59, 0x61, 0x70, 0x81, 0x82, 0x74, 0x88, 0xCD, 0xCB, 0xB0, 0xA1, 0x9B, 0x8E, 0x7D ; file 0E874B
db 0x82, 0x63, 0x54, 0x65, 0x6F, 0x56, 0x41, 0x5C, 0x5F, 0x60, 0x66, 0x64, 0x55, 0x5B, 0x8F, 0x8D ; file 0E875B
db 0x73, 0x64, 0x5C, 0x4F, 0x47, 0x5E, 0x4D, 0x3E, 0x51, 0x64, 0x53, 0x3B, 0x4F, 0x5B, 0x6E, 0x86 ; file 0E876B
db 0x92, 0x89, 0x99, 0xE1, 0xEB, 0xD4, 0xC5, 0xC1, 0xB9, 0xAB, 0xB2, 0x9C, 0x8A, 0x9A, 0xAA, 0x95 ; file 0E877B
db 0x79, 0x90, 0x96, 0x96, 0x9C, 0x9D, 0x8F, 0x8F, 0xBF, 0xC3, 0xAA, 0x96, 0x89, 0x78, 0x69, 0x7B ; file 0E878B
db 0x6C, 0x57, 0x62, 0x76, 0x66, 0x48, 0x50, 0x58, 0x64, 0x77, 0x82, 0x78, 0x7D, 0xC0, 0xD3, 0xBB ; file 0E879B
db 0xA6, 0x9E, 0x94, 0x81, 0x84, 0x6E, 0x56, 0x60, 0x72, 0x61, 0x44, 0x52, 0x5B, 0x5A, 0x61, 0x65 ; file 0E87AB
db 0x5A, 0x56, 0x84, 0x94, 0x7D, 0x69, 0x60, 0x53, 0x46, 0x59, 0x55, 0x3F, 0x49, 0x63, 0x5B, 0x3F ; file 0E87BB
db 0x44, 0x51, 0x5F, 0x79, 0x8D, 0x8B, 0x8F, 0xCF, 0xF1, 0xDE, 0xCA, 0xC3, 0xBC, 0xAE, 0xB2, 0xA5 ; file 0E87CB
db 0x8C, 0x94, 0xAB, 0xA0, 0x80, 0x87, 0x93, 0x90, 0x96, 0x9D, 0x94, 0x8C, 0xB3, 0xCB, 0xB4, 0x9E ; file 0E87DB
db 0x8F, 0x7E, 0x6B, 0x76, 0x76, 0x5A, 0x5C, 0x75, 0x6F, 0x50, 0x4A, 0x51, 0x57, 0x6B, 0x7D, 0x7B ; file 0E87EB
db 0x78, 0xAE, 0xD9, 0xC5, 0xAD, 0xA3, 0x98, 0x86, 0x84, 0x7A, 0x5B, 0x5B, 0x71, 0x6A, 0x4C, 0x4C ; file 0E87FB
db 0x58, 0x54, 0x5A, 0x63, 0x5E, 0x54, 0x75, 0x99, 0x86, 0x70, 0x64, 0x57, 0x48, 0x52, 0x5B, 0x42 ; file 0E880B
db 0x43, 0x5E, 0x61, 0x47, 0x3F, 0x4A, 0x51, 0x68, 0x82, 0x8A, 0x8A, 0xBA, 0xF3, 0xE6, 0xD0, 0xC7 ; file 0E881B
db 0xBF, 0xB2, 0xB0, 0xAE, 0x92, 0x8F, 0xA8, 0xA7, 0x8A, 0x82, 0x92, 0x8A, 0x8F, 0x99, 0x97, 0x8C ; file 0E882B
db 0xA5, 0xCE, 0xBD, 0xA6, 0x97, 0x84, 0x6F, 0x71, 0x7D, 0x60, 0x58, 0x70, 0x76, 0x5A, 0x48, 0x4F ; file 0E883B
db 0x4D, 0x5D, 0x73, 0x7A, 0x75, 0x9A, 0xD9, 0xCE, 0xB6, 0xA8, 0x9C, 0x8C, 0x83, 0x83, 0x62, 0x59 ; file 0E884B
db 0x6D, 0x71, 0x56, 0x48, 0x59, 0x50, 0x52, 0x5E, 0x5F, 0x55, 0x68, 0x99, 0x8E, 0x78, 0x6A, 0x5C ; file 0E885B
db 0x4B, 0x4B, 0x5F, 0x48, 0x3F, 0x56, 0x65, 0x50, 0x3D, 0x48, 0x46, 0x58, 0x74, 0x85, 0x85, 0xA6 ; file 0E886B
db 0xEF, 0xED, 0xD8, 0xCC, 0xC2, 0xB6, 0xAD, 0xB5, 0x99, 0x8D, 0xA2, 0xAD, 0x95, 0x81, 0x93, 0x88 ; file 0E887B
db 0x87, 0x93, 0x97, 0x8E, 0x9A, 0xCC, 0xC6, 0xAE, 0x9E, 0x8C, 0x76, 0x6D, 0x81, 0x68, 0x58, 0x68 ; file 0E888B
db 0x79, 0x65, 0x4A, 0x50, 0x47, 0x50, 0x67, 0x76, 0x73, 0x88, 0xD2, 0xD7, 0xBE, 0xAE, 0xA2, 0x93 ; file 0E889B
db 0x83, 0x8A, 0x6D, 0x59, 0x67, 0x76, 0x61, 0x49, 0x59, 0x4F, 0x4C, 0x56, 0x5E, 0x57, 0x5D, 0x93 ; file 0E88AB
db 0x97, 0x80, 0x70, 0x63, 0x50, 0x47, 0x5E, 0x50, 0x3E, 0x4D, 0x65, 0x59, 0x3F, 0x47, 0x41, 0x49 ; file 0E88BB
db 0x64, 0x7C, 0x81, 0x95, 0xE1, 0xF5, 0xE0, 0xD1, 0xC8, 0xBB, 0xAD, 0xB6, 0xA3, 0x8E, 0x9A, 0xAF ; file 0E88CB
db 0x9F, 0x83, 0x92, 0x8B, 0x81, 0x8A, 0x94, 0x90, 0x91, 0xC3, 0xCF, 0xB7, 0xA5, 0x96, 0x7E, 0x6C ; file 0E88DB
db 0x7E, 0x73, 0x59, 0x61, 0x79, 0x6F, 0x50, 0x50, 0x48, 0x45, 0x58, 0x6E, 0x70, 0x7C, 0xC0, 0xDF ; file 0E88EB
db 0xC8, 0xB4, 0xAA, 0x99, 0x85, 0x8A, 0x79, 0x5D, 0x62, 0x77, 0x6B, 0x4D, 0x56, 0x55, 0x46, 0x4D ; file 0E88FB
db 0x59, 0x57, 0x57, 0x85, 0x9E, 0x88, 0x76, 0x6B, 0x57, 0x46, 0x57, 0x59, 0x3F, 0x46, 0x62, 0x60 ; file 0E890B
db 0x45, 0x44, 0x44, 0x3E, 0x53, 0x6F, 0x7B, 0x88, 0xCA, 0xFA, 0xE8, 0xD6, 0xCE, 0xC1, 0xAF, 0xB3 ; file 0E891B
db 0xAE, 0x91, 0x95, 0xAD, 0xA8, 0x8A, 0x8E, 0x93, 0x7E, 0x80, 0x8F, 0x8F, 0x8C, 0xB3, 0xD6, 0xC0 ; file 0E892B
db 0xAB, 0x9F, 0x88, 0x70, 0x78, 0x7E, 0x5E, 0x5C, 0x75, 0x76, 0x59, 0x4E, 0x4F, 0x3F, 0x4A, 0x62 ; file 0E893B
db 0x6C, 0x71, 0xA9, 0xE3, 0xD1, 0xBA, 0xB0, 0xA1, 0x8B, 0x87, 0x85, 0x63, 0x5E, 0x75, 0x73, 0x55 ; file 0E894B
db 0x51, 0x5C, 0x47, 0x44, 0x52, 0x56, 0x53, 0x74, 0xA2, 0x91, 0x7B, 0x71, 0x60, 0x49, 0x4F, 0x60 ; file 0E895B
db 0x44, 0x40, 0x5B, 0x64, 0x4D, 0x41, 0x49, 0x3A, 0x44, 0x5F, 0x72, 0x7D, 0xB0, 0xF9, 0xF0, 0xDB ; file 0E896B
db 0xD3, 0xC8, 0xB4, 0xAF, 0xB5, 0x98, 0x91, 0xA8, 0xAE, 0x94, 0x89, 0x9A, 0x83, 0x7A, 0x85, 0x8D ; file 0E897B
db 0x89, 0xA2, 0xD6, 0xCA, 0xB2, 0xA6, 0x94, 0x77, 0x71, 0x84, 0x67, 0x59, 0x6E, 0x7B, 0x63, 0x4E ; file 0E898B
db 0x54, 0x40, 0x3F, 0x54, 0x64, 0x6A, 0x91, 0xDE, 0xDB, 0xC1, 0xB6, 0xA9, 0x93, 0x84, 0x8C, 0x6D ; file 0E899B
db 0x5D, 0x6F, 0x79, 0x5F, 0x4E, 0x60, 0x4D, 0x3F, 0x49, 0x52, 0x50, 0x63, 0x9E, 0x9A, 0x82, 0x76 ; file 0E89AB
db 0x69, 0x51, 0x48, 0x60, 0x4D, 0x3D, 0x52, 0x66, 0x56, 0x40, 0x4B, 0x3D, 0x39, 0x4F, 0x67, 0x72 ; file 0E89BB
db 0x98, 0xED, 0xF8, 0xE2, 0xD7, 0xCF, 0xBC, 0xAD, 0xB8, 0xA1, 0x90, 0xA1, 0xB2, 0x9E, 0x87, 0x9B ; file 0E89CB
db 0x8C, 0x77, 0x7C, 0x87, 0x86, 0x94, 0xCE, 0xD3, 0xBA, 0xAB, 0x9D, 0x82, 0x6F, 0x83, 0x72, 0x5A ; file 0E89DB
db 0x66, 0x7C, 0x6D, 0x51, 0x56, 0x47, 0x3A, 0x46, 0x5A, 0x62, 0x7C, 0xCE, 0xE3, 0xCB, 0xBA, 0xB1 ; file 0E89EB
db 0x9E, 0x86, 0x8E, 0x78, 0x5F, 0x69, 0x7C, 0x6A, 0x4F, 0x5F, 0x57, 0x40, 0x40, 0x4C, 0x4D, 0x57 ; file 0E89FB
db 0x91, 0xA2, 0x8A, 0x7A, 0x70, 0x5B, 0x47, 0x5B, 0x56, 0x3E, 0x49, 0x64, 0x5E, 0x44, 0x49, 0x43 ; file 0E8A0B
db 0x35, 0x40, 0x59, 0x68, 0x83, 0xD6, 0xFD, 0xEB, 0xDA, 0xD5, 0xC6, 0xAF, 0xB5, 0xAB, 0x93, 0x9A ; file 0E8A1B
db 0xB2, 0xA7, 0x8B, 0x97, 0x97, 0x7C, 0x74, 0x80, 0x83, 0x89, 0xBE, 0xD9, 0xC3, 0xB0, 0xA5, 0x8F ; file 0E8A2B
db 0x73, 0x7E, 0x7D, 0x5F, 0x5F, 0x79, 0x74, 0x57, 0x54, 0x50, 0x3C, 0x3C, 0x4E, 0x59, 0x6B, 0xB5 ; file 0E8A3B
db 0xE7, 0xD5, 0xBF, 0xB7, 0xA7, 0x8D, 0x8B, 0x83, 0x65, 0x64, 0x7B, 0x73, 0x55, 0x59, 0x60, 0x47 ; file 0E8A4B
db 0x3B, 0x44, 0x49, 0x4E, 0x7D, 0xA6, 0x94, 0x7F, 0x76, 0x65, 0x4C, 0x53, 0x5D, 0x43, 0x42, 0x5E ; file 0E8A5B
db 0x62, 0x4A, 0x45, 0x49, 0x38, 0x36, 0x4B, 0x5C, 0x70, 0xB7, 0xFC, 0xF3, 0xDE, 0xD9, 0xCE, 0xB7 ; file 0E8A6B
db 0xB1, 0xB3, 0x98, 0x96, 0xAF, 0xAE, 0x93, 0x91, 0x9E, 0x85, 0x73, 0x78, 0x7E, 0x80, 0xAA, 0xDB ; file 0E8A7B
db 0xCC, 0xB6, 0xAB, 0x9A, 0x7D, 0x78, 0x84, 0x66, 0x5C, 0x73, 0x7A, 0x60, 0x52, 0x56, 0x42, 0x38 ; file 0E8A8B
db 0x42, 0x50, 0x5C, 0x96, 0xE3, 0xDE, 0xC6, 0xBB, 0xB0, 0x98, 0x89, 0x8B, 0x6D, 0x63, 0x77, 0x7B ; file 0E8A9B
db 0x5E, 0x54, 0x65, 0x50, 0x3C, 0x3D, 0x44, 0x46, 0x68, 0xA4, 0x9C, 0x86, 0x7A, 0x6D, 0x55, 0x4E ; file 0E8AAB
db 0x60, 0x49, 0x3F, 0x56, 0x65, 0x52, 0x42, 0x4D, 0x3D, 0x34, 0x3D, 0x50, 0x60, 0x96, 0xF1, 0xF9 ; file 0E8ABB
db 0xE5, 0xDC, 0xD4, 0xC1, 0xB1, 0xB7, 0x9F, 0x94, 0xA8, 0xB3, 0x9C, 0x8D, 0xA1, 0x8F, 0x79, 0x72 ; file 0E8ACB
db 0x78, 0x7A, 0x96, 0xD4, 0xD4, 0xBE, 0xAF, 0xA2, 0x89, 0x77, 0x87, 0x6F, 0x5D, 0x6C, 0x7D, 0x69 ; file 0E8ADB
db 0x52, 0x5A, 0x49, 0x3A, 0x39, 0x45, 0x50, 0x78, 0xD4, 0xE3, 0xCF, 0xBF, 0xB6, 0xA3, 0x8C, 0x8F ; file 0E8AEB
db 0x75, 0x64, 0x71, 0x7F, 0x69, 0x52, 0x65, 0x58, 0x43, 0x39, 0x3D, 0x40, 0x55, 0x98, 0xA2, 0x8E ; file 0E8AFB
db 0x7E, 0x73, 0x5F, 0x4E, 0x5F, 0x51, 0x40, 0x4E, 0x65, 0x5A, 0x43, 0x4D, 0x43, 0x36, 0x35, 0x43 ; file 0E8B0B
db 0x52, 0x78, 0xDA, 0xFB, 0xEC, 0xDF, 0xD9, 0xCB, 0xB5, 0xB8, 0xA7, 0x95, 0xA1, 0xB5, 0xA6, 0x8D ; file 0E8B1B
db 0x9F, 0x98, 0x80, 0x72, 0x72, 0x74, 0x84, 0xC5, 0xD9, 0xC6, 0xB5, 0xA9, 0x94, 0x7C, 0x86, 0x79 ; file 0E8B2B
db 0x60, 0x66, 0x7D, 0x72, 0x55, 0x59, 0x50, 0x3F, 0x37, 0x3C, 0x44, 0x60, 0xBA, 0xE5, 0xD6, 0xC4 ; file 0E8B3B
db 0xBB, 0xAC, 0x93, 0x91, 0x7F, 0x66, 0x6C, 0x81, 0x73, 0x56, 0x61, 0x61, 0x4A, 0x3B, 0x38, 0x3A ; file 0E8B4B
db 0x46, 0x83, 0xA5, 0x95, 0x84, 0x7A, 0x68, 0x52, 0x5B, 0x59, 0x41, 0x47, 0x61, 0x5F, 0x47, 0x49 ; file 0E8B5B
db 0x49, 0x39, 0x34, 0x3A, 0x45, 0x60, 0xB9, 0xF8, 0xF2, 0xE3, 0xDD, 0xD3, 0xBC, 0xB8, 0xAF, 0x97 ; file 0E8B6B
db 0x9C, 0xB3, 0xAE, 0x92, 0x99, 0xA0, 0x89, 0x77, 0x70, 0x6E, 0x76, 0xAE, 0xDB, 0xCD, 0xBB, 0xAF ; file 0E8B7B
db 0x9E, 0x84, 0x84, 0x84, 0x65, 0x62, 0x79, 0x79, 0x5D, 0x56, 0x58, 0x44, 0x3A, 0x38, 0x3B, 0x4C ; file 0E8B8B
db 0x98, 0xE1, 0xDC, 0xCB, 0xC1, 0xB4, 0x9D, 0x92, 0x89, 0x6B, 0x69, 0x7F, 0x7C, 0x5D, 0x5B, 0x67 ; file 0E8B9B
db 0x51, 0x40, 0x37, 0x35, 0x3A, 0x69, 0xA3, 0x9B, 0x8A, 0x7F, 0x6F, 0x5A, 0x58, 0x60, 0x45, 0x42 ; file 0E8BAB
db 0x5B, 0x63, 0x4D, 0x44, 0x4E, 0x3D, 0x36, 0x35, 0x3A, 0x4B, 0x92, 0xED, 0xF4, 0xE7, 0xE2, 0xD8 ; file 0E8BBB
db 0xC5, 0xB9, 0xB7, 0x9B, 0x98, 0xAF, 0xB4, 0x9A, 0x93, 0xA5, 0x91, 0x7D, 0x72, 0x6B, 0x6C, 0x94 ; file 0E8BCB
db 0xD5, 0xD2, 0xC1, 0xB6, 0xA6, 0x8E, 0x83, 0x8C, 0x6C, 0x61, 0x74, 0x7D, 0x65, 0x54, 0x5C, 0x49 ; file 0E8BDB
db 0x3D, 0x38, 0x34, 0x3C, 0x73, 0xD2, 0xDF, 0xD0, 0xC6, 0xBA, 0xA7, 0x95, 0x93, 0x72, 0x67, 0x7B ; file 0E8BEB
db 0x82, 0x67, 0x57, 0x6B, 0x59, 0x46, 0x3B, 0x32, 0x31, 0x51, 0x98, 0x9F, 0x8F, 0x84, 0x77, 0x62 ; file 0E8BFB
db 0x57, 0x65, 0x4C, 0x40, 0x54, 0x65, 0x55, 0x42, 0x4F, 0x42, 0x38, 0x35, 0x34, 0x3B, 0x6E, 0xD6 ; file 0E8C0B
db 0xF3, 0xEB, 0xE5, 0xDD, 0xCE, 0xBC, 0xBE, 0xA2, 0x95, 0xA9, 0xB7, 0xA4, 0x90, 0xA5, 0x99, 0x84 ; file 0E8C1B
db 0x77, 0x6C, 0x65, 0x7E, 0xC6, 0xD5, 0xC6, 0xBA, 0xAD, 0x97, 0x85, 0x92, 0x77, 0x61, 0x6E, 0x80 ; file 0E8C2B
db 0x6F, 0x55, 0x5D, 0x50, 0x41, 0x3A, 0x33, 0x31, 0x54, 0xB7, 0xDD, 0xD4, 0xCA, 0xC1, 0xB0, 0x9A ; file 0E8C3B
db 0x9A, 0x7D, 0x67, 0x75, 0x86, 0x72, 0x58, 0x69, 0x61, 0x4D, 0x40, 0x35, 0x2B, 0x3D, 0x84, 0xA0 ; file 0E8C4B
db 0x94, 0x88, 0x7E, 0x6A, 0x58, 0x66, 0x56, 0x3F, 0x4C, 0x64, 0x5C, 0x44, 0x4C, 0x47, 0x3A, 0x37 ; file 0E8C5B
db 0x34, 0x30, 0x4F, 0xB4, 0xED, 0xEC, 0xE6, 0xE3, 0xD5, 0xC1, 0xC2, 0xAD, 0x95, 0xA2, 0xB8, 0xAC ; file 0E8C6B
db 0x92, 0xA0, 0xA1, 0x8B, 0x7C, 0x71, 0x63, 0x6C, 0xAE, 0xD5, 0xCA, 0xBE, 0xB5, 0xA0, 0x8A, 0x92 ; file 0E8C7B
db 0x86, 0x64, 0x68, 0x80, 0x77, 0x5A, 0x5A, 0x57, 0x45, 0x3D, 0x37, 0x2B, 0x3C, 0x93, 0xD7, 0xD6 ; file 0E8C8B
db 0xCC, 0xC7, 0xB8, 0xA1, 0x9C, 0x8B, 0x6A, 0x6E, 0x87, 0x7C, 0x5D, 0x63, 0x69, 0x53, 0x44, 0x3B ; file 0E8C9B
db 0x2B, 0x2E, 0x69, 0x9D, 0x97, 0x8B, 0x84, 0x72, 0x5D, 0x63, 0x62, 0x43, 0x45, 0x61, 0x61, 0x49 ; file 0E8CAB
db 0x47, 0x4C, 0x3D, 0x38, 0x36, 0x2C, 0x39, 0x8A, 0xE1, 0xEA, 0xE5, 0xE6, 0xDC, 0xC8, 0xC2, 0xBA ; file 0E8CBB
db 0x99, 0x9B, 0xB6, 0xB4, 0x98, 0x99, 0xA7, 0x92, 0x81, 0x78, 0x66, 0x60, 0x92, 0xCF, 0xCD, 0xC1 ; file 0E8CCB
db 0xBA, 0xAA, 0x91, 0x90, 0x93, 0x6C, 0x64, 0x7C, 0x7E, 0x62, 0x56, 0x5D, 0x4A, 0x40, 0x3B, 0x2D ; file 0E8CDB
db 0x2B, 0x6C, 0xC8, 0xD4, 0xCD, 0xCB, 0xC0, 0xA9, 0x9E, 0x98, 0x72, 0x6A, 0x83, 0x85, 0x66, 0x5D ; file 0E8CEB
db 0x6E, 0x5A, 0x49, 0x40, 0x30, 0x25, 0x4C, 0x92, 0x98, 0x8E, 0x89, 0x7B, 0x63, 0x60, 0x6C, 0x4B ; file 0E8CFB
db 0x40, 0x59, 0x65, 0x50, 0x42, 0x4F, 0x41, 0x39, 0x38, 0x2F, 0x2A, 0x62, 0xCB, 0xE4, 0xE4, 0xE7 ; file 0E8D0B
db 0xE2, 0xD0, 0xC3, 0xC5, 0xA2, 0x96, 0xAF, 0xB9, 0xA1, 0x94, 0xA9, 0x99, 0x86, 0x7D, 0x6D, 0x5C ; file 0E8D1B
db 0x77, 0xC1, 0xCD, 0xC3, 0xBD, 0xB2, 0x9A, 0x8E, 0x9C, 0x79, 0x63, 0x75, 0x83, 0x6B, 0x55, 0x5F ; file 0E8D2B
db 0x50, 0x43, 0x3E, 0x33, 0x25, 0x4A, 0xB0, 0xCF, 0xCC, 0xCB, 0xC6, 0xB3, 0xA0, 0xA2, 0x7E, 0x69 ; file 0E8D3B
db 0x7C, 0x8B, 0x71, 0x5B, 0x6F, 0x61, 0x4E, 0x44, 0x38, 0x25, 0x35, 0x7F, 0x96, 0x8F, 0x8A, 0x82 ; file 0E8D4B
db 0x6C, 0x5E, 0x70, 0x58, 0x40, 0x50, 0x67, 0x58, 0x41, 0x4E, 0x45, 0x3B, 0x39, 0x34, 0x26, 0x42 ; file 0E8D5B
db 0xAB, 0xDB, 0xE0, 0xE4, 0xE6, 0xD9, 0xC5, 0xCA, 0xAF, 0x96, 0xA6, 0xBC, 0xAB, 0x93, 0xA7, 0xA0 ; file 0E8D6B
db 0x8C, 0x80, 0x76, 0x60, 0x64, 0xAB, 0xCA, 0xC4, 0xBE, 0xB8, 0xA4, 0x8F, 0x9D, 0x89, 0x67, 0x6D ; file 0E8D7B
db 0x84, 0x76, 0x58, 0x5D, 0x56, 0x47, 0x41, 0x3A, 0x27, 0x31, 0x8C, 0xC6, 0xCA, 0xC9, 0xCA, 0xBD ; file 0E8D8B
db 0xA5, 0xA5, 0x8E, 0x6C, 0x74, 0x8C, 0x7D, 0x5E, 0x6B, 0x69, 0x54, 0x47, 0x3F, 0x2B, 0x27, 0x66 ; file 0E8D9B
db 0x92, 0x8F, 0x8A, 0x87, 0x76, 0x60, 0x6D, 0x66, 0x45, 0x48, 0x64, 0x60, 0x45, 0x49, 0x4A, 0x3D ; file 0E8DAB
db 0x3A, 0x38, 0x2A, 0x2E, 0x84, 0xCE, 0xDA, 0xDF, 0xE7, 0xE0, 0xCB, 0xCB, 0xBD, 0x9C, 0x9E, 0xB9 ; file 0E8DBB
db 0xB4, 0x97, 0xA0, 0xA7, 0x92, 0x84, 0x7C, 0x68, 0x5B, 0x90, 0xC4, 0xC3, 0xBE, 0xBC, 0xAD, 0x95 ; file 0E8DCB
db 0x9A, 0x99, 0x71, 0x69, 0x81, 0x7F, 0x5F, 0x59, 0x5B, 0x4A, 0x43, 0x3F, 0x2E, 0x25, 0x67, 0xB9 ; file 0E8DDB
db 0xC4, 0xC5, 0xCB, 0xC4, 0xAD, 0xA6, 0x9D, 0x76, 0x6F, 0x88, 0x86, 0x66, 0x65, 0x70, 0x5A, 0x4B ; file 0E8DEB
db 0x44, 0x34, 0x23, 0x4A, 0x88, 0x8D, 0x88, 0x89, 0x7E, 0x66, 0x68, 0x71, 0x4F, 0x44, 0x5D, 0x65 ; file 0E8DFB
db 0x4C, 0x44, 0x4E, 0x3F, 0x3B, 0x3A, 0x30, 0x26, 0x5C, 0xBB, 0xD1, 0xD8, 0xE3, 0xE4, 0xD3, 0xC9 ; file 0E8E0B
db 0xC9, 0xA6, 0x9B, 0xB3, 0xBA, 0xA0, 0x99, 0xAC, 0x98, 0x88, 0x80, 0x71, 0x5D, 0x77, 0xB9, 0xC0 ; file 0E8E1B
db 0xBC, 0xBD, 0xB4, 0x9D, 0x96, 0xA2, 0x7F, 0x6A, 0x7B, 0x84, 0x6A, 0x57, 0x5F, 0x4E, 0x45, 0x42 ; file 0E8E2B
db 0x35, 0x24, 0x47, 0xA4, 0xBC, 0xC0, 0xC8, 0xC8, 0xB7, 0xA6, 0xA7, 0x83, 0x6F, 0x82, 0x8C, 0x71 ; file 0E8E3B
db 0x61, 0x74, 0x61, 0x50, 0x47, 0x3B, 0x27, 0x35, 0x78, 0x88, 0x85, 0x89, 0x83, 0x6F, 0x65, 0x76 ; file 0E8E4B
db 0x5A, 0x46, 0x55, 0x67, 0x55, 0x41, 0x4E, 0x43, 0x3B, 0x3B, 0x35, 0x26, 0x3F, 0x9F, 0xC5, 0xCF ; file 0E8E5B
db 0xDD, 0xE5, 0xDB, 0xCB, 0xCF, 0xB1, 0x9D, 0xAB, 0xBC, 0xAA, 0x96, 0xAC, 0x9F, 0x8D, 0x84, 0x79 ; file 0E8E6B
db 0x64, 0x67, 0xA7, 0xBC, 0xBA, 0xBB, 0xB8, 0xA6, 0x96, 0xA6, 0x8D, 0x6F, 0x75, 0x87, 0x75, 0x58 ; file 0E8E7B
db 0x60, 0x53, 0x47, 0x43, 0x3C, 0x29, 0x32, 0x88, 0xB2, 0xB8, 0xC1, 0xC9, 0xBF, 0xAA, 0xAC, 0x90 ; file 0E8E8B
db 0x74, 0x7B, 0x8E, 0x7C, 0x61, 0x72, 0x69, 0x55, 0x4A, 0x41, 0x2E, 0x2B, 0x63, 0x82, 0x82, 0x85 ; file 0E8E9B
db 0x86, 0x77, 0x66, 0x76, 0x67, 0x4B, 0x4F, 0x65, 0x5D, 0x44, 0x4B, 0x47, 0x3C, 0x3B, 0x39, 0x2A ; file 0E8EAB
db 0x2F, 0x80, 0xB8, 0xC5, 0xD3, 0xE1, 0xE0, 0xCF, 0xD1, 0xBE, 0xA2, 0xA6, 0xBB, 0xB1, 0x98, 0xA7 ; file 0E8EBB
db 0xA7, 0x93, 0x87, 0x7F, 0x6C, 0x62, 0x92, 0xB6, 0xB6, 0xB7, 0xBA, 0xAE, 0x9A, 0xA4, 0x9A, 0x78 ; file 0E8ECB
db 0x73, 0x86, 0x7E, 0x5F, 0x5D, 0x5A, 0x4A, 0x45, 0x40, 0x2F, 0x2A, 0x69, 0xA6, 0xB0, 0xB8, 0xC6 ; file 0E8EDB
db 0xC4, 0xB1, 0xAE, 0x9E, 0x7C, 0x79, 0x8D, 0x85, 0x67, 0x6D, 0x71, 0x5B, 0x4E, 0x46, 0x36, 0x29 ; file 0E8EEB
db 0x4F, 0x7B, 0x7D, 0x7F, 0x86, 0x7E, 0x6A, 0x72, 0x72, 0x53, 0x4D, 0x62, 0x62, 0x4A, 0x47, 0x4B ; file 0E8EFB
db 0x3E, 0x3C, 0x3B, 0x2F, 0x2A, 0x61, 0xA9, 0xB9, 0xC6, 0xDB, 0xE1, 0xD5, 0xD1, 0xCA, 0xAA, 0xA5 ; file 0E8F0B
db 0xB8, 0xB7, 0x9E, 0xA0, 0xAD, 0x98, 0x8A, 0x83, 0x74, 0x63, 0x80, 0xB0, 0xB2, 0xB2, 0xB9, 0xB3 ; file 0E8F1B
db 0xA0, 0xA1, 0xA6, 0x82, 0x74, 0x84, 0x84, 0x68, 0x5B, 0x5F, 0x4D, 0x46, 0x44, 0x36, 0x29, 0x51 ; file 0E8F2B
db 0x99, 0xA6, 0xAE, 0xBF, 0xC5, 0xB8, 0xAF, 0xA9, 0x86, 0x7A, 0x8A, 0x8B, 0x6F, 0x68, 0x77, 0x62 ; file 0E8F3B
db 0x51, 0x4A, 0x3D, 0x2B, 0x40, 0x72, 0x77, 0x79, 0x82, 0x81, 0x70, 0x6E, 0x7B, 0x5C, 0x4E, 0x5E ; file 0E8F4B
db 0x66, 0x51, 0x44, 0x4E, 0x40, 0x3B, 0x3C, 0x34, 0x28, 0x49, 0x98, 0xAE, 0xBA, 0xD0, 0xDE, 0xD9 ; file 0E8F5B
db 0xD1, 0xD3, 0xB3, 0xA6, 0xB5, 0xBB, 0xA5, 0x9B, 0xAF, 0x9F, 0x8E, 0x87, 0x7B, 0x68, 0x73, 0xA7 ; file 0E8F6B
db 0xAD, 0xAC, 0xB4, 0xB5, 0xA6, 0x9F, 0xAC, 0x8E, 0x78, 0x82, 0x89, 0x72, 0x5B, 0x62, 0x52, 0x48 ; file 0E8F7B
db 0x45, 0x3C, 0x2B, 0x3E, 0x8A, 0x9E, 0xA3, 0xB4, 0xC2, 0xBD, 0xB0, 0xB2, 0x91, 0x7D, 0x88, 0x90 ; file 0E8F8B
db 0x78, 0x66, 0x79, 0x69, 0x56, 0x4D, 0x43, 0x30, 0x36, 0x68, 0x72, 0x72, 0x7C, 0x81, 0x76, 0x6C ; file 0E8F9B
db 0x7E, 0x66, 0x51, 0x5B, 0x68, 0x59, 0x44, 0x4E, 0x44, 0x3C, 0x3C, 0x39, 0x2B, 0x39, 0x85, 0xA4 ; file 0E8FAB
db 0xAD, 0xC1, 0xD7, 0xDB, 0xD2, 0xD8, 0xBE, 0xA8, 0xB2, 0xBE, 0xAD, 0x99, 0xAE, 0xA5, 0x93, 0x89 ; file 0E8FBB
db 0x81, 0x6E, 0x6C, 0x9D, 0xAB, 0xA7, 0xAE, 0xB4, 0xAB, 0x9E, 0xAE, 0x9B, 0x7E, 0x81, 0x8E, 0x7C ; file 0E8FCB
db 0x5F, 0x63, 0x58, 0x4A, 0x46, 0x42, 0x30, 0x33, 0x76, 0x98, 0x9A, 0xA7, 0xBB, 0xBE, 0xB3, 0xB6 ; file 0E8FDB
db 0x9F, 0x81, 0x86, 0x94, 0x82, 0x67, 0x77, 0x71, 0x5C, 0x50, 0x48, 0x37, 0x30, 0x5D, 0x71, 0x6C ; file 0E8FEB
db 0x73, 0x7E, 0x7A, 0x6C, 0x7D, 0x73, 0x56, 0x58, 0x6A, 0x60, 0x46, 0x4B, 0x48, 0x3C, 0x3B, 0x3C ; file 0E8FFB
db 0x2F, 0x2F, 0x70, 0x9D, 0xA2, 0xB2, 0xCC, 0xD8, 0xD2, 0xD9, 0xCB, 0xAD, 0xB0, 0xC1, 0xB5, 0x9B ; file 0E900B
db 0xA8, 0xAD, 0x98, 0x8C, 0x86, 0x75, 0x69, 0x90, 0xAC, 0xA3, 0xA6, 0xB0, 0xAE, 0xA0, 0xAB, 0xA8 ; file 0E901B
db 0x85, 0x80, 0x91, 0x85, 0x65, 0x61, 0x5F, 0x4D, 0x47, 0x45, 0x36, 0x2E, 0x62, 0x95, 0x93, 0x9A ; file 0E902B
db 0xB1, 0xBC, 0xB5, 0xB6, 0xAC, 0x89, 0x84, 0x96, 0x8B, 0x6C, 0x70, 0x7A, 0x62, 0x53, 0x4D, 0x3E ; file 0E903B
db 0x2F, 0x4F, 0x73, 0x69, 0x6A, 0x78, 0x7A, 0x6E, 0x77, 0x7E, 0x5C, 0x56, 0x6A, 0x67, 0x4C, 0x46 ; file 0E904B
db 0x4E, 0x3E, 0x3B, 0x3C, 0x33, 0x2B, 0x58, 0x99, 0x9A, 0xA2, 0xBE, 0xD1, 0xD2, 0xD5, 0xD6, 0xB5 ; file 0E905B
db 0xAE, 0xC1, 0xBD, 0xA1, 0xA0, 0xB2, 0x9E, 0x8F, 0x89, 0x7C, 0x6B, 0x82, 0xAE, 0xA2, 0x9E, 0xAA ; file 0E906B
db 0xAD, 0xA3, 0xA5, 0xB2, 0x8F, 0x80, 0x91, 0x8F, 0x6F, 0x5E, 0x65, 0x51, 0x48, 0x46, 0x3C, 0x2E ; file 0E907B
db 0x4D, 0x92, 0x90, 0x8F, 0xA3, 0xB5, 0xB5, 0xB3, 0xB7, 0x93, 0x84, 0x95, 0x95, 0x75, 0x6A, 0x7F ; file 0E908B
db 0x6A, 0x58, 0x50, 0x44, 0x32, 0x41, 0x73, 0x6A, 0x63, 0x6F, 0x77, 0x70, 0x71, 0x85, 0x67, 0x56 ; file 0E909B
db 0x66, 0x6E, 0x55, 0x43, 0x50, 0x41, 0x3A, 0x3C, 0x38, 0x2B, 0x44, 0x91, 0x98, 0x96, 0xAD, 0xC6 ; file 0E90AB
db 0xCF, 0xD0, 0xDC, 0xBF, 0xAE, 0xBE, 0xC5, 0xAA, 0x9A, 0xB3, 0xA5, 0x93, 0x8C, 0x82, 0x6F, 0x76 ; file 0E90BB
db 0xAB, 0xA7, 0x9A, 0xA1, 0xAA, 0xA5, 0xA1, 0xB6, 0x9D, 0x83, 0x8E, 0x98, 0x7B, 0x5F, 0x67, 0x57 ; file 0E90CB
db 0x4A, 0x47, 0x41, 0x31, 0x3E, 0x86, 0x93, 0x87, 0x94, 0xAB, 0xB3, 0xB0, 0xBB, 0xA0, 0x87, 0x92 ; file 0E90DB
db 0x9C, 0x81, 0x67, 0x7E, 0x73, 0x5D, 0x53, 0x4A, 0x38, 0x38, 0x6B, 0x71, 0x60, 0x65, 0x72, 0x71 ; file 0E90EB
db 0x6C, 0x84, 0x74, 0x59, 0x62, 0x73, 0x60, 0x44, 0x4E, 0x47, 0x3B, 0x3B, 0x3B, 0x2E, 0x36, 0x7F ; file 0E90FB
db 0x9B, 0x90, 0x9C, 0xB8, 0xC9, 0xCB, 0xDB, 0xCB, 0xB1, 0xB9, 0xCA, 0xB6, 0x9A, 0xAD, 0xAD, 0x98 ; file 0E910B
db 0x8E, 0x87, 0x76, 0x70, 0xA0, 0xB0, 0x9A, 0x98, 0xA4, 0xA5, 0x9E, 0xB2, 0xAA, 0x89, 0x8A, 0x9C ; file 0E911B
db 0x8A, 0x64, 0x65, 0x5F, 0x4D, 0x48, 0x45, 0x36, 0x34, 0x74, 0x98, 0x86, 0x86, 0x9E, 0xAD, 0xAD ; file 0E912B
db 0xB8, 0xAD, 0x8E, 0x8F, 0xA1, 0x8F, 0x6B, 0x77, 0x7C, 0x64, 0x56, 0x4F, 0x3F, 0x34, 0x5D, 0x79 ; file 0E913B
db 0x63, 0x5D, 0x6B, 0x6F, 0x6A, 0x7D, 0x80, 0x5F, 0x5D, 0x74, 0x6B, 0x4A, 0x49, 0x4D, 0x3D, 0x3A ; file 0E914B
db 0x3C, 0x32, 0x2F, 0x68, 0x9E, 0x91, 0x8E, 0xA8, 0xBF, 0xC5, 0xD5, 0xD5, 0xB7, 0xB5, 0xCB, 0xC1 ; file 0E915B
db 0xA0, 0xA4, 0xB3, 0x9E, 0x90, 0x8B, 0x7C, 0x6E, 0x90, 0xB5, 0xA1, 0x93, 0x9D, 0xA2, 0x9C, 0xAA ; file 0E916B
db 0xB4, 0x93, 0x88, 0x9C, 0x96, 0x70, 0x62, 0x66, 0x52, 0x49, 0x47, 0x3B, 0x31, 0x5D, 0x9A, 0x8C ; file 0E917B
db 0x7E, 0x90, 0xA3, 0xA9, 0xB2, 0xB7, 0x97, 0x8D, 0xA0, 0x9B, 0x76, 0x6F, 0x81, 0x6C, 0x5A, 0x53 ; file 0E918B
db 0x45, 0x35, 0x4E, 0x7C, 0x6B, 0x59, 0x61, 0x6A, 0x68, 0x74, 0x87, 0x69, 0x5C, 0x70, 0x75, 0x56 ; file 0E919B
db 0x44, 0x4F, 0x41, 0x3A, 0x3C, 0x35, 0x2C, 0x51, 0x9A, 0x96, 0x87, 0x98, 0xB1, 0xBE, 0xCB, 0xDA ; file 0E91AB
db 0xC0, 0xB4, 0xC8, 0xCB, 0xAB, 0x9D, 0xB4, 0xA5, 0x94, 0x8D, 0x82, 0x70, 0x82, 0xB5, 0xAA, 0x93 ; file 0E91BB
db 0x95, 0x9D, 0x9A, 0xA1, 0xB8, 0x9E, 0x8A, 0x98, 0x9F, 0x80, 0x61, 0x69, 0x58, 0x4C, 0x48, 0x40 ; file 0E91CB
db 0x32, 0x4A, 0x93, 0x94, 0x7E, 0x82, 0x97, 0xA3, 0xA9, 0xBA, 0xA1, 0x8F, 0x9C, 0xA3, 0x85, 0x6B ; file 0E91DB
db 0x81, 0x74, 0x5F, 0x56, 0x4B, 0x39, 0x42, 0x77, 0x74, 0x5D, 0x5A, 0x64, 0x65, 0x6A, 0x88, 0x74 ; file 0E91EB
db 0x5E, 0x6A, 0x7A, 0x63, 0x46, 0x4F, 0x45, 0x3C, 0x3B, 0x39, 0x2D, 0x3F, 0x8D, 0x9C, 0x89, 0x8B ; file 0E91FB
db 0xA2, 0xB5, 0xBF, 0xD9, 0xC8, 0xB7, 0xC3, 0xD1, 0xB9, 0x9D, 0xB1, 0xAB, 0x99, 0x8F, 0x87, 0x75 ; file 0E920B
db 0x77, 0xAD, 0xB3, 0x9B, 0x8F, 0x96, 0x98, 0x99, 0xB5, 0xA8, 0x8F, 0x94, 0xA4, 0x8F, 0x68, 0x69 ; file 0E921B
db 0x5E, 0x4F, 0x49, 0x44, 0x35, 0x3C, 0x84, 0x9B, 0x84, 0x79, 0x8A, 0x9A, 0xA0, 0xB6, 0xAA, 0x93 ; file 0E922B
db 0x98, 0xA8, 0x93, 0x70, 0x7D, 0x7B, 0x66, 0x59, 0x51, 0x3F, 0x3B, 0x6B, 0x7C, 0x65, 0x56, 0x5C ; file 0E923B
db 0x61, 0x62, 0x7F, 0x7E, 0x63, 0x66, 0x7C, 0x6F, 0x4D, 0x4C, 0x4A, 0x3E, 0x3A, 0x3B, 0x2F, 0x34 ; file 0E924B
db 0x78, 0xA0, 0x90, 0x83, 0x94, 0xA8, 0xB4, 0xCF, 0xCF, 0xBA, 0xBF, 0xD2, 0xC5, 0xA4, 0xAB, 0xB0 ; file 0E925B
db 0x9E, 0x92, 0x8C, 0x7C, 0x72, 0x9E, 0xB9, 0xA4, 0x90, 0x90, 0x93, 0x92, 0xAB, 0xB1, 0x95, 0x91 ; file 0E926B
db 0xA4, 0x9B, 0x74, 0x68, 0x65, 0x53, 0x4B, 0x47, 0x3A, 0x35, 0x6D, 0x9F, 0x8D, 0x79, 0x7F, 0x8F ; file 0E927B
db 0x97, 0xAC, 0xB1, 0x98, 0x97, 0xA9, 0x9F, 0x7A, 0x77, 0x80, 0x6C, 0x5D, 0x55, 0x46, 0x39, 0x5B ; file 0E928B
db 0x81, 0x6E, 0x5A, 0x57, 0x5B, 0x5C, 0x73, 0x85, 0x69, 0x64, 0x79, 0x79, 0x59, 0x4A, 0x4E, 0x40 ; file 0E929B
db 0x3C, 0x3C, 0x33, 0x2D, 0x5F, 0xA0, 0x97, 0x84, 0x89, 0x9A, 0xA9, 0xC0, 0xD2, 0xBE, 0xBC, 0xD1 ; file 0E92AB
db 0xCE, 0xAF, 0xA6, 0xB4, 0xA3, 0x96, 0x8F, 0x82, 0x72, 0x8E, 0xBC, 0xAD, 0x97, 0x8E, 0x8E, 0x8D ; file 0E92BB
db 0x9E, 0xB6, 0x9C, 0x91, 0xA2, 0xA4, 0x83, 0x6A, 0x6B, 0x57, 0x4E, 0x4A, 0x3E, 0x32, 0x57, 0x9C ; file 0E92CB
db 0x95, 0x7E, 0x78, 0x82, 0x8D, 0x9E, 0xB3, 0x9D, 0x96, 0xA7, 0xA8, 0x88, 0x75, 0x84, 0x72, 0x62 ; file 0E92DB
db 0x59, 0x4D, 0x3B, 0x4C, 0x7F, 0x76, 0x60, 0x56, 0x56, 0x56, 0x65, 0x85, 0x71, 0x64, 0x75, 0x7F ; file 0E92EB
db 0x65, 0x4C, 0x51, 0x42, 0x3C, 0x3C, 0x36, 0x2C, 0x49, 0x97, 0x9C, 0x89, 0x83, 0x8E, 0x9D, 0xAF ; file 0E92FB
db 0xCE, 0xC1, 0xBB, 0xCD, 0xD5, 0xBB, 0xA5, 0xB5, 0xA8, 0x99, 0x92, 0x87, 0x76, 0x80, 0xB7, 0xB5 ; file 0E930B
db 0x9E, 0x90, 0x8A, 0x88, 0x91, 0xB3, 0xA4, 0x93, 0x9F, 0xA9, 0x92, 0x70, 0x6F, 0x5D, 0x51, 0x4C ; file 0E931B
db 0x43, 0x34, 0x45, 0x90, 0x9C, 0x86, 0x78, 0x7A, 0x83, 0x8F, 0xAD, 0xA2, 0x96, 0xA4, 0xAE, 0x96 ; file 0E932B
db 0x78, 0x85, 0x78, 0x66, 0x5D, 0x52, 0x40, 0x42, 0x77, 0x7E, 0x68, 0x59, 0x53, 0x51, 0x58, 0x7D ; file 0E933B
db 0x78, 0x65, 0x70, 0x82, 0x71, 0x52, 0x53, 0x47, 0x3D, 0x3C, 0x39, 0x2D, 0x39, 0x87, 0xA1, 0x90 ; file 0E934B
db 0x83, 0x85, 0x91, 0x9F, 0xC2, 0xC4, 0xB9, 0xC8, 0xD9, 0xC7, 0xA9, 0xB5, 0xAE, 0x9C, 0x95, 0x8D ; file 0E935B
db 0x7C, 0x78, 0xAB, 0xBB, 0xA6, 0x95, 0x8B, 0x84, 0x85, 0xA8, 0xAB, 0x96, 0x9B, 0xAC, 0x9E, 0x7A ; file 0E936B
db 0x73, 0x65, 0x54, 0x4F, 0x48, 0x38, 0x3A, 0x7D, 0xA1, 0x8E, 0x7C, 0x77, 0x7A, 0x81, 0xA0, 0xA5 ; file 0E937B
db 0x96, 0x9F, 0xB1, 0xA1, 0x7F, 0x84, 0x81, 0x6B, 0x60, 0x58, 0x47, 0x3E, 0x68, 0x84, 0x6F, 0x5E ; file 0E938B
db 0x55, 0x4D, 0x4E, 0x6E, 0x7D, 0x68, 0x6C, 0x83, 0x7B, 0x5B, 0x54, 0x4E, 0x3E, 0x3C, 0x3C, 0x30 ; file 0E939B
db 0x30, 0x6D, 0xA3, 0x96, 0x86, 0x84, 0x87, 0x91, 0xB0, 0xC3, 0xB8, 0xC2, 0xDA, 0xD0, 0xB1, 0xB2 ; file 0E93AB
db 0xB5, 0xA0, 0x96, 0x91, 0x81, 0x75, 0x9B, 0xC0, 0xAE, 0x9B, 0x90, 0x82, 0x7D, 0x98, 0xAE, 0x99 ; file 0E93BB
db 0x98, 0xAD, 0xA7, 0x85, 0x75, 0x6F, 0x58, 0x50, 0x4D, 0x3E, 0x35, 0x65, 0xA2, 0x96, 0x80, 0x7A ; file 0E93CB
db 0x74, 0x76, 0x8E, 0xA4, 0x96, 0x9A, 0xB1, 0xAB, 0x8A, 0x81, 0x8A, 0x70, 0x63, 0x5D, 0x4E, 0x3E ; file 0E93DB
db 0x58, 0x86, 0x77, 0x63, 0x5A, 0x4E, 0x47, 0x5D, 0x7D, 0x6B, 0x68, 0x80, 0x82, 0x65, 0x54, 0x56 ; file 0E93EB
db 0x41, 0x3C, 0x3D, 0x34, 0x2C, 0x55, 0x9F, 0x9B, 0x8A, 0x85, 0x82, 0x85, 0x9C, 0xBD, 0xB5, 0xBB ; file 0E93FB
db 0xD6, 0xD9, 0xBC, 0xAF, 0xBD, 0xA6, 0x98, 0x94, 0x88, 0x77, 0x8A, 0xBF, 0xB5, 0xA1, 0x96, 0x86 ; file 0E940B
db 0x79, 0x87, 0xAB, 0x9C, 0x95, 0xA9, 0xAF, 0x92, 0x78, 0x79, 0x5F, 0x52, 0x4F, 0x44, 0x34, 0x4F ; file 0E941B
db 0x9A, 0x9C, 0x87, 0x7D, 0x75, 0x6F, 0x7B, 0x9D, 0x96, 0x95, 0xAD, 0xB4, 0x97, 0x81, 0x91, 0x79 ; file 0E942B
db 0x66, 0x60, 0x55, 0x41, 0x4C, 0x81, 0x7F, 0x69, 0x5E, 0x52, 0x44, 0x4D, 0x75, 0x6D, 0x65, 0x79 ; file 0E943B
db 0x89, 0x71, 0x57, 0x5C, 0x48, 0x3C, 0x3D, 0x39, 0x2B, 0x41, 0x92, 0xA0, 0x8F, 0x87, 0x83, 0x7E ; file 0E944B
db 0x89, 0xB0, 0xB2, 0xB4, 0xCE, 0xDF, 0xC7, 0xAF, 0xC0, 0xAF, 0x9B, 0x95, 0x8F, 0x7B, 0x7F, 0xB6 ; file 0E945B
db 0xBC, 0xA7, 0x9A, 0x8E, 0x7A, 0x79, 0xA1, 0xA0, 0x93, 0xA2, 0xB4, 0x9F, 0x7D, 0x7E, 0x69, 0x55 ; file 0E946B
db 0x50, 0x4A, 0x38, 0x40, 0x8B, 0xA2, 0x8E, 0x80, 0x79, 0x6D, 0x6D, 0x8F, 0x94, 0x90, 0xA5, 0xB8 ; file 0E947B
db 0xA3, 0x84, 0x91, 0x84, 0x6A, 0x61, 0x5B, 0x48, 0x44, 0x76, 0x85, 0x70, 0x62, 0x59, 0x47, 0x41 ; file 0E948B
db 0x66, 0x6F, 0x63, 0x71, 0x8B, 0x7C, 0x5C, 0x5D, 0x52, 0x3E, 0x3C, 0x3C, 0x2F, 0x33, 0x7B, 0xA3 ; file 0E949B
db 0x94, 0x88, 0x86, 0x7E, 0x7A, 0x9D, 0xAE, 0xAD, 0xC3, 0xDF, 0xD3, 0xB4, 0xBD, 0xBA, 0xA0, 0x95 ; file 0E94AB
db 0x93, 0x82, 0x79, 0xA8, 0xC2, 0xAF, 0x9E, 0x95, 0x80, 0x71, 0x90, 0xA1, 0x92, 0x9B, 0xB4, 0xAA ; file 0E94BB
db 0x87, 0x7F, 0x76, 0x5B, 0x51, 0x4F, 0x3E, 0x38, 0x74, 0xA5, 0x95, 0x83, 0x7E, 0x71, 0x65, 0x7C ; file 0E94CB
db 0x90, 0x8A, 0x9B, 0xB7, 0xAF, 0x8C, 0x8E, 0x91, 0x72, 0x63, 0x5F, 0x50, 0x42, 0x66, 0x8A, 0x78 ; file 0E94DB
db 0x66, 0x5F, 0x4E, 0x3C, 0x54, 0x6F, 0x62, 0x6A, 0x87, 0x87, 0x65, 0x5C, 0x5C, 0x44, 0x3C, 0x3D ; file 0E94EB
db 0x33, 0x2D, 0x62, 0xA2, 0x9A, 0x8A, 0x88, 0x81, 0x74, 0x88, 0xA6, 0xA5, 0xB7, 0xDA, 0xDC, 0xBC ; file 0E94FB
db 0xB8, 0xC3, 0xA9, 0x97, 0x94, 0x89, 0x79, 0x96, 0xC4, 0xB6, 0xA3, 0x9A, 0x8A, 0x71, 0x7E, 0x9E ; file 0E950B
db 0x91, 0x94, 0xB0, 0xB4, 0x93, 0x7F, 0x81, 0x64, 0x54, 0x51, 0x45, 0x36, 0x5C, 0xA1, 0x9B, 0x87 ; file 0E951B
db 0x81, 0x77, 0x65, 0x6A, 0x88, 0x83, 0x90, 0xB1, 0xB8, 0x98, 0x8A, 0x99, 0x7E, 0x67, 0x60, 0x56 ; file 0E952B
db 0x44, 0x56, 0x89, 0x7F, 0x6B, 0x62, 0x56, 0x40, 0x44, 0x68, 0x61, 0x63, 0x80, 0x8D, 0x72, 0x5B ; file 0E953B
db 0x62, 0x4D, 0x3E, 0x3D, 0x38, 0x2C, 0x4A, 0x99, 0x9E, 0x8E, 0x89, 0x84, 0x76, 0x77, 0x9A, 0x9C ; file 0E954B
db 0xAA, 0xCF, 0xE0, 0xC8, 0xB5, 0xC8, 0xB3, 0x9C, 0x94, 0x8E, 0x7D, 0x87, 0xBF, 0xBC, 0xA8, 0x9E ; file 0E955B
db 0x91, 0x79, 0x71, 0x96, 0x91, 0x8E, 0xA7, 0xB8, 0xA1, 0x82, 0x87, 0x70, 0x5A, 0x52, 0x4B, 0x39 ; file 0E956B
db 0x49, 0x96, 0xA1, 0x8E, 0x83, 0x7D, 0x6C, 0x60, 0x7C, 0x7D, 0x84, 0xA5, 0xBB, 0xA5, 0x8A, 0x9B ; file 0E957B
db 0x8A, 0x6E, 0x62, 0x5B, 0x4A, 0x4C, 0x82, 0x87, 0x71, 0x65, 0x5C, 0x48, 0x3B, 0x5D, 0x5F, 0x5C ; file 0E958B
db 0x75, 0x8F, 0x7F, 0x5F, 0x64, 0x56, 0x44, 0x3D, 0x3B, 0x2F, 0x3A, 0x87, 0xA2, 0x93, 0x8A, 0x88 ; file 0E959B
db 0x7D, 0x6E, 0x8A, 0x94, 0x9C, 0xBF, 0xDF, 0xD3, 0xB7, 0xC6, 0xBE, 0xA4, 0x96, 0x91, 0x82, 0x7F ; file 0E95AB
db 0xB3, 0xC2, 0xAF, 0xA1, 0x98, 0x84, 0x6E, 0x88, 0x90, 0x88, 0x9C, 0xB7, 0xAC, 0x8A, 0x88, 0x7B ; file 0E95BB
db 0x62, 0x55, 0x4F, 0x3F, 0x3F, 0x81, 0xA5, 0x94, 0x85, 0x81, 0x73, 0x5F, 0x6D, 0x77, 0x78, 0x96 ; file 0E95CB
db 0xB8, 0xB0, 0x91, 0x98, 0x95, 0x79, 0x66, 0x5E, 0x50, 0x48, 0x73, 0x8D, 0x78, 0x69, 0x61, 0x51 ; file 0E95DB
db 0x3C, 0x4E, 0x5E, 0x56, 0x68, 0x8B, 0x88, 0x68, 0x63, 0x5F, 0x4A, 0x3F, 0x3C, 0x32, 0x31, 0x70 ; file 0E95EB
db 0xA3, 0x97, 0x8B, 0x8A, 0x82, 0x70, 0x7A, 0x8C, 0x8F, 0xAE, 0xD8, 0xDA, 0xBF, 0xC2, 0xC7, 0xAD ; file 0E95FB
db 0x9A, 0x93, 0x87, 0x7D, 0xA3, 0xC6, 0xB5, 0xA4, 0x9D, 0x8D, 0x74, 0x7B, 0x8F, 0x82, 0x90, 0xB2 ; file 0E960B
db 0xB4, 0x95, 0x87, 0x85, 0x6B, 0x5B, 0x52, 0x44, 0x3B, 0x6B, 0xA6, 0x9A, 0x88, 0x84, 0x7A, 0x65 ; file 0E961B
db 0x62, 0x71, 0x6D, 0x85, 0xB0, 0xB6, 0x9A, 0x95, 0x9E, 0x83, 0x6C, 0x61, 0x55, 0x49, 0x64, 0x90 ; file 0E962B
db 0x80, 0x6D, 0x65, 0x58, 0x43, 0x44, 0x5A, 0x51, 0x5C, 0x81, 0x8E, 0x73, 0x62, 0x66, 0x51, 0x44 ; file 0E963B
db 0x3E, 0x35, 0x2E, 0x57, 0x9E, 0x9C, 0x8D, 0x8B, 0x86, 0x76, 0x70, 0x83, 0x82, 0x9B, 0xCA, 0xDD ; file 0E964B
db 0xC8, 0xBE, 0xCD, 0xB7, 0xA2, 0x96, 0x8B, 0x7E, 0x93, 0xC5, 0xBC, 0xA9, 0xA1, 0x94, 0x7D, 0x74 ; file 0E965B
db 0x8B, 0x7F, 0x85, 0xA8, 0xB8, 0xA1, 0x89, 0x8C, 0x74, 0x63, 0x57, 0x4A, 0x3C, 0x56, 0x9F, 0x9F ; file 0E966B
db 0x8D, 0x85, 0x7F, 0x6D, 0x5F, 0x6B, 0x65, 0x74, 0xA0, 0xB8, 0xA4, 0x93, 0xA2, 0x8D, 0x75, 0x66 ; file 0E967B
db 0x5A, 0x4B, 0x57, 0x8C, 0x88, 0x72, 0x69, 0x5E, 0x4B, 0x40, 0x55, 0x4E, 0x52, 0x74, 0x8E, 0x7D ; file 0E968B
db 0x64, 0x6A, 0x59, 0x4A, 0x42, 0x39, 0x2D, 0x44, 0x92, 0x9F, 0x90, 0x8B, 0x89, 0x7D, 0x6E, 0x7C ; file 0E969B
db 0x79, 0x88, 0xB6, 0xD9, 0xCF, 0xBD, 0xCF, 0xC0, 0xAA, 0x9B, 0x90, 0x80, 0x88, 0xBD, 0xC2, 0xAE ; file 0E96AB
db 0xA3, 0x9A, 0x86, 0x74, 0x87, 0x7E, 0x7B, 0x99, 0xB7, 0xAA, 0x8E, 0x90, 0x7E, 0x6A, 0x5D, 0x50 ; file 0E96BB
db 0x3E, 0x48, 0x90, 0xA4, 0x92, 0x87, 0x82, 0x75, 0x61, 0x67, 0x60, 0x65, 0x8C, 0xB3, 0xAC, 0x95 ; file 0E96CB
db 0xA3, 0x98, 0x7E, 0x6D, 0x60, 0x4F, 0x4F, 0x81, 0x8F, 0x79, 0x6B, 0x64, 0x53, 0x41, 0x51, 0x4E ; file 0E96DB
db 0x48, 0x64, 0x8A, 0x85, 0x6A, 0x6B, 0x60, 0x50, 0x46, 0x3E, 0x2F, 0x37, 0x7F, 0xA2, 0x94, 0x8B ; file 0E96EB
db 0x8B, 0x82, 0x70, 0x77, 0x74, 0x77, 0xA0, 0xCF, 0xD3, 0xBF, 0xCC, 0xC9, 0xB2, 0xA1, 0x95, 0x84 ; file 0E96FB
db 0x80, 0xB0, 0xC7, 0xB5, 0xA6, 0x9F, 0x8F, 0x78, 0x83, 0x80, 0x73, 0x89, 0xB0, 0xB1, 0x96, 0x91 ; file 0E970B
db 0x87, 0x71, 0x64, 0x57, 0x44, 0x40, 0x7D, 0xA7, 0x98, 0x88, 0x85, 0x7B, 0x67, 0x65, 0x5F, 0x58 ; file 0E971B
db 0x76, 0xA7, 0xB0, 0x99, 0xA0, 0xA1, 0x87, 0x74, 0x66, 0x54, 0x4B, 0x73, 0x94, 0x81, 0x6F, 0x68 ; file 0E972B
db 0x5A, 0x46, 0x4C, 0x51, 0x41, 0x54, 0x7F, 0x8A, 0x71, 0x6A, 0x69, 0x55, 0x4B, 0x44, 0x33, 0x2F ; file 0E973B
db 0x66, 0xA2, 0x99, 0x8B, 0x8C, 0x86, 0x76, 0x73, 0x74, 0x6A, 0x88, 0xBE, 0xD3, 0xC3, 0xC7, 0xD1 ; file 0E974B
db 0xB9, 0xA8, 0x9B, 0x8A, 0x7D, 0xA0, 0xCA, 0xBB, 0xAA, 0xA3, 0x96, 0x7F, 0x7F, 0x86, 0x6F, 0x7A ; file 0E975B
db 0xA4, 0xB4, 0x9E, 0x91, 0x91, 0x78, 0x6A, 0x5F, 0x4B, 0x3D, 0x65, 0xA7, 0x9D, 0x8B, 0x87, 0x80 ; file 0E976B
db 0x6D, 0x64, 0x64, 0x50, 0x63, 0x95, 0xAE, 0x9F, 0x9B, 0xA9, 0x90, 0x7B, 0x6E, 0x5B, 0x4B, 0x63 ; file 0E977B
db 0x95, 0x88, 0x74, 0x6C, 0x60, 0x4C, 0x49, 0x56, 0x3F, 0x46, 0x6F, 0x89, 0x79, 0x69, 0x70, 0x5B ; file 0E978B
db 0x50, 0x49, 0x3A, 0x2D, 0x4F, 0x9B, 0x9D, 0x8E, 0x8C, 0x89, 0x7C, 0x72, 0x78, 0x64, 0x73, 0xA8 ; file 0E979B
db 0xCC, 0xC6, 0xC0, 0xD6, 0xC2, 0xAE, 0xA2, 0x92, 0x7E, 0x8F, 0xC7, 0xC2, 0xAE, 0xA6, 0x9C, 0x87 ; file 0E97AB
db 0x7C, 0x8D, 0x71, 0x6E, 0x93, 0xB1, 0xA5, 0x91, 0x98, 0x80, 0x6F, 0x66, 0x55, 0x3F, 0x53, 0x9E ; file 0E97BB
db 0xA3, 0x90, 0x88, 0x84, 0x75, 0x65, 0x6A, 0x51, 0x52, 0x7E, 0xA7, 0xA2, 0x97, 0xAC, 0x9A, 0x82 ; file 0E97CB
db 0x74, 0x64, 0x4F, 0x56, 0x8E, 0x90, 0x7A, 0x6E, 0x65, 0x53, 0x47, 0x59, 0x44, 0x3B, 0x5C, 0x82 ; file 0E97DB
db 0x7F, 0x6A, 0x73, 0x63, 0x53, 0x4E, 0x43, 0x2F, 0x3D, 0x8C, 0xA1, 0x91, 0x8A, 0x8B, 0x82, 0x72 ; file 0E97EB
db 0x7B, 0x66, 0x63, 0x8F, 0xC0, 0xC6, 0xBC, 0xD4, 0xCC, 0xB4, 0xA7, 0x9B, 0x84, 0x84, 0xBC, 0xC8 ; file 0E97FB
db 0xB4, 0xA8, 0xA1, 0x8F, 0x7D, 0x8D, 0x7B, 0x67, 0x81, 0xA9, 0xAA, 0x93, 0x98, 0x8B, 0x75, 0x6B ; file 0E980B
db 0x5F, 0x46, 0x46, 0x8D, 0xA9, 0x96, 0x89, 0x87, 0x7C, 0x68, 0x6C, 0x58, 0x48, 0x68, 0x99, 0xA3 ; file 0E981B
db 0x95, 0xA8, 0xA5, 0x8B, 0x7A, 0x6D, 0x56, 0x4E, 0x7F, 0x97, 0x81, 0x71, 0x6A, 0x5A, 0x48, 0x56 ; file 0E982B
db 0x4F, 0x36, 0x4B, 0x77, 0x81, 0x6D, 0x70, 0x6C, 0x58, 0x50, 0x4B, 0x36, 0x32, 0x74, 0xA4, 0x96 ; file 0E983B
db 0x8A, 0x8C, 0x86, 0x75, 0x79, 0x6F, 0x5A, 0x76, 0xAE, 0xC2, 0xB9, 0xCC, 0xD5, 0xBC, 0xAC, 0xA2 ; file 0E984B
db 0x8D, 0x7E, 0xAA, 0xCD, 0xBA, 0xAB, 0xA4, 0x96, 0x81, 0x89, 0x88, 0x66, 0x70, 0x9C, 0xAA, 0x98 ; file 0E985B
db 0x95, 0x95, 0x7C, 0x70, 0x67, 0x50, 0x41, 0x74, 0xAD, 0x9D, 0x8B, 0x89, 0x81, 0x6E, 0x6A, 0x64 ; file 0E986B
db 0x46, 0x54, 0x86, 0x9E, 0x95, 0x9F, 0xAE, 0x94, 0x80, 0x75, 0x60, 0x4E, 0x6D, 0x9B, 0x89, 0x75 ; file 0E987B
db 0x6E, 0x61, 0x4D, 0x51, 0x59, 0x3A, 0x3C, 0x66, 0x7E, 0x70, 0x6C, 0x74, 0x5E, 0x54, 0x4F, 0x3F ; file 0E988B
db 0x2F, 0x5B, 0xA1, 0x9B, 0x8B, 0x8B, 0x89, 0x7A, 0x75, 0x78, 0x5B, 0x62, 0x97, 0xB9, 0xB7, 0xC1 ; file 0E989B
db 0xD9, 0xC4, 0xB1, 0xA8, 0x97, 0x80, 0x98, 0xCC, 0xC2, 0xAE, 0xA7, 0x9C, 0x87, 0x84, 0x92, 0x6F ; file 0E98AB
db 0x65, 0x8B, 0xA6, 0x9C, 0x92, 0x9B, 0x85, 0x74, 0x6D, 0x5B, 0x44, 0x5F, 0xA8, 0xA4, 0x8F, 0x89 ; file 0E98BB
db 0x84, 0x75, 0x69, 0x6D, 0x4D, 0x46, 0x70, 0x95, 0x93, 0x95, 0xB0, 0x9E, 0x87, 0x7B, 0x6B, 0x52 ; file 0E98CB
db 0x5E, 0x97, 0x92, 0x7B, 0x71, 0x67, 0x54, 0x4D, 0x5F, 0x44, 0x34, 0x54, 0x76, 0x73, 0x68, 0x76 ; file 0E98DB
db 0x66, 0x57, 0x52, 0x48, 0x33, 0x46, 0x96, 0xA0, 0x8F, 0x8A, 0x8A, 0x80, 0x74, 0x7E, 0x63, 0x57 ; file 0E98EB
db 0x7E, 0xAB, 0xB3, 0xB5, 0xD6, 0xCD, 0xB8, 0xAC, 0xA0, 0x88, 0x8B, 0xC3, 0xC9, 0xB4, 0xAA, 0xA1 ; file 0E98FB
db 0x8F, 0x82, 0x95, 0x7C, 0x63, 0x79, 0x9E, 0x9E, 0x8F, 0x9C, 0x8E, 0x7A, 0x70, 0x65, 0x4C, 0x50 ; file 0E990B
db 0x99, 0xAB, 0x96, 0x8A, 0x87, 0x7B, 0x6A, 0x70, 0x58, 0x42, 0x5B, 0x87, 0x90, 0x8C, 0xAB, 0xA7 ; file 0E991B
db 0x90, 0x80, 0x73, 0x5C, 0x55, 0x8A, 0x99, 0x83, 0x74, 0x6C, 0x5B, 0x4C, 0x5E, 0x50, 0x35, 0x44 ; file 0E992B
db 0x6C, 0x73, 0x66, 0x74, 0x6D, 0x5D, 0x55, 0x4F, 0x3B, 0x3A, 0x81, 0xA4, 0x94, 0x89, 0x8B, 0x84 ; file 0E993B
db 0x75, 0x7D, 0x6D, 0x56, 0x69, 0x9A, 0xAC, 0xAB, 0xCC, 0xD3, 0xBF, 0xB0, 0xA7, 0x92, 0x85, 0xB4 ; file 0E994B
db 0xCD, 0xBB, 0xAC, 0xA5, 0x96, 0x83, 0x92, 0x8A, 0x68, 0x6C, 0x92, 0x9D, 0x8E, 0x98, 0x96, 0x81 ; file 0E995B
db 0x75, 0x6C, 0x57, 0x4B, 0x84, 0xAF, 0x9D, 0x8C, 0x89, 0x80, 0x6E, 0x70, 0x63, 0x46, 0x4C, 0x76 ; file 0E996B
db 0x89, 0x84, 0x9F, 0xAD, 0x98, 0x85, 0x7B, 0x66, 0x55, 0x7A, 0x9C, 0x8B, 0x78, 0x71, 0x62, 0x4F ; file 0E997B
db 0x59, 0x5B, 0x3C, 0x3A, 0x5E, 0x6F, 0x65, 0x6C, 0x74, 0x62, 0x59, 0x54, 0x44, 0x38, 0x6A, 0xA3 ; file 0E998B
db 0x9A, 0x8A, 0x8B, 0x87, 0x78, 0x7A, 0x77, 0x5A, 0x5C, 0x86, 0xA1, 0xA3, 0xBC, 0xD6, 0xC6, 0xB5 ; file 0E999B
db 0xAC, 0x9B, 0x87, 0xA3, 0xCE, 0xC1, 0xAF, 0xA9, 0x9C, 0x88, 0x8C, 0x94, 0x72, 0x66, 0x84, 0x98 ; file 0E99AB
db 0x8E, 0x8F, 0x9B, 0x88, 0x7B, 0x72, 0x60, 0x4E, 0x70, 0xAE, 0xA4, 0x90, 0x8B, 0x84, 0x73, 0x6D ; file 0E99BB
db 0x6D, 0x4E, 0x46, 0x64, 0x7F, 0x7E, 0x8F, 0xAE, 0x9F, 0x8D, 0x80, 0x6F, 0x5A, 0x6B, 0x9B, 0x92 ; file 0E99CB
db 0x7E, 0x74, 0x68, 0x54, 0x53, 0x62, 0x45, 0x38, 0x50, 0x69, 0x64, 0x63, 0x76, 0x67, 0x5D, 0x57 ; file 0E99DB
db 0x4B, 0x3A, 0x55, 0x9D, 0x9E, 0x8E, 0x8A, 0x89, 0x7D, 0x76, 0x7E, 0x61, 0x58, 0x74, 0x95, 0x9B ; file 0E99EB
db 0xAA, 0xD2, 0xCA, 0xBB, 0xB0, 0xA3, 0x8E, 0x97, 0xC9, 0xC6, 0xB5, 0xAB, 0xA1, 0x8E, 0x87, 0x9A ; file 0E99FB
db 0x7C, 0x68, 0x78, 0x92, 0x8E, 0x87, 0x9B, 0x8E, 0x80, 0x76, 0x69, 0x53, 0x61, 0xA6, 0xAA, 0x96 ; file 0E9A0B
db 0x8C, 0x87, 0x7A, 0x6C, 0x73, 0x57, 0x46, 0x57, 0x73, 0x78, 0x7F, 0xA8, 0xA4, 0x93, 0x86, 0x78 ; file 0E9A1B
db 0x61, 0x62, 0x94, 0x97, 0x84, 0x78, 0x6E, 0x5C, 0x50, 0x64, 0x4F, 0x3A, 0x46, 0x60, 0x62, 0x5C ; file 0E9A2B
db 0x72, 0x6C, 0x61, 0x5B, 0x52, 0x40, 0x48, 0x90, 0xA2, 0x93, 0x8A, 0x8A, 0x82, 0x75, 0x80, 0x6A ; file 0E9A3B
db 0x58, 0x67, 0x87, 0x92, 0x99, 0xC6, 0xCD, 0xC0, 0xB6, 0xAA, 0x96, 0x91, 0xBF, 0xCB, 0xBA, 0xAE ; file 0E9A4B
db 0xA6, 0x95, 0x86, 0x99, 0x89, 0x6D, 0x71, 0x8A, 0x8C, 0x81, 0x95, 0x93, 0x84, 0x7C, 0x70, 0x5B ; file 0E9A5B
db 0x59, 0x98, 0xAF, 0x9D, 0x8E, 0x89, 0x7F, 0x6D, 0x74, 0x62, 0x49, 0x50, 0x69, 0x71, 0x71, 0x99 ; file 0E9A6B
db 0xA7, 0x99, 0x8C, 0x7F, 0x6A, 0x5F, 0x89, 0x9C, 0x8B, 0x7D, 0x73, 0x63, 0x51, 0x61, 0x5A, 0x3F ; file 0E9A7B
db 0x41, 0x59, 0x5F, 0x56, 0x69, 0x6F, 0x64, 0x5E, 0x58, 0x47, 0x43, 0x7D, 0xA4, 0x97, 0x8C, 0x8B ; file 0E9A8B
db 0x85, 0x76, 0x7D, 0x74, 0x5B, 0x61, 0x7D, 0x89, 0x8B, 0xB2, 0xCC, 0xC3, 0xBA, 0xB0, 0x9E, 0x90 ; file 0E9A9B
db 0xB3, 0xCE, 0xBF, 0xB1, 0xAA, 0x9C, 0x88, 0x93, 0x94, 0x73, 0x6F, 0x84, 0x8A, 0x7D, 0x8A, 0x96 ; file 0E9AAB
db 0x88, 0x80, 0x77, 0x63, 0x57, 0x85, 0xB3, 0xA3, 0x92, 0x8D, 0x83, 0x71, 0x71, 0x6C, 0x4E, 0x4C ; file 0E9ABB
db 0x62, 0x6A, 0x67, 0x84, 0xA5, 0x9C, 0x91, 0x87, 0x73, 0x61, 0x7C, 0xA0, 0x90, 0x80, 0x78, 0x69 ; file 0E9ACB
db 0x56, 0x5B, 0x63, 0x46, 0x3F, 0x54, 0x5C, 0x53, 0x5C, 0x70, 0x66, 0x61, 0x5D, 0x4E, 0x41, 0x69 ; file 0E9ADB
db 0xA4, 0x9B, 0x8D, 0x8C, 0x87, 0x7A, 0x79, 0x7D, 0x60, 0x5D, 0x75, 0x81, 0x80, 0x9B, 0xC6, 0xC3 ; file 0E9AEB
db 0xBC, 0xB6, 0xA6, 0x93, 0xA7, 0xD0, 0xC3, 0xB4, 0xAE, 0xA1, 0x8E, 0x8D, 0x9C, 0x7C, 0x6F, 0x80 ; file 0E9AFB
db 0x88, 0x7C, 0x7D, 0x95, 0x8B, 0x83, 0x7D, 0x6C, 0x59, 0x75, 0xB3, 0xA9, 0x96, 0x90, 0x87, 0x77 ; file 0E9B0B
db 0x6E, 0x74, 0x55, 0x4B, 0x5D, 0x67, 0x60, 0x6F, 0x9D, 0x9C, 0x94, 0x8D, 0x7C, 0x66, 0x72, 0xA1 ; file 0E9B1B
db 0x97, 0x84, 0x7D, 0x70, 0x5C, 0x56, 0x68, 0x4F, 0x3F, 0x4F, 0x5B, 0x51, 0x50, 0x6C, 0x68, 0x63 ; file 0E9B2B
db 0x61, 0x55, 0x43, 0x58, 0xA0, 0xA0, 0x90, 0x8C, 0x89, 0x7E, 0x75, 0x81, 0x67, 0x5B, 0x6E, 0x7E ; file 0E9B3B
db 0x79, 0x84, 0xB8, 0xC1, 0xBD, 0xB9, 0xAE, 0x99, 0x9E, 0xCE, 0xCA, 0xB7, 0xB0, 0xA7, 0x95, 0x8A ; file 0E9B4B
db 0x9E, 0x87, 0x71, 0x7D, 0x8A, 0x7C, 0x72, 0x8E, 0x8C, 0x85, 0x81, 0x75, 0x5F, 0x68, 0xAC, 0xB1 ; file 0E9B5B
db 0x9B, 0x91, 0x8C, 0x7D, 0x6E, 0x76, 0x5F, 0x4C, 0x58, 0x67, 0x5C, 0x5D, 0x8D, 0x9B, 0x95, 0x90 ; file 0E9B6B
db 0x85, 0x6D, 0x6A, 0x9B, 0x9E, 0x89, 0x7F, 0x76, 0x63, 0x55, 0x67, 0x59, 0x42, 0x4B, 0x5C, 0x52 ; file 0E9B7B
db 0x47, 0x61, 0x67, 0x63, 0x62, 0x5C, 0x49, 0x4D, 0x91, 0xA7, 0x94, 0x8C, 0x8C, 0x82, 0x74, 0x7F ; file 0E9B8B
db 0x70, 0x5B, 0x67, 0x7D, 0x75, 0x73, 0xA3, 0xBC, 0xBB, 0xBA, 0xB5, 0xA0, 0x99, 0xC5, 0xD2, 0xBC ; file 0E9B9B
db 0xB1, 0xAC, 0x9B, 0x8A, 0x9A, 0x93, 0x75, 0x78, 0x8C, 0x80, 0x6D, 0x81, 0x8C, 0x85, 0x83, 0x7D ; file 0E9BAB
db 0x66, 0x61, 0x9C, 0xBA, 0xA3, 0x93, 0x90, 0x83, 0x70, 0x74, 0x69, 0x4F, 0x53, 0x68, 0x5E, 0x52 ; file 0E9BBB
db 0x76, 0x96, 0x93, 0x91, 0x8C, 0x76, 0x68, 0x8F, 0xA7, 0x90, 0x80, 0x7C, 0x6B, 0x57, 0x62, 0x63 ; file 0E9BCB
db 0x46, 0x46, 0x5D, 0x56, 0x43, 0x53, 0x66, 0x62, 0x63, 0x61, 0x50, 0x48, 0x7E, 0xAD, 0x9B, 0x8C ; file 0E9BDB
db 0x8D, 0x87, 0x77, 0x7B, 0x79, 0x5F, 0x62, 0x7B, 0x78, 0x68, 0x8A, 0xB3, 0xB7, 0xB8, 0xB8, 0xA9 ; file 0E9BEB
db 0x98, 0xB7, 0xD9, 0xC3, 0xB2, 0xAF, 0xA2, 0x8E, 0x94, 0x9C, 0x7C, 0x75, 0x8B, 0x87, 0x6C, 0x72 ; file 0E9BFB
db 0x89, 0x84, 0x83, 0x81, 0x70, 0x5F, 0x89, 0xC0, 0xAC, 0x96, 0x92, 0x89, 0x76, 0x71, 0x72, 0x55 ; file 0E9C0B
db 0x50, 0x66, 0x64, 0x4E, 0x60, 0x8C, 0x90, 0x8F, 0x8F, 0x80, 0x6B, 0x81, 0xAC, 0x99, 0x83, 0x7E ; file 0E9C1B
db 0x72, 0x5D, 0x5D, 0x6B, 0x4E, 0x44, 0x59, 0x5D, 0x45, 0x44, 0x60, 0x5F, 0x61, 0x63, 0x58, 0x48 ; file 0E9C2B
db 0x68, 0xAD, 0xA3, 0x8E, 0x8D, 0x8A, 0x7C, 0x76, 0x7F, 0x64, 0x5E, 0x76, 0x7D, 0x67, 0x71, 0xA5 ; file 0E9C3B
db 0xB0, 0xB4, 0xB8, 0xB1, 0x9C, 0xAA, 0xDA, 0xCD, 0xB6, 0xB0, 0xA8, 0x94, 0x8E, 0xA1, 0x85, 0x75 ; file 0E9C4B
db 0x86, 0x8F, 0x73, 0x66, 0x82, 0x81, 0x82, 0x83, 0x79, 0x63, 0x77, 0xBD, 0xB7, 0x9C, 0x93, 0x8E ; file 0E9C5B
db 0x7D, 0x6F, 0x77, 0x5C, 0x4F, 0x61, 0x6A, 0x52, 0x4D, 0x7C, 0x89, 0x8C, 0x8F, 0x88, 0x72, 0x76 ; file 0E9C6B
db 0xAA, 0xA3, 0x89, 0x7F, 0x78, 0x64, 0x59, 0x6D, 0x58, 0x45, 0x53, 0x62, 0x4D, 0x3B, 0x56, 0x5B ; file 0E9C7B
db 0x5E, 0x63, 0x5F, 0x4D, 0x59, 0xA4, 0xAC, 0x94, 0x8C, 0x8C, 0x81, 0x73, 0x80, 0x6C, 0x5D, 0x6E ; file 0E9C8B
db 0x80, 0x6D, 0x61, 0x91, 0xA7, 0xAD, 0xB5, 0xB5, 0xA4, 0xA2, 0xD4, 0xD7, 0xBD, 0xB1, 0xAC, 0x9B ; file 0E9C9B
db 0x8C, 0xA0, 0x90, 0x77, 0x81, 0x94, 0x7F, 0x62, 0x76, 0x7E, 0x7E, 0x82, 0x7F, 0x6B, 0x6C, 0xB0 ; file 0E9CAB
db 0xC2, 0xA6, 0x94, 0x91, 0x85, 0x70, 0x78, 0x66, 0x50, 0x5A, 0x6D, 0x5C, 0x44, 0x68, 0x81, 0x85 ; file 0E9CBB
db 0x8C, 0x8D, 0x7B, 0x71, 0xA0, 0xAE, 0x93, 0x81, 0x7C, 0x6D, 0x5A, 0x6A, 0x62, 0x48, 0x4E, 0x64 ; file 0E9CCB
db 0x58, 0x3A, 0x49, 0x57, 0x59, 0x61, 0x63, 0x54, 0x50, 0x91, 0xB4, 0x9E, 0x8C, 0x8C, 0x86, 0x75 ; file 0E9CDB
db 0x7D, 0x74, 0x5E, 0x66, 0x80, 0x76, 0x5C, 0x79, 0x9C, 0xA4, 0xAF, 0xB6, 0xAB, 0x9F, 0xC6, 0xDF ; file 0E9CEB
db 0xC7, 0xB3, 0xAE, 0xA2, 0x8F, 0x9B, 0x9B, 0x7C, 0x7C, 0x94, 0x8B, 0x67, 0x69, 0x7A, 0x79, 0x7F ; file 0E9CFB
db 0x82, 0x73, 0x68, 0x9B, 0xC9, 0xB2, 0x99, 0x93, 0x8B, 0x76, 0x75, 0x6F, 0x54, 0x55, 0x6C, 0x66 ; file 0E9D0B
db 0x47, 0x54, 0x76, 0x7D, 0x85, 0x8D, 0x82, 0x72, 0x91, 0xB4, 0x9E, 0x86, 0x7F, 0x73, 0x5F, 0x64 ; file 0E9D1B
db 0x6C, 0x4E, 0x4A, 0x61, 0x61, 0x42, 0x3D, 0x52, 0x54, 0x5C, 0x63, 0x5A, 0x4F, 0x7A, 0xB6, 0xA8 ; file 0E9D2B
db 0x90, 0x8C, 0x89, 0x7A, 0x78, 0x7B, 0x61, 0x61, 0x7C, 0x7E, 0x61, 0x66, 0x8F, 0x9A, 0xA6, 0xB2 ; file 0E9D3B
db 0xAF, 0xA1, 0xB7, 0xE2, 0xD1, 0xB8, 0xB0, 0xA7, 0x94, 0x94, 0xA2, 0x83, 0x79, 0x90, 0x93, 0x73 ; file 0E9D4B
db 0x61, 0x74, 0x73, 0x7A, 0x81, 0x79, 0x69, 0x88, 0xC9, 0xBD, 0xA1, 0x95, 0x8F, 0x7D, 0x72, 0x76 ; file 0E9D5B
db 0x59, 0x52, 0x68, 0x6D, 0x51, 0x47, 0x6A, 0x72, 0x7C, 0x88, 0x87, 0x77, 0x84, 0xB5, 0xA9, 0x8F ; file 0E9D6B
db 0x81, 0x78, 0x66, 0x60, 0x71, 0x56, 0x49, 0x5C, 0x67, 0x4E, 0x38, 0x4B, 0x4D, 0x56, 0x60, 0x5F ; file 0E9D7B
db 0x51, 0x68, 0xB1, 0xB1, 0x99, 0x8D, 0x8B, 0x80, 0x75, 0x7F, 0x67, 0x5E, 0x74, 0x82, 0x6B, 0x5B ; file 0E9D8B
db 0x7F, 0x8E, 0x9B, 0xAB, 0xB1, 0xA5, 0xAD, 0xDF, 0xDB, 0xC2, 0xB2, 0xAA, 0x9A, 0x91, 0xA4, 0x8D ; file 0E9D9B
db 0x7A, 0x89, 0x98, 0x81, 0x61, 0x6D, 0x6E, 0x73, 0x7E, 0x7E, 0x6D, 0x79, 0xC0, 0xC7, 0xAC, 0x9A ; file 0E9DAB
db 0x92, 0x85, 0x73, 0x7A, 0x61, 0x51, 0x61, 0x71, 0x5C, 0x43, 0x5D, 0x69, 0x71, 0x80, 0x88, 0x7C ; file 0E9DBB
db 0x7D, 0xAE, 0xB2, 0x99, 0x86, 0x7C, 0x6C, 0x5F, 0x71, 0x61, 0x4B, 0x55, 0x69, 0x59, 0x3B, 0x43 ; file 0E9DCB
db 0x48, 0x4E, 0x5B, 0x61, 0x55, 0x5C, 0xA2, 0xB8, 0xA2, 0x91, 0x8C, 0x84, 0x76, 0x7F, 0x6F, 0x5D ; file 0E9DDB
db 0x6C, 0x83, 0x75, 0x5B, 0x70, 0x83, 0x8E, 0xA0, 0xAE, 0xA8, 0xA7, 0xD5, 0xE3, 0xCB, 0xB7, 0xAD ; file 0E9DEB
db 0x9F, 0x91, 0xA1, 0x98, 0x7D, 0x83, 0x99, 0x8C, 0x69, 0x67, 0x6A, 0x6C, 0x77, 0x7F, 0x72, 0x72 ; file 0E9DFB
db 0xB0, 0xCE, 0xB7, 0xA0, 0x96, 0x8A, 0x77, 0x79, 0x6B, 0x53, 0x5B, 0x71, 0x66, 0x48, 0x52, 0x62 ; file 0E9E0B
db 0x67, 0x75, 0x84, 0x7F, 0x79, 0xA3, 0xB9, 0xA3, 0x8D, 0x81, 0x72, 0x61, 0x6D, 0x6B, 0x4F, 0x50 ; file 0E9E1B
db 0x68, 0x62, 0x44, 0x3E, 0x44, 0x46, 0x53, 0x5F, 0x59, 0x56, 0x8F, 0xBC, 0xAB, 0x97, 0x8F, 0x88 ; file 0E9E2B
db 0x79, 0x7C, 0x77, 0x5E, 0x65, 0x80, 0x7D, 0x60, 0x66, 0x7B, 0x80, 0x93, 0xA7, 0xA9, 0xA4, 0xC7 ; file 0E9E3B
db 0xE8, 0xD5, 0xBF, 0xB2, 0xA4, 0x93, 0x9B, 0xA1, 0x82, 0x7E, 0x97, 0x95, 0x74, 0x66, 0x69, 0x65 ; file 0E9E4B
db 0x6F, 0x7C, 0x76, 0x6E, 0x9C, 0xD1, 0xC1, 0xA9, 0x9C, 0x8F, 0x7D, 0x78, 0x74, 0x57, 0x56, 0x6E ; file 0E9E5B
db 0x6E, 0x50, 0x4C, 0x5E, 0x5D, 0x69, 0x7C, 0x80, 0x78, 0x95, 0xBD, 0xAC, 0x96, 0x87, 0x78, 0x66 ; file 0E9E6B
db 0x68, 0x74, 0x56, 0x4E, 0x64, 0x69, 0x4E, 0x3D, 0x44, 0x3E, 0x4A, 0x5A, 0x5B, 0x54, 0x79, 0xBC ; file 0E9E7B
db 0xB3, 0x9E, 0x94, 0x8A, 0x7D, 0x78, 0x7E, 0x63, 0x5F, 0x7A, 0x82, 0x69, 0x60, 0x76, 0x75, 0x84 ; file 0E9E8B
db 0x9B, 0xA6, 0xA2, 0xB9, 0xE9, 0xDD, 0xC7, 0xB8, 0xA9, 0x97, 0x96, 0xA7, 0x8B, 0x7D, 0x91, 0x9B ; file 0E9E9B
db 0x81, 0x67, 0x6B, 0x60, 0x66, 0x75, 0x78, 0x6E, 0x89, 0xCE, 0xCA, 0xB2, 0xA3, 0x95, 0x83, 0x77 ; file 0E9EAB
db 0x7C, 0x5E, 0x53, 0x68, 0x73, 0x5B, 0x49, 0x5C, 0x56, 0x5D, 0x70, 0x7D, 0x78, 0x88, 0xBC, 0xB5 ; file 0E9EBB
db 0x9E, 0x8F, 0x7E, 0x6B, 0x64, 0x78, 0x5F, 0x4D, 0x5E, 0x6D, 0x59, 0x40, 0x46, 0x3B, 0x40, 0x51 ; file 0E9ECB
db 0x5A, 0x54, 0x68, 0xB3, 0xBA, 0xA5, 0x99, 0x8F, 0x81, 0x76, 0x81, 0x69, 0x5D, 0x71, 0x85, 0x72 ; file 0E9EDB
db 0x5D, 0x72, 0x6F, 0x75, 0x8C, 0x9F, 0xA1, 0xAD, 0xE3, 0xE5, 0xCE, 0xBF, 0xB0, 0x9D, 0x92, 0xA7 ; file 0E9EEB
db 0x95, 0x7E, 0x8A, 0x9D, 0x8C, 0x6C, 0x6E, 0x60, 0x5E, 0x6C, 0x76, 0x6F, 0x7A, 0xC2, 0xD2, 0xBA ; file 0E9EFB
db 0xA8, 0x9C, 0x8A, 0x78, 0x7F, 0x68, 0x53, 0x60, 0x75, 0x65, 0x4A, 0x59, 0x55, 0x52, 0x63, 0x75 ; file 0E9F0B
db 0x77, 0x7E, 0xB3, 0xBE, 0xA6, 0x95, 0x87, 0x72, 0x62, 0x76, 0x6A, 0x50, 0x57, 0x6E, 0x63, 0x45 ; file 0E9F1B
db 0x47, 0x3E, 0x38, 0x47, 0x56, 0x54, 0x5C, 0xA2, 0xC1, 0xAD, 0x9D, 0x95, 0x87, 0x76, 0x7F, 0x73 ; file 0E9F2B
db 0x5C, 0x68, 0x83, 0x7B, 0x60, 0x6D, 0x70, 0x6A, 0x7C, 0x95, 0x9D, 0xA3, 0xD5, 0xED, 0xD7, 0xC4 ; file 0E9F3B
db 0xB8, 0xA4, 0x92, 0xA2, 0xA0, 0x82, 0x84, 0x9C, 0x96, 0x75, 0x6E, 0x67, 0x59, 0x63, 0x71, 0x6F ; file 0E9F4B
db 0x71, 0xAE, 0xD9, 0xC3, 0xAF, 0xA4, 0x93, 0x7C, 0x7D, 0x73, 0x56, 0x59, 0x72, 0x6D, 0x50, 0x54 ; file 0E9F5B
db 0x5A, 0x4C, 0x55, 0x6A, 0x73, 0x76, 0xA2, 0xC5, 0xAF, 0x9B, 0x90, 0x7A, 0x64, 0x6F, 0x76, 0x56 ; file 0E9F6B
db 0x53, 0x6B, 0x6B, 0x4E, 0x45, 0x45, 0x34, 0x3D, 0x4F, 0x53, 0x54, 0x8A, 0xC5, 0xB5, 0xA2, 0x9B ; file 0E9F7B
db 0x8E, 0x7A, 0x7B, 0x7C, 0x5F, 0x61, 0x7E, 0x81, 0x66, 0x66, 0x75, 0x65, 0x6C, 0x86, 0x96, 0x9B ; file 0E9F8B
db 0xC2, 0xF1, 0xDF, 0xCA, 0xBF, 0xAD, 0x96, 0x9A, 0xA8, 0x89, 0x80, 0x98, 0x9C, 0x80, 0x6E, 0x70 ; file 0E9F9B
db 0x59, 0x5A, 0x69, 0x6E, 0x6C, 0x98, 0xDA, 0xCD, 0xB5, 0xAB, 0x9C, 0x83, 0x7A, 0x7D, 0x5C, 0x55 ; file 0E9FAB
db 0x6D, 0x73, 0x59, 0x4F, 0x60, 0x4C, 0x4A, 0x5D, 0x6C, 0x6F, 0x8F, 0xC6, 0xB9, 0xA1, 0x96, 0x84 ; file 0E9FBB
db 0x6A, 0x68, 0x7D, 0x5F, 0x52, 0x66, 0x70, 0x58, 0x44, 0x4B, 0x37, 0x35, 0x45, 0x4F, 0x4F, 0x73 ; file 0E9FCB
db 0xC0, 0xBE, 0xA7, 0x9F, 0x96, 0x81, 0x76, 0x81, 0x66, 0x5D, 0x75, 0x84, 0x6F, 0x61, 0x77, 0x68 ; file 0E9FDB
db 0x62, 0x75, 0x8B, 0x93, 0xAF, 0xEB, 0xE8, 0xD1, 0xC4, 0xB6, 0x9D, 0x94, 0xAB, 0x94, 0x80, 0x91 ; file 0E9FEB
db 0xA0, 0x8A, 0x6F, 0x75, 0x60, 0x55, 0x60, 0x6A, 0x68, 0x83, 0xD0, 0xD6, 0xBD, 0xAF, 0xA5, 0x8E ; file 0E9FFB
db 0x7A, 0x81, 0x66, 0x54, 0x66, 0x76, 0x62, 0x4D, 0x61, 0x53, 0x44, 0x4F, 0x62, 0x69, 0x7E, 0xBD ; file 0EA00B
db 0xC2, 0xA9, 0x9B, 0x8E, 0x74, 0x64, 0x7B, 0x6A, 0x53, 0x5F, 0x72, 0x62, 0x47, 0x4D, 0x3F, 0x31 ; file 0EA01B
db 0x3B, 0x4A, 0x4B, 0x60, 0xB1, 0xC6, 0xAF, 0xA2, 0x9C, 0x8B, 0x76, 0x81, 0x6F, 0x5C, 0x6C, 0x84 ; file 0EA02B
db 0x78, 0x60, 0x74, 0x6F, 0x5E, 0x66, 0x7D, 0x8A, 0x9E, 0xDD, 0xEF, 0xD9, 0xC9, 0xBE, 0xA7, 0x93 ; file 0EA03B
db 0xA6, 0x9E, 0x83, 0x8A, 0xA1, 0x95, 0x75, 0x76, 0x6A, 0x56, 0x57, 0x64, 0x65, 0x72, 0xBD, 0xDD ; file 0EA04B
db 0xC7, 0xB3, 0xAC, 0x9A, 0x7E, 0x81, 0x72, 0x57, 0x5E, 0x76, 0x6B, 0x50, 0x5C, 0x5C, 0x46, 0x44 ; file 0EA05B
db 0x56, 0x61, 0x70, 0xAB, 0xC9, 0xB3, 0x9F, 0x96, 0x80, 0x67, 0x75, 0x75, 0x58, 0x59, 0x71, 0x6B ; file 0EA06B
db 0x4E, 0x4C, 0x48, 0x34, 0x33, 0x41, 0x47, 0x52, 0x98, 0xCA, 0xB8, 0xA5, 0xA1, 0x94, 0x7B, 0x7D ; file 0EA07B
db 0x79, 0x5F, 0x64, 0x81, 0x7E, 0x64, 0x6C, 0x76, 0x61, 0x5B, 0x6E, 0x7F, 0x8F, 0xC7, 0xF2, 0xE2 ; file 0EA08B
db 0xCE, 0xC4, 0xB2, 0x98, 0x9E, 0xA6, 0x89, 0x85, 0x9E, 0x9D, 0x7E, 0x74, 0x73, 0x5C, 0x53, 0x5C ; file 0EA09B
db 0x60, 0x67, 0xA4, 0xDF, 0xD1, 0xB9, 0xB1, 0xA3, 0x88, 0x7E, 0x7C, 0x5D, 0x59, 0x72, 0x72, 0x57 ; file 0EA0AB
db 0x56, 0x63, 0x4C, 0x3F, 0x4B, 0x58, 0x63, 0x94, 0xC9, 0xBC, 0xA6, 0x9B, 0x8B, 0x6F, 0x6E, 0x7D ; file 0EA0BB
db 0x60, 0x57, 0x6D, 0x71, 0x57, 0x49, 0x4F, 0x3A, 0x30, 0x39, 0x41, 0x48, 0x7D, 0xC7, 0xC1, 0xAB ; file 0EA0CB
db 0xA4, 0x9B, 0x86, 0x79, 0x7F, 0x64, 0x5F, 0x7A, 0x83, 0x6B, 0x65, 0x7A, 0x67, 0x58, 0x61, 0x72 ; file 0EA0DB
db 0x80, 0xAE, 0xEE, 0xE9, 0xD5, 0xC9, 0xBA, 0xA1, 0x99, 0xAA, 0x91, 0x83, 0x98, 0xA2, 0x89, 0x73 ; file 0EA0EB
db 0x7A, 0x64, 0x55, 0x55, 0x5B, 0x5E, 0x89, 0xD9, 0xD9, 0xC1, 0xB5, 0xAB, 0x94, 0x7F, 0x82, 0x64 ; file 0EA0FB
db 0x58, 0x6B, 0x76, 0x60, 0x51, 0x66, 0x54, 0x41, 0x41, 0x4E, 0x58, 0x7B, 0xC1, 0xC3, 0xAE, 0xA0 ; file 0EA10B
db 0x94, 0x7B, 0x6B, 0x7E, 0x68, 0x58, 0x67, 0x76, 0x61, 0x4A, 0x52, 0x42, 0x33, 0x32, 0x3B, 0x3F ; file 0EA11B
db 0x63, 0xBA, 0xC7, 0xB3, 0xA6, 0xA0, 0x90, 0x7B, 0x81, 0x6B, 0x5E, 0x71, 0x84, 0x73, 0x62, 0x79 ; file 0EA12B
db 0x6E, 0x5B, 0x58, 0x66, 0x73, 0x95, 0xDF, 0xED, 0xDC, 0xCD, 0xC2, 0xAC, 0x99, 0xA9, 0x99, 0x85 ; file 0EA13B
db 0x91, 0xA4, 0x93, 0x76, 0x7C, 0x6C, 0x5A, 0x52, 0x56, 0x58, 0x71, 0xC7, 0xDE, 0xCA, 0xB9, 0xB1 ; file 0EA14B
db 0x9F, 0x85, 0x85, 0x6E, 0x59, 0x65, 0x78, 0x68, 0x51, 0x63, 0x5C, 0x47, 0x3D, 0x44, 0x4D, 0x65 ; file 0EA15B
db 0xAE, 0xC7, 0xB6, 0xA6, 0x9A, 0x85, 0x6E, 0x7C, 0x71, 0x5B, 0x62, 0x77, 0x6B, 0x4E, 0x52, 0x49 ; file 0EA16B
db 0x39, 0x31, 0x35, 0x38, 0x4E, 0xA2, 0xCA, 0xBB, 0xAA, 0xA5, 0x99, 0x81, 0x81, 0x73, 0x5E, 0x69 ; file 0EA17B
db 0x82, 0x7A, 0x62, 0x73, 0x75, 0x61, 0x56, 0x5B, 0x66, 0x7E, 0xC6, 0xEE, 0xE2, 0xD2, 0xC8, 0xB5 ; file 0EA18B
db 0x9E, 0xA6, 0xA2, 0x88, 0x8C, 0xA3, 0x9C, 0x7C, 0x7A, 0x75, 0x60, 0x55, 0x53, 0x52, 0x60, 0xAC ; file 0EA19B
db 0xE0, 0xD2, 0xBE, 0xB6, 0xA8, 0x8F, 0x87, 0x78, 0x5C, 0x60, 0x76, 0x70, 0x55, 0x5D, 0x64, 0x4E ; file 0EA1AB
db 0x3F, 0x3D, 0x43, 0x53, 0x93, 0xC6, 0xBC, 0xAC, 0xA0, 0x8F, 0x76, 0x79, 0x7B, 0x5F, 0x5E, 0x75 ; file 0EA1BB
db 0x73, 0x56, 0x4F, 0x51, 0x3E, 0x35, 0x32, 0x32, 0x3E, 0x83, 0xC8, 0xC1, 0xB0, 0xA9, 0x9F, 0x8A ; file 0EA1CB
db 0x82, 0x7C, 0x61, 0x63, 0x7E, 0x80, 0x66, 0x6A, 0x7B, 0x66, 0x59, 0x56, 0x5B, 0x6B, 0xA8, 0xE8 ; file 0EA1DB
db 0xE5, 0xD7, 0xCD, 0xBD, 0xA5, 0xA2, 0xA9, 0x8D, 0x88, 0x9F, 0xA2, 0x86, 0x77, 0x7C, 0x66, 0x5A ; file 0EA1EB
db 0x53, 0x4E, 0x53, 0x8E, 0xDB, 0xD8, 0xC4, 0xBB, 0xAF, 0x99, 0x8A, 0x84, 0x62, 0x5D, 0x72, 0x76 ; file 0EA1FB
db 0x5C, 0x56, 0x69, 0x55, 0x44, 0x3C, 0x3B, 0x44, 0x75, 0xBD, 0xBF, 0xB1, 0xA6, 0x97, 0x7F, 0x76 ; file 0EA20B
db 0x82, 0x65, 0x5C, 0x70, 0x79, 0x60, 0x4E, 0x56, 0x43, 0x39, 0x33, 0x2E, 0x32, 0x65, 0xBE, 0xC5 ; file 0EA21B
db 0xB5, 0xAD, 0xA4, 0x93, 0x84, 0x84, 0x66, 0x5F, 0x77, 0x83, 0x6E, 0x63, 0x7C, 0x6D, 0x5D, 0x55 ; file 0EA22B
db 0x53, 0x5C, 0x88, 0xD9, 0xE6, 0xDB, 0xD2, 0xC4, 0xAE, 0xA2, 0xAF, 0x94, 0x86, 0x99, 0xA5, 0x90 ; file 0EA23B
db 0x78, 0x80, 0x6D, 0x5F, 0x56, 0x4D, 0x4A, 0x70, 0xCB, 0xDB, 0xCA, 0xBF, 0xB5, 0xA3, 0x8F, 0x8D ; file 0EA24B
db 0x6C, 0x5B, 0x6D, 0x7A, 0x65, 0x52, 0x69, 0x5C, 0x49, 0x3F, 0x38, 0x38, 0x59, 0xAA, 0xC0, 0xB5 ; file 0EA25B
db 0xAC, 0x9F, 0x89, 0x78, 0x86, 0x6F, 0x5C, 0x6A, 0x7C, 0x6A, 0x4F, 0x57, 0x4A, 0x3C, 0x36, 0x2F ; file 0EA26B
db 0x2A, 0x49, 0xA6, 0xC6, 0xBA, 0xB0, 0xA9, 0x9B, 0x88, 0x8A, 0x6F, 0x5E, 0x6F, 0x84, 0x76, 0x61 ; file 0EA27B
db 0x78, 0x73, 0x61, 0x57, 0x52, 0x50, 0x6C, 0xBF, 0xE3, 0xDD, 0xD6, 0xCC, 0xB7, 0xA4, 0xB0, 0x9F ; file 0EA28B
db 0x86, 0x92, 0xA7, 0x9A, 0x7B, 0x7F, 0x75, 0x63, 0x5B, 0x51, 0x45, 0x58, 0xB0, 0xDB, 0xD0, 0xC3 ; file 0EA29B
db 0xBB, 0xAB, 0x95, 0x93, 0x79, 0x5D, 0x66, 0x7C, 0x6D, 0x53, 0x63, 0x63, 0x4F, 0x42, 0x3A, 0x31 ; file 0EA2AB
db 0x42, 0x8C, 0xBC, 0xB7, 0xAE, 0xA6, 0x92, 0x7C, 0x86, 0x7B, 0x5E, 0x64, 0x7D, 0x73, 0x55, 0x55 ; file 0EA2BB
db 0x52, 0x40, 0x3A, 0x33, 0x27, 0x34, 0x86, 0xC3, 0xBE, 0xB2, 0xAF, 0xA2, 0x8E, 0x8D, 0x7C, 0x5F ; file 0EA2CB
db 0x67, 0x83, 0x7D, 0x63, 0x6F, 0x7A, 0x66, 0x5A, 0x54, 0x4B, 0x57, 0x9D, 0xDB, 0xDD, 0xD6, 0xD2 ; file 0EA2DB
db 0xC0, 0xA9, 0xAE, 0xAB, 0x8A, 0x8B, 0xA5, 0xA2, 0x84, 0x7C, 0x7D, 0x68, 0x5F, 0x57, 0x46, 0x48 ; file 0EA2EB
db 0x8F, 0xD6, 0xD3, 0xC5, 0xC1, 0xB3, 0x9C, 0x95, 0x87, 0x62, 0x61, 0x7A, 0x75, 0x59, 0x5B, 0x69 ; file 0EA2FB
db 0x55, 0x46, 0x3E, 0x31, 0x32, 0x6B, 0xB2, 0xB6, 0xB0, 0xAC, 0x9B, 0x82, 0x83, 0x88, 0x64, 0x5F ; file 0EA30B
db 0x79, 0x7B, 0x5F, 0x53, 0x58, 0x45, 0x3D, 0x38, 0x2A, 0x27, 0x64, 0xBA, 0xBF, 0xB4, 0xB2, 0xA8 ; file 0EA31B
db 0x95, 0x8C, 0x89, 0x65, 0x61, 0x7D, 0x82, 0x69, 0x67, 0x7D, 0x6B, 0x5D, 0x57, 0x4C, 0x48, 0x7A ; file 0EA32B
db 0xCB, 0xD9, 0xD6, 0xD5, 0xC8, 0xB0, 0xAB, 0xB6, 0x93, 0x87, 0x9F, 0xA8, 0x8D, 0x7B, 0x82, 0x6E ; file 0EA33B
db 0x62, 0x5C, 0x4D, 0x40, 0x6E, 0xC9, 0xD4, 0xC8, 0xC3, 0xBA, 0xA5, 0x96, 0x95, 0x6D, 0x5E, 0x73 ; file 0EA34B
db 0x7C, 0x61, 0x55, 0x6B, 0x5B, 0x4B, 0x42, 0x36, 0x29, 0x4D, 0x9F, 0xB2, 0xAF, 0xAE, 0xA4, 0x8C ; file 0EA35B
db 0x80, 0x91, 0x70, 0x5D, 0x72, 0x81, 0x69, 0x52, 0x5B, 0x4B, 0x40, 0x3C, 0x31, 0x22, 0x45, 0xA6 ; file 0EA36B
db 0xBE, 0xB6, 0xB3, 0xAE, 0x9D, 0x8D, 0x92, 0x70, 0x5E, 0x74, 0x86, 0x71, 0x61, 0x7B, 0x71, 0x61 ; file 0EA37B
db 0x5A, 0x51, 0x43, 0x5D, 0xB2, 0xD2, 0xD3, 0xD4, 0xCF, 0xBA, 0xAA, 0xBA, 0xA0, 0x87, 0x97, 0xAB ; file 0EA38B
db 0x98, 0x7C, 0x84, 0x75, 0x66, 0x60, 0x55, 0x40, 0x54, 0xB1, 0xD2, 0xCA, 0xC4, 0xC0, 0xAF, 0x99 ; file 0EA39B
db 0x9C, 0x7C, 0x60, 0x6C, 0x7F, 0x6B, 0x53, 0x68, 0x62, 0x4F, 0x45, 0x3C, 0x2A, 0x35, 0x83, 0xAB ; file 0EA3AB
db 0xAD, 0xAD, 0xAA, 0x96, 0x81, 0x92, 0x7F, 0x60, 0x69, 0x82, 0x74, 0x56, 0x5B, 0x52, 0x43, 0x3E ; file 0EA3BB
db 0x38, 0x25, 0x2E, 0x86, 0xB9, 0xB7, 0xB2, 0xB2, 0xA6, 0x91, 0x95, 0x7F, 0x61, 0x6B, 0x85, 0x7A ; file 0EA3CB
db 0x60, 0x74, 0x77, 0x65, 0x5B, 0x56, 0x46, 0x48, 0x92, 0xC7, 0xCE, 0xD1, 0xD2, 0xC3, 0xAD, 0xB9 ; file 0EA3DB
db 0xAE, 0x8C, 0x8F, 0xA9, 0xA2, 0x82, 0x82, 0x7D, 0x6A, 0x62, 0x5C, 0x47, 0x44, 0x8F, 0xCC, 0xCA ; file 0EA3EB
db 0xC4, 0xC4, 0xB8, 0xA0, 0x9E, 0x8D, 0x67, 0x66, 0x7F, 0x76, 0x57, 0x61, 0x68, 0x55, 0x49, 0x41 ; file 0EA3FB
db 0x30, 0x29, 0x63, 0xA0, 0xA7, 0xA9, 0xAC, 0x9F, 0x87, 0x8E, 0x8C, 0x68, 0x64, 0x7F, 0x7E, 0x5E ; file 0EA40B
db 0x58, 0x59, 0x47, 0x40, 0x3D, 0x2D, 0x24, 0x64, 0xB0, 0xB5, 0xB1, 0xB4, 0xAD, 0x97, 0x94, 0x8D ; file 0EA41B
db 0x69, 0x65, 0x81, 0x81, 0x65, 0x6A, 0x7B, 0x69, 0x5E, 0x59, 0x4C, 0x40, 0x6F, 0xB8, 0xC6, 0xCB ; file 0EA42B
db 0xD2, 0xCA, 0xB3, 0xB4, 0xBA, 0x96, 0x8B, 0xA3, 0xA8, 0x8B, 0x7E, 0x83, 0x6F, 0x65, 0x60, 0x50 ; file 0EA43B
db 0x40, 0x6F, 0xC1, 0xC8, 0xC3, 0xC5, 0xBE, 0xA9, 0x9D, 0x9A, 0x72, 0x65, 0x7A, 0x7D, 0x60, 0x59 ; file 0EA44B
db 0x6C, 0x5A, 0x4C, 0x45, 0x38, 0x27, 0x46, 0x8F, 0xA0, 0xA4, 0xAB, 0xA5, 0x90, 0x8A, 0x97, 0x73 ; file 0EA45B
db 0x62, 0x78, 0x83, 0x69, 0x56, 0x5E, 0x4C, 0x43, 0x40, 0x34, 0x24, 0x46, 0xA0, 0xB1, 0xAE, 0xB3 ; file 0EA46B
db 0xB1, 0xA0, 0x93, 0x96, 0x74, 0x64, 0x78, 0x85, 0x6E, 0x63, 0x7C, 0x6E, 0x60, 0x5B, 0x52, 0x41 ; file 0EA47B
db 0x56, 0xA2, 0xBB, 0xC3, 0xCE, 0xCD, 0xBC, 0xB1, 0xC1, 0xA3, 0x8C, 0x9C, 0xAB, 0x97, 0x7D, 0x87 ; file 0EA48B
db 0x74, 0x68, 0x63, 0x58, 0x44, 0x57, 0xAE, 0xC4, 0xC1, 0xC3, 0xC2, 0xB2, 0x9F, 0xA2, 0x80, 0x68 ; file 0EA49B
db 0x74, 0x81, 0x6A, 0x56, 0x6C, 0x60, 0x50, 0x48, 0x3E, 0x2B, 0x33, 0x79, 0x97, 0x9D, 0xA7, 0xA8 ; file 0EA4AB
db 0x99, 0x8A, 0x9A, 0x82, 0x67, 0x70, 0x84, 0x74, 0x58, 0x60, 0x52, 0x45, 0x41, 0x3A, 0x28, 0x33 ; file 0EA4BB
db 0x87, 0xAB, 0xAB, 0xAF, 0xB3, 0xA8, 0x95, 0x9A, 0x80, 0x68, 0x71, 0x85, 0x77, 0x61, 0x77, 0x73 ; file 0EA4CB
db 0x63, 0x5C, 0x56, 0x46, 0x47, 0x88, 0xB0, 0xBA, 0xC6, 0xCE, 0xC3, 0xB3, 0xC1, 0xB0, 0x92, 0x96 ; file 0EA4DB
db 0xAA, 0xA0, 0x82, 0x86, 0x7C, 0x6B, 0x66, 0x5F, 0x4B, 0x4B, 0x93, 0xBE, 0xBE, 0xBF, 0xC3, 0xBA ; file 0EA4EB
db 0xA5, 0xA5, 0x8E, 0x6F, 0x70, 0x82, 0x74, 0x58, 0x66, 0x66, 0x54, 0x4A, 0x43, 0x32, 0x2B, 0x60 ; file 0EA4FB
db 0x8C, 0x94, 0x9F, 0xA8, 0xA0, 0x8E, 0x99, 0x8F, 0x6E, 0x6C, 0x83, 0x7D, 0x5F, 0x5E, 0x5A, 0x49 ; file 0EA50B
db 0x43, 0x40, 0x2F, 0x2B, 0x6A, 0xA3, 0xA7, 0xA9, 0xB2, 0xAE, 0x9B, 0x9A, 0x8D, 0x6E, 0x6E, 0x83 ; file 0EA51B
db 0x7E, 0x64, 0x6F, 0x78, 0x66, 0x5E, 0x5A, 0x4C, 0x42, 0x6E, 0xA3, 0xAF, 0xBB, 0xCA, 0xC7, 0xB7 ; file 0EA52B
db 0xBE, 0xBC, 0x9B, 0x93, 0xA8, 0xA6, 0x8A, 0x83, 0x83, 0x6F, 0x68, 0x63, 0x53, 0x48, 0x79, 0xB7 ; file 0EA53B
db 0xBA, 0xB9, 0xC2, 0xBE, 0xAC, 0xA5, 0x9B, 0x78, 0x70, 0x81, 0x7C, 0x5F, 0x60, 0x6C, 0x59, 0x4D ; file 0EA54B
db 0x47, 0x39, 0x2A, 0x4A, 0x7F, 0x8A, 0x94, 0xA3, 0xA3, 0x93, 0x96, 0x9A, 0x78, 0x6D, 0x80, 0x82 ; file 0EA55B
db 0x68, 0x5D, 0x60, 0x4E, 0x46, 0x43, 0x36, 0x2A, 0x53, 0x99, 0xA2, 0xA3, 0xAF, 0xB0, 0xA2, 0x9B ; file 0EA56B
db 0x98, 0x76, 0x6D, 0x80, 0x83, 0x6A, 0x67, 0x7B, 0x6B, 0x5F, 0x5C, 0x51, 0x42, 0x5B, 0x95, 0xA3 ; file 0EA57B
db 0xAF, 0xC1, 0xC7, 0xBB, 0xBA, 0xC5, 0xA4, 0x95, 0xA4, 0xAA, 0x93, 0x82, 0x88, 0x74, 0x6A, 0x66 ; file 0EA58B
db 0x5A, 0x49, 0x65, 0xAC, 0xB5, 0xB4, 0xBD, 0xC0, 0xB3, 0xA7, 0xA5, 0x83, 0x72, 0x80, 0x82, 0x68 ; file 0EA59B
db 0x5C, 0x6E, 0x5E, 0x4F, 0x4A, 0x3F, 0x2E, 0x3C, 0x73, 0x80, 0x89, 0x9A, 0xA2, 0x98, 0x93, 0xA1 ; file 0EA5AB
db 0x83, 0x6F, 0x7C, 0x86, 0x71, 0x5D, 0x64, 0x53, 0x48, 0x45, 0x3C, 0x2C, 0x41, 0x8C, 0x9C, 0x9D ; file 0EA5BB
db 0xA8, 0xB0, 0xA8, 0x9B, 0x9F, 0x80, 0x6F, 0x7D, 0x86, 0x72, 0x63, 0x7A, 0x6F, 0x61, 0x5C, 0x56 ; file 0EA5CB
db 0x46, 0x4E, 0x86, 0x99, 0xA2, 0xB5, 0xC3, 0xBE, 0xB8, 0xC9, 0xB0, 0x99, 0xA1, 0xAC, 0x9B, 0x83 ; file 0EA5DB
db 0x8B, 0x7B, 0x6D, 0x68, 0x60, 0x4E, 0x58, 0x9E, 0xB2, 0xAF, 0xB6, 0xBF, 0xB8, 0xA9, 0xAC, 0x8F ; file 0EA5EB
db 0x76, 0x7E, 0x87, 0x71, 0x5B, 0x6D, 0x64, 0x53, 0x4B, 0x44, 0x33, 0x33, 0x66, 0x79, 0x7E, 0x8E ; file 0EA5FB
db 0x9D, 0x9B, 0x92, 0xA3, 0x90, 0x74, 0x7A, 0x89, 0x7A, 0x60, 0x65, 0x5A, 0x4C, 0x47, 0x42, 0x31 ; file 0EA60B
db 0x36, 0x7A, 0x99, 0x98, 0x9F, 0xAD, 0xAC, 0x9E, 0xA3, 0x8C, 0x73, 0x7A, 0x8A, 0x7A, 0x63, 0x76 ; file 0EA61B
db 0x75, 0x64, 0x5D, 0x59, 0x4B, 0x47, 0x78, 0x93, 0x96, 0xA7, 0xBB, 0xBE, 0xB6, 0xC7, 0xBC, 0x9E ; file 0EA62B
db 0x9E, 0xAF, 0xA3, 0x87, 0x89, 0x82, 0x70, 0x6A, 0x65, 0x54, 0x50, 0x8D, 0xB1, 0xAB, 0xAE, 0xBA ; file 0EA63B
db 0xBB, 0xAC, 0xAE, 0x9C, 0x7C, 0x7C, 0x8C, 0x7B, 0x5E, 0x68, 0x6B, 0x57, 0x4D, 0x48, 0x39, 0x2F ; file 0EA64B
db 0x57, 0x76, 0x74, 0x80, 0x95, 0x9A, 0x92, 0xA0, 0x9D, 0x7B, 0x78, 0x8B, 0x82, 0x65, 0x63, 0x62 ; file 0EA65B
db 0x50, 0x49, 0x46, 0x37, 0x31, 0x66, 0x98, 0x93, 0x96, 0xA6, 0xAC, 0xA1, 0xA2, 0x99, 0x78, 0x77 ; file 0EA66B
db 0x8B, 0x82, 0x66, 0x6D, 0x7B, 0x68, 0x5E, 0x5C, 0x50, 0x45, 0x67, 0x90, 0x8D, 0x98, 0xAF, 0xBA ; file 0EA67B
db 0xB6, 0xC1, 0xC8, 0xA5, 0x9D, 0xAF, 0xAA, 0x8E, 0x85, 0x89, 0x74, 0x6C, 0x68, 0x5B, 0x4E, 0x77 ; file 0EA68B
db 0xB2, 0xA9, 0xA6, 0xB4, 0xBA, 0xB0, 0xAD, 0xA9, 0x84, 0x7C, 0x8E, 0x85, 0x65, 0x62, 0x71, 0x5C ; file 0EA69B
db 0x4F, 0x4B, 0x3F, 0x30, 0x49, 0x76, 0x6F, 0x73, 0x89, 0x96, 0x92, 0x9A, 0xA8, 0x85, 0x77, 0x8A ; file 0EA6AB
db 0x8A, 0x6E, 0x60, 0x69, 0x55, 0x4C, 0x49, 0x3E, 0x30, 0x51, 0x96, 0x92, 0x8E, 0x9D, 0xA9, 0xA4 ; file 0EA6BB
db 0xA0, 0xA4, 0x81, 0x76, 0x8A, 0x8B, 0x6D, 0x66, 0x7E, 0x6C, 0x5F, 0x5C, 0x55, 0x46, 0x58, 0x8D ; file 0EA6CB
db 0x8A, 0x8B, 0xA1, 0xB3, 0xB4, 0xBA, 0xCF, 0xB0, 0x9E, 0xAD, 0xB2, 0x97, 0x82, 0x8E, 0x7A, 0x6E ; file 0EA6DB
db 0x6A, 0x61, 0x50, 0x66, 0xAD, 0xAC, 0xA1, 0xAB, 0xB6, 0xB3, 0xAB, 0xB1, 0x90, 0x7D, 0x8C, 0x90 ; file 0EA6EB
db 0x70, 0x5D, 0x73, 0x63, 0x52, 0x4C, 0x44, 0x34, 0x3C, 0x71, 0x70, 0x69, 0x7A, 0x8E, 0x91, 0x93 ; file 0EA6FB
db 0xAB, 0x92, 0x7A, 0x86, 0x92, 0x79, 0x60, 0x6B, 0x5C, 0x4E, 0x4B, 0x44, 0x33, 0x41, 0x8C, 0x97 ; file 0EA70B
db 0x89, 0x93, 0xA3, 0xA5, 0x9E, 0xA8, 0x8D, 0x77, 0x85, 0x92, 0x79, 0x62, 0x7B, 0x73, 0x61, 0x5C ; file 0EA71B
db 0x58, 0x4A, 0x4D, 0x83, 0x8D, 0x81, 0x91, 0xA7, 0xB0, 0xB2, 0xCD, 0xBD, 0xA2, 0xA8, 0xB7, 0xA2 ; file 0EA72B
db 0x84, 0x8D, 0x82, 0x71, 0x6C, 0x66, 0x55, 0x59, 0x9F, 0xB2, 0xA0, 0xA1, 0xB0, 0xB3, 0xAA, 0xB3 ; file 0EA73B
db 0x9E, 0x80, 0x87, 0x96, 0x7E, 0x5E, 0x6F, 0x6B, 0x56, 0x4D, 0x48, 0x39, 0x35, 0x66, 0x76, 0x66 ; file 0EA74B
db 0x6C, 0x82, 0x8C, 0x8D, 0xA6, 0xA0, 0x7F, 0x82, 0x96, 0x86, 0x64, 0x68, 0x64, 0x52, 0x4D, 0x49 ; file 0EA75B
db 0x38, 0x38, 0x79, 0x9D, 0x8A, 0x88, 0x9A, 0xA3, 0x9D, 0xA7, 0x9A, 0x7C, 0x7F, 0x95, 0x85, 0x64 ; file 0EA76B
db 0x72, 0x7A, 0x65, 0x5D, 0x5A, 0x4E, 0x48, 0x73, 0x92, 0x80, 0x82, 0x99, 0xA8, 0xAB, 0xC4, 0xC8 ; file 0EA77B
db 0xA9, 0xA5, 0xB9, 0xAE, 0x8B, 0x88, 0x89, 0x75, 0x6E, 0x6A, 0x5B, 0x54, 0x8B, 0xB9, 0xA5, 0x9A ; file 0EA78B
db 0xA8, 0xB0, 0xAA, 0xB0, 0xAA, 0x88, 0x84, 0x98, 0x8C, 0x65, 0x68, 0x72, 0x5C, 0x4F, 0x4B, 0x3E ; file 0EA79B
db 0x33, 0x56, 0x7C, 0x69, 0x62, 0x74, 0x83, 0x87, 0x9C, 0xA9, 0x89, 0x80, 0x96, 0x91, 0x6D, 0x63 ; file 0EA7AB
db 0x6A, 0x57, 0x4E, 0x4C, 0x3F, 0x35, 0x62, 0x9F, 0x92, 0x82, 0x90, 0x9E, 0x9C, 0xA2, 0xA4, 0x84 ; file 0EA7BB
db 0x7D, 0x94, 0x90, 0x6D, 0x69, 0x7D, 0x6B, 0x5E, 0x5B, 0x52, 0x46, 0x62, 0x93, 0x85, 0x79, 0x8A ; file 0EA7CB
db 0x9D, 0xA4, 0xB7, 0xCE, 0xB1, 0xA4, 0xB7, 0xB8, 0x97, 0x84, 0x8E, 0x7B, 0x70, 0x6D, 0x61, 0x53 ; file 0EA7DB
db 0x75, 0xB8, 0xAE, 0x98, 0x9E, 0xAA, 0xAA, 0xAB, 0xB2, 0x93, 0x84, 0x96, 0x97, 0x73, 0x62, 0x76 ; file 0EA7EB
db 0x64, 0x52, 0x4D, 0x43, 0x34, 0x46, 0x7A, 0x70, 0x5E, 0x67, 0x78, 0x80, 0x8F, 0xAC, 0x94, 0x81 ; file 0EA7FB
db 0x92, 0x9A, 0x7B, 0x62, 0x6D, 0x5D, 0x52, 0x4E, 0x45, 0x36, 0x4E, 0x99, 0x9A, 0x83, 0x86, 0x96 ; file 0EA80B
db 0x9A, 0x9C, 0xA9, 0x8E, 0x7D, 0x8F, 0x98, 0x7B, 0x65, 0x7D, 0x71, 0x61, 0x5C, 0x56, 0x48, 0x54 ; file 0EA81B
db 0x8C, 0x8C, 0x78, 0x7C, 0x90, 0x9C, 0xAA, 0xCC, 0xBB, 0xA7, 0xB2, 0xBE, 0xA5, 0x85, 0x8E, 0x81 ; file 0EA82B
db 0x73, 0x6E, 0x67, 0x56, 0x64, 0xAE, 0xB7, 0x9E, 0x97, 0xA3, 0xA8, 0xA6, 0xB5, 0x9D, 0x87, 0x92 ; file 0EA83B
db 0x9E, 0x83, 0x63, 0x74, 0x6B, 0x57, 0x4E, 0x48, 0x38, 0x3C, 0x71, 0x78, 0x62, 0x5D, 0x6C, 0x77 ; file 0EA84B
db 0x82, 0xA7, 0x9D, 0x86, 0x8D, 0x9E, 0x8A, 0x67, 0x6B, 0x63, 0x56, 0x50, 0x4A, 0x3A, 0x41, 0x89 ; file 0EA85B
db 0xA1, 0x8B, 0x7F, 0x8C, 0x96, 0x96, 0xA7, 0x98, 0x81, 0x89, 0x9C, 0x89, 0x68, 0x77, 0x77, 0x65 ; file 0EA86B
db 0x5C, 0x59, 0x4C, 0x4B, 0x7F, 0x92, 0x7E, 0x73, 0x82, 0x91, 0x9C, 0xC2, 0xC3, 0xAC, 0xAE, 0xC0 ; file 0EA87B
db 0xB2, 0x8D, 0x8B, 0x86, 0x77, 0x70, 0x6B, 0x5B, 0x5A, 0x9C, 0xBD, 0xA7, 0x95, 0x9B, 0xA3, 0xA1 ; file 0EA88B
db 0xB0, 0xA7, 0x8D, 0x8E, 0xA1, 0x91, 0x6B, 0x70, 0x71, 0x5D, 0x50, 0x4B, 0x3D, 0x36, 0x63, 0x7F ; file 0EA89B
db 0x6A, 0x5B, 0x62, 0x6E, 0x76, 0x99, 0xA5, 0x8C, 0x8A, 0x9F, 0x96, 0x71, 0x69, 0x68, 0x59, 0x52 ; file 0EA8AB
db 0x4E, 0x3F, 0x3A, 0x74, 0xA5, 0x94, 0x80, 0x84, 0x8F, 0x91, 0xA0, 0xA1, 0x86, 0x86, 0x9B, 0x94 ; file 0EA8BB
db 0x71, 0x70, 0x7B, 0x69, 0x5E, 0x5A, 0x50, 0x47, 0x6E, 0x96, 0x85, 0x73, 0x77, 0x84, 0x90, 0xB0 ; file 0EA8CB
db 0xC7, 0xB1, 0xAC, 0xBF, 0xBC, 0x9A, 0x8A, 0x8C, 0x7B, 0x72, 0x6E, 0x61, 0x56, 0x85, 0xC0, 0xB1 ; file 0EA8DB
db 0x9A, 0x96, 0x9C, 0x9D, 0xA8, 0xAF, 0x93, 0x8D, 0xA0, 0x9B, 0x78, 0x6C, 0x77, 0x63, 0x54, 0x4D ; file 0EA8EB
db 0x42, 0x35, 0x52, 0x81, 0x72, 0x5E, 0x5B, 0x63, 0x6B, 0x87, 0xA7, 0x92, 0x8A, 0x9C, 0x9F, 0x7F ; file 0EA8FB
db 0x69, 0x6D, 0x5D, 0x56, 0x51, 0x46, 0x39, 0x5D, 0xA3, 0x9C, 0x86, 0x80, 0x87, 0x8C, 0x96, 0xA5 ; file 0EA90B
db 0x8D, 0x85, 0x98, 0x9B, 0x7D, 0x6D, 0x7E, 0x6D, 0x61, 0x5B, 0x53, 0x47, 0x5C, 0x93, 0x8C, 0x78 ; file 0EA91B
db 0x71, 0x79, 0x83, 0x9D, 0xC4, 0xB5, 0xAC, 0xBC, 0xC3, 0xA7, 0x8C, 0x90, 0x7E, 0x75, 0x71, 0x67 ; file 0EA92B
db 0x57, 0x70, 0xBA, 0xB9, 0xA2, 0x95, 0x96, 0x99, 0x9E, 0xB0, 0x9A, 0x8D, 0x9D, 0xA2, 0x86, 0x6D ; file 0EA93B
db 0x7B, 0x69, 0x59, 0x50, 0x47, 0x37, 0x44, 0x7B, 0x7A, 0x64, 0x5A, 0x5B, 0x61, 0x75, 0xA1, 0x97 ; file 0EA94B
db 0x8B, 0x99, 0xA4, 0x8D, 0x6E, 0x71, 0x61, 0x58, 0x54, 0x4C, 0x3C, 0x4C, 0x98, 0xA3, 0x8E, 0x81 ; file 0EA95B
db 0x81, 0x86, 0x8B, 0xA3, 0x93, 0x85, 0x94, 0xA0, 0x8A, 0x6F, 0x7E, 0x73, 0x63, 0x5D, 0x56, 0x49 ; file 0EA96B
db 0x50, 0x89, 0x92, 0x7E, 0x71, 0x70, 0x77, 0x89, 0xB8, 0xB9, 0xAB, 0xB8, 0xC7, 0xB3, 0x93, 0x92 ; file 0EA97B
db 0x83, 0x77, 0x73, 0x6C, 0x5B, 0x62, 0xAC, 0xC0, 0xAA, 0x99, 0x94, 0x94, 0x95, 0xAC, 0xA1, 0x8F ; file 0EA98B
db 0x99, 0xA7, 0x93, 0x73, 0x7C, 0x71, 0x5D, 0x53, 0x4B, 0x3B, 0x3B, 0x6F, 0x80, 0x6B, 0x5D, 0x57 ; file 0EA99B
db 0x59, 0x64, 0x91, 0x9B, 0x8B, 0x95, 0xA7, 0x99, 0x76, 0x73, 0x68, 0x5A, 0x57, 0x51, 0x41, 0x42 ; file 0EA9AB
db 0x86, 0xA8, 0x96, 0x85, 0x80, 0x80, 0x82, 0x9B, 0x9A, 0x86, 0x8F, 0xA3, 0x95, 0x75, 0x7C, 0x7A ; file 0EA9BB
db 0x66, 0x5E, 0x5A, 0x4D, 0x49, 0x78, 0x96, 0x84, 0x74, 0x6E, 0x6E, 0x78, 0xA4, 0xB9, 0xAB, 0xB2 ; file 0EA9CB
db 0xC8, 0xBD, 0x9C, 0x94, 0x8B, 0x79, 0x74, 0x71, 0x60, 0x5B, 0x95, 0xC4, 0xB2, 0x9F, 0x96, 0x91 ; file 0EA9DB
db 0x8E, 0xA1, 0xA6, 0x91, 0x95, 0xA9, 0x9E, 0x7B, 0x7A, 0x7B, 0x62, 0x56, 0x50, 0x40, 0x37, 0x5D ; file 0EA9EB
db 0x84, 0x73, 0x61, 0x59, 0x53, 0x56, 0x7B, 0x9A, 0x8C, 0x90, 0xA7, 0xA2, 0x82, 0x74, 0x70, 0x5D ; file 0EA9FB
db 0x58, 0x56, 0x47, 0x3E, 0x6E, 0xAA, 0x9E, 0x8A, 0x83, 0x7D, 0x7B, 0x8C, 0x9C, 0x89, 0x8B, 0xA2 ; file 0EAA0B
db 0x9E, 0x7E, 0x79, 0x82, 0x6B, 0x60, 0x5D, 0x51, 0x46, 0x66, 0x97, 0x8A, 0x78, 0x71, 0x69, 0x6A ; file 0EAA1B
db 0x8B, 0xB4, 0xAB, 0xAD, 0xC5, 0xC6, 0xA8, 0x95, 0x94, 0x7C, 0x75, 0x74, 0x66, 0x59, 0x80, 0xC3 ; file 0EAA2B
db 0xBA, 0xA5, 0x9B, 0x91, 0x89, 0x94, 0xA7, 0x94, 0x91, 0xA7, 0xA7, 0x87, 0x79, 0x84, 0x69, 0x59 ; file 0EAA3B
db 0x53, 0x47, 0x37, 0x4D, 0x82, 0x7A, 0x66, 0x5D, 0x52, 0x4E, 0x64, 0x93, 0x8C, 0x8B, 0xA3, 0xAA ; file 0EAA4B
db 0x8E, 0x76, 0x79, 0x62, 0x59, 0x58, 0x4E, 0x3E, 0x5A, 0xA4, 0xA4, 0x90, 0x87, 0x7F, 0x77, 0x7F ; file 0EAA5B
db 0x9A, 0x8B, 0x87, 0x9E, 0xA5, 0x8A, 0x77, 0x88, 0x72, 0x62, 0x5E, 0x56, 0x47, 0x56, 0x91, 0x91 ; file 0EAA6B
db 0x7D, 0x73, 0x6A, 0x62, 0x74, 0xA7, 0xA9, 0xA7, 0xBE, 0xCC, 0xB3, 0x98, 0x9B, 0x83, 0x75, 0x74 ; file 0EAA7B
db 0x6D, 0x5B, 0x6C, 0xB8, 0xC1, 0xAB, 0x9F, 0x95, 0x88, 0x88, 0xA2, 0x97, 0x8F, 0xA1, 0xAE, 0x94 ; file 0EAA8B
db 0x7A, 0x89, 0x74, 0x5D, 0x55, 0x4D, 0x3A, 0x40, 0x79, 0x80, 0x6C, 0x61, 0x57, 0x4A, 0x52, 0x83 ; file 0EAA9B
db 0x8B, 0x86, 0x9B, 0xAF, 0x9A, 0x7B, 0x7E, 0x6B, 0x5B, 0x59, 0x54, 0x43, 0x4B, 0x95, 0xAA, 0x97 ; file 0EAAAB
db 0x8A, 0x84, 0x77, 0x74, 0x90, 0x8E, 0x83, 0x97, 0xAA, 0x96, 0x79, 0x89, 0x7D, 0x65, 0x5E, 0x5A ; file 0EAABB
db 0x4B, 0x4B, 0x82, 0x95, 0x83, 0x76, 0x6E, 0x60, 0x62, 0x93, 0xA5, 0xA1, 0xB5, 0xCE, 0xBF, 0x9E ; file 0EAACB
db 0x9D, 0x8F, 0x79, 0x74, 0x72, 0x60, 0x61, 0xA5, 0xC6, 0xB3, 0xA2, 0x9B, 0x8C, 0x80, 0x97, 0x99 ; file 0EAADB
db 0x8C, 0x9A, 0xB0, 0xA0, 0x7F, 0x88, 0x81, 0x64, 0x57, 0x52, 0x41, 0x3A, 0x69, 0x85, 0x72, 0x64 ; file 0EAAEB
db 0x5C, 0x4D, 0x45, 0x6D, 0x87, 0x81, 0x92, 0xAF, 0xA7, 0x83, 0x7E, 0x77, 0x5F, 0x59, 0x58, 0x49 ; file 0EAAFB
db 0x44, 0x7F, 0xAE, 0x9E, 0x8E, 0x89, 0x7D, 0x6E, 0x82, 0x8E, 0x81, 0x8E, 0xA9, 0xA1, 0x7F, 0x84 ; file 0EAB0B
db 0x88, 0x6C, 0x5E, 0x5C, 0x50, 0x46, 0x6F, 0x98, 0x89, 0x79, 0x73, 0x64, 0x59, 0x7A, 0x9E, 0x9B ; file 0EAB1B
db 0xAA, 0xCA, 0xCA, 0xA8, 0x9D, 0x9A, 0x7F, 0x74, 0x74, 0x67, 0x5C, 0x8F, 0xC8, 0xBA, 0xA7, 0xA0 ; file 0EAB2B
db 0x94, 0x7F, 0x89, 0x99, 0x8A, 0x92, 0xAE, 0xAB, 0x88, 0x83, 0x8D, 0x6E, 0x5A, 0x54, 0x48, 0x38 ; file 0EAB3B
db 0x57, 0x86, 0x79, 0x67, 0x60, 0x53, 0x41, 0x56, 0x7F, 0x7B, 0x87, 0xA9, 0xAF, 0x90, 0x7E, 0x81 ; file 0EAB4B
db 0x67, 0x5B, 0x5A, 0x50, 0x43, 0x69, 0xAD, 0xA5, 0x92, 0x8D, 0x83, 0x70, 0x74, 0x8B, 0x7F, 0x86 ; file 0EAB5B
db 0xA4, 0xA9, 0x8A, 0x7F, 0x90, 0x76, 0x61, 0x5D, 0x55, 0x46, 0x5D, 0x95, 0x8E, 0x7D, 0x75, 0x6A ; file 0EAB6B
db 0x58, 0x63, 0x92, 0x94, 0x9F, 0xC1, 0xCF, 0xB4, 0x9D, 0xA1, 0x88, 0x77, 0x74, 0x6D, 0x5D, 0x79 ; file 0EAB7B
db 0xC3, 0xC1, 0xAC, 0xA3, 0x9A, 0x85, 0x7D, 0x95, 0x89, 0x8B, 0xA7, 0xB1, 0x96, 0x80, 0x92, 0x7A ; file 0EAB8B
db 0x60, 0x56, 0x4E, 0x3C, 0x48, 0x81, 0x7F, 0x6C, 0x63, 0x59, 0x46, 0x45, 0x70, 0x75, 0x7C, 0x9E ; file 0EAB9B
db 0xB3, 0x9D, 0x80, 0x86, 0x71, 0x5F, 0x5A, 0x55, 0x46, 0x57, 0xA3, 0xAC, 0x98, 0x8F, 0x89, 0x78 ; file 0EABAB
db 0x6B, 0x83, 0x7D, 0x7E, 0x9A, 0xAD, 0x97, 0x7D, 0x91, 0x81, 0x68, 0x5D, 0x58, 0x4A, 0x50, 0x8A ; file 0EABBB
db 0x93, 0x81, 0x77, 0x70, 0x5D, 0x56, 0x80, 0x8C, 0x93, 0xB3, 0xCF, 0xC0, 0xA1, 0xA4, 0x93, 0x7D ; file 0EABCB
db 0x74, 0x71, 0x61, 0x69, 0xB4, 0xC7, 0xB3, 0xA6, 0xA0, 0x90, 0x7A, 0x8C, 0x88, 0x84, 0x9D, 0xB4 ; file 0EABDB
db 0xA2, 0x83, 0x92, 0x86, 0x69, 0x59, 0x52, 0x42, 0x3F, 0x73, 0x84, 0x71, 0x66, 0x5F, 0x4D, 0x3E ; file 0EABEB
db 0x5F, 0x6F, 0x71, 0x8F, 0xB1, 0xA8, 0x87, 0x87, 0x7B, 0x65, 0x5C, 0x59, 0x4B, 0x4C, 0x91, 0xB1 ; file 0EABFB
db 0x9F, 0x91, 0x8D, 0x81, 0x6B, 0x78, 0x7C, 0x76, 0x8F, 0xAD, 0xA2, 0x82, 0x8E, 0x8C, 0x71, 0x60 ; file 0EAC0B
db 0x5B, 0x4E, 0x49, 0x79, 0x97, 0x86, 0x79, 0x73, 0x64, 0x53, 0x6C, 0x84, 0x86, 0xA2, 0xCA, 0xC9 ; file 0EAC1B
db 0xAA, 0xA4, 0x9D, 0x85, 0x77, 0x73, 0x66, 0x62, 0x9E, 0xCB, 0xBA, 0xA9, 0xA4, 0x98, 0x7F, 0x82 ; file 0EAC2B
db 0x88, 0x7E, 0x91, 0xB1, 0xAB, 0x8C, 0x8E, 0x91, 0x75, 0x5F, 0x55, 0x48, 0x3D, 0x62, 0x87, 0x78 ; file 0EAC3B
db 0x68, 0x63, 0x55, 0x40, 0x4E, 0x68, 0x66, 0x7E, 0xA9, 0xAF, 0x93, 0x86, 0x85, 0x6D, 0x60, 0x5B ; file 0EAC4B
db 0x50, 0x49, 0x7A, 0xB3, 0xA6, 0x94, 0x90, 0x87, 0x72, 0x6F, 0x7A, 0x70, 0x81, 0xA6, 0xA9, 0x8D ; file 0EAC5B
db 0x88, 0x94, 0x7B, 0x66, 0x5D, 0x52, 0x48, 0x67, 0x97, 0x8B, 0x7C, 0x76, 0x6A, 0x57, 0x5C, 0x7B ; file 0EAC6B
db 0x7A, 0x90, 0xBD, 0xCC, 0xB4, 0xA3, 0xA5, 0x8E, 0x7D, 0x75, 0x6A, 0x60, 0x87, 0xC9, 0xC1, 0xAD ; file 0EAC7B
db 0xA7, 0x9E, 0x89, 0x7D, 0x86, 0x79, 0x84, 0xA8, 0xB2, 0x97, 0x8A, 0x98, 0x7F, 0x68, 0x5A, 0x4D ; file 0EAC8B
db 0x3E, 0x53, 0x86, 0x7D, 0x6C, 0x66, 0x5B, 0x47, 0x44, 0x60, 0x5E, 0x6E, 0x9A, 0xB1, 0x9D, 0x88 ; file 0EAC9B
db 0x8C, 0x76, 0x66, 0x5E, 0x54, 0x48, 0x66, 0xAE, 0xAD, 0x99, 0x93, 0x8C, 0x7B, 0x6C, 0x77, 0x6B ; file 0EACAB
db 0x74, 0x9A, 0xAC, 0x97, 0x85, 0x97, 0x84, 0x6E, 0x60, 0x56, 0x49, 0x58, 0x90, 0x90, 0x7F, 0x78 ; file 0EACBB
db 0x6F, 0x5D, 0x55, 0x70, 0x70, 0x7E, 0xAB, 0xCA, 0xBD, 0xA6, 0xAA, 0x96, 0x84, 0x79, 0x6E, 0x61 ; file 0EACCB
db 0x76, 0xC0, 0xC7, 0xB2, 0xA9, 0xA3, 0x93, 0x7E, 0x84, 0x76, 0x79, 0x9B, 0xB3, 0xA1, 0x8B, 0x9B ; file 0EACDB
db 0x8A, 0x71, 0x60, 0x52, 0x42, 0x48, 0x7E, 0x83, 0x70, 0x68, 0x60, 0x4F, 0x41, 0x58, 0x57, 0x5E ; file 0EACEB
db 0x87, 0xAD, 0xA6, 0x8C, 0x90, 0x7F, 0x6D, 0x62, 0x59, 0x4B, 0x57, 0xA1, 0xB3, 0x9F, 0x94, 0x90 ; file 0EACFB
db 0x83, 0x6F, 0x75, 0x6A, 0x6A, 0x8B, 0xAB, 0xA0, 0x87, 0x97, 0x8D, 0x76, 0x66, 0x5A, 0x4C, 0x4E ; file 0EAD0B
db 0x84, 0x94, 0x83, 0x79, 0x73, 0x64, 0x54, 0x67, 0x6A, 0x6E, 0x95, 0xC2, 0xC3, 0xAA, 0xAC, 0x9F ; file 0EAD1B
db 0x8B, 0x7F, 0x74, 0x64, 0x69, 0xAE, 0xCB, 0xB9, 0xAB, 0xA7, 0x9A, 0x84, 0x84, 0x77, 0x6F, 0x8B ; file 0EAD2B
db 0xAF, 0xA9, 0x8F, 0x99, 0x94, 0x7A, 0x67, 0x59, 0x47, 0x42, 0x6F, 0x88, 0x76, 0x69, 0x64, 0x56 ; file 0EAD3B
db 0x44, 0x51, 0x55, 0x52, 0x72, 0xA2, 0xAA, 0x93, 0x91, 0x88, 0x73, 0x69, 0x5F, 0x4F, 0x4E, 0x8C ; file 0EAD4B
db 0xB7, 0xA7, 0x96, 0x94, 0x8A, 0x75, 0x74, 0x6C, 0x61, 0x7A, 0xA3, 0xA6, 0x8C, 0x94, 0x96, 0x7E ; file 0EAD5B
db 0x6C, 0x60, 0x50, 0x48, 0x72, 0x97, 0x88, 0x7A, 0x76, 0x6A, 0x57, 0x60, 0x68, 0x61, 0x7E, 0xB3 ; file 0EAD6B
db 0xC4, 0xB0, 0xAB, 0xA8, 0x92, 0x85, 0x7A, 0x68, 0x62, 0x98, 0xCE, 0xC0, 0xAE, 0xAA, 0xA0, 0x8C ; file 0EAD7B
db 0x84, 0x7D, 0x69, 0x7B, 0xA5, 0xAD, 0x95, 0x95, 0x9D, 0x83, 0x6F, 0x61, 0x4D, 0x40, 0x60, 0x8A ; file 0EAD8B
db 0x7C, 0x6B, 0x67, 0x5C, 0x48, 0x4C, 0x57, 0x49, 0x5D, 0x91, 0xA9, 0x99, 0x90, 0x92, 0x7A, 0x6E ; file 0EAD9B
db 0x65, 0x54, 0x4B, 0x76, 0xB7, 0xAE, 0x9A, 0x96, 0x8F, 0x7C, 0x74, 0x72, 0x5C, 0x6A, 0x96, 0xA7 ; file 0EADAB
db 0x93, 0x8E, 0x9D, 0x86, 0x73, 0x67, 0x56, 0x47, 0x61, 0x95, 0x8C, 0x7C, 0x78, 0x6F, 0x5C, 0x5B ; file 0EADBB
db 0x6B, 0x5A, 0x69, 0x9E, 0xBF, 0xB5, 0xA9, 0xAF, 0x98, 0x8A, 0x81, 0x6F, 0x60, 0x82, 0xCA, 0xC6 ; file 0EADCB
db 0xB3, 0xAC, 0xA5, 0x94, 0x85, 0x85, 0x68, 0x6D, 0x96, 0xAD, 0x9C, 0x91, 0xA3, 0x8C, 0x76, 0x68 ; file 0EADDB
db 0x56, 0x42, 0x51, 0x88, 0x81, 0x6F, 0x69, 0x61, 0x4F, 0x48, 0x5A, 0x46, 0x4C, 0x7A, 0xA2, 0x9E ; file 0EADEB
db 0x8F, 0x98, 0x82, 0x73, 0x6B, 0x5D, 0x4B, 0x62, 0xB0, 0xB4, 0xA0, 0x98, 0x93, 0x84, 0x74, 0x7A ; file 0EADFB
db 0x5E, 0x5D, 0x84, 0xA4, 0x9A, 0x8B, 0xA0, 0x8F, 0x79, 0x6D, 0x5E, 0x4A, 0x53, 0x8D, 0x92, 0x80 ; file 0EAE0B
db 0x79, 0x72, 0x62, 0x57, 0x6B, 0x5A, 0x59, 0x84, 0xB4, 0xB7, 0xA8, 0xB2, 0xA1, 0x8F, 0x86, 0x78 ; file 0EAE1B
db 0x62, 0x70, 0xBD, 0xCC, 0xB8, 0xAD, 0xA9, 0x9B, 0x88, 0x8C, 0x70, 0x63, 0x84, 0xA8, 0xA2, 0x8F ; file 0EAE2B
db 0xA3, 0x97, 0x7E, 0x6F, 0x60, 0x48, 0x47, 0x7C, 0x88, 0x74, 0x6A, 0x65, 0x56, 0x47, 0x59, 0x4C ; file 0EAE3B
db 0x40, 0x62, 0x95, 0x9F, 0x8F, 0x98, 0x8C, 0x78, 0x70, 0x66, 0x50, 0x55, 0x9E, 0xBA, 0xA7, 0x9A ; file 0EAE4B
db 0x96, 0x8B, 0x78, 0x7C, 0x68, 0x55, 0x71, 0x9C, 0x9E, 0x8B, 0x9D, 0x99, 0x80, 0x71, 0x66, 0x50 ; file 0EAE5B
db 0x4A, 0x7D, 0x97, 0x84, 0x79, 0x75, 0x68, 0x58, 0x67, 0x62, 0x4F, 0x6B, 0xA3, 0xB4, 0xA7, 0xAF ; file 0EAE6B
db 0xAA, 0x95, 0x8B, 0x81, 0x69, 0x65, 0xA7, 0xD1, 0xBF, 0xAF, 0xAC, 0xA2, 0x8D, 0x8D, 0x7C, 0x5F ; file 0EAE7B
db 0x72, 0x9D, 0xA4, 0x91, 0x9D, 0xA1, 0x86, 0x75, 0x69, 0x52, 0x43, 0x6C, 0x8E, 0x7A, 0x6C, 0x68 ; file 0EAE8B
db 0x5C, 0x4A, 0x54, 0x56, 0x3B, 0x4E, 0x82, 0x9B, 0x90, 0x94, 0x96, 0x7F, 0x74, 0x6D, 0x59, 0x4E ; file 0EAE9B
db 0x86, 0xBE, 0xAF, 0x9D, 0x99, 0x91, 0x7E, 0x7B, 0x74, 0x55, 0x60, 0x8E, 0x9D, 0x8D, 0x95, 0xA1 ; file 0EAEAB
db 0x88, 0x77, 0x6D, 0x5A, 0x48, 0x6A, 0x99, 0x8A, 0x7B, 0x77, 0x6D, 0x5B, 0x61, 0x6A, 0x4E, 0x57 ; file 0EAEBB
db 0x8C, 0xAC, 0xA7, 0xA8, 0xB2, 0x9C, 0x8F, 0x88, 0x74, 0x62, 0x8E, 0xD0, 0xC6, 0xB2, 0xAE, 0xA6 ; file 0EAECB
db 0x94, 0x8C, 0x89, 0x64, 0x64, 0x8E, 0xA2, 0x94, 0x95, 0xA7, 0x90, 0x7A, 0x6F, 0x5D, 0x46, 0x5B ; file 0EAEDB
db 0x8E, 0x82, 0x6E, 0x69, 0x61, 0x4F, 0x4E, 0x5D, 0x40, 0x3E, 0x6C, 0x92, 0x90, 0x8D, 0x9B, 0x87 ; file 0EAEEB
db 0x79, 0x72, 0x63, 0x4F, 0x6E, 0xBA, 0xB6, 0xA1, 0x9B, 0x95, 0x85, 0x7A, 0x7E, 0x5C, 0x55, 0x7B ; file 0EAEFB
db 0x99, 0x90, 0x8D, 0xA5, 0x92, 0x7C, 0x72, 0x63, 0x4D, 0x5A, 0x94, 0x91, 0x7D, 0x78, 0x71, 0x60 ; file 0EAF0B
db 0x5B, 0x6F, 0x55, 0x4B, 0x73, 0xA0, 0xA5, 0xA1, 0xB3, 0xA4, 0x93, 0x8C, 0x7E, 0x66, 0x79, 0xC7 ; file 0EAF1B
db 0xCD, 0xB8, 0xAF, 0xAA, 0x9B, 0x8C, 0x91, 0x70, 0x5E, 0x7B, 0x9C, 0x97, 0x8E, 0xA8, 0x9A, 0x81 ; file 0EAF2B
db 0x74, 0x66, 0x4E, 0x4F, 0x86, 0x89, 0x73, 0x6B, 0x64, 0x55, 0x4B, 0x5F, 0x4B, 0x37, 0x55, 0x83 ; file 0EAF3B
db 0x8D, 0x87, 0x9B, 0x90, 0x7E, 0x76, 0x6C, 0x56, 0x5E, 0xAB, 0xBD, 0xA8, 0x9D, 0x99, 0x8C, 0x7B ; file 0EAF4B
db 0x82, 0x68, 0x52, 0x69, 0x90, 0x91, 0x86, 0xA1, 0x9B, 0x83, 0x76, 0x6B, 0x55, 0x50, 0x86, 0x96 ; file 0EAF5B
db 0x82, 0x78, 0x73, 0x66, 0x59, 0x6D, 0x5F, 0x48, 0x5D, 0x8E, 0x9F, 0x9A, 0xAE, 0xAA, 0x99, 0x90 ; file 0EAF6B
db 0x86, 0x6F, 0x6D, 0xB4, 0xD2, 0xBF, 0xB1, 0xAD, 0xA2, 0x8F, 0x93, 0x7D, 0x60, 0x6C, 0x92, 0x97 ; file 0EAF7B
db 0x8A, 0xA2, 0xA2, 0x8A, 0x79, 0x6E, 0x58, 0x4B, 0x79, 0x8F, 0x7B, 0x6C, 0x68, 0x5A, 0x4B, 0x5B ; file 0EAF8B
db 0x55, 0x39, 0x44, 0x71, 0x86, 0x81, 0x93, 0x96, 0x84, 0x7A, 0x73, 0x5F, 0x57, 0x96, 0xC0, 0xB1 ; file 0EAF9B
db 0xA0, 0x9D, 0x93, 0x7F, 0x81, 0x75, 0x57, 0x5C, 0x83, 0x8F, 0x83, 0x98, 0xA2, 0x8C, 0x7A, 0x71 ; file 0EAFAB
db 0x5E, 0x4F, 0x75, 0x98, 0x89, 0x79, 0x76, 0x6B, 0x5A, 0x67, 0x69, 0x4C, 0x4E, 0x7A, 0x95, 0x94 ; file 0EAFBB
db 0xA4, 0xAE, 0x9F, 0x94, 0x8C, 0x78, 0x6A, 0x9C, 0xD3, 0xC6, 0xB4, 0xB0, 0xA7, 0x94, 0x92, 0x8A ; file 0EAFCB
db 0x67, 0x64, 0x85, 0x94, 0x88, 0x97, 0xA8, 0x93, 0x7F, 0x74, 0x62, 0x4E, 0x68, 0x91, 0x82, 0x6F ; file 0EAFDB
db 0x6A, 0x5F, 0x4E, 0x55, 0x5F, 0x40, 0x3B, 0x5F, 0x7C, 0x7C, 0x87, 0x99, 0x8B, 0x7F, 0x78, 0x68 ; file 0EAFEB
db 0x57, 0x7E, 0xBF, 0xB8, 0xA4, 0x9F, 0x98, 0x86, 0x7F, 0x80, 0x5F, 0x57, 0x75, 0x8A, 0x81, 0x8C ; file 0EAFFB
db 0xA5, 0x94, 0x81, 0x76, 0x67, 0x53, 0x65, 0x97, 0x8E, 0x7D, 0x76, 0x6E, 0x5E, 0x60, 0x70, 0x53 ; file 0EB00B
db 0x49, 0x67, 0x88, 0x8D, 0x96, 0xAE, 0xA3, 0x99, 0x91, 0x81, 0x6D, 0x88, 0xCD, 0xCC, 0xB9, 0xB1 ; file 0EB01B
db 0xAB, 0x9B, 0x91, 0x93, 0x71, 0x63, 0x79, 0x8E, 0x87, 0x8A, 0xA9, 0x9A, 0x87, 0x7A, 0x6B, 0x55 ; file 0EB02B
db 0x5D, 0x8E, 0x89, 0x75, 0x6C, 0x64, 0x53, 0x50, 0x63, 0x4A, 0x3A, 0x50, 0x6F, 0x76, 0x7A, 0x97 ; file 0EB03B
db 0x8F, 0x84, 0x7D, 0x70, 0x5C, 0x6E, 0xB6, 0xBC, 0xAA, 0xA1, 0x9C, 0x8D, 0x7F, 0x86, 0x68, 0x58 ; file 0EB04B
db 0x69, 0x82, 0x80, 0x7F, 0xA2, 0x9A, 0x88, 0x7B, 0x6E, 0x5A, 0x5C, 0x8F, 0x93, 0x81, 0x78, 0x71 ; file 0EB05B
db 0x62, 0x5B, 0x71, 0x5C, 0x49, 0x58, 0x7A, 0x85, 0x88, 0xA7, 0xA5, 0x9C, 0x95, 0x89, 0x74, 0x7B ; file 0EB06B
db 0xC1, 0xD0, 0xBF, 0xB3, 0xAE, 0xA2, 0x91, 0x97, 0x7D, 0x66, 0x6F, 0x87, 0x86, 0x80, 0xA2, 0xA0 ; file 0EB07B
db 0x8E, 0x7F, 0x72, 0x5D, 0x58, 0x86, 0x8F, 0x7B, 0x6E, 0x67, 0x59, 0x4D, 0x62, 0x54, 0x3C, 0x45 ; file 0EB08B
db 0x63, 0x6E, 0x6E, 0x8C, 0x91, 0x88, 0x81, 0x77, 0x63, 0x64, 0xA7, 0xC0, 0xB1, 0xA4, 0x9F, 0x94 ; file 0EB09B
db 0x81, 0x87, 0x74, 0x5B, 0x62, 0x7B, 0x7D, 0x76, 0x97, 0x9F, 0x8E, 0x80, 0x74, 0x61, 0x59, 0x84 ; file 0EB0AB
db 0x97, 0x86, 0x7A, 0x74, 0x68, 0x5A, 0x6C, 0x67, 0x4C, 0x51, 0x6D, 0x7C, 0x7C, 0x99, 0xA6, 0x9E ; file 0EB0BB
db 0x99, 0x91, 0x7B, 0x75, 0xB0, 0xD3, 0xC4, 0xB6, 0xB1, 0xA8, 0x95, 0x97, 0x89, 0x6B, 0x6C, 0x81 ; file 0EB0CB
db 0x83, 0x79, 0x95, 0xA4, 0x93, 0x85, 0x79, 0x66, 0x58, 0x7B, 0x94, 0x81, 0x72, 0x6B, 0x5E, 0x4E ; file 0EB0DB
db 0x5C, 0x5E, 0x42, 0x41, 0x5A, 0x67, 0x65, 0x7C, 0x91, 0x8A, 0x85, 0x7E, 0x6B, 0x61, 0x94, 0xC3 ; file 0EB0EB
db 0xB6, 0xA7, 0xA3, 0x99, 0x86, 0x85, 0x7F, 0x60, 0x5F, 0x75, 0x7A, 0x70, 0x87, 0xA1, 0x92, 0x85 ; file 0EB0FB
db 0x7B, 0x69, 0x59, 0x76, 0x9A, 0x8B, 0x7D, 0x77, 0x6C, 0x5B, 0x64, 0x6F, 0x52, 0x4D, 0x65, 0x73 ; file 0EB10B
db 0x71, 0x86, 0xA2, 0x9E, 0x9B, 0x96, 0x84, 0x74, 0x9C, 0xD4, 0xC9, 0xB9, 0xB4, 0xAC, 0x9B, 0x95 ; file 0EB11B
db 0x94, 0x72, 0x6B, 0x7E, 0x82, 0x75, 0x84, 0xA4, 0x98, 0x8A, 0x80, 0x6E, 0x5B, 0x6E, 0x97, 0x88 ; file 0EB12B
db 0x76, 0x6F, 0x63, 0x52, 0x55, 0x65, 0x49, 0x3F, 0x54, 0x61, 0x5E, 0x6A, 0x8C, 0x89, 0x87, 0x84 ; file 0EB13B
db 0x74, 0x63, 0x80, 0xC2, 0xBB, 0xAB, 0xA6, 0x9E, 0x8E, 0x83, 0x88, 0x68, 0x5E, 0x71, 0x78, 0x6D ; file 0EB14B
db 0x76, 0x9D, 0x96, 0x89, 0x81, 0x70, 0x5D, 0x6A, 0x9A, 0x90, 0x7F, 0x79, 0x6F, 0x5F, 0x5D, 0x72 ; file 0EB15B
db 0x59, 0x4C, 0x5E, 0x6D, 0x6A, 0x73, 0x99, 0x9C, 0x9B, 0x9A, 0x8D, 0x78, 0x8C, 0xD0, 0xCE, 0xBC ; file 0EB16B
db 0xB6, 0xB0, 0xA1, 0x94, 0x9A, 0x7C, 0x6B, 0x7B, 0x83, 0x74, 0x74, 0x9D, 0x9A, 0x8E, 0x85, 0x77 ; file 0EB17B
db 0x61, 0x66, 0x96, 0x90, 0x7A, 0x71, 0x68, 0x57, 0x50, 0x66, 0x52, 0x40, 0x4E, 0x5F, 0x59, 0x5A ; file 0EB18B
db 0x7F, 0x87, 0x86, 0x87, 0x7D, 0x68, 0x74, 0xBA, 0xC2, 0xAF, 0xA7, 0xA3, 0x95, 0x84, 0x8C, 0x72 ; file 0EB19B
db 0x5F, 0x6D, 0x7B, 0x6D, 0x68, 0x91, 0x97, 0x8C, 0x84, 0x79, 0x63, 0x63, 0x94, 0x97, 0x83, 0x7A ; file 0EB1AB
db 0x74, 0x64, 0x59, 0x70, 0x62, 0x4D, 0x57, 0x6B, 0x66, 0x63, 0x87, 0x97, 0x99, 0x9B, 0x95, 0x7E ; file 0EB1BB
db 0x80, 0xC4, 0xD5, 0xC1, 0xB7, 0xB4, 0xA7, 0x96, 0x9B, 0x87, 0x6E, 0x76, 0x87, 0x77, 0x6A, 0x8E ; file 0EB1CB
db 0x9B, 0x91, 0x88, 0x7F, 0x68, 0x61, 0x8E, 0x99, 0x80, 0x73, 0x6D, 0x5D, 0x4F, 0x62, 0x5C, 0x43 ; file 0EB1DB
db 0x49, 0x5E, 0x58, 0x4F, 0x6D, 0x82, 0x83, 0x87, 0x84, 0x6F, 0x6B, 0xAA, 0xC9, 0xB5, 0xA8, 0xA7 ; file 0EB1EB
db 0x9B, 0x88, 0x8C, 0x7E, 0x62, 0x68, 0x7D, 0x71, 0x60, 0x81, 0x97, 0x8E, 0x86, 0x80, 0x6B, 0x5F ; file 0EB1FB
db 0x88, 0xA0, 0x89, 0x7B, 0x77, 0x69, 0x59, 0x68, 0x6B, 0x50, 0x52, 0x69, 0x66, 0x59, 0x72, 0x90 ; file 0EB20B
db 0x94, 0x99, 0x9A, 0x87, 0x7C, 0xB1, 0xDC, 0xC7, 0xB7, 0xB7, 0xAD, 0x9A, 0x9A, 0x92, 0x73, 0x72 ; file 0EB21B
db 0x88, 0x7E, 0x66, 0x7C, 0x9A, 0x92, 0x8A, 0x85, 0x72, 0x61, 0x81, 0xA1, 0x89, 0x76, 0x71, 0x64 ; file 0EB22B
db 0x51, 0x5A, 0x64, 0x48, 0x45, 0x5C, 0x5C, 0x4A, 0x5A, 0x7A, 0x7E, 0x85, 0x88, 0x79, 0x6A, 0x96 ; file 0EB23B
db 0xCE, 0xBD, 0xAA, 0xA9, 0xA1, 0x8F, 0x89, 0x89, 0x68, 0x64, 0x7B, 0x79, 0x5F, 0x6D, 0x92, 0x8E ; file 0EB24B
db 0x87, 0x84, 0x75, 0x61, 0x79, 0xA5, 0x92, 0x7D, 0x79, 0x6F, 0x5C, 0x60, 0x71, 0x56, 0x4E, 0x65 ; file 0EB25B
db 0x6A, 0x56, 0x5E, 0x83, 0x8C, 0x95, 0x9B, 0x90, 0x7D, 0x9D, 0xDD, 0xD0, 0xBA, 0xB7, 0xB2, 0xA0 ; file 0EB26B
db 0x97, 0x9A, 0x7A, 0x70, 0x85, 0x87, 0x69, 0x6B, 0x93, 0x91, 0x8B, 0x88, 0x7B, 0x65, 0x73, 0xA4 ; file 0EB27B
db 0x95, 0x7B, 0x73, 0x6A, 0x56, 0x53, 0x68, 0x50, 0x43, 0x57, 0x61, 0x4C, 0x49, 0x6D, 0x76, 0x80 ; file 0EB28B
db 0x88, 0x81, 0x6D, 0x83, 0xCB, 0xC7, 0xAF, 0xA9, 0xA6, 0x96, 0x88, 0x8F, 0x71, 0x63, 0x76, 0x80 ; file 0EB29B
db 0x65, 0x5E, 0x88, 0x8C, 0x87, 0x85, 0x7D, 0x67, 0x6D, 0xA2, 0x9C, 0x82, 0x79, 0x73, 0x62, 0x5A ; file 0EB2AB
db 0x71, 0x5E, 0x4E, 0x5E, 0x6E, 0x5B, 0x4F, 0x73, 0x82, 0x8E, 0x98, 0x96, 0x82, 0x8D, 0xD4, 0xDA ; file 0EB2BB
db 0xC0, 0xB6, 0xB5, 0xA8, 0x97, 0x9E, 0x85, 0x70, 0x80, 0x8E, 0x74, 0x60, 0x86, 0x8F, 0x8A, 0x89 ; file 0EB2CB
db 0x82, 0x6D, 0x6A, 0x9E, 0xA0, 0x84, 0x75, 0x6E, 0x5D, 0x50, 0x66, 0x59, 0x44, 0x51, 0x64, 0x54 ; file 0EB2DB
db 0x3F, 0x5C, 0x6E, 0x78, 0x84, 0x86, 0x74, 0x77, 0xBD, 0xD0, 0xB7, 0xA9, 0xA8, 0x9E, 0x8B, 0x91 ; file 0EB2EB
db 0x7C, 0x65, 0x70, 0x83, 0x71, 0x57, 0x77, 0x88, 0x85, 0x85, 0x82, 0x6F, 0x67, 0x97, 0xA5, 0x8B ; file 0EB2FB
db 0x7A, 0x76, 0x68, 0x58, 0x6C, 0x67, 0x50, 0x57, 0x6E, 0x63, 0x4A, 0x60, 0x77, 0x83, 0x92, 0x98 ; file 0EB30B
db 0x8A, 0x85, 0xC3, 0xE2, 0xCA, 0xB7, 0xB6, 0xAE, 0x9A, 0x9E, 0x8F, 0x74, 0x79, 0x90, 0x80, 0x5F ; file 0EB31B
db 0x75, 0x8B, 0x87, 0x87, 0x86, 0x75, 0x68, 0x91, 0xA9, 0x8F, 0x78, 0x72, 0x64, 0x52, 0x60, 0x62 ; file 0EB32B
db 0x48, 0x4B, 0x63, 0x5D, 0x40, 0x4B, 0x64, 0x6E, 0x7E, 0x87, 0x7C, 0x73, 0xAA, 0xD7, 0xC2, 0xAC ; file 0EB33B
db 0xAA, 0xA4, 0x90, 0x8F, 0x88, 0x69, 0x6B, 0x83, 0x7B, 0x5B, 0x66, 0x83, 0x81, 0x82, 0x84, 0x77 ; file 0EB34B
db 0x67, 0x88, 0xAC, 0x96, 0x7E, 0x78, 0x6D, 0x5B, 0x64, 0x6E, 0x54, 0x52, 0x6A, 0x6B, 0x4E, 0x4F ; file 0EB35B
db 0x6B, 0x76, 0x88, 0x96, 0x8F, 0x84, 0xAF, 0xE6, 0xD5, 0xBC, 0xB7, 0xB2, 0xA1, 0x9B, 0x9A, 0x7A ; file 0EB36B
db 0x76, 0x8D, 0x8A, 0x68, 0x66, 0x85, 0x83, 0x83, 0x87, 0x7D, 0x6B, 0x82, 0xAE, 0x9B, 0x80, 0x75 ; file 0EB37B
db 0x6A, 0x57, 0x58, 0x68, 0x4E, 0x47, 0x5E, 0x64, 0x49, 0x3E, 0x5A, 0x63, 0x74, 0x84, 0x81, 0x74 ; file 0EB38B
db 0x95, 0xD7, 0xCD, 0xB3, 0xAB, 0xA7, 0x98, 0x8E, 0x91, 0x71, 0x68, 0x7E, 0x83, 0x66, 0x5B, 0x7B ; file 0EB39B
db 0x7C, 0x7E, 0x83, 0x7D, 0x6B, 0x7A, 0xAC, 0xA0, 0x86, 0x7A, 0x71, 0x61, 0x5D, 0x71, 0x5A, 0x4F ; file 0EB3AB
db 0x64, 0x6F, 0x58, 0x45, 0x5F, 0x6A, 0x7C, 0x90, 0x92, 0x86, 0x9D, 0xE2, 0xDE, 0xC5, 0xB8, 0xB4 ; file 0EB3BB
db 0xA7, 0x9A, 0xA0, 0x83, 0x74, 0x88, 0x92, 0x75, 0x60, 0x7C, 0x7E, 0x7F, 0x84, 0x81, 0x70, 0x77 ; file 0EB3CB
db 0xAA, 0xA5, 0x8A, 0x79, 0x6E, 0x5E, 0x54, 0x69, 0x55, 0x46, 0x58, 0x68, 0x54, 0x3B, 0x4E, 0x58 ; file 0EB3DB
db 0x68, 0x7C, 0x83, 0x77, 0x87, 0xCE, 0xD6, 0xBD, 0xAD, 0xA9, 0x9F, 0x8F, 0x95, 0x7A, 0x68, 0x78 ; file 0EB3EB
db 0x88, 0x72, 0x58, 0x70, 0x77, 0x78, 0x7F, 0x80, 0x71, 0x71, 0xA4, 0xA9, 0x90, 0x7E, 0x74, 0x66 ; file 0EB3FB
db 0x5A, 0x6F, 0x62, 0x4F, 0x5C, 0x71, 0x62, 0x46, 0x53, 0x5E, 0x6E, 0x84, 0x91, 0x89, 0x91, 0xD4 ; file 0EB40B
db 0xE6, 0xCF, 0xBB, 0xB6, 0xAC, 0x9C, 0xA1, 0x8C, 0x75, 0x81, 0x95, 0x82, 0x63, 0x72, 0x7B, 0x79 ; file 0EB41B
db 0x7F, 0x83, 0x76, 0x72, 0xA1, 0xAE, 0x95, 0x7F, 0x73, 0x63, 0x55, 0x65, 0x5E, 0x47, 0x51, 0x68 ; file 0EB42B
db 0x5E, 0x40, 0x45, 0x4F, 0x5B, 0x70, 0x80, 0x7A, 0x7E, 0xBE, 0xDC, 0xC7, 0xB3, 0xAC, 0xA3, 0x93 ; file 0EB43B
db 0x96, 0x86, 0x6B, 0x72, 0x89, 0x7D, 0x5E, 0x67, 0x73, 0x71, 0x79, 0x80, 0x76, 0x6E, 0x98, 0xAF ; file 0EB44B
db 0x9A, 0x84, 0x78, 0x6A, 0x5B, 0x69, 0x6A, 0x51, 0x55, 0x6F, 0x6A, 0x4C, 0x4A, 0x55, 0x5F, 0x76 ; file 0EB45B
db 0x8B, 0x8A, 0x8A, 0xC2, 0xEC, 0xD8, 0xC2, 0xB9, 0xB0, 0xA0, 0xA0, 0x97, 0x79, 0x7C, 0x94, 0x8C ; file 0EB46B
db 0x6B, 0x6B, 0x78, 0x73, 0x79, 0x82, 0x7B, 0x70, 0x93, 0xB3, 0x9F, 0x88, 0x7A, 0x69, 0x58, 0x60 ; file 0EB47B
db 0x66, 0x4B, 0x4B, 0x65, 0x65, 0x49, 0x40, 0x4A, 0x4E, 0x63, 0x79, 0x7C, 0x79, 0xAA, 0xDF, 0xD0 ; file 0EB48B
db 0xBA, 0xB0, 0xA7, 0x97, 0x94, 0x91, 0x71, 0x6E, 0x86, 0x85, 0x66, 0x62, 0x71, 0x6C, 0x71, 0x7C ; file 0EB49B
db 0x79, 0x6E, 0x89, 0xB3, 0xA2, 0x8C, 0x7E, 0x6F, 0x5E, 0x62, 0x70, 0x56, 0x50, 0x69, 0x70, 0x55 ; file 0EB4AB
db 0x47, 0x50, 0x52, 0x67, 0x80, 0x89, 0x86, 0xAE, 0xEC, 0xE1, 0xC9, 0xBD, 0xB3, 0xA5, 0x9E, 0xA0 ; file 0EB4BB
db 0x81, 0x79, 0x90, 0x94, 0x76, 0x68, 0x78, 0x6F, 0x71, 0x7D, 0x7D, 0x71, 0x86, 0xB5, 0xA8, 0x91 ; file 0EB4CB
db 0x81, 0x70, 0x5D, 0x5B, 0x6C, 0x52, 0x48, 0x5E, 0x6A, 0x53, 0x3F, 0x48, 0x45, 0x55, 0x6D, 0x79 ; file 0EB4DB
db 0x76, 0x96, 0xDD, 0xD8, 0xC2, 0xB5, 0xAB, 0x9D, 0x93, 0x99, 0x79, 0x6C, 0x81, 0x8B, 0x71, 0x5F ; file 0EB4EB
db 0x71, 0x68, 0x69, 0x75, 0x7A, 0x6F, 0x7D, 0xB1, 0xAA, 0x94, 0x85, 0x75, 0x62, 0x5D, 0x72, 0x5C ; file 0EB4FB
db 0x4E, 0x62, 0x72, 0x5F, 0x47, 0x4F, 0x4A, 0x58, 0x71, 0x83, 0x82, 0x9B, 0xE4, 0xE9, 0xD2, 0xC3 ; file 0EB50B
db 0xB8, 0xA9, 0x9D, 0xA5, 0x89, 0x78, 0x89, 0x98, 0x81, 0x68, 0x79, 0x6E, 0x6A, 0x75, 0x7C, 0x73 ; file 0EB51B
db 0x7B, 0xB0, 0xB1, 0x9A, 0x89, 0x78, 0x63, 0x58, 0x6C, 0x5B, 0x48, 0x56, 0x6C, 0x5D, 0x42, 0x48 ; file 0EB52B
db 0x41, 0x48, 0x60, 0x73, 0x74, 0x86, 0xD1, 0xE1, 0xCB, 0xBB, 0xB1, 0xA3, 0x94, 0x9C, 0x84, 0x6D ; file 0EB53B
db 0x7A, 0x8E, 0x7C, 0x61, 0x70, 0x69, 0x62, 0x6C, 0x77, 0x71, 0x73, 0xA7, 0xB2, 0x9C, 0x8B, 0x7D ; file 0EB54B
db 0x68, 0x5A, 0x6F, 0x65, 0x4F, 0x59, 0x72, 0x68, 0x4B, 0x4E, 0x48, 0x4A, 0x61, 0x79, 0x7F, 0x8D ; file 0EB55B
db 0xD3, 0xF0, 0xDA, 0xC8, 0xBE, 0xAF, 0x9E, 0xA5, 0x95, 0x7A, 0x82, 0x99, 0x8C, 0x6D, 0x77, 0x73 ; file 0EB56B
db 0x65, 0x6C, 0x78, 0x74, 0x73, 0xA3, 0xB9, 0xA2, 0x90, 0x81, 0x6B, 0x58, 0x68, 0x65, 0x4A, 0x4F ; file 0EB57B
db 0x6A, 0x65, 0x49, 0x47, 0x44, 0x3D, 0x51, 0x69, 0x70, 0x7A, 0xBC, 0xE7, 0xD3, 0xC0, 0xB8, 0xA9 ; file 0EB58B
db 0x96, 0x9A, 0x91, 0x71, 0x74, 0x8D, 0x85, 0x67, 0x6B, 0x70, 0x5F, 0x63, 0x70, 0x71, 0x6E, 0x98 ; file 0EB59B
db 0xB9, 0xA4, 0x91, 0x85, 0x70, 0x5B, 0x67, 0x6E, 0x52, 0x52, 0x6D, 0x6E, 0x53, 0x4B, 0x4D, 0x41 ; file 0EB5AB
db 0x51, 0x6C, 0x78, 0x81, 0xBC, 0xF4, 0xE3, 0xCE, 0xC5, 0xB6, 0xA2, 0xA1, 0x9F, 0x7F, 0x7D, 0x96 ; file 0EB5BB
db 0x94, 0x76, 0x72, 0x7C, 0x65, 0x64, 0x70, 0x74, 0x70, 0x92, 0xBE, 0xAB, 0x96, 0x8A, 0x75, 0x5C ; file 0EB5CB
db 0x61, 0x6E, 0x50, 0x4B, 0x64, 0x6B, 0x52, 0x44, 0x4A, 0x39, 0x43, 0x5C, 0x6A, 0x71, 0xA4, 0xE8 ; file 0EB5DB
db 0xDD, 0xC6, 0xBE, 0xB1, 0x9C, 0x97, 0x9B, 0x7A, 0x71, 0x89, 0x8D, 0x70, 0x67, 0x77, 0x61, 0x5C ; file 0EB5EB
db 0x68, 0x6F, 0x6B, 0x87, 0xBA, 0xAD, 0x96, 0x8B, 0x7A, 0x60, 0x5F, 0x73, 0x59, 0x4E, 0x66, 0x72 ; file 0EB5FB
db 0x5C, 0x49, 0x51, 0x40, 0x43, 0x5C, 0x6F, 0x78, 0xA3, 0xF0, 0xEC, 0xD4, 0xCA, 0xBE, 0xA9, 0x9E ; file 0EB60B
db 0xA6, 0x88, 0x7B, 0x90, 0x9A, 0x80, 0x6E, 0x81, 0x6C, 0x5E, 0x68, 0x70, 0x6D, 0x83, 0xBB, 0xB4 ; file 0EB61B
db 0x9D, 0x90, 0x80, 0x65, 0x5B, 0x71, 0x59, 0x49, 0x5C, 0x6E, 0x5B, 0x45, 0x4E, 0x3D, 0x39, 0x4D ; file 0EB62B
db 0x61, 0x69, 0x8C, 0xDF, 0xE5, 0xCE, 0xC2, 0xB8, 0xA5, 0x95, 0x9F, 0x84, 0x71, 0x83, 0x92, 0x7B ; file 0EB63B
db 0x65, 0x79, 0x69, 0x58, 0x5F, 0x6A, 0x69, 0x78, 0xB3, 0xB6, 0x9D, 0x90, 0x83, 0x6A, 0x5B, 0x72 ; file 0EB64B
db 0x62, 0x4D, 0x5D, 0x72, 0x65, 0x4B, 0x52, 0x45, 0x3B, 0x4C, 0x63, 0x6E, 0x8C, 0xDF, 0xF4, 0xDC ; file 0EB65B
db 0xCD, 0xC5, 0xB2, 0x9E, 0xA7, 0x93, 0x7C, 0x89, 0x9C, 0x8B, 0x6F, 0x81, 0x76, 0x5F, 0x5F, 0x6B ; file 0EB66B
db 0x6B, 0x75, 0xAF, 0xBD, 0xA5, 0x95, 0x89, 0x71, 0x5B, 0x6D, 0x64, 0x4B, 0x54, 0x6D, 0x64, 0x48 ; file 0EB67B
db 0x4D, 0x44, 0x35, 0x3F, 0x56, 0x61, 0x79, 0xCA, 0xEC, 0xD7, 0xC6, 0xBF, 0xAF, 0x97, 0x9E, 0x90 ; file 0EB68B
db 0x74, 0x7C, 0x93, 0x85, 0x68, 0x75, 0x73, 0x5B, 0x57, 0x63, 0x66, 0x6D, 0xA3, 0xBD, 0xA7, 0x94 ; file 0EB69B
db 0x8A, 0x75, 0x5D, 0x6B, 0x6B, 0x50, 0x55, 0x70, 0x6C, 0x50, 0x50, 0x4C, 0x3B, 0x3F, 0x55, 0x63 ; file 0EB6AB
db 0x79, 0xC6, 0xF7, 0xE6, 0xD1, 0xCB, 0xBC, 0xA3, 0xA3, 0x9C, 0x80, 0x82, 0x9B, 0x93, 0x75, 0x7B ; file 0EB6BB
db 0x80, 0x65, 0x5A, 0x63, 0x67, 0x6B, 0x9D, 0xC2, 0xAF, 0x9A, 0x91, 0x7C, 0x61, 0x67, 0x6D, 0x50 ; file 0EB6CB
db 0x4F, 0x69, 0x6A, 0x50, 0x4A, 0x4C, 0x38, 0x36, 0x49, 0x57, 0x68, 0xAD, 0xED, 0xE1, 0xCA, 0xC4 ; file 0EB6DB
db 0xB8, 0x9F, 0x9A, 0x99, 0x7B, 0x78, 0x91, 0x8E, 0x70, 0x6F, 0x7B, 0x63, 0x54, 0x5B, 0x61, 0x64 ; file 0EB6EB
db 0x8F, 0xBF, 0xB0, 0x99, 0x90, 0x7F, 0x64, 0x64, 0x71, 0x56, 0x50, 0x6A, 0x70, 0x58, 0x4C, 0x52 ; file 0EB6FB
db 0x3F, 0x38, 0x47, 0x58, 0x68, 0xA7, 0xF3, 0xEE, 0xD7, 0xCF, 0xC3, 0xAC, 0xA0, 0xA3, 0x87, 0x7F ; file 0EB70B
db 0x97, 0x9A, 0x7E, 0x75, 0x86, 0x6F, 0x5B, 0x5C, 0x62, 0x64, 0x88, 0xC1, 0xB7, 0xA1, 0x95, 0x86 ; file 0EB71B
db 0x6B, 0x62, 0x72, 0x58, 0x4D, 0x62, 0x6E, 0x59, 0x48, 0x51, 0x3E, 0x34, 0x3D, 0x4D, 0x5A, 0x8E ; file 0EB72B
db 0xE5, 0xE8, 0xD2, 0xC8, 0xBF, 0xAA, 0x99, 0x9F, 0x83, 0x77, 0x8B, 0x94, 0x7A, 0x6A, 0x7F, 0x6C ; file 0EB73B
db 0x58, 0x54, 0x5B, 0x5D, 0x7A, 0xBA, 0xB7, 0xA1, 0x94, 0x87, 0x6E, 0x60, 0x73, 0x5E, 0x4F, 0x61 ; file 0EB74B
db 0x72, 0x60, 0x4B, 0x55, 0x45, 0x39, 0x3C, 0x4C, 0x5A, 0x88, 0xE5, 0xF3, 0xDF, 0xD2, 0xC9, 0xB7 ; file 0EB75B
db 0xA1, 0xA7, 0x8F, 0x7F, 0x90, 0x9E, 0x89, 0x72, 0x87, 0x78, 0x61, 0x58, 0x5C, 0x5E, 0x75, 0xB6 ; file 0EB76B
db 0xBE, 0xA9, 0x9A, 0x8F, 0x77, 0x63, 0x73, 0x61, 0x4E, 0x5A, 0x6F, 0x61, 0x49, 0x52, 0x45, 0x37 ; file 0EB77B
db 0x35, 0x42, 0x4D, 0x73, 0xD1, 0xEC, 0xDB, 0xCC, 0xC5, 0xB5, 0x9E, 0xA1, 0x8D, 0x79, 0x85, 0x97 ; file 0EB78B
db 0x85, 0x6A, 0x7D, 0x75, 0x5E, 0x52, 0x55, 0x57, 0x69, 0xAA, 0xBD, 0xA9, 0x98, 0x8E, 0x79, 0x63 ; file 0EB79B
db 0x70, 0x66, 0x50, 0x59, 0x71, 0x68, 0x4E, 0x53, 0x4C, 0x3C, 0x37, 0x41, 0x4C, 0x6C, 0xC9, 0xF4 ; file 0EB7AB
db 0xE6, 0xD6, 0xCF, 0xC0, 0xA8, 0xA7, 0x97, 0x80, 0x89, 0x9F, 0x92, 0x75, 0x84, 0x82, 0x69, 0x59 ; file 0EB7BB
db 0x58, 0x59, 0x65, 0xA2, 0xC2, 0xB1, 0x9F, 0x95, 0x81, 0x69, 0x70, 0x6A, 0x51, 0x55, 0x6D, 0x68 ; file 0EB7CB
db 0x4E, 0x4F, 0x4D, 0x3B, 0x34, 0x39, 0x42, 0x5B, 0xB1, 0xEB, 0xE2, 0xD1, 0xC9, 0xBD, 0xA6, 0xA1 ; file 0EB7DB
db 0x96, 0x7C, 0x80, 0x97, 0x8E, 0x70, 0x77, 0x7D, 0x66, 0x56, 0x51, 0x52, 0x5A, 0x93, 0xBE, 0xB0 ; file 0EB7EB
db 0x9E, 0x93, 0x82, 0x69, 0x6C, 0x6E, 0x54, 0x54, 0x6D, 0x6E, 0x54, 0x50, 0x52, 0x40, 0x38, 0x39 ; file 0EB7FB
db 0x40, 0x56, 0xA5, 0xEF, 0xEB, 0xDB, 0xD3, 0xC7, 0xB1, 0xA8, 0xA0, 0x84, 0x85, 0x9D, 0x9A, 0x7C ; file 0EB80B
db 0x7C, 0x89, 0x71, 0x5F, 0x56, 0x54, 0x59, 0x8A, 0xC1, 0xB7, 0xA5, 0x9B, 0x8A, 0x71, 0x6E, 0x73 ; file 0EB81B
db 0x56, 0x52, 0x68, 0x6D, 0x55, 0x4C, 0x53, 0x40, 0x37, 0x35, 0x38, 0x48, 0x8D, 0xE3, 0xE5, 0xD6 ; file 0EB82B
db 0xCE, 0xC3, 0xAF, 0xA3, 0x9F, 0x81, 0x7D, 0x94, 0x96, 0x78, 0x71, 0x83, 0x6D, 0x5C, 0x52, 0x4D ; file 0EB83B
db 0x50, 0x7A, 0xBA, 0xB6, 0xA4, 0x99, 0x8A, 0x72, 0x6A, 0x75, 0x59, 0x51, 0x67, 0x71, 0x5B, 0x4C ; file 0EB84B
db 0x56, 0x44, 0x3A, 0x37, 0x38, 0x44, 0x80, 0xE1, 0xED, 0xE0, 0xD8, 0xCD, 0xBA, 0xAA, 0xA8, 0x8A ; file 0EB85B
db 0x82, 0x98, 0x9F, 0x86, 0x78, 0x8D, 0x79, 0x65, 0x5A, 0x51, 0x50, 0x72, 0xB7, 0xBB, 0xAB, 0xA0 ; file 0EB86B
db 0x92, 0x7B, 0x6E, 0x7B, 0x5E, 0x50, 0x62, 0x70, 0x5E, 0x4A, 0x55, 0x46, 0x3B, 0x36, 0x33, 0x39 ; file 0EB87B
db 0x6A, 0xD0, 0xE6, 0xDA, 0xD3, 0xC9, 0xB8, 0xA6, 0xA7, 0x89, 0x7B, 0x8F, 0x9A, 0x84, 0x6E, 0x84 ; file 0EB88B
db 0x76, 0x61, 0x56, 0x4D, 0x49, 0x62, 0xAB, 0xB9, 0xA9, 0x9E, 0x91, 0x7B, 0x6B, 0x79, 0x61, 0x4F ; file 0EB89B
db 0x5F, 0x72, 0x63, 0x4C, 0x56, 0x4A, 0x3D, 0x38, 0x34, 0x36, 0x5F, 0xC6, 0xEA, 0xE3, 0xDB, 0xD3 ; file 0EB8AB
db 0xC3, 0xAE, 0xAF, 0x94, 0x80, 0x91, 0xA2, 0x90, 0x77, 0x8B, 0x82, 0x6C, 0x5F, 0x54, 0x4B, 0x5D ; file 0EB8BB
db 0xA5, 0xBD, 0xB0, 0xA4, 0x99, 0x84, 0x71, 0x7E, 0x6A, 0x51, 0x5C, 0x71, 0x66, 0x4C, 0x54, 0x4C ; file 0EB8CB
db 0x3E, 0x39, 0x34, 0x2F, 0x4E, 0xB0, 0xE2, 0xDE, 0xD5, 0xD0, 0xC1, 0xAB, 0xAB, 0x95, 0x7C, 0x88 ; file 0EB8DB
db 0x9D, 0x8E, 0x71, 0x7F, 0x7E, 0x67, 0x5A, 0x50, 0x44, 0x50, 0x94, 0xB9, 0xAE, 0xA2, 0x98, 0x83 ; file 0EB8EB
db 0x6E, 0x79, 0x6D, 0x51, 0x58, 0x71, 0x6A, 0x50, 0x52, 0x50, 0x40, 0x3A, 0x36, 0x2E, 0x44, 0xA1 ; file 0EB8FB
db 0xE4, 0xE4, 0xDC, 0xD9, 0xCB, 0xB4, 0xB1, 0xA0, 0x82, 0x8A, 0xA2, 0x99, 0x7B, 0x84, 0x8A, 0x72 ; file 0EB90B
db 0x64, 0x59, 0x4A, 0x4E, 0x89, 0xBB, 0xB4, 0xA8, 0xA0, 0x8E, 0x76, 0x7C, 0x78, 0x56, 0x56, 0x70 ; file 0EB91B
db 0x6D, 0x52, 0x4F, 0x53, 0x42, 0x3B, 0x37, 0x2C, 0x38, 0x88, 0xD9, 0xDE, 0xD6, 0xD4, 0xC8, 0xB2 ; file 0EB92B
db 0xAD, 0xA2, 0x80, 0x81, 0x9C, 0x97, 0x78, 0x79, 0x85, 0x6E, 0x5F, 0x56, 0x46, 0x43, 0x77, 0xB4 ; file 0EB93B
db 0xB0, 0xA4, 0x9E, 0x8D, 0x74, 0x75, 0x7A, 0x57, 0x52, 0x6D, 0x6F, 0x56, 0x4E, 0x55, 0x44, 0x3C ; file 0EB94B
db 0x39, 0x2D, 0x30, 0x76, 0xD5, 0xE1, 0xDC, 0xDC, 0xD2, 0xBC, 0xB2, 0xAD, 0x88, 0x83, 0x9E, 0xA0 ; file 0EB95B
db 0x83, 0x7D, 0x90, 0x7A, 0x68, 0x5F, 0x4F, 0x45, 0x6D, 0xB2, 0xB5, 0xAA, 0xA5, 0x96, 0x7E, 0x79 ; file 0EB96B
db 0x84, 0x5F, 0x53, 0x6A, 0x73, 0x5A, 0x4C, 0x57, 0x47, 0x3E, 0x3B, 0x2F, 0x2A, 0x63, 0xC7, 0xDB ; file 0EB97B
db 0xD7, 0xD7, 0xCF, 0xBB, 0xAE, 0xAE, 0x89, 0x7E, 0x96, 0x9E, 0x82, 0x74, 0x89, 0x76, 0x64, 0x5B ; file 0EB98B
db 0x4D, 0x3E, 0x5C, 0xA7, 0xB0, 0xA6, 0xA1, 0x95, 0x7C, 0x72, 0x82, 0x61, 0x4F, 0x64, 0x73, 0x5E ; file 0EB99B
db 0x4B, 0x57, 0x48, 0x3E, 0x3B, 0x31, 0x27, 0x52, 0xBB, 0xDB, 0xDA, 0xDB, 0xD8, 0xC5, 0xB3, 0xB6 ; file 0EB9AB
db 0x94, 0x81, 0x96, 0xA5, 0x8E, 0x7A, 0x90, 0x82, 0x6E, 0x64, 0x58, 0x45, 0x57, 0xA0, 0xB2, 0xAA ; file 0EB9BB
db 0xA5, 0x9D, 0x87, 0x79, 0x89, 0x6E, 0x56, 0x64, 0x77, 0x66, 0x4F, 0x59, 0x4F, 0x45, 0x42, 0x3B ; file 0EB9CB
db 0x2D, 0x48, 0xA6, 0xCD, 0xCD, 0xCE, 0xCD, 0xBE, 0xAC, 0xAF, 0x95, 0x7E, 0x8D, 0x9E, 0x8C, 0x74 ; file 0EB9DB
db 0x86, 0x7E, 0x6C, 0x62, 0x59, 0x48, 0x4F, 0x8D, 0xA8, 0xA2, 0x9D, 0x97, 0x85, 0x74, 0x82, 0x72 ; file 0EB9EB
db 0x59, 0x61, 0x75, 0x6B, 0x54, 0x5B, 0x56, 0x4B, 0x47, 0x43, 0x36, 0x43, 0x94, 0xC2, 0xC6, 0xC8 ; file 0EB9FB
db 0xCA, 0xBF, 0xAD, 0xAE, 0x9B, 0x83, 0x8B, 0x9E, 0x93, 0x7C, 0x89, 0x88, 0x76, 0x6D, 0x65, 0x55 ; file 0EBA0B
db 0x54, 0x86, 0xA5, 0xA2, 0x9E, 0x9B, 0x8D, 0x7C, 0x86, 0x7D, 0x63, 0x64, 0x78, 0x72, 0x5C, 0x5F ; file 0EBA1B
db 0x5E, 0x53, 0x50, 0x4D, 0x41, 0x44, 0x82, 0xB5, 0xBB, 0xBB, 0xBE, 0xB7, 0xA7, 0xA6, 0x9A, 0x83 ; file 0EBA2B
db 0x84, 0x97, 0x91, 0x7B, 0x81, 0x84, 0x74, 0x6B, 0x66, 0x59, 0x52, 0x78, 0x9B, 0x9A, 0x97, 0x95 ; file 0EBA3B
db 0x8B, 0x7A, 0x7F, 0x7E, 0x66, 0x64, 0x75, 0x74, 0x62, 0x60, 0x62, 0x58, 0x55, 0x53, 0x4A, 0x47 ; file 0EBA4B
db 0x76, 0xAA, 0xB2, 0xB4, 0xB8, 0xB4, 0xA6, 0xA3, 0x9D, 0x87, 0x84, 0x94, 0x93, 0x81, 0x82, 0x89 ; file 0EBA5B
db 0x7D, 0x74, 0x70, 0x66, 0x5D, 0x74, 0x96, 0x97, 0x95, 0x94, 0x8E, 0x81, 0x82, 0x85, 0x71, 0x6B ; file 0EBA6B
db 0x78, 0x7A, 0x6C, 0x67, 0x6B, 0x63, 0x60, 0x60, 0x5A, 0x55, 0x6F, 0x9A, 0xA2, 0xA3, 0xA7, 0xA6 ; file 0EBA7B
db 0x9C, 0x98, 0x96, 0x86, 0x81, 0x8C, 0x8D, 0x80, 0x7E, 0x85, 0x7C, 0x75, 0x72, 0x6C, 0x65, 0x71 ; file 0EBA8B
db 0x8B, 0x8E, 0x8C, 0x8C, 0x88, 0x7F, 0x7D, 0x82, 0x76, 0x70, 0x77, 0x7B, 0x73, 0x6E, 0x71, 0x6C ; file 0EBA9B
db 0x6A, 0x6A, 0x66, 0x62, 0x6F, 0x8D, 0x94, 0x95, 0x97, 0x96, 0x91, 0x8D, 0x8C, 0x84, 0x81, 0x85 ; file 0EBAAB
db 0x86, 0x82, 0x7F, 0x82, 0x80, 0x7E, 0x7D, 0x7C, 0x7B, 0x7D, 0x81, 0x81, 0x81, 0x80, 0x80, 0x80 ; file 0EBABB
db 0xB6, 0xDB ; file 0EBACB
