; Resource 'snd ', ID 210; name '021 Accordion (C2)'; payload 24986 bytes
; MacBinary file offsets 0F0AF5–0F6C92 (inclusive).
; Linear CODE decoding is provisional: embedded data can decode as instructions.
db 0x00, 0x00, 0x61, 0x9A, 0x00, 0x02, 0x00, 0x00, 0x00, 0x01, 0x80, 0x50, 0x00, 0x00, 0x00, 0x00 ; file 0F0AF5
db 0x00, 0x0E, 0x00, 0x00, 0x00, 0x00, 0x00, 0x00, 0x61, 0x74, 0x2B, 0x11, 0x00, 0x00, 0x00, 0x00 ; file 0F0B05
db 0x19, 0x1A, 0x00, 0x00, 0x5F, 0xE4, 0x00, 0x3C, 0x7F, 0x81, 0x82, 0x83, 0x83, 0x82, 0x80, 0x7E ; file 0F0B15
db 0x7D, 0x7E, 0x7F, 0x7D, 0x7A, 0x78, 0x77, 0x7A, 0x80, 0x88, 0x90, 0x94, 0x91, 0x8C, 0x85, 0x7F ; file 0F0B25
db 0x7C, 0x7D, 0x7E, 0x7F, 0x7F, 0x7C, 0x79, 0x77, 0x79, 0x7D, 0x83, 0x89, 0x8B, 0x88, 0x83, 0x7B ; file 0F0B35
db 0x76, 0x74, 0x75, 0x77, 0x79, 0x7B, 0x7C, 0x7C, 0x7C, 0x7C, 0x7E, 0x80, 0x83, 0x84, 0x84, 0x83 ; file 0F0B45
db 0x81, 0x80, 0x80, 0x80, 0x82, 0x84, 0x85, 0x84, 0x83, 0x82, 0x81, 0x81, 0x80, 0x7E, 0x7D, 0x7B ; file 0F0B55
db 0x7A, 0x7A, 0x7D, 0x80, 0x84, 0x88, 0x88, 0x86, 0x82, 0x7D, 0x79, 0x79, 0x7C, 0x80, 0x84, 0x88 ; file 0F0B65
db 0x89, 0x86, 0x82, 0x7E, 0x7C, 0x7D, 0x7E, 0x7D, 0x7B, 0x78, 0x77, 0x77, 0x7C, 0x83, 0x8A, 0x91 ; file 0F0B75
db 0x93, 0x8F, 0x89, 0x83, 0x7E, 0x7C, 0x7D, 0x7E, 0x7F, 0x7E, 0x7C, 0x78, 0x77, 0x79, 0x7E, 0x84 ; file 0F0B85
db 0x89, 0x8A, 0x87, 0x82, 0x7A, 0x75, 0x73, 0x75, 0x77, 0x7A, 0x7B, 0x7C, 0x7C, 0x7C, 0x7C, 0x7E ; file 0F0B95
db 0x81, 0x83, 0x84, 0x84, 0x82, 0x81, 0x80, 0x7F, 0x80, 0x82, 0x84, 0x85, 0x84, 0x83, 0x82, 0x81 ; file 0F0BA5
db 0x81, 0x80, 0x7E, 0x7C, 0x7A, 0x79, 0x7A, 0x7D, 0x81, 0x85, 0x88, 0x88, 0x85, 0x81, 0x7C, 0x79 ; file 0F0BB5
db 0x79, 0x7C, 0x80, 0x84, 0x88, 0x89, 0x86, 0x82, 0x7E, 0x7C, 0x7D, 0x7E, 0x7D, 0x7A, 0x78, 0x76 ; file 0F0BC5
db 0x78, 0x7C, 0x83, 0x8B, 0x91, 0x93, 0x8F, 0x8A, 0x83, 0x7D, 0x7C, 0x7E, 0x7F, 0x7F, 0x7D, 0x77 ; file 0F0BD5
db 0x72, 0x73, 0x79, 0x83, 0x8C, 0x90, 0x8F, 0x88, 0x7D, 0x72, 0x6C, 0x6D, 0x71, 0x76, 0x79, 0x7B ; file 0F0BE5
db 0x7C, 0x7B, 0x7A, 0x7C, 0x82, 0x89, 0x8D, 0x8C, 0x86, 0x81, 0x7F, 0x7D, 0x7C, 0x7E, 0x85, 0x87 ; file 0F0BF5
db 0x84, 0x86, 0x86, 0x83, 0x85, 0x85, 0x7E, 0x76, 0x70, 0x67, 0x64, 0x6E, 0x7F, 0x90, 0x99, 0x96 ; file 0F0C05
db 0x8E, 0x84, 0x73, 0x67, 0x69, 0x71, 0x79, 0x85, 0x91, 0x94, 0x8F, 0x86, 0x81, 0x80, 0x87, 0x8D ; file 0F0C15
db 0x84, 0x72, 0x67, 0x64, 0x6B, 0x82, 0x99, 0xA6, 0xB2, 0xB0, 0x9D, 0x91, 0x85, 0x76, 0x7C, 0x8A ; file 0F0C25
db 0x84, 0x7F, 0x77, 0x61, 0x52, 0x60, 0x7A, 0x97, 0xAA, 0xAB, 0xA2, 0x90, 0x71, 0x59, 0x55, 0x5D ; file 0F0C35
db 0x65, 0x72, 0x7D, 0x7F, 0x7B, 0x79, 0x77, 0x7C, 0x8B, 0x9B, 0x9F, 0x96, 0x86, 0x7D, 0x7E, 0x78 ; file 0F0C45
db 0x70, 0x74, 0x80, 0x83, 0x7F, 0x8B, 0x8F, 0x81, 0x89, 0x92, 0x7C, 0x6E, 0x66, 0x53, 0x45, 0x5C ; file 0F0C55
db 0x79, 0x94, 0xA3, 0x9E, 0x96, 0x8A, 0x6B, 0x56, 0x59, 0x60, 0x65, 0x79, 0x93, 0x99, 0x97, 0x92 ; file 0F0C65
db 0x8C, 0x8E, 0x95, 0x9E, 0x8F, 0x71, 0x60, 0x5A, 0x64, 0x82, 0x9E, 0xAA, 0xB7, 0xBD, 0xAC, 0x9D ; file 0F0C75
db 0x8F, 0x76, 0x7B, 0x93, 0x86, 0x7F, 0x79, 0x5C, 0x40, 0x51, 0x72, 0x98, 0xB0, 0xB6, 0xB0, 0x9E ; file 0F0C85
db 0x79, 0x59, 0x4D, 0x51, 0x5B, 0x6D, 0x80, 0x81, 0x7C, 0x79, 0x78, 0x79, 0x87, 0x9A, 0xA5, 0x9E ; file 0F0C95
db 0x89, 0x7D, 0x7E, 0x76, 0x6D, 0x6D, 0x76, 0x7D, 0x80, 0x8C, 0x91, 0x85, 0x86, 0x96, 0x84, 0x70 ; file 0F0CA5
db 0x66, 0x54, 0x3E, 0x4C, 0x6D, 0x8D, 0x9D, 0x9F, 0x9D, 0x91, 0x78, 0x5E, 0x56, 0x59, 0x5C, 0x6B ; file 0F0CB5
db 0x89, 0x96, 0x9B, 0x9B, 0x94, 0x92, 0x95, 0x9D, 0x96, 0x7C, 0x64, 0x5A, 0x61, 0x75, 0x8F, 0x9F ; file 0F0CC5
db 0xA6, 0xB3, 0xB6, 0xA8, 0x96, 0x85, 0x79, 0x8E, 0x8C, 0x80, 0x7A, 0x68, 0x48, 0x48, 0x65, 0x8B ; file 0F0CD5
db 0xA5, 0xB0, 0xB3, 0xA7, 0x8A, 0x69, 0x55, 0x4E, 0x56, 0x66, 0x7D, 0x84, 0x7C, 0x78, 0x79, 0x78 ; file 0F0CE5
db 0x81, 0x90, 0xA1, 0xA2, 0x8F, 0x7F, 0x7E, 0x78, 0x6D, 0x6A, 0x6E, 0x74, 0x7D, 0x8E, 0x91, 0x8C ; file 0F0CF5
db 0x85, 0x92, 0x8F, 0x78, 0x68, 0x5B, 0x43, 0x3F, 0x5D, 0x80, 0x97, 0x9B, 0xA0, 0x9A, 0x83, 0x6A ; file 0F0D05
db 0x5C, 0x53, 0x55, 0x5E, 0x79, 0x90, 0x9A, 0xA1, 0x9F, 0x97, 0x9A, 0x99, 0x99, 0x88, 0x6F, 0x5D ; file 0F0D15
db 0x5D, 0x6E, 0x7F, 0x93, 0x9A, 0xA1, 0xB3, 0xB7, 0xA0, 0x91, 0x83, 0x88, 0x8E, 0x87, 0x7A, 0x71 ; file 0F0D25
db 0x55, 0x47, 0x58, 0x7B, 0x9C, 0xA5, 0xB0, 0xAE, 0x97, 0x79, 0x64, 0x51, 0x52, 0x5D, 0x76, 0x85 ; file 0F0D35
db 0x7F, 0x77, 0x79, 0x77, 0x7D, 0x87, 0x98, 0xA1, 0x97, 0x82, 0x7E, 0x7B, 0x6F, 0x6A, 0x6B, 0x6C ; file 0F0D45
db 0x75, 0x8C, 0x96, 0x8E, 0x8A, 0x8F, 0x92, 0x84, 0x6E, 0x60, 0x4A, 0x3E, 0x4C, 0x70, 0x91, 0x94 ; file 0F0D55
db 0x9E, 0xA0, 0x8E, 0x75, 0x68, 0x56, 0x50, 0x54, 0x69, 0x84, 0x95, 0xA1, 0xA9, 0xA0, 0x9E, 0x9D ; file 0F0D65
db 0x98, 0x8F, 0x7C, 0x63, 0x5C, 0x6A, 0x77, 0x84, 0x91, 0x93, 0xA0, 0xBA, 0xB3, 0x97, 0x90, 0x8B ; file 0F0D75
db 0x8C, 0x8B, 0x7F, 0x73, 0x61, 0x4E, 0x52, 0x6B, 0x92, 0x9C, 0xA7, 0xAD, 0xA3, 0x86, 0x74, 0x5D ; file 0F0D85
db 0x51, 0x57, 0x6D, 0x82, 0x84, 0x78, 0x77, 0x78, 0x7B, 0x82, 0x8D, 0x9C, 0x9B, 0x88, 0x7E, 0x7E ; file 0F0D95
db 0x72, 0x6A, 0x6B, 0x69, 0x6A, 0x81, 0x9B, 0x91, 0x8C, 0x91, 0x92, 0x8A, 0x7B, 0x64, 0x52, 0x41 ; file 0F0DA5
db 0x45, 0x5D, 0x85, 0x92, 0x95, 0xA1, 0x9A, 0x7D, 0x72, 0x62, 0x4F, 0x4C, 0x5C, 0x76, 0x8B, 0x9C ; file 0F0DB5
db 0xAB, 0xAB, 0xA5, 0xA3, 0x9C, 0x90, 0x84, 0x71, 0x5D, 0x65, 0x76, 0x79, 0x84, 0x8A, 0x8C, 0xA9 ; file 0F0DC5
db 0xC0, 0xA6, 0x95, 0x97, 0x8F, 0x87, 0x88, 0x76, 0x67, 0x57, 0x55, 0x5F, 0x84, 0x97, 0x9B, 0xA8 ; file 0F0DD5
db 0xA9, 0x91, 0x80, 0x6F, 0x59, 0x53, 0x63, 0x7C, 0x86, 0x7D, 0x75, 0x77, 0x7A, 0x80, 0x86, 0x93 ; file 0F0DE5
db 0x9A, 0x8E, 0x80, 0x7F, 0x76, 0x6B, 0x6A, 0x6A, 0x64, 0x71, 0x97, 0x9B, 0x8C, 0x93, 0x95, 0x8B ; file 0F0DF5
db 0x85, 0x6E, 0x58, 0x45, 0x44, 0x50, 0x74, 0x8E, 0x8E, 0x9B, 0xA0, 0x8A, 0x77, 0x71, 0x58, 0x48 ; file 0F0E05
db 0x51, 0x68, 0x7D, 0x93, 0xA7, 0xB3, 0xAE, 0xA9, 0xA4, 0x92, 0x87, 0x7B, 0x66, 0x62, 0x72, 0x78 ; file 0F0E15
db 0x78, 0x80, 0x80, 0x90, 0xBA, 0xB9, 0x9E, 0x9C, 0x9E, 0x88, 0x89, 0x7F, 0x6B, 0x5B, 0x5A, 0x5E ; file 0F0E25
db 0x74, 0x91, 0x93, 0x9D, 0xA7, 0x9C, 0x87, 0x7F, 0x68, 0x56, 0x5B, 0x74, 0x83, 0x82, 0x77, 0x75 ; file 0F0E35
db 0x77, 0x7E, 0x83, 0x8B, 0x94, 0x91, 0x83, 0x80, 0x7A, 0x6E, 0x69, 0x6B, 0x64, 0x64, 0x87, 0xA0 ; file 0F0E45
db 0x93, 0x8F, 0x9B, 0x8F, 0x86, 0x7C, 0x61, 0x49, 0x44, 0x4D, 0x61, 0x84, 0x8C, 0x92, 0xA0, 0x96 ; file 0F0E55
db 0x7E, 0x7A, 0x68, 0x4D, 0x47, 0x5C, 0x71, 0x86, 0x9F, 0xB3, 0xB6, 0xB2, 0xAA, 0x9C, 0x86, 0x7F ; file 0F0E65
db 0x71, 0x63, 0x6E, 0x79, 0x74, 0x74, 0x78, 0x7D, 0xA2, 0xC1, 0xAF, 0x9E, 0xA9, 0x94, 0x84, 0x85 ; file 0F0E75
db 0x73, 0x5C, 0x5C, 0x63, 0x6B, 0x87, 0x8F, 0x93, 0x9E, 0x9F, 0x8E, 0x87, 0x79, 0x63, 0x58, 0x6B ; file 0F0E85
db 0x7F, 0x83, 0x7B, 0x75, 0x75, 0x7D, 0x82, 0x86, 0x8C, 0x8F, 0x85, 0x81, 0x7E, 0x71, 0x6A, 0x6A ; file 0F0E95
db 0x66, 0x5F, 0x74, 0x9B, 0x9C, 0x8F, 0x9A, 0x99, 0x85, 0x82, 0x70, 0x50, 0x44, 0x4C, 0x58, 0x75 ; file 0F0EA5
db 0x85, 0x8D, 0x97, 0x9C, 0x88, 0x7D, 0x76, 0x5C, 0x44, 0x51, 0x67, 0x78, 0x93, 0xAD, 0xBA, 0xBC ; file 0F0EB5
db 0xB3, 0xA6, 0x8D, 0x7E, 0x78, 0x6C, 0x6B, 0x78, 0x77, 0x6D, 0x6E, 0x71, 0x87, 0xB2, 0xBC, 0xA9 ; file 0F0EC5
db 0xA9, 0xA9, 0x88, 0x83, 0x7D, 0x62, 0x59, 0x67, 0x6D, 0x7E, 0x8A, 0x8D, 0x92, 0x9D, 0x92, 0x8C ; file 0F0ED5
db 0x86, 0x74, 0x5F, 0x64, 0x79, 0x81, 0x7E, 0x78, 0x74, 0x79, 0x81, 0x84, 0x88, 0x8A, 0x85, 0x81 ; file 0F0EE5
db 0x81, 0x76, 0x6B, 0x6A, 0x68, 0x60, 0x66, 0x8C, 0x9E, 0x96, 0x95, 0xA0, 0x8C, 0x82, 0x7A, 0x5E ; file 0F0EF5
db 0x45, 0x4A, 0x56, 0x68, 0x7D, 0x85, 0x90, 0x9A, 0x8F, 0x84, 0x7E, 0x6C, 0x4E, 0x47, 0x5C, 0x6C ; file 0F0F05
db 0x83, 0xA2, 0xB8, 0xC2, 0xBE, 0xB1, 0x9A, 0x7F, 0x79, 0x72, 0x6E, 0x77, 0x79, 0x70, 0x64, 0x67 ; file 0F0F15
db 0x74, 0x9A, 0xB8, 0xB8, 0xAD, 0xB3, 0x9A, 0x83, 0x7E, 0x6E, 0x57, 0x64, 0x71, 0x7C, 0x84, 0x86 ; file 0F0F25
db 0x8C, 0x93, 0x93, 0x8F, 0x8D, 0x83, 0x6E, 0x63, 0x72, 0x7E, 0x7E, 0x7A, 0x76, 0x75, 0x7F, 0x84 ; file 0F0F35
db 0x86, 0x85, 0x81, 0x7E, 0x83, 0x7A, 0x6E, 0x6A, 0x6A, 0x62, 0x5F, 0x7A, 0x98, 0x9B, 0x97, 0x9F ; file 0F0F45
db 0x98, 0x84, 0x7C, 0x6E, 0x4C, 0x47, 0x54, 0x64, 0x73, 0x7C, 0x8B, 0x93, 0x93, 0x88, 0x84, 0x77 ; file 0F0F55
db 0x5F, 0x48, 0x51, 0x63, 0x74, 0x92, 0xB1, 0xC0, 0xC8, 0xBD, 0xA6, 0x8A, 0x78, 0x74, 0x74, 0x78 ; file 0F0F65
db 0x7B, 0x74, 0x65, 0x5C, 0x66, 0x83, 0xA5, 0xBB, 0xB8, 0xB6, 0xAC, 0x8F, 0x7D, 0x76, 0x5D, 0x5C ; file 0F0F75
db 0x72, 0x7F, 0x85, 0x80, 0x86, 0x8A, 0x8D, 0x8C, 0x92, 0x8B, 0x7F, 0x6C, 0x6E, 0x7B, 0x7D, 0x79 ; file 0F0F85
db 0x79, 0x74, 0x7B, 0x83, 0x86, 0x84, 0x7E, 0x7A, 0x80, 0x80, 0x71, 0x6A, 0x6B, 0x65, 0x5E, 0x6E ; file 0F0F95
db 0x8B, 0x99, 0x9B, 0x9F, 0x9E, 0x8D, 0x7D, 0x75, 0x5B, 0x46, 0x51, 0x60, 0x70, 0x72, 0x81, 0x8F ; file 0F0FA5
db 0x90, 0x89, 0x8A, 0x7F, 0x6D, 0x53, 0x4C, 0x5A, 0x69, 0x81, 0xA5, 0xBB, 0xCB, 0xC9, 0xB4, 0x96 ; file 0F0FB5
db 0x7D, 0x72, 0x74, 0x7C, 0x7D, 0x78, 0x6A, 0x58, 0x58, 0x71, 0x90, 0xAC, 0xBF, 0xC0, 0xB6, 0xA1 ; file 0F0FC5
db 0x85, 0x76, 0x67, 0x59, 0x6B, 0x80, 0x8C, 0x80, 0x80, 0x84, 0x85, 0x85, 0x90, 0x91, 0x8B, 0x7A ; file 0F0FD5
db 0x72, 0x77, 0x7B, 0x78, 0x78, 0x76, 0x77, 0x80, 0x86, 0x85, 0x7D, 0x74, 0x7A, 0x81, 0x76, 0x6C ; file 0F0FE5
db 0x6B, 0x67, 0x5E, 0x66, 0x81, 0x90, 0x9A, 0xA3, 0xA0, 0x94, 0x84, 0x76, 0x67, 0x4E, 0x4D, 0x5C ; file 0F0FF5
db 0x6F, 0x6F, 0x75, 0x87, 0x8E, 0x87, 0x8A, 0x89, 0x76, 0x61, 0x51, 0x53, 0x60, 0x73, 0x93, 0xB1 ; file 0F1005
db 0xC6, 0xD0, 0xC4, 0xA4, 0x88, 0x74, 0x71, 0x7D, 0x84, 0x7B, 0x6F, 0x5D, 0x4D, 0x5F, 0x80, 0x96 ; file 0F1015
db 0xB6, 0xC9, 0xC2, 0xAC, 0x98, 0x79, 0x6B, 0x5D, 0x63, 0x7B, 0x91, 0x89, 0x7A, 0x7F, 0x82, 0x7C ; file 0F1025
db 0x88, 0x94, 0x90, 0x88, 0x7D, 0x7A, 0x7A, 0x77, 0x76, 0x78, 0x76, 0x7C, 0x83, 0x87, 0x80, 0x72 ; file 0F1035
db 0x71, 0x7F, 0x7B, 0x6E, 0x6B, 0x69, 0x60, 0x61, 0x79, 0x87, 0x92, 0xA1, 0xA7, 0x98, 0x8E, 0x7A ; file 0F1045
db 0x6C, 0x59, 0x4E, 0x58, 0x6C, 0x73, 0x6B, 0x7D, 0x8B, 0x83, 0x86, 0x8E, 0x80, 0x6C, 0x5B, 0x54 ; file 0F1055
db 0x57, 0x68, 0x82, 0xA4, 0xBE, 0xD0, 0xD0, 0xB5, 0x93, 0x7D, 0x6D, 0x78, 0x89, 0x81, 0x74, 0x63 ; file 0F1065
db 0x4D, 0x4D, 0x6F, 0x85, 0xA0, 0xC5, 0xD1, 0xB6, 0xA7, 0x88, 0x6D, 0x60, 0x62, 0x72, 0x8E, 0x96 ; file 0F1075
db 0x7E, 0x79, 0x7D, 0x78, 0x7B, 0x90, 0x95, 0x90, 0x89, 0x84, 0x7B, 0x77, 0x73, 0x77, 0x77, 0x7B ; file 0F1085
db 0x80, 0x86, 0x83, 0x74, 0x6A, 0x77, 0x7C, 0x72, 0x6B, 0x6B, 0x63, 0x5D, 0x71, 0x83, 0x88, 0x99 ; file 0F1095
db 0xAC, 0x9F, 0x91, 0x84, 0x70, 0x5E, 0x55, 0x55, 0x66, 0x76, 0x6B, 0x70, 0x83, 0x85, 0x7E, 0x8D ; file 0F10A5
db 0x8A, 0x75, 0x65, 0x5D, 0x55, 0x5D, 0x74, 0x94, 0xB1, 0xCB, 0xD5, 0xC7, 0xA3, 0x87, 0x72, 0x70 ; file 0F10B5
db 0x86, 0x8C, 0x7A, 0x68, 0x54, 0x44, 0x5B, 0x79, 0x8B, 0xB0, 0xD7, 0xC9, 0xAE, 0x9C, 0x78, 0x5F ; file 0F10C5
db 0x62, 0x6D, 0x84, 0x9D, 0x8A, 0x77, 0x77, 0x77, 0x70, 0x85, 0x94, 0x95, 0x91, 0x90, 0x85, 0x78 ; file 0F10D5
db 0x71, 0x74, 0x76, 0x7A, 0x7E, 0x84, 0x85, 0x79, 0x68, 0x6C, 0x7A, 0x75, 0x6D, 0x6C, 0x66, 0x5D ; file 0F10E5
db 0x68, 0x81, 0x82, 0x8C, 0xA7, 0xAA, 0x94, 0x8C, 0x79, 0x61, 0x59, 0x59, 0x60, 0x75, 0x71, 0x69 ; file 0F10F5
db 0x77, 0x82, 0x7B, 0x85, 0x8E, 0x80, 0x6B, 0x66, 0x5D, 0x56, 0x68, 0x85, 0xA2, 0xC1, 0xD3, 0xD3 ; file 0F1105
db 0xB5, 0x94, 0x7C, 0x6D, 0x7E, 0x90, 0x86, 0x6F, 0x5A, 0x46, 0x49, 0x6A, 0x7C, 0x96, 0xC8, 0xDA ; file 0F1115
db 0xBA, 0xA8, 0x8D, 0x65, 0x5C, 0x6D, 0x7B, 0x99, 0x98, 0x80, 0x73, 0x74, 0x6C, 0x75, 0x8D, 0x97 ; file 0F1125
db 0x94, 0x98, 0x94, 0x80, 0x72, 0x71, 0x75, 0x7A, 0x7E, 0x81, 0x85, 0x7F, 0x6C, 0x65, 0x72, 0x75 ; file 0F1135
db 0x6F, 0x6C, 0x6A, 0x5F, 0x62, 0x7C, 0x82, 0x82, 0x99, 0xAE, 0x9D, 0x8E, 0x83, 0x69, 0x57, 0x5D ; file 0F1145
db 0x60, 0x70, 0x77, 0x6B, 0x6C, 0x7C, 0x79, 0x7B, 0x8B, 0x87, 0x74, 0x6A, 0x68, 0x5A, 0x5D, 0x77 ; file 0F1155
db 0x93, 0xB0, 0xCC, 0xD6, 0xC5, 0xA4, 0x87, 0x74, 0x74, 0x8D, 0x90, 0x7A, 0x62, 0x4C, 0x44, 0x59 ; file 0F1165
db 0x6F, 0x83, 0xAB, 0xDA, 0xCD, 0xB1, 0x9D, 0x78, 0x59, 0x68, 0x79, 0x8F, 0x9F, 0x8C, 0x78, 0x70 ; file 0F1175
db 0x6A, 0x6A, 0x80, 0x92, 0x98, 0x9A, 0xA0, 0x8F, 0x77, 0x6E, 0x71, 0x76, 0x7F, 0x80, 0x83, 0x82 ; file 0F1185
db 0x72, 0x64, 0x6A, 0x71, 0x6F, 0x6E, 0x6C, 0x63, 0x5F, 0x74, 0x83, 0x7F, 0x8A, 0xA8, 0xA8, 0x94 ; file 0F1195
db 0x87, 0x76, 0x59, 0x5B, 0x65, 0x6C, 0x79, 0x6F, 0x6C, 0x71, 0x76, 0x76, 0x82, 0x8A, 0x7E, 0x6E ; file 0F11A5
db 0x70, 0x66, 0x5B, 0x6A, 0x87, 0xA0, 0xC0, 0xD3, 0xCF, 0xB4, 0x95, 0x7C, 0x74, 0x83, 0x92, 0x87 ; file 0F11B5
db 0x6B, 0x52, 0x44, 0x4D, 0x61, 0x75, 0x91, 0xC5, 0xD8, 0xC1, 0xA7, 0x8F, 0x63, 0x5F, 0x77, 0x88 ; file 0F11C5
db 0x9D, 0x97, 0x83, 0x70, 0x68, 0x64, 0x72, 0x87, 0x96, 0x9B, 0xA5, 0x9F, 0x85, 0x6F, 0x6F, 0x72 ; file 0F11D5
db 0x7C, 0x81, 0x82, 0x82, 0x77, 0x66, 0x64, 0x6B, 0x6D, 0x6E, 0x6E, 0x67, 0x5E, 0x6C, 0x81, 0x80 ; file 0F11E5
db 0x81, 0x9A, 0xAA, 0x9D, 0x8C, 0x7F, 0x63, 0x56, 0x65, 0x6E, 0x78, 0x74, 0x6E, 0x6D, 0x70, 0x70 ; file 0F11F5
db 0x7C, 0x85, 0x83, 0x75, 0x71, 0x71, 0x62, 0x61, 0x7A, 0x93, 0xB0, 0xCB, 0xD2, 0xC1, 0xA5, 0x88 ; file 0F1205
db 0x78, 0x7D, 0x8F, 0x8F, 0x79, 0x5A, 0x46, 0x48, 0x55, 0x66, 0x7E, 0xAA, 0xD1, 0xD0, 0xB6, 0x9B ; file 0F1215
db 0x78, 0x5C, 0x6E, 0x86, 0x99, 0x9A, 0x8F, 0x79, 0x68, 0x5F, 0x69, 0x79, 0x8F, 0x9A, 0xA6, 0xAB ; file 0F1225
db 0x97, 0x78, 0x6C, 0x6E, 0x77, 0x80, 0x82, 0x82, 0x7B, 0x6A, 0x63, 0x67, 0x67, 0x6B, 0x6F, 0x6B ; file 0F1235
db 0x60, 0x65, 0x7E, 0x81, 0x7E, 0x8D, 0xA3, 0xA2, 0x96, 0x83, 0x70, 0x58, 0x5F, 0x70, 0x79, 0x76 ; file 0F1245
db 0x70, 0x6F, 0x6B, 0x69, 0x74, 0x7F, 0x83, 0x7B, 0x76, 0x76, 0x6D, 0x62, 0x6E, 0x87, 0xA1, 0xBD ; file 0F1255
db 0xD0, 0xC7, 0xB3, 0x98, 0x7F, 0x7E, 0x88, 0x90, 0x85, 0x67, 0x4B, 0x46, 0x51, 0x57, 0x6F, 0x92 ; file 0F1265
db 0xBD, 0xD1, 0xC9, 0xA7, 0x8B, 0x68, 0x65, 0x7E, 0x97, 0x9B, 0x94, 0x86, 0x6F, 0x5C, 0x61, 0x70 ; file 0F1275
db 0x81, 0x95, 0xA4, 0xAF, 0xA8, 0x89, 0x70, 0x6C, 0x71, 0x7D, 0x83, 0x83, 0x7D, 0x6F, 0x63, 0x64 ; file 0F1285
db 0x62, 0x64, 0x6C, 0x6E, 0x63, 0x61, 0x78, 0x82, 0x7E, 0x84, 0x99, 0x9F, 0x9D, 0x8A, 0x78, 0x61 ; file 0F1295
db 0x5A, 0x6B, 0x7D, 0x7B, 0x71, 0x71, 0x6E, 0x63, 0x6A, 0x7C, 0x7D, 0x7E, 0x7A, 0x7A, 0x76, 0x6C ; file 0F12A5
db 0x69, 0x7C, 0x94, 0xAF, 0xC6, 0xCA, 0xBB, 0xA7, 0x8B, 0x80, 0x88, 0x8C, 0x8B, 0x77, 0x55, 0x45 ; file 0F12B5
db 0x4E, 0x51, 0x5D, 0x7E, 0xA8, 0xC2, 0xD0, 0xBA, 0x98, 0x79, 0x67, 0x74, 0x91, 0x9E, 0x94, 0x8F ; file 0F12C5
db 0x7C, 0x61, 0x58, 0x69, 0x75, 0x8A, 0x9E, 0xB0, 0xB1, 0x9D, 0x7C, 0x6D, 0x6D, 0x78, 0x81, 0x84 ; file 0F12D5
db 0x7F, 0x73, 0x65, 0x64, 0x62, 0x5E, 0x66, 0x6E, 0x68, 0x60, 0x70, 0x82, 0x7F, 0x80, 0x90, 0x99 ; file 0F12E5
db 0x9D, 0x96, 0x7F, 0x69, 0x5D, 0x64, 0x79, 0x84, 0x74, 0x71, 0x71, 0x65, 0x5F, 0x73, 0x7C, 0x7B ; file 0F12F5
db 0x7B, 0x7F, 0x7C, 0x76, 0x6E, 0x73, 0x86, 0xA2, 0xB9, 0xC7, 0xBF, 0xB1, 0x9A, 0x86, 0x89, 0x8C ; file 0F1305
db 0x8A, 0x80, 0x64, 0x49, 0x4B, 0x52, 0x51, 0x6A, 0x94, 0xB0, 0xC6, 0xCB, 0xAA, 0x86, 0x73, 0x6F ; file 0F1315
db 0x85, 0xA1, 0x96, 0x91, 0x87, 0x6E, 0x54, 0x5F, 0x6D, 0x7C, 0x93, 0xAB, 0xB6, 0xAC, 0x8F, 0x74 ; file 0F1325
db 0x6A, 0x72, 0x7D, 0x84, 0x82, 0x76, 0x67, 0x63, 0x63, 0x5C, 0x5E, 0x6B, 0x6C, 0x62, 0x69, 0x80 ; file 0F1335
db 0x80, 0x7E, 0x8B, 0x94, 0x96, 0x9A, 0x8B, 0x70, 0x63, 0x63, 0x71, 0x88, 0x7D, 0x70, 0x73, 0x6C ; file 0F1345
db 0x5A, 0x67, 0x78, 0x78, 0x78, 0x7F, 0x82, 0x7B, 0x77, 0x74, 0x7C, 0x95, 0xAC, 0xBE, 0xBF, 0xB5 ; file 0F1355
db 0xA7, 0x91, 0x8B, 0x90, 0x89, 0x83, 0x72, 0x53, 0x49, 0x52, 0x50, 0x58, 0x7F, 0xA2, 0xB3, 0xCB ; file 0F1365
db 0xBE, 0x95, 0x7D, 0x77, 0x7B, 0x9A, 0x9E, 0x8F, 0x8C, 0x7D, 0x5C, 0x56, 0x66, 0x72, 0x84, 0xA1 ; file 0F1375
db 0xB7, 0xB3, 0xA0, 0x83, 0x6E, 0x6D, 0x77, 0x80, 0x84, 0x7B, 0x6A, 0x63, 0x65, 0x5D, 0x58, 0x62 ; file 0F1385
db 0x6C, 0x66, 0x65, 0x7B, 0x82, 0x7D, 0x85, 0x93, 0x90, 0x96, 0x94, 0x7B, 0x64, 0x66, 0x6B, 0x81 ; file 0F1395
db 0x89, 0x74, 0x72, 0x72, 0x60, 0x5B, 0x70, 0x76, 0x72, 0x7B, 0x86, 0x80, 0x7D, 0x7B, 0x7B, 0x88 ; file 0F13A5
db 0xA2, 0xB4, 0xBB, 0xB6, 0xAE, 0x9E, 0x91, 0x93, 0x8F, 0x83, 0x79, 0x61, 0x4B, 0x51, 0x52, 0x50 ; file 0F13B5
db 0x69, 0x93, 0xA3, 0xBA, 0xC7, 0xAB, 0x84, 0x80, 0x7D, 0x8D, 0xA2, 0x94, 0x8C, 0x86, 0x6C, 0x54 ; file 0F13C5
db 0x5D, 0x6B, 0x78, 0x92, 0xB1, 0xB9, 0xAC, 0x95, 0x7B, 0x6C, 0x73, 0x7C, 0x84, 0x81, 0x6F, 0x62 ; file 0F13D5
db 0x64, 0x61, 0x57, 0x59, 0x67, 0x67, 0x63, 0x74, 0x83, 0x7F, 0x80, 0x90, 0x8F, 0x8E, 0x93, 0x88 ; file 0F13E5
db 0x6A, 0x65, 0x6C, 0x78, 0x8C, 0x7F, 0x73, 0x74, 0x68, 0x58, 0x64, 0x71, 0x71, 0x72, 0x83, 0x86 ; file 0F13F5
db 0x7F, 0x81, 0x81, 0x80, 0x96, 0xAB, 0xB4, 0xB4, 0xAF, 0xA6, 0x9A, 0x98, 0x96, 0x88, 0x7B, 0x6B ; file 0F1405
db 0x55, 0x4F, 0x53, 0x50, 0x58, 0x80, 0x99, 0xA6, 0xBE, 0xBD, 0x95, 0x82, 0x88, 0x88, 0x9E, 0x9C ; file 0F1415
db 0x8E, 0x89, 0x7B, 0x5D, 0x57, 0x63, 0x71, 0x81, 0xA4, 0xB9, 0xB4, 0xA2, 0x8C, 0x74, 0x6F, 0x78 ; file 0F1425
db 0x80, 0x83, 0x77, 0x64, 0x62, 0x64, 0x59, 0x55, 0x5E, 0x66, 0x63, 0x6D, 0x81, 0x80, 0x7E, 0x8B ; file 0F1435
db 0x91, 0x88, 0x8D, 0x8E, 0x77, 0x64, 0x6D, 0x75, 0x87, 0x88, 0x79, 0x74, 0x6F, 0x5D, 0x5B, 0x69 ; file 0F1445
db 0x6F, 0x6D, 0x7B, 0x89, 0x85, 0x83, 0x89, 0x83, 0x8B, 0xA0, 0xAD, 0xAD, 0xAE, 0xA9, 0xA1, 0x9E ; file 0F1455
db 0x9C, 0x91, 0x7D, 0x6F, 0x5E, 0x53, 0x55, 0x51, 0x53, 0x6B, 0x8D, 0x98, 0xAC, 0xBD, 0xAA, 0x89 ; file 0F1465
db 0x8C, 0x8F, 0x97, 0x9E, 0x95, 0x89, 0x82, 0x6A, 0x5A, 0x5C, 0x69, 0x76, 0x92, 0xB2, 0xB9, 0xAB ; file 0F1475
db 0x9B, 0x83, 0x71, 0x74, 0x7C, 0x82, 0x7D, 0x69, 0x60, 0x64, 0x5D, 0x54, 0x57, 0x61, 0x62, 0x68 ; file 0F1485
db 0x7E, 0x82, 0x7D, 0x86, 0x92, 0x88, 0x86, 0x8A, 0x82, 0x69, 0x69, 0x76, 0x82, 0x8A, 0x82, 0x77 ; file 0F1495
db 0x72, 0x63, 0x5B, 0x60, 0x69, 0x6B, 0x71, 0x85, 0x8A, 0x86, 0x8C, 0x8D, 0x89, 0x96, 0xA7, 0xA8 ; file 0F14A5
db 0xA8, 0xA9, 0xA4, 0xA4, 0xA4, 0x99, 0x87, 0x71, 0x63, 0x59, 0x58, 0x53, 0x51, 0x5E, 0x7D, 0x8E ; file 0F14B5
db 0x9D, 0xAE, 0xB5, 0x99, 0x8D, 0x96, 0x99, 0x9C, 0x99, 0x8E, 0x84, 0x76, 0x62, 0x5B, 0x60, 0x6E ; file 0F14C5
db 0x82, 0xA5, 0xB8, 0xB3, 0xA4, 0x94, 0x7C, 0x73, 0x78, 0x7F, 0x7F, 0x70, 0x60, 0x62, 0x60, 0x56 ; file 0F14D5
db 0x53, 0x5A, 0x5F, 0x64, 0x78, 0x84, 0x7E, 0x81, 0x90, 0x8C, 0x83, 0x83, 0x85, 0x73, 0x68, 0x73 ; file 0F14E5
db 0x81, 0x89, 0x85, 0x7F, 0x75, 0x69, 0x5D, 0x5E, 0x61, 0x67, 0x6C, 0x7C, 0x8A, 0x8B, 0x8C, 0x94 ; file 0F14F5
db 0x8F, 0x91, 0x9E, 0xA4, 0xA1, 0xA4, 0xA4, 0xA6, 0xAC, 0xA3, 0x90, 0x79, 0x65, 0x5C, 0x5D, 0x56 ; file 0F1505
db 0x51, 0x59, 0x6F, 0x81, 0x91, 0x9E, 0xAE, 0xA7, 0x95, 0x96, 0xA1, 0x9F, 0x96, 0x94, 0x86, 0x7A ; file 0F1515
db 0x6B, 0x62, 0x5B, 0x66, 0x77, 0x93, 0xB0, 0xB6, 0xAB, 0x9F, 0x8B, 0x7A, 0x75, 0x7B, 0x7E, 0x76 ; file 0F1525
db 0x65, 0x60, 0x61, 0x59, 0x53, 0x56, 0x59, 0x5E, 0x71, 0x84, 0x81, 0x7F, 0x8C, 0x8F, 0x84, 0x7F ; file 0F1535
db 0x80, 0x79, 0x6D, 0x6F, 0x80, 0x8B, 0x84, 0x84, 0x7D, 0x6E, 0x60, 0x5F, 0x5D, 0x60, 0x65, 0x73 ; file 0F1545
db 0x84, 0x8C, 0x8F, 0x95, 0x97, 0x94, 0x97, 0xA0, 0x9C, 0x9D, 0xA1, 0xA4, 0xAF, 0xAE, 0x9B, 0x84 ; file 0F1555
db 0x69, 0x5C, 0x5F, 0x5F, 0x53, 0x55, 0x68, 0x76, 0x83, 0x93, 0x9E, 0xA6, 0xA1, 0x9A, 0xA2, 0xAA ; file 0F1565
db 0x99, 0x93, 0x8E, 0x7E, 0x6E, 0x69, 0x60, 0x5F, 0x6D, 0x86, 0xA2, 0xB3, 0xB0, 0xA6, 0x99, 0x87 ; file 0F1575
db 0x79, 0x78, 0x7C, 0x78, 0x6A, 0x61, 0x61, 0x5B, 0x54, 0x54, 0x55, 0x57, 0x68, 0x82, 0x83, 0x7E ; file 0F1585
db 0x88, 0x91, 0x86, 0x80, 0x7B, 0x77, 0x71, 0x71, 0x7A, 0x8E, 0x88, 0x82, 0x84, 0x76, 0x62, 0x60 ; file 0F1595
db 0x60, 0x59, 0x5E, 0x6C, 0x7B, 0x88, 0x90, 0x96, 0x9B, 0x9C, 0x98, 0x9A, 0x99, 0x95, 0x9A, 0xA0 ; file 0F15A5
db 0xAC, 0xB6, 0xA8, 0x8F, 0x74, 0x5C, 0x5D, 0x66, 0x59, 0x54, 0x62, 0x72, 0x76, 0x88, 0x92, 0x9A ; file 0F15B5
db 0xA2, 0xA4, 0xA2, 0xB0, 0xA5, 0x91, 0x91, 0x85, 0x70, 0x6C, 0x69, 0x5F, 0x64, 0x7A, 0x96, 0xAA ; file 0F15C5
db 0xB0, 0xAB, 0xA2, 0x94, 0x84, 0x78, 0x7A, 0x79, 0x6D, 0x63, 0x62, 0x5C, 0x56, 0x54, 0x54, 0x52 ; file 0F15D5
db 0x5D, 0x7B, 0x86, 0x7F, 0x84, 0x91, 0x89, 0x82, 0x7A, 0x73, 0x6F, 0x74, 0x78, 0x89, 0x90, 0x81 ; file 0F15E5
db 0x85, 0x81, 0x69, 0x5F, 0x63, 0x5B, 0x56, 0x62, 0x75, 0x80, 0x8E, 0x98, 0x9D, 0xA1, 0xA0, 0x99 ; file 0F15F5
db 0x96, 0x91, 0x93, 0x99, 0xA6, 0xB8, 0xB4, 0x9C, 0x80, 0x63, 0x58, 0x65, 0x63, 0x55, 0x5C, 0x70 ; file 0F1605
db 0x70, 0x7B, 0x88, 0x8E, 0x96, 0xA9, 0xAA, 0xAF, 0xB5, 0x98, 0x8F, 0x8C, 0x77, 0x6B, 0x6F, 0x66 ; file 0F1615
db 0x60, 0x6E, 0x8B, 0x9F, 0xAB, 0xAC, 0xA8, 0x9E, 0x92, 0x80, 0x78, 0x78, 0x6F, 0x64, 0x63, 0x5E ; file 0F1625
db 0x56, 0x54, 0x54, 0x50, 0x52, 0x6F, 0x86, 0x82, 0x81, 0x8F, 0x8D, 0x83, 0x7C, 0x73, 0x6A, 0x71 ; file 0F1635
db 0x7C, 0x84, 0x94, 0x87, 0x81, 0x86, 0x75, 0x60, 0x64, 0x60, 0x55, 0x57, 0x6D, 0x7B, 0x86, 0x96 ; file 0F1645
db 0xA1, 0xA2, 0xA7, 0x9F, 0x94, 0x8E, 0x8C, 0x90, 0x9E, 0xB3, 0xBB, 0xAB, 0x8C, 0x6F, 0x58, 0x60 ; file 0F1655
db 0x69, 0x5D, 0x59, 0x6C, 0x71, 0x6E, 0x7D, 0x85, 0x87, 0x9F, 0xB3, 0xB2, 0xBA, 0xA9, 0x90, 0x8B ; file 0F1665
db 0x81, 0x6B, 0x6F, 0x6F, 0x65, 0x65, 0x7E, 0x96, 0xA1, 0xA8, 0xAA, 0xA3, 0x9D, 0x8E, 0x7D, 0x77 ; file 0F1675
db 0x71, 0x65, 0x63, 0x62, 0x57, 0x53, 0x55, 0x52, 0x4D, 0x61, 0x81, 0x85, 0x80, 0x8B, 0x90, 0x84 ; file 0F1685
db 0x7E, 0x75, 0x68, 0x69, 0x7B, 0x84, 0x91, 0x90, 0x82, 0x84, 0x81, 0x66, 0x62, 0x64, 0x59, 0x50 ; file 0F1695
db 0x61, 0x76, 0x7F, 0x90, 0xA1, 0xA5, 0xA9, 0xA8, 0x9A, 0x8B, 0x87, 0x89, 0x93, 0xAA, 0xBC, 0xB6 ; file 0F16A5
db 0x9C, 0x7B, 0x5F, 0x59, 0x68, 0x65, 0x5C, 0x67, 0x73, 0x6B, 0x71, 0x7C, 0x7D, 0x8A, 0xAF, 0xBB ; file 0F16B5
db 0xBD, 0xB7, 0x9C, 0x8A, 0x86, 0x72, 0x6B, 0x72, 0x6D, 0x64, 0x72, 0x8D, 0x99, 0xA0, 0xA8, 0xA8 ; file 0F16C5
db 0xA2, 0x9B, 0x89, 0x7A, 0x72, 0x66, 0x61, 0x64, 0x5A, 0x52, 0x54, 0x54, 0x4C, 0x54, 0x76, 0x84 ; file 0F16D5
db 0x81, 0x87, 0x91, 0x87, 0x80, 0x78, 0x6A, 0x61, 0x73, 0x85, 0x90, 0x93, 0x88, 0x83, 0x84, 0x73 ; file 0F16E5
db 0x62, 0x65, 0x5E, 0x51, 0x55, 0x6D, 0x7B, 0x86, 0x9C, 0xA9, 0xAB, 0xAF, 0xA6, 0x8E, 0x82, 0x83 ; file 0F16F5
db 0x88, 0x9E, 0xB8, 0xBD, 0xAB, 0x8A, 0x69, 0x5A, 0x63, 0x68, 0x62, 0x63, 0x72, 0x6D, 0x6A, 0x70 ; file 0F1705
db 0x76, 0x79, 0x9C, 0xBE, 0xC5, 0xBE, 0xAB, 0x91, 0x85, 0x7A, 0x6B, 0x70, 0x73, 0x6B, 0x6A, 0x82 ; file 0F1715
db 0x94, 0x97, 0xA1, 0xA9, 0xA6, 0xA4, 0x97, 0x83, 0x74, 0x67, 0x5F, 0x64, 0x5F, 0x53, 0x52, 0x55 ; file 0F1725
db 0x4E, 0x4C, 0x67, 0x80, 0x82, 0x85, 0x91, 0x8B, 0x82, 0x7A, 0x6E, 0x5E, 0x66, 0x80, 0x92, 0x95 ; file 0F1735
db 0x8D, 0x86, 0x83, 0x7B, 0x69, 0x65, 0x62, 0x57, 0x4F, 0x61, 0x74, 0x7F, 0x92, 0xA7, 0xAD, 0xB1 ; file 0F1745
db 0xB0, 0x9A, 0x82, 0x7E, 0x81, 0x90, 0xAE, 0xBD, 0xB5, 0x9B, 0x77, 0x60, 0x60, 0x66, 0x67, 0x66 ; file 0F1755
db 0x70, 0x70, 0x6A, 0x68, 0x6E, 0x6F, 0x84, 0xB0, 0xCB, 0xC8, 0xB4, 0xA0, 0x88, 0x7C, 0x70, 0x6E ; file 0F1765
db 0x73, 0x73, 0x6D, 0x78, 0x8C, 0x93, 0x96, 0xA3, 0xA7, 0xA7, 0xA2, 0x92, 0x7C, 0x6A, 0x5F, 0x61 ; file 0F1775
db 0x63, 0x58, 0x51, 0x55, 0x51, 0x4B, 0x5B, 0x77, 0x80, 0x83, 0x8F, 0x8F, 0x84, 0x7C, 0x73, 0x61 ; file 0F1785
db 0x5E, 0x74, 0x8E, 0x9A, 0x8F, 0x8B, 0x85, 0x7E, 0x71, 0x69, 0x64, 0x5C, 0x51, 0x56, 0x6A, 0x79 ; file 0F1795
db 0x88, 0xA0, 0xAD, 0xB4, 0xB4, 0xA8, 0x8A, 0x7A, 0x7B, 0x84, 0x9F, 0xB8, 0xB9, 0xA9, 0x88, 0x68 ; file 0F17A5
db 0x62, 0x64, 0x66, 0x69, 0x71, 0x73, 0x6B, 0x67, 0x65, 0x67, 0x73, 0x99, 0xC3, 0xD5, 0xBE, 0xAC ; file 0F17B5
db 0x95, 0x7E, 0x72, 0x70, 0x70, 0x76, 0x73, 0x75, 0x83, 0x8E, 0x8F, 0x99, 0xA4, 0xA9, 0xA8, 0x9F ; file 0F17C5
db 0x8B, 0x71, 0x5F, 0x5D, 0x63, 0x5C, 0x52, 0x53, 0x53, 0x4C, 0x53, 0x6D, 0x7B, 0x80, 0x8C, 0x92 ; file 0F17D5
db 0x86, 0x7F, 0x76, 0x66, 0x5A, 0x68, 0x83, 0x9C, 0x96, 0x8C, 0x8B, 0x81, 0x74, 0x6F, 0x68, 0x5F ; file 0F17E5
db 0x55, 0x54, 0x60, 0x70, 0x81, 0x95, 0xAA, 0xB5, 0xB7, 0xB2, 0x99, 0x7D, 0x76, 0x7C, 0x91, 0xAE ; file 0F17F5
db 0xB9, 0xB1, 0x98, 0x75, 0x65, 0x67, 0x63, 0x68, 0x74, 0x77, 0x6D, 0x69, 0x61, 0x5E, 0x66, 0x83 ; file 0F1805
db 0xAF, 0xD7, 0xCF, 0xB4, 0xA4, 0x88, 0x72, 0x71, 0x71, 0x73, 0x77, 0x79, 0x7F, 0x88, 0x8C, 0x8F ; file 0F1815
db 0x9D, 0xA7, 0xAC, 0xA8, 0x9A, 0x7E, 0x63, 0x5A, 0x60, 0x5E, 0x55, 0x52, 0x53, 0x4E, 0x4E, 0x65 ; file 0F1825
db 0x73, 0x7B, 0x88, 0x93, 0x8A, 0x81, 0x79, 0x6B, 0x5C, 0x5F, 0x76, 0x95, 0x9E, 0x8E, 0x8E, 0x87 ; file 0F1835
db 0x76, 0x71, 0x70, 0x62, 0x58, 0x54, 0x5A, 0x66, 0x78, 0x8D, 0xA2, 0xB3, 0xBC, 0xB8, 0xA8, 0x89 ; file 0F1845
db 0x75, 0x74, 0x84, 0xA1, 0xB5, 0xB4, 0xA4, 0x85, 0x6B, 0x6A, 0x64, 0x64, 0x71, 0x7D, 0x71, 0x6A ; file 0F1855
db 0x64, 0x59, 0x5A, 0x73, 0x98, 0xC8, 0xDD, 0xC1, 0xAC, 0x9A, 0x78, 0x6D, 0x75, 0x72, 0x76, 0x7C ; file 0F1865
db 0x82, 0x83, 0x87, 0x89, 0x92, 0xA1, 0xAC, 0xAC, 0xA5, 0x8F, 0x6E, 0x59, 0x5D, 0x5E, 0x57, 0x52 ; file 0F1875
db 0x52, 0x4E, 0x4C, 0x5D, 0x6E, 0x73, 0x80, 0x92, 0x8E, 0x83, 0x7B, 0x70, 0x5E, 0x5C, 0x6B, 0x88 ; file 0F1885
db 0xA0, 0x96, 0x8D, 0x8E, 0x7C, 0x6F, 0x75, 0x6A, 0x5B, 0x55, 0x5A, 0x5F, 0x6D, 0x83, 0x99, 0xAC ; file 0F1895
db 0xBC, 0xBD, 0xB1, 0x98, 0x7C, 0x6F, 0x7A, 0x94, 0xAB, 0xB3, 0xAA, 0x93, 0x77, 0x6E, 0x6A, 0x61 ; file 0F18A5
db 0x6C, 0x80, 0x79, 0x6C, 0x66, 0x5B, 0x50, 0x63, 0x85, 0xAF, 0xD9, 0xD2, 0xB5, 0xA5, 0x89, 0x6D ; file 0F18B5
db 0x73, 0x75, 0x74, 0x7B, 0x86, 0x85, 0x82, 0x84, 0x8A, 0x96, 0xA7, 0xAF, 0xAB, 0x9E, 0x7F, 0x5F ; file 0F18C5
db 0x59, 0x5D, 0x58, 0x54, 0x53, 0x50, 0x4B, 0x57, 0x6B, 0x6E, 0x77, 0x8C, 0x93, 0x86, 0x7E, 0x74 ; file 0F18D5
db 0x63, 0x5B, 0x65, 0x7A, 0x99, 0x9D, 0x91, 0x8E, 0x87, 0x71, 0x73, 0x73, 0x61, 0x56, 0x5A, 0x5F ; file 0F18E5
db 0x63, 0x78, 0x92, 0xA3, 0xB7, 0xC1, 0xB9, 0xA4, 0x8A, 0x73, 0x71, 0x87, 0xA0, 0xAD, 0xAC, 0x9D ; file 0F18F5
db 0x84, 0x74, 0x70, 0x65, 0x65, 0x7B, 0x83, 0x70, 0x69, 0x5F, 0x4F, 0x53, 0x74, 0x98, 0xC6, 0xDA ; file 0F1905
db 0xC6, 0xAC, 0x9A, 0x77, 0x6D, 0x77, 0x75, 0x77, 0x86, 0x8C, 0x82, 0x7F, 0x84, 0x8D, 0x9D, 0xAD ; file 0F1915
db 0xAF, 0xA8, 0x92, 0x6E, 0x59, 0x5B, 0x59, 0x54, 0x55, 0x51, 0x4B, 0x51, 0x67, 0x6C, 0x6E, 0x82 ; file 0F1925
db 0x93, 0x8A, 0x81, 0x78, 0x69, 0x5B, 0x61, 0x70, 0x8B, 0x9D, 0x97, 0x90, 0x8D, 0x7A, 0x70, 0x77 ; file 0F1935
db 0x6B, 0x59, 0x58, 0x60, 0x60, 0x6B, 0x86, 0x9C, 0xAD, 0xBF, 0xC0, 0xAD, 0x97, 0x7E, 0x6D, 0x7A ; file 0F1945
db 0x96, 0xA5, 0xAA, 0xA2, 0x8E, 0x7E, 0x77, 0x6C, 0x64, 0x71, 0x85, 0x7A, 0x6C, 0x63, 0x55, 0x49 ; file 0F1955
db 0x62, 0x86, 0xAF, 0xD2, 0xD2, 0xBA, 0xA4, 0x89, 0x6F, 0x72, 0x79, 0x76, 0x80, 0x90, 0x8A, 0x7D ; file 0F1965
db 0x7E, 0x86, 0x90, 0xA5, 0xAF, 0xAE, 0xA0, 0x80, 0x61, 0x5A, 0x59, 0x54, 0x55, 0x54, 0x4C, 0x4C ; file 0F1975
db 0x61, 0x6C, 0x6B, 0x77, 0x8E, 0x8E, 0x84, 0x7B, 0x6F, 0x5E, 0x5D, 0x6B, 0x7F, 0x95, 0x99, 0x95 ; file 0F1985
db 0x8E, 0x83, 0x72, 0x74, 0x74, 0x62, 0x57, 0x5F, 0x62, 0x63, 0x78, 0x93, 0xA4, 0xB8, 0xC2, 0xB7 ; file 0F1995
db 0xA0, 0x8B, 0x74, 0x71, 0x8A, 0x9C, 0xA4, 0xA3, 0x95, 0x86, 0x7F, 0x74, 0x69, 0x6A, 0x81, 0x82 ; file 0F19A5
db 0x73, 0x66, 0x5B, 0x4A, 0x51, 0x75, 0x9B, 0xC0, 0xD1, 0xCA, 0xAF, 0x97, 0x7B, 0x6F, 0x76, 0x79 ; file 0F19B5
db 0x7A, 0x8D, 0x93, 0x83, 0x78, 0x80, 0x88, 0x99, 0xAB, 0xB1, 0xA9, 0x92, 0x70, 0x5C, 0x58, 0x53 ; file 0F19C5
db 0x53, 0x56, 0x4F, 0x4A, 0x59, 0x6C, 0x6A, 0x6D, 0x83, 0x8F, 0x87, 0x7F, 0x74, 0x63, 0x5B, 0x67 ; file 0F19D5
db 0x77, 0x8C, 0x96, 0x99, 0x93, 0x88, 0x79, 0x73, 0x75, 0x6C, 0x5A, 0x5C, 0x63, 0x62, 0x6B, 0x87 ; file 0F19E5
db 0x9D, 0xAF, 0xC0, 0xBF, 0xAA, 0x96, 0x80, 0x70, 0x7D, 0x94, 0x9D, 0x9F, 0x99, 0x8B, 0x86, 0x7F ; file 0F19F5
db 0x6F, 0x6A, 0x78, 0x85, 0x7C, 0x6D, 0x5F, 0x4E, 0x48, 0x61, 0x88, 0xAE, 0xC5, 0xD0, 0xC0, 0xA3 ; file 0F1A05
db 0x89, 0x76, 0x72, 0x7A, 0x7A, 0x85, 0x96, 0x8E, 0x7A, 0x79, 0x82, 0x8D, 0xA1, 0xAF, 0xAF, 0x9F ; file 0F1A15
db 0x81, 0x67, 0x5A, 0x53, 0x51, 0x55, 0x54, 0x4A, 0x51, 0x68, 0x6C, 0x69, 0x78, 0x8B, 0x89, 0x83 ; file 0F1A25
db 0x78, 0x68, 0x5C, 0x62, 0x71, 0x84, 0x8F, 0x96, 0x99, 0x8F, 0x7E, 0x76, 0x74, 0x71, 0x63, 0x5B ; file 0F1A35
db 0x62, 0x64, 0x66, 0x78, 0x93, 0xA7, 0xB8, 0xC1, 0xB4, 0x9D, 0x8C, 0x78, 0x76, 0x8A, 0x97, 0x9A ; file 0F1A45
db 0x98, 0x8E, 0x89, 0x89, 0x78, 0x6C, 0x72, 0x82, 0x80, 0x76, 0x65, 0x54, 0x48, 0x53, 0x73, 0x9D ; file 0F1A55
db 0xB6, 0xC7, 0xCB, 0xB3, 0x94, 0x82, 0x75, 0x75, 0x7C, 0x80, 0x92, 0x96, 0x84, 0x76, 0x7B, 0x86 ; file 0F1A65
db 0x95, 0xA7, 0xB0, 0xA8, 0x91, 0x75, 0x62, 0x55, 0x4F, 0x51, 0x55, 0x4E, 0x4B, 0x61, 0x6D, 0x69 ; file 0F1A75
db 0x6F, 0x82, 0x88, 0x85, 0x7C, 0x6E, 0x5E, 0x5E, 0x6C, 0x7E, 0x8B, 0x8E, 0x99, 0x97, 0x83, 0x79 ; file 0F1A85
db 0x78, 0x71, 0x6B, 0x5F, 0x60, 0x65, 0x66, 0x6E, 0x86, 0x9E, 0xB0, 0xBE, 0xBC, 0xA8, 0x95, 0x84 ; file 0F1A95
db 0x78, 0x81, 0x91, 0x95, 0x94, 0x8E, 0x89, 0x8E, 0x84, 0x72, 0x71, 0x7E, 0x81, 0x7D, 0x6E, 0x5B ; file 0F1AA5
db 0x4A, 0x4C, 0x62, 0x89, 0xAB, 0xB7, 0xC8, 0xC3, 0xA3, 0x8A, 0x80, 0x73, 0x79, 0x80, 0x8C, 0x98 ; file 0F1AB5
db 0x90, 0x7C, 0x76, 0x7F, 0x8D, 0x9C, 0xAC, 0xAE, 0x9C, 0x83, 0x6F, 0x5C, 0x4F, 0x4E, 0x54, 0x51 ; file 0F1AC5
db 0x4A, 0x58, 0x6B, 0x6A, 0x6A, 0x7A, 0x84, 0x84, 0x80, 0x74, 0x62, 0x5C, 0x67, 0x77, 0x88, 0x88 ; file 0F1AD5
db 0x92, 0x9B, 0x8D, 0x7A, 0x7B, 0x74, 0x6D, 0x65, 0x61, 0x64, 0x66, 0x6C, 0x7A, 0x92, 0xAA, 0xB7 ; file 0F1AE5
db 0xBE, 0xB1, 0x9D, 0x8D, 0x7F, 0x7E, 0x8A, 0x91, 0x90, 0x8B, 0x87, 0x8D, 0x8F, 0x7D, 0x72, 0x7C ; file 0F1AF5
db 0x80, 0x7E, 0x78, 0x64, 0x4E, 0x49, 0x58, 0x75, 0x9E, 0xAC, 0xBA, 0xC8, 0xB6, 0x92, 0x89, 0x7B ; file 0F1B05
db 0x75, 0x7E, 0x8A, 0x95, 0x97, 0x87, 0x78, 0x78, 0x85, 0x93, 0xA3, 0xAE, 0xA6, 0x8F, 0x7C, 0x69 ; file 0F1B15
db 0x53, 0x4C, 0x51, 0x52, 0x4C, 0x51, 0x67, 0x6C, 0x69, 0x73, 0x7F, 0x81, 0x81, 0x7A, 0x68, 0x5C ; file 0F1B25
db 0x63, 0x71, 0x84, 0x87, 0x88, 0x97, 0x97, 0x80, 0x7B, 0x7B, 0x6E, 0x68, 0x66, 0x65, 0x66, 0x6A ; file 0F1B35
db 0x74, 0x85, 0x9F, 0xB2, 0xBA, 0xB6, 0xA6, 0x94, 0x87, 0x82, 0x86, 0x8C, 0x8D, 0x88, 0x84, 0x89 ; file 0F1B45
db 0x93, 0x89, 0x79, 0x7B, 0x82, 0x7C, 0x7C, 0x6F, 0x56, 0x48, 0x53, 0x66, 0x8A, 0xA4, 0xAC, 0xBE ; file 0F1B55
db 0xC3, 0xA4, 0x8E, 0x88, 0x78, 0x78, 0x87, 0x92, 0x96, 0x90, 0x7F, 0x74, 0x7B, 0x8B, 0x97, 0xA7 ; file 0F1B65
db 0xAA, 0x99, 0x86, 0x77, 0x5E, 0x4C, 0x4D, 0x52, 0x4E, 0x4E, 0x60, 0x6B, 0x69, 0x6E, 0x7B, 0x7C ; file 0F1B75
db 0x7F, 0x7D, 0x70, 0x5F, 0x60, 0x6D, 0x7E, 0x88, 0x83, 0x8D, 0x99, 0x8C, 0x7B, 0x7F, 0x75, 0x69 ; file 0F1B85
db 0x69, 0x69, 0x66, 0x69, 0x72, 0x7D, 0x90, 0xA9, 0xB5, 0xB5, 0xAC, 0x9D, 0x8D, 0x88, 0x88, 0x87 ; file 0F1B95
db 0x89, 0x85, 0x80, 0x84, 0x92, 0x92, 0x83, 0x7D, 0x85, 0x7D, 0x7B, 0x77, 0x63, 0x4B, 0x4E, 0x5F ; file 0F1BA5
db 0x77, 0x97, 0xA2, 0xAE, 0xC0, 0xB6, 0x97, 0x8F, 0x84, 0x77, 0x7F, 0x92, 0x95, 0x93, 0x88, 0x7A ; file 0F1BB5
db 0x74, 0x82, 0x90, 0x9D, 0xA8, 0xA1, 0x8E, 0x82, 0x6E, 0x53, 0x4B, 0x50, 0x4F, 0x4D, 0x5A, 0x69 ; file 0F1BC5
db 0x69, 0x6B, 0x77, 0x7A, 0x7A, 0x7D, 0x76, 0x64, 0x5E, 0x69, 0x78, 0x87, 0x84, 0x85, 0x93, 0x93 ; file 0F1BD5
db 0x81, 0x7E, 0x7C, 0x6D, 0x66, 0x6D, 0x69, 0x67, 0x6F, 0x7B, 0x84, 0x9D, 0xB0, 0xB3, 0xAD, 0xA4 ; file 0F1BE5
db 0x95, 0x8C, 0x8E, 0x8A, 0x85, 0x83, 0x7C, 0x7C, 0x8B, 0x95, 0x8D, 0x83, 0x86, 0x84, 0x79, 0x79 ; file 0F1BF5
db 0x6E, 0x54, 0x4B, 0x59, 0x6C, 0x88, 0x99, 0xA2, 0xB2, 0xBC, 0xA7, 0x94, 0x8E, 0x80, 0x79, 0x8D ; file 0F1C05
db 0x97, 0x93, 0x8E, 0x83, 0x76, 0x79, 0x88, 0x94, 0xA0, 0xA3, 0x95, 0x89, 0x7D, 0x62, 0x4D, 0x4D ; file 0F1C15
db 0x4F, 0x4C, 0x55, 0x67, 0x69, 0x69, 0x73, 0x7A, 0x75, 0x79, 0x78, 0x6B, 0x5E, 0x65, 0x73, 0x84 ; file 0F1C25
db 0x86, 0x82, 0x8A, 0x93, 0x89, 0x7F, 0x7F, 0x75, 0x66, 0x6B, 0x70, 0x69, 0x6C, 0x79, 0x81, 0x90 ; file 0F1C35
db 0xA7, 0xB2, 0xAC, 0xA6, 0x9D, 0x90, 0x92, 0x92, 0x86, 0x80, 0x7B, 0x75, 0x81, 0x93, 0x92, 0x8B ; file 0F1C45
db 0x8A, 0x8A, 0x7C, 0x77, 0x74, 0x61, 0x4C, 0x54, 0x66, 0x7C, 0x8E, 0x99, 0xA4, 0xB4, 0xB2, 0xA0 ; file 0F1C55
db 0x93, 0x8C, 0x7D, 0x83, 0x97, 0x96, 0x8E, 0x89, 0x7E, 0x75, 0x7F, 0x8D, 0x97, 0x9F, 0x99, 0x8F ; file 0F1C65
db 0x87, 0x72, 0x56, 0x4B, 0x4D, 0x4B, 0x50, 0x64, 0x69, 0x67, 0x6F, 0x79, 0x74, 0x73, 0x77, 0x70 ; file 0F1C75
db 0x61, 0x62, 0x6F, 0x80, 0x87, 0x82, 0x84, 0x8D, 0x8C, 0x85, 0x81, 0x7B, 0x6D, 0x67, 0x72, 0x6F ; file 0F1C85
db 0x6B, 0x75, 0x80, 0x88, 0x9B, 0xAD, 0xAC, 0xA5, 0xA1, 0x96, 0x92, 0x99, 0x8F, 0x7F, 0x78, 0x71 ; file 0F1C95
db 0x76, 0x8C, 0x94, 0x91, 0x90, 0x90, 0x83, 0x78, 0x73, 0x6A, 0x54, 0x51, 0x61, 0x75, 0x84, 0x8E ; file 0F1CA5
db 0x9A, 0xA6, 0xB0, 0xAC, 0x9D, 0x92, 0x89, 0x80, 0x90, 0x9A, 0x90, 0x8B, 0x86, 0x7A, 0x79, 0x85 ; file 0F1CB5
db 0x91, 0x97, 0x99, 0x92, 0x8D, 0x80, 0x66, 0x50, 0x4C, 0x4A, 0x4C, 0x5E, 0x6A, 0x66, 0x6A, 0x78 ; file 0F1CC5
db 0x75, 0x6F, 0x71, 0x71, 0x65, 0x61, 0x6C, 0x7B, 0x87, 0x83, 0x82, 0x87, 0x89, 0x87, 0x86, 0x7E ; file 0F1CD5
db 0x74, 0x68, 0x6E, 0x75, 0x6E, 0x71, 0x7F, 0x86, 0x91, 0xA3, 0xAB, 0xA3, 0xA0, 0x9B, 0x95, 0x9A ; file 0F1CE5
db 0x99, 0x86, 0x76, 0x6F, 0x6E, 0x80, 0x92, 0x93, 0x94, 0x97, 0x8C, 0x7D, 0x73, 0x6D, 0x5E, 0x53 ; file 0F1CF5
db 0x5C, 0x6E, 0x80, 0x83, 0x8F, 0x9A, 0xA4, 0xAD, 0xAA, 0x99, 0x91, 0x86, 0x89, 0x99, 0x95, 0x8A ; file 0F1D05
db 0x89, 0x82, 0x79, 0x7D, 0x8A, 0x91, 0x94, 0x92, 0x91, 0x8A, 0x75, 0x5D, 0x4E, 0x4A, 0x48, 0x57 ; file 0F1D15
db 0x6A, 0x68, 0x66, 0x74, 0x78, 0x6F, 0x6D, 0x6F, 0x68, 0x62, 0x69, 0x76, 0x86, 0x84, 0x81, 0x84 ; file 0F1D25
db 0x85, 0x84, 0x8A, 0x83, 0x78, 0x6E, 0x6C, 0x74, 0x75, 0x71, 0x7B, 0x85, 0x8D, 0x98, 0xA5, 0xA3 ; file 0F1D35
db 0x9D, 0x9C, 0x99, 0x9B, 0xA0, 0x91, 0x7A, 0x6D, 0x69, 0x75, 0x8A, 0x92, 0x95, 0x9D, 0x96, 0x83 ; file 0F1D45
db 0x77, 0x6E, 0x63, 0x59, 0x5B, 0x68, 0x7C, 0x7E, 0x82, 0x91, 0x99, 0xA2, 0xAF, 0xA6, 0x97, 0x90 ; file 0F1D55
db 0x8B, 0x92, 0x99, 0x8D, 0x88, 0x87, 0x80, 0x7A, 0x81, 0x8C, 0x8E, 0x8E, 0x90, 0x90, 0x81, 0x6B ; file 0F1D65
db 0x57, 0x4B, 0x47, 0x50, 0x66, 0x6B, 0x65, 0x6E, 0x79, 0x71, 0x6C, 0x6B, 0x68, 0x62, 0x67, 0x72 ; file 0F1D75
db 0x82, 0x86, 0x81, 0x82, 0x83, 0x7F, 0x87, 0x8B, 0x7D, 0x72, 0x6E, 0x72, 0x77, 0x75, 0x78, 0x83 ; file 0F1D85
db 0x8C, 0x92, 0x9D, 0xA1, 0x9B, 0x99, 0x9A, 0x9D, 0xA2, 0x9C, 0x86, 0x6E, 0x65, 0x6B, 0x80, 0x8D ; file 0F1D95
db 0x93, 0x9E, 0xA1, 0x8D, 0x7E, 0x70, 0x65, 0x5C, 0x5D, 0x65, 0x77, 0x7F, 0x7A, 0x85, 0x91, 0x95 ; file 0F1DA5
db 0xA6, 0xB1, 0xA1, 0x95, 0x93, 0x91, 0x96, 0x93, 0x88, 0x88, 0x86, 0x7F, 0x7C, 0x85, 0x8B, 0x87 ; file 0F1DB5
db 0x8B, 0x92, 0x89, 0x77, 0x64, 0x52, 0x46, 0x49, 0x5F, 0x6C, 0x67, 0x6A, 0x77, 0x74, 0x6C, 0x68 ; file 0F1DC5
db 0x65, 0x61, 0x65, 0x70, 0x7E, 0x88, 0x81, 0x82, 0x83, 0x7C, 0x7E, 0x8C, 0x85, 0x75, 0x70, 0x71 ; file 0F1DD5
db 0x74, 0x79, 0x7A, 0x80, 0x8A, 0x93, 0x97, 0x9C, 0x9A, 0x97, 0x97, 0x9D, 0xA5, 0xA3, 0x93, 0x78 ; file 0F1DE5
db 0x63, 0x63, 0x75, 0x85, 0x8F, 0x9B, 0xA7, 0x9A, 0x86, 0x77, 0x67, 0x5C, 0x5F, 0x66, 0x73, 0x80 ; file 0F1DF5
db 0x7A, 0x7A, 0x87, 0x8C, 0x95, 0xAE, 0xAE, 0x9D, 0x98, 0x99, 0x94, 0x95, 0x8D, 0x87, 0x88, 0x87 ; file 0F1E05
db 0x7F, 0x7F, 0x86, 0x84, 0x82, 0x8E, 0x8F, 0x80, 0x70, 0x5F, 0x4B, 0x44, 0x56, 0x69, 0x69, 0x68 ; file 0F1E15
db 0x73, 0x76, 0x6E, 0x68, 0x63, 0x5D, 0x61, 0x6E, 0x7B, 0x88, 0x83, 0x81, 0x83, 0x7D, 0x77, 0x85 ; file 0F1E25
db 0x8B, 0x7C, 0x70, 0x74, 0x74, 0x78, 0x7E, 0x81, 0x87, 0x92, 0x96, 0x96, 0x96, 0x95, 0x93, 0x9A ; file 0F1E35
db 0xA6, 0xA8, 0x9D, 0x85, 0x68, 0x5D, 0x6B, 0x7C, 0x87, 0x95, 0xA7, 0xA5, 0x90, 0x7E, 0x6E, 0x5C ; file 0F1E45
db 0x5E, 0x69, 0x71, 0x7E, 0x7C, 0x75, 0x7B, 0x84, 0x88, 0x9F, 0xB3, 0xAA, 0x9C, 0xA0, 0x9A, 0x92 ; file 0F1E55
db 0x90, 0x89, 0x86, 0x8A, 0x86, 0x7E, 0x80, 0x81, 0x7C, 0x85, 0x90, 0x87, 0x79, 0x6C, 0x56, 0x44 ; file 0F1E65
db 0x4E, 0x65, 0x6A, 0x68, 0x6F, 0x76, 0x70, 0x69, 0x62, 0x5A, 0x5C, 0x6A, 0x78, 0x86, 0x86, 0x81 ; file 0F1E75
db 0x83, 0x80, 0x75, 0x7C, 0x8A, 0x84, 0x74, 0x74, 0x78, 0x75, 0x7D, 0x85, 0x86, 0x90, 0x97, 0x95 ; file 0F1E85
db 0x90, 0x91, 0x91, 0x94, 0xA3, 0xAC, 0xA4, 0x92, 0x75, 0x5C, 0x61, 0x74, 0x7E, 0x8D, 0xA2, 0xAC ; file 0F1E95
db 0x9C, 0x88, 0x76, 0x61, 0x59, 0x68, 0x73, 0x7D, 0x7E, 0x77, 0x73, 0x7B, 0x7F, 0x8D, 0xA9, 0xB4 ; file 0F1EA5
db 0xA6, 0xA2, 0xA5, 0x97, 0x8F, 0x8D, 0x87, 0x89, 0x8D, 0x84, 0x7E, 0x7E, 0x7A, 0x7B, 0x8A, 0x8B ; file 0F1EB5
db 0x7F, 0x76, 0x65, 0x4C, 0x48, 0x5E, 0x69, 0x68, 0x6E, 0x75, 0x71, 0x6B, 0x64, 0x5A, 0x55, 0x63 ; file 0F1EC5
db 0x74, 0x84, 0x88, 0x81, 0x82, 0x82, 0x77, 0x74, 0x82, 0x88, 0x7B, 0x73, 0x7A, 0x77, 0x79, 0x86 ; file 0F1ED5
db 0x8A, 0x8D, 0x97, 0x99, 0x8E, 0x8B, 0x8E, 0x8F, 0x9C, 0xAD, 0xAB, 0x9B, 0x83, 0x65, 0x5A, 0x6C ; file 0F1EE5
db 0x77, 0x82, 0x9A, 0xAD, 0xA6, 0x94, 0x7F, 0x69, 0x57, 0x62, 0x73, 0x7F, 0x81, 0x78, 0x72, 0x72 ; file 0F1EF5
db 0x76, 0x80, 0x98, 0xB0, 0xB2, 0xA7, 0xAA, 0xA2, 0x90, 0x8C, 0x8B, 0x87, 0x8D, 0x8C, 0x81, 0x7B ; file 0F1F05
db 0x77, 0x75, 0x80, 0x8A, 0x85, 0x7C, 0x71, 0x5A, 0x48, 0x56, 0x65, 0x67, 0x6B, 0x75, 0x71, 0x6C ; file 0F1F15
db 0x66, 0x5C, 0x51, 0x5A, 0x6E, 0x81, 0x89, 0x83, 0x81, 0x82, 0x7A, 0x72, 0x7A, 0x84, 0x82, 0x77 ; file 0F1F25
db 0x79, 0x7C, 0x78, 0x82, 0x8F, 0x8E, 0x95, 0x9B, 0x92, 0x85, 0x88, 0x8C, 0x93, 0xA8, 0xB0, 0xA3 ; file 0F1F35
db 0x8F, 0x72, 0x5C, 0x62, 0x70, 0x79, 0x8D, 0xA8, 0xAB, 0x9F, 0x8B, 0x73, 0x5C, 0x5B, 0x6F, 0x80 ; file 0F1F45
db 0x84, 0x7B, 0x74, 0x6F, 0x6E, 0x75, 0x88, 0xA1, 0xB5, 0xB1, 0xAD, 0xAC, 0x99, 0x8A, 0x8D, 0x89 ; file 0F1F55
db 0x8A, 0x90, 0x8A, 0x7D, 0x74, 0x71, 0x77, 0x83, 0x86, 0x81, 0x7A, 0x69, 0x51, 0x50, 0x61, 0x65 ; file 0F1F65
db 0x68, 0x73, 0x73, 0x6C, 0x68, 0x60, 0x51, 0x51, 0x65, 0x7B, 0x8A, 0x85, 0x81, 0x83, 0x7D, 0x72 ; file 0F1F75
db 0x75, 0x7D, 0x81, 0x7C, 0x79, 0x7D, 0x7C, 0x7D, 0x8D, 0x92, 0x93, 0x9A, 0x97, 0x87, 0x81, 0x87 ; file 0F1F85
db 0x8E, 0x9F, 0xB0, 0xAC, 0x98, 0x80, 0x65, 0x5D, 0x69, 0x72, 0x80, 0x9E, 0xAC, 0xA6, 0x98, 0x7F ; file 0F1F95
db 0x65, 0x5A, 0x67, 0x7D, 0x8A, 0x7F, 0x75, 0x70, 0x69, 0x6A, 0x7B, 0x91, 0xAB, 0xB8, 0xB5, 0xB1 ; file 0F1FA5
db 0xA7, 0x8F, 0x89, 0x8C, 0x89, 0x8E, 0x90, 0x85, 0x74, 0x6D, 0x71, 0x7B, 0x82, 0x83, 0x80, 0x75 ; file 0F1FB5
db 0x5F, 0x53, 0x5D, 0x63, 0x65, 0x70, 0x76, 0x6D, 0x68, 0x63, 0x55, 0x4D, 0x5B, 0x73, 0x87, 0x89 ; file 0F1FC5
db 0x82, 0x82, 0x80, 0x74, 0x73, 0x78, 0x7C, 0x7E, 0x7E, 0x7D, 0x7F, 0x7E, 0x87, 0x94, 0x96, 0x98 ; file 0F1FD5
db 0x99, 0x8D, 0x7E, 0x7F, 0x88, 0x97, 0xAA, 0xAF, 0xA2, 0x8A, 0x72, 0x61, 0x64, 0x6C, 0x77, 0x90 ; file 0F1FE5
db 0xA8, 0xA8, 0xA1, 0x8E, 0x71, 0x5E, 0x62, 0x75, 0x8A, 0x87, 0x78, 0x70, 0x6A, 0x62, 0x6E, 0x84 ; file 0F1FF5
db 0x9A, 0xB3, 0xBE, 0xB8, 0xAF, 0x9C, 0x88, 0x89, 0x8C, 0x8C, 0x90, 0x8D, 0x7C, 0x6B, 0x6B, 0x74 ; file 0F2005
db 0x7B, 0x80, 0x83, 0x7D, 0x6D, 0x5C, 0x5D, 0x61, 0x62, 0x6B, 0x77, 0x70, 0x68, 0x64, 0x5A, 0x4D ; file 0F2015
db 0x53, 0x68, 0x81, 0x8B, 0x84, 0x82, 0x82, 0x78, 0x72, 0x76, 0x77, 0x7A, 0x7F, 0x81, 0x7F, 0x81 ; file 0F2025
db 0x84, 0x90, 0x99, 0x9A, 0x99, 0x92, 0x82, 0x79, 0x7F, 0x8F, 0xA2, 0xAE, 0xA9, 0x94, 0x7C, 0x6A ; file 0F2035
db 0x64, 0x66, 0x6E, 0x82, 0x9F, 0xA7, 0xA5, 0x99, 0x7F, 0x64, 0x61, 0x6E, 0x85, 0x8F, 0x7E, 0x72 ; file 0F2045
db 0x6D, 0x61, 0x62, 0x78, 0x8B, 0xA3, 0xBC, 0xC2, 0xB6, 0xA8, 0x92, 0x87, 0x8B, 0x8D, 0x8E, 0x91 ; file 0F2055
db 0x86, 0x70, 0x65, 0x6E, 0x74, 0x79, 0x80, 0x82, 0x76, 0x66, 0x62, 0x62, 0x5F, 0x65, 0x74, 0x74 ; file 0F2065
db 0x6A, 0x64, 0x5E, 0x50, 0x4D, 0x5D, 0x77, 0x8A, 0x87, 0x82, 0x83, 0x7B, 0x71, 0x75, 0x75, 0x74 ; file 0F2075
db 0x7B, 0x84, 0x81, 0x81, 0x85, 0x8D, 0x97, 0x9F, 0x9C, 0x96, 0x88, 0x7A, 0x77, 0x85, 0x9B, 0xA9 ; file 0F2085
db 0xAB, 0x9E, 0x86, 0x72, 0x6A, 0x65, 0x67, 0x76, 0x92, 0xA3, 0xA5, 0xA0, 0x8E, 0x70, 0x63, 0x6A ; file 0F2095
db 0x7C, 0x90, 0x88, 0x77, 0x6F, 0x65, 0x5B, 0x69, 0x7F, 0x93, 0xAE, 0xC6, 0xC2, 0xB0, 0x9F, 0x8B ; file 0F20A5
db 0x87, 0x8F, 0x8F, 0x91, 0x8F, 0x7B, 0x65, 0x67, 0x70, 0x72, 0x7A, 0x82, 0x7D, 0x6F, 0x69, 0x67 ; file 0F20B5
db 0x5F, 0x60, 0x6E, 0x76, 0x6E, 0x65, 0x60, 0x54, 0x4C, 0x55, 0x6A, 0x84, 0x89, 0x84, 0x83, 0x7F ; file 0F20C5
db 0x73, 0x73, 0x76, 0x72, 0x73, 0x81, 0x87, 0x81, 0x85, 0x8C, 0x93, 0x9F, 0xA0, 0x99, 0x8D, 0x7F ; file 0F20D5
db 0x75, 0x7B, 0x91, 0xA3, 0xAA, 0xA4, 0x91, 0x7A, 0x70, 0x6B, 0x63, 0x6C, 0x85, 0x9B, 0xA2, 0xA3 ; file 0F20E5
db 0x99, 0x7F, 0x68, 0x6A, 0x75, 0x8A, 0x8F, 0x7F, 0x71, 0x69, 0x5C, 0x5D, 0x72, 0x86, 0x9C, 0xBD ; file 0F20F5
db 0xCC, 0xBB, 0xA8, 0x97, 0x87, 0x8A, 0x91, 0x8F, 0x91, 0x87, 0x6E, 0x62, 0x6B, 0x6F, 0x72, 0x7E ; file 0F2105
db 0x82, 0x77, 0x6F, 0x70, 0x65, 0x5D, 0x67, 0x74, 0x71, 0x68, 0x61, 0x58, 0x4D, 0x51, 0x60, 0x79 ; file 0F2115
db 0x88, 0x85, 0x84, 0x82, 0x77, 0x72, 0x76, 0x73, 0x6F, 0x79, 0x88, 0x86, 0x83, 0x8D, 0x92, 0x9A ; file 0F2125
db 0xA4, 0x9E, 0x91, 0x84, 0x78, 0x73, 0x84, 0x9D, 0xA6, 0xA6, 0x9A, 0x83, 0x76, 0x73, 0x67, 0x65 ; file 0F2135
db 0x78, 0x91, 0x9B, 0xA2, 0x9E, 0x8D, 0x73, 0x6B, 0x72, 0x82, 0x90, 0x88, 0x78, 0x6C, 0x60, 0x59 ; file 0F2145
db 0x65, 0x7A, 0x8D, 0xAA, 0xCA, 0xC9, 0xB1, 0xA1, 0x90, 0x86, 0x8F, 0x91, 0x90, 0x8D, 0x7A, 0x64 ; file 0F2155
db 0x64, 0x6B, 0x6C, 0x75, 0x81, 0x7D, 0x74, 0x77, 0x70, 0x5F, 0x61, 0x70, 0x72, 0x6B, 0x63, 0x5A ; file 0F2165
db 0x4F, 0x4E, 0x59, 0x6D, 0x82, 0x85, 0x85, 0x84, 0x7B, 0x72, 0x75, 0x74, 0x6E, 0x70, 0x82, 0x8B ; file 0F2175
db 0x85, 0x8A, 0x93, 0x96, 0xA2, 0xA5, 0x97, 0x88, 0x7D, 0x73, 0x78, 0x92, 0xA3, 0xA4, 0x9F, 0x8E ; file 0F2185
db 0x7B, 0x78, 0x71, 0x64, 0x6C, 0x87, 0x95, 0x9C, 0x9F, 0x96, 0x7F, 0x6F, 0x72, 0x7D, 0x8C, 0x8C ; file 0F2195
db 0x81, 0x71, 0x64, 0x59, 0x5C, 0x6C, 0x81, 0x97, 0xBA, 0xD1, 0xC1, 0xA9, 0x9C, 0x8B, 0x8A, 0x92 ; file 0F21A5
db 0x91, 0x8E, 0x84, 0x6E, 0x62, 0x66, 0x69, 0x6C, 0x7A, 0x80, 0x78, 0x7A, 0x7B, 0x69, 0x5E, 0x6A ; file 0F21B5
db 0x72, 0x6D, 0x67, 0x5E, 0x51, 0x4D, 0x55, 0x64, 0x79, 0x83, 0x85, 0x85, 0x7F, 0x73, 0x73, 0x75 ; file 0F21C5
db 0x70, 0x6B, 0x77, 0x89, 0x8A, 0x88, 0x92, 0x97, 0x9E, 0xA7, 0xA0, 0x8D, 0x80, 0x77, 0x72, 0x84 ; file 0F21D5
db 0x9C, 0xA2, 0x9F, 0x95, 0x83, 0x7A, 0x7A, 0x6B, 0x65, 0x7A, 0x8F, 0x95, 0x9D, 0x9B, 0x8A, 0x78 ; file 0F21E5
db 0x75, 0x7C, 0x88, 0x8C, 0x87, 0x7A, 0x6A, 0x5B, 0x59, 0x61, 0x74, 0x88, 0xA6, 0xC8, 0xCE, 0xB5 ; file 0F21F5
db 0xA4, 0x96, 0x89, 0x8E, 0x93, 0x8F, 0x89, 0x79, 0x67, 0x62, 0x65, 0x67, 0x70, 0x7D, 0x7C, 0x7B ; file 0F2205
db 0x82, 0x77, 0x62, 0x64, 0x6F, 0x6E, 0x6A, 0x62, 0x55, 0x4C, 0x52, 0x5E, 0x70, 0x7D, 0x82, 0x86 ; file 0F2215
db 0x83, 0x77, 0x72, 0x76, 0x72, 0x6B, 0x6E, 0x80, 0x8C, 0x8B, 0x8F, 0x98, 0x9B, 0xA3, 0xA6, 0x95 ; file 0F2225
db 0x83, 0x7B, 0x73, 0x78, 0x91, 0xA0, 0x9E, 0x98, 0x8A, 0x7F, 0x7E, 0x75, 0x67, 0x6F, 0x86, 0x8E ; file 0F2235
db 0x96, 0x9B, 0x92, 0x81, 0x7A, 0x7C, 0x86, 0x8B, 0x88, 0x81, 0x72, 0x60, 0x59, 0x5D, 0x67, 0x7C ; file 0F2245
db 0x94, 0xB6, 0xCF, 0xC5, 0xAC, 0xA0, 0x91, 0x8B, 0x92, 0x92, 0x8B, 0x80, 0x70, 0x64, 0x61, 0x63 ; file 0F2255
db 0x69, 0x75, 0x7C, 0x7C, 0x84, 0x83, 0x6E, 0x62, 0x6B, 0x6D, 0x6A, 0x65, 0x5A, 0x4D, 0x4F, 0x5B ; file 0F2265
db 0x69, 0x78, 0x7D, 0x84, 0x86, 0x7C, 0x73, 0x76, 0x74, 0x6D, 0x6B, 0x77, 0x87, 0x8E, 0x8F, 0x97 ; file 0F2275
db 0x9C, 0xA1, 0xA7, 0xA0, 0x8A, 0x7D, 0x76, 0x75, 0x84, 0x98, 0x9D, 0x97, 0x8F, 0x84, 0x81, 0x7E ; file 0F2285
db 0x6F, 0x6A, 0x7C, 0x89, 0x8F, 0x96, 0x96, 0x88, 0x80, 0x80, 0x85, 0x8C, 0x87, 0x84, 0x7B, 0x68 ; file 0F2295
db 0x59, 0x5B, 0x60, 0x6E, 0x85, 0xA3, 0xC2, 0xCE, 0xBA, 0xA6, 0x9C, 0x8F, 0x8E, 0x94, 0x8F, 0x83 ; file 0F22A5
db 0x77, 0x6C, 0x61, 0x5E, 0x63, 0x6D, 0x76, 0x7A, 0x83, 0x8B, 0x7C, 0x68, 0x68, 0x6C, 0x6A, 0x67 ; file 0F22B5
db 0x5F, 0x50, 0x4C, 0x56, 0x64, 0x73, 0x78, 0x7F, 0x86, 0x81, 0x74, 0x74, 0x76, 0x70, 0x6A, 0x70 ; file 0F22C5
db 0x7E, 0x8C, 0x91, 0x95, 0x9C, 0xA1, 0xA5, 0xA6, 0x95, 0x80, 0x78, 0x75, 0x7C, 0x8E, 0x9A, 0x97 ; file 0F22D5
db 0x8F, 0x86, 0x84, 0x82, 0x79, 0x6D, 0x74, 0x82, 0x88, 0x90, 0x94, 0x8C, 0x84, 0x85, 0x87, 0x8F ; file 0F22E5
db 0x89, 0x84, 0x81, 0x72, 0x5D, 0x5A, 0x5E, 0x64, 0x76, 0x93, 0xB1, 0xC9, 0xC7, 0xB1, 0xA3, 0x99 ; file 0F22F5
db 0x8E, 0x91, 0x93, 0x87, 0x7B, 0x72, 0x68, 0x5D, 0x5D, 0x66, 0x6F, 0x76, 0x80, 0x8D, 0x88, 0x74 ; file 0F2305
db 0x6A, 0x6B, 0x68, 0x67, 0x62, 0x55, 0x4A, 0x51, 0x5F, 0x6E, 0x74, 0x78, 0x82, 0x85, 0x79, 0x73 ; file 0F2315
db 0x76, 0x72, 0x6B, 0x6C, 0x76, 0x84, 0x91, 0x97, 0x9A, 0xA2, 0xA5, 0xA6, 0x9E, 0x89, 0x7B, 0x76 ; file 0F2325
db 0x7A, 0x86, 0x93, 0x97, 0x8F, 0x87, 0x85, 0x87, 0x7F, 0x75, 0x73, 0x7C, 0x82, 0x89, 0x8F, 0x8E ; file 0F2335
db 0x86, 0x89, 0x8C, 0x90, 0x8F, 0x83, 0x81, 0x7B, 0x66, 0x59, 0x5D, 0x60, 0x69, 0x83, 0xA2, 0xB9 ; file 0F2345
db 0xC8, 0xBF, 0xAB, 0xA0, 0x96, 0x8E, 0x93, 0x8E, 0x7E, 0x76, 0x70, 0x61, 0x59, 0x60, 0x69, 0x6F ; file 0F2355
db 0x7A, 0x8C, 0x90, 0x81, 0x71, 0x6D, 0x68, 0x65, 0x63, 0x5B, 0x4C, 0x4D, 0x5B, 0x6A, 0x73, 0x72 ; file 0F2365
db 0x7C, 0x85, 0x7E, 0x74, 0x76, 0x74, 0x6D, 0x6A, 0x72, 0x7C, 0x8A, 0x97, 0x9B, 0xA0, 0xA7, 0xA6 ; file 0F2375
db 0xA1, 0x93, 0x7F, 0x76, 0x79, 0x82, 0x8B, 0x92, 0x90, 0x86, 0x84, 0x8B, 0x85, 0x7C, 0x77, 0x7A ; file 0F2385
db 0x7D, 0x82, 0x88, 0x8B, 0x86, 0x8A, 0x91, 0x94, 0x94, 0x87, 0x7F, 0x7E, 0x71, 0x5D, 0x5C, 0x5F ; file 0F2395
db 0x62, 0x73, 0x93, 0xAB, 0xBE, 0xC6, 0xB8, 0xA6, 0xA0, 0x93, 0x8F, 0x91, 0x84, 0x76, 0x75, 0x6B ; file 0F23A5
db 0x5A, 0x5A, 0x64, 0x69, 0x71, 0x86, 0x94, 0x8B, 0x7C, 0x73, 0x6A, 0x64, 0x63, 0x5F, 0x51, 0x4B ; file 0F23B5
db 0x56, 0x65, 0x72, 0x71, 0x74, 0x80, 0x81, 0x76, 0x76, 0x76, 0x6F, 0x6A, 0x6F, 0x76, 0x81, 0x92 ; file 0F23C5
db 0x9F, 0x9F, 0xA7, 0xA8, 0xA3, 0x99, 0x89, 0x79, 0x77, 0x80, 0x87, 0x8C, 0x8E, 0x87, 0x81, 0x89 ; file 0F23D5
db 0x8C, 0x82, 0x7C, 0x7E, 0x7C, 0x7C, 0x82, 0x86, 0x84, 0x87, 0x92, 0x99, 0x9A, 0x8F, 0x81, 0x7D ; file 0F23E5
db 0x78, 0x65, 0x5C, 0x5E, 0x61, 0x67, 0x82, 0x9F, 0xB0, 0xC0, 0xC3, 0xB0, 0xA5, 0x9E, 0x91, 0x90 ; file 0F23F5
db 0x8B, 0x79, 0x75, 0x73, 0x62, 0x56, 0x5D, 0x64, 0x68, 0x7C, 0x93, 0x92, 0x85, 0x7D, 0x71, 0x64 ; file 0F2405
db 0x61, 0x5F, 0x56, 0x4B, 0x51, 0x60, 0x70, 0x71, 0x6F, 0x79, 0x80, 0x79, 0x76, 0x77, 0x71, 0x6A ; file 0F2415
db 0x6D, 0x74, 0x7A, 0x89, 0x9D, 0xA2, 0xA5, 0xAB, 0xA6, 0x9B, 0x91, 0x80, 0x76, 0x7E, 0x88, 0x87 ; file 0F2425
db 0x89, 0x87, 0x7E, 0x84, 0x8F, 0x88, 0x80, 0x83, 0x80, 0x78, 0x7D, 0x81, 0x80, 0x82, 0x90, 0x9C ; file 0F2435
db 0xA1, 0x97, 0x87, 0x7C, 0x7A, 0x6D, 0x61, 0x5E, 0x60, 0x63, 0x73, 0x91, 0xA5, 0xB2, 0xC2, 0xBE ; file 0F2445
db 0xAC, 0xA5, 0x9A, 0x8F, 0x8C, 0x7F, 0x73, 0x76, 0x6C, 0x5A, 0x57, 0x5F, 0x63, 0x6F, 0x8C, 0x96 ; file 0F2455
db 0x8C, 0x86, 0x7D, 0x68, 0x60, 0x5E, 0x58, 0x4E, 0x4F, 0x5B, 0x6C, 0x73, 0x6E, 0x72, 0x7C, 0x7A ; file 0F2465
db 0x77, 0x78, 0x74, 0x6C, 0x6B, 0x73, 0x77, 0x7F, 0x95, 0xA4, 0xA6, 0xAA, 0xAB, 0x9E, 0x93, 0x88 ; file 0F2475
db 0x7A, 0x7B, 0x87, 0x88, 0x83, 0x83, 0x7E, 0x7D, 0x8C, 0x8E, 0x85, 0x86, 0x88, 0x7A, 0x77, 0x7B ; file 0F2485
db 0x7B, 0x7C, 0x8B, 0x9B, 0xA6, 0xA0, 0x8E, 0x80, 0x79, 0x72, 0x67, 0x61, 0x60, 0x62, 0x69, 0x81 ; file 0F2495
db 0x9A, 0xA6, 0xB5, 0xC3, 0xB8, 0xAA, 0xA4, 0x95, 0x8B, 0x84, 0x76, 0x74, 0x73, 0x63, 0x56, 0x5A ; file 0F24A5
db 0x5F, 0x65, 0x80, 0x95, 0x92, 0x8C, 0x88, 0x74, 0x61, 0x5D, 0x59, 0x50, 0x4E, 0x57, 0x67, 0x72 ; file 0F24B5
db 0x6F, 0x6E, 0x75, 0x78, 0x76, 0x79, 0x76, 0x6E, 0x6A, 0x71, 0x76, 0x7A, 0x89, 0xA0, 0xA9, 0xAA ; file 0F24C5
db 0xAD, 0xA5, 0x94, 0x8D, 0x81, 0x7A, 0x84, 0x8A, 0x83, 0x7D, 0x7C, 0x7A, 0x85, 0x8F, 0x8B, 0x87 ; file 0F24D5
db 0x8F, 0x83, 0x75, 0x76, 0x78, 0x75, 0x82, 0x97, 0xA7, 0xAA, 0x97, 0x86, 0x7B, 0x72, 0x6B, 0x67 ; file 0F24E5
db 0x61, 0x61, 0x66, 0x75, 0x8D, 0x9D, 0xA7, 0xBB, 0xC2, 0xB4, 0xA9, 0xA1, 0x8F, 0x84, 0x7C, 0x74 ; file 0F24F5
db 0x74, 0x6C, 0x5D, 0x56, 0x5A, 0x5E, 0x71, 0x8E, 0x94, 0x90, 0x90, 0x82, 0x69, 0x5C, 0x58, 0x50 ; file 0F2505
db 0x4D, 0x55, 0x61, 0x70, 0x70, 0x6D, 0x70, 0x74, 0x74, 0x79, 0x79, 0x71, 0x6A, 0x6E, 0x75, 0x78 ; file 0F2515
db 0x81, 0x96, 0xA8, 0xAE, 0xAD, 0xAB, 0x9A, 0x8E, 0x88, 0x7E, 0x81, 0x8B, 0x87, 0x7B, 0x77, 0x76 ; file 0F2525
db 0x7E, 0x8C, 0x8E, 0x8B, 0x90, 0x8E, 0x7B, 0x72, 0x73, 0x71, 0x77, 0x8F, 0xA4, 0xB0, 0xA4, 0x8F ; file 0F2535
db 0x80, 0x74, 0x6B, 0x6B, 0x66, 0x61, 0x64, 0x6F, 0x80, 0x93, 0x9D, 0xAC, 0xC0, 0xC0, 0xB1, 0xA8 ; file 0F2545
db 0x9B, 0x87, 0x7D, 0x78, 0x74, 0x6F, 0x65, 0x5A, 0x56, 0x59, 0x67, 0x82, 0x92, 0x92, 0x94, 0x8F ; file 0F2555
db 0x76, 0x61, 0x58, 0x50, 0x4C, 0x53, 0x5E, 0x6C, 0x71, 0x6D, 0x6E, 0x70, 0x6F, 0x76, 0x7A, 0x74 ; file 0F2565
db 0x6B, 0x6D, 0x74, 0x77, 0x7C, 0x8C, 0xA0, 0xAF, 0xB0, 0xAD, 0xA2, 0x90, 0x89, 0x84, 0x81, 0x89 ; file 0F2575
db 0x8B, 0x7F, 0x73, 0x71, 0x79, 0x86, 0x8D, 0x8E, 0x92, 0x95, 0x86, 0x75, 0x6F, 0x6D, 0x6E, 0x84 ; file 0F2585
db 0x9D, 0xB0, 0xAE, 0x99, 0x87, 0x79, 0x6B, 0x6A, 0x6C, 0x65, 0x63, 0x6C, 0x79, 0x87, 0x93, 0x9F ; file 0F2595
db 0xB2, 0xC3, 0xBD, 0xAE, 0xA5, 0x91, 0x7D, 0x79, 0x77, 0x70, 0x6A, 0x61, 0x57, 0x54, 0x5E, 0x76 ; file 0F25A5
db 0x8A, 0x91, 0x96, 0x97, 0x85, 0x6C, 0x5A, 0x51, 0x4A, 0x50, 0x5C, 0x69, 0x70, 0x6E, 0x6E, 0x6F ; file 0F25B5
db 0x6B, 0x6F, 0x7A, 0x77, 0x6E, 0x6B, 0x72, 0x76, 0x7A, 0x84, 0x96, 0xAA, 0xB4, 0xB0, 0xA7, 0x97 ; file 0F25C5
db 0x89, 0x86, 0x85, 0x89, 0x8B, 0x84, 0x75, 0x6C, 0x71, 0x81, 0x89, 0x8E, 0x93, 0x99, 0x90, 0x7E ; file 0F25D5
db 0x6F, 0x6A, 0x68, 0x78, 0x93, 0xAC, 0xB5, 0xA5, 0x91, 0x80, 0x6E, 0x67, 0x6E, 0x6B, 0x64, 0x68 ; file 0F25E5
db 0x75, 0x7E, 0x88, 0x94, 0xA3, 0xB9, 0xC6, 0xB9, 0xAB, 0x9E, 0x83, 0x76, 0x79, 0x72, 0x6B, 0x67 ; file 0F25F5
db 0x5E, 0x52, 0x56, 0x6C, 0x81, 0x8C, 0x95, 0x9B, 0x91, 0x7A, 0x62, 0x52, 0x49, 0x4C, 0x59, 0x66 ; file 0F2605
db 0x6F, 0x6D, 0x6E, 0x6F, 0x6A, 0x69, 0x75, 0x79, 0x71, 0x6B, 0x71, 0x75, 0x78, 0x80, 0x8F, 0xA0 ; file 0F2615
db 0xB3, 0xB5, 0xAA, 0x9D, 0x8E, 0x85, 0x87, 0x8B, 0x8C, 0x87, 0x7A, 0x6A, 0x69, 0x7A, 0x85, 0x8A ; file 0F2625
db 0x93, 0x9C, 0x97, 0x88, 0x76, 0x68, 0x63, 0x6D, 0x87, 0xA3, 0xB5, 0xAF, 0x9C, 0x88, 0x76, 0x66 ; file 0F2635
db 0x6B, 0x6F, 0x69, 0x67, 0x72, 0x7B, 0x7F, 0x89, 0x98, 0xAA, 0xC2, 0xC5, 0xB4, 0xA7, 0x91, 0x78 ; file 0F2645
db 0x77, 0x77, 0x6C, 0x69, 0x65, 0x57, 0x50, 0x61, 0x79, 0x84, 0x8F, 0x9C, 0x99, 0x87, 0x70, 0x58 ; file 0F2655
db 0x49, 0x48, 0x54, 0x63, 0x6E, 0x6D, 0x6C, 0x6F, 0x6B, 0x64, 0x6E, 0x78, 0x74, 0x6C, 0x6F, 0x75 ; file 0F2665
db 0x77, 0x7E, 0x8A, 0x97, 0xAB, 0xB8, 0xB1, 0xA1, 0x94, 0x87, 0x85, 0x8F, 0x8F, 0x89, 0x7F, 0x6E ; file 0F2675
db 0x63, 0x70, 0x81, 0x85, 0x8F, 0x9D, 0x9D, 0x90, 0x81, 0x6D, 0x60, 0x64, 0x7A, 0x97, 0xB1, 0xB3 ; file 0F2685
db 0xA7, 0x93, 0x7F, 0x6B, 0x67, 0x6F, 0x6F, 0x69, 0x6F, 0x7A, 0x7B, 0x7E, 0x8D, 0x9C, 0xB3, 0xC7 ; file 0F2695
db 0xC1, 0xAF, 0x9E, 0x82, 0x74, 0x79, 0x71, 0x68, 0x69, 0x60, 0x51, 0x57, 0x71, 0x7C, 0x86, 0x98 ; file 0F26A5
db 0x9E, 0x91, 0x7E, 0x65, 0x4D, 0x44, 0x4E, 0x5E, 0x6E, 0x6E, 0x6B, 0x6E, 0x6D, 0x63, 0x66, 0x73 ; file 0F26B5
db 0x75, 0x6F, 0x6E, 0x74, 0x77, 0x7B, 0x86, 0x92, 0xA1, 0xB4, 0xB8, 0xA7, 0x98, 0x8D, 0x84, 0x8D ; file 0F26C5
db 0x94, 0x8C, 0x82, 0x74, 0x64, 0x66, 0x7A, 0x82, 0x88, 0x99, 0xA3, 0x96, 0x8B, 0x77, 0x62, 0x5D ; file 0F26D5
db 0x6F, 0x8A, 0xA8, 0xB4, 0xAD, 0x9F, 0x8A, 0x72, 0x67, 0x6B, 0x71, 0x6F, 0x6E, 0x78, 0x7C, 0x78 ; file 0F26E5
db 0x81, 0x92, 0xA3, 0xBD, 0xC9, 0xBB, 0xA7, 0x90, 0x78, 0x76, 0x75, 0x6A, 0x68, 0x68, 0x58, 0x51 ; file 0F26F5
db 0x66, 0x77, 0x7D, 0x8F, 0x9F, 0x98, 0x89, 0x73, 0x58, 0x44, 0x49, 0x59, 0x6A, 0x70, 0x6A, 0x6C ; file 0F2705
db 0x6E, 0x66, 0x61, 0x6C, 0x73, 0x71, 0x6E, 0x73, 0x76, 0x79, 0x83, 0x8E, 0x99, 0xAB, 0xB8, 0xB0 ; file 0F2715
db 0x9C, 0x92, 0x87, 0x88, 0x96, 0x93, 0x85, 0x79, 0x69, 0x60, 0x6F, 0x7E, 0x83, 0x91, 0xA3, 0x9E ; file 0F2725
db 0x91, 0x83, 0x6B, 0x5A, 0x65, 0x7D, 0x9B, 0xB0, 0xB0, 0xA7, 0x96, 0x7D, 0x6B, 0x69, 0x6E, 0x72 ; file 0F2735
db 0x70, 0x75, 0x7B, 0x78, 0x77, 0x86, 0x96, 0xAC, 0xC5, 0xC8, 0xB2, 0x9C, 0x84, 0x76, 0x75, 0x6F ; file 0F2745
db 0x68, 0x6A, 0x62, 0x54, 0x5C, 0x70, 0x78, 0x83, 0x99, 0x9D, 0x91, 0x80, 0x67, 0x4A, 0x44, 0x52 ; file 0F2755
db 0x64, 0x71, 0x6C, 0x6A, 0x6E, 0x69, 0x60, 0x66, 0x6E, 0x71, 0x6F, 0x72, 0x76, 0x78, 0x7F, 0x8B ; file 0F2765
db 0x94, 0xA2, 0xB2, 0xB6, 0xA4, 0x95, 0x8D, 0x87, 0x92, 0x99, 0x8D, 0x7D, 0x6F, 0x62, 0x66, 0x76 ; file 0F2775
db 0x7F, 0x89, 0x9F, 0xA3, 0x97, 0x8B, 0x78, 0x5E, 0x5C, 0x72, 0x8D, 0xA8, 0xAF, 0xAC, 0xA1, 0x8A ; file 0F2785
db 0x72, 0x6B, 0x6B, 0x71, 0x74, 0x76, 0x7B, 0x7A, 0x73, 0x7A, 0x8B, 0x9E, 0xB6, 0xCA, 0xC1, 0xA6 ; file 0F2795
db 0x90, 0x7D, 0x74, 0x71, 0x6B, 0x68, 0x67, 0x5B, 0x58, 0x68, 0x73, 0x79, 0x8F, 0x9D, 0x97, 0x8A ; file 0F27A5
db 0x76, 0x58, 0x44, 0x4B, 0x5D, 0x6E, 0x6F, 0x6A, 0x6C, 0x6B, 0x62, 0x62, 0x68, 0x6D, 0x6E, 0x71 ; file 0F27B5
db 0x76, 0x78, 0x7D, 0x88, 0x92, 0x9C, 0xA9, 0xB4, 0xAD, 0x9B, 0x90, 0x8A, 0x8D, 0x99, 0x95, 0x83 ; file 0F27C5
db 0x73, 0x66, 0x62, 0x6D, 0x79, 0x83, 0x95, 0xA4, 0x9E, 0x92, 0x83, 0x6A, 0x5A, 0x67, 0x80, 0x9D ; file 0F27D5
db 0xAB, 0xAC, 0xA7, 0x98, 0x7C, 0x6F, 0x6B, 0x6E, 0x74, 0x79, 0x7B, 0x7A, 0x75, 0x72, 0x7E, 0x92 ; file 0F27E5
db 0xA6, 0xBF, 0xCA, 0xB6, 0x99, 0x89, 0x79, 0x70, 0x6E, 0x69, 0x68, 0x62, 0x5B, 0x63, 0x6D, 0x73 ; file 0F27F5
db 0x82, 0x97, 0x99, 0x91, 0x82, 0x69, 0x4C, 0x48, 0x56, 0x69, 0x70, 0x6B, 0x6A, 0x6C, 0x64, 0x60 ; file 0F2805
db 0x65, 0x69, 0x6B, 0x70, 0x76, 0x78, 0x7B, 0x84, 0x8F, 0x97, 0xA2, 0xAD, 0xB0, 0xA3, 0x93, 0x8D ; file 0F2815
db 0x8C, 0x95, 0x9A, 0x8C, 0x78, 0x6A, 0x63, 0x68, 0x71, 0x7C, 0x8C, 0xA0, 0xA2, 0x99, 0x8B, 0x78 ; file 0F2825
db 0x60, 0x5F, 0x74, 0x90, 0xA4, 0xAA, 0xA9, 0xA1, 0x8B, 0x75, 0x6F, 0x6C, 0x71, 0x7A, 0x7F, 0x7C ; file 0F2835
db 0x77, 0x71, 0x74, 0x85, 0x9A, 0xAE, 0xC5, 0xC4, 0xA7, 0x91, 0x84, 0x73, 0x6D, 0x6C, 0x68, 0x65 ; file 0F2845
db 0x60, 0x62, 0x68, 0x6E, 0x79, 0x8D, 0x97, 0x95, 0x8A, 0x78, 0x5A, 0x49, 0x4F, 0x61, 0x6F, 0x6D ; file 0F2855
db 0x6B, 0x6B, 0x67, 0x60, 0x63, 0x65, 0x67, 0x6C, 0x75, 0x78, 0x79, 0x80, 0x8C, 0x94, 0x9E, 0xA7 ; file 0F2865
db 0xAD, 0xA9, 0x9A, 0x8E, 0x8E, 0x93, 0x99, 0x95, 0x81, 0x6E, 0x64, 0x66, 0x6B, 0x74, 0x84, 0x98 ; file 0F2875
db 0xA1, 0x9E, 0x93, 0x82, 0x6B, 0x5E, 0x6A, 0x83, 0x9C, 0xA4, 0xA8, 0xA6, 0x98, 0x7F, 0x73, 0x6F ; file 0F2885
db 0x6E, 0x76, 0x81, 0x80, 0x79, 0x73, 0x71, 0x78, 0x8D, 0xA1, 0xB7, 0xC7, 0xB8, 0x9A, 0x8D, 0x7D ; file 0F2895
db 0x6D, 0x6C, 0x6B, 0x66, 0x62, 0x64, 0x68, 0x69, 0x71, 0x82, 0x91, 0x95, 0x91, 0x82, 0x6A, 0x52 ; file 0F28A5
db 0x4D, 0x59, 0x6A, 0x6E, 0x6C, 0x6B, 0x69, 0x61, 0x62, 0x64, 0x63, 0x67, 0x72, 0x79, 0x79, 0x7D ; file 0F28B5
db 0x88, 0x92, 0x9B, 0xA3, 0xA9, 0xA9, 0xA2, 0x93, 0x8E, 0x93, 0x98, 0x98, 0x8C, 0x75, 0x66, 0x66 ; file 0F28C5
db 0x69, 0x6C, 0x7A, 0x90, 0x9E, 0x9F, 0x9A, 0x8B, 0x76, 0x64, 0x64, 0x76, 0x92, 0x9E, 0xA4, 0xA7 ; file 0F28D5
db 0xA0, 0x8C, 0x7B, 0x73, 0x6E, 0x71, 0x7E, 0x86, 0x7E, 0x74, 0x71, 0x71, 0x7F, 0x95, 0xA8, 0xBD ; file 0F28E5
db 0xC3, 0xAA, 0x93, 0x8A, 0x74, 0x6A, 0x6D, 0x69, 0x62, 0x65, 0x6C, 0x68, 0x69, 0x79, 0x89, 0x91 ; file 0F28F5
db 0x92, 0x8A, 0x77, 0x5F, 0x51, 0x53, 0x64, 0x6D, 0x6C, 0x6C, 0x6A, 0x62, 0x61, 0x64, 0x62, 0x61 ; file 0F2905
db 0x6B, 0x77, 0x7A, 0x7C, 0x84, 0x8F, 0x97, 0xA0, 0xA5, 0xA5, 0xA4, 0x9B, 0x8F, 0x92, 0x98, 0x98 ; file 0F2915
db 0x93, 0x80, 0x6A, 0x65, 0x6A, 0x69, 0x70, 0x85, 0x99, 0x9D, 0x9D, 0x94, 0x80, 0x6D, 0x66, 0x6D ; file 0F2925
db 0x85, 0x98, 0x9D, 0xA4, 0xA4, 0x96, 0x84, 0x79, 0x72, 0x6E, 0x78, 0x86, 0x85, 0x78, 0x71, 0x70 ; file 0F2935
db 0x74, 0x88, 0x9C, 0xAE, 0xC1, 0xB9, 0x9E, 0x91, 0x82, 0x6C, 0x6A, 0x6D, 0x64, 0x63, 0x6E, 0x6D ; file 0F2945
db 0x66, 0x6F, 0x81, 0x8A, 0x90, 0x8F, 0x81, 0x6B, 0x5A, 0x54, 0x5D, 0x6A, 0x6B, 0x6C, 0x6C, 0x64 ; file 0F2955
db 0x5F, 0x63, 0x62, 0x5E, 0x63, 0x72, 0x7A, 0x7B, 0x81, 0x8C, 0x94, 0x9E, 0xA3, 0xA3, 0xA1, 0xA0 ; file 0F2965
db 0x95, 0x90, 0x99, 0x9A, 0x95, 0x8A, 0x73, 0x65, 0x69, 0x6B, 0x69, 0x79, 0x93, 0x9A, 0x9C, 0x99 ; file 0F2975
db 0x8A, 0x76, 0x6C, 0x6C, 0x7A, 0x90, 0x97, 0x9D, 0xA3, 0x9D, 0x8E, 0x82, 0x77, 0x71, 0x72, 0x82 ; file 0F2985
db 0x8A, 0x7F, 0x73, 0x70, 0x70, 0x7A, 0x90, 0xA2, 0xB4, 0xBE, 0xAD, 0x98, 0x8D, 0x78, 0x69, 0x6D ; file 0F2995
db 0x69, 0x61, 0x6B, 0x73, 0x69, 0x67, 0x79, 0x84, 0x89, 0x8F, 0x89, 0x76, 0x65, 0x5B, 0x5A, 0x66 ; file 0F29A5
db 0x69, 0x6A, 0x6D, 0x68, 0x5E, 0x61, 0x63, 0x5E, 0x5D, 0x6A, 0x78, 0x7B, 0x7F, 0x89, 0x91, 0x9A ; file 0F29B5
db 0xA2, 0xA2, 0x9E, 0x9E, 0x9B, 0x92, 0x96, 0x9D, 0x97, 0x8F, 0x7E, 0x69, 0x67, 0x6D, 0x69, 0x6D ; file 0F29C5
db 0x86, 0x98, 0x98, 0x9B, 0x93, 0x7E, 0x71, 0x70, 0x74, 0x87, 0x93, 0x96, 0x9E, 0x9F, 0x94, 0x8A ; file 0F29D5
db 0x7F, 0x76, 0x71, 0x7A, 0x8A, 0x87, 0x78, 0x70, 0x6F, 0x72, 0x82, 0x97, 0xA7, 0xB6, 0xB7, 0xA4 ; file 0F29E5
db 0x94, 0x84, 0x6E, 0x69, 0x6C, 0x63, 0x65, 0x75, 0x71, 0x65, 0x6F, 0x80, 0x82, 0x89, 0x8C, 0x7F ; file 0F29F5
db 0x6D, 0x64, 0x5D, 0x62, 0x68, 0x68, 0x6C, 0x6C, 0x60, 0x5E, 0x64, 0x60, 0x5A, 0x61, 0x71, 0x7A ; file 0F2A05
db 0x7E, 0x85, 0x8F, 0x97, 0xA0, 0xA3, 0x9D, 0x9A, 0x9C, 0x97, 0x94, 0x9E, 0x9C, 0x91, 0x86, 0x72 ; file 0F2A15
db 0x66, 0x6C, 0x6C, 0x68, 0x79, 0x92, 0x96, 0x98, 0x98, 0x89, 0x76, 0x74, 0x75, 0x7F, 0x8D, 0x91 ; file 0F2A25
db 0x97, 0x9E, 0x98, 0x90, 0x89, 0x7C, 0x75, 0x76, 0x84, 0x8C, 0x80, 0x73, 0x6F, 0x70, 0x77, 0x8A ; file 0F2A35
db 0x9C, 0xAA, 0xB5, 0xB0, 0x9E, 0x8E, 0x7B, 0x6A, 0x6B, 0x68, 0x62, 0x71, 0x78, 0x6B, 0x68, 0x78 ; file 0F2A45
db 0x7F, 0x82, 0x89, 0x86, 0x75, 0x6B, 0x66, 0x62, 0x66, 0x66, 0x69, 0x6D, 0x65, 0x5D, 0x62, 0x62 ; file 0F2A55
db 0x5C, 0x5B, 0x69, 0x77, 0x7D, 0x83, 0x8D, 0x94, 0x9D, 0xA3, 0x9F, 0x96, 0x98, 0x9A, 0x97, 0x9B ; file 0F2A65
db 0xA0, 0x95, 0x89, 0x7C, 0x6A, 0x6A, 0x6E, 0x6A, 0x6E, 0x86, 0x94, 0x95, 0x97, 0x91, 0x7E, 0x76 ; file 0F2A75
db 0x7A, 0x7D, 0x87, 0x8C, 0x91, 0x98, 0x99, 0x93, 0x90, 0x85, 0x7A, 0x76, 0x7E, 0x8A, 0x88, 0x79 ; file 0F2A85
db 0x70, 0x6F, 0x73, 0x7D, 0x91, 0x9F, 0xA9, 0xB2, 0xAB, 0x98, 0x86, 0x73, 0x69, 0x6A, 0x65, 0x6A ; file 0F2A95
db 0x7A, 0x74, 0x68, 0x70, 0x7B, 0x7C, 0x82, 0x87, 0x7D, 0x70, 0x6E, 0x69, 0x67, 0x64, 0x66, 0x6C ; file 0F2AA5
db 0x6A, 0x5E, 0x5F, 0x63, 0x5E, 0x59, 0x61, 0x70, 0x7A, 0x81, 0x8A, 0x92, 0x9B, 0xA1, 0xA1, 0x97 ; file 0F2AB5
db 0x92, 0x96, 0x9A, 0x9B, 0xA0, 0x9C, 0x8D, 0x80, 0x72, 0x6A, 0x6D, 0x6C, 0x6B, 0x7A, 0x8E, 0x92 ; file 0F2AC5
db 0x94, 0x93, 0x86, 0x79, 0x7D, 0x80, 0x85, 0x87, 0x8B, 0x91, 0x96, 0x93, 0x93, 0x8F, 0x82, 0x79 ; file 0F2AD5
db 0x7D, 0x86, 0x8B, 0x82, 0x74, 0x6F, 0x71, 0x76, 0x84, 0x96, 0x9F, 0xA8, 0xB1, 0xA6, 0x8F, 0x7F ; file 0F2AE5
db 0x6E, 0x68, 0x67, 0x68, 0x76, 0x7A, 0x6F, 0x6C, 0x75, 0x79, 0x7B, 0x82, 0x80, 0x75, 0x73, 0x71 ; file 0F2AF5
db 0x6D, 0x65, 0x63, 0x68, 0x6B, 0x62, 0x5E, 0x62, 0x60, 0x5A, 0x5C, 0x68, 0x75, 0x7F, 0x89, 0x91 ; file 0F2B05
db 0x98, 0xA0, 0xA2, 0x9A, 0x91, 0x91, 0x97, 0x9E, 0xA1, 0xA0, 0x94, 0x83, 0x77, 0x6F, 0x6E, 0x6D ; file 0F2B15
db 0x6B, 0x73, 0x84, 0x8E, 0x92, 0x91, 0x8B, 0x7E, 0x7E, 0x84, 0x88, 0x85, 0x85, 0x8A, 0x90, 0x91 ; file 0F2B25
db 0x92, 0x94, 0x8C, 0x7F, 0x7D, 0x83, 0x89, 0x86, 0x7B, 0x71, 0x70, 0x74, 0x7A, 0x8A, 0x97, 0x9C ; file 0F2B35
db 0xAA, 0xB0, 0x9C, 0x87, 0x7A, 0x6B, 0x65, 0x68, 0x72, 0x7A, 0x76, 0x6E, 0x71, 0x74, 0x77, 0x7B ; file 0F2B45
db 0x7E, 0x79, 0x76, 0x77, 0x76, 0x6C, 0x62, 0x65, 0x6A, 0x65, 0x5E, 0x60, 0x60, 0x5B, 0x59, 0x62 ; file 0F2B55
db 0x6D, 0x7A, 0x86, 0x8F, 0x96, 0x9E, 0xA2, 0x9D, 0x92, 0x8D, 0x91, 0x9C, 0xA4, 0xA2, 0x9B, 0x89 ; file 0F2B65
db 0x79, 0x73, 0x71, 0x6E, 0x6C, 0x71, 0x7D, 0x87, 0x8E, 0x8F, 0x8C, 0x83, 0x80, 0x86, 0x8D, 0x8A ; file 0F2B75
db 0x81, 0x84, 0x8A, 0x8C, 0x8F, 0x95, 0x93, 0x89, 0x80, 0x84, 0x87, 0x87, 0x81, 0x77, 0x70, 0x73 ; file 0F2B85
db 0x77, 0x7E, 0x8D, 0x94, 0x9C, 0xAF, 0xAB, 0x91, 0x82, 0x75, 0x66, 0x65, 0x71, 0x79, 0x79, 0x74 ; file 0F2B95
db 0x72, 0x71, 0x73, 0x75, 0x79, 0x78, 0x78, 0x7B, 0x7D, 0x77, 0x65, 0x62, 0x67, 0x66, 0x5F, 0x60 ; file 0F2BA5
db 0x60, 0x5C, 0x58, 0x5E, 0x67, 0x72, 0x81, 0x8F, 0x94, 0x9C, 0xA2, 0x9F, 0x95, 0x8C, 0x8B, 0x95 ; file 0F2BB5
db 0xA5, 0xA5, 0x9E, 0x91, 0x7D, 0x74, 0x75, 0x71, 0x6C, 0x70, 0x7B, 0x80, 0x87, 0x8D, 0x8B, 0x84 ; file 0F2BC5
db 0x82, 0x87, 0x90, 0x92, 0x84, 0x7F, 0x84, 0x87, 0x88, 0x92, 0x97, 0x92, 0x87, 0x86, 0x88, 0x85 ; file 0F2BD5
db 0x83, 0x7E, 0x73, 0x72, 0x76, 0x79, 0x82, 0x8C, 0x91, 0xA2, 0xB1, 0xA0, 0x89, 0x7F, 0x6D, 0x62 ; file 0F2BE5
db 0x6E, 0x79, 0x79, 0x77, 0x77, 0x71, 0x6D, 0x71, 0x73, 0x73, 0x76, 0x7D, 0x82, 0x82, 0x6F, 0x61 ; file 0F2BF5
db 0x64, 0x66, 0x60, 0x60, 0x60, 0x5D, 0x59, 0x5C, 0x63, 0x6B, 0x7A, 0x8B, 0x94, 0x9B, 0xA1, 0xA1 ; file 0F2C05
db 0x97, 0x8E, 0x88, 0x8D, 0x9F, 0xAA, 0xA2, 0x96, 0x85, 0x74, 0x76, 0x77, 0x6E, 0x6E, 0x79, 0x7E ; file 0F2C15
db 0x80, 0x88, 0x89, 0x83, 0x82, 0x8A, 0x90, 0x99, 0x8D, 0x7E, 0x7E, 0x82, 0x81, 0x8C, 0x96, 0x97 ; file 0F2C25
db 0x90, 0x8B, 0x8C, 0x87, 0x82, 0x81, 0x7A, 0x73, 0x75, 0x77, 0x7A, 0x82, 0x88, 0x93, 0xA9, 0xAB ; file 0F2C35
db 0x95, 0x85, 0x7A, 0x65, 0x67, 0x7A, 0x7A, 0x77, 0x7B, 0x78, 0x6B, 0x6C, 0x6F, 0x6E, 0x71, 0x7C ; file 0F2C45
db 0x84, 0x89, 0x7D, 0x67, 0x62, 0x64, 0x60, 0x60, 0x62, 0x5D, 0x58, 0x5B, 0x61, 0x66, 0x71, 0x85 ; file 0F2C55
db 0x93, 0x9A, 0xA0, 0xA2, 0x9A, 0x8F, 0x88, 0x86, 0x96, 0xA9, 0xA8, 0x9A, 0x8C, 0x79, 0x73, 0x7B ; file 0F2C65
db 0x74, 0x6D, 0x76, 0x80, 0x7B, 0x81, 0x87, 0x82, 0x7F, 0x89, 0x92, 0x9B, 0x98, 0x84, 0x7A, 0x7D ; file 0F2C75
db 0x7C, 0x83, 0x92, 0x98, 0x97, 0x92, 0x90, 0x8C, 0x82, 0x80, 0x80, 0x78, 0x75, 0x77, 0x78, 0x79 ; file 0F2C85
db 0x7F, 0x87, 0x9A, 0xAB, 0xA3, 0x8E, 0x82, 0x70, 0x64, 0x74, 0x7D, 0x76, 0x7B, 0x7F, 0x71, 0x68 ; file 0F2C95
db 0x6B, 0x6A, 0x6A, 0x76, 0x84, 0x8D, 0x89, 0x74, 0x64, 0x63, 0x5F, 0x5D, 0x62, 0x5F, 0x58, 0x59 ; file 0F2CA5
db 0x60, 0x64, 0x6A, 0x7B, 0x8F, 0x99, 0xA0, 0xA3, 0x9D, 0x91, 0x8A, 0x84, 0x8C, 0xA2, 0xAC, 0xA1 ; file 0F2CB5
db 0x91, 0x80, 0x73, 0x79, 0x7B, 0x70, 0x73, 0x80, 0x7D, 0x7A, 0x81, 0x82, 0x7B, 0x85, 0x93, 0x9C ; file 0F2CC5
db 0x9F, 0x8F, 0x7D, 0x78, 0x78, 0x7A, 0x8A, 0x96, 0x9A, 0x99, 0x97, 0x91, 0x86, 0x7E, 0x80, 0x7E ; file 0F2CD5
db 0x78, 0x76, 0x78, 0x76, 0x76, 0x7D, 0x8D, 0x9F, 0xA8, 0x9B, 0x8A, 0x7C, 0x69, 0x6E, 0x7D, 0x79 ; file 0F2CE5
db 0x78, 0x82, 0x7A, 0x69, 0x66, 0x68, 0x64, 0x6D, 0x80, 0x8E, 0x91, 0x81, 0x6D, 0x63, 0x5E, 0x5B ; file 0F2CF5
db 0x61, 0x61, 0x59, 0x56, 0x5E, 0x63, 0x66, 0x72, 0x87, 0x96, 0x9F, 0xA3, 0x9F, 0x94, 0x8B, 0x85 ; file 0F2D05
db 0x86, 0x98, 0xAA, 0xA8, 0x96, 0x85, 0x77, 0x76, 0x7D, 0x76, 0x71, 0x7E, 0x80, 0x79, 0x7A, 0x7E ; file 0F2D15
db 0x7A, 0x7E, 0x90, 0x9D, 0xA3, 0x99, 0x86, 0x78, 0x74, 0x74, 0x80, 0x90, 0x99, 0x9C, 0x9E, 0x98 ; file 0F2D25
db 0x8C, 0x7F, 0x7E, 0x80, 0x7D, 0x78, 0x77, 0x77, 0x71, 0x73, 0x81, 0x92, 0xA1, 0xA5, 0x95, 0x84 ; file 0F2D35
db 0x74, 0x6D, 0x79, 0x7D, 0x77, 0x7F, 0x82, 0x71, 0x64, 0x63, 0x61, 0x64, 0x77, 0x8B, 0x95, 0x8C ; file 0F2D45
db 0x79, 0x69, 0x5F, 0x59, 0x5E, 0x62, 0x5D, 0x55, 0x5B, 0x63, 0x65, 0x6C, 0x7E, 0x90, 0x9D, 0xA3 ; file 0F2D55
db 0xA1, 0x97, 0x8D, 0x86, 0x84, 0x8F, 0xA2, 0xAA, 0x9F, 0x8A, 0x7C, 0x77, 0x7B, 0x7B, 0x75, 0x7B ; file 0F2D65
db 0x82, 0x7C, 0x76, 0x78, 0x78, 0x78, 0x89, 0x9C, 0xA6, 0xA0, 0x90, 0x7E, 0x72, 0x6F, 0x77, 0x86 ; file 0F2D75
db 0x95, 0x9B, 0xA2, 0xA1, 0x94, 0x85, 0x7C, 0x7E, 0x81, 0x7D, 0x78, 0x77, 0x71, 0x6B, 0x76, 0x87 ; file 0F2D85
db 0x94, 0xA2, 0xA2, 0x8E, 0x7D, 0x73, 0x76, 0x7C, 0x7A, 0x7C, 0x84, 0x7A, 0x69, 0x60, 0x5E, 0x5D ; file 0F2D95
db 0x6C, 0x84, 0x96, 0x93, 0x84, 0x74, 0x64, 0x58, 0x59, 0x61, 0x5F, 0x57, 0x57, 0x61, 0x64, 0x68 ; file 0F2DA5
db 0x75, 0x87, 0x99, 0xA3, 0xA3, 0x9A, 0x8F, 0x87, 0x84, 0x8A, 0x99, 0xA6, 0xA5, 0x92, 0x80, 0x7A ; file 0F2DB5
db 0x7B, 0x7B, 0x7A, 0x7B, 0x82, 0x7E, 0x78, 0x73, 0x74, 0x75, 0x81, 0x96, 0xA7, 0xA6, 0x98, 0x88 ; file 0F2DC5
db 0x76, 0x6B, 0x6F, 0x7D, 0x8C, 0x98, 0xA2, 0xA7, 0x9E, 0x8C, 0x80, 0x7C, 0x80, 0x82, 0x7C, 0x77 ; file 0F2DD5
db 0x73, 0x69, 0x6A, 0x7C, 0x88, 0x96, 0xA4, 0x9C, 0x85, 0x7A, 0x7A, 0x7A, 0x7B, 0x7C, 0x82, 0x80 ; file 0F2DE5
db 0x72, 0x62, 0x5B, 0x59, 0x62, 0x79, 0x91, 0x99, 0x8D, 0x80, 0x6F, 0x5B, 0x56, 0x5E, 0x60, 0x5A ; file 0F2DF5
db 0x56, 0x5D, 0x64, 0x67, 0x6F, 0x7F, 0x91, 0xA0, 0xA5, 0x9E, 0x92, 0x89, 0x84, 0x87, 0x94, 0x9F ; file 0F2E05
db 0xA4, 0x9B, 0x85, 0x7B, 0x7D, 0x7B, 0x7B, 0x7E, 0x82, 0x80, 0x7B, 0x73, 0x6F, 0x6F, 0x7A, 0x8D ; file 0F2E15
db 0xA4, 0xAC, 0x9F, 0x92, 0x80, 0x6D, 0x69, 0x75, 0x83, 0x92, 0x9E, 0xAA, 0xA7, 0x96, 0x85, 0x7D ; file 0F2E25
db 0x7D, 0x83, 0x82, 0x7A, 0x75, 0x6C, 0x63, 0x6F, 0x7F, 0x89, 0x9B, 0xA5, 0x92, 0x80, 0x80, 0x7D ; file 0F2E35
db 0x79, 0x7D, 0x81, 0x81, 0x79, 0x6B, 0x5B, 0x55, 0x5B, 0x6D, 0x87, 0x99, 0x94, 0x89, 0x7C, 0x65 ; file 0F2E45
db 0x55, 0x59, 0x5E, 0x5C, 0x57, 0x5A, 0x61, 0x65, 0x6C, 0x78, 0x87, 0x9A, 0xA5, 0xA1, 0x95, 0x8B ; file 0F2E55
db 0x84, 0x85, 0x90, 0x99, 0xA0, 0x9F, 0x8F, 0x7D, 0x7E, 0x7E, 0x7A, 0x7F, 0x85, 0x82, 0x7D, 0x77 ; file 0F2E65
db 0x6D, 0x6A, 0x73, 0x85, 0x9B, 0xAD, 0xA7, 0x98, 0x8B, 0x76, 0x66, 0x6D, 0x7B, 0x89, 0x98, 0xA8 ; file 0F2E75
db 0xAE, 0xA2, 0x8D, 0x81, 0x7B, 0x80, 0x86, 0x80, 0x77, 0x6F, 0x64, 0x65, 0x75, 0x7F, 0x8C, 0xA1 ; file 0F2E85
db 0xA0, 0x89, 0x83, 0x85, 0x7A, 0x79, 0x82, 0x82, 0x7C, 0x73, 0x62, 0x53, 0x54, 0x63, 0x79, 0x93 ; file 0F2E95
db 0x98, 0x8F, 0x86, 0x73, 0x5A, 0x56, 0x5C, 0x5C, 0x58, 0x59, 0x5F, 0x64, 0x6A, 0x74, 0x7F, 0x91 ; file 0F2EA5
db 0xA1, 0xA5, 0x9A, 0x8E, 0x86, 0x83, 0x8C, 0x96, 0x9A, 0x9C, 0x96, 0x84, 0x7D, 0x82, 0x7B, 0x7C ; file 0F2EB5
db 0x87, 0x87, 0x7E, 0x7A, 0x71, 0x66, 0x6A, 0x7D, 0x91, 0xA8, 0xAC, 0x9F, 0x93, 0x82, 0x6A, 0x66 ; file 0F2EC5
db 0x73, 0x80, 0x8F, 0xA1, 0xAF, 0xAB, 0x99, 0x87, 0x7E, 0x7D, 0x84, 0x86, 0x7D, 0x72, 0x67, 0x61 ; file 0F2ED5
db 0x6A, 0x76, 0x80, 0x93, 0xA4, 0x97, 0x86, 0x8C, 0x82, 0x76, 0x7F, 0x85, 0x7D, 0x79, 0x6C, 0x58 ; file 0F2EE5
db 0x4F, 0x5B, 0x6E, 0x88, 0x97, 0x94, 0x8D, 0x81, 0x66, 0x56, 0x59, 0x5B, 0x58, 0x59, 0x5D, 0x62 ; file 0F2EF5
db 0x67, 0x70, 0x7B, 0x88, 0x9A, 0xA4, 0x9F, 0x91, 0x88, 0x84, 0x88, 0x94, 0x98, 0x98, 0x97, 0x8C ; file 0F2F05
db 0x7F, 0x82, 0x80, 0x7A, 0x83, 0x8D, 0x81, 0x7B, 0x75, 0x68, 0x62, 0x73, 0x8A, 0x9F, 0xAD, 0xA6 ; file 0F2F15
db 0x99, 0x8D, 0x75, 0x65, 0x6B, 0x78, 0x85, 0x98, 0xAB, 0xB0, 0xA4, 0x91, 0x84, 0x7D, 0x80, 0x87 ; file 0F2F25
db 0x84, 0x77, 0x6A, 0x61, 0x62, 0x6C, 0x77, 0x84, 0x9A, 0xA1, 0x91, 0x8E, 0x8E, 0x7B, 0x79, 0x86 ; file 0F2F35
db 0x80, 0x79, 0x73, 0x62, 0x4E, 0x52, 0x65, 0x7A, 0x91, 0x95, 0x92, 0x8B, 0x76, 0x5D, 0x57, 0x59 ; file 0F2F45
db 0x58, 0x57, 0x5D, 0x60, 0x64, 0x6D, 0x78, 0x81, 0x91, 0xA0, 0xA2, 0x96, 0x8B, 0x84, 0x85, 0x91 ; file 0F2F55
db 0x98, 0x96, 0x94, 0x90, 0x85, 0x81, 0x84, 0x7D, 0x7E, 0x8E, 0x89, 0x7D, 0x78, 0x6E, 0x60, 0x68 ; file 0F2F65
db 0x80, 0x97, 0xA9, 0xAA, 0xA0, 0x93, 0x82, 0x6B, 0x66, 0x70, 0x7D, 0x8D, 0xA3, 0xB1, 0xAD, 0x9C ; file 0F2F75
db 0x8B, 0x81, 0x7E, 0x84, 0x88, 0x7F, 0x6F, 0x63, 0x60, 0x64, 0x6D, 0x79, 0x8B, 0x9E, 0x9C, 0x92 ; file 0F2F85
db 0x93, 0x87, 0x78, 0x81, 0x86, 0x7B, 0x76, 0x6D, 0x56, 0x4C, 0x5B, 0x70, 0x86, 0x93, 0x94, 0x91 ; file 0F2F95
db 0x83, 0x6A, 0x5A, 0x57, 0x57, 0x55, 0x5B, 0x60, 0x62, 0x69, 0x75, 0x7D, 0x89, 0x98, 0xA1, 0x9A ; file 0F2FA5
db 0x8F, 0x86, 0x84, 0x8C, 0x96, 0x96, 0x91, 0x8F, 0x89, 0x84, 0x84, 0x81, 0x7D, 0x88, 0x91, 0x82 ; file 0F2FB5
db 0x7A, 0x73, 0x65, 0x5F, 0x74, 0x8D, 0xA2, 0xAA, 0xA5, 0x9A, 0x8C, 0x76, 0x68, 0x6A, 0x75, 0x82 ; file 0F2FC5
db 0x98, 0xAC, 0xB0, 0xA6, 0x95, 0x87, 0x80, 0x80, 0x87, 0x86, 0x77, 0x66, 0x60, 0x61, 0x64, 0x6F ; file 0F2FD5
db 0x7E, 0x91, 0x9E, 0x9B, 0x97, 0x92, 0x80, 0x7C, 0x87, 0x80, 0x77, 0x72, 0x62, 0x4E, 0x52, 0x66 ; file 0F2FE5
db 0x7C, 0x8C, 0x92, 0x94, 0x8D, 0x78, 0x63, 0x59, 0x56, 0x54, 0x58, 0x60, 0x61, 0x65, 0x70, 0x7B ; file 0F2FF5
db 0x83, 0x90, 0x9D, 0x9D, 0x93, 0x89, 0x84, 0x88, 0x94, 0x97, 0x91, 0x8B, 0x89, 0x87, 0x86, 0x84 ; file 0F3005
db 0x80, 0x83, 0x91, 0x8B, 0x7E, 0x76, 0x6B, 0x5E, 0x67, 0x80, 0x9A, 0xA7, 0xA7, 0xA1, 0x94, 0x81 ; file 0F3015
db 0x6F, 0x68, 0x6E, 0x7A, 0x8B, 0xA4, 0xB0, 0xAC, 0x9F, 0x90, 0x84, 0x81, 0x83, 0x88, 0x81, 0x6D ; file 0F3025
db 0x61, 0x61, 0x60, 0x65, 0x73, 0x84, 0x95, 0x9F, 0x9E, 0x98, 0x8C, 0x7D, 0x82, 0x84, 0x7A, 0x74 ; file 0F3035
db 0x6C, 0x57, 0x4D, 0x5B, 0x72, 0x83, 0x8D, 0x94, 0x93, 0x84, 0x6F, 0x60, 0x57, 0x53, 0x54, 0x5D ; file 0F3045
db 0x62, 0x63, 0x6B, 0x78, 0x7F, 0x8A, 0x95, 0x9C, 0x96, 0x8D, 0x85, 0x86, 0x90, 0x97, 0x93, 0x8B ; file 0F3055
db 0x85, 0x86, 0x8A, 0x86, 0x82, 0x82, 0x8C, 0x91, 0x85, 0x79, 0x70, 0x62, 0x60, 0x73, 0x90, 0xA3 ; file 0F3065
db 0xA6, 0xA4, 0x9C, 0x8B, 0x79, 0x6D, 0x69, 0x72, 0x80, 0x97, 0xAB, 0xAF, 0xA7, 0x9A, 0x8B, 0x84 ; file 0F3075
db 0x81, 0x85, 0x86, 0x77, 0x64, 0x60, 0x60, 0x5D, 0x68, 0x79, 0x87, 0x98, 0xA4, 0xA0, 0x94, 0x86 ; file 0F3085
db 0x80, 0x84, 0x7F, 0x75, 0x6F, 0x61, 0x51, 0x53, 0x67, 0x7C, 0x85, 0x8F, 0x96, 0x8E, 0x7B, 0x6B ; file 0F3095
db 0x5C, 0x53, 0x51, 0x59, 0x61, 0x62, 0x67, 0x73, 0x7D, 0x86, 0x8F, 0x98, 0x97, 0x91, 0x88, 0x84 ; file 0F30A5
db 0x8D, 0x96, 0x95, 0x8E, 0x84, 0x82, 0x8A, 0x8B, 0x83, 0x83, 0x89, 0x90, 0x8C, 0x7F, 0x73, 0x67 ; file 0F30B5
db 0x5F, 0x68, 0x81, 0x9C, 0xA3, 0xA4, 0xA1, 0x94, 0x81, 0x75, 0x6C, 0x6C, 0x77, 0x8B, 0xA2, 0xAE ; file 0F30C5
db 0xAB, 0xA3, 0x95, 0x89, 0x84, 0x83, 0x87, 0x81, 0x6C, 0x60, 0x61, 0x5C, 0x5E, 0x6E, 0x7D, 0x8B ; file 0F30D5
db 0xA0, 0xAA, 0x9C, 0x8F, 0x86, 0x83, 0x81, 0x7A, 0x71, 0x68, 0x59, 0x52, 0x5C, 0x73, 0x7F, 0x86 ; file 0F30E5
db 0x93, 0x94, 0x84, 0x75, 0x67, 0x56, 0x4F, 0x54, 0x5F, 0x63, 0x64, 0x6E, 0x7A, 0x83, 0x8B, 0x92 ; file 0F30F5
db 0x95, 0x92, 0x8C, 0x85, 0x89, 0x94, 0x97, 0x91, 0x85, 0x7D, 0x83, 0x8F, 0x88, 0x83, 0x89, 0x8F ; file 0F3105
db 0x8E, 0x87, 0x79, 0x6C, 0x61, 0x64, 0x74, 0x91, 0xA2, 0xA1, 0xA2, 0x9C, 0x8A, 0x7C, 0x73, 0x6B ; file 0F3115
db 0x6F, 0x80, 0x97, 0xA8, 0xAC, 0xA8, 0x9E, 0x90, 0x88, 0x84, 0x84, 0x85, 0x77, 0x64, 0x61, 0x5E ; file 0F3125
db 0x59, 0x62, 0x73, 0x7F, 0x92, 0xAC, 0xA9, 0x96, 0x8E, 0x87, 0x80, 0x7D, 0x74, 0x6B, 0x60, 0x56 ; file 0F3135
db 0x57, 0x68, 0x7A, 0x7F, 0x8B, 0x95, 0x8D, 0x7E, 0x72, 0x60, 0x51, 0x4F, 0x5A, 0x62, 0x64, 0x6A ; file 0F3145
db 0x76, 0x7F, 0x89, 0x8F, 0x91, 0x91, 0x8E, 0x87, 0x87, 0x91, 0x97, 0x93, 0x89, 0x7D, 0x7C, 0x8B ; file 0F3155
db 0x8F, 0x85, 0x87, 0x90, 0x8E, 0x8C, 0x81, 0x71, 0x64, 0x62, 0x6C, 0x83, 0x9B, 0x9F, 0x9F, 0x9F ; file 0F3165
db 0x93, 0x81, 0x7B, 0x71, 0x6C, 0x76, 0x8B, 0x9F, 0xA9, 0xA9, 0xA5, 0x9A, 0x8F, 0x88, 0x83, 0x84 ; file 0F3175
db 0x7E, 0x6D, 0x62, 0x60, 0x5A, 0x59, 0x68, 0x75, 0x82, 0xA0, 0xB3, 0xA1, 0x93, 0x90, 0x84, 0x7D ; file 0F3185
db 0x7A, 0x6E, 0x64, 0x5C, 0x59, 0x5F, 0x72, 0x7B, 0x81, 0x90, 0x92, 0x84, 0x7B, 0x6D, 0x57, 0x4D ; file 0F3195
db 0x54, 0x5F, 0x63, 0x68, 0x71, 0x7C, 0x86, 0x8D, 0x8F, 0x8D, 0x8D, 0x8A, 0x86, 0x8D, 0x96, 0x95 ; file 0F31A5
db 0x8D, 0x80, 0x78, 0x82, 0x90, 0x8B, 0x85, 0x90, 0x92, 0x8C, 0x88, 0x79, 0x68, 0x62, 0x6A, 0x77 ; file 0F31B5
db 0x91, 0x9D, 0x9C, 0x9E, 0x9A, 0x89, 0x7F, 0x79, 0x6F, 0x6E, 0x80, 0x96, 0xA3, 0xA8, 0xA7, 0xA2 ; file 0F31C5
db 0x97, 0x8D, 0x87, 0x83, 0x80, 0x75, 0x66, 0x61, 0x5B, 0x56, 0x5C, 0x6C, 0x76, 0x8D, 0xAF, 0xB0 ; file 0F31D5
db 0x9A, 0x95, 0x8E, 0x7D, 0x7B, 0x74, 0x67, 0x5E, 0x5D, 0x5D, 0x6A, 0x76, 0x7A, 0x87, 0x92, 0x8A ; file 0F31E5
db 0x81, 0x79, 0x64, 0x50, 0x4F, 0x5A, 0x61, 0x66, 0x6E, 0x77, 0x82, 0x8B, 0x8E, 0x8B, 0x89, 0x8A ; file 0F31F5
db 0x87, 0x8B, 0x94, 0x97, 0x90, 0x84, 0x78, 0x79, 0x8A, 0x90, 0x88, 0x8D, 0x95, 0x8D, 0x8A, 0x82 ; file 0F3205
db 0x6E, 0x62, 0x68, 0x72, 0x85, 0x98, 0x9B, 0x9B, 0x9D, 0x92, 0x83, 0x7F, 0x77, 0x6D, 0x76, 0x8C ; file 0F3215
db 0x9B, 0xA3, 0xA6, 0xA6, 0x9F, 0x95, 0x8C, 0x85, 0x80, 0x79, 0x6E, 0x64, 0x5E, 0x57, 0x56, 0x61 ; file 0F3225
db 0x6E, 0x7C, 0x9F, 0xB5, 0xA7, 0x99, 0x97, 0x85, 0x79, 0x78, 0x6C, 0x5F, 0x60, 0x61, 0x65, 0x70 ; file 0F3235
db 0x76, 0x7D, 0x8B, 0x8D, 0x86, 0x81, 0x72, 0x5A, 0x4E, 0x55, 0x5E, 0x64, 0x6C, 0x74, 0x7E, 0x89 ; file 0F3245
db 0x8E, 0x8A, 0x85, 0x87, 0x87, 0x89, 0x92, 0x97, 0x92, 0x88, 0x7B, 0x74, 0x81, 0x8F, 0x8D, 0x8B ; file 0F3255
db 0x96, 0x92, 0x8A, 0x86, 0x78, 0x65, 0x65, 0x70, 0x7D, 0x8F, 0x97, 0x99, 0x9A, 0x96, 0x8A, 0x83 ; file 0F3265
db 0x7E, 0x74, 0x70, 0x82, 0x94, 0x9C, 0xA2, 0xA6, 0xA4, 0x9E, 0x92, 0x8A, 0x82, 0x7A, 0x72, 0x6B ; file 0F3275
db 0x61, 0x59, 0x55, 0x58, 0x64, 0x70, 0x8B, 0xAD, 0xB3, 0xA1, 0x9C, 0x92, 0x7C, 0x76, 0x72, 0x62 ; file 0F3285
db 0x5E, 0x65, 0x67, 0x6C, 0x70, 0x77, 0x82, 0x8B, 0x88, 0x86, 0x7D, 0x68, 0x53, 0x51, 0x5A, 0x61 ; file 0F3295
db 0x6A, 0x73, 0x7A, 0x85, 0x8D, 0x8C, 0x83, 0x82, 0x85, 0x88, 0x91, 0x97, 0x94, 0x8B, 0x7E, 0x74 ; file 0F32A5
db 0x79, 0x88, 0x8F, 0x8E, 0x94, 0x97, 0x8D, 0x87, 0x80, 0x6C, 0x63, 0x6E, 0x7A, 0x87, 0x91, 0x96 ; file 0F32B5
db 0x97, 0x96, 0x8E, 0x88, 0x83, 0x7C, 0x73, 0x79, 0x8C, 0x96, 0x9C, 0xA4, 0xA6, 0xA5, 0x9B, 0x90 ; file 0F32C5
db 0x87, 0x7B, 0x73, 0x6F, 0x67, 0x5B, 0x55, 0x56, 0x5A, 0x66, 0x7B, 0x9D, 0xB2, 0xAD, 0xA2, 0x9C ; file 0F32D5
db 0x88, 0x76, 0x73, 0x68, 0x5D, 0x64, 0x6A, 0x6C, 0x6C, 0x71, 0x7B, 0x84, 0x86, 0x88, 0x84, 0x75 ; file 0F32E5
db 0x5E, 0x52, 0x56, 0x5D, 0x66, 0x71, 0x79, 0x81, 0x8B, 0x8D, 0x84, 0x7E, 0x80, 0x86, 0x8F, 0x97 ; file 0F32F5
db 0x96, 0x8E, 0x81, 0x75, 0x74, 0x80, 0x8B, 0x90, 0x94, 0x98, 0x92, 0x88, 0x82, 0x76, 0x65, 0x6A ; file 0F3305
db 0x78, 0x85, 0x8A, 0x90, 0x95, 0x94, 0x90, 0x8C, 0x88, 0x83, 0x7A, 0x77, 0x83, 0x90, 0x95, 0x9D ; file 0F3315
db 0xA5, 0xA7, 0xA4, 0x99, 0x8D, 0x80, 0x73, 0x70, 0x6E, 0x61, 0x56, 0x55, 0x56, 0x5B, 0x6D, 0x8B ; file 0F3325
db 0xA6, 0xB2, 0xAC, 0xA2, 0x94, 0x7E, 0x72, 0x6D, 0x5F, 0x60, 0x6C, 0x71, 0x6D, 0x6B, 0x75, 0x7D ; file 0F3335
db 0x81, 0x86, 0x89, 0x7F, 0x6B, 0x59, 0x55, 0x5A, 0x62, 0x6E, 0x78, 0x7E, 0x88, 0x8E, 0x87, 0x7D ; file 0F3345
db 0x7B, 0x81, 0x8C, 0x96, 0x98, 0x91, 0x85, 0x78, 0x73, 0x7B, 0x83, 0x8D, 0x96, 0x9A, 0x95, 0x8D ; file 0F3355
db 0x83, 0x7B, 0x6C, 0x68, 0x74, 0x83, 0x88, 0x89, 0x90, 0x92, 0x8E, 0x8D, 0x8D, 0x87, 0x81, 0x7B ; file 0F3365
db 0x7E, 0x89, 0x90, 0x95, 0xA0, 0xA6, 0xA9, 0xA2, 0x95, 0x87, 0x76, 0x6E, 0x71, 0x69, 0x5A, 0x55 ; file 0F3375
db 0x55, 0x54, 0x60, 0x7D, 0x98, 0xAB, 0xB4, 0xAC, 0x9C, 0x8B, 0x76, 0x6D, 0x64, 0x5F, 0x69, 0x74 ; file 0F3385
db 0x73, 0x69, 0x6E, 0x78, 0x7B, 0x81, 0x8A, 0x85, 0x76, 0x64, 0x59, 0x57, 0x5D, 0x69, 0x76, 0x7D ; file 0F3395
db 0x85, 0x8C, 0x89, 0x7E, 0x78, 0x7A, 0x86, 0x95, 0x99, 0x94, 0x88, 0x7B, 0x72, 0x78, 0x7E, 0x86 ; file 0F33A5
db 0x94, 0x9E, 0x98, 0x92, 0x87, 0x7D, 0x72, 0x6B, 0x71, 0x81, 0x8A, 0x84, 0x88, 0x90, 0x8C, 0x8A ; file 0F33B5
db 0x8F, 0x8C, 0x86, 0x82, 0x80, 0x83, 0x8A, 0x8E, 0x98, 0xA2, 0xA9, 0xA9, 0x9E, 0x8F, 0x7D, 0x6E ; file 0F33C5
db 0x6F, 0x6F, 0x60, 0x56, 0x55, 0x53, 0x55, 0x6F, 0x8B, 0x9D, 0xB0, 0xB7, 0xA6, 0x94, 0x81, 0x6E ; file 0F33D5
db 0x65, 0x61, 0x65, 0x73, 0x7A, 0x6D, 0x68, 0x72, 0x76, 0x78, 0x86, 0x8A, 0x7E, 0x6F, 0x63, 0x5A ; file 0F33E5
db 0x5A, 0x64, 0x72, 0x7C, 0x83, 0x8A, 0x8B, 0x81, 0x78, 0x75, 0x7E, 0x90, 0x9A, 0x96, 0x8C, 0x7E ; file 0F33F5
db 0x73, 0x76, 0x7C, 0x7F, 0x8D, 0x9F, 0x9D, 0x93, 0x8D, 0x80, 0x74, 0x6F, 0x71, 0x7C, 0x8B, 0x87 ; file 0F3405
db 0x82, 0x89, 0x8C, 0x86, 0x8D, 0x91, 0x8B, 0x87, 0x86, 0x84, 0x84, 0x88, 0x90, 0x9B, 0xA6, 0xAB ; file 0F3415
db 0xA7, 0x99, 0x85, 0x72, 0x6C, 0x70, 0x68, 0x5A, 0x56, 0x54, 0x4F, 0x5F, 0x7E, 0x91, 0xA3, 0xB9 ; file 0F3425
db 0xB4, 0x9C, 0x8D, 0x77, 0x65, 0x62, 0x65, 0x6E, 0x7C, 0x76, 0x68, 0x6C, 0x73, 0x72, 0x7D, 0x89 ; file 0F3435
db 0x85, 0x77, 0x6D, 0x62, 0x59, 0x5E, 0x6D, 0x79, 0x83, 0x88, 0x8A, 0x83, 0x7A, 0x74, 0x76, 0x88 ; file 0F3445
db 0x98, 0x99, 0x8F, 0x81, 0x75, 0x74, 0x7B, 0x7C, 0x83, 0x99, 0xA3, 0x97, 0x90, 0x86, 0x76, 0x70 ; file 0F3455
db 0x75, 0x7A, 0x89, 0x8A, 0x81, 0x81, 0x88, 0x85, 0x87, 0x91, 0x91, 0x8B, 0x8C, 0x8A, 0x83, 0x82 ; file 0F3465
db 0x89, 0x93, 0xA0, 0xAA, 0xAC, 0xA3, 0x8F, 0x79, 0x6D, 0x6E, 0x6C, 0x61, 0x57, 0x54, 0x50, 0x54 ; file 0F3475
db 0x70, 0x86, 0x94, 0xAE, 0xBD, 0xA9, 0x94, 0x84, 0x6B, 0x5F, 0x66, 0x6C, 0x79, 0x7D, 0x6F, 0x68 ; file 0F3485
db 0x6E, 0x6E, 0x73, 0x83, 0x88, 0x7E, 0x75, 0x6D, 0x5F, 0x5B, 0x67, 0x75, 0x80, 0x88, 0x8A, 0x85 ; file 0F3495
db 0x7C, 0x74, 0x72, 0x7E, 0x93, 0x9A, 0x93, 0x85, 0x78, 0x72, 0x7A, 0x7B, 0x7D, 0x8E, 0xA3, 0x9E ; file 0F34A5
db 0x93, 0x8C, 0x7C, 0x6F, 0x76, 0x7C, 0x85, 0x8C, 0x84, 0x7D, 0x81, 0x82, 0x83, 0x8D, 0x93, 0x90 ; file 0F34B5
db 0x8F, 0x91, 0x89, 0x7F, 0x82, 0x8C, 0x97, 0xA6, 0xAD, 0xAB, 0x9B, 0x83, 0x71, 0x6C, 0x6C, 0x67 ; file 0F34C5
db 0x5D, 0x56, 0x51, 0x50, 0x62, 0x7B, 0x89, 0x9D, 0xB9, 0xB7, 0x9E, 0x8D, 0x78, 0x60, 0x62, 0x6C ; file 0F34D5
db 0x75, 0x7F, 0x77, 0x6B, 0x69, 0x6B, 0x6D, 0x7A, 0x85, 0x82, 0x7A, 0x76, 0x6A, 0x5D, 0x62, 0x70 ; file 0F34E5
db 0x7D, 0x87, 0x8A, 0x86, 0x7D, 0x76, 0x71, 0x76, 0x8A, 0x98, 0x96, 0x8A, 0x7B, 0x73, 0x78, 0x7B ; file 0F34F5
db 0x7A, 0x84, 0x9C, 0xA3, 0x98, 0x8E, 0x83, 0x71, 0x73, 0x7F, 0x85, 0x8C, 0x88, 0x7F, 0x7B, 0x7E ; file 0F3505
db 0x7F, 0x87, 0x90, 0x93, 0x91, 0x95, 0x92, 0x83, 0x7D, 0x85, 0x8F, 0x9E, 0xAA, 0xAE, 0xA6, 0x8F ; file 0F3515
db 0x78, 0x6F, 0x6B, 0x69, 0x63, 0x5A, 0x52, 0x4F, 0x59, 0x6E, 0x7F, 0x8E, 0xAB, 0xBC, 0xAD, 0x95 ; file 0F3525
db 0x84, 0x6A, 0x5E, 0x6A, 0x74, 0x7D, 0x7C, 0x72, 0x6A, 0x67, 0x68, 0x71, 0x7E, 0x83, 0x7E, 0x7C ; file 0F3535
db 0x75, 0x66, 0x60, 0x6B, 0x77, 0x84, 0x8B, 0x87, 0x7E, 0x78, 0x72, 0x72, 0x80, 0x93, 0x97, 0x8F ; file 0F3545
db 0x7F, 0x74, 0x76, 0x7B, 0x7A, 0x7E, 0x91, 0xA1, 0x9E, 0x92, 0x88, 0x78, 0x70, 0x7C, 0x87, 0x8D ; file 0F3555
db 0x8A, 0x82, 0x7B, 0x78, 0x7A, 0x82, 0x8B, 0x93, 0x95, 0x97, 0x98, 0x8C, 0x7C, 0x7E, 0x87, 0x94 ; file 0F3565
db 0xA4, 0xAD, 0xAC, 0x9C, 0x82, 0x73, 0x6D, 0x68, 0x66, 0x61, 0x56, 0x4F, 0x54, 0x65, 0x74, 0x82 ; file 0F3575
db 0x9A, 0xB4, 0xB7, 0xA3, 0x8D, 0x78, 0x61, 0x64, 0x73, 0x7C, 0x7C, 0x78, 0x70, 0x66, 0x63, 0x6B ; file 0F3585
db 0x76, 0x7E, 0x80, 0x7F, 0x7D, 0x71, 0x64, 0x66, 0x72, 0x7F, 0x8A, 0x8A, 0x80, 0x78, 0x73, 0x70 ; file 0F3595
db 0x79, 0x8A, 0x95, 0x92, 0x84, 0x76, 0x74, 0x7B, 0x7A, 0x7C, 0x88, 0x9A, 0xA0, 0x9A, 0x8C, 0x7F ; file 0F35A5
db 0x72, 0x77, 0x87, 0x90, 0x8C, 0x85, 0x7E, 0x77, 0x74, 0x7C, 0x86, 0x8F, 0x95, 0x99, 0x9C, 0x96 ; file 0F35B5
db 0x84, 0x7A, 0x80, 0x8C, 0x9B, 0xA9, 0xAE, 0xA6, 0x8F, 0x7A, 0x72, 0x68, 0x65, 0x65, 0x5D, 0x51 ; file 0F35C5
db 0x51, 0x60, 0x6A, 0x77, 0x8C, 0xA5, 0xB5, 0xB0, 0x98, 0x83, 0x6C, 0x61, 0x6D, 0x7C, 0x7D, 0x7A ; file 0F35D5
db 0x77, 0x6C, 0x60, 0x64, 0x70, 0x77, 0x7D, 0x80, 0x82, 0x7B, 0x6E, 0x67, 0x6D, 0x79, 0x86, 0x8C ; file 0F35E5
db 0x84, 0x79, 0x74, 0x70, 0x74, 0x82, 0x8F, 0x92, 0x89, 0x7A, 0x73, 0x79, 0x7B, 0x7A, 0x82, 0x93 ; file 0F35F5
db 0x9B, 0x9E, 0x93, 0x83, 0x77, 0x75, 0x82, 0x92, 0x91, 0x87, 0x81, 0x7A, 0x70, 0x74, 0x81, 0x8A ; file 0F3605
db 0x93, 0x9A, 0x9F, 0x9D, 0x8F, 0x7D, 0x7A, 0x84, 0x92, 0xA1, 0xAB, 0xAB, 0x9C, 0x84, 0x77, 0x6D ; file 0F3615
db 0x64, 0x65, 0x64, 0x57, 0x4F, 0x5B, 0x65, 0x6C, 0x7E, 0x97, 0xAA, 0xB4, 0xA7, 0x8D, 0x78, 0x67 ; file 0F3625
db 0x68, 0x78, 0x80, 0x7A, 0x7A, 0x74, 0x64, 0x5E, 0x69, 0x71, 0x77, 0x7D, 0x84, 0x82, 0x78, 0x6D ; file 0F3635
db 0x6B, 0x73, 0x81, 0x8A, 0x88, 0x7C, 0x74, 0x71, 0x72, 0x7D, 0x88, 0x8F, 0x8D, 0x80, 0x74, 0x77 ; file 0F3645
db 0x7B, 0x7A, 0x7E, 0x8D, 0x96, 0x9C, 0x9A, 0x8A, 0x7B, 0x76, 0x7D, 0x8E, 0x97, 0x8B, 0x83, 0x7E ; file 0F3655
db 0x73, 0x6D, 0x7A, 0x85, 0x8E, 0x97, 0xA1, 0xA1, 0x98, 0x86, 0x79, 0x7C, 0x89, 0x97, 0xA6, 0xAC ; file 0F3665
db 0xA4, 0x91, 0x7F, 0x74, 0x67, 0x62, 0x66, 0x5F, 0x52, 0x56, 0x64, 0x66, 0x71, 0x8A, 0x9D, 0xAC ; file 0F3675
db 0xB1, 0x9C, 0x81, 0x71, 0x68, 0x70, 0x81, 0x7D, 0x79, 0x7A, 0x6E, 0x5D, 0x62, 0x6D, 0x70, 0x78 ; file 0F3685
db 0x82, 0x86, 0x80, 0x77, 0x70, 0x70, 0x7B, 0x86, 0x8A, 0x80, 0x75, 0x71, 0x70, 0x78, 0x83, 0x8A ; file 0F3695
db 0x8C, 0x84, 0x77, 0x75, 0x7B, 0x7A, 0x7B, 0x87, 0x92, 0x96, 0x9B, 0x93, 0x7F, 0x77, 0x7C, 0x87 ; file 0F36A5
db 0x98, 0x93, 0x85, 0x80, 0x78, 0x6B, 0x70, 0x80, 0x89, 0x92, 0x9F, 0xA5, 0x9F, 0x91, 0x80, 0x79 ; file 0F36B5
db 0x81, 0x8F, 0x9D, 0xA8, 0xA8, 0x9A, 0x89, 0x7B, 0x6D, 0x62, 0x64, 0x65, 0x58, 0x53, 0x60, 0x65 ; file 0F36C5
db 0x66, 0x7B, 0x93, 0x9F, 0xAE, 0xAA, 0x8F, 0x78, 0x6F, 0x6D, 0x7B, 0x81, 0x79, 0x7A, 0x77, 0x63 ; file 0F36D5
db 0x5C, 0x67, 0x6C, 0x70, 0x7C, 0x88, 0x86, 0x80, 0x78, 0x71, 0x75, 0x81, 0x89, 0x85, 0x79, 0x71 ; file 0F36E5
db 0x6F, 0x75, 0x80, 0x86, 0x88, 0x85, 0x7B, 0x75, 0x7A, 0x7B, 0x7A, 0x82, 0x8F, 0x90, 0x97, 0x98 ; file 0F36F5
db 0x89, 0x78, 0x7C, 0x83, 0x93, 0x9A, 0x8B, 0x81, 0x7C, 0x6F, 0x69, 0x77, 0x84, 0x8C, 0x99, 0xA6 ; file 0F3705
db 0xA4, 0x99, 0x8A, 0x7C, 0x7A, 0x87, 0x94, 0xA2, 0xA8, 0xA1, 0x92, 0x84, 0x75, 0x67, 0x61, 0x65 ; file 0F3715
db 0x60, 0x55, 0x5C, 0x65, 0x63, 0x6D, 0x86, 0x95, 0xA2, 0xAE, 0xA0, 0x81, 0x76, 0x71, 0x75, 0x81 ; file 0F3725
db 0x7C, 0x79, 0x7B, 0x6E, 0x5D, 0x60, 0x68, 0x6A, 0x73, 0x83, 0x89, 0x85, 0x80, 0x79, 0x74, 0x7C ; file 0F3735
db 0x86, 0x87, 0x7D, 0x73, 0x6E, 0x72, 0x7D, 0x83, 0x84, 0x84, 0x7E, 0x76, 0x79, 0x7C, 0x7A, 0x7E ; file 0F3745
db 0x8C, 0x8F, 0x91, 0x97, 0x92, 0x7E, 0x7A, 0x83, 0x8D, 0x9B, 0x94, 0x85, 0x7E, 0x75, 0x69, 0x6D ; file 0F3755
db 0x7D, 0x88, 0x91, 0xA2, 0xA9, 0xA0, 0x93, 0x84, 0x79, 0x7F, 0x8D, 0x99, 0xA3, 0xA3, 0x99, 0x8E ; file 0F3765
db 0x7F, 0x6E, 0x62, 0x62, 0x63, 0x5B, 0x5A, 0x64, 0x64, 0x64, 0x78, 0x8C, 0x95, 0xA5, 0xAA, 0x91 ; file 0F3775
db 0x7B, 0x78, 0x75, 0x7D, 0x80, 0x79, 0x7A, 0x77, 0x65, 0x5D, 0x63, 0x67, 0x6A, 0x7A, 0x89, 0x89 ; file 0F3785
db 0x86, 0x82, 0x79, 0x78, 0x82, 0x86, 0x80, 0x77, 0x6F, 0x6F, 0x79, 0x82, 0x83, 0x81, 0x7E, 0x78 ; file 0F3795
db 0x78, 0x7C, 0x7A, 0x7B, 0x87, 0x90, 0x8D, 0x91, 0x94, 0x88, 0x7A, 0x81, 0x8B, 0x96, 0x9A, 0x8D ; file 0F37A5
db 0x80, 0x7A, 0x6D, 0x69, 0x73, 0x81, 0x8B, 0x9A, 0xA9, 0xA7, 0x99, 0x8E, 0x7F, 0x7A, 0x84, 0x91 ; file 0F37B5
db 0x9D, 0xA2, 0x9D, 0x95, 0x8A, 0x77, 0x68, 0x61, 0x63, 0x60, 0x5B, 0x62, 0x65, 0x63, 0x6B, 0x81 ; file 0F37C5
db 0x8D, 0x98, 0xA7, 0xA1, 0x86, 0x7C, 0x7B, 0x7B, 0x7F, 0x7D, 0x79, 0x7A, 0x6E, 0x60, 0x5F, 0x63 ; file 0F37D5
db 0x66, 0x6F, 0x82, 0x8B, 0x8A, 0x89, 0x82, 0x7A, 0x7D, 0x84, 0x82, 0x7A, 0x72, 0x6D, 0x74, 0x80 ; file 0F37E5
db 0x83, 0x7F, 0x7C, 0x78, 0x77, 0x7C, 0x7B, 0x7A, 0x82, 0x8F, 0x8D, 0x8C, 0x91, 0x8F, 0x7F, 0x7E ; file 0F37F5
db 0x8A, 0x94, 0x9A, 0x95, 0x87, 0x7C, 0x72, 0x69, 0x6C, 0x79, 0x86, 0x92, 0xA4, 0xAB, 0xA1, 0x94 ; file 0F3805
db 0x89, 0x7C, 0x7D, 0x89, 0x95, 0x9E, 0x9E, 0x98, 0x93, 0x83, 0x6F, 0x64, 0x61, 0x61, 0x5E, 0x62 ; file 0F3815
db 0x65, 0x63, 0x65, 0x74, 0x84, 0x8E, 0x9B, 0xA6, 0x95, 0x81, 0x80, 0x7F, 0x7E, 0x7E, 0x7C, 0x79 ; file 0F3825
db 0x74, 0x68, 0x60, 0x5F, 0x62, 0x67, 0x78, 0x88, 0x8C, 0x8D, 0x8C, 0x81, 0x7C, 0x81, 0x82, 0x7C ; file 0F3835
db 0x75, 0x6E, 0x6F, 0x7C, 0x83, 0x80, 0x7A, 0x77, 0x75, 0x7B, 0x7D, 0x7A, 0x7E, 0x8C, 0x8F, 0x8B ; file 0F3845
db 0x8C, 0x8F, 0x86, 0x7E, 0x86, 0x93, 0x99, 0x97, 0x8F, 0x81, 0x76, 0x6C, 0x6A, 0x70, 0x7E, 0x8B ; file 0F3855
db 0x9C, 0xAA, 0xA8, 0x9A, 0x91, 0x84, 0x7C, 0x82, 0x8E, 0x97, 0x9B, 0x98, 0x96, 0x8E, 0x79, 0x6A ; file 0F3865
db 0x63, 0x5F, 0x5F, 0x63, 0x67, 0x64, 0x63, 0x6B, 0x7A, 0x84, 0x8F, 0x9E, 0x9F, 0x8D, 0x83, 0x85 ; file 0F3875
db 0x81, 0x7C, 0x7D, 0x7B, 0x77, 0x6E, 0x66, 0x5F, 0x5E, 0x61, 0x6D, 0x80, 0x8B, 0x8F, 0x91, 0x8C ; file 0F3885
db 0x82, 0x7F, 0x81, 0x7D, 0x77, 0x70, 0x6D, 0x77, 0x82, 0x81, 0x7A, 0x74, 0x72, 0x78, 0x7E, 0x7B ; file 0F3895
db 0x7C, 0x87, 0x8F, 0x8B, 0x89, 0x8A, 0x88, 0x82, 0x84, 0x90, 0x9A, 0x98, 0x94, 0x89, 0x7A, 0x6F ; file 0F38A5
db 0x6B, 0x6C, 0x75, 0x84, 0x94, 0xA4, 0xAB, 0xA2, 0x96, 0x8D, 0x81, 0x7D, 0x86, 0x91, 0x96, 0x97 ; file 0F38B5
db 0x97, 0x95, 0x85, 0x72, 0x67, 0x61, 0x5D, 0x62, 0x6A, 0x66, 0x62, 0x67, 0x71, 0x7B, 0x86, 0x91 ; file 0F38C5
db 0x9C, 0x98, 0x8A, 0x88, 0x8A, 0x7F, 0x7B, 0x7E, 0x79, 0x70, 0x6B, 0x64, 0x5B, 0x5C, 0x65, 0x75 ; file 0F38D5
db 0x85, 0x8E, 0x94, 0x94, 0x8C, 0x83, 0x80, 0x7D, 0x77, 0x72, 0x6E, 0x72, 0x7F, 0x83, 0x7C, 0x73 ; file 0F38E5
db 0x6F, 0x74, 0x7E, 0x7D, 0x7B, 0x83, 0x8F, 0x8C, 0x89, 0x86, 0x86, 0x84, 0x85, 0x8D, 0x9B, 0x9B ; file 0F38F5
db 0x94, 0x90, 0x82, 0x71, 0x6C, 0x6D, 0x6E, 0x7A, 0x8D, 0x9E, 0xA9, 0xA7, 0x9C, 0x93, 0x8A, 0x80 ; file 0F3905
db 0x80, 0x8A, 0x91, 0x92, 0x94, 0x97, 0x90, 0x7C, 0x6D, 0x65, 0x5C, 0x5F, 0x6C, 0x6B, 0x63, 0x64 ; file 0F3915
db 0x6D, 0x71, 0x7C, 0x87, 0x91, 0x99, 0x95, 0x8C, 0x8E, 0x89, 0x7A, 0x7C, 0x7D, 0x72, 0x6D, 0x6B ; file 0F3925
db 0x5F, 0x58, 0x5E, 0x6C, 0x7C, 0x8A, 0x94, 0x98, 0x95, 0x8C, 0x82, 0x7D, 0x77, 0x73, 0x6F, 0x6F ; file 0F3935
db 0x7A, 0x82, 0x7F, 0x75, 0x6C, 0x6E, 0x7A, 0x7F, 0x7B, 0x7F, 0x8D, 0x8E, 0x8A, 0x85, 0x82, 0x81 ; file 0F3945
db 0x86, 0x8C, 0x97, 0xA0, 0x96, 0x91, 0x8A, 0x78, 0x6C, 0x6E, 0x6D, 0x72, 0x82, 0x97, 0xA4, 0xA8 ; file 0F3955
db 0xA2, 0x98, 0x91, 0x88, 0x80, 0x83, 0x8C, 0x8E, 0x90, 0x96, 0x96, 0x88, 0x76, 0x6A, 0x60, 0x5B ; file 0F3965
db 0x68, 0x71, 0x68, 0x63, 0x6B, 0x6E, 0x72, 0x7E, 0x87, 0x90, 0x99, 0x95, 0x91, 0x92, 0x81, 0x79 ; file 0F3975
db 0x7E, 0x77, 0x6D, 0x6E, 0x67, 0x59, 0x57, 0x65, 0x73, 0x81, 0x90, 0x9A, 0x9A, 0x96, 0x8A, 0x7F ; file 0F3985
db 0x77, 0x72, 0x70, 0x6F, 0x76, 0x80, 0x81, 0x78, 0x6D, 0x68, 0x73, 0x7F, 0x7D, 0x7D, 0x89, 0x8F ; file 0F3995
db 0x8B, 0x87, 0x81, 0x7D, 0x83, 0x8E, 0x94, 0xA0, 0x9B, 0x91, 0x8E, 0x82, 0x6F, 0x6D, 0x6F, 0x6E ; file 0F39A5
db 0x77, 0x8E, 0x9F, 0xA5, 0xA4, 0x9F, 0x95, 0x90, 0x86, 0x80, 0x85, 0x8A, 0x89, 0x91, 0x97, 0x90 ; file 0F39B5
db 0x80, 0x71, 0x66, 0x5B, 0x61, 0x72, 0x6F, 0x64, 0x68, 0x6E, 0x6B, 0x73, 0x7E, 0x84, 0x92, 0x9D ; file 0F39C5
db 0x97, 0x96, 0x8E, 0x7B, 0x7B, 0x7C, 0x6F, 0x6D, 0x6E, 0x60, 0x54, 0x5C, 0x6C, 0x78, 0x89, 0x98 ; file 0F39D5
db 0x9D, 0x9D, 0x95, 0x85, 0x77, 0x71, 0x6F, 0x6F, 0x74, 0x7D, 0x81, 0x7B, 0x6F, 0x65, 0x6B, 0x7B ; file 0F39E5
db 0x7E, 0x7D, 0x85, 0x90, 0x8C, 0x88, 0x82, 0x7A, 0x7C, 0x8B, 0x96, 0x9E, 0xA1, 0x95, 0x8E, 0x89 ; file 0F39F5
db 0x76, 0x6C, 0x6F, 0x6F, 0x70, 0x82, 0x99, 0xA2, 0xA3, 0xA2, 0x9B, 0x94, 0x8F, 0x84, 0x81, 0x85 ; file 0F3A05
db 0x84, 0x89, 0x94, 0x94, 0x89, 0x7B, 0x6D, 0x60, 0x5C, 0x6D, 0x75, 0x69, 0x67, 0x6D, 0x6A, 0x6A ; file 0F3A15
db 0x75, 0x7C, 0x84, 0x99, 0xA1, 0x9B, 0x97, 0x84, 0x79, 0x7D, 0x75, 0x6C, 0x70, 0x69, 0x58, 0x56 ; file 0F3A25
db 0x65, 0x70, 0x7F, 0x93, 0x9F, 0xA1, 0x9F, 0x91, 0x7D, 0x70, 0x6D, 0x6D, 0x72, 0x7C, 0x80, 0x7D ; file 0F3A35
db 0x73, 0x66, 0x64, 0x73, 0x7D, 0x7E, 0x83, 0x8E, 0x8D, 0x88, 0x84, 0x7B, 0x75, 0x84, 0x96, 0x9F ; file 0F3A45
db 0xA2, 0x9B, 0x90, 0x8B, 0x80, 0x6F, 0x6F, 0x71, 0x70, 0x77, 0x8F, 0x9F, 0xA0, 0xA1, 0xA0, 0x98 ; file 0F3A55
db 0x94, 0x8C, 0x82, 0x80, 0x80, 0x81, 0x8D, 0x94, 0x8E, 0x84, 0x76, 0x67, 0x5D, 0x67, 0x75, 0x70 ; file 0F3A65
db 0x68, 0x6C, 0x6B, 0x66, 0x6B, 0x74, 0x78, 0x8B, 0xA3, 0xA5, 0x9D, 0x90, 0x7F, 0x7A, 0x78, 0x6E ; file 0F3A75
db 0x6F, 0x6F, 0x61, 0x54, 0x5D, 0x6B, 0x75, 0x89, 0x9C, 0xA4, 0xA5, 0x9D, 0x88, 0x73, 0x6C, 0x6B ; file 0F3A85
db 0x70, 0x7A, 0x7F, 0x7D, 0x75, 0x69, 0x61, 0x6B, 0x79, 0x7D, 0x81, 0x8D, 0x8E, 0x8A, 0x85, 0x7E ; file 0F3A95
db 0x73, 0x7A, 0x90, 0xA0, 0xA4, 0x9F, 0x94, 0x8C, 0x85, 0x76, 0x6F, 0x71, 0x72, 0x73, 0x84, 0x98 ; file 0F3AA5
db 0x9E, 0x9E, 0xA1, 0x9E, 0x98, 0x94, 0x89, 0x7F, 0x7C, 0x7B, 0x84, 0x90, 0x90, 0x8A, 0x81, 0x6F ; file 0F3AB5
db 0x61, 0x63, 0x71, 0x74, 0x6D, 0x6C, 0x6C, 0x66, 0x63, 0x6B, 0x70, 0x7B, 0x98, 0xAC, 0xA7, 0x98 ; file 0F3AC5
db 0x8A, 0x7C, 0x77, 0x71, 0x6E, 0x6F, 0x69, 0x5A, 0x58, 0x64, 0x6F, 0x7D, 0x95, 0xA3, 0xA8, 0xA6 ; file 0F3AD5
db 0x96, 0x7B, 0x6B, 0x69, 0x6C, 0x78, 0x80, 0x7D, 0x77, 0x6C, 0x61, 0x64, 0x71, 0x7A, 0x80, 0x8B ; file 0F3AE5
db 0x90, 0x8A, 0x86, 0x80, 0x74, 0x72, 0x86, 0x9D, 0xA8, 0xA1, 0x99, 0x8F, 0x86, 0x7C, 0x73, 0x70 ; file 0F3AF5
db 0x72, 0x73, 0x7B, 0x8F, 0x9B, 0x9B, 0x9E, 0xA1, 0x9D, 0x99, 0x92, 0x84, 0x7A, 0x76, 0x7C, 0x88 ; file 0F3B05
db 0x8E, 0x8C, 0x88, 0x7A, 0x68, 0x64, 0x6D, 0x73, 0x72, 0x70, 0x6E, 0x67, 0x62, 0x62, 0x68, 0x6F ; file 0F3B15
db 0x87, 0xA6, 0xB2, 0xA1, 0x92, 0x86, 0x78, 0x72, 0x70, 0x6F, 0x6D, 0x62, 0x59, 0x5D, 0x68, 0x75 ; file 0F3B25
db 0x89, 0x9E, 0xA9, 0xAB, 0xA2, 0x89, 0x70, 0x67, 0x69, 0x73, 0x7F, 0x7F, 0x78, 0x6E, 0x63, 0x61 ; file 0F3B35
db 0x6B, 0x74, 0x7D, 0x89, 0x91, 0x8C, 0x87, 0x81, 0x77, 0x70, 0x7C, 0x94, 0xA9, 0xA7, 0x9B, 0x94 ; file 0F3B45
db 0x89, 0x7E, 0x79, 0x73, 0x72, 0x74, 0x79, 0x85, 0x94, 0x99, 0x9A, 0x9F, 0xA1, 0x9D, 0x98, 0x8E ; file 0F3B55
db 0x7D, 0x73, 0x75, 0x80, 0x88, 0x8B, 0x8C, 0x85, 0x72, 0x67, 0x6D, 0x71, 0x72, 0x74, 0x72, 0x69 ; file 0F3B65
db 0x63, 0x5F, 0x5F, 0x66, 0x77, 0x96, 0xB3, 0xAF, 0x99, 0x90, 0x80, 0x71, 0x70, 0x71, 0x6D, 0x67 ; file 0F3B75
db 0x5F, 0x5C, 0x61, 0x6E, 0x7E, 0x95, 0xA6, 0xAE, 0xAA, 0x98, 0x7B, 0x69, 0x65, 0x6E, 0x7D, 0x81 ; file 0F3B85
db 0x7A, 0x70, 0x65, 0x60, 0x67, 0x6E, 0x77, 0x85, 0x92, 0x8E, 0x89, 0x83, 0x7A, 0x70, 0x75, 0x89 ; file 0F3B95
db 0xA4, 0xAD, 0x9F, 0x97, 0x8F, 0x80, 0x7A, 0x79, 0x73, 0x73, 0x78, 0x81, 0x8C, 0x94, 0x97, 0x9B ; file 0F3BA5
db 0xA1, 0xA2, 0x9D, 0x96, 0x86, 0x73, 0x6F, 0x79, 0x81, 0x87, 0x8B, 0x8A, 0x7D, 0x6D, 0x6E, 0x71 ; file 0F3BB5
db 0x70, 0x74, 0x78, 0x6D, 0x64, 0x5F, 0x5A, 0x5C, 0x6B, 0x85, 0xA7, 0xB8, 0xA5, 0x95, 0x8C, 0x76 ; file 0F3BC5
db 0x6D, 0x73, 0x6E, 0x68, 0x64, 0x60, 0x5E, 0x66, 0x76, 0x8A, 0x9F, 0xAE, 0xAF, 0xA4, 0x8A, 0x71 ; file 0F3BD5
db 0x64, 0x69, 0x78, 0x81, 0x7D, 0x71, 0x67, 0x60, 0x65, 0x6A, 0x70, 0x7E, 0x90, 0x91, 0x8A, 0x85 ; file 0F3BE5
db 0x7D, 0x71, 0x72, 0x80, 0x99, 0xAD, 0xA7, 0x9A, 0x93, 0x85, 0x79, 0x7C, 0x78, 0x73, 0x77, 0x80 ; file 0F3BF5
db 0x86, 0x8D, 0x93, 0x97, 0x9D, 0xA3, 0xA2, 0x9C, 0x91, 0x7C, 0x6C, 0x72, 0x7B, 0x80, 0x87, 0x8C ; file 0F3C05
db 0x85, 0x76, 0x71, 0x75, 0x6F, 0x71, 0x7B, 0x75, 0x67, 0x61, 0x5A, 0x54, 0x5F, 0x76, 0x95, 0xB4 ; file 0F3C15
db 0xB3, 0x9E, 0x94, 0x83, 0x6E, 0x71, 0x72, 0x6A, 0x66, 0x66, 0x61, 0x60, 0x6D, 0x80, 0x93, 0xA8 ; file 0F3C25
db 0xB2, 0xAB, 0x98, 0x7D, 0x69, 0x65, 0x72, 0x7F, 0x7F, 0x75, 0x68, 0x60, 0x63, 0x69, 0x6B, 0x76 ; file 0F3C35
db 0x8B, 0x93, 0x8C, 0x87, 0x80, 0x73, 0x70, 0x7B, 0x8E, 0xA6, 0xAC, 0xA0, 0x95, 0x8D, 0x7C, 0x7B ; file 0F3C45
db 0x7D, 0x76, 0x75, 0x7F, 0x86, 0x87, 0x8D, 0x94, 0x98, 0xA1, 0xA5, 0xA0, 0x99, 0x87, 0x70, 0x6B ; file 0F3C55
db 0x75, 0x7A, 0x80, 0x8A, 0x8A, 0x7F, 0x76, 0x78, 0x73, 0x6E, 0x78, 0x7C, 0x6C, 0x62, 0x5C, 0x52 ; file 0F3C65
db 0x53, 0x69, 0x84, 0xA5, 0xB7, 0xAB, 0x9A, 0x8F, 0x76, 0x6D, 0x73, 0x6E, 0x65, 0x68, 0x67, 0x60 ; file 0F3C75
db 0x65, 0x78, 0x8A, 0x9E, 0xAF, 0xB1, 0xA2, 0x8C, 0x73, 0x64, 0x6B, 0x7A, 0x7F, 0x79, 0x6B, 0x60 ; file 0F3C85
db 0x61, 0x68, 0x68, 0x6D, 0x81, 0x92, 0x8F, 0x89, 0x82, 0x77, 0x6F, 0x77, 0x86, 0x9C, 0xAA, 0xA6 ; file 0F3C95
db 0x9A, 0x91, 0x82, 0x79, 0x7E, 0x7C, 0x76, 0x7C, 0x86, 0x86, 0x86, 0x8E, 0x95, 0x9B, 0xA5, 0xA5 ; file 0F3CA5
db 0x9E, 0x92, 0x7A, 0x6A, 0x6E, 0x74, 0x79, 0x83, 0x8B, 0x85, 0x7D, 0x7C, 0x78, 0x6F, 0x73, 0x7D ; file 0F3CB5
db 0x75, 0x66, 0x5E, 0x55, 0x4D, 0x5B, 0x76, 0x94, 0xAF, 0xB4, 0xA5, 0x96, 0x84, 0x70, 0x70, 0x71 ; file 0F3CC5
db 0x68, 0x66, 0x6C, 0x66, 0x61, 0x6F, 0x82, 0x93, 0xA8, 0xB2, 0xAA, 0x98, 0x81, 0x6B, 0x67, 0x75 ; file 0F3CD5
db 0x7E, 0x7C, 0x70, 0x62, 0x5E, 0x66, 0x68, 0x69, 0x76, 0x8D, 0x91, 0x8C, 0x84, 0x7A, 0x70, 0x73 ; file 0F3CE5
db 0x81, 0x93, 0xA4, 0xA8, 0xA1, 0x94, 0x89, 0x7C, 0x7C, 0x80, 0x7B, 0x79, 0x84, 0x89, 0x83, 0x86 ; file 0F3CF5
db 0x91, 0x97, 0xA1, 0xA7, 0xA4, 0x99, 0x87, 0x70, 0x6A, 0x6F, 0x73, 0x7B, 0x87, 0x88, 0x82, 0x82 ; file 0F3D05
db 0x7F, 0x74, 0x6F, 0x7B, 0x7B, 0x6D, 0x61, 0x58, 0x4D, 0x4F, 0x67, 0x84, 0xA0, 0xB1, 0xB1, 0xA0 ; file 0F3D15
db 0x8F, 0x7A, 0x6F, 0x71, 0x6C, 0x65, 0x6B, 0x6C, 0x64, 0x67, 0x79, 0x8A, 0x9D, 0xAE, 0xAF, 0xA1 ; file 0F3D25
db 0x8E, 0x78, 0x69, 0x6F, 0x7A, 0x7C, 0x75, 0x67, 0x5D, 0x63, 0x69, 0x67, 0x6E, 0x83, 0x90, 0x8E ; file 0F3D35
db 0x87, 0x7E, 0x72, 0x70, 0x7C, 0x8C, 0x9D, 0xA5, 0xA5, 0x9B, 0x8D, 0x81, 0x7C, 0x7E, 0x80, 0x7B ; file 0F3D45
db 0x81, 0x89, 0x86, 0x80, 0x89, 0x93, 0x9B, 0xA4, 0xA8, 0xA0, 0x91, 0x7B, 0x6C, 0x6B, 0x6E, 0x73 ; file 0F3D55
db 0x80, 0x87, 0x85, 0x86, 0x86, 0x7B, 0x71, 0x75, 0x7D, 0x75, 0x67, 0x5B, 0x50, 0x4A, 0x59, 0x76 ; file 0F3D65
db 0x91, 0xA5, 0xB3, 0xAD, 0x98, 0x85, 0x76, 0x6F, 0x6E, 0x67, 0x67, 0x6F, 0x6A, 0x65, 0x70, 0x81 ; file 0F3D75
db 0x93, 0xA5, 0xB0, 0xA8, 0x98, 0x85, 0x71, 0x6C, 0x76, 0x7B, 0x77, 0x6C, 0x5F, 0x5F, 0x68, 0x68 ; file 0F3D85
db 0x69, 0x79, 0x8B, 0x8E, 0x8B, 0x82, 0x76, 0x6F, 0x78, 0x87, 0x97, 0x9F, 0xA3, 0xA1, 0x93, 0x84 ; file 0F3D95
db 0x7F, 0x7D, 0x80, 0x7F, 0x7F, 0x88, 0x89, 0x81, 0x81, 0x8D, 0x96, 0x9F, 0xA7, 0xA6, 0x99, 0x86 ; file 0F3DA5
db 0x74, 0x6A, 0x6A, 0x6D, 0x77, 0x83, 0x85, 0x87, 0x8D, 0x84, 0x76, 0x74, 0x7A, 0x79, 0x6F, 0x60 ; file 0F3DB5
db 0x54, 0x4B, 0x4F, 0x66, 0x83, 0x99, 0xA9, 0xB4, 0xA6, 0x8E, 0x7F, 0x73, 0x6D, 0x6B, 0x67, 0x6C ; file 0F3DC5
db 0x6F, 0x69, 0x6A, 0x78, 0x8A, 0x9B, 0xAA, 0xAC, 0x9F, 0x90, 0x7D, 0x70, 0x73, 0x78, 0x77, 0x70 ; file 0F3DD5
db 0x63, 0x5D, 0x65, 0x68, 0x67, 0x70, 0x83, 0x8B, 0x8C, 0x86, 0x7B, 0x70, 0x74, 0x81, 0x92, 0x9B ; file 0F3DE5
db 0x9E, 0xA2, 0x9C, 0x8A, 0x81, 0x7F, 0x7E, 0x82, 0x81, 0x86, 0x8A, 0x85, 0x7D, 0x84, 0x90, 0x9A ; file 0F3DF5
db 0xA3, 0xA8, 0xA1, 0x8F, 0x7D, 0x70, 0x67, 0x68, 0x6F, 0x7B, 0x82, 0x85, 0x90, 0x8E, 0x7D, 0x75 ; file 0F3E05
db 0x78, 0x79, 0x75, 0x68, 0x59, 0x4C, 0x4B, 0x58, 0x74, 0x8E, 0x9C, 0xAF, 0xB3, 0x9B, 0x87, 0x7D ; file 0F3E15
db 0x6F, 0x6A, 0x69, 0x6A, 0x6F, 0x6F, 0x6B, 0x71, 0x80, 0x93, 0xA1, 0xAA, 0xA5, 0x98, 0x89, 0x79 ; file 0F3E25
db 0x74, 0x76, 0x77, 0x72, 0x67, 0x5D, 0x61, 0x67, 0x67, 0x6B, 0x7B, 0x86, 0x8B, 0x89, 0x7F, 0x72 ; file 0F3E35
db 0x71, 0x7D, 0x8D, 0x99, 0x9A, 0x9E, 0xA0, 0x93, 0x83, 0x82, 0x7F, 0x80, 0x84, 0x86, 0x8A, 0x88 ; file 0F3E45
db 0x80, 0x7D, 0x88, 0x95, 0x9E, 0xA6, 0xA6, 0x98, 0x86, 0x79, 0x6C, 0x64, 0x69, 0x73, 0x7D, 0x82 ; file 0F3E55
db 0x8D, 0x95, 0x88, 0x79, 0x79, 0x78, 0x76, 0x70, 0x60, 0x50, 0x4A, 0x51, 0x64, 0x81, 0x91, 0xA1 ; file 0F3E65
db 0xB4, 0xAB, 0x90, 0x85, 0x78, 0x6B, 0x69, 0x6A, 0x6D, 0x71, 0x70, 0x6F, 0x78, 0x8A, 0x99, 0xA5 ; file 0F3E75
db 0xA6, 0x9E, 0x92, 0x84, 0x7A, 0x76, 0x76, 0x72, 0x6A, 0x60, 0x5F, 0x65, 0x67, 0x69, 0x74, 0x81 ; file 0F3E85
db 0x86, 0x8A, 0x84, 0x77, 0x70, 0x78, 0x86, 0x96, 0x99, 0x98, 0x9E, 0x9B, 0x89, 0x82, 0x82, 0x7F ; file 0F3E95
db 0x83, 0x89, 0x8A, 0x8A, 0x83, 0x7D, 0x7F, 0x8D, 0x9A, 0xA1, 0xA7, 0xA1, 0x8E, 0x80, 0x75, 0x66 ; file 0F3EA5
db 0x63, 0x6C, 0x76, 0x7D, 0x87, 0x96, 0x93, 0x81, 0x7B, 0x7B, 0x75, 0x73, 0x6A, 0x57, 0x4A, 0x4D ; file 0F3EB5
db 0x59, 0x72, 0x87, 0x93, 0xA9, 0xB4, 0x9E, 0x8A, 0x83, 0x71, 0x67, 0x6A, 0x6D, 0x6F, 0x73, 0x73 ; file 0F3EC5
db 0x73, 0x80, 0x92, 0x9D, 0xA3, 0xA1, 0x98, 0x8C, 0x82, 0x7C, 0x76, 0x72, 0x6C, 0x63, 0x5E, 0x63 ; file 0F3ED5
db 0x66, 0x67, 0x6F, 0x7C, 0x80, 0x86, 0x87, 0x7C, 0x70, 0x74, 0x82, 0x92, 0x9A, 0x95, 0x98, 0x9D ; file 0F3EE5
db 0x92, 0x83, 0x84, 0x82, 0x80, 0x89, 0x8E, 0x8B, 0x87, 0x80, 0x7C, 0x83, 0x93, 0x9D, 0xA4, 0xA5 ; file 0F3EF5
db 0x97, 0x86, 0x7E, 0x6E, 0x61, 0x65, 0x6F, 0x76, 0x80, 0x92, 0x99, 0x8D, 0x7F, 0x7E, 0x77, 0x72 ; file 0F3F05
db 0x6F, 0x61, 0x4E, 0x4B, 0x54, 0x64, 0x7C, 0x89, 0x99, 0xAF, 0xAD, 0x94, 0x8A, 0x7D, 0x6A, 0x67 ; file 0F3F15
db 0x6E, 0x6F, 0x72, 0x76, 0x76, 0x79, 0x89, 0x97, 0x9E, 0xA0, 0x9D, 0x93, 0x8B, 0x84, 0x7B, 0x73 ; file 0F3F25
db 0x6D, 0x65, 0x5F, 0x62, 0x65, 0x66, 0x6C, 0x78, 0x7D, 0x81, 0x86, 0x81, 0x74, 0x72, 0x7D, 0x8C ; file 0F3F35
db 0x99, 0x96, 0x94, 0x99, 0x98, 0x8A, 0x84, 0x85, 0x81, 0x84, 0x90, 0x8F, 0x89, 0x82, 0x7E, 0x7C ; file 0F3F45
db 0x8A, 0x98, 0x9F, 0xA5, 0x9F, 0x8E, 0x83, 0x79, 0x66, 0x60, 0x69, 0x70, 0x78, 0x89, 0x9A, 0x96 ; file 0F3F55
db 0x87, 0x81, 0x7C, 0x72, 0x70, 0x6A, 0x56, 0x4A, 0x50, 0x5C, 0x6F, 0x80, 0x8D, 0xA1, 0xB0, 0xA2 ; file 0F3F65
db 0x90, 0x87, 0x75, 0x65, 0x6C, 0x70, 0x70, 0x76, 0x7A, 0x78, 0x80, 0x90, 0x99, 0x9B, 0x9C, 0x98 ; file 0F3F75
db 0x90, 0x8D, 0x84, 0x76, 0x6D, 0x66, 0x5F, 0x61, 0x65, 0x65, 0x68, 0x74, 0x7C, 0x7C, 0x82, 0x83 ; file 0F3F85
db 0x79, 0x71, 0x79, 0x86, 0x96, 0x98, 0x92, 0x93, 0x98, 0x91, 0x86, 0x86, 0x85, 0x82, 0x8C, 0x94 ; file 0F3F95
db 0x8D, 0x84, 0x80, 0x7C, 0x80, 0x90, 0x9C, 0xA1, 0xA2, 0x96, 0x88, 0x81, 0x71, 0x61, 0x62, 0x6B ; file 0F3FA5
db 0x70, 0x7F, 0x96, 0x9B, 0x91, 0x87, 0x82, 0x76, 0x6F, 0x6D, 0x60, 0x4E, 0x4D, 0x58, 0x66, 0x75 ; file 0F3FB5
db 0x82, 0x93, 0xA7, 0xAB, 0x9B, 0x8E, 0x81, 0x6B, 0x66, 0x71, 0x70, 0x73, 0x7C, 0x7D, 0x7C, 0x88 ; file 0F3FC5
db 0x94, 0x96, 0x98, 0x9A, 0x94, 0x91, 0x8F, 0x80, 0x70, 0x67, 0x5F, 0x5E, 0x65, 0x65, 0x65, 0x6F ; file 0F3FD5
db 0x7B, 0x7A, 0x7C, 0x81, 0x7D, 0x72, 0x76, 0x82, 0x92, 0x99, 0x94, 0x90, 0x93, 0x93, 0x8C, 0x87 ; file 0F3FE5
db 0x87, 0x84, 0x87, 0x94, 0x93, 0x87, 0x81, 0x7E, 0x7C, 0x86, 0x95, 0x9E, 0xA0, 0x9B, 0x8F, 0x86 ; file 0F3FF5
db 0x7B, 0x68, 0x5E, 0x65, 0x6B, 0x74, 0x8C, 0x9B, 0x97, 0x8E, 0x88, 0x7D, 0x70, 0x6D, 0x67, 0x56 ; file 0F4005
db 0x4D, 0x54, 0x61, 0x6D, 0x78, 0x87, 0x99, 0xA8, 0xA6, 0x98, 0x89, 0x78, 0x67, 0x6C, 0x73, 0x71 ; file 0F4015
db 0x79, 0x81, 0x7E, 0x81, 0x8E, 0x93, 0x92, 0x97, 0x97, 0x94, 0x96, 0x8C, 0x78, 0x69, 0x5F, 0x5C ; file 0F4025
db 0x63, 0x66, 0x64, 0x6A, 0x79, 0x7B, 0x79, 0x7C, 0x7D, 0x75, 0x74, 0x7E, 0x8D, 0x99, 0x96, 0x91 ; file 0F4035
db 0x8F, 0x90, 0x8E, 0x8B, 0x87, 0x88, 0x86, 0x90, 0x98, 0x8E, 0x82, 0x80, 0x7D, 0x7F, 0x8D, 0x99 ; file 0F4045
db 0x9E, 0x9C, 0x94, 0x8B, 0x83, 0x73, 0x62, 0x60, 0x66, 0x6C, 0x80, 0x97, 0x9A, 0x95, 0x90, 0x84 ; file 0F4055
db 0x76, 0x6C, 0x69, 0x5E, 0x50, 0x52, 0x5D, 0x68, 0x6E, 0x7C, 0x8E, 0x9D, 0xA6, 0xA4, 0x92, 0x83 ; file 0F4065
db 0x6F, 0x69, 0x71, 0x73, 0x75, 0x81, 0x83, 0x81, 0x87, 0x8F, 0x8F, 0x90, 0x95, 0x96, 0x99, 0x97 ; file 0F4075
db 0x84, 0x6E, 0x60, 0x5A, 0x5F, 0x67, 0x64, 0x66, 0x74, 0x7C, 0x77, 0x78, 0x7B, 0x76, 0x73, 0x7B ; file 0F4085
db 0x88, 0x97, 0x97, 0x92, 0x8E, 0x8C, 0x8C, 0x8F, 0x8B, 0x88, 0x89, 0x8C, 0x97, 0x96, 0x87, 0x80 ; file 0F4095
db 0x7F, 0x7E, 0x84, 0x92, 0x9B, 0x9A, 0x96, 0x90, 0x89, 0x7C, 0x6B, 0x60, 0x60, 0x65, 0x73, 0x8E ; file 0F40A5
db 0x9A, 0x98, 0x97, 0x8E, 0x7D, 0x70, 0x69, 0x62, 0x57, 0x52, 0x59, 0x66, 0x69, 0x70, 0x82, 0x91 ; file 0F40B5
db 0x9D, 0xA8, 0x9F, 0x8B, 0x7B, 0x6C, 0x6D, 0x74, 0x75, 0x7C, 0x86, 0x86, 0x84, 0x8A, 0x8C, 0x8A ; file 0F40C5
db 0x90, 0x95, 0x9A, 0x9D, 0x92, 0x79, 0x64, 0x59, 0x5B, 0x65, 0x66, 0x64, 0x6F, 0x7B, 0x79, 0x76 ; file 0F40D5
db 0x76, 0x75, 0x72, 0x79, 0x85, 0x94, 0x99, 0x93, 0x8E, 0x8A, 0x87, 0x8C, 0x90, 0x8A, 0x8A, 0x8D ; file 0F40E5
db 0x94, 0x99, 0x8F, 0x82, 0x80, 0x7F, 0x80, 0x89, 0x96, 0x9A, 0x95, 0x92, 0x8F, 0x83, 0x75, 0x66 ; file 0F40F5
db 0x5E, 0x60, 0x69, 0x81, 0x95, 0x99, 0x9A, 0x98, 0x86, 0x76, 0x6A, 0x63, 0x5B, 0x56, 0x57, 0x62 ; file 0F4105
db 0x69, 0x68, 0x76, 0x87, 0x91, 0xA0, 0xA9, 0x97, 0x83, 0x75, 0x6D, 0x70, 0x76, 0x7A, 0x84, 0x8A ; file 0F4115
db 0x88, 0x86, 0x88, 0x87, 0x89, 0x91, 0x99, 0xA0, 0x9D, 0x88, 0x6D, 0x5A, 0x57, 0x61, 0x67, 0x65 ; file 0F4125
db 0x6A, 0x78, 0x7A, 0x76, 0x73, 0x72, 0x70, 0x76, 0x81, 0x90, 0x99, 0x94, 0x8F, 0x8B, 0x84, 0x85 ; file 0F4135
db 0x90, 0x8F, 0x8A, 0x8D, 0x93, 0x98, 0x96, 0x88, 0x80, 0x80, 0x81, 0x82, 0x8E, 0x97, 0x94, 0x91 ; file 0F4145
db 0x92, 0x8B, 0x7C, 0x6F, 0x63, 0x5C, 0x61, 0x76, 0x8D, 0x96, 0x9A, 0x9E, 0x92, 0x7D, 0x70, 0x64 ; file 0F4155
db 0x5C, 0x5A, 0x5A, 0x5F, 0x68, 0x66, 0x6A, 0x7C, 0x87, 0x92, 0xA7, 0xA5, 0x8D, 0x7D, 0x74, 0x6F ; file 0F4165
db 0x74, 0x7A, 0x81, 0x8A, 0x8E, 0x89, 0x84, 0x83, 0x83, 0x89, 0x95, 0xA1, 0xA3, 0x95, 0x7B, 0x60 ; file 0F4175
db 0x55, 0x5C, 0x65, 0x66, 0x67, 0x74, 0x7A, 0x77, 0x73, 0x6F, 0x6D, 0x72, 0x7F, 0x8D, 0x98, 0x96 ; file 0F4185
db 0x90, 0x8C, 0x85, 0x7F, 0x8A, 0x92, 0x8E, 0x8C, 0x94, 0x97, 0x97, 0x90, 0x83, 0x7F, 0x81, 0x82 ; file 0F4195
db 0x86, 0x91, 0x93, 0x8E, 0x91, 0x91, 0x83, 0x76, 0x6C, 0x5E, 0x5B, 0x6B, 0x83, 0x91, 0x97, 0xA0 ; file 0F41A5
db 0x9D, 0x88, 0x76, 0x69, 0x5C, 0x59, 0x5D, 0x5F, 0x67, 0x67, 0x65, 0x70, 0x7F, 0x86, 0x9A, 0xAA ; file 0F41B5
db 0x9B, 0x84, 0x7D, 0x74, 0x70, 0x79, 0x80, 0x87, 0x90, 0x8F, 0x85, 0x7F, 0x7F, 0x81, 0x8C, 0x9D ; file 0F41C5
db 0xA6, 0x9F, 0x8A, 0x6C, 0x56, 0x57, 0x62, 0x65, 0x67, 0x70, 0x7A, 0x77, 0x74, 0x6F, 0x69, 0x6D ; file 0F41D5
db 0x7C, 0x8A, 0x97, 0x98, 0x92, 0x8D, 0x87, 0x7D, 0x82, 0x90, 0x93, 0x8E, 0x93, 0x9A, 0x97, 0x93 ; file 0F41E5
db 0x8A, 0x81, 0x81, 0x83, 0x83, 0x89, 0x90, 0x8C, 0x8C, 0x92, 0x8A, 0x7C, 0x73, 0x67, 0x59, 0x61 ; file 0F41F5
db 0x79, 0x89, 0x92, 0x9D, 0xA3, 0x94, 0x7F, 0x6F, 0x5F, 0x57, 0x5E, 0x63, 0x67, 0x68, 0x65, 0x68 ; file 0F4205
db 0x75, 0x7D, 0x8A, 0xA2, 0xA7, 0x90, 0x82, 0x7E, 0x72, 0x74, 0x80, 0x85, 0x8E, 0x94, 0x8D, 0x7E ; file 0F4215
db 0x7A, 0x7D, 0x82, 0x95, 0xA6, 0xA5, 0x96, 0x7B, 0x5E, 0x54, 0x5E, 0x63, 0x66, 0x6E, 0x78, 0x77 ; file 0F4225
db 0x75, 0x6F, 0x67, 0x66, 0x76, 0x87, 0x96, 0x9A, 0x93, 0x8E, 0x89, 0x7E, 0x7C, 0x88, 0x93, 0x92 ; file 0F4235
db 0x92, 0x9C, 0x9A, 0x93, 0x90, 0x86, 0x80, 0x84, 0x84, 0x84, 0x89, 0x8A, 0x88, 0x8F, 0x8F, 0x83 ; file 0F4245
db 0x79, 0x70, 0x5F, 0x5A, 0x6F, 0x81, 0x8A, 0x98, 0xA4, 0x9D, 0x8A, 0x77, 0x66, 0x57, 0x5B, 0x65 ; file 0F4255
db 0x6A, 0x6A, 0x65, 0x65, 0x6B, 0x74, 0x7E, 0x94, 0xA6, 0x9E, 0x8A, 0x84, 0x7B, 0x72, 0x7C, 0x87 ; file 0F4265
db 0x8B, 0x95, 0x94, 0x84, 0x77, 0x78, 0x7C, 0x8A, 0xA0, 0xA8, 0x9E, 0x89, 0x6B, 0x56, 0x5A, 0x61 ; file 0F4275
db 0x64, 0x6C, 0x77, 0x77, 0x75, 0x71, 0x68, 0x61, 0x6D, 0x81, 0x93, 0x9B, 0x95, 0x8F, 0x8A, 0x81 ; file 0F4285
db 0x7A, 0x80, 0x8E, 0x95, 0x94, 0x9A, 0x9E, 0x95, 0x90, 0x8D, 0x83, 0x83, 0x86, 0x84, 0x83, 0x85 ; file 0F4295
db 0x86, 0x8A, 0x8F, 0x89, 0x7E, 0x77, 0x69, 0x5A, 0x65, 0x79, 0x82, 0x8F, 0xA1, 0xA2, 0x95, 0x81 ; file 0F42A5
db 0x6E, 0x5B, 0x56, 0x62, 0x6D, 0x6D, 0x66, 0x64, 0x66, 0x6B, 0x74, 0x86, 0x9A, 0xA4, 0x96, 0x8A ; file 0F42B5
db 0x84, 0x78, 0x77, 0x85, 0x8B, 0x92, 0x98, 0x8E, 0x7A, 0x73, 0x77, 0x80, 0x97, 0xA7, 0xA4, 0x94 ; file 0F42C5
db 0x7A, 0x60, 0x58, 0x5D, 0x61, 0x68, 0x75, 0x77, 0x74, 0x72, 0x6B, 0x60, 0x64, 0x79, 0x8F, 0x9B ; file 0F42D5
db 0x97, 0x91, 0x8C, 0x83, 0x7A, 0x7C, 0x85, 0x92, 0x97, 0x9A, 0xA0, 0x9A, 0x90, 0x8F, 0x8A, 0x84 ; file 0F42E5
db 0x85, 0x86, 0x82, 0x80, 0x81, 0x86, 0x8C, 0x8B, 0x84, 0x7C, 0x72, 0x61, 0x5F, 0x71, 0x7C, 0x85 ; file 0F42F5
db 0x99, 0xA3, 0x9C, 0x8D, 0x78, 0x63, 0x56, 0x5D, 0x6C, 0x72, 0x69, 0x64, 0x65, 0x65, 0x69, 0x7A ; file 0F4305
db 0x8C, 0x9D, 0x9F, 0x93, 0x8A, 0x82, 0x78, 0x80, 0x8C, 0x91, 0x97, 0x96, 0x83, 0x72, 0x72, 0x79 ; file 0F4315
db 0x8B, 0xA1, 0xA7, 0x9C, 0x87, 0x6D, 0x5C, 0x5C, 0x5E, 0x64, 0x72, 0x79, 0x73, 0x72, 0x6D, 0x62 ; file 0F4325
db 0x5F, 0x6F, 0x86, 0x9A, 0x9A, 0x92, 0x8D, 0x86, 0x7C, 0x7A, 0x7F, 0x8B, 0x96, 0x9D, 0x9F, 0x9F ; file 0F4335
db 0x94, 0x8E, 0x8F, 0x88, 0x85, 0x87, 0x85, 0x7D, 0x7B, 0x81, 0x88, 0x8A, 0x87, 0x81, 0x78, 0x6B ; file 0F4345
db 0x61, 0x6A, 0x76, 0x7D, 0x8F, 0xA0, 0x9F, 0x96, 0x84, 0x6C, 0x5A, 0x5A, 0x67, 0x75, 0x70, 0x65 ; file 0F4355
db 0x65, 0x64, 0x61, 0x6E, 0x80, 0x90, 0x9D, 0x9E, 0x92, 0x89, 0x80, 0x7D, 0x88, 0x91, 0x95, 0x98 ; file 0F4365
db 0x8D, 0x78, 0x6E, 0x73, 0x81, 0x97, 0xA4, 0xA2, 0x91, 0x7A, 0x66, 0x5E, 0x5C, 0x60, 0x6D, 0x7A ; file 0F4375
db 0x75, 0x71, 0x6E, 0x65, 0x5D, 0x66, 0x7D, 0x95, 0x9C, 0x95, 0x8E, 0x89, 0x7E, 0x79, 0x7D, 0x83 ; file 0F4385
db 0x90, 0x9D, 0xA2, 0xA1, 0x9A, 0x8F, 0x8E, 0x8E, 0x88, 0x86, 0x87, 0x80, 0x77, 0x7A, 0x84, 0x86 ; file 0F4395
db 0x87, 0x86, 0x7F, 0x72, 0x68, 0x69, 0x70, 0x77, 0x84, 0x98, 0x9E, 0x9A, 0x8F, 0x78, 0x61, 0x5A ; file 0F43A5
db 0x61, 0x72, 0x77, 0x6A, 0x65, 0x65, 0x5E, 0x62, 0x75, 0x84, 0x92, 0xA0, 0x9E, 0x90, 0x88, 0x81 ; file 0F43B5
db 0x83, 0x8F, 0x96, 0x98, 0x93, 0x82, 0x70, 0x6D, 0x79, 0x8C, 0x9D, 0xA2, 0x98, 0x84, 0x71, 0x66 ; file 0F43C5
db 0x5D, 0x5C, 0x67, 0x77, 0x78, 0x72, 0x6E, 0x68, 0x5E, 0x61, 0x72, 0x8B, 0x9C, 0x98, 0x91, 0x8B ; file 0F43D5
db 0x81, 0x79, 0x7C, 0x7F, 0x88, 0x97, 0xA4, 0xA3, 0x9D, 0x94, 0x8D, 0x8F, 0x8E, 0x88, 0x87, 0x84 ; file 0F43E5
db 0x78, 0x73, 0x7E, 0x85, 0x84, 0x86, 0x84, 0x79, 0x6E, 0x6C, 0x6E, 0x71, 0x7B, 0x8F, 0x9B, 0x9B ; file 0F43F5
db 0x95, 0x85, 0x6B, 0x5D, 0x5F, 0x6B, 0x79, 0x72, 0x67, 0x65, 0x61, 0x5B, 0x69, 0x7A, 0x85, 0x96 ; file 0F4405
db 0xA4, 0x9B, 0x8E, 0x89, 0x84, 0x8A, 0x96, 0x98, 0x95, 0x8B, 0x78, 0x6B, 0x70, 0x83, 0x94, 0x9F ; file 0F4415
db 0x9C, 0x8E, 0x7B, 0x6F, 0x63, 0x5B, 0x61, 0x72, 0x79, 0x74, 0x6F, 0x6A, 0x60, 0x5E, 0x6A, 0x80 ; file 0F4425
db 0x97, 0x9A, 0x93, 0x8D, 0x84, 0x7A, 0x7A, 0x7E, 0x82, 0x8E, 0xA1, 0xA8, 0xA0, 0x98, 0x91, 0x8D ; file 0F4435
db 0x91, 0x8D, 0x88, 0x86, 0x7D, 0x70, 0x75, 0x81, 0x81, 0x83, 0x86, 0x80, 0x73, 0x70, 0x72, 0x6E ; file 0F4445
db 0x73, 0x84, 0x94, 0x99, 0x98, 0x8F, 0x78, 0x63, 0x60, 0x66, 0x75, 0x77, 0x6D, 0x66, 0x63, 0x5A ; file 0F4455
db 0x5E, 0x70, 0x7B, 0x87, 0x9E, 0xA5, 0x96, 0x8F, 0x8C, 0x87, 0x91, 0x9A, 0x96, 0x8F, 0x82, 0x70 ; file 0F4465
db 0x6A, 0x7A, 0x8D, 0x97, 0x9C, 0x94, 0x83, 0x78, 0x6E, 0x5F, 0x5C, 0x6A, 0x78, 0x76, 0x71, 0x6B ; file 0F4475
db 0x62, 0x5D, 0x65, 0x75, 0x8E, 0x9A, 0x96, 0x8F, 0x88, 0x7D, 0x79, 0x7D, 0x80, 0x86, 0x98, 0xA9 ; file 0F4485
db 0xA6, 0x9B, 0x95, 0x8E, 0x8F, 0x92, 0x8B, 0x87, 0x82, 0x74, 0x6E, 0x79, 0x80, 0x7F, 0x84, 0x85 ; file 0F4495
db 0x7A, 0x73, 0x77, 0x71, 0x6D, 0x7A, 0x8C, 0x94, 0x98, 0x94, 0x84, 0x6D, 0x63, 0x65, 0x6F, 0x78 ; file 0F44A5
db 0x73, 0x6A, 0x65, 0x5D, 0x59, 0x64, 0x73, 0x7C, 0x8F, 0xA6, 0xA2, 0x94, 0x92, 0x8D, 0x8D, 0x98 ; file 0F44B5
db 0x9A, 0x91, 0x88, 0x7A, 0x6B, 0x70, 0x84, 0x91, 0x97, 0x96, 0x8A, 0x7E, 0x78, 0x69, 0x5C, 0x63 ; file 0F44C5
db 0x74, 0x76, 0x73, 0x6D, 0x64, 0x5D, 0x61, 0x6E, 0x83, 0x95, 0x97, 0x92, 0x8B, 0x80, 0x79, 0x7C ; file 0F44D5
db 0x7F, 0x81, 0x8E, 0xA3, 0xAB, 0xA0, 0x98, 0x93, 0x8E, 0x92, 0x92, 0x8A, 0x84, 0x7A, 0x6E, 0x71 ; file 0F44E5
db 0x7B, 0x7D, 0x80, 0x86, 0x81, 0x76, 0x7A, 0x78, 0x6D, 0x71, 0x83, 0x8E, 0x93, 0x95, 0x8D, 0x79 ; file 0F44F5
db 0x69, 0x67, 0x6C, 0x76, 0x76, 0x70, 0x68, 0x5F, 0x58, 0x5C, 0x68, 0x73, 0x7F, 0x9A, 0xA9, 0x9E ; file 0F4505
db 0x95, 0x95, 0x8E, 0x93, 0x9C, 0x95, 0x8A, 0x81, 0x73, 0x6B, 0x7A, 0x8B, 0x91, 0x94, 0x8F, 0x83 ; file 0F4515
db 0x7F, 0x75, 0x63, 0x5E, 0x6E, 0x75, 0x74, 0x70, 0x67, 0x5D, 0x5E, 0x6A, 0x7A, 0x8D, 0x95, 0x94 ; file 0F4525
db 0x8F, 0x84, 0x7A, 0x7A, 0x7E, 0x80, 0x86, 0x99, 0xAA, 0xA8, 0x9A, 0x96, 0x90, 0x90, 0x94, 0x90 ; file 0F4535
db 0x87, 0x7F, 0x72, 0x6D, 0x74, 0x7A, 0x7C, 0x82, 0x84, 0x7C, 0x7A, 0x7F, 0x74, 0x6C, 0x7A, 0x88 ; file 0F4545
db 0x8D, 0x92, 0x91, 0x83, 0x71, 0x6A, 0x6C, 0x73, 0x75, 0x74, 0x6E, 0x64, 0x59, 0x59, 0x5F, 0x6A ; file 0F4555
db 0x74, 0x89, 0xA4, 0xA9, 0x9C, 0x99, 0x95, 0x91, 0x98, 0x9A, 0x8E, 0x84, 0x7B, 0x6F, 0x72, 0x83 ; file 0F4565
db 0x8D, 0x8F, 0x8F, 0x88, 0x83, 0x80, 0x6F, 0x60, 0x67, 0x73, 0x74, 0x72, 0x6B, 0x60, 0x5C, 0x65 ; file 0F4575
db 0x73, 0x85, 0x90, 0x93, 0x91, 0x89, 0x7D, 0x79, 0x7D, 0x7F, 0x82, 0x8E, 0xA3, 0xAC, 0xA1, 0x97 ; file 0F4585
db 0x94, 0x8F, 0x92, 0x95, 0x8C, 0x82, 0x77, 0x6E, 0x6E, 0x75, 0x79, 0x7E, 0x84, 0x80, 0x7C, 0x82 ; file 0F4595
db 0x7D, 0x6E, 0x71, 0x81, 0x87, 0x8D, 0x91, 0x8A, 0x7B, 0x70, 0x6E, 0x73, 0x74, 0x74, 0x73, 0x6A ; file 0F45A5
db 0x5D, 0x58, 0x5C, 0x61, 0x6B, 0x7A, 0x94, 0xA9, 0xA6, 0x9D, 0x9C, 0x95, 0x94, 0x9B, 0x94, 0x86 ; file 0F45B5
db 0x80, 0x76, 0x6F, 0x7B, 0x87, 0x8A, 0x8B, 0x89, 0x85, 0x85, 0x7B, 0x69, 0x64, 0x6F, 0x72, 0x72 ; file 0F45C5
db 0x6F, 0x64, 0x5A, 0x61, 0x6E, 0x7E, 0x8B, 0x8F, 0x91, 0x8D, 0x81, 0x79, 0x7C, 0x7E, 0x80, 0x87 ; file 0F45D5
db 0x98, 0xA8, 0xA8, 0x9B, 0x96, 0x93, 0x91, 0x95, 0x93, 0x87, 0x7B, 0x71, 0x6D, 0x6F, 0x74, 0x7A ; file 0F45E5
db 0x80, 0x82, 0x7E, 0x82, 0x85, 0x77, 0x6E, 0x79, 0x82, 0x86, 0x8D, 0x8D, 0x82, 0x77, 0x72, 0x73 ; file 0F45F5
db 0x76, 0x72, 0x74, 0x71, 0x63, 0x58, 0x5B, 0x5C, 0x62, 0x6F, 0x84, 0x9E, 0xAC, 0xA5, 0x9F, 0x9D ; file 0F4605
db 0x97, 0x98, 0x99, 0x8B, 0x81, 0x7C, 0x74, 0x75, 0x81, 0x87, 0x86, 0x86, 0x85, 0x88, 0x84, 0x75 ; file 0F4615
db 0x67, 0x6B, 0x70, 0x71, 0x70, 0x69, 0x5C, 0x5C, 0x6A, 0x79, 0x86, 0x8B, 0x8F, 0x8F, 0x87, 0x7B ; file 0F4625
db 0x7B, 0x7D, 0x80, 0x84, 0x90, 0xA1, 0xA9, 0xA2, 0x98, 0x95, 0x92, 0x93, 0x96, 0x8F, 0x7F, 0x74 ; file 0F4635
db 0x6F, 0x6C, 0x6E, 0x75, 0x7C, 0x80, 0x80, 0x83, 0x88, 0x81, 0x72, 0x73, 0x7D, 0x81, 0x86, 0x8C ; file 0F4645
db 0x86, 0x7D, 0x79, 0x76, 0x79, 0x73, 0x72, 0x75, 0x6C, 0x5B, 0x59, 0x5B, 0x5B, 0x64, 0x77, 0x8E ; file 0F4655
db 0xA5, 0xAE, 0xA6, 0xA2, 0x9F, 0x97, 0x99, 0x92, 0x84, 0x7E, 0x79, 0x76, 0x7B, 0x82, 0x84, 0x82 ; file 0F4665
db 0x82, 0x87, 0x8A, 0x7F, 0x70, 0x6B, 0x6F, 0x6F, 0x70, 0x6C, 0x60, 0x59, 0x64, 0x73, 0x82, 0x87 ; file 0F4675
db 0x8A, 0x8E, 0x8B, 0x7E, 0x7A, 0x7D, 0x7F, 0x81, 0x8B, 0x99, 0xA5, 0xA6, 0x9E, 0x96, 0x96, 0x93 ; file 0F4685
db 0x94, 0x95, 0x87, 0x77, 0x70, 0x6E, 0x6A, 0x6E, 0x78, 0x7D, 0x7E, 0x82, 0x8A, 0x88, 0x7B, 0x73 ; file 0F4695
db 0x78, 0x7C, 0x80, 0x86, 0x87, 0x80, 0x7E, 0x7B, 0x7B, 0x78, 0x70, 0x74, 0x73, 0x62, 0x59, 0x5B ; file 0F46A5
db 0x59, 0x5A, 0x6A, 0x80, 0x97, 0xAC, 0xB0, 0xA7, 0xA4, 0x9E, 0x98, 0x95, 0x8A, 0x7F, 0x7C, 0x7A ; file 0F46B5
db 0x7A, 0x7E, 0x81, 0x7E, 0x7D, 0x83, 0x8C, 0x86, 0x7B, 0x71, 0x6F, 0x6D, 0x6E, 0x6D, 0x65, 0x5A ; file 0F46C5
db 0x5F, 0x6D, 0x7E, 0x86, 0x85, 0x8A, 0x8C, 0x83, 0x7B, 0x7C, 0x7E, 0x80, 0x87, 0x93, 0x9E, 0xA4 ; file 0F46D5
db 0xA3, 0x9A, 0x96, 0x96, 0x94, 0x96, 0x90, 0x7D, 0x71, 0x70, 0x6B, 0x68, 0x71, 0x7A, 0x7B, 0x7F ; file 0F46E5
db 0x8B, 0x8D, 0x83, 0x79, 0x76, 0x78, 0x7B, 0x80, 0x84, 0x81, 0x80, 0x81, 0x80, 0x7D, 0x73, 0x70 ; file 0F46F5
db 0x75, 0x6C, 0x5C, 0x5A, 0x5A, 0x56, 0x5D, 0x73, 0x88, 0x9F, 0xB3, 0xB1, 0xA8, 0xA7, 0x9D, 0x94 ; file 0F4705
db 0x8F, 0x82, 0x7C, 0x7D, 0x7E, 0x7C, 0x7D, 0x7D, 0x79, 0x7D, 0x89, 0x8C, 0x83, 0x7A, 0x75, 0x6E ; file 0F4715
db 0x6C, 0x6C, 0x68, 0x5D, 0x5B, 0x68, 0x79, 0x85, 0x83, 0x84, 0x89, 0x87, 0x7D, 0x7C, 0x7E, 0x80 ; file 0F4725
db 0x83, 0x8F, 0x99, 0x9F, 0xA3, 0xA0, 0x98, 0x98, 0x96, 0x95, 0x95, 0x87, 0x74, 0x70, 0x6F, 0x66 ; file 0F4735
db 0x69, 0x75, 0x7A, 0x7B, 0x87, 0x91, 0x8A, 0x80, 0x7B, 0x76, 0x76, 0x7A, 0x7F, 0x80, 0x7F, 0x84 ; file 0F4745
db 0x85, 0x83, 0x79, 0x70, 0x73, 0x72, 0x63, 0x5B, 0x5B, 0x57, 0x54, 0x66, 0x7C, 0x90, 0xA9, 0xB8 ; file 0F4755
db 0xB0, 0xAB, 0xA6, 0x98, 0x8F, 0x88, 0x7D, 0x7C, 0x82, 0x80, 0x7B, 0x7A, 0x77, 0x75, 0x82, 0x8E ; file 0F4765
db 0x89, 0x81, 0x7D, 0x74, 0x6B, 0x6B, 0x69, 0x61, 0x5A, 0x62, 0x72, 0x83, 0x84, 0x80, 0x83, 0x87 ; file 0F4775
db 0x80, 0x7C, 0x7D, 0x7F, 0x81, 0x8B, 0x96, 0x9A, 0x9E, 0xA2, 0x9D, 0x98, 0x99, 0x96, 0x95, 0x90 ; file 0F4785
db 0x7C, 0x70, 0x71, 0x6A, 0x64, 0x6D, 0x77, 0x77, 0x81, 0x92, 0x91, 0x85, 0x81, 0x7B, 0x72, 0x75 ; file 0F4795
db 0x7A, 0x7B, 0x7D, 0x83, 0x8A, 0x8A, 0x80, 0x74, 0x70, 0x73, 0x6B, 0x5F, 0x5C, 0x58, 0x52, 0x59 ; file 0F47A5
db 0x70, 0x83, 0x99, 0xB5, 0xBA, 0xB0, 0xAD, 0xA2, 0x90, 0x89, 0x82, 0x7B, 0x81, 0x87, 0x7E, 0x77 ; file 0F47B5
db 0x75, 0x71, 0x78, 0x8A, 0x8E, 0x87, 0x84, 0x7E, 0x6E, 0x69, 0x68, 0x63, 0x5B, 0x5F, 0x6D, 0x7F ; file 0F47C5
db 0x86, 0x80, 0x7F, 0x83, 0x81, 0x7D, 0x7E, 0x7F, 0x81, 0x87, 0x93, 0x98, 0x99, 0x9F, 0xA1, 0x9B ; file 0F47D5
db 0x9A, 0x9A, 0x95, 0x92, 0x86, 0x74, 0x71, 0x6E, 0x65, 0x65, 0x70, 0x75, 0x79, 0x8D, 0x95, 0x8B ; file 0F47E5
db 0x85, 0x82, 0x75, 0x70, 0x74, 0x76, 0x77, 0x80, 0x8A, 0x90, 0x8A, 0x7A, 0x72, 0x71, 0x6E, 0x65 ; file 0F47F5
db 0x5E, 0x59, 0x53, 0x52, 0x62, 0x78, 0x8A, 0xA6, 0xBE, 0xBA, 0xB1, 0xAC, 0x99, 0x89, 0x85, 0x7D ; file 0F4805
db 0x7E, 0x89, 0x86, 0x78, 0x71, 0x6E, 0x6F, 0x81, 0x8D, 0x8B, 0x89, 0x89, 0x78, 0x69, 0x67, 0x63 ; file 0F4815
db 0x5C, 0x5E, 0x68, 0x79, 0x85, 0x81, 0x7D, 0x7E, 0x7F, 0x7D, 0x7E, 0x7F, 0x80, 0x85, 0x90, 0x97 ; file 0F4825
db 0x96, 0x98, 0xA0, 0xA0, 0x9B, 0x9C, 0x99, 0x93, 0x8B, 0x7C, 0x72, 0x6F, 0x68, 0x62, 0x68, 0x71 ; file 0F4835
db 0x75, 0x84, 0x95, 0x92, 0x89, 0x89, 0x7D, 0x6F, 0x6F, 0x72, 0x71, 0x79, 0x88, 0x93, 0x93, 0x82 ; file 0F4845
db 0x76, 0x71, 0x6E, 0x69, 0x64, 0x5C, 0x55, 0x51, 0x58, 0x6B, 0x7E, 0x95, 0xB4, 0xC2, 0xBA, 0xB2 ; file 0F4855
db 0xA5, 0x8D, 0x83, 0x80, 0x7C, 0x86, 0x8C, 0x80, 0x71, 0x6B, 0x6A, 0x76, 0x88, 0x8D, 0x8C, 0x90 ; file 0F4865
db 0x85, 0x70, 0x66, 0x63, 0x5C, 0x5C, 0x66, 0x73, 0x83, 0x83, 0x7D, 0x7B, 0x7C, 0x7B, 0x7E, 0x80 ; file 0F4875
db 0x80, 0x83, 0x8D, 0x96, 0x97, 0x94, 0x9A, 0xA1, 0x9F, 0x9C, 0x9C, 0x96, 0x8D, 0x83, 0x76, 0x71 ; file 0F4885
db 0x6B, 0x64, 0x63, 0x6A, 0x70, 0x7C, 0x91, 0x96, 0x8E, 0x8D, 0x87, 0x75, 0x6B, 0x6E, 0x6D, 0x71 ; file 0F4895
db 0x81, 0x91, 0x99, 0x8E, 0x7C, 0x75, 0x6E, 0x69, 0x68, 0x62, 0x58, 0x51, 0x53, 0x60, 0x72, 0x87 ; file 0F48A5
db 0xA3, 0xBF, 0xC4, 0xB9, 0xAF, 0x9A, 0x84, 0x81, 0x7E, 0x82, 0x8D, 0x89, 0x76, 0x69, 0x66, 0x6D ; file 0F48B5
db 0x7F, 0x8A, 0x8E, 0x92, 0x91, 0x7C, 0x6A, 0x62, 0x5C, 0x59, 0x63, 0x6F, 0x7F, 0x84, 0x7F, 0x7A ; file 0F48C5
db 0x78, 0x77, 0x7B, 0x80, 0x81, 0x82, 0x8A, 0x95, 0x97, 0x93, 0x93, 0x9D, 0xA3, 0x9F, 0x9D, 0x9B ; file 0F48D5
db 0x90, 0x85, 0x7D, 0x74, 0x6D, 0x66, 0x62, 0x64, 0x6A, 0x75, 0x89, 0x95, 0x92, 0x8F, 0x8F, 0x7F ; file 0F48E5
db 0x6E, 0x69, 0x69, 0x6A, 0x78, 0x8C, 0x9A, 0x98, 0x85, 0x7A, 0x72, 0x68, 0x68, 0x69, 0x5D, 0x52 ; file 0F48F5
db 0x52, 0x59, 0x66, 0x7B, 0x93, 0xB1, 0xC7, 0xC5, 0xB6, 0xA6, 0x8D, 0x7F, 0x7F, 0x81, 0x8A, 0x8E ; file 0F4905
db 0x80, 0x6C, 0x62, 0x67, 0x75, 0x83, 0x8C, 0x94, 0x98, 0x89, 0x73, 0x64, 0x5C, 0x57, 0x60, 0x6D ; file 0F4915
db 0x7B, 0x83, 0x80, 0x7B, 0x77, 0x72, 0x76, 0x7F, 0x82, 0x82, 0x87, 0x93, 0x97, 0x94, 0x90, 0x96 ; file 0F4925
db 0xA0, 0xA4, 0x9F, 0x9E, 0x96, 0x87, 0x80, 0x7B, 0x70, 0x68, 0x65, 0x62, 0x63, 0x6E, 0x82, 0x91 ; file 0F4935
db 0x94, 0x93, 0x93, 0x89, 0x76, 0x68, 0x65, 0x64, 0x6E, 0x83, 0x97, 0x9E, 0x91, 0x80, 0x77, 0x6B ; file 0F4945
db 0x65, 0x6B, 0x64, 0x56, 0x50, 0x56, 0x5D, 0x6D, 0x85, 0xA0, 0xBD, 0xCC, 0xC1, 0xAF, 0x9A, 0x83 ; file 0F4955
db 0x7D, 0x82, 0x88, 0x8E, 0x89, 0x74, 0x61, 0x60, 0x6E, 0x7B, 0x86, 0x92, 0x9C, 0x94, 0x80, 0x6B ; file 0F4965
db 0x5D, 0x55, 0x5B, 0x6A, 0x78, 0x82, 0x80, 0x7C, 0x77, 0x70, 0x70, 0x7B, 0x82, 0x82, 0x85, 0x90 ; file 0F4975
db 0x97, 0x95, 0x90, 0x90, 0x99, 0xA4, 0xA4, 0x9E, 0x9B, 0x8D, 0x80, 0x7F, 0x76, 0x6A, 0x66, 0x64 ; file 0F4985
db 0x5F, 0x65, 0x7A, 0x8C, 0x92, 0x94, 0x97, 0x90, 0x80, 0x6E, 0x63, 0x60, 0x66, 0x78, 0x90, 0x9F ; file 0F4995
db 0x99, 0x8A, 0x7E, 0x71, 0x64, 0x68, 0x6A, 0x5C, 0x51, 0x54, 0x5A, 0x62, 0x78, 0x93, 0xAC, 0xC8 ; file 0F49A5
db 0xCD, 0xB9, 0xA4, 0x8F, 0x7D, 0x7F, 0x89, 0x8D, 0x8C, 0x7E, 0x67, 0x5C, 0x67, 0x74, 0x7D, 0x8C ; file 0F49B5
db 0x9C, 0x9C, 0x8D, 0x78, 0x62, 0x54, 0x56, 0x65, 0x75, 0x81, 0x80, 0x7C, 0x79, 0x71, 0x6B, 0x74 ; file 0F49C5
db 0x7F, 0x83, 0x84, 0x8E, 0x96, 0x96, 0x91, 0x8E, 0x92, 0x9E, 0xA7, 0xA3, 0x9D, 0x93, 0x82, 0x7E ; file 0F49D5
db 0x7D, 0x6E, 0x66, 0x66, 0x61, 0x5E, 0x6F, 0x86, 0x8E, 0x92, 0x9A, 0x97, 0x89, 0x78, 0x66, 0x5C ; file 0F49E5
db 0x5E, 0x6E, 0x86, 0x9B, 0x9E, 0x94, 0x87, 0x78, 0x68, 0x65, 0x6B, 0x65, 0x55, 0x53, 0x59, 0x5C ; file 0F49F5
db 0x6A, 0x85, 0x9E, 0xBA, 0xD0, 0xC7, 0xAD, 0x9A, 0x84, 0x7B, 0x86, 0x8E, 0x8C, 0x85, 0x72, 0x5D ; file 0F4A05
db 0x5E, 0x6E, 0x76, 0x83, 0x98, 0xA0, 0x95, 0x85, 0x6D, 0x57, 0x52, 0x5F, 0x70, 0x80, 0x81, 0x7C ; file 0F4A15
db 0x79, 0x74, 0x6A, 0x6C, 0x79, 0x82, 0x85, 0x8C, 0x95, 0x97, 0x92, 0x8E, 0x8E, 0x96, 0xA4, 0xA7 ; file 0F4A25
db 0xA0, 0x98, 0x89, 0x7E, 0x80, 0x77, 0x69, 0x66, 0x64, 0x5D, 0x64, 0x7E, 0x8B, 0x8E, 0x98, 0x9C ; file 0F4A35
db 0x8F, 0x81, 0x6F, 0x5D, 0x58, 0x65, 0x7A, 0x94, 0x9E, 0x9A, 0x91, 0x81, 0x6F, 0x65, 0x68, 0x68 ; file 0F4A45
db 0x5D, 0x54, 0x58, 0x5B, 0x61, 0x77, 0x91, 0xA9, 0xC6, 0xD1, 0xBB, 0xA2, 0x91, 0x7E, 0x80, 0x8F ; file 0F4A55
db 0x8E, 0x87, 0x7B, 0x65, 0x5A, 0x66, 0x71, 0x79, 0x8E, 0xA1, 0x9C, 0x90, 0x7B, 0x60, 0x50, 0x59 ; file 0F4A65
db 0x6A, 0x7D, 0x83, 0x7C, 0x79, 0x76, 0x6C, 0x68, 0x72, 0x7E, 0x84, 0x8A, 0x94, 0x97, 0x93, 0x8E ; file 0F4A75
db 0x8E, 0x90, 0x9C, 0xA8, 0xA6, 0x9B, 0x8F, 0x81, 0x7E, 0x7D, 0x6F, 0x66, 0x66, 0x60, 0x5D, 0x72 ; file 0F4A85
db 0x86, 0x8A, 0x93, 0x9E, 0x97, 0x88, 0x7A, 0x65, 0x55, 0x5C, 0x70, 0x88, 0x9B, 0x9C, 0x97, 0x8C ; file 0F4A95
db 0x78, 0x69, 0x67, 0x68, 0x63, 0x59, 0x57, 0x5B, 0x5D, 0x6A, 0x84, 0x9C, 0xB6, 0xCE, 0xCA, 0xAE ; file 0F4AA5
db 0x9A, 0x88, 0x7E, 0x8B, 0x91, 0x89, 0x80, 0x6F, 0x5D, 0x60, 0x6B, 0x72, 0x82, 0x9B, 0xA0, 0x96 ; file 0F4AB5
db 0x88, 0x6F, 0x55, 0x53, 0x63, 0x77, 0x84, 0x7E, 0x79, 0x76, 0x6F, 0x67, 0x6C, 0x77, 0x82, 0x89 ; file 0F4AC5
db 0x92, 0x98, 0x95, 0x8F, 0x8E, 0x8E, 0x94, 0xA2, 0xA9, 0xA1, 0x93, 0x87, 0x7F, 0x7E, 0x76, 0x6A ; file 0F4AD5
db 0x66, 0x63, 0x5C, 0x67, 0x7E, 0x87, 0x8C, 0x9B, 0x9D, 0x8F, 0x82, 0x71, 0x59, 0x55, 0x66, 0x7C ; file 0F4AE5
db 0x93, 0x9B, 0x9A, 0x95, 0x83, 0x6E, 0x68, 0x66, 0x65, 0x5E, 0x5A, 0x5A, 0x5C, 0x63, 0x75, 0x8F ; file 0F4AF5
db 0xA7, 0xC0, 0xCF, 0xBD, 0xA3, 0x93, 0x83, 0x85, 0x91, 0x8E, 0x82, 0x76, 0x65, 0x5E, 0x65, 0x6D ; file 0F4B05
db 0x78, 0x90, 0xA0, 0x9C, 0x91, 0x7E, 0x60, 0x52, 0x5D, 0x70, 0x81, 0x81, 0x7A, 0x76, 0x71, 0x68 ; file 0F4B15
db 0x68, 0x70, 0x7C, 0x85, 0x90, 0x97, 0x96, 0x91, 0x8E, 0x8D, 0x90, 0x9A, 0xA6, 0xA8, 0x99, 0x8B ; file 0F4B25
db 0x82, 0x7E, 0x7A, 0x70, 0x68, 0x64, 0x5F, 0x61, 0x73, 0x82, 0x88, 0x94, 0x9E, 0x96, 0x88, 0x7B ; file 0F4B35
db 0x64, 0x53, 0x5C, 0x71, 0x89, 0x96, 0x9A, 0x9A, 0x90, 0x78, 0x6C, 0x67, 0x64, 0x61, 0x5E, 0x5B ; file 0F4B45
db 0x5B, 0x60, 0x6B, 0x80, 0x9A, 0xB1, 0xC7, 0xC8, 0xB0, 0x9B, 0x8E, 0x85, 0x8D, 0x91, 0x86, 0x7A ; file 0F4B55
db 0x6D, 0x62, 0x62, 0x67, 0x70, 0x83, 0x9A, 0x9E, 0x97, 0x89, 0x70, 0x58, 0x58, 0x68, 0x7C, 0x83 ; file 0F4B65
db 0x7C, 0x76, 0x72, 0x6A, 0x66, 0x6B, 0x74, 0x80, 0x8D, 0x97, 0x98, 0x92, 0x8E, 0x8D, 0x8E, 0x94 ; file 0F4B75
db 0x9F, 0xA8, 0xA1, 0x8F, 0x86, 0x81, 0x7A, 0x75, 0x6D, 0x66, 0x61, 0x60, 0x6B, 0x7A, 0x83, 0x8D ; file 0F4B85
db 0x9B, 0x9B, 0x90, 0x82, 0x70, 0x5A, 0x56, 0x67, 0x7E, 0x90, 0x96, 0x9B, 0x98, 0x84, 0x72, 0x6C ; file 0F4B95
db 0x64, 0x61, 0x61, 0x60, 0x5C, 0x5E, 0x66, 0x74, 0x8C, 0xA4, 0xB9, 0xC8, 0xBF, 0xA6, 0x95, 0x8C ; file 0F4BA5
db 0x8B, 0x90, 0x8C, 0x7D, 0x71, 0x68, 0x64, 0x62, 0x69, 0x79, 0x90, 0x9B, 0x9B, 0x92, 0x7E, 0x64 ; file 0F4BB5
db 0x58, 0x61, 0x74, 0x82, 0x7F, 0x78, 0x73, 0x6C, 0x66, 0x69, 0x6E, 0x79, 0x87, 0x95, 0x99, 0x94 ; file 0F4BC5
db 0x8F, 0x8D, 0x8D, 0x91, 0x98, 0xA3, 0xA7, 0x97, 0x88, 0x85, 0x7D, 0x76, 0x73, 0x6A, 0x62, 0x5F ; file 0F4BD5
db 0x68, 0x72, 0x7C, 0x87, 0x95, 0x9B, 0x96, 0x89, 0x7A, 0x65, 0x56, 0x5E, 0x73, 0x87, 0x91, 0x98 ; file 0F4BE5
db 0x9C, 0x91, 0x7B, 0x70, 0x69, 0x60, 0x60, 0x64, 0x60, 0x5D, 0x63, 0x6D, 0x7E, 0x98, 0xAC, 0xBD ; file 0F4BF5
db 0xC4, 0xB4, 0x9D, 0x93, 0x8F, 0x8E, 0x8F, 0x83, 0x74, 0x6C, 0x69, 0x63, 0x63, 0x70, 0x85, 0x95 ; file 0F4C05
db 0x9B, 0x98, 0x89, 0x72, 0x5F, 0x5E, 0x6C, 0x7E, 0x80, 0x7B, 0x75, 0x6E, 0x67, 0x68, 0x6B, 0x72 ; file 0F4C15
db 0x7F, 0x91, 0x9A, 0x97, 0x90, 0x8D, 0x8D, 0x90, 0x94, 0x9B, 0xA5, 0xA0, 0x8D, 0x86, 0x82, 0x78 ; file 0F4C25
db 0x74, 0x71, 0x66, 0x5F, 0x65, 0x70, 0x75, 0x7F, 0x8F, 0x98, 0x98, 0x91, 0x82, 0x6F, 0x5D, 0x59 ; file 0F4C35
db 0x68, 0x7E, 0x89, 0x92, 0x9B, 0x98, 0x86, 0x77, 0x6E, 0x63, 0x5D, 0x63, 0x65, 0x5E, 0x60, 0x6A ; file 0F4C45
db 0x74, 0x89, 0xA1, 0xB1, 0xBD, 0xBE, 0xAB, 0x98, 0x96, 0x90, 0x8D, 0x89, 0x79, 0x6D, 0x6C, 0x69 ; file 0F4C55
db 0x61, 0x67, 0x7B, 0x8D, 0x96, 0x9A, 0x92, 0x7E, 0x69, 0x61, 0x66, 0x78, 0x7F, 0x7D, 0x78, 0x70 ; file 0F4C65
db 0x67, 0x67, 0x6A, 0x6D, 0x76, 0x88, 0x98, 0x9A, 0x93, 0x8E, 0x8D, 0x8E, 0x92, 0x96, 0x9F, 0xA3 ; file 0F4C75
db 0x96, 0x88, 0x86, 0x7D, 0x74, 0x74, 0x6D, 0x61, 0x62, 0x6E, 0x71, 0x76, 0x87, 0x95, 0x96, 0x94 ; file 0F4C85
db 0x8A, 0x79, 0x66, 0x5C, 0x60, 0x74, 0x83, 0x8A, 0x96, 0x9B, 0x90, 0x80, 0x75, 0x6A, 0x5E, 0x60 ; file 0F4C95
db 0x68, 0x64, 0x5F, 0x66, 0x70, 0x7C, 0x94, 0xA7, 0xB2, 0xBC, 0xB8, 0xA2, 0x99, 0x98, 0x8F, 0x8A ; file 0F4CA5
db 0x80, 0x70, 0x6C, 0x6F, 0x66, 0x61, 0x70, 0x85, 0x8E, 0x97, 0x96, 0x88, 0x74, 0x68, 0x65, 0x71 ; file 0F4CB5
db 0x7D, 0x7C, 0x7A, 0x74, 0x69, 0x65, 0x69, 0x6C, 0x70, 0x7E, 0x93, 0x9B, 0x96, 0x8F, 0x8E, 0x8D ; file 0F4CC5
db 0x91, 0x94, 0x98, 0xA0, 0x9D, 0x8F, 0x87, 0x83, 0x77, 0x73, 0x73, 0x67, 0x60, 0x6B, 0x72, 0x70 ; file 0F4CD5
db 0x7C, 0x90, 0x94, 0x94, 0x90, 0x82, 0x6F, 0x63, 0x5F, 0x6A, 0x7C, 0x83, 0x8E, 0x99, 0x96, 0x89 ; file 0F4CE5
db 0x7E, 0x70, 0x63, 0x5C, 0x65, 0x69, 0x62, 0x63, 0x6D, 0x75, 0x85, 0x9C, 0xA9, 0xB2, 0xBB, 0xB0 ; file 0F4CF5
db 0x9E, 0x9E, 0x97, 0x8B, 0x84, 0x77, 0x6B, 0x6F, 0x6E, 0x62, 0x66, 0x7C, 0x88, 0x90, 0x96, 0x90 ; file 0F4D05
db 0x7E, 0x70, 0x6B, 0x6D, 0x79, 0x7C, 0x7A, 0x77, 0x6D, 0x64, 0x67, 0x6B, 0x6D, 0x75, 0x89, 0x99 ; file 0F4D15
db 0x99, 0x91, 0x8E, 0x8D, 0x8F, 0x93, 0x95, 0x9A, 0x9D, 0x96, 0x8A, 0x86, 0x7D, 0x73, 0x74, 0x6F ; file 0F4D25
db 0x62, 0x66, 0x72, 0x71, 0x72, 0x85, 0x92, 0x91, 0x92, 0x8A, 0x77, 0x69, 0x64, 0x65, 0x74, 0x7E ; file 0F4D35
db 0x85, 0x93, 0x98, 0x8F, 0x86, 0x7A, 0x6A, 0x5E, 0x60, 0x69, 0x68, 0x63, 0x6A, 0x72, 0x7C, 0x8F ; file 0F4D45
db 0xA1, 0xA8, 0xB3, 0xB8, 0xA9, 0xA0, 0xA0, 0x91, 0x85, 0x7D, 0x6E, 0x6D, 0x72, 0x6A, 0x62, 0x71 ; file 0F4D55
db 0x83, 0x88, 0x91, 0x93, 0x86, 0x78, 0x72, 0x6F, 0x75, 0x7A, 0x79, 0x78, 0x72, 0x66, 0x64, 0x6A ; file 0F4D65
db 0x6C, 0x6F, 0x7E, 0x93, 0x9A, 0x95, 0x8F, 0x8D, 0x8E, 0x92, 0x94, 0x96, 0x99, 0x98, 0x91, 0x89 ; file 0F4D75
db 0x82, 0x77, 0x73, 0x74, 0x69, 0x63, 0x70, 0x74, 0x6F, 0x7A, 0x8E, 0x90, 0x90, 0x8F, 0x81, 0x6F ; file 0F4D85
db 0x69, 0x67, 0x6D, 0x78, 0x7E, 0x8A, 0x95, 0x93, 0x8C, 0x84, 0x73, 0x63, 0x5D, 0x66, 0x6B, 0x67 ; file 0F4D95
db 0x67, 0x6F, 0x77, 0x83, 0x96, 0xA1, 0xA7, 0xB4, 0xB4, 0xA7, 0xA4, 0x9C, 0x89, 0x7E, 0x74, 0x6B ; file 0F4DA5
db 0x71, 0x71, 0x66, 0x68, 0x7C, 0x83, 0x8A, 0x91, 0x8D, 0x7E, 0x79, 0x76, 0x75, 0x79, 0x78, 0x77 ; file 0F4DB5
db 0x75, 0x6A, 0x62, 0x67, 0x6C, 0x6D, 0x76, 0x89, 0x98, 0x98, 0x91, 0x8E, 0x8D, 0x91, 0x93, 0x95 ; file 0F4DC5
db 0x95, 0x96, 0x94, 0x8E, 0x85, 0x7D, 0x74, 0x73, 0x70, 0x65, 0x6B, 0x75, 0x71, 0x71, 0x84, 0x8F ; file 0F4DD5
db 0x8D, 0x8E, 0x89, 0x77, 0x6D, 0x6C, 0x6C, 0x73, 0x79, 0x81, 0x8F, 0x93, 0x8E, 0x8C, 0x7E, 0x6B ; file 0F4DE5
db 0x5F, 0x61, 0x69, 0x6B, 0x69, 0x6D, 0x74, 0x7D, 0x8A, 0x98, 0x9E, 0xA9, 0xB5, 0xB1, 0xA8, 0xA5 ; file 0F4DF5
db 0x94, 0x81, 0x78, 0x6E, 0x6E, 0x74, 0x6D, 0x66, 0x72, 0x7F, 0x83, 0x8B, 0x8F, 0x84, 0x7D, 0x7D ; file 0F4E05
db 0x7A, 0x7A, 0x77, 0x76, 0x75, 0x6F, 0x64, 0x65, 0x6A, 0x6D, 0x71, 0x7F, 0x92, 0x98, 0x93, 0x8F ; file 0F4E15
db 0x8D, 0x8F, 0x92, 0x95, 0x94, 0x92, 0x92, 0x92, 0x8B, 0x80, 0x79, 0x73, 0x72, 0x6B, 0x69, 0x73 ; file 0F4E25
db 0x74, 0x6F, 0x79, 0x89, 0x8C, 0x8B, 0x8B, 0x7F, 0x71, 0x70, 0x70, 0x71, 0x74, 0x7A, 0x86, 0x90 ; file 0F4E35
db 0x8F, 0x8F, 0x89, 0x76, 0x65, 0x60, 0x66, 0x6C, 0x6D, 0x6D, 0x72, 0x7A, 0x82, 0x8F, 0x97, 0x9D ; file 0F4E45
db 0xAB, 0xB6, 0xB1, 0xAA, 0xA1, 0x89, 0x78, 0x71, 0x6E, 0x73, 0x72, 0x6B, 0x6D, 0x79, 0x7F, 0x84 ; file 0F4E55
db 0x8B, 0x88, 0x80, 0x81, 0x81, 0x7F, 0x78, 0x74, 0x74, 0x72, 0x67, 0x63, 0x68, 0x6C, 0x6E, 0x78 ; file 0F4E65
db 0x89, 0x95, 0x95, 0x91, 0x8E, 0x8E, 0x92, 0x94, 0x95, 0x91, 0x8E, 0x91, 0x91, 0x84, 0x7C, 0x76 ; file 0F4E75
db 0x72, 0x6E, 0x6B, 0x71, 0x75, 0x71, 0x73, 0x81, 0x88, 0x89, 0x8A, 0x84, 0x77, 0x72, 0x74, 0x75 ; file 0F4E85
db 0x72, 0x74, 0x7E, 0x89, 0x8C, 0x8E, 0x8F, 0x82, 0x6D, 0x63, 0x64, 0x69, 0x6E, 0x70, 0x71, 0x77 ; file 0F4E95
db 0x80, 0x86, 0x8F, 0x95, 0x9E, 0xAF, 0xB8, 0xB2, 0xA8, 0x97, 0x7E, 0x71, 0x6F, 0x71, 0x73, 0x70 ; file 0F4EA5
db 0x6E, 0x74, 0x7A, 0x7F, 0x83, 0x86, 0x82, 0x83, 0x87, 0x87, 0x7E, 0x73, 0x72, 0x72, 0x6A, 0x64 ; file 0F4EB5
db 0x66, 0x6A, 0x6E, 0x74, 0x81, 0x8F, 0x94, 0x92, 0x90, 0x8E, 0x91, 0x93, 0x95, 0x92, 0x8B, 0x8C ; file 0F4EC5
db 0x93, 0x8C, 0x7E, 0x7A, 0x74, 0x6F, 0x6E, 0x71, 0x75, 0x73, 0x72, 0x79, 0x82, 0x87, 0x87, 0x85 ; file 0F4ED5
db 0x7C, 0x75, 0x77, 0x7A, 0x76, 0x6F, 0x77, 0x82, 0x87, 0x8B, 0x91, 0x8B, 0x78, 0x68, 0x66, 0x66 ; file 0F4EE5
db 0x6C, 0x73, 0x74, 0x76, 0x7D, 0x83, 0x86, 0x8D, 0x94, 0xA2, 0xB6, 0xBC, 0xB0, 0xA2, 0x8A, 0x73 ; file 0F4EF5
db 0x6E, 0x72, 0x72, 0x72, 0x72, 0x74, 0x75, 0x7A, 0x7E, 0x81, 0x81, 0x84, 0x8A, 0x8E, 0x88, 0x77 ; file 0F4F05
db 0x70, 0x70, 0x6C, 0x65, 0x65, 0x68, 0x6C, 0x71, 0x7C, 0x88, 0x90, 0x92, 0x91, 0x8F, 0x90, 0x93 ; file 0F4F15
db 0x94, 0x93, 0x8C, 0x86, 0x8E, 0x92, 0x84, 0x7C, 0x79, 0x71, 0x6D, 0x73, 0x77, 0x74, 0x72, 0x77 ; file 0F4F25
db 0x7C, 0x81, 0x85, 0x83, 0x7E, 0x79, 0x79, 0x7D, 0x7D, 0x71, 0x70, 0x7B, 0x82, 0x85, 0x8E, 0x91 ; file 0F4F35
db 0x84, 0x70, 0x69, 0x67, 0x68, 0x71, 0x78, 0x77, 0x7B, 0x82, 0x82, 0x83, 0x8C, 0x96, 0xA9, 0xBF ; file 0F4F45
db 0xBC, 0xAA, 0x98, 0x7C, 0x6C, 0x71, 0x74, 0x72, 0x74, 0x78, 0x75, 0x74, 0x7A, 0x7C, 0x7D, 0x81 ; file 0F4F55
db 0x8B, 0x92, 0x93, 0x81, 0x71, 0x6E, 0x6C, 0x66, 0x65, 0x67, 0x6A, 0x6F, 0x79, 0x83, 0x8A, 0x8F ; file 0F4F65
db 0x91, 0x90, 0x90, 0x92, 0x94, 0x94, 0x8E, 0x84, 0x87, 0x91, 0x8C, 0x7F, 0x7B, 0x76, 0x6D, 0x72 ; file 0F4F75
db 0x7B, 0x76, 0x72, 0x77, 0x7A, 0x7A, 0x81, 0x82, 0x7D, 0x7A, 0x7C, 0x7F, 0x83, 0x79, 0x6D, 0x74 ; file 0F4F85
db 0x7C, 0x7E, 0x88, 0x91, 0x8C, 0x7B, 0x6E, 0x6B, 0x67, 0x6D, 0x79, 0x7B, 0x7B, 0x80, 0x82, 0x7D ; file 0F4F95
db 0x81, 0x8C, 0x9A, 0xB5, 0xC5, 0xB6, 0xA1, 0x8B, 0x70, 0x6D, 0x76, 0x72, 0x73, 0x7B, 0x7B, 0x72 ; file 0F4FA5
db 0x75, 0x78, 0x77, 0x7C, 0x89, 0x94, 0x9A, 0x8F, 0x78, 0x6D, 0x6B, 0x66, 0x65, 0x67, 0x68, 0x6D ; file 0F4FB5
db 0x76, 0x80, 0x86, 0x89, 0x8E, 0x91, 0x90, 0x92, 0x94, 0x94, 0x90, 0x85, 0x81, 0x8B, 0x8F, 0x85 ; file 0F4FC5
db 0x7C, 0x7A, 0x70, 0x6E, 0x7D, 0x7C, 0x73, 0x76, 0x7B, 0x77, 0x7A, 0x80, 0x7C, 0x78, 0x7D, 0x81 ; file 0F4FD5
db 0x86, 0x83, 0x72, 0x6E, 0x77, 0x79, 0x80, 0x8E, 0x8F, 0x84, 0x76, 0x6F, 0x6B, 0x69, 0x74, 0x7E ; file 0F4FE5
db 0x7E, 0x7F, 0x82, 0x7D, 0x79, 0x82, 0x8E, 0xA4, 0xC2, 0xC3, 0xAC, 0x96, 0x7C, 0x6B, 0x74, 0x76 ; file 0F4FF5
db 0x71, 0x7A, 0x81, 0x76, 0x70, 0x74, 0x73, 0x74, 0x83, 0x93, 0x9D, 0x9B, 0x84, 0x71, 0x6A, 0x65 ; file 0F5005
db 0x63, 0x67, 0x68, 0x6A, 0x72, 0x7E, 0x84, 0x84, 0x89, 0x8F, 0x91, 0x92, 0x94, 0x95, 0x92, 0x88 ; file 0F5015
db 0x7F, 0x83, 0x8C, 0x8A, 0x80, 0x7C, 0x75, 0x6D, 0x79, 0x82, 0x77, 0x74, 0x7C, 0x78, 0x74, 0x7A ; file 0F5025
db 0x7C, 0x75, 0x7A, 0x83, 0x88, 0x8A, 0x7C, 0x6F, 0x71, 0x75, 0x78, 0x86, 0x8F, 0x8A, 0x7F, 0x76 ; file 0F5035
db 0x6F, 0x6B, 0x6F, 0x7D, 0x82, 0x81, 0x82, 0x7F, 0x76, 0x78, 0x83, 0x95, 0xB3, 0xC8, 0xBA, 0x9F ; file 0F5045
db 0x89, 0x71, 0x6F, 0x77, 0x73, 0x76, 0x83, 0x7E, 0x70, 0x6F, 0x71, 0x6E, 0x7A, 0x8F, 0x9E, 0xA3 ; file 0F5055
db 0x92, 0x7B, 0x6C, 0x65, 0x61, 0x66, 0x69, 0x69, 0x6E, 0x7B, 0x83, 0x83, 0x83, 0x8B, 0x90, 0x93 ; file 0F5065
db 0x94, 0x95, 0x93, 0x8B, 0x81, 0x7F, 0x86, 0x8A, 0x86, 0x7E, 0x79, 0x70, 0x74, 0x82, 0x7E, 0x74 ; file 0F5075
db 0x7A, 0x7C, 0x73, 0x73, 0x78, 0x74, 0x75, 0x81, 0x8B, 0x8E, 0x85, 0x76, 0x6E, 0x70, 0x71, 0x7D ; file 0F5085
db 0x8A, 0x8C, 0x85, 0x7E, 0x76, 0x6E, 0x6D, 0x78, 0x83, 0x86, 0x83, 0x81, 0x77, 0x71, 0x79, 0x89 ; file 0F5095
db 0xA2, 0xBF, 0xC5, 0xAD, 0x93, 0x7D, 0x6F, 0x74, 0x76, 0x74, 0x80, 0x85, 0x77, 0x6D, 0x6D, 0x6A ; file 0F50A5
db 0x6F, 0x86, 0x9B, 0xA6, 0x9E, 0x88, 0x73, 0x66, 0x5F, 0x62, 0x68, 0x6A, 0x6C, 0x77, 0x82, 0x83 ; file 0F50B5
db 0x7F, 0x84, 0x8D, 0x92, 0x95, 0x95, 0x94, 0x8E, 0x82, 0x7E, 0x81, 0x84, 0x88, 0x84, 0x7B, 0x74 ; file 0F50C5
db 0x73, 0x7F, 0x83, 0x79, 0x79, 0x7E, 0x76, 0x6F, 0x72, 0x73, 0x71, 0x7C, 0x8A, 0x92, 0x8C, 0x7F ; file 0F50D5
db 0x73, 0x6D, 0x6C, 0x74, 0x82, 0x8A, 0x87, 0x85, 0x7F, 0x74, 0x6F, 0x74, 0x80, 0x89, 0x88, 0x83 ; file 0F50E5
db 0x7A, 0x70, 0x6F, 0x7D, 0x93, 0xAF, 0xC4, 0xBC, 0x9E, 0x87, 0x77, 0x72, 0x75, 0x76, 0x7C, 0x87 ; file 0F50F5
db 0x7F, 0x71, 0x69, 0x67, 0x68, 0x7A, 0x94, 0xA7, 0xA5, 0x95, 0x7F, 0x6B, 0x5E, 0x5E, 0x66, 0x6A ; file 0F5105
db 0x6B, 0x72, 0x80, 0x84, 0x7F, 0x7E, 0x86, 0x90, 0x95, 0x96, 0x95, 0x90, 0x85, 0x7E, 0x7F, 0x7F ; file 0F5115
db 0x83, 0x87, 0x81, 0x76, 0x75, 0x7D, 0x83, 0x7F, 0x7A, 0x7D, 0x79, 0x70, 0x6C, 0x6F, 0x6E, 0x75 ; file 0F5125
db 0x85, 0x94, 0x92, 0x86, 0x7B, 0x6F, 0x68, 0x6D, 0x7A, 0x84, 0x86, 0x87, 0x87, 0x7C, 0x73, 0x74 ; file 0F5135
db 0x7B, 0x87, 0x8D, 0x87, 0x7D, 0x72, 0x6C, 0x71, 0x86, 0xA1, 0xB8, 0xC2, 0xAE, 0x90, 0x80, 0x78 ; file 0F5145
db 0x72, 0x76, 0x7B, 0x85, 0x85, 0x79, 0x6B, 0x64, 0x63, 0x6F, 0x88, 0xA2, 0xAA, 0x9E, 0x8C, 0x76 ; file 0F5155
db 0x61, 0x5B, 0x63, 0x69, 0x6C, 0x70, 0x7C, 0x84, 0x80, 0x7C, 0x80, 0x8A, 0x94, 0x97, 0x96, 0x92 ; file 0F5165
db 0x88, 0x7F, 0x7E, 0x7D, 0x7D, 0x85, 0x87, 0x7B, 0x75, 0x7D, 0x82, 0x82, 0x7F, 0x7E, 0x7B, 0x74 ; file 0F5175
db 0x6C, 0x69, 0x6A, 0x70, 0x7E, 0x91, 0x98, 0x8C, 0x82, 0x77, 0x68, 0x66, 0x72, 0x7C, 0x82, 0x86 ; file 0F5185
db 0x8B, 0x86, 0x7A, 0x76, 0x79, 0x82, 0x8E, 0x8E, 0x81, 0x74, 0x6D, 0x6A, 0x78, 0x93, 0xAA, 0xBC ; file 0F5195
db 0xBA, 0x9E, 0x87, 0x81, 0x76, 0x72, 0x7A, 0x83, 0x86, 0x80, 0x72, 0x64, 0x5E, 0x67, 0x7C, 0x98 ; file 0F51A5
db 0xAB, 0xA5, 0x97, 0x83, 0x6A, 0x5A, 0x5E, 0x66, 0x6B, 0x6E, 0x78, 0x82, 0x82, 0x7C, 0x7C, 0x82 ; file 0F51B5
db 0x8F, 0x96, 0x97, 0x94, 0x8B, 0x80, 0x7E, 0x7D, 0x7A, 0x7E, 0x87, 0x82, 0x76, 0x7C, 0x84, 0x82 ; file 0F51C5
db 0x82, 0x82, 0x7D, 0x77, 0x6F, 0x67, 0x64, 0x6B, 0x78, 0x8A, 0x99, 0x93, 0x88, 0x80, 0x70, 0x62 ; file 0F51D5
db 0x6B, 0x76, 0x7C, 0x82, 0x8A, 0x8D, 0x83, 0x7A, 0x7B, 0x7E, 0x8A, 0x91, 0x89, 0x78, 0x6E, 0x68 ; file 0F51E5
db 0x6C, 0x85, 0x9E, 0xAF, 0xBA, 0xAE, 0x91, 0x86, 0x80, 0x72, 0x76, 0x83, 0x86, 0x83, 0x7B, 0x6A ; file 0F51F5
db 0x5C, 0x5F, 0x72, 0x8B, 0xA5, 0xAA, 0x9E, 0x90, 0x78, 0x5F, 0x5B, 0x62, 0x69, 0x6D, 0x75, 0x7F ; file 0F5205
db 0x82, 0x7D, 0x7A, 0x7D, 0x87, 0x94, 0x98, 0x96, 0x8E, 0x82, 0x7D, 0x7E, 0x7A, 0x78, 0x82, 0x86 ; file 0F5215
db 0x7B, 0x7A, 0x85, 0x83, 0x80, 0x85, 0x82, 0x78, 0x72, 0x6A, 0x60, 0x63, 0x71, 0x82, 0x95, 0x99 ; file 0F5225
db 0x8E, 0x86, 0x7B, 0x66, 0x64, 0x6F, 0x76, 0x7B, 0x86, 0x8F, 0x8B, 0x81, 0x7E, 0x7F, 0x85, 0x90 ; file 0F5235
db 0x90, 0x7F, 0x70, 0x69, 0x67, 0x76, 0x92, 0xA3, 0xB0, 0xB5, 0xA0, 0x8C, 0x88, 0x7A, 0x72, 0x80 ; file 0F5245
db 0x88, 0x83, 0x80, 0x74, 0x60, 0x59, 0x69, 0x7F, 0x9B, 0xAA, 0xA4, 0x98, 0x87, 0x6B, 0x5A, 0x5E ; file 0F5255
db 0x65, 0x6B, 0x73, 0x7D, 0x81, 0x7F, 0x7B, 0x7A, 0x80, 0x8E, 0x97, 0x98, 0x92, 0x86, 0x7E, 0x7E ; file 0F5265
db 0x7B, 0x76, 0x7A, 0x84, 0x82, 0x7A, 0x84, 0x87, 0x80, 0x84, 0x88, 0x7C, 0x74, 0x6E, 0x62, 0x5C ; file 0F5275
db 0x69, 0x7B, 0x8D, 0x9A, 0x94, 0x8B, 0x84, 0x70, 0x62, 0x68, 0x70, 0x75, 0x7F, 0x8D, 0x90, 0x8A ; file 0F5285
db 0x83, 0x82, 0x83, 0x8C, 0x93, 0x89, 0x75, 0x6B, 0x67, 0x6C, 0x83, 0x99, 0xA5, 0xAF, 0xAC, 0x97 ; file 0F5295
db 0x8D, 0x85, 0x75, 0x79, 0x89, 0x85, 0x80, 0x7B, 0x6A, 0x57, 0x5F, 0x75, 0x8D, 0xA4, 0xA7, 0x9F ; file 0F52A5
db 0x92, 0x7A, 0x61, 0x5C, 0x61, 0x68, 0x70, 0x7B, 0x80, 0x7F, 0x7C, 0x7A, 0x7B, 0x85, 0x92, 0x98 ; file 0F52B5
db 0x95, 0x8A, 0x7F, 0x7E, 0x7C, 0x76, 0x75, 0x7E, 0x83, 0x7E, 0x81, 0x8A, 0x84, 0x81, 0x8B, 0x83 ; file 0F52C5
db 0x76, 0x70, 0x67, 0x5A, 0x5F, 0x73, 0x86, 0x96, 0x97, 0x91, 0x8A, 0x7C, 0x67, 0x63, 0x6B, 0x6F ; file 0F52D5
db 0x76, 0x86, 0x90, 0x90, 0x8A, 0x86, 0x85, 0x88, 0x91, 0x90, 0x7E, 0x6E, 0x67, 0x68, 0x76, 0x8E ; file 0F52E5
db 0x9B, 0xA4, 0xAB, 0xA3, 0x94, 0x8D, 0x7F, 0x76, 0x83, 0x8A, 0x81, 0x7E, 0x73, 0x5D, 0x58, 0x6B ; file 0F52F5
db 0x82, 0x9A, 0xA5, 0xA3, 0x99, 0x88, 0x6E, 0x5E, 0x5E, 0x64, 0x6C, 0x79, 0x80, 0x7F, 0x7C, 0x7A ; file 0F5305
db 0x7A, 0x7F, 0x8B, 0x96, 0x98, 0x8F, 0x82, 0x7E, 0x7D, 0x78, 0x73, 0x77, 0x7F, 0x81, 0x81, 0x89 ; file 0F5315
db 0x89, 0x81, 0x87, 0x8B, 0x7C, 0x71, 0x6B, 0x5E, 0x58, 0x68, 0x7E, 0x8F, 0x97, 0x95, 0x8F, 0x85 ; file 0F5325
db 0x72, 0x65, 0x65, 0x6A, 0x6F, 0x7C, 0x8D, 0x92, 0x91, 0x8D, 0x88, 0x89, 0x8D, 0x92, 0x88, 0x75 ; file 0F5335
db 0x69, 0x67, 0x6E, 0x80, 0x93, 0x9A, 0xA2, 0xA7, 0x9F, 0x93, 0x89, 0x7B, 0x7D, 0x8A, 0x85, 0x7E ; file 0F5345
db 0x79, 0x68, 0x58, 0x61, 0x77, 0x8F, 0x9F, 0xA3, 0x9F, 0x93, 0x7C, 0x67, 0x5E, 0x61, 0x68, 0x73 ; file 0F5355
db 0x7F, 0x80, 0x7C, 0x7A, 0x7A, 0x7B, 0x83, 0x90, 0x97, 0x93, 0x86, 0x7E, 0x7E, 0x7A, 0x74, 0x74 ; file 0F5365
db 0x79, 0x7F, 0x83, 0x89, 0x8C, 0x85, 0x84, 0x8D, 0x84, 0x76, 0x6E, 0x64, 0x57, 0x5D, 0x73, 0x89 ; file 0F5375
db 0x94, 0x95, 0x94, 0x8C, 0x7C, 0x6C, 0x64, 0x66, 0x69, 0x72, 0x85, 0x90, 0x93, 0x93, 0x8E, 0x8B ; file 0F5385
db 0x8C, 0x90, 0x8D, 0x7E, 0x6E, 0x66, 0x6A, 0x77, 0x87, 0x93, 0x98, 0xA0, 0xA5, 0x9E, 0x90, 0x85 ; file 0F5395
db 0x7D, 0x85, 0x89, 0x81, 0x7B, 0x72, 0x5F, 0x5B, 0x6C, 0x85, 0x97, 0x9E, 0xA1, 0x9A, 0x88, 0x73 ; file 0F53A5
db 0x64, 0x5F, 0x63, 0x6D, 0x7C, 0x81, 0x7D, 0x79, 0x7A, 0x7A, 0x7E, 0x88, 0x93, 0x95, 0x8B, 0x80 ; file 0F53B5
db 0x7E, 0x7C, 0x76, 0x73, 0x75, 0x79, 0x80, 0x8A, 0x8D, 0x89, 0x84, 0x8A, 0x8B, 0x7D, 0x71, 0x68 ; file 0F53C5
db 0x5C, 0x57, 0x67, 0x7F, 0x90, 0x93, 0x95, 0x92, 0x84, 0x74, 0x69, 0x63, 0x65, 0x6A, 0x7B, 0x8B ; file 0F53D5
db 0x93, 0x96, 0x95, 0x8F, 0x8E, 0x8E, 0x8E, 0x85, 0x76, 0x69, 0x67, 0x71, 0x7D, 0x8A, 0x91, 0x96 ; file 0F53E5
db 0xA1, 0xA7, 0x9A, 0x8C, 0x83, 0x83, 0x88, 0x85, 0x7D, 0x77, 0x68, 0x5C, 0x63, 0x79, 0x90, 0x98 ; file 0F53F5
db 0x9E, 0x9E, 0x92, 0x7E, 0x6E, 0x62, 0x60, 0x67, 0x76, 0x81, 0x7F, 0x79, 0x79, 0x7A, 0x7C, 0x82 ; file 0F5405
db 0x8D, 0x94, 0x90, 0x83, 0x7E, 0x7D, 0x77, 0x73, 0x73, 0x75, 0x7A, 0x87, 0x90, 0x8B, 0x87, 0x88 ; file 0F5415
db 0x8C, 0x85, 0x76, 0x6C, 0x61, 0x58, 0x5D, 0x73, 0x8A, 0x90, 0x93, 0x96, 0x8D, 0x7C, 0x71, 0x67 ; file 0F5425
db 0x61, 0x64, 0x70, 0x83, 0x8F, 0x96, 0x9A, 0x96, 0x91, 0x90, 0x8E, 0x89, 0x7E, 0x6E, 0x67, 0x6D ; file 0F5435
db 0x78, 0x80, 0x8A, 0x8E, 0x95, 0xA6, 0xA6, 0x94, 0x8A, 0x87, 0x86, 0x86, 0x81, 0x78, 0x6F, 0x62 ; file 0F5445
db 0x60, 0x6E, 0x86, 0x92, 0x98, 0x9E, 0x99, 0x88, 0x79, 0x6B, 0x61, 0x63, 0x6F, 0x7E, 0x82, 0x7B ; file 0F5455
db 0x78, 0x79, 0x7B, 0x7E, 0x85, 0x90, 0x92, 0x88, 0x7F, 0x7E, 0x7A, 0x73, 0x73, 0x73, 0x74, 0x7F ; file 0F5465
db 0x91, 0x90, 0x89, 0x89, 0x8B, 0x88, 0x7F, 0x70, 0x65, 0x5A, 0x59, 0x67, 0x80, 0x8E, 0x8F, 0x95 ; file 0F5475
db 0x94, 0x84, 0x78, 0x6F, 0x62, 0x5F, 0x68, 0x78, 0x88, 0x93, 0x9C, 0x9D, 0x97, 0x93, 0x90, 0x89 ; file 0F5485
db 0x82, 0x77, 0x6A, 0x6A, 0x74, 0x7A, 0x80, 0x87, 0x8B, 0x9A, 0xAC, 0xA1, 0x90, 0x8D, 0x8A, 0x84 ; file 0F5495
db 0x84, 0x7C, 0x72, 0x68, 0x63, 0x67, 0x7B, 0x8D, 0x91, 0x99, 0x9C, 0x91, 0x82, 0x76, 0x68, 0x61 ; file 0F54A5
db 0x69, 0x79, 0x82, 0x7E, 0x78, 0x78, 0x7A, 0x7D, 0x81, 0x89, 0x90, 0x8C, 0x81, 0x7F, 0x7C, 0x75 ; file 0F54B5
db 0x72, 0x73, 0x71, 0x76, 0x8B, 0x95, 0x8B, 0x8A, 0x8D, 0x89, 0x84, 0x78, 0x69, 0x5D, 0x59, 0x5F ; file 0F54C5
db 0x73, 0x88, 0x8D, 0x91, 0x96, 0x8D, 0x7D, 0x76, 0x6A, 0x5E, 0x60, 0x6F, 0x7F, 0x8D, 0x99, 0xA1 ; file 0F54D5
db 0x9E, 0x98, 0x94, 0x8C, 0x83, 0x7D, 0x71, 0x69, 0x71, 0x79, 0x7A, 0x7F, 0x83, 0x8C, 0xA4, 0xAC ; file 0F54E5
db 0x99, 0x90, 0x91, 0x87, 0x83, 0x81, 0x75, 0x6B, 0x67, 0x68, 0x72, 0x86, 0x8D, 0x91, 0x99, 0x97 ; file 0F54F5
db 0x88, 0x7F, 0x72, 0x65, 0x64, 0x71, 0x7F, 0x81, 0x7A, 0x77, 0x78, 0x7C, 0x7F, 0x84, 0x8B, 0x8D ; file 0F5505
db 0x85, 0x80, 0x7E, 0x78, 0x73, 0x73, 0x71, 0x70, 0x80, 0x95, 0x92, 0x89, 0x8F, 0x8C, 0x84, 0x7F ; file 0F5515
db 0x70, 0x61, 0x5A, 0x5D, 0x68, 0x7E, 0x8A, 0x8C, 0x94, 0x93, 0x84, 0x7B, 0x73, 0x63, 0x5B, 0x66 ; file 0F5525
db 0x76, 0x84, 0x93, 0xA0, 0xA3, 0x9F, 0x99, 0x91, 0x85, 0x7E, 0x78, 0x6D, 0x6E, 0x77, 0x78, 0x78 ; file 0F5535
db 0x7D, 0x81, 0x93, 0xAC, 0xA7, 0x95, 0x95, 0x90, 0x82, 0x82, 0x7B, 0x6D, 0x68, 0x6B, 0x6E, 0x7D ; file 0F5545
db 0x89, 0x8C, 0x92, 0x97, 0x8F, 0x85, 0x7D, 0x6E, 0x63, 0x6B, 0x7A, 0x81, 0x7D, 0x77, 0x76, 0x7A ; file 0F5555
db 0x7E, 0x81, 0x86, 0x8B, 0x87, 0x81, 0x80, 0x7A, 0x74, 0x72, 0x72, 0x6E, 0x75, 0x8E, 0x97, 0x8D ; file 0F5565
db 0x8D, 0x91, 0x87, 0x82, 0x7A, 0x67, 0x5B, 0x5C, 0x64, 0x73, 0x84, 0x89, 0x8F, 0x95, 0x8C, 0x7F ; file 0F5575
db 0x7B, 0x6D, 0x5C, 0x5E, 0x6D, 0x7C, 0x8B, 0x9B, 0xA5, 0xA5, 0x9F, 0x97, 0x8A, 0x7E, 0x7B, 0x73 ; file 0F5585
db 0x6E, 0x75, 0x78, 0x74, 0x75, 0x79, 0x84, 0x9F, 0xAE, 0xA1, 0x97, 0x99, 0x89, 0x80, 0x7F, 0x73 ; file 0F5595
db 0x68, 0x6C, 0x70, 0x77, 0x83, 0x88, 0x8B, 0x93, 0x92, 0x8A, 0x85, 0x7A, 0x6A, 0x67, 0x73, 0x7E ; file 0F55A5
db 0x7E, 0x79, 0x76, 0x78, 0x7D, 0x80, 0x82, 0x86, 0x86, 0x82, 0x81, 0x7D, 0x75, 0x72, 0x73, 0x6F ; file 0F55B5
db 0x6E, 0x81, 0x96, 0x94, 0x8D, 0x92, 0x8D, 0x82, 0x7E, 0x71, 0x5E, 0x5B, 0x62, 0x6C, 0x7C, 0x85 ; file 0F55C5
db 0x8B, 0x92, 0x90, 0x85, 0x7F, 0x77, 0x65, 0x59, 0x65, 0x73, 0x81, 0x94, 0xA3, 0xA9, 0xA7, 0x9E ; file 0F55D5
db 0x91, 0x81, 0x7A, 0x77, 0x72, 0x73, 0x78, 0x75, 0x6F, 0x71, 0x79, 0x8E, 0xA8, 0xAB, 0x9E, 0x9E ; file 0F55E5
db 0x95, 0x83, 0x7E, 0x79, 0x6A, 0x6A, 0x73, 0x78, 0x7F, 0x83, 0x87, 0x8C, 0x91, 0x8D, 0x89, 0x83 ; file 0F55F5
db 0x76, 0x69, 0x6E, 0x7A, 0x7E, 0x7B, 0x77, 0x76, 0x7B, 0x7F, 0x81, 0x82, 0x82, 0x81, 0x81, 0x7F ; file 0F5605
db 0x78, 0x73, 0x72, 0x70, 0x6D, 0x77, 0x8E, 0x97, 0x91, 0x91, 0x92, 0x86, 0x7F, 0x79, 0x65, 0x5A ; file 0F5615
db 0x61, 0x6A, 0x75, 0x7E, 0x86, 0x8D, 0x91, 0x8A, 0x84, 0x7E, 0x6F, 0x5D, 0x5E, 0x6C, 0x78, 0x89 ; file 0F5625
db 0x9D, 0xA9, 0xAD, 0xA6, 0x99, 0x88, 0x7A, 0x77, 0x76, 0x75, 0x78, 0x77, 0x6F, 0x6A, 0x6F, 0x80 ; file 0F5635
db 0x99, 0xAB, 0xA9, 0xA2, 0x9E, 0x8D, 0x7E, 0x7B, 0x6F, 0x67, 0x71, 0x7B, 0x7F, 0x7F, 0x82, 0x86 ; file 0F5645
db 0x8B, 0x8C, 0x8C, 0x89, 0x80, 0x72, 0x6D, 0x76, 0x7C, 0x7B, 0x79, 0x76, 0x78, 0x7E, 0x81, 0x81 ; file 0F5655
db 0x7F, 0x7E, 0x80, 0x81, 0x7B, 0x74, 0x72, 0x72, 0x6D, 0x70, 0x84, 0x93, 0x95, 0x93, 0x94, 0x8C ; file 0F5665
db 0x80, 0x7B, 0x6F, 0x5D, 0x5E, 0x68, 0x72, 0x78, 0x7F, 0x89, 0x8E, 0x8B, 0x88, 0x83, 0x78, 0x67 ; file 0F5675
db 0x5C, 0x64, 0x71, 0x7F, 0x94, 0xA5, 0xAE, 0xAE, 0xA3, 0x90, 0x7E, 0x76, 0x76, 0x78, 0x7A, 0x78 ; file 0F5685
db 0x71, 0x68, 0x66, 0x74, 0x8A, 0xA0, 0xAD, 0xAB, 0xA4, 0x98, 0x85, 0x7A, 0x74, 0x69, 0x6D, 0x7B ; file 0F5695
db 0x82, 0x7F, 0x7D, 0x81, 0x85, 0x87, 0x8B, 0x8E, 0x88, 0x7D, 0x72, 0x73, 0x79, 0x7A, 0x79, 0x78 ; file 0F56A5
db 0x77, 0x7B, 0x80, 0x81, 0x7E, 0x7A, 0x7C, 0x81, 0x7E, 0x76, 0x72, 0x72, 0x6E, 0x6E, 0x7C, 0x8C ; file 0F56B5
db 0x93, 0x96, 0x96, 0x90, 0x85, 0x7C, 0x75, 0x65, 0x5D, 0x65, 0x71, 0x75, 0x78, 0x83, 0x8B, 0x8A ; file 0F56C5
db 0x89, 0x88, 0x7F, 0x70, 0x62, 0x60, 0x6A, 0x76, 0x89, 0x9F, 0xAC, 0xB3, 0xAD, 0x9A, 0x85, 0x78 ; file 0F56D5
db 0x74, 0x79, 0x7E, 0x7A, 0x74, 0x6A, 0x60, 0x68, 0x7E, 0x92, 0xA5, 0xB2, 0xAD, 0xA0, 0x91, 0x7E ; file 0F56E5
db 0x74, 0x6C, 0x6B, 0x77, 0x85, 0x85, 0x7B, 0x7C, 0x80, 0x81, 0x86, 0x8E, 0x8D, 0x86, 0x7C, 0x76 ; file 0F56F5
db 0x77, 0x78, 0x77, 0x78, 0x77, 0x79, 0x7E, 0x81, 0x7F, 0x78, 0x76, 0x7E, 0x80, 0x78, 0x73, 0x73 ; file 0F5705
db 0x6F, 0x6D, 0x77, 0x85, 0x8E, 0x95, 0x9A, 0x93, 0x8B, 0x7F, 0x76, 0x6C, 0x60, 0x63, 0x6F, 0x76 ; file 0F5715
db 0x73, 0x7B, 0x87, 0x88, 0x86, 0x8B, 0x85, 0x78, 0x6A, 0x62, 0x64, 0x6E, 0x7E, 0x95, 0xA7, 0xB3 ; file 0F5725
db 0xB4, 0xA6, 0x8F, 0x7D, 0x73, 0x76, 0x80, 0x7F, 0x76, 0x6D, 0x60, 0x5E, 0x70, 0x85, 0x97, 0xAE ; file 0F5735
db 0xB7, 0xA9, 0x9A, 0x88, 0x76, 0x6D, 0x6B, 0x73, 0x83, 0x8C, 0x7F, 0x77, 0x7B, 0x7D, 0x7E, 0x8A ; file 0F5745
db 0x90, 0x8D, 0x85, 0x7E, 0x79, 0x76, 0x75, 0x77, 0x78, 0x79, 0x7C, 0x80, 0x80, 0x79, 0x72, 0x78 ; file 0F5755
db 0x7F, 0x7C, 0x75, 0x73, 0x71, 0x6C, 0x73, 0x81, 0x87, 0x90, 0x9C, 0x98, 0x8E, 0x85, 0x79, 0x6E ; file 0F5765
db 0x66, 0x63, 0x6B, 0x77, 0x74, 0x73, 0x7F, 0x86, 0x83, 0x89, 0x8B, 0x7F, 0x71, 0x69, 0x64, 0x67 ; file 0F5775
db 0x75, 0x8A, 0x9E, 0xAF, 0xB7, 0xB0, 0x9A, 0x84, 0x76, 0x72, 0x7E, 0x85, 0x7C, 0x6F, 0x63, 0x59 ; file 0F5785
db 0x63, 0x7B, 0x8A, 0xA0, 0xB9, 0xB7, 0xA1, 0x94, 0x7E, 0x6D, 0x6B, 0x72, 0x7E, 0x8E, 0x88, 0x78 ; file 0F5795
db 0x76, 0x7A, 0x78, 0x82, 0x8F, 0x91, 0x8C, 0x88, 0x80, 0x77, 0x73, 0x74, 0x77, 0x79, 0x7B, 0x7E ; file 0F57A5
db 0x80, 0x7B, 0x71, 0x71, 0x7B, 0x7D, 0x77, 0x74, 0x72, 0x6D, 0x6F, 0x7E, 0x84, 0x88, 0x97, 0x9E ; file 0F57B5
db 0x92, 0x89, 0x7F, 0x70, 0x69, 0x67, 0x6A, 0x75, 0x78, 0x71, 0x77, 0x82, 0x81, 0x83, 0x8C, 0x86 ; file 0F57C5
db 0x77, 0x6F, 0x6A, 0x64, 0x6D, 0x80, 0x94, 0xA8, 0xB6, 0xB7, 0xA6, 0x8E, 0x7C, 0x72, 0x79, 0x86 ; file 0F57D5
db 0x83, 0x74, 0x66, 0x5A, 0x59, 0x6E, 0x7F, 0x90, 0xAE, 0xC0, 0xAE, 0x9B, 0x8B, 0x73, 0x68, 0x71 ; file 0F57E5
db 0x7B, 0x8B, 0x90, 0x80, 0x74, 0x75, 0x74, 0x78, 0x88, 0x91, 0x90, 0x8F, 0x8A, 0x7D, 0x72, 0x71 ; file 0F57F5
db 0x75, 0x78, 0x7B, 0x7C, 0x7F, 0x7D, 0x73, 0x6D, 0x74, 0x7B, 0x78, 0x75, 0x73, 0x6E, 0x6D, 0x7B ; file 0F5805
db 0x83, 0x83, 0x8F, 0x9F, 0x99, 0x8B, 0x84, 0x76, 0x69, 0x6A, 0x6C, 0x72, 0x79, 0x73, 0x71, 0x7B ; file 0F5815
db 0x7F, 0x7F, 0x88, 0x8A, 0x7E, 0x74, 0x71, 0x68, 0x67, 0x76, 0x8A, 0x9E, 0xB1, 0xB9, 0xB0, 0x9A ; file 0F5825
db 0x84, 0x77, 0x75, 0x82, 0x88, 0x7B, 0x6A, 0x5D, 0x57, 0x62, 0x74, 0x83, 0x9C, 0xBC, 0xBB, 0xA5 ; file 0F5835
db 0x95, 0x7F, 0x69, 0x6D, 0x7A, 0x86, 0x92, 0x89, 0x78, 0x71, 0x71, 0x72, 0x7F, 0x8E, 0x93, 0x92 ; file 0F5845
db 0x93, 0x89, 0x77, 0x6F, 0x72, 0x76, 0x7B, 0x7C, 0x7E, 0x7E, 0x76, 0x6C, 0x6E, 0x76, 0x78, 0x76 ; file 0F5855
db 0x74, 0x70, 0x6C, 0x76, 0x82, 0x81, 0x86, 0x98, 0x9E, 0x91, 0x86, 0x7C, 0x6B, 0x68, 0x6F, 0x73 ; file 0F5865
db 0x79, 0x76, 0x71, 0x74, 0x7A, 0x7C, 0x83, 0x8A, 0x84, 0x79, 0x76, 0x70, 0x67, 0x6D, 0x81, 0x94 ; file 0F5875
db 0xA8, 0xB6, 0xB5, 0xA5, 0x8F, 0x7D, 0x75, 0x7D, 0x88, 0x83, 0x71, 0x60, 0x57, 0x5B, 0x69, 0x79 ; file 0F5885
db 0x8C, 0xAD, 0xC0, 0xB3, 0x9D, 0x8C, 0x71, 0x69, 0x78, 0x84, 0x90, 0x8E, 0x81, 0x72, 0x6D, 0x6D ; file 0F5895
db 0x76, 0x85, 0x91, 0x95, 0x98, 0x94, 0x82, 0x70, 0x6F, 0x73, 0x79, 0x7D, 0x7D, 0x7D, 0x78, 0x6E ; file 0F58A5
db 0x6B, 0x70, 0x74, 0x76, 0x76, 0x72, 0x6C, 0x73, 0x80, 0x82, 0x81, 0x8F, 0x9D, 0x98, 0x8A, 0x81 ; file 0F58B5
db 0x72, 0x67, 0x6E, 0x76, 0x79, 0x77, 0x73, 0x71, 0x74, 0x77, 0x7F, 0x86, 0x87, 0x7F, 0x79, 0x78 ; file 0F58C5
db 0x6E, 0x6A, 0x78, 0x8B, 0x9E, 0xB0, 0xB7, 0xAD, 0x9B, 0x86, 0x79, 0x7B, 0x85, 0x88, 0x7A, 0x66 ; file 0F58D5
db 0x58, 0x58, 0x61, 0x6D, 0x7F, 0x9C, 0xB8, 0xBC, 0xA9, 0x94, 0x7E, 0x6A, 0x71, 0x83, 0x8E, 0x90 ; file 0F58E5
db 0x88, 0x7A, 0x6D, 0x68, 0x6F, 0x7C, 0x8B, 0x95, 0x9A, 0x9C, 0x8F, 0x78, 0x6E, 0x70, 0x76, 0x7D ; file 0F58F5
db 0x7E, 0x7D, 0x7A, 0x70, 0x6B, 0x6D, 0x6F, 0x73, 0x76, 0x74, 0x6E, 0x70, 0x7E, 0x82, 0x80, 0x87 ; file 0F5905
db 0x96, 0x9A, 0x92, 0x84, 0x78, 0x6A, 0x6B, 0x76, 0x7C, 0x79, 0x74, 0x73, 0x70, 0x70, 0x79, 0x82 ; file 0F5915
db 0x85, 0x82, 0x7E, 0x7C, 0x76, 0x6D, 0x71, 0x81, 0x94, 0xA7, 0xB4, 0xB1, 0xA4, 0x91, 0x7F, 0x7C ; file 0F5925
db 0x81, 0x87, 0x81, 0x6F, 0x5B, 0x57, 0x5D, 0x64, 0x73, 0x8C, 0xA9, 0xBB, 0xB7, 0x9F, 0x89, 0x74 ; file 0F5935
db 0x6E, 0x7D, 0x8E, 0x90, 0x8B, 0x82, 0x73, 0x65, 0x69, 0x74, 0x81, 0x90, 0x9A, 0xA0, 0x9A, 0x85 ; file 0F5945
db 0x71, 0x6D, 0x72, 0x7A, 0x7E, 0x7E, 0x7A, 0x72, 0x6B, 0x6B, 0x6C, 0x6E, 0x74, 0x76, 0x70, 0x6E ; file 0F5955
db 0x7A, 0x82, 0x80, 0x83, 0x8F, 0x97, 0x96, 0x8B, 0x7C, 0x6F, 0x69, 0x73, 0x7F, 0x7D, 0x75, 0x74 ; file 0F5965
db 0x72, 0x6C, 0x71, 0x7E, 0x82, 0x82, 0x80, 0x7F, 0x7C, 0x74, 0x70, 0x79, 0x8A, 0x9D, 0xAD, 0xB2 ; file 0F5975
db 0xAA, 0x9C, 0x89, 0x7F, 0x82, 0x85, 0x84, 0x78, 0x62, 0x57, 0x5C, 0x5F, 0x67, 0x7E, 0x9B, 0xAF ; file 0F5985
db 0xBB, 0xAE, 0x94, 0x7F, 0x72, 0x76, 0x8A, 0x92, 0x8C, 0x87, 0x7C, 0x69, 0x62, 0x6D, 0x79, 0x87 ; file 0F5995
db 0x96, 0xA2, 0xA2, 0x93, 0x7C, 0x6E, 0x6E, 0x76, 0x7D, 0x7F, 0x7B, 0x74, 0x6C, 0x6B, 0x6A, 0x69 ; file 0F59A5
db 0x6F, 0x76, 0x73, 0x6E, 0x76, 0x82, 0x81, 0x81, 0x8A, 0x91, 0x95, 0x92, 0x82, 0x73, 0x6C, 0x6F ; file 0F59B5
db 0x7D, 0x83, 0x78, 0x74, 0x74, 0x6D, 0x6A, 0x76, 0x7F, 0x80, 0x80, 0x83, 0x80, 0x7B, 0x74, 0x75 ; file 0F59C5
db 0x81, 0x94, 0xA5, 0xAE, 0xAC, 0xA3, 0x94, 0x85, 0x83, 0x85, 0x83, 0x7D, 0x6C, 0x5A, 0x59, 0x5F ; file 0F59D5
db 0x60, 0x6F, 0x8C, 0xA2, 0xB2, 0xB8, 0xA3, 0x87, 0x7A, 0x76, 0x82, 0x93, 0x8F, 0x88, 0x83, 0x73 ; file 0F59E5
db 0x61, 0x66, 0x72, 0x7E, 0x8E, 0x9F, 0xA6, 0x9E, 0x89, 0x75, 0x6C, 0x71, 0x7A, 0x7F, 0x7E, 0x76 ; file 0F59F5
db 0x6D, 0x6B, 0x6B, 0x67, 0x69, 0x72, 0x75, 0x6F, 0x72, 0x7F, 0x82, 0x80, 0x86, 0x8E, 0x90, 0x93 ; file 0F5A05
db 0x8B, 0x79, 0x6F, 0x6F, 0x77, 0x85, 0x80, 0x75, 0x75, 0x72, 0x67, 0x6D, 0x7B, 0x7E, 0x7E, 0x83 ; file 0F5A15
db 0x85, 0x7F, 0x7B, 0x78, 0x7A, 0x8A, 0x9C, 0xA8, 0xAB, 0xA6, 0x9D, 0x8E, 0x87, 0x88, 0x83, 0x7F ; file 0F5A25
db 0x75, 0x61, 0x58, 0x5D, 0x5E, 0x63, 0x7D, 0x97, 0xA5, 0xB5, 0xB1, 0x95, 0x81, 0x7C, 0x7D, 0x8F ; file 0F5A35
db 0x94, 0x8A, 0x86, 0x7D, 0x68, 0x60, 0x6C, 0x77, 0x83, 0x98, 0xA7, 0xA5, 0x96, 0x81, 0x70, 0x6E ; file 0F5A45
db 0x75, 0x7D, 0x7F, 0x79, 0x6E, 0x6A, 0x6B, 0x68, 0x64, 0x6B, 0x73, 0x71, 0x70, 0x7C, 0x82, 0x7F ; file 0F5A55
db 0x83, 0x8C, 0x8C, 0x90, 0x90, 0x81, 0x71, 0x70, 0x74, 0x81, 0x86, 0x7A, 0x75, 0x75, 0x6B, 0x66 ; file 0F5A65
db 0x73, 0x7C, 0x7B, 0x80, 0x87, 0x84, 0x80, 0x7D, 0x7B, 0x81, 0x93, 0xA1, 0xA7, 0xA6, 0xA1, 0x97 ; file 0F5A75
db 0x8D, 0x8B, 0x87, 0x7F, 0x78, 0x6A, 0x5C, 0x5C, 0x5E, 0x5E, 0x6D, 0x8B, 0x9A, 0xA9, 0xB5, 0xA5 ; file 0F5A85
db 0x89, 0x82, 0x80, 0x87, 0x94, 0x8E, 0x86, 0x82, 0x72, 0x61, 0x65, 0x70, 0x7B, 0x8C, 0xA2, 0xA9 ; file 0F5A95
db 0x9F, 0x8E, 0x7A, 0x6E, 0x71, 0x79, 0x7E, 0x7D, 0x72, 0x69, 0x6A, 0x69, 0x63, 0x65, 0x6F, 0x72 ; file 0F5AA5
db 0x70, 0x79, 0x82, 0x80, 0x81, 0x8A, 0x8A, 0x8A, 0x8F, 0x8A, 0x77, 0x70, 0x75, 0x7C, 0x87, 0x81 ; file 0F5AB5
db 0x76, 0x75, 0x6F, 0x65, 0x6A, 0x76, 0x79, 0x7B, 0x85, 0x89, 0x83, 0x82, 0x80, 0x7E, 0x8A, 0x99 ; file 0F5AC5
db 0xA2, 0xA4, 0xA3, 0x9D, 0x95, 0x90, 0x8C, 0x82, 0x79, 0x70, 0x62, 0x5D, 0x5E, 0x5D, 0x63, 0x7B ; file 0F5AD5
db 0x91, 0x9C, 0xAD, 0xB1, 0x97, 0x85, 0x86, 0x86, 0x90, 0x92, 0x89, 0x83, 0x7B, 0x69, 0x61, 0x69 ; file 0F5AE5
db 0x75, 0x81, 0x98, 0xA8, 0xA6, 0x98, 0x87, 0x75, 0x6F, 0x75, 0x7C, 0x7E, 0x77, 0x6B, 0x69, 0x6B ; file 0F5AF5
db 0x65, 0x62, 0x68, 0x70, 0x70, 0x75, 0x81, 0x82, 0x7F, 0x86, 0x8B, 0x86, 0x89, 0x8C, 0x80, 0x71 ; file 0F5B05
db 0x74, 0x7B, 0x84, 0x86, 0x7C, 0x76, 0x73, 0x68, 0x65, 0x6F, 0x76, 0x77, 0x7F, 0x8A, 0x88, 0x84 ; file 0F5B15
db 0x85, 0x81, 0x83, 0x91, 0x9D, 0x9F, 0xA1, 0x9F, 0x9A, 0x96, 0x92, 0x89, 0x7C, 0x72, 0x68, 0x60 ; file 0F5B25
db 0x5F, 0x5E, 0x5F, 0x6D, 0x85, 0x93, 0xA0, 0xAF, 0xA6, 0x8E, 0x89, 0x8B, 0x8E, 0x92, 0x8D, 0x84 ; file 0F5B35
db 0x7F, 0x72, 0x64, 0x63, 0x6D, 0x79, 0x8B, 0xA2, 0xAA, 0xA0, 0x92, 0x80, 0x72, 0x71, 0x78, 0x7D ; file 0F5B45
db 0x7B, 0x6F, 0x67, 0x6A, 0x67, 0x61, 0x63, 0x6B, 0x6F, 0x72, 0x7E, 0x83, 0x80, 0x83, 0x8B, 0x87 ; file 0F5B55
db 0x84, 0x89, 0x86, 0x77, 0x72, 0x7B, 0x82, 0x87, 0x82, 0x79, 0x75, 0x6D, 0x66, 0x68, 0x71, 0x75 ; file 0F5B65
db 0x79, 0x86, 0x8C, 0x88, 0x88, 0x88, 0x83, 0x89, 0x96, 0x9B, 0x9C, 0x9E, 0x9D, 0x9B, 0x99, 0x90 ; file 0F5B75
db 0x82, 0x74, 0x6B, 0x65, 0x62, 0x5F, 0x5D, 0x65, 0x79, 0x89, 0x95, 0xA3, 0xAC, 0x9B, 0x8D, 0x90 ; file 0F5B85
db 0x91, 0x91, 0x8F, 0x88, 0x81, 0x79, 0x6C, 0x64, 0x67, 0x72, 0x80, 0x97, 0xA8, 0xA6, 0x9A, 0x8D ; file 0F5B95
db 0x7B, 0x71, 0x74, 0x7A, 0x7C, 0x74, 0x68, 0x68, 0x69, 0x63, 0x60, 0x65, 0x6B, 0x6F, 0x7B, 0x84 ; file 0F5BA5
db 0x81, 0x81, 0x89, 0x8A, 0x84, 0x83, 0x87, 0x7E, 0x74, 0x79, 0x82, 0x86, 0x84, 0x80, 0x78, 0x70 ; file 0F5BB5
db 0x68, 0x67, 0x6A, 0x70, 0x75, 0x7F, 0x8A, 0x8C, 0x8A, 0x8D, 0x88, 0x87, 0x8F, 0x97, 0x97, 0x9A ; file 0F5BC5
db 0x9D, 0x9D, 0x9F, 0x98, 0x8A, 0x7A, 0x6D, 0x67, 0x66, 0x62, 0x5D, 0x61, 0x6F, 0x7F, 0x8C, 0x98 ; file 0F5BD5
db 0xA5, 0xA5, 0x96, 0x91, 0x96, 0x94, 0x8E, 0x8C, 0x84, 0x7C, 0x72, 0x69, 0x64, 0x6B, 0x78, 0x8B ; file 0F5BE5
db 0xA0, 0xA8, 0xA0, 0x96, 0x87, 0x78, 0x72, 0x76, 0x7B, 0x77, 0x6C, 0x67, 0x68, 0x65, 0x60, 0x61 ; file 0F5BF5
db 0x66, 0x6B, 0x76, 0x83, 0x83, 0x80, 0x86, 0x8B, 0x84, 0x81, 0x82, 0x81, 0x79, 0x77, 0x80, 0x88 ; file 0F5C05
db 0x85, 0x83, 0x7E, 0x74, 0x6A, 0x68, 0x67, 0x6A, 0x70, 0x79, 0x85, 0x8C, 0x8D, 0x8F, 0x8F, 0x8A ; file 0F5C15
db 0x8A, 0x91, 0x93, 0x95, 0x9A, 0x9C, 0xA1, 0xA0, 0x93, 0x81, 0x70, 0x66, 0x67, 0x67, 0x5F, 0x5E ; file 0F5C25
db 0x69, 0x75, 0x81, 0x8E, 0x99, 0xA3, 0xA0, 0x97, 0x98, 0x9C, 0x91, 0x8C, 0x89, 0x7F, 0x75, 0x6F ; file 0F5C35
db 0x68, 0x66, 0x6F, 0x80, 0x96, 0xA4, 0xA4, 0x9C, 0x92, 0x82, 0x76, 0x73, 0x78, 0x78, 0x70, 0x68 ; file 0F5C45
db 0x67, 0x66, 0x61, 0x60, 0x62, 0x65, 0x6F, 0x80, 0x85, 0x80, 0x83, 0x8B, 0x87, 0x81, 0x7E, 0x7F ; file 0F5C55
db 0x7C, 0x79, 0x7D, 0x88, 0x88, 0x82, 0x83, 0x7A, 0x6D, 0x68, 0x68, 0x66, 0x6A, 0x73, 0x7F, 0x89 ; file 0F5C65
db 0x8F, 0x91, 0x92, 0x91, 0x8C, 0x8D, 0x90, 0x90, 0x94, 0x9A, 0xA1, 0xA6, 0x9D, 0x8A, 0x78, 0x67 ; file 0F5C75
db 0x65, 0x6B, 0x64, 0x5E, 0x64, 0x70, 0x77, 0x84, 0x8F, 0x99, 0xA1, 0xA0, 0x9B, 0x9F, 0x9A, 0x8C ; file 0F5C85
db 0x8A, 0x84, 0x77, 0x71, 0x6F, 0x67, 0x68, 0x77, 0x8B, 0x9D, 0xA4, 0xA1, 0x99, 0x8E, 0x7F, 0x75 ; file 0F5C95
db 0x75, 0x77, 0x72, 0x6A, 0x68, 0x66, 0x62, 0x60, 0x60, 0x61, 0x67, 0x7A, 0x86, 0x82, 0x81, 0x89 ; file 0F5CA5
db 0x89, 0x82, 0x7E, 0x7B, 0x7A, 0x7C, 0x7D, 0x85, 0x8C, 0x83, 0x83, 0x81, 0x73, 0x68, 0x6A, 0x67 ; file 0F5CB5
db 0x64, 0x6C, 0x7A, 0x84, 0x8D, 0x92, 0x95, 0x95, 0x92, 0x8C, 0x8C, 0x8C, 0x8E, 0x94, 0x9D, 0xA7 ; file 0F5CC5
db 0xA6, 0x96, 0x80, 0x6D, 0x63, 0x6A, 0x6B, 0x61, 0x61, 0x6D, 0x72, 0x79, 0x86, 0x8F, 0x98, 0xA3 ; file 0F5CD5
db 0xA3, 0xA1, 0xA4, 0x93, 0x88, 0x87, 0x7C, 0x71, 0x72, 0x6D, 0x67, 0x6E, 0x81, 0x93, 0x9F, 0xA2 ; file 0F5CE5
db 0x9E, 0x96, 0x8A, 0x7C, 0x74, 0x75, 0x73, 0x6C, 0x69, 0x67, 0x63, 0x60, 0x60, 0x5F, 0x61, 0x71 ; file 0F5CF5
db 0x84, 0x85, 0x81, 0x87, 0x8A, 0x84, 0x7F, 0x7A, 0x76, 0x79, 0x7F, 0x83, 0x8D, 0x89, 0x81, 0x84 ; file 0F5D05
db 0x7C, 0x6B, 0x69, 0x6A, 0x63, 0x64, 0x72, 0x7F, 0x88, 0x91, 0x97, 0x97, 0x98, 0x92, 0x8B, 0x88 ; file 0F5D15
db 0x89, 0x8E, 0x97, 0xA4, 0xAC, 0xA1, 0x8B, 0x76, 0x64, 0x66, 0x6E, 0x67, 0x60, 0x69, 0x71, 0x71 ; file 0F5D25
db 0x7C, 0x87, 0x8D, 0x9B, 0xA9, 0xA6, 0xA8, 0x9F, 0x8B, 0x86, 0x82, 0x74, 0x71, 0x73, 0x6B, 0x68 ; file 0F5D35
db 0x78, 0x8B, 0x97, 0x9F, 0xA0, 0x9B, 0x94, 0x87, 0x79, 0x74, 0x73, 0x6D, 0x69, 0x68, 0x63, 0x60 ; file 0F5D45
db 0x60, 0x5F, 0x5D, 0x67, 0x7E, 0x86, 0x82, 0x84, 0x8B, 0x86, 0x80, 0x7B, 0x74, 0x74, 0x7E, 0x85 ; file 0F5D55
db 0x8B, 0x8E, 0x83, 0x82, 0x82, 0x72, 0x68, 0x6B, 0x66, 0x5F, 0x68, 0x7A, 0x83, 0x8D, 0x97, 0x9B ; file 0F5D65
db 0x9B, 0x99, 0x90, 0x86, 0x84, 0x87, 0x8F, 0x9E, 0xAC, 0xAA, 0x98, 0x7F, 0x6A, 0x62, 0x6C, 0x6D ; file 0F5D75
db 0x64, 0x66, 0x71, 0x6F, 0x72, 0x7E, 0x84, 0x8E, 0xA5, 0xAF, 0xAC, 0xA8, 0x95, 0x86, 0x84, 0x7A ; file 0F5D85
db 0x70, 0x74, 0x72, 0x69, 0x6F, 0x83, 0x91, 0x98, 0x9E, 0x9F, 0x99, 0x92, 0x83, 0x76, 0x71, 0x6D ; file 0F5D95
db 0x68, 0x69, 0x65, 0x5F, 0x5F, 0x60, 0x5C, 0x5F, 0x74, 0x84, 0x84, 0x83, 0x8A, 0x88, 0x81, 0x7C ; file 0F5DA5
db 0x75, 0x6F, 0x78, 0x86, 0x8C, 0x90, 0x89, 0x82, 0x83, 0x7B, 0x6B, 0x6A, 0x69, 0x60, 0x60, 0x71 ; file 0F5DB5
db 0x7E, 0x86, 0x94, 0x9E, 0x9E, 0x9F, 0x98, 0x89, 0x80, 0x82, 0x87, 0x95, 0xA8, 0xAF, 0xA3, 0x8B ; file 0F5DC5
db 0x73, 0x64, 0x67, 0x6E, 0x6A, 0x66, 0x6E, 0x70, 0x6D, 0x74, 0x7D, 0x81, 0x97, 0xB1, 0xB4, 0xAF ; file 0F5DD5
db 0xA1, 0x8D, 0x82, 0x7E, 0x72, 0x72, 0x76, 0x70, 0x6B, 0x79, 0x8A, 0x91, 0x98, 0x9F, 0x9E, 0x99 ; file 0F5DE5
db 0x8F, 0x7F, 0x73, 0x6C, 0x67, 0x69, 0x68, 0x60, 0x5E, 0x60, 0x5D, 0x5B, 0x69, 0x7F, 0x85, 0x83 ; file 0F5DF5
db 0x89, 0x8A, 0x83, 0x7E, 0x77, 0x6D, 0x6F, 0x81, 0x8E, 0x91, 0x8D, 0x85, 0x82, 0x80, 0x72, 0x6B ; file 0F5E05
db 0x6B, 0x64, 0x5D, 0x67, 0x78, 0x82, 0x8D, 0x9C, 0xA1, 0xA2, 0xA0, 0x92, 0x80, 0x7C, 0x80, 0x8B ; file 0F5E15
db 0xA0, 0xAE, 0xAB, 0x98, 0x7D, 0x69, 0x65, 0x6C, 0x6D, 0x6A, 0x6D, 0x71, 0x6D, 0x6C, 0x74, 0x79 ; file 0F5E25
db 0x86, 0xA6, 0xBA, 0xB8, 0xA9, 0x99, 0x85, 0x7E, 0x76, 0x72, 0x75, 0x76, 0x6F, 0x73, 0x83, 0x8D ; file 0F5E35
db 0x91, 0x9A, 0x9F, 0x9E, 0x98, 0x8B, 0x79, 0x6D, 0x65, 0x66, 0x69, 0x63, 0x5D, 0x5E, 0x5F, 0x5A ; file 0F5E45
db 0x61, 0x76, 0x82, 0x83, 0x88, 0x8C, 0x85, 0x7F, 0x79, 0x6F, 0x6A, 0x78, 0x8C, 0x95, 0x8F, 0x89 ; file 0F5E55
db 0x84, 0x81, 0x78, 0x6F, 0x6B, 0x67, 0x5F, 0x60, 0x6F, 0x7D, 0x87, 0x97, 0xA2, 0xA5, 0xA4, 0x9C ; file 0F5E65
db 0x87, 0x79, 0x7B, 0x82, 0x95, 0xA9, 0xAE, 0xA2, 0x8A, 0x71, 0x67, 0x69, 0x6C, 0x6D, 0x6F, 0x72 ; file 0F5E75
db 0x6E, 0x6A, 0x6B, 0x70, 0x79, 0x94, 0xB5, 0xC2, 0xB3, 0xA2, 0x90, 0x7F, 0x77, 0x74, 0x74, 0x78 ; file 0F5E85
db 0x75, 0x73, 0x7C, 0x87, 0x8B, 0x92, 0x9C, 0xA0, 0x9E, 0x96, 0x85, 0x72, 0x65, 0x63, 0x68, 0x65 ; file 0F5E95
db 0x5E, 0x5D, 0x5E, 0x5B, 0x5C, 0x6D, 0x7C, 0x82, 0x87, 0x8D, 0x87, 0x80, 0x7A, 0x71, 0x68, 0x6F ; file 0F5EA5
db 0x84, 0x96, 0x94, 0x8B, 0x88, 0x82, 0x7A, 0x74, 0x6E, 0x68, 0x62, 0x5E, 0x67, 0x75, 0x82, 0x90 ; file 0F5EB5
db 0xA0, 0xA8, 0xA8, 0xA4, 0x92, 0x7C, 0x76, 0x7B, 0x8B, 0xA1, 0xAD, 0xA9, 0x97, 0x7C, 0x6B, 0x6A ; file 0F5EC5
db 0x6A, 0x6D, 0x73, 0x75, 0x6F, 0x6B, 0x67, 0x68, 0x6F, 0x83, 0xA5, 0xC3, 0xC1, 0xAA, 0x9B, 0x87 ; file 0F5ED5
db 0x77, 0x75, 0x75, 0x76, 0x79, 0x77, 0x79, 0x81, 0x86, 0x8A, 0x95, 0x9F, 0xA2, 0x9D, 0x92, 0x7C ; file 0F5EE5
db 0x68, 0x61, 0x65, 0x66, 0x60, 0x5C, 0x5E, 0x5C, 0x5A, 0x67, 0x76, 0x7D, 0x85, 0x8D, 0x89, 0x82 ; file 0F5EF5
db 0x7C, 0x74, 0x69, 0x6A, 0x79, 0x91, 0x9A, 0x8F, 0x8A, 0x87, 0x7C, 0x76, 0x74, 0x6B, 0x64, 0x5F ; file 0F5F05
db 0x63, 0x6C, 0x7B, 0x8A, 0x9A, 0xA6, 0xAC, 0xA9, 0x9D, 0x86, 0x75, 0x75, 0x81, 0x97, 0xA8, 0xAB ; file 0F5F15
db 0x9F, 0x88, 0x72, 0x6D, 0x6A, 0x6A, 0x72, 0x79, 0x72, 0x6C, 0x67, 0x62, 0x65, 0x76, 0x93, 0xB8 ; file 0F5F25
db 0xCA, 0xB6, 0xA2, 0x93, 0x7C, 0x72, 0x77, 0x76, 0x78, 0x7B, 0x7C, 0x7D, 0x81, 0x85, 0x8D, 0x99 ; file 0F5F35
db 0xA2, 0xA2, 0x9B, 0x8A, 0x71, 0x60, 0x62, 0x65, 0x62, 0x5D, 0x5D, 0x5C, 0x5A, 0x63, 0x70, 0x77 ; file 0F5F45
db 0x80, 0x8D, 0x8D, 0x84, 0x7D, 0x76, 0x6B, 0x68, 0x71, 0x87, 0x9A, 0x95, 0x8B, 0x8B, 0x80, 0x76 ; file 0F5F55
db 0x78, 0x71, 0x66, 0x60, 0x63, 0x67, 0x72, 0x83, 0x93, 0xA2, 0xAD, 0xAD, 0xA4, 0x91, 0x7B, 0x71 ; file 0F5F65
db 0x79, 0x8C, 0xA0, 0xA9, 0xA4, 0x93, 0x7D, 0x71, 0x6F, 0x69, 0x6F, 0x7C, 0x79, 0x6D, 0x69, 0x62 ; file 0F5F75
db 0x5D, 0x6A, 0x84, 0xA6, 0xC7, 0xC4, 0xAC, 0x9C, 0x88, 0x72, 0x74, 0x78, 0x77, 0x7B, 0x81, 0x7F ; file 0F5F85
db 0x7D, 0x80, 0x86, 0x90, 0x9E, 0xA5, 0xA1, 0x96, 0x7E, 0x65, 0x5E, 0x63, 0x62, 0x5F, 0x5D, 0x5B ; file 0F5F95
db 0x59, 0x5F, 0x6D, 0x72, 0x79, 0x88, 0x8F, 0x86, 0x7F, 0x79, 0x6E, 0x67, 0x6D, 0x7D, 0x94, 0x9A ; file 0F5FA5
db 0x90, 0x8B, 0x87, 0x78, 0x77, 0x77, 0x6B, 0x61, 0x63, 0x66, 0x6A, 0x79, 0x8D, 0x9B, 0xAA, 0xB1 ; file 0F5FB5
db 0xAB, 0x9B, 0x86, 0x74, 0x71, 0x82, 0x97, 0xA3, 0xA4, 0x9A, 0x88, 0x79, 0x73, 0x6C, 0x6A, 0x79 ; file 0F5FC5
db 0x7F, 0x72, 0x6A, 0x64, 0x5A, 0x5D, 0x76, 0x95, 0xB7, 0xCA, 0xBB, 0xA4, 0x94, 0x7B, 0x71, 0x78 ; file 0F5FD5
db 0x78, 0x79, 0x82, 0x85, 0x7E, 0x7B, 0x80, 0x88, 0x96, 0xA3, 0xA5, 0x9F, 0x8D, 0x70, 0x5F, 0x60 ; file 0F5FE5
db 0x60, 0x5F, 0x5E, 0x5C, 0x58, 0x5C, 0x6A, 0x70, 0x72, 0x81, 0x8E, 0x8A, 0x82, 0x7B, 0x71, 0x67 ; file 0F5FF5
db 0x6B, 0x76, 0x89, 0x99, 0x96, 0x8E, 0x8A, 0x7E, 0x75, 0x7A, 0x72, 0x64, 0x62, 0x67, 0x67, 0x70 ; file 0F6005
db 0x84, 0x96, 0xA3, 0xB0, 0xB1, 0xA2, 0x90, 0x7C, 0x6F, 0x79, 0x8E, 0x9C, 0xA2, 0x9D, 0x90, 0x82 ; file 0F6015
db 0x7A, 0x70, 0x6A, 0x72, 0x81, 0x7A, 0x6D, 0x66, 0x5D, 0x56, 0x68, 0x86, 0xA6, 0xC2, 0xC5, 0xB1 ; file 0F6025
db 0x9D, 0x88, 0x74, 0x74, 0x7A, 0x79, 0x7F, 0x89, 0x84, 0x79, 0x7A, 0x82, 0x8C, 0x9C, 0xA6, 0xA4 ; file 0F6035
db 0x98, 0x7F, 0x66, 0x5E, 0x5F, 0x5D, 0x5E, 0x5E, 0x58, 0x59, 0x67, 0x6F, 0x6F, 0x78, 0x89, 0x8C ; file 0F6045
db 0x84, 0x7D, 0x74, 0x69, 0x68, 0x72, 0x81, 0x92, 0x97, 0x93, 0x8D, 0x83, 0x78, 0x78, 0x78, 0x6A ; file 0F6055
db 0x61, 0x66, 0x69, 0x6A, 0x79, 0x8F, 0x9D, 0xAB, 0xB3, 0xAA, 0x98, 0x87, 0x75, 0x72, 0x84, 0x94 ; file 0F6065
db 0x9C, 0x9C, 0x94, 0x89, 0x82, 0x77, 0x6E, 0x6E, 0x7D, 0x80, 0x74, 0x68, 0x5F, 0x55, 0x5B, 0x76 ; file 0F6075
db 0x96, 0xB3, 0xC3, 0xBE, 0xA8, 0x93, 0x7D, 0x73, 0x78, 0x7B, 0x7C, 0x88, 0x8C, 0x7F, 0x76, 0x7C ; file 0F6085
db 0x85, 0x93, 0xA2, 0xA7, 0xA0, 0x8D, 0x72, 0x61, 0x5D, 0x5B, 0x5C, 0x5E, 0x5A, 0x56, 0x61, 0x6E ; file 0F6095
db 0x6E, 0x70, 0x81, 0x8C, 0x87, 0x7F, 0x77, 0x6B, 0x67, 0x6F, 0x7B, 0x8A, 0x93, 0x96, 0x91, 0x87 ; file 0F60A5
db 0x7D, 0x78, 0x78, 0x72, 0x65, 0x65, 0x6A, 0x69, 0x70, 0x85, 0x97, 0xA5, 0xB1, 0xB1, 0xA0, 0x90 ; file 0F60B5
db 0x7F, 0x72, 0x7B, 0x8D, 0x96, 0x99, 0x95, 0x8D, 0x89, 0x80, 0x73, 0x6E, 0x77, 0x81, 0x7B, 0x6E ; file 0F60C5
db 0x62, 0x57, 0x54, 0x67, 0x87, 0xA5, 0xB8, 0xC2, 0xB6, 0x9D, 0x88, 0x79, 0x75, 0x7B, 0x7C, 0x83 ; file 0F60D5
db 0x8E, 0x88, 0x78, 0x76, 0x7F, 0x8A, 0x99, 0xA5, 0xA5, 0x98, 0x80, 0x6A, 0x5F, 0x5A, 0x5A, 0x5E ; file 0F60E5
db 0x5D, 0x56, 0x5C, 0x6C, 0x6F, 0x6D, 0x78, 0x87, 0x88, 0x82, 0x7A, 0x6F, 0x67, 0x6C, 0x77, 0x84 ; file 0F60F5
db 0x8D, 0x94, 0x96, 0x8D, 0x80, 0x7B, 0x78, 0x75, 0x6C, 0x65, 0x69, 0x6B, 0x6C, 0x7A, 0x8F, 0x9F ; file 0F6105
db 0xAB, 0xB2, 0xA9, 0x97, 0x88, 0x79, 0x76, 0x84, 0x90, 0x93, 0x94, 0x8F, 0x8C, 0x8A, 0x7B, 0x71 ; file 0F6115
db 0x74, 0x7E, 0x7E, 0x76, 0x67, 0x5A, 0x53, 0x5C, 0x76, 0x97, 0xAC, 0xBA, 0xBF, 0xAC, 0x92, 0x83 ; file 0F6125
db 0x77, 0x77, 0x7D, 0x81, 0x8C, 0x8E, 0x80, 0x74, 0x78, 0x83, 0x90, 0x9F, 0xA7, 0xA0, 0x8D, 0x77 ; file 0F6135
db 0x66, 0x5B, 0x58, 0x5B, 0x5E, 0x59, 0x58, 0x67, 0x6F, 0x6D, 0x71, 0x80, 0x86, 0x84, 0x7E, 0x73 ; file 0F6145
db 0x68, 0x69, 0x73, 0x80, 0x88, 0x8D, 0x96, 0x94, 0x84, 0x7D, 0x7B, 0x76, 0x71, 0x69, 0x68, 0x6B ; file 0F6155
db 0x6C, 0x72, 0x84, 0x98, 0xA6, 0xB0, 0xAE, 0x9F, 0x90, 0x82, 0x78, 0x7D, 0x8A, 0x8F, 0x90, 0x8E ; file 0F6165
db 0x8D, 0x8F, 0x86, 0x77, 0x74, 0x7C, 0x7E, 0x7B, 0x6F, 0x5F, 0x53, 0x57, 0x68, 0x87, 0xA1, 0xAE ; file 0F6175
db 0xBC, 0xB9, 0x9E, 0x8B, 0x80, 0x76, 0x7A, 0x81, 0x88, 0x90, 0x89, 0x79, 0x74, 0x7B, 0x88, 0x95 ; file 0F6185
db 0xA3, 0xA4, 0x97, 0x83, 0x71, 0x60, 0x57, 0x57, 0x5C, 0x5B, 0x57, 0x61, 0x6E, 0x6E, 0x6E, 0x79 ; file 0F6195
db 0x82, 0x84, 0x81, 0x78, 0x6B, 0x67, 0x6F, 0x7C, 0x86, 0x88, 0x90, 0x97, 0x8D, 0x7E, 0x7E, 0x78 ; file 0F61A5
db 0x72, 0x6E, 0x6A, 0x6A, 0x6C, 0x6F, 0x7A, 0x8D, 0xA0, 0xAB, 0xAF, 0xA6, 0x97, 0x89, 0x7F, 0x7C ; file 0F61B5
db 0x83, 0x8A, 0x8B, 0x8A, 0x8B, 0x90, 0x8F, 0x80, 0x77, 0x7B, 0x7D, 0x7C, 0x77, 0x67, 0x56, 0x54 ; file 0F61C5
db 0x60, 0x77, 0x95, 0xA4, 0xB1, 0xBD, 0xAF, 0x93, 0x89, 0x7D, 0x77, 0x7E, 0x87, 0x8E, 0x8E, 0x82 ; file 0F61D5
db 0x75, 0x75, 0x80, 0x8D, 0x9B, 0xA4, 0x9E, 0x8D, 0x7C, 0x6B, 0x59, 0x55, 0x59, 0x5C, 0x58, 0x5C ; file 0F61E5
db 0x6A, 0x6E, 0x6D, 0x74, 0x7D, 0x80, 0x82, 0x7C, 0x6F, 0x67, 0x6C, 0x78, 0x84, 0x86, 0x88, 0x94 ; file 0F61F5
db 0x94, 0x83, 0x7F, 0x7D, 0x74, 0x6F, 0x6E, 0x6B, 0x6B, 0x6F, 0x76, 0x82, 0x97, 0xA6, 0xAC, 0xA9 ; file 0F6205
db 0x9F, 0x90, 0x85, 0x81, 0x81, 0x85, 0x87, 0x86, 0x86, 0x8D, 0x93, 0x8A, 0x7C, 0x7C, 0x7E, 0x7B ; file 0F6215
db 0x7A, 0x70, 0x5C, 0x53, 0x5B, 0x6A, 0x86, 0x9B, 0xA5, 0xB4, 0xB9, 0xA1, 0x8E, 0x87, 0x7B, 0x79 ; file 0F6225
db 0x85, 0x8D, 0x8F, 0x89, 0x7C, 0x73, 0x79, 0x86, 0x92, 0x9F, 0xA2, 0x95, 0x86, 0x78, 0x63, 0x54 ; file 0F6235
db 0x56, 0x5A, 0x59, 0x5A, 0x66, 0x6D, 0x6D, 0x70, 0x79, 0x7C, 0x7F, 0x7E, 0x74, 0x68, 0x6A, 0x73 ; file 0F6245
db 0x81, 0x87, 0x84, 0x8C, 0x96, 0x8C, 0x7F, 0x80, 0x79, 0x6F, 0x70, 0x6F, 0x6C, 0x6E, 0x74, 0x7C ; file 0F6255
db 0x8B, 0xA0, 0xA9, 0xA9, 0xA3, 0x98, 0x8B, 0x86, 0x84, 0x82, 0x83, 0x83, 0x81, 0x87, 0x92, 0x92 ; file 0F6265
db 0x86, 0x7E, 0x81, 0x7B, 0x79, 0x76, 0x66, 0x55, 0x57, 0x64, 0x78, 0x90, 0x9B, 0xA7, 0xB7, 0xB0 ; file 0F6275
db 0x98, 0x8E, 0x84, 0x79, 0x7F, 0x8D, 0x8F, 0x8C, 0x84, 0x78, 0x73, 0x7E, 0x8B, 0x96, 0xA0, 0x9B ; file 0F6285
db 0x8D, 0x82, 0x70, 0x5A, 0x53, 0x57, 0x58, 0x58, 0x62, 0x6C, 0x6C, 0x6E, 0x76, 0x79, 0x7B, 0x7E ; file 0F6295
db 0x79, 0x6C, 0x68, 0x70, 0x7C, 0x86, 0x84, 0x85, 0x91, 0x92, 0x85, 0x80, 0x7E, 0x73, 0x6E, 0x73 ; file 0F62A5
db 0x6F, 0x6D, 0x72, 0x7A, 0x82, 0x95, 0xA5, 0xA8, 0xA5, 0x9D, 0x92, 0x8A, 0x8A, 0x84, 0x80, 0x7F ; file 0F62B5
db 0x7D, 0x80, 0x8D, 0x95, 0x8E, 0x84, 0x84, 0x80, 0x78, 0x78, 0x70, 0x5B, 0x54, 0x5F, 0x6E, 0x83 ; file 0F62C5
db 0x93, 0x9D, 0xAB, 0xB5, 0xA6, 0x94, 0x8C, 0x80, 0x7B, 0x88, 0x91, 0x8D, 0x88, 0x80, 0x74, 0x77 ; file 0F62D5
db 0x84, 0x8F, 0x9A, 0x9D, 0x94, 0x89, 0x7D, 0x66, 0x55, 0x54, 0x57, 0x57, 0x5E, 0x6A, 0x6C, 0x6C ; file 0F62E5
db 0x73, 0x78, 0x76, 0x7A, 0x7B, 0x71, 0x68, 0x6D, 0x78, 0x84, 0x85, 0x82, 0x89, 0x91, 0x8B, 0x83 ; file 0F62F5
db 0x80, 0x79, 0x6E, 0x71, 0x74, 0x6E, 0x70, 0x79, 0x7E, 0x8B, 0x9D, 0xA7, 0xA4, 0xA0, 0x98, 0x8E ; file 0F6305
db 0x8E, 0x8C, 0x81, 0x7D, 0x7B, 0x7A, 0x84, 0x93, 0x93, 0x8C, 0x88, 0x85, 0x7B, 0x76, 0x74, 0x66 ; file 0F6315
db 0x56, 0x5A, 0x68, 0x79, 0x88, 0x94, 0x9F, 0xAE, 0xAF, 0x9F, 0x92, 0x8A, 0x7D, 0x81, 0x90, 0x90 ; file 0F6325
db 0x8A, 0x85, 0x7B, 0x74, 0x7C, 0x88, 0x92, 0x99, 0x97, 0x8F, 0x87, 0x75, 0x5D, 0x53, 0x55, 0x55 ; file 0F6335
db 0x5A, 0x67, 0x6C, 0x6B, 0x70, 0x78, 0x75, 0x75, 0x79, 0x75, 0x6B, 0x6A, 0x74, 0x80, 0x86, 0x82 ; file 0F6345
db 0x84, 0x8C, 0x8E, 0x88, 0x82, 0x7E, 0x73, 0x6E, 0x76, 0x73, 0x6F, 0x76, 0x7E, 0x83, 0x93, 0xA2 ; file 0F6355
db 0xA3, 0x9F, 0x9C, 0x93, 0x8F, 0x92, 0x89, 0x7C, 0x78, 0x75, 0x7B, 0x8D, 0x94, 0x91, 0x8E, 0x8B ; file 0F6365
db 0x81, 0x77, 0x74, 0x6D, 0x5C, 0x58, 0x63, 0x73, 0x7F, 0x8A, 0x95, 0xA2, 0xAD, 0xAA, 0x9B, 0x91 ; file 0F6375
db 0x87, 0x7F, 0x8B, 0x93, 0x8C, 0x87, 0x82, 0x78, 0x77, 0x81, 0x8C, 0x93, 0x96, 0x92, 0x8D, 0x81 ; file 0F6385
db 0x6B, 0x58, 0x53, 0x54, 0x56, 0x63, 0x6C, 0x6A, 0x6D, 0x76, 0x76, 0x72, 0x75, 0x76, 0x6E, 0x6A ; file 0F6395
db 0x70, 0x7C, 0x86, 0x83, 0x82, 0x86, 0x8B, 0x8A, 0x87, 0x80, 0x79, 0x6F, 0x72, 0x78, 0x72, 0x73 ; file 0F63A5
db 0x7C, 0x82, 0x8A, 0x9A, 0xA2, 0x9E, 0x9C, 0x98, 0x92, 0x94, 0x92, 0x82, 0x76, 0x72, 0x73, 0x82 ; file 0F63B5
db 0x92, 0x94, 0x92, 0x92, 0x88, 0x7C, 0x74, 0x70, 0x64, 0x5A, 0x60, 0x6E, 0x7B, 0x80, 0x8C, 0x97 ; file 0F63C5
db 0xA3, 0xAB, 0xA7, 0x97, 0x8F, 0x84, 0x85, 0x92, 0x90, 0x87, 0x85, 0x7F, 0x77, 0x7A, 0x85, 0x8D ; file 0F63D5
db 0x91, 0x91, 0x90, 0x89, 0x78, 0x62, 0x55, 0x52, 0x52, 0x5D, 0x6C, 0x6B, 0x6A, 0x73, 0x77, 0x71 ; file 0F63E5
db 0x70, 0x73, 0x70, 0x6A, 0x6E, 0x78, 0x84, 0x84, 0x82, 0x83, 0x86, 0x87, 0x8B, 0x85, 0x7C, 0x73 ; file 0F63F5
db 0x70, 0x77, 0x77, 0x73, 0x7A, 0x81, 0x87, 0x91, 0x9D, 0x9E, 0x99, 0x99, 0x96, 0x96, 0x98, 0x8D ; file 0F6405
db 0x7A, 0x70, 0x6E, 0x78, 0x8B, 0x93, 0x94, 0x97, 0x91, 0x82, 0x77, 0x70, 0x69, 0x5F, 0x5F, 0x69 ; file 0F6415
db 0x78, 0x7C, 0x81, 0x8E, 0x98, 0xA2, 0xAC, 0xA3, 0x95, 0x8D, 0x87, 0x8D, 0x92, 0x8A, 0x85, 0x84 ; file 0F6425
db 0x7D, 0x78, 0x7E, 0x88, 0x8C, 0x8E, 0x90, 0x8F, 0x83, 0x6F, 0x5D, 0x53, 0x50, 0x57, 0x68, 0x6D ; file 0F6435
db 0x69, 0x6F, 0x78, 0x73, 0x6E, 0x6F, 0x6F, 0x6B, 0x6D, 0x75, 0x82, 0x86, 0x82, 0x82, 0x83, 0x83 ; file 0F6445
db 0x89, 0x8B, 0x80, 0x77, 0x72, 0x74, 0x7A, 0x77, 0x78, 0x80, 0x86, 0x8C, 0x96, 0x9B, 0x98, 0x97 ; file 0F6455
db 0x97, 0x98, 0x9B, 0x96, 0x83, 0x71, 0x6A, 0x6F, 0x81, 0x8E, 0x94, 0x99, 0x9A, 0x8B, 0x7D, 0x72 ; file 0F6465
db 0x6A, 0x63, 0x61, 0x66, 0x73, 0x7C, 0x7A, 0x83, 0x90, 0x97, 0xA5, 0xAD, 0x9F, 0x93, 0x8E, 0x8B ; file 0F6475
db 0x91, 0x8F, 0x86, 0x85, 0x83, 0x7C, 0x7A, 0x82, 0x88, 0x88, 0x8C, 0x91, 0x8A, 0x7B, 0x68, 0x58 ; file 0F6485
db 0x4F, 0x51, 0x61, 0x6D, 0x6B, 0x6B, 0x75, 0x75, 0x6F, 0x6C, 0x6C, 0x6A, 0x6C, 0x73, 0x7E, 0x86 ; file 0F6495
db 0x83, 0x81, 0x83, 0x7F, 0x82, 0x8C, 0x87, 0x7A, 0x75, 0x74, 0x78, 0x7B, 0x79, 0x7E, 0x85, 0x8C ; file 0F64A5
db 0x90, 0x96, 0x97, 0x94, 0x95, 0x99, 0x9D, 0x9C, 0x8F, 0x78, 0x68, 0x69, 0x77, 0x87, 0x90, 0x98 ; file 0F64B5
db 0xA0, 0x96, 0x84, 0x77, 0x6C, 0x64, 0x64, 0x67, 0x70, 0x7B, 0x78, 0x7A, 0x85, 0x8E, 0x97, 0xAB ; file 0F64C5
db 0xAB, 0x9B, 0x94, 0x91, 0x8F, 0x90, 0x8A, 0x84, 0x85, 0x82, 0x7B, 0x7C, 0x83, 0x84, 0x85, 0x8E ; file 0F64D5
db 0x90, 0x83, 0x74, 0x63, 0x53, 0x4D, 0x5A, 0x6B, 0x6D, 0x6A, 0x71, 0x76, 0x70, 0x6B, 0x69, 0x67 ; file 0F64E5
db 0x69, 0x71, 0x7B, 0x85, 0x84, 0x81, 0x83, 0x80, 0x7C, 0x87, 0x8C, 0x80, 0x76, 0x77, 0x77, 0x7A ; file 0F64F5
db 0x7D, 0x7E, 0x83, 0x8B, 0x8F, 0x90, 0x93, 0x93, 0x92, 0x97, 0x9F, 0xA1, 0x98, 0x84, 0x6C, 0x63 ; file 0F6505
db 0x6E, 0x7E, 0x8A, 0x94, 0xA1, 0xA0, 0x8E, 0x7E, 0x70, 0x64, 0x63, 0x6A, 0x6F, 0x79, 0x7A, 0x75 ; file 0F6515
db 0x7B, 0x86, 0x8C, 0x9E, 0xAF, 0xA7, 0x99, 0x98, 0x93, 0x8E, 0x8D, 0x86, 0x84, 0x86, 0x82, 0x7B ; file 0F6525
db 0x7E, 0x81, 0x7F, 0x86, 0x90, 0x8A, 0x7D, 0x6F, 0x5C, 0x4E, 0x53, 0x66, 0x6D, 0x6B, 0x6F, 0x75 ; file 0F6535
db 0x72, 0x6C, 0x67, 0x63, 0x64, 0x6E, 0x79, 0x84, 0x85, 0x81, 0x82, 0x81, 0x79, 0x7E, 0x8B, 0x88 ; file 0F6545
db 0x79, 0x78, 0x79, 0x78, 0x7E, 0x82, 0x82, 0x89, 0x90, 0x8F, 0x8D, 0x8F, 0x90, 0x92, 0x9D, 0xA5 ; file 0F6555
db 0x9E, 0x8F, 0x77, 0x63, 0x66, 0x76, 0x82, 0x8E, 0x9E, 0xA6, 0x99, 0x87, 0x77, 0x67, 0x60, 0x69 ; file 0F6565
db 0x71, 0x78, 0x7B, 0x75, 0x73, 0x7C, 0x82, 0x8F, 0xA8, 0xB0, 0xA2, 0x9B, 0x9C, 0x91, 0x8B, 0x8A ; file 0F6575
db 0x84, 0x86, 0x87, 0x80, 0x7A, 0x7D, 0x7C, 0x7E, 0x8B, 0x8E, 0x83, 0x79, 0x69, 0x54, 0x4F, 0x60 ; file 0F6585
db 0x6B, 0x6B, 0x6D, 0x74, 0x72, 0x6E, 0x68, 0x61, 0x5F, 0x69, 0x77, 0x82, 0x87, 0x82, 0x81, 0x82 ; file 0F6595
db 0x7A, 0x78, 0x84, 0x8B, 0x80, 0x77, 0x7C, 0x7A, 0x7B, 0x84, 0x85, 0x87, 0x8F, 0x91, 0x8A, 0x89 ; file 0F65A5
db 0x8D, 0x8E, 0x98, 0xA5, 0xA4, 0x97, 0x82, 0x69, 0x60, 0x6E, 0x7B, 0x85, 0x97, 0xA7, 0xA2, 0x92 ; file 0F65B5
db 0x7F, 0x6D, 0x5F, 0x66, 0x73, 0x7A, 0x7C, 0x76, 0x71, 0x73, 0x7A, 0x83, 0x99, 0xAE, 0xAE, 0xA2 ; file 0F65C5
db 0xA1, 0x9A, 0x8C, 0x89, 0x87, 0x84, 0x89, 0x87, 0x7D, 0x79, 0x78, 0x78, 0x82, 0x8C, 0x88, 0x7F ; file 0F65D5
db 0x74, 0x60, 0x50, 0x59, 0x67, 0x6A, 0x6D, 0x73, 0x72, 0x6E, 0x6A, 0x62, 0x5B, 0x62, 0x72, 0x81 ; file 0F65E5
db 0x88, 0x83, 0x81, 0x82, 0x7D, 0x76, 0x7D, 0x87, 0x86, 0x7B, 0x7B, 0x7D, 0x7A, 0x81, 0x8A, 0x89 ; file 0F65F5
db 0x8E, 0x92, 0x8C, 0x83, 0x87, 0x8B, 0x92, 0xA2, 0xA9, 0x9E, 0x8D, 0x75, 0x61, 0x66, 0x73, 0x7D ; file 0F6605
db 0x8D, 0xA3, 0xA7, 0x9B, 0x89, 0x75, 0x63, 0x61, 0x70, 0x7D, 0x7F, 0x78, 0x72, 0x6F, 0x71, 0x79 ; file 0F6615
db 0x8A, 0xA1, 0xB2, 0xAC, 0xA6, 0xA3, 0x93, 0x87, 0x89, 0x86, 0x87, 0x8A, 0x85, 0x7A, 0x74, 0x73 ; file 0F6625
db 0x79, 0x85, 0x89, 0x84, 0x7D, 0x6D, 0x58, 0x55, 0x63, 0x68, 0x6B, 0x73, 0x73, 0x6E, 0x6B, 0x65 ; file 0F6635
db 0x5A, 0x5A, 0x6B, 0x7D, 0x89, 0x85, 0x81, 0x82, 0x7F, 0x76, 0x78, 0x80, 0x85, 0x81, 0x7C, 0x7F ; file 0F6645
db 0x7D, 0x7E, 0x8A, 0x8D, 0x8D, 0x92, 0x90, 0x84, 0x80, 0x86, 0x8D, 0x9B, 0xA9, 0xA5, 0x94, 0x80 ; file 0F6655
db 0x69, 0x62, 0x6C, 0x76, 0x83, 0x9B, 0xA7, 0xA2, 0x94, 0x7F, 0x69, 0x5F, 0x6A, 0x7B, 0x84, 0x7C ; file 0F6665
db 0x73, 0x6F, 0x6B, 0x6F, 0x7E, 0x93, 0xAA, 0xB4, 0xAE, 0xA9, 0x9F, 0x8B, 0x86, 0x88, 0x86, 0x8A ; file 0F6675
db 0x8B, 0x80, 0x74, 0x6F, 0x73, 0x7D, 0x84, 0x86, 0x82, 0x78, 0x64, 0x58, 0x5F, 0x65, 0x68, 0x71 ; file 0F6685
db 0x75, 0x6F, 0x6B, 0x66, 0x5C, 0x56, 0x62, 0x76, 0x87, 0x88, 0x82, 0x82, 0x80, 0x78, 0x76, 0x7B ; file 0F6695
db 0x80, 0x82, 0x81, 0x7F, 0x80, 0x7F, 0x86, 0x90, 0x91, 0x91, 0x92, 0x88, 0x7D, 0x7F, 0x88, 0x94 ; file 0F66A5
db 0xA5, 0xA9, 0x9D, 0x89, 0x73, 0x65, 0x67, 0x6F, 0x7A, 0x8F, 0xA4, 0xA4, 0x9D, 0x8B, 0x73, 0x63 ; file 0F66B5
db 0x65, 0x76, 0x87, 0x82, 0x76, 0x6F, 0x6B, 0x66, 0x72, 0x86, 0x9B, 0xB1, 0xB7, 0xB0, 0xA7, 0x96 ; file 0F66C5
db 0x86, 0x87, 0x89, 0x89, 0x8C, 0x88, 0x79, 0x6C, 0x6E, 0x77, 0x7E, 0x83, 0x85, 0x7F, 0x70, 0x60 ; file 0F66D5
db 0x5F, 0x63, 0x65, 0x6D, 0x76, 0x70, 0x6A, 0x67, 0x5F, 0x55, 0x5A, 0x6D, 0x82, 0x8A, 0x84, 0x82 ; file 0F66E5
db 0x82, 0x7A, 0x75, 0x78, 0x7B, 0x7F, 0x83, 0x83, 0x81, 0x81, 0x84, 0x8E, 0x95, 0x93, 0x93, 0x8D ; file 0F66F5
db 0x7F, 0x79, 0x80, 0x8E, 0x9E, 0xA8, 0xA3, 0x91, 0x7C, 0x6C, 0x67, 0x69, 0x72, 0x84, 0x9C, 0xA4 ; file 0F6705
db 0xA1, 0x96, 0x7E, 0x68, 0x65, 0x70, 0x83, 0x89, 0x7B, 0x71, 0x6C, 0x64, 0x67, 0x7B, 0x8D, 0xA3 ; file 0F6715
db 0xB8, 0xBB, 0xAE, 0xA1, 0x8D, 0x84, 0x89, 0x8A, 0x8B, 0x8D, 0x82, 0x6F, 0x68, 0x71, 0x77, 0x7D ; file 0F6725
db 0x84, 0x84, 0x79, 0x6B, 0x65, 0x63, 0x62, 0x68, 0x74, 0x73, 0x6C, 0x67, 0x61, 0x57, 0x56, 0x64 ; file 0F6735
db 0x7A, 0x89, 0x86, 0x82, 0x82, 0x7C, 0x75, 0x77, 0x78, 0x79, 0x80, 0x87, 0x83, 0x82, 0x85, 0x8B ; file 0F6745
db 0x94, 0x98, 0x95, 0x8F, 0x83, 0x79, 0x78, 0x86, 0x99, 0xA4, 0xA6, 0x9A, 0x85, 0x74, 0x6D, 0x68 ; file 0F6755
db 0x6B, 0x7A, 0x91, 0xA0, 0xA2, 0x9D, 0x8C, 0x71, 0x67, 0x6D, 0x7D, 0x8C, 0x83, 0x74, 0x6D, 0x65 ; file 0F6765
db 0x5F, 0x6E, 0x81, 0x94, 0xAD, 0xC1, 0xB9, 0xA9, 0x99, 0x88, 0x85, 0x8B, 0x8B, 0x8C, 0x8A, 0x78 ; file 0F6775
db 0x66, 0x6A, 0x72, 0x75, 0x7E, 0x85, 0x80, 0x73, 0x6D, 0x68, 0x62, 0x64, 0x70, 0x75, 0x6E, 0x67 ; file 0F6785
db 0x62, 0x59, 0x54, 0x5D, 0x70, 0x84, 0x88, 0x84, 0x83, 0x7F, 0x75, 0x76, 0x78, 0x75, 0x79, 0x85 ; file 0F6795
db 0x88, 0x83, 0x86, 0x8B, 0x91, 0x9B, 0x99, 0x92, 0x87, 0x7C, 0x75, 0x7C, 0x90, 0xA0, 0xA4, 0x9F ; file 0F67A5
db 0x8E, 0x7B, 0x73, 0x6D, 0x67, 0x70, 0x86, 0x98, 0x9F, 0x9F, 0x96, 0x7E, 0x6C, 0x6D, 0x77, 0x88 ; file 0F67B5
db 0x8A, 0x7C, 0x6F, 0x68, 0x5E, 0x62, 0x75, 0x88, 0x9D, 0xBA, 0xC4, 0xB3, 0xA1, 0x92, 0x84, 0x88 ; file 0F67C5
db 0x8D, 0x8C, 0x8C, 0x82, 0x6C, 0x65, 0x6D, 0x71, 0x76, 0x81, 0x84, 0x7A, 0x74, 0x71, 0x66, 0x60 ; file 0F67D5
db 0x6A, 0x74, 0x71, 0x69, 0x63, 0x5C, 0x54, 0x59, 0x67, 0x7C, 0x87, 0x85, 0x84, 0x81, 0x78, 0x75 ; file 0F67E5
db 0x78, 0x75, 0x73, 0x7E, 0x8A, 0x87, 0x85, 0x8D, 0x90, 0x97, 0x9E, 0x97, 0x8B, 0x80, 0x77, 0x74 ; file 0F67F5
db 0x85, 0x9A, 0xA1, 0xA0, 0x96, 0x82, 0x78, 0x74, 0x69, 0x69, 0x7B, 0x91, 0x99, 0x9F, 0x9B, 0x8B ; file 0F6805
db 0x75, 0x6F, 0x75, 0x82, 0x8B, 0x83, 0x75, 0x6B, 0x61, 0x5D, 0x69, 0x7D, 0x8F, 0xAA, 0xC5, 0xC0 ; file 0F6815
db 0xAA, 0x9C, 0x8C, 0x85, 0x8C, 0x8D, 0x8C, 0x88, 0x77, 0x65, 0x67, 0x6D, 0x6F, 0x79, 0x83, 0x7F ; file 0F6825
db 0x78, 0x79, 0x6F, 0x61, 0x64, 0x71, 0x71, 0x6C, 0x65, 0x5D, 0x55, 0x56, 0x61, 0x72, 0x82, 0x85 ; file 0F6835
db 0x85, 0x83, 0x7B, 0x75, 0x77, 0x76, 0x71, 0x75, 0x86, 0x8C, 0x87, 0x8B, 0x91, 0x94, 0x9E, 0x9D ; file 0F6845
db 0x90, 0x83, 0x7A, 0x73, 0x7A, 0x91, 0x9E, 0x9F, 0x9A, 0x8B, 0x7C, 0x7A, 0x71, 0x67, 0x71, 0x87 ; file 0F6855
db 0x93, 0x9A, 0x9C, 0x93, 0x7F, 0x73, 0x76, 0x7E, 0x89, 0x87, 0x7D, 0x6F, 0x64, 0x5D, 0x61, 0x70 ; file 0F6865
db 0x83, 0x99, 0xB9, 0xC9, 0xB8, 0xA3, 0x97, 0x88, 0x88, 0x8F, 0x8D, 0x8A, 0x80, 0x6D, 0x64, 0x68 ; file 0F6875
db 0x6B, 0x71, 0x7E, 0x82, 0x7C, 0x7E, 0x7B, 0x69, 0x61, 0x6B, 0x71, 0x6E, 0x68, 0x5F, 0x56, 0x55 ; file 0F6885
db 0x5D, 0x6A, 0x7B, 0x83, 0x85, 0x85, 0x7E, 0x75, 0x77, 0x77, 0x72, 0x70, 0x7D, 0x8B, 0x8C, 0x8A ; file 0F6895
db 0x92, 0x94, 0x9A, 0xA1, 0x98, 0x87, 0x7D, 0x76, 0x74, 0x85, 0x99, 0x9D, 0x9A, 0x91, 0x83, 0x7D ; file 0F68A5
db 0x7A, 0x6C, 0x69, 0x7D, 0x8C, 0x93, 0x9A, 0x98, 0x89, 0x7B, 0x78, 0x7E, 0x86, 0x87, 0x83, 0x77 ; file 0F68B5
db 0x68, 0x5D, 0x5E, 0x65, 0x77, 0x8B, 0xA7, 0xC4, 0xC5, 0xAE, 0x9F, 0x92, 0x87, 0x8C, 0x90, 0x8B ; file 0F68C5
db 0x85, 0x76, 0x68, 0x65, 0x67, 0x6B, 0x75, 0x7F, 0x7F, 0x7F, 0x83, 0x75, 0x64, 0x67, 0x6F, 0x6E ; file 0F68D5
db 0x6A, 0x63, 0x58, 0x53, 0x59, 0x65, 0x74, 0x7E, 0x83, 0x86, 0x82, 0x77, 0x76, 0x78, 0x74, 0x6F ; file 0F68E5
db 0x74, 0x84, 0x8E, 0x8C, 0x90, 0x96, 0x99, 0x9F, 0xA0, 0x8E, 0x7F, 0x79, 0x74, 0x7B, 0x90, 0x9B ; file 0F68F5
db 0x99, 0x94, 0x89, 0x81, 0x7F, 0x75, 0x6A, 0x73, 0x85, 0x8D, 0x94, 0x98, 0x90, 0x82, 0x7D, 0x7E ; file 0F6905
db 0x86, 0x86, 0x84, 0x7E, 0x70, 0x60, 0x5C, 0x60, 0x6B, 0x7E, 0x97, 0xB5, 0xC8, 0xBC, 0xA6, 0x9B ; file 0F6915
db 0x8E, 0x89, 0x8F, 0x8E, 0x87, 0x7D, 0x70, 0x66, 0x63, 0x66, 0x6D, 0x79, 0x7E, 0x80, 0x87, 0x81 ; file 0F6925
db 0x6E, 0x65, 0x6C, 0x6D, 0x6B, 0x66, 0x5C, 0x52, 0x56, 0x61, 0x6E, 0x78, 0x7E, 0x84, 0x85, 0x7B ; file 0F6935
db 0x75, 0x78, 0x75, 0x70, 0x6F, 0x7B, 0x8A, 0x8F, 0x90, 0x95, 0x9A, 0x9D, 0xA2, 0x98, 0x85, 0x7B ; file 0F6945
db 0x76, 0x76, 0x85, 0x95, 0x99, 0x94, 0x8D, 0x85, 0x83, 0x7D, 0x71, 0x6E, 0x7D, 0x87, 0x8E, 0x95 ; file 0F6955
db 0x93, 0x88, 0x83, 0x81, 0x86, 0x88, 0x83, 0x81, 0x79, 0x66, 0x5C, 0x5F, 0x63, 0x71, 0x88, 0xA4 ; file 0F6965
db 0xBE, 0xC6, 0xB3, 0xA2, 0x97, 0x8C, 0x8B, 0x90, 0x8A, 0x80, 0x76, 0x6C, 0x63, 0x61, 0x68, 0x71 ; file 0F6975
db 0x7A, 0x7F, 0x87, 0x8A, 0x7A, 0x6A, 0x69, 0x6C, 0x6A, 0x68, 0x61, 0x54, 0x53, 0x5D, 0x69, 0x74 ; file 0F6985
db 0x78, 0x80, 0x86, 0x80, 0x76, 0x77, 0x77, 0x71, 0x6E, 0x74, 0x81, 0x8D, 0x92, 0x94, 0x9A, 0x9D ; file 0F6995
db 0xA0, 0x9F, 0x8E, 0x7E, 0x77, 0x76, 0x7D, 0x8D, 0x96, 0x94, 0x8D, 0x87, 0x86, 0x83, 0x79, 0x70 ; file 0F69A5
db 0x76, 0x81, 0x87, 0x8F, 0x93, 0x8C, 0x87, 0x87, 0x88, 0x8C, 0x85, 0x81, 0x7E, 0x70, 0x5E, 0x5D ; file 0F69B5
db 0x61, 0x67, 0x7A, 0x94, 0xAF, 0xC3, 0xC0, 0xAC, 0x9E, 0x95, 0x8B, 0x8E, 0x8F, 0x84, 0x79, 0x73 ; file 0F69C5
db 0x68, 0x5F, 0x62, 0x6B, 0x72, 0x7A, 0x85, 0x8E, 0x86, 0x74, 0x6B, 0x6B, 0x69, 0x68, 0x64, 0x58 ; file 0F69D5
db 0x51, 0x58, 0x65, 0x71, 0x75, 0x79, 0x83, 0x84, 0x79, 0x76, 0x78, 0x73, 0x6E, 0x70, 0x7A, 0x86 ; file 0F69E5
db 0x92, 0x96, 0x98, 0x9F, 0xA0, 0xA0, 0x97, 0x84, 0x79, 0x76, 0x7B, 0x85, 0x90, 0x93, 0x8D, 0x87 ; file 0F69F5
db 0x88, 0x88, 0x80, 0x76, 0x74, 0x7C, 0x81, 0x88, 0x8E, 0x8D, 0x89, 0x8B, 0x8C, 0x8F, 0x8A, 0x80 ; file 0F6A05
db 0x7F, 0x79, 0x66, 0x5D, 0x5F, 0x63, 0x6D, 0x85, 0xA1, 0xB6, 0xC3, 0xB9, 0xA6, 0x9C, 0x92, 0x8B ; file 0F6A15
db 0x8F, 0x8A, 0x7C, 0x76, 0x70, 0x62, 0x5D, 0x64, 0x6C, 0x73, 0x7F, 0x8E, 0x8E, 0x7F, 0x71, 0x6C ; file 0F6A25
db 0x68, 0x67, 0x65, 0x5D, 0x52, 0x54, 0x60, 0x6E, 0x73, 0x74, 0x7D, 0x84, 0x7E, 0x76, 0x78, 0x76 ; file 0F6A35
db 0x6F, 0x6E, 0x75, 0x7E, 0x8C, 0x97, 0x9A, 0x9D, 0xA2, 0xA0, 0x9C, 0x8E, 0x7D, 0x76, 0x79, 0x81 ; file 0F6A45
db 0x89, 0x90, 0x8E, 0x86, 0x86, 0x8B, 0x85, 0x7D, 0x78, 0x7A, 0x7C, 0x82, 0x88, 0x8B, 0x88, 0x8C ; file 0F6A55
db 0x91, 0x92, 0x90, 0x84, 0x7E, 0x7D, 0x70, 0x5F, 0x5E, 0x61, 0x65, 0x76, 0x93, 0xA9, 0xBB, 0xC1 ; file 0F6A65
db 0xB2, 0xA2, 0x9B, 0x8F, 0x8C, 0x8E, 0x81, 0x76, 0x75, 0x6B, 0x5D, 0x5E, 0x67, 0x6D, 0x76, 0x89 ; file 0F6A75
db 0x93, 0x89, 0x7B, 0x72, 0x69, 0x65, 0x64, 0x61, 0x55, 0x51, 0x5B, 0x69, 0x73, 0x71, 0x76, 0x81 ; file 0F6A85
db 0x81, 0x78, 0x78, 0x77, 0x71, 0x6D, 0x72, 0x79, 0x83, 0x93, 0x9D, 0x9C, 0xA3, 0xA3, 0x9D, 0x95 ; file 0F6A95
db 0x86, 0x78, 0x77, 0x7F, 0x85, 0x8A, 0x8C, 0x86, 0x83, 0x8A, 0x8B, 0x82, 0x7D, 0x7D, 0x7A, 0x7C ; file 0F6AA5
db 0x82, 0x86, 0x86, 0x8A, 0x93, 0x96, 0x96, 0x8B, 0x7F, 0x7C, 0x77, 0x67, 0x5F, 0x60, 0x63, 0x6A ; file 0F6AB5
db 0x83, 0x9D, 0xAE, 0xBD, 0xBE, 0xAC, 0xA1, 0x99, 0x8E, 0x8D, 0x88, 0x79, 0x76, 0x73, 0x64, 0x5A ; file 0F6AC5
db 0x61, 0x68, 0x6D, 0x7F, 0x93, 0x91, 0x84, 0x7B, 0x6F, 0x65, 0x63, 0x62, 0x59, 0x51, 0x56, 0x64 ; file 0F6AD5
db 0x71, 0x72, 0x71, 0x7A, 0x81, 0x7B, 0x78, 0x78, 0x74, 0x6E, 0x70, 0x76, 0x7C, 0x8B, 0x9C, 0x9F ; file 0F6AE5
db 0xA1, 0xA6, 0xA1, 0x97, 0x8E, 0x7E, 0x77, 0x7D, 0x85, 0x85, 0x88, 0x87, 0x80, 0x86, 0x8E, 0x88 ; file 0F6AF5
db 0x81, 0x81, 0x7E, 0x78, 0x7D, 0x81, 0x82, 0x85, 0x91, 0x9A, 0x9C, 0x92, 0x84, 0x7B, 0x79, 0x6E ; file 0F6B05
db 0x63, 0x60, 0x62, 0x65, 0x74, 0x90, 0xA3, 0xB0, 0xBE, 0xB9, 0xA8, 0xA0, 0x95, 0x8C, 0x8A, 0x7F ; file 0F6B15
db 0x75, 0x76, 0x6D, 0x5D, 0x5B, 0x64, 0x67, 0x74, 0x8C, 0x95, 0x8C, 0x84, 0x7A, 0x68, 0x61, 0x61 ; file 0F6B25
db 0x5C, 0x53, 0x54, 0x5E, 0x6D, 0x73, 0x6F, 0x73, 0x7D, 0x7C, 0x79, 0x79, 0x76, 0x6F, 0x6E, 0x75 ; file 0F6B35
db 0x79, 0x81, 0x94, 0xA1, 0xA2, 0xA5, 0xA6, 0x9A, 0x91, 0x87, 0x79, 0x7A, 0x84, 0x85, 0x83, 0x83 ; file 0F6B45
db 0x80, 0x80, 0x8C, 0x8E, 0x85, 0x84, 0x85, 0x79, 0x77, 0x7C, 0x7E, 0x80, 0x8C, 0x99, 0xA1, 0x9B ; file 0F6B55
db 0x8B, 0x7E, 0x79, 0x73, 0x69, 0x62, 0x61, 0x63, 0x6A, 0x80, 0x97, 0xA4, 0xB3, 0xBD, 0xB1, 0xA5 ; file 0F6B65
db 0x9E, 0x90, 0x88, 0x82, 0x77, 0x75, 0x73, 0x66, 0x5B, 0x5F, 0x64, 0x6B, 0x80, 0x93, 0x90, 0x8A ; file 0F6B75
db 0x84, 0x73, 0x64, 0x61, 0x5F, 0x58, 0x56, 0x5C, 0x69, 0x74, 0x71, 0x70, 0x76, 0x7A, 0x79, 0x7A ; file 0F6B85
db 0x78, 0x72, 0x6E, 0x73, 0x77, 0x7B, 0x88, 0x9A, 0xA0, 0xA0, 0xA3, 0x9C, 0x90, 0x8A, 0x80, 0x79 ; file 0F6B95
db 0x81, 0x86, 0x81, 0x7F, 0x7E, 0x7D, 0x85, 0x8C, 0x89, 0x85, 0x89, 0x80, 0x76, 0x78, 0x7A, 0x7A ; file 0F6BA5
db 0x83, 0x92, 0x9D, 0x9E, 0x90, 0x83, 0x7B, 0x76, 0x70, 0x6B, 0x67, 0x68, 0x6B, 0x77, 0x89, 0x95 ; file 0F6BB5
db 0x9F, 0xAD, 0xB0, 0xA5, 0x9D, 0x95, 0x89, 0x83, 0x7C, 0x77, 0x77, 0x71, 0x66, 0x62, 0x65, 0x69 ; file 0F6BC5
db 0x76, 0x8A, 0x8F, 0x8B, 0x89, 0x80, 0x6E, 0x66, 0x64, 0x60, 0x5E, 0x61, 0x6A, 0x74, 0x74, 0x72 ; file 0F6BD5
db 0x74, 0x78, 0x79, 0x7B, 0x7B, 0x77, 0x72, 0x74, 0x78, 0x7A, 0x80, 0x8F, 0x99, 0x9D, 0x9C, 0x9A ; file 0F6BE5
db 0x90, 0x89, 0x84, 0x7D, 0x7F, 0x85, 0x83, 0x7D, 0x7B, 0x7B, 0x7F, 0x88, 0x89, 0x86, 0x88, 0x87 ; file 0F6BF5
db 0x7B, 0x77, 0x79, 0x78, 0x7C, 0x89, 0x95, 0x9C, 0x94, 0x87, 0x7F, 0x78, 0x74, 0x73, 0x6F, 0x6D ; file 0F6C05
db 0x6E, 0x74, 0x7F, 0x8B, 0x91, 0x9B, 0xA6, 0xA4, 0x9B, 0x95, 0x8D, 0x83, 0x7E, 0x7B, 0x79, 0x77 ; file 0F6C15
db 0x71, 0x6A, 0x69, 0x6C, 0x72, 0x81, 0x8A, 0x8A, 0x89, 0x86, 0x7A, 0x6F, 0x6B, 0x69, 0x66, 0x69 ; file 0F6C25
db 0x6E, 0x75, 0x78, 0x77, 0x77, 0x78, 0x79, 0x7B, 0x7D, 0x7A, 0x77, 0x77, 0x7A, 0x7C, 0x7E, 0x84 ; file 0F6C35
db 0x8E, 0x93, 0x94, 0x92, 0x8E, 0x86, 0x83, 0x80, 0x7F, 0x82, 0x83, 0x7F, 0x7B, 0x7B, 0x7D, 0x82 ; file 0F6C45
db 0x85, 0x85, 0x86, 0x87, 0x81, 0x7B, 0x7A, 0x7A, 0x7A, 0x81, 0x8A, 0x90, 0x8F, 0x88, 0x81, 0x7D ; file 0F6C55
db 0x79, 0x78, 0x78, 0x76, 0x76, 0x78, 0x7C, 0x82, 0x86, 0x89, 0x90, 0x94, 0x91, 0x8C, 0x8A, 0x84 ; file 0F6C65
db 0x7F, 0x7E, 0x7D, 0x7C, 0x7B, 0x79, 0x77, 0x77, 0x79, 0x7E, 0x82, 0x83, 0x83, 0x83, 0x80, 0x7D ; file 0F6C75
db 0x7B, 0x7B, 0x7B, 0x7C, 0x7D, 0x7E, 0x7F, 0x7F, 0x7F, 0x7F, 0x7F, 0x80, 0xE3, 0x37 ; file 0F6C85
