; Resource 'snd ', ID 860; name '086 Lead 7 (C5)'; payload 32874 bytes
; MacBinary file offsets 12E7A9–136816 (inclusive).
; Linear CODE decoding is provisional: embedded data can decode as instructions.
db 0x00, 0x00, 0x80, 0x6A, 0x00, 0x02, 0x00, 0x00, 0x00, 0x01, 0x80, 0x50, 0x00, 0x00, 0x00, 0x00 ; file 12E7A9
db 0x00, 0x0E, 0x00, 0x00, 0x00, 0x00, 0x00, 0x00, 0x80, 0x44, 0x2B, 0x11, 0x00, 0x00, 0x00, 0x00 ; file 12E7B9
db 0x6A, 0xAA, 0x00, 0x00, 0x7E, 0xB4, 0x00, 0x60, 0x80, 0x80, 0x80, 0x80, 0x7F, 0x80, 0x7F, 0x7E ; file 12E7C9
db 0x7C, 0x7C, 0x7D, 0x7F, 0x7F, 0x80, 0x84, 0x88, 0x86, 0x82, 0x82, 0x85, 0x83, 0x78, 0x6C, 0x6B ; file 12E7D9
db 0x77, 0x80, 0x81, 0x83, 0x8D, 0x92, 0x88, 0x7D, 0x7F, 0x8B, 0x89, 0x72, 0x5D, 0x60, 0x7A, 0x8B ; file 12E7E9
db 0x87, 0x85, 0x94, 0x9E, 0x8C, 0x75, 0x75, 0x88, 0x81, 0x5C, 0x53, 0x76, 0xA6, 0xAC, 0x81, 0x61 ; file 12E7F9
db 0x71, 0x8C, 0x7F, 0x70, 0x8F, 0xBA, 0xA0, 0x55, 0x42, 0x62, 0x97, 0x89, 0x4B, 0x51, 0xA4, 0xD8 ; file 12E809
db 0x9B, 0x55, 0x84, 0xC6, 0x95, 0x1A, 0x18, 0x8D, 0xC4, 0x83, 0x4A, 0x86, 0xD9, 0xB3, 0x4D, 0x4C ; file 12E819
db 0xA2, 0xA1, 0x59, 0x3C, 0x87, 0xB6, 0x86, 0x63, 0x6D, 0x96, 0x92, 0x63, 0x67, 0x9C, 0xB6, 0x8E ; file 12E829
db 0x71, 0x60, 0x77, 0x8D, 0x67, 0x41, 0x68, 0xBB, 0x9C, 0x7C, 0x9B, 0x95, 0x9C, 0x86, 0x69, 0x22 ; file 12E839
db 0x64, 0xB3, 0x64, 0x62, 0xA7, 0xA9, 0x83, 0xA0, 0x80, 0x4C, 0x92, 0x92, 0x6D, 0x32, 0xB7, 0x95 ; file 12E849
db 0x4F, 0xA9, 0x71, 0x70, 0x83, 0x9A, 0x67, 0x81, 0xC1, 0x89, 0x69, 0x66, 0x95, 0x48, 0x78, 0x61 ; file 12E859
db 0x74, 0x98, 0x95, 0xBD, 0x69, 0x9A, 0xB9, 0x44, 0x85, 0x2F, 0x7E, 0x6F, 0x71, 0xA3, 0x79, 0xA0 ; file 12E869
db 0xB1, 0x7D, 0x76, 0x72, 0x8B, 0x66, 0x79, 0x6A, 0x91, 0x76, 0x87, 0x8B, 0x59, 0x9E, 0x70, 0x8C ; file 12E879
db 0x78, 0x8E, 0xB6, 0x6D, 0x8E, 0x6E, 0x5E, 0x7C, 0x49, 0x84, 0x63, 0x9E, 0xAC, 0x96, 0x92, 0x9D ; file 12E889
db 0x95, 0x55, 0x73, 0x4F, 0x5B, 0x7A, 0x75, 0x99, 0x89, 0xA7, 0xA5, 0x75, 0x87, 0x72, 0x81, 0x5D ; file 12E899
db 0x7E, 0x7C, 0x7E, 0x7D, 0x82, 0x84, 0x6B, 0x8F, 0x84, 0x74, 0x8B, 0x96, 0xA0, 0x79, 0x8C, 0x73 ; file 12E8A9
db 0x5E, 0x6A, 0x5A, 0x6F, 0x6E, 0x9C, 0xAF, 0x98, 0x9A, 0x9C, 0x8B, 0x5A, 0x6D, 0x54, 0x54, 0x6F ; file 12E8B9
db 0x7B, 0x95, 0x90, 0xA9, 0xA1, 0x81, 0x80, 0x7B, 0x76, 0x59, 0x7A, 0x87, 0x7A, 0x7F, 0x7C, 0x81 ; file 12E8C9
db 0x74, 0x8D, 0x83, 0x70, 0x8C, 0x98, 0x9F, 0x81, 0x83, 0x78, 0x67, 0x5A, 0x5D, 0x6B, 0x6E, 0x9B ; file 12E8D9
db 0xB0, 0x98, 0xA4, 0x97, 0x89, 0x6A, 0x5F, 0x60, 0x50, 0x65, 0x75, 0x97, 0x95, 0xA9, 0x9D, 0x8A ; file 12E8E9
db 0x7F, 0x7E, 0x71, 0x60, 0x6B, 0x91, 0x79, 0x7F, 0x6F, 0x82, 0x7D, 0x89, 0x84, 0x71, 0x88, 0x97 ; file 12E8F9
db 0xA0, 0x8D, 0x77, 0x7F, 0x6A, 0x58, 0x57, 0x67, 0x6A, 0x9A, 0xAF, 0xA0, 0xA8, 0x93, 0x8B, 0x79 ; file 12E909
db 0x50, 0x68, 0x50, 0x5C, 0x70, 0x96, 0x94, 0xAC, 0x9B, 0x91, 0x83, 0x7A, 0x71, 0x64, 0x62, 0x90 ; file 12E919
db 0x82, 0x80, 0x66, 0x82, 0x80, 0x87, 0x87, 0x73, 0x82, 0x95, 0xA3, 0x93, 0x79, 0x79, 0x71, 0x60 ; file 12E929
db 0x4B, 0x66, 0x67, 0x96, 0xB0, 0xA7, 0xA7, 0x8D, 0x93, 0x80, 0x54, 0x62, 0x53, 0x59, 0x68, 0x92 ; file 12E939
db 0x95, 0xAC, 0x9E, 0x94, 0x8D, 0x6E, 0x7B, 0x63, 0x64, 0x87, 0x8A, 0x80, 0x61, 0x7F, 0x80, 0x89 ; file 12E949
db 0x89, 0x76, 0x83, 0x8C, 0xA7, 0x98, 0x7F, 0x71, 0x74, 0x69, 0x42, 0x63, 0x64, 0x91, 0xB3, 0xA9 ; file 12E959
db 0xA9, 0x8A, 0x97, 0x80, 0x65, 0x54, 0x5A, 0x5A, 0x5E, 0x8B, 0x99, 0xA6, 0xA7, 0x95, 0x92, 0x68 ; file 12E969
db 0x80, 0x64, 0x6E, 0x7C, 0x8B, 0x81, 0x61, 0x79, 0x7E, 0x8A, 0x88, 0x7B, 0x83, 0x84, 0xAA, 0x9C ; file 12E979
db 0x84, 0x6D, 0x75, 0x6B, 0x42, 0x5D, 0x5F, 0x8F, 0xB4, 0xAB, 0xA9, 0x8B, 0x98, 0x84, 0x6E, 0x4C ; file 12E989
db 0x5B, 0x5C, 0x5D, 0x88, 0x95, 0xA0, 0xAB, 0x9B, 0x90, 0x69, 0x7D, 0x6A, 0x75, 0x78, 0x87, 0x84 ; file 12E999
db 0x64, 0x74, 0x78, 0x89, 0x85, 0x85, 0x80, 0x83, 0xA9, 0xA1, 0x85, 0x75, 0x6E, 0x6C, 0x47, 0x57 ; file 12E9A9
db 0x5C, 0x8F, 0xAD, 0xB5, 0xA5, 0x8A, 0x99, 0x88, 0x6E, 0x53, 0x55, 0x5E, 0x61, 0x82, 0x8F, 0x9E ; file 12E9B9
db 0xA8, 0xA2, 0x8E, 0x6C, 0x78, 0x72, 0x74, 0x7B, 0x81, 0x85, 0x67, 0x74, 0x74, 0x86, 0x84, 0x8A ; file 12E9C9
db 0x7E, 0x86, 0xA3, 0xA4, 0x85, 0x7A, 0x6B, 0x6C, 0x4C, 0x51, 0x5F, 0x8A, 0xA7, 0xBC, 0xA1, 0x8B ; file 12E9D9
db 0x99, 0x8C, 0x6F, 0x58, 0x50, 0x5D, 0x64, 0x7C, 0x90, 0x9C, 0xA5, 0xAB, 0x89, 0x6E, 0x74, 0x7B ; file 12E9E9
db 0x73, 0x7B, 0x7F, 0x82, 0x6B, 0x72, 0x75, 0x84, 0x80, 0x94, 0x7B, 0x85, 0xA1, 0xA5, 0x8A, 0x78 ; file 12E9F9
db 0x6F, 0x67, 0x53, 0x4D, 0x65, 0x81, 0xA3, 0xC0, 0xA1, 0x8D, 0x95, 0x91, 0x75, 0x52, 0x57, 0x56 ; file 12EA09
db 0x68, 0x78, 0x8F, 0x99, 0xA3, 0xAF, 0x8B, 0x73, 0x71, 0x7E, 0x74, 0x71, 0x82, 0x7D, 0x75, 0x6C ; file 12EA19
db 0x7D, 0x80, 0x7F, 0x9A, 0x77, 0x82, 0x9E, 0xA5, 0x92, 0x74, 0x6E, 0x67, 0x5C, 0x47, 0x6A, 0x7A ; file 12EA29
db 0x9C, 0xC0, 0xA2, 0x90, 0x93, 0x97, 0x7A, 0x50, 0x5C, 0x50, 0x68, 0x71, 0x8D, 0x9A, 0xA1, 0xAC ; file 12EA39
db 0x93, 0x76, 0x6E, 0x86, 0x72, 0x6C, 0x82, 0x77, 0x7B, 0x6B, 0x7D, 0x81, 0x7C, 0x9B, 0x7C, 0x7D ; file 12EA49
db 0x96, 0xA6, 0x96, 0x79, 0x6A, 0x6B, 0x5E, 0x49, 0x6A, 0x73, 0x96, 0xC0, 0xA2, 0x95, 0x8F, 0x97 ; file 12EA59
db 0x7F, 0x54, 0x59, 0x52, 0x62, 0x71, 0x8C, 0x96, 0xA3, 0xA8, 0x9D, 0x75, 0x6E, 0x86, 0x6F, 0x6E ; file 12EA69
db 0x7E, 0x73, 0x80, 0x6C, 0x78, 0x85, 0x7C, 0x96, 0x86, 0x77, 0x90, 0xAA, 0x94, 0x81, 0x67, 0x6B ; file 12EA79
db 0x61, 0x53, 0x65, 0x6E, 0x93, 0xB7, 0xA7, 0x9A, 0x8A, 0x98, 0x87, 0x5C, 0x55, 0x50, 0x5F, 0x73 ; file 12EA89
db 0x89, 0x8F, 0xA6, 0xA4, 0xA2, 0x7C, 0x70, 0x82, 0x72, 0x71, 0x77, 0x70, 0x85, 0x6F, 0x78, 0x83 ; file 12EA99
db 0x81, 0x91, 0x89, 0x78, 0x8D, 0xA4, 0x96, 0x87, 0x6A, 0x66, 0x6A, 0x54, 0x60, 0x69, 0x90, 0xAF ; file 12EAA9
db 0xAE, 0x9D, 0x89, 0x94, 0x8F, 0x66, 0x58, 0x45, 0x64, 0x71, 0x83, 0x8A, 0xA4, 0xA1, 0xA6, 0x87 ; file 12EAB9
db 0x6E, 0x7B, 0x77, 0x73, 0x7A, 0x6A, 0x86, 0x71, 0x76, 0x7E, 0x85, 0x8C, 0x85, 0x80, 0x8B, 0x9A ; file 12EAC9
db 0x9D, 0x8A, 0x72, 0x60, 0x71, 0x57, 0x5D, 0x61, 0x8A, 0xA9, 0xAF, 0xA0, 0x8E, 0x8F, 0x92, 0x75 ; file 12EAD9
db 0x5C, 0x3D, 0x67, 0x73, 0x79, 0x89, 0x9A, 0xA3, 0xA4, 0x93, 0x74, 0x74, 0x74, 0x7C, 0x7A, 0x65 ; file 12EAE9
db 0x84, 0x77, 0x72, 0x7D, 0x85, 0x8B, 0x7F, 0x87, 0x8C, 0x91, 0x9D, 0x90, 0x78, 0x5F, 0x75, 0x5E ; file 12EAF9
db 0x56, 0x5C, 0x86, 0xA6, 0xA7, 0xA5, 0x93, 0x8D, 0x93, 0x83, 0x5E, 0x3B, 0x64, 0x76, 0x6F, 0x88 ; file 12EB09
db 0x93, 0xA7, 0xA0, 0x9C, 0x7A, 0x70, 0x6D, 0x87, 0x78, 0x63, 0x81, 0x7C, 0x6D, 0x7F, 0x83, 0x8C ; file 12EB19
db 0x79, 0x89, 0x91, 0x8D, 0x98, 0x99, 0x7A, 0x60, 0x7A, 0x62, 0x50, 0x59, 0x83, 0xA3, 0xA1, 0xA5 ; file 12EB29
db 0x98, 0x8E, 0x92, 0x8D, 0x60, 0x3C, 0x62, 0x75, 0x6B, 0x80, 0x92, 0xA2, 0xA1, 0xA3, 0x80, 0x6E ; file 12EB39
db 0x69, 0x8D, 0x79, 0x64, 0x7E, 0x7A, 0x6E, 0x7F, 0x84, 0x84, 0x7A, 0x87, 0x95, 0x8A, 0x90, 0x9E ; file 12EB49
db 0x7C, 0x68, 0x7F, 0x5E, 0x52, 0x53, 0x82, 0x9A, 0xA1, 0xA1, 0x9E, 0x8B, 0x95, 0x94, 0x60, 0x45 ; file 12EB59
db 0x62, 0x6D, 0x6D, 0x76, 0x93, 0x99, 0xA6, 0xA3, 0x88, 0x6E, 0x68, 0x8E, 0x7C, 0x69, 0x7B, 0x74 ; file 12EB69
db 0x70, 0x7E, 0x8A, 0x77, 0x81, 0x84, 0x95, 0x8A, 0x8A, 0xA1, 0x7F, 0x74, 0x7F, 0x5B, 0x53, 0x51 ; file 12EB79
db 0x81, 0x90, 0xA0, 0x9B, 0xA3, 0x8B, 0x98, 0x9A, 0x5E, 0x53, 0x5F, 0x64, 0x6E, 0x6F, 0x93, 0x93 ; file 12EB89
db 0xAB, 0xA2, 0x8D, 0x6C, 0x6A, 0x8F, 0x79, 0x73, 0x71, 0x75, 0x6D, 0x80, 0x8E, 0x6D, 0x86, 0x83 ; file 12EB99
db 0x91, 0x8C, 0x84, 0x9F, 0x82, 0x85, 0x77, 0x63, 0x4B, 0x53, 0x81, 0x86, 0x9D, 0x97, 0xA4, 0x8E ; file 12EBA9
db 0x98, 0x9F, 0x60, 0x65, 0x55, 0x64, 0x69, 0x6A, 0x8F, 0x92, 0xA9, 0xA4, 0x93, 0x69, 0x6E, 0x90 ; file 12EBB9
db 0x76, 0x7F, 0x65, 0x79, 0x6C, 0x80, 0x92, 0x6E, 0x80, 0x85, 0x8F, 0x8A, 0x83, 0x9C, 0x89, 0x8F ; file 12EBC9
db 0x72, 0x6C, 0x43, 0x57, 0x81, 0x7E, 0x95, 0x97, 0xA2, 0x93, 0x99, 0xA0, 0x6B, 0x69, 0x54, 0x65 ; file 12EBD9
db 0x5E, 0x6A, 0x8C, 0x92, 0xA0, 0xA7, 0x98, 0x6A, 0x72, 0x8D, 0x7C, 0x81, 0x62, 0x77, 0x6B, 0x7E ; file 12EBE9
db 0x95, 0x71, 0x76, 0x8B, 0x8E, 0x85, 0x85, 0x94, 0x96, 0x8F, 0x74, 0x71, 0x42, 0x58, 0x80, 0x7A ; file 12EBF9
db 0x8B, 0x99, 0x9D, 0x98, 0x98, 0x9F, 0x7D, 0x65, 0x5A, 0x63, 0x56, 0x6A, 0x87, 0x93, 0x99, 0xA7 ; file 12EC09
db 0x9E, 0x6F, 0x73, 0x88, 0x84, 0x7D, 0x68, 0x6F, 0x6C, 0x7C, 0x94, 0x7C, 0x6A, 0x8D, 0x8E, 0x82 ; file 12EC19
db 0x86, 0x8E, 0xA1, 0x91, 0x76, 0x74, 0x43, 0x58, 0x7E, 0x79, 0x81, 0x97, 0x9A, 0x9D, 0x97, 0x99 ; file 12EC29
db 0x92, 0x63, 0x60, 0x60, 0x50, 0x6A, 0x84, 0x92, 0x95, 0xA0, 0xA3, 0x75, 0x71, 0x84, 0x8C, 0x7D ; file 12EC39
db 0x6B, 0x6B, 0x6B, 0x7D, 0x8E, 0x86, 0x64, 0x89, 0x8D, 0x81, 0x82, 0x8E, 0xA3, 0x97, 0x76, 0x76 ; file 12EC49
db 0x47, 0x59, 0x79, 0x7A, 0x7A, 0x90, 0x99, 0x9D, 0x95, 0x97, 0xA0, 0x6A, 0x62, 0x5D, 0x4C, 0x6A ; file 12EC59
db 0x83, 0x8D, 0x96, 0x99, 0xA4, 0x7F, 0x70, 0x82, 0x91, 0x82, 0x6A, 0x6A, 0x67, 0x7F, 0x8A, 0x8E ; file 12EC69
db 0x63, 0x85, 0x8C, 0x81, 0x7F, 0x90, 0xA0, 0xA2, 0x75, 0x74, 0x50, 0x59, 0x72, 0x7A, 0x75, 0x89 ; file 12EC79
db 0x9C, 0x99, 0x95, 0x97, 0xA7, 0x73, 0x64, 0x57, 0x4E, 0x66, 0x83, 0x86, 0x96, 0x91, 0xA3, 0x8B ; file 12EC89
db 0x6F, 0x81, 0x92, 0x85, 0x69, 0x6C, 0x64, 0x7C, 0x89, 0x8D, 0x68, 0x80, 0x84, 0x84, 0x7E, 0x91 ; file 12EC99
db 0xA0, 0xA6, 0x77, 0x70, 0x5D, 0x57, 0x72, 0x75, 0x73, 0x81, 0x9C, 0x97, 0x96, 0x98, 0xA8, 0x80 ; file 12ECA9
db 0x68, 0x4F, 0x54, 0x62, 0x83, 0x82, 0x92, 0x8C, 0x9D, 0x97, 0x70, 0x82, 0x91, 0x86, 0x6F, 0x69 ; file 12ECB9
db 0x65, 0x79, 0x8C, 0x88, 0x73, 0x78, 0x7C, 0x8A, 0x7B, 0x92, 0xA3, 0xA3, 0x7E, 0x6A, 0x6B, 0x52 ; file 12ECC9
db 0x77, 0x6C, 0x71, 0x7F, 0x96, 0x98, 0x95, 0x9A, 0xA8, 0x8C, 0x6D, 0x4C, 0x5B, 0x59, 0x86, 0x80 ; file 12ECD9
db 0x8B, 0x8B, 0x96, 0x9D, 0x74, 0x85, 0x8D, 0x88, 0x79, 0x65, 0x6A, 0x6F, 0x90, 0x82, 0x7B, 0x72 ; file 12ECE9
db 0x79, 0x88, 0x7B, 0x92, 0xA6, 0x9D, 0x8A, 0x69, 0x6F, 0x53, 0x79, 0x63, 0x72, 0x7B, 0x8E, 0x9B ; file 12ECF9
db 0x93, 0x9B, 0xA8, 0x93, 0x72, 0x52, 0x54, 0x58, 0x85, 0x80, 0x82, 0x8A, 0x91, 0x9C, 0x80, 0x81 ; file 12ED09
db 0x8B, 0x89, 0x80, 0x66, 0x69, 0x6D, 0x8F, 0x82, 0x7D, 0x6E, 0x79, 0x7F, 0x82, 0x90, 0xA8, 0x98 ; file 12ED19
db 0x94, 0x6C, 0x69, 0x61, 0x71, 0x66, 0x6E, 0x77, 0x8B, 0x98, 0x93, 0x9D, 0xA8, 0x95, 0x80, 0x57 ; file 12ED29
db 0x4A, 0x62, 0x7B, 0x84, 0x7D, 0x89, 0x8E, 0x95, 0x8B, 0x7F, 0x8D, 0x84, 0x88, 0x6B, 0x66, 0x70 ; file 12ED39
db 0x88, 0x85, 0x77, 0x73, 0x78, 0x74, 0x89, 0x8A, 0xA7, 0x97, 0x9D, 0x71, 0x64, 0x6A, 0x68, 0x6C ; file 12ED49
db 0x63, 0x75, 0x8B, 0x91, 0x98, 0x9B, 0xA4, 0x95, 0x8E, 0x5A, 0x49, 0x66, 0x6F, 0x89, 0x79, 0x84 ; file 12ED59
db 0x8E, 0x8D, 0x92, 0x84, 0x8B, 0x7F, 0x90, 0x6E, 0x65, 0x75, 0x81, 0x84, 0x76, 0x77, 0x73, 0x72 ; file 12ED69
db 0x8B, 0x87, 0xA5, 0x99, 0x9F, 0x79, 0x62, 0x6C, 0x6E, 0x6A, 0x60, 0x74, 0x83, 0x8F, 0x9D, 0x9A ; file 12ED79
db 0x9F, 0x96, 0x93, 0x65, 0x4C, 0x63, 0x6D, 0x84, 0x7B, 0x83, 0x8B, 0x89, 0x92, 0x8D, 0x85, 0x82 ; file 12ED89
db 0x90, 0x77, 0x67, 0x77, 0x7F, 0x7D, 0x79, 0x73, 0x75, 0x73, 0x85, 0x8C, 0x9E, 0x9C, 0x9F, 0x84 ; file 12ED99
db 0x5F, 0x6E, 0x72, 0x63, 0x66, 0x6E, 0x7D, 0x91, 0x99, 0x9C, 0x9A, 0x98, 0x90, 0x7B, 0x4A, 0x62 ; file 12EDA9
db 0x6F, 0x7A, 0x7F, 0x83, 0x84, 0x88, 0x90, 0x90, 0x83, 0x88, 0x87, 0x85, 0x66, 0x78, 0x81, 0x77 ; file 12EDB9
db 0x77, 0x71, 0x79, 0x72, 0x82, 0x8C, 0x98, 0x9F, 0x9F, 0x8D, 0x5C, 0x70, 0x70, 0x66, 0x69, 0x67 ; file 12EDC9
db 0x7B, 0x91, 0x95, 0x9E, 0x97, 0x94, 0x90, 0x8E, 0x48, 0x64, 0x6C, 0x76, 0x82, 0x7E, 0x80, 0x88 ; file 12EDD9
db 0x91, 0x8A, 0x8C, 0x85, 0x84, 0x93, 0x66, 0x78, 0x82, 0x72, 0x74, 0x6F, 0x79, 0x75, 0x86, 0x83 ; file 12EDE9
db 0x98, 0x9F, 0x9C, 0x9A, 0x5D, 0x71, 0x6E, 0x6C, 0x66, 0x63, 0x79, 0x90, 0x99, 0x98, 0x94, 0x91 ; file 12EDF9
db 0x91, 0x94, 0x52, 0x64, 0x69, 0x75, 0x83, 0x7A, 0x7F, 0x83, 0x95, 0x82, 0x92, 0x81, 0x85, 0x96 ; file 12EE09
db 0x6F, 0x78, 0x82, 0x6D, 0x74, 0x6D, 0x76, 0x79, 0x87, 0x79, 0x9C, 0x9C, 0x9C, 0x9E, 0x65, 0x6E ; file 12EE19
db 0x71, 0x6C, 0x66, 0x62, 0x74, 0x8E, 0xA0, 0x90, 0x92, 0x8C, 0x94, 0x96, 0x65, 0x5C, 0x6A, 0x75 ; file 12EE29
db 0x82, 0x76, 0x7E, 0x7D, 0x98, 0x7E, 0x93, 0x7E, 0x89, 0x94, 0x7D, 0x75, 0x81, 0x6B, 0x73, 0x6B ; file 12EE39
db 0x73, 0x7E, 0x86, 0x78, 0x9B, 0x96, 0xA0, 0x9D, 0x6F, 0x69, 0x71, 0x6D, 0x68, 0x5E, 0x71, 0x8E ; file 12EE49
db 0xA3, 0x8C, 0x8F, 0x87, 0x97, 0x93, 0x78, 0x55, 0x6D, 0x76, 0x7E, 0x76, 0x7C, 0x7A, 0x99, 0x7E ; file 12EE59
db 0x8F, 0x7F, 0x8B, 0x91, 0x8A, 0x73, 0x7D, 0x6E, 0x6E, 0x6C, 0x71, 0x7F, 0x84, 0x7D, 0x95, 0x92 ; file 12EE69
db 0xA4, 0x99, 0x7A, 0x6B, 0x6D, 0x71, 0x67, 0x5E, 0x71, 0x8B, 0x9F, 0x8E, 0x8B, 0x82, 0x9C, 0x90 ; file 12EE79
db 0x84, 0x58, 0x6A, 0x7C, 0x74, 0x78, 0x76, 0x7B, 0x95, 0x85, 0x89, 0x80, 0x89, 0x94, 0x8E, 0x77 ; file 12EE89
db 0x76, 0x77, 0x64, 0x73, 0x6E, 0x81, 0x82, 0x85, 0x8E, 0x8D, 0xA2, 0x97, 0x83, 0x6F, 0x6A, 0x79 ; file 12EE99
db 0x61, 0x60, 0x74, 0x84, 0x9A, 0x95, 0x86, 0x80, 0x9B, 0x90, 0x89, 0x63, 0x64, 0x80, 0x6B, 0x7B ; file 12EEA9
db 0x74, 0x7B, 0x8D, 0x90, 0x85, 0x7F, 0x86, 0x9A, 0x8B, 0x7E, 0x70, 0x7B, 0x60, 0x74, 0x6E, 0x7D ; file 12EEB9
db 0x7F, 0x8E, 0x89, 0x89, 0x9D, 0x99, 0x87, 0x73, 0x6D, 0x78, 0x61, 0x60, 0x7A, 0x7B, 0x94, 0x99 ; file 12EEC9
db 0x87, 0x7F, 0x96, 0x95, 0x89, 0x6A, 0x6A, 0x7A, 0x6A, 0x75, 0x79, 0x77, 0x86, 0x99, 0x82, 0x82 ; file 12EED9
db 0x83, 0x9E, 0x88, 0x81, 0x72, 0x79, 0x63, 0x6C, 0x7A, 0x74, 0x7D, 0x95, 0x88, 0x88, 0x97, 0x9A ; file 12EEE9
db 0x8A, 0x74, 0x79, 0x6F, 0x69, 0x5A, 0x83, 0x70, 0x8F, 0x98, 0x8E, 0x7F, 0x8E, 0x9A, 0x87, 0x6E ; file 12EEF9
db 0x78, 0x6D, 0x70, 0x6C, 0x7F, 0x73, 0x7F, 0x9D, 0x87, 0x81, 0x80, 0x9D, 0x89, 0x7F, 0x7C, 0x74 ; file 12EF09
db 0x6A, 0x62, 0x84, 0x6D, 0x78, 0x9A, 0x8A, 0x86, 0x91, 0x98, 0x8D, 0x72, 0x85, 0x6A, 0x6C, 0x5A ; file 12EF19
db 0x84, 0x6E, 0x83, 0x99, 0x94, 0x80, 0x86, 0x9A, 0x87, 0x70, 0x81, 0x6C, 0x6E, 0x68, 0x84, 0x74 ; file 12EF29
db 0x73, 0x9D, 0x8F, 0x80, 0x82, 0x94, 0x8C, 0x7B, 0x83, 0x78, 0x67, 0x62, 0x85, 0x6E, 0x70, 0x99 ; file 12EF39
db 0x8F, 0x87, 0x89, 0x96, 0x91, 0x71, 0x87, 0x74, 0x61, 0x66, 0x7D, 0x73, 0x75, 0x9A, 0x98, 0x87 ; file 12EF49
db 0x81, 0x96, 0x87, 0x75, 0x81, 0x77, 0x64, 0x6C, 0x83, 0x78, 0x6B, 0x99, 0x95, 0x82, 0x85, 0x89 ; file 12EF59
db 0x8D, 0x7D, 0x86, 0x7F, 0x60, 0x68, 0x82, 0x70, 0x6C, 0x90, 0x94, 0x8A, 0x87, 0x94, 0x8D, 0x7A ; file 12EF69
db 0x83, 0x80, 0x58, 0x70, 0x73, 0x77, 0x6E, 0x99, 0x99, 0x8C, 0x81, 0x91, 0x84, 0x7E, 0x7A, 0x7F ; file 12EF79
db 0x5F, 0x70, 0x84, 0x75, 0x6C, 0x8F, 0x9B, 0x85, 0x89, 0x80, 0x87, 0x81, 0x88, 0x82, 0x63, 0x69 ; file 12EF89
db 0x80, 0x71, 0x6E, 0x85, 0x98, 0x8B, 0x8B, 0x92, 0x84, 0x84, 0x7D, 0x85, 0x5E, 0x6D, 0x71, 0x74 ; file 12EF99
db 0x6F, 0x94, 0x9B, 0x8F, 0x86, 0x8B, 0x80, 0x85, 0x75, 0x80, 0x66, 0x6E, 0x89, 0x6F, 0x75, 0x82 ; file 12EFA9
db 0xA0, 0x87, 0x8C, 0x7C, 0x81, 0x84, 0x8B, 0x82, 0x6E, 0x65, 0x82, 0x6E, 0x74, 0x79, 0x99, 0x89 ; file 12EFB9
db 0x93, 0x90, 0x7D, 0x8A, 0x7A, 0x84, 0x6C, 0x63, 0x75, 0x6D, 0x73, 0x90, 0x9E, 0x8E, 0x8E, 0x84 ; file 12EFC9
db 0x7E, 0x84, 0x76, 0x7C, 0x70, 0x6B, 0x8C, 0x6C, 0x7B, 0x7B, 0xA1, 0x8A, 0x8A, 0x7A, 0x7A, 0x83 ; file 12EFD9
db 0x91, 0x81, 0x76, 0x64, 0x7E, 0x70, 0x74, 0x75, 0x95, 0x8A, 0x98, 0x90, 0x79, 0x89, 0x7E, 0x82 ; file 12EFE9
db 0x76, 0x5E, 0x72, 0x6B, 0x76, 0x8F, 0x9D, 0x8F, 0x92, 0x81, 0x7E, 0x81, 0x78, 0x74, 0x75, 0x70 ; file 12EFF9
db 0x89, 0x6E, 0x7A, 0x7D, 0x9C, 0x8E, 0x89, 0x78, 0x74, 0x84, 0x93, 0x81, 0x7A, 0x6D, 0x74, 0x77 ; file 12F009
db 0x70, 0x78, 0x8D, 0x8C, 0x9A, 0x92, 0x76, 0x85, 0x82, 0x7E, 0x7A, 0x65, 0x68, 0x6C, 0x77, 0x91 ; file 12F019
db 0x9A, 0x94, 0x93, 0x7F, 0x7F, 0x7A, 0x7B, 0x70, 0x76, 0x7C, 0x80, 0x75, 0x75, 0x85, 0x91, 0x95 ; file 12F029
db 0x86, 0x77, 0x6F, 0x83, 0x92, 0x84, 0x7C, 0x76, 0x69, 0x7E, 0x6B, 0x7D, 0x83, 0x90, 0x9A, 0x92 ; file 12F039
db 0x78, 0x81, 0x86, 0x7B, 0x7E, 0x6C, 0x5E, 0x6E, 0x77, 0x95, 0x96, 0x96, 0x92, 0x80, 0x7E, 0x75 ; file 12F049
db 0x7B, 0x6D, 0x79, 0x86, 0x76, 0x7A, 0x76, 0x89, 0x8A, 0x99, 0x82, 0x79, 0x6F, 0x80, 0x93, 0x85 ; file 12F059
db 0x7E, 0x7F, 0x64, 0x7C, 0x6D, 0x7F, 0x7B, 0x94, 0x9B, 0x8E, 0x7F, 0x7C, 0x87, 0x7A, 0x80, 0x70 ; file 12F069
db 0x5C, 0x6D, 0x7A, 0x95, 0x92, 0x97, 0x92, 0x7E, 0x7D, 0x72, 0x7C, 0x6C, 0x7E, 0x88, 0x71, 0x7F ; file 12F079
db 0x79, 0x89, 0x84, 0x95, 0x83, 0x7A, 0x70, 0x7B, 0x96, 0x84, 0x83, 0x82, 0x62, 0x76, 0x75, 0x7C ; file 12F089
db 0x77, 0x94, 0x99, 0x8D, 0x89, 0x75, 0x89, 0x77, 0x80, 0x73, 0x5F, 0x65, 0x81, 0x96, 0x8C, 0x98 ; file 12F099
db 0x92, 0x7D, 0x7F, 0x6E, 0x7B, 0x70, 0x81, 0x88, 0x73, 0x7E, 0x7E, 0x8A, 0x7E, 0x8E, 0x84, 0x7B ; file 12F0A9
db 0x73, 0x7A, 0x93, 0x86, 0x8B, 0x81, 0x65, 0x6E, 0x7B, 0x7A, 0x77, 0x8E, 0x97, 0x8F, 0x8D, 0x74 ; file 12F0B9
db 0x87, 0x7A, 0x7D, 0x77, 0x62, 0x62, 0x87, 0x93, 0x89, 0x99, 0x90, 0x80, 0x7E, 0x6D, 0x74, 0x77 ; file 12F0C9
db 0x7D, 0x89, 0x77, 0x78, 0x87, 0x89, 0x79, 0x87, 0x86, 0x7B, 0x76, 0x7A, 0x89, 0x8E, 0x8E, 0x81 ; file 12F0D9
db 0x6A, 0x66, 0x7E, 0x7C, 0x77, 0x82, 0x97, 0x91, 0x8E, 0x7D, 0x7E, 0x7E, 0x7B, 0x79, 0x64, 0x5F ; file 12F0E9
db 0x8B, 0x8F, 0x8D, 0x91, 0x8F, 0x86, 0x7B, 0x6F, 0x70, 0x7E, 0x79, 0x8B, 0x78, 0x76, 0x92, 0x85 ; file 12F0F9
db 0x79, 0x7C, 0x84, 0x7D, 0x7A, 0x7A, 0x7F, 0x98, 0x8D, 0x85, 0x6F, 0x60, 0x81, 0x7E, 0x77, 0x78 ; file 12F109
db 0x97, 0x8E, 0x93, 0x83, 0x73, 0x86, 0x7A, 0x78, 0x69, 0x5F, 0x89, 0x8E, 0x8F, 0x88, 0x94, 0x86 ; file 12F119
db 0x7C, 0x6F, 0x6A, 0x84, 0x7A, 0x89, 0x78, 0x78, 0x94, 0x88, 0x7B, 0x72, 0x82, 0x81, 0x7E, 0x75 ; file 12F129
db 0x79, 0x9A, 0x8F, 0x89, 0x70, 0x5E, 0x80, 0x80, 0x78, 0x6F, 0x93, 0x8E, 0x9B, 0x80, 0x73, 0x87 ; file 12F139
db 0x7C, 0x73, 0x6E, 0x5F, 0x85, 0x92, 0x8B, 0x84, 0x97, 0x85, 0x84, 0x6B, 0x65, 0x86, 0x7F, 0x82 ; file 12F149
db 0x7B, 0x7A, 0x90, 0x93, 0x78, 0x6B, 0x7E, 0x82, 0x84, 0x71, 0x76, 0x95, 0x99, 0x86, 0x73, 0x60 ; file 12F159
db 0x7D, 0x82, 0x79, 0x6D, 0x8A, 0x91, 0x9D, 0x7E, 0x79, 0x82, 0x81, 0x70, 0x6E, 0x62, 0x82, 0x93 ; file 12F169
db 0x88, 0x85, 0x8F, 0x8D, 0x86, 0x6B, 0x64, 0x82, 0x85, 0x7D, 0x7D, 0x7A, 0x8E, 0x9A, 0x77, 0x69 ; file 12F179
db 0x78, 0x84, 0x89, 0x70, 0x73, 0x91, 0x9E, 0x84, 0x79, 0x64, 0x78, 0x83, 0x77, 0x6B, 0x82, 0x97 ; file 12F189
db 0x9C, 0x82, 0x78, 0x81, 0x84, 0x71, 0x6A, 0x6A, 0x7A, 0x92, 0x8A, 0x81, 0x86, 0x99, 0x85, 0x6E ; file 12F199
db 0x61, 0x7B, 0x8A, 0x7D, 0x7B, 0x7D, 0x8D, 0x95, 0x82, 0x65, 0x71, 0x87, 0x8B, 0x73, 0x71, 0x8E ; file 12F1A9
db 0x9D, 0x87, 0x7C, 0x67, 0x74, 0x7F, 0x77, 0x6D, 0x7B, 0x99, 0x99, 0x89, 0x74, 0x87, 0x82, 0x76 ; file 12F1B9
db 0x65, 0x70, 0x73, 0x8F, 0x8F, 0x7B, 0x85, 0x9F, 0x85, 0x73, 0x62, 0x74, 0x8D, 0x80, 0x79, 0x81 ; file 12F1C9
db 0x86, 0x8E, 0x8F, 0x61, 0x70, 0x89, 0x88, 0x76, 0x74, 0x89, 0x97, 0x8F, 0x7D, 0x70, 0x6E, 0x7B ; file 12F1D9
db 0x76, 0x71, 0x74, 0x9D, 0x97, 0x8A, 0x74, 0x8D, 0x7C, 0x7C, 0x64, 0x70, 0x71, 0x8A, 0x8E, 0x7B ; file 12F1E9
db 0x82, 0xA2, 0x8A, 0x73, 0x64, 0x6D, 0x8C, 0x82, 0x77, 0x83, 0x81, 0x8A, 0x97, 0x62, 0x6F, 0x89 ; file 12F1F9
db 0x83, 0x7A, 0x75, 0x84, 0x95, 0x92, 0x7E, 0x7A, 0x69, 0x77, 0x74, 0x73, 0x73, 0x9C, 0x97, 0x87 ; file 12F209
db 0x7A, 0x8E, 0x7B, 0x7F, 0x64, 0x6C, 0x72, 0x82, 0x8E, 0x7F, 0x80, 0xA3, 0x91, 0x70, 0x6A, 0x68 ; file 12F219
db 0x86, 0x85, 0x7B, 0x82, 0x7D, 0x86, 0x9A, 0x69, 0x6E, 0x87, 0x82, 0x7B, 0x78, 0x80, 0x92, 0x90 ; file 12F229
db 0x84, 0x82, 0x66, 0x71, 0x73, 0x70, 0x77, 0x99, 0x97, 0x83, 0x82, 0x8F, 0x7C, 0x7F, 0x68, 0x6B ; file 12F239
db 0x72, 0x7A, 0x8B, 0x81, 0x7E, 0xA4, 0x9A, 0x6C, 0x71, 0x69, 0x7B, 0x8A, 0x7B, 0x81, 0x7A, 0x82 ; file 12F249
db 0x98, 0x72, 0x6C, 0x87, 0x82, 0x79, 0x7D, 0x81, 0x8B, 0x90, 0x89, 0x86, 0x63, 0x6E, 0x72, 0x6D ; file 12F259
db 0x7C, 0x97, 0x98, 0x81, 0x88, 0x91, 0x7E, 0x7D, 0x6D, 0x6B, 0x6B, 0x77, 0x87, 0x80, 0x80, 0xA5 ; file 12F269
db 0xA1, 0x6E, 0x73, 0x6C, 0x73, 0x8D, 0x7C, 0x80, 0x75, 0x7F, 0x96, 0x7C, 0x6C, 0x88, 0x85, 0x75 ; file 12F279
db 0x80, 0x81, 0x85, 0x90, 0x8E, 0x8C, 0x64, 0x67, 0x71, 0x6D, 0x7F, 0x94, 0x98, 0x82, 0x89, 0x92 ; file 12F289
db 0x82, 0x7A, 0x71, 0x6D, 0x67, 0x74, 0x81, 0x80, 0x85, 0xA3, 0xA4, 0x74, 0x71, 0x72, 0x6E, 0x88 ; file 12F299
db 0x81, 0x7C, 0x74, 0x7C, 0x90, 0x84, 0x70, 0x85, 0x88, 0x74, 0x81, 0x82, 0x7E, 0x8D, 0x94, 0x8C ; file 12F2A9
db 0x6A, 0x63, 0x6E, 0x6E, 0x80, 0x93, 0x95, 0x84, 0x89, 0x94, 0x87, 0x77, 0x75, 0x6F, 0x64, 0x6F ; file 12F2B9
db 0x7C, 0x7C, 0x8B, 0xA1, 0xA5, 0x7C, 0x70, 0x75, 0x6F, 0x7E, 0x88, 0x78, 0x75, 0x77, 0x8C, 0x88 ; file 12F2C9
db 0x78, 0x7F, 0x8D, 0x75, 0x7F, 0x83, 0x7A, 0x89, 0x9A, 0x89, 0x70, 0x5D, 0x6B, 0x71, 0x82, 0x8D ; file 12F2D9
db 0x92, 0x88, 0x8A, 0x95, 0x89, 0x74, 0x7B, 0x70, 0x64, 0x68, 0x78, 0x79, 0x91, 0x9F, 0xA2, 0x87 ; file 12F2E9
db 0x70, 0x77, 0x73, 0x77, 0x8A, 0x74, 0x75, 0x72, 0x8C, 0x89, 0x80, 0x7C, 0x8D, 0x7B, 0x7B, 0x83 ; file 12F2F9
db 0x79, 0x86, 0x9C, 0x86, 0x76, 0x59, 0x6B, 0x74, 0x82, 0x89, 0x8F, 0x8C, 0x8A, 0x99, 0x88, 0x75 ; file 12F309
db 0x7B, 0x72, 0x65, 0x64, 0x72, 0x7B, 0x92, 0x9F, 0x9E, 0x94, 0x6E, 0x7A, 0x74, 0x73, 0x84, 0x76 ; file 12F319
db 0x70, 0x75, 0x8A, 0x8B, 0x84, 0x7D, 0x88, 0x85, 0x77, 0x81, 0x78, 0x82, 0x9C, 0x89, 0x77, 0x5C ; file 12F329
db 0x68, 0x7A, 0x80, 0x86, 0x89, 0x91, 0x8C, 0x9B, 0x87, 0x76, 0x79, 0x75, 0x66, 0x63, 0x6A, 0x7F ; file 12F339
db 0x8D, 0xA2, 0x99, 0x9C, 0x71, 0x7E, 0x75, 0x6F, 0x7F, 0x79, 0x6B, 0x7C, 0x84, 0x8D, 0x85, 0x82 ; file 12F349
db 0x81, 0x8E, 0x75, 0x80, 0x7B, 0x7B, 0x9A, 0x8C, 0x75, 0x63, 0x65, 0x7D, 0x7D, 0x87, 0x83, 0x94 ; file 12F359
db 0x8F, 0x9A, 0x88, 0x75, 0x7A, 0x77, 0x65, 0x65, 0x63, 0x81, 0x89, 0xA5, 0x95, 0x9F, 0x7B, 0x7E ; file 12F369
db 0x77, 0x6A, 0x78, 0x7A, 0x6A, 0x7F, 0x80, 0x8E, 0x85, 0x89, 0x7D, 0x8E, 0x7B, 0x79, 0x7E, 0x77 ; file 12F379
db 0x96, 0x8D, 0x76, 0x6A, 0x62, 0x7C, 0x7C, 0x85, 0x80, 0x91, 0x97, 0x96, 0x8C, 0x73, 0x7B, 0x77 ; file 12F389
db 0x67, 0x67, 0x5F, 0x7E, 0x8A, 0xA4, 0x94, 0x9D, 0x8A, 0x79, 0x7D, 0x68, 0x73, 0x76, 0x6D, 0x7F ; file 12F399
db 0x7E, 0x8A, 0x89, 0x8C, 0x7F, 0x8A, 0x87, 0x74, 0x7F, 0x76, 0x90, 0x8A, 0x7D, 0x6C, 0x64, 0x78 ; file 12F3A9
db 0x7D, 0x83, 0x7F, 0x8C, 0xA2, 0x90, 0x8D, 0x78, 0x79, 0x75, 0x6C, 0x63, 0x60, 0x74, 0x8F, 0x9E ; file 12F3B9
db 0x96, 0x9B, 0x96, 0x76, 0x7F, 0x69, 0x6E, 0x6E, 0x72, 0x7E, 0x7F, 0x81, 0x93, 0x88, 0x83, 0x88 ; file 12F3C9
db 0x8B, 0x74, 0x7C, 0x7B, 0x87, 0x87, 0x83, 0x71, 0x67, 0x70, 0x80, 0x81, 0x7C, 0x8C, 0xA4, 0x91 ; file 12F3D9
db 0x8D, 0x83, 0x6E, 0x74, 0x71, 0x62, 0x66, 0x68, 0x91, 0x9A, 0x96, 0x9D, 0x98, 0x7E, 0x7E, 0x6E ; file 12F3E9
db 0x67, 0x6A, 0x74, 0x7F, 0x7F, 0x7B, 0x98, 0x86, 0x85, 0x8D, 0x83, 0x80, 0x74, 0x80, 0x81, 0x81 ; file 12F3F9
db 0x85, 0x78, 0x6B, 0x6B, 0x7E, 0x81, 0x79, 0x91, 0x9A, 0x9A, 0x8A, 0x8D, 0x6B, 0x70, 0x72, 0x65 ; file 12F409
db 0x6B, 0x5F, 0x8C, 0x9C, 0x90, 0xA5, 0x93, 0x8A, 0x7C, 0x74, 0x63, 0x65, 0x72, 0x80, 0x82, 0x76 ; file 12F419
db 0x95, 0x8B, 0x80, 0x93, 0x7D, 0x8A, 0x6E, 0x85, 0x7F, 0x79, 0x87, 0x7E, 0x70, 0x69, 0x76, 0x83 ; file 12F429
db 0x76, 0x93, 0x93, 0xA2, 0x87, 0x93, 0x6F, 0x67, 0x71, 0x6B, 0x6C, 0x5B, 0x82, 0x9B, 0x8E, 0xAA ; file 12F439
db 0x91, 0x8F, 0x7F, 0x76, 0x65, 0x5F, 0x6E, 0x7F, 0x89, 0x74, 0x8F, 0x8F, 0x7E, 0x94, 0x82, 0x83 ; file 12F449
db 0x77, 0x84, 0x7E, 0x75, 0x87, 0x7E, 0x79, 0x67, 0x71, 0x82, 0x78, 0x8E, 0x96, 0x9B, 0x91, 0x95 ; file 12F459
db 0x75, 0x63, 0x6F, 0x6D, 0x6C, 0x5E, 0x79, 0x95, 0x93, 0xA5, 0x99, 0x89, 0x86, 0x79, 0x69, 0x5A ; file 12F469
db 0x68, 0x7E, 0x8A, 0x76, 0x8B, 0x8C, 0x83, 0x8D, 0x8B, 0x78, 0x81, 0x80, 0x7F, 0x77, 0x81, 0x83 ; file 12F479
db 0x7D, 0x66, 0x6F, 0x7D, 0x7B, 0x86, 0x99, 0x92, 0x9B, 0x96, 0x7A, 0x65, 0x67, 0x73, 0x6C, 0x61 ; file 12F489
db 0x70, 0x8E, 0x9A, 0x9F, 0xA0, 0x85, 0x8B, 0x7E, 0x6C, 0x59, 0x62, 0x7D, 0x88, 0x7F, 0x84, 0x89 ; file 12F499
db 0x8B, 0x87, 0x90, 0x77, 0x82, 0x82, 0x80, 0x77, 0x7C, 0x85, 0x7B, 0x6E, 0x6B, 0x7B, 0x7D, 0x85 ; file 12F4A9
db 0x95, 0x94, 0x9C, 0x9A, 0x7F, 0x66, 0x63, 0x75, 0x6B, 0x65, 0x6B, 0x89, 0x9C, 0x9F, 0x9D, 0x89 ; file 12F4B9
db 0x87, 0x86, 0x71, 0x58, 0x5F, 0x7B, 0x85, 0x85, 0x7F, 0x88, 0x8A, 0x8A, 0x89, 0x7F, 0x79, 0x8B ; file 12F4C9
db 0x81, 0x79, 0x78, 0x85, 0x76, 0x75, 0x67, 0x7A, 0x7B, 0x86, 0x8E, 0x9B, 0x94, 0xA3, 0x82, 0x65 ; file 12F4D9
db 0x64, 0x72, 0x67, 0x6A, 0x67, 0x88, 0x9C, 0x9F, 0x97, 0x90, 0x81, 0x8D, 0x77, 0x56, 0x5F, 0x78 ; file 12F4E9
db 0x7E, 0x8A, 0x7F, 0x85, 0x88, 0x8D, 0x82, 0x84, 0x74, 0x8D, 0x8A, 0x78, 0x77, 0x85, 0x71, 0x77 ; file 12F4F9
db 0x68, 0x77, 0x79, 0x87, 0x89, 0x9C, 0x93, 0xA5, 0x89, 0x64, 0x66, 0x70, 0x63, 0x6C, 0x65, 0x89 ; file 12F509
db 0x9B, 0x9C, 0x98, 0x8F, 0x81, 0x8F, 0x81, 0x55, 0x60, 0x75, 0x7A, 0x8C, 0x7D, 0x84, 0x87, 0x8B ; file 12F519
db 0x85, 0x82, 0x76, 0x8A, 0x96, 0x76, 0x77, 0x85, 0x6B, 0x78, 0x6B, 0x74, 0x7A, 0x82, 0x89, 0x9A ; file 12F529
db 0x96, 0x9D, 0x99, 0x63, 0x68, 0x71, 0x5D, 0x6A, 0x68, 0x87, 0x97, 0x99, 0x9A, 0x8B, 0x86, 0x8B ; file 12F539
db 0x8C, 0x56, 0x60, 0x72, 0x79, 0x88, 0x7E, 0x88, 0x83, 0x88, 0x89, 0x7B, 0x7B, 0x85, 0x9F, 0x76 ; file 12F549
db 0x79, 0x81, 0x6C, 0x72, 0x70, 0x73, 0x79, 0x7E, 0x89, 0x97, 0x9A, 0x98, 0xA6, 0x63, 0x6A, 0x6F ; file 12F559
db 0x5C, 0x67, 0x6B, 0x83, 0x94, 0x98, 0x99, 0x8E, 0x87, 0x8A, 0x93, 0x5D, 0x5F, 0x6E, 0x77, 0x83 ; file 12F569
db 0x80, 0x89, 0x81, 0x88, 0x89, 0x7A, 0x7E, 0x82, 0xA2, 0x7C, 0x7A, 0x7B, 0x72, 0x6C, 0x72, 0x74 ; file 12F579
db 0x76, 0x7B, 0x89, 0x93, 0x9A, 0x97, 0xA9, 0x72, 0x6A, 0x6A, 0x5E, 0x65, 0x69, 0x83, 0x8F, 0x96 ; file 12F589
db 0x96, 0x92, 0x84, 0x8A, 0x97, 0x69, 0x5F, 0x6B, 0x74, 0x80, 0x7F, 0x88, 0x83, 0x87, 0x86, 0x7D ; file 12F599
db 0x7D, 0x80, 0xA3, 0x85, 0x78, 0x79, 0x76, 0x6A, 0x70, 0x77, 0x73, 0x7D, 0x85, 0x8E, 0x98, 0x98 ; file 12F5A9
db 0xA7, 0x81, 0x68, 0x67, 0x62, 0x63, 0x65, 0x85, 0x89, 0x95, 0x95, 0x90, 0x85, 0x8B, 0x96, 0x76 ; file 12F5B9
db 0x5E, 0x69, 0x71, 0x7F, 0x7B, 0x88, 0x84, 0x85, 0x83, 0x7F, 0x7B, 0x83, 0xA3, 0x8D, 0x74, 0x7B ; file 12F5C9
db 0x72, 0x70, 0x6A, 0x77, 0x75, 0x7B, 0x83, 0x8C, 0x94, 0x99, 0xA8, 0x8F, 0x65, 0x67, 0x63, 0x64 ; file 12F5D9
db 0x65, 0x81, 0x85, 0x90, 0x96, 0x8C, 0x8B, 0x86, 0x98, 0x84, 0x5C, 0x68, 0x6F, 0x7D, 0x7A, 0x87 ; file 12F5E9
db 0x84, 0x82, 0x80, 0x81, 0x7A, 0x86, 0xA1, 0x93, 0x73, 0x7B, 0x6E, 0x7A, 0x65, 0x75, 0x78, 0x75 ; file 12F5F9
db 0x85, 0x8D, 0x8E, 0x9A, 0xA8, 0x93, 0x6B, 0x63, 0x63, 0x68, 0x66, 0x7E, 0x85, 0x88, 0x96, 0x8C ; file 12F609
db 0x8B, 0x86, 0x98, 0x8C, 0x61, 0x6A, 0x6D, 0x7B, 0x7A, 0x84, 0x83, 0x80, 0x7C, 0x86, 0x78, 0x88 ; file 12F619
db 0xA0, 0x99, 0x78, 0x79, 0x6E, 0x7B, 0x63, 0x74, 0x7B, 0x70, 0x84, 0x8F, 0x85, 0x9C, 0xA6, 0x99 ; file 12F629
db 0x72, 0x5F, 0x67, 0x6A, 0x66, 0x7D, 0x83, 0x84, 0x91, 0x93, 0x82, 0x86, 0x97, 0x95, 0x67, 0x68 ; file 12F639
db 0x70, 0x77, 0x7B, 0x81, 0x81, 0x7B, 0x77, 0x8D, 0x74, 0x8A, 0xA0, 0x9E, 0x7B, 0x74, 0x75, 0x73 ; file 12F649
db 0x66, 0x71, 0x7A, 0x70, 0x82, 0x94, 0x7E, 0x9E, 0xA3, 0xA0, 0x74, 0x5B, 0x6E, 0x68, 0x6A, 0x7E ; file 12F659
db 0x7E, 0x80, 0x8C, 0x97, 0x79, 0x89, 0x95, 0x9C, 0x6E, 0x67, 0x76, 0x71, 0x7F, 0x80, 0x7E, 0x75 ; file 12F669
db 0x75, 0x90, 0x72, 0x8A, 0xA4, 0xA0, 0x7F, 0x73, 0x7B, 0x6B, 0x6C, 0x70, 0x78, 0x70, 0x80, 0x96 ; file 12F679
db 0x7B, 0x9C, 0xA6, 0xA1, 0x75, 0x5D, 0x72, 0x66, 0x6E, 0x7F, 0x7A, 0x7E, 0x89, 0x97, 0x75, 0x87 ; file 12F689
db 0x99, 0x9C, 0x75, 0x69, 0x7A, 0x6D, 0x81, 0x7F, 0x7B, 0x6D, 0x74, 0x8D, 0x75, 0x87, 0xAB, 0x9C ; file 12F699
db 0x84, 0x73, 0x7D, 0x67, 0x6E, 0x6F, 0x76, 0x6E, 0x80, 0x94, 0x7D, 0x96, 0xAC, 0x9B, 0x77, 0x62 ; file 12F6A9
db 0x71, 0x69, 0x70, 0x82, 0x78, 0x77, 0x89, 0x94, 0x75, 0x84, 0x9B, 0x9A, 0x7D, 0x6D, 0x7A, 0x70 ; file 12F6B9
db 0x80, 0x7F, 0x75, 0x68, 0x75, 0x87, 0x7B, 0x86, 0xAF, 0x9C, 0x87, 0x79, 0x78, 0x6A, 0x6D, 0x6E ; file 12F6C9
db 0x74, 0x6B, 0x81, 0x90, 0x81, 0x94, 0xAC, 0x97, 0x7C, 0x65, 0x6F, 0x70, 0x71, 0x83, 0x78, 0x72 ; file 12F6D9
db 0x8A, 0x89, 0x7A, 0x80, 0x9B, 0x97, 0x83, 0x74, 0x79, 0x78, 0x7D, 0x7F, 0x72, 0x65, 0x73, 0x81 ; file 12F6E9
db 0x7E, 0x86, 0xAF, 0x9B, 0x8C, 0x80, 0x6E, 0x71, 0x69, 0x6F, 0x71, 0x6A, 0x81, 0x8E, 0x84, 0x94 ; file 12F6F9
db 0xAB, 0x92, 0x81, 0x6B, 0x6B, 0x75, 0x71, 0x85, 0x78, 0x70, 0x88, 0x80, 0x7E, 0x7F, 0x99, 0x93 ; file 12F709
db 0x88, 0x7C, 0x7B, 0x7B, 0x7C, 0x82, 0x6B, 0x65, 0x70, 0x7D, 0x7E, 0x8A, 0xAC, 0x9C, 0x90, 0x84 ; file 12F719
db 0x6C, 0x76, 0x66, 0x70, 0x6D, 0x6A, 0x80, 0x8D, 0x85, 0x95, 0xA7, 0x8C, 0x89, 0x6C, 0x6C, 0x76 ; file 12F729
db 0x74, 0x85, 0x79, 0x70, 0x84, 0x7B, 0x7F, 0x80, 0x96, 0x8F, 0x8F, 0x7F, 0x80, 0x7B, 0x7E, 0x80 ; file 12F739
db 0x66, 0x68, 0x6A, 0x79, 0x7D, 0x8F, 0xA8, 0x9C, 0x97, 0x83, 0x72, 0x70, 0x6A, 0x6F, 0x68, 0x6C ; file 12F749
db 0x7D, 0x8D, 0x85, 0x98, 0xA2, 0x88, 0x8F, 0x6B, 0x72, 0x6F, 0x7A, 0x85, 0x79, 0x75, 0x7D, 0x7C ; file 12F759
db 0x7A, 0x84, 0x92, 0x8A, 0x94, 0x82, 0x88, 0x76, 0x84, 0x7E, 0x65, 0x6A, 0x64, 0x76, 0x7B, 0x92 ; file 12F769
db 0xA8, 0x9B, 0x9B, 0x82, 0x7D, 0x67, 0x71, 0x6D, 0x62, 0x70, 0x79, 0x8A, 0x87, 0x9A, 0x9E, 0x8A ; file 12F779
db 0x8D, 0x70, 0x76, 0x67, 0x7F, 0x86, 0x78, 0x79, 0x75, 0x7E, 0x76, 0x89, 0x8D, 0x83, 0x93, 0x8B ; file 12F789
db 0x8E, 0x76, 0x87, 0x7C, 0x69, 0x68, 0x61, 0x71, 0x76, 0x94, 0xA8, 0x9A, 0x9B, 0x8B, 0x83, 0x62 ; file 12F799
db 0x76, 0x6C, 0x5E, 0x71, 0x75, 0x88, 0x89, 0x9A, 0x99, 0x8F, 0x84, 0x80, 0x74, 0x62, 0x7F, 0x8B ; file 12F7A9
db 0x75, 0x7E, 0x6F, 0x7C, 0x76, 0x8A, 0x8B, 0x7F, 0x8C, 0x98, 0x8F, 0x79, 0x84, 0x7E, 0x6B, 0x66 ; file 12F7B9
db 0x62, 0x6B, 0x71, 0x93, 0xA7, 0x98, 0x9A, 0x95, 0x83, 0x68, 0x72, 0x6F, 0x5B, 0x6E, 0x75, 0x85 ; file 12F7C9
db 0x89, 0x99, 0x98, 0x8F, 0x81, 0x8C, 0x72, 0x61, 0x7D, 0x8C, 0x76, 0x7F, 0x6D, 0x78, 0x7B, 0x85 ; file 12F7D9
db 0x8B, 0x7B, 0x86, 0xA1, 0x91, 0x7C, 0x83, 0x81, 0x6D, 0x67, 0x62, 0x65, 0x6F, 0x92, 0xA5, 0x97 ; file 12F7E9
db 0x9C, 0x99, 0x85, 0x6F, 0x6C, 0x73, 0x5C, 0x67, 0x78, 0x80, 0x8A, 0x97, 0x9A, 0x8A, 0x86, 0x8E ; file 12F7F9
db 0x75, 0x62, 0x78, 0x8C, 0x7F, 0x7C, 0x6F, 0x73, 0x7F, 0x7F, 0x8D, 0x76, 0x85, 0xA4, 0x93, 0x80 ; file 12F809
db 0x80, 0x81, 0x72, 0x68, 0x5F, 0x60, 0x6F, 0x8A, 0xA5, 0x98, 0x9B, 0x9E, 0x89, 0x73, 0x6A, 0x71 ; file 12F819
db 0x61, 0x63, 0x78, 0x7A, 0x8E, 0x92, 0x9C, 0x89, 0x8A, 0x8D, 0x7A, 0x64, 0x72, 0x8C, 0x84, 0x76 ; file 12F829
db 0x73, 0x6D, 0x7D, 0x7E, 0x8A, 0x78, 0x83, 0xA5, 0x94, 0x88, 0x7B, 0x82, 0x78, 0x67, 0x5E, 0x5F ; file 12F839
db 0x6C, 0x86, 0xA5, 0x9A, 0x95, 0xA5, 0x8B, 0x7A, 0x69, 0x6D, 0x67, 0x62, 0x73, 0x7A, 0x8D, 0x8E ; file 12F849
db 0x99, 0x8F, 0x85, 0x90, 0x7C, 0x6A, 0x6F, 0x8B, 0x8A, 0x75, 0x73, 0x6E, 0x7B, 0x7D, 0x81, 0x80 ; file 12F859
db 0x7E, 0xA5, 0x98, 0x8F, 0x75, 0x82, 0x7C, 0x67, 0x5C, 0x5F, 0x67, 0x85, 0x9D, 0xA0, 0x90, 0xA8 ; file 12F869
db 0x8E, 0x80, 0x66, 0x6A, 0x6D, 0x64, 0x6E, 0x7C, 0x86, 0x8C, 0x97, 0x94, 0x81, 0x91, 0x7D, 0x71 ; file 12F879
db 0x6F, 0x84, 0x8E, 0x7A, 0x70, 0x70, 0x73, 0x7B, 0x7E, 0x86, 0x7C, 0xA3, 0x9B, 0x93, 0x77, 0x7F ; file 12F889
db 0x7F, 0x6C, 0x5B, 0x5C, 0x63, 0x83, 0x97, 0xA6, 0x91, 0xA2, 0x96, 0x83, 0x68, 0x64, 0x6F, 0x68 ; file 12F899
db 0x6E, 0x79, 0x82, 0x8A, 0x94, 0x97, 0x84, 0x8B, 0x82, 0x76, 0x71, 0x7C, 0x90, 0x80, 0x6F, 0x6F ; file 12F8A9
db 0x6F, 0x79, 0x7B, 0x88, 0x7E, 0x9B, 0xA2, 0x95, 0x7D, 0x77, 0x80, 0x73, 0x5B, 0x58, 0x64, 0x7E ; file 12F8B9
db 0x95, 0xA6, 0x96, 0x9B, 0x9C, 0x84, 0x6F, 0x5C, 0x72, 0x6C, 0x6D, 0x76, 0x81, 0x88, 0x92, 0x9A ; file 12F8C9
db 0x87, 0x85, 0x85, 0x7A, 0x74, 0x76, 0x8E, 0x87, 0x71, 0x6B, 0x71, 0x78, 0x76, 0x8E, 0x7F, 0x93 ; file 12F8D9
db 0xA4, 0x96, 0x82, 0x75, 0x80, 0x77, 0x60, 0x54, 0x63, 0x7A, 0x8F, 0xA7, 0x9A, 0x98, 0x99, 0x8C ; file 12F8E9
db 0x72, 0x5A, 0x74, 0x6B, 0x6D, 0x73, 0x7E, 0x8A, 0x90, 0x9A, 0x8B, 0x86, 0x82, 0x7F, 0x72, 0x73 ; file 12F8F9
db 0x8C, 0x88, 0x77, 0x67, 0x76, 0x76, 0x73, 0x92, 0x7D, 0x90, 0xA0, 0x98, 0x86, 0x78, 0x7B, 0x7C ; file 12F909
db 0x63, 0x52, 0x65, 0x74, 0x8A, 0xAA, 0x98, 0x9B, 0x96, 0x91, 0x73, 0x5C, 0x72, 0x6A, 0x6D, 0x6F ; file 12F919
db 0x7C, 0x8A, 0x8F, 0x99, 0x91, 0x83, 0x83, 0x81, 0x6E, 0x74, 0x8B, 0x84, 0x7F, 0x66, 0x73, 0x77 ; file 12F929
db 0x74, 0x90, 0x80, 0x89, 0x9F, 0x98, 0x88, 0x7B, 0x78, 0x80, 0x64, 0x56, 0x63, 0x6C, 0x8B, 0xA9 ; file 12F939
db 0x99, 0x9C, 0x96, 0x8E, 0x7A, 0x61, 0x6C, 0x6C, 0x6A, 0x6D, 0x7E, 0x82, 0x92, 0x98, 0x98, 0x7F ; file 12F949
db 0x87, 0x7D, 0x6E, 0x77, 0x85, 0x84, 0x82, 0x67, 0x72, 0x75, 0x7B, 0x8A, 0x87, 0x80, 0x9F, 0x97 ; file 12F959
db 0x88, 0x7F, 0x78, 0x81, 0x68, 0x5A, 0x5F, 0x64, 0x8D, 0xA1, 0xA0, 0x98, 0x97, 0x8E, 0x7F, 0x66 ; file 12F969
db 0x68, 0x6C, 0x68, 0x71, 0x7B, 0x7C, 0x96, 0x96, 0x9E, 0x7F, 0x86, 0x7C, 0x6F, 0x77, 0x7F, 0x88 ; file 12F979
db 0x7F, 0x6D, 0x70, 0x72, 0x81, 0x87, 0x87, 0x7D, 0x9C, 0x9A, 0x87, 0x83, 0x77, 0x83, 0x6A, 0x5B ; file 12F989
db 0x5C, 0x62, 0x8D, 0x9A, 0xA7, 0x93, 0x96, 0x94, 0x7C, 0x70, 0x67, 0x69, 0x67, 0x74, 0x75, 0x7C ; file 12F999
db 0x95, 0x94, 0xA2, 0x83, 0x80, 0x82, 0x6B, 0x7A, 0x7B, 0x8B, 0x7A, 0x73, 0x6E, 0x71, 0x84, 0x83 ; file 12F9A9
db 0x87, 0x7F, 0x94, 0x9B, 0x88, 0x85, 0x77, 0x85, 0x6E, 0x60, 0x59, 0x5F, 0x88, 0x97, 0xA9, 0x92 ; file 12F9B9
db 0x93, 0x99, 0x80, 0x77, 0x64, 0x67, 0x67, 0x76, 0x70, 0x7C, 0x8E, 0x95, 0xA3, 0x8A, 0x7C, 0x82 ; file 12F9C9
db 0x6C, 0x7E, 0x78, 0x8A, 0x78, 0x78, 0x70, 0x75, 0x7E, 0x82, 0x85, 0x83, 0x8E, 0x98, 0x8E, 0x86 ; file 12F9D9
db 0x79, 0x83, 0x72, 0x64, 0x59, 0x5D, 0x83, 0x94, 0xA6, 0x96, 0x8F, 0x97, 0x8D, 0x77, 0x66, 0x64 ; file 12F9E9
db 0x68, 0x76, 0x70, 0x79, 0x8B, 0x93, 0xA1, 0x92, 0x7B, 0x7C, 0x76, 0x7D, 0x79, 0x83, 0x7A, 0x78 ; file 12F9F9
db 0x74, 0x78, 0x7D, 0x7C, 0x82, 0x87, 0x8C, 0x91, 0x95, 0x85, 0x7C, 0x81, 0x79, 0x63, 0x5D, 0x5A ; file 12FA09
db 0x82, 0x8D, 0xA0, 0x99, 0x8F, 0x92, 0x9B, 0x77, 0x67, 0x5F, 0x6B, 0x75, 0x74, 0x74, 0x8A, 0x8B ; file 12FA19
db 0xA2, 0x9A, 0x7A, 0x78, 0x7E, 0x7A, 0x7C, 0x7C, 0x7D, 0x7A, 0x77, 0x79, 0x7F, 0x73, 0x80, 0x8A ; file 12FA29
db 0x8B, 0x8C, 0x97, 0x86, 0x7F, 0x80, 0x7E, 0x64, 0x5F, 0x5A, 0x7F, 0x87, 0x9A, 0x9A, 0x93, 0x8D ; file 12FA39
db 0xA0, 0x7E, 0x65, 0x5E, 0x6C, 0x72, 0x73, 0x70, 0x8C, 0x86, 0xA3, 0x9B, 0x7D, 0x76, 0x7D, 0x7D ; file 12FA49
db 0x7D, 0x75, 0x7C, 0x80, 0x74, 0x7E, 0x83, 0x6A, 0x81, 0x89, 0x89, 0x8C, 0x8F, 0x8E, 0x7D, 0x82 ; file 12FA59
db 0x7F, 0x6C, 0x5C, 0x5D, 0x7E, 0x82, 0x93, 0x95, 0x98, 0x8F, 0x9A, 0x8C, 0x5F, 0x63, 0x6D, 0x73 ; file 12FA69
db 0x70, 0x70, 0x8B, 0x85, 0x9F, 0x99, 0x84, 0x77, 0x75, 0x89, 0x76, 0x72, 0x7B, 0x85, 0x73, 0x81 ; file 12FA79
db 0x89, 0x67, 0x7F, 0x84, 0x89, 0x8F, 0x84, 0x97, 0x7C, 0x81, 0x83, 0x73, 0x56, 0x61, 0x80, 0x7D ; file 12FA89
db 0x8B, 0x8F, 0x9A, 0x96, 0x92, 0x98, 0x5E, 0x63, 0x70, 0x73, 0x6D, 0x71, 0x8B, 0x89, 0x99, 0x95 ; file 12FA99
db 0x8B, 0x78, 0x72, 0x8C, 0x6F, 0x72, 0x7B, 0x84, 0x75, 0x81, 0x8E, 0x6B, 0x78, 0x80, 0x89, 0x91 ; file 12FAA9
db 0x80, 0x94, 0x80, 0x7F, 0x88, 0x77, 0x56, 0x63, 0x80, 0x7C, 0x86, 0x88, 0x99, 0x9D, 0x8F, 0x98 ; file 12FAB9
db 0x63, 0x5E, 0x75, 0x73, 0x6B, 0x71, 0x87, 0x92, 0x92, 0x93, 0x90, 0x7C, 0x74, 0x85, 0x6E, 0x6F ; file 12FAC9
db 0x80, 0x83, 0x7A, 0x7D, 0x92, 0x78, 0x6D, 0x7F, 0x87, 0x90, 0x84, 0x87, 0x86, 0x7B, 0x8C, 0x80 ; file 12FAD9
db 0x56, 0x62, 0x80, 0x82, 0x7E, 0x86, 0x94, 0xA1, 0x94, 0x8F, 0x6E, 0x56, 0x7D, 0x76, 0x66, 0x6D ; file 12FAE9
db 0x85, 0x9C, 0x8C, 0x8D, 0x94, 0x7E, 0x7D, 0x7A, 0x6F, 0x67, 0x86, 0x84, 0x7B, 0x7A, 0x90, 0x8A ; file 12FAF9
db 0x65, 0x7B, 0x85, 0x8D, 0x8B, 0x7E, 0x86, 0x79, 0x8F, 0x8A, 0x57, 0x60, 0x7F, 0x88, 0x78, 0x82 ; file 12FB09
db 0x90, 0xA2, 0x9A, 0x86, 0x77, 0x52, 0x80, 0x7A, 0x62, 0x6A, 0x89, 0x9D, 0x8D, 0x86, 0x98, 0x7E ; file 12FB19
db 0x86, 0x72, 0x6C, 0x65, 0x88, 0x88, 0x7A, 0x78, 0x92, 0x95, 0x63, 0x77, 0x84, 0x88, 0x91, 0x7D ; file 12FB29
db 0x7C, 0x7C, 0x8D, 0x92, 0x58, 0x61, 0x7D, 0x8C, 0x78, 0x7C, 0x90, 0x9F, 0xA0, 0x83, 0x78, 0x53 ; file 12FB39
db 0x80, 0x80, 0x5D, 0x69, 0x8C, 0x99, 0x92, 0x7F, 0x98, 0x83, 0x8B, 0x6E, 0x67, 0x64, 0x83, 0x91 ; file 12FB49
db 0x74, 0x78, 0x91, 0x9D, 0x69, 0x72, 0x81, 0x83, 0x94, 0x7F, 0x6E, 0x82, 0x89, 0x98, 0x61, 0x61 ; file 12FB59
db 0x79, 0x8F, 0x7A, 0x73, 0x92, 0x98, 0xA3, 0x84, 0x74, 0x58, 0x7E, 0x82, 0x5D, 0x69, 0x8B, 0x98 ; file 12FB69
db 0x98, 0x79, 0x95, 0x8B, 0x8B, 0x6E, 0x62, 0x63, 0x7F, 0x98, 0x71, 0x78, 0x90, 0xA2, 0x75, 0x6C ; file 12FB79
db 0x7B, 0x84, 0x93, 0x82, 0x69, 0x7F, 0x86, 0x9A, 0x6F, 0x5D, 0x79, 0x8F, 0x7E, 0x6F, 0x93, 0x93 ; file 12FB89
db 0xA0, 0x89, 0x71, 0x5F, 0x78, 0x80, 0x66, 0x65, 0x88, 0x9C, 0x99, 0x78, 0x92, 0x92, 0x84, 0x75 ; file 12FB99
db 0x5D, 0x61, 0x7B, 0x97, 0x76, 0x75, 0x8F, 0xA2, 0x82, 0x68, 0x79, 0x87, 0x89, 0x85, 0x6D, 0x78 ; file 12FBA9
db 0x83, 0x97, 0x7C, 0x5B, 0x7C, 0x8B, 0x82, 0x70, 0x90, 0x95, 0x97, 0x8D, 0x72, 0x67, 0x6D, 0x7F ; file 12FBB9
db 0x6D, 0x60, 0x87, 0xA1, 0x94, 0x7C, 0x8F, 0x98, 0x7E, 0x7A, 0x59, 0x63, 0x77, 0x94, 0x7E, 0x71 ; file 12FBC9
db 0x8E, 0xA3, 0x8C, 0x67, 0x7B, 0x86, 0x7E, 0x87, 0x74, 0x70, 0x83, 0x94, 0x82, 0x61, 0x79, 0x89 ; file 12FBD9
db 0x85, 0x73, 0x8D, 0x98, 0x8C, 0x8E, 0x77, 0x6A, 0x68, 0x80, 0x6D, 0x63, 0x85, 0xA4, 0x90, 0x85 ; file 12FBE9
db 0x8C, 0x98, 0x7D, 0x75, 0x5F, 0x62, 0x71, 0x90, 0x83, 0x73, 0x8C, 0xA4, 0x8C, 0x6F, 0x7A, 0x81 ; file 12FBF9
db 0x7E, 0x7F, 0x7D, 0x6C, 0x82, 0x8E, 0x83, 0x6C, 0x74, 0x8B, 0x83, 0x77, 0x8B, 0x9A, 0x88, 0x88 ; file 12FC09
db 0x7F, 0x68, 0x6D, 0x77, 0x6B, 0x6E, 0x7C, 0xA3, 0x92, 0x8A, 0x89, 0x99, 0x80, 0x6C, 0x6C, 0x5C ; file 12FC19
db 0x6F, 0x87, 0x85, 0x7B, 0x89, 0xA0, 0x8E, 0x7E, 0x73, 0x82, 0x80, 0x70, 0x88, 0x6D, 0x7E, 0x83 ; file 12FC29
db 0x84, 0x76, 0x73, 0x8C, 0x80, 0x7F, 0x87, 0x9B, 0x8B, 0x7D, 0x85, 0x6A, 0x72, 0x6A, 0x70, 0x76 ; file 12FC39
db 0x76, 0xA2, 0x95, 0x8D, 0x89, 0x98, 0x80, 0x6A, 0x71, 0x5B, 0x6F, 0x7A, 0x86, 0x86, 0x86, 0x99 ; file 12FC49
db 0x93, 0x82, 0x74, 0x86, 0x7B, 0x69, 0x8A, 0x73, 0x7D, 0x7D, 0x81, 0x7C, 0x7B, 0x83, 0x85, 0x7E ; file 12FC59
db 0x85, 0x9B, 0x8C, 0x76, 0x83, 0x72, 0x6F, 0x6A, 0x6F, 0x76, 0x7B, 0x9A, 0x9B, 0x8E, 0x8C, 0x94 ; file 12FC69
db 0x81, 0x6D, 0x6A, 0x67, 0x69, 0x73, 0x85, 0x89, 0x89, 0x93, 0x99, 0x7E, 0x82, 0x81, 0x79, 0x6C ; file 12FC79
db 0x80, 0x7D, 0x7D, 0x74, 0x79, 0x82, 0x81, 0x7F, 0x8D, 0x79, 0x8B, 0x98, 0x8C, 0x7B, 0x79, 0x7A ; file 12FC89
db 0x6C, 0x6E, 0x65, 0x79, 0x81, 0x93, 0x9E, 0x90, 0x8F, 0x8A, 0x87, 0x73, 0x64, 0x72, 0x64, 0x71 ; file 12FC99
db 0x7D, 0x8A, 0x8E, 0x91, 0x96, 0x7F, 0x8D, 0x78, 0x7D, 0x73, 0x72, 0x87, 0x7D, 0x70, 0x6E, 0x86 ; file 12FCA9
db 0x80, 0x87, 0x8B, 0x79, 0x90, 0x92, 0x8C, 0x87, 0x6B, 0x7E, 0x6D, 0x6F, 0x5C, 0x7C, 0x7D, 0x97 ; file 12FCB9
db 0x9E, 0x93, 0x8F, 0x85, 0x89, 0x79, 0x63, 0x73, 0x65, 0x71, 0x76, 0x8A, 0x8F, 0x90, 0x92, 0x87 ; file 12FCC9
db 0x8D, 0x78, 0x7D, 0x77, 0x6F, 0x89, 0x7C, 0x71, 0x67, 0x84, 0x7E, 0x90, 0x82, 0x80, 0x8F, 0x8E ; file 12FCD9
db 0x90, 0x8B, 0x66, 0x7B, 0x72, 0x6D, 0x5D, 0x76, 0x7A, 0x9C, 0x9C, 0x95, 0x90, 0x80, 0x8C, 0x7C ; file 12FCE9
db 0x6B, 0x6B, 0x6B, 0x70, 0x6F, 0x89, 0x8D, 0x91, 0x90, 0x8B, 0x8C, 0x7B, 0x7D, 0x77, 0x79, 0x80 ; file 12FCF9
db 0x7F, 0x74, 0x60, 0x7F, 0x7F, 0x94, 0x83, 0x84, 0x8D, 0x8B, 0x95, 0x89, 0x6E, 0x72, 0x74, 0x70 ; file 12FD09
db 0x5F, 0x6A, 0x7C, 0x9F, 0x9B, 0x95, 0x93, 0x7A, 0x8D, 0x7C, 0x75, 0x62, 0x6E, 0x70, 0x6D, 0x83 ; file 12FD19
db 0x8C, 0x90, 0x93, 0x8C, 0x8E, 0x7D, 0x7C, 0x7B, 0x83, 0x74, 0x80, 0x76, 0x5C, 0x7B, 0x7F, 0x93 ; file 12FD29
db 0x89, 0x83, 0x8F, 0x88, 0x97, 0x88, 0x78, 0x68, 0x77, 0x72, 0x61, 0x64, 0x7E, 0x9C, 0x9C, 0x95 ; file 12FD39
db 0x93, 0x79, 0x90, 0x7D, 0x7F, 0x5E, 0x6A, 0x77, 0x6A, 0x7E, 0x86, 0x91, 0x92, 0x90, 0x8E, 0x7E ; file 12FD49
db 0x7B, 0x80, 0x86, 0x6F, 0x7D, 0x79, 0x5E, 0x76, 0x7A, 0x95, 0x8B, 0x84, 0x92, 0x85, 0x95, 0x89 ; file 12FD59
db 0x7F, 0x64, 0x76, 0x74, 0x64, 0x63, 0x79, 0x99, 0x99, 0x99, 0x90, 0x7C, 0x8B, 0x81, 0x82, 0x62 ; file 12FD69
db 0x64, 0x7E, 0x68, 0x7A, 0x7F, 0x95, 0x8C, 0x98, 0x8B, 0x81, 0x7A, 0x84, 0x83, 0x71, 0x76, 0x7C ; file 12FD79
db 0x62, 0x70, 0x79, 0x95, 0x89, 0x89, 0x94, 0x84, 0x90, 0x89, 0x82, 0x67, 0x71, 0x75, 0x68, 0x5F ; file 12FD89
db 0x7B, 0x95, 0x93, 0x9D, 0x8E, 0x80, 0x86, 0x88, 0x7F, 0x68, 0x61, 0x80, 0x68, 0x75, 0x7C, 0x97 ; file 12FD99
db 0x88, 0x9D, 0x89, 0x84, 0x78, 0x8B, 0x81, 0x72, 0x70, 0x7C, 0x67, 0x69, 0x7F, 0x90, 0x89, 0x90 ; file 12FDA9
db 0x91, 0x83, 0x8D, 0x89, 0x86, 0x68, 0x6D, 0x79, 0x69, 0x5D, 0x80, 0x8E, 0x91, 0x9F, 0x8F, 0x82 ; file 12FDB9
db 0x7F, 0x90, 0x7E, 0x6A, 0x62, 0x7C, 0x6C, 0x6F, 0x7B, 0x95, 0x88, 0x9D, 0x8E, 0x80, 0x79, 0x90 ; file 12FDC9
db 0x80, 0x6F, 0x6F, 0x7C, 0x6D, 0x63, 0x83, 0x89, 0x8C, 0x93, 0x90, 0x81, 0x8A, 0x8B, 0x8A, 0x65 ; file 12FDD9
db 0x6C, 0x7A, 0x6A, 0x5E, 0x82, 0x89, 0x92, 0x9E, 0x93, 0x81, 0x7F, 0x94, 0x81, 0x67, 0x66, 0x77 ; file 12FDE9
db 0x6E, 0x6B, 0x7D, 0x92, 0x89, 0x9A, 0x93, 0x7B, 0x7D, 0x90, 0x83, 0x6C, 0x6E, 0x7B, 0x71, 0x60 ; file 12FDF9
db 0x84, 0x89, 0x89, 0x98, 0x90, 0x80, 0x86, 0x90, 0x8B, 0x67, 0x6A, 0x7A, 0x6A, 0x62, 0x7D, 0x8A ; file 12FE09
db 0x8E, 0x9C, 0x96, 0x83, 0x7B, 0x96, 0x83, 0x66, 0x6A, 0x71, 0x72, 0x67, 0x80, 0x8D, 0x8C, 0x97 ; file 12FE19
db 0x97, 0x7A, 0x7E, 0x8C, 0x86, 0x6D, 0x6C, 0x7A, 0x74, 0x60, 0x81, 0x88, 0x87, 0x99, 0x8F, 0x82 ; file 12FE29
db 0x7F, 0x98, 0x87, 0x6E, 0x67, 0x76, 0x6E, 0x66, 0x75, 0x8A, 0x8D, 0x99, 0x9A, 0x85, 0x78, 0x94 ; file 12FE39
db 0x86, 0x6A, 0x69, 0x69, 0x76, 0x65, 0x86, 0x85, 0x8F, 0x93, 0x9A, 0x7E, 0x7E, 0x87, 0x89, 0x70 ; file 12FE49
db 0x6B, 0x75, 0x78, 0x63, 0x7D, 0x86, 0x89, 0x96, 0x90, 0x86, 0x7B, 0x9A, 0x87, 0x76, 0x65, 0x71 ; file 12FE59
db 0x73, 0x68, 0x71, 0x84, 0x8C, 0x99, 0x9F, 0x88, 0x7A, 0x8D, 0x8B, 0x6F, 0x69, 0x62, 0x79, 0x65 ; file 12FE69
db 0x87, 0x7F, 0x92, 0x8E, 0x9E, 0x84, 0x7D, 0x80, 0x8D, 0x72, 0x74, 0x6D, 0x79, 0x68, 0x76, 0x82 ; file 12FE79
db 0x89, 0x8E, 0x92, 0x88, 0x7D, 0x96, 0x8C, 0x7A, 0x6B, 0x68, 0x79, 0x6A, 0x6B, 0x7E, 0x89, 0x9A ; file 12FE89
db 0xA0, 0x89, 0x82, 0x82, 0x93, 0x75, 0x6A, 0x5C, 0x79, 0x6C, 0x84, 0x7D, 0x8C, 0x91, 0x99, 0x8B ; file 12FE99
db 0x7F, 0x7A, 0x8D, 0x75, 0x7C, 0x69, 0x78, 0x72, 0x6D, 0x82, 0x86, 0x8D, 0x8E, 0x8B, 0x83, 0x93 ; file 12FEA9
db 0x8E, 0x7E, 0x72, 0x62, 0x7B, 0x6D, 0x66, 0x79, 0x84, 0xA0, 0x9D, 0x8C, 0x88, 0x7E, 0x92, 0x7D ; file 12FEB9
db 0x6B, 0x57, 0x75, 0x75, 0x7C, 0x7D, 0x88, 0x97, 0x90, 0x93, 0x80, 0x78, 0x85, 0x7E, 0x7F, 0x6B ; file 12FEC9
db 0x75, 0x78, 0x66, 0x81, 0x84, 0x8F, 0x85, 0x8B, 0x8C, 0x90, 0x8B, 0x87, 0x76, 0x5D, 0x7C, 0x6F ; file 12FED9
db 0x5F, 0x73, 0x82, 0xA0, 0x9A, 0x8E, 0x8C, 0x7E, 0x8C, 0x86, 0x6B, 0x57, 0x6F, 0x7E, 0x76, 0x7D ; file 12FEE9
db 0x87, 0x97, 0x8A, 0x97, 0x81, 0x77, 0x7D, 0x85, 0x80, 0x70, 0x73, 0x79, 0x67, 0x7D, 0x82, 0x8A ; file 12FEF9
db 0x82, 0x8A, 0x94, 0x8C, 0x8C, 0x8C, 0x77, 0x5F, 0x7D, 0x6B, 0x60, 0x6D, 0x81, 0x9D, 0x9C, 0x8E ; file 12FF09
db 0x90, 0x7F, 0x88, 0x8A, 0x6C, 0x5A, 0x70, 0x7C, 0x74, 0x7F, 0x86, 0x91, 0x8D, 0x94, 0x86, 0x78 ; file 12FF19
db 0x79, 0x8A, 0x84, 0x72, 0x78, 0x73, 0x69, 0x77, 0x83, 0x82, 0x86, 0x89, 0x96, 0x8A, 0x8E, 0x8C ; file 12FF29
db 0x7B, 0x64, 0x7B, 0x66, 0x63, 0x68, 0x84, 0x98, 0x9B, 0x92, 0x93, 0x7E, 0x86, 0x8C, 0x6C, 0x63 ; file 12FF39
db 0x6F, 0x72, 0x77, 0x7F, 0x85, 0x8E, 0x8E, 0x91, 0x89, 0x78, 0x76, 0x8F, 0x84, 0x76, 0x7E, 0x6D ; file 12FF49
db 0x6A, 0x74, 0x82, 0x7B, 0x8C, 0x86, 0x95, 0x8E, 0x8D, 0x8E, 0x7F, 0x6B, 0x74, 0x66, 0x60, 0x65 ; file 12FF59
db 0x87, 0x92, 0x99, 0x9A, 0x8F, 0x82, 0x82, 0x8B, 0x6D, 0x70, 0x67, 0x72, 0x78, 0x7B, 0x87, 0x8C ; file 12FF69
db 0x8B, 0x90, 0x8B, 0x77, 0x76, 0x92, 0x84, 0x80, 0x7B, 0x6B, 0x6C, 0x6F, 0x7F, 0x7B, 0x89, 0x85 ; file 12FF79
db 0x95, 0x90, 0x8A, 0x96, 0x81, 0x74, 0x69, 0x68, 0x5D, 0x66, 0x87, 0x8D, 0x96, 0x9D, 0x8E, 0x87 ; file 12FF89
db 0x7D, 0x8A, 0x76, 0x75, 0x5E, 0x76, 0x73, 0x79, 0x90, 0x85, 0x87, 0x8E, 0x8A, 0x78, 0x79, 0x8F ; file 12FF99
db 0x89, 0x87, 0x74, 0x71, 0x6A, 0x69, 0x81, 0x7B, 0x83, 0x86, 0x97, 0x8E, 0x8D, 0x9A, 0x83, 0x7A ; file 12FFA9
db 0x61, 0x69, 0x5D, 0x68, 0x83, 0x8B, 0x94, 0x9A, 0x96, 0x86, 0x7B, 0x88, 0x80, 0x74, 0x5C, 0x78 ; file 12FFB9
db 0x6C, 0x7F, 0x92, 0x81, 0x87, 0x87, 0x89, 0x7C, 0x7C, 0x85, 0x95, 0x88, 0x71, 0x7C, 0x64, 0x6A ; file 12FFC9
db 0x7F, 0x7C, 0x80, 0x84, 0x98, 0x8A, 0x95, 0x92, 0x90, 0x7E, 0x5D, 0x6A, 0x5B, 0x6A, 0x7C, 0x8D ; file 12FFD9
db 0x8F, 0x96, 0x9F, 0x82, 0x7F, 0x7F, 0x88, 0x79, 0x5D, 0x74, 0x67, 0x85, 0x89, 0x89, 0x85, 0x7F ; file 12FFE9
db 0x8C, 0x7E, 0x7E, 0x7D, 0x9E, 0x86, 0x76, 0x7D, 0x5E, 0x70, 0x76, 0x7A, 0x82, 0x7E, 0x94, 0x8C ; file 12FFF9
db 0x96, 0x8C, 0x9F, 0x7F, 0x5E, 0x69, 0x58, 0x6E, 0x75, 0x8C, 0x8B, 0x97, 0x9B, 0x89, 0x81, 0x79 ; file 130009
db 0x8C, 0x81, 0x5D, 0x6E, 0x67, 0x86, 0x86, 0x90, 0x80, 0x7E, 0x89, 0x7F, 0x80, 0x7C, 0x9C, 0x8E ; file 130019
db 0x78, 0x73, 0x67, 0x71, 0x6F, 0x78, 0x81, 0x7C, 0x90, 0x91, 0x91, 0x91, 0xA0, 0x87, 0x60, 0x63 ; file 130029
db 0x58, 0x73, 0x71, 0x86, 0x8E, 0x94, 0x95, 0x96, 0x7D, 0x7A, 0x8A, 0x89, 0x61, 0x66, 0x69, 0x82 ; file 130039
db 0x88, 0x8A, 0x84, 0x7A, 0x85, 0x83, 0x7F, 0x7F, 0x97, 0x9A, 0x75, 0x6E, 0x71, 0x6F, 0x6F, 0x73 ; file 130049
db 0x7E, 0x7D, 0x88, 0x94, 0x8F, 0x97, 0x99, 0x96, 0x60, 0x5D, 0x5C, 0x71, 0x71, 0x7F, 0x90, 0x8C ; file 130059
db 0x95, 0x9A, 0x7F, 0x7D, 0x85, 0x8C, 0x69, 0x5E, 0x6D, 0x82, 0x87, 0x80, 0x90, 0x73, 0x80, 0x87 ; file 130069
db 0x7D, 0x82, 0x93, 0x9E, 0x77, 0x6E, 0x72, 0x74, 0x6E, 0x6D, 0x7D, 0x7F, 0x7F, 0x97, 0x92, 0x93 ; file 130079
db 0x98, 0xA2, 0x63, 0x5A, 0x62, 0x6A, 0x77, 0x79, 0x8E, 0x8A, 0x93, 0x96, 0x8C, 0x79, 0x87, 0x8B ; file 130089
db 0x72, 0x56, 0x75, 0x7E, 0x84, 0x7F, 0x93, 0x71, 0x7D, 0x86, 0x7C, 0x85, 0x93, 0x9C, 0x80, 0x6B ; file 130099
db 0x73, 0x7A, 0x6D, 0x6B, 0x78, 0x80, 0x77, 0x98, 0x94, 0x8E, 0x9D, 0xA3, 0x6C, 0x59, 0x63, 0x60 ; file 1300A9
db 0x7D, 0x75, 0x89, 0x8C, 0x8B, 0x94, 0x9A, 0x74, 0x8B, 0x86, 0x79, 0x58, 0x74, 0x79, 0x86, 0x7E ; file 1300B9
db 0x90, 0x77, 0x79, 0x84, 0x7C, 0x87, 0x93, 0x98, 0x89, 0x6A, 0x6E, 0x83, 0x6B, 0x6B, 0x71, 0x7B ; file 1300C9
db 0x78, 0x94, 0x95, 0x8F, 0x9D, 0xA0, 0x7D, 0x5B, 0x5B, 0x61, 0x7E, 0x71, 0x86, 0x8A, 0x86, 0x92 ; file 1300D9
db 0xA2, 0x75, 0x8B, 0x83, 0x7D, 0x62, 0x67, 0x7B, 0x87, 0x7D, 0x8E, 0x7F, 0x75, 0x7E, 0x7F, 0x86 ; file 1300E9
db 0x91, 0x97, 0x91, 0x6C, 0x69, 0x8A, 0x6D, 0x6C, 0x6D, 0x73, 0x81, 0x86, 0x97, 0x93, 0x98, 0xA0 ; file 1300F9
db 0x8E, 0x5C, 0x55, 0x66, 0x76, 0x75, 0x81, 0x84, 0x89, 0x8C, 0xA6, 0x7E, 0x87, 0x81, 0x81, 0x6B ; file 130109
db 0x5D, 0x7E, 0x84, 0x7C, 0x8A, 0x81, 0x77, 0x74, 0x84, 0x84, 0x91, 0x94, 0x95, 0x73, 0x66, 0x8F ; file 130119
db 0x6F, 0x6A, 0x69, 0x6E, 0x85, 0x7B, 0x9A, 0x95, 0x94, 0x9F, 0x98, 0x62, 0x53, 0x6A, 0x6E, 0x7A ; file 130129
db 0x79, 0x7F, 0x8B, 0x87, 0xAA, 0x89, 0x81, 0x7F, 0x84, 0x72, 0x5B, 0x7E, 0x81, 0x7C, 0x86, 0x86 ; file 130139
db 0x78, 0x71, 0x85, 0x83, 0x92, 0x8D, 0x96, 0x7D, 0x67, 0x8C, 0x78, 0x66, 0x67, 0x6E, 0x82, 0x7C ; file 130149
db 0x96, 0x96, 0x94, 0x9C, 0x9F, 0x6E, 0x52, 0x6A, 0x6B, 0x78, 0x72, 0x7F, 0x8A, 0x8A, 0xA1, 0x94 ; file 130159
db 0x7D, 0x7D, 0x88, 0x79, 0x5E, 0x78, 0x7E, 0x7A, 0x84, 0x8D, 0x76, 0x73, 0x7F, 0x86, 0x8E, 0x8A ; file 130169
db 0x94, 0x89, 0x68, 0x86, 0x80, 0x64, 0x63, 0x73, 0x78, 0x83, 0x8A, 0x97, 0x92, 0x9D, 0xA3, 0x7B ; file 130179
db 0x4F, 0x68, 0x6D, 0x73, 0x72, 0x7B, 0x87, 0x8E, 0x97, 0x9C, 0x7D, 0x7B, 0x8B, 0x81, 0x5D, 0x72 ; file 130189
db 0x7C, 0x7A, 0x87, 0x8B, 0x76, 0x77, 0x7B, 0x88, 0x8A, 0x8B, 0x90, 0x96, 0x67, 0x83, 0x86, 0x64 ; file 130199
db 0x63, 0x73, 0x71, 0x86, 0x85, 0x93, 0x92, 0x9F, 0xA0, 0x8B, 0x4F, 0x67, 0x70, 0x6F, 0x74, 0x73 ; file 1301A9
db 0x83, 0x91, 0x97, 0x9F, 0x7C, 0x7C, 0x8C, 0x85, 0x5D, 0x71, 0x7A, 0x7A, 0x8A, 0x81, 0x7B, 0x78 ; file 1301B9
db 0x7D, 0x86, 0x86, 0x8A, 0x8C, 0x9A, 0x6D, 0x85, 0x89, 0x62, 0x66, 0x6F, 0x6F, 0x82, 0x88, 0x8A ; file 1301C9
db 0x95, 0xA0, 0x9A, 0x97, 0x55, 0x67, 0x73, 0x68, 0x72, 0x6F, 0x7E, 0x93, 0x9D, 0x97, 0x80, 0x7C ; file 1301D9
db 0x8B, 0x8B, 0x61, 0x6C, 0x79, 0x78, 0x8D, 0x7B, 0x7F, 0x76, 0x84, 0x7F, 0x84, 0x85, 0x8D, 0x97 ; file 1301E9
db 0x79, 0x83, 0x87, 0x63, 0x6B, 0x69, 0x71, 0x7D, 0x8B, 0x83, 0x95, 0x9E, 0x9C, 0x9C, 0x61, 0x65 ; file 1301F9
db 0x74, 0x65, 0x71, 0x6A, 0x7B, 0x93, 0xA3, 0x8E, 0x84, 0x7C, 0x8C, 0x8D, 0x6A, 0x67, 0x79, 0x75 ; file 130209
db 0x8E, 0x78, 0x83, 0x75, 0x8A, 0x7C, 0x82, 0x80, 0x90, 0x91, 0x87, 0x80, 0x83, 0x6A, 0x6D, 0x66 ; file 130219
db 0x73, 0x78, 0x89, 0x82, 0x91, 0x9C, 0xA0, 0x99, 0x6F, 0x65, 0x72, 0x66, 0x6C, 0x6C, 0x76, 0x94 ; file 130229
db 0xA2, 0x8D, 0x85, 0x7F, 0x8D, 0x89, 0x73, 0x64, 0x73, 0x7A, 0x89, 0x7C, 0x80, 0x79, 0x88, 0x7F ; file 130239
db 0x7D, 0x7C, 0x92, 0x8D, 0x91, 0x82, 0x7E, 0x72, 0x6B, 0x69, 0x6F, 0x77, 0x85, 0x85, 0x8D, 0x9C ; file 130249
db 0x9F, 0x99, 0x7B, 0x68, 0x6B, 0x6D, 0x62, 0x6D, 0x74, 0x91, 0xA0, 0x94, 0x82, 0x83, 0x8D, 0x87 ; file 130259
db 0x78, 0x69, 0x6C, 0x82, 0x81, 0x7F, 0x80, 0x79, 0x84, 0x87, 0x78, 0x7C, 0x8B, 0x8E, 0x94, 0x89 ; file 130269
db 0x78, 0x7A, 0x68, 0x6E, 0x6B, 0x72, 0x82, 0x8A, 0x8A, 0x99, 0x9B, 0x9F, 0x7F, 0x6E, 0x6A, 0x6F ; file 130279
db 0x61, 0x6A, 0x72, 0x8C, 0x9E, 0x98, 0x84, 0x85, 0x8A, 0x89, 0x77, 0x6E, 0x6A, 0x81, 0x7C, 0x7E ; file 130289
db 0x85, 0x74, 0x84, 0x8D, 0x74, 0x7F, 0x7F, 0x91, 0x95, 0x8C, 0x78, 0x7F, 0x69, 0x6C, 0x6F, 0x68 ; file 130299
db 0x82, 0x8B, 0x88, 0x98, 0x98, 0xA0, 0x83, 0x73, 0x6E, 0x67, 0x68, 0x5F, 0x79, 0x85, 0x9B, 0x9B ; file 1302A9
db 0x8E, 0x81, 0x88, 0x8A, 0x75, 0x72, 0x6D, 0x78, 0x83, 0x78, 0x88, 0x74, 0x85, 0x8D, 0x76, 0x80 ; file 1302B9
db 0x79, 0x90, 0x97, 0x87, 0x84, 0x7B, 0x6D, 0x67, 0x75, 0x62, 0x82, 0x87, 0x8B, 0x97, 0x93, 0x9D ; file 1302C9
db 0x8A, 0x75, 0x79, 0x5F, 0x6F, 0x56, 0x80, 0x7E, 0x94, 0x9E, 0x95, 0x81, 0x84, 0x86, 0x7B, 0x73 ; file 1302D9
db 0x6F, 0x73, 0x89, 0x6E, 0x90, 0x75, 0x7E, 0x91, 0x7B, 0x7E, 0x76, 0x8B, 0x95, 0x89, 0x8A, 0x7F ; file 1302E9
db 0x71, 0x60, 0x78, 0x66, 0x77, 0x82, 0x90, 0x9A, 0x8B, 0x9E, 0x8D, 0x77, 0x7F, 0x64, 0x66, 0x5B ; file 1302F9
db 0x7C, 0x7C, 0x8F, 0x9B, 0x9B, 0x8A, 0x7C, 0x83, 0x81, 0x72, 0x6F, 0x7C, 0x7C, 0x74, 0x93, 0x76 ; file 130309
db 0x7A, 0x8F, 0x7F, 0x7F, 0x77, 0x83, 0x92, 0x91, 0x86, 0x8A, 0x6B, 0x65, 0x77, 0x6B, 0x6C, 0x81 ; file 130319
db 0x92, 0x99, 0x8C, 0x9D, 0x89, 0x82, 0x79, 0x6F, 0x5B, 0x66, 0x72, 0x7D, 0x8C, 0x96, 0xA0, 0x8F ; file 130329
db 0x7C, 0x80, 0x7F, 0x75, 0x6D, 0x81, 0x70, 0x82, 0x8D, 0x77, 0x7B, 0x84, 0x87, 0x83, 0x77, 0x7A ; file 130339
db 0x8C, 0x99, 0x82, 0x91, 0x69, 0x70, 0x70, 0x6E, 0x6A, 0x7B, 0x90, 0x98, 0x94, 0x94, 0x89, 0x8B ; file 130349
db 0x6F, 0x7A, 0x5E, 0x65, 0x6C, 0x7C, 0x8B, 0x90, 0xA3, 0x92, 0x86, 0x77, 0x7C, 0x7C, 0x68, 0x7E ; file 130359
db 0x77, 0x82, 0x89, 0x7E, 0x7D, 0x7B, 0x8F, 0x84, 0x79, 0x75, 0x85, 0x9B, 0x83, 0x90, 0x75, 0x6D ; file 130369
db 0x6D, 0x6F, 0x6E, 0x71, 0x91, 0x98, 0x9B, 0x8E, 0x8A, 0x8B, 0x70, 0x79, 0x6A, 0x5C, 0x6F, 0x77 ; file 130379
db 0x8D, 0x8C, 0xA4, 0x93, 0x8A, 0x72, 0x79, 0x7D, 0x68, 0x7B, 0x82, 0x7B, 0x8B, 0x7C, 0x7D, 0x79 ; file 130389
db 0x8E, 0x85, 0x7B, 0x72, 0x81, 0x9A, 0x87, 0x8E, 0x7F, 0x65, 0x73, 0x6C, 0x6F, 0x6E, 0x90, 0x98 ; file 130399
db 0xA0, 0x89, 0x86, 0x8C, 0x77, 0x73, 0x73, 0x56, 0x71, 0x76, 0x8B, 0x89, 0xA8, 0x91, 0x8B, 0x74 ; file 1303A9
db 0x74, 0x7D, 0x6D, 0x73, 0x87, 0x7E, 0x87, 0x7D, 0x7D, 0x7A, 0x8D, 0x86, 0x7C, 0x70, 0x80, 0x96 ; file 1303B9
db 0x8C, 0x8D, 0x7F, 0x6A, 0x73, 0x6B, 0x6E, 0x71, 0x8A, 0x9B, 0xA2, 0x85, 0x86, 0x87, 0x7C, 0x72 ; file 1303C9
db 0x74, 0x5E, 0x6B, 0x78, 0x86, 0x92, 0xA1, 0x91, 0x8D, 0x75, 0x72, 0x78, 0x73, 0x6F, 0x8B, 0x87 ; file 1303D9
db 0x7B, 0x86, 0x75, 0x81, 0x87, 0x87, 0x7D, 0x71, 0x7B, 0x91, 0x93, 0x87, 0x81, 0x74, 0x68, 0x72 ; file 1303E9
db 0x68, 0x79, 0x82, 0x9F, 0x9F, 0x83, 0x89, 0x80, 0x82, 0x72, 0x71, 0x6A, 0x5F, 0x79, 0x85, 0x9C ; file 1303F9
db 0x92, 0x99, 0x8A, 0x76, 0x75, 0x71, 0x75, 0x6F, 0x8B, 0x8C, 0x71, 0x8A, 0x74, 0x8B, 0x7F, 0x88 ; file 130409
db 0x80, 0x6F, 0x77, 0x91, 0x97, 0x7F, 0x88, 0x79, 0x62, 0x77, 0x65, 0x7F, 0x7B, 0x9F, 0x9D, 0x88 ; file 130419
db 0x87, 0x7F, 0x86, 0x70, 0x73, 0x74, 0x56, 0x79, 0x88, 0x9F, 0x88, 0x9E, 0x87, 0x7B, 0x75, 0x6C ; file 130429
db 0x7B, 0x6F, 0x88, 0x8F, 0x71, 0x85, 0x7F, 0x88, 0x78, 0x88, 0x83, 0x6D, 0x77, 0x8A, 0x9A, 0x7E ; file 130439
db 0x8B, 0x7B, 0x66, 0x71, 0x6C, 0x80, 0x73, 0x99, 0x9D, 0x8A, 0x85, 0x81, 0x83, 0x72, 0x76, 0x75 ; file 130449
db 0x59, 0x73, 0x8A, 0x9C, 0x87, 0x99, 0x8C, 0x80, 0x73, 0x68, 0x7F, 0x6C, 0x87, 0x90, 0x73, 0x7E ; file 130459
db 0x8B, 0x80, 0x7B, 0x84, 0x83, 0x72, 0x7A, 0x7D, 0x9B, 0x86, 0x87, 0x82, 0x6B, 0x69, 0x76, 0x7B ; file 130469
db 0x73, 0x94, 0x9C, 0x8A, 0x88, 0x7F, 0x7F, 0x7B, 0x74, 0x76, 0x60, 0x6E, 0x89, 0x96, 0x8D, 0x8F ; file 130479
db 0x93, 0x7F, 0x74, 0x6A, 0x78, 0x75, 0x84, 0x90, 0x74, 0x7D, 0x8D, 0x7E, 0x7F, 0x7D, 0x82, 0x77 ; file 130489
db 0x7C, 0x77, 0x94, 0x8F, 0x81, 0x8C, 0x67, 0x67, 0x7E, 0x74, 0x7A, 0x8A, 0x96, 0x8C, 0x90, 0x77 ; file 130499
db 0x81, 0x7F, 0x73, 0x7C, 0x60, 0x6C, 0x8B, 0x90, 0x8F, 0x89, 0x94, 0x7D, 0x7C, 0x6A, 0x70, 0x7F ; file 1304A9
db 0x83, 0x89, 0x75, 0x81, 0x88, 0x87, 0x78, 0x7A, 0x83, 0x76, 0x82, 0x77, 0x87, 0x93, 0x87, 0x89 ; file 1304B9
db 0x67, 0x6A, 0x7E, 0x76, 0x7B, 0x87, 0x8D, 0x8D, 0x97, 0x73, 0x82, 0x7A, 0x7E, 0x79, 0x5E, 0x71 ; file 1304C9
db 0x8B, 0x8D, 0x8B, 0x8A, 0x8C, 0x81, 0x80, 0x6C, 0x6B, 0x82, 0x8C, 0x81, 0x75, 0x82, 0x88, 0x8E ; file 1304D9
db 0x6C, 0x7F, 0x7F, 0x77, 0x89, 0x78, 0x7D, 0x93, 0x94, 0x7C, 0x6C, 0x68, 0x84, 0x79, 0x74, 0x88 ; file 1304E9
db 0x87, 0x8D, 0x99, 0x77, 0x79, 0x75, 0x8D, 0x71, 0x62, 0x73, 0x8F, 0x8B, 0x85, 0x8D, 0x84, 0x83 ; file 1304F9
db 0x82, 0x72, 0x66, 0x80, 0x98, 0x77, 0x77, 0x7E, 0x92, 0x88, 0x67, 0x83, 0x7D, 0x78, 0x8F, 0x7D ; file 130509
db 0x72, 0x91, 0x9E, 0x75, 0x6D, 0x65, 0x8D, 0x7A, 0x6F, 0x8D, 0x82, 0x8B, 0x97, 0x82, 0x6B, 0x76 ; file 130519
db 0x95, 0x70, 0x64, 0x74, 0x92, 0x87, 0x83, 0x8B, 0x82, 0x80, 0x80, 0x7E, 0x5F, 0x7B, 0xA2, 0x76 ; file 130529
db 0x74, 0x7D, 0x98, 0x7F, 0x6A, 0x7F, 0x7E, 0x7B, 0x91, 0x82, 0x6A, 0x8F, 0xA1, 0x78, 0x66, 0x67 ; file 130539
db 0x92, 0x78, 0x6D, 0x8D, 0x82, 0x8A, 0x96, 0x8C, 0x5E, 0x78, 0x95, 0x76, 0x63, 0x78, 0x90, 0x84 ; file 130549
db 0x84, 0x88, 0x82, 0x7C, 0x82, 0x87, 0x5A, 0x7B, 0xA7, 0x7A, 0x6E, 0x80, 0x97, 0x77, 0x6F, 0x78 ; file 130559
db 0x81, 0x7E, 0x8E, 0x89, 0x65, 0x8C, 0xA2, 0x7C, 0x5D, 0x6E, 0x8D, 0x77, 0x73, 0x8C, 0x83, 0x88 ; file 130569
db 0x93, 0x92, 0x59, 0x75, 0x92, 0x81, 0x5E, 0x7D, 0x8C, 0x82, 0x88, 0x82, 0x81, 0x7B, 0x80, 0x89 ; file 130579
db 0x5D, 0x79, 0xA6, 0x84, 0x67, 0x85, 0x8E, 0x75, 0x72, 0x73, 0x84, 0x7F, 0x8F, 0x8F, 0x68, 0x89 ; file 130589
db 0x9B, 0x82, 0x5C, 0x72, 0x83, 0x7C, 0x77, 0x8B, 0x83, 0x89, 0x94, 0x8E, 0x5D, 0x72, 0x8D, 0x87 ; file 130599
db 0x60, 0x82, 0x87, 0x84, 0x87, 0x80, 0x7F, 0x7E, 0x7E, 0x88, 0x64, 0x77, 0xA4, 0x89, 0x68, 0x8A ; file 1305A9
db 0x7F, 0x7B, 0x70, 0x73, 0x81, 0x84, 0x90, 0x8F, 0x6F, 0x84, 0x99, 0x84, 0x5C, 0x75, 0x7A, 0x7F ; file 1305B9
db 0x77, 0x8D, 0x83, 0x8B, 0x98, 0x82, 0x6B, 0x6B, 0x8A, 0x86, 0x66, 0x85, 0x83, 0x84, 0x86, 0x82 ; file 1305C9
db 0x79, 0x7F, 0x82, 0x81, 0x6E, 0x74, 0xA0, 0x8A, 0x71, 0x8B, 0x70, 0x81, 0x6C, 0x75, 0x7C, 0x89 ; file 1305D9
db 0x95, 0x8B, 0x7A, 0x7E, 0x96, 0x7E, 0x66, 0x74, 0x71, 0x7E, 0x7A, 0x8D, 0x82, 0x92, 0x9A, 0x75 ; file 1305E9
db 0x7C, 0x63, 0x86, 0x82, 0x72, 0x85, 0x80, 0x83, 0x85, 0x85, 0x70, 0x87, 0x85, 0x74, 0x7B, 0x74 ; file 1305F9
db 0x9A, 0x8D, 0x7C, 0x86, 0x6A, 0x80, 0x69, 0x78, 0x75, 0x91, 0x98, 0x85, 0x83, 0x80, 0x8E, 0x7A ; file 130609
db 0x73, 0x6D, 0x6B, 0x7C, 0x7E, 0x8E, 0x82, 0x9B, 0x97, 0x71, 0x80, 0x65, 0x80, 0x7F, 0x7C, 0x83 ; file 130619
db 0x7D, 0x7F, 0x8A, 0x82, 0x6E, 0x90, 0x80, 0x70, 0x7E, 0x7A, 0x93, 0x92, 0x83, 0x7E, 0x6D, 0x73 ; file 130629
db 0x71, 0x74, 0x71, 0x98, 0x99, 0x83, 0x85, 0x87, 0x84, 0x7D, 0x79, 0x69, 0x68, 0x74, 0x83, 0x8A ; file 130639
db 0x89, 0x9C, 0x91, 0x7A, 0x76, 0x74, 0x74, 0x7B, 0x83, 0x83, 0x7B, 0x7E, 0x8D, 0x7B, 0x78, 0x8F ; file 130649
db 0x7D, 0x71, 0x79, 0x83, 0x8D, 0x94, 0x86, 0x7C, 0x72, 0x68, 0x7B, 0x6B, 0x72, 0x98, 0x98, 0x83 ; file 130659
db 0x8C, 0x8D, 0x77, 0x87, 0x75, 0x6A, 0x67, 0x6A, 0x82, 0x8B, 0x8F, 0x9B, 0x91, 0x7D, 0x74, 0x80 ; file 130669
db 0x67, 0x7A, 0x84, 0x84, 0x78, 0x80, 0x87, 0x78, 0x87, 0x81, 0x84, 0x70, 0x77, 0x87, 0x8A, 0x92 ; file 130679
db 0x8D, 0x7B, 0x71, 0x67, 0x78, 0x67, 0x7B, 0x8E, 0x9A, 0x88, 0x91, 0x89, 0x79, 0x88, 0x74, 0x70 ; file 130689
db 0x62, 0x64, 0x80, 0x8B, 0x97, 0x97, 0x91, 0x80, 0x7E, 0x78, 0x67, 0x78, 0x83, 0x84, 0x7D, 0x7C ; file 130699
db 0x81, 0x7D, 0x8E, 0x7A, 0x8A, 0x70, 0x76, 0x86, 0x8A, 0x93, 0x94, 0x75, 0x74, 0x6C, 0x6A, 0x6D ; file 1306A9
db 0x7E, 0x82, 0x9E, 0x92, 0x8E, 0x87, 0x7F, 0x84, 0x79, 0x6E, 0x5F, 0x62, 0x7B, 0x8B, 0x9D, 0x93 ; file 1306B9
db 0x8E, 0x8A, 0x83, 0x6C, 0x71, 0x72, 0x7F, 0x85, 0x7F, 0x7C, 0x7D, 0x83, 0x8D, 0x7E, 0x84, 0x79 ; file 1306C9
db 0x73, 0x80, 0x8C, 0x93, 0x90, 0x77, 0x77, 0x6F, 0x61, 0x77, 0x7A, 0x7F, 0x9A, 0x98, 0x8E, 0x86 ; file 1306D9
db 0x80, 0x7F, 0x80, 0x68, 0x63, 0x62, 0x70, 0x94, 0x9D, 0x8F, 0x8E, 0x95, 0x7E, 0x6E, 0x73, 0x6A ; file 1306E9
db 0x7F, 0x83, 0x7D, 0x83, 0x76, 0x87, 0x8A, 0x86, 0x77, 0x87, 0x6D, 0x80, 0x90, 0x8D, 0x8A, 0x81 ; file 1306F9
db 0x74, 0x72, 0x60, 0x78, 0x75, 0x87, 0x8D, 0xA3, 0x8F, 0x88, 0x80, 0x7D, 0x7F, 0x67, 0x64, 0x62 ; file 130709
db 0x6B, 0x99, 0x96, 0x92, 0x8E, 0x99, 0x7A, 0x78, 0x6C, 0x69, 0x7E, 0x81, 0x7E, 0x89, 0x6E, 0x88 ; file 130719
db 0x8B, 0x88, 0x6F, 0x8E, 0x6A, 0x86, 0x8D, 0x87, 0x89, 0x87, 0x6E, 0x76, 0x5E, 0x73, 0x79, 0x89 ; file 130729
db 0x84, 0xA9, 0x92, 0x87, 0x82, 0x7C, 0x7A, 0x6C, 0x61, 0x65, 0x6C, 0x92, 0x98, 0x96, 0x89, 0x99 ; file 130739
db 0x84, 0x76, 0x6B, 0x6B, 0x78, 0x81, 0x81, 0x8A, 0x6B, 0x8B, 0x8B, 0x89, 0x6F, 0x86, 0x7C, 0x82 ; file 130749
db 0x89, 0x8A, 0x86, 0x83, 0x76, 0x76, 0x5B, 0x72, 0x7D, 0x85, 0x86, 0xA5, 0x9F, 0x81, 0x86, 0x7A ; file 130759
db 0x78, 0x69, 0x64, 0x69, 0x6A, 0x89, 0x9F, 0x95, 0x88, 0x97, 0x91, 0x6C, 0x6F, 0x6C, 0x71, 0x80 ; file 130769
db 0x88, 0x84, 0x6E, 0x83, 0x90, 0x86, 0x70, 0x81, 0x8B, 0x77, 0x8B, 0x8D, 0x83, 0x7C, 0x81, 0x6F ; file 130779
db 0x61, 0x67, 0x85, 0x7F, 0x89, 0xA2, 0xA6, 0x7C, 0x8B, 0x7E, 0x6F, 0x65, 0x6E, 0x64, 0x6E, 0x7F ; file 130789
db 0xA2, 0x94, 0x89, 0x97, 0x95, 0x6F, 0x6D, 0x74, 0x66, 0x7B, 0x91, 0x7F, 0x76, 0x7A, 0x95, 0x81 ; file 130799
db 0x75, 0x84, 0x84, 0x80, 0x88, 0x8D, 0x81, 0x7C, 0x81, 0x74, 0x69, 0x57, 0x8F, 0x77, 0x86, 0xA8 ; file 1307A9
db 0x9B, 0x8D, 0x88, 0x7E, 0x6C, 0x6B, 0x6B, 0x63, 0x77, 0x70, 0xA1, 0x98, 0x89, 0x98, 0x93, 0x7F ; file 1307B9
db 0x63, 0x80, 0x5C, 0x77, 0x8F, 0x7D, 0x84, 0x70, 0x8F, 0x87, 0x78, 0x83, 0x7C, 0x8F, 0x7A, 0x93 ; file 1307C9
db 0x7E, 0x7B, 0x7D, 0x7E, 0x6A, 0x53, 0x8C, 0x77, 0x81, 0xA9, 0x90, 0xA3, 0x7D, 0x80, 0x74, 0x65 ; file 1307D9
db 0x67, 0x6C, 0x73, 0x6B, 0x9C, 0x98, 0x8A, 0x9C, 0x8D, 0x89, 0x62, 0x81, 0x5F, 0x6E, 0x88, 0x85 ; file 1307E9
db 0x88, 0x6D, 0x85, 0x94, 0x70, 0x8A, 0x7C, 0x88, 0x7E, 0x98, 0x78, 0x7D, 0x79, 0x80, 0x72, 0x59 ; file 1307F9
db 0x79, 0x81, 0x7B, 0xA5, 0x97, 0x9E, 0x82, 0x86, 0x79, 0x5B, 0x6C, 0x6E, 0x6B, 0x72, 0x90, 0x95 ; file 130809
db 0x93, 0x96, 0x92, 0x88, 0x73, 0x77, 0x67, 0x64, 0x82, 0x8A, 0x84, 0x74, 0x81, 0x92, 0x73, 0x8B ; file 130819
db 0x82, 0x77, 0x92, 0x8E, 0x7D, 0x7F, 0x71, 0x80, 0x79, 0x5F, 0x6E, 0x7D, 0x7E, 0xA0, 0x9F, 0x8B ; file 130829
db 0x97, 0x84, 0x7A, 0x5E, 0x66, 0x6D, 0x6D, 0x75, 0x84, 0x93, 0x9B, 0x8C, 0x9B, 0x7F, 0x84, 0x73 ; file 130839
db 0x64, 0x65, 0x7D, 0x8A, 0x80, 0x7E, 0x7B, 0x89, 0x84, 0x7F, 0x85, 0x72, 0x97, 0x89, 0x84, 0x7B ; file 130849
db 0x6C, 0x86, 0x78, 0x69, 0x69, 0x6D, 0x8C, 0x98, 0x9E, 0x86, 0xA2, 0x82, 0x7C, 0x68, 0x5A, 0x72 ; file 130859
db 0x69, 0x77, 0x7E, 0x93, 0x9A, 0x8D, 0x9B, 0x7F, 0x8D, 0x76, 0x5E, 0x6D, 0x74, 0x88, 0x80, 0x86 ; file 130869
db 0x73, 0x88, 0x8F, 0x79, 0x84, 0x74, 0x92, 0x90, 0x86, 0x76, 0x6E, 0x89, 0x74, 0x76, 0x61, 0x68 ; file 130879
db 0x91, 0x94, 0x95, 0x93, 0x97, 0x8E, 0x7E, 0x6D, 0x58, 0x72, 0x61, 0x81, 0x75, 0x91, 0x97, 0x94 ; file 130889
db 0x91, 0x8D, 0x83, 0x80, 0x5F, 0x6D, 0x6F, 0x86, 0x7C, 0x8B, 0x70, 0x8A, 0x8F, 0x80, 0x76, 0x7E ; file 130899
db 0x8A, 0x96, 0x88, 0x73, 0x73, 0x85, 0x73, 0x7B, 0x5E, 0x68, 0x8B, 0x97, 0x8A, 0x9C, 0x8D, 0x98 ; file 1308A9
db 0x83, 0x6F, 0x5C, 0x6A, 0x5E, 0x86, 0x6F, 0x8F, 0x94, 0x97, 0x8C, 0x9A, 0x78, 0x8A, 0x63, 0x69 ; file 1308B9
db 0x73, 0x7F, 0x78, 0x8D, 0x70, 0x8A, 0x91, 0x81, 0x71, 0x83, 0x84, 0x9B, 0x8B, 0x71, 0x75, 0x81 ; file 1308C9
db 0x78, 0x7A, 0x61, 0x65, 0x8A, 0x95, 0x87, 0x9B, 0x8C, 0x9A, 0x8E, 0x70, 0x5E, 0x66, 0x5B, 0x82 ; file 1308D9
db 0x76, 0x86, 0x93, 0x96, 0x8D, 0x9D, 0x7B, 0x86, 0x6F, 0x68, 0x72, 0x7A, 0x74, 0x8A, 0x74, 0x8B ; file 1308E9
db 0x91, 0x7D, 0x78, 0x7B, 0x85, 0x9B, 0x8E, 0x70, 0x79, 0x7D, 0x79, 0x79, 0x60, 0x67, 0x89, 0x8B ; file 1308F9
db 0x8D, 0x92, 0x91, 0x95, 0x9D, 0x6F, 0x5F, 0x69, 0x54, 0x7D, 0x7D, 0x7B, 0x93, 0x94, 0x90, 0x98 ; file 130909
db 0x86, 0x7B, 0x7D, 0x69, 0x6B, 0x7C, 0x6E, 0x84, 0x7B, 0x8B, 0x90, 0x79, 0x81, 0x70, 0x8B, 0x97 ; file 130919
db 0x8F, 0x75, 0x7B, 0x7A, 0x79, 0x7C, 0x5D, 0x6B, 0x88, 0x7F, 0x97, 0x86, 0x94, 0x95, 0xA9, 0x72 ; file 130929
db 0x62, 0x66, 0x53, 0x7C, 0x7C, 0x76, 0x92, 0x91, 0x95, 0x93, 0x90, 0x6F, 0x90, 0x6B, 0x63, 0x7E ; file 130939
db 0x69, 0x80, 0x7E, 0x90, 0x8C, 0x7C, 0x7E, 0x6D, 0x90, 0x8C, 0x98, 0x7B, 0x77, 0x7B, 0x7D, 0x7C ; file 130949
db 0x58, 0x77, 0x7A, 0x7E, 0x99, 0x7E, 0x95, 0x96, 0xAD, 0x7D, 0x64, 0x60, 0x5B, 0x79, 0x6F, 0x80 ; file 130959
db 0x86, 0x93, 0x96, 0x93, 0x95, 0x6D, 0x97, 0x6F, 0x61, 0x7B, 0x68, 0x7C, 0x7E, 0x93, 0x86, 0x85 ; file 130969
db 0x74, 0x75, 0x8E, 0x84, 0xA0, 0x7E, 0x74, 0x7E, 0x7C, 0x7F, 0x56, 0x7A, 0x75, 0x82, 0x8E, 0x83 ; file 130979
db 0x90, 0x99, 0xAE, 0x87, 0x67, 0x5D, 0x5E, 0x75, 0x68, 0x85, 0x7D, 0x95, 0x92, 0x96, 0x94, 0x74 ; file 130989
db 0x94, 0x7B, 0x61, 0x73, 0x6A, 0x78, 0x81, 0x8E, 0x86, 0x8B, 0x6D, 0x7D, 0x86, 0x83, 0xA2, 0x86 ; file 130999
db 0x71, 0x7F, 0x7B, 0x81, 0x5E, 0x6F, 0x7A, 0x81, 0x80, 0x8A, 0x87, 0xA0, 0xA9, 0x91, 0x71, 0x56 ; file 1309A9
db 0x62, 0x72, 0x69, 0x7B, 0x83, 0x8C, 0x92, 0x9B, 0x8D, 0x82, 0x89, 0x87, 0x64, 0x69, 0x6B, 0x79 ; file 1309B9
db 0x84, 0x82, 0x8E, 0x8C, 0x66, 0x87, 0x78, 0x8C, 0x96, 0x92, 0x73, 0x7D, 0x77, 0x83, 0x69, 0x5F ; file 1309C9
db 0x85, 0x78, 0x79, 0x90, 0x7F, 0xA5, 0xA0, 0x9C, 0x7D, 0x4F, 0x66, 0x71, 0x6A, 0x71, 0x8A, 0x80 ; file 1309D9
db 0x94, 0x98, 0x86, 0x96, 0x78, 0x97, 0x6B, 0x5C, 0x6D, 0x81, 0x7B, 0x83, 0x90, 0x88, 0x69, 0x8C ; file 1309E9
db 0x6C, 0x97, 0x8A, 0x9D, 0x78, 0x77, 0x75, 0x88, 0x72, 0x55, 0x88, 0x75, 0x72, 0x92, 0x7E, 0xA2 ; file 1309F9
db 0x9F, 0xA3, 0x82, 0x50, 0x6B, 0x69, 0x71, 0x69, 0x84, 0x86, 0x8F, 0x94, 0x88, 0xA2, 0x6B, 0xA5 ; file 130A09
db 0x6B, 0x53, 0x76, 0x7E, 0x75, 0x8A, 0x82, 0x8C, 0x73, 0x83, 0x68, 0xA0, 0x7D, 0xA1, 0x84, 0x6C ; file 130A19
db 0x79, 0x88, 0x7B, 0x53, 0x85, 0x73, 0x6E, 0x90, 0x80, 0x9C, 0xA5, 0x9F, 0x87, 0x5D, 0x65, 0x67 ; file 130A29
db 0x7D, 0x5F, 0x7C, 0x92, 0x7F, 0x93, 0x90, 0xA0, 0x72, 0xA4, 0x6C, 0x58, 0x73, 0x7A, 0x7B, 0x87 ; file 130A39
db 0x77, 0x94, 0x77, 0x77, 0x72, 0x9C, 0x7D, 0x9E, 0x91, 0x65, 0x7A, 0x88, 0x81, 0x57, 0x7D, 0x6F ; file 130A49
db 0x70, 0x85, 0x85, 0x9C, 0xA5, 0x97, 0x96, 0x67, 0x5A, 0x70, 0x7C, 0x59, 0x7C, 0x91, 0x77, 0x91 ; file 130A59
db 0x93, 0x99, 0x86, 0x93, 0x76, 0x61, 0x65, 0x7F, 0x85, 0x79, 0x77, 0x93, 0x7D, 0x6D, 0x81, 0x8A ; file 130A69
db 0x86, 0x9A, 0x95, 0x66, 0x7A, 0x87, 0x83, 0x63, 0x6D, 0x70, 0x74, 0x76, 0x8F, 0x9A, 0x9F, 0x99 ; file 130A79
db 0x9C, 0x6C, 0x58, 0x7A, 0x6B, 0x65, 0x76, 0x87, 0x7D, 0x8B, 0x93, 0x98, 0x94, 0x83, 0x87, 0x60 ; file 130A89
db 0x5F, 0x88, 0x84, 0x72, 0x7E, 0x8A, 0x7E, 0x71, 0x82, 0x7D, 0x98, 0x8C, 0x9C, 0x6D, 0x73, 0x8A ; file 130A99
db 0x84, 0x6C, 0x63, 0x75, 0x6B, 0x76, 0x8F, 0x98, 0x9E, 0x9A, 0x9D, 0x70, 0x62, 0x74, 0x68, 0x70 ; file 130AA9
db 0x6A, 0x86, 0x80, 0x86, 0x8F, 0x9E, 0x96, 0x7F, 0x91, 0x57, 0x6C, 0x81, 0x83, 0x76, 0x7F, 0x7F ; file 130AB9
db 0x81, 0x7B, 0x72, 0x87, 0x95, 0x83, 0xA5, 0x6F, 0x79, 0x86, 0x85, 0x6F, 0x67, 0x6E, 0x64, 0x84 ; file 130AC9
db 0x7B, 0xA2, 0x9D, 0x97, 0x9B, 0x75, 0x6F, 0x67, 0x73, 0x68, 0x69, 0x85, 0x7B, 0x8C, 0x87, 0xA0 ; file 130AD9
db 0x94, 0x8A, 0x86, 0x5D, 0x7D, 0x6C, 0x8E, 0x77, 0x7A, 0x79, 0x82, 0x7E, 0x6D, 0x93, 0x85, 0x8E ; file 130AE9
db 0x9E, 0x71, 0x88, 0x79, 0x85, 0x75, 0x6E, 0x5D, 0x6F, 0x82, 0x6E, 0xAE, 0x97, 0x9A, 0x98, 0x79 ; file 130AF9
db 0x7A, 0x65, 0x75, 0x63, 0x73, 0x73, 0x80, 0x8E, 0x7E, 0x9F, 0x97, 0x8F, 0x7D, 0x6F, 0x7C, 0x60 ; file 130B09
db 0x96, 0x77, 0x79, 0x76, 0x7D, 0x7D, 0x78, 0x84, 0x8B, 0x91, 0x8E, 0x83, 0x8F, 0x6B, 0x8A, 0x7A ; file 130B19
db 0x69, 0x60, 0x71, 0x74, 0x79, 0xA3, 0x9C, 0x9B, 0x91, 0x7E, 0x84, 0x64, 0x6E, 0x72, 0x68, 0x6F ; file 130B29
db 0x84, 0x87, 0x83, 0x98, 0x9D, 0x88, 0x84, 0x73, 0x79, 0x64, 0x8D, 0x80, 0x7A, 0x71, 0x78, 0x80 ; file 130B39
db 0x7C, 0x7A, 0x9B, 0x7F, 0x8F, 0x94, 0x89, 0x6B, 0x8A, 0x7B, 0x65, 0x71, 0x5E, 0x78, 0x81, 0x92 ; file 130B49
db 0xA9, 0x97, 0x89, 0x8F, 0x84, 0x5E, 0x76, 0x79, 0x57, 0x7F, 0x78, 0x84, 0x8A, 0x90, 0x9C, 0x85 ; file 130B59
db 0x8D, 0x76, 0x7D, 0x65, 0x85, 0x8B, 0x72, 0x73, 0x6F, 0x83, 0x74, 0x87, 0x97, 0x74, 0x97, 0x9A ; file 130B69
db 0x82, 0x79, 0x7F, 0x7A, 0x68, 0x79, 0x50, 0x82, 0x73, 0x95, 0xAB, 0x8F, 0x8C, 0x98, 0x7E, 0x64 ; file 130B79
db 0x7C, 0x72, 0x59, 0x85, 0x6D, 0x87, 0x8A, 0x8A, 0x9A, 0x85, 0x8E, 0x81, 0x7A, 0x64, 0x86, 0x8C ; file 130B89
db 0x71, 0x77, 0x69, 0x80, 0x74, 0x92, 0x88, 0x7A, 0x98, 0x9C, 0x84, 0x7F, 0x74, 0x7F, 0x6B, 0x74 ; file 130B99
db 0x57, 0x7A, 0x6E, 0xA0, 0xA2, 0x8A, 0x94, 0x93, 0x7D, 0x6E, 0x7C, 0x6B, 0x68, 0x76, 0x70, 0x87 ; file 130BA9
db 0x84, 0x8A, 0x99, 0x81, 0x92, 0x8A, 0x75, 0x69, 0x8A, 0x82, 0x7B, 0x74, 0x64, 0x7C, 0x78, 0x90 ; file 130BB9
db 0x84, 0x7D, 0x94, 0x9F, 0x8B, 0x7D, 0x71, 0x7F, 0x71, 0x6D, 0x64, 0x66, 0x79, 0x9E, 0x97, 0x90 ; file 130BC9
db 0x97, 0x8C, 0x87, 0x71, 0x78, 0x6C, 0x70, 0x6A, 0x7E, 0x7B, 0x83, 0x89, 0x97, 0x7D, 0x95, 0x90 ; file 130BD9
db 0x70, 0x78, 0x80, 0x7F, 0x87, 0x6A, 0x67, 0x75, 0x79, 0x8E, 0x87, 0x7D, 0x8F, 0xA8, 0x89, 0x81 ; file 130BE9
db 0x6F, 0x7B, 0x78, 0x6A, 0x6C, 0x59, 0x82, 0x94, 0x97, 0x93, 0x8F, 0x93, 0x88, 0x75, 0x76, 0x6E ; file 130BF9
db 0x73, 0x6A, 0x7E, 0x73, 0x84, 0x88, 0x8E, 0x8A, 0x8C, 0x9A, 0x6E, 0x83, 0x78, 0x81, 0x87, 0x6A ; file 130C09
db 0x6A, 0x6F, 0x77, 0x90, 0x80, 0x83, 0x8F, 0xA6, 0x87, 0x88, 0x6C, 0x78, 0x7F, 0x68, 0x6F, 0x57 ; file 130C19
db 0x80, 0x90, 0x93, 0x97, 0x89, 0x9B, 0x83, 0x80, 0x75, 0x6B, 0x74, 0x75, 0x72, 0x72, 0x7E, 0x8C ; file 130C29
db 0x83, 0x99, 0x80, 0xA2, 0x6D, 0x89, 0x75, 0x7D, 0x85, 0x72, 0x69, 0x69, 0x76, 0x92, 0x78, 0x8D ; file 130C39
db 0x8F, 0x9F, 0x8B, 0x8A, 0x72, 0x6C, 0x87, 0x6B, 0x6F, 0x54, 0x7D, 0x8F, 0x8B, 0x9C, 0x88, 0x9B ; file 130C49
db 0x84, 0x86, 0x78, 0x64, 0x79, 0x7E, 0x69, 0x6E, 0x79, 0x90, 0x7A, 0xA0, 0x80, 0xA0, 0x75, 0x8E ; file 130C59
db 0x76, 0x74, 0x86, 0x7B, 0x67, 0x63, 0x7A, 0x89, 0x7C, 0x8F, 0x91, 0x97, 0x93, 0x85, 0x80, 0x60 ; file 130C69
db 0x89, 0x76, 0x6C, 0x52, 0x82, 0x82, 0x8C, 0x99, 0x8D, 0x94, 0x8A, 0x8A, 0x78, 0x65, 0x77, 0x86 ; file 130C79
db 0x67, 0x69, 0x79, 0x8D, 0x79, 0x9D, 0x8B, 0x93, 0x7E, 0x92, 0x73, 0x71, 0x83, 0x80, 0x68, 0x5F ; file 130C89
db 0x7E, 0x81, 0x82, 0x8B, 0x97, 0x8F, 0x93, 0x87, 0x85, 0x5E, 0x84, 0x81, 0x65, 0x55, 0x84, 0x7B ; file 130C99
db 0x8E, 0x96, 0x93, 0x8E, 0x89, 0x90, 0x75, 0x69, 0x74, 0x86, 0x6A, 0x63, 0x7A, 0x8C, 0x7A, 0x9A ; file 130CA9
db 0x93, 0x8A, 0x84, 0x92, 0x73, 0x73, 0x7C, 0x87, 0x6B, 0x5B, 0x81, 0x7C, 0x82, 0x91, 0x92, 0x90 ; file 130CB9
db 0x8D, 0x8F, 0x82, 0x65, 0x7A, 0x86, 0x66, 0x59, 0x7D, 0x7D, 0x86, 0x9A, 0x95, 0x90, 0x83, 0x97 ; file 130CC9
db 0x73, 0x6B, 0x75, 0x80, 0x70, 0x5E, 0x7B, 0x86, 0x7D, 0x98, 0x95, 0x86, 0x87, 0x8E, 0x7B, 0x6E ; file 130CD9
db 0x7B, 0x87, 0x71, 0x55, 0x82, 0x7A, 0x7F, 0x99, 0x8A, 0x92, 0x89, 0x94, 0x7E, 0x6E, 0x73, 0x88 ; file 130CE9
db 0x69, 0x5B, 0x73, 0x80, 0x81, 0x9D, 0x96, 0x8E, 0x83, 0x95, 0x78, 0x6A, 0x78, 0x79, 0x76, 0x5A ; file 130CF9
db 0x83, 0x77, 0x8B, 0x8E, 0x9B, 0x84, 0x8C, 0x83, 0x85, 0x69, 0x7C, 0x89, 0x71, 0x56, 0x82, 0x71 ; file 130D09
db 0x87, 0x93, 0x8E, 0x8C, 0x8C, 0x96, 0x7C, 0x75, 0x6D, 0x8C, 0x69, 0x61, 0x6B, 0x7C, 0x85, 0x98 ; file 130D19
db 0xA1, 0x82, 0x8C, 0x8F, 0x7E, 0x6C, 0x72, 0x7C, 0x72, 0x60, 0x83, 0x6F, 0x95, 0x84, 0xA7, 0x79 ; file 130D29
db 0x94, 0x7E, 0x85, 0x6B, 0x7C, 0x8B, 0x6B, 0x65, 0x71, 0x79, 0x8A, 0x88, 0x9B, 0x7B, 0x94, 0x99 ; file 130D39
db 0x77, 0x7E, 0x68, 0x8F, 0x63, 0x6C, 0x60, 0x7D, 0x84, 0x96, 0xAA, 0x76, 0x98, 0x88, 0x80, 0x75 ; file 130D49
db 0x69, 0x81, 0x68, 0x6D, 0x7B, 0x73, 0x90, 0x84, 0xAC, 0x72, 0x99, 0x7C, 0x7F, 0x75, 0x78, 0x90 ; file 130D59
db 0x65, 0x74, 0x62, 0x81, 0x82, 0x87, 0x9D, 0x75, 0x97, 0x9C, 0x77, 0x82, 0x67, 0x8D, 0x64, 0x73 ; file 130D69
db 0x57, 0x7C, 0x7F, 0x9D, 0xA8, 0x77, 0x99, 0x84, 0x87, 0x77, 0x65, 0x80, 0x62, 0x7B, 0x73, 0x77 ; file 130D79
db 0x86, 0x8E, 0xA0, 0x7E, 0x8F, 0x7D, 0x7F, 0x78, 0x7B, 0x8F, 0x61, 0x7F, 0x5D, 0x83, 0x78, 0x8B ; file 130D89
db 0x93, 0x7D, 0x95, 0x99, 0x83, 0x7E, 0x6D, 0x83, 0x6C, 0x71, 0x59, 0x74, 0x7A, 0xA0, 0xA5, 0x7D ; file 130D99
db 0x96, 0x82, 0x90, 0x71, 0x6D, 0x74, 0x66, 0x81, 0x71, 0x7A, 0x81, 0x8F, 0x98, 0x8C, 0x83, 0x7E ; file 130DA9
db 0x85, 0x72, 0x86, 0x86, 0x65, 0x83, 0x5F, 0x7C, 0x7B, 0x85, 0x8D, 0x84, 0x95, 0x90, 0x97, 0x72 ; file 130DB9
db 0x7C, 0x75, 0x76, 0x6C, 0x61, 0x68, 0x80, 0x99, 0xA4, 0x82, 0x96, 0x7D, 0x99, 0x6D, 0x74, 0x66 ; file 130DC9
db 0x6F, 0x80, 0x74, 0x7C, 0x7D, 0x8C, 0x96, 0x91, 0x80, 0x7C, 0x88, 0x71, 0x91, 0x78, 0x73, 0x80 ; file 130DD9
db 0x62, 0x78, 0x7D, 0x7A, 0x8F, 0x84, 0x96, 0x8D, 0x9F, 0x6D, 0x8A, 0x65, 0x80, 0x6A, 0x61, 0x67 ; file 130DE9
db 0x83, 0x93, 0x9E, 0x8D, 0x93, 0x7A, 0x9A, 0x6F, 0x79, 0x5F, 0x74, 0x80, 0x76, 0x7E, 0x7D, 0x8A ; file 130DF9
db 0x8E, 0x91, 0x84, 0x77, 0x85, 0x7F, 0x8C, 0x72, 0x84, 0x76, 0x66, 0x78, 0x78, 0x78, 0x8D, 0x80 ; file 130E09
db 0x9B, 0x8E, 0x95, 0x7F, 0x84, 0x5E, 0x86, 0x6A, 0x5D, 0x6B, 0x84, 0x8A, 0x9C, 0x95, 0x8C, 0x86 ; file 130E19
db 0x86, 0x80, 0x6F, 0x64, 0x72, 0x84, 0x74, 0x7F, 0x81, 0x88, 0x82, 0x94, 0x83, 0x7C, 0x7A, 0x92 ; file 130E29
db 0x7C, 0x79, 0x89, 0x70, 0x71, 0x70, 0x7B, 0x79, 0x83, 0x80, 0x9E, 0x91, 0x88, 0x98, 0x73, 0x66 ; file 130E39
db 0x83, 0x6A, 0x60, 0x6C, 0x83, 0x8A, 0x95, 0x95, 0x8B, 0x93, 0x71, 0x93, 0x64, 0x69, 0x70, 0x86 ; file 130E49
db 0x73, 0x7D, 0x8F, 0x7F, 0x84, 0x89, 0x86, 0x82, 0x73, 0x95, 0x76, 0x82, 0x84, 0x79, 0x70, 0x65 ; file 130E59
db 0x86, 0x76, 0x80, 0x7B, 0xA0, 0x93, 0x87, 0xA0, 0x68, 0x74, 0x76, 0x72, 0x63, 0x67, 0x84, 0x8E ; file 130E69
db 0x90, 0x8F, 0x98, 0x8F, 0x70, 0x91, 0x62, 0x6E, 0x6F, 0x8A, 0x6E, 0x83, 0x8E, 0x83, 0x85, 0x77 ; file 130E79
db 0x8F, 0x83, 0x76, 0x89, 0x7F, 0x7B, 0x88, 0x89, 0x62, 0x6C, 0x82, 0x7C, 0x7C, 0x76, 0x9F, 0x90 ; file 130E89
db 0x97, 0x8A, 0x7A, 0x6F, 0x71, 0x7E, 0x5B, 0x6D, 0x7E, 0x9B, 0x82, 0x90, 0x9E, 0x83, 0x87, 0x73 ; file 130E99
db 0x73, 0x67, 0x76, 0x8A, 0x68, 0x8C, 0x83, 0x9B, 0x75, 0x73, 0x91, 0x7F, 0x88, 0x6F, 0x8D, 0x6B ; file 130EA9
db 0x98, 0x89, 0x5F, 0x77, 0x71, 0x8E, 0x75, 0x70, 0x9A, 0x91, 0xA5, 0x73, 0x8E, 0x5B, 0x81, 0x79 ; file 130EB9
db 0x5B, 0x74, 0x74, 0xA4, 0x7C, 0x92, 0x95, 0x8C, 0x92, 0x5D, 0x7C, 0x61, 0x7D, 0x83, 0x6E, 0x88 ; file 130EC9
db 0x85, 0xA7, 0x6B, 0x79, 0x84, 0x83, 0x95, 0x5F, 0x8B, 0x6B, 0xA0, 0x80, 0x71, 0x6C, 0x72, 0x92 ; file 130ED9
db 0x75, 0x6E, 0x91, 0x96, 0xA6, 0x74, 0x87, 0x61, 0x85, 0x70, 0x61, 0x73, 0x73, 0xA3, 0x84, 0x89 ; file 130EE9
db 0x90, 0x9D, 0x89, 0x62, 0x6C, 0x69, 0x7E, 0x81, 0x72, 0x82, 0x8C, 0xA0, 0x7F, 0x69, 0x80, 0x89 ; file 130EF9
db 0x94, 0x62, 0x79, 0x7A, 0x93, 0x89, 0x79, 0x63, 0x78, 0x8C, 0x80, 0x67, 0x8B, 0x99, 0xA5, 0x7C ; file 130F09
db 0x72, 0x7B, 0x74, 0x7C, 0x63, 0x6D, 0x76, 0xA0, 0x8F, 0x7A, 0x96, 0x9C, 0x8D, 0x67, 0x5B, 0x75 ; file 130F19
db 0x78, 0x83, 0x76, 0x7F, 0x89, 0xA1, 0x91, 0x56, 0x89, 0x81, 0x97, 0x69, 0x69, 0x85, 0x89, 0x95 ; file 130F29
db 0x74, 0x6F, 0x6F, 0x91, 0x83, 0x64, 0x86, 0x99, 0xA5, 0x7C, 0x6B, 0x87, 0x66, 0x8A, 0x5C, 0x6E ; file 130F39
db 0x78, 0x9E, 0x94, 0x75, 0x99, 0x91, 0xA1, 0x5B, 0x5F, 0x6E, 0x79, 0x81, 0x7E, 0x79, 0x86, 0xA8 ; file 130F49
db 0x95, 0x58, 0x8D, 0x77, 0x97, 0x6D, 0x65, 0x82, 0x88, 0x93, 0x78, 0x7C, 0x61, 0x9F, 0x78, 0x6C ; file 130F59
db 0x7F, 0x9B, 0x9E, 0x7F, 0x70, 0x81, 0x6B, 0x85, 0x61, 0x6C, 0x7A, 0x9D, 0x93, 0x7D, 0x8F, 0x93 ; file 130F69
db 0xA5, 0x54, 0x6B, 0x5F, 0x7C, 0x7E, 0x84, 0x74, 0x88, 0xA8, 0x93, 0x69, 0x7D, 0x7C, 0x8A, 0x76 ; file 130F79
db 0x63, 0x7D, 0x87, 0x8D, 0x7F, 0x84, 0x5B, 0xA5, 0x6E, 0x79, 0x79, 0x9B, 0x93, 0x85, 0x6F, 0x7F ; file 130F89
db 0x76, 0x7B, 0x6A, 0x66, 0x7E, 0x99, 0x93, 0x84, 0x87, 0x9B, 0xA0, 0x5A, 0x70, 0x56, 0x7A, 0x7F ; file 130F99
db 0x7F, 0x7C, 0x88, 0xA4, 0x97, 0x79, 0x70, 0x85, 0x7A, 0x7A, 0x68, 0x79, 0x84, 0x8B, 0x82, 0x8D ; file 130FA9
db 0x5E, 0xA0, 0x6C, 0x7C, 0x7C, 0x94, 0x90, 0x83, 0x74, 0x7F, 0x7C, 0x71, 0x6E, 0x67, 0x7B, 0x9A ; file 130FB9
db 0x8F, 0x88, 0x85, 0x9B, 0x9D, 0x5F, 0x72, 0x53, 0x76, 0x7F, 0x7A, 0x84, 0x84, 0x9E, 0x9E, 0x84 ; file 130FC9
db 0x6C, 0x88, 0x72, 0x72, 0x79, 0x6B, 0x86, 0x83, 0x83, 0x95, 0x67, 0x95, 0x75, 0x7A, 0x80, 0x8E ; file 130FD9
db 0x90, 0x79, 0x81, 0x7B, 0x82, 0x67, 0x70, 0x6C, 0x75, 0x9D, 0x89, 0x8F, 0x86, 0x99, 0x9D, 0x60 ; file 130FE9
db 0x76, 0x53, 0x72, 0x77, 0x79, 0x88, 0x82, 0x9D, 0x9F, 0x8D, 0x70, 0x84, 0x72, 0x68, 0x86, 0x61 ; file 130FF9
db 0x87, 0x7B, 0x85, 0x99, 0x74, 0x87, 0x7E, 0x77, 0x84, 0x8C, 0x89, 0x75, 0x86, 0x7B, 0x88, 0x61 ; file 131009
db 0x6F, 0x6F, 0x79, 0x98, 0x8A, 0x8D, 0x8E, 0x94, 0x9A, 0x6B, 0x6B, 0x5E, 0x6C, 0x71, 0x7A, 0x83 ; file 131019
db 0x8A, 0x97, 0xA3, 0x90, 0x7C, 0x79, 0x75, 0x68, 0x7C, 0x6D, 0x7C, 0x7B, 0x83, 0x96, 0x89, 0x76 ; file 131029
db 0x88, 0x73, 0x89, 0x87, 0x84, 0x7A, 0x7C, 0x8B, 0x80, 0x68, 0x66, 0x72, 0x81, 0x8B, 0x92, 0x84 ; file 131039
db 0x98, 0x8C, 0x9C, 0x7B, 0x58, 0x71, 0x65, 0x6B, 0x78, 0x7F, 0x91, 0x91, 0xA7, 0x90, 0x88, 0x6F ; file 131049
db 0x7B, 0x71, 0x66, 0x83, 0x69, 0x82, 0x77, 0x9A, 0x92, 0x73, 0x89, 0x7B, 0x86, 0x84, 0x83, 0x80 ; file 131059
db 0x6E, 0x9B, 0x73, 0x75, 0x56, 0x7B, 0x81, 0x88, 0x91, 0x83, 0x9A, 0x88, 0x9D, 0x88, 0x4C, 0x80 ; file 131069
db 0x5D, 0x6E, 0x69, 0x83, 0x89, 0x9A, 0xA2, 0x95, 0x8F, 0x69, 0x7F, 0x79, 0x59, 0x8B, 0x60, 0x87 ; file 131079
db 0x6B, 0xA0, 0x8D, 0x7E, 0x82, 0x84, 0x82, 0x80, 0x82, 0x81, 0x6E, 0x9A, 0x73, 0x80, 0x46, 0x85 ; file 131089
db 0x7A, 0x8D, 0x89, 0x89, 0x94, 0x8C, 0xA0, 0x88, 0x56, 0x75, 0x66, 0x6D, 0x5B, 0x86, 0x81, 0xA2 ; file 131099
db 0xA0, 0x97, 0x94, 0x62, 0x8A, 0x75, 0x61, 0x79, 0x6C, 0x7C, 0x6F, 0x9D, 0x88, 0x8C, 0x7D, 0x89 ; file 1310A9
db 0x84, 0x76, 0x8A, 0x7C, 0x79, 0x8D, 0x7F, 0x7D, 0x46, 0x86, 0x74, 0x92, 0x85, 0x8A, 0x93, 0x8C ; file 1310B9
db 0xA4, 0x83, 0x6A, 0x61, 0x76, 0x6A, 0x57, 0x7F, 0x7E, 0xA3, 0xA4, 0x96, 0x9A, 0x60, 0x92, 0x6E ; file 1310C9
db 0x71, 0x62, 0x7C, 0x70, 0x76, 0x92, 0x88, 0x92, 0x81, 0x86, 0x8C, 0x6A, 0x90, 0x77, 0x85, 0x7F ; file 1310D9
db 0x89, 0x78, 0x4E, 0x7D, 0x74, 0x90, 0x86, 0x89, 0x93, 0x8B, 0xA6, 0x82, 0x79, 0x57, 0x7A, 0x69 ; file 1310E9
db 0x56, 0x76, 0x7D, 0xA0, 0xAA, 0x93, 0x9D, 0x64, 0x93, 0x6F, 0x78, 0x57, 0x7B, 0x70, 0x79, 0x8B ; file 1310F9
db 0x86, 0x95, 0x88, 0x84, 0x8D, 0x68, 0x8C, 0x7C, 0x86, 0x81, 0x81, 0x80, 0x54, 0x73, 0x73, 0x90 ; file 131109
db 0x84, 0x8D, 0x8F, 0x8E, 0xA1, 0x89, 0x7C, 0x62, 0x6A, 0x73, 0x54, 0x6D, 0x79, 0xA0, 0xA8, 0x99 ; file 131119
db 0x99, 0x6C, 0x8B, 0x7A, 0x72, 0x62, 0x69, 0x7C, 0x77, 0x86, 0x82, 0x99, 0x88, 0x8B, 0x86, 0x6E ; file 131129
db 0x83, 0x81, 0x84, 0x89, 0x73, 0x8C, 0x56, 0x70, 0x72, 0x8B, 0x85, 0x8C, 0x8B, 0x95, 0x98, 0x90 ; file 131139
db 0x7E, 0x6B, 0x60, 0x79, 0x55, 0x68, 0x76, 0xA0, 0xA5, 0xA0, 0x93, 0x7B, 0x81, 0x84, 0x6A, 0x6C ; file 131149
db 0x58, 0x83, 0x77, 0x80, 0x84, 0x9C, 0x87, 0x93, 0x7B, 0x78, 0x7A, 0x85, 0x84, 0x8A, 0x6E, 0x8A ; file 131159
db 0x62, 0x68, 0x78, 0x83, 0x8B, 0x87, 0x89, 0x99, 0x91, 0x96, 0x85, 0x67, 0x66, 0x6F, 0x5E, 0x63 ; file 131169
db 0x74, 0x9B, 0xA5, 0xA1, 0x91, 0x87, 0x78, 0x8D, 0x69, 0x6C, 0x56, 0x7C, 0x81, 0x74, 0x8C, 0x98 ; file 131179
db 0x8A, 0x97, 0x79, 0x79, 0x7C, 0x7E, 0x8B, 0x82, 0x71, 0x84, 0x74, 0x5B, 0x84, 0x77, 0x91, 0x83 ; file 131189
db 0x8B, 0x95, 0x92, 0x95, 0x8E, 0x63, 0x6C, 0x66, 0x67, 0x5D, 0x72, 0x98, 0xA6, 0x9C, 0x99, 0x86 ; file 131199
db 0x7C, 0x8B, 0x6D, 0x67, 0x59, 0x72, 0x86, 0x72, 0x8A, 0x9C, 0x87, 0x98, 0x7C, 0x76, 0x7E, 0x77 ; file 1311A9
db 0x92, 0x7C, 0x73, 0x84, 0x78, 0x5F, 0x7E, 0x79, 0x8B, 0x87, 0x86, 0x92, 0x96, 0x90, 0x9A, 0x61 ; file 1311B9
db 0x6B, 0x67, 0x69, 0x5D, 0x6B, 0x98, 0x9F, 0xA2, 0x9D, 0x83, 0x82, 0x85, 0x75, 0x66, 0x5A, 0x6C ; file 1311C9
db 0x85, 0x7A, 0x80, 0xA4, 0x84, 0x98, 0x82, 0x75, 0x78, 0x7C, 0x8D, 0x7D, 0x74, 0x83, 0x77, 0x6A ; file 1311D9
db 0x6E, 0x83, 0x83, 0x8A, 0x85, 0x91, 0x93, 0x92, 0x9D, 0x66, 0x67, 0x65, 0x6E, 0x5C, 0x6A, 0x8F ; file 1311E9
db 0x9F, 0xA3, 0x9F, 0x86, 0x82, 0x81, 0x7E, 0x66, 0x58, 0x64, 0x89, 0x79, 0x80, 0x9F, 0x89, 0x95 ; file 1311F9
db 0x84, 0x7D, 0x70, 0x7F, 0x87, 0x81, 0x77, 0x78, 0x87, 0x67, 0x6D, 0x81, 0x87, 0x83, 0x89, 0x8F ; file 131209
db 0x90, 0x95, 0x9D, 0x6E, 0x6A, 0x57, 0x80, 0x53, 0x6C, 0x81, 0xA4, 0x9F, 0xA3, 0x8F, 0x7F, 0x7F ; file 131219
db 0x84, 0x69, 0x5B, 0x58, 0x8E, 0x74, 0x86, 0x93, 0x94, 0x90, 0x86, 0x86, 0x6C, 0x7A, 0x8A, 0x83 ; file 131229
db 0x7F, 0x6B, 0x93, 0x61, 0x72, 0x75, 0x8C, 0x7D, 0x8B, 0x8F, 0x94, 0x91, 0x9E, 0x78, 0x6E, 0x4E ; file 131239
db 0x87, 0x52, 0x69, 0x7B, 0xA0, 0xA3, 0x9E, 0x97, 0x7E, 0x7D, 0x84, 0x72, 0x5C, 0x53, 0x8E, 0x7A ; file 131249
db 0x80, 0x8F, 0x8F, 0x93, 0x81, 0x8D, 0x6F, 0x73, 0x8A, 0x89, 0x83, 0x64, 0x95, 0x65, 0x6D, 0x72 ; file 131259
db 0x87, 0x81, 0x84, 0x96, 0x93, 0x8E, 0x9B, 0x81, 0x6C, 0x50, 0x81, 0x5C, 0x5F, 0x7C, 0x97, 0xAD ; file 131269
db 0x8F, 0xA6, 0x7A, 0x80, 0x7C, 0x81, 0x56, 0x56, 0x88, 0x82, 0x79, 0x90, 0x88, 0x9C, 0x7A, 0x93 ; file 131279
db 0x71, 0x72, 0x80, 0x9A, 0x7D, 0x66, 0x93, 0x68, 0x6A, 0x71, 0x81, 0x88, 0x7B, 0x9A, 0x97, 0x8E ; file 131289
db 0x93, 0x8E, 0x69, 0x56, 0x7B, 0x61, 0x5C, 0x73, 0x9A, 0xAB, 0x8E, 0xA7, 0x7C, 0x81, 0x77, 0x8A ; file 131299
db 0x56, 0x58, 0x81, 0x86, 0x7B, 0x83, 0x8E, 0x93, 0x81, 0x8E, 0x78, 0x6F, 0x7B, 0xA2, 0x7D, 0x6B ; file 1312A9
db 0x8F, 0x67, 0x70, 0x66, 0x84, 0x80, 0x82, 0x91, 0xA3, 0x89, 0x8E, 0x99, 0x66, 0x5F, 0x75, 0x5D ; file 1312B9
db 0x64, 0x65, 0xA0, 0xA0, 0x98, 0x9B, 0x8B, 0x7A, 0x7A, 0x88, 0x5F, 0x5A, 0x7B, 0x85, 0x80, 0x74 ; file 1312C9
db 0x9C, 0x81, 0x91, 0x80, 0x85, 0x6B, 0x7C, 0x9F, 0x85, 0x70, 0x85, 0x6D, 0x70, 0x63, 0x86, 0x7B ; file 1312D9
db 0x86, 0x87, 0xAC, 0x85, 0x8E, 0x9C, 0x6A, 0x6A, 0x69, 0x60, 0x66, 0x5F, 0x9E, 0x9B, 0xA0, 0x8F ; file 1312E9
db 0x9D, 0x6F, 0x84, 0x80, 0x6A, 0x5D, 0x70, 0x86, 0x7E, 0x74, 0x9A, 0x80, 0x96, 0x7A, 0x89, 0x6F ; file 1312F9
db 0x78, 0x9B, 0x89, 0x7E, 0x72, 0x81, 0x5D, 0x72, 0x78, 0x81, 0x84, 0x86, 0xA8, 0x8B, 0x8B, 0x99 ; file 131309
db 0x75, 0x73, 0x5B, 0x6C, 0x5C, 0x66, 0x94, 0x98, 0xA0, 0x8D, 0xA0, 0x71, 0x86, 0x7C, 0x71, 0x69 ; file 131319
db 0x60, 0x8C, 0x73, 0x7D, 0x8E, 0x8B, 0x8A, 0x84, 0x84, 0x76, 0x73, 0x9A, 0x87, 0x8C, 0x63, 0x8B ; file 131329
db 0x55, 0x7B, 0x6F, 0x86, 0x7C, 0x8D, 0x9A, 0x96, 0x87, 0x98, 0x80, 0x77, 0x56, 0x71, 0x53, 0x6E ; file 131339
db 0x8B, 0x95, 0x99, 0x97, 0x95, 0x7F, 0x7E, 0x7E, 0x78, 0x6E, 0x5D, 0x87, 0x6E, 0x82, 0x8A, 0x8D ; file 131349
db 0x81, 0x8B, 0x7F, 0x7C, 0x75, 0x95, 0x8C, 0x8B, 0x6A, 0x7E, 0x60, 0x6F, 0x79, 0x7E, 0x7B, 0x93 ; file 131359
db 0x91, 0x97, 0x88, 0x96, 0x88, 0x76, 0x5B, 0x6D, 0x54, 0x6F, 0x8A, 0x8C, 0x95, 0x9F, 0x8A, 0x90 ; file 131369
db 0x6E, 0x8A, 0x7A, 0x6F, 0x65, 0x7B, 0x6C, 0x82, 0x8E, 0x85, 0x84, 0x87, 0x85, 0x7A, 0x79, 0x93 ; file 131379
db 0x8D, 0x89, 0x74, 0x71, 0x6B, 0x63, 0x86, 0x75, 0x7B, 0x95, 0x8F, 0x92, 0x8B, 0x99, 0x88, 0x7F ; file 131389
db 0x56, 0x73, 0x4D, 0x74, 0x8C, 0x84, 0x91, 0xA1, 0x8A, 0x92, 0x6A, 0x92, 0x7D, 0x72, 0x6A, 0x76 ; file 131399
db 0x64, 0x86, 0x91, 0x7D, 0x88, 0x7D, 0x93, 0x70, 0x7E, 0x95, 0x8E, 0x8B, 0x75, 0x74, 0x62, 0x66 ; file 1313A9
db 0x89, 0x72, 0x77, 0x94, 0x94, 0x89, 0x8E, 0x9A, 0x89, 0x84, 0x52, 0x7E, 0x43, 0x7C, 0x8C, 0x7F ; file 1313B9
db 0x8C, 0x9B, 0x94, 0x84, 0x70, 0x93, 0x83, 0x75, 0x6B, 0x79, 0x5A, 0x8B, 0x8F, 0x7C, 0x80, 0x7A ; file 1313C9
db 0x9C, 0x6B, 0x80, 0x9A, 0x8D, 0x8E, 0x74, 0x78, 0x55, 0x6D, 0x86, 0x75, 0x72, 0x93, 0x9A, 0x7F ; file 1313D9
db 0x92, 0x99, 0x8E, 0x80, 0x58, 0x7C, 0x45, 0x78, 0x94, 0x75, 0x8D, 0x95, 0x9D, 0x77, 0x78, 0x8F ; file 1313E9
db 0x8E, 0x75, 0x72, 0x75, 0x59, 0x85, 0x93, 0x78, 0x78, 0x7D, 0x9D, 0x6D, 0x7F, 0xA1, 0x8B, 0x90 ; file 1313F9
db 0x76, 0x77, 0x53, 0x69, 0x8B, 0x71, 0x73, 0x8E, 0x9E, 0x7C, 0x93, 0x99, 0x95, 0x74, 0x68, 0x6F ; file 131409
db 0x53, 0x6B, 0xA0, 0x6A, 0x8F, 0x8C, 0xA0, 0x73, 0x79, 0x8F, 0x95, 0x73, 0x7E, 0x6E, 0x61, 0x7B ; file 131419
db 0x9A, 0x70, 0x73, 0x7D, 0x97, 0x79, 0x79, 0xA7, 0x8C, 0x8C, 0x80, 0x6C, 0x5C, 0x5E, 0x93, 0x6C ; file 131429
db 0x78, 0x87, 0x9E, 0x7E, 0x8F, 0x9C, 0x96, 0x6D, 0x7A, 0x5E, 0x68, 0x5B, 0xAF, 0x60, 0x8F, 0x88 ; file 131439
db 0x9B, 0x78, 0x76, 0x91, 0x99, 0x72, 0x8C, 0x64, 0x6D, 0x6F, 0xA1, 0x67, 0x73, 0x7B, 0x8F, 0x85 ; file 131449
db 0x76, 0xAD, 0x8E, 0x88, 0x91, 0x5B, 0x68, 0x54, 0x96, 0x6A, 0x78, 0x89, 0x97, 0x85, 0x8B, 0x9C ; file 131459
db 0x93, 0x72, 0x81, 0x56, 0x71, 0x57, 0xAF, 0x63, 0x89, 0x8E, 0x8A, 0x85, 0x70, 0x93, 0x96, 0x78 ; file 131469
db 0x93, 0x63, 0x6F, 0x6F, 0x9C, 0x64, 0x73, 0x78, 0x88, 0x89, 0x7A, 0xAB, 0x91, 0x88, 0x9A, 0x50 ; file 131479
db 0x6E, 0x54, 0x90, 0x6B, 0x75, 0x8A, 0x93, 0x87, 0x8F, 0x9A, 0x8B, 0x7C, 0x81, 0x58, 0x6C, 0x63 ; file 131489
db 0xA4, 0x6D, 0x7E, 0x91, 0x7C, 0x88, 0x72, 0x93, 0x90, 0x82, 0x97, 0x66, 0x6B, 0x77, 0x92, 0x65 ; file 131499
db 0x75, 0x71, 0x88, 0x81, 0x89, 0xA3, 0x94, 0x8C, 0x9E, 0x50, 0x6B, 0x59, 0x86, 0x70, 0x73, 0x8B ; file 1314A9
db 0x94, 0x81, 0x98, 0x96, 0x81, 0x8B, 0x7A, 0x64, 0x5F, 0x74, 0x92, 0x7B, 0x77, 0x90, 0x79, 0x81 ; file 1314B9
db 0x7D, 0x8A, 0x8C, 0x8B, 0x99, 0x71, 0x63, 0x7F, 0x85, 0x66, 0x77, 0x67, 0x8C, 0x74, 0x99, 0x9C ; file 1314C9
db 0x95, 0x91, 0x9C, 0x5C, 0x5E, 0x68, 0x77, 0x73, 0x72, 0x8A, 0x95, 0x7E, 0x9F, 0x90, 0x7F, 0x8F ; file 1314D9
db 0x77, 0x71, 0x52, 0x82, 0x8A, 0x80, 0x79, 0x88, 0x7C, 0x77, 0x87, 0x84, 0x8B, 0x8D, 0x9A, 0x81 ; file 1314E9
db 0x5A, 0x87, 0x7C, 0x6A, 0x72, 0x68, 0x86, 0x73, 0x9B, 0x9D, 0x95, 0x93, 0x98, 0x72, 0x4D, 0x75 ; file 1314F9
db 0x6C, 0x70, 0x76, 0x87, 0x93, 0x82, 0x9A, 0x92, 0x84, 0x86, 0x7E, 0x76, 0x4B, 0x88, 0x87, 0x7E ; file 131509
db 0x7C, 0x81, 0x81, 0x73, 0x87, 0x83, 0x83, 0x8F, 0x9A, 0x8E, 0x58, 0x88, 0x78, 0x70, 0x68, 0x6F ; file 131519
db 0x76, 0x7A, 0x93, 0xA4, 0x93, 0x96, 0x93, 0x84, 0x46, 0x77, 0x6D, 0x67, 0x79, 0x82, 0x93, 0x88 ; file 131529
db 0x94, 0x90, 0x8E, 0x78, 0x8C, 0x74, 0x4B, 0x84, 0x8E, 0x76, 0x85, 0x74, 0x87, 0x76, 0x7E, 0x87 ; file 131539
db 0x7E, 0x8D, 0x9B, 0x9C, 0x58, 0x83, 0x7C, 0x70, 0x67, 0x6D, 0x73, 0x7A, 0x91, 0xA2, 0x98, 0x94 ; file 131549
db 0x90, 0x93, 0x4A, 0x6B, 0x77, 0x58, 0x81, 0x76, 0x9A, 0x86, 0x97, 0x87, 0x99, 0x6F, 0x8F, 0x7D ; file 131559
db 0x4C, 0x7C, 0x94, 0x72, 0x8E, 0x65, 0x91, 0x75, 0x80, 0x7F, 0x83, 0x80, 0xA2, 0xA0, 0x63, 0x7A ; file 131569
db 0x84, 0x6A, 0x71, 0x5D, 0x7D, 0x6C, 0x9D, 0x90, 0xA8, 0x88, 0x93, 0x98, 0x59, 0x5A, 0x84, 0x4C ; file 131579
db 0x85, 0x70, 0x9E, 0x82, 0x9D, 0x7A, 0xA2, 0x6E, 0x89, 0x87, 0x51, 0x72, 0x9B, 0x6F, 0x91, 0x5E ; file 131589
db 0x95, 0x74, 0x85, 0x73, 0x88, 0x78, 0xA4, 0xA2, 0x74, 0x69, 0x8E, 0x64, 0x7C, 0x4E, 0x85, 0x65 ; file 131599
db 0x9F, 0x89, 0xAA, 0x87, 0x95, 0x9A, 0x68, 0x53, 0x81, 0x52, 0x7C, 0x70, 0x98, 0x8B, 0x99, 0x7D ; file 1315A9
db 0x9B, 0x76, 0x82, 0x8D, 0x5C, 0x67, 0x9D, 0x72, 0x8B, 0x64, 0x8D, 0x7A, 0x87, 0x6C, 0x89, 0x76 ; file 1315B9
db 0xA4, 0xA1, 0x84, 0x60, 0x91, 0x68, 0x76, 0x52, 0x7D, 0x6C, 0x99, 0x8E, 0xA0, 0x8B, 0x95, 0x98 ; file 1315C9
db 0x76, 0x54, 0x74, 0x63, 0x6A, 0x7C, 0x8B, 0x94, 0x90, 0x88, 0x8E, 0x7E, 0x80, 0x88, 0x6B, 0x65 ; file 1315D9
db 0x92, 0x83, 0x78, 0x75, 0x7D, 0x85, 0x81, 0x6F, 0x83, 0x78, 0xA2, 0x9F, 0x91, 0x61, 0x86, 0x78 ; file 1315E9
db 0x63, 0x62, 0x69, 0x7A, 0x8F, 0x95, 0x98, 0x8D, 0x96, 0x96, 0x7E, 0x59, 0x64, 0x76, 0x58, 0x88 ; file 1315F9
db 0x80, 0x9A, 0x89, 0x94, 0x82, 0x81, 0x7E, 0x85, 0x75, 0x6B, 0x81, 0x94, 0x69, 0x7D, 0x7A, 0x82 ; file 131609
db 0x81, 0x76, 0x7A, 0x7D, 0x9D, 0x9F, 0x95, 0x6B, 0x7B, 0x83, 0x5C, 0x65, 0x66, 0x78, 0x8E, 0x98 ; file 131619
db 0x94, 0x8F, 0x92, 0x9A, 0x7F, 0x64, 0x5A, 0x79, 0x5A, 0x7F, 0x88, 0x90, 0x8F, 0x94, 0x81, 0x81 ; file 131629
db 0x7D, 0x83, 0x7D, 0x6E, 0x7F, 0x91, 0x72, 0x71, 0x87, 0x73, 0x87, 0x76, 0x79, 0x7E, 0x97, 0xA1 ; file 131639
db 0x97, 0x72, 0x79, 0x7D, 0x67, 0x57, 0x73, 0x6D, 0x8D, 0x9D, 0x90, 0x95, 0x8C, 0x9C, 0x83, 0x68 ; file 131649
db 0x5E, 0x70, 0x68, 0x6C, 0x98, 0x81, 0x95, 0x94, 0x83, 0x84, 0x78, 0x80, 0x84, 0x6B, 0x88, 0x7E ; file 131659
db 0x88, 0x5F, 0x92, 0x6E, 0x83, 0x7B, 0x79, 0x7F, 0x8E, 0xA1, 0x99, 0x7A, 0x7F, 0x6E, 0x7A, 0x4C ; file 131669
db 0x77, 0x6E, 0x80, 0xA5, 0x8B, 0x9C, 0x87, 0x95, 0x8F, 0x67, 0x67, 0x64, 0x6F, 0x64, 0x96, 0x83 ; file 131679
db 0x8C, 0x9F, 0x7B, 0x90, 0x6F, 0x7C, 0x8D, 0x63, 0x92, 0x74, 0x8B, 0x68, 0x83, 0x7E, 0x71, 0x89 ; file 131689
db 0x76, 0x81, 0x85, 0x9B, 0x9E, 0x7E, 0x86, 0x68, 0x7E, 0x53, 0x6C, 0x7B, 0x64, 0xB2, 0x89, 0x9D ; file 131699
db 0x8B, 0x88, 0x99, 0x6B, 0x68, 0x6C, 0x5F, 0x72, 0x83, 0x91, 0x79, 0xAB, 0x77, 0x9B, 0x68, 0x7A ; file 1316A9
db 0x8E, 0x62, 0x90, 0x80, 0x76, 0x84, 0x6C, 0x8D, 0x67, 0x87, 0x80, 0x7D, 0x82, 0x95, 0x9E, 0x84 ; file 1316B9
db 0x87, 0x6F, 0x75, 0x61, 0x63, 0x7E, 0x5E, 0xA8, 0x95, 0x96, 0x95, 0x7C, 0x99, 0x7B, 0x5F, 0x7B ; file 1316C9
db 0x51, 0x7B, 0x7D, 0x90, 0x7A, 0xA1, 0x85, 0x98, 0x70, 0x72, 0x8A, 0x6E, 0x84, 0x8C, 0x6B, 0x8C ; file 1316D9
db 0x6C, 0x84, 0x77, 0x75, 0x90, 0x74, 0x87, 0x8B, 0x9A, 0x8E, 0x81, 0x7A, 0x71, 0x66, 0x69, 0x6E ; file 1316E9
db 0x6A, 0x92, 0xA4, 0x90, 0x9C, 0x76, 0x92, 0x89, 0x5C, 0x7D, 0x54, 0x71, 0x8A, 0x7D, 0x8A, 0x8E ; file 1316F9
db 0x96, 0x92, 0x7E, 0x68, 0x80, 0x78, 0x80, 0x8A, 0x79, 0x7C, 0x81, 0x71, 0x86, 0x6B, 0x94, 0x71 ; file 131709
db 0x8C, 0x84, 0x93, 0x96, 0x80, 0x7A, 0x7D, 0x5D, 0x77, 0x5D, 0x75, 0x87, 0xA5, 0x93, 0x9A, 0x7A ; file 131719
db 0x8A, 0x8E, 0x69, 0x6D, 0x66, 0x60, 0x98, 0x6D, 0x96, 0x83, 0x9C, 0x90, 0x86, 0x69, 0x75, 0x7B ; file 131729
db 0x85, 0x7E, 0x8B, 0x6B, 0x8E, 0x6B, 0x87, 0x74, 0x87, 0x7A, 0x88, 0x88, 0x83, 0x9D, 0x81, 0x77 ; file 131739
db 0x8A, 0x5A, 0x7B, 0x57, 0x71, 0x8D, 0x98, 0x9C, 0x95, 0x80, 0x81, 0x90, 0x76, 0x5F, 0x73, 0x5B ; file 131749
db 0x95, 0x6C, 0x92, 0x88, 0x95, 0x99, 0x86, 0x6E, 0x67, 0x7C, 0x8D, 0x71, 0x94, 0x6C, 0x86, 0x76 ; file 131759
db 0x80, 0x80, 0x78, 0x83, 0x84, 0x8C, 0x74, 0xA1, 0x84, 0x75, 0x8E, 0x66, 0x6C, 0x61, 0x67, 0x97 ; file 131769
db 0x8A, 0xA3, 0x92, 0x84, 0x7C, 0x91, 0x7E, 0x59, 0x75, 0x64, 0x85, 0x75, 0x88, 0x93, 0x8A, 0xA2 ; file 131779
db 0x89, 0x6E, 0x62, 0x77, 0x93, 0x6D, 0x92, 0x7A, 0x74, 0x84, 0x7B, 0x89, 0x6E, 0x88, 0x81, 0x8E ; file 131789
db 0x6F, 0x98, 0x8F, 0x6F, 0x93, 0x76, 0x5A, 0x6E, 0x5C, 0x9F, 0x81, 0xA2, 0x94, 0x84, 0x7B, 0x91 ; file 131799
db 0x84, 0x54, 0x78, 0x6C, 0x77, 0x7C, 0x7F, 0x9B, 0x84, 0xA5, 0x92, 0x67, 0x65, 0x6F, 0x97, 0x6B ; file 1317A9
db 0x8D, 0x83, 0x6D, 0x84, 0x84, 0x8A, 0x69, 0x88, 0x84, 0x88, 0x74, 0x89, 0x99, 0x6B, 0x97, 0x82 ; file 1317B9
db 0x4F, 0x6E, 0x63, 0x97, 0x85, 0x99, 0x99, 0x85, 0x7A, 0x90, 0x8A, 0x4E, 0x7D, 0x71, 0x6E, 0x7B ; file 1317C9
db 0x80, 0x99, 0x86, 0xA0, 0x9B, 0x64, 0x68, 0x69, 0x99, 0x6C, 0x89, 0x86, 0x70, 0x7D, 0x91, 0x85 ; file 1317D9
db 0x69, 0x86, 0x87, 0x82, 0x7B, 0x79, 0xA3, 0x6E, 0x94, 0x8C, 0x4F, 0x66, 0x72, 0x8B, 0x87, 0x90 ; file 1317E9
db 0x98, 0x8A, 0x7A, 0x8F, 0x8E, 0x51, 0x7A, 0x79, 0x67, 0x79, 0x82, 0x96, 0x88, 0x9A, 0xA0, 0x68 ; file 1317F9
db 0x64, 0x6D, 0x8F, 0x74, 0x82, 0x89, 0x75, 0x74, 0x9C, 0x86, 0x65, 0x82, 0x8B, 0x7D, 0x7D, 0x74 ; file 131809
db 0x9C, 0x7F, 0x88, 0x97, 0x55, 0x58, 0x83, 0x81, 0x82, 0x8C, 0x94, 0x90, 0x7D, 0x8A, 0x8E, 0x5E ; file 131819
db 0x6E, 0x85, 0x62, 0x72, 0x88, 0x90, 0x8D, 0x93, 0xA3, 0x72, 0x5E, 0x74, 0x83, 0x7F, 0x79, 0x8B ; file 131829
db 0x77, 0x75, 0x9C, 0x8C, 0x62, 0x7A, 0x92, 0x79, 0x7E, 0x75, 0x8A, 0x97, 0x7B, 0x9D, 0x5E, 0x4C ; file 131839
db 0x8E, 0x7F, 0x78, 0x8B, 0x91, 0x8F, 0x89, 0x82, 0x8C, 0x71, 0x60, 0x8F, 0x5F, 0x6A, 0x92, 0x87 ; file 131849
db 0x8F, 0x8E, 0xA0, 0x7F, 0x5C, 0x74, 0x7A, 0x85, 0x75, 0x8B, 0x77, 0x77, 0x9B, 0x92, 0x64, 0x6D ; file 131859
db 0x97, 0x74, 0x80, 0x78, 0x79, 0xA7, 0x79, 0x96, 0x71, 0x43, 0x93, 0x83, 0x6C, 0x8B, 0x8F, 0x89 ; file 131869
db 0x98, 0x79, 0x86, 0x84, 0x56, 0x91, 0x62, 0x62, 0x99, 0x84, 0x8B, 0x90, 0x97, 0x88, 0x65, 0x6B ; file 131879
db 0x79, 0x84, 0x7C, 0x83, 0x79, 0x7A, 0x9A, 0x93, 0x6B, 0x63, 0x9A, 0x70, 0x85, 0x75, 0x73, 0xA8 ; file 131889
db 0x87, 0x86, 0x81, 0x45, 0x8C, 0x8B, 0x5F, 0x8B, 0x8C, 0x86, 0xA2, 0x76, 0x7E, 0x93, 0x59, 0x8A ; file 131899
db 0x66, 0x5C, 0x99, 0x89, 0x7E, 0x96, 0x8D, 0x8F, 0x73, 0x60, 0x7A, 0x7E, 0x86, 0x7B, 0x7C, 0x79 ; file 1318A9
db 0x9D, 0x91, 0x73, 0x5C, 0x97, 0x70, 0x89, 0x71, 0x73, 0x9F, 0x96, 0x7C, 0x84, 0x52, 0x7E, 0x96 ; file 1318B9
db 0x57, 0x86, 0x8B, 0x87, 0xA3, 0x79, 0x76, 0x9B, 0x5F, 0x84, 0x66, 0x5E, 0x95, 0x91, 0x77, 0x94 ; file 1318C9
db 0x8C, 0x90, 0x83, 0x55, 0x7B, 0x79, 0x8C, 0x78, 0x7D, 0x76, 0x9D, 0x90, 0x7D, 0x58, 0x91, 0x75 ; file 1318D9
db 0x87, 0x72, 0x74, 0x96, 0x9D, 0x7D, 0x7D, 0x67, 0x72, 0x98, 0x5C, 0x7A, 0x8A, 0x8F, 0x99, 0x81 ; file 1318E9
db 0x71, 0x9B, 0x6C, 0x7D, 0x65, 0x64, 0x8B, 0x92, 0x7B, 0x87, 0x8F, 0x93, 0x8E, 0x54, 0x76, 0x76 ; file 1318F9
db 0x8C, 0x7B, 0x7B, 0x75, 0x9A, 0x8F, 0x87, 0x58, 0x84, 0x83, 0x81, 0x73, 0x74, 0x8F, 0x9D, 0x84 ; file 131909
db 0x77, 0x76, 0x69, 0x91, 0x68, 0x6A, 0x88, 0x9A, 0x8E, 0x86, 0x73, 0x92, 0x7E, 0x72, 0x67, 0x66 ; file 131919
db 0x86, 0x8F, 0x87, 0x76, 0x90, 0x9A, 0x8C, 0x5D, 0x72, 0x71, 0x8D, 0x7F, 0x78, 0x78, 0x93, 0x8F ; file 131929
db 0x8D, 0x5E, 0x74, 0x93, 0x74, 0x78, 0x78, 0x88, 0x9B, 0x89, 0x76, 0x7B, 0x6A, 0x84, 0x77, 0x61 ; file 131939
db 0x83, 0xA5, 0x85, 0x85, 0x7E, 0x85, 0x8E, 0x6B, 0x6C, 0x66, 0x7F, 0x8A, 0x93, 0x6C, 0x8B, 0xA7 ; file 131949
db 0x85, 0x68, 0x6E, 0x6C, 0x8D, 0x82, 0x79, 0x7E, 0x86, 0x90, 0x90, 0x64, 0x69, 0x9E, 0x6E, 0x77 ; file 131959
db 0x80, 0x80, 0x98, 0x8E, 0x77, 0x7D, 0x70, 0x73, 0x85, 0x5C, 0x7F, 0xAB, 0x86, 0x7D, 0x8B, 0x79 ; file 131969
db 0x94, 0x72, 0x67, 0x6B, 0x79, 0x83, 0x9B, 0x69, 0x88, 0xAC, 0x84, 0x6E, 0x6F, 0x69, 0x87, 0x89 ; file 131979
db 0x73, 0x88, 0x7A, 0x8F, 0x93, 0x68, 0x6C, 0x9A, 0x72, 0x74, 0x83, 0x7F, 0x92, 0x93, 0x76, 0x81 ; file 131989
db 0x70, 0x6B, 0x87, 0x5B, 0x7E, 0xA7, 0x8F, 0x73, 0x94, 0x76, 0x8C, 0x82, 0x5B, 0x76, 0x6F, 0x7C ; file 131999
db 0x9F, 0x6B, 0x87, 0xAA, 0x88, 0x6F, 0x75, 0x69, 0x7C, 0x91, 0x6E, 0x91, 0x71, 0x89, 0x94, 0x6B ; file 1319A9
db 0x77, 0x8C, 0x7E, 0x6C, 0x84, 0x85, 0x88, 0x99, 0x73, 0x85, 0x6F, 0x6B, 0x81, 0x62, 0x7E, 0x9F ; file 1319B9
db 0x9A, 0x71, 0x93, 0x7C, 0x81, 0x90, 0x58, 0x77, 0x6C, 0x75, 0x9C, 0x74, 0x85, 0xA5, 0x8D, 0x70 ; file 1319C9
db 0x7C, 0x69, 0x75, 0x93, 0x6D, 0x92, 0x72, 0x80, 0x90, 0x72, 0x7B, 0x8B, 0x7F, 0x6F, 0x7E, 0x8A ; file 1319D9
db 0x84, 0x9B, 0x76, 0x81, 0x72, 0x6B, 0x78, 0x6B, 0x7D, 0x98, 0x9F, 0x78, 0x8B, 0x81, 0x7E, 0x8F ; file 1319E9
db 0x67, 0x6D, 0x70, 0x6C, 0x94, 0x80, 0x87, 0x9C, 0x8F, 0x78, 0x79, 0x6E, 0x71, 0x8E, 0x76, 0x8B ; file 1319F9
db 0x7B, 0x78, 0x86, 0x7D, 0x7F, 0x8A, 0x7E, 0x75, 0x7A, 0x8C, 0x85, 0x96, 0x80, 0x73, 0x7D, 0x66 ; file 131A09
db 0x74, 0x70, 0x7E, 0x92, 0xA0, 0x7F, 0x87, 0x81, 0x7A, 0x8B, 0x78, 0x60, 0x77, 0x66, 0x8A, 0x89 ; file 131A19
db 0x8C, 0x95, 0x8E, 0x81, 0x74, 0x7A, 0x6A, 0x86, 0x84, 0x7F, 0x82, 0x74, 0x7C, 0x81, 0x86, 0x86 ; file 131A29
db 0x81, 0x79, 0x76, 0x90, 0x85, 0x8E, 0x8D, 0x66, 0x83, 0x62, 0x74, 0x72, 0x82, 0x8C, 0x9F, 0x88 ; file 131A39
db 0x84, 0x82, 0x78, 0x88, 0x82, 0x5E, 0x73, 0x66, 0x83, 0x90, 0x8F, 0x8F, 0x88, 0x8E, 0x6E, 0x82 ; file 131A49
db 0x69, 0x7C, 0x91, 0x77, 0x84, 0x76, 0x6F, 0x84, 0x8D, 0x80, 0x86, 0x7B, 0x74, 0x93, 0x85, 0x87 ; file 131A59
db 0x95, 0x5F, 0x83, 0x66, 0x6E, 0x77, 0x81, 0x8F, 0x99, 0x94, 0x7F, 0x81, 0x7A, 0x83, 0x87, 0x65 ; file 131A69
db 0x67, 0x6D, 0x7C, 0x92, 0x92, 0x8E, 0x7F, 0x99, 0x6E, 0x83, 0x6D, 0x72, 0x97, 0x79, 0x7E, 0x7C ; file 131A79
db 0x65, 0x86, 0x91, 0x80, 0x84, 0x80, 0x74, 0x92, 0x86, 0x82, 0x97, 0x60, 0x7E, 0x6D, 0x69, 0x7E ; file 131A89
db 0x7C, 0x95, 0x90, 0x9C, 0x81, 0x7A, 0x7B, 0x7D, 0x89, 0x6E, 0x5A, 0x76, 0x77, 0x92, 0x95, 0x8D ; file 131A99
db 0x78, 0x9E, 0x72, 0x7F, 0x75, 0x64, 0x9E, 0x7C, 0x76, 0x82, 0x5F, 0x86, 0x93, 0x80, 0x86, 0x7D ; file 131AA9
db 0x7F, 0x8D, 0x86, 0x7E, 0x93, 0x65, 0x77, 0x74, 0x65, 0x80, 0x7A, 0x99, 0x8C, 0x9A, 0x8D, 0x70 ; file 131AB9
db 0x82, 0x78, 0x85, 0x7A, 0x52, 0x7B, 0x79, 0x86, 0x9D, 0x89, 0x79, 0x9B, 0x83, 0x75, 0x80, 0x58 ; file 131AC9
db 0xA2, 0x7D, 0x6D, 0x88, 0x5E, 0x81, 0x9A, 0x7D, 0x88, 0x7B, 0x8C, 0x85, 0x85, 0x7D, 0x8E, 0x6E ; file 131AD9
db 0x6F, 0x7B, 0x66, 0x7B, 0x7F, 0x9A, 0x87, 0x93, 0x9E, 0x66, 0x85, 0x78, 0x81, 0x80, 0x52, 0x79 ; file 131AE9
db 0x7F, 0x75, 0xA6, 0x85, 0x7B, 0x91, 0x96, 0x6B, 0x83, 0x5A, 0x9A, 0x7E, 0x6B, 0x89, 0x64, 0x76 ; file 131AF9
db 0xA0, 0x7E, 0x87, 0x77, 0x99, 0x81, 0x7C, 0x85, 0x7F, 0x79, 0x6A, 0x7C, 0x6C, 0x70, 0x85, 0x9A ; file 131B09
db 0x82, 0x8E, 0xA9, 0x69, 0x7F, 0x7D, 0x79, 0x81, 0x59, 0x76, 0x84, 0x67, 0xAA, 0x85, 0x80, 0x89 ; file 131B19
db 0xA2, 0x6F, 0x77, 0x69, 0x8D, 0x7E, 0x70, 0x7F, 0x70, 0x69, 0x9D, 0x8C, 0x7B, 0x80, 0x9C, 0x85 ; file 131B29
db 0x6F, 0x8E, 0x73, 0x7F, 0x67, 0x7F, 0x73, 0x63, 0x8D, 0x9D, 0x78, 0x94, 0xA0, 0x7D, 0x6F, 0x81 ; file 131B39
db 0x7D, 0x73, 0x66, 0x78, 0x82, 0x60, 0xA5, 0x8E, 0x7B, 0x89, 0xA1, 0x81, 0x66, 0x7B, 0x82, 0x73 ; file 131B49
db 0x7C, 0x78, 0x7C, 0x60, 0x91, 0xA2, 0x67, 0x8D, 0x97, 0x8D, 0x69, 0x8D, 0x76, 0x79, 0x69, 0x82 ; file 131B59
db 0x78, 0x58, 0x8E, 0xA5, 0x6C, 0x9E, 0x94, 0x90, 0x69, 0x7B, 0x8B, 0x5F, 0x72, 0x7E, 0x7A, 0x63 ; file 131B69
db 0x94, 0x9F, 0x74, 0x8C, 0x9B, 0x8E, 0x61, 0x7F, 0x85, 0x65, 0x81, 0x7B, 0x81, 0x5E, 0x81, 0xB4 ; file 131B79
db 0x5C, 0x93, 0x98, 0x8A, 0x75, 0x7F, 0x84, 0x6B, 0x6A, 0x88, 0x7C, 0x52, 0x89, 0xA7, 0x6A, 0x9C ; file 131B89
db 0x95, 0x94, 0x72, 0x6E, 0x97, 0x54, 0x73, 0x87, 0x75, 0x67, 0x7F, 0xAF, 0x72, 0x85, 0xA2, 0x8A ; file 131B99
db 0x6C, 0x7A, 0x84, 0x62, 0x79, 0x83, 0x86, 0x5C, 0x74, 0xB8, 0x63, 0x8B, 0xA0, 0x7C, 0x8C, 0x6F ; file 131BA9
db 0x8E, 0x66, 0x66, 0x8C, 0x81, 0x52, 0x7F, 0xA0, 0x78, 0x8D, 0xA2, 0x89, 0x83, 0x6D, 0x90, 0x5B ; file 131BB9
db 0x6A, 0x87, 0x78, 0x6A, 0x73, 0xB2, 0x78, 0x80, 0xA6, 0x83, 0x7D, 0x7C, 0x76, 0x6C, 0x6B, 0x8A ; file 131BC9
db 0x8A, 0x5B, 0x71, 0xAD, 0x75, 0x82, 0xA2, 0x76, 0x93, 0x77, 0x89, 0x65, 0x66, 0x86, 0x8A, 0x56 ; file 131BD9
db 0x75, 0x97, 0x85, 0x83, 0xA9, 0x83, 0x84, 0x7E, 0x7E, 0x67, 0x63, 0x80, 0x81, 0x69, 0x6F, 0xAD ; file 131BE9
db 0x7C, 0x83, 0x9E, 0x86, 0x7F, 0x85, 0x69, 0x71, 0x68, 0x8C, 0x89, 0x5F, 0x71, 0x9A, 0x89, 0x7D ; file 131BF9
db 0x95, 0x82, 0x89, 0x8B, 0x82, 0x61, 0x70, 0x7B, 0x8B, 0x64, 0x67, 0x8D, 0x90, 0x81, 0xA7, 0x89 ; file 131C09
db 0x7B, 0x94, 0x6C, 0x6F, 0x67, 0x70, 0x85, 0x6E, 0x71, 0xA4, 0x80, 0x8D, 0x90, 0x8E, 0x80, 0x87 ; file 131C19
db 0x6A, 0x6A, 0x6E, 0x8D, 0x82, 0x69, 0x75, 0x86, 0x98, 0x7F, 0x82, 0x91, 0x7C, 0x9B, 0x88, 0x53 ; file 131C29
db 0x7F, 0x73, 0x82, 0x79, 0x5B, 0x82, 0x97, 0x84, 0xA2, 0x8E, 0x76, 0xA0, 0x6E, 0x67, 0x70, 0x64 ; file 131C39
db 0x7F, 0x77, 0x75, 0x96, 0x88, 0x8F, 0x87, 0x91, 0x85, 0x81, 0x77, 0x5C, 0x79, 0x8C, 0x76, 0x76 ; file 131C49
db 0x79, 0x73, 0xA4, 0x7E, 0x76, 0x93, 0x7E, 0x9D, 0x96, 0x49, 0x83, 0x76, 0x70, 0x8A, 0x5A, 0x73 ; file 131C59
db 0x9C, 0x88, 0x9D, 0x90, 0x7B, 0x9B, 0x7F, 0x5E, 0x72, 0x66, 0x6E, 0x80, 0x7E, 0x85, 0x92, 0x8F ; file 131C69
db 0x85, 0x8B, 0x90, 0x76, 0x85, 0x52, 0x7E, 0x90, 0x6A, 0x7E, 0x7F, 0x66, 0xAA, 0x7F, 0x70, 0x8E ; file 131C79
db 0x86, 0x9A, 0xA1, 0x4A, 0x7C, 0x80, 0x60, 0x8E, 0x62, 0x63, 0x9F, 0x8F, 0x97, 0x90, 0x85, 0x91 ; file 131C89
db 0x8F, 0x5B, 0x6C, 0x6D, 0x5F, 0x82, 0x8D, 0x76, 0x99, 0x8D, 0x85, 0x87, 0x93, 0x70, 0x91, 0x54 ; file 131C99
db 0x78, 0x96, 0x62, 0x7E, 0x87, 0x60, 0xA3, 0x83, 0x6F, 0x88, 0x8D, 0x97, 0xA7, 0x56, 0x71, 0x87 ; file 131CA9
db 0x59, 0x86, 0x6D, 0x5D, 0x97, 0x95, 0x94, 0x8D, 0x8E, 0x89, 0x98, 0x60, 0x63, 0x73, 0x59, 0x7E ; file 131CB9
db 0x96, 0x71, 0x97, 0x91, 0x81, 0x84, 0x95, 0x71, 0x96, 0x5B, 0x6F, 0x9A, 0x60, 0x7C, 0x88, 0x64 ; file 131CC9
db 0x92, 0x8C, 0x6E, 0x83, 0x92, 0x96, 0xAA, 0x66, 0x65, 0x89, 0x58, 0x7B, 0x73, 0x63, 0x88, 0x9D ; file 131CD9
db 0x93, 0x8A, 0x95, 0x86, 0x9C, 0x68, 0x5C, 0x75, 0x5A, 0x78, 0x95, 0x7B, 0x8E, 0x94, 0x81, 0x80 ; file 131CE9
db 0x90, 0x77, 0x99, 0x68, 0x6A, 0x95, 0x65, 0x7C, 0x80, 0x71, 0x83, 0x8D, 0x73, 0x7D, 0x90, 0x99 ; file 131CF9
db 0xAA, 0x78, 0x60, 0x81, 0x5F, 0x70, 0x73, 0x6E, 0x7B, 0x9D, 0x95, 0x87, 0x99, 0x86, 0x9D, 0x71 ; file 131D09
db 0x59, 0x71, 0x60, 0x73, 0x8D, 0x85, 0x88, 0x94, 0x83, 0x7E, 0x8A, 0x80, 0x95, 0x72, 0x69, 0x8C ; file 131D19
db 0x6F, 0x7E, 0x76, 0x7A, 0x7A, 0x89, 0x7A, 0x79, 0x8B, 0x9D, 0xA9, 0x85, 0x65, 0x73, 0x68, 0x6A ; file 131D29
db 0x6F, 0x74, 0x76, 0x95, 0x99, 0x88, 0x97, 0x8D, 0x9A, 0x79, 0x5A, 0x6B, 0x66, 0x6C, 0x8A, 0x88 ; file 131D39
db 0x89, 0x92, 0x82, 0x7D, 0x7F, 0x8A, 0x95, 0x79, 0x6A, 0x80, 0x7B, 0x7C, 0x76, 0x78, 0x78, 0x7F ; file 131D49
db 0x82, 0x7B, 0x7E, 0xA5, 0xA6, 0x91, 0x6D, 0x64, 0x70, 0x65, 0x6E, 0x77, 0x75, 0x8A, 0x9B, 0x8D ; file 131D59
db 0x8E, 0x98, 0x94, 0x81, 0x5D, 0x62, 0x70, 0x64, 0x89, 0x85, 0x8D, 0x8E, 0x85, 0x80, 0x75, 0x8F ; file 131D69
db 0x96, 0x7F, 0x6A, 0x79, 0x81, 0x7C, 0x7C, 0x72, 0x78, 0x78, 0x83, 0x83, 0x70, 0xA7, 0xA7, 0x97 ; file 131D79
db 0x77, 0x5F, 0x6F, 0x65, 0x6D, 0x76, 0x77, 0x7E, 0x9B, 0x93, 0x88, 0x9D, 0x96, 0x83, 0x65, 0x59 ; file 131D89
db 0x76, 0x63, 0x83, 0x88, 0x8C, 0x8C, 0x87, 0x80, 0x6F, 0x8C, 0x9B, 0x86, 0x6B, 0x73, 0x84, 0x7C ; file 131D99
db 0x80, 0x73, 0x70, 0x7A, 0x7C, 0x89, 0x70, 0x9A, 0xB1, 0x9B, 0x7C, 0x64, 0x6E, 0x61, 0x71, 0x71 ; file 131DA9
db 0x74, 0x7F, 0x92, 0x98, 0x8A, 0x95, 0xA4, 0x7E, 0x6A, 0x59, 0x74, 0x65, 0x7F, 0x88, 0x84, 0x90 ; file 131DB9
db 0x87, 0x81, 0x6E, 0x87, 0xA0, 0x87, 0x72, 0x6D, 0x85, 0x7E, 0x81, 0x79, 0x63, 0x7C, 0x7A, 0x84 ; file 131DC9
db 0x79, 0x8E, 0xB9, 0x98, 0x83, 0x68, 0x6C, 0x60, 0x74, 0x6E, 0x6F, 0x81, 0x8A, 0x98, 0x8D, 0x90 ; file 131DD9
db 0xB0, 0x78, 0x70, 0x5D, 0x6A, 0x6F, 0x7C, 0x85, 0x80, 0x8F, 0x87, 0x84, 0x6C, 0x83, 0xA5, 0x84 ; file 131DE9
db 0x7C, 0x6B, 0x81, 0x80, 0x82, 0x7E, 0x60, 0x76, 0x7C, 0x7A, 0x83, 0x86, 0xBB, 0x97, 0x89, 0x6D ; file 131DF9
db 0x6E, 0x5F, 0x76, 0x6C, 0x68, 0x83, 0x86, 0x94, 0x8E, 0x8F, 0xB5, 0x7C, 0x6D, 0x67, 0x5C, 0x7A ; file 131E09
db 0x7C, 0x80, 0x7E, 0x8A, 0x88, 0x8A, 0x68, 0x82, 0xA6, 0x7F, 0x83, 0x72, 0x76, 0x85, 0x86, 0x7E ; file 131E19
db 0x64, 0x68, 0x83, 0x73, 0x81, 0x8C, 0xB6, 0x98, 0x8C, 0x76, 0x6E, 0x62, 0x75, 0x6D, 0x62, 0x7F ; file 131E29
db 0x86, 0x91, 0x8B, 0x94, 0xB6, 0x85, 0x66, 0x73, 0x52, 0x7D, 0x82, 0x79, 0x7E, 0x82, 0x88, 0x92 ; file 131E39
db 0x65, 0x81, 0xA6, 0x7B, 0x88, 0x78, 0x6D, 0x8B, 0x85, 0x7D, 0x70, 0x58, 0x84, 0x72, 0x7A, 0x94 ; file 131E49
db 0xAD, 0x9B, 0x8C, 0x7D, 0x74, 0x64, 0x6F, 0x70, 0x5D, 0x7D, 0x85, 0x8C, 0x8A, 0x95, 0xB5, 0x92 ; file 131E59
db 0x5E, 0x7C, 0x52, 0x75, 0x89, 0x73, 0x7E, 0x7F, 0x85, 0x9B, 0x64, 0x7C, 0xA8, 0x76, 0x89, 0x83 ; file 131E69
db 0x67, 0x8C, 0x85, 0x80, 0x7C, 0x4E, 0x7E, 0x79, 0x6F, 0x9D, 0xA7, 0x97, 0x8F, 0x82, 0x7E, 0x69 ; file 131E79
db 0x65, 0x74, 0x5C, 0x75, 0x86, 0x89, 0x89, 0x95, 0xB5, 0x9B, 0x5E, 0x7B, 0x5D, 0x6B, 0x8C, 0x74 ; file 131E89
db 0x78, 0x7D, 0x80, 0xA2, 0x6C, 0x72, 0xA9, 0x77, 0x84, 0x8B, 0x68, 0x88, 0x84, 0x82, 0x83, 0x4C ; file 131E99
db 0x71, 0x82, 0x69, 0x9B, 0xA8, 0x91, 0x92, 0x86, 0x85, 0x6F, 0x5C, 0x77, 0x60, 0x6A, 0x85, 0x88 ; file 131EA9
db 0x87, 0x95, 0xB5, 0x9F, 0x64, 0x74, 0x69, 0x64, 0x87, 0x7B, 0x72, 0x7B, 0x7D, 0xA2, 0x79, 0x69 ; file 131EB9
db 0xA5, 0x7F, 0x7D, 0x90, 0x6C, 0x80, 0x85, 0x86, 0x86, 0x51, 0x60, 0x88, 0x6C, 0x90, 0xAB, 0x8C ; file 131EC9
db 0x92, 0x8F, 0x88, 0x78, 0x57, 0x75, 0x67, 0x62, 0x80, 0x86, 0x86, 0x96, 0xB3, 0xA1, 0x6E, 0x6E ; file 131ED9
db 0x71, 0x68, 0x7A, 0x83, 0x6D, 0x79, 0x7F, 0x99, 0x87, 0x68, 0x97, 0x8A, 0x78, 0x91, 0x75, 0x78 ; file 131EE9
db 0x85, 0x8D, 0x83, 0x5D, 0x54, 0x81, 0x79, 0x86, 0xA7, 0x8C, 0x8F, 0x99, 0x89, 0x7D, 0x59, 0x6F ; file 131EF9
db 0x6D, 0x5F, 0x76, 0x83, 0x86, 0x99, 0xAD, 0xA3, 0x7B, 0x6C, 0x75, 0x6C, 0x6E, 0x89, 0x6B, 0x75 ; file 131F09
db 0x82, 0x8F, 0x90, 0x70, 0x88, 0x92, 0x7A, 0x8D, 0x80, 0x6D, 0x86, 0x95, 0x7D, 0x65, 0x53, 0x74 ; file 131F19
db 0x87, 0x80, 0x9E, 0x90, 0x8C, 0xA0, 0x91, 0x78, 0x5F, 0x6D, 0x6F, 0x61, 0x6E, 0x7D, 0x84, 0x9C ; file 131F29
db 0xAA, 0x9E, 0x86, 0x70, 0x79, 0x6D, 0x68, 0x8A, 0x6D, 0x6E, 0x88, 0x88, 0x8F, 0x7D, 0x7A, 0x91 ; file 131F39
db 0x84, 0x85, 0x89, 0x66, 0x84, 0x9D, 0x7A, 0x68, 0x59, 0x67, 0x8A, 0x83, 0x92, 0x8E, 0x8F, 0xA2 ; file 131F49
db 0x9A, 0x70, 0x68, 0x6D, 0x6F, 0x62, 0x68, 0x76, 0x82, 0x9E, 0xAB, 0x96, 0x8D, 0x78, 0x79, 0x6D ; file 131F59
db 0x68, 0x83, 0x72, 0x69, 0x8A, 0x88, 0x89, 0x88, 0x78, 0x8C, 0x89, 0x82, 0x8B, 0x69, 0x7E, 0xA3 ; file 131F69
db 0x7D, 0x64, 0x60, 0x62, 0x87, 0x87, 0x86, 0x8E, 0x8E, 0xA6, 0xA4, 0x6A, 0x6B, 0x73, 0x6E, 0x62 ; file 131F79
db 0x65, 0x6C, 0x83, 0x9E, 0xA8, 0x99, 0x89, 0x83, 0x7F, 0x6A, 0x68, 0x7E, 0x73, 0x68, 0x87, 0x88 ; file 131F89
db 0x80, 0x90, 0x7A, 0x87, 0x87, 0x8A, 0x88, 0x6C, 0x7B, 0xA4, 0x81, 0x63, 0x65, 0x61, 0x7C, 0x8D ; file 131F99
db 0x81, 0x8C, 0x8B, 0xAC, 0xA8, 0x6B, 0x6D, 0x76, 0x6E, 0x65, 0x60, 0x66, 0x80, 0x9C, 0xA7, 0x9D ; file 131FA9
db 0x82, 0x92, 0x82, 0x67, 0x6A, 0x75, 0x75, 0x6F, 0x7E, 0x8B, 0x7D, 0x8F, 0x7F, 0x88, 0x82, 0x8F ; file 131FB9
db 0x85, 0x70, 0x7C, 0x9C, 0x87, 0x6A, 0x61, 0x64, 0x77, 0x8A, 0x7C, 0x8E, 0x8B, 0xAC, 0xAA, 0x70 ; file 131FC9
db 0x6F, 0x74, 0x70, 0x6B, 0x5B, 0x62, 0x7E, 0x99, 0xA5, 0x9E, 0x84, 0x96, 0x87, 0x69, 0x6C, 0x6C ; file 131FD9
db 0x76, 0x79, 0x77, 0x85, 0x7E, 0x8D, 0x83, 0x87, 0x82, 0x8C, 0x86, 0x72, 0x7F, 0x94, 0x88, 0x77 ; file 131FE9
db 0x61, 0x5F, 0x75, 0x86, 0x7A, 0x8B, 0x8D, 0xA9, 0xAC, 0x76, 0x76, 0x6F, 0x71, 0x76, 0x56, 0x5A ; file 131FF9
db 0x7A, 0x97, 0xA3, 0x9C, 0x8D, 0x94, 0x8A, 0x70, 0x6C, 0x64, 0x73, 0x82, 0x79, 0x78, 0x7F, 0x91 ; file 132009
db 0x82, 0x85, 0x89, 0x84, 0x89, 0x76, 0x81, 0x8D, 0x84, 0x85, 0x69, 0x51, 0x77, 0x83, 0x77, 0x88 ; file 132019
db 0x8F, 0xA6, 0xAA, 0x7E, 0x7F, 0x6B, 0x6A, 0x83, 0x58, 0x50, 0x76, 0x96, 0xA1, 0x99, 0x94, 0x98 ; file 132029
db 0x83, 0x7B, 0x6F, 0x5E, 0x6F, 0x85, 0x80, 0x6C, 0x7C, 0x99, 0x7F, 0x82, 0x92, 0x7D, 0x86, 0x7D ; file 132039
db 0x80, 0x8A, 0x7E, 0x8C, 0x78, 0x46, 0x74, 0x88, 0x72, 0x89, 0x91, 0xA4, 0xA3, 0x86, 0x86, 0x6A ; file 132049
db 0x66, 0x88, 0x5C, 0x4A, 0x70, 0x97, 0x9F, 0x96, 0x9B, 0x9B, 0x7C, 0x82, 0x72, 0x5A, 0x6C, 0x83 ; file 132059
db 0x86, 0x68, 0x75, 0xA1, 0x82, 0x7D, 0x98, 0x7B, 0x80, 0x81, 0x7F, 0x89, 0x7C, 0x8C, 0x83, 0x43 ; file 132069
db 0x6D, 0x8C, 0x70, 0x85, 0x93, 0x9F, 0xA3, 0x89, 0x8C, 0x6E, 0x60, 0x85, 0x68, 0x47, 0x67, 0x96 ; file 132079
db 0x9F, 0x95, 0xA0, 0x9B, 0x7E, 0x81, 0x77, 0x5B, 0x67, 0x7E, 0x8A, 0x6B, 0x6D, 0xA2, 0x88, 0x7A ; file 132089
db 0x99, 0x7D, 0x7D, 0x80, 0x81, 0x87, 0x7D, 0x89, 0x8A, 0x4B, 0x61, 0x8B, 0x78, 0x7D, 0x95, 0x99 ; file 132099
db 0xA2, 0x8C, 0x8E, 0x73, 0x61, 0x7E, 0x71, 0x47, 0x5E, 0x91, 0xA1, 0x98, 0xA0, 0x99, 0x84, 0x7D ; file 1320A9
db 0x77, 0x64, 0x60, 0x79, 0x8A, 0x6F, 0x6D, 0x9A, 0x90, 0x7E, 0x92, 0x83, 0x7C, 0x7A, 0x7F, 0x89 ; file 1320B9
db 0x7E, 0x87, 0x8B, 0x54, 0x5A, 0x83, 0x84, 0x7A, 0x8E, 0x99, 0xA1, 0x91, 0x89, 0x7B, 0x64, 0x74 ; file 1320C9
db 0x79, 0x4E, 0x54, 0x88, 0xA4, 0x9C, 0xA0, 0x99, 0x87, 0x7F, 0x74, 0x6F, 0x5A, 0x72, 0x8C, 0x73 ; file 1320D9
db 0x6D, 0x91, 0x97, 0x84, 0x89, 0x88, 0x7E, 0x78, 0x7A, 0x8D, 0x7F, 0x85, 0x8A, 0x5E, 0x58, 0x78 ; file 1320E9
db 0x8C, 0x7B, 0x86, 0x98, 0x9D, 0x99, 0x86, 0x7F, 0x68, 0x6E, 0x77, 0x56, 0x4F, 0x7E, 0xA4, 0xA2 ; file 1320F9
db 0x9C, 0x97, 0x87, 0x84, 0x70, 0x73, 0x5E, 0x6C, 0x88, 0x7A, 0x70, 0x86, 0x97, 0x8B, 0x86, 0x89 ; file 132109
db 0x7C, 0x7A, 0x7B, 0x8A, 0x85, 0x84, 0x85, 0x65, 0x5B, 0x6E, 0x8A, 0x81, 0x82, 0x99, 0x9B, 0x9C ; file 132119
db 0x88, 0x7D, 0x6C, 0x6F, 0x72, 0x5D, 0x52, 0x72, 0xA1, 0xAA, 0x98, 0x99, 0x85, 0x85, 0x79, 0x6E ; file 132129
db 0x61, 0x6A, 0x82, 0x82, 0x77, 0x79, 0x94, 0x92, 0x84, 0x89, 0x7B, 0x78, 0x82, 0x88, 0x88, 0x82 ; file 132139
db 0x82, 0x6A, 0x61, 0x66, 0x83, 0x85, 0x81, 0x98, 0x9C, 0x99, 0x90, 0x7D, 0x6B, 0x70, 0x71, 0x5F ; file 132149
db 0x59, 0x69, 0x9A, 0xAE, 0x96, 0x98, 0x86, 0x80, 0x84, 0x6E, 0x60, 0x6B, 0x7E, 0x86, 0x7E, 0x6F ; file 132159
db 0x8E, 0x92, 0x85, 0x8A, 0x7A, 0x73, 0x87, 0x8B, 0x89, 0x7E, 0x80, 0x70, 0x65, 0x63, 0x7E, 0x84 ; file 132169
db 0x80, 0x96, 0xA0, 0x94, 0x92, 0x86, 0x69, 0x6C, 0x73, 0x61, 0x5D, 0x64, 0x95, 0xAE, 0x93, 0x97 ; file 132179
db 0x8E, 0x79, 0x86, 0x78, 0x5A, 0x69, 0x7E, 0x89, 0x81, 0x6C, 0x8C, 0x8F, 0x84, 0x8E, 0x7A, 0x6F ; file 132189
db 0x89, 0x91, 0x87, 0x7D, 0x7E, 0x7A, 0x65, 0x62, 0x7B, 0x7F, 0x80, 0x94, 0xA3, 0x95, 0x8B, 0x8F ; file 132199
db 0x6E, 0x66, 0x73, 0x68, 0x5C, 0x64, 0x90, 0xAA, 0x95, 0x93, 0x96, 0x79, 0x7F, 0x83, 0x5E, 0x62 ; file 1321A9
db 0x78, 0x90, 0x83, 0x69, 0x8A, 0x92, 0x7E, 0x8B, 0x80, 0x72, 0x7E, 0x97, 0x8C, 0x78, 0x78, 0x86 ; file 1321B9
db 0x66, 0x5E, 0x7B, 0x7E, 0x7C, 0x8E, 0xA3, 0x9B, 0x82, 0x94, 0x79, 0x5E, 0x71, 0x72, 0x5D, 0x5F ; file 1321C9
db 0x8E, 0xA6, 0x92, 0x8F, 0x9A, 0x83, 0x73, 0x85, 0x6A, 0x5C, 0x74, 0x94, 0x82, 0x6A, 0x89, 0x94 ; file 1321D9
db 0x7A, 0x84, 0x86, 0x7E, 0x70, 0x95, 0x95, 0x71, 0x77, 0x8E, 0x69, 0x5A, 0x7F, 0x83, 0x74, 0x88 ; file 1321E9
db 0xA3, 0xA1, 0x7E, 0x8F, 0x89, 0x58, 0x6C, 0x7C, 0x60, 0x58, 0x8E, 0xA5, 0x8A, 0x8B, 0x9C, 0x8E ; file 1321F9
db 0x6D, 0x7E, 0x7C, 0x55, 0x70, 0x97, 0x7F, 0x69, 0x8D, 0x99, 0x73, 0x7C, 0x8B, 0x87, 0x6C, 0x8A ; file 132209
db 0x9C, 0x6E, 0x79, 0x90, 0x6E, 0x57, 0x7E, 0x8C, 0x6C, 0x80, 0xA3, 0xA3, 0x81, 0x87, 0x90, 0x5B ; file 132219
db 0x67, 0x83, 0x63, 0x54, 0x8F, 0xA6, 0x81, 0x8B, 0x9B, 0x94, 0x70, 0x72, 0x85, 0x55, 0x70, 0x99 ; file 132229
db 0x78, 0x6A, 0x94, 0x99, 0x71, 0x73, 0x90, 0x8C, 0x6F, 0x82, 0x97, 0x6B, 0x83, 0x92, 0x69, 0x57 ; file 132239
db 0x82, 0x95, 0x65, 0x7A, 0xA6, 0x9C, 0x87, 0x87, 0x85, 0x62, 0x6C, 0x87, 0x60, 0x53, 0x97, 0xA7 ; file 132249
db 0x76, 0x89, 0x9F, 0x91, 0x78, 0x6E, 0x7D, 0x58, 0x79, 0x9E, 0x6A, 0x66, 0xA1, 0x9A, 0x6C, 0x6C ; file 132259
db 0x96, 0x8C, 0x74, 0x84, 0x89, 0x68, 0x8D, 0x99, 0x5E, 0x54, 0x8B, 0x9C, 0x60, 0x72, 0xAB, 0x97 ; file 132269
db 0x8B, 0x8D, 0x75, 0x61, 0x76, 0x92, 0x58, 0x4E, 0xA1, 0xAB, 0x6C, 0x83, 0xA7, 0x8A, 0x79, 0x78 ; file 132279
db 0x72, 0x56, 0x82, 0xA7, 0x5E, 0x61, 0xAC, 0x9F, 0x60, 0x67, 0xA1, 0x88, 0x73, 0x91, 0x78, 0x60 ; file 132289
db 0x98, 0xA4, 0x50, 0x4E, 0x98, 0xA4, 0x59, 0x6D, 0xB4, 0x8E, 0x87, 0x9B, 0x69, 0x54, 0x81, 0x9F ; file 132299
db 0x51, 0x48, 0xAD, 0xAF, 0x62, 0x7F, 0xAF, 0x83, 0x75, 0x87, 0x68, 0x4E, 0x8D, 0xB3, 0x55, 0x5A ; file 1322A9
db 0xB4, 0xA4, 0x56, 0x63, 0xA8, 0x88, 0x71, 0x9D, 0x6E, 0x54, 0xA0, 0xAF, 0x4A, 0x44, 0xA2, 0xAC ; file 1322B9
db 0x56, 0x6A, 0xB9, 0x8A, 0x82, 0xA5, 0x62, 0x44, 0x8A, 0xAB, 0x50, 0x41, 0xB2, 0xB6, 0x5D, 0x78 ; file 1322C9
db 0xB1, 0x80, 0x6E, 0x92, 0x67, 0x46, 0x92, 0xBA, 0x55, 0x50, 0xB6, 0xAE, 0x50, 0x60, 0xAA, 0x8A ; file 1322D9
db 0x6E, 0xA3, 0x6D, 0x49, 0xA3, 0xB6, 0x49, 0x3A, 0xA4, 0xB6, 0x57, 0x64, 0xB6, 0x8C, 0x7E, 0xA8 ; file 1322E9
db 0x63, 0x37, 0x8C, 0xB1, 0x57, 0x3C, 0xB1, 0xC0, 0x5D, 0x73, 0xB0, 0x80, 0x67, 0x97, 0x6C, 0x3F ; file 1322F9
db 0x91, 0xBF, 0x5E, 0x48, 0xB2, 0xB5, 0x50, 0x5E, 0xA5, 0x90, 0x6C, 0xA1, 0x75, 0x43, 0x9B, 0xB8 ; file 132309
db 0x54, 0x35, 0x9D, 0xBE, 0x60, 0x63, 0xB0, 0x94, 0x77, 0xA2, 0x6C, 0x36, 0x82, 0xAE, 0x69, 0x3F ; file 132319
db 0xA5, 0xC5, 0x68, 0x70, 0xA4, 0x87, 0x67, 0x8B, 0x74, 0x47, 0x86, 0xBB, 0x6E, 0x49, 0xA4, 0xB4 ; file 132329
db 0x5D, 0x5D, 0x98, 0x98, 0x70, 0x96, 0x82, 0x49, 0x8B, 0xAF, 0x61, 0x3D, 0x8D, 0xBB, 0x71, 0x66 ; file 132339
db 0xA5, 0x9A, 0x77, 0x94, 0x72, 0x3F, 0x76, 0xA5, 0x76, 0x4A, 0x97, 0xC4, 0x75, 0x70, 0x96, 0x8B ; file 132349
db 0x6C, 0x7C, 0x7C, 0x53, 0x7A, 0xB3, 0x7A, 0x53, 0x96, 0xAC, 0x6E, 0x5F, 0x8D, 0x9B, 0x79, 0x87 ; file 132359
db 0x89, 0x55, 0x7E, 0xA2, 0x6B, 0x4B, 0x80, 0xB1, 0x82, 0x6C, 0x9C, 0x9D, 0x7E, 0x82, 0x72, 0x50 ; file 132369
db 0x68, 0x96, 0x7F, 0x5B, 0x8E, 0xBB, 0x84, 0x73, 0x8B, 0x8A, 0x77, 0x69, 0x7B, 0x66, 0x73, 0xA3 ; file 132379
db 0x85, 0x62, 0x8B, 0x9E, 0x80, 0x65, 0x7E, 0x98, 0x88, 0x79, 0x89, 0x6A, 0x74, 0x8D, 0x72, 0x5F ; file 132389
db 0x75, 0xA1, 0x92, 0x79, 0x92, 0x9A, 0x89, 0x72, 0x6E, 0x64, 0x60, 0x80, 0x81, 0x73, 0x8A, 0xAC ; file 132399
db 0x92, 0x7D, 0x80, 0x84, 0x80, 0x5E, 0x74, 0x78, 0x71, 0x92, 0x88, 0x76, 0x85, 0x90, 0x87, 0x6F ; file 1323A9
db 0x79, 0x91, 0x90, 0x75, 0x85, 0x7A, 0x6D, 0x7E, 0x72, 0x6E, 0x75, 0x91, 0x96, 0x87, 0x91, 0x96 ; file 1323B9
db 0x8D, 0x6D, 0x6B, 0x6E, 0x5F, 0x70, 0x7C, 0x83, 0x91, 0x9F, 0x97, 0x84, 0x81, 0x81, 0x7F, 0x5F ; file 1323C9
db 0x69, 0x7F, 0x79, 0x86, 0x82, 0x82, 0x87, 0x8B, 0x85, 0x77, 0x79, 0x86, 0x92, 0x7E, 0x7A, 0x82 ; file 1323D9
db 0x73, 0x72, 0x6F, 0x74, 0x7C, 0x85, 0x92, 0x94, 0x94, 0x90, 0x8D, 0x72, 0x68, 0x6F, 0x66, 0x65 ; file 1323E9
db 0x6D, 0x8A, 0x9E, 0x98, 0x93, 0x8C, 0x83, 0x80, 0x79, 0x68, 0x5F, 0x7A, 0x86, 0x82, 0x76, 0x87 ; file 1323F9
db 0x91, 0x8B, 0x7D, 0x7D, 0x7E, 0x7D, 0x8B, 0x91, 0x75, 0x7A, 0x7C, 0x71, 0x65, 0x70, 0x88, 0x82 ; file 132409
db 0x85, 0x9C, 0x9E, 0x8B, 0x85, 0x7F, 0x6A, 0x66, 0x6C, 0x67, 0x5D, 0x85, 0xAD, 0x9C, 0x89, 0x8E ; file 132419
db 0x8F, 0x80, 0x6C, 0x74, 0x62, 0x69, 0x8D, 0x8B, 0x69, 0x7F, 0x9A, 0x92, 0x79, 0x79, 0x86, 0x7A ; file 132429
db 0x7F, 0x9B, 0x7F, 0x6D, 0x7E, 0x7A, 0x5F, 0x65, 0x8C, 0x8A, 0x7C, 0x99, 0xAB, 0x8C, 0x7B, 0x85 ; file 132439
db 0x77, 0x5C, 0x67, 0x71, 0x56, 0x75, 0xB3, 0xA9, 0x84, 0x86, 0x99, 0x84, 0x64, 0x75, 0x6E, 0x5A ; file 132449
db 0x88, 0x99, 0x68, 0x6F, 0x9D, 0x9F, 0x7A, 0x6D, 0x8D, 0x7B, 0x76, 0x9E, 0x8E, 0x63, 0x77, 0x87 ; file 132459
db 0x60, 0x58, 0x86, 0x96, 0x7C, 0x8B, 0xB3, 0x93, 0x73, 0x87, 0x83, 0x59, 0x5E, 0x79, 0x58, 0x65 ; file 132469
db 0xAD, 0xB7, 0x89, 0x7C, 0x9F, 0x8A, 0x63, 0x72, 0x78, 0x56, 0x7A, 0xA2, 0x70, 0x5F, 0x98, 0xAB ; file 132479
db 0x80, 0x65, 0x8D, 0x81, 0x71, 0x9B, 0x9A, 0x62, 0x6A, 0x91, 0x66, 0x4D, 0x7E, 0xA0, 0x81, 0x85 ; file 132489
db 0xB3, 0x97, 0x70, 0x89, 0x8C, 0x58, 0x53, 0x7D, 0x5F, 0x59, 0xA4, 0xC0, 0x8E, 0x79, 0x9F, 0x8C ; file 132499
db 0x62, 0x71, 0x80, 0x5A, 0x6E, 0xA4, 0x7C, 0x55, 0x8C, 0xB3, 0x86, 0x62, 0x87, 0x86, 0x72, 0x97 ; file 1324A9
db 0xA0, 0x69, 0x5D, 0x92, 0x73, 0x45, 0x6F, 0xA5, 0x8C, 0x81, 0xAB, 0x9E, 0x71, 0x89, 0x91, 0x5E ; file 1324B9
db 0x49, 0x7A, 0x6E, 0x54, 0x91, 0xC5, 0x9A, 0x76, 0x9A, 0x90, 0x64, 0x70, 0x81, 0x63, 0x63, 0x9C ; file 1324C9
db 0x8B, 0x53, 0x7D, 0xB4, 0x8F, 0x64, 0x81, 0x88, 0x77, 0x94, 0xA0, 0x74, 0x57, 0x89, 0x80, 0x45 ; file 1324D9
db 0x60, 0xA3, 0x96, 0x82, 0xA4, 0xA2, 0x77, 0x85, 0x92, 0x67, 0x44, 0x6F, 0x7B, 0x57, 0x81, 0xC1 ; file 1324E9
db 0xA7, 0x77, 0x92, 0x94, 0x6A, 0x6B, 0x7F, 0x6D, 0x5F, 0x8F, 0x96, 0x5A, 0x71, 0xB1, 0x9A, 0x65 ; file 1324F9
db 0x77, 0x8C, 0x7D, 0x8F, 0x9E, 0x7C, 0x57, 0x7E, 0x88, 0x4C, 0x56, 0x9D, 0xA1, 0x82, 0x99, 0xA3 ; file 132509
db 0x80, 0x81, 0x91, 0x6E, 0x45, 0x61, 0x82, 0x5E, 0x75, 0xBA, 0xB1, 0x7D, 0x89, 0x94, 0x74, 0x66 ; file 132519
db 0x7D, 0x73, 0x60, 0x82, 0x9B, 0x67, 0x67, 0xA6, 0xA4, 0x6E, 0x6D, 0x8A, 0x84, 0x89, 0x9D, 0x82 ; file 132529
db 0x5C, 0x6F, 0x8C, 0x5C, 0x4D, 0x8F, 0xA7, 0x88, 0x91, 0xA0, 0x8D, 0x7F, 0x88, 0x75, 0x4D, 0x54 ; file 132539
db 0x83, 0x69, 0x6C, 0xAE, 0xB7, 0x8A, 0x81, 0x8D, 0x83, 0x68, 0x75, 0x74, 0x60, 0x79, 0x9B, 0x73 ; file 132549
db 0x66, 0x98, 0xAA, 0x7C, 0x65, 0x84, 0x89, 0x87, 0x98, 0x86, 0x63, 0x69, 0x87, 0x6A, 0x4C, 0x85 ; file 132559
db 0xA6, 0x8D, 0x8D, 0x9C, 0x92, 0x87, 0x83, 0x78, 0x53, 0x4F, 0x7E, 0x6F, 0x68, 0xA6, 0xB6, 0x94 ; file 132569
db 0x82, 0x87, 0x87, 0x6E, 0x73, 0x74, 0x5D, 0x75, 0x99, 0x7B, 0x67, 0x8E, 0xAA, 0x87, 0x67, 0x7D ; file 132579
db 0x85, 0x89, 0x9A, 0x85, 0x65, 0x69, 0x82, 0x76, 0x4F, 0x77, 0xA4, 0x92, 0x8C, 0x99, 0x90, 0x8C ; file 132589
db 0x84, 0x79, 0x58, 0x4E, 0x76, 0x74, 0x66, 0x9B, 0xB5, 0x9D, 0x84, 0x82, 0x89, 0x75, 0x71, 0x70 ; file 132599
db 0x5E, 0x70, 0x95, 0x83, 0x6A, 0x83, 0xA9, 0x93, 0x6A, 0x74, 0x82, 0x8C, 0x99, 0x84, 0x69, 0x66 ; file 1325A9
db 0x7F, 0x7F, 0x56, 0x6B, 0x9C, 0x98, 0x8F, 0x95, 0x90, 0x90, 0x86, 0x79, 0x5F, 0x4B, 0x6D, 0x79 ; file 1325B9
db 0x69, 0x8F, 0xB1, 0xA4, 0x88, 0x82, 0x89, 0x79, 0x71, 0x6D, 0x63, 0x6C, 0x8E, 0x8A, 0x6D, 0x7B ; file 1325C9
db 0xA4, 0x9C, 0x71, 0x6F, 0x7D, 0x8D, 0x9A, 0x88, 0x6E, 0x63, 0x7B, 0x86, 0x5B, 0x60, 0x90, 0xA0 ; file 1325D9
db 0x94, 0x91, 0x90, 0x8E, 0x8A, 0x81, 0x67, 0x49, 0x62, 0x7D, 0x6F, 0x83, 0xA7, 0xAC, 0x8C, 0x81 ; file 1325E9
db 0x8B, 0x7E, 0x6D, 0x6D, 0x6A, 0x69, 0x80, 0x92, 0x73, 0x71, 0x9C, 0xA7, 0x77, 0x67, 0x7D, 0x91 ; file 1325F9
db 0x93, 0x8A, 0x79, 0x60, 0x71, 0x91, 0x66, 0x53, 0x80, 0xA8, 0x9A, 0x87, 0x93, 0x92, 0x84, 0x86 ; file 132609
db 0x75, 0x48, 0x53, 0x81, 0x7A, 0x76, 0x98, 0xB5, 0x94, 0x7D, 0x90, 0x85, 0x65, 0x6C, 0x75, 0x69 ; file 132619
db 0x71, 0x96, 0x7D, 0x69, 0x92, 0xB1, 0x7D, 0x5E, 0x7E, 0x98, 0x89, 0x89, 0x86, 0x61, 0x68, 0x95 ; file 132629
db 0x71, 0x48, 0x71, 0xAF, 0xA2, 0x7D, 0x93, 0x9A, 0x7E, 0x87, 0x85, 0x49, 0x47, 0x7F, 0x84, 0x6B ; file 132639
db 0x8A, 0xBB, 0x9C, 0x76, 0x95, 0x8F, 0x5D, 0x68, 0x83, 0x6C, 0x65, 0x91, 0x87, 0x63, 0x87, 0xBA ; file 132649
db 0x84, 0x53, 0x7F, 0xA1, 0x83, 0x81, 0x91, 0x68, 0x60, 0x92, 0x7F, 0x43, 0x63, 0xB0, 0xAA, 0x76 ; file 132659
db 0x8D, 0xA1, 0x7F, 0x84, 0x93, 0x50, 0x3C, 0x78, 0x8E, 0x6A, 0x7B, 0xB5, 0xA8, 0x76, 0x95, 0x98 ; file 132669
db 0x5A, 0x61, 0x8C, 0x72, 0x5D, 0x85, 0x91, 0x67, 0x7E, 0xB8, 0x8E, 0x50, 0x7A, 0xA4, 0x81, 0x7B ; file 132679
db 0x95, 0x75, 0x5D, 0x8B, 0x89, 0x41, 0x5A, 0xAD, 0xAC, 0x75, 0x89, 0xA6, 0x83, 0x81, 0x9B, 0x5C ; file 132689
db 0x35, 0x6E, 0x92, 0x6A, 0x72, 0xAE, 0xAE, 0x7C, 0x92, 0x9C, 0x5B, 0x5E, 0x90, 0x7A, 0x58, 0x77 ; file 132699
db 0x93, 0x72, 0x7B, 0xB0, 0x93, 0x54, 0x77, 0xA3, 0x83, 0x78, 0x91, 0x80, 0x60, 0x81, 0x88, 0x49 ; file 1326A9
db 0x58, 0xA4, 0xA9, 0x7B, 0x82, 0xA3, 0x8C, 0x84, 0x97, 0x69, 0x35, 0x64, 0x8E, 0x6E, 0x71, 0xA2 ; file 1326B9
db 0xAF, 0x89, 0x90, 0x9A, 0x62, 0x5E, 0x8E, 0x83, 0x57, 0x6B, 0x8C, 0x7C, 0x80, 0xA6, 0x93, 0x5C ; file 1326C9
db 0x74, 0xA0, 0x83, 0x77, 0x8E, 0x8B, 0x66, 0x77, 0x86, 0x53, 0x57, 0x99, 0xA5, 0x80, 0x81, 0x9D ; file 1326D9
db 0x91, 0x89, 0x95, 0x76, 0x39, 0x59, 0x8A, 0x72, 0x70, 0x98, 0xA8, 0x94, 0x92, 0x97, 0x67, 0x5E ; file 1326E9
db 0x8C, 0x8B, 0x57, 0x61, 0x86, 0x84, 0x86, 0x9C, 0x90, 0x66, 0x75, 0x9A, 0x82, 0x78, 0x8D, 0x91 ; file 1326F9
db 0x70, 0x6F, 0x7F, 0x5D, 0x5A, 0x8F, 0x9C, 0x83, 0x85, 0x96, 0x92, 0x90, 0x96, 0x7F, 0x40, 0x4E ; file 132709
db 0x83, 0x76, 0x71, 0x90, 0x9F, 0x9E, 0x97, 0x91, 0x6F, 0x61, 0x89, 0x8E, 0x59, 0x5A, 0x7F, 0x89 ; file 132719
db 0x8C, 0x95, 0x8C, 0x6E, 0x75, 0x94, 0x82, 0x77, 0x90, 0x93, 0x75, 0x6A, 0x7A, 0x69, 0x5C, 0x85 ; file 132729
db 0x96, 0x84, 0x87, 0x93, 0x92, 0x94, 0x97, 0x87, 0x49, 0x44, 0x7A, 0x7B, 0x71, 0x8A, 0x99, 0xA0 ; file 132739
db 0x9B, 0x8F, 0x76, 0x62, 0x87, 0x94, 0x5B, 0x53, 0x7B, 0x8B, 0x90, 0x90, 0x8A, 0x76, 0x75, 0x90 ; file 132749
db 0x83, 0x75, 0x92, 0x9A, 0x76, 0x65, 0x75, 0x74, 0x60, 0x7B, 0x8F, 0x84, 0x87, 0x94, 0x90, 0x93 ; file 132759
db 0x9B, 0x91, 0x50, 0x3C, 0x73, 0x7F, 0x71, 0x84, 0x94, 0x9C, 0x9C, 0x91, 0x7D, 0x62, 0x86, 0x9A ; file 132769
db 0x5C, 0x4A, 0x78, 0x8E, 0x90, 0x8C, 0x8A, 0x7A, 0x72, 0x8E, 0x84, 0x72, 0x92, 0xA3, 0x74, 0x5E ; file 132779
db 0x74, 0x81, 0x63, 0x6F, 0x8C, 0x85, 0x81, 0x96, 0x92, 0x8F, 0x9C, 0x9E, 0x5B, 0x31, 0x68, 0x86 ; file 132789
db 0x74, 0x7A, 0x95, 0x9B, 0x98, 0x94, 0x88, 0x65, 0x80, 0x9E, 0x67, 0x40, 0x73, 0x94, 0x8F, 0x83 ; file 132799
db 0x8D, 0x85, 0x6E, 0x86, 0x88, 0x73, 0x8F, 0xAC, 0x7A, 0x53, 0x72, 0x8C, 0x6B, 0x63, 0x84, 0x8A ; file 1327A9
db 0x7F, 0x94, 0x96, 0x8B, 0x9B, 0xA6, 0x6B, 0x2B, 0x5F, 0x89, 0x78, 0x6F, 0x93, 0x9A, 0x92, 0x96 ; file 1327B9
db 0x92, 0x6A, 0x7B, 0x9C, 0x70, 0x3B, 0x6E, 0x99, 0x8D, 0x7B, 0x8D, 0x8E, 0x69, 0x80, 0x8E, 0x76 ; file 1327C9
db 0x89, 0xAF, 0x85, 0x4C, 0x6D, 0x95, 0x75, 0x57, 0x7C, 0x8E, 0x78, 0x91, 0x9F, 0x89, 0x94, 0xAA ; file 1327D9
db 0x7E, 0x2A, 0x51, 0x8A, 0x80, 0x68, 0x8D, 0x9C, 0x89, 0x94, 0x9C, 0x75, 0x73, 0x96, 0x7D, 0x3C ; file 1327E9
db 0x63, 0x9B, 0x91, 0x74, 0x88, 0x95, 0x6C, 0x77, 0x8E, 0x7D, 0x86, 0xAB, 0x8F, 0x4C, 0x64, 0x98 ; file 1327F9
db 0x83, 0x53, 0x6F, 0x8E, 0x7C, 0x8B, 0xA2, 0x8C, 0x90, 0xA9, 0x8E, 0x35, 0x42, 0x84, 0x89, 0x69 ; file 132809
db 0x82, 0x9C, 0x89, 0x8F, 0x9E, 0x82, 0x70, 0x8D, 0x85, 0x47, 0x56, 0x97, 0x96, 0x73, 0x7F, 0x96 ; file 132819
db 0x76, 0x6F, 0x89, 0x85, 0x87, 0xA3, 0x98, 0x53, 0x59, 0x94, 0x90, 0x57, 0x5E, 0x88, 0x86, 0x86 ; file 132829
db 0x9F, 0x94, 0x90, 0xA2, 0x96, 0x47, 0x37, 0x79, 0x90, 0x70, 0x74, 0x98, 0x8F, 0x8A, 0x9B, 0x8E ; file 132839
db 0x77, 0x82, 0x86, 0x58, 0x4F, 0x8C, 0x9C, 0x7A, 0x74, 0x90, 0x83, 0x6A, 0x7F, 0x8C, 0x8D, 0x9A ; file 132849
db 0x9C, 0x63, 0x53, 0x86, 0x97, 0x67, 0x54, 0x79, 0x8E, 0x85, 0x97, 0x9B, 0x93, 0x98, 0x98, 0x5F ; file 132859
db 0x37, 0x65, 0x8F, 0x7E, 0x6B, 0x8C, 0x98, 0x8A, 0x91, 0x96, 0x84, 0x78, 0x81, 0x6B, 0x50, 0x7A ; file 132869
db 0x9F, 0x85, 0x6A, 0x83, 0x90, 0x74, 0x72, 0x8A, 0x95, 0x92, 0x9B, 0x79, 0x52, 0x71, 0x99, 0x7C ; file 132879
db 0x4D, 0x66, 0x93, 0x8B, 0x8B, 0x9F, 0x9C, 0x8F, 0x93, 0x76, 0x42, 0x50, 0x89, 0x8C, 0x66, 0x80 ; file 132889
db 0x9E, 0x90, 0x84, 0x97, 0x93, 0x77, 0x77, 0x78, 0x57, 0x68, 0x9E, 0x94, 0x65, 0x72, 0x95, 0x84 ; file 132899
db 0x68, 0x84, 0x9C, 0x8F, 0x93, 0x8B, 0x5D, 0x5B, 0x92, 0x8D, 0x53, 0x55, 0x8D, 0x95, 0x84, 0x9C ; file 1328A9
db 0xA5, 0x8D, 0x87, 0x86, 0x55, 0x42, 0x7F, 0x93, 0x6B, 0x72, 0x9D, 0x9A, 0x7C, 0x90, 0x9D, 0x7F ; file 1328B9
db 0x6D, 0x7E, 0x64, 0x5D, 0x96, 0x9D, 0x69, 0x63, 0x92, 0x92, 0x69, 0x79, 0x9C, 0x94, 0x8E, 0x95 ; file 1328C9
db 0x6B, 0x4F, 0x86, 0x96, 0x60, 0x4C, 0x82, 0x9C, 0x87, 0x95, 0xA8, 0x91, 0x7D, 0x8B, 0x66, 0x41 ; file 1328D9
db 0x71, 0x92, 0x72, 0x6D, 0x96, 0xA1, 0x7C, 0x83, 0x9F, 0x8C, 0x6A, 0x7D, 0x6D, 0x5A, 0x90, 0x9F ; file 1328E9
db 0x6E, 0x5A, 0x89, 0x9A, 0x73, 0x6F, 0x95, 0x9A, 0x8F, 0x98, 0x76, 0x4A, 0x79, 0x99, 0x6E, 0x4A ; file 1328F9
db 0x74, 0x9B, 0x91, 0x8F, 0xA2, 0x95, 0x7B, 0x8E, 0x75, 0x45, 0x65, 0x8B, 0x7B, 0x6D, 0x8D, 0xA0 ; file 132909
db 0x84, 0x7A, 0x99, 0x94, 0x72, 0x7C, 0x73, 0x5C, 0x89, 0x9D, 0x76, 0x54, 0x7E, 0x9D, 0x85, 0x68 ; file 132919
db 0x86, 0x9D, 0x97, 0x99, 0x7C, 0x4B, 0x70, 0x96, 0x77, 0x4D, 0x69, 0x96, 0x9E, 0x8E, 0x96, 0x95 ; file 132929
db 0x7F, 0x8E, 0x7E, 0x4C, 0x5E, 0x83, 0x80, 0x71, 0x86, 0x9B, 0x8C, 0x76, 0x90, 0x98, 0x7D, 0x79 ; file 132939
db 0x76, 0x63, 0x84, 0x96, 0x79, 0x55, 0x76, 0x9B, 0x91, 0x69, 0x78, 0x9C, 0xA3, 0x9A, 0x7E, 0x4D ; file 132949
db 0x68, 0x92, 0x7D, 0x53, 0x5E, 0x8E, 0xAA, 0x91, 0x87, 0x92, 0x88, 0x8E, 0x82, 0x54, 0x5B, 0x7B ; file 132959
db 0x83, 0x78, 0x7E, 0x93, 0x93, 0x78, 0x83, 0x94, 0x8B, 0x7B, 0x77, 0x6A, 0x7F, 0x91, 0x7B, 0x57 ; file 132969
db 0x6E, 0x98, 0x9B, 0x70, 0x69, 0x95, 0xAE, 0x9D, 0x7D, 0x54, 0x64, 0x8F, 0x80, 0x59, 0x58, 0x88 ; file 132979
db 0xB0, 0x95, 0x7D, 0x8A, 0x90, 0x91, 0x84, 0x5C, 0x59, 0x74, 0x84, 0x7B, 0x75, 0x8D, 0x99, 0x7F ; file 132989
db 0x7C, 0x8E, 0x94, 0x7E, 0x75, 0x74, 0x78, 0x87, 0x7C, 0x5F, 0x68, 0x91, 0x9E, 0x7A, 0x62, 0x8E ; file 132999
db 0xB1, 0x9C, 0x7E, 0x60, 0x5F, 0x87, 0x83, 0x62, 0x54, 0x81, 0xB2, 0x9A, 0x76, 0x82, 0x97, 0x93 ; file 1329A9
db 0x85, 0x67, 0x58, 0x6C, 0x86, 0x7E, 0x6D, 0x87, 0x9D, 0x87, 0x76, 0x86, 0x98, 0x84, 0x77, 0x7C ; file 1329B9
db 0x72, 0x7E, 0x7F, 0x67, 0x63, 0x8A, 0xA1, 0x84, 0x60, 0x87, 0xAF, 0x9D, 0x7F, 0x6C, 0x60, 0x7A ; file 1329C9
db 0x85, 0x6A, 0x54, 0x7A, 0xB0, 0x9E, 0x73, 0x7D, 0x9A, 0x94, 0x86, 0x71, 0x5B, 0x62, 0x88, 0x81 ; file 1329D9
db 0x6A, 0x7E, 0x9E, 0x90, 0x74, 0x80, 0x98, 0x87, 0x7C, 0x81, 0x70, 0x72, 0x81, 0x71, 0x60, 0x81 ; file 1329E9
db 0xA0, 0x8D, 0x64, 0x82, 0xA7, 0x9B, 0x83, 0x76, 0x65, 0x6C, 0x87, 0x72, 0x56, 0x75, 0xA9, 0x9F ; file 1329F9
db 0x77, 0x7B, 0x99, 0x90, 0x88, 0x7C, 0x61, 0x5A, 0x87, 0x82, 0x68, 0x78, 0x9C, 0x95, 0x75, 0x82 ; file 132A09
db 0x96, 0x84, 0x80, 0x87, 0x72, 0x67, 0x7F, 0x7A, 0x60, 0x7A, 0x9B, 0x91, 0x6D, 0x82, 0x9E, 0x92 ; file 132A19
db 0x87, 0x83, 0x6C, 0x5E, 0x82, 0x7C, 0x5A, 0x70, 0x9F, 0x9F, 0x7E, 0x7E, 0x95, 0x87, 0x8A, 0x89 ; file 132A29
db 0x69, 0x55, 0x7F, 0x86, 0x6A, 0x74, 0x95, 0x99, 0x7B, 0x83, 0x90, 0x7E, 0x85, 0x8F, 0x77, 0x61 ; file 132A39
db 0x7A, 0x83, 0x63, 0x72, 0x93, 0x93, 0x79, 0x84, 0x94, 0x87, 0x8A, 0x90, 0x73, 0x58, 0x79, 0x83 ; file 132A49
db 0x61, 0x6D, 0x90, 0x9B, 0x89, 0x88, 0x90, 0x7A, 0x86, 0x96, 0x70, 0x56, 0x73, 0x88, 0x6F, 0x73 ; file 132A59
db 0x8E, 0x95, 0x82, 0x8C, 0x8D, 0x73, 0x82, 0x97, 0x7C, 0x5F, 0x73, 0x87, 0x69, 0x6D, 0x8C, 0x8E ; file 132A69
db 0x83, 0x89, 0x90, 0x7D, 0x87, 0x9B, 0x7B, 0x58, 0x70, 0x85, 0x69, 0x6A, 0x85, 0x95, 0x90, 0x94 ; file 132A79
db 0x8E, 0x71, 0x7E, 0x9F, 0x7B, 0x57, 0x65, 0x86, 0x79, 0x75, 0x86, 0x8C, 0x88, 0x95, 0x8E, 0x6D ; file 132A89
db 0x78, 0x9A, 0x86, 0x63, 0x70, 0x82, 0x70, 0x6D, 0x86, 0x89, 0x88, 0x8C, 0x8F, 0x78, 0x83, 0x9F ; file 132A99
db 0x82, 0x5A, 0x6D, 0x83, 0x72, 0x67, 0x7B, 0x8F, 0x96, 0x9D, 0x8D, 0x6C, 0x76, 0xA1, 0x87, 0x5A ; file 132AA9
db 0x5F, 0x7E, 0x80, 0x7C, 0x81, 0x82, 0x8B, 0x9B, 0x92, 0x6B, 0x6B, 0x94, 0x92, 0x6C, 0x71, 0x78 ; file 132AB9
db 0x75, 0x71, 0x83, 0x85, 0x88, 0x8D, 0x90, 0x79, 0x80, 0x9A, 0x88, 0x61, 0x6C, 0x7C, 0x77, 0x68 ; file 132AC9
db 0x74, 0x89, 0x9B, 0xA4, 0x8B, 0x6C, 0x72, 0x9A, 0x90, 0x60, 0x5B, 0x76, 0x85, 0x84, 0x7F, 0x7B ; file 132AD9
db 0x8D, 0x9E, 0x94, 0x6E, 0x63, 0x89, 0x98, 0x78, 0x76, 0x70, 0x75, 0x76, 0x7F, 0x83, 0x87, 0x8C ; file 132AE9
db 0x8E, 0x7E, 0x80, 0x92, 0x8A, 0x6B, 0x6D, 0x7A, 0x76, 0x66, 0x6D, 0x87, 0xA1, 0xA8, 0x89, 0x6D ; file 132AF9
db 0x70, 0x91, 0x96, 0x67, 0x58, 0x70, 0x87, 0x8B, 0x7D, 0x76, 0x8E, 0x9F, 0x96, 0x71, 0x5C, 0x7C ; file 132B09
db 0x9C, 0x88, 0x78, 0x6B, 0x71, 0x7A, 0x7E, 0x83, 0x84, 0x88, 0x8C, 0x86, 0x82, 0x89, 0x89, 0x76 ; file 132B19
db 0x6E, 0x79, 0x74, 0x65, 0x69, 0x87, 0xA5, 0xAA, 0x88, 0x6F, 0x70, 0x88, 0x97, 0x6F, 0x57, 0x6D ; file 132B29
db 0x87, 0x8E, 0x7D, 0x77, 0x8E, 0x9D, 0x95, 0x77, 0x5A, 0x6D, 0x99, 0x97, 0x7D, 0x6A, 0x6D, 0x7B ; file 132B39
db 0x7E, 0x86, 0x83, 0x83, 0x88, 0x8E, 0x86, 0x80, 0x87, 0x81, 0x71, 0x78, 0x71, 0x64, 0x65, 0x89 ; file 132B49
db 0xA9, 0xA7, 0x88, 0x75, 0x72, 0x7E, 0x93, 0x77, 0x59, 0x69, 0x87, 0x90, 0x7E, 0x79, 0x8F, 0x99 ; file 132B59
db 0x94, 0x7A, 0x5B, 0x64, 0x95, 0xA0, 0x81, 0x6C, 0x6C, 0x77, 0x7D, 0x89, 0x84, 0x7D, 0x85, 0x94 ; file 132B69
db 0x8B, 0x79, 0x82, 0x86, 0x76, 0x77, 0x6E, 0x5F, 0x66, 0x8D, 0xAB, 0xA1, 0x87, 0x7B, 0x74, 0x74 ; file 132B79
db 0x8D, 0x7E, 0x5E, 0x69, 0x86, 0x8C, 0x7F, 0x80, 0x90, 0x90, 0x8E, 0x80, 0x62, 0x5D, 0x8D, 0xA6 ; file 132B89
db 0x88, 0x6E, 0x6C, 0x73, 0x7B, 0x8A, 0x85, 0x79, 0x81, 0x96, 0x90, 0x76, 0x81, 0x8C, 0x79, 0x71 ; file 132B99
db 0x6E, 0x60, 0x67, 0x8F, 0xAA, 0x9B, 0x8A, 0x82, 0x77, 0x6B, 0x84, 0x86, 0x68, 0x66, 0x82, 0x8A ; file 132BA9
db 0x82, 0x89, 0x8E, 0x84, 0x87, 0x86, 0x6B, 0x5B, 0x83, 0xA8, 0x90, 0x74, 0x6D, 0x6D, 0x77, 0x8E ; file 132BB9
db 0x88, 0x71, 0x7B, 0x9A, 0x96, 0x74, 0x7B, 0x90, 0x7F, 0x6E, 0x6B, 0x61, 0x6B, 0x91, 0xA5, 0x93 ; file 132BC9
db 0x8A, 0x8D, 0x7E, 0x64, 0x76, 0x8B, 0x76, 0x67, 0x7B, 0x85, 0x86, 0x93, 0x8C, 0x79, 0x7F, 0x8C ; file 132BD9
db 0x76, 0x5A, 0x73, 0xA6, 0x9C, 0x7B, 0x6C, 0x67, 0x75, 0x90, 0x89, 0x6C, 0x76, 0x9B, 0x9B, 0x77 ; file 132BE9
db 0x75, 0x8F, 0x87, 0x6E, 0x67, 0x60, 0x6F, 0x93, 0xA0, 0x8C, 0x8A, 0x95, 0x83, 0x62, 0x66, 0x8B ; file 132BF9
db 0x86, 0x6C, 0x6F, 0x7E, 0x8F, 0x9F, 0x8A, 0x6C, 0x76, 0x90, 0x83, 0x5F, 0x64, 0x9E, 0xA9, 0x85 ; file 132C09
db 0x6A, 0x61, 0x76, 0x92, 0x86, 0x67, 0x72, 0x99, 0xA1, 0x80, 0x6E, 0x8B, 0x8F, 0x71, 0x5F, 0x5F ; file 132C19
db 0x79, 0x95, 0x97, 0x83, 0x8C, 0x9A, 0x89, 0x65, 0x59, 0x83, 0x95, 0x75, 0x63, 0x73, 0x98, 0xAA ; file 132C29
db 0x89, 0x62, 0x70, 0x8F, 0x8C, 0x69, 0x57, 0x8E, 0xB2, 0x95, 0x69, 0x5A, 0x78, 0x96, 0x82, 0x65 ; file 132C39
db 0x73, 0x93, 0xA1, 0x89, 0x6A, 0x83, 0x98, 0x7A, 0x57, 0x57, 0x81, 0x9C, 0x8C, 0x79, 0x8F, 0x9F ; file 132C49
db 0x92, 0x68, 0x4F, 0x77, 0xA2, 0x85, 0x59, 0x64, 0x9D, 0xB7, 0x8A, 0x59, 0x69, 0x8C, 0x94, 0x74 ; file 132C59
db 0x51, 0x7B, 0xB7, 0xA7, 0x67, 0x53, 0x7B, 0x9B, 0x7D, 0x5E, 0x73, 0x91, 0xA3, 0x8D, 0x69, 0x7B ; file 132C69
db 0xA1, 0x86, 0x4F, 0x4C, 0x86, 0xA6, 0x86, 0x6D, 0x8B, 0xA3, 0x9D, 0x6F, 0x46, 0x67, 0xA7, 0x98 ; file 132C79
db 0x56, 0x55, 0x9B, 0xC2, 0x8F, 0x57, 0x62, 0x88, 0x99, 0x7D, 0x50, 0x6B, 0xB7, 0xB4, 0x6A, 0x4D ; file 132C89
db 0x7B, 0x9E, 0x7D, 0x5A, 0x6F, 0x90, 0xA5, 0x93, 0x6A, 0x71, 0xA3, 0x93, 0x4F, 0x43, 0x83, 0xAC ; file 132C99
db 0x88, 0x68, 0x83, 0xA4, 0xA6, 0x7A, 0x43, 0x59, 0xA4, 0xA6, 0x5B, 0x4B, 0x94, 0xC4, 0x94, 0x5A ; file 132CA9
db 0x5C, 0x83, 0x9D, 0x84, 0x52, 0x60, 0xB0, 0xBE, 0x70, 0x49, 0x7B, 0x9E, 0x7E, 0x58, 0x68, 0x90 ; file 132CB9
db 0xAB, 0x97, 0x66, 0x67, 0xA5, 0xA2, 0x51, 0x39, 0x7D, 0xB0, 0x8F, 0x67, 0x77, 0xA0, 0xAE, 0x87 ; file 132CC9
db 0x44, 0x4B, 0x9A, 0xB0, 0x68, 0x45, 0x8A, 0xBE, 0x9C, 0x64, 0x5A, 0x7B, 0x9C, 0x88, 0x58, 0x5B ; file 132CD9
db 0xA7, 0xC1, 0x79, 0x4A, 0x7A, 0x9A, 0x81, 0x59, 0x60, 0x8F, 0xAE, 0x9A, 0x67, 0x64, 0xA1, 0xAC ; file 132CE9
db 0x59, 0x34, 0x71, 0xAA, 0x97, 0x6D, 0x6D, 0x9A, 0xB3, 0x94, 0x4A, 0x43, 0x8B, 0xB1, 0x76, 0x4B ; file 132CF9
db 0x7E, 0xB0, 0xA2, 0x73, 0x5E, 0x74, 0x98, 0x87, 0x5E, 0x5D, 0x9B, 0xBC, 0x84, 0x51, 0x79, 0x93 ; file 132D09
db 0x81, 0x5D, 0x5B, 0x8E, 0xB1, 0x99, 0x68, 0x63, 0x9D, 0xB3, 0x64, 0x34, 0x63, 0xA0, 0x9F, 0x75 ; file 132D19
db 0x67, 0x92, 0xB4, 0x9D, 0x55, 0x40, 0x7D, 0xAC, 0x85, 0x53, 0x70, 0xA2, 0xA4, 0x80, 0x65, 0x70 ; file 132D29
db 0x90, 0x84, 0x65, 0x63, 0x92, 0xB4, 0x8B, 0x5B, 0x78, 0x8E, 0x7E, 0x60, 0x5B, 0x8F, 0xB1, 0x94 ; file 132D39
db 0x6A, 0x67, 0x99, 0xB5, 0x6F, 0x38, 0x57, 0x93, 0xA3, 0x7D, 0x67, 0x8D, 0xB3, 0xA1, 0x62, 0x43 ; file 132D49
db 0x6E, 0xA2, 0x90, 0x61, 0x68, 0x90, 0xA0, 0x8C, 0x73, 0x72, 0x86, 0x7E, 0x6A, 0x6E, 0x8A, 0xA6 ; file 132D59
db 0x8E, 0x69, 0x79, 0x87, 0x78, 0x61, 0x60, 0x8E, 0xAE, 0x90, 0x6D, 0x6E, 0x95, 0xB2, 0x79, 0x3F ; file 132D69
db 0x51, 0x86, 0xA1, 0x84, 0x6B, 0x8A, 0xAF, 0xA4, 0x6F, 0x4A, 0x62, 0x95, 0x94, 0x6E, 0x63, 0x82 ; file 132D79
db 0x9C, 0x95, 0x82, 0x77, 0x7D, 0x77, 0x6F, 0x78, 0x85, 0x99, 0x90, 0x76, 0x7A, 0x83, 0x72, 0x61 ; file 132D89
db 0x68, 0x90, 0xA9, 0x8B, 0x6D, 0x75, 0x94, 0xAD, 0x81, 0x46, 0x4A, 0x7C, 0x9C, 0x88, 0x71, 0x89 ; file 132D99
db 0xAB, 0xA4, 0x79, 0x52, 0x5B, 0x8B, 0x98, 0x79, 0x5F, 0x72, 0x94, 0x9B, 0x90, 0x7E, 0x73, 0x70 ; file 132DA9
db 0x75, 0x7F, 0x82, 0x8C, 0x90, 0x82, 0x7D, 0x7F, 0x6C, 0x5F, 0x71, 0x93, 0xA2, 0x86, 0x6F, 0x7C ; file 132DB9
db 0x95, 0xA6, 0x88, 0x4F, 0x48, 0x72, 0x93, 0x89, 0x79, 0x89, 0xA6, 0xA4, 0x84, 0x5B, 0x55, 0x7F ; file 132DC9
db 0x9A, 0x81, 0x60, 0x68, 0x8B, 0x9D, 0x9C, 0x87, 0x6E, 0x6A, 0x79, 0x83, 0x80, 0x80, 0x8E, 0x8B ; file 132DD9
db 0x82, 0x7A, 0x66, 0x5E, 0x7B, 0x97, 0x99, 0x81, 0x72, 0x82, 0x98, 0x9E, 0x8A, 0x58, 0x49, 0x6B ; file 132DE9
db 0x88, 0x87, 0x80, 0x8D, 0xA1, 0xA3, 0x8B, 0x64, 0x55, 0x75, 0x98, 0x85, 0x61, 0x60, 0x82, 0xA0 ; file 132DF9
db 0xA6, 0x8D, 0x68, 0x66, 0x80, 0x88, 0x7C, 0x75, 0x8C, 0x94, 0x88, 0x76, 0x61, 0x5E, 0x82, 0x9C ; file 132E09
db 0x91, 0x7B, 0x75, 0x88, 0x9B, 0x98, 0x89, 0x5F, 0x4E, 0x68, 0x7E, 0x81, 0x85, 0x92, 0x9F, 0xA3 ; file 132E19
db 0x8F, 0x6B, 0x58, 0x71, 0x95, 0x86, 0x60, 0x5C, 0x7C, 0xA3, 0xAC, 0x92, 0x67, 0x66, 0x84, 0x8B ; file 132E29
db 0x76, 0x6C, 0x88, 0x9B, 0x8E, 0x73, 0x5C, 0x60, 0x87, 0xA0, 0x89, 0x74, 0x79, 0x8D, 0x9B, 0x93 ; file 132E39
db 0x86, 0x66, 0x55, 0x66, 0x76, 0x7D, 0x86, 0x96, 0x9B, 0xA2, 0x93, 0x72, 0x59, 0x6A, 0x90, 0x89 ; file 132E49
db 0x62, 0x59, 0x75, 0xA3, 0xB1, 0x96, 0x65, 0x66, 0x88, 0x8E, 0x72, 0x64, 0x81, 0x9F, 0x96, 0x72 ; file 132E59
db 0x58, 0x62, 0x8B, 0xA1, 0x84, 0x6F, 0x7D, 0x92, 0x9C, 0x8E, 0x80, 0x6C, 0x5E, 0x66, 0x6F, 0x76 ; file 132E69
db 0x87, 0x99, 0x9B, 0xA0, 0x96, 0x79, 0x60, 0x66, 0x85, 0x87, 0x67, 0x5B, 0x72, 0x9F, 0xB2, 0x9A ; file 132E79
db 0x6C, 0x68, 0x89, 0x8E, 0x71, 0x5F, 0x7C, 0xA0, 0x9C, 0x74, 0x57, 0x63, 0x8D, 0xA0, 0x82, 0x6A ; file 132E89
db 0x80, 0x96, 0x9E, 0x88, 0x79, 0x71, 0x67, 0x66, 0x68, 0x6F, 0x86, 0x9B, 0x9E, 0x9C, 0x97, 0x7F ; file 132E99
db 0x68, 0x64, 0x7B, 0x83, 0x6B, 0x5E, 0x70, 0x99, 0xAF, 0x9D, 0x73, 0x68, 0x89, 0x8F, 0x73, 0x5C ; file 132EA9
db 0x73, 0x9D, 0xA1, 0x7A, 0x59, 0x62, 0x8B, 0x9F, 0x84, 0x68, 0x7E, 0x99, 0xA1, 0x86, 0x72, 0x72 ; file 132EB9
db 0x70, 0x6A, 0x64, 0x68, 0x82, 0x9B, 0xA2, 0x9B, 0x97, 0x87, 0x70, 0x64, 0x70, 0x7C, 0x71, 0x62 ; file 132EC9
db 0x6F, 0x93, 0xAA, 0xA0, 0x7F, 0x6C, 0x84, 0x8E, 0x76, 0x5C, 0x6A, 0x98, 0xA5, 0x7E, 0x5E, 0x60 ; file 132ED9
db 0x85, 0x9E, 0x88, 0x6B, 0x7A, 0x9A, 0xA3, 0x87, 0x6E, 0x72, 0x77, 0x6E, 0x63, 0x62, 0x7B, 0x9A ; file 132EE9
db 0xA7, 0x9D, 0x93, 0x8D, 0x77, 0x65, 0x67, 0x73, 0x74, 0x68, 0x71, 0x8B, 0xA0, 0xA2, 0x8B, 0x73 ; file 132EF9
db 0x7D, 0x8C, 0x7B, 0x61, 0x63, 0x8D, 0xA2, 0x86, 0x69, 0x60, 0x7A, 0x99, 0x8E, 0x75, 0x74, 0x96 ; file 132F09
db 0xA5, 0x8B, 0x6E, 0x6F, 0x75, 0x73, 0x6A, 0x60, 0x6E, 0x93, 0xAB, 0xA5, 0x90, 0x8E, 0x7F, 0x6A ; file 132F19
db 0x64, 0x6A, 0x71, 0x6D, 0x78, 0x89, 0x93, 0x9D, 0x96, 0x80, 0x79, 0x85, 0x7D, 0x67, 0x63, 0x82 ; file 132F29
db 0x9B, 0x8D, 0x7A, 0x66, 0x69, 0x8D, 0x93, 0x82, 0x72, 0x8A, 0xA3, 0x93, 0x76, 0x6B, 0x6E, 0x73 ; file 132F39
db 0x73, 0x65, 0x62, 0x86, 0xAB, 0xB1, 0x94, 0x8A, 0x82, 0x70, 0x66, 0x63, 0x69, 0x6C, 0x7E, 0x8C ; file 132F49
db 0x88, 0x95, 0x9C, 0x8D, 0x7A, 0x7B, 0x7E, 0x6E, 0x66, 0x77, 0x91, 0x8F, 0x88, 0x70, 0x5F, 0x7C ; file 132F59
db 0x95, 0x8F, 0x78, 0x7E, 0x9D, 0x9C, 0x81, 0x6A, 0x65, 0x6E, 0x7C, 0x71, 0x5C, 0x73, 0xA4, 0xBA ; file 132F69
db 0xA0, 0x86, 0x80, 0x76, 0x6B, 0x62, 0x61, 0x67, 0x80, 0x92, 0x87, 0x8C, 0x9A, 0x96, 0x82, 0x75 ; file 132F79
db 0x7C, 0x76, 0x69, 0x6E, 0x85, 0x8F, 0x91, 0x7B, 0x5D, 0x6B, 0x92, 0x99, 0x80, 0x73, 0x92, 0xA5 ; file 132F89
db 0x8F, 0x6B, 0x5C, 0x67, 0x81, 0x7E, 0x5D, 0x61, 0x97, 0xBF, 0xAF, 0x88, 0x7A, 0x7A, 0x72, 0x64 ; file 132F99
db 0x5C, 0x60, 0x7D, 0x96, 0x8C, 0x84, 0x96, 0x9C, 0x89, 0x73, 0x78, 0x7C, 0x6E, 0x69, 0x7C, 0x8E ; file 132FA9
db 0x97, 0x84, 0x60, 0x5F, 0x8B, 0xA1, 0x87, 0x6E, 0x88, 0xA9, 0x9A, 0x6E, 0x55, 0x61, 0x81, 0x88 ; file 132FB9
db 0x62, 0x56, 0x8B, 0xC2, 0xBA, 0x8B, 0x72, 0x7B, 0x7A, 0x69, 0x59, 0x59, 0x78, 0x99, 0x94, 0x82 ; file 132FC9
db 0x8C, 0x9B, 0x8F, 0x77, 0x74, 0x7D, 0x73, 0x6A, 0x78, 0x8C, 0x95, 0x87, 0x65, 0x5C, 0x82, 0xA1 ; file 132FD9
db 0x8C, 0x70, 0x81, 0xAA, 0xA4, 0x73, 0x50, 0x5B, 0x7D, 0x8C, 0x6A, 0x53, 0x7E, 0xBF, 0xC0, 0x90 ; file 132FE9
db 0x6E, 0x79, 0x83, 0x6D, 0x56, 0x54, 0x72, 0x99, 0x9C, 0x82, 0x83, 0x96, 0x92, 0x7D, 0x73, 0x7A ; file 132FF9
db 0x7A, 0x6D, 0x75, 0x87, 0x8F, 0x88, 0x6D, 0x5F, 0x7B, 0x9B, 0x8D, 0x73, 0x81, 0xA9, 0xAB, 0x78 ; file 133009
db 0x4E, 0x56, 0x79, 0x8C, 0x71, 0x54, 0x76, 0xB8, 0xC3, 0x95, 0x6F, 0x75, 0x8A, 0x75, 0x54, 0x4E ; file 133019
db 0x6A, 0x98, 0xA4, 0x86, 0x7D, 0x8F, 0x94, 0x82, 0x75, 0x77, 0x7E, 0x71, 0x74, 0x86, 0x8A, 0x83 ; file 133029
db 0x71, 0x63, 0x79, 0x95, 0x8D, 0x75, 0x82, 0xA8, 0xB1, 0x7E, 0x4D, 0x52, 0x74, 0x89, 0x76, 0x59 ; file 133039
db 0x71, 0xB1, 0xC4, 0x98, 0x72, 0x73, 0x8E, 0x7E, 0x55, 0x4A, 0x63, 0x92, 0xA9, 0x8E, 0x7A, 0x86 ; file 133049
db 0x92, 0x88, 0x7A, 0x73, 0x80, 0x79, 0x76, 0x82, 0x83, 0x7F, 0x76, 0x6B, 0x77, 0x8A, 0x8A, 0x7A ; file 133059
db 0x85, 0xA5, 0xB3, 0x85, 0x50, 0x50, 0x6F, 0x83, 0x78, 0x60, 0x6F, 0xA5, 0xC1, 0x9E, 0x77, 0x72 ; file 133069
db 0x8F, 0x85, 0x58, 0x49, 0x5D, 0x88, 0xA7, 0x97, 0x7C, 0x80, 0x8E, 0x8A, 0x7D, 0x74, 0x84, 0x7E ; file 133079
db 0x73, 0x7D, 0x80, 0x7D, 0x79, 0x71, 0x75, 0x82, 0x89, 0x7E, 0x84, 0xA0, 0xB5, 0x8F, 0x57, 0x4C ; file 133089
db 0x67, 0x7D, 0x7A, 0x6A, 0x6E, 0x98, 0xB9, 0xA4, 0x7E, 0x75, 0x90, 0x8A, 0x5B, 0x48, 0x5A, 0x82 ; file 133099
db 0xA1, 0x9D, 0x80, 0x7C, 0x8A, 0x8D, 0x7F, 0x75, 0x87, 0x86, 0x75, 0x75, 0x7B, 0x7C, 0x7C, 0x79 ; file 1330A9
db 0x75, 0x7B, 0x85, 0x83, 0x84, 0x98, 0xB3, 0x9C, 0x62, 0x4B, 0x5F, 0x77, 0x7C, 0x73, 0x70, 0x8C ; file 1330B9
db 0xAD, 0xA7, 0x86, 0x79, 0x8F, 0x8E, 0x62, 0x48, 0x56, 0x7C, 0x9A, 0x9D, 0x85, 0x7C, 0x87, 0x8C ; file 1330C9
db 0x7F, 0x77, 0x89, 0x8D, 0x78, 0x6D, 0x75, 0x7D, 0x7F, 0x7C, 0x74, 0x76, 0x81, 0x86, 0x86, 0x94 ; file 1330D9
db 0xAE, 0xA4, 0x6E, 0x4C, 0x56, 0x71, 0x7D, 0x79, 0x73, 0x84, 0xA1, 0xA6, 0x8E, 0x7E, 0x8D, 0x90 ; file 1330E9
db 0x6B, 0x4B, 0x52, 0x77, 0x95, 0x99, 0x8A, 0x7D, 0x84, 0x88, 0x7E, 0x7C, 0x8C, 0x94, 0x7D, 0x65 ; file 1330F9
db 0x6B, 0x80, 0x86, 0x7E, 0x6F, 0x70, 0x80, 0x8A, 0x8A, 0x90, 0xA4, 0xA9, 0x7F, 0x51, 0x4C, 0x69 ; file 133109
db 0x81, 0x7E, 0x76, 0x80, 0x95, 0xA0, 0x95, 0x86, 0x8C, 0x8F, 0x74, 0x4F, 0x4D, 0x75, 0x95, 0x95 ; file 133119
db 0x87, 0x7D, 0x84, 0x87, 0x7F, 0x7F, 0x8B, 0x97, 0x87, 0x64, 0x60, 0x7D, 0x8D, 0x80, 0x6B, 0x6D ; file 133129
db 0x7F, 0x8B, 0x8E, 0x92, 0x9D, 0xA8, 0x8C, 0x57, 0x43, 0x61, 0x87, 0x83, 0x76, 0x7D, 0x8D, 0x9B ; file 133139
db 0x99, 0x8C, 0x88, 0x8B, 0x80, 0x59, 0x49, 0x6D, 0x95, 0x94, 0x85, 0x7F, 0x7F, 0x7E, 0x80, 0x88 ; file 133149
db 0x8D, 0x98, 0x91, 0x67, 0x57, 0x76, 0x92, 0x82, 0x65, 0x6C, 0x80, 0x8A, 0x91, 0x93, 0x97, 0xA5 ; file 133159
db 0x99, 0x60, 0x3B, 0x57, 0x8C, 0x8C, 0x75, 0x79, 0x85, 0x94, 0x9C, 0x94, 0x85, 0x84, 0x87, 0x65 ; file 133169
db 0x4A, 0x68, 0x94, 0x93, 0x80, 0x7F, 0x7D, 0x79, 0x7F, 0x8E, 0x91, 0x97, 0x96, 0x6B, 0x52, 0x70 ; file 133179
db 0x96, 0x84, 0x5F, 0x69, 0x80, 0x8A, 0x94, 0x96, 0x94, 0x9F, 0x9F, 0x68, 0x38, 0x50, 0x8E, 0x93 ; file 133189
db 0x76, 0x76, 0x7F, 0x8E, 0x9D, 0x9A, 0x85, 0x7D, 0x8A, 0x71, 0x4F, 0x63, 0x91, 0x92, 0x7D, 0x7E ; file 133199
db 0x7A, 0x73, 0x7F, 0x93, 0x97, 0x95, 0x99, 0x72, 0x52, 0x6B, 0x95, 0x84, 0x5D, 0x66, 0x81, 0x8A ; file 1331A9
db 0x94, 0x98, 0x95, 0x9B, 0xA1, 0x71, 0x3A, 0x4B, 0x8C, 0x98, 0x79, 0x73, 0x7B, 0x88, 0x9C, 0x9E ; file 1331B9
db 0x87, 0x7A, 0x8A, 0x7B, 0x55, 0x62, 0x8F, 0x92, 0x7B, 0x78, 0x76, 0x6F, 0x7D, 0x96, 0x9D, 0x97 ; file 1331C9
db 0x99, 0x78, 0x54, 0x66, 0x91, 0x85, 0x5D, 0x60, 0x7D, 0x8C, 0x98, 0x9A, 0x95, 0x98, 0x9E, 0x77 ; file 1331D9
db 0x3F, 0x49, 0x87, 0x9B, 0x7D, 0x6F, 0x75, 0x86, 0x9B, 0x9C, 0x89, 0x7C, 0x87, 0x7F, 0x5C, 0x64 ; file 1331E9
db 0x8C, 0x92, 0x7C, 0x71, 0x6F, 0x6F, 0x7E, 0x96, 0x9F, 0x9A, 0x99, 0x7D, 0x59, 0x65, 0x89, 0x84 ; file 1331F9
db 0x61, 0x5D, 0x78, 0x8B, 0x99, 0x9D, 0x98, 0x99, 0x98, 0x77, 0x46, 0x4C, 0x82, 0x99, 0x82, 0x71 ; file 133209
db 0x74, 0x83, 0x97, 0x98, 0x8C, 0x80, 0x86, 0x81, 0x63, 0x69, 0x89, 0x91, 0x7E, 0x6B, 0x69, 0x6E ; file 133219
db 0x7F, 0x95, 0xA1, 0x9E, 0x99, 0x80, 0x5F, 0x66, 0x7F, 0x81, 0x66, 0x5D, 0x71, 0x89, 0x9B, 0xA0 ; file 133229
db 0x9B, 0x98, 0x8F, 0x76, 0x51, 0x54, 0x7B, 0x92, 0x85, 0x75, 0x72, 0x81, 0x92, 0x93, 0x8E, 0x85 ; file 133239
db 0x83, 0x7E, 0x6C, 0x72, 0x88, 0x8D, 0x7D, 0x67, 0x63, 0x70, 0x81, 0x91, 0x9E, 0xA1, 0x9C, 0x85 ; file 133249
db 0x68, 0x68, 0x74, 0x7B, 0x6B, 0x5F, 0x69, 0x85, 0x9D, 0xA4, 0x9F, 0x97, 0x8A, 0x73, 0x5B, 0x5B ; file 133259
db 0x74, 0x89, 0x87, 0x7C, 0x73, 0x7F, 0x8E, 0x8F, 0x8F, 0x88, 0x82, 0x7C, 0x73, 0x7A, 0x87, 0x8A ; file 133269
db 0x7C, 0x67, 0x5E, 0x6C, 0x81, 0x90, 0x9E, 0xA3, 0x9E, 0x89, 0x70, 0x69, 0x6E, 0x76, 0x6E, 0x61 ; file 133279
db 0x63, 0x7F, 0x9E, 0xA9, 0xA3, 0x95, 0x85, 0x73, 0x64, 0x61, 0x6D, 0x81, 0x89, 0x83, 0x75, 0x79 ; file 133289
db 0x87, 0x8F, 0x93, 0x8B, 0x7F, 0x76, 0x78, 0x84, 0x8C, 0x87, 0x77, 0x67, 0x5E, 0x6B, 0x7E, 0x8C ; file 133299
db 0x9B, 0xA4, 0xA2, 0x8F, 0x77, 0x69, 0x6B, 0x73, 0x6F, 0x63, 0x5E, 0x77, 0x9C, 0xAF, 0xA8, 0x92 ; file 1332A9
db 0x7F, 0x75, 0x6E, 0x68, 0x67, 0x75, 0x86, 0x8A, 0x7D, 0x75, 0x7C, 0x8E, 0x96, 0x8E, 0x7C, 0x73 ; file 1332B9
db 0x7B, 0x8A, 0x8F, 0x87, 0x74, 0x66, 0x61, 0x68, 0x79, 0x89, 0x98, 0xA3, 0xA4, 0x97, 0x7F, 0x6A ; file 1332C9
db 0x69, 0x6F, 0x6F, 0x65, 0x5C, 0x6D, 0x98, 0xB4, 0xB0, 0x92, 0x79, 0x77, 0x77, 0x6E, 0x63, 0x6A ; file 1332D9
db 0x81, 0x90, 0x86, 0x73, 0x72, 0x8A, 0x99, 0x90, 0x7B, 0x71, 0x7D, 0x8E, 0x91, 0x88, 0x72, 0x65 ; file 1332E9
db 0x64, 0x66, 0x74, 0x86, 0x94, 0x9F, 0xA5, 0x9F, 0x89, 0x6B, 0x64, 0x6D, 0x71, 0x67, 0x5C, 0x65 ; file 1332F9
db 0x90, 0xB7, 0xB7, 0x92, 0x75, 0x78, 0x7E, 0x73, 0x61, 0x63, 0x7C, 0x93, 0x8F, 0x74, 0x6B, 0x85 ; file 133309
db 0x9D, 0x92, 0x79, 0x6E, 0x7D, 0x90, 0x95, 0x8B, 0x72, 0x63, 0x65, 0x65, 0x6F, 0x82, 0x93, 0x9D ; file 133319
db 0xA4, 0xA4, 0x92, 0x70, 0x61, 0x6B, 0x70, 0x69, 0x5E, 0x60, 0x87, 0xB5, 0xBC, 0x96, 0x73, 0x77 ; file 133329
db 0x84, 0x78, 0x61, 0x5E, 0x77, 0x94, 0x95, 0x76, 0x65, 0x7F, 0x9D, 0x95, 0x7B, 0x6F, 0x7E, 0x91 ; file 133339
db 0x96, 0x8A, 0x73, 0x65, 0x67, 0x65, 0x68, 0x7D, 0x93, 0x9F, 0xA3, 0xA5, 0x95, 0x76, 0x63, 0x68 ; file 133349
db 0x6D, 0x6A, 0x60, 0x5F, 0x80, 0xAF, 0xBC, 0x9C, 0x77, 0x78, 0x86, 0x7B, 0x62, 0x5C, 0x74, 0x95 ; file 133359
db 0x97, 0x76, 0x61, 0x7A, 0x9B, 0x99, 0x7C, 0x70, 0x80, 0x94, 0x98, 0x88, 0x71, 0x68, 0x69, 0x65 ; file 133369
db 0x62, 0x76, 0x8F, 0xA2, 0xA6, 0xA8, 0x97, 0x7A, 0x66, 0x66, 0x6B, 0x6B, 0x63, 0x60, 0x7A, 0xA9 ; file 133379
db 0xB9, 0xA0, 0x7C, 0x7A, 0x84, 0x7B, 0x65, 0x5D, 0x73, 0x95, 0x99, 0x77, 0x5F, 0x75, 0x97, 0x9A ; file 133389
db 0x7E, 0x72, 0x81, 0x95, 0x9A, 0x87, 0x6F, 0x6B, 0x6D, 0x64, 0x5B, 0x6E, 0x8E, 0xA6, 0xAA, 0xA7 ; file 133399
db 0x95, 0x7C, 0x6B, 0x67, 0x67, 0x69, 0x66, 0x62, 0x74, 0xA0, 0xB5, 0xA4, 0x84, 0x7C, 0x81, 0x79 ; file 1333A9
db 0x69, 0x5F, 0x71, 0x93, 0x9B, 0x79, 0x5B, 0x6E, 0x92, 0x9D, 0x85, 0x74, 0x7E, 0x93, 0x9D, 0x8A ; file 1333B9
db 0x6F, 0x6B, 0x6F, 0x65, 0x57, 0x66, 0x89, 0xA7, 0xAF, 0xA9, 0x96, 0x7D, 0x70, 0x68, 0x63, 0x67 ; file 1333C9
db 0x6A, 0x66, 0x70, 0x95, 0xB0, 0xA8, 0x8E, 0x7F, 0x7E, 0x77, 0x6D, 0x64, 0x6E, 0x8D, 0x9D, 0x80 ; file 1333D9
db 0x5D, 0x66, 0x8B, 0x9C, 0x8B, 0x7A, 0x7E, 0x8F, 0x9C, 0x8E, 0x72, 0x6B, 0x71, 0x68, 0x56, 0x60 ; file 1333E9
db 0x83, 0xA5, 0xB1, 0xAB, 0x97, 0x80, 0x72, 0x6B, 0x64, 0x65, 0x6C, 0x67, 0x6B, 0x8C, 0xAD, 0xAF ; file 1333F9
db 0x95, 0x81, 0x7C, 0x75, 0x6E, 0x67, 0x6C, 0x87, 0x9A, 0x86, 0x62, 0x62, 0x85, 0x9D, 0x91, 0x7E ; file 133409
db 0x79, 0x87, 0x98, 0x93, 0x7B, 0x6C, 0x6F, 0x69, 0x57, 0x5E, 0x80, 0xA2, 0xB0, 0xAA, 0x99, 0x83 ; file 133419
db 0x73, 0x6C, 0x65, 0x63, 0x6B, 0x68, 0x68, 0x86, 0xA8, 0xB2, 0x9D, 0x83, 0x7A, 0x73, 0x6F, 0x6B ; file 133429
db 0x6A, 0x80, 0x97, 0x8B, 0x6B, 0x62, 0x7F, 0x9A, 0x95, 0x82, 0x77, 0x81, 0x95, 0x96, 0x82, 0x6E ; file 133439
db 0x6C, 0x69, 0x59, 0x5D, 0x7B, 0x9D, 0xB0, 0xAC, 0x9A, 0x85, 0x74, 0x6F, 0x69, 0x64, 0x69, 0x66 ; file 133449
db 0x66, 0x81, 0xA5, 0xB6, 0xA3, 0x83, 0x78, 0x72, 0x71, 0x6D, 0x6A, 0x7A, 0x92, 0x8C, 0x71, 0x62 ; file 133459
db 0x7C, 0x9A, 0x9A, 0x84, 0x73, 0x7B, 0x91, 0x98, 0x88, 0x72, 0x6A, 0x68, 0x5D, 0x5E, 0x77, 0x97 ; file 133469
db 0xAF, 0xAC, 0x9C, 0x87, 0x75, 0x70, 0x6C, 0x67, 0x67, 0x61, 0x63, 0x7C, 0xA2, 0xB7, 0xAA, 0x88 ; file 133479
db 0x77, 0x72, 0x70, 0x6C, 0x69, 0x7A, 0x90, 0x8D, 0x74, 0x62, 0x78, 0x99, 0xA0, 0x86, 0x6E, 0x75 ; file 133489
db 0x8E, 0x9B, 0x8D, 0x75, 0x68, 0x67, 0x61, 0x5F, 0x71, 0x91, 0xAE, 0xAF, 0x9D, 0x89, 0x75, 0x71 ; file 133499
db 0x70, 0x6B, 0x65, 0x5C, 0x62, 0x7B, 0xA0, 0xB6, 0xAD, 0x8B, 0x76, 0x74, 0x72, 0x6B, 0x67, 0x77 ; file 1334A9
db 0x8C, 0x8D, 0x78, 0x65, 0x75, 0x98, 0xA3, 0x89, 0x6A, 0x71, 0x8C, 0x9C, 0x91, 0x79, 0x68, 0x66 ; file 1334B9
db 0x65, 0x61, 0x6A, 0x8A, 0xAC, 0xB2, 0x9E, 0x89, 0x77, 0x73, 0x74, 0x6F, 0x63, 0x57, 0x60, 0x79 ; file 1334C9
db 0x9B, 0xB3, 0xAE, 0x91, 0x79, 0x76, 0x72, 0x69, 0x66, 0x77, 0x8A, 0x8D, 0x7B, 0x66, 0x71, 0x95 ; file 1334D9
db 0xA5, 0x8D, 0x69, 0x6D, 0x8A, 0x9D, 0x95, 0x7B, 0x67, 0x68, 0x6C, 0x64, 0x63, 0x80, 0xA8, 0xB6 ; file 1334E9
db 0xA2, 0x89, 0x78, 0x76, 0x7B, 0x74, 0x60, 0x52, 0x60, 0x7B, 0x98, 0xAC, 0xAB, 0x96, 0x81, 0x7A ; file 1334F9
db 0x73, 0x67, 0x65, 0x76, 0x87, 0x8A, 0x7E, 0x6A, 0x70, 0x92, 0xA3, 0x8F, 0x6B, 0x6A, 0x88, 0x9D ; file 133509
db 0x97, 0x7D, 0x67, 0x68, 0x71, 0x67, 0x5E, 0x74, 0xA2, 0xB7, 0xA7, 0x8A, 0x78, 0x78, 0x81, 0x78 ; file 133519
db 0x5D, 0x4D, 0x5F, 0x7D, 0x95, 0xA5, 0xA5, 0x98, 0x8B, 0x81, 0x73, 0x63, 0x63, 0x77, 0x87, 0x89 ; file 133529
db 0x80, 0x6D, 0x70, 0x90, 0xA0, 0x8D, 0x6D, 0x6B, 0x87, 0x9B, 0x97, 0x7E, 0x67, 0x6C, 0x78, 0x6A ; file 133539
db 0x5A, 0x6B, 0x99, 0xB6, 0xAC, 0x8E, 0x79, 0x79, 0x86, 0x7C, 0x5D, 0x4B, 0x5E, 0x7E, 0x93, 0x9E ; file 133549
db 0xA0, 0x98, 0x93, 0x89, 0x74, 0x60, 0x62, 0x75, 0x85, 0x86, 0x80, 0x72, 0x74, 0x8F, 0x9B, 0x89 ; file 133559
db 0x6F, 0x6E, 0x86, 0x99, 0x95, 0x7F, 0x6A, 0x6F, 0x7C, 0x6C, 0x59, 0x67, 0x91, 0xB0, 0xAB, 0x92 ; file 133569
db 0x7B, 0x7D, 0x89, 0x7E, 0x5B, 0x4B, 0x5F, 0x7E, 0x91, 0x98, 0x9A, 0x97, 0x98, 0x92, 0x76, 0x5F ; file 133579
db 0x5F, 0x72, 0x82, 0x87, 0x81, 0x75, 0x77, 0x8E, 0x97, 0x85, 0x6F, 0x73, 0x85, 0x95, 0x91, 0x7E ; file 133589
db 0x6E, 0x76, 0x81, 0x6D, 0x57, 0x62, 0x89, 0xA9, 0xA9, 0x97, 0x81, 0x80, 0x8A, 0x7E, 0x5B, 0x4D ; file 133599
db 0x5F, 0x7B, 0x8E, 0x95, 0x97, 0x96, 0x98, 0x98, 0x7B, 0x5F, 0x5E, 0x6E, 0x7F, 0x86, 0x82, 0x78 ; file 1335A9
db 0x7B, 0x90, 0x96, 0x7F, 0x6A, 0x76, 0x89, 0x95, 0x8F, 0x7B, 0x70, 0x7B, 0x86, 0x71, 0x58, 0x61 ; file 1335B9
db 0x85, 0xA0, 0xA2, 0x97, 0x89, 0x85, 0x8B, 0x7C, 0x5B, 0x4F, 0x62, 0x79, 0x8A, 0x93, 0x95, 0x94 ; file 1335C9
db 0x96, 0x9B, 0x85, 0x63, 0x5B, 0x66, 0x7A, 0x89, 0x87, 0x7B, 0x7B, 0x8F, 0x98, 0x80, 0x68, 0x73 ; file 1335D9
db 0x88, 0x92, 0x8C, 0x79, 0x73, 0x81, 0x8A, 0x75, 0x57, 0x61, 0x82, 0x9A, 0x9C, 0x96, 0x90, 0x8A ; file 1335E9
db 0x89, 0x79, 0x5E, 0x56, 0x65, 0x74, 0x82, 0x92, 0x97, 0x96, 0x94, 0x98, 0x8B, 0x68, 0x5A, 0x5E ; file 1335F9
db 0x74, 0x8C, 0x8C, 0x7E, 0x7B, 0x8F, 0x9B, 0x82, 0x66, 0x6F, 0x89, 0x92, 0x89, 0x73, 0x73, 0x88 ; file 133609
db 0x91, 0x79, 0x57, 0x60, 0x81, 0x94, 0x95, 0x93, 0x95, 0x91, 0x87, 0x72, 0x5F, 0x5E, 0x6B, 0x72 ; file 133619
db 0x79, 0x8E, 0x9A, 0x98, 0x91, 0x93, 0x92, 0x73, 0x5A, 0x55, 0x6A, 0x8B, 0x94, 0x83, 0x79, 0x8B ; file 133629
db 0x9B, 0x86, 0x67, 0x6B, 0x87, 0x92, 0x86, 0x6F, 0x71, 0x8C, 0x96, 0x7E, 0x59, 0x5F, 0x7F, 0x8F ; file 133639
db 0x8F, 0x90, 0x98, 0x97, 0x84, 0x6E, 0x60, 0x65, 0x71, 0x71, 0x71, 0x89, 0x9E, 0x9B, 0x90, 0x8E ; file 133649
db 0x94, 0x7D, 0x5C, 0x4F, 0x61, 0x88, 0x9B, 0x8A, 0x7A, 0x87, 0x9C, 0x8C, 0x6C, 0x68, 0x82, 0x90 ; file 133659
db 0x82, 0x6D, 0x70, 0x8E, 0x9B, 0x86, 0x5E, 0x60, 0x7D, 0x8A, 0x89, 0x8E, 0x9C, 0x9D, 0x82, 0x68 ; file 133669
db 0x60, 0x6C, 0x79, 0x72, 0x6A, 0x81, 0xA0, 0x9F, 0x90, 0x89, 0x93, 0x85, 0x60, 0x4B, 0x59, 0x84 ; file 133679
db 0xA0, 0x91, 0x7A, 0x81, 0x9A, 0x92, 0x71, 0x66, 0x7C, 0x8C, 0x80, 0x6E, 0x70, 0x8C, 0x9C, 0x8B ; file 133689
db 0x64, 0x61, 0x7C, 0x87, 0x82, 0x8A, 0x9D, 0xA0, 0x83, 0x65, 0x60, 0x70, 0x7F, 0x75, 0x66, 0x7A ; file 133699
db 0xA0, 0xA4, 0x8F, 0x84, 0x90, 0x8B, 0x66, 0x49, 0x52, 0x7C, 0xA1, 0x9A, 0x7F, 0x7E, 0x95, 0x95 ; file 1336A9
db 0x77, 0x68, 0x77, 0x87, 0x7D, 0x6F, 0x72, 0x8A, 0x9D, 0x8F, 0x6C, 0x64, 0x7A, 0x85, 0x7F, 0x87 ; file 1336B9
db 0x9C, 0xA0, 0x84, 0x65, 0x61, 0x71, 0x82, 0x78, 0x66, 0x77, 0x9E, 0xA8, 0x90, 0x82, 0x8B, 0x8C ; file 1336C9
db 0x6C, 0x4D, 0x4E, 0x71, 0x9C, 0xA1, 0x87, 0x80, 0x92, 0x95, 0x7C, 0x6C, 0x73, 0x7F, 0x79, 0x71 ; file 1336D9
db 0x75, 0x87, 0x99, 0x90, 0x74, 0x6A, 0x7A, 0x81, 0x7B, 0x84, 0x9B, 0x9F, 0x85, 0x66, 0x61, 0x71 ; file 1336E9
db 0x81, 0x79, 0x68, 0x76, 0x9B, 0xAA, 0x95, 0x83, 0x86, 0x87, 0x6E, 0x53, 0x4F, 0x6C, 0x94, 0xA1 ; file 1336F9
db 0x8E, 0x85, 0x90, 0x94, 0x80, 0x6F, 0x70, 0x77, 0x76, 0x72, 0x79, 0x87, 0x94, 0x8F, 0x79, 0x71 ; file 133709
db 0x7C, 0x80, 0x7A, 0x82, 0x97, 0x9B, 0x87, 0x6A, 0x63, 0x70, 0x7E, 0x7A, 0x6C, 0x77, 0x98, 0xA9 ; file 133719
db 0x98, 0x86, 0x84, 0x81, 0x71, 0x58, 0x51, 0x68, 0x8A, 0x9E, 0x95, 0x8D, 0x90, 0x90, 0x81, 0x73 ; file 133729
db 0x71, 0x71, 0x71, 0x71, 0x7C, 0x88, 0x90, 0x8C, 0x7D, 0x7A, 0x7F, 0x80, 0x79, 0x7D, 0x92, 0x97 ; file 133739
db 0x89, 0x70, 0x64, 0x6D, 0x7A, 0x7A, 0x71, 0x7C, 0x94, 0xA5, 0x9C, 0x8B, 0x83, 0x7A, 0x70, 0x5F ; file 133749
db 0x57, 0x66, 0x7F, 0x96, 0x9A, 0x98, 0x94, 0x8D, 0x7F, 0x75, 0x73, 0x6E, 0x6E, 0x70, 0x7B, 0x89 ; file 133759
db 0x8E, 0x89, 0x80, 0x80, 0x83, 0x80, 0x7A, 0x7C, 0x8C, 0x92, 0x8B, 0x76, 0x66, 0x6A, 0x74, 0x78 ; file 133769
db 0x78, 0x82, 0x92, 0x9E, 0x9C, 0x90, 0x83, 0x75, 0x6C, 0x63, 0x5E, 0x67, 0x78, 0x8C, 0x9A, 0xA1 ; file 133779
db 0x9B, 0x8C, 0x7D, 0x77, 0x74, 0x6E, 0x6C, 0x6E, 0x7A, 0x89, 0x8D, 0x85, 0x7F, 0x83, 0x88, 0x83 ; file 133789
db 0x7C, 0x7C, 0x86, 0x8E, 0x8A, 0x7A, 0x68, 0x68, 0x70, 0x76, 0x7D, 0x87, 0x93, 0x9B, 0x9C, 0x93 ; file 133799
db 0x83, 0x73, 0x68, 0x65, 0x63, 0x69, 0x71, 0x82, 0x99, 0xA8, 0xA2, 0x8C, 0x7A, 0x74, 0x75, 0x73 ; file 1337A9
db 0x6D, 0x6D, 0x77, 0x86, 0x89, 0x81, 0x7F, 0x88, 0x8E, 0x86, 0x7D, 0x79, 0x81, 0x8E, 0x8E, 0x7E ; file 1337B9
db 0x69, 0x63, 0x68, 0x72, 0x81, 0x8F, 0x96, 0x98, 0x98, 0x93, 0x84, 0x75, 0x6A, 0x67, 0x66, 0x69 ; file 1337C9
db 0x6C, 0x7B, 0x96, 0xAD, 0xA9, 0x8E, 0x78, 0x71, 0x75, 0x78, 0x71, 0x6D, 0x75, 0x84, 0x86, 0x7C ; file 1337D9
db 0x7A, 0x88, 0x94, 0x8F, 0x81, 0x76, 0x7B, 0x8B, 0x8F, 0x82, 0x6A, 0x61, 0x63, 0x6E, 0x7F, 0x91 ; file 1337E9
db 0x9A, 0x9B, 0x99, 0x92, 0x80, 0x71, 0x6B, 0x6A, 0x6B, 0x6B, 0x67, 0x72, 0x8F, 0xAD, 0xB0, 0x93 ; file 1337F9
db 0x78, 0x6D, 0x73, 0x7B, 0x78, 0x6F, 0x73, 0x80, 0x82, 0x78, 0x76, 0x89, 0x9A, 0x96, 0x84, 0x72 ; file 133809
db 0x76, 0x89, 0x94, 0x86, 0x6A, 0x5D, 0x5E, 0x6C, 0x7F, 0x93, 0x9E, 0x9F, 0x9A, 0x8F, 0x7D, 0x71 ; file 133819
db 0x6F, 0x6E, 0x6E, 0x6A, 0x64, 0x6D, 0x89, 0xAB, 0xB4, 0x99, 0x7B, 0x6B, 0x71, 0x7C, 0x7D, 0x73 ; file 133829
db 0x73, 0x7D, 0x7E, 0x74, 0x71, 0x87, 0x9E, 0x9E, 0x89, 0x72, 0x71, 0x84, 0x95, 0x8B, 0x6D, 0x5D ; file 133839
db 0x5C, 0x68, 0x7B, 0x91, 0xA2, 0xA5, 0x9D, 0x8C, 0x79, 0x6E, 0x73, 0x74, 0x71, 0x69, 0x61, 0x69 ; file 133849
db 0x83, 0xA6, 0xB5, 0xA0, 0x82, 0x6C, 0x6E, 0x7A, 0x7E, 0x7A, 0x74, 0x78, 0x78, 0x70, 0x6F, 0x85 ; file 133859
db 0xA0, 0xA5, 0x8E, 0x72, 0x6E, 0x80, 0x94, 0x8F, 0x70, 0x5C, 0x5A, 0x67, 0x78, 0x8D, 0xA3, 0xA8 ; file 133869
db 0x9E, 0x89, 0x76, 0x6E, 0x76, 0x7C, 0x75, 0x67, 0x5F, 0x66, 0x7D, 0x9F, 0xB3, 0xA7, 0x88, 0x6F ; file 133879
db 0x6C, 0x77, 0x7F, 0x80, 0x77, 0x72, 0x72, 0x6F, 0x6E, 0x84, 0xA0, 0xA9, 0x93, 0x75, 0x6D, 0x7B ; file 133889
db 0x8F, 0x91, 0x76, 0x5E, 0x5A, 0x65, 0x75, 0x89, 0xA2, 0xAC, 0xA0, 0x88, 0x75, 0x6E, 0x77, 0x80 ; file 133899
db 0x78, 0x66, 0x5F, 0x67, 0x79, 0x97, 0xAE, 0xAB, 0x8F, 0x74, 0x6C, 0x74, 0x7C, 0x83, 0x7A, 0x6F ; file 1338A9
db 0x6D, 0x6D, 0x6F, 0x83, 0xA0, 0xAB, 0x96, 0x78, 0x6E, 0x79, 0x8B, 0x90, 0x7A, 0x5F, 0x5B, 0x65 ; file 1338B9
db 0x74, 0x87, 0xA2, 0xAD, 0x9F, 0x85, 0x74, 0x70, 0x79, 0x83, 0x7A, 0x63, 0x5C, 0x66, 0x78, 0x92 ; file 1338C9
db 0xAC, 0xAE, 0x93, 0x77, 0x6D, 0x72, 0x7C, 0x85, 0x7C, 0x6C, 0x68, 0x6D, 0x72, 0x82, 0x9F, 0xAB ; file 1338D9
db 0x97, 0x7C, 0x70, 0x77, 0x86, 0x8E, 0x7E, 0x61, 0x5B, 0x66, 0x73, 0x85, 0xA0, 0xAD, 0xA0, 0x86 ; file 1338E9
db 0x76, 0x71, 0x78, 0x83, 0x7B, 0x63, 0x5E, 0x68, 0x78, 0x8E, 0xA6, 0xAE, 0x97, 0x7B, 0x6F, 0x71 ; file 1338F9
db 0x7B, 0x85, 0x7D, 0x6A, 0x65, 0x6E, 0x75, 0x82, 0x9C, 0xA8, 0x99, 0x7F, 0x72, 0x76, 0x83, 0x8C ; file 133909
db 0x80, 0x62, 0x5B, 0x66, 0x73, 0x85, 0x9C, 0xAA, 0x9F, 0x87, 0x79, 0x75, 0x79, 0x82, 0x79, 0x63 ; file 133919
db 0x5D, 0x68, 0x78, 0x8A, 0xA2, 0xAD, 0x9A, 0x7F, 0x71, 0x70, 0x7A, 0x84, 0x7D, 0x69, 0x63, 0x6E ; file 133929
db 0x78, 0x82, 0x98, 0xA6, 0x9A, 0x82, 0x72, 0x74, 0x80, 0x8D, 0x83, 0x66, 0x5A, 0x64, 0x72, 0x83 ; file 133939
db 0x99, 0xA8, 0xA0, 0x8B, 0x7B, 0x76, 0x79, 0x82, 0x7B, 0x65, 0x5C, 0x66, 0x75, 0x88, 0xA1, 0xAE ; file 133949
db 0x9E, 0x82, 0x71, 0x6F, 0x7A, 0x83, 0x7E, 0x68, 0x63, 0x6F, 0x7B, 0x82, 0x94, 0xA2, 0x9C, 0x86 ; file 133959
db 0x74, 0x72, 0x7E, 0x8D, 0x86, 0x68, 0x59, 0x63, 0x73, 0x83, 0x96, 0xA4, 0x9F, 0x90, 0x81, 0x79 ; file 133969
db 0x78, 0x7F, 0x7B, 0x66, 0x5C, 0x65, 0x74, 0x86, 0x9F, 0xAC, 0xA1, 0x87, 0x73, 0x6E, 0x78, 0x81 ; file 133979
db 0x7E, 0x69, 0x65, 0x70, 0x7B, 0x80, 0x8F, 0x9E, 0x9E, 0x8C, 0x79, 0x70, 0x7B, 0x8D, 0x8B, 0x6E ; file 133989
db 0x5A, 0x5F, 0x6E, 0x7F, 0x90, 0x9F, 0xA0, 0x98, 0x89, 0x7A, 0x74, 0x7B, 0x7D, 0x6C, 0x5E, 0x62 ; file 133999
db 0x6E, 0x83, 0x9D, 0xAC, 0xA4, 0x8C, 0x77, 0x6E, 0x73, 0x7D, 0x7F, 0x6E, 0x6A, 0x72, 0x79, 0x7C ; file 1339A9
db 0x87, 0x99, 0x9F, 0x91, 0x7D, 0x70, 0x78, 0x8D, 0x8F, 0x75, 0x5C, 0x5D, 0x6B, 0x7B, 0x89, 0x99 ; file 1339B9
db 0x9F, 0xA0, 0x94, 0x7F, 0x72, 0x75, 0x7B, 0x6F, 0x60, 0x61, 0x6B, 0x80, 0x99, 0xAA, 0xA5, 0x91 ; file 1339C9
db 0x7D, 0x71, 0x70, 0x78, 0x7C, 0x72, 0x6E, 0x76, 0x79, 0x79, 0x7E, 0x93, 0x9E, 0x95, 0x82, 0x72 ; file 1339D9
db 0x77, 0x8C, 0x91, 0x7A, 0x5E, 0x5C, 0x68, 0x75, 0x82, 0x94, 0xA0, 0xA5, 0x9B, 0x84, 0x70, 0x6F ; file 1339E9
db 0x79, 0x72, 0x63, 0x61, 0x68, 0x7B, 0x95, 0xA9, 0xA9, 0x95, 0x80, 0x72, 0x6D, 0x74, 0x7B, 0x77 ; file 1339F9
db 0x75, 0x7A, 0x79, 0x74, 0x77, 0x8D, 0x9E, 0x98, 0x86, 0x75, 0x76, 0x8A, 0x93, 0x80, 0x63, 0x5A ; file 133A09
db 0x63, 0x6F, 0x7B, 0x8F, 0xA2, 0xA9, 0xA1, 0x89, 0x71, 0x6C, 0x77, 0x75, 0x67, 0x5F, 0x65, 0x78 ; file 133A19
db 0x92, 0xA6, 0xA9, 0x98, 0x83, 0x74, 0x6C, 0x70, 0x7A, 0x7C, 0x7B, 0x7C, 0x77, 0x70, 0x72, 0x88 ; file 133A29
db 0x9C, 0x9A, 0x89, 0x78, 0x77, 0x87, 0x94, 0x86, 0x6A, 0x5A, 0x5E, 0x67, 0x75, 0x8C, 0xA4, 0xAD ; file 133A39
db 0xA5, 0x8C, 0x72, 0x69, 0x74, 0x77, 0x6C, 0x61, 0x63, 0x73, 0x8D, 0xA4, 0xAB, 0x9B, 0x85, 0x74 ; file 133A49
db 0x6A, 0x6E, 0x7A, 0x82, 0x81, 0x7C, 0x74, 0x6C, 0x6E, 0x84, 0x9A, 0x9B, 0x8C, 0x7C, 0x7A, 0x87 ; file 133A59
db 0x93, 0x8A, 0x6F, 0x5A, 0x57, 0x60, 0x72, 0x8C, 0xA6, 0xB0, 0xA7, 0x8F, 0x74, 0x69, 0x70, 0x78 ; file 133A69
db 0x6F, 0x63, 0x61, 0x6F, 0x88, 0xA3, 0xAC, 0x9F, 0x87, 0x73, 0x68, 0x6C, 0x7B, 0x88, 0x88, 0x7E ; file 133A79
db 0x70, 0x67, 0x6B, 0x81, 0x98, 0x9C, 0x8F, 0x7F, 0x7B, 0x85, 0x93, 0x90, 0x77, 0x5C, 0x51, 0x57 ; file 133A89
db 0x6D, 0x8B, 0xA7, 0xB2, 0xA8, 0x91, 0x76, 0x69, 0x6E, 0x78, 0x73, 0x66, 0x60, 0x6B, 0x84, 0xA1 ; file 133A99
db 0xAC, 0xA2, 0x88, 0x72, 0x67, 0x6C, 0x7C, 0x8D, 0x8D, 0x80, 0x6E, 0x63, 0x68, 0x7D, 0x93, 0x9B ; file 133AA9
db 0x92, 0x83, 0x7D, 0x85, 0x92, 0x95, 0x7F, 0x5F, 0x4B, 0x4E, 0x68, 0x8A, 0xA7, 0xB3, 0xAA, 0x94 ; file 133AB9
db 0x7A, 0x6B, 0x6D, 0x78, 0x76, 0x68, 0x5D, 0x65, 0x80, 0x9F, 0xAD, 0xA5, 0x8A, 0x70, 0x64, 0x6B ; file 133AC9
db 0x7D, 0x91, 0x91, 0x81, 0x6C, 0x61, 0x68, 0x7B, 0x8E, 0x98, 0x93, 0x85, 0x7F, 0x85, 0x93, 0x99 ; file 133AD9
db 0x85, 0x62, 0x47, 0x47, 0x64, 0x8B, 0xA7, 0xB2, 0xA9, 0x95, 0x7D, 0x6F, 0x6F, 0x78, 0x77, 0x6A ; file 133AE9
db 0x5B, 0x60, 0x7C, 0x9E, 0xAF, 0xA8, 0x8D, 0x6F, 0x61, 0x69, 0x7F, 0x94, 0x95, 0x83, 0x6A, 0x5E ; file 133AF9
db 0x67, 0x7A, 0x8B, 0x94, 0x93, 0x87, 0x80, 0x84, 0x94, 0x9D, 0x8C, 0x67, 0x45, 0x3F, 0x5E, 0x8A ; file 133B09
db 0xA7, 0xB0, 0xA9, 0x96, 0x80, 0x72, 0x72, 0x7A, 0x78, 0x6B, 0x5A, 0x5C, 0x78, 0x9D, 0xAF, 0xA9 ; file 133B19
db 0x8F, 0x6F, 0x5E, 0x67, 0x81, 0x98, 0x99, 0x85, 0x68, 0x5B, 0x65, 0x7B, 0x8A, 0x90, 0x8F, 0x86 ; file 133B29
db 0x7F, 0x85, 0x96, 0xA2, 0x94, 0x6C, 0x43, 0x38, 0x57, 0x87, 0xA7, 0xB1, 0xA9, 0x95, 0x81, 0x75 ; file 133B39
db 0x76, 0x7E, 0x7A, 0x6A, 0x57, 0x56, 0x74, 0x9B, 0xAF, 0xAA, 0x91, 0x71, 0x5D, 0x64, 0x80, 0x9A ; file 133B49
db 0x9D, 0x87, 0x68, 0x58, 0x64, 0x7A, 0x89, 0x8D, 0x8D, 0x86, 0x80, 0x86, 0x97, 0xA4, 0x99, 0x71 ; file 133B59
db 0x45, 0x34, 0x50, 0x81, 0xA5, 0xB0, 0xA9, 0x97, 0x83, 0x79, 0x7A, 0x80, 0x7C, 0x6A, 0x56, 0x54 ; file 133B69
db 0x71, 0x98, 0xAD, 0xA9, 0x93, 0x74, 0x60, 0x64, 0x7F, 0x9B, 0xA0, 0x8A, 0x69, 0x56, 0x64, 0x7A ; file 133B79
db 0x88, 0x8B, 0x87, 0x83, 0x81, 0x89, 0x9A, 0xA6, 0x9B, 0x75, 0x48, 0x34, 0x4C, 0x7A, 0xA0, 0xAE ; file 133B89
db 0xA8, 0x97, 0x84, 0x7D, 0x7F, 0x83, 0x7E, 0x68, 0x54, 0x52, 0x70, 0x96, 0xAC, 0xA8, 0x92, 0x75 ; file 133B99
db 0x62, 0x64, 0x7E, 0x9A, 0xA3, 0x8D, 0x6A, 0x55, 0x62, 0x79, 0x88, 0x89, 0x82, 0x7F, 0x81, 0x8C ; file 133BA9
db 0x9D, 0xA8, 0x9F, 0x7B, 0x4C, 0x35, 0x47, 0x73, 0x99, 0xAB, 0xA7, 0x97, 0x87, 0x81, 0x85, 0x87 ; file 133BB9
db 0x81, 0x67, 0x51, 0x4F, 0x6D, 0x94, 0xAA, 0xA7, 0x94, 0x78, 0x65, 0x64, 0x7A, 0x97, 0xA4, 0x92 ; file 133BC9
db 0x6E, 0x56, 0x60, 0x79, 0x87, 0x88, 0x7E, 0x7A, 0x7F, 0x8E, 0xA0, 0xA9, 0xA1, 0x81, 0x51, 0x37 ; file 133BD9
db 0x43, 0x6A, 0x92, 0xA8, 0xA7, 0x99, 0x89, 0x84, 0x89, 0x8A, 0x83, 0x68, 0x4F, 0x4D, 0x6A, 0x92 ; file 133BE9
db 0xA7, 0xA6, 0x96, 0x7B, 0x67, 0x65, 0x78, 0x93, 0xA3, 0x96, 0x73, 0x58, 0x5F, 0x79, 0x87, 0x86 ; file 133BF9
db 0x7A, 0x73, 0x7C, 0x8E, 0xA2, 0xAB, 0xA4, 0x88, 0x59, 0x3A, 0x40, 0x61, 0x8A, 0xA3, 0xA7, 0x9A ; file 133C09
db 0x8A, 0x86, 0x8D, 0x8D, 0x85, 0x6C, 0x51, 0x4C, 0x65, 0x8C, 0xA3, 0xA4, 0x99, 0x81, 0x6B, 0x67 ; file 133C19
db 0x74, 0x8D, 0xA1, 0x9A, 0x7A, 0x5C, 0x5D, 0x75, 0x84, 0x83, 0x79, 0x72, 0x7B, 0x8E, 0xA2, 0xAA ; file 133C29
db 0xA4, 0x8F, 0x64, 0x40, 0x3D, 0x59, 0x7F, 0x9C, 0xA6, 0x9C, 0x8D, 0x89, 0x90, 0x8F, 0x85, 0x6E ; file 133C39
db 0x53, 0x4B, 0x61, 0x86, 0x9E, 0xA1, 0x9A, 0x87, 0x70, 0x68, 0x72, 0x87, 0x9C, 0x9C, 0x81, 0x61 ; file 133C49
db 0x5E, 0x75, 0x83, 0x81, 0x77, 0x70, 0x78, 0x8D, 0xA2, 0xAA, 0xA4, 0x94, 0x6F, 0x47, 0x3D, 0x52 ; file 133C59
db 0x76, 0x94, 0xA2, 0x9E, 0x91, 0x8D, 0x94, 0x92, 0x85, 0x71, 0x58, 0x4D, 0x5E, 0x80, 0x97, 0x9D ; file 133C69
db 0x9B, 0x8E, 0x77, 0x6A, 0x70, 0x83, 0x97, 0x9D, 0x88, 0x68, 0x61, 0x73, 0x81, 0x7E, 0x74, 0x70 ; file 133C79
db 0x78, 0x8B, 0x9F, 0xA7, 0xA3, 0x98, 0x7B, 0x52, 0x40, 0x4D, 0x6B, 0x8A, 0x9C, 0x9E, 0x94, 0x90 ; file 133C89
db 0x96, 0x94, 0x84, 0x72, 0x5D, 0x50, 0x5D, 0x7A, 0x92, 0x99, 0x99, 0x92, 0x7E, 0x6D, 0x6F, 0x7E ; file 133C99
db 0x90, 0x9B, 0x8C, 0x6F, 0x65, 0x72, 0x7F, 0x7A, 0x71, 0x70, 0x78, 0x89, 0x9C, 0xA4, 0xA2, 0x9D ; file 133CA9
db 0x86, 0x5C, 0x42, 0x48, 0x62, 0x81, 0x96, 0x9E, 0x99, 0x95, 0x98, 0x95, 0x83, 0x74, 0x64, 0x55 ; file 133CB9
db 0x5D, 0x72, 0x88, 0x94, 0x98, 0x97, 0x87, 0x72, 0x6E, 0x78, 0x88, 0x98, 0x91, 0x78, 0x6C, 0x72 ; file 133CC9
db 0x7C, 0x76, 0x6D, 0x6F, 0x7B, 0x89, 0x99, 0x9F, 0x9F, 0x9E, 0x8F, 0x68, 0x4A, 0x47, 0x5C, 0x76 ; file 133CD9
db 0x8C, 0x99, 0x9D, 0x9C, 0x9D, 0x96, 0x82, 0x72, 0x68, 0x5B, 0x5E, 0x6D, 0x81, 0x8E, 0x97, 0x99 ; file 133CE9
db 0x8E, 0x78, 0x6F, 0x74, 0x81, 0x92, 0x93, 0x80, 0x74, 0x75, 0x7A, 0x71, 0x68, 0x6C, 0x7C, 0x8A ; file 133CF9
db 0x96, 0x9B, 0x9C, 0xA0, 0x97, 0x73, 0x50, 0x46, 0x55, 0x6C, 0x83, 0x95, 0x9F, 0xA2, 0xA1, 0x96 ; file 133D09
db 0x81, 0x72, 0x6B, 0x61, 0x60, 0x69, 0x7A, 0x88, 0x94, 0x9A, 0x94, 0x80, 0x72, 0x71, 0x7A, 0x8A ; file 133D19
db 0x93, 0x87, 0x7C, 0x79, 0x78, 0x6D, 0x65, 0x6A, 0x7D, 0x8C, 0x95, 0x97, 0x99, 0x9F, 0x9C, 0x7E ; file 133D29
db 0x5A, 0x4A, 0x52, 0x64, 0x79, 0x8E, 0x9F, 0xA8, 0xA6, 0x98, 0x81, 0x71, 0x6D, 0x66, 0x62, 0x68 ; file 133D39
db 0x75, 0x83, 0x91, 0x98, 0x96, 0x87, 0x77, 0x70, 0x75, 0x83, 0x90, 0x8B, 0x83, 0x7E, 0x78, 0x6C ; file 133D49
db 0x62, 0x67, 0x7B, 0x8B, 0x93, 0x94, 0x97, 0x9E, 0x9E, 0x87, 0x63, 0x4E, 0x4F, 0x5C, 0x6F, 0x87 ; file 133D59
db 0x9E, 0xAD, 0xAB, 0x9A, 0x82, 0x71, 0x6D, 0x6A, 0x65, 0x67, 0x6F, 0x7E, 0x8D, 0x97, 0x99, 0x8E ; file 133D69
db 0x7C, 0x70, 0x70, 0x7C, 0x8B, 0x90, 0x8B, 0x84, 0x79, 0x6A, 0x5F, 0x64, 0x78, 0x8C, 0x94, 0x93 ; file 133D79
db 0x95, 0x9C, 0x9D, 0x8D, 0x6C, 0x55, 0x4E, 0x57, 0x67, 0x7F, 0x9A, 0xB0, 0xB1, 0x9F, 0x86, 0x71 ; file 133D89
db 0x6C, 0x6B, 0x67, 0x67, 0x6D, 0x7B, 0x8A, 0x95, 0x9A, 0x93, 0x82, 0x72, 0x6E, 0x76, 0x84, 0x8F ; file 133D99
db 0x90, 0x89, 0x7D, 0x6C, 0x5F, 0x61, 0x72, 0x88, 0x92, 0x93, 0x96, 0x9B, 0x9C, 0x91, 0x75, 0x5A ; file 133DA9
db 0x50, 0x52, 0x61, 0x76, 0x94, 0xAF, 0xB4, 0xA5, 0x8C, 0x73, 0x69, 0x68, 0x68, 0x67, 0x6D, 0x7A ; file 133DB9
db 0x88, 0x92, 0x98, 0x95, 0x87, 0x77, 0x6F, 0x72, 0x7D, 0x8B, 0x93, 0x8D, 0x82, 0x70, 0x61, 0x5F ; file 133DC9
db 0x6C, 0x83, 0x90, 0x95, 0x99, 0x9B, 0x9A, 0x92, 0x7C, 0x60, 0x53, 0x51, 0x5C, 0x70, 0x8D, 0xAC ; file 133DD9
db 0xB6, 0xAC, 0x94, 0x77, 0x68, 0x65, 0x68, 0x68, 0x6D, 0x79, 0x86, 0x90, 0x96, 0x95, 0x8B, 0x7D ; file 133DE9
db 0x71, 0x6E, 0x76, 0x85, 0x94, 0x92, 0x88, 0x77, 0x64, 0x5D, 0x65, 0x7B, 0x8D, 0x96, 0x9C, 0x9C ; file 133DF9
db 0x99, 0x92, 0x81, 0x67, 0x56, 0x51, 0x59, 0x6A, 0x85, 0xA4, 0xB5, 0xB3, 0x9E, 0x7E, 0x67, 0x60 ; file 133E09
db 0x64, 0x68, 0x6D, 0x7A, 0x87, 0x90, 0x94, 0x94, 0x8B, 0x80, 0x76, 0x6F, 0x71, 0x7F, 0x90, 0x95 ; file 133E19
db 0x8D, 0x7E, 0x6A, 0x5E, 0x60, 0x71, 0x86, 0x95, 0x9F, 0x9F, 0x98, 0x91, 0x82, 0x6C, 0x59, 0x52 ; file 133E29
db 0x58, 0x66, 0x7E, 0x9C, 0xB1, 0xB6, 0xA7, 0x87, 0x68, 0x5C, 0x5F, 0x67, 0x6D, 0x7A, 0x88, 0x90 ; file 133E39
db 0x94, 0x91, 0x8A, 0x82, 0x7B, 0x72, 0x6E, 0x79, 0x8A, 0x95, 0x92, 0x85, 0x71, 0x60, 0x5D, 0x6A ; file 133E49
db 0x80, 0x93, 0xA1, 0xA3, 0x9A, 0x92, 0x83, 0x70, 0x5D, 0x55, 0x59, 0x64, 0x77, 0x93, 0xAC, 0xB7 ; file 133E59
db 0xAF, 0x91, 0x6C, 0x5A, 0x5A, 0x63, 0x6D, 0x7A, 0x89, 0x91, 0x94, 0x90, 0x8A, 0x82, 0x7E, 0x76 ; file 133E69
db 0x6D, 0x72, 0x83, 0x93, 0x97, 0x8C, 0x79, 0x64, 0x5B, 0x64, 0x79, 0x8F, 0xA2, 0xA6, 0x9D, 0x91 ; file 133E79
db 0x83, 0x70, 0x60, 0x58, 0x5C, 0x64, 0x74, 0x8C, 0xA7, 0xB6, 0xB3, 0x98, 0x70, 0x58, 0x57, 0x60 ; file 133E89
db 0x6D, 0x7C, 0x8C, 0x94, 0x94, 0x8D, 0x86, 0x80, 0x7F, 0x7A, 0x70, 0x70, 0x80, 0x90, 0x98, 0x90 ; file 133E99
db 0x7E, 0x66, 0x59, 0x5F, 0x73, 0x8C, 0xA1, 0xAA, 0xA0, 0x91, 0x81, 0x6E, 0x61, 0x5C, 0x60, 0x65 ; file 133EA9
db 0x71, 0x87, 0xA3, 0xB5, 0xB5, 0x9D, 0x75, 0x57, 0x53, 0x5C, 0x6C, 0x7E, 0x8F, 0x97, 0x94, 0x8B ; file 133EB9
db 0x83, 0x7E, 0x7F, 0x7C, 0x71, 0x6D, 0x7C, 0x8E, 0x99, 0x95, 0x82, 0x69, 0x58, 0x5C, 0x6F, 0x88 ; file 133EC9
db 0xA0, 0xAD, 0xA4, 0x92, 0x7F, 0x6C, 0x61, 0x5E, 0x62, 0x67, 0x6F, 0x84, 0xA0, 0xB3, 0xB5, 0x9F ; file 133ED9
db 0x78, 0x57, 0x51, 0x5A, 0x6B, 0x7F, 0x92, 0x99, 0x94, 0x8A, 0x80, 0x7D, 0x7F, 0x7E, 0x74, 0x6C ; file 133EE9
db 0x78, 0x8C, 0x99, 0x98, 0x86, 0x6C, 0x59, 0x5A, 0x6B, 0x86, 0x9F, 0xAE, 0xA7, 0x92, 0x7E, 0x6C ; file 133EF9
db 0x62, 0x62, 0x65, 0x68, 0x6D, 0x81, 0x9D, 0xB1, 0xB5, 0xA2, 0x7B, 0x58, 0x4E, 0x57, 0x69, 0x81 ; file 133F09
db 0x94, 0x9B, 0x94, 0x89, 0x7F, 0x7C, 0x7E, 0x7F, 0x75, 0x6C, 0x75, 0x89, 0x98, 0x9B, 0x8B, 0x70 ; file 133F19
db 0x5A, 0x58, 0x68, 0x82, 0x9B, 0xAD, 0xA9, 0x93, 0x7E, 0x6B, 0x62, 0x64, 0x67, 0x69, 0x6C, 0x7F ; file 133F29
db 0x9A, 0xB0, 0xB5, 0xA5, 0x80, 0x5B, 0x4D, 0x54, 0x66, 0x7F, 0x94, 0x9C, 0x95, 0x8A, 0x80, 0x7C ; file 133F39
db 0x7D, 0x7D, 0x76, 0x6C, 0x72, 0x86, 0x97, 0x9D, 0x90, 0x75, 0x5D, 0x58, 0x66, 0x7E, 0x96, 0xA8 ; file 133F49
db 0xA9, 0x96, 0x81, 0x70, 0x66, 0x66, 0x68, 0x68, 0x6B, 0x7C, 0x97, 0xAC, 0xB2, 0xA5, 0x85, 0x60 ; file 133F59
db 0x4F, 0x54, 0x65, 0x7E, 0x93, 0x9A, 0x95, 0x8C, 0x83, 0x7D, 0x7C, 0x7B, 0x76, 0x6D, 0x71, 0x84 ; file 133F69
db 0x96, 0x9D, 0x92, 0x79, 0x61, 0x5A, 0x65, 0x7A, 0x91, 0xA3, 0xA7, 0x97, 0x83, 0x74, 0x6A, 0x68 ; file 133F79
db 0x68, 0x67, 0x6A, 0x7A, 0x93, 0xA8, 0xAE, 0xA4, 0x89, 0x67, 0x53, 0x55, 0x64, 0x7C, 0x91, 0x98 ; file 133F89
db 0x94, 0x8D, 0x86, 0x7E, 0x7A, 0x78, 0x75, 0x6F, 0x71, 0x82, 0x94, 0x9C, 0x94, 0x7C, 0x64, 0x5D ; file 133F99
db 0x65, 0x76, 0x8B, 0x9E, 0xA4, 0x99, 0x86, 0x77, 0x6D, 0x6A, 0x69, 0x66, 0x69, 0x7A, 0x91, 0xA2 ; file 133FA9
db 0xA9, 0xA2, 0x8C, 0x6D, 0x57, 0x57, 0x65, 0x7C, 0x8E, 0x94, 0x92, 0x8F, 0x89, 0x7F, 0x79, 0x76 ; file 133FB9
db 0x75, 0x71, 0x73, 0x81, 0x91, 0x9A, 0x94, 0x7E, 0x68, 0x60, 0x67, 0x73, 0x86, 0x98, 0xA0, 0x9A ; file 133FC9
db 0x88, 0x7B, 0x71, 0x6C, 0x6A, 0x66, 0x69, 0x7B, 0x90, 0x9E, 0xA4, 0x9D, 0x8D, 0x72, 0x5C, 0x59 ; file 133FD9
db 0x65, 0x7B, 0x8E, 0x92, 0x90, 0x8F, 0x8A, 0x7F, 0x76, 0x74, 0x75, 0x75, 0x77, 0x81, 0x8F, 0x98 ; file 133FE9
db 0x93, 0x7F, 0x69, 0x64, 0x69, 0x72, 0x83, 0x95, 0x9E, 0x99, 0x8A, 0x7C, 0x72, 0x6D, 0x6C, 0x67 ; file 133FF9
db 0x6A, 0x7E, 0x91, 0x9A, 0x9D, 0x98, 0x8C, 0x75, 0x60, 0x5D, 0x68, 0x7D, 0x8E, 0x8F, 0x8C, 0x8E ; file 134009
db 0x8A, 0x7E, 0x73, 0x72, 0x77, 0x7A, 0x7C, 0x82, 0x8D, 0x94, 0x91, 0x7E, 0x69, 0x66, 0x6C, 0x74 ; file 134019
db 0x82, 0x92, 0x9C, 0x98, 0x8A, 0x7C, 0x71, 0x6D, 0x6D, 0x6A, 0x6D, 0x81, 0x92, 0x96, 0x96, 0x93 ; file 134029
db 0x8B, 0x78, 0x65, 0x61, 0x6A, 0x7E, 0x8E, 0x8E, 0x8A, 0x8D, 0x8A, 0x7C, 0x70, 0x70, 0x78, 0x7E ; file 134039
db 0x81, 0x85, 0x8B, 0x91, 0x8F, 0x7C, 0x68, 0x67, 0x6F, 0x76, 0x81, 0x91, 0x9B, 0x98, 0x8B, 0x7C ; file 134049
db 0x6F, 0x6B, 0x6D, 0x6C, 0x70, 0x84, 0x94, 0x94, 0x91, 0x8E, 0x87, 0x78, 0x68, 0x64, 0x6D, 0x80 ; file 134059
db 0x8F, 0x8E, 0x88, 0x8A, 0x88, 0x7A, 0x6C, 0x6F, 0x7B, 0x83, 0x87, 0x88, 0x89, 0x8D, 0x8B, 0x7A ; file 134069
db 0x68, 0x67, 0x72, 0x79, 0x82, 0x91, 0x9A, 0x98, 0x8B, 0x7B, 0x6D, 0x69, 0x6D, 0x6F, 0x74, 0x86 ; file 134079
db 0x95, 0x93, 0x8C, 0x89, 0x84, 0x78, 0x6B, 0x68, 0x70, 0x82, 0x91, 0x8E, 0x86, 0x85, 0x84, 0x77 ; file 134089
db 0x6A, 0x6F, 0x7D, 0x88, 0x8D, 0x8B, 0x88, 0x8A, 0x86, 0x77, 0x66, 0x66, 0x73, 0x7C, 0x84, 0x93 ; file 134099
db 0x9B, 0x98, 0x8B, 0x78, 0x6A, 0x67, 0x6D, 0x72, 0x79, 0x88, 0x95, 0x93, 0x8A, 0x86, 0x81, 0x78 ; file 1340A9
db 0x6D, 0x6A, 0x71, 0x83, 0x92, 0x91, 0x88, 0x83, 0x7F, 0x72, 0x67, 0x6E, 0x80, 0x8C, 0x92, 0x8F ; file 1340B9
db 0x89, 0x87, 0x82, 0x74, 0x66, 0x64, 0x71, 0x7D, 0x86, 0x95, 0x9F, 0x9B, 0x8C, 0x76, 0x65, 0x63 ; file 1340C9
db 0x6B, 0x74, 0x7D, 0x8B, 0x97, 0x94, 0x88, 0x82, 0x7E, 0x76, 0x6E, 0x6C, 0x73, 0x85, 0x94, 0x94 ; file 1340D9
db 0x8B, 0x81, 0x79, 0x6D, 0x64, 0x6E, 0x82, 0x91, 0x98, 0x93, 0x89, 0x84, 0x7D, 0x70, 0x64, 0x63 ; file 1340E9
db 0x70, 0x7D, 0x88, 0x99, 0xA2, 0x9D, 0x8C, 0x73, 0x61, 0x5F, 0x68, 0x75, 0x81, 0x8F, 0x98, 0x93 ; file 1340F9
db 0x88, 0x80, 0x7C, 0x75, 0x6F, 0x6D, 0x73, 0x85, 0x95, 0x97, 0x8E, 0x80, 0x73, 0x68, 0x61, 0x6C ; file 134109
db 0x83, 0x95, 0x9D, 0x98, 0x8C, 0x83, 0x78, 0x6C, 0x62, 0x61, 0x6C, 0x7C, 0x8B, 0x9D, 0xA7, 0xA1 ; file 134119
db 0x8E, 0x72, 0x5E, 0x5B, 0x65, 0x75, 0x84, 0x92, 0x99, 0x94, 0x89, 0x7F, 0x7B, 0x74, 0x6F, 0x6D ; file 134129
db 0x73, 0x85, 0x96, 0x99, 0x90, 0x80, 0x6E, 0x62, 0x5E, 0x6C, 0x84, 0x98, 0xA2, 0x9E, 0x8F, 0x82 ; file 134139
db 0x75, 0x69, 0x60, 0x5F, 0x68, 0x79, 0x8C, 0xA1, 0xAD, 0xA7, 0x92, 0x73, 0x5B, 0x55, 0x60, 0x71 ; file 134149
db 0x84, 0x93, 0x9A, 0x96, 0x8A, 0x81, 0x7C, 0x75, 0x6F, 0x6C, 0x70, 0x82, 0x96, 0x9D, 0x95, 0x82 ; file 134159
db 0x6D, 0x5E, 0x5B, 0x69, 0x83, 0x99, 0xA5, 0xA3, 0x93, 0x83, 0x74, 0x67, 0x5E, 0x5C, 0x63, 0x73 ; file 134169
db 0x8A, 0xA3, 0xB2, 0xAD, 0x96, 0x76, 0x5A, 0x51, 0x5A, 0x6C, 0x81, 0x93, 0x9B, 0x98, 0x8E, 0x84 ; file 134179
db 0x7D, 0x75, 0x6E, 0x6B, 0x6E, 0x7F, 0x95, 0xA0, 0x99, 0x85, 0x6D, 0x5B, 0x59, 0x67, 0x80, 0x98 ; file 134189
db 0xA7, 0xA7, 0x98, 0x84, 0x74, 0x66, 0x5D, 0x5A, 0x5F, 0x6D, 0x87, 0xA4, 0xB7, 0xB3, 0x9B, 0x7B ; file 134199
db 0x5B, 0x4E, 0x55, 0x67, 0x7D, 0x91, 0x9C, 0x9A, 0x91, 0x88, 0x80, 0x76, 0x6E, 0x6A, 0x6B, 0x7A ; file 1341A9
db 0x92, 0xA1, 0x9C, 0x88, 0x6F, 0x5A, 0x58, 0x65, 0x7D, 0x95, 0xA7, 0xAA, 0x9E, 0x88, 0x76, 0x67 ; file 1341B9
db 0x5B, 0x57, 0x5A, 0x66, 0x83, 0xA5, 0xBB, 0xB9, 0xA1, 0x80, 0x5E, 0x4C, 0x50, 0x61, 0x77, 0x8E ; file 1341C9
db 0x9C, 0x9D, 0x95, 0x8C, 0x83, 0x78, 0x6E, 0x68, 0x68, 0x76, 0x8F, 0xA1, 0x9F, 0x8B, 0x71, 0x5C ; file 1341D9
db 0x57, 0x64, 0x7A, 0x92, 0xA6, 0xAD, 0xA2, 0x8B, 0x77, 0x67, 0x5A, 0x55, 0x57, 0x63, 0x80, 0xA4 ; file 1341E9
db 0xBC, 0xBC, 0xA6, 0x84, 0x61, 0x4A, 0x4C, 0x5C, 0x72, 0x8B, 0x9C, 0xA0, 0x9A, 0x91, 0x84, 0x77 ; file 1341F9
db 0x6C, 0x67, 0x67, 0x73, 0x8C, 0xA0, 0xA0, 0x8F, 0x74, 0x5E, 0x57, 0x62, 0x76, 0x8F, 0xA4, 0xAF ; file 134209
db 0xA6, 0x8F, 0x78, 0x67, 0x59, 0x52, 0x54, 0x62, 0x80, 0xA5, 0xBD, 0xBD, 0xA9, 0x88, 0x65, 0x4B ; file 134219
db 0x48, 0x56, 0x6E, 0x89, 0x9D, 0xA3, 0x9E, 0x94, 0x85, 0x77, 0x6B, 0x67, 0x68, 0x73, 0x8A, 0x9E ; file 134229
db 0x9F, 0x8F, 0x76, 0x61, 0x58, 0x62, 0x75, 0x8D, 0xA4, 0xB1, 0xAA, 0x92, 0x78, 0x65, 0x57, 0x50 ; file 134239
db 0x54, 0x63, 0x80, 0xA5, 0xBD, 0xBE, 0xAC, 0x8C, 0x68, 0x4C, 0x45, 0x52, 0x6A, 0x87, 0x9D, 0xA6 ; file 134249
db 0xA1, 0x97, 0x87, 0x76, 0x6B, 0x66, 0x69, 0x73, 0x88, 0x9C, 0x9E, 0x90, 0x78, 0x62, 0x59, 0x60 ; file 134259
db 0x72, 0x8A, 0xA3, 0xB2, 0xAE, 0x96, 0x79, 0x63, 0x54, 0x4E, 0x52, 0x62, 0x81, 0xA4, 0xBC, 0xBD ; file 134269
db 0xAD, 0x8F, 0x6C, 0x4E, 0x43, 0x4D, 0x65, 0x83, 0x9D, 0xA7, 0xA3, 0x98, 0x88, 0x76, 0x6B, 0x67 ; file 134279
db 0x6A, 0x74, 0x86, 0x98, 0x9B, 0x90, 0x7B, 0x66, 0x5B, 0x5F, 0x70, 0x87, 0xA2, 0xB3, 0xB1, 0x99 ; file 134289
db 0x7B, 0x62, 0x52, 0x4B, 0x51, 0x62, 0x80, 0xA3, 0xBC, 0xBF, 0xB0, 0x94, 0x72, 0x51, 0x42, 0x48 ; file 134299
db 0x5F, 0x7F, 0x9C, 0xA9, 0xA7, 0x9B, 0x8B, 0x78, 0x6A, 0x67, 0x6A, 0x74, 0x84, 0x94, 0x99, 0x90 ; file 1342A9
db 0x7F, 0x6A, 0x5D, 0x5F, 0x6D, 0x83, 0x9D, 0xB1, 0xB3, 0xA0, 0x81, 0x64, 0x51, 0x49, 0x4F, 0x5F ; file 1342B9
db 0x7C, 0x9E, 0xB9, 0xC0, 0xB3, 0x9A, 0x79, 0x58, 0x43, 0x44, 0x57, 0x75, 0x96, 0xA8, 0xAA, 0xA0 ; file 1342C9
db 0x90, 0x7D, 0x6B, 0x67, 0x69, 0x71, 0x80, 0x8E, 0x96, 0x91, 0x83, 0x71, 0x62, 0x5F, 0x6A, 0x7F ; file 1342D9
db 0x96, 0xAD, 0xB4, 0xA6, 0x88, 0x69, 0x52, 0x47, 0x4D, 0x5C, 0x76, 0x98, 0xB4, 0xC0, 0xB8, 0xA1 ; file 1342E9
db 0x81, 0x5F, 0x46, 0x41, 0x4F, 0x6B, 0x8F, 0xA7, 0xAD, 0xA5, 0x94, 0x81, 0x6D, 0x67, 0x68, 0x6F ; file 1342F9
db 0x7E, 0x8B, 0x93, 0x91, 0x86, 0x77, 0x65, 0x60, 0x67, 0x7A, 0x91, 0xA9, 0xB4, 0xAB, 0x91, 0x6F ; file 134309
db 0x55, 0x46, 0x4A, 0x5A, 0x70, 0x92, 0xAF, 0xBF, 0xBB, 0xA6, 0x89, 0x67, 0x4C, 0x41, 0x48, 0x61 ; file 134319
db 0x87, 0xA4, 0xAE, 0xA9, 0x99, 0x86, 0x72, 0x67, 0x67, 0x6D, 0x7B, 0x88, 0x90, 0x8F, 0x87, 0x7B ; file 134329
db 0x6A, 0x62, 0x65, 0x74, 0x8B, 0xA3, 0xB2, 0xAF, 0x98, 0x77, 0x58, 0x46, 0x46, 0x54, 0x6A, 0x8A ; file 134339
db 0xAA, 0xBE, 0xBF, 0xAB, 0x90, 0x6F, 0x52, 0x41, 0x42, 0x58, 0x7D, 0x9F, 0xAF, 0xAC, 0x9E, 0x8C ; file 134349
db 0x78, 0x68, 0x64, 0x6A, 0x78, 0x86, 0x8F, 0x8F, 0x89, 0x7F, 0x6F, 0x63, 0x63, 0x6F, 0x86, 0x9D ; file 134359
db 0xAF, 0xB2, 0xA0, 0x7F, 0x5E, 0x48, 0x44, 0x4F, 0x64, 0x84, 0xA5, 0xBD, 0xC1, 0xB0, 0x95, 0x77 ; file 134369
db 0x59, 0x43, 0x3F, 0x50, 0x73, 0x99, 0xAE, 0xAF, 0xA3, 0x92, 0x7E, 0x6A, 0x62, 0x67, 0x75, 0x83 ; file 134379
db 0x8D, 0x8F, 0x8A, 0x82, 0x74, 0x67, 0x64, 0x6C, 0x81, 0x98, 0xAA, 0xB2, 0xA5, 0x87, 0x66, 0x4D ; file 134389
db 0x44, 0x4B, 0x5E, 0x7C, 0x9E, 0xB9, 0xC2, 0xB5, 0x9B, 0x7F, 0x61, 0x48, 0x3D, 0x4A, 0x69, 0x90 ; file 134399
db 0xAA, 0xAF, 0xA8, 0x99, 0x85, 0x70, 0x60, 0x63, 0x70, 0x80, 0x8B, 0x8F, 0x8B, 0x84, 0x79, 0x6B ; file 1343A9
db 0x64, 0x6A, 0x7B, 0x92, 0xA5, 0xB0, 0xAA, 0x90, 0x6F, 0x54, 0x44, 0x45, 0x56, 0x73, 0x98, 0xB7 ; file 1343B9
db 0xC3, 0xB9, 0xA0, 0x85, 0x67, 0x4C, 0x3D, 0x46, 0x60, 0x86, 0xA3, 0xAE, 0xAA, 0xA0, 0x8D, 0x75 ; file 1343C9
db 0x61, 0x5F, 0x6D, 0x7D, 0x89, 0x8F, 0x8B, 0x85, 0x7C, 0x6E, 0x65, 0x68, 0x78, 0x8D, 0xA0, 0xAD ; file 1343D9
db 0xAC, 0x96, 0x78, 0x5C, 0x47, 0x42, 0x4F, 0x6B, 0x8F, 0xB1, 0xC2, 0xBB, 0xA7, 0x8D, 0x71, 0x52 ; file 1343E9
db 0x3E, 0x42, 0x58, 0x7A, 0x9B, 0xAC, 0xAD, 0xA7, 0x96, 0x7B, 0x62, 0x5C, 0x69, 0x79, 0x86, 0x8E ; file 1343F9
db 0x8C, 0x86, 0x7F, 0x72, 0x67, 0x67, 0x74, 0x88, 0x9A, 0xA9, 0xAD, 0x9D, 0x83, 0x66, 0x4B, 0x3E ; file 134409
db 0x47, 0x61, 0x87, 0xAB, 0xC0, 0xBF, 0xAE, 0x96, 0x7A, 0x58, 0x41, 0x3F, 0x51, 0x6F, 0x91, 0xA7 ; file 134419
db 0xAF, 0xAD, 0x9E, 0x83, 0x66, 0x5A, 0x64, 0x75, 0x83, 0x8D, 0x8D, 0x87, 0x82, 0x75, 0x68, 0x66 ; file 134429
db 0x70, 0x83, 0x95, 0xA4, 0xAE, 0xA4, 0x8D, 0x70, 0x51, 0x3D, 0x41, 0x58, 0x7D, 0xA3, 0xBD, 0xC1 ; file 134439
db 0xB4, 0x9E, 0x83, 0x60, 0x45, 0x3E, 0x4A, 0x64, 0x85, 0xA1, 0xAF, 0xB2, 0xA7, 0x8B, 0x6B, 0x5A ; file 134449
db 0x61, 0x70, 0x7F, 0x8A, 0x8C, 0x88, 0x84, 0x7A, 0x6C, 0x66, 0x6D, 0x7D, 0x8F, 0x9E, 0xAC, 0xA9 ; file 134459
db 0x97, 0x7C, 0x59, 0x3F, 0x3B, 0x4F, 0x72, 0x99, 0xB8, 0xC3, 0xBA, 0xA6, 0x8C, 0x6A, 0x4B, 0x3E ; file 134469
db 0x45, 0x5A, 0x7A, 0x99, 0xAD, 0xB5, 0xAE, 0x94, 0x71, 0x5B, 0x5D, 0x6C, 0x7B, 0x87, 0x8C, 0x8B ; file 134479
db 0x86, 0x7E, 0x6E, 0x66, 0x6B, 0x79, 0x89, 0x99, 0xAA, 0xAD, 0xA0, 0x86, 0x61, 0x42, 0x38, 0x47 ; file 134489
db 0x68, 0x8F, 0xB0, 0xC1, 0xBE, 0xAD, 0x96, 0x75, 0x53, 0x40, 0x40, 0x51, 0x6D, 0x90, 0xAA, 0xB6 ; file 134499
db 0xB4, 0x9D, 0x7A, 0x5F, 0x5C, 0x68, 0x77, 0x83, 0x8A, 0x8B, 0x88, 0x81, 0x72, 0x68, 0x6A, 0x74 ; file 1344A9
db 0x82, 0x93, 0xA5, 0xB0, 0xA8, 0x90, 0x6B, 0x48, 0x38, 0x41, 0x5D, 0x84, 0xA8, 0xBE, 0xC1, 0xB4 ; file 1344B9
db 0x9F, 0x80, 0x5D, 0x44, 0x3D, 0x49, 0x63, 0x86, 0xA5, 0xB7, 0xB8, 0xA5, 0x81, 0x64, 0x5B, 0x65 ; file 1344C9
db 0x74, 0x7F, 0x88, 0x8B, 0x8A, 0x84, 0x77, 0x6B, 0x69, 0x6F, 0x7C, 0x8D, 0xA1, 0xB0, 0xAE, 0x98 ; file 1344D9
db 0x74, 0x4E, 0x3A, 0x3D, 0x54, 0x79, 0x9E, 0xB9, 0xC1, 0xB9, 0xA7, 0x8A, 0x68, 0x4A, 0x3C, 0x42 ; file 1344E9
db 0x59, 0x7B, 0x9D, 0xB4, 0xBA, 0xAB, 0x8A, 0x6B, 0x5E, 0x63, 0x70, 0x7C, 0x84, 0x8A, 0x8A, 0x87 ; file 1344F9
db 0x7B, 0x6E, 0x69, 0x6C, 0x75, 0x86, 0x9B, 0xAF, 0xB3, 0xA1, 0x7F, 0x57, 0x3E, 0x3A, 0x4B, 0x6D ; file 134509
db 0x93, 0xB2, 0xC0, 0xBD, 0xAF, 0x96, 0x73, 0x52, 0x3D, 0x3B, 0x50, 0x71, 0x96, 0xB1, 0xBA, 0xB1 ; file 134519
db 0x93, 0x73, 0x61, 0x62, 0x6C, 0x78, 0x81, 0x88, 0x8B, 0x89, 0x7F, 0x72, 0x6A, 0x69, 0x6F, 0x80 ; file 134529
db 0x98, 0xAD, 0xB6, 0xA7, 0x87, 0x5F, 0x44, 0x3B, 0x46, 0x62, 0x88, 0xA9, 0xBC, 0xBE, 0xB5, 0xA0 ; file 134539
db 0x80, 0x5B, 0x40, 0x38, 0x48, 0x68, 0x8D, 0xAB, 0xB9, 0xB4, 0x9A, 0x7C, 0x67, 0x62, 0x6A, 0x74 ; file 134549
db 0x7D, 0x84, 0x8A, 0x8B, 0x83, 0x77, 0x6B, 0x67, 0x6B, 0x7A, 0x93, 0xAB, 0xB7, 0xAC, 0x8F, 0x68 ; file 134559
db 0x4A, 0x3C, 0x41, 0x59, 0x7D, 0xA0, 0xB7, 0xBE, 0xBA, 0xA9, 0x8B, 0x65, 0x45, 0x36, 0x42, 0x60 ; file 134569
db 0x84, 0xA4, 0xB5, 0xB4, 0xA0, 0x83, 0x6D, 0x65, 0x69, 0x72, 0x7B, 0x82, 0x89, 0x8C, 0x86, 0x7A ; file 134579
db 0x6D, 0x66, 0x67, 0x74, 0x8F, 0xA8, 0xB7, 0xB1, 0x96, 0x70, 0x50, 0x3F, 0x3F, 0x50, 0x72, 0x97 ; file 134589
db 0xB1, 0xBD, 0xBE, 0xB1, 0x95, 0x6F, 0x4A, 0x35, 0x3C, 0x59, 0x7D, 0x9D, 0xB1, 0xB4, 0xA4, 0x8A ; file 134599
db 0x74, 0x69, 0x69, 0x70, 0x78, 0x7F, 0x87, 0x8C, 0x88, 0x7D, 0x6E, 0x65, 0x64, 0x6F, 0x8B, 0xA6 ; file 1345A9
db 0xB7, 0xB4, 0x9C, 0x78, 0x57, 0x42, 0x3D, 0x4A, 0x68, 0x8E, 0xAB, 0xBC, 0xC1, 0xB8, 0x9E, 0x78 ; file 1345B9
db 0x50, 0x38, 0x39, 0x52, 0x76, 0x97, 0xAD, 0xB3, 0xA7, 0x90, 0x7B, 0x6C, 0x6A, 0x6E, 0x76, 0x7E ; file 1345C9
db 0x86, 0x8C, 0x8A, 0x7F, 0x70, 0x65, 0x62, 0x6B, 0x87, 0xA4, 0xB7, 0xB7, 0xA2, 0x80, 0x5D, 0x46 ; file 1345D9
db 0x3D, 0x46, 0x5F, 0x84, 0xA4, 0xB9, 0xC3, 0xBD, 0xA5, 0x80, 0x57, 0x3C, 0x38, 0x4D, 0x6E, 0x90 ; file 1345E9
db 0xA7, 0xB0, 0xA8, 0x95, 0x81, 0x71, 0x6C, 0x6D, 0x74, 0x7D, 0x85, 0x8B, 0x8A, 0x80, 0x70, 0x65 ; file 1345F9
db 0x61, 0x6A, 0x83, 0xA1, 0xB5, 0xB7, 0xA6, 0x87, 0x65, 0x4B, 0x3F, 0x42, 0x57, 0x7A, 0x9C, 0xB6 ; file 134609
db 0xC3, 0xC0, 0xAC, 0x89, 0x5F, 0x41, 0x38, 0x47, 0x66, 0x87, 0xA0, 0xAC, 0xA8, 0x9A, 0x87, 0x78 ; file 134619
db 0x6F, 0x6D, 0x72, 0x7B, 0x84, 0x8A, 0x89, 0x81, 0x72, 0x66, 0x61, 0x68, 0x7F, 0x9C, 0xB3, 0xB9 ; file 134629
db 0xAA, 0x8D, 0x6C, 0x50, 0x41, 0x42, 0x51, 0x70, 0x94, 0xB1, 0xC2, 0xC2, 0xB1, 0x91, 0x68, 0x48 ; file 134639
db 0x3B, 0x44, 0x5F, 0x81, 0x9A, 0xA7, 0xA6, 0x9C, 0x8D, 0x7D, 0x73, 0x6F, 0x72, 0x79, 0x83, 0x88 ; file 134649
db 0x87, 0x80, 0x73, 0x66, 0x61, 0x68, 0x7D, 0x99, 0xB1, 0xB9, 0xAC, 0x91, 0x70, 0x54, 0x44, 0x42 ; file 134659
db 0x4F, 0x6A, 0x8D, 0xAD, 0xC0, 0xC2, 0xB3, 0x96, 0x70, 0x50, 0x40, 0x45, 0x5B, 0x7A, 0x94, 0xA0 ; file 134669
db 0xA2, 0x9B, 0x90, 0x83, 0x79, 0x74, 0x75, 0x7B, 0x82, 0x86, 0x84, 0x7D, 0x71, 0x65, 0x61, 0x69 ; file 134679
db 0x7D, 0x98, 0xAF, 0xB9, 0xAF, 0x94, 0x74, 0x58, 0x46, 0x43, 0x4D, 0x64, 0x86, 0xA8, 0xBD, 0xC1 ; file 134689
db 0xB4, 0x9B, 0x79, 0x58, 0x45, 0x46, 0x58, 0x74, 0x8E, 0x9A, 0x9D, 0x99, 0x92, 0x87, 0x7D, 0x79 ; file 134699
db 0x79, 0x7D, 0x83, 0x85, 0x81, 0x7A, 0x6E, 0x64, 0x61, 0x6A, 0x7E, 0x97, 0xAD, 0xB8, 0xB0, 0x97 ; file 1346A9
db 0x77, 0x5B, 0x49, 0x44, 0x4C, 0x61, 0x81, 0xA3, 0xBA, 0xBE, 0xB3, 0x9D, 0x80, 0x60, 0x4B, 0x48 ; file 1346B9
db 0x57, 0x70, 0x88, 0x94, 0x97, 0x96, 0x92, 0x8A, 0x81, 0x7D, 0x7E, 0x80, 0x83, 0x84, 0x7F, 0x76 ; file 1346C9
db 0x6C, 0x63, 0x61, 0x69, 0x7E, 0x96, 0xAC, 0xB8, 0xB2, 0x9A, 0x7A, 0x5E, 0x4B, 0x45, 0x4B, 0x5F ; file 1346D9
db 0x7D, 0x9E, 0xB6, 0xBC, 0xB2, 0x9F, 0x85, 0x68, 0x52, 0x4C, 0x58, 0x6D, 0x83, 0x8F, 0x91, 0x91 ; file 1346E9
db 0x90, 0x8B, 0x84, 0x82, 0x84, 0x85, 0x86, 0x83, 0x7B, 0x71, 0x68, 0x61, 0x60, 0x69, 0x7E, 0x97 ; file 1346F9
db 0xAB, 0xB7, 0xB2, 0x9C, 0x7D, 0x60, 0x4E, 0x46, 0x4B, 0x5C, 0x78, 0x97, 0xB0, 0xB8, 0xB1, 0xA2 ; file 134709
db 0x8D, 0x71, 0x5A, 0x51, 0x57, 0x68, 0x7C, 0x87, 0x8B, 0x8E, 0x90, 0x8F, 0x89, 0x87, 0x89, 0x89 ; file 134719
db 0x86, 0x80, 0x77, 0x6E, 0x67, 0x62, 0x61, 0x6A, 0x7E, 0x95, 0xA8, 0xB4, 0xB2, 0x9E, 0x82, 0x65 ; file 134729
db 0x53, 0x49, 0x4C, 0x5A, 0x71, 0x8F, 0xA8, 0xB3, 0xB0, 0xA5, 0x93, 0x7B, 0x62, 0x55, 0x57, 0x64 ; file 134739
db 0x74, 0x80, 0x86, 0x8B, 0x90, 0x92, 0x8D, 0x8C, 0x8D, 0x8B, 0x86, 0x7F, 0x75, 0x6C, 0x66, 0x63 ; file 134749
db 0x62, 0x6A, 0x7D, 0x93, 0xA5, 0xB2, 0xB1, 0xA0, 0x86, 0x6A, 0x56, 0x4C, 0x4E, 0x5A, 0x6D, 0x87 ; file 134759
db 0xA0, 0xAE, 0xAE, 0xA7, 0x9A, 0x83, 0x6A, 0x5B, 0x57, 0x60, 0x6D, 0x7A, 0x7F, 0x86, 0x8E, 0x93 ; file 134769
db 0x92, 0x92, 0x93, 0x8F, 0x87, 0x7D, 0x71, 0x69, 0x65, 0x63, 0x63, 0x6A, 0x7C, 0x92, 0xA2, 0xAE ; file 134779
db 0xAF, 0xA2, 0x8A, 0x70, 0x5B, 0x4F, 0x50, 0x59, 0x69, 0x7F, 0x97, 0xA8, 0xAC, 0xA9, 0x9F, 0x8C ; file 134789
db 0x75, 0x62, 0x59, 0x5C, 0x67, 0x72, 0x7A, 0x82, 0x8C, 0x94, 0x95, 0x97, 0x97, 0x92, 0x88, 0x7C ; file 134799
db 0x6F, 0x66, 0x64, 0x64, 0x64, 0x6B, 0x7C, 0x90, 0xA0, 0xAB, 0xAE, 0xA2, 0x8D, 0x74, 0x5E, 0x52 ; file 1347A9
db 0x52, 0x5A, 0x66, 0x7A, 0x91, 0xA4, 0xAA, 0xAB, 0xA3, 0x91, 0x7A, 0x66, 0x5A, 0x5A, 0x63, 0x6E ; file 1347B9
db 0x76, 0x7F, 0x8B, 0x95, 0x98, 0x9A, 0x99, 0x93, 0x87, 0x7B, 0x6E, 0x65, 0x64, 0x65, 0x65, 0x6C ; file 1347C9
db 0x7C, 0x8F, 0x9E, 0xA9, 0xAC, 0xA2, 0x8E, 0x78, 0x61, 0x54, 0x53, 0x59, 0x64, 0x75, 0x8C, 0xA0 ; file 1347D9
db 0xAA, 0xAC, 0xA6, 0x95, 0x7E, 0x69, 0x5B, 0x57, 0x5F, 0x6B, 0x74, 0x7D, 0x8A, 0x95, 0x9B, 0x9C ; file 1347E9
db 0x9A, 0x93, 0x86, 0x7A, 0x6E, 0x64, 0x64, 0x66, 0x66, 0x6C, 0x7A, 0x8C, 0x9C, 0xA7, 0xAC, 0xA4 ; file 1347F9
db 0x91, 0x7B, 0x65, 0x56, 0x53, 0x58, 0x61, 0x70, 0x88, 0x9E, 0xAA, 0xAE, 0xA9, 0x99, 0x82, 0x6B ; file 134809
db 0x5B, 0x55, 0x5C, 0x68, 0x72, 0x7C, 0x8A, 0x96, 0x9D, 0x9D, 0x9B, 0x92, 0x85, 0x79, 0x6E, 0x65 ; file 134819
db 0x64, 0x66, 0x68, 0x6C, 0x78, 0x89, 0x99, 0xA5, 0xAB, 0xA5, 0x94, 0x7F, 0x68, 0x58, 0x53, 0x56 ; file 134829
db 0x5E, 0x6C, 0x84, 0x9B, 0xAB, 0xB0, 0xAC, 0x9C, 0x84, 0x6B, 0x5A, 0x53, 0x5A, 0x67, 0x73, 0x7D ; file 134839
db 0x8A, 0x96, 0x9D, 0x9D, 0x99, 0x91, 0x85, 0x7A, 0x6F, 0x68, 0x66, 0x68, 0x69, 0x6B, 0x74, 0x84 ; file 134849
db 0x96, 0xA4, 0xAC, 0xA8, 0x98, 0x83, 0x6B, 0x5A, 0x52, 0x53, 0x5A, 0x68, 0x81, 0x9B, 0xAD, 0xB3 ; file 134859
db 0xAE, 0x9F, 0x86, 0x6C, 0x58, 0x51, 0x58, 0x66, 0x74, 0x7E, 0x8A, 0x96, 0x9D, 0x9C, 0x97, 0x8E ; file 134869
db 0x84, 0x7B, 0x72, 0x6C, 0x69, 0x6A, 0x69, 0x69, 0x6F, 0x7E, 0x90, 0xA2, 0xAC, 0xAC, 0x9E, 0x89 ; file 134879
db 0x71, 0x5D, 0x51, 0x4E, 0x54, 0x64, 0x7D, 0x99, 0xAE, 0xB6, 0xB2, 0xA3, 0x89, 0x6D, 0x57, 0x4E ; file 134889
db 0x55, 0x64, 0x74, 0x80, 0x8B, 0x96, 0x9D, 0x9C, 0x94, 0x8C, 0x83, 0x7D, 0x76, 0x71, 0x6D, 0x6C ; file 134899
db 0x6A, 0x68, 0x6B, 0x76, 0x8A, 0x9F, 0xAC, 0xAE, 0xA4, 0x90, 0x78, 0x61, 0x51, 0x4B, 0x4F, 0x5E ; file 1348A9
db 0x78, 0x95, 0xAD, 0xB8, 0xB5, 0xA7, 0x8D, 0x70, 0x58, 0x4E, 0x53, 0x62, 0x73, 0x81, 0x8C, 0x96 ; file 1348B9
db 0x9C, 0x9A, 0x92, 0x89, 0x83, 0x7F, 0x7B, 0x76, 0x71, 0x6E, 0x6C, 0x67, 0x67, 0x6F, 0x83, 0x99 ; file 1348C9
db 0xAA, 0xB0, 0xAA, 0x98, 0x80, 0x67, 0x52, 0x47, 0x4A, 0x59, 0x73, 0x91, 0xAC, 0xBA, 0xB9, 0xAA ; file 1348D9
db 0x91, 0x72, 0x59, 0x4D, 0x51, 0x60, 0x73, 0x82, 0x8D, 0x96, 0x9A, 0x97, 0x8F, 0x86, 0x82, 0x81 ; file 1348E9
db 0x7F, 0x7C, 0x75, 0x70, 0x6C, 0x66, 0x64, 0x6A, 0x7D, 0x94, 0xA8, 0xB1, 0xAE, 0x9D, 0x86, 0x6B ; file 1348F9
db 0x53, 0x46, 0x47, 0x56, 0x70, 0x8E, 0xAA, 0xB8, 0xB9, 0xAB, 0x93, 0x75, 0x5C, 0x50, 0x52, 0x60 ; file 134909
db 0x72, 0x82, 0x8C, 0x94, 0x97, 0x94, 0x8C, 0x85, 0x83, 0x83, 0x83, 0x81, 0x7A, 0x72, 0x6B, 0x64 ; file 134919
db 0x60, 0x66, 0x78, 0x91, 0xA7, 0xB2, 0xB1, 0xA2, 0x8B, 0x6E, 0x54, 0x45, 0x45, 0x54, 0x6D, 0x8D ; file 134929
db 0xA8, 0xB8, 0xB8, 0xAB, 0x93, 0x77, 0x5E, 0x52, 0x53, 0x60, 0x73, 0x83, 0x8D, 0x93, 0x94, 0x90 ; file 134939
db 0x88, 0x83, 0x82, 0x85, 0x87, 0x85, 0x7E, 0x75, 0x6C, 0x63, 0x5E, 0x62, 0x73, 0x8B, 0xA2, 0xB2 ; file 134949
db 0xB4, 0xA7, 0x90, 0x72, 0x56, 0x45, 0x43, 0x51, 0x6A, 0x8B, 0xA7, 0xB7, 0xB7, 0xAB, 0x94, 0x78 ; file 134959
db 0x60, 0x53, 0x54, 0x61, 0x74, 0x84, 0x8E, 0x93, 0x92, 0x8C, 0x84, 0x80, 0x80, 0x85, 0x8A, 0x8A ; file 134969
db 0x84, 0x7A, 0x6E, 0x62, 0x5C, 0x60, 0x6F, 0x87, 0x9E, 0xB1, 0xB5, 0xAB, 0x94, 0x75, 0x58, 0x46 ; file 134979
db 0x42, 0x4E, 0x67, 0x89, 0xA6, 0xB7, 0xB7, 0xAB, 0x94, 0x79, 0x60, 0x53, 0x53, 0x61, 0x75, 0x86 ; file 134989
db 0x91, 0x95, 0x93, 0x8B, 0x81, 0x7D, 0x7D, 0x82, 0x89, 0x8B, 0x87, 0x7F, 0x72, 0x65, 0x5D, 0x5F ; file 134999
db 0x6D, 0x82, 0x99, 0xAD, 0xB5, 0xAD, 0x97, 0x78, 0x5B, 0x48, 0x43, 0x4C, 0x64, 0x87, 0xA5, 0xB7 ; file 1349A9
db 0xB7, 0xAB, 0x96, 0x7A, 0x61, 0x51, 0x50, 0x5F, 0x74, 0x87, 0x94, 0x99, 0x96, 0x8C, 0x80, 0x79 ; file 1349B9
db 0x79, 0x7E, 0x85, 0x89, 0x89, 0x84, 0x78, 0x69, 0x60, 0x61, 0x6C, 0x7E, 0x93, 0xA7, 0xB2, 0xAF ; file 1349C9
db 0x9A, 0x7B, 0x5E, 0x4C, 0x45, 0x4C, 0x62, 0x84, 0xA4, 0xB6, 0xB7, 0xAB, 0x96, 0x7C, 0x62, 0x50 ; file 1349D9
db 0x4E, 0x5D, 0x73, 0x88, 0x96, 0x9D, 0x9A, 0x8E, 0x7F, 0x75, 0x74, 0x7A, 0x82, 0x86, 0x89, 0x87 ; file 1349E9
db 0x7D, 0x6E, 0x64, 0x64, 0x6C, 0x7A, 0x8D, 0xA0, 0xAF, 0xAF, 0x9D, 0x7E, 0x61, 0x4F, 0x47, 0x4C ; file 1349F9
db 0x60, 0x81, 0xA1, 0xB5, 0xB7, 0xAB, 0x97, 0x7F, 0x63, 0x4F, 0x4C, 0x5B, 0x71, 0x87, 0x97, 0xA1 ; file 134A09
db 0x9E, 0x92, 0x81, 0x74, 0x71, 0x76, 0x7C, 0x81, 0x86, 0x89, 0x82, 0x74, 0x6A, 0x68, 0x6E, 0x79 ; file 134A19
db 0x88, 0x9A, 0xA9, 0xAD, 0x9E, 0x81, 0x64, 0x53, 0x4B, 0x4E, 0x60, 0x7F, 0x9F, 0xB3, 0xB7, 0xAC ; file 134A29
db 0x99, 0x80, 0x64, 0x4E, 0x49, 0x58, 0x6F, 0x86, 0x99, 0xA4, 0xA3, 0x95, 0x83, 0x73, 0x6E, 0x72 ; file 134A39
db 0x77, 0x7C, 0x83, 0x89, 0x86, 0x7B, 0x6E, 0x6C, 0x6F, 0x78, 0x84, 0x94, 0xA3, 0xAA, 0x9D, 0x84 ; file 134A49
db 0x67, 0x56, 0x4E, 0x50, 0x60, 0x7D, 0x9D, 0xB1, 0xB6, 0xAC, 0x9A, 0x82, 0x65, 0x4E, 0x47, 0x54 ; file 134A59
db 0x6C, 0x84, 0x99, 0xA7, 0xA8, 0x9B, 0x87, 0x74, 0x6B, 0x6D, 0x70, 0x76, 0x7E, 0x88, 0x8A, 0x81 ; file 134A69
db 0x76, 0x71, 0x73, 0x79, 0x82, 0x8F, 0x9C, 0xA5, 0x9C, 0x85, 0x6B, 0x59, 0x51, 0x52, 0x60, 0x7C ; file 134A79
db 0x9B, 0xB0, 0xB7, 0xAE, 0x9C, 0x83, 0x65, 0x4D, 0x45, 0x50, 0x68, 0x82, 0x99, 0xAA, 0xAE, 0xA2 ; file 134A89
db 0x8C, 0x77, 0x6A, 0x68, 0x6A, 0x6F, 0x79, 0x86, 0x8C, 0x87, 0x7D, 0x77, 0x77, 0x7A, 0x80, 0x8A ; file 134A99
db 0x96, 0x9F, 0x9A, 0x87, 0x6E, 0x5C, 0x54, 0x54, 0x60, 0x79, 0x97, 0xAD, 0xB7, 0xB2, 0xA0, 0x85 ; file 134AA9
db 0x66, 0x4D, 0x42, 0x4B, 0x62, 0x7E, 0x98, 0xAD, 0xB3, 0xA9, 0x92, 0x7B, 0x69, 0x63, 0x63, 0x68 ; file 134AB9
db 0x72, 0x82, 0x8D, 0x8D, 0x84, 0x7E, 0x7C, 0x7C, 0x7F, 0x87, 0x90, 0x98, 0x96, 0x87, 0x72, 0x60 ; file 134AC9
db 0x57, 0x56, 0x61, 0x78, 0x94, 0xAA, 0xB6, 0xB4, 0xA3, 0x88, 0x68, 0x4E, 0x41, 0x48, 0x5D, 0x78 ; file 134AD9
db 0x95, 0xAE, 0xB8, 0xB0, 0x9A, 0x81, 0x6C, 0x60, 0x5C, 0x60, 0x6A, 0x7D, 0x8C, 0x90, 0x8C, 0x85 ; file 134AE9
db 0x82, 0x80, 0x80, 0x84, 0x8B, 0x91, 0x92, 0x86, 0x74, 0x63, 0x59, 0x58, 0x61, 0x77, 0x91, 0xA8 ; file 134AF9
db 0xB6, 0xB6, 0xA7, 0x8B, 0x6B, 0x4F, 0x40, 0x44, 0x56, 0x71, 0x91, 0xAD, 0xBC, 0xB7, 0xA3, 0x89 ; file 134B09
db 0x70, 0x5E, 0x56, 0x58, 0x62, 0x76, 0x88, 0x91, 0x91, 0x8D, 0x89, 0x85, 0x82, 0x83, 0x86, 0x8A ; file 134B19
db 0x8C, 0x84, 0x75, 0x65, 0x5B, 0x5A, 0x63, 0x77, 0x90, 0xA6, 0xB5, 0xB8, 0xAA, 0x8E, 0x6D, 0x51 ; file 134B29
db 0x41, 0x41, 0x50, 0x6B, 0x8C, 0xAD, 0xBE, 0xBC, 0xAB, 0x91, 0x76, 0x5E, 0x52, 0x51, 0x5A, 0x6E ; file 134B39
db 0x84, 0x91, 0x95, 0x94, 0x90, 0x8A, 0x85, 0x83, 0x83, 0x84, 0x86, 0x81, 0x75, 0x68, 0x5E, 0x5C ; file 134B49
db 0x64, 0x76, 0x8D, 0xA3, 0xB3, 0xB8, 0xAD, 0x92, 0x71, 0x54, 0x42, 0x3E, 0x4A, 0x63, 0x85, 0xA8 ; file 134B59
db 0xBF, 0xC1, 0xB3, 0x9A, 0x7D, 0x62, 0x51, 0x4C, 0x54, 0x67, 0x7D, 0x8D, 0x95, 0x99, 0x97, 0x91 ; file 134B69
db 0x8A, 0x84, 0x81, 0x81, 0x82, 0x7F, 0x75, 0x69, 0x5F, 0x5C, 0x63, 0x74, 0x8A, 0xA0, 0xB2, 0xBA ; file 134B79
db 0xB0, 0x97, 0x78, 0x58, 0x43, 0x3C, 0x44, 0x59, 0x7C, 0xA2, 0xBE, 0xC5, 0xBB, 0xA4, 0x86, 0x68 ; file 134B89
db 0x52, 0x48, 0x4D, 0x5F, 0x76, 0x88, 0x93, 0x9B, 0x9C, 0x97, 0x90, 0x88, 0x82, 0x80, 0x7F, 0x7C ; file 134B99
db 0x73, 0x69, 0x60, 0x5C, 0x61, 0x71, 0x87, 0x9E, 0xB1, 0xBB, 0xB3, 0x9D, 0x7E, 0x5E, 0x46, 0x3B ; file 134BA9
db 0x3F, 0x51, 0x72, 0x9B, 0xBB, 0xC7, 0xC2, 0xAE, 0x8F, 0x6F, 0x54, 0x46, 0x47, 0x57, 0x6D, 0x82 ; file 134BB9
db 0x90, 0x9B, 0xA0, 0x9D, 0x96, 0x8C, 0x83, 0x7F, 0x7D, 0x7A, 0x72, 0x6A, 0x61, 0x5D, 0x60, 0x6D ; file 134BC9
db 0x83, 0x9B, 0xB0, 0xBC, 0xB6, 0xA2, 0x85, 0x64, 0x4A, 0x3C, 0x3B, 0x49, 0x68, 0x91, 0xB5, 0xC7 ; file 134BD9
db 0xC7, 0xB7, 0x9A, 0x78, 0x5A, 0x47, 0x44, 0x51, 0x65, 0x7A, 0x8B, 0x99, 0xA2, 0xA2, 0x9C, 0x91 ; file 134BE9
db 0x86, 0x80, 0x7D, 0x79, 0x70, 0x69, 0x62, 0x5C, 0x5E, 0x6A, 0x7F, 0x98, 0xAF, 0xBC, 0xB9, 0xA8 ; file 134BF9
db 0x8D, 0x6B, 0x4E, 0x3C, 0x37, 0x43, 0x5F, 0x88, 0xAE, 0xC6, 0xCC, 0xBF, 0xA3, 0x81, 0x60, 0x49 ; file 134C09
db 0x41, 0x4B, 0x5E, 0x72, 0x85, 0x97, 0xA3, 0xA6, 0xA1, 0x96, 0x8A, 0x82, 0x7E, 0x78, 0x70, 0x68 ; file 134C19
db 0x61, 0x5C, 0x5C, 0x66, 0x7B, 0x95, 0xAD, 0xBC, 0xBC, 0xAD, 0x93, 0x73, 0x53, 0x3E, 0x35, 0x3D ; file 134C29
db 0x56, 0x7D, 0xA7, 0xC3, 0xCE, 0xC5, 0xAC, 0x8A, 0x67, 0x4D, 0x41, 0x46, 0x57, 0x6B, 0x80, 0x93 ; file 134C39
db 0xA2, 0xA8, 0xA5, 0x9A, 0x8E, 0x85, 0x7F, 0x79, 0x70, 0x68, 0x61, 0x5C, 0x5A, 0x63, 0x76, 0x91 ; file 134C49
db 0xAB, 0xBB, 0xBD, 0xB1, 0x9A, 0x7A, 0x59, 0x40, 0x34, 0x39, 0x4F, 0x74, 0x9F, 0xC0, 0xCF, 0xCA ; file 134C59
db 0xB4, 0x93, 0x6E, 0x50, 0x40, 0x42, 0x50, 0x65, 0x7B, 0x90, 0xA2, 0xAB, 0xA9, 0x9E, 0x91, 0x86 ; file 134C69
db 0x7E, 0x78, 0x70, 0x68, 0x62, 0x5C, 0x5B, 0x62, 0x74, 0x8E, 0xA7, 0xB8, 0xBD, 0xB4, 0x9F, 0x80 ; file 134C79
db 0x5E, 0x43, 0x33, 0x35, 0x49, 0x6C, 0x97, 0xBB, 0xCF, 0xCE, 0xBA, 0x9B, 0x75, 0x54, 0x41, 0x3E ; file 134C89
db 0x4A, 0x5F, 0x76, 0x8D, 0xA1, 0xAC, 0xAC, 0xA2, 0x94, 0x88, 0x7E, 0x77, 0x6F, 0x67, 0x61, 0x5D ; file 134C99
db 0x5C, 0x62, 0x72, 0x8C, 0xA5, 0xB6, 0xBD, 0xB6, 0xA2, 0x86, 0x63, 0x45, 0x34, 0x33, 0x46, 0x66 ; file 134CA9
db 0x91, 0xB7, 0xCE, 0xD1, 0xC0, 0xA1, 0x7B, 0x58, 0x43, 0x3B, 0x44, 0x59, 0x71, 0x8A, 0xA0, 0xAE ; file 134CB9
db 0xAF, 0xA5, 0x97, 0x89, 0x7E, 0x76, 0x6E, 0x66, 0x61, 0x5D, 0x5C, 0x62, 0x70, 0x89, 0xA1, 0xB3 ; file 134CC9
db 0xBC, 0xB7, 0xA6, 0x8B, 0x69, 0x4A, 0x35, 0x31, 0x40, 0x5E, 0x89, 0xB2, 0xCD, 0xD2, 0xC4, 0xA8 ; file 134CD9
db 0x83, 0x5E, 0x45, 0x3A, 0x40, 0x53, 0x6C, 0x86, 0x9E, 0xAE, 0xB2, 0xA9, 0x9A, 0x8C, 0x7F, 0x76 ; file 134CE9
db 0x6E, 0x66, 0x60, 0x5D, 0x5D, 0x62, 0x6F, 0x86, 0x9F, 0xB1, 0xBB, 0xB9, 0xA9, 0x8F, 0x6F, 0x4E ; file 134CF9
db 0x37, 0x31, 0x3D, 0x58, 0x81, 0xAC, 0xCA, 0xD3, 0xC9, 0xAF, 0x8A, 0x64, 0x48, 0x39, 0x3C, 0x4E ; file 134D09
db 0x67, 0x82, 0x9B, 0xAE, 0xB4, 0xAD, 0x9E, 0x8E, 0x81, 0x77, 0x6E, 0x66, 0x5F, 0x5D, 0x5D, 0x61 ; file 134D19
db 0x6D, 0x83, 0x9B, 0xAE, 0xBA, 0xBA, 0xAD, 0x95, 0x75, 0x54, 0x3A, 0x30, 0x39, 0x52, 0x7A, 0xA5 ; file 134D29
db 0xC6, 0xD4, 0xCD, 0xB5, 0x92, 0x6B, 0x4C, 0x3A, 0x39, 0x48, 0x61, 0x7C, 0x95, 0xAA, 0xB4, 0xB0 ; file 134D39
db 0xA2, 0x93, 0x84, 0x7A, 0x70, 0x66, 0x5F, 0x5B, 0x5B, 0x5E, 0x69, 0x7E, 0x97, 0xAD, 0xBB, 0xBC ; file 134D49
db 0xB1, 0x9B, 0x7C, 0x59, 0x3E, 0x31, 0x36, 0x4D, 0x72, 0x9C, 0xBF, 0xD1, 0xCF, 0xBB, 0x9A, 0x74 ; file 134D59
db 0x54, 0x40, 0x3B, 0x47, 0x5B, 0x74, 0x8D, 0xA2, 0xAF, 0xAE, 0xA5, 0x98, 0x8B, 0x81, 0x77, 0x6B ; file 134D69
db 0x61, 0x5A, 0x58, 0x59, 0x62, 0x76, 0x90, 0xA9, 0xBA, 0xBF, 0xB7, 0xA2, 0x84, 0x60, 0x41, 0x31 ; file 134D79
db 0x33, 0x47, 0x68, 0x93, 0xB7, 0xCD, 0xCF, 0xBF, 0xA1, 0x7D, 0x5C, 0x45, 0x3D, 0x45, 0x57, 0x6D ; file 134D89
db 0x85, 0x9B, 0xA9, 0xAC, 0xA6, 0x9C, 0x92, 0x88, 0x7E, 0x70, 0x63, 0x5A, 0x55, 0x55, 0x5B, 0x6E ; file 134D99
db 0x8A, 0xA5, 0xBA, 0xC3, 0xBC, 0xA9, 0x8B, 0x66, 0x46, 0x32, 0x30, 0x41, 0x60, 0x8A, 0xB0, 0xC9 ; file 134DA9
db 0xCF, 0xC3, 0xA8, 0x86, 0x64, 0x4C, 0x41, 0x45, 0x54, 0x67, 0x7D, 0x93, 0xA3, 0xA9, 0xA7, 0xA0 ; file 134DB9
db 0x98, 0x8F, 0x85, 0x76, 0x67, 0x5B, 0x53, 0x50, 0x55, 0x66, 0x83, 0xA1, 0xB8, 0xC4, 0xC0, 0xAF ; file 134DC9
db 0x93, 0x6F, 0x4C, 0x35, 0x2F, 0x3D, 0x58, 0x80, 0xA7, 0xC2, 0xCD, 0xC6, 0xAE, 0x8E, 0x6D, 0x54 ; file 134DD9
db 0x47, 0x46, 0x51, 0x61, 0x74, 0x8A, 0x9B, 0xA5, 0xA6, 0xA2, 0x9C, 0x94, 0x8A, 0x7C, 0x6C, 0x5E ; file 134DE9
db 0x53, 0x4E, 0x50, 0x5F, 0x7A, 0x99, 0xB4, 0xC3, 0xC3, 0xB5, 0x9C, 0x79, 0x54, 0x3A, 0x2F, 0x38 ; file 134DF9
db 0x50, 0x75, 0x9C, 0xBA, 0xCA, 0xC8, 0xB5, 0x97, 0x78, 0x5D, 0x4D, 0x48, 0x4E, 0x5B, 0x6D, 0x82 ; file 134E09
db 0x95, 0xA1, 0xA6, 0xA5, 0xA1, 0x9A, 0x91, 0x83, 0x71, 0x61, 0x53, 0x4B, 0x4C, 0x59, 0x73, 0x92 ; file 134E19
db 0xAF, 0xC1, 0xC5, 0xBA, 0xA3, 0x82, 0x5D, 0x40, 0x31, 0x34, 0x48, 0x69, 0x91, 0xB2, 0xC6, 0xC9 ; file 134E29
db 0xBA, 0xA0, 0x82, 0x66, 0x53, 0x4A, 0x4B, 0x54, 0x64, 0x79, 0x8D, 0x9C, 0xA5, 0xA7, 0xA4, 0x9F ; file 134E39
db 0x96, 0x89, 0x77, 0x65, 0x54, 0x4A, 0x49, 0x53, 0x6B, 0x8B, 0xA9, 0xBE, 0xC6, 0xBE, 0xAA, 0x8B ; file 134E49
db 0x67, 0x48, 0x34, 0x32, 0x42, 0x60, 0x86, 0xA9, 0xC0, 0xC7, 0xBD, 0xA8, 0x8C, 0x71, 0x5C, 0x4F ; file 134E59
db 0x4C, 0x51, 0x5E, 0x6F, 0x84, 0x95, 0xA1, 0xA6, 0xA7, 0xA3, 0x9C, 0x90, 0x7F, 0x6A, 0x57, 0x49 ; file 134E69
db 0x45, 0x4E, 0x63, 0x82, 0xA2, 0xB9, 0xC4, 0xC1, 0xB0, 0x95, 0x72, 0x52, 0x3A, 0x32, 0x3D, 0x57 ; file 134E79
db 0x7A, 0x9D, 0xB7, 0xC3, 0xBF, 0xAE, 0x96, 0x7D, 0x65, 0x55, 0x4D, 0x4D, 0x57, 0x67, 0x7B, 0x8E ; file 134E89
db 0x9C, 0xA6, 0xA9, 0xA8, 0xA2, 0x97, 0x86, 0x6F, 0x59, 0x49, 0x43, 0x4A, 0x5E, 0x7B, 0x9B, 0xB4 ; file 134E99
db 0xC3, 0xC2, 0xB5, 0x9D, 0x7D, 0x5A, 0x41, 0x34, 0x3A, 0x50, 0x6F, 0x93, 0xAE, 0xBE, 0xBE, 0xB2 ; file 134EA9
db 0x9E, 0x88, 0x70, 0x5D, 0x51, 0x4C, 0x52, 0x5E, 0x70, 0x84, 0x96, 0xA4, 0xAB, 0xAB, 0xA8, 0x9F ; file 134EB9
db 0x8D, 0x75, 0x5C, 0x49, 0x40, 0x46, 0x58, 0x74, 0x93, 0xB0, 0xC0, 0xC2, 0xB8, 0xA4, 0x85, 0x63 ; file 134EC9
db 0x48, 0x39, 0x3A, 0x4B, 0x68, 0x88, 0xA3, 0xB6, 0xBA, 0xB2, 0xA4, 0x92, 0x7D, 0x67, 0x58, 0x4F ; file 134ED9
db 0x4E, 0x57, 0x66, 0x79, 0x8D, 0x9F, 0xAA, 0xAE, 0xAD, 0xA7, 0x96, 0x7C, 0x61, 0x4A, 0x3F, 0x42 ; file 134EE9
db 0x52, 0x6B, 0x8C, 0xAA, 0xBD, 0xC1, 0xBA, 0xAA, 0x8E, 0x6D, 0x50, 0x3E, 0x3A, 0x48, 0x60, 0x7E ; file 134EF9
db 0x98, 0xAD, 0xB6, 0xB2, 0xA9, 0x9C, 0x89, 0x73, 0x60, 0x52, 0x4D, 0x50, 0x5D, 0x6E, 0x83, 0x99 ; file 134F09
db 0xA8, 0xB0, 0xB3, 0xB0, 0xA0, 0x84, 0x66, 0x4D, 0x3E, 0x3D, 0x4C, 0x64, 0x83, 0xA4, 0xB9, 0xC0 ; file 134F19
db 0xBC, 0xB0, 0x96, 0x76, 0x59, 0x44, 0x3D, 0x45, 0x5A, 0x73, 0x8D, 0xA3, 0xAF, 0xB1, 0xAD, 0xA5 ; file 134F29
db 0x94, 0x7E, 0x69, 0x58, 0x4D, 0x4B, 0x55, 0x64, 0x78, 0x91, 0xA4, 0xB0, 0xB7, 0xB7, 0xA8, 0x8D ; file 134F39
db 0x6D, 0x51, 0x3F, 0x3B, 0x48, 0x5D, 0x7B, 0x9B, 0xB3, 0xBD, 0xBD, 0xB3, 0x9E, 0x80, 0x62, 0x4C ; file 134F49
db 0x42, 0x45, 0x56, 0x6B, 0x81, 0x97, 0xA7, 0xAC, 0xAD, 0xAB, 0x9F, 0x8B, 0x75, 0x60, 0x50, 0x48 ; file 134F59
db 0x4D, 0x59, 0x6C, 0x86, 0x9E, 0xAF, 0xBA, 0xBD, 0xB1, 0x97, 0x76, 0x57, 0x41, 0x3A, 0x43, 0x56 ; file 134F69
db 0x72, 0x92, 0xAC, 0xB9, 0xBC, 0xB6, 0xA5, 0x8A, 0x6D, 0x55, 0x47, 0x47, 0x52, 0x63, 0x76, 0x8B ; file 134F79
db 0x9D, 0xA7, 0xAD, 0xAF, 0xA8, 0x97, 0x81, 0x69, 0x54, 0x48, 0x47, 0x50, 0x61, 0x7B, 0x96, 0xAB ; file 134F89
db 0xBB, 0xC2, 0xBA, 0xA1, 0x7F, 0x5D, 0x45, 0x3A, 0x3F, 0x4F, 0x69, 0x89, 0xA4, 0xB4, 0xBB, 0xB8 ; file 134F99
db 0xAB, 0x93, 0x77, 0x5E, 0x4E, 0x4A, 0x4F, 0x5C, 0x6B, 0x7F, 0x92, 0xA0, 0xAB, 0xB2, 0xB0, 0xA3 ; file 134FA9
db 0x8D, 0x73, 0x5B, 0x4A, 0x44, 0x48, 0x57, 0x70, 0x8D, 0xA6, 0xBA, 0xC4, 0xC0, 0xAA, 0x89, 0x66 ; file 134FB9
db 0x4A, 0x3B, 0x3C, 0x4A, 0x62, 0x80, 0x9B, 0xAE, 0xB8, 0xB8, 0xAE, 0x9A, 0x81, 0x68, 0x57, 0x4F ; file 134FC9
db 0x4F, 0x57, 0x64, 0x74, 0x86, 0x97, 0xA6, 0xB1, 0xB5, 0xAD, 0x99, 0x7F, 0x64, 0x4E, 0x42, 0x42 ; file 134FD9
db 0x4D, 0x64, 0x82, 0xA0, 0xB8, 0xC5, 0xC5, 0xB3, 0x94, 0x6F, 0x51, 0x3F, 0x3C, 0x46, 0x5B, 0x77 ; file 134FE9
db 0x92, 0xA7, 0xB3, 0xB6, 0xB0, 0xA1, 0x8B, 0x73, 0x60, 0x55, 0x51, 0x54, 0x5D, 0x69, 0x7B, 0x8E ; file 134FF9
db 0xA0, 0xAF, 0xB8, 0xB5, 0xA4, 0x8A, 0x6E, 0x55, 0x44, 0x3D, 0x45, 0x5A, 0x77, 0x97, 0xB3, 0xC4 ; file 135009
db 0xC8, 0xBB, 0x9E, 0x7A, 0x59, 0x44, 0x3D, 0x43, 0x54, 0x6D, 0x88, 0x9F, 0xAF, 0xB4, 0xB1, 0xA6 ; file 135019
db 0x93, 0x7C, 0x69, 0x5C, 0x54, 0x53, 0x58, 0x62, 0x70, 0x84, 0x99, 0xAB, 0xB7, 0xB9, 0xAD, 0x96 ; file 135029
db 0x79, 0x5D, 0x48, 0x3C, 0x3F, 0x50, 0x6B, 0x8D, 0xAC, 0xC1, 0xC8, 0xC1, 0xA8, 0x85, 0x63, 0x4B ; file 135039
db 0x3F, 0x41, 0x4F, 0x65, 0x7F, 0x97, 0xA8, 0xB1, 0xB0, 0xA9, 0x9A, 0x85, 0x72, 0x63, 0x59, 0x54 ; file 135049
db 0x55, 0x5C, 0x68, 0x7A, 0x90, 0xA4, 0xB4, 0xBB, 0xB4, 0x9F, 0x84, 0x67, 0x4E, 0x3D, 0x3B, 0x49 ; file 135059
db 0x61, 0x82, 0xA2, 0xBB, 0xC7, 0xC4, 0xB1, 0x90, 0x6D, 0x53, 0x44, 0x41, 0x4A, 0x5E, 0x76, 0x8E ; file 135069
db 0xA2, 0xAD, 0xAF, 0xAB, 0x9F, 0x8E, 0x7C, 0x6B, 0x5E, 0x56, 0x53, 0x57, 0x61, 0x70, 0x86, 0x9D ; file 135079
db 0xB0, 0xBC, 0xB9, 0xA9, 0x90, 0x72, 0x56, 0x41, 0x39, 0x42, 0x58, 0x77, 0x99, 0xB4, 0xC4, 0xC6 ; file 135089
db 0xB8, 0x9B, 0x79, 0x5C, 0x4A, 0x43, 0x48, 0x57, 0x6E, 0x86, 0x9A, 0xA7, 0xAC, 0xAB, 0xA3, 0x95 ; file 135099
db 0x84, 0x73, 0x65, 0x5A, 0x54, 0x55, 0x5C, 0x68, 0x7D, 0x95, 0xAA, 0xB9, 0xBB, 0xB0, 0x9A, 0x7D ; file 1350A9
db 0x5F, 0x46, 0x3A, 0x3D, 0x51, 0x6D, 0x8E, 0xAB, 0xBE, 0xC5, 0xBC, 0xA3, 0x83, 0x65, 0x51, 0x47 ; file 1350B9
db 0x47, 0x53, 0x67, 0x7E, 0x92, 0xA1, 0xA8, 0xA9, 0xA6, 0x9B, 0x8C, 0x7C, 0x6C, 0x5F, 0x55, 0x52 ; file 1350C9
db 0x57, 0x62, 0x75, 0x8D, 0xA4, 0xB5, 0xBC, 0xB5, 0xA2, 0x86, 0x68, 0x4D, 0x3C, 0x3B, 0x4B, 0x65 ; file 1350D9
db 0x85, 0xA2, 0xB8, 0xC2, 0xBD, 0xA9, 0x8C, 0x6F, 0x59, 0x4C, 0x49, 0x51, 0x62, 0x77, 0x8A, 0x99 ; file 1350E9
db 0xA2, 0xA7, 0xA7, 0xA0, 0x94, 0x84, 0x74, 0x65, 0x58, 0x51, 0x53, 0x5C, 0x6D, 0x85, 0x9D, 0xB2 ; file 1350F9
db 0xBC, 0xB9, 0xA9, 0x8F, 0x70, 0x53, 0x3F, 0x3B, 0x48, 0x5F, 0x7D, 0x9A, 0xB2, 0xBE, 0xBD, 0xAD ; file 135109
db 0x93, 0x78, 0x61, 0x52, 0x4C, 0x50, 0x5E, 0x71, 0x83, 0x92, 0x9C, 0xA3, 0xA6, 0xA3, 0x9A, 0x8C ; file 135119
db 0x7C, 0x6B, 0x5C, 0x52, 0x51, 0x58, 0x67, 0x7E, 0x97, 0xAC, 0xBA, 0xBB, 0xAE, 0x97, 0x78, 0x59 ; file 135129
db 0x44, 0x3B, 0x45, 0x5A, 0x75, 0x93, 0xAB, 0xBA, 0xBB, 0xB0, 0x99, 0x7F, 0x68, 0x58, 0x4F, 0x50 ; file 135139
db 0x5C, 0x6C, 0x7D, 0x8C, 0x97, 0x9F, 0xA4, 0xA5, 0x9E, 0x91, 0x82, 0x71, 0x60, 0x53, 0x4F, 0x55 ; file 135149
db 0x62, 0x78, 0x91, 0xA8, 0xB8, 0xBC, 0xB2, 0x9D, 0x7F, 0x60, 0x48, 0x3E, 0x43, 0x56, 0x70, 0x8C ; file 135159
db 0xA6, 0xB6, 0xBA, 0xB1, 0x9E, 0x85, 0x6E, 0x5D, 0x53, 0x51, 0x5A, 0x69, 0x78, 0x87, 0x93, 0x9C ; file 135169
db 0xA2, 0xA5, 0xA1, 0x96, 0x88, 0x76, 0x65, 0x56, 0x50, 0x53, 0x5E, 0x72, 0x8B, 0xA2, 0xB4, 0xBB ; file 135179
db 0xB6, 0xA2, 0x87, 0x68, 0x4F, 0x40, 0x42, 0x51, 0x69, 0x85, 0x9F, 0xB1, 0xB7, 0xB2, 0xA2, 0x8C ; file 135189
db 0x75, 0x63, 0x57, 0x53, 0x58, 0x65, 0x73, 0x82, 0x8F, 0x98, 0x9F, 0xA3, 0xA2, 0x99, 0x8C, 0x7C ; file 135199
db 0x6A, 0x5A, 0x52, 0x52, 0x5B, 0x6C, 0x84, 0x9B, 0xAE, 0xB8, 0xB6, 0xA7, 0x8E, 0x71, 0x56, 0x45 ; file 1351A9
db 0x43, 0x4F, 0x64, 0x7E, 0x98, 0xAB, 0xB3, 0xB2, 0xA5, 0x91, 0x7C, 0x68, 0x5C, 0x56, 0x58, 0x63 ; file 1351B9
db 0x70, 0x7E, 0x8B, 0x94, 0x9C, 0xA1, 0xA1, 0x9B, 0x90, 0x81, 0x70, 0x60, 0x55, 0x52, 0x58, 0x68 ; file 1351C9
db 0x7E, 0x95, 0xA8, 0xB4, 0xB6, 0xAA, 0x94, 0x79, 0x5E, 0x4B, 0x45, 0x4D, 0x5F, 0x78, 0x92, 0xA5 ; file 1351D9
db 0xB0, 0xB0, 0xA7, 0x95, 0x81, 0x6E, 0x60, 0x59, 0x59, 0x61, 0x6D, 0x7B, 0x88, 0x92, 0x99, 0x9E ; file 1351E9
db 0xA0, 0x9C, 0x92, 0x85, 0x75, 0x65, 0x59, 0x53, 0x57, 0x65, 0x79, 0x8F, 0xA2, 0xB0, 0xB3, 0xAC ; file 1351F9
db 0x99, 0x80, 0x65, 0x51, 0x48, 0x4C, 0x5C, 0x73, 0x8C, 0xA0, 0xAC, 0xAE, 0xA7, 0x98, 0x85, 0x72 ; file 135209
db 0x65, 0x5D, 0x5B, 0x61, 0x6B, 0x79, 0x85, 0x8E, 0x95, 0x9B, 0x9D, 0x9C, 0x94, 0x88, 0x7A, 0x6B ; file 135219
db 0x5E, 0x56, 0x57, 0x62, 0x75, 0x8A, 0x9C, 0xAA, 0xB0, 0xAC, 0x9C, 0x85, 0x6B, 0x57, 0x4D, 0x4E ; file 135229
db 0x5A, 0x6F, 0x87, 0x9C, 0xA8, 0xAC, 0xA5, 0x98, 0x87, 0x76, 0x69, 0x60, 0x5D, 0x61, 0x6B, 0x78 ; file 135239
db 0x84, 0x8C, 0x93, 0x97, 0x9A, 0x99, 0x93, 0x89, 0x7E, 0x70, 0x63, 0x5A, 0x5A, 0x62, 0x72, 0x85 ; file 135249
db 0x97, 0xA4, 0xAB, 0xA9, 0x9D, 0x89, 0x71, 0x5D, 0x51, 0x50, 0x5A, 0x6C, 0x83, 0x98, 0xA5, 0xA9 ; file 135259
db 0xA4, 0x98, 0x89, 0x79, 0x6C, 0x63, 0x5F, 0x63, 0x6C, 0x78, 0x83, 0x8B, 0x90, 0x94, 0x96, 0x96 ; file 135269
db 0x92, 0x89, 0x80, 0x74, 0x68, 0x5E, 0x5D, 0x63, 0x71, 0x83, 0x93, 0x9F, 0xA7, 0xA7, 0x9D, 0x8C ; file 135279
db 0x76, 0x62, 0x56, 0x52, 0x5A, 0x6A, 0x80, 0x95, 0xA2, 0xA6, 0xA2, 0x97, 0x89, 0x7B, 0x6E, 0x65 ; file 135289
db 0x61, 0x64, 0x6D, 0x79, 0x83, 0x8B, 0x8F, 0x92, 0x93, 0x93, 0x8F, 0x88, 0x81, 0x77, 0x6B, 0x62 ; file 135299
db 0x60, 0x65, 0x71, 0x81, 0x8F, 0x9A, 0xA2, 0xA4, 0x9D, 0x8D, 0x7A, 0x67, 0x5A, 0x55, 0x5B, 0x6A ; file 1352A9
db 0x7E, 0x92, 0xA0, 0xA4, 0xA0, 0x97, 0x8A, 0x7C, 0x70, 0x67, 0x63, 0x66, 0x6E, 0x7A, 0x83, 0x8B ; file 1352B9
db 0x8F, 0x90, 0x90, 0x8F, 0x8C, 0x87, 0x82, 0x7A, 0x6F, 0x66, 0x63, 0x67, 0x71, 0x7F, 0x8C, 0x96 ; file 1352C9
db 0x9D, 0xA1, 0x9B, 0x8E, 0x7D, 0x6B, 0x5E, 0x58, 0x5D, 0x69, 0x7C, 0x90, 0x9D, 0xA2, 0x9E, 0x95 ; file 1352D9
db 0x89, 0x7D, 0x70, 0x68, 0x63, 0x66, 0x6F, 0x7B, 0x84, 0x8C, 0x8F, 0x90, 0x8F, 0x8C, 0x89, 0x85 ; file 1352E9
db 0x81, 0x7B, 0x71, 0x69, 0x67, 0x6A, 0x72, 0x7E, 0x89, 0x92, 0x9A, 0x9E, 0x9A, 0x8F, 0x7F, 0x6E ; file 1352F9
db 0x61, 0x5B, 0x5E, 0x69, 0x79, 0x8D, 0x9A, 0x9F, 0x9D, 0x95, 0x8B, 0x7F, 0x72, 0x69, 0x65, 0x67 ; file 135309
db 0x70, 0x7B, 0x84, 0x8B, 0x8E, 0x8E, 0x8C, 0x8A, 0x87, 0x85, 0x82, 0x7D, 0x75, 0x6E, 0x6B, 0x6C ; file 135319
db 0x72, 0x7C, 0x85, 0x8D, 0x95, 0x9A, 0x99, 0x91, 0x83, 0x73, 0x66, 0x5F, 0x60, 0x68, 0x77, 0x88 ; file 135329
db 0x96, 0x9C, 0x9A, 0x94, 0x8B, 0x80, 0x75, 0x6B, 0x67, 0x69, 0x71, 0x7B, 0x83, 0x89, 0x8C, 0x8C ; file 135339
db 0x8A, 0x87, 0x85, 0x84, 0x83, 0x7F, 0x79, 0x72, 0x6F, 0x6E, 0x72, 0x79, 0x81, 0x89, 0x90, 0x96 ; file 135349
db 0x97, 0x91, 0x86, 0x78, 0x6B, 0x64, 0x63, 0x68, 0x74, 0x84, 0x92, 0x98, 0x97, 0x93, 0x8B, 0x82 ; file 135359
db 0x77, 0x6E, 0x69, 0x6C, 0x73, 0x7B, 0x82, 0x88, 0x8B, 0x8A, 0x87, 0x85, 0x83, 0x83, 0x83, 0x81 ; file 135369
db 0x7C, 0x77, 0x73, 0x71, 0x73, 0x78, 0x7E, 0x85, 0x8C, 0x92, 0x95, 0x91, 0x88, 0x7C, 0x70, 0x68 ; file 135379
db 0x66, 0x69, 0x73, 0x80, 0x8E, 0x95, 0x95, 0x92, 0x8C, 0x83, 0x7A, 0x70, 0x6C, 0x6E, 0x74, 0x7C ; file 135389
db 0x82, 0x86, 0x8A, 0x88, 0x85, 0x83, 0x81, 0x82, 0x82, 0x82, 0x7F, 0x7C, 0x78, 0x75, 0x74, 0x77 ; file 135399
db 0x7B, 0x81, 0x87, 0x8E, 0x92, 0x91, 0x8A, 0x80, 0x74, 0x6D, 0x69, 0x6B, 0x71, 0x7D, 0x8A, 0x91 ; file 1353A9
db 0x92, 0x90, 0x8B, 0x84, 0x7B, 0x72, 0x6E, 0x70, 0x75, 0x7D, 0x82, 0x85, 0x88, 0x87, 0x83, 0x81 ; file 1353B9
db 0x80, 0x81, 0x82, 0x82, 0x81, 0x7E, 0x7B, 0x78, 0x76, 0x76, 0x7A, 0x7F, 0x83, 0x8A, 0x90, 0x91 ; file 1353C9
db 0x8C, 0x82, 0x79, 0x71, 0x6C, 0x6C, 0x71, 0x7B, 0x86, 0x8F, 0x90, 0x8F, 0x8B, 0x85, 0x7C, 0x74 ; file 1353D9
db 0x6F, 0x71, 0x76, 0x7D, 0x81, 0x85, 0x88, 0x87, 0x83, 0x7F, 0x7E, 0x7F, 0x80, 0x81, 0x81, 0x80 ; file 1353E9
db 0x7E, 0x7B, 0x77, 0x76, 0x79, 0x7D, 0x81, 0x86, 0x8D, 0x8F, 0x8C, 0x84, 0x7B, 0x73, 0x6F, 0x6D ; file 1353F9
db 0x71, 0x79, 0x84, 0x8D, 0x8F, 0x8E, 0x8C, 0x86, 0x7D, 0x75, 0x70, 0x71, 0x76, 0x7C, 0x81, 0x84 ; file 135409
db 0x87, 0x87, 0x82, 0x7F, 0x7E, 0x7F, 0x7F, 0x80, 0x81, 0x81, 0x7F, 0x7C, 0x78, 0x76, 0x78, 0x7C ; file 135419
db 0x80, 0x84, 0x8C, 0x8F, 0x8D, 0x86, 0x7E, 0x76, 0x70, 0x6E, 0x70, 0x76, 0x81, 0x8B, 0x8F, 0x8E ; file 135429
db 0x8C, 0x87, 0x7F, 0x77, 0x72, 0x72, 0x76, 0x7B, 0x7F, 0x83, 0x86, 0x87, 0x83, 0x7F, 0x7E, 0x7F ; file 135439
db 0x80, 0x81, 0x82, 0x82, 0x81, 0x7D, 0x78, 0x75, 0x77, 0x7B, 0x7E, 0x83, 0x8A, 0x8F, 0x8E, 0x88 ; file 135449
db 0x80, 0x78, 0x71, 0x6E, 0x6F, 0x74, 0x7E, 0x89, 0x8E, 0x8E, 0x8D, 0x88, 0x81, 0x79, 0x74, 0x72 ; file 135459
db 0x75, 0x79, 0x7E, 0x82, 0x86, 0x86, 0x83, 0x7F, 0x7F, 0x80, 0x80, 0x81, 0x82, 0x82, 0x81, 0x7D ; file 135469
db 0x77, 0x74, 0x76, 0x7A, 0x7E, 0x82, 0x89, 0x8F, 0x8F, 0x8A, 0x82, 0x79, 0x72, 0x6E, 0x6D, 0x72 ; file 135479
db 0x7C, 0x87, 0x8D, 0x8F, 0x8E, 0x8A, 0x83, 0x7B, 0x76, 0x73, 0x74, 0x78, 0x7C, 0x81, 0x85, 0x86 ; file 135489
db 0x84, 0x80, 0x7F, 0x81, 0x81, 0x82, 0x82, 0x82, 0x81, 0x7D, 0x77, 0x73, 0x75, 0x7A, 0x7E, 0x83 ; file 135499
db 0x89, 0x8F, 0x90, 0x8C, 0x83, 0x7A, 0x72, 0x6D, 0x6C, 0x70, 0x7A, 0x85, 0x8D, 0x90, 0x8F, 0x8C ; file 1354A9
db 0x85, 0x7D, 0x77, 0x73, 0x73, 0x75, 0x79, 0x7F, 0x84, 0x86, 0x85, 0x82, 0x81, 0x82, 0x82, 0x83 ; file 1354B9
db 0x82, 0x82, 0x7F, 0x7B, 0x75, 0x73, 0x74, 0x79, 0x7E, 0x83, 0x8A, 0x8F, 0x91, 0x8D, 0x85, 0x7B ; file 1354C9
db 0x71, 0x6B, 0x6A, 0x6F, 0x79, 0x83, 0x8D, 0x91, 0x91, 0x8E, 0x88, 0x80, 0x79, 0x73, 0x72, 0x73 ; file 1354D9
db 0x76, 0x7C, 0x82, 0x86, 0x87, 0x85, 0x83, 0x84, 0x85, 0x85, 0x83, 0x81, 0x7E, 0x79, 0x73, 0x71 ; file 1354E9
db 0x73, 0x78, 0x7F, 0x85, 0x8B, 0x91, 0x93, 0x90, 0x87, 0x7C, 0x71, 0x69, 0x67, 0x6C, 0x76, 0x81 ; file 1354F9
db 0x8C, 0x92, 0x93, 0x91, 0x8B, 0x83, 0x7A, 0x74, 0x70, 0x6F, 0x72, 0x79, 0x80, 0x85, 0x87, 0x87 ; file 135509
db 0x86, 0x86, 0x88, 0x87, 0x84, 0x81, 0x7C, 0x76, 0x70, 0x6F, 0x71, 0x77, 0x7F, 0x87, 0x8D, 0x92 ; file 135519
db 0x94, 0x91, 0x88, 0x7D, 0x70, 0x67, 0x65, 0x6A, 0x74, 0x80, 0x8B, 0x93, 0x95, 0x93, 0x8E, 0x85 ; file 135529
db 0x7C, 0x74, 0x70, 0x6D, 0x6F, 0x75, 0x7E, 0x83, 0x88, 0x89, 0x88, 0x89, 0x8A, 0x89, 0x86, 0x81 ; file 135539
db 0x7B, 0x73, 0x6E, 0x6D, 0x70, 0x76, 0x7F, 0x89, 0x8F, 0x94, 0x96, 0x93, 0x8A, 0x7D, 0x6F, 0x66 ; file 135549
db 0x63, 0x67, 0x72, 0x7E, 0x8A, 0x93, 0x96, 0x95, 0x91, 0x88, 0x7E, 0x75, 0x6F, 0x6B, 0x6C, 0x71 ; file 135559
db 0x7A, 0x81, 0x87, 0x8A, 0x8B, 0x8C, 0x8D, 0x8D, 0x88, 0x81, 0x79, 0x71, 0x6B, 0x6A, 0x6E, 0x75 ; file 135569
db 0x7F, 0x8A, 0x92, 0x96, 0x98, 0x94, 0x8B, 0x7E, 0x6F, 0x64, 0x61, 0x66, 0x70, 0x7D, 0x89, 0x93 ; file 135579
db 0x98, 0x97, 0x93, 0x8B, 0x81, 0x77, 0x6F, 0x6A, 0x69, 0x6E, 0x77, 0x80, 0x87, 0x8B, 0x8D, 0x8F ; file 135589
db 0x90, 0x8F, 0x89, 0x81, 0x77, 0x6E, 0x69, 0x68, 0x6B, 0x74, 0x80, 0x8C, 0x94, 0x98, 0x99, 0x95 ; file 135599
db 0x8C, 0x7E, 0x6F, 0x63, 0x60, 0x64, 0x6F, 0x7C, 0x89, 0x93, 0x98, 0x98, 0x94, 0x8C, 0x81, 0x77 ; file 1355A9
db 0x6F, 0x6A, 0x69, 0x6D, 0x75, 0x7E, 0x86, 0x8C, 0x8E, 0x90, 0x91, 0x90, 0x89, 0x80, 0x76, 0x6D ; file 1355B9
db 0x68, 0x67, 0x6B, 0x75, 0x81, 0x8D, 0x96, 0x99, 0x99, 0x95, 0x8C, 0x7D, 0x6D, 0x63, 0x5F, 0x64 ; file 1355C9
db 0x6E, 0x7C, 0x89, 0x94, 0x9A, 0x9A, 0x95, 0x8D, 0x82, 0x77, 0x6D, 0x68, 0x66, 0x6B, 0x73, 0x7E ; file 1355D9
db 0x87, 0x8E, 0x92, 0x93, 0x93, 0x91, 0x89, 0x7F, 0x73, 0x6B, 0x66, 0x66, 0x6A, 0x75, 0x82, 0x8F ; file 1355E9
db 0x98, 0x9B, 0x9A, 0x95, 0x8C, 0x7D, 0x6D, 0x62, 0x5E, 0x63, 0x6C, 0x7B, 0x88, 0x94, 0x9B, 0x9C ; file 1355F9
db 0x97, 0x8F, 0x83, 0x78, 0x6D, 0x66, 0x64, 0x68, 0x70, 0x7C, 0x87, 0x8F, 0x94, 0x96, 0x95, 0x91 ; file 135609
db 0x89, 0x7E, 0x72, 0x69, 0x64, 0x64, 0x69, 0x74, 0x82, 0x8F, 0x99, 0x9C, 0x9B, 0x96, 0x8C, 0x7D ; file 135619
db 0x6D, 0x62, 0x5E, 0x61, 0x6B, 0x79, 0x87, 0x94, 0x9C, 0x9E, 0x99, 0x91, 0x85, 0x78, 0x6C, 0x65 ; file 135629
db 0x62, 0x65, 0x6E, 0x7A, 0x86, 0x90, 0x97, 0x99, 0x97, 0x93, 0x8A, 0x7E, 0x71, 0x67, 0x63, 0x62 ; file 135639
db 0x68, 0x73, 0x82, 0x90, 0x9A, 0x9E, 0x9C, 0x97, 0x8D, 0x7E, 0x6E, 0x62, 0x5D, 0x60, 0x69, 0x76 ; file 135649
db 0x85, 0x94, 0x9E, 0xA0, 0x9B, 0x93, 0x87, 0x7A, 0x6D, 0x64, 0x60, 0x63, 0x6B, 0x78, 0x85, 0x91 ; file 135659
db 0x99, 0x9C, 0x9A, 0x94, 0x8B, 0x7E, 0x70, 0x66, 0x61, 0x60, 0x67, 0x72, 0x81, 0x90, 0x9B, 0xA0 ; file 135669
db 0x9E, 0x98, 0x8D, 0x7E, 0x6E, 0x62, 0x5C, 0x5E, 0x66, 0x74, 0x84, 0x93, 0x9E, 0xA2, 0x9E, 0x96 ; file 135679
db 0x8A, 0x7B, 0x6D, 0x64, 0x5F, 0x60, 0x68, 0x75, 0x83, 0x90, 0x9A, 0x9E, 0x9C, 0x96, 0x8D, 0x7F ; file 135689
db 0x71, 0x66, 0x5F, 0x5F, 0x64, 0x6F, 0x7E, 0x8E, 0x9B, 0xA1, 0xA0, 0x9A, 0x8F, 0x80, 0x70, 0x63 ; file 135699
db 0x5C, 0x5B, 0x63, 0x71, 0x80, 0x91, 0x9E, 0xA3, 0xA1, 0x98, 0x8C, 0x7E, 0x6F, 0x64, 0x5E, 0x5E ; file 1356A9
db 0x65, 0x72, 0x80, 0x8F, 0x9A, 0xA0, 0x9E, 0x98, 0x8F, 0x81, 0x73, 0x68, 0x5F, 0x5D, 0x62, 0x6D ; file 1356B9
db 0x7B, 0x8B, 0x99, 0xA2, 0xA2, 0x9C, 0x91, 0x82, 0x72, 0x65, 0x5C, 0x5A, 0x60, 0x6D, 0x7D, 0x8E ; file 1356C9
db 0x9C, 0xA4, 0xA3, 0x9B, 0x8F, 0x7F, 0x70, 0x65, 0x5E, 0x5C, 0x62, 0x6F, 0x7E, 0x8C, 0x99, 0xA0 ; file 1356D9
db 0xA0, 0x9B, 0x91, 0x83, 0x75, 0x69, 0x60, 0x5C, 0x60, 0x6A, 0x78, 0x88, 0x98, 0xA2, 0xA4, 0x9F ; file 1356E9
db 0x94, 0x85, 0x75, 0x67, 0x5C, 0x58, 0x5D, 0x6A, 0x7A, 0x8B, 0x9B, 0xA4, 0xA5, 0x9E, 0x92, 0x81 ; file 1356F9
db 0x72, 0x67, 0x5E, 0x5B, 0x61, 0x6C, 0x7B, 0x89, 0x97, 0x9F, 0xA1, 0x9D, 0x93, 0x86, 0x78, 0x6B ; file 135709
db 0x61, 0x5C, 0x5E, 0x67, 0x74, 0x84, 0x95, 0xA1, 0xA5, 0xA2, 0x98, 0x89, 0x78, 0x69, 0x5C, 0x57 ; file 135719
db 0x5B, 0x67, 0x77, 0x88, 0x99, 0xA4, 0xA7, 0xA1, 0x94, 0x83, 0x74, 0x68, 0x5F, 0x5B, 0x60, 0x6B ; file 135729
db 0x7A, 0x88, 0x95, 0x9E, 0xA1, 0x9E, 0x95, 0x88, 0x7A, 0x6D, 0x63, 0x5D, 0x5D, 0x65, 0x70, 0x81 ; file 135739
db 0x92, 0xA0, 0xA6, 0xA4, 0x9A, 0x8C, 0x7B, 0x6A, 0x5C, 0x56, 0x59, 0x64, 0x74, 0x86, 0x97, 0xA4 ; file 135749
db 0xA8, 0xA3, 0x96, 0x85, 0x75, 0x69, 0x5F, 0x5B, 0x5E, 0x69, 0x77, 0x85, 0x92, 0x9C, 0xA1, 0x9F ; file 135759
db 0x97, 0x8C, 0x7D, 0x70, 0x65, 0x5E, 0x5C, 0x62, 0x6D, 0x7D, 0x8E, 0x9E, 0xA7, 0xA6, 0x9F, 0x91 ; file 135769
db 0x7F, 0x6C, 0x5D, 0x55, 0x56, 0x61, 0x71, 0x83, 0x94, 0xA3, 0xA9, 0xA5, 0x99, 0x89, 0x78, 0x6A ; file 135779
db 0x60, 0x5B, 0x5D, 0x67, 0x75, 0x82, 0x8F, 0x99, 0x9F, 0xA0, 0x9A, 0x8F, 0x81, 0x73, 0x67, 0x5F ; file 135789
db 0x5C, 0x5F, 0x69, 0x79, 0x8A, 0x9B, 0xA6, 0xA8, 0xA2, 0x96, 0x83, 0x6F, 0x5E, 0x55, 0x54, 0x5E ; file 135799
db 0x6D, 0x80, 0x91, 0xA1, 0xAA, 0xA7, 0x9C, 0x8C, 0x7B, 0x6C, 0x62, 0x5C, 0x5D, 0x65, 0x72, 0x7F ; file 1357A9
db 0x8B, 0x96, 0x9F, 0xA1, 0x9D, 0x94, 0x85, 0x77, 0x6A, 0x60, 0x5B, 0x5C, 0x65, 0x74, 0x86, 0x98 ; file 1357B9
db 0xA6, 0xAA, 0xA6, 0x9B, 0x88, 0x73, 0x60, 0x55, 0x53, 0x5B, 0x69, 0x7C, 0x8D, 0x9E, 0xA8, 0xA8 ; file 1357C9
db 0x9F, 0x90, 0x7F, 0x70, 0x64, 0x5E, 0x5D, 0x63, 0x6E, 0x7B, 0x86, 0x92, 0x9C, 0xA1, 0x9F, 0x98 ; file 1357D9
db 0x8B, 0x7C, 0x6D, 0x61, 0x5A, 0x59, 0x61, 0x6E, 0x81, 0x94, 0xA4, 0xAC, 0xA9, 0x9F, 0x8D, 0x77 ; file 1357E9
db 0x63, 0x56, 0x52, 0x58, 0x66, 0x78, 0x8A, 0x9A, 0xA7, 0xA9, 0xA1, 0x94, 0x83, 0x73, 0x67, 0x5F ; file 1357F9
db 0x5D, 0x61, 0x6B, 0x76, 0x81, 0x8E, 0x9A, 0xA1, 0xA2, 0x9D, 0x91, 0x81, 0x70, 0x63, 0x5A, 0x57 ; file 135809
db 0x5C, 0x69, 0x7B, 0x8F, 0xA2, 0xAD, 0xAD, 0xA4, 0x93, 0x7C, 0x66, 0x58, 0x52, 0x56, 0x63, 0x73 ; file 135819
db 0x85, 0x96, 0xA4, 0xA9, 0xA3, 0x98, 0x89, 0x78, 0x6B, 0x62, 0x5F, 0x61, 0x68, 0x72, 0x7C, 0x88 ; file 135829
db 0x95, 0x9F, 0xA3, 0x9F, 0x96, 0x86, 0x76, 0x67, 0x5B, 0x56, 0x59, 0x65, 0x75, 0x8A, 0x9F, 0xAC ; file 135839
db 0xAF, 0xA7, 0x97, 0x81, 0x69, 0x5A, 0x52, 0x54, 0x5F, 0x70, 0x82, 0x92, 0xA1, 0xA8, 0xA5, 0x9B ; file 135849
db 0x8C, 0x7C, 0x6E, 0x65, 0x60, 0x60, 0x65, 0x6D, 0x78, 0x83, 0x92, 0x9E, 0xA4, 0xA3, 0x9B, 0x8D ; file 135859
db 0x7B, 0x69, 0x5C, 0x55, 0x56, 0x5F, 0x6F, 0x84, 0x9B, 0xAB, 0xB1, 0xAC, 0x9C, 0x87, 0x6F, 0x5D ; file 135869
db 0x53, 0x53, 0x5C, 0x6B, 0x7D, 0x8E, 0x9D, 0xA7, 0xA7, 0x9E, 0x91, 0x81, 0x73, 0x69, 0x63, 0x61 ; file 135879
db 0x64, 0x6A, 0x73, 0x7E, 0x8D, 0x9B, 0xA3, 0xA5, 0x9F, 0x92, 0x81, 0x6E, 0x5F, 0x56, 0x54, 0x5B ; file 135889
db 0x6A, 0x7E, 0x96, 0xA9, 0xB1, 0xAE, 0xA0, 0x8C, 0x74, 0x61, 0x55, 0x53, 0x5A, 0x68, 0x78, 0x89 ; file 135899
db 0x99, 0xA5, 0xA7, 0xA0, 0x94, 0x85, 0x77, 0x6C, 0x65, 0x62, 0x62, 0x67, 0x6F, 0x7A, 0x88, 0x97 ; file 1358A9
db 0xA2, 0xA6, 0xA2, 0x97, 0x86, 0x73, 0x63, 0x58, 0x53, 0x57, 0x64, 0x77, 0x8F, 0xA5, 0xB1, 0xB0 ; file 1358B9
db 0xA5, 0x92, 0x7B, 0x65, 0x58, 0x53, 0x57, 0x63, 0x73, 0x84, 0x94, 0xA1, 0xA7, 0xA2, 0x97, 0x8A ; file 1358C9
db 0x7C, 0x70, 0x68, 0x63, 0x62, 0x65, 0x6B, 0x75, 0x83, 0x93, 0xA0, 0xA6, 0xA4, 0x9B, 0x8C, 0x79 ; file 1358D9
db 0x67, 0x5A, 0x53, 0x55, 0x5F, 0x71, 0x89, 0xA0, 0xB0, 0xB1, 0xA8, 0x97, 0x81, 0x6B, 0x5B, 0x54 ; file 1358E9
db 0x56, 0x5F, 0x6E, 0x7F, 0x8F, 0x9E, 0xA6, 0xA3, 0x9A, 0x8E, 0x81, 0x74, 0x6B, 0x65, 0x62, 0x63 ; file 1358F9
db 0x67, 0x70, 0x7E, 0x8F, 0x9E, 0xA5, 0xA6, 0x9F, 0x92, 0x7F, 0x6C, 0x5D, 0x54, 0x53, 0x5B, 0x6B ; file 135909
db 0x82, 0x9B, 0xAD, 0xB2, 0xAB, 0x9B, 0x87, 0x70, 0x5F, 0x56, 0x55, 0x5C, 0x69, 0x7A, 0x8B, 0x9A ; file 135919
db 0xA4, 0xA4, 0x9D, 0x92, 0x85, 0x79, 0x6E, 0x68, 0x62, 0x61, 0x64, 0x6C, 0x79, 0x8A, 0x9A, 0xA4 ; file 135929
db 0xA6, 0xA2, 0x97, 0x86, 0x72, 0x61, 0x55, 0x51, 0x57, 0x65, 0x7C, 0x95, 0xAA, 0xB2, 0xAE, 0xA0 ; file 135939
db 0x8D, 0x77, 0x64, 0x58, 0x54, 0x59, 0x65, 0x75, 0x87, 0x97, 0xA2, 0xA4, 0x9E, 0x95, 0x89, 0x7D ; file 135949
db 0x71, 0x69, 0x63, 0x60, 0x61, 0x68, 0x75, 0x86, 0x98, 0xA3, 0xA7, 0xA5, 0x9C, 0x8C, 0x77, 0x64 ; file 135959
db 0x56, 0x4F, 0x53, 0x60, 0x76, 0x8F, 0xA6, 0xB2, 0xB0, 0xA5, 0x93, 0x7E, 0x69, 0x5A, 0x54, 0x56 ; file 135969
db 0x60, 0x6F, 0x82, 0x93, 0x9F, 0xA4, 0xA0, 0x98, 0x8D, 0x81, 0x75, 0x6C, 0x65, 0x60, 0x5F, 0x64 ; file 135979
db 0x70, 0x81, 0x93, 0xA0, 0xA6, 0xA7, 0xA0, 0x92, 0x7E, 0x69, 0x59, 0x50, 0x50, 0x5B, 0x6F, 0x89 ; file 135989
db 0xA1, 0xB0, 0xB2, 0xA8, 0x98, 0x84, 0x6F, 0x5E, 0x55, 0x54, 0x5D, 0x6B, 0x7E, 0x8F, 0x9C, 0xA3 ; file 135999
db 0xA1, 0x9A, 0x91, 0x85, 0x79, 0x6F, 0x67, 0x61, 0x5E, 0x62, 0x6C, 0x7D, 0x8F, 0x9D, 0xA4, 0xA7 ; file 1359A9
db 0xA3, 0x97, 0x84, 0x6E, 0x5C, 0x50, 0x4E, 0x57, 0x69, 0x82, 0x9C, 0xAD, 0xB2, 0xAC, 0x9D, 0x8A ; file 1359B9
db 0x75, 0x62, 0x56, 0x52, 0x58, 0x66, 0x79, 0x8B, 0x99, 0xA2, 0xA2, 0x9D, 0x94, 0x88, 0x7C, 0x72 ; file 1359C9
db 0x69, 0x62, 0x5E, 0x60, 0x69, 0x79, 0x8A, 0x99, 0xA3, 0xA8, 0xA6, 0x9B, 0x89, 0x74, 0x60, 0x52 ; file 1359D9
db 0x4D, 0x54, 0x64, 0x7C, 0x96, 0xAA, 0xB2, 0xAF, 0xA2, 0x90, 0x7B, 0x66, 0x58, 0x52, 0x56, 0x63 ; file 1359E9
db 0x74, 0x86, 0x96, 0xA0, 0xA3, 0x9F, 0x97, 0x8C, 0x80, 0x75, 0x6B, 0x62, 0x5D, 0x5E, 0x67, 0x75 ; file 1359F9
db 0x86, 0x96, 0xA1, 0xA7, 0xA8, 0x9F, 0x8F, 0x7A, 0x64, 0x54, 0x4D, 0x51, 0x5E, 0x75, 0x90, 0xA6 ; file 135A09
db 0xB1, 0xB1, 0xA7, 0x96, 0x81, 0x6B, 0x5B, 0x51, 0x53, 0x5F, 0x6F, 0x82, 0x93, 0x9E, 0xA3, 0xA1 ; file 135A19
db 0x9A, 0x8F, 0x83, 0x78, 0x6D, 0x63, 0x5D, 0x5D, 0x64, 0x70, 0x81, 0x91, 0x9E, 0xA7, 0xA9, 0xA3 ; file 135A29
db 0x94, 0x80, 0x69, 0x57, 0x4D, 0x4E, 0x59, 0x6E, 0x89, 0xA1, 0xAF, 0xB2, 0xAB, 0x9C, 0x87, 0x71 ; file 135A39
db 0x5E, 0x52, 0x51, 0x5B, 0x6B, 0x7D, 0x8F, 0x9C, 0xA3, 0xA3, 0x9D, 0x93, 0x87, 0x7C, 0x70, 0x64 ; file 135A49
db 0x5D, 0x5C, 0x61, 0x6C, 0x7C, 0x8D, 0x9B, 0xA5, 0xAA, 0xA6, 0x99, 0x86, 0x6F, 0x5B, 0x4E, 0x4C ; file 135A59
db 0x55, 0x68, 0x82, 0x9C, 0xAD, 0xB2, 0xAE, 0xA1, 0x8D, 0x77, 0x62, 0x54, 0x50, 0x58, 0x66, 0x78 ; file 135A69
db 0x89, 0x99, 0xA2, 0xA4, 0x9F, 0x95, 0x8A, 0x7F, 0x73, 0x67, 0x5E, 0x5C, 0x60, 0x69, 0x78, 0x88 ; file 135A79
db 0x98, 0xA3, 0xAA, 0xA8, 0x9D, 0x8B, 0x75, 0x60, 0x50, 0x4C, 0x52, 0x63, 0x7B, 0x96, 0xAA, 0xB2 ; file 135A89
db 0xB0, 0xA5, 0x93, 0x7D, 0x66, 0x55, 0x4F, 0x55, 0x63, 0x73, 0x85, 0x96, 0xA1, 0xA4, 0xA1, 0x98 ; file 135A99
db 0x8D, 0x82, 0x76, 0x69, 0x5F, 0x5C, 0x5F, 0x67, 0x74, 0x84, 0x95, 0xA2, 0xAA, 0xAA, 0xA1, 0x90 ; file 135AA9
db 0x7A, 0x63, 0x52, 0x4B, 0x4F, 0x5D, 0x75, 0x91, 0xA6, 0xB2, 0xB3, 0xAA, 0x98, 0x82, 0x6A, 0x58 ; file 135AB9
db 0x4F, 0x52, 0x5E, 0x6D, 0x80, 0x93, 0xA0, 0xA5, 0xA3, 0x9B, 0x92, 0x86, 0x79, 0x6B, 0x60, 0x5B ; file 135AC9
db 0x5D, 0x63, 0x6E, 0x7F, 0x91, 0xA0, 0xAA, 0xAC, 0xA4, 0x95, 0x80, 0x68, 0x55, 0x4B, 0x4C, 0x58 ; file 135AD9
db 0x6E, 0x8A, 0xA2, 0xB0, 0xB4, 0xAE, 0x9E, 0x88, 0x6F, 0x5B, 0x50, 0x50, 0x5A, 0x69, 0x7C, 0x8F ; file 135AE9
db 0x9E, 0xA5, 0xA4, 0x9D, 0x94, 0x89, 0x7D, 0x6E, 0x62, 0x5C, 0x5C, 0x61, 0x6B, 0x7B, 0x8D, 0x9E ; file 135AF9
db 0xA9, 0xAC, 0xA7, 0x9A, 0x86, 0x6E, 0x58, 0x4B, 0x49, 0x54, 0x68, 0x83, 0x9D, 0xAE, 0xB5, 0xB0 ; file 135B09
db 0xA2, 0x8D, 0x75, 0x5F, 0x52, 0x4F, 0x56, 0x65, 0x77, 0x8B, 0x9B, 0xA4, 0xA5, 0x9F, 0x96, 0x8C ; file 135B19
db 0x80, 0x71, 0x64, 0x5C, 0x5B, 0x5F, 0x68, 0x77, 0x89, 0x9B, 0xA7, 0xAD, 0xAA, 0x9E, 0x8B, 0x74 ; file 135B29
db 0x5D, 0x4C, 0x47, 0x50, 0x62, 0x7D, 0x98, 0xAC, 0xB6, 0xB3, 0xA7, 0x93, 0x7B, 0x63, 0x53, 0x4E ; file 135B39
db 0x53, 0x60, 0x72, 0x86, 0x98, 0xA3, 0xA6, 0xA2, 0x99, 0x90, 0x83, 0x75, 0x67, 0x5D, 0x5A, 0x5D ; file 135B49
db 0x65, 0x72, 0x85, 0x97, 0xA6, 0xAD, 0xAB, 0xA2, 0x91, 0x7A, 0x61, 0x4F, 0x48, 0x4E, 0x5E, 0x78 ; file 135B59
db 0x93, 0xA8, 0xB5, 0xB5, 0xAA, 0x97, 0x7F, 0x67, 0x56, 0x4E, 0x52, 0x5E, 0x6F, 0x84, 0x97, 0xA3 ; file 135B69
db 0xA6, 0xA2, 0x9A, 0x90, 0x84, 0x76, 0x68, 0x5E, 0x5B, 0x5D, 0x65, 0x71, 0x83, 0x96, 0xA4, 0xAB ; file 135B79
db 0xAB, 0xA3, 0x93, 0x7D, 0x64, 0x51, 0x48, 0x4D, 0x5C, 0x74, 0x91, 0xA7, 0xB4, 0xB5, 0xAB, 0x99 ; file 135B89
db 0x81, 0x69, 0x56, 0x4D, 0x50, 0x5C, 0x6E, 0x83, 0x96, 0xA3, 0xA6, 0xA3, 0x9A, 0x90, 0x84, 0x76 ; file 135B99
db 0x69, 0x5F, 0x5B, 0x5D, 0x65, 0x71, 0x82, 0x94, 0xA2, 0xAA, 0xAB, 0xA3, 0x95, 0x7F, 0x67, 0x52 ; file 135BA9
db 0x48, 0x4B, 0x5A, 0x71, 0x8D, 0xA5, 0xB3, 0xB6, 0xAE, 0x9C, 0x84, 0x6B, 0x58, 0x4D, 0x4E, 0x5A ; file 135BB9
db 0x6C, 0x81, 0x95, 0xA2, 0xA7, 0xA4, 0x9B, 0x91, 0x84, 0x77, 0x6A, 0x5F, 0x5B, 0x5E, 0x65, 0x70 ; file 135BC9
db 0x80, 0x92, 0x9F, 0xA8, 0xAA, 0xA4, 0x96, 0x81, 0x69, 0x54, 0x49, 0x4B, 0x58, 0x6E, 0x8A, 0xA3 ; file 135BD9
db 0xB2, 0xB6, 0xB0, 0x9F, 0x87, 0x6D, 0x59, 0x4C, 0x4D, 0x58, 0x6A, 0x80, 0x94, 0xA2, 0xA7, 0xA4 ; file 135BE9
db 0x9C, 0x91, 0x84, 0x78, 0x6A, 0x60, 0x5B, 0x5E, 0x65, 0x70, 0x7F, 0x90, 0x9E, 0xA7, 0xAA, 0xA4 ; file 135BF9
db 0x97, 0x83, 0x6C, 0x57, 0x4A, 0x4A, 0x57, 0x6C, 0x87, 0xA1, 0xB1, 0xB6, 0xB0, 0xA1, 0x89, 0x70 ; file 135C09
db 0x5B, 0x4E, 0x4D, 0x57, 0x69, 0x7E, 0x92, 0xA1, 0xA7, 0xA4, 0x9C, 0x92, 0x86, 0x79, 0x6C, 0x61 ; file 135C19
db 0x5B, 0x5D, 0x65, 0x6F, 0x7E, 0x8E, 0x9D, 0xA7, 0xAA, 0xA5, 0x98, 0x85, 0x6E, 0x58, 0x4A, 0x49 ; file 135C29
db 0x55, 0x6A, 0x85, 0x9E, 0xAF, 0xB6, 0xB2, 0xA3, 0x8C, 0x73, 0x5D, 0x4F, 0x4C, 0x56, 0x67, 0x7B ; file 135C39
db 0x8F, 0x9F, 0xA6, 0xA4, 0x9D, 0x94, 0x88, 0x7C, 0x6E, 0x63, 0x5C, 0x5C, 0x63, 0x6C, 0x7A, 0x8B ; file 135C49
db 0x9B, 0xA6, 0xAA, 0xA7, 0x9B, 0x89, 0x72, 0x5B, 0x4C, 0x48, 0x53, 0x66, 0x81, 0x9A, 0xAC, 0xB5 ; file 135C59
db 0xB2, 0xA5, 0x8F, 0x76, 0x61, 0x52, 0x4E, 0x55, 0x65, 0x78, 0x8C, 0x9B, 0xA4, 0xA4, 0x9E, 0x96 ; file 135C69
db 0x8B, 0x7F, 0x72, 0x66, 0x5D, 0x5C, 0x61, 0x69, 0x76, 0x87, 0x98, 0xA4, 0xAB, 0xA8, 0x9E, 0x8C ; file 135C79
db 0x76, 0x5F, 0x4E, 0x48, 0x51, 0x63, 0x7C, 0x96, 0xA9, 0xB3, 0xB2, 0xA6, 0x92, 0x7A, 0x65, 0x56 ; file 135C89
db 0x50, 0x55, 0x63, 0x75, 0x87, 0x97, 0xA0, 0xA2, 0x9E, 0x97, 0x8E, 0x82, 0x76, 0x69, 0x60, 0x5D ; file 135C99
db 0x60, 0x67, 0x72, 0x82, 0x94, 0xA1, 0xA9, 0xA9, 0x9F, 0x90, 0x7B, 0x64, 0x52, 0x4A, 0x50, 0x61 ; file 135CA9
db 0x78, 0x90, 0xA5, 0xB0, 0xB1, 0xA8, 0x95, 0x7E, 0x69, 0x5A, 0x53, 0x56, 0x62, 0x72, 0x84, 0x93 ; file 135CB9
db 0x9D, 0xA0, 0x9E, 0x98, 0x8F, 0x84, 0x79, 0x6D, 0x64, 0x5F, 0x61, 0x67, 0x70, 0x7F, 0x90, 0x9E ; file 135CC9
db 0xA7, 0xA8, 0xA1, 0x92, 0x7E, 0x68, 0x56, 0x4D, 0x50, 0x5F, 0x74, 0x8C, 0xA0, 0xAD, 0xB0, 0xA8 ; file 135CD9
db 0x97, 0x81, 0x6C, 0x5D, 0x55, 0x56, 0x60, 0x6F, 0x81, 0x90, 0x9A, 0x9E, 0x9D, 0x98, 0x90, 0x86 ; file 135CE9
db 0x7B, 0x6F, 0x66, 0x61, 0x61, 0x66, 0x6F, 0x7D, 0x8C, 0x9B, 0xA4, 0xA7, 0xA0, 0x94, 0x81, 0x6C ; file 135CF9
db 0x5A, 0x50, 0x52, 0x5D, 0x70, 0x87, 0x9B, 0xA9, 0xAD, 0xA7, 0x98, 0x85, 0x70, 0x61, 0x58, 0x58 ; file 135D09
db 0x61, 0x6E, 0x7E, 0x8D, 0x97, 0x9C, 0x9C, 0x97, 0x90, 0x87, 0x7D, 0x72, 0x69, 0x64, 0x63, 0x66 ; file 135D19
db 0x6D, 0x7A, 0x89, 0x97, 0xA1, 0xA4, 0xA0, 0x95, 0x84, 0x70, 0x5F, 0x55, 0x55, 0x5E, 0x6E, 0x84 ; file 135D29
db 0x97, 0xA5, 0xAA, 0xA5, 0x98, 0x86, 0x73, 0x64, 0x5C, 0x5B, 0x62, 0x6E, 0x7C, 0x8A, 0x94, 0x9A ; file 135D39
db 0x9A, 0x95, 0x8F, 0x87, 0x7D, 0x73, 0x6B, 0x67, 0x66, 0x68, 0x6F, 0x7A, 0x87, 0x95, 0x9E, 0xA0 ; file 135D49
db 0x9D, 0x93, 0x84, 0x72, 0x62, 0x59, 0x59, 0x60, 0x6F, 0x82, 0x95, 0xA2, 0xA7, 0xA2, 0x96, 0x87 ; file 135D59
db 0x75, 0x66, 0x5E, 0x5E, 0x65, 0x6F, 0x7C, 0x89, 0x93, 0x98, 0x98, 0x94, 0x8D, 0x86, 0x7D, 0x74 ; file 135D69
db 0x6C, 0x69, 0x69, 0x6B, 0x71, 0x7C, 0x88, 0x94, 0x9B, 0x9D, 0x99, 0x91, 0x83, 0x72, 0x64, 0x5D ; file 135D79
db 0x5D, 0x64, 0x71, 0x83, 0x95, 0xA0, 0xA3, 0x9E, 0x93, 0x84, 0x75, 0x67, 0x60, 0x62, 0x68, 0x72 ; file 135D89
db 0x7D, 0x89, 0x93, 0x97, 0x97, 0x92, 0x8B, 0x84, 0x7D, 0x74, 0x6D, 0x6B, 0x6B, 0x6D, 0x72, 0x7D ; file 135D99
db 0x89, 0x93, 0x99, 0x9A, 0x96, 0x8E, 0x81, 0x71, 0x65, 0x60, 0x61, 0x67, 0x74, 0x84, 0x95, 0x9E ; file 135DA9
db 0xA0, 0x9A, 0x8F, 0x82, 0x75, 0x68, 0x62, 0x65, 0x6C, 0x74, 0x7E, 0x89, 0x92, 0x96, 0x95, 0x90 ; file 135DB9
db 0x88, 0x82, 0x7C, 0x73, 0x6C, 0x6B, 0x6D, 0x6F, 0x74, 0x7F, 0x8B, 0x94, 0x99, 0x99, 0x93, 0x8A ; file 135DC9
db 0x7F, 0x70, 0x65, 0x62, 0x65, 0x6B, 0x77, 0x87, 0x96, 0x9E, 0x9E, 0x97, 0x8B, 0x7F, 0x74, 0x69 ; file 135DD9
db 0x63, 0x67, 0x6F, 0x78, 0x80, 0x89, 0x92, 0x95, 0x94, 0x8E, 0x86, 0x81, 0x7B, 0x74, 0x6D, 0x6C ; file 135DE9
db 0x6F, 0x71, 0x76, 0x80, 0x8C, 0x94, 0x98, 0x96, 0x90, 0x86, 0x7C, 0x6E, 0x64, 0x63, 0x68, 0x6F ; file 135DF9
db 0x7A, 0x89, 0x97, 0x9D, 0x9B, 0x93, 0x87, 0x7C, 0x72, 0x69, 0x65, 0x6A, 0x73, 0x7B, 0x82, 0x8A ; file 135E09
db 0x92, 0x94, 0x92, 0x8C, 0x84, 0x7E, 0x7A, 0x73, 0x6C, 0x6C, 0x70, 0x74, 0x79, 0x83, 0x8E, 0x96 ; file 135E19
db 0x98, 0x95, 0x8D, 0x82, 0x78, 0x6C, 0x63, 0x64, 0x6B, 0x74, 0x80, 0x8D, 0x99, 0x9E, 0x9A, 0x90 ; file 135E29
db 0x83, 0x77, 0x6E, 0x68, 0x65, 0x6B, 0x77, 0x7F, 0x86, 0x8D, 0x93, 0x94, 0x91, 0x8A, 0x82, 0x7C ; file 135E39
db 0x77, 0x71, 0x6C, 0x6C, 0x71, 0x76, 0x7C, 0x86, 0x91, 0x98, 0x99, 0x95, 0x8A, 0x7F, 0x73, 0x68 ; file 135E49
db 0x61, 0x63, 0x6C, 0x77, 0x84, 0x92, 0x9C, 0x9F, 0x9A, 0x8F, 0x80, 0x73, 0x6B, 0x65, 0x64, 0x6C ; file 135E59
db 0x78, 0x82, 0x88, 0x8F, 0x94, 0x95, 0x91, 0x8A, 0x81, 0x7A, 0x75, 0x6F, 0x6A, 0x6B, 0x70, 0x77 ; file 135E69
db 0x7E, 0x89, 0x93, 0x9A, 0x9B, 0x95, 0x8A, 0x7D, 0x6F, 0x65, 0x5E, 0x61, 0x6C, 0x7A, 0x88, 0x96 ; file 135E79
db 0x9F, 0xA1, 0x9A, 0x8D, 0x7D, 0x6F, 0x68, 0x63, 0x64, 0x6C, 0x79, 0x84, 0x8C, 0x92, 0x95, 0x95 ; file 135E89
db 0x90, 0x89, 0x80, 0x79, 0x73, 0x6D, 0x6A, 0x6B, 0x70, 0x78, 0x80, 0x8C, 0x96, 0x9C, 0x9C, 0x95 ; file 135E99
db 0x89, 0x7A, 0x6C, 0x61, 0x5B, 0x60, 0x6C, 0x7C, 0x8B, 0x9A, 0xA2, 0xA3, 0x9B, 0x8C, 0x7B, 0x6C ; file 135EA9
db 0x63, 0x60, 0x62, 0x6C, 0x7A, 0x86, 0x8F, 0x95, 0x97, 0x95, 0x91, 0x88, 0x7F, 0x77, 0x70, 0x6B ; file 135EB9
db 0x68, 0x69, 0x6F, 0x78, 0x82, 0x8E, 0x99, 0x9E, 0x9F, 0x97, 0x89, 0x79, 0x69, 0x5D, 0x58, 0x5D ; file 135EC9
db 0x6A, 0x7C, 0x8E, 0x9D, 0xA6, 0xA6, 0x9D, 0x8D, 0x7A, 0x6A, 0x5F, 0x5C, 0x5F, 0x6A, 0x79, 0x87 ; file 135ED9
db 0x92, 0x99, 0x9A, 0x97, 0x91, 0x88, 0x7E, 0x75, 0x6E, 0x69, 0x66, 0x69, 0x6E, 0x77, 0x83, 0x90 ; file 135EE9
db 0x9B, 0xA0, 0xA0, 0x98, 0x8A, 0x79, 0x67, 0x5A, 0x54, 0x5A, 0x68, 0x7B, 0x8F, 0xA0, 0xAA, 0xA9 ; file 135EF9
db 0xA0, 0x8F, 0x7B, 0x68, 0x5C, 0x58, 0x5C, 0x68, 0x78, 0x87, 0x94, 0x9C, 0x9D, 0x99, 0x93, 0x89 ; file 135F09
db 0x7F, 0x74, 0x6C, 0x66, 0x64, 0x67, 0x6D, 0x76, 0x82, 0x91, 0x9C, 0xA3, 0xA2, 0x9B, 0x8D, 0x7A ; file 135F19
db 0x67, 0x58, 0x51, 0x56, 0x64, 0x79, 0x8E, 0xA1, 0xAC, 0xAD, 0xA4, 0x93, 0x7D, 0x69, 0x5A, 0x54 ; file 135F29
db 0x57, 0x63, 0x74, 0x85, 0x94, 0x9D, 0xA0, 0x9C, 0x96, 0x8C, 0x81, 0x75, 0x6B, 0x64, 0x61, 0x64 ; file 135F39
db 0x6A, 0x73, 0x81, 0x90, 0x9D, 0xA5, 0xA5, 0x9E, 0x91, 0x7E, 0x68, 0x57, 0x4E, 0x51, 0x5F, 0x74 ; file 135F49
db 0x8C, 0xA0, 0xAE, 0xB1, 0xA9, 0x98, 0x81, 0x6B, 0x5A, 0x52, 0x54, 0x5E, 0x6F, 0x82, 0x93, 0x9E ; file 135F59
db 0xA1, 0x9F, 0x98, 0x8F, 0x84, 0x77, 0x6B, 0x63, 0x5F, 0x61, 0x68, 0x71, 0x7F, 0x8E, 0x9C, 0xA6 ; file 135F69
db 0xA7, 0xA1, 0x95, 0x81, 0x6B, 0x57, 0x4C, 0x4E, 0x5B, 0x70, 0x89, 0x9F, 0xAE, 0xB3, 0xAD, 0x9C ; file 135F79
db 0x85, 0x6E, 0x5C, 0x52, 0x51, 0x5B, 0x6C, 0x7F, 0x91, 0x9D, 0xA2, 0xA1, 0x9B, 0x92, 0x87, 0x7A ; file 135F89
db 0x6D, 0x63, 0x5D, 0x5E, 0x65, 0x6E, 0x7D, 0x8D, 0x9C, 0xA7, 0xAA, 0xA5, 0x98, 0x85, 0x6D, 0x58 ; file 135F99
db 0x4B, 0x4B, 0x58, 0x6D, 0x86, 0x9D, 0xAE, 0xB5, 0xB0, 0xA0, 0x89, 0x71, 0x5D, 0x51, 0x4F, 0x57 ; file 135FA9
db 0x68, 0x7D, 0x8F, 0x9C, 0xA3, 0xA3, 0x9E, 0x96, 0x8A, 0x7D, 0x6E, 0x63, 0x5C, 0x5B, 0x61, 0x6B ; file 135FB9
db 0x7A, 0x8B, 0x9C, 0xA8, 0xAD, 0xA9, 0x9C, 0x88, 0x70, 0x59, 0x49, 0x47, 0x53, 0x68, 0x82, 0x9B ; file 135FC9
db 0xAD, 0xB6, 0xB3, 0xA4, 0x8E, 0x76, 0x60, 0x53, 0x4D, 0x54, 0x64, 0x78, 0x8B, 0x99, 0xA2, 0xA3 ; file 135FD9
db 0xA0, 0x99, 0x8E, 0x81, 0x72, 0x65, 0x5C, 0x58, 0x5D, 0x67, 0x76, 0x88, 0x9A, 0xA7, 0xAE, 0xAC ; file 135FE9
db 0xA0, 0x8D, 0x74, 0x5B, 0x4A, 0x45, 0x50, 0x64, 0x7E, 0x97, 0xAB, 0xB6, 0xB4, 0xA8, 0x92, 0x7A ; file 135FF9
db 0x64, 0x55, 0x4E, 0x52, 0x61, 0x74, 0x88, 0x97, 0xA0, 0xA3, 0xA1, 0x9B, 0x91, 0x83, 0x75, 0x67 ; file 136009
db 0x5D, 0x58, 0x5B, 0x64, 0x73, 0x85, 0x98, 0xA6, 0xAE, 0xAE, 0xA3, 0x8F, 0x76, 0x5D, 0x4B, 0x45 ; file 136019
db 0x4E, 0x62, 0x7B, 0x95, 0xAA, 0xB5, 0xB5, 0xAA, 0x95, 0x7D, 0x66, 0x56, 0x4E, 0x51, 0x5F, 0x72 ; file 136029
db 0x86, 0x95, 0x9F, 0xA3, 0xA2, 0x9D, 0x92, 0x85, 0x76, 0x68, 0x5E, 0x58, 0x5A, 0x63, 0x71, 0x83 ; file 136039
db 0x96, 0xA5, 0xAE, 0xAE, 0xA4, 0x92, 0x7A, 0x60, 0x4D, 0x45, 0x4C, 0x5F, 0x79, 0x92, 0xA7, 0xB5 ; file 136049
db 0xB6, 0xAC, 0x98, 0x7F, 0x67, 0x56, 0x4E, 0x50, 0x5C, 0x70, 0x85, 0x95, 0xA0, 0xA4, 0xA4, 0x9E ; file 136059
db 0x93, 0x85, 0x76, 0x69, 0x5E, 0x58, 0x5A, 0x64, 0x71, 0x82, 0x94, 0xA4, 0xAD, 0xAE, 0xA5, 0x93 ; file 136069
db 0x7B, 0x62, 0x4E, 0x45, 0x4B, 0x5C, 0x76, 0x8F, 0xA6, 0xB4, 0xB7, 0xAE, 0x9B, 0x82, 0x69, 0x57 ; file 136079
db 0x4E, 0x4E, 0x5A, 0x6E, 0x83, 0x94, 0xA0, 0xA5, 0xA4, 0x9F, 0x94, 0x86, 0x77, 0x69, 0x5E, 0x59 ; file 136089
db 0x5A, 0x63, 0x70, 0x80, 0x92, 0xA2, 0xAD, 0xAE, 0xA6, 0x95, 0x7E, 0x65, 0x51, 0x46, 0x49, 0x5A ; file 136099
db 0x72, 0x8C, 0xA2, 0xB3, 0xB7, 0xB0, 0x9E, 0x84, 0x6B, 0x58, 0x4E, 0x4D, 0x58, 0x6B, 0x81, 0x93 ; file 1360A9
db 0x9F, 0xA5, 0xA5, 0xA0, 0x95, 0x87, 0x78, 0x69, 0x5F, 0x59, 0x5A, 0x63, 0x6F, 0x80, 0x91, 0xA1 ; file 1360B9
db 0xAC, 0xAE, 0xA7, 0x97, 0x80, 0x68, 0x53, 0x47, 0x49, 0x58, 0x6F, 0x89, 0xA0, 0xB1, 0xB8, 0xB2 ; file 1360C9
db 0xA1, 0x87, 0x6D, 0x5A, 0x4E, 0x4C, 0x55, 0x68, 0x7F, 0x92, 0x9F, 0xA6, 0xA6, 0xA1, 0x97, 0x88 ; file 1360D9
db 0x79, 0x6A, 0x5F, 0x59, 0x5A, 0x62, 0x6E, 0x7E, 0x8F, 0x9F, 0xAA, 0xAE, 0xA8, 0x99, 0x84, 0x6B ; file 1360E9
db 0x56, 0x48, 0x48, 0x55, 0x6B, 0x85, 0x9D, 0xAF, 0xB8, 0xB4, 0xA5, 0x8C, 0x72, 0x5C, 0x4F, 0x4B ; file 1360F9
db 0x52, 0x63, 0x7A, 0x8F, 0x9D, 0xA5, 0xA7, 0xA3, 0x9A, 0x8C, 0x7C, 0x6C, 0x61, 0x5A, 0x59, 0x5F ; file 136109
db 0x6A, 0x7A, 0x8C, 0x9C, 0xA8, 0xAE, 0xAA, 0x9D, 0x8A, 0x71, 0x5A, 0x4B, 0x47, 0x51, 0x65, 0x7F ; file 136119
db 0x97, 0xAB, 0xB7, 0xB6, 0xA9, 0x92, 0x79, 0x62, 0x53, 0x4C, 0x50, 0x5F, 0x74, 0x8A, 0x9A, 0xA3 ; file 136129
db 0xA7, 0xA4, 0x9D, 0x8F, 0x7F, 0x70, 0x64, 0x5C, 0x59, 0x5D, 0x67, 0x76, 0x87, 0x98, 0xA5, 0xAC ; file 136139
db 0xAB, 0xA1, 0x8F, 0x77, 0x5F, 0x4E, 0x48, 0x4E, 0x60, 0x79, 0x92, 0xA7, 0xB4, 0xB7, 0xAC, 0x97 ; file 136149
db 0x7E, 0x67, 0x56, 0x4D, 0x4E, 0x5B, 0x6F, 0x85, 0x96, 0xA1, 0xA6, 0xA5, 0x9E, 0x92, 0x82, 0x73 ; file 136159
db 0x66, 0x5D, 0x59, 0x5C, 0x64, 0x72, 0x84, 0x94, 0xA2, 0xAB, 0xAC, 0xA4, 0x94, 0x7D, 0x64, 0x51 ; file 136169
db 0x48, 0x4C, 0x5B, 0x72, 0x8B, 0xA2, 0xB2, 0xB7, 0xAF, 0x9D, 0x85, 0x6D, 0x5A, 0x4F, 0x4D, 0x57 ; file 136179
db 0x6A, 0x80, 0x92, 0x9E, 0xA4, 0xA5, 0xA0, 0x95, 0x86, 0x77, 0x6A, 0x60, 0x5B, 0x5B, 0x61, 0x6E ; file 136189
db 0x7F, 0x90, 0x9E, 0xA8, 0xAC, 0xA7, 0x98, 0x83, 0x6A, 0x56, 0x4A, 0x4B, 0x57, 0x6C, 0x85, 0x9C ; file 136199
db 0xAE, 0xB6, 0xB1, 0xA1, 0x8B, 0x73, 0x5E, 0x51, 0x4D, 0x55, 0x66, 0x7C, 0x8E, 0x9B, 0xA3, 0xA5 ; file 1361A9
db 0xA2, 0x98, 0x8A, 0x7B, 0x6D, 0x63, 0x5C, 0x5A, 0x60, 0x6C, 0x7C, 0x8C, 0x9B, 0xA6, 0xAB, 0xA9 ; file 1361B9
db 0x9D, 0x88, 0x6F, 0x59, 0x4C, 0x4A, 0x54, 0x66, 0x7F, 0x98, 0xAC, 0xB5, 0xB3, 0xA6, 0x91, 0x79 ; file 1361C9
db 0x62, 0x52, 0x4C, 0x52, 0x62, 0x77, 0x8B, 0x99, 0xA2, 0xA6, 0xA4, 0x9A, 0x8D, 0x7E, 0x6F, 0x64 ; file 1361D9
db 0x5D, 0x59, 0x5E, 0x68, 0x78, 0x88, 0x97, 0xA3, 0xAB, 0xAB, 0xA1, 0x8E, 0x75, 0x5E, 0x4F, 0x4A ; file 1361E9
db 0x50, 0x61, 0x78, 0x92, 0xA8, 0xB4, 0xB4, 0xAA, 0x98, 0x80, 0x67, 0x55, 0x4C, 0x4F, 0x5E, 0x72 ; file 1361F9
db 0x85, 0x95, 0xA0, 0xA5, 0xA4, 0x9D, 0x91, 0x82, 0x73, 0x67, 0x5E, 0x5A, 0x5D, 0x66, 0x74, 0x83 ; file 136209
db 0x93, 0xA0, 0xA9, 0xAC, 0xA5, 0x93, 0x7C, 0x64, 0x52, 0x4A, 0x4E, 0x5B, 0x71, 0x8A, 0xA2, 0xB1 ; file 136219
db 0xB4, 0xAE, 0x9E, 0x87, 0x6D, 0x59, 0x4E, 0x4E, 0x5A, 0x6C, 0x80, 0x91, 0x9D, 0xA3, 0xA5, 0xA0 ; file 136229
db 0x95, 0x87, 0x77, 0x6A, 0x61, 0x5B, 0x5C, 0x63, 0x6F, 0x7F, 0x8E, 0x9B, 0xA6, 0xAC, 0xA8, 0x99 ; file 136239
db 0x82, 0x6A, 0x57, 0x4D, 0x4C, 0x57, 0x6B, 0x84, 0x9C, 0xAD, 0xB3, 0xB0, 0xA2, 0x8D, 0x73, 0x5D ; file 136249
db 0x50, 0x4E, 0x57, 0x68, 0x7B, 0x8C, 0x99, 0xA1, 0xA4, 0xA1, 0x98, 0x8B, 0x7B, 0x6D, 0x64, 0x5D ; file 136259
db 0x5C, 0x62, 0x6C, 0x7B, 0x89, 0x97, 0xA4, 0xAB, 0xAA, 0x9D, 0x88, 0x6F, 0x5B, 0x4F, 0x4C, 0x54 ; file 136269
db 0x66, 0x7E, 0x96, 0xA9, 0xB3, 0xB3, 0xA7, 0x93, 0x79, 0x62, 0x53, 0x4E, 0x54, 0x64, 0x76, 0x88 ; file 136279
db 0x96, 0x9F, 0xA4, 0xA3, 0x9B, 0x8F, 0x7F, 0x70, 0x66, 0x5E, 0x5C, 0x60, 0x69, 0x76, 0x84, 0x93 ; file 136289
db 0xA1, 0xAA, 0xAC, 0xA2, 0x8E, 0x76, 0x61, 0x52, 0x4C, 0x51, 0x60, 0x76, 0x8E, 0xA3, 0xB0, 0xB4 ; file 136299
db 0xAC, 0x99, 0x80, 0x67, 0x56, 0x50, 0x53, 0x5F, 0x71, 0x83, 0x92, 0x9C, 0xA3, 0xA4, 0x9E, 0x92 ; file 1362A9
db 0x83, 0x74, 0x69, 0x60, 0x5D, 0x5F, 0x66, 0x71, 0x7F, 0x8F, 0x9D, 0xA9, 0xAD, 0xA5, 0x93, 0x7C ; file 1362B9
db 0x66, 0x55, 0x4D, 0x4F, 0x5C, 0x70, 0x88, 0x9E, 0xAD, 0xB4, 0xAF, 0x9F, 0x86, 0x6D, 0x5A, 0x51 ; file 1362C9
db 0x52, 0x5C, 0x6C, 0x7E, 0x8D, 0x99, 0xA1, 0xA4, 0xA1, 0x96, 0x87, 0x78, 0x6C, 0x63, 0x5E, 0x5E ; file 1362D9
db 0x63, 0x6D, 0x7B, 0x8A, 0x9A, 0xA8, 0xAE, 0xA9, 0x98, 0x82, 0x6B, 0x59, 0x4E, 0x4D, 0x57, 0x69 ; file 1362E9
db 0x80, 0x97, 0xA9, 0xB4, 0xB2, 0xA3, 0x8C, 0x73, 0x60, 0x54, 0x52, 0x59, 0x67, 0x78, 0x87, 0x94 ; file 1362F9
db 0x9E, 0xA4, 0xA3, 0x9A, 0x8C, 0x7D, 0x70, 0x66, 0x60, 0x5E, 0x61, 0x68, 0x75, 0x85, 0x96, 0xA5 ; file 136309
db 0xAE, 0xAB, 0x9D, 0x89, 0x72, 0x5E, 0x51, 0x4D, 0x54, 0x63, 0x79, 0x90, 0xA5, 0xB2, 0xB4, 0xA8 ; file 136319
db 0x93, 0x7A, 0x65, 0x58, 0x53, 0x57, 0x62, 0x72, 0x82, 0x90, 0x9B, 0xA3, 0xA4, 0x9E, 0x91, 0x82 ; file 136329
db 0x75, 0x6A, 0x62, 0x5D, 0x5E, 0x64, 0x6F, 0x80, 0x92, 0xA2, 0xAD, 0xAD, 0xA2, 0x8F, 0x79, 0x63 ; file 136339
db 0x54, 0x4E, 0x51, 0x5E, 0x73, 0x8B, 0xA1, 0xB0, 0xB5, 0xAB, 0x98, 0x80, 0x6B, 0x5C, 0x54, 0x56 ; file 136349
db 0x5F, 0x6D, 0x7D, 0x8C, 0x98, 0xA1, 0xA5, 0xA0, 0x95, 0x87, 0x7A, 0x6D, 0x64, 0x5E, 0x5C, 0x60 ; file 136359
db 0x6A, 0x7A, 0x8D, 0x9F, 0xAD, 0xAF, 0xA7, 0x95, 0x7F, 0x68, 0x57, 0x4E, 0x4F, 0x59, 0x6C, 0x84 ; file 136369
db 0x9B, 0xAD, 0xB5, 0xAE, 0x9D, 0x86, 0x71, 0x60, 0x57, 0x55, 0x5C, 0x68, 0x77, 0x86, 0x94, 0x9E ; file 136379
db 0xA4, 0xA2, 0x99, 0x8C, 0x7F, 0x71, 0x66, 0x5F, 0x5B, 0x5D, 0x66, 0x75, 0x88, 0x9B, 0xAA, 0xB0 ; file 136389
db 0xAA, 0x9B, 0x86, 0x6F, 0x5B, 0x4F, 0x4D, 0x56, 0x66, 0x7E, 0x95, 0xA9, 0xB4, 0xB1, 0xA2, 0x8D ; file 136399
db 0x78, 0x66, 0x5A, 0x56, 0x59, 0x63, 0x71, 0x81, 0x8F, 0x9B, 0xA3, 0xA4, 0x9D, 0x91, 0x83, 0x76 ; file 1363A9
db 0x6A, 0x60, 0x5B, 0x5A, 0x61, 0x6F, 0x83, 0x97, 0xA8, 0xB0, 0xAC, 0x9F, 0x8B, 0x75, 0x60, 0x51 ; file 1363B9
db 0x4D, 0x53, 0x62, 0x78, 0x90, 0xA4, 0xB1, 0xB2, 0xA6, 0x93, 0x7E, 0x6B, 0x5E, 0x57, 0x59, 0x60 ; file 1363C9
db 0x6D, 0x7C, 0x8B, 0x98, 0xA1, 0xA5, 0xA0, 0x95, 0x88, 0x7A, 0x6C, 0x61, 0x5A, 0x59, 0x5E, 0x6B ; file 1363D9
db 0x7F, 0x94, 0xA6, 0xB0, 0xAE, 0xA3, 0x90, 0x7A, 0x64, 0x53, 0x4D, 0x51, 0x5F, 0x73, 0x8A, 0x9F ; file 1363E9
db 0xAE, 0xB2, 0xA9, 0x98, 0x83, 0x71, 0x63, 0x5A, 0x58, 0x5D, 0x68, 0x77, 0x86, 0x94, 0x9E, 0xA4 ; file 1363F9
db 0xA2, 0x9A, 0x8E, 0x80, 0x70, 0x63, 0x5A, 0x57, 0x5B, 0x67, 0x79, 0x8F, 0xA2, 0xAF, 0xB0, 0xA6 ; file 136409
db 0x95, 0x80, 0x69, 0x57, 0x4E, 0x50, 0x5C, 0x6D, 0x84, 0x99, 0xA9, 0xB1, 0xAB, 0x9C, 0x89, 0x77 ; file 136419
db 0x68, 0x5D, 0x58, 0x5B, 0x64, 0x72, 0x81, 0x8F, 0x9B, 0xA4, 0xA5, 0x9F, 0x93, 0x84, 0x75, 0x66 ; file 136429
db 0x5B, 0x56, 0x58, 0x63, 0x75, 0x8A, 0x9E, 0xAD, 0xB0, 0xA9, 0x9A, 0x85, 0x6E, 0x5A, 0x4F, 0x50 ; file 136439
db 0x59, 0x69, 0x7E, 0x93, 0xA4, 0xAE, 0xAC, 0x9F, 0x8F, 0x7D, 0x6D, 0x61, 0x5A, 0x5B, 0x62, 0x6D ; file 136449
db 0x7C, 0x8A, 0x96, 0xA1, 0xA6, 0xA2, 0x98, 0x8A, 0x79, 0x69, 0x5C, 0x56, 0x57, 0x5F, 0x70, 0x86 ; file 136459
db 0x9A, 0xAA, 0xB0, 0xAA, 0x9D, 0x8A, 0x73, 0x5F, 0x52, 0x50, 0x58, 0x66, 0x79, 0x8D, 0x9E, 0xAA ; file 136469
db 0xAB, 0xA1, 0x93, 0x83, 0x73, 0x66, 0x5C, 0x5A, 0x5F, 0x69, 0x76, 0x84, 0x92, 0x9E, 0xA5, 0xA4 ; file 136479
db 0x9C, 0x8F, 0x7E, 0x6D, 0x5F, 0x56, 0x56, 0x5D, 0x6C, 0x81, 0x96, 0xA6, 0xAE, 0xAB, 0xA0, 0x8E ; file 136489
db 0x79, 0x63, 0x55, 0x51, 0x57, 0x64, 0x75, 0x88, 0x99, 0xA7, 0xAA, 0xA3, 0x97, 0x88, 0x79, 0x6A ; file 136499
db 0x5E, 0x5A, 0x5D, 0x66, 0x73, 0x80, 0x8F, 0x9C, 0xA5, 0xA6, 0x9F, 0x92, 0x82, 0x70, 0x61, 0x57 ; file 1364A9
db 0x56, 0x5C, 0x6A, 0x7D, 0x92, 0xA3, 0xAC, 0xAC, 0xA3, 0x93, 0x7D, 0x68, 0x59, 0x52, 0x56, 0x61 ; file 1364B9
db 0x70, 0x82, 0x94, 0xA3, 0xA9, 0xA5, 0x9B, 0x8D, 0x7D, 0x6D, 0x60, 0x5A, 0x5C, 0x64, 0x6F, 0x7C ; file 1364C9
db 0x8B, 0x99, 0xA4, 0xA7, 0xA1, 0x95, 0x85, 0x73, 0x63, 0x58, 0x55, 0x5B, 0x68, 0x79, 0x8D, 0x9E ; file 1364D9
db 0xAA, 0xAC, 0xA5, 0x96, 0x82, 0x6D, 0x5C, 0x54, 0x56, 0x5F, 0x6D, 0x7E, 0x90, 0x9F, 0xA7, 0xA6 ; file 1364E9
db 0x9E, 0x91, 0x81, 0x70, 0x62, 0x5A, 0x5A, 0x62, 0x6C, 0x79, 0x89, 0x98, 0xA3, 0xA7, 0xA3, 0x98 ; file 1364F9
db 0x87, 0x76, 0x65, 0x59, 0x56, 0x5B, 0x66, 0x77, 0x8A, 0x9B, 0xA7, 0xAB, 0xA6, 0x99, 0x85, 0x71 ; file 136509
db 0x60, 0x56, 0x55, 0x5E, 0x6A, 0x7B, 0x8D, 0x9C, 0xA5, 0xA7, 0xA1, 0x95, 0x84, 0x74, 0x65, 0x5A ; file 136519
db 0x59, 0x60, 0x6A, 0x77, 0x86, 0x96, 0xA1, 0xA6, 0xA4, 0x9A, 0x8A, 0x78, 0x67, 0x5A, 0x56, 0x5A ; file 136529
db 0x65, 0x74, 0x87, 0x99, 0xA5, 0xAA, 0xA7, 0x9B, 0x89, 0x75, 0x64, 0x58, 0x55, 0x5C, 0x67, 0x77 ; file 136539
db 0x89, 0x99, 0xA3, 0xA7, 0xA3, 0x98, 0x88, 0x77, 0x68, 0x5C, 0x59, 0x5E, 0x67, 0x74, 0x84, 0x93 ; file 136549
db 0x9F, 0xA5, 0xA5, 0x9C, 0x8D, 0x7C, 0x6B, 0x5D, 0x56, 0x5A, 0x62, 0x71, 0x83, 0x95, 0xA1, 0xA8 ; file 136559
db 0xA8, 0x9D, 0x8D, 0x7A, 0x68, 0x5B, 0x56, 0x5B, 0x65, 0x74, 0x85, 0x95, 0xA0, 0xA5, 0xA3, 0x99 ; file 136569
db 0x8B, 0x7B, 0x6B, 0x5F, 0x59, 0x5D, 0x66, 0x72, 0x82, 0x91, 0x9C, 0xA3, 0xA4, 0x9D, 0x8F, 0x7F ; file 136579
db 0x6F, 0x60, 0x58, 0x59, 0x61, 0x6E, 0x80, 0x92, 0x9E, 0xA6, 0xA7, 0x9E, 0x90, 0x7D, 0x6C, 0x5D ; file 136589
db 0x57, 0x5A, 0x64, 0x71, 0x83, 0x93, 0x9E, 0xA4, 0xA3, 0x9B, 0x8D, 0x7E, 0x6E, 0x61, 0x5A, 0x5D ; file 136599
db 0x64, 0x71, 0x80, 0x8E, 0x99, 0xA0, 0xA3, 0x9E, 0x91, 0x82, 0x72, 0x64, 0x5A, 0x59, 0x60, 0x6C ; file 1365A9
db 0x7E, 0x8F, 0x9B, 0xA4, 0xA6, 0xA0, 0x92, 0x81, 0x6F, 0x60, 0x58, 0x5A, 0x63, 0x70, 0x81, 0x91 ; file 1365B9
db 0x9C, 0xA2, 0xA2, 0x9B, 0x8E, 0x80, 0x71, 0x65, 0x5D, 0x5E, 0x65, 0x70, 0x7F, 0x8C, 0x95, 0x9D ; file 1365C9
db 0xA1, 0x9D, 0x92, 0x84, 0x75, 0x67, 0x5D, 0x5A, 0x5F, 0x6B, 0x7C, 0x8D, 0x99, 0xA1, 0xA4, 0xA0 ; file 1365D9
db 0x93, 0x82, 0x70, 0x62, 0x5A, 0x5A, 0x62, 0x70, 0x81, 0x91, 0x9B, 0xA0, 0xA0, 0x99, 0x8D, 0x80 ; file 1365E9
db 0x73, 0x67, 0x60, 0x60, 0x66, 0x71, 0x7E, 0x8A, 0x93, 0x9B, 0x9E, 0x9C, 0x93, 0x86, 0x79, 0x6B ; file 1365F9
db 0x60, 0x5B, 0x5E, 0x69, 0x7A, 0x8B, 0x97, 0xA0, 0xA3, 0xA0, 0x94, 0x84, 0x72, 0x63, 0x5B, 0x5B ; file 136609
db 0x63, 0x70, 0x81, 0x90, 0x9A, 0x9F, 0x9D, 0x96, 0x8C, 0x80, 0x74, 0x6A, 0x63, 0x62, 0x68, 0x72 ; file 136619
db 0x7E, 0x88, 0x91, 0x97, 0x9B, 0x9A, 0x93, 0x87, 0x7B, 0x6D, 0x63, 0x5D, 0x5F, 0x69, 0x7A, 0x8A ; file 136629
db 0x96, 0x9E, 0xA2, 0x9F, 0x95, 0x85, 0x73, 0x64, 0x5C, 0x5C, 0x63, 0x70, 0x81, 0x90, 0x9A, 0x9D ; file 136639
db 0x9B, 0x94, 0x8B, 0x80, 0x75, 0x6B, 0x65, 0x64, 0x6A, 0x73, 0x7E, 0x87, 0x8F, 0x94, 0x98, 0x97 ; file 136649
db 0x92, 0x88, 0x7D, 0x70, 0x65, 0x5F, 0x60, 0x69, 0x79, 0x88, 0x95, 0x9D, 0xA0, 0x9D, 0x94, 0x85 ; file 136659
db 0x74, 0x65, 0x5D, 0x5D, 0x65, 0x72, 0x82, 0x91, 0x9A, 0x9C, 0x99, 0x91, 0x89, 0x7F, 0x75, 0x6D ; file 136669
db 0x67, 0x67, 0x6C, 0x75, 0x7F, 0x87, 0x8D, 0x92, 0x95, 0x95, 0x91, 0x89, 0x7F, 0x73, 0x67, 0x61 ; file 136679
db 0x61, 0x69, 0x78, 0x88, 0x94, 0x9B, 0x9E, 0x9C, 0x93, 0x85, 0x74, 0x66, 0x5E, 0x5F, 0x66, 0x73 ; file 136689
db 0x83, 0x91, 0x99, 0x9A, 0x96, 0x8F, 0x86, 0x7E, 0x76, 0x6E, 0x69, 0x69, 0x6E, 0x76, 0x7F, 0x85 ; file 136699
db 0x8B, 0x8F, 0x92, 0x92, 0x8F, 0x88, 0x7F, 0x74, 0x69, 0x62, 0x62, 0x6A, 0x78, 0x86, 0x93, 0x99 ; file 1366A9
db 0x9B, 0x99, 0x91, 0x83, 0x74, 0x68, 0x60, 0x61, 0x69, 0x75, 0x82, 0x90, 0x96, 0x97, 0x92, 0x8C ; file 1366B9
db 0x84, 0x7E, 0x77, 0x71, 0x6D, 0x6D, 0x71, 0x77, 0x7E, 0x83, 0x88, 0x8B, 0x8F, 0x90, 0x8E, 0x89 ; file 1366C9
db 0x81, 0x77, 0x6D, 0x66, 0x65, 0x6B, 0x77, 0x84, 0x90, 0x96, 0x98, 0x96, 0x8F, 0x84, 0x77, 0x6B ; file 1366D9
db 0x64, 0x65, 0x6B, 0x76, 0x82, 0x8D, 0x93, 0x93, 0x8F, 0x89, 0x83, 0x7E, 0x79, 0x74, 0x72, 0x72 ; file 1366E9
db 0x74, 0x79, 0x7D, 0x81, 0x85, 0x87, 0x8A, 0x8D, 0x8D, 0x8A, 0x84, 0x7A, 0x71, 0x6C, 0x69, 0x6C ; file 1366F9
db 0x76, 0x81, 0x8C, 0x92, 0x94, 0x93, 0x8D, 0x84, 0x79, 0x6E, 0x69, 0x69, 0x6F, 0x77, 0x82, 0x8B ; file 136709
db 0x90, 0x8F, 0x8B, 0x86, 0x81, 0x7D, 0x7A, 0x77, 0x75, 0x76, 0x77, 0x7A, 0x7C, 0x80, 0x82, 0x84 ; file 136719
db 0x87, 0x8A, 0x8B, 0x8A, 0x85, 0x7D, 0x75, 0x6F, 0x6C, 0x6E, 0x75, 0x7F, 0x89, 0x8F, 0x92, 0x91 ; file 136729
db 0x8C, 0x85, 0x7B, 0x71, 0x6C, 0x6C, 0x71, 0x79, 0x81, 0x88, 0x8D, 0x8D, 0x89, 0x85, 0x80, 0x7D ; file 136739
db 0x7B, 0x79, 0x78, 0x79, 0x7A, 0x7B, 0x7D, 0x7E, 0x80, 0x82, 0x84, 0x87, 0x89, 0x89, 0x86, 0x80 ; file 136749
db 0x79, 0x74, 0x70, 0x70, 0x74, 0x7D, 0x85, 0x8C, 0x8E, 0x8E, 0x8A, 0x85, 0x7D, 0x74, 0x70, 0x70 ; file 136759
db 0x73, 0x7A, 0x81, 0x87, 0x8A, 0x8A, 0x87, 0x82, 0x7F, 0x7D, 0x7C, 0x7A, 0x7C, 0x7D, 0x7D, 0x7D ; file 136769
db 0x7D, 0x7E, 0x7F, 0x80, 0x81, 0x83, 0x87, 0x88, 0x86, 0x81, 0x7B, 0x77, 0x74, 0x73, 0x75, 0x7B ; file 136779
db 0x83, 0x89, 0x8B, 0x8B, 0x89, 0x85, 0x7E, 0x77, 0x73, 0x73, 0x76, 0x7B, 0x80, 0x85, 0x88, 0x87 ; file 136789
db 0x85, 0x81, 0x7F, 0x7D, 0x7C, 0x7C, 0x7D, 0x7E, 0x7E, 0x7E, 0x7E, 0x7E, 0x7E, 0x7E, 0x80, 0x82 ; file 136799
db 0x85, 0x86, 0x85, 0x82, 0x7D, 0x7A, 0x77, 0x76, 0x77, 0x7B, 0x81, 0x86, 0x88, 0x88, 0x87, 0x84 ; file 1367A9
db 0x7F, 0x79, 0x76, 0x76, 0x78, 0x7B, 0x80, 0x83, 0x85, 0x85, 0x83, 0x81, 0x7F, 0x7E, 0x7D, 0x7D ; file 1367B9
db 0x7D, 0x7F, 0x80, 0x7F, 0x7E, 0x7E, 0x7E, 0x7E, 0x7F, 0x80, 0x83, 0x85, 0x84, 0x81, 0x7F, 0x7C ; file 1367C9
db 0x7A, 0x78, 0x79, 0x7B, 0x80, 0x83, 0x86, 0x86, 0x85, 0x83, 0x80, 0x7C, 0x79, 0x79, 0x7A, 0x7C ; file 1367D9
db 0x7F, 0x82, 0x84, 0x84, 0x83, 0x80, 0x7F, 0x7F, 0x7E, 0x7D, 0x7E, 0x7F, 0x80, 0x7F, 0x7F, 0x7E ; file 1367E9
db 0x7E, 0x7F, 0x7F, 0x80, 0x81, 0x82, 0x82, 0x81, 0x80, 0x7E, 0x7D, 0x7D, 0x7D, 0x7E, 0x7F, 0x80 ; file 1367F9
db 0x81, 0x81, 0x81, 0x80, 0x80, 0x7F, 0x7F, 0x7F, 0x7F, 0x7F, 0x7F, 0x80, 0xF0, 0xA8 ; file 136809
