; VDX media ws_o.vdx; exact encoded media bytes
; Absolute container range 3E3B09–3E8983 inclusive.
db 0x67, 0x92, 0x01, 0x00, 0x00, 0x00, 0x0A, 0x00, 0x20, 0x77, 0x0F, 0x09, 0x00, 0x00, 0x7F, 0x07 ; file 3E3B09
db 0xBF, 0xA0, 0x00, 0x50, 0x00, 0x08, 0x00, 0x80, 0x00, 0x05, 0xFF, 0x04, 0x05, 0x47, 0x3A, 0x23 ; file 3E3B19
db 0x77, 0x6C, 0x5F, 0xFF, 0x32, 0x12, 0x0C, 0x73, 0x51, 0x31, 0xB1, 0x9B, 0xFF, 0x81, 0x4C, 0x1A ; file 3E3B29
db 0x0A, 0x1A, 0x0C, 0x06, 0x42, 0xFF, 0x3A, 0x39, 0x93, 0x83, 0x6F, 0x7B, 0x51, 0x2C, 0xFF, 0x6B ; file 3E3B39
db 0x3B, 0x1A, 0xEB, 0xCF, 0xAB, 0x38, 0x26, 0xFF, 0x1A, 0x5A, 0x1D, 0x14, 0x2B, 0x19, 0x0A, 0x94 ; file 3E3B49
db 0xFF, 0x6A, 0x42, 0x8B, 0x55, 0x29, 0x6B, 0x43, 0x2A, 0xFF, 0xB9, 0x82, 0x5A, 0x5A, 0x32, 0x0C ; file 3E3B59
db 0x76, 0x4D, 0xFF, 0x3A, 0x0C, 0x0B, 0x0B, 0x5C, 0x39, 0x14, 0xE6, 0xFF, 0x9B, 0x65, 0xB0, 0x6E ; file 3E3B69
db 0x37, 0x57, 0x53, 0x4E, 0xFF, 0x4C, 0x29, 0x0C, 0x21, 0x0C, 0x06, 0x43, 0x32, 0xFF, 0x1E, 0x5B ; file 3E3B79
db 0x43, 0x3A, 0x29, 0x21, 0x1D, 0x8B, 0xFF, 0x60, 0x43, 0x43, 0x1C, 0x06, 0x7F, 0x40, 0x2C, 0xFF ; file 3E3B89
db 0x6C, 0x33, 0x13, 0x4B, 0x30, 0x1D, 0x7E, 0x3B, 0xFF, 0x1D, 0xCE, 0x88, 0x56, 0x65, 0x51, 0x4C ; file 3E3B99
db 0x80, 0xFF, 0x5C, 0x44, 0x5C, 0x3B, 0x23, 0x62, 0x23, 0x15, 0xFF, 0xE0, 0xC0, 0x9E, 0xAB, 0x76 ; file 3E3BA9
db 0x53, 0xFD, 0xEE, 0xFF, 0xC8, 0xC6, 0xAE, 0x90, 0x9A, 0x6F, 0x53, 0x19, 0xFF, 0x0F, 0x10, 0x62 ; file 3E3BB9
db 0x5D, 0x57, 0x15, 0x10, 0x0E, 0xFF, 0x22, 0x14, 0x14, 0x96, 0x59, 0x2A, 0x33, 0x2B, 0xFF, 0x2A ; file 3E3BC9
db 0x48, 0x44, 0x40, 0x6A, 0x3C, 0x23, 0x1D, 0xFF, 0x19, 0x17, 0x63, 0x42, 0x23, 0x5B, 0x33, 0x1A ; file 3E3BD9
db 0xFF, 0x33, 0x1D, 0x0F, 0x53, 0x2B, 0x0C, 0x8C, 0x69, 0xFF, 0x46, 0x4C, 0x1A, 0x12, 0xCD, 0x8C ; file 3E3BE9
db 0x64, 0x4A, 0xFF, 0x3C, 0x2B, 0x7B, 0x55, 0x3A, 0x11, 0x05, 0x05, 0xFF, 0x23, 0x12, 0x09, 0x8F ; file 3E3BF9
db 0x44, 0x30, 0x72, 0x44, 0xFF, 0x2A, 0xA3, 0x6D, 0x41, 0x22, 0x1A, 0x16, 0x9B, 0xFF, 0x64, 0x44 ; file 3E3C09
db 0x71, 0x5B, 0x54, 0x5A, 0x2C, 0x11, 0xFF, 0xF5, 0xA2, 0x65, 0x49, 0x36, 0x31, 0x3C, 0x30, 0xFF ; file 3E3C19
db 0x2E, 0xAA, 0x72, 0x4A, 0x6E, 0x2B, 0x11, 0xBA, 0xFF, 0x85, 0x64, 0x32, 0x25, 0x23, 0xA6, 0x93 ; file 3E3C29
db 0x7B, 0xFF, 0x92, 0x60, 0x3C, 0x42, 0x17, 0x12, 0xD3, 0x9A, 0xFF, 0x72, 0x65, 0x49, 0x3B, 0xB3 ; file 3E3C39
db 0x7A, 0x57, 0x4F, 0xFF, 0x4B, 0x45, 0x15, 0x0A, 0x05, 0x53, 0x2C, 0x13, 0xFF, 0x7D, 0x34, 0x1A ; file 3E3C49
db 0x63, 0x3A, 0x15, 0x72, 0x3C, 0xFF, 0x22, 0x62, 0x35, 0x1C, 0x83, 0x73, 0x62, 0x6B, 0xFF, 0x53 ; file 3E3C59
db 0x43, 0x7B, 0x46, 0x1A, 0x7A, 0x61, 0x5A, 0xFF, 0x23, 0x1C, 0x1A, 0x83, 0x53, 0x2A, 0x41, 0x32 ; file 3E3C69
db 0xFF, 0x2D, 0x3B, 0x1A, 0x0C, 0x63, 0x43, 0x2A, 0x8B, 0xFF, 0x5C, 0x3B, 0x73, 0x3B, 0x19, 0x3A ; file 3E3C79
db 0x2D, 0x2B, 0xFF, 0x63, 0x3C, 0x22, 0x0D, 0x04, 0x04, 0x53, 0x2D, 0xFF, 0x19, 0xFA, 0xDF, 0xB7 ; file 3E3C89
db 0x2A, 0x0C, 0x0C, 0xA3, 0xFF, 0x73, 0x53, 0xDE, 0x92, 0x67, 0x2D, 0x29, 0x27, 0xFF, 0x6D, 0x63 ; file 3E3C99
db 0x5B, 0x1A, 0x0B, 0x0C, 0xFE, 0xFC, 0xFF, 0xD9, 0xCE, 0xB9, 0xA2, 0x7B, 0x4C, 0x2C, 0x9A, 0xFF ; file 3E3CA9
db 0x6C, 0x4B, 0x53, 0x3E, 0x30, 0x4A, 0x23, 0x05, 0xFF, 0x6C, 0x4A, 0x2E, 0xAB, 0x82, 0x5D, 0x54 ; file 3E3CB9
db 0x42, 0xFF, 0x3E, 0x13, 0x0B, 0x0B, 0xB6, 0x77, 0x49, 0x4F, 0xFF, 0x24, 0x12, 0x93, 0x62, 0x43 ; file 3E3CC9
db 0x54, 0x32, 0x14, 0xFF, 0x93, 0x49, 0x3B, 0xE1, 0x8E, 0x53, 0xE0, 0xA0, 0xFF, 0x78, 0x62, 0x33 ; file 3E3CD9
db 0x13, 0x64, 0x2A, 0x15, 0x73, 0xFF, 0x4B, 0x32, 0xA3, 0x6F, 0x4B, 0xC3, 0x8A, 0x66, 0xFF, 0x3A ; file 3E3CE9
db 0x15, 0x0E, 0x2B, 0x12, 0x0A, 0x39, 0x2C, 0xFF, 0x26, 0x84, 0x48, 0x20, 0x44, 0x22, 0x05, 0x4D ; file 3E3CF9
db 0xFF, 0x3C, 0x3A, 0xA4, 0x61, 0x2F, 0x5B, 0x35, 0x21, 0xFF, 0xBC, 0x7B, 0x57, 0xF9, 0xAD, 0x79 ; file 3E3D09
db 0x6D, 0x34, 0xFF, 0x1D, 0x3C, 0x23, 0x0F, 0x25, 0x22, 0x22, 0xB3, 0xFF, 0x5E, 0x48, 0x6B, 0x43 ; file 3E3D19
db 0x24, 0x84, 0x59, 0x3A, 0xFF, 0x5A, 0x44, 0x43, 0x4C, 0x2B, 0x13, 0x73, 0x6E, 0xFF, 0x6E, 0x44 ; file 3E3D29
db 0x27, 0x13, 0x1A, 0x14, 0x12, 0x52, 0xFF, 0x25, 0x0A, 0x19, 0x16, 0x19, 0x83, 0x55, 0x34, 0xFF ; file 3E3D39
db 0x29, 0x1D, 0x1B, 0x63, 0x3B, 0x1C, 0x9C, 0x61, 0xFF, 0x3C, 0xCE, 0x91, 0x6D, 0x5D, 0x59, 0x54 ; file 3E3D49
db 0x6B, 0xFF, 0x2A, 0x1A, 0xC9, 0x79, 0x3A, 0x63, 0x4C, 0x46, 0xFF, 0xC3, 0x85, 0x59, 0x2C, 0x14 ; file 3E3D59
db 0x13, 0x9D, 0x8A, 0xFF, 0x73, 0x5C, 0x21, 0x19, 0x09, 0x06, 0x08, 0x12, 0xFF, 0x0E, 0x10, 0x5A ; file 3E3D69
db 0x2D, 0x19, 0xB9, 0xA3, 0x87, 0xFF, 0x61, 0x45, 0x32, 0x54, 0x33, 0x1B, 0x54, 0x39, 0xFF, 0x1E ; file 3E3D79
db 0x71, 0x52, 0x3A, 0x91, 0x7A, 0x67, 0x15, 0xFF, 0x12, 0x11, 0x3B, 0x32, 0x32, 0x63, 0x3D, 0x29 ; file 3E3D89
db 0xFF, 0xAB, 0x79, 0x5A, 0x8A, 0x59, 0x34, 0x49, 0x3A, 0xFF, 0x34, 0x73, 0x43, 0x1A, 0x73, 0x4B ; file 3E3D99
db 0x2B, 0x6B, 0xFF, 0x41, 0x1C, 0x63, 0x41, 0x1D, 0x5C, 0x3A, 0x1C, 0xFF, 0x43, 0x2A, 0x1A, 0x7C ; file 3E3DA9
db 0x4D, 0x32, 0x12, 0x06, 0xFF, 0x08, 0x25, 0x0A, 0x0A, 0x6B, 0x54, 0x4E, 0x95, 0xFF, 0x5E, 0x34 ; file 3E3DB9
db 0x5A, 0x32, 0x14, 0x1B, 0x11, 0x0C, 0xFF, 0x7B, 0x53, 0x33, 0x72, 0x45, 0x24, 0x5C, 0x4A, 0xFF ; file 3E3DC9
db 0x45, 0x2B, 0x24, 0x23, 0x65, 0x61, 0x5C, 0x2A, 0xFF, 0x1C, 0x13, 0x43, 0x34, 0x32, 0x63, 0x24 ; file 3E3DD9
db 0x18, 0xFF, 0x4B, 0x24, 0x0B, 0x7B, 0x46, 0x23, 0x34, 0x14, 0xFF, 0x11, 0x5C, 0x21, 0x14, 0x44 ; file 3E3DE9
db 0x24, 0x0B, 0x9B, 0xFF, 0x6B, 0x43, 0x34, 0x29, 0x25, 0x6B, 0x44, 0x31, 0xFF, 0x89, 0x7A, 0x69 ; file 3E3DF9
db 0x93, 0x64, 0x4A, 0x24, 0x1F, 0xDF, 0x21, 0x54, 0x1C, 0x13, 0x00, 0xDC, 0x00, 0xFF, 0xFF, 0xF8 ; file 3E3E09
db 0x7F, 0x02, 0x7F, 0x02, 0x7F, 0x02, 0xFF, 0x60, 0xFC, 0xFF, 0xFF, 0x07, 0x60, 0xF3, 0xFF, 0x7F ; file 3E3E19
db 0x46, 0x7F, 0x02, 0x7F, 0x02, 0x7F, 0x02, 0x6D, 0x0A, 0xFF, 0x76, 0x53, 0xE8, 0xBF, 0x2F, 0x37 ; file 3E3E29
db 0x89, 0x98, 0xE0, 0x7F, 0x46, 0x7F, 0x02, 0x7F, 0x02, 0x7F, 0x02, 0x69, 0x0C, 0x76, 0x53, 0xDD ; file 3E3E39
db 0xFF, 0xED, 0x6F, 0x0A, 0xCC, 0x8C, 0xB3, 0x37, 0x00, 0xC1, 0xD9, 0x7F, 0x48, 0x7F, 0x02, 0x7F ; file 3E3E49
db 0x02, 0x7F, 0x02, 0x65, 0x0E, 0x76, 0xA8, 0xFF, 0xCC, 0xFC, 0x76, 0x32, 0x11, 0xD5, 0x2F, 0xDC ; file 3E3E59
db 0xFF, 0xC8, 0xCC, 0x1B, 0x59, 0x8F, 0x88, 0xFF, 0xBA, 0x83, 0x77, 0x77, 0x7F, 0x4C, 0x7F, 0x02 ; file 3E3E69
db 0x7F, 0x02, 0x7F, 0x02, 0x5E, 0x12, 0x53, 0xFF, 0xEE, 0xFF, 0x2E, 0x74, 0xEE, 0x4E, 0x06, 0x09 ; file 3E3E79
db 0xFF, 0x11, 0x11, 0xAE, 0x60, 0xC8, 0xCC, 0xD0, 0x1B, 0x3F, 0xCC, 0x88, 0xFF, 0x37, 0x73, 0x77 ; file 3E3E89
db 0x7F, 0x4E, 0x7F, 0x02, 0xF8, 0x7F, 0x02, 0x7F, 0x02, 0x5D, 0x12, 0x76, 0x2F, 0xCC, 0xFD, 0x0D ; file 3E3E99
db 0xFF, 0x2F, 0xCC, 0xEE, 0x60, 0x09, 0x99, 0x11, 0x0A, 0xFF, 0x9E, 0xCE, 0xCC, 0xD0, 0xA8, 0xCC ; file 3E3EA9
db 0x88, 0xFF, 0x07, 0x37, 0x77, 0x33, 0x7F, 0x4E, 0x7F, 0x02, 0x7F, 0x02, 0x7F, 0x02, 0x5E, 0x12 ; file 3E3EB9
db 0xFF, 0x2C, 0xCC, 0xCC, 0x77, 0xB3, 0xC8, 0xEC, 0xAE, 0xFF, 0x59, 0xCC, 0x8C, 0xDC, 0x9E, 0xEC ; file 3E3EC9
db 0xEE, 0xD0, 0x7F, 0xA8, 0xCE, 0xCC, 0xFF, 0xBA, 0xFF, 0x77, 0x7F, 0x4E, 0xF0, 0x7F, 0x02, 0x7F ; file 3E3ED9
db 0x02, 0x7F, 0x02, 0x5E, 0x12, 0xAE, 0xED, 0xCE, 0x06, 0xFF, 0xAE, 0x08, 0xFE, 0x0A, 0x74, 0xCC ; file 3E3EE9
db 0xCE, 0x9E, 0x7F, 0xD0, 0x80, 0xE8, 0xFF, 0xA8, 0x17, 0x01, 0x7F, 0x4C, 0xF0, 0x7F, 0x02, 0x7F ; file 3E3EF9
db 0x02, 0x7F, 0x02, 0x61, 0x10, 0x76, 0x2F, 0xDC, 0xDD, 0xFF, 0x2E, 0xAE, 0xCC, 0x8C, 0x60, 0x32 ; file 3E3F09
db 0x8C, 0xE0, 0x0F, 0xDC, 0x37, 0x01, 0xF8, 0x7F, 0x4A, 0x7F, 0x02, 0x7F, 0x02, 0x7F, 0x02, 0xFE ; file 3E3F19
db 0x66, 0x0E, 0xB3, 0xEE, 0xCD, 0x77, 0xAE, 0x88, 0xE8, 0xFF, 0x03, 0xA8, 0xE8, 0xCC, 0xFF, 0x1B ; file 3E3F29
db 0x77, 0x13, 0xE0, 0x7F, 0x4A, 0x7F, 0x02, 0x7F, 0x02, 0x7F, 0x02, 0x66, 0x0E, 0x2F, 0xCC, 0xEE ; file 3E3F39
db 0xFF, 0x53, 0x60, 0xCC, 0xEC, 0xFF, 0x74, 0x33, 0x01, 0xE0, 0x7F, 0x48, 0x7F, 0x02, 0x7F, 0x02 ; file 3E3F49
db 0x7F, 0x02, 0x69, 0x0C, 0x76, 0x06, 0x88, 0xFF, 0xEA, 0xAE, 0x74, 0xC8, 0xCC, 0xFF, 0x1B, 0x77 ; file 3E3F59
db 0xC1, 0x33, 0x7F, 0x48, 0x7F, 0x02, 0x7F, 0x02, 0x7F, 0x02, 0x66, 0x0E, 0x9B, 0xFE, 0xFF, 0xFF ; file 3E3F69
db 0x2C, 0x53, 0xCC, 0xE4, 0xDC, 0xD0, 0x88, 0x1F, 0xC8, 0xFF, 0x57, 0xFF, 0x77, 0x7F, 0x4A, 0x7F ; file 3E3F79
db 0x02, 0x7F, 0x02, 0xFC, 0x7F, 0x02, 0x66, 0x0E, 0x2F, 0xCC, 0xEE, 0x2F, 0x0A, 0xC8, 0x1F, 0xCC ; file 3E3F89
db 0x53, 0x32, 0x81, 0x88, 0x7F, 0x48, 0x7F, 0x02, 0x7F, 0x02, 0xFC, 0x7F, 0x02, 0x69, 0x0C, 0x76 ; file 3E3F99
db 0x2F, 0xC4, 0xEA, 0x53, 0x9E, 0x3F, 0xCC, 0xCC, 0xFF, 0x32, 0x11, 0x11, 0x7F, 0x48, 0x7F, 0x02 ; file 3E3FA9
db 0xF8, 0x7F, 0x02, 0x7F, 0x02, 0x66, 0x0E, 0x60, 0xED, 0xFE, 0x2C, 0xB3, 0xFF, 0xCC, 0xEC, 0x0A ; file 3E3FB9
db 0x03, 0xCC, 0xCC, 0xFF, 0x1B, 0x83, 0x13, 0x11, 0x7F, 0x4A, 0x7F, 0x02, 0x7F, 0x02, 0x7F, 0x02 ; file 3E3FC9
db 0x5E, 0x12, 0x06, 0xFF, 0xE8, 0xFF, 0xFF, 0x06, 0x00, 0xFC, 0x6F, 0x06, 0xFF, 0x76, 0xD3, 0x2F ; file 3E3FD9
db 0x53, 0xC8, 0xCC, 0xDC, 0x74, 0x3F, 0xCC, 0xCC, 0xFF, 0xA8, 0x33, 0x33, 0x7F, 0x4E, 0x7F, 0x02 ; file 3E3FE9
db 0xF8, 0x7F, 0x02, 0x7F, 0x02, 0x59, 0x14, 0x76, 0xB3, 0x85, 0xEC, 0x0D, 0xFF, 0x2F, 0xEC, 0x93 ; file 3E3FF9
db 0x0D, 0x2F, 0x7F, 0x81, 0x0D, 0xFF, 0x2F, 0xCC, 0x6C, 0x06, 0x0A, 0xC8, 0xCC, 0x9E, 0xFF, 0xD0 ; file 3E4009
db 0x88, 0xCC, 0x06, 0xA8, 0x02, 0x12, 0xFF, 0x07, 0x37, 0x31, 0xFF, 0x7F, 0x52, 0x7F, 0x02, 0x7F ; file 3E4019
db 0x02, 0x7F, 0x02, 0x51, 0x18, 0xFF, 0x76, 0xB3, 0xBA, 0xED, 0x2E, 0x77, 0x37, 0x93, 0xFF, 0x2E ; file 3E4029
db 0x2F, 0x13, 0x99, 0x6F, 0x77, 0x88, 0xCC, 0xFF, 0x77, 0x06, 0xC8, 0xEC, 0xAE, 0x9E, 0xCC, 0xCC ; file 3E4039
db 0xFF, 0x74, 0xD0, 0x00, 0xC8, 0x32, 0x59, 0x98, 0xB9, 0xFF, 0xA8, 0x09, 0x9D, 0xEE, 0xFF, 0x4E ; file 3E4049
db 0x73, 0xFF, 0xE0, 0x7F, 0x56, 0x7F, 0x02, 0x7F, 0x02, 0x7F, 0x02, 0x4A, 0x1C, 0x78, 0xCC, 0xFE ; file 3E4059
db 0xBF, 0x76, 0xB3, 0x6E, 0x66, 0x76, 0x0D, 0x00, 0x02, 0x06, 0xFF, 0x33, 0x33, 0x6F, 0x2F, 0xCC ; file 3E4069
db 0x88, 0x06, 0x0A, 0xFF, 0x08, 0xFE, 0xDC, 0xD0, 0xC8, 0xEC, 0xD0, 0x32, 0xBF, 0xEF, 0x66, 0x1B ; file 3E4079
db 0x37, 0xCC, 0xCC, 0x00, 0x02, 0xEC, 0x0F, 0xFF, 0x37, 0x11, 0x33, 0x7F, 0x58, 0x7F, 0x02, 0x7F ; file 3E4089
db 0x02, 0x7F, 0x02, 0xFE, 0x4A, 0x1C, 0x80, 0xC8, 0xCC, 0x76, 0x77, 0xCE, 0xEC, 0xFF, 0x76, 0x0D ; file 3E4099
db 0x73, 0x67, 0x0D, 0x53, 0x8C, 0x39, 0xFF, 0x2E, 0x2F, 0x62, 0xCC, 0xB3, 0x53, 0xEE, 0x8C, 0xFF ; file 3E40A9
db 0xAE, 0x74, 0xFF, 0x0F, 0x60, 0x74, 0xCC, 0xCC, 0xFF, 0x32, 0x59, 0x37, 0x99, 0xA8, 0x37, 0xCC ; file 3E40B9
db 0xCC, 0x0F, 0xFF, 0x59, 0x00, 0x11, 0x7F, 0x58, 0x7F, 0x02, 0x7F, 0x02, 0x7F, 0x02, 0xFE, 0x4A ; file 3E40C9
db 0x1C, 0x47, 0x88, 0x88, 0x2E, 0x0D, 0x63, 0xEE, 0xFF, 0x2E, 0xB3, 0x10, 0x73, 0x2E, 0x2F, 0xCE ; file 3E40D9
db 0x88, 0xFF, 0xB3, 0xAE, 0xCE, 0x38, 0x06, 0xDC, 0x08, 0xFF, 0xFF, 0x0A, 0x60, 0x60, 0xFC, 0x60 ; file 3E40E9
db 0xD0, 0x3F, 0x80, 0xFF, 0x03, 0x74, 0xEC, 0x2E, 0xA8, 0x59, 0xB3, 0xC9, 0x0F, 0x59, 0x41, 0xE8 ; file 3E40F9
db 0xCC, 0x7F, 0x58, 0x7F, 0x02, 0x7F, 0x02, 0x7F, 0x02, 0xFE, 0x4A, 0x1C, 0x92, 0xCC, 0xCC, 0x6F ; file 3E4109
db 0x7D, 0x31, 0x77, 0xFF, 0x2E, 0xB3, 0xCE, 0x8C, 0x77, 0x53, 0x10, 0xF7, 0xFF, 0x2F, 0x06, 0xE0 ; file 3E4119
db 0xCE, 0x06, 0x53, 0xE8, 0x8E, 0xFF, 0xAE, 0x0A, 0xE8, 0xEE, 0xDC, 0x03, 0xC0, 0xFE, 0xFF, 0x63 ; file 3E4129
db 0xA8, 0x03, 0xE8, 0x32, 0x1B, 0xCC, 0x6E, 0x0F, 0x59, 0x9F, 0xCC, 0xEC, 0x7F, 0x58, 0x7F, 0x02 ; file 3E4139
db 0x7F, 0x02, 0x7F, 0x02, 0xFE, 0x4A, 0x1C, 0x35, 0xFF, 0xEE, 0x56, 0xA6, 0x4A, 0x31, 0xFF, 0x2C ; file 3E4149
db 0x06, 0x10, 0xF7, 0x2F, 0xB3, 0xE7, 0x8C, 0xFF, 0x06, 0x0A, 0xFF, 0x08, 0xAE, 0xDC, 0x8F, 0xF0 ; file 3E4159
db 0xFF, 0x0A, 0x9E, 0x0F, 0xC0, 0x60, 0x03, 0x7F, 0x80, 0xFF, 0x03, 0x32, 0xC8, 0x7E, 0x32, 0x59 ; file 3E4169
db 0x3E, 0xC9, 0x0F, 0xFF, 0xB5, 0x33, 0x11, 0x7F, 0x58, 0x7F, 0x02, 0x7F, 0x02, 0x7F, 0x02, 0xFE ; file 3E4179
db 0x4E, 0x1A, 0x9A, 0xEF, 0x8C, 0x8A, 0x12, 0x43, 0x79, 0xFF, 0x53, 0xB8, 0x00, 0xF7, 0x06, 0x0A ; file 3E4189
db 0x00, 0xFF, 0xFF, 0x53, 0x0A, 0x00, 0xFE, 0x0A, 0x9E, 0xF0, 0xFC, 0xFF, 0xDC, 0x74, 0xC0, 0xE8 ; file 3E4199
db 0xD0, 0x57, 0xE8, 0xBF, 0xFF, 0x0A, 0x83, 0x01, 0xC8, 0xFF, 0x25, 0xFF, 0x7F, 0xE0, 0x7F, 0x56 ; file 3E41A9
db 0x7F, 0x02, 0x7F, 0x02, 0x7F, 0x02, 0x52, 0x18, 0x3B, 0xFF, 0x8E, 0xFF, 0xFF, 0x65, 0x8E, 0x00 ; file 3E41B9
db 0x3E, 0xD5, 0x40, 0xF5, 0xFF, 0x03, 0x8F, 0x00, 0xFF, 0xC8, 0xBF, 0xC0, 0xFF, 0xFF, 0xB7, 0xB5 ; file 3E41C9
db 0x84, 0xFE, 0xFF, 0xB5, 0x3F, 0x00, 0x0F, 0xFF, 0xB6, 0xFF, 0x7F, 0x7F, 0x52, 0x7F, 0x02, 0x7F ; file 3E41D9
db 0x02, 0x7F, 0x02, 0x3E, 0x62, 0x10, 0xB5, 0xFF, 0x0F, 0xFF, 0x0E, 0x00, 0x02, 0x7F, 0x46, 0x00 ; file 3E41E9
db 0x7F, 0x02, 0x7F, 0x02, 0x7F, 0x02, 0x7F, 0x02, 0x7F, 0x02, 0x7F, 0x02, 0x7F, 0x02, 0x7F, 0x02 ; file 3E41F9
db 0x00, 0x7F, 0x02, 0x7F, 0x02, 0x7F, 0x02, 0x7F, 0x02, 0x7F, 0x02, 0x7F, 0x02, 0x7F, 0x02, 0x7F ; file 3E4209
db 0x02, 0x00, 0x7F, 0x02, 0x7F, 0x02, 0x7F, 0x02, 0x7F, 0x02, 0x7F, 0x02, 0x7F, 0x02, 0x7F, 0x02 ; file 3E4219
db 0x7F, 0x02, 0x00, 0x7F, 0x02, 0x7F, 0x02, 0x7F, 0x02, 0x7F, 0x02, 0x7F, 0x02, 0x7F, 0x02, 0x7F ; file 3E4229
db 0x02, 0x7F, 0x02, 0x00, 0x7F, 0x02, 0x7F, 0x02, 0x7F, 0x02, 0x7F, 0x02, 0x7F, 0x02, 0x7F, 0x02 ; file 3E4239
db 0x7F, 0x02, 0x7F, 0x02, 0x00, 0x7F, 0x02, 0x7F, 0x02, 0x7F, 0x02, 0x7F, 0x02, 0x7F, 0x02, 0x7F ; file 3E4249
db 0x02, 0x7F, 0x02, 0x7F, 0x02, 0x00, 0x7F, 0x02, 0x7F, 0x02, 0x7F, 0x02, 0x7F, 0x02, 0x7F, 0x02 ; file 3E4259
db 0x7F, 0x02, 0x7F, 0x02, 0x7F, 0x02, 0x00, 0x7F, 0x02, 0x7F, 0x02, 0x7F, 0x02, 0x7F, 0x02, 0x7F ; file 3E4269
db 0x02, 0x7F, 0x02, 0x7F, 0x02, 0x7F, 0x02, 0x00, 0x7F, 0x02, 0x7F, 0x02, 0x7F, 0x02, 0x7F, 0x02 ; file 3E4279
db 0x7F, 0x02, 0x7F, 0x02, 0x7F, 0x02, 0x7F, 0x02, 0x00, 0x7F, 0x02, 0x7F, 0x02, 0x7F, 0x02, 0x7F ; file 3E4289
db 0x02, 0x7F, 0x02, 0x7F, 0x02, 0x7F, 0x02, 0x7F, 0x02, 0x00, 0x7F, 0x02, 0x7F, 0x02, 0x7F, 0x02 ; file 3E4299
db 0x7F, 0x02, 0x7F, 0x02, 0x7F, 0x02, 0x7F, 0x02, 0x7F, 0x02, 0x00, 0x7F, 0x02, 0x7F, 0x02, 0x7F ; file 3E42A9
db 0x02, 0x7F, 0x02, 0x7F, 0x02, 0x7F, 0x02, 0x7F, 0x02, 0x7F, 0x02, 0x00, 0x7F, 0x02, 0x7F, 0x02 ; file 3E42B9
db 0x7F, 0x02, 0x7F, 0x02, 0x7F, 0x02, 0x7F, 0x02, 0x7F, 0x02, 0x7F, 0x02, 0x00, 0x7F, 0x02, 0x7F ; file 3E42C9
db 0x02, 0x7F, 0x02, 0x7F, 0x02, 0x7F, 0x02, 0x7F, 0x02, 0x7F, 0x02, 0x7F, 0x02, 0x00, 0x7F, 0x02 ; file 3E42D9
db 0x7F, 0x02, 0x7F, 0x02, 0x7F, 0x02, 0x7F, 0x02, 0x7F, 0x02, 0x7F, 0x02, 0x7F, 0x02, 0x00, 0x7F ; file 3E42E9
db 0x02, 0x7F, 0x02, 0x7F, 0x02, 0x7F, 0x02, 0x7F, 0x02, 0x7F, 0x02, 0x7F, 0x02, 0x7F, 0x02, 0x00 ; file 3E42F9
db 0x7F, 0x02, 0x7F, 0x02, 0x7F, 0x02, 0x7F, 0x02, 0x7F, 0x02, 0x7F, 0x02, 0x7F, 0x02, 0x7F, 0x02 ; file 3E4309
db 0x00, 0x7F, 0x02, 0x7F, 0x02, 0x7F, 0x02, 0x7F, 0x02, 0x7F, 0x02, 0x7F, 0x02, 0x7F, 0x02, 0x7F ; file 3E4319
db 0x02, 0x00, 0x7F, 0x02, 0x7F, 0x02, 0x7F, 0x02, 0x7F, 0x02, 0x7F, 0x02, 0x7F, 0x02, 0x7F, 0x02 ; file 3E4329
db 0x7F, 0x02, 0x00, 0x7F, 0x02, 0x7F, 0x02, 0x7F, 0x02, 0x7F, 0x02, 0x7F, 0x02, 0x7F, 0x02, 0x7F ; file 3E4339
db 0x02, 0x7F, 0x02, 0x00, 0x7F, 0x02, 0x7F, 0x02, 0x7F, 0x02, 0x7F, 0x02, 0x7F, 0x02, 0x7F, 0x02 ; file 3E4349
db 0x7F, 0x02, 0x7F, 0x02, 0x00, 0x7F, 0x02, 0x7F, 0x02, 0x7F, 0x02, 0x7F, 0x02, 0x7F, 0x02, 0x7F ; file 3E4359
db 0x02, 0x7F, 0x02, 0x7F, 0x02, 0x00, 0x7F, 0x02, 0x7F, 0x02, 0x7F, 0x02, 0x7F, 0x02, 0x7F, 0x02 ; file 3E4369
db 0x7F, 0x02, 0x7F, 0x02, 0x7F, 0x02, 0x00, 0x7F, 0x02, 0x7F, 0x02, 0x7F, 0x02, 0x7F, 0x02, 0x7F ; file 3E4379
db 0x02, 0x7F, 0x02, 0x7F, 0x02, 0x7F, 0x02, 0x00, 0x7F, 0x02, 0x7F, 0x02, 0x7F, 0x02, 0x7F, 0x02 ; file 3E4389
db 0x7F, 0x02, 0x7F, 0x02, 0x7F, 0x02, 0x7F, 0x02, 0x00, 0x7F, 0x02, 0x7F, 0x02, 0x7F, 0x02, 0x7F ; file 3E4399
db 0x02, 0x7F, 0x02, 0x7F, 0x02, 0x7F, 0x02, 0x7F, 0x02, 0x00, 0x7F, 0x02, 0x7F, 0x02, 0x7F, 0x02 ; file 3E43A9
db 0x7F, 0x02, 0x7F, 0x02, 0x7F, 0x02, 0x7F, 0x02, 0x7F, 0x02, 0x00, 0x7F, 0x02, 0x7F, 0x02, 0x7F ; file 3E43B9
db 0x02, 0x7F, 0x02, 0x7F, 0x02, 0x7F, 0x02, 0x7F, 0x02, 0x7F, 0x02, 0x00, 0x7F, 0x02, 0x7F, 0x02 ; file 3E43C9
db 0x7F, 0x02, 0x7F, 0x02, 0x7F, 0x02, 0x7F, 0x02, 0x7F, 0x02, 0x7F, 0x02, 0x00, 0x7F, 0x02, 0x7F ; file 3E43D9
db 0x02, 0x7F, 0x02, 0x7F, 0x02, 0x7F, 0x02, 0x7F, 0x02, 0x7F, 0x02, 0x7F, 0x02, 0x00, 0x7F, 0x02 ; file 3E43E9
db 0x7F, 0x02, 0x7F, 0x02, 0x7F, 0x02, 0x7F, 0x02, 0x7F, 0x02, 0x7F, 0x02, 0x7F, 0x02, 0x00, 0x7F ; file 3E43F9
db 0x02, 0x7F, 0x02, 0x7F, 0x02, 0x7F, 0x02, 0x7F, 0x02, 0x7F, 0x02, 0x7F, 0x02, 0x7F, 0x02, 0x00 ; file 3E4409
db 0x7F, 0x02, 0x7F, 0x02, 0x7F, 0x02, 0x7F, 0x02, 0x7F, 0x02, 0x74, 0x02, 0x00, 0x00, 0xFF, 0x25 ; file 3E4419
db 0x77, 0x6D, 0x08, 0x00, 0x00, 0x1F, 0x05, 0xF7, 0x00, 0x00, 0x6B, 0x26, 0x00, 0x6A, 0x6D, 0xFF ; file 3E4429
db 0x61, 0x7E, 0xD5, 0x01, 0x69, 0x6E, 0xFF, 0x63, 0x60, 0xFF, 0x29, 0x00, 0x97, 0xAE, 0x0D, 0x53 ; file 3E4439
db 0x2A, 0x02, 0x59, 0xC0, 0x03, 0xE8, 0x07, 0x68, 0xEB, 0x6F, 0xFF, 0x05, 0x06, 0xAE, 0x84, 0x00 ; file 3E4449
db 0x06, 0x60, 0x77, 0xFF, 0x76, 0x0D, 0xAE, 0x2E, 0x76, 0x2F, 0x60, 0x6F, 0xFF, 0x6F, 0x53, 0x03 ; file 3E4459
db 0x2F, 0x2F, 0x0A, 0x60, 0x60, 0xFF, 0x59, 0x4E, 0xFF, 0xFF, 0x37, 0x09, 0xFF, 0xFF, 0x9F, 0x1B ; file 3E4469
db 0x1B, 0xFF, 0xFF, 0xA8, 0x40, 0x08, 0x08, 0x10, 0x67, 0xFD, 0x70, 0x20, 0x08, 0x0A, 0x6F, 0x0D ; file 3E4479
db 0x0A, 0x2E, 0x76, 0xFF, 0x2E, 0xDC, 0x76, 0x76, 0x2E, 0x03, 0x76, 0x76, 0xFF, 0x6F, 0x60, 0x53 ; file 3E4489
db 0x53, 0xDC, 0x9E, 0xB3, 0xDC, 0xFB, 0x74, 0xA8, 0x80, 0x00, 0x37, 0x06, 0xB8, 0x4A, 0x59, 0xFB ; file 3E4499
db 0x60, 0xD0, 0x21, 0x08, 0x64, 0xFF, 0xFF, 0x09, 0x36, 0xCA, 0x21, 0x09, 0xCF, 0x2A, 0x08, 0x6E ; file 3E44A9
db 0x46, 0x10, 0x21, 0x17, 0x29, 0xFF, 0xFF, 0xFF, 0x3E, 0x2E, 0x60, 0xFF, 0x73, 0x64, 0xFF, 0xFF ; file 3E44B9
db 0x0A, 0x09, 0x09, 0x64, 0x53, 0x09, 0x09, 0x4E, 0xFF, 0x77, 0x09, 0x09, 0x09, 0x60, 0x63, 0x76 ; file 3E44C9
db 0x76, 0xFF, 0x77, 0xC8, 0x76, 0x2E, 0x2F, 0x61, 0x76, 0x2F, 0xFF, 0x06, 0x74, 0x2C, 0xB3, 0x53 ; file 3E44D9
db 0x60, 0x53, 0x60, 0x7F, 0x74, 0x59, 0xAE, 0x60, 0x74, 0x1B, 0x0A, 0x82, 0x00, 0xFF, 0x32, 0x1B ; file 3E44E9
db 0x60, 0x37, 0x37, 0x73, 0xFF, 0x59, 0xCB, 0x59, 0x37, 0x80, 0x14, 0x59, 0x82, 0x00, 0x6E, 0x0C ; file 3E44F9
db 0x2C, 0x2E, 0xBF, 0xFF, 0x71, 0x2E, 0x2E, 0xFF, 0xB3, 0x80, 0x00, 0x2E, 0xAF, 0x2E, 0x6F, 0x60 ; file 3E4509
db 0x2E, 0xE0, 0x0A, 0x6F, 0x81, 0x00, 0xAE, 0xFE, 0x83, 0x00, 0x60, 0x32, 0x2F, 0x53, 0x53, 0x59 ; file 3E4519
db 0x2F, 0xFF, 0x53, 0xAE, 0x09, 0x06, 0x53, 0x0A, 0x09, 0xAE, 0xFF, 0x53, 0x0A, 0x60, 0x0A, 0x03 ; file 3E4529
db 0xD0, 0x1B, 0xDC, 0xF7, 0x03, 0xD0, 0xA8, 0x82, 0x00, 0x9E, 0xD0, 0x32, 0x60, 0xB9, 0x1B, 0x00 ; file 3E4539
db 0x20, 0x80, 0x00, 0x36, 0xA8, 0xA8, 0x82, 0x00, 0x4E, 0xF2, 0xE9, 0x20, 0x6D, 0xCA, 0x18, 0x42 ; file 3E4549
db 0x19, 0x60, 0x3E, 0x2E, 0x6F, 0x9F, 0x6F, 0x51, 0x6F, 0x6F, 0x0D, 0x60, 0x00, 0x21, 0x00, 0x2C ; file 3E4559
db 0xFF, 0x60, 0x0D, 0x2C, 0x09, 0x09, 0x2C, 0x2C, 0xC8, 0xEF, 0x09, 0x2C, 0x2F, 0x60, 0x80, 0x00 ; file 3E4569
db 0x2F, 0x09, 0x60, 0xFF, 0x09, 0x0A, 0x53, 0xDC, 0x09, 0x60, 0xAE, 0xDC, 0xFB, 0x09, 0x74, 0x81 ; file 3E4579
db 0x00, 0x0A, 0xDC, 0x17, 0x9E, 0xD0, 0xBD, 0x60, 0x41, 0x0B, 0xA8, 0xA8, 0xA8, 0xBA, 0x80, 0x00 ; file 3E4589
db 0xFF, 0x54, 0x81, 0x00, 0xCF, 0x0C, 0x7D, 0x40, 0x3C, 0x21, 0xC5, 0x3C, 0x60, 0x20, 0x0B, 0xFA ; file 3E4599
db 0x21, 0x00, 0x2F, 0x20, 0x0A, 0x2F, 0x7D, 0x2F, 0x2F, 0xB3, 0xFF, 0x60, 0x2F, 0x2F, 0x06, 0x1B ; file 3E45A9
db 0x2F, 0xB3, 0x06, 0xDF, 0xDC, 0xB3, 0x06, 0x06, 0x53, 0x60, 0x00, 0xAE, 0x60, 0xFF, 0x09, 0x03 ; file 3E45B9
db 0xDC, 0xDC, 0x09, 0x63, 0x0A, 0xDC, 0xFF, 0x09, 0xC8, 0xDC, 0xDC, 0x32, 0x09, 0xDC, 0x9E, 0xBE ; file 3E45C9
db 0xC3, 0x0C, 0x09, 0xFF, 0xD0, 0xA8, 0xDA, 0x80, 0x00, 0xFF, 0xE7, 0xFF, 0xD0, 0xBE, 0x6B, 0x3A ; file 3E45D9
db 0x40, 0x32, 0x9B, 0xB3, 0xB3, 0xFF, 0x06, 0x21, 0x2F, 0x06, 0x53, 0x2C, 0x0D, 0xAE, 0xDF, 0x53 ; file 3E45E9
db 0x2E, 0x76, 0x53, 0xDC, 0x60, 0x3A, 0x53, 0xAE, 0xFA, 0x60, 0x00, 0x0A, 0x60, 0x00, 0xDC, 0x0A ; file 3E45F9
db 0x0A, 0xDC, 0xDC, 0xFF, 0x60, 0xDC, 0x59, 0xDC, 0x9E, 0x9E, 0x74, 0x9E, 0xDF, 0xD0, 0x9E, 0x03 ; file 3E4609
db 0x74, 0xD0, 0x60, 0x00, 0xD0, 0x60, 0xFC, 0x80, 0x00, 0x45, 0x00, 0x1B, 0xD0, 0xD0, 0x36, 0xFF ; file 3E4619
db 0x60, 0x23, 0xD0, 0xDA, 0x40, 0x46, 0xA8, 0x51, 0xEF, 0x25, 0x56, 0xA4, 0x19, 0x23, 0x19, 0xFC ; file 3E4629
db 0x40, 0x48, 0x80, 0x0D, 0x2E, 0x2F, 0x0D, 0x76, 0x76, 0x2C, 0xFF, 0x6F, 0x2C, 0x6F, 0x2F, 0x60 ; file 3E4639
db 0x03, 0x60, 0x03, 0x7B, 0x03, 0x06, 0x00, 0x0B, 0x06, 0x0A, 0x60, 0x63, 0x00, 0x32, 0xF7, 0x74 ; file 3E4649
db 0x60, 0x03, 0xC3, 0x0B, 0x37, 0xC8, 0x59, 0x37, 0xBF, 0x37, 0xC8, 0x1B, 0x37, 0x1B, 0x60, 0xA0 ; file 3E4659
db 0x17, 0xFF, 0xC9, 0x37, 0x00, 0x5E, 0x80, 0x53, 0xFF, 0x60, 0x4B, 0x0D, 0x4B, 0x6F, 0x6F, 0xFB ; file 3E4669
db 0x2F, 0xB3, 0x60, 0x09, 0x53, 0x3E, 0x2F, 0x2F, 0x53, 0xD5, 0x7D, 0xC0, 0x21, 0x60, 0xA0, 0x21 ; file 3E4679
db 0x03, 0x20, 0x18, 0xDC, 0x60, 0xBF, 0x60, 0x74, 0x32, 0xDC, 0x60, 0x63, 0xA0, 0x16, 0x1B, 0x0F ; file 3E4689
db 0x1B, 0x37, 0x9E, 0xD0, 0xC1, 0x46, 0x40, 0x5B, 0x20, 0x54, 0x48, 0x6B, 0xF5, 0x66, 0x27, 0x53 ; file 3E4699
db 0x9B, 0xA4, 0x2E, 0x0D, 0x60, 0x0D, 0xB3, 0xFF, 0xAE, 0x0A, 0x0D, 0x2F, 0xAE, 0xDC, 0x2C, 0x06 ; file 3E46A9
db 0xFF, 0xAE, 0xDC, 0x2F, 0x06, 0xAE, 0x9E, 0x60, 0x9E, 0xD7, 0x9E, 0xD0, 0x1B, 0xE0, 0x12, 0x4E ; file 3E46B9
db 0x60, 0x13, 0xFF, 0xD0, 0x9F, 0xD0, 0x28, 0xFF, 0x60, 0xA4, 0xEC, 0x40, 0x4E, 0x0A, 0x21, 0xFD ; file 3E46C9
db 0x0D, 0x40, 0x38, 0x2C, 0xFF, 0xFF, 0x6F, 0x77, 0xFF, 0xFF, 0x9B, 0x0D, 0x2F, 0x60, 0x2F, 0x53 ; file 3E46D9
db 0x0A, 0x03, 0xFF, 0xB3, 0x53, 0xDC, 0x03, 0x06, 0x53, 0xDC, 0x74, 0xFF, 0x06, 0x0A, 0xDC, 0xD0 ; file 3E46E9
db 0x60, 0xD0, 0xD0, 0x57, 0xE8, 0x40, 0x09, 0xC0, 0x32, 0x81, 0x00, 0x57, 0x6F, 0x12, 0x7D, 0x2C ; file 3E46F9
db 0xB3, 0xFF, 0xFF, 0x6F, 0x2F, 0x06, 0x7D, 0x0D, 0x2F, 0x06, 0xE9, 0x6F, 0x42, 0x61, 0x00, 0x55 ; file 3E4709
db 0xAE, 0x00, 0x55, 0x0A, 0x9E, 0xD0, 0x49, 0xD0, 0x60, 0x56, 0x20, 0x08, 0xBB, 0x60, 0x3A, 0xA0 ; file 3E4719
db 0x80, 0xC8, 0x61, 0x7D, 0xF2, 0xEB, 0x7D, 0x65, 0xA3, 0x6D, 0xA1, 0x47, 0x2F, 0xFF, 0xFF, 0xCE ; file 3E4729
db 0xA1, 0x6F, 0xE0, 0x00, 0x80, 0x1A, 0x00, 0x3D, 0xA0, 0x09, 0xAE, 0xE0, 0x6A, 0x0A, 0x36, 0x60 ; file 3E4739
db 0x3E, 0x0A, 0x60, 0xA0, 0x5E, 0xD0, 0xDC, 0x60, 0x3A, 0x20, 0x0A, 0x5D, 0xA8, 0x60, 0x2E, 0xBE ; file 3E4749
db 0x60, 0xCE, 0x97, 0x1A, 0x63, 0x01, 0x80, 0xFF, 0xFF, 0x6F, 0x2C, 0xFF, 0x0A, 0x0D, 0x2C, 0xCE ; file 3E4759
db 0x9F, 0x6F, 0x0D, 0x77, 0x2F, 0x6F, 0xA0, 0x5B, 0x40, 0x23, 0xDC, 0x0A, 0xA0, 0x09, 0x9E, 0x40 ; file 3E4769
db 0x69, 0x9E, 0x20, 0x25, 0x00, 0x39, 0xC0, 0x08, 0x80, 0x44, 0xC1, 0xDA, 0x60, 0x44, 0xC0, 0x24 ; file 3E4779
db 0x8A, 0x5A, 0x27, 0x90, 0x04, 0x97, 0x4E, 0xC8, 0xF8, 0x41, 0x98, 0xC1, 0x3A, 0x60, 0x14, 0x37 ; file 3E4789
db 0x6F, 0xC8, 0xC8, 0x2F, 0xBF, 0x6F, 0x60, 0x6F, 0x0D, 0x2F, 0xB3, 0x20, 0x0B, 0x06, 0xF1, 0x0D ; file 3E4799
db 0x81, 0x00, 0xA0, 0x39, 0x20, 0x39, 0xDC, 0x03, 0x53, 0x0A, 0xDF, 0xDC, 0x74, 0xAE, 0x0A, 0x9E ; file 3E47A9
db 0x60, 0x67, 0x9E, 0x74, 0x4A, 0xC0, 0x26, 0xA8, 0x00, 0x30, 0xBA, 0x86, 0x00, 0x67, 0xA4, 0x6A ; file 3E47B9
db 0x2B, 0x8C, 0xDF, 0xB3, 0xFF, 0x37, 0xB3, 0x2C, 0x80, 0xA4, 0xBE, 0x03, 0x7F, 0x7A, 0x06, 0x2C ; file 3E47C9
db 0x2F, 0x0D, 0x2F, 0x77, 0xA0, 0x00, 0xFF, 0x6F, 0x2C, 0x60, 0xAE, 0x2F, 0xB3, 0xB3, 0x2F, 0xBF ; file 3E47D9
db 0x2F, 0x77, 0x77, 0x2C, 0x77, 0x2F, 0x00, 0x01, 0x2F, 0xAF, 0x2C, 0x60, 0xB3, 0x2F, 0xA0, 0x0E ; file 3E47E9
db 0x0D, 0x20, 0x0F, 0x6F, 0x5B, 0x6F, 0x2C, 0xE0, 0x00, 0x77, 0x60, 0xE0, 0x0F, 0x53, 0xE0, 0x6A ; file 3E47F9
db 0xA7, 0xAE, 0x2F, 0x06, 0x81, 0x00, 0xE0, 0x6A, 0x0A, 0xA2, 0x2E, 0x03, 0x91, 0xD0, 0xE0, 0x0F ; file 3E4809
db 0x82, 0x00, 0x40, 0x37, 0x4E, 0x03, 0x6A, 0x82, 0x00, 0x74, 0xE1, 0x20, 0xE7, 0xB4, 0x00, 0xB3 ; file 3E4819
db 0xE5, 0xB2, 0xE0, 0x55, 0x59, 0x2E, 0xFF, 0x8D, 0xC4, 0x40, 0x90, 0x37, 0x6F, 0xC0, 0x25, 0x00 ; file 3E4829
db 0x0C, 0x60, 0x0C, 0x2E, 0xC3, 0x77, 0x2C, 0x60, 0x92, 0x00, 0x11, 0xE1, 0x27, 0x40, 0x1C, 0xB3 ; file 3E4839
db 0x6F, 0x3F, 0x0D, 0xB3, 0x2F, 0x2E, 0x60, 0xB3, 0xA0, 0x86, 0x61, 0x10, 0x03, 0x2E, 0x6F, 0x00 ; file 3E4849
db 0x04, 0x60, 0x15, 0x00, 0x21, 0x40, 0x04, 0xA0, 0x20, 0x00, 0x21, 0xFD, 0xB3, 0x80, 0x2D, 0xB3 ; file 3E4859
db 0x60, 0xB3, 0x53, 0x53, 0x0A, 0xEA, 0x60, 0x7C, 0xDC, 0x80, 0x96, 0xDC, 0xC0, 0x73, 0x9E, 0x01 ; file 3E4869
db 0x03, 0x57, 0xD0, 0xF9, 0xBA, 0xC0, 0xA1, 0x20, 0xA0, 0xC0, 0x32, 0xE0, 0x7A, 0x3D, 0x59, 0xA0 ; file 3E4879
db 0x00, 0x1B, 0xA8, 0x1B, 0x64, 0x68, 0x11, 0x4B, 0x95, 0xFF, 0xC4, 0xFF, 0xFF, 0x0E, 0x1A, 0x60 ; file 3E4889
db 0xFF, 0x0D, 0xFF, 0x2E, 0x0D, 0x2D, 0x2E, 0x2E, 0x77, 0x0D, 0x76, 0x9F, 0x6F, 0x2F, 0x76, 0x76 ; file 3E4899
db 0x0D, 0x00, 0x0B, 0x60, 0xA4, 0x77, 0x7F, 0x76, 0x2E, 0x0D, 0x6F, 0x76, 0x2E, 0x2C, 0x40, 0xBB ; file 3E48A9
db 0xFB, 0x77, 0x60, 0x00, 0x0E, 0x76, 0x2F, 0xB3, 0x76, 0x76, 0xFB, 0xB3, 0x77, 0x83, 0x00, 0x60 ; file 3E48B9
db 0x2E, 0x77, 0xB3, 0x77, 0xAF, 0x2E, 0x2F, 0x06, 0x77, 0x60, 0x51, 0x2F, 0xE0, 0x51, 0x06, 0x1A ; file 3E48C9
db 0x00, 0x24, 0xB3, 0x20, 0x2A, 0x06, 0x06, 0x60, 0x8F, 0xE3, 0x8E, 0x80, 0x34, 0xE9, 0x9E, 0x80 ; file 3E48D9
db 0x34, 0x21, 0x6E, 0x03, 0x81, 0x25, 0x76, 0xD0, 0x17, 0x3F, 0x1B, 0x37, 0xD8, 0xE9, 0x1B, 0x59 ; file 3E48E9
db 0x42, 0xD4, 0x61, 0x76, 0xCD, 0x59, 0x60, 0xC2, 0x1B, 0xBA, 0x29, 0xD2, 0xC3, 0x13, 0x35, 0x7D ; file 3E48F9
db 0xEF, 0xFF, 0xC0, 0x1A, 0xB3, 0x80, 0x00, 0x2E, 0xFF, 0xD5, 0x47, 0x92, 0x2E, 0x60, 0x80, 0xBF ; file 3E4909
db 0xC0, 0x12, 0x80, 0x00, 0x2E, 0x02, 0x01, 0x19, 0xB3, 0x20, 0x02, 0xE1, 0x14, 0x2E, 0x2F, 0x80 ; file 3E4919
db 0xCE, 0xC1, 0x13, 0xA1, 0x35, 0x7E, 0x40, 0x13, 0xB3, 0x2E, 0x76, 0xB3, 0x53, 0x0D, 0x80, 0x00 ; file 3E4929
db 0x6E, 0x21, 0x46, 0x77, 0xB3, 0x53, 0xC0, 0x63, 0x06, 0x76, 0x20, 0x47, 0xF9, 0x76, 0x61, 0x52 ; file 3E4939
db 0xA1, 0x97, 0xAE, 0xDC, 0x0A, 0xDC, 0x06, 0x80, 0x40, 0x80, 0x20, 0x14, 0xC0, 0xBB, 0xC1, 0x36 ; file 3E4949
db 0x20, 0x8A, 0x81, 0x97, 0x00, 0x82, 0x60, 0xBF, 0x3A, 0xD0, 0x60, 0x15, 0x59, 0x1B, 0x40, 0x14 ; file 3E4959
db 0x60, 0xFD, 0x1B, 0x40, 0x8A, 0x1B, 0x37, 0x1E, 0xFF, 0x1B, 0x59, 0xF5, 0x8E, 0x80, 0x00, 0x09 ; file 3E4969
db 0xCD, 0x13, 0xAA, 0x65, 0x2E, 0xFF, 0xFF, 0xAA, 0x12, 0x6F, 0xC4, 0xAA, 0x3A, 0x6F, 0xCD, 0xEF ; file 3E4979
db 0xAA, 0xD5, 0x6F, 0x60, 0x40, 0x24, 0x06, 0x2E, 0x76, 0x95, 0x0D, 0x80, 0x00, 0x6F, 0x40, 0x10 ; file 3E4989
db 0x2E, 0xE0, 0xE6, 0x40, 0x28, 0x6F, 0xD2, 0x40, 0x02, 0x2F, 0xA0, 0x27, 0x00, 0x12, 0x76, 0xE0 ; file 3E4999
db 0x61, 0x53, 0x2C, 0xEF, 0x77, 0x06, 0x53, 0x53, 0x41, 0x48, 0x0D, 0x77, 0xB3, 0x79, 0x06, 0x20 ; file 3E49A9
db 0x1A, 0xE0, 0x4C, 0x0D, 0x6F, 0x77, 0xAE, 0x60, 0xB6, 0x1F, 0x53, 0x0A, 0x53, 0x06, 0x17, 0x80 ; file 3E49B9
db 0x02, 0x80, 0xAB, 0xA0, 0xAB, 0xF6, 0x21, 0xAC, 0xAE, 0x0A, 0x80, 0xAC, 0x60, 0x60, 0xDC, 0x60 ; file 3E49C9
db 0xFB, 0x03, 0x74, 0x80, 0x94, 0x32, 0xDC, 0x03, 0x32, 0x1B, 0xEF, 0x03, 0x32, 0xA8, 0xA8, 0x00 ; file 3E49D9
db 0x13, 0x1B, 0x32, 0x59, 0xEF, 0x1B, 0x74, 0x74, 0x1B, 0x00, 0xAE, 0x74, 0x03, 0x03, 0xD3, 0x74 ; file 3E49E9
db 0x52, 0x81, 0x15, 0x00, 0x14, 0xA8, 0x83, 0x00, 0x83, 0xA8, 0xF7, 0x59, 0x37, 0x9F, 0x0B, 0x3D ; file 3E49F9
db 0x3A, 0xAA, 0x92, 0x0D, 0xFF, 0xFF, 0xAA, 0x85, 0x2F, 0xFF, 0xAA, 0x1A, 0xBC, 0x6F, 0xFF, 0x9A ; file 3E4A09
db 0xAA, 0xD9, 0x60, 0x13, 0x2E, 0x2C, 0x60, 0x13, 0xFC, 0x60, 0xD2, 0x80, 0x3A, 0x0D, 0x2E, 0x76 ; file 3E4A19
db 0x60, 0xB3, 0x06, 0x6F, 0x6F, 0x76, 0x2F, 0x53, 0xE0, 0x60, 0xB3, 0xAE, 0x80, 0x61, 0x6A, 0xA0 ; file 3E4A29
db 0x23, 0x76, 0x40, 0x4B, 0x76, 0x20, 0x53, 0x2C, 0x6F, 0xC0, 0x53, 0x8F, 0x77, 0x2C, 0x2C, 0x60 ; file 3E4A39
db 0x41, 0x4B, 0x40, 0x3A, 0x61, 0x5F, 0x06, 0x36, 0xC0, 0xCB, 0xB3, 0x60, 0x80, 0x14, 0x0A, 0xAE ; file 3E4A49
db 0x40, 0xA8, 0x21, 0x2A, 0xEA, 0x40, 0xCC, 0x53, 0x00, 0x61, 0xDC, 0x01, 0xA1, 0x9E, 0x60, 0x60 ; file 3E4A59
db 0x24, 0x20, 0x03, 0x20, 0x00, 0x60, 0x20, 0x91, 0x40, 0xB7, 0xDC, 0x02, 0xC5, 0x80, 0xC5, 0x68 ; file 3E4A69
db 0xA0, 0x2B, 0x60, 0x19, 0xC0, 0x19, 0x32, 0x40, 0x1A, 0x59, 0x03, 0x60, 0xAE, 0xFB, 0x60, 0xC8 ; file 3E4A79
db 0x61, 0x19, 0x59, 0x32, 0x32, 0x59, 0xA8, 0xE7, 0x74, 0x1B, 0xA8, 0x40, 0x1A, 0x00, 0x19, 0x37 ; file 3E4A89
db 0x83, 0x1B, 0xFF, 0x37, 0x66, 0x6C, 0x59, 0x37, 0x7A, 0x3A, 0x37, 0xD7, 0x59, 0x9D, 0x18, 0xE8 ; file 3E4A99
db 0x77, 0x76, 0xE0, 0xB0, 0x0E, 0xAA, 0x5F, 0x35, 0xFF, 0xFF, 0x1A, 0x1A, 0x40, 0x43, 0xAA, 0x00 ; file 3E4AA9
db 0x56, 0x7F, 0xAA, 0x60, 0x2F, 0x2C, 0x0D, 0x76, 0x2D, 0xA0, 0x00, 0xFF, 0x65, 0xAE, 0x2F, 0x2C ; file 3E4AB9
db 0x1A, 0x54, 0x06, 0x2F, 0xC3, 0x60, 0x2E, 0x81, 0x3D, 0xA0, 0x3E, 0xE0, 0x16, 0xA0, 0x77, 0x6F ; file 3E4AC9
db 0x0D, 0x7B, 0x60, 0xAE, 0xA0, 0x15, 0x06, 0x0A, 0xAE, 0x53, 0x20, 0x76, 0xF1, 0xDC, 0x41, 0x52 ; file 3E4AD9
db 0xC0, 0xE2, 0x80, 0xE2, 0xB3, 0xB3, 0xB3, 0x0A, 0x86, 0x40, 0xD9, 0x53, 0xDC, 0x20, 0xD8, 0x81 ; file 3E4AE9
db 0x17, 0x01, 0x18, 0x21, 0x43, 0x0A, 0xB2, 0x60, 0xDA, 0x01, 0xA0, 0x1A, 0x00, 0x2F, 0x03, 0xDC ; file 3E4AF9
db 0x80, 0xC3, 0x03, 0xF1, 0x63, 0x40, 0xA0, 0xE1, 0x18, 0x00, 0xC4, 0xA8, 0x1B, 0xA8, 0xD0, 0xF6 ; file 3E4B09
db 0x00, 0xDC, 0x03, 0x03, 0xE0, 0xD1, 0x74, 0x60, 0x74, 0x74, 0xDB, 0xC8, 0x59, 0x20, 0x32, 0x37 ; file 3E4B19
db 0x74, 0x01, 0x18, 0x59, 0x1B, 0xFF, 0xA8, 0x60, 0x37, 0x59, 0x4B, 0xFF, 0x1B, 0x13, 0xFF, 0xCA ; file 3E4B29
db 0xFF, 0xCE, 0xCA, 0x5D, 0xFF, 0xBB, 0x4B, 0xE9, 0x0E, 0x29, 0xE9, 0x01, 0x6D, 0x12, 0xA9, 0xC1 ; file 3E4B39
db 0x60, 0x1A, 0x92, 0xFF, 0x79, 0x53, 0x12, 0xAA, 0x35, 0x60, 0xFF, 0x92, 0xBF, 0xAA, 0x92, 0xFF ; file 3E4B49
db 0xD1, 0x0B, 0x1A, 0xC0, 0x8C, 0x77, 0xFB, 0x2C, 0x53, 0x00, 0x2B, 0x30, 0xAE, 0x53, 0x06, 0x35 ; file 3E4B59
db 0x07, 0x3E, 0x0A, 0xAE, 0xC0, 0x68, 0x00, 0x6A, 0x01, 0x2D, 0xE0, 0x90, 0x41, 0x15, 0x20, 0x01 ; file 3E4B69
db 0x30, 0xE2, 0x2C, 0xC3, 0xF9, 0x80, 0xD8, 0xA0, 0xE2, 0x03, 0x80, 0x59, 0x22, 0x5A, 0x9A, 0xA1 ; file 3E4B79
db 0x5A, 0x60, 0xC0, 0xF0, 0x03, 0x60, 0xA0, 0xF2, 0x20, 0x48, 0xDC, 0x76, 0xA1, 0xDB, 0xE8, 0x1F ; file 3E4B89
db 0x40, 0xE7, 0x60, 0x03, 0x63, 0xC0, 0x18, 0x2F, 0x32, 0x1B, 0x74, 0x32, 0xE0, 0x17, 0x32, 0xE0 ; file 3E4B99
db 0xF3, 0x20, 0x19, 0xFF, 0x28, 0xA8, 0xA8, 0x28, 0x0C, 0xD0, 0xD0, 0x3B, 0xFF, 0x4B, 0xD0, 0x7C ; file 3E4BA9
db 0x6A, 0xB5, 0x60, 0x0C, 0xC3, 0x7F, 0xFF, 0xFF, 0xCA, 0xD1, 0xFF, 0xFF, 0x83, 0xB0, 0xBA, 0xD6 ; file 3E4BB9
db 0x40, 0x84, 0x0E, 0x65, 0xE0, 0xD8, 0xB5, 0xA6, 0xF3, 0x92, 0x1A, 0xFF, 0x69, 0xDC, 0x7C, 0xA6 ; file 3E4BC9
db 0x12, 0x35, 0xD1, 0xCD, 0xBF, 0x65, 0x92, 0xFF, 0xFF, 0x9F, 0x35, 0x81, 0x3D, 0x53, 0xFD, 0xDD ; file 3E4BD9
db 0xE0, 0x0E, 0x35, 0x65, 0x21, 0xDC, 0x35, 0x35, 0xE3, 0x35, 0x8F, 0x02, 0x42, 0x00, 0x29, 0xC0 ; file 3E4BE9
db 0xEB, 0xDC, 0xDC, 0x21, 0x21, 0x21, 0xC0, 0x25, 0xA0, 0x59, 0x60, 0x40, 0xA0, 0x40, 0x9E, 0x80 ; file 3E4BF9
db 0x27, 0x60, 0x56, 0x01, 0x60, 0xC1, 0x2E, 0x81, 0x42, 0x80, 0x57, 0x22, 0xF9, 0xE0, 0x42, 0xE0 ; file 3E4C09
db 0x46, 0xE0, 0xD6, 0x6E, 0xE2, 0xFA, 0x61, 0x61, 0x38, 0xC0, 0xB8, 0xD0, 0xC8, 0x40, 0x01, 0xFF ; file 3E4C19
db 0x3B, 0x61, 0xBF, 0x5F, 0x3B, 0xC2, 0x6A, 0x3B, 0xFF, 0x0E, 0x60, 0xBF, 0xC1, 0xC3, 0xD1, 0x5B ; file 3E4C29
db 0x6E, 0xEF, 0xC3, 0xFF, 0xB5, 0x34, 0xCE, 0xE9, 0x65, 0x60, 0x25, 0x3F, 0xD5, 0x9B, 0x35, 0xFF ; file 3E4C39
db 0xD1, 0x0C, 0x60, 0x43, 0xE4, 0x2B, 0xFF, 0x35, 0x35, 0x9A, 0xD5, 0x38, 0xD5, 0x35, 0x8F, 0xEF ; file 3E4C49
db 0xA5, 0xCD, 0xC0, 0x9A, 0x02, 0x2E, 0xBD, 0x29, 0x61, 0xFF, 0x29, 0x35, 0x8F, 0x9A, 0x9A, 0xBF ; file 3E4C59
db 0xD5, 0x02, 0xFE, 0x20, 0x02, 0x93, 0x0C, 0x60, 0x42, 0x42, 0xC5, 0x8F, 0xFF, 0xD5, 0x8F, 0x62 ; file 3E4C69
db 0xBF, 0xB5, 0x3B, 0xA5, 0x02, 0xFE, 0x42, 0x32, 0x8F, 0xBF, 0x0C, 0xA5, 0xA5, 0xBF, 0xC4, 0xF7 ; file 3E4C79
db 0xB5, 0x25, 0xA5, 0x64, 0x34, 0xB5, 0x9D, 0xFF, 0xFF, 0x01, 0x48, 0x09, 0xF8, 0x3F, 0x00, 0x0F ; file 3E4C89
db 0x02, 0x00, 0x00, 0xFF, 0x25, 0x77, 0x68, 0x08, 0x00, 0x00, 0x1F, 0x05, 0xDF, 0x00, 0x00, 0x61 ; file 3E4C99
db 0x61, 0x6B, 0x27, 0x00, 0x64, 0x6D, 0x6D, 0xFF, 0xE9, 0x01, 0x63, 0x6E, 0xED, 0x01, 0x60, 0xFF ; file 3E4CA9
db 0x2B, 0x00, 0xBD, 0x7E, 0x2A, 0x02, 0xB3, 0x2C, 0xAE, 0x4E, 0xE8, 0x09, 0x6A, 0xBD, 0x70, 0x02 ; file 3E4CB9
db 0x06, 0x76, 0xFF, 0xFF, 0x0A, 0x80, 0x00, 0x2F, 0xFF, 0x6F, 0xFF, 0x37, 0x2C, 0x2C, 0x60, 0x76 ; file 3E4CC9
db 0x0D, 0xFF, 0x0A, 0x59, 0x2E, 0xB3, 0x60, 0x37, 0x2C, 0x53, 0xFF, 0x03, 0x1B, 0x2F, 0x0A, 0x03 ; file 3E4CD9
db 0xA8, 0x60, 0xCF, 0x2A, 0x60, 0x0A, 0x09, 0xE0, 0x0A, 0x59, 0x60, 0x0B, 0xBA, 0xE0, 0x0B, 0x29 ; file 3E4CE9
db 0x08, 0xF5, 0x6F, 0x22, 0x0E, 0xB8, 0xA0, 0x0E, 0x2E, 0xFF, 0xFF, 0xBE, 0xFF, 0x6F, 0xFF, 0xFF ; file 3E4CF9
db 0xC8, 0x6F, 0x60, 0x6F, 0x6F, 0xFF, 0x2C, 0x53, 0x2E, 0x76, 0x6F, 0x06, 0x76, 0x76, 0xFF, 0x6F ; file 3E4D09
db 0x53, 0x76, 0x76, 0x2F, 0xAE, 0x60, 0xAE, 0xFF, 0xDC, 0x9E, 0xD0, 0x03, 0x74, 0xA8, 0x09, 0x60 ; file 3E4D19
db 0x7F, 0xC8, 0x09, 0x09, 0x60, 0x28, 0x37, 0x37, 0x86, 0x14, 0xD4, 0x45, 0x0B, 0x48, 0x1C, 0x69 ; file 3E4D29
db 0x43, 0x0A, 0x20, 0xE0, 0x0D, 0x09, 0xFF, 0xFF, 0xCE, 0x2E, 0x09, 0xCE, 0x2E, 0x2E, 0x09, 0x60 ; file 3E4D39
db 0xFD, 0x73, 0xE0, 0x0A, 0x09, 0x73, 0x28, 0x0D, 0x09, 0x09, 0xFD, 0xC8, 0x80, 0x00, 0x74, 0x2F ; file 3E4D49
db 0x60, 0x76, 0x2E, 0xB3, 0xFF, 0xAE, 0x76, 0x2C, 0x53, 0x0A, 0x6F, 0x2F, 0x53, 0xFF, 0xDC, 0x2F ; file 3E4D59
db 0xB3, 0xAE, 0xDC, 0x60, 0x03, 0x32, 0xFB, 0x59, 0x37, 0x80, 0x00, 0x59, 0x03, 0xA8, 0x59, 0x1B ; file 3E4D69
db 0x7F, 0x03, 0x32, 0x1B, 0x1B, 0x60, 0x37, 0x73, 0x20, 0x16, 0x3D, 0x36, 0xA0, 0x16, 0x4E, 0xFF ; file 3E4D79
db 0xFF, 0x1B, 0x80, 0x00, 0x69, 0x0C, 0xEA, 0xC7, 0x24, 0xCE, 0xC0, 0x25, 0x0A, 0xA1, 0x17, 0x60 ; file 3E4D89
db 0x77, 0x2E, 0xFF, 0x2E, 0x53, 0x2E, 0x2E, 0x2E, 0xAE, 0x2E, 0x2E, 0xFF, 0x6F, 0x2F, 0x2E, 0x6F ; file 3E4D99
db 0x6F, 0x0D, 0x60, 0x09, 0x7F, 0x09, 0x59, 0xB3, 0x09, 0x09, 0x09, 0x06, 0x80, 0x00, 0xFD, 0xAE ; file 3E4DA9
db 0x00, 0x01, 0xDC, 0x60, 0xB3, 0x53, 0xAE, 0xDC, 0xFF, 0x06, 0x53, 0x0A, 0xDC, 0x53, 0xAE, 0x0A ; file 3E4DB9
db 0x9E, 0xBE, 0x60, 0x01, 0xDC, 0x17, 0x74, 0xA8, 0x60, 0x41, 0x0B, 0x1B, 0x5A, 0x80, 0x23, 0x1B ; file 3E4DC9
db 0x80, 0x23, 0xA8, 0x1B, 0x6B, 0x23, 0x6D, 0x81, 0x31, 0xD9, 0xB8, 0xE0, 0x22, 0x00, 0x2B, 0xFF ; file 3E4DD9
db 0x6F, 0x20, 0x25, 0x0D, 0x0D, 0xF6, 0x60, 0x23, 0x0D, 0x2C, 0x81, 0x00, 0x0D, 0x0D, 0x2C, 0x2F ; file 3E4DE9
db 0xBF, 0x0D, 0x2C, 0x2C, 0x2F, 0x60, 0x32, 0x40, 0x22, 0xB8, 0xFC, 0x61, 0x1A, 0x60, 0x1B, 0xB3 ; file 3E4DF9
db 0x1B, 0x09, 0x1B, 0x01, 0xAE, 0x4C, 0x02, 0x0B, 0x81, 0x09, 0xA8, 0x37, 0x80, 0x0A, 0x00, 0x2E ; file 3E4E09
db 0xA8, 0x2C, 0x24, 0xFC, 0x81, 0x3C, 0x80, 0x09, 0xFF, 0x7E, 0x2C, 0x2C, 0xFF, 0xFF, 0xDB, 0x77 ; file 3E4E19
db 0x2F, 0x60, 0x2E, 0x2F, 0x60, 0x60, 0x09, 0x2F, 0x77, 0xD7, 0x2F, 0x2F, 0xB3, 0x60, 0x00, 0x06 ; file 3E4E29
db 0x60, 0x00, 0x06, 0x60, 0xBF, 0xB3, 0xB8, 0x09, 0x59, 0x06, 0x53, 0xE0, 0x17, 0x53, 0xFB, 0x74 ; file 3E4E39
db 0x09, 0x20, 0x16, 0x09, 0x60, 0x0A, 0x0A, 0xDC, 0xDD, 0x9E, 0x82, 0x00, 0xDC, 0xDC, 0x9E, 0x00 ; file 3E4E49
db 0x32, 0x74, 0x60, 0xFF, 0x9E, 0xD0, 0x32, 0xA8, 0x9E, 0xD0, 0xD0, 0xA8, 0xFF, 0x03, 0xD0, 0xD0 ; file 3E4E59
db 0x32, 0xD0, 0xD0, 0xD0, 0x37, 0x61, 0x60, 0xE1, 0x3B, 0xE1, 0x3C, 0x25, 0x48, 0x8E, 0x19, 0xC8 ; file 3E4E69
db 0xB3, 0x80, 0x44, 0xFF, 0xB3, 0xFF, 0x60, 0x2E, 0x0D, 0xFF, 0xB8, 0x76, 0xDF, 0x76, 0x60, 0xB3 ; file 3E4E79
db 0x06, 0x53, 0x22, 0x00, 0x0A, 0xAE, 0x7F, 0xAE, 0xAE, 0x0D, 0xDC, 0x0A, 0x0A, 0x60, 0x00, 0x24 ; file 3E4E89
db 0xDF, 0xA8, 0xAE, 0x0A, 0xDC, 0x03, 0x40, 0x0D, 0x03, 0xDC, 0xFF, 0xDC, 0x03, 0x74, 0x60, 0x0A ; file 3E4E99
db 0x9E, 0x74, 0xD0, 0xD8, 0xE0, 0x0B, 0x82, 0x00, 0x60, 0x0C, 0x1B, 0x60, 0x00, 0x0D, 0x39, 0xD0 ; file 3E4EA9
db 0x2F, 0xD0, 0x59, 0xFF, 0xD0, 0xE0, 0x48, 0x64, 0xF0, 0x1A, 0xE0, 0x0A, 0xBE, 0xE0, 0x0B, 0x76 ; file 3E4EB9
db 0xFF, 0xB8, 0x2C, 0x2E, 0xE0, 0x25, 0x2F, 0xFF, 0x60, 0x6F, 0xB3, 0xDC, 0x03, 0x2E, 0x2F, 0x06 ; file 3E4EC9
db 0xFD, 0xDC, 0xE0, 0x3C, 0x0A, 0x2C, 0xB3, 0x53, 0x0A, 0x60, 0xFF, 0x74, 0x74, 0x74, 0xD0, 0x74 ; file 3E4ED9
db 0x63, 0xA8, 0x1B, 0x3F, 0x60, 0x63, 0x1B, 0x59, 0x03, 0x74, 0xE0, 0x3C, 0x20, 0x17, 0x2E, 0x20 ; file 3E4EE9
db 0x30, 0xCF, 0xFF, 0x37, 0x80, 0x3D, 0x59, 0x2B, 0x30, 0x26, 0x25, 0xBF, 0x8E, 0x77, 0x77, 0xFF ; file 3E4EF9
db 0xBE, 0x77, 0x20, 0x17, 0x2C, 0x77, 0x06, 0x60, 0x06, 0xA1, 0x38, 0xAE, 0x60, 0xDC, 0x80, 0x09 ; file 3E4F09
db 0xEB, 0x63, 0xAE, 0x80, 0x22, 0x60, 0x40, 0x47, 0xA8, 0x9E, 0x74, 0xFB, 0xA8, 0xA8, 0x80, 0x46 ; file 3E4F19
db 0x64, 0x9E, 0xD0, 0x64, 0xFF, 0xC3, 0x60, 0x37, 0x21, 0x13, 0xF3, 0x20, 0x22, 0x47, 0x60, 0x4E ; file 3E4F29
db 0xBE, 0x0D, 0xB7, 0x2F, 0x53, 0xB8, 0x00, 0x12, 0x6F, 0x2F, 0x60, 0x09, 0x0A, 0xAF, 0x03, 0x74 ; file 3E4F39
db 0xD0, 0x0A, 0x40, 0x1B, 0xDC, 0x20, 0x29, 0xDC, 0x1F, 0x74, 0xD0, 0xD0, 0x60, 0xD0, 0x40, 0x70 ; file 3E4F49
db 0x60, 0x37, 0xA2, 0x5B, 0xCA, 0x0C, 0x29, 0x68, 0x03, 0x74, 0x53, 0x80, 0x74, 0x00, 0x37, 0xCE ; file 3E4F59
db 0x0D, 0xA2, 0x40, 0x67, 0x2C, 0x00, 0x1D, 0xA3, 0x1B, 0xA0, 0x09, 0xDC, 0x00, 0x1D, 0x03, 0xD6 ; file 3E4F69
db 0x40, 0x33, 0xD0, 0x37, 0xC0, 0x32, 0x57, 0xA0, 0x09, 0xFF, 0xD0, 0xFB, 0xD0, 0x61, 0x2F, 0x08 ; file 3E4F79
db 0x6F, 0x2C, 0xFF, 0xB8, 0x0D, 0xBD, 0x2F, 0xE0, 0x00, 0x2F, 0x0A, 0x0D, 0x2F, 0x80, 0x3D, 0x53 ; file 3E4F89
db 0xFB, 0xDC, 0x74, 0x80, 0x07, 0x74, 0x53, 0xAE, 0x03, 0xD0, 0x6C, 0x60, 0x01, 0x40, 0x10, 0xD0 ; file 3E4F99
db 0x05, 0x20, 0x07, 0xFF, 0xFF, 0x80, 0x07, 0x09, 0xFF, 0x60, 0x01, 0x49, 0x86, 0x66, 0x23, 0x76 ; file 3E4FA9
db 0xA1, 0x84, 0xA1, 0x76, 0x20, 0x76, 0x3D, 0xB8, 0x20, 0x76, 0x2C, 0x2F, 0x06, 0x6F, 0x00, 0x2C ; file 3E4FB9
db 0xA0, 0x09, 0x03, 0x53, 0x2C, 0x60, 0x2D, 0x20, 0x76, 0x80, 0x1A, 0xA0, 0x43, 0x82, 0x1A, 0x20 ; file 3E4FC9
db 0x44, 0xAA, 0x82, 0x1A, 0x28, 0x40, 0x8B, 0x57, 0xC0, 0x8B, 0xB4, 0x6B, 0x80, 0x64, 0x5D, 0x71 ; file 3E4FD9
db 0x80, 0x8E, 0x37, 0x6F, 0x0D, 0xE0, 0x87, 0x0D, 0xE0, 0x00, 0x44, 0xA0, 0x67, 0xE0, 0x5A, 0x2F ; file 3E4FE9
db 0x04, 0x1A, 0x80, 0x36, 0x81, 0x66, 0x9E, 0x81, 0x1A, 0xAA, 0x61, 0x41, 0x1B, 0xC0, 0x4D, 0xCE ; file 3E4FF9
db 0xA0, 0x24, 0xB4, 0x88, 0x9A, 0x63, 0xFC, 0x67, 0x12, 0x80, 0x97, 0xBE, 0x03, 0xBE, 0x06, 0x2C ; file 3E5009
db 0xB3, 0xBE, 0xC5, 0x98, 0x4E, 0x53, 0x2F, 0xB3, 0xB3, 0xC0, 0x5A, 0x77, 0xFE, 0xC2, 0x8C, 0xC8 ; file 3E5019
db 0x28, 0xCE, 0x2E, 0x06, 0x06, 0x0D, 0x8F, 0x6F, 0x2F, 0x77, 0x6F, 0xC0, 0x8C, 0x60, 0x68, 0xE0 ; file 3E5029
db 0x0D, 0xB3, 0xAA, 0x40, 0x69, 0x06, 0xE0, 0x00, 0x06, 0xE1, 0x4F, 0x03, 0x60, 0x74, 0x9E, 0x12 ; file 3E5039
db 0x60, 0x74, 0x03, 0x42, 0x5C, 0xC0, 0x5A, 0xB6, 0x20, 0x5C, 0x80, 0x28, 0x81, 0x00, 0x29, 0x59 ; file 3E5049
db 0x29, 0xA7, 0x0F, 0xA5, 0x2F, 0x21, 0xA7, 0xB3, 0x20, 0x19, 0xC0, 0x0A, 0xFB, 0x77, 0x2F, 0xC0 ; file 3E5059
db 0x21, 0x0D, 0x60, 0x0D, 0x77, 0x2F, 0x57, 0x2C, 0x2F, 0x2C, 0xA2, 0x75, 0x77, 0x80, 0x2D, 0xB3 ; file 3E5069
db 0x21, 0x02, 0xF2, 0xC0, 0x6C, 0xB3, 0xE0, 0x6C, 0x40, 0x78, 0x6F, 0x0D, 0x77, 0x60, 0x01, 0xB3 ; file 3E5079
db 0xC0, 0x00, 0x00, 0x7A, 0xA1, 0x01, 0xE1, 0x00, 0x00, 0x71, 0x40, 0x28, 0x60, 0x70, 0xB5, 0x53 ; file 3E5089
db 0x20, 0x29, 0xAE, 0x00, 0x64, 0x0A, 0x60, 0xC0, 0x6E, 0x74, 0x8F, 0x0A, 0x9E, 0x03, 0xD0, 0x40 ; file 3E5099
db 0x6E, 0x80, 0x00, 0xC1, 0x43, 0xD0, 0xA9, 0xBE, 0xA2, 0x11, 0xC0, 0x62, 0xCE, 0xC0, 0x6F, 0x32 ; file 3E50A9
db 0x0A, 0xB6, 0xCE, 0x91, 0x2A, 0xCA, 0xAB, 0x42, 0x88, 0x0A, 0xBA, 0xC4, 0xE0, 0xBB, 0xE0, 0xB4 ; file 3E50B9
db 0x7D, 0x97, 0x2E, 0x6F, 0x9A, 0x00, 0x2D, 0x86, 0x80, 0x95, 0xE0, 0x64, 0x6F, 0xF7, 0x6F, 0x2F ; file 3E50C9
db 0x2C, 0xC1, 0x96, 0x2E, 0x0D, 0x0D, 0x76, 0x7D, 0x2E, 0x01, 0x4A, 0xB3, 0x0D, 0x77, 0xB3, 0x2F ; file 3E50D9
db 0x00, 0x67, 0xAF, 0x6F, 0x76, 0xB3, 0xB3, 0x20, 0x75, 0x2E, 0x01, 0x18, 0x0D, 0xBC, 0x80, 0x04 ; file 3E50E9
db 0xC0, 0x19, 0x6F, 0x77, 0xB3, 0x2C, 0x60, 0x27, 0x77, 0x9A, 0xC0, 0x8F, 0x2F, 0xC0, 0x1B, 0x2F ; file 3E50F9
db 0xB3, 0x20, 0x87, 0xC0, 0x62, 0x06, 0xB3, 0xAE, 0x0A, 0x42, 0x63, 0xE4, 0x9B, 0x01, 0x03, 0xA1 ; file 3E5109
db 0x48, 0x74, 0xFF, 0x1B, 0xD0, 0xA8, 0x74, 0x32, 0xD0, 0x1B, 0x59, 0xFF, 0x32, 0xA8, 0x1B, 0x37 ; file 3E5119
db 0x32, 0x60, 0x32, 0x1B, 0xDF, 0xBB, 0xFF, 0x1B, 0x32, 0x7E, 0x80, 0x9D, 0xA8, 0x7A, 0xCA, 0xC0 ; file 3E5129
db 0xAC, 0x1B, 0x4A, 0xCD, 0xBB, 0x0B, 0xC3, 0x43, 0x17, 0xAA, 0xFF, 0xFF, 0xFF, 0x35, 0xB3, 0xFF ; file 3E5139
db 0xC4, 0x35, 0x2C, 0xFF, 0xD7, 0xAA, 0x35, 0x76, 0x80, 0xB6, 0x2C, 0x60, 0xC2, 0x77, 0x2F, 0xEE ; file 3E5149
db 0x60, 0xC2, 0x2C, 0x76, 0x2E, 0x60, 0x3A, 0x2E, 0x76, 0x2E, 0xE3, 0x77, 0x76, 0x40, 0x01, 0x00 ; file 3E5159
db 0xC5, 0xE0, 0x14, 0x6F, 0xB3, 0x60, 0x99, 0x06, 0xE0, 0x01, 0x81, 0x00, 0x53, 0x2C, 0x80, 0x00 ; file 3E5169
db 0x60, 0x03, 0x60, 0xA6, 0xC0, 0x15, 0x2F, 0x6F, 0x60, 0x9A, 0xC0, 0x16, 0x53, 0xA1, 0x54, 0x60 ; file 3E5179
db 0x05, 0x77, 0x04, 0x2C, 0x53, 0x80, 0x8F, 0x00, 0x8F, 0x80, 0x8E, 0xA1, 0x3D, 0x82, 0x8E, 0xFD ; file 3E5189
db 0x03, 0xC0, 0x70, 0x03, 0xD0, 0x41, 0x32, 0xD0, 0x17, 0xBF, 0x1B, 0x59, 0x17, 0x1B, 0x37, 0x60 ; file 3E5199
db 0x61, 0x70, 0x59, 0xE1, 0xB6, 0xA0, 0xBF, 0xE0, 0xA8, 0x81, 0x00, 0x0C, 0x2B, 0xAA, 0x2D, 0x76 ; file 3E51A9
db 0xFF, 0xC4, 0xAA, 0x06, 0x76, 0xD5, 0xAA, 0x56, 0x2E, 0x6F, 0xD5, 0xAA, 0xA7, 0x2E, 0x40, 0xCA ; file 3E51B9
db 0x2F, 0x0D, 0x00, 0x11, 0xAD, 0x2C, 0x80, 0x11, 0x2F, 0x76, 0x80, 0x0E, 0x60, 0xC0, 0xD7, 0x2F ; file 3E51C9
db 0xFC, 0xC0, 0xD8, 0x81, 0x00, 0x77, 0x6F, 0x76, 0x76, 0x0D, 0x60, 0xDD, 0x53, 0xE0, 0x01, 0x06 ; file 3E51D9
db 0x53, 0x0D, 0x80, 0x00, 0x2F, 0x6F, 0x27, 0xB3, 0x06, 0xAE, 0xC0, 0x93, 0xC0, 0x4F, 0x76, 0xA0 ; file 3E51E9
db 0x44, 0x20, 0x04, 0xFB, 0x2F, 0x6F, 0xA0, 0x2B, 0x60, 0x53, 0x60, 0xDC, 0xDC, 0x1F, 0xB3, 0x06 ; file 3E51F9
db 0xDC, 0x03, 0xB3, 0xE1, 0x03, 0xE0, 0xA3, 0xA0, 0x8B, 0xF0, 0xC0, 0x28, 0xA0, 0xAB, 0x41, 0x8D ; file 3E5209
db 0xC0, 0x15, 0xDC, 0x35, 0x74, 0x60, 0xFF, 0x60, 0xA8, 0x59, 0x37, 0x1B, 0xC8, 0x59, 0x09, 0xFF ; file 3E5219
db 0x1B, 0x1B, 0x37, 0x59, 0x32, 0x37, 0x37, 0xA8, 0x3F, 0x74, 0x60, 0x1B, 0x1B, 0x59, 0x09, 0x20 ; file 3E5229
db 0x2C, 0x80, 0x00, 0xEF, 0x59, 0x37, 0x32, 0x1B, 0xC0, 0xE3, 0x1B, 0x59, 0x02, 0xE4, 0x20, 0xCA ; file 3E5239
db 0x81, 0x00, 0x09, 0x82, 0x00, 0x4B, 0x42, 0x92, 0xAA, 0xAE, 0xFF, 0x2E, 0xAA, 0x1A, 0x7D, 0x2E ; file 3E5249
db 0xAA, 0x85, 0x7D, 0x9F, 0x6F, 0xC9, 0x1A, 0x71, 0x0D, 0x41, 0x17, 0x01, 0x2B, 0x06, 0xDF, 0x2E ; file 3E5259
db 0x76, 0x0D, 0xB3, 0x6F, 0x60, 0x17, 0x60, 0x0D, 0xDC, 0x40, 0x01, 0x60, 0x17, 0x2E, 0x53, 0x2C ; file 3E5269
db 0x20, 0x16, 0xB3, 0x0D, 0xEB, 0x76, 0x60, 0xE0, 0x7A, 0x0A, 0x60, 0x7C, 0xAE, 0x0D, 0x2C, 0xBB ; file 3E5279
db 0xB3, 0x06, 0x60, 0x03, 0xB3, 0x60, 0x2F, 0x60, 0xCF, 0xDC, 0x0B, 0x06, 0xB3, 0xA0, 0xE7, 0xDC ; file 3E5289
db 0x40, 0x29, 0xC0, 0xA0, 0x82, 0x56, 0x04, 0x2B, 0x23, 0x60, 0xDC, 0xE0, 0xA2, 0xA0, 0xDC, 0x21 ; file 3E5299
db 0xDD, 0xDC, 0x61, 0xEB, 0x00, 0x02, 0x7E, 0x00, 0xA5, 0x60, 0x74, 0x1B, 0x03, 0x4A, 0xA8, 0xA0 ; file 3E52A9
db 0xEB, 0xFF, 0xA8, 0xD0, 0x9E, 0x74, 0x03, 0xDC, 0x60, 0x59, 0xFF, 0xA8, 0x74, 0x74, 0xA8, 0x03 ; file 3E52B9
db 0x03, 0x74, 0x03, 0x3D, 0x60, 0x40, 0xBD, 0x60, 0x03, 0x4A, 0x52, 0x80, 0x2E, 0x42, 0x16, 0xFD ; file 3E52C9
db 0x37, 0x40, 0xB2, 0x59, 0x37, 0xA5, 0x1B, 0x37, 0x4D, 0xFD, 0x18, 0x8B, 0x59, 0x9A, 0x85, 0x4F ; file 3E52D9
db 0x0D, 0x0E, 0xAA, 0xFF, 0x12, 0x2F, 0xFF, 0xAA, 0x1A, 0x71, 0xFF, 0x9A, 0x37, 0xAA, 0x35, 0x60 ; file 3E52E9
db 0xE1, 0x2A, 0x0D, 0x6F, 0x80, 0x56, 0xA0, 0x00, 0x74, 0x20, 0x6D, 0x60, 0xCA, 0x53, 0x40, 0x6E ; file 3E52F9
db 0xB3, 0xAE, 0xB3, 0x00, 0x15, 0xCD, 0x0A, 0xC0, 0x19, 0x53, 0x60, 0xA1, 0x89, 0xA0, 0xE5, 0x2F ; file 3E5309
db 0x06, 0x3E, 0x40, 0x71, 0x0A, 0xAE, 0xB3, 0x2F, 0x60, 0x60, 0x2B, 0x21, 0x6C, 0x39, 0x06, 0x80 ; file 3E5319
db 0xDD, 0xA1, 0xDD, 0xB3, 0x60, 0xAE, 0x20, 0x9F, 0x20, 0xD1, 0xC3, 0xAE, 0x06, 0xA1, 0x42, 0xC1 ; file 3E5329
db 0x17, 0x60, 0xC4, 0x40, 0x42, 0xAE, 0x0A, 0xD9, 0x53, 0xE0, 0xD2, 0x40, 0x44, 0x0A, 0x02, 0x81 ; file 3E5339
db 0x17, 0x03, 0x63, 0xFF, 0x1B, 0x03, 0x03, 0xC8, 0x59, 0x03, 0x1B, 0x1B, 0xFF, 0x1B, 0x32, 0x1B ; file 3E5349
db 0xA8, 0xA8, 0x60, 0x37, 0x1B, 0xDF, 0x32, 0x32, 0x1B, 0x32, 0x74, 0x60, 0x00, 0x32, 0x59, 0xFF ; file 3E5359
db 0x74, 0x32, 0x1B, 0x59, 0x60, 0x59, 0x09, 0xB4, 0xFA, 0x80, 0xC8, 0x5B, 0x00, 0xC9, 0x83, 0xFF ; file 3E5369
db 0x59, 0xB4, 0x5B, 0xFA, 0xA9, 0xDF, 0x63, 0x80, 0xD2, 0xFF, 0x3A, 0xAA, 0x35, 0xFF, 0xBF, 0xFF ; file 3E5379
db 0x1A, 0x1A, 0xFF, 0xFF, 0xB5, 0xA0, 0x5A, 0xFF, 0xF7, 0x65, 0x60, 0xB8, 0x20, 0x83, 0x35, 0xAE ; file 3E5389
db 0x2F, 0x2F, 0x7F, 0x1A, 0x69, 0x53, 0xB3, 0x1A, 0x92, 0xB8, 0x42, 0x15, 0x7B, 0xB3, 0x2C, 0xE0 ; file 3E5399
db 0x9F, 0x2F, 0x77, 0x2C, 0x2C, 0xE0, 0xF0, 0x4B, 0x2F, 0x60, 0xC0, 0xB9, 0x53, 0x61, 0x80, 0xC5 ; file 3E53A9
db 0x15, 0x60, 0xE0, 0x13, 0x03, 0x06, 0xDC, 0xE0, 0x12, 0xA0, 0x2E, 0x20, 0x6D, 0xC0, 0xAC, 0xE1 ; file 3E53B9
db 0x16, 0x61, 0x14, 0x59, 0xDC, 0xA0, 0xE7, 0x00, 0xE6, 0x03, 0x60, 0x61, 0x01, 0xB8, 0x60, 0x2D ; file 3E53C9
db 0xFC, 0x21, 0x2E, 0xC0, 0xCA, 0x03, 0x32, 0x03, 0x74, 0x0C, 0x63, 0xFF, 0x32, 0x96, 0xCD, 0xA8 ; file 3E53D9
db 0x59, 0x60, 0xA8, 0x3B, 0xFF, 0xB5, 0xFF, 0x57, 0x9D, 0xC3, 0xFF, 0x4B, 0x83, 0xEF, 0xFF, 0xFF ; file 3E53E9
db 0x24, 0xA5, 0xAA, 0xF3, 0x65, 0x60, 0x65, 0xDF, 0x1A, 0x92, 0x30, 0xFF, 0x92, 0x40, 0x14, 0x3B ; file 3E53F9
db 0x12, 0xFE, 0x40, 0x14, 0xC3, 0x35, 0x60, 0xAE, 0x06, 0xB3, 0xB3, 0xFF, 0x30, 0x0A, 0xAE, 0x53 ; file 3E5409
db 0x35, 0xBD, 0xDC, 0x0A, 0x9F, 0x1A, 0x1A, 0x35, 0x60, 0x60, 0x20, 0x12, 0xA0, 0x26, 0xB3, 0xF3 ; file 3E5419
db 0xB3, 0xAE, 0x60, 0xF6, 0x60, 0xF5, 0xAE, 0x2F, 0xAE, 0x06, 0xFE, 0x00, 0x2A, 0x01, 0x0A, 0xDC ; file 3E5429
db 0x01, 0x60, 0x74, 0xFC, 0xFD, 0xC9, 0x40, 0xF3, 0xA8, 0xD0, 0x68, 0x87, 0xD0, 0x68, 0xFF, 0x5F ; file 3E5439
db 0x83, 0x89, 0x3B, 0x9D, 0xD1, 0x6A, 0x83, 0x8F, 0x9F, 0xFF, 0x60, 0x6E, 0x0C, 0xA4, 0x2A, 0x0E ; file 3E5449
db 0x80, 0xA7, 0x0C, 0xFE, 0x09, 0xA8, 0x60, 0x92, 0x12, 0x35, 0x92, 0xFF, 0x3A, 0x9F, 0x65, 0x92 ; file 3E5459
db 0xFF, 0xFF, 0x13, 0x00, 0xCE, 0x20, 0x02, 0x9B, 0xFF, 0x3E, 0xDC, 0xDC, 0x92, 0x35, 0x9B, 0x60 ; file 3E5469
db 0x92, 0x7F, 0x92, 0x92, 0xD5, 0x13, 0xC0, 0xC0, 0xD5, 0x40, 0x63, 0xF7, 0xDC, 0xDC, 0x9E, 0x00 ; file 3E5479
db 0xC1, 0x8F, 0xCC, 0x21, 0x63, 0x0F, 0x35, 0x12, 0x35, 0x35, 0x40, 0xA3, 0xC0, 0x4A, 0x01, 0x48 ; file 3E5489
db 0x60, 0xFA, 0x1F, 0x12, 0xD5, 0x35, 0x8F, 0x60, 0xE0, 0x03, 0xA0, 0xA4, 0x22, 0x00, 0x9F, 0xC8 ; file 3E5499
db 0x35, 0x9A, 0x8F, 0xCD, 0xA1, 0x67, 0xE1, 0x01, 0x61, 0xFF, 0x61, 0xD5, 0x8F, 0xBF, 0xBF, 0x0C ; file 3E54A9
db 0xA5, 0x5F, 0xFF, 0x60, 0xD0, 0xB7, 0x3B, 0x4B, 0x8F, 0x0C, 0x5F, 0xBF, 0x5F, 0x6A, 0xA5, 0xB5 ; file 3E54B9
db 0xFF, 0xA5, 0xA0, 0x20, 0x60, 0x5F, 0x6E, 0x3B, 0xFF, 0xFF, 0x9D, 0x93, 0xF5, 0x67, 0x20, 0xBC ; file 3E54C9
db 0xBB, 0xC0, 0xD5, 0xAA, 0x14, 0xBF, 0x65, 0x8F, 0xA0, 0x38, 0xFF, 0xFC, 0xC0, 0x27, 0xC4, 0x16 ; file 3E54D9
db 0x8F, 0x8F, 0xD5, 0xD5, 0xC1, 0xB5, 0xFB, 0xD5, 0xC1, 0xE6, 0x18, 0xCD, 0xBF, 0xA5, 0x3B, 0x2A ; file 3E54E9
db 0xFD, 0xB5, 0x26, 0x04, 0xFF, 0x60, 0xC4, 0xBF, 0x25, 0xC3, 0x00, 0xCA, 0x20, 0x3F, 0x00, 0x4D ; file 3E54F9
db 0x02, 0x00, 0x00, 0xFF, 0x25, 0x77, 0x2F, 0x08, 0x00, 0x00, 0x1F, 0x05, 0xD7, 0x00, 0x00, 0x61 ; file 3E5509
db 0x20, 0x00, 0x6B, 0x27, 0x00, 0x66, 0x6D, 0xF5, 0xFF, 0xEA, 0x01, 0x6E, 0xEA, 0x01, 0x65, 0x6F ; file 3E5519
db 0xFF, 0x60, 0x75, 0xFF, 0x2B, 0x00, 0xB8, 0x2A, 0x02, 0x53, 0x60, 0x09, 0x0A, 0x08, 0xFB, 0x64 ; file 3E5529
db 0x70, 0x21, 0x06, 0x77, 0x76, 0xFF, 0x0A, 0x76, 0xFF, 0x76, 0xFF, 0xB8, 0x2E, 0x6F, 0x03, 0x0D ; file 3E5539
db 0x2C, 0xFF, 0x06, 0x60, 0x0D, 0x53, 0x1B, 0x73, 0x2F, 0x0A, 0xFF, 0x59, 0x09, 0x06, 0x03, 0x59 ; file 3E5549
db 0x37, 0x53, 0x03, 0xEB, 0x1B, 0x1B, 0x09, 0x10, 0x63, 0x22, 0x06, 0xB8, 0x6F, 0xFF, 0xDF, 0x03 ; file 3E5559
db 0x2E, 0x76, 0xFF, 0xAE, 0xA0, 0x06, 0x2F, 0x2E, 0xFF, 0x76, 0x60, 0x6F, 0x2F, 0xB3, 0x53, 0x76 ; file 3E5569
db 0x0D, 0xFF, 0x0A, 0xDC, 0x76, 0x0D, 0x53, 0x60, 0x76, 0x2F, 0xFF, 0xAE, 0x60, 0x60, 0x0A, 0x9E ; file 3E5579
db 0xD0, 0x73, 0x03, 0xFF, 0x74, 0x09, 0xFF, 0xC8, 0x09, 0x09, 0x20, 0x1B, 0x57, 0x37, 0x09, 0x09 ; file 3E5589
db 0x4A, 0x08, 0x6E, 0x8A, 0x14, 0xCE, 0x00, 0x16, 0xFF, 0x2E, 0x60, 0xFF, 0xCE, 0x09, 0x20, 0xCE ; file 3E5599
db 0x53, 0xF7, 0x09, 0x09, 0x2E, 0x81, 0x00, 0x77, 0x09, 0x09, 0x60, 0xFF, 0xFF, 0xB3, 0x6F, 0x76 ; file 3E55A9
db 0xFF, 0x06, 0x6F, 0x76, 0xFF, 0x4E, 0x53, 0x6F, 0x0D, 0x09, 0xAE, 0x2C, 0x2F, 0xFF, 0x60, 0x2E ; file 3E55B9
db 0x06, 0xAE, 0x03, 0x2F, 0x06, 0x0A, 0xFF, 0x03, 0x2F, 0x53, 0xDC, 0x03, 0x06, 0xAE, 0xDC, 0xAF ; file 3E55C9
db 0x03, 0x32, 0x1B, 0x59, 0x66, 0x1D, 0x36, 0x80, 0x1E, 0x4E, 0xAC, 0x00, 0x1F, 0xEF, 0x0C, 0x0A ; file 3E55D9
db 0x2E, 0xC0, 0x0B, 0x2E, 0x40, 0x1B, 0x2E, 0xDE, 0xE0, 0x00, 0x6F, 0x60, 0x2E, 0x2E, 0x60, 0x0C ; file 3E55E9
db 0x6F, 0x09, 0xFF, 0x09, 0x6F, 0x6F, 0x0A, 0x09, 0x6F, 0x0D, 0x0A, 0xFF, 0x09, 0x60, 0x09, 0xDC ; file 3E55F9
db 0x2F, 0xB3, 0x09, 0x60, 0xDF, 0xB3, 0x53, 0x09, 0x1B, 0x06, 0x80, 0x00, 0x53, 0x53, 0xFF, 0x60 ; file 3E5609
db 0x53, 0x0A, 0xDC, 0x03, 0x53, 0xDC, 0xDC, 0xFF, 0x03, 0xAE, 0xDC, 0x9E, 0x03, 0x0A, 0xDC, 0x9E ; file 3E5619
db 0x1F, 0x74, 0x07, 0x1B, 0xA8, 0x60, 0x61, 0x0B, 0xE1, 0x0B, 0xE1, 0x0C, 0x7D, 0xCF, 0xF0, 0x0C ; file 3E5629
db 0x41, 0x6F, 0x6F, 0x6F, 0xB3, 0x80, 0x00, 0xFA, 0xE0, 0x00, 0x0D, 0x21, 0x00, 0x60, 0x6F, 0x0D ; file 3E5639
db 0x2C, 0x09, 0xDF, 0x0D, 0x2C, 0x77, 0x28, 0x0D, 0x00, 0x17, 0x2C, 0x2F, 0xFF, 0x2F, 0xB3, 0x60 ; file 3E5649
db 0x09, 0x59, 0xAE, 0xAE, 0x09, 0x7F, 0x59, 0x06, 0xAE, 0x09, 0x09, 0x53, 0x0A, 0x81, 0x00, 0xFF ; file 3E5659
db 0x17, 0x0A, 0x9E, 0x60, 0xD0, 0xA8, 0xA8, 0x1B, 0x3A, 0x80, 0x00, 0xA8, 0x84, 0x00, 0x36, 0x60 ; file 3E5669
db 0x73, 0x40, 0x37, 0x81, 0x00, 0xDC, 0x25, 0x38, 0xAD, 0x26, 0x0D, 0x0D, 0x2C, 0x20, 0x00, 0x77 ; file 3E5679
db 0x2F, 0xDF, 0xAE, 0x2F, 0x2F, 0x2F, 0x61, 0xC1, 0x0A, 0x77, 0x2F, 0xFF, 0x2F, 0x06, 0x2F, 0xB3 ; file 3E5689
db 0xB3, 0x53, 0xB3, 0x06, 0xFB, 0x06, 0x53, 0x60, 0x00, 0x53, 0x60, 0x1B, 0x09, 0xAE, 0xFF, 0x0A ; file 3E5699
db 0x63, 0x09, 0x0A, 0x0A, 0xAE, 0x09, 0x03, 0x3F, 0x0A, 0x0A, 0x32, 0x03, 0xDC, 0x60, 0x41, 0x18 ; file 3E56A9
db 0xC1, 0x18, 0xFF, 0xDC, 0x9E, 0x9E, 0xD0, 0x9E, 0x9E, 0x74, 0xD0, 0xFE, 0xA1, 0x0E, 0x64, 0xD0 ; file 3E56B9
db 0x32, 0xA8, 0xFF, 0xD0, 0xD0, 0xA9, 0x6B, 0x80, 0x00, 0x4C, 0x26, 0x6D, 0xA6, 0x47, 0xBE, 0xA0 ; file 3E56C9
db 0x48, 0x2F, 0xBE, 0x22, 0x33, 0x2F, 0x06, 0xB3, 0x06, 0x2E, 0x80, 0x0B, 0x2E, 0xFB, 0x76, 0x0A ; file 3E56D9
db 0xC0, 0x3D, 0x77, 0x60, 0x60, 0x53, 0x53, 0xFB, 0x53, 0xAE, 0x60, 0x00, 0x0A, 0xAE, 0xAE, 0x0A ; file 3E56E9
db 0xDC, 0xD9, 0xDC, 0x60, 0x00, 0x80, 0x0C, 0x03, 0x9E, 0x00, 0x0C, 0x03, 0x9E, 0xFF, 0x03, 0x03 ; file 3E56F9
db 0xD0, 0x60, 0x03, 0xD0, 0xD0, 0x60, 0xFB, 0x74, 0xD0, 0x26, 0x00, 0x59, 0xD0, 0x59, 0x64, 0xFF ; file 3E5709
db 0x8B, 0x60, 0xD0, 0x80, 0x33, 0x59, 0x35, 0x1B, 0xA3, 0x0E, 0xA1, 0x0D, 0xB3, 0x7A, 0x40, 0x57 ; file 3E5719
db 0x6F, 0x81, 0x00, 0x60, 0x76, 0x76, 0x6F, 0xE0, 0x4A, 0xFF, 0x6F, 0x2F, 0x0D, 0x6F, 0x2C, 0xB3 ; file 3E5729
db 0x6F, 0xB3, 0xFF, 0x2F, 0x06, 0x60, 0x0A, 0x74, 0x74, 0x74, 0x53, 0x7F, 0x0A, 0x74, 0x63, 0x53 ; file 3E5739
db 0x0A, 0x60, 0x63, 0x80, 0x3F, 0xBF, 0x74, 0x2C, 0x32, 0x59, 0x60, 0x37, 0xC4, 0x31, 0x20, 0x54 ; file 3E5749
db 0xF0, 0x25, 0x63, 0x4C, 0x06, 0x60, 0x61, 0xBC, 0xA3, 0x0A, 0x79, 0xA0, 0x32, 0xFF, 0x2C, 0x06 ; file 3E5759
db 0x53, 0x2F, 0x2F, 0x53, 0x0A, 0x2F, 0x79, 0x53, 0x81, 0x00, 0x20, 0x17, 0xAE, 0xDC, 0x60, 0x03 ; file 3E5769
db 0x80, 0x09, 0xFF, 0xD0, 0x60, 0x63, 0x32, 0xA8, 0x60, 0x9E, 0x03, 0xFF, 0x61, 0x60, 0xD0, 0xD0 ; file 3E5779
db 0x1B, 0xFF, 0xA8, 0x28, 0xF3, 0xFF, 0xFF, 0x60, 0x00, 0x53, 0x0A, 0x2C, 0x2C, 0xFF, 0xFF, 0x4F ; file 3E5789
db 0x0D, 0x2F, 0xFF, 0x51, 0x80, 0x00, 0x40, 0x13, 0x60, 0xA0, 0x09, 0xCC, 0x61, 0x51, 0x40, 0x13 ; file 3E5799
db 0x9E, 0xD0, 0x60, 0x01, 0xC0, 0x2B, 0xD0, 0x61, 0x24, 0xC2, 0x2A, 0xE0, 0x00, 0xFF, 0xA0, 0x2B ; file 3E57A9
db 0x49, 0x75, 0x6A, 0xCB, 0x5E, 0x61, 0x13, 0xFB, 0x6F, 0x60, 0x20, 0x09, 0x06, 0x6F, 0x2C, 0x2F ; file 3E57B9
db 0x53, 0x66, 0xE0, 0x00, 0x53, 0x2C, 0xA0, 0x5B, 0x60, 0x12, 0x74, 0xD0, 0x80, 0x67, 0xB5, 0xD0 ; file 3E57C9
db 0xE0, 0x00, 0xD0, 0xE0, 0x00, 0x61, 0x60, 0x61, 0x11, 0x57, 0xEC, 0x93, 0x42, 0x43, 0x0A, 0x51 ; file 3E57D9
db 0x0D, 0xA0, 0x26, 0x0D, 0xFF, 0x7D, 0xFF, 0x0D, 0x2C, 0x21, 0x6F, 0x0D, 0x2F, 0x60, 0x77, 0xAF ; file 3E57E9
db 0xB3, 0x53, 0xDC, 0x2F, 0xE0, 0x63, 0xB3, 0x40, 0x25, 0x06, 0xB7, 0x53, 0xDC, 0x74, 0x21, 0x32 ; file 3E57F9
db 0x68, 0x74, 0x00, 0x1B, 0xD0, 0x2B, 0xD0, 0xB4, 0xA0, 0x3E, 0xB6, 0xA9, 0x87, 0x67, 0x82, 0x7F ; file 3E5809
db 0xE2, 0x85, 0xFD, 0x42, 0xA0, 0x86, 0x77, 0xFF, 0xFF, 0x7D, 0x6F, 0x60, 0x69, 0x77, 0x00, 0x12 ; file 3E5819
db 0x20, 0x09, 0x06, 0x60, 0x57, 0x06, 0x0D, 0xE0, 0x7A, 0x1A, 0x20, 0x62, 0x9E, 0x60, 0x2F, 0x03 ; file 3E5829
db 0xD0, 0x65, 0x13, 0xC0, 0x24, 0x20, 0x1C, 0xD8, 0xC0, 0x76, 0x20, 0x0A, 0xAD, 0x1C, 0x65, 0x71 ; file 3E5839
db 0xEE, 0x8F, 0x37, 0x60, 0xDF, 0xFF, 0x7E, 0x2E, 0x0D, 0xFF, 0x80, 0x0A, 0xB8, 0x6F, 0xA7, 0x6F ; file 3E5849
db 0x2C, 0x2E, 0x81, 0x14, 0x40, 0x1D, 0xAE, 0x20, 0x86, 0xAE, 0x36, 0xA0, 0x1E, 0x0A, 0xB3, 0x60 ; file 3E5859
db 0x79, 0x60, 0xDC, 0xC0, 0x46, 0x81, 0x00, 0xBA, 0x20, 0x1F, 0xD0, 0x20, 0x48, 0xA8, 0x60, 0x1B ; file 3E5869
db 0x04, 0x83, 0x68, 0xFA, 0x4F, 0x61, 0x64, 0x4B, 0x9C, 0x60, 0xFF, 0x37, 0x6F, 0x2C, 0x7E, 0x61 ; file 3E5879
db 0x9E, 0xBE, 0xFF, 0x03, 0x2C, 0x77, 0x0D, 0x40, 0x62, 0x6F, 0x2F, 0x2F, 0x0D, 0x2C, 0xA0, 0x44 ; file 3E5889
db 0x2F, 0xB3, 0x41, 0x00, 0xF5, 0x2C, 0xC0, 0x6F, 0x77, 0x60, 0x64, 0x60, 0xB3, 0xB3, 0x06, 0x3F ; file 3E5899
db 0x0D, 0xB3, 0xB3, 0x2C, 0x6F, 0xB3, 0x00, 0x75, 0xE0, 0x00, 0x53, 0x6F, 0x60, 0xA0, 0x11, 0x01 ; file 3E58A9
db 0x1D, 0xB3, 0x60, 0x74, 0xB3, 0x60, 0x00, 0x9D, 0x06, 0xC0, 0x25, 0x0A, 0x9E, 0x53, 0xC0, 0x7E ; file 3E58B9
db 0x80, 0x00, 0x03, 0x54, 0xA1, 0x80, 0x61, 0x59, 0x1B, 0x40, 0x59, 0xCE, 0x83, 0x00, 0xA8, 0xAA ; file 3E58C9
db 0x10, 0x3C, 0x67, 0x98, 0xC0, 0x64, 0x2F, 0x6F, 0xC4, 0x0D, 0x80, 0x8B, 0x00, 0x0F, 0xFF, 0xB3 ; file 3E58D9
db 0x6F, 0x77, 0xB3, 0x0D, 0x0D, 0xB3, 0x0D, 0x7B, 0x2E, 0x2F, 0x21, 0x02, 0x0D, 0x6F, 0x0D, 0x77 ; file 3E58E9
db 0x60, 0x00, 0xBE, 0x60, 0x0C, 0xB3, 0x2F, 0x2C, 0xB3, 0xB3, 0x80, 0x69, 0xB3, 0x23, 0x77, 0x0D ; file 3E58F9
db 0xA0, 0x2B, 0xC0, 0x20, 0x81, 0x2C, 0x77, 0x80, 0x83, 0x21, 0x86, 0xA0, 0xA0, 0x85, 0xE0, 0x86 ; file 3E5909
db 0x40, 0x05, 0xA2, 0x85, 0x80, 0x54, 0xB3, 0x81, 0x00, 0x53, 0xA5, 0xAE, 0xE0, 0x00, 0xAE, 0x80 ; file 3E5919
db 0x54, 0x21, 0x78, 0x03, 0xA0, 0x42, 0x03, 0x7B, 0xD0, 0xDC, 0x20, 0x43, 0xCF, 0xCD, 0xD0, 0x1B ; file 3E5929
db 0x42, 0xBC, 0xFD, 0x7A, 0xE0, 0xBC, 0x32, 0x7E, 0xFF, 0xFF, 0x1B, 0x32, 0xF9, 0xB4, 0xEA, 0x23 ; file 3E5939
db 0x87, 0x78, 0x35, 0xFF, 0xFF, 0xC4, 0xAC, 0xFF, 0xFF, 0xFF, 0xAA, 0x2C, 0x60, 0x40, 0x2E, 0x2E ; file 3E5949
db 0x7D, 0x77, 0x40, 0x14, 0x2F, 0x76, 0x2E, 0x77, 0xB3, 0x80, 0x00, 0xFF, 0x77, 0x60, 0x2F, 0x2E ; file 3E5959
db 0x2E, 0x0D, 0x6F, 0x76, 0xE3, 0x2E, 0x0D, 0x01, 0x6D, 0x81, 0x6D, 0xC0, 0x7C, 0x0D, 0x2E, 0xB3 ; file 3E5969
db 0xFF, 0xB3, 0x76, 0x76, 0xB3, 0x2C, 0x76, 0x76, 0x06, 0xAC, 0xE0, 0x02, 0x40, 0x98, 0x2F, 0x77 ; file 3E5979
db 0xA0, 0x19, 0x77, 0x40, 0xBB, 0x2C, 0xC5, 0x6F, 0xC0, 0x8C, 0x60, 0x60, 0x99, 0x20, 0x2B, 0x81 ; file 3E5989
db 0x25, 0x2F, 0x06, 0x5A, 0x40, 0x2A, 0x53, 0xC0, 0x4B, 0xAE, 0x0A, 0x40, 0x14, 0xDC, 0x60, 0x81 ; file 3E5999
db 0xBD, 0xDC, 0xA0, 0xA6, 0x9E, 0x15, 0xD0, 0x03, 0xC0, 0x72, 0x99, 0xE1, 0xEA, 0xE8, 0xB2, 0x81 ; file 3E59A9
db 0x14, 0x01, 0x7F, 0x0D, 0x14, 0xC9, 0x92, 0x2E, 0xFF, 0x9A, 0x1A, 0x8B, 0x76, 0x9A, 0x1A, 0x06 ; file 3E59B9
db 0x76, 0x6B, 0x92, 0x35, 0xE0, 0xC7, 0x76, 0x00, 0x26, 0x76, 0x0D, 0x20, 0xBE, 0xBF, 0x0D, 0x06 ; file 3E59C9
db 0x2E, 0x76, 0x2C, 0x06, 0x01, 0x80, 0x0D, 0x60, 0xA0, 0x11, 0x82, 0x00, 0x03, 0x14, 0x20, 0xC1 ; file 3E59D9
db 0x02, 0x13, 0x06, 0x77, 0x80, 0x14, 0x0A, 0xA0, 0x04, 0x60, 0x60, 0x53, 0x06, 0xC1, 0xCE, 0x40 ; file 3E59E9
db 0x3E, 0x41, 0x68, 0x80, 0x71, 0x04, 0xC0, 0x26, 0x21, 0x00, 0x0A, 0x20, 0x00, 0x80, 0xB8, 0xC0 ; file 3E59F9
db 0x7B, 0x20, 0xB9, 0x42, 0x27, 0xFC, 0x00, 0x92, 0x40, 0x93, 0xD0, 0x49, 0x74, 0xD0, 0x17, 0x1B ; file 3E5A09
db 0x6D, 0x37, 0x60, 0x00, 0x60, 0x59, 0x20, 0x57, 0x1B, 0x09, 0x60, 0x27, 0xBF, 0x37, 0x3A, 0xFF ; file 3E5A19
db 0x1B, 0x59, 0x41, 0xCA, 0x4B, 0x76, 0xFA, 0x0A, 0xE8, 0xC4, 0x80, 0xE9, 0x3A, 0x60, 0xAA, 0x12 ; file 3E5A29
db 0x2E, 0xFF, 0x76, 0xAA, 0x35, 0x2E, 0x2E, 0x85, 0x12, 0x6F, 0x3F, 0x2E, 0xAA, 0xCD, 0x6F, 0x2E ; file 3E5A39
db 0x60, 0x00, 0x15, 0x81, 0x15, 0x0F, 0x2C, 0x76, 0x2E, 0xB3, 0x80, 0x2A, 0x80, 0x47, 0x81, 0x95 ; file 3E5A49
db 0x00, 0x96, 0x7D, 0x77, 0xC0, 0x14, 0x0D, 0x0D, 0x2E, 0x76, 0x0D, 0x20, 0xCA, 0x79, 0x2C, 0x00 ; file 3E5A59
db 0x15, 0x00, 0x7B, 0xB3, 0xAE, 0x06, 0x77, 0x80, 0x5C, 0x16, 0x60, 0x06, 0x77, 0x2F, 0x20, 0x04 ; file 3E5A69
db 0x2F, 0x60, 0x3D, 0x80, 0xB6, 0xE0, 0xD9, 0xB2, 0x80, 0x5F, 0xDC, 0x41, 0x3C, 0xC3, 0x3D, 0x06 ; file 3E5A79
db 0x06, 0xC2, 0xA6, 0xAE, 0xD7, 0x0A, 0x0A, 0xDC, 0x00, 0xAB, 0x0A, 0x81, 0x2A, 0x60, 0x60, 0xF7 ; file 3E5A89
db 0x60, 0x03, 0x63, 0x40, 0x94, 0x74, 0xDC, 0x60, 0x63, 0xFD, 0x74, 0x60, 0x9E, 0x1B, 0x60, 0x32 ; file 3E5A99
db 0x59, 0x37, 0x1B, 0xFF, 0x1B, 0x37, 0x59, 0x32, 0x59, 0x59, 0x32, 0x74, 0xCF, 0x59, 0x32, 0x03 ; file 3E5AA9
db 0x74, 0x81, 0x19, 0x01, 0x18, 0x1B, 0x59, 0xA9, 0x09, 0x86, 0x00, 0x8F, 0x19, 0xC0, 0x00, 0x72 ; file 3E5AB9
db 0x9A, 0xE6, 0x65, 0x85, 0xFF, 0x35, 0x0D, 0x2E, 0xAA, 0x92, 0x2C, 0x6F, 0xAA, 0x7F, 0xAA, 0x06 ; file 3E5AC9
db 0x0D, 0x35, 0x1A, 0xBC, 0x2C, 0x81, 0x2F, 0xA6, 0x80, 0xBB, 0x0D, 0xB3, 0xE1, 0xAD, 0xE1, 0x17 ; file 3E5AD9
db 0x60, 0xC0, 0x00, 0x2E, 0xFF, 0x06, 0x2C, 0x6F, 0x76, 0x53, 0x06, 0x2C, 0x2E, 0x59, 0xB3, 0xA0 ; file 3E5AE9
db 0x00, 0x20, 0xD8, 0xB3, 0x53, 0x00, 0xB1, 0x06, 0x80, 0x31, 0x7D, 0x2F, 0xC1, 0x66, 0x60, 0xAE ; file 3E5AF9
db 0xAE, 0x06, 0x2F, 0x21, 0xC0, 0x98, 0x61, 0xCE, 0x61, 0xCF, 0x85, 0x2F, 0xAE, 0xDC, 0x20, 0x00 ; file 3E5B09
db 0xC1, 0x00, 0x9B, 0xFF, 0x13, 0x9E, 0x0A, 0x60, 0x60, 0x74, 0xA8, 0x1B, 0xF4, 0x40, 0xC1, 0xA1 ; file 3E5B19
db 0x2F, 0x60, 0x02, 0xC5, 0xA8, 0x03, 0x03, 0x74, 0x74, 0x80, 0x1A, 0x81, 0x00, 0x32, 0xE0, 0x1A ; file 3E5B29
db 0x1B, 0x0B, 0x59, 0x20, 0x7D, 0xFB, 0x59, 0x37, 0x60, 0x30, 0xBE, 0xFF, 0x59, 0x37, 0x7A, 0xF4 ; file 3E5B39
db 0x80, 0x00, 0x4A, 0x59, 0x65, 0x60, 0x31, 0x9A, 0xAA, 0x35, 0x2F, 0xFF, 0x0E, 0xAA, 0x92, 0xAE ; file 3E5B49
db 0xFF, 0x1A, 0xAA, 0xB7, 0xEF, 0xFF, 0x35, 0xAA, 0x35, 0x60, 0x6A, 0x76, 0x2E, 0x2C, 0xFE, 0x60 ; file 3E5B59
db 0x57, 0xB3, 0x2C, 0x0D, 0x2E, 0x7D, 0x2F, 0x2C, 0xA8, 0xA0, 0x13, 0x20, 0x2C, 0xC1, 0x2C, 0x2E ; file 3E5B69
db 0xE0, 0xA7, 0x6F, 0xC0, 0x6F, 0x60, 0x3A, 0xA0, 0x02, 0x2F, 0xE0, 0xBC, 0x2F, 0xAE, 0x0A, 0x80 ; file 3E5B79
db 0x13, 0xC0, 0x41, 0x76, 0x40, 0xE4, 0xC8, 0x8E, 0x20, 0xBF, 0x0A, 0xAE, 0x60, 0xA0, 0x2B, 0xF6 ; file 3E5B89
db 0x20, 0xE2, 0x60, 0x60, 0xA1, 0x2A, 0x03, 0x63, 0x74, 0xA8, 0xFD, 0x60, 0x20, 0xBF, 0x37, 0x63 ; file 3E5B99
db 0x1B, 0x1B, 0x1B, 0xA8, 0xFB, 0x1B, 0xA8, 0x60, 0xD6, 0x74, 0x74, 0x60, 0x1B, 0x32, 0xFF, 0xC8 ; file 3E5BA9
db 0x1B, 0x32, 0x74, 0xA8, 0x59, 0x74, 0xC8, 0xFF, 0x1B, 0x37, 0x32, 0x1B, 0x59, 0x59, 0x60, 0x59 ; file 3E5BB9
db 0xFF, 0x59, 0x83, 0xFF, 0x37, 0xCE, 0xB5, 0xFF, 0x1B, 0xBF, 0xB6, 0x3C, 0xFF, 0xCE, 0x9D, 0x3C ; file 3E5BC9
db 0x0D, 0x14, 0xFF, 0x7F, 0xC0, 0x1A, 0x1A, 0xFF, 0xFF, 0x78, 0xAA, 0x60, 0x9E, 0xF5, 0xC9, 0xC2 ; file 3E5BD9
db 0x91, 0x45, 0x40, 0xCC, 0x1A, 0x54, 0x53, 0xB3, 0xFF, 0x1A, 0x1A, 0x9B, 0xAE, 0x35, 0x1A, 0x92 ; file 3E5BE9
db 0x05, 0xA7, 0x60, 0x2C, 0x0D, 0xC0, 0x26, 0x20, 0x15, 0x06, 0x80, 0xF6, 0x0A, 0xC3, 0x53, 0x06 ; file 3E5BF9
db 0x20, 0x91, 0xA0, 0x9E, 0x01, 0x3E, 0x80, 0xF8, 0xB3, 0xB3, 0x94, 0xA1, 0xF8, 0xA0, 0xE8, 0xAE ; file 3E5C09
db 0x00, 0x15, 0x03, 0x00, 0xF8, 0x60, 0x7E, 0x06, 0xFF, 0x53, 0x18, 0xDC, 0x0A, 0x50, 0xDC, 0x9E ; file 3E5C19
db 0xFE, 0xEF, 0xC0, 0x60, 0x74, 0x02, 0x60, 0x14, 0xA8, 0x1B, 0x59, 0xFE, 0x61, 0x00, 0x57, 0x1B ; file 3E5C29
db 0xA8, 0xC8, 0x4B, 0xD0, 0xC8, 0xFF, 0x96, 0x83, 0x60, 0x3A, 0xCA, 0xD1, 0xFF, 0x5B, 0xAF, 0x83 ; file 3E5C39
db 0xFF, 0xFF, 0xA5, 0xE0, 0xAC, 0xD1, 0x8B, 0xE9, 0x67, 0xFF, 0x60, 0xFF, 0x35, 0x92, 0x78, 0xFF ; file 3E5C49
db 0x7C, 0xC0, 0xDF, 0x92, 0xFF, 0xFF, 0x7C, 0x12, 0xE0, 0xB0, 0x13, 0x60, 0xFF, 0x9B, 0xDC, 0xAE ; file 3E5C59
db 0x53, 0x92, 0xA6, 0x60, 0x0A, 0xFF, 0xBD, 0x92, 0x35, 0xDD, 0xC0, 0x35, 0x35, 0x35, 0xE6, 0x80 ; file 3E5C69
db 0xC2, 0x06, 0x06, 0xE0, 0xF7, 0xE0, 0xDF, 0x0A, 0x0A, 0x12, 0x85, 0x21, 0xC0, 0xF7, 0x06, 0xC1 ; file 3E5C79
db 0x38, 0x60, 0xFA, 0xE1, 0x4E, 0x01, 0x38, 0x01, 0xBF, 0xAE, 0x0A, 0x44, 0x9E, 0x0A, 0x01, 0x60 ; file 3E5C89
db 0xF9, 0x32, 0xFE, 0xA1, 0x22, 0xD0, 0xD0, 0xC8, 0xD0, 0xD0, 0x57, 0x5B, 0xFF, 0x61, 0x6A, 0x0C ; file 3E5C99
db 0x83, 0x60, 0xC8, 0x68, 0x87, 0xFF, 0x25, 0xA5, 0x87, 0x25, 0xFF, 0x87, 0x5F, 0xD1, 0xF3, 0xFF ; file 3E5CA9
db 0x25, 0x80, 0x0F, 0xE8, 0xF8, 0x68, 0x60, 0xFF, 0x68, 0xF1, 0x12, 0x20, 0x8E, 0xC2, 0x4D, 0x23 ; file 3E5CB9
db 0xB3, 0x92, 0x35, 0xD5, 0x21, 0x7F, 0x9A, 0x35, 0x92, 0x92, 0xFF, 0x38, 0xC0, 0x81, 0x11, 0xFD ; file 3E5CC9
db 0x9A, 0x01, 0x5A, 0x03, 0xD5, 0x8F, 0xBD, 0x29, 0x35, 0x7F, 0x12, 0x35, 0xD5, 0xC0, 0xCD, 0x9A ; file 3E5CD9
db 0x65, 0xE0, 0x01, 0xFF, 0x03, 0x74, 0x29, 0x29, 0xC8, 0xD0, 0x35, 0x8F, 0xBF, 0x9A, 0x8F, 0xCD ; file 3E5CE9
db 0x8F, 0xD5, 0x62, 0x00, 0xF0, 0xD0, 0xFF, 0xD0, 0xB7, 0x29, 0xB7, 0xB7, 0x62, 0x0C, 0xCD, 0xFF ; file 3E5CF9
db 0x25, 0x62, 0x25, 0xC3, 0xA5, 0x60, 0xD0, 0xC8, 0xFF, 0x29, 0x38, 0xBF, 0xC0, 0x0C, 0x5F, 0x3B ; file 3E5D09
db 0x5F, 0xFF, 0xB5, 0xB5, 0xB6, 0xB5, 0xD1, 0xFF, 0x60, 0x3B, 0xFF, 0x5F, 0x3B, 0x0E, 0xA5, 0x9F ; file 3E5D19
db 0xD1, 0xFF, 0x48, 0xBE, 0x90, 0xFE, 0x60, 0x6C, 0xA5, 0xC2, 0xC3, 0xA9, 0xCF, 0x60, 0x04, 0x81 ; file 3E5D29
db 0x24, 0xC9, 0xD1, 0x61, 0x3F, 0x00, 0x8B, 0x02, 0x00, 0x00, 0xFF, 0x25, 0x77, 0x7B, 0x08, 0x00 ; file 3E5D39
db 0x00, 0x0F, 0x04, 0xD7, 0x00, 0x00, 0x61, 0x12, 0x00, 0x6B, 0x17, 0x00, 0x69, 0x6D, 0xF9, 0xFF ; file 3E5D49
db 0xFF, 0x00, 0x16, 0x01, 0x68, 0x6E, 0xFF, 0x63, 0x60, 0x75, 0xFF, 0x1B, 0x00, 0x03, 0x1A, 0x01 ; file 3E5D59
db 0xC8, 0x6B, 0xFF, 0x1A, 0x04, 0xFF, 0x66, 0x71, 0xFF, 0x60, 0xFF, 0xCE, 0x2E, 0x6F, 0xFF, 0xFF ; file 3E5D69
db 0x2E, 0x76, 0x6F, 0x0A, 0x2E, 0x76, 0x0D, 0xFF, 0xB3, 0x0D, 0x2C, 0xB3, 0x60, 0x2F, 0xDC, 0xBA ; file 3E5D79
db 0xFF, 0xFF, 0xB3, 0x32, 0xBA, 0x20, 0xAE, 0xC8, 0x09, 0x5F, 0x36, 0x0A, 0x74, 0x59, 0xCF, 0x1A ; file 3E5D89
db 0x03, 0x6F, 0x10, 0x03, 0xFE, 0x3B, 0x06, 0x61, 0x60, 0xFF, 0xB8, 0x0D, 0x6F, 0x06, 0xFF, 0x2E ; file 3E5D99
db 0x2E, 0x76, 0x77, 0x76, 0x76, 0x76, 0x2F, 0xFF, 0x6F, 0x76, 0x76, 0x60, 0x2F, 0x2F, 0x06, 0xAE ; file 3E5DA9
db 0xFF, 0x2E, 0xAE, 0x0A, 0x0A, 0x6F, 0xB3, 0x60, 0x74, 0xFF, 0x2C, 0x53, 0x60, 0xC8, 0x60, 0xDC ; file 3E5DB9
db 0xA8, 0x37, 0xFF, 0xFF, 0x9E, 0xD0, 0xDA, 0xFF, 0x1B, 0xBA, 0x39, 0xAF, 0xFF, 0x37, 0x09, 0x73 ; file 3E5DC9
db 0x4B, 0x08, 0x6E, 0x36, 0x05, 0x2F, 0xFE, 0x30, 0x00, 0x2E, 0xFF, 0xB8, 0x2E, 0x2E, 0x60, 0x33 ; file 3E5DD9
db 0xFF, 0x73, 0xFF, 0xCE, 0x53, 0x09, 0x64, 0x7E, 0x53, 0xFB, 0x09, 0x09, 0x80, 0x00, 0x09, 0xC8 ; file 3E5DE9
db 0x60, 0x2F, 0x2E, 0xF7, 0x76, 0x2E, 0x06, 0x20, 0x0A, 0x53, 0x6F, 0x6F, 0x2F, 0xF7, 0xAE, 0x0D ; file 3E5DF9
db 0x2F, 0x60, 0x0A, 0xAE, 0x60, 0x32, 0xB3, 0xFF, 0x0A, 0x60, 0x32, 0x53, 0xB8, 0x03, 0x32, 0x53 ; file 3E5E09
db 0xFF, 0xDC, 0x03, 0xA8, 0x60, 0x37, 0x37, 0x09, 0xB9, 0xFF, 0x59, 0x37, 0x37, 0x98, 0x59, 0x59 ; file 3E5E19
db 0x59, 0x98, 0xEB, 0x59, 0x1B, 0x7C, 0x0B, 0x6D, 0x7E, 0x0B, 0x60, 0x60, 0xFF, 0xA7, 0x2E, 0x2E ; file 3E5E29
db 0x2E, 0xC0, 0x06, 0x21, 0x00, 0x6F, 0x30, 0x00, 0x6F, 0xED, 0x60, 0xD0, 0x06, 0x1B, 0x6F, 0x43 ; file 3E5E39
db 0x00, 0x09, 0x0D, 0x0A, 0xFF, 0x09, 0x09, 0x60, 0x0A, 0x2F, 0xB3, 0x53, 0xDC, 0xFF, 0xB3, 0x06 ; file 3E5E49
db 0x53, 0x60, 0x06, 0x53, 0xAE, 0x03, 0xFE, 0x40, 0x00, 0x60, 0xAE, 0xDC, 0x03, 0x32, 0x0A, 0x60 ; file 3E5E59
db 0xF7, 0x03, 0x32, 0xDC, 0x10, 0x07, 0xDC, 0x9E, 0x74, 0x32, 0x5F, 0x60, 0x1B, 0x1B, 0x1B, 0xCF ; file 3E5E69
db 0x41, 0x00, 0xA8, 0x41, 0x00, 0x57, 0xA8, 0x1B, 0x52, 0xE9, 0x19, 0x65, 0x93, 0x0D, 0x6F, 0xC0 ; file 3E5E79
db 0x06, 0x3A, 0x40, 0x00, 0xB3, 0x80, 0x00, 0x0D, 0x0D, 0x60, 0x80, 0x06, 0x20, 0x00, 0xDB, 0x0D ; file 3E5E89
db 0x0D, 0x30, 0x00, 0x2C, 0x0D, 0x40, 0x00, 0x60, 0x0D, 0xFF, 0xDC, 0x09, 0x09, 0x2C, 0x77, 0x09 ; file 3E5E99
db 0x09, 0x77, 0xFF, 0x2F, 0x1B, 0x09, 0x2F, 0x2F, 0x60, 0x09, 0x60, 0xFF, 0x74, 0x53, 0xAE, 0x0A ; file 3E5EA9
db 0x32, 0x53, 0xAE, 0xDC, 0xA9, 0x59, 0x10, 0x14, 0x41, 0x00, 0x60, 0x90, 0x06, 0xD0, 0x44, 0x00 ; file 3E5EB9
db 0x32, 0x54, 0x52, 0x07, 0x90, 0x06, 0xDA, 0xD0, 0x06, 0xFF, 0x43, 0x00, 0x36, 0x3A, 0x21, 0x7E ; file 3E5EC9
db 0x53, 0x07, 0x0D, 0x0D, 0xFF, 0xFF, 0x63, 0x2C, 0x40, 0x00, 0xFE, 0x20, 0x15, 0xFF, 0x2F, 0x60 ; file 3E5ED9
db 0x0D, 0x2C, 0x2C, 0x2F, 0xD7, 0x2C, 0x77, 0x2F, 0x11, 0x00, 0xB3, 0x30, 0x00, 0x06, 0x60, 0xFA ; file 3E5EE9
db 0x40, 0x00, 0x09, 0x80, 0x0D, 0x1B, 0x06, 0x53, 0x53, 0x74, 0xFF, 0x53, 0x53, 0x53, 0x0A, 0x60 ; file 3E5EF9
db 0x59, 0x0A, 0x0A, 0xEB, 0x0A, 0x37, 0x40, 0x00, 0x09, 0x42, 0x00, 0xDC, 0x9E, 0x60, 0xB7, 0x0A ; file 3E5F09
db 0x9E, 0xD0, 0xD0, 0x06, 0xD0, 0xD0, 0xC0, 0x07, 0xD0, 0xBA, 0x70, 0x00, 0xD0, 0x50, 0x07, 0xFF ; file 3E5F19
db 0xFF, 0xA8, 0xF0, 0x23, 0xD0, 0xF2, 0x10, 0x26, 0x59, 0x71, 0x1F, 0xAE, 0x0E, 0x77, 0x2F, 0xFF ; file 3E5F29
db 0x06, 0x7F, 0x2E, 0x0D, 0xFF, 0x2C, 0x2E, 0x76, 0xFF, 0x51, 0x20, 0xFC, 0x80, 0x13, 0x13, 0x00 ; file 3E5F39
db 0xAE, 0xAE, 0xAE, 0x0D, 0x0A, 0xDC, 0xFB, 0xDC, 0x60, 0x80, 0x06, 0xDC, 0xAE, 0xAE, 0x0A, 0xDC ; file 3E5F49
db 0xFF, 0x0A, 0x0A, 0xDC, 0x60, 0xDC, 0xDC, 0x9E, 0x03, 0xFF, 0x60, 0xA8, 0x0A, 0x9E, 0x74, 0x9E ; file 3E5F59
db 0xA8, 0x74, 0x33, 0xD0, 0x03, 0x40, 0x06, 0x70, 0x06, 0xD0, 0x60, 0x80, 0x06, 0x31, 0x00, 0x5D ; file 3E5F69
db 0x61, 0x30, 0x00, 0xFF, 0x4A, 0x7C, 0x40, 0x1A, 0x66, 0xCD, 0x26, 0xF6, 0xFD, 0x15, 0x2C, 0x76 ; file 3E5F79
db 0xD0, 0x06, 0x0D, 0x76, 0xFF, 0x2E, 0xDB, 0x0D, 0x2C, 0x50, 0x07, 0x2F, 0x60, 0xD0, 0x21, 0x74 ; file 3E5F89
db 0x6F, 0x7F, 0x2F, 0x53, 0x0A, 0x2C, 0xB3, 0x53, 0xB8, 0x90, 0x1B, 0xF7, 0xDC, 0x60, 0x74, 0x10 ; file 3E5F99
db 0x00, 0x03, 0x74, 0xA8, 0x1B, 0xFF, 0x60, 0x74, 0x28, 0x1B, 0x03, 0x74, 0x32, 0x59, 0xFE, 0x40 ; file 3E5FA9
db 0x06, 0x1B, 0xB7, 0x1B, 0x37, 0xCE, 0xFF, 0x37, 0x5F, 0x1B, 0x89, 0xFF, 0x1B, 0xC8, 0xFB, 0x30 ; file 3E5FB9
db 0x64, 0xE1, 0x2D, 0xF5, 0xB3, 0xD0, 0x13, 0x0D, 0x20, 0x2C, 0x0D, 0x2F, 0x53, 0x6F, 0xAB, 0x2C ; file 3E5FC9
db 0x2F, 0xC2, 0x1F, 0xDC, 0xA0, 0x0B, 0x03, 0x41, 0x00, 0x0A, 0xFF, 0x03, 0x03, 0x9E, 0x60, 0xDC ; file 3E5FD9
db 0x03, 0xD0, 0xD0, 0xFF, 0x03, 0xD0, 0xA8, 0x57, 0x74, 0xA8, 0xAB, 0xFF, 0x8B, 0x32, 0xB4, 0xA0 ; file 3E5FE9
db 0x24, 0x28, 0x6F, 0x0A, 0x37, 0x05, 0xE3, 0x2D, 0x21, 0xFA, 0xE3, 0x2D, 0x3E, 0x80, 0x19, 0x6F ; file 3E5FF9
db 0x0D, 0x60, 0x0D, 0x77, 0x7F, 0x06, 0xAE, 0x2C, 0x2F, 0x06, 0x0A, 0x77, 0xF0, 0x25, 0xE8, 0xB0 ; file 3E6009
db 0x32, 0x33, 0x05, 0xD0, 0x16, 0x7A, 0xA0, 0x05, 0xFF, 0x74, 0xD0, 0xE5, 0x57, 0x5A, 0x3E, 0x63 ; file 3E6019
db 0x07, 0x32, 0xC5, 0x3D, 0x21, 0x60, 0xFF, 0xE1, 0xAE, 0x11, 0x0F, 0x30, 0x0A, 0x10, 0x3B, 0x70 ; file 3E6029
db 0x00, 0x06, 0x60, 0xB3, 0xFF, 0x53, 0x0A, 0x03, 0x06, 0xAE, 0xDC, 0x74, 0x53, 0x20, 0x90, 0x1B ; file 3E6039
db 0x70, 0x00, 0xC1, 0x14, 0xC0, 0x1A, 0xA0, 0x09, 0xD0, 0x20, 0x0A, 0x11, 0x0A, 0xE4, 0x89, 0x43 ; file 3E6049
db 0x53, 0x3C, 0x77, 0x00, 0x09, 0xD0, 0x29, 0x6F, 0x0D, 0xFF, 0xA3, 0x77, 0x6F, 0x80, 0x28, 0x30 ; file 3E6059
db 0x13, 0x90, 0x04, 0xAE, 0xA0, 0x13, 0xAE, 0xE5, 0x2F, 0xA1, 0x13, 0x0A, 0x70, 0x0E, 0x90, 0x04 ; file 3E6069
db 0xD0, 0xDC, 0xD0, 0x3B, 0xD0, 0xCE, 0x20, 0x0F, 0x68, 0x60, 0x57, 0x7F, 0x0E, 0xA6, 0x47, 0xF8 ; file 3E6079
db 0x81, 0x44, 0xA7, 0x47, 0xA1, 0x05, 0x2E, 0x60, 0x3E, 0x6F, 0x0D, 0xC3, 0x2C, 0x6F, 0x30, 0x14 ; file 3E6089
db 0x70, 0x0A, 0x80, 0x45, 0x43, 0x0A, 0x9E, 0x06, 0x73, 0xAE, 0x0A, 0xA1, 0x14, 0x80, 0x0A, 0x03 ; file 3E6099
db 0xD0, 0x60, 0xC0, 0x25, 0x43, 0xFF, 0xD0, 0xF0, 0x0E, 0x42, 0x00, 0x60, 0x14, 0xC8, 0x4D, 0x67 ; file 3E60A9
db 0x9D, 0x46, 0xF7, 0xBE, 0x53, 0x77, 0xC6, 0x4D, 0xBE, 0x74, 0x63, 0x3E, 0xF3, 0x2F, 0xB3, 0x80 ; file 3E60B9
db 0x2C, 0xD5, 0x4E, 0x0A, 0x06, 0xB8, 0x29, 0x7F, 0x06, 0x06, 0x06, 0xB3, 0x60, 0xFF, 0x21, 0xD0 ; file 3E60C9
db 0x4C, 0x7F, 0x77, 0x6F, 0x0D, 0x77, 0x2E, 0x6F, 0x0D, 0x30, 0x00, 0x48, 0xF0, 0x35, 0x30, 0x3C ; file 3E60D9
db 0xB0, 0x16, 0x53, 0x60, 0x2F, 0x71, 0x0D, 0x0A, 0x30, 0x3C, 0x4B, 0x74, 0xD0, 0xD0, 0x2D, 0xD0 ; file 3E60E9
db 0x32, 0x17, 0xD0, 0x2D, 0x60, 0x11, 0x12, 0x13, 0xD0, 0xBB, 0xD0, 0x2D, 0xA0, 0x53, 0xCE, 0x4B ; file 3E60F9
db 0x26, 0xB8, 0x49, 0x75, 0x55, 0xFD, 0x2F, 0x11, 0x56, 0x7A, 0xFF, 0x37, 0xB3, 0x0D, 0x37, 0xFA ; file 3E6109
db 0xB1, 0x0D, 0x77, 0xA0, 0x48, 0x06, 0x2C, 0xB3, 0xB3, 0x2F, 0x67, 0xB3, 0x77, 0x0D, 0x90, 0x18 ; file 3E6119
db 0xA0, 0x07, 0x2C, 0x2F, 0xF0, 0x4F, 0x89, 0x77, 0xF1, 0x36, 0x50, 0x01, 0x06, 0x60, 0x0A, 0x50 ; file 3E6129
db 0x3F, 0xC0, 0x0A, 0x6F, 0x5F, 0x06, 0x06, 0x0D, 0x6F, 0x2F, 0x00, 0x11, 0x77, 0xE0, 0x3F, 0x2D ; file 3E6139
db 0x60, 0x73, 0x11, 0x2C, 0x2F, 0x70, 0x11, 0x2F, 0x30, 0x00, 0x10, 0x39, 0x68, 0x80, 0x11, 0x91 ; file 3E6149
db 0x26, 0xF0, 0x11, 0xDC, 0xC0, 0x3F, 0x9E, 0x01, 0x20, 0x1C, 0xA4, 0xD1, 0x08, 0xE5, 0x5C, 0x68 ; file 3E6159
db 0x9C, 0x09, 0x0B, 0x4D, 0xC4, 0x50, 0x5F, 0x35, 0xFE, 0xA0, 0x5F, 0x2F, 0x6F, 0x0E, 0x27, 0x2E ; file 3E6169
db 0x6F, 0x40, 0xE7, 0x2E, 0x6F, 0x2C, 0xD0, 0x0F, 0x70, 0x3F, 0x2F, 0x2F, 0x2E, 0x76, 0x30, 0x00 ; file 3E6179
db 0x6F, 0xB3, 0x10, 0x4E, 0x2C, 0x76, 0x2E, 0x70, 0x07, 0x7C, 0xA0, 0x0A, 0xD0, 0x22, 0x77, 0x2F ; file 3E6189
db 0x06, 0xB3, 0x2E, 0xE0, 0x1E, 0x73, 0x76, 0x60, 0x70, 0x48, 0xA0, 0x12, 0x77, 0x2F, 0x2E, 0x20 ; file 3E6199
db 0x55, 0x9F, 0x2E, 0x2C, 0x2F, 0x77, 0x60, 0xE1, 0x09, 0xC0, 0x49, 0x2C, 0x3A, 0xB0, 0x1B, 0x77 ; file 3E61A9
db 0x20, 0x4A, 0x2F, 0x60, 0x2C, 0x51, 0x0C, 0x01, 0x14, 0x2C, 0x30, 0x50, 0xA0, 0x50, 0xAE, 0x60 ; file 3E61B9
db 0xB1, 0x30, 0xAE, 0xE0, 0x41, 0x20, 0x31, 0xBE, 0x62, 0x49, 0x05, 0xA8, 0xD0, 0x60, 0x1B, 0xF0 ; file 3E61C9
db 0x09, 0x32, 0xFE, 0x50, 0x00, 0xA8, 0x32, 0x7E, 0xFF, 0x32, 0x59, 0xA8, 0xF9, 0xBE, 0x48, 0x6A ; file 3E61D9
db 0x53, 0x50, 0x9A, 0xAC, 0xFF, 0xC4, 0xAA, 0xFF, 0x2C, 0xFF, 0x12, 0x80, 0x76, 0x92, 0xAA, 0x06 ; file 3E61E9
db 0xFF, 0x76, 0x60, 0x76, 0x2E, 0x77, 0x06, 0x76, 0x2E, 0xFF, 0x2F, 0x77, 0x76, 0x6F, 0x2F, 0x0D ; file 3E61F9
db 0x76, 0x77, 0x2F, 0x06, 0x2E, 0x60, 0x76, 0xE0, 0x00, 0x76, 0xE0, 0x00, 0x40, 0x00, 0x5B, 0xB3 ; file 3E6209
db 0x76, 0x70, 0x68, 0x60, 0xB3, 0xF0, 0x00, 0x06, 0x00, 0x65, 0xB1, 0x53, 0xF0, 0x64, 0x41, 0x00 ; file 3E6219
db 0x90, 0x3D, 0xB3, 0x2F, 0x43, 0x00, 0x06, 0x45, 0xB3, 0x40, 0x00, 0x06, 0x40, 0x4D, 0xB2, 0x13 ; file 3E6229
db 0x02, 0x4D, 0x06, 0x44, 0x5A, 0x69, 0x0A, 0x31, 0x46, 0xF0, 0x53, 0x9E, 0xA0, 0x46, 0x9E, 0x01 ; file 3E6239
db 0x10, 0x26, 0xFF, 0xD0, 0xD0, 0x37, 0x32, 0xD0, 0xA8, 0x59, 0x59, 0xDF, 0x32, 0x1B, 0x59, 0x09 ; file 3E6249
db 0x1B, 0x40, 0x00, 0xCC, 0xAD, 0xAF, 0x1B, 0x59, 0x60, 0xB6, 0x30, 0x72, 0x37, 0x61, 0x4C, 0x41 ; file 3E6259
db 0xF8, 0x43, 0x00, 0xE9, 0x0A, 0x8F, 0x15, 0x3A, 0x60, 0xAA, 0x92, 0x2C, 0x7F, 0x76, 0xAA, 0x12 ; file 3E6269
db 0x2E, 0x76, 0xAA, 0x47, 0x40, 0x00, 0x43, 0x51, 0x2E, 0xF0, 0x0B, 0x30, 0x0B, 0x71, 0x0B, 0x60 ; file 3E6279
db 0x0C, 0x6F, 0xF0, 0x0B, 0xC5, 0x0D, 0xF0, 0x0B, 0x0D, 0x72, 0x0B, 0xB1, 0x0B, 0x60, 0x74, 0x2F ; file 3E6289
db 0x60, 0xE5, 0x53, 0x80, 0x49, 0x06, 0x30, 0x6B, 0x50, 0x1F, 0x76, 0xB3, 0xAE, 0xD3, 0x2F, 0x6F ; file 3E6299
db 0xF1, 0x0B, 0xE0, 0x44, 0xB3, 0x00, 0x52, 0x2F, 0xB3, 0xCD, 0x76, 0x41, 0x22, 0xAE, 0xAE, 0x80 ; file 3E62A9
db 0x51, 0xB0, 0x50, 0x06, 0xAE, 0x61, 0x60, 0xA1, 0x52, 0xF0, 0x36, 0xC0, 0x4A, 0x50, 0x51, 0xD0 ; file 3E62B9
db 0x03, 0x71, 0x37, 0xFF, 0x03, 0x74, 0x03, 0x12, 0xD0, 0x03, 0x17, 0x1B, 0xED, 0x37, 0x30, 0x00 ; file 3E62C9
db 0x60, 0x1B, 0xD0, 0x0A, 0x1B, 0x59, 0x1E, 0xAA, 0x44, 0x00, 0x09, 0x1A, 0x2A, 0x76, 0xF2, 0x78 ; file 3E62D9
db 0xC0, 0x50, 0x7F, 0xCD, 0xFA, 0x90, 0x7F, 0x1A, 0xD0, 0x7F, 0xAA, 0x60, 0xAA, 0x51, 0x6F, 0xFB ; file 3E62E9
db 0x2E, 0x85, 0x41, 0x00, 0x7D, 0x6F, 0x2E, 0x1A, 0xBC, 0x85, 0x6F, 0xE0, 0x15, 0x0D, 0xF0, 0x14 ; file 3E62F9
db 0x10, 0x14, 0xF0, 0x16, 0x70, 0x17, 0x77, 0x73, 0xB3, 0x60, 0xC0, 0x74, 0x81, 0x7A, 0x2C, 0x2C ; file 3E6309
db 0x6F, 0x00, 0x17, 0x56, 0xC2, 0x5A, 0x53, 0x53, 0xD0, 0x09, 0xAE, 0x61, 0x32, 0x0A, 0xE1, 0x32 ; file 3E6319
db 0xFB, 0x60, 0x2E, 0xE0, 0x20, 0x2F, 0x0D, 0x0D, 0x2F, 0xAE, 0xFE, 0x50, 0x63, 0x0A, 0x0A, 0x53 ; file 3E6329
db 0x06, 0x17, 0xB3, 0x06, 0xBB, 0x17, 0xAE, 0x70, 0x5B, 0x60, 0x03, 0x74, 0x40, 0x00, 0x32, 0xFE ; file 3E6339
db 0x30, 0x70, 0x1B, 0x03, 0x32, 0xA8, 0x1B, 0x21, 0x1B, 0xD1, 0x32, 0x22, 0x0A, 0x60, 0x09, 0x47 ; file 3E6349
db 0x00, 0x37, 0x2F, 0x0A, 0xFF, 0x12, 0xFA, 0x70, 0x89, 0x6C, 0xB6, 0x77, 0x85, 0x8F, 0x2C, 0x6F ; file 3E6359
db 0xAA, 0xFF, 0xA6, 0x77, 0x0D, 0xAA, 0xAA, 0x71, 0x0D, 0x1A, 0x87, 0xAA, 0xD9, 0x77, 0x10, 0x09 ; file 3E6369
db 0xE0, 0x33, 0xE0, 0x20, 0x51, 0x09, 0x0D, 0x9F, 0x6F, 0x76, 0x2E, 0x60, 0x53, 0x90, 0x21, 0x50 ; file 3E6379
db 0x3B, 0x6F, 0x9E, 0x90, 0x09, 0x2F, 0x77, 0xB3, 0xAE, 0x10, 0x09, 0x50, 0x2B, 0x2E, 0x21, 0x0D ; file 3E6389
db 0x80, 0x35, 0x32, 0x33, 0x50, 0x36, 0xA1, 0x32, 0x06, 0x80, 0x79, 0xF0, 0x6C, 0xA0, 0xD0, 0x3D ; file 3E6399
db 0x40, 0x6D, 0xB0, 0x65, 0x21, 0x0A, 0x01, 0x20, 0xDC, 0x80, 0x6D, 0xAE, 0x76, 0x21, 0x15, 0x03 ; file 3E63A9
db 0xDC, 0x90, 0x66, 0x60, 0x0A, 0x60, 0xD1, 0x01, 0xCC, 0x80, 0x7B, 0x51, 0x66, 0xD0, 0x03, 0xD0 ; file 3E63B9
db 0x67, 0xF1, 0x16, 0xDC, 0x60, 0xCF, 0x60, 0x03, 0x03, 0x63, 0xB0, 0x0C, 0x70, 0x7C, 0x03, 0x74 ; file 3E63C9
db 0xFF, 0x1B, 0x03, 0x63, 0xC8, 0x59, 0x0A, 0x59, 0xA8, 0xFE, 0xC0, 0x0C, 0x37, 0xFF, 0x1B, 0x37 ; file 3E63D9
db 0x7A, 0xFF, 0x59, 0x3F, 0x37, 0xB4, 0xFF, 0x59, 0x59, 0x9D, 0x4A, 0x49, 0xE0, 0x16, 0xFF, 0x65 ; file 3E63E9
db 0xAA, 0x35, 0xAE, 0xFF, 0xAA, 0x1A, 0x42, 0xFF, 0xFF, 0x92, 0x85, 0x92, 0xFF, 0xC0, 0x1A, 0xAA ; file 3E63F9
db 0xFD, 0x60, 0x01, 0x0B, 0x2F, 0x77, 0x2C, 0x6F, 0x0A, 0xB3, 0x1F, 0x2F, 0x2C, 0x12, 0xAE, 0xB3 ; file 3E6409
db 0x61, 0x37, 0xD0, 0x8F, 0xE0, 0x5D, 0x7E, 0xF1, 0x33, 0x77, 0x2C, 0x0D, 0x77, 0x60, 0xAE, 0x10 ; file 3E6419
db 0x34, 0x54, 0xB0, 0x29, 0xD0, 0x0A, 0x0A, 0x11, 0x85, 0x0A, 0xF0, 0x91, 0xB3, 0x12, 0x00, 0xEF ; file 3E6429
db 0xAE, 0x53, 0x53, 0x06, 0xF1, 0x70, 0x02, 0x53, 0x0A, 0xF1, 0x02, 0x42, 0x71, 0x00, 0x0B, 0xD0 ; file 3E6439
db 0x85, 0x03, 0x63, 0x74, 0xA8, 0xFD, 0x9E, 0x40, 0x7F, 0x02, 0xA8, 0x74, 0x60, 0xD0, 0x74, 0xFF ; file 3E6449
db 0xA8, 0x59, 0x74, 0x32, 0x1B, 0x37, 0x74, 0x1B, 0xFC, 0x52, 0x2C, 0x60, 0x8E, 0x7A, 0x3C, 0xFF ; file 3E6459
db 0x1B, 0x5B, 0x3C, 0x7F, 0xFF, 0xCE, 0x5B, 0x0E, 0xFF, 0xB6, 0x87, 0x5B, 0x58, 0xE6, 0xC0, 0x9F ; file 3E6469
db 0xC0, 0xAA, 0xF4, 0x20, 0x94, 0x16, 0x54, 0xAE, 0xB3, 0xFF, 0x92, 0x1A, 0x21, 0xAE, 0x65, 0x1A ; file 3E6479
db 0x92, 0x9B, 0x6F, 0xFF, 0x12, 0x92, 0x92, 0xB1, 0x49, 0x77, 0x06, 0x40, 0x80, 0xFE, 0xA0, 0x32 ; file 3E6489
db 0x06, 0xCC, 0xDC, 0x0A, 0x53, 0x8F, 0x31, 0xC1, 0x06, 0xE0, 0x2A, 0xA0, 0x28, 0xD1, 0x7A, 0x21 ; file 3E6499
db 0x7B, 0x60, 0x54, 0x53, 0x60, 0x8F, 0x03, 0x60, 0x9E, 0x9E, 0x90, 0x7A, 0xE0, 0x7A, 0x72, 0x2A ; file 3E64A9
db 0xAE, 0x7F, 0x11, 0x9E, 0x0A, 0xE8, 0x1F, 0x60, 0x74, 0x10, 0x13, 0xFD, 0x74, 0xE0, 0x09, 0x4A ; file 3E64B9
db 0x1B, 0x63, 0x32, 0x1B, 0xA8, 0xF3, 0x32, 0xA8, 0x50, 0x81, 0x20, 0x09, 0x68, 0x1B, 0xA8, 0x57 ; file 3E64C9
db 0xFF, 0x9D, 0xD0, 0x28, 0x3B, 0xCA, 0x28, 0xC3, 0x9D, 0x7F, 0x97, 0x60, 0x9D, 0xD1, 0xFF, 0xFF ; file 3E64D9
db 0x9D, 0x30, 0xA8, 0xFC, 0x70, 0x00, 0x1D, 0x7B, 0x69, 0x60, 0xFF, 0xC3, 0x7C, 0x92, 0xFA, 0xC0 ; file 3E64E9
db 0x40, 0x65, 0x36, 0x98, 0x1A, 0x92, 0x60, 0xDC, 0x35, 0xFF, 0x92, 0x92, 0x9B, 0x9A, 0x92, 0x92 ; file 3E64F9
db 0x92, 0xFF, 0x77, 0xC2, 0x8F, 0x35, 0x60, 0x31, 0xAE, 0x53, 0xDC, 0x10, 0x82, 0xFF, 0x35, 0xA3 ; file 3E6509
db 0x03, 0xDC, 0x35, 0x35, 0x8F, 0xCC, 0xF0, 0x40, 0x83, 0xE0, 0x90, 0xC0, 0x89, 0x81, 0x1C, 0x21 ; file 3E6519
db 0x63, 0x03, 0x03, 0xF1, 0x60, 0x60, 0xA5, 0x10, 0x84, 0x30, 0x84, 0x9E, 0x9E, 0x9E, 0x03, 0x17 ; file 3E6529
db 0x03, 0x74, 0x74, 0x61, 0x13, 0x60, 0x21, 0x02, 0x21, 0x13, 0x01, 0x84, 0xF7, 0x01, 0x03, 0xC8 ; file 3E6539
db 0x81, 0x84, 0x57, 0xD0, 0xD0, 0x7C, 0xFF, 0xA5, 0x42, 0x3B, 0x6E, 0x3B, 0x6A, 0x6E, 0x5B, 0xFF ; file 3E6549
db 0x48, 0x60, 0x3B, 0xCA, 0x9D, 0xFF, 0x87, 0x5F, 0x57, 0x34, 0xFF, 0x9F, 0x7F, 0x09, 0x6A, 0x21 ; file 3E6559
db 0xB3, 0xC2, 0xAA, 0xA1, 0x7F, 0x8F, 0xCD, 0x35, 0x35, 0xFF, 0xD5, 0x12, 0x41, 0x2B, 0xFE, 0xB3 ; file 3E6569
db 0xA2, 0x12, 0x35, 0xD5, 0xA3, 0xC0, 0x35, 0x12, 0xDF, 0x12, 0x68, 0xC0, 0x3A, 0xBF, 0xC2, 0xA3 ; file 3E6579
db 0x61, 0x61, 0xFF, 0x29, 0x42, 0x8F, 0x8F, 0xCD, 0xD5, 0x8F, 0xB6, 0xFD, 0x0C, 0x80, 0x37, 0x83 ; file 3E6589
db 0xD1, 0x60, 0xB7, 0xB7, 0xB7, 0xFF, 0xCD, 0x8F, 0x62, 0xCD, 0x6A, 0xB5, 0x3B, 0xB6, 0xFE, 0x42 ; file 3E6599
db 0x06, 0x60, 0xBF, 0xBF, 0xA5, 0xA5, 0xA5, 0xB5, 0x37, 0xC1, 0x25, 0x0E, 0xF5, 0xA6, 0xA5, 0x97 ; file 3E65A9
db 0x67, 0x11, 0x72, 0xB3, 0x00, 0x1F, 0x00, 0x1F, 0x00, 0x78, 0x00, 0x00, 0x00, 0xFF, 0x25, 0x77 ; file 3E65B9
db 0xF5, 0x08, 0x00, 0x00, 0x0F, 0x04, 0xD7, 0x00, 0x00, 0x61, 0x14, 0x00, 0x6B, 0x18, 0x00, 0x63 ; file 3E65C9
db 0x6D, 0xD9, 0xFF, 0x0F, 0x01, 0x17, 0x01, 0x6A, 0x6F, 0xFA, 0x01, 0x69, 0x70, 0xFF, 0xFF, 0x63 ; file 3E65D9
db 0x60, 0xFF, 0x66, 0x60, 0x77, 0x41, 0xFF, 0x2E, 0x76, 0x0D, 0x2F, 0x76, 0x76, 0x2F, 0x6F, 0xFF ; file 3E65E9
db 0x6F, 0x0D, 0x06, 0x60, 0xAE, 0xB4, 0xFF, 0xFF, 0xFF, 0x53, 0xC8, 0x02, 0xFF, 0x0A, 0x59, 0x09 ; file 3E65F9
db 0xFF, 0xF7, 0x03, 0x59, 0x37, 0x1A, 0x05, 0x68, 0x70, 0xFF, 0x60, 0xF5, 0xFF, 0x13, 0x00, 0x66 ; file 3E6609
db 0x80, 0x00, 0x2C, 0xFF, 0xFF, 0xC8, 0x7F, 0x77, 0x60, 0xFF, 0x03, 0x06, 0x0D, 0x6F, 0x10, 0x00 ; file 3E6619
db 0xFF, 0x2E, 0x76, 0x76, 0x2E, 0x6F, 0x76, 0x76, 0x6F, 0xFF, 0x60, 0x2C, 0x2C, 0x06, 0xAE, 0xB3 ; file 3E6629
db 0x06, 0x53, 0xFF, 0x0A, 0x2F, 0x0A, 0xDC, 0x03, 0x2F, 0x0A, 0x03, 0xFF, 0x59, 0x60, 0x03, 0x1B ; file 3E6639
db 0x7E, 0xFF, 0x9E, 0xA8, 0xFF, 0x6C, 0xFF, 0xA8, 0x68, 0xFF, 0xFF, 0x09, 0xBA, 0xF5, 0xFF, 0x3B ; file 3E6649
db 0x05, 0x6F, 0x32, 0x05, 0xA0, 0xFF, 0xFF, 0x2F, 0xFF, 0x53, 0xFF, 0x2F, 0x2E, 0x53, 0xB8, 0x2E ; file 3E6659
db 0x76, 0xFF, 0x53, 0x60, 0xA0, 0xFF, 0xB8, 0x2F, 0x09, 0xA0, 0xFF, 0x06, 0xB3, 0x09, 0x36, 0x53 ; file 3E6669
db 0x06, 0x09, 0x09, 0xF7, 0x0A, 0x53, 0x60, 0x80, 0x05, 0x0D, 0x0D, 0x76, 0x2E, 0xFF, 0x2F, 0x2C ; file 3E6679
db 0x76, 0x2C, 0x06, 0x77, 0x6F, 0x2F, 0xFF, 0x53, 0x60, 0x06, 0xDC, 0x74, 0x59, 0x53, 0x60, 0xFF ; file 3E6689
db 0x74, 0x59, 0xAE, 0x60, 0x4A, 0x59, 0xB8, 0x03, 0xFF, 0x32, 0x1B, 0x60, 0x37, 0x09, 0x02, 0xFF ; file 3E6699
db 0x37, 0xFF, 0x37, 0xB6, 0xFF, 0x37, 0x59, 0xBB, 0xFF, 0x59, 0xAB, 0x59, 0x7A, 0x7B, 0x0B, 0x6E ; file 3E66A9
db 0x72, 0x0B, 0xBE, 0xB0, 0x0B, 0x2F, 0xEF, 0xFF, 0xFF, 0x7E, 0x2E, 0xC0, 0x06, 0x2E, 0x60, 0x2E ; file 3E66B9
db 0x57, 0x2E, 0x2E, 0x53, 0x40, 0x00, 0x6F, 0x30, 0x00, 0x6F, 0x30, 0x00, 0xFF, 0x0D, 0x60, 0x09 ; file 3E66C9
db 0x09, 0xDC, 0xAE, 0x09, 0x09, 0xFD, 0x1B, 0x40, 0x00, 0x59, 0xDC, 0x0A, 0x09, 0x59, 0x60, 0xFF ; file 3E66D9
db 0x60, 0x77, 0x2F, 0xB3, 0xAE, 0x2F, 0xB3, 0x53, 0x73, 0xAE, 0x2F, 0xC0, 0x0C, 0x70, 0x00, 0xDC ; file 3E66E9
db 0x60, 0xDC, 0x90, 0x06, 0xFE, 0x43, 0x00, 0xA8, 0xA8, 0xDC, 0x03, 0xD0, 0xA8, 0x60, 0xCF, 0x1B ; file 3E66F9
db 0x1B, 0xB4, 0xFF, 0x49, 0x00, 0x5E, 0x07, 0xB8, 0x2E, 0xEB, 0x2E, 0xFF, 0xC0, 0x11, 0x11, 0x10 ; file 3E6709
db 0x12, 0x51, 0x0D, 0x0D, 0xB3, 0x0D, 0x60, 0x80, 0x12, 0xC0, 0x12, 0x0D, 0x2C, 0x30, 0x00, 0x2C ; file 3E6719
db 0xFE, 0x30, 0x00, 0x2F, 0x60, 0x0A, 0x09, 0x37, 0x03, 0x2C, 0xFF, 0x09, 0x09, 0x74, 0x2F, 0x09 ; file 3E6729
db 0x09, 0x32, 0x2F, 0xEF, 0x60, 0x09, 0x1B, 0x60, 0x91, 0x06, 0x06, 0xAE, 0x0A, 0xD5, 0x0A, 0x00 ; file 3E6739
db 0x07, 0x0A, 0x70, 0x00, 0x0A, 0x50, 0x07, 0xD0, 0xA8, 0xFB, 0x9E, 0x74, 0x45, 0x00, 0x32, 0xA8 ; file 3E6749
db 0x60, 0xA8, 0x1B, 0xDF, 0x7A, 0xFF, 0xA8, 0x1B, 0xCF, 0x40, 0x00, 0xFF, 0xFF, 0xE3, 0xA8, 0x29 ; file 3E6759
db 0xEC, 0x14, 0xA0, 0x0E, 0x91, 0x06, 0xFF, 0x2C, 0x2C, 0xFF, 0x2C, 0xFF, 0x77, 0x77, 0x2F, 0xFF ; file 3E6769
db 0xB3, 0x2F, 0xCD, 0x2F, 0x00, 0x19, 0x2F, 0x2F, 0x30, 0x00, 0x21, 0x00, 0x06, 0x2F, 0xFF, 0xB3 ; file 3E6779
db 0x06, 0x06, 0x60, 0xB3, 0x0A, 0x09, 0x1B, 0xFB, 0x06, 0x53, 0x41, 0x00, 0x74, 0x1B, 0x53, 0x53 ; file 3E6789
db 0x0A, 0xD3, 0x09, 0x60, 0x91, 0x06, 0x40, 0x07, 0xDC, 0x80, 0x07, 0x9E, 0xAE, 0x9F, 0x0A, 0xDC ; file 3E6799
db 0x9E, 0x52, 0x74, 0x70, 0x06, 0x90, 0x1E, 0xB7, 0xA8, 0xD4, 0x1E, 0x41, 0x1F, 0x8A, 0x20, 0x6D ; file 3E67A9
db 0x86, 0x20, 0x3E, 0x00, 0x21, 0x06, 0xFE, 0x41, 0x00, 0x60, 0x2C, 0x77, 0xB3, 0xB3, 0x76, 0x76 ; file 3E67B9
db 0xEB, 0xAE, 0x53, 0xB0, 0x1A, 0x0A, 0x70, 0x20, 0x2F, 0x60, 0x06, 0x3B, 0x06, 0x53, 0x11, 0x00 ; file 3E67C9
db 0xAE, 0xAE, 0x53, 0x40, 0x05, 0xE0, 0x05, 0x5F, 0x60, 0x53, 0x0A, 0xDC, 0x59, 0xF0, 0x05, 0x74 ; file 3E67D9
db 0x80, 0x21, 0xFF, 0x03, 0xDC, 0x60, 0x03, 0x74, 0x60, 0x0A, 0x9E, 0xFF, 0x03, 0xD0, 0x0A, 0x74 ; file 3E67E9
db 0xD0, 0xD0, 0x9E, 0xD0, 0xF6, 0x12, 0x00, 0x32, 0x60, 0x80, 0x00, 0xFF, 0xD0, 0xD0, 0x57, 0xBF ; file 3E67F9
db 0xFF, 0xD0, 0xCE, 0xFF, 0xFF, 0x57, 0x5C, 0x07, 0x67, 0xEA, 0x63, 0x1C, 0xAE, 0x10, 0x28, 0x6F ; file 3E6809
db 0x44, 0x00, 0x0D, 0x60, 0x2E, 0xF8, 0x50, 0x21, 0x91, 0x21, 0x30, 0x15, 0x2F, 0x2E, 0x2F, 0x2F ; file 3E6819
db 0xB3, 0xFF, 0x60, 0x53, 0x60, 0x03, 0x03, 0x53, 0xAE, 0x60, 0x6F, 0x74, 0x53, 0x0A, 0x60, 0x81 ; file 3E6829
db 0x00, 0x03, 0x60, 0x80, 0x06, 0xFF, 0xD0, 0x32, 0x1B, 0x1B, 0x1B, 0x32, 0x1B, 0x37, 0xFF, 0x37 ; file 3E6839
db 0x32, 0x1B, 0x59, 0xA8, 0x60, 0xD0, 0xC8, 0x27, 0x57, 0xFF, 0x59, 0x60, 0x2C, 0x30, 0x06, 0xFF ; file 3E6849
db 0xC0, 0x2E, 0x2A, 0x33, 0x7D, 0x66, 0xE3, 0x28, 0xB3, 0xFF, 0xFF, 0x21, 0x0D, 0x20, 0x29, 0xDF ; file 3E6859
db 0x2C, 0xFF, 0x79, 0x6F, 0x77, 0x00, 0x2D, 0xAE, 0x53, 0xFC, 0x80, 0x20, 0x40, 0x20, 0x53, 0x0A ; file 3E6869
db 0x06, 0xAE, 0xDC, 0xDC, 0xD6, 0xF0, 0x12, 0xDC, 0x03, 0x70, 0x06, 0x74, 0x40, 0x0C, 0xD0, 0x03 ; file 3E6879
db 0xF7, 0x9E, 0x4A, 0x42, 0x70, 0x0B, 0xCE, 0x57, 0xA8, 0x28, 0x37, 0xFF, 0xFF, 0x32, 0xCF, 0x12 ; file 3E6889
db 0x6B, 0x66, 0xD3, 0x27, 0x39, 0x00, 0xFF, 0x2C, 0x60, 0xFF, 0x2C, 0x0D, 0x2F, 0x06, 0x6F, 0xF7 ; file 3E6899
db 0x2C, 0xB3, 0x6F, 0x70, 0x00, 0x0D, 0x2C, 0xB3, 0x53, 0xD9, 0x60, 0xF0, 0x25, 0x30, 0x0B, 0x03 ; file 3E68A9
db 0xD0, 0x70, 0x00, 0xD0, 0x0A, 0x16, 0x70, 0x10, 0x60, 0xD0, 0xF0, 0x04, 0xD0, 0x00, 0x33, 0x60 ; file 3E68B9
db 0x05, 0x6E, 0x0A, 0x75, 0x65, 0x42, 0x33, 0x3E, 0x60, 0x10, 0x77, 0x0D, 0xFF, 0x70, 0x04, 0xD5 ; file 3E68C9
db 0x71, 0x70, 0x04, 0x60, 0x10, 0x05, 0xAE, 0xA0, 0x04, 0x0A, 0x2F, 0xFC, 0xA0, 0x2A, 0xD0, 0x0A ; file 3E68D9
db 0x03, 0x60, 0xDC, 0xD0, 0xD0, 0xC8, 0x46, 0x90, 0x15, 0x7C, 0xD0, 0xB0, 0x04, 0x41, 0x15, 0xA9 ; file 3E68E9
db 0x41, 0x71, 0x86, 0x3C, 0xAF, 0x77, 0xFF, 0xFF, 0x29, 0xF0, 0x14, 0x6F, 0x70, 0x3B, 0x6F, 0xFB ; file 3E68F9
db 0x2C, 0x2F, 0x00, 0x09, 0xB3, 0x0D, 0x2C, 0x2F, 0x53, 0x09, 0x2C, 0x40, 0x2F, 0x41, 0x09, 0xD0 ; file 3E6909
db 0x42, 0x09, 0xF0, 0x27, 0xB0, 0x09, 0x44, 0x09, 0x98, 0xF0, 0x41, 0x41, 0x09, 0xEC, 0x19, 0x69 ; file 3E6919
db 0x72, 0x6A, 0x0E, 0x70, 0x29, 0x21, 0xFF, 0x2E, 0x60, 0xFF, 0x77, 0x6F, 0x0D, 0x77, 0x6F, 0xA7 ; file 3E6929
db 0x6F, 0x2C, 0x2E, 0xA1, 0x05, 0xE0, 0x05, 0x60, 0xA0, 0x05, 0x0A, 0x8C, 0x70, 0x0A, 0xE0, 0x34 ; file 3E6939
db 0x0A, 0xDC, 0x10, 0x42, 0x40, 0x0A, 0xD3, 0x1F, 0x57, 0xC2, 0x40, 0x20, 0x57, 0x81, 0x0A, 0xE8 ; file 3E6949
db 0x4B, 0x94, 0x41, 0x28, 0x28, 0x60, 0x0D, 0xBE, 0xD4, 0x47, 0x21, 0x7D, 0x0A, 0x2C, 0x77, 0x30 ; file 3E6959
db 0x2D, 0xB3, 0x4D, 0x2F, 0xE1, 0x48, 0x42, 0x06, 0x80, 0x1F, 0x11, 0x00, 0x2C, 0x10, 0x2F, 0x5F ; file 3E6969
db 0x60, 0x3E, 0x3E, 0x3E, 0xFF, 0x40, 0x2E, 0x06, 0x20, 0x01, 0xAA, 0x40, 0x00, 0x06, 0x20, 0x02 ; file 3E6979
db 0x79, 0x90, 0x3E, 0x0D, 0x30, 0x08, 0x2E, 0xDD, 0x6F, 0x60, 0x00, 0x6F, 0x2C, 0x60, 0x70, 0x0E ; file 3E6989
db 0xB3, 0x0D, 0x97, 0x77, 0x2F, 0x06, 0x41, 0x0E, 0x77, 0x80, 0x4A, 0x71, 0x29, 0x74, 0x07, 0xAE ; file 3E6999
db 0x0A, 0x9E, 0xC0, 0x17, 0xE0, 0x28, 0x00, 0x18, 0x60, 0x28, 0x20, 0x28, 0x41, 0xD0, 0x00, 0x18 ; file 3E69A9
db 0x60, 0x28, 0x01, 0x0F, 0x69, 0x09, 0xE7, 0x1C, 0x37, 0x90, 0x4C, 0xFF, 0x2E, 0xC4, 0x79, 0x2E ; file 3E69B9
db 0x6F, 0x60, 0xBE, 0x2F, 0xF9, 0x0D, 0xA3, 0x13, 0xD0, 0x1C, 0x77, 0xB3, 0x0D, 0x2E, 0x60, 0x23 ; file 3E69C9
db 0xB3, 0x2F, 0xD0, 0x3E, 0xC1, 0x0F, 0x80, 0x06, 0x6F, 0x40, 0x06, 0xB1, 0x44, 0xCA, 0x31, 0x0A ; file 3E69D9
db 0x77, 0xD0, 0x4B, 0x2C, 0x91, 0x01, 0xC0, 0x31, 0x2F, 0x6F, 0x05, 0x2C, 0xC0, 0x11, 0x2F, 0x41 ; file 3E69E9
db 0x00, 0xF0, 0x53, 0xA0, 0x41, 0x62, 0x41, 0x20, 0x18, 0xDB, 0x77, 0x2F, 0xE0, 0x09, 0xB3, 0x60 ; file 3E69F9
db 0x60, 0x47, 0xAE, 0x2F, 0x10, 0x21, 0x27, 0xA0, 0x47, 0x11, 0x34, 0x91, 0x40, 0xD0, 0x41, 0x00 ; file 3E6A09
db 0xD1, 0x32, 0xE0, 0x18, 0x30, 0x30, 0x22, 0xB0, 0x58, 0x40, 0x40, 0x92, 0x2C, 0x32, 0x7E, 0x7A ; file 3E6A19
db 0x55, 0xC4, 0x32, 0xFD, 0xC4, 0xD0, 0x5A, 0x35, 0xFF, 0xFF, 0x9A, 0x14, 0xFF, 0xFF, 0xC4, 0x80 ; file 3E6A29
db 0x2C, 0x60, 0xAA, 0x2E, 0x2E, 0x77, 0xBE, 0xC0, 0x18, 0x77, 0x76, 0x2E, 0x0D, 0xB3, 0xC0, 0x54 ; file 3E6A39
db 0xB3, 0xFD, 0x60, 0xB0, 0x0A, 0x6F, 0xB3, 0x2E, 0x76, 0x6F, 0x6F, 0xCC, 0x20, 0x01, 0x90, 0x5B ; file 3E6A49
db 0x77, 0x60, 0xF0, 0x10, 0x10, 0x20, 0xB3, 0x2E, 0x2A, 0x70, 0x00, 0x76, 0xD1, 0x3C, 0x60, 0xA1 ; file 3E6A59
db 0x1B, 0x2E, 0x40, 0x0D, 0x81, 0x21, 0x02, 0x81, 0x13, 0x60, 0x41, 0x62, 0xA0, 0x0D, 0xB2, 0x0A ; file 3E6A69
db 0x12, 0x4C, 0x60, 0x18, 0x01, 0x18, 0x8A, 0x11, 0x32, 0x53, 0x50, 0x5F, 0xAE, 0xA1, 0x2C, 0x41 ; file 3E6A79
db 0x44, 0x50, 0x3E, 0x9E, 0xFB, 0xD0, 0xDC, 0x90, 0x4B, 0x13, 0xA8, 0xD0, 0x60, 0x1B, 0xDE, 0xF0 ; file 3E6A89
db 0x09, 0xA8, 0xA8, 0x1B, 0x68, 0x80, 0x38, 0x59, 0xA8, 0x57, 0x1B, 0x37, 0xA8, 0x16, 0x31, 0x25 ; file 3E6A99
db 0xE0, 0x64, 0x7A, 0xDB, 0x45, 0xF9, 0x67, 0xC7, 0x45, 0xE5, 0x47, 0x35, 0x60, 0xFF, 0xAA, 0x80 ; file 3E6AA9
db 0xFF, 0x76, 0x92, 0x1A, 0x56, 0x76, 0xAA, 0x35, 0x2E, 0xFF, 0x76, 0xAA, 0x9A, 0x2E, 0x76, 0x60 ; file 3E6AB9
db 0x76, 0x6F, 0xFF, 0xB3, 0x77, 0x76, 0x0D, 0xB3, 0x6F, 0x76, 0x77, 0x7F, 0x06, 0x2E, 0x76, 0x77 ; file 3E6AC9
db 0x53, 0x2E, 0x60, 0x21, 0x47, 0xF0, 0xD0, 0x67, 0x20, 0x48, 0xD0, 0x0D, 0xE0, 0x01, 0x60, 0x06 ; file 3E6AD9
db 0x77, 0x76, 0x93, 0x76, 0x53, 0x40, 0x00, 0x82, 0x00, 0x2F, 0x30, 0x03, 0x90, 0x18, 0xB3, 0x00 ; file 3E6AE9
db 0xD1, 0x18, 0x70, 0x37, 0xB0, 0x37, 0xB0, 0x42, 0x81, 0x51, 0x41, 0x51, 0x82, 0x0B, 0xB0, 0x4A ; file 3E6AF9
db 0xC5, 0x60, 0x20, 0x17, 0x0A, 0x00, 0x4B, 0xC0, 0x57, 0xB1, 0x50, 0xDC, 0x03, 0xFB, 0x00, 0x60 ; file 3E6B09
db 0xC1, 0x20, 0x1B, 0x09, 0xD0, 0xA8, 0x59, 0xBF, 0x09, 0xD0, 0x1B, 0x59, 0x37, 0xA8, 0x40, 0x00 ; file 3E6B19
db 0x99, 0xBF, 0x21, 0x37, 0x1B, 0x60, 0x59, 0xB5, 0xA0, 0x17, 0x41, 0x7E, 0xE0, 0x17, 0x37, 0x39 ; file 3E6B29
db 0xFF, 0x1B, 0x59, 0x98, 0xFF, 0x0B, 0xF4, 0x61, 0x17, 0x42, 0x00, 0x1A, 0xF0, 0x72, 0xAA, 0x60 ; file 3E6B39
db 0x1A, 0x8B, 0x6B, 0x2E, 0x76, 0x42, 0x00, 0x51, 0xF0, 0x0B, 0x51, 0x6F, 0xD0, 0x67, 0xAD, 0x2F ; file 3E6B49
db 0xC0, 0x67, 0x2F, 0x53, 0xF1, 0x0B, 0x0D, 0x70, 0x0C, 0x2F, 0xF4, 0xF1, 0x0B, 0xA1, 0x18, 0x2C ; file 3E6B59
db 0x43, 0x00, 0x76, 0x2C, 0x60, 0x53, 0x5E, 0xD0, 0x01, 0x53, 0x0A, 0x2C, 0x76, 0xB0, 0x74, 0x0D ; file 3E6B69
db 0x61, 0x33, 0x6B, 0x60, 0x2E, 0x00, 0x2F, 0x76, 0x80, 0x2B, 0x76, 0x2E, 0x10, 0x22, 0xFE, 0x11 ; file 3E6B79
db 0x3F, 0x06, 0x0A, 0xB8, 0x0A, 0xB3, 0x06, 0xDC, 0xD9, 0x60, 0x61, 0x17, 0x70, 0x5D, 0x53, 0x60 ; file 3E6B89
db 0xF0, 0x76, 0x74, 0x03, 0x78, 0x51, 0x22, 0x30, 0x50, 0xE1, 0x5C, 0x35, 0x74, 0x60, 0x60, 0x20 ; file 3E6B99
db 0x4F, 0x19, 0x09, 0xA0, 0x4F, 0x41, 0x00, 0x59, 0x32, 0x20, 0x0C, 0x30, 0x6B, 0x81, 0x0C, 0xFD ; file 3E6BA9
db 0x1B, 0xB1, 0x50, 0x37, 0x32, 0xA8, 0x1B, 0x09, 0x60, 0x57, 0x37, 0x59, 0x4E, 0x10, 0x73, 0x09 ; file 3E6BB9
db 0x42, 0x00, 0x37, 0x40, 0x7F, 0xCA, 0x39, 0x38, 0x76, 0xF2, 0x7E, 0x85, 0x41, 0x0C, 0x44, 0x00 ; file 3E6BC9
db 0x1A, 0x60, 0xFF, 0x1A, 0x7D, 0x6F, 0x76, 0x1A, 0x60, 0x6F, 0x2E, 0xFF, 0xAA, 0x71, 0x0D, 0x6F ; file 3E6BD9
db 0xAA, 0x49, 0x2C, 0x6F, 0x9E, 0xB1, 0x18, 0x06, 0x76, 0x2E, 0xB3, 0x80, 0x5F, 0xC1, 0x18, 0x2C ; file 3E6BE9
db 0xAB, 0xB3, 0x60, 0xC0, 0x24, 0x0D, 0x91, 0x0C, 0xB3, 0x50, 0x25, 0x53, 0xA5, 0x2F, 0xF0, 0x30 ; file 3E6BF9
db 0x77, 0xB0, 0x2C, 0x20, 0x45, 0xAE, 0xD0, 0x31, 0x06, 0xD6, 0x71, 0x0C, 0x60, 0xB3, 0xB0, 0x6F ; file 3E6C09
db 0x0A, 0x70, 0x3B, 0x53, 0xDC, 0xC1, 0xAE, 0x50, 0x62, 0xA0, 0x61, 0x10, 0x3C, 0xB2, 0x69, 0x50 ; file 3E6C19
db 0x3B, 0x53, 0x0A, 0x03, 0xAE, 0xAE, 0x61, 0x24, 0x72, 0x18, 0xB1, 0x18, 0x80, 0x0D, 0x70, 0x5C ; file 3E6C29
db 0x01, 0x63, 0x3D, 0xB8, 0xA0, 0x84, 0x03, 0x63, 0x32, 0x1B, 0x20, 0x5D, 0x40, 0x25, 0xFF, 0x37 ; file 3E6C39
db 0x1B, 0x74, 0x59, 0x1B, 0x74, 0x74, 0xA8, 0xA9, 0x03, 0x10, 0x00, 0xD1, 0x64, 0x32, 0x60, 0x1A ; file 3E6C49
db 0x74, 0x60, 0x1A, 0x74, 0xDB, 0x1B, 0x09, 0xB1, 0x0E, 0x1B, 0x60, 0xB0, 0x0F, 0xFF, 0xA8, 0x17 ; file 3E6C59
db 0x59, 0x37, 0x36, 0xE0, 0x1B, 0x64, 0xE0, 0x1B, 0xAF, 0x0D, 0x62, 0x1A, 0xFE, 0xF7, 0x45, 0xAA ; file 3E6C69
db 0x1A, 0x2F, 0x0D, 0xAA, 0x92, 0x30, 0xFF, 0x2C, 0x1A, 0xAA, 0x54, 0x2F, 0x12, 0xAA, 0x45, 0x8D ; file 3E6C79
db 0xB8, 0x60, 0x87, 0x6F, 0x2F, 0x70, 0x8D, 0x90, 0x7B, 0xD0, 0x91, 0x2C, 0xB2, 0x80, 0x3D, 0x06 ; file 3E6C89
db 0xF0, 0x0C, 0x40, 0x39, 0x2F, 0x0D, 0x60, 0x81, 0x0D, 0x62, 0x60, 0x0D, 0x60, 0x11, 0x3E, 0x90 ; file 3E6C99
db 0x7C, 0xA0, 0x48, 0x2C, 0x2F, 0x50, 0x62, 0x41, 0x2F, 0xD0, 0x18, 0x40, 0x02, 0x40, 0x76, 0x12 ; file 3E6CA9
db 0x0D, 0x70, 0x49, 0x60, 0x71, 0x83, 0xF8, 0xD1, 0x0C, 0xC1, 0x70, 0x01, 0x71, 0x60, 0xDC, 0x9E ; file 3E6CB9
db 0xDC, 0x9E, 0xE1, 0x60, 0x10, 0x00, 0x10, 0x0E, 0xA1, 0x0E, 0xD0, 0x5E, 0x74, 0x03, 0xDC, 0x07 ; file 3E6CC9
db 0x0A, 0xDC, 0xDC, 0x22, 0x72, 0x50, 0x72, 0xC1, 0x01, 0xB0, 0x71, 0x80, 0x0E, 0x9F, 0x60, 0x03 ; file 3E6CD9
db 0x32, 0x59, 0x03, 0xC0, 0x1A, 0xB1, 0x0E, 0x32, 0xFE, 0xF0, 0x1B, 0xA8, 0x59, 0xA8, 0x32, 0x1B ; file 3E6CE9
db 0x32, 0x74, 0xFB, 0xC8, 0x59, 0xA0, 0x0D, 0x59, 0xFF, 0x59, 0x09, 0x7A, 0xCA, 0x10, 0x8F, 0x3A ; file 3E6CF9
db 0x50, 0x8F, 0x9F, 0x9A, 0x58, 0x40, 0x1B, 0xBF, 0xAA, 0xFF, 0x1A, 0xCC, 0xFF, 0x1A, 0x85, 0x1A ; file 3E6D09
db 0xFF, 0xC1, 0xBD, 0x1A, 0x00, 0x28, 0xC0, 0x1A, 0x60, 0x53, 0xE0, 0x0B, 0xB8, 0xFF, 0x06, 0x2F ; file 3E6D19
db 0x77, 0x92, 0xB8, 0xB3, 0x2F, 0x1A, 0x47, 0xD9, 0xAE, 0x06, 0x80, 0x0B, 0x00, 0x50, 0x90, 0x5E ; file 3E6D29
db 0x2F, 0x44, 0x30, 0x21, 0x60, 0xA1, 0x18, 0x41, 0x8E, 0x91, 0x24, 0xD1, 0x18, 0x60, 0x01, 0x54 ; file 3E6D39
db 0xD0, 0x30, 0x82, 0x70, 0x74, 0xDC, 0x40, 0x31, 0x50, 0x6F, 0xD0, 0x7C, 0x50, 0x32, 0x61, 0x0B ; file 3E6D49
db 0x0A, 0x8E, 0xD0, 0x65, 0x03, 0xDC, 0x01, 0x31, 0x49, 0x50, 0x7C, 0x80, 0x70, 0x32, 0xE5, 0x9E ; file 3E6D59
db 0x80, 0x7C, 0x9E, 0xC0, 0x27, 0xC0, 0x89, 0xA8, 0xD0, 0x32, 0x9D, 0xA8, 0xF0, 0x49, 0x03, 0x03 ; file 3E6D69
db 0x63, 0x10, 0x7E, 0x31, 0x0C, 0x1B, 0xE3, 0x59, 0x74, 0x30, 0x3F, 0xE0, 0x77, 0xC0, 0x3F, 0x1B ; file 3E6D79
db 0x6C, 0x60, 0xFF, 0x37, 0x2A, 0x3C, 0xFF, 0x7E, 0x5B, 0x0E, 0xFF, 0xBF, 0x93, 0xCA, 0xFF, 0xFF ; file 3E6D89
db 0xCA, 0xD1, 0xCA, 0xA0, 0x6A, 0xFA, 0xC1, 0xA5, 0x9A, 0x2A, 0x5F, 0x1A, 0xC9, 0x54, 0x0A, 0xC0 ; file 3E6D99
db 0xFF, 0xA6, 0x1A, 0x54, 0xFF, 0x0B, 0x1A, 0x92, 0xFF, 0xFF, 0x9A, 0x13, 0xC9, 0x60, 0x53, 0x06 ; file 3E6DA9
db 0xB3, 0x2F, 0xFF, 0xDC, 0xAE, 0x53, 0x06, 0x9B, 0x60, 0x0A, 0x53, 0x07, 0x1A, 0x35, 0x21, 0xA0 ; file 3E6DB9
db 0x23, 0x50, 0x8D, 0xD1, 0x5E, 0xB1, 0x86, 0x11, 0x15, 0xFF, 0x2F, 0x53, 0x06, 0xF8, 0xCE, 0xAE ; file 3E6DC9
db 0xDC, 0x12, 0xFF, 0x0A, 0x60, 0x02, 0x60, 0x63, 0x46, 0x1B, 0x74, 0xFF, 0x60, 0x59, 0x1B, 0xC8 ; file 3E6DD9
db 0xCA, 0xA8, 0x28, 0x3B, 0xFF, 0x87, 0x28, 0xA5, 0x5B, 0x9F, 0x6E, 0x5B, 0x3B, 0x07, 0xFF, 0x60 ; file 3E6DE9
db 0x9D, 0x20, 0xAC, 0x90, 0x07, 0x9F, 0x8D, 0xA0, 0xB3, 0xE0, 0xAD, 0xFB, 0x3A, 0xC0, 0x4A, 0x67 ; file 3E6DF9
db 0x35, 0x35, 0x92, 0x69, 0xC0, 0x7F, 0x35, 0x92, 0x92, 0xFF, 0xFF, 0xD5, 0x8F, 0xB0, 0xAF, 0xF7 ; file 3E6E09
db 0x3B, 0x60, 0x60, 0xB0, 0x1A, 0x35, 0xBD, 0x60, 0xDC, 0xFF, 0x92, 0x92, 0x8F, 0x8F, 0xC0, 0x12 ; file 3E6E19
db 0x35, 0x35, 0xF9, 0x60, 0x11, 0x11, 0x60, 0x1D, 0x9E, 0x29, 0x21, 0x03, 0x03, 0xAF, 0x35, 0x8F ; file 3E6E29
db 0x12, 0x8F, 0x12, 0x01, 0x9E, 0x10, 0x00, 0x03, 0x7F, 0x74, 0x74, 0xD0, 0x12, 0x61, 0x61, 0x29 ; file 3E6E39
db 0x20, 0x02, 0xF1, 0xDC, 0x10, 0x01, 0x80, 0x8E, 0x70, 0x8E, 0xB7, 0xB7, 0xD5, 0x38, 0xF9, 0x60 ; file 3E6E49
db 0x70, 0x8F, 0x21, 0x8F, 0x4A, 0x4A, 0x29, 0xA3, 0x26, 0xEF, 0xBF, 0x6E, 0xA5, 0x3B, 0x40, 0x89 ; file 3E6E59
db 0x7C, 0x5F, 0x7C, 0xFF, 0x3B, 0xCA, 0x0C, 0x0C, 0xB2, 0x83, 0xD1, 0x25, 0x3D, 0x97, 0xB0, 0x6E ; file 3E6E69
db 0x5F, 0x83, 0xD1, 0xFF, 0x91, 0x0A, 0x5F, 0x0A, 0xFF, 0x6B, 0x6B, 0x64, 0x60, 0xFF, 0xA5, 0x9A ; file 3E6E79
db 0x12, 0xFE, 0xAA, 0x71, 0xD5, 0xC0, 0x35, 0x8F, 0xFF, 0x9F, 0x9D, 0xFC, 0xA0, 0x03, 0x15, 0x01 ; file 3E6E89
db 0x12, 0x65, 0xD5, 0xBF, 0xD5, 0x1E, 0xFD, 0xA5, 0xB5, 0x0E, 0x60, 0x8F, 0x62, 0x0C, 0xA5, 0x25 ; file 3E6E99
db 0xF7, 0xC2, 0xD1, 0x48, 0xD6, 0x74, 0xA5, 0x25, 0xB5, 0x9F, 0x02, 0x79, 0x10, 0x60, 0x49, 0x11 ; file 3E6EA9
db 0x12, 0x9F, 0x1F, 0x00, 0x1F, 0x00, 0x96, 0x00, 0x00, 0x00, 0xFF, 0x25, 0x77, 0xCD, 0x08, 0x00 ; file 3E6EB9
db 0x00, 0x1F, 0x05, 0xD7, 0x00, 0x00, 0x61, 0x27, 0x00, 0x6B, 0x28, 0x00, 0x66, 0x6D, 0xED, 0xFF ; file 3E6EC9
db 0x0A, 0x02, 0x64, 0x6F, 0x0B, 0x02, 0x63, 0x70, 0xFF, 0xF7, 0x63, 0x60, 0xFF, 0x21, 0x00, 0xAE ; file 3E6ED9
db 0x6F, 0x2C, 0x77, 0x7F, 0x76, 0x76, 0x0D, 0x2E, 0x76, 0x76, 0x2F, 0x22, 0x02, 0xFB, 0x53, 0xCE ; file 3E6EE9
db 0x80, 0x02, 0xC8, 0x7A, 0xFF, 0xB8, 0x37, 0xED, 0x09, 0x6B, 0x08, 0x70, 0xFF, 0x23, 0x06, 0xFF ; file 3E6EF9
db 0xFF, 0x54, 0xFF, 0xFF, 0xFF, 0x06, 0x6F, 0xFF, 0xB4, 0x2F, 0x2C, 0xFF, 0x60, 0xFF, 0x9B, 0x71 ; file 3E6F09
db 0xB3, 0x0D, 0x6F, 0x6F, 0xBF, 0x2C, 0x2E, 0x2E, 0x2E, 0x6F, 0x76, 0xC0, 0x08, 0x60, 0xFE, 0x80 ; file 3E6F19
db 0x01, 0x53, 0x2C, 0x2F, 0x53, 0x0A, 0x53, 0x06, 0xFF, 0x0A, 0x0A, 0xB3, 0xDC, 0x03, 0x32, 0x60 ; file 3E6F29
db 0x03, 0xFF, 0x59, 0x37, 0xFF, 0x03, 0x1B, 0x7A, 0xFF, 0xD0, 0xBF, 0x28, 0xFF, 0xFF, 0x59, 0x68 ; file 3E6F39
db 0xFF, 0xCB, 0x12, 0x6E, 0xF4, 0x66, 0x0A, 0xE5, 0x00, 0x30, 0xA1, 0x12, 0x8E, 0xFF, 0x79, 0xAE ; file 3E6F49
db 0xBF, 0x09, 0x3E, 0x2E, 0x53, 0x09, 0x2E, 0x80, 0x00, 0x60, 0xFF, 0xFF, 0xAE, 0x2F, 0x2C, 0xFF ; file 3E6F59
db 0x06, 0xB3, 0x2C, 0xFF, 0xB4, 0x53, 0x06, 0x2C, 0x09, 0x0A, 0x53, 0x77, 0xFD, 0x60, 0x20, 0x0D ; file 3E6F69
db 0x2C, 0x76, 0x76, 0x2E, 0xB3, 0x2E, 0xFF, 0x76, 0x2C, 0x06, 0x6F, 0x6F, 0x2F, 0x53, 0x60, 0xFF ; file 3E6F79
db 0x06, 0xB8, 0x32, 0x37, 0xAE, 0x60, 0xC8, 0x37, 0xFF, 0x0A, 0x03, 0x32, 0x59, 0xDC, 0x03, 0xA8 ; file 3E6F89
db 0x59, 0xDF, 0x60, 0x09, 0x4E, 0xFF, 0xFF, 0xE0, 0x17, 0xFF, 0x37, 0xF5, 0x37, 0xA0, 0x0E, 0x59 ; file 3E6F99
db 0xB2, 0x0E, 0x2E, 0xFF, 0xFF, 0x2C, 0xFF, 0x2E, 0xFF, 0x30, 0x2E, 0x2E, 0xFF, 0x6F, 0x2E, 0xE3 ; file 3E6FA9
db 0x2E, 0x60, 0x00, 0x18, 0xA0, 0x0D, 0x81, 0x00, 0x6F, 0x74, 0x2E, 0xFF, 0x6F, 0x6F, 0xAE, 0x60 ; file 3E6FB9
db 0x09, 0xDC, 0xAE, 0x2F, 0x7F, 0x09, 0x60, 0x0A, 0x2F, 0x09, 0x59, 0xDC, 0x81, 0x00, 0xFF, 0xB3 ; file 3E6FC9
db 0x60, 0x2C, 0x2F, 0xB3, 0xAE, 0x2F, 0xB3, 0xBF, 0x53, 0xAE, 0x2F, 0x53, 0xAE, 0xDC, 0x81, 0x00 ; file 3E6FD9
db 0x60, 0xB7, 0x60, 0x63, 0x1B, 0xA1, 0x0D, 0x1B, 0x60, 0x81, 0x00, 0x74, 0x44, 0x00, 0x01, 0x21 ; file 3E6FE9
db 0x0D, 0x1B, 0x85, 0x00, 0x20, 0x0F, 0x09, 0x32, 0x6A, 0x47, 0x1D, 0x35, 0x3E, 0xC0, 0x2E, 0x7D ; file 3E6FF9
db 0x81, 0x00, 0x60, 0x2F, 0xC1, 0x26, 0x24, 0x00, 0xB7, 0x0D, 0x6F, 0x0D, 0xA1, 0x27, 0x0D, 0x2F ; file 3E7009
db 0x00, 0x01, 0x2C, 0xFE, 0x60, 0x00, 0x77, 0x0D, 0x2C, 0x2C, 0x2F, 0x60, 0x09, 0xFF, 0x59, 0x60 ; file 3E7019
db 0xB3, 0x09, 0x09, 0x03, 0x53, 0x1B, 0xFF, 0x09, 0x32, 0xB3, 0x60, 0x09, 0x74, 0x06, 0x60, 0xFF ; file 3E7029
db 0xB3, 0xAE, 0x0A, 0xDC, 0xB3, 0x0A, 0xDC, 0xDC, 0xF7, 0xAE, 0x0A, 0x0A, 0x82, 0x00, 0x17, 0x74 ; file 3E7039
db 0xA8, 0x60, 0x09, 0x1B, 0xA0, 0x1D, 0x81, 0x00, 0xA8, 0x81, 0x00, 0x60, 0x3A, 0x10, 0x0F, 0x02 ; file 3E7049
db 0x0E, 0x5A, 0xC0, 0x3D, 0x29, 0x01, 0x3E, 0x60, 0x0D, 0x20, 0x00, 0x2C, 0x22, 0x00, 0xA5, 0x2F ; file 3E7059
db 0x22, 0x00, 0x60, 0x21, 0x01, 0x80, 0x01, 0xB3, 0x60, 0x00, 0x06, 0xBA, 0x60, 0x00, 0x53, 0xA0 ; file 3E7069
db 0x0E, 0x1B, 0x53, 0x06, 0x80, 0x00, 0x53, 0x95, 0x74, 0x80, 0x00, 0x60, 0x80, 0x2B, 0x0A, 0x00 ; file 3E7079
db 0x0E, 0x80, 0x00, 0x9E, 0xFC, 0xE0, 0x0E, 0x80, 0x00, 0x9E, 0x74, 0x60, 0x9E, 0xD0, 0xA8, 0xF7 ; file 3E7089
db 0xA8, 0xD0, 0x32, 0x80, 0x00, 0xA8, 0xA8, 0xBA, 0xD0, 0x8F, 0xD0, 0x59, 0xFF, 0x60, 0x40, 0x2D ; file 3E7099
db 0x6A, 0x39, 0xCF, 0x1F, 0xAE, 0xBE, 0x60, 0x2E, 0x2E, 0x76, 0xFF, 0x30, 0x76, 0x80, 0x00, 0x2E ; file 3E70A9
db 0xFB, 0x76, 0x60, 0x80, 0x0F, 0xB3, 0x77, 0x53, 0x06, 0x06, 0xEF, 0x76, 0x06, 0xAE, 0x53, 0x60 ; file 3E70B9
db 0x4F, 0x0A, 0x01, 0x53, 0xDF, 0x0A, 0x60, 0xAE, 0x0A, 0x59, 0x20, 0x1C, 0x74, 0xAE, 0xFF, 0x0A ; file 3E70C9
db 0x9E, 0x03, 0x03, 0xDC, 0x03, 0x74, 0x74, 0x7F, 0x60, 0xDC, 0xDC, 0x74, 0xD0, 0x9E, 0xD0, 0x26 ; file 3E70D9
db 0x00, 0xBF, 0x1B, 0x60, 0xD0, 0xD0, 0xCF, 0xFF, 0xE0, 0x0D, 0xFF, 0xED, 0x1B, 0xF0, 0x0C, 0x69 ; file 3E70E9
db 0x6F, 0x40, 0x54, 0x06, 0x6F, 0x76, 0xFF, 0xFF, 0xAE, 0x0D, 0x76, 0xFF, 0x0D, 0x6F, 0x2C, 0xFF ; file 3E70F9
db 0xFF, 0xB3, 0x6F, 0x0D, 0x60, 0x76, 0x0D, 0x2F, 0x7F, 0xDC, 0x76, 0x0D, 0xB3, 0x53, 0x6F, 0x77 ; file 3E7109
db 0x00, 0x38, 0xFF, 0x2F, 0x06, 0xAE, 0x60, 0x60, 0x9E, 0xDC, 0x60, 0x3E, 0xA0, 0x44, 0xD0, 0xB8 ; file 3E7119
db 0x60, 0x74, 0x1B, 0x80, 0x0C, 0x00, 0x38, 0xFD, 0x74, 0x62, 0x0B, 0x7A, 0x59, 0x37, 0x59, 0x2A ; file 3E7129
db 0x1B, 0x7F, 0x59, 0xCE, 0xFF, 0x60, 0xD0, 0x1B, 0xCF, 0x76, 0x19, 0xFD, 0x69, 0x6F, 0x56, 0x51 ; file 3E7139
db 0x60, 0xFF, 0x2F, 0x2C, 0x2C, 0x77, 0x21, 0x6F, 0x2F, 0xE0, 0x0D, 0x2F, 0x53, 0x6F, 0xC0, 0x5F ; file 3E7149
db 0xCD, 0x60, 0x60, 0x1A, 0xAE, 0x06, 0x80, 0x44, 0x01, 0x45, 0xDC, 0xDC, 0xAF, 0x9E, 0x9E, 0x60 ; file 3E7159
db 0xDC, 0x40, 0x44, 0x9E, 0x20, 0x19, 0x74, 0xEF, 0xA8, 0x59, 0xBB, 0x4A, 0x20, 0x6C, 0x60, 0x1B ; file 3E7169
db 0xC8, 0xD3, 0xFF, 0xFF, 0xC0, 0x61, 0xF2, 0x25, 0x68, 0x01, 0x19, 0xFF, 0x30, 0xE5, 0x6F, 0x40 ; file 3E7179
db 0x54, 0x0D, 0x20, 0x6D, 0x60, 0x0B, 0x0D, 0x2F, 0x60, 0xBD, 0x0D, 0x80, 0x17, 0x2C, 0xB3, 0x53 ; file 3E7189
db 0x0A, 0x60, 0x18, 0xDC, 0xF6, 0xE0, 0x00, 0x03, 0x60, 0x40, 0x23, 0xD0, 0x03, 0xD0, 0xD0, 0x7F ; file 3E7199
db 0x57, 0x74, 0xD0, 0xC8, 0xFF, 0xD0, 0xD0, 0x2B, 0x6B, 0xF9, 0x67, 0x42, 0x08, 0xE2, 0x7B, 0x2C ; file 3E71A9
db 0xFF, 0xFF, 0xB8, 0x6F, 0x3F, 0xFF, 0x71, 0x6F, 0x6F, 0x60, 0x2C, 0x60, 0x13, 0x20, 0x4C, 0xCF ; file 3E71B9
db 0x06, 0x0D, 0x77, 0x2F, 0x60, 0x74, 0x40, 0x21, 0x53, 0xAE, 0xDD, 0x9E, 0x60, 0x2D, 0x03, 0xD0 ; file 3E71C9
db 0x0A, 0x40, 0x2C, 0xDC, 0x03, 0x7F, 0xD0, 0x28, 0x60, 0xD0, 0xB7, 0xFF, 0xFF, 0x40, 0x09, 0xDB ; file 3E71D9
db 0xFF, 0x7C, 0x90, 0x38, 0x63, 0x72, 0x8A, 0x75, 0x53, 0xFF, 0xFF, 0xFF, 0x42, 0x2E, 0x60, 0xFF ; file 3E71E9
db 0x2C, 0x6F, 0x0D, 0xBC, 0x62, 0x00, 0x63, 0x0B, 0xB3, 0x60, 0x2F, 0x06, 0x40, 0x14, 0x53, 0x74 ; file 3E71F9
db 0x80, 0x54, 0x40, 0x14, 0x53, 0x03, 0x45, 0xD0, 0x68, 0x74, 0x80, 0x7F, 0xE0, 0x20, 0x15, 0x62 ; file 3E7209
db 0x80, 0xA9, 0x94, 0x27, 0x8A, 0x22, 0x91, 0x21, 0xB8, 0x30, 0xE4, 0xC2, 0x7F, 0x46, 0x82, 0xB3 ; file 3E7219
db 0xC1, 0x35, 0x08, 0x84, 0xDD, 0x3E, 0x29, 0xFF, 0xCC, 0x6F, 0x60, 0xFF, 0x21, 0x2E, 0x6F, 0x3E ; file 3E7229
db 0x6C, 0x80, 0x74, 0x40, 0x8E, 0x2C, 0x2E, 0xE0, 0x0F, 0x60, 0x0D, 0xA0, 0x19, 0xA6, 0xC0, 0x73 ; file 3E7239
db 0x53, 0x2F, 0x60, 0x73, 0x01, 0x10, 0x60, 0xC0, 0x23, 0xD0, 0x6B, 0x0A, 0xDC, 0x82, 0x1A, 0xD0 ; file 3E7249
db 0xE0, 0x00, 0xD0, 0x60, 0x80, 0x0F, 0xD1, 0xFF, 0xE0, 0x8F, 0x26, 0x2E, 0x48, 0xA5, 0x6A, 0x47 ; file 3E7259
db 0x25, 0x7D, 0xFF, 0xFE, 0x20, 0x2D, 0x7D, 0x6F, 0x0D, 0x77, 0x60, 0xFF, 0x71, 0xB9, 0xB3, 0x00 ; file 3E7269
db 0x70, 0xE0, 0x53, 0x2F, 0xB3, 0x2C, 0xE0, 0x9B, 0x0D, 0x55, 0x60, 0x20, 0x01, 0xB3, 0xC0, 0x63 ; file 3E7279
db 0x77, 0x60, 0x27, 0x2F, 0x81, 0x01, 0xF7, 0x1D, 0xB3, 0x06, 0x80, 0x3B, 0x0D, 0x2E, 0x06, 0x0D ; file 3E7289
db 0xA0, 0x40, 0x10, 0x81, 0x11, 0x20, 0x78, 0x61, 0x9F, 0x01, 0x2C, 0x2F, 0x05, 0x12, 0x60, 0xAA ; file 3E7299
db 0xC0, 0x35, 0xDC, 0x00, 0x22, 0xDC, 0x40, 0x86, 0x03, 0xE1, 0x5A, 0x60, 0x22, 0x20, 0x4D, 0xCE ; file 3E72A9
db 0xA0, 0x59, 0xE0, 0x35, 0x21, 0x22, 0x68, 0x49, 0xB4, 0x0C, 0x4B, 0xF5, 0xC0, 0x60, 0xB3, 0xC9 ; file 3E72B9
db 0x00, 0xB4, 0xC0, 0x77, 0xFF, 0x65, 0x7F, 0x0D, 0x2E, 0x35, 0x56, 0x2E, 0x6F, 0x14, 0xE0, 0x1D ; file 3E72C9
db 0x55, 0x60, 0xA0, 0x4B, 0x2F, 0x40, 0x0C, 0x2E, 0x60, 0x4D, 0x2E, 0x60, 0x00, 0xAB, 0x6F, 0x60 ; file 3E72D9
db 0xE0, 0x86, 0x77, 0x40, 0x16, 0xB3, 0x80, 0x20, 0x53, 0xDF, 0x0D, 0xB3, 0x06, 0x77, 0x60, 0x20 ; file 3E72E9
db 0x15, 0x77, 0x06, 0x78, 0x60, 0x02, 0x00, 0x8A, 0xC1, 0x23, 0x77, 0x60, 0x0D, 0x77, 0x00, 0x3F ; file 3E72F9
db 0x81, 0x77, 0xE0, 0xA4, 0x81, 0x00, 0x81, 0x19, 0x80, 0x8D, 0x00, 0x36, 0xE1, 0x06, 0x2C, 0x9A ; file 3E7309
db 0x61, 0x15, 0x2F, 0xA0, 0x1B, 0x06, 0x53, 0x41, 0x9B, 0x20, 0x7F, 0x0A, 0x0E, 0xE0, 0x37, 0x0A ; file 3E7319
db 0x60, 0x0A, 0xA0, 0x41, 0xC0, 0x70, 0x03, 0x28, 0xA0, 0x63, 0xDB, 0x60, 0xD0, 0xE0, 0x8A, 0xD0 ; file 3E7329
db 0x61, 0x80, 0x43, 0xA8, 0x64, 0xDF, 0xFF, 0xA8, 0xA8, 0x1B, 0x64, 0x0E, 0x17, 0x12, 0x92, 0xFF ; file 3E7339
db 0xFF, 0xC1, 0xAA, 0x06, 0xFF, 0x92, 0x35, 0x2E, 0xFF, 0x92, 0x1A, 0x56, 0x76, 0x60, 0x2E, 0x76 ; file 3E7349
db 0x6F, 0x3F, 0x2F, 0x76, 0x2E, 0x77, 0xB3, 0x76, 0x20, 0x15, 0x80, 0x6F, 0x1E, 0xC0, 0x12, 0x76 ; file 3E7359
db 0x76, 0x6F, 0x0D, 0x40, 0x02, 0x20, 0x03, 0x80, 0xCD, 0xFF, 0x6F, 0x77, 0x60, 0x77, 0xB3, 0xB3 ; file 3E7369
db 0x2E, 0xB3, 0xFF, 0x06, 0x0D, 0x76, 0xB3, 0x53, 0x2E, 0x76, 0xB3, 0x19, 0x06, 0xC0, 0x81, 0x20 ; file 3E7379
db 0x03, 0x2F, 0x2E, 0x40, 0x48, 0x80, 0x00, 0x40, 0x5E, 0x02, 0xE0, 0x2B, 0x2F, 0x84, 0x14, 0xE0 ; file 3E7389
db 0xA1, 0xC0, 0x6B, 0xA1, 0x94, 0x23, 0x94, 0x60, 0x15, 0x83, 0x06, 0x53, 0x80, 0x94, 0xE1, 0x57 ; file 3E7399
db 0x60, 0x2B, 0x00, 0x92, 0xC0, 0x85, 0x74, 0xEA, 0x61, 0x16, 0x60, 0xC0, 0x61, 0xD0, 0x82, 0x79 ; file 3E73A9
db 0xD0, 0xD0, 0x32, 0xFE, 0x80, 0x86, 0x37, 0x60, 0x32, 0xA8, 0x32, 0xBE, 0x32, 0xFF, 0xA8, 0x59 ; file 3E73B9
db 0xA8, 0x32, 0x1B, 0x59, 0x59, 0x59, 0xE7, 0x1B, 0x1B, 0x37, 0x22, 0xDE, 0xE0, 0xC2, 0xFF, 0x59 ; file 3E73C9
db 0x39, 0x5A, 0x60, 0xB5, 0xBA, 0xAA, 0xD1, 0x69, 0x6D, 0xE6, 0xDB, 0xC9, 0x00, 0xE3, 0xFD, 0x35 ; file 3E73D9
db 0x81, 0x00, 0x60, 0xAA, 0x35, 0x77, 0x76, 0xAA, 0x5F, 0xCD, 0x2E, 0x76, 0x1A, 0xD9, 0x80, 0x00 ; file 3E73E9
db 0x8B, 0xE1, 0x14, 0x9F, 0x0D, 0xB3, 0x0D, 0x76, 0x77, 0x80, 0x8C, 0x80, 0x00, 0x2E, 0xE0, 0x00 ; file 3E73F9
db 0x01, 0x80, 0xD1, 0x60, 0x1D, 0x80, 0x8C, 0x04, 0x01, 0x77, 0x60, 0x06, 0xF4, 0xE0, 0xD2, 0x81 ; file 3E7409
db 0x00, 0xB3, 0x20, 0x91, 0xB3, 0x53, 0x0D, 0x76, 0xC8, 0x81, 0x36, 0x42, 0x1A, 0xC1, 0x1B, 0x76 ; file 3E7419
db 0xC0, 0xC8, 0x22, 0x9F, 0x06, 0xB3, 0xD8, 0xE0, 0xAC, 0x20, 0x00, 0xA0, 0x84, 0x0A, 0x60, 0x40 ; file 3E7429
db 0x01, 0x0A, 0x53, 0xF8, 0xC0, 0x19, 0x80, 0x2F, 0xA0, 0xAC, 0xDC, 0x03, 0x01, 0x60, 0xD0, 0xAF ; file 3E7439
db 0x17, 0x32, 0x59, 0x16, 0x00, 0x16, 0x1B, 0x20, 0x15, 0x37, 0x3B, 0x59, 0xCF, 0x80, 0x00, 0x09 ; file 3E7449
db 0xFF, 0x09, 0x20, 0xE9, 0x0F, 0x16, 0xBD, 0xAA, 0x87, 0x00, 0x0B, 0xAA, 0x60, 0xAA, 0x80, 0x14 ; file 3E7459
db 0x92, 0xFD, 0x51, 0x80, 0x00, 0x2C, 0x6F, 0x2E, 0x12, 0x2C, 0x6F, 0xFA, 0x40, 0x31, 0x77, 0xA0 ; file 3E7469
db 0x2C, 0x2C, 0xB3, 0x2C, 0x76, 0x6F, 0x4B, 0xB3, 0x2F, 0xA0, 0x32, 0x53, 0x01, 0x16, 0xC1, 0x30 ; file 3E7479
db 0x2C, 0xE0, 0xFD, 0x9B, 0x2C, 0x0D, 0x21, 0xF6, 0xB3, 0x53, 0x41, 0x31, 0x80, 0xF6, 0xB3, 0x67 ; file 3E7489
db 0x53, 0x06, 0x77, 0x41, 0x6E, 0x41, 0x31, 0x76, 0x2E, 0xA0, 0x2E, 0xBB, 0x2E, 0x0D, 0x40, 0x49 ; file 3E7499
db 0x2C, 0x2C, 0x60, 0xE1, 0x70, 0xB3, 0xE3, 0x06, 0x06, 0xC0, 0xDF, 0x01, 0x45, 0x40, 0x5F, 0x60 ; file 3E74A9
db 0x03, 0x03, 0x8B, 0xD0, 0xDC, 0x20, 0x86, 0xAE, 0x21, 0x30, 0xA0, 0x00, 0xA0, 0xB2, 0x74, 0xFB ; file 3E74B9
db 0x03, 0x03, 0xE0, 0x02, 0xDC, 0xDC, 0x60, 0x03, 0x0A, 0xFE, 0x80, 0x00, 0x60, 0x74, 0x32, 0x1B ; file 3E74C9
db 0x37, 0x74, 0x32, 0xF7, 0x59, 0x09, 0x74, 0x20, 0x2F, 0x32, 0x59, 0x37, 0xA8, 0xFF, 0x35, 0x59 ; file 3E74D9
db 0xA8, 0x60, 0x09, 0x1B, 0x37, 0x98, 0x3E, 0x81, 0x00, 0x37, 0x1B, 0x37, 0xCF, 0x59, 0x80, 0x00 ; file 3E74E9
db 0xA9, 0x70, 0xD5, 0x76, 0xC1, 0xE3, 0x35, 0x85, 0x19, 0x1A, 0xE0, 0x71, 0x12, 0x60, 0xFF, 0x1A ; file 3E74F9
db 0x7D, 0x6F, 0x2E, 0xC9, 0xBC, 0x0D, 0x6F, 0x7F, 0xAA, 0x82, 0x2C, 0x6F, 0xAA, 0x12, 0x2F, 0x40 ; file 3E7509
db 0xB9, 0x07, 0x6F, 0x77, 0x53, 0x40, 0xFF, 0xE0, 0xFE, 0xC0, 0xE4, 0x40, 0x14, 0x60, 0x44, 0xF7 ; file 3E7519
db 0x76, 0x76, 0x53, 0x40, 0x19, 0x53, 0x06, 0x2C, 0x6F, 0xAF, 0xB3, 0xAE, 0xB3, 0x0D, 0x80, 0xF4 ; file 3E7529
db 0x06, 0x01, 0xBD, 0x06, 0xDA, 0xC0, 0x17, 0xB3, 0x61, 0x92, 0x60, 0xAE, 0xA1, 0x82, 0x0A, 0x0A ; file 3E7539
db 0xE5, 0x53, 0xE0, 0x45, 0xDC, 0x82, 0x46, 0x64, 0x2F, 0x06, 0xDC, 0xAE, 0x80, 0xA1, 0x17, 0xE0 ; file 3E7549
db 0xB2, 0x01, 0x18, 0x21, 0x49, 0xC2, 0x01, 0x20, 0x00, 0x40, 0xB5, 0x03, 0xDF, 0x74, 0x60, 0x03 ; file 3E7559
db 0x32, 0x1B, 0xC1, 0xC2, 0x9E, 0xD0, 0xFE, 0xC0, 0x1A, 0x1B, 0x59, 0xA8, 0x74, 0x1B, 0xD0, 0x03 ; file 3E7569
db 0xE8, 0xC1, 0x02, 0x81, 0x1C, 0xC0, 0x78, 0xC8, 0x20, 0x1B, 0xC8, 0x59, 0x37, 0x6F, 0x32, 0x1B ; file 3E7579
db 0x09, 0x59, 0xE0, 0x00, 0xA8, 0x60, 0xC1, 0x19, 0xFF, 0x1B, 0x59, 0x09, 0x73, 0xA8, 0x59, 0x37 ; file 3E7589
db 0x36, 0xCF, 0x1B, 0x59, 0x37, 0x20, 0xE9, 0x8B, 0xC0, 0x4A, 0xAA, 0x92, 0xFF, 0x71, 0x2C, 0x1A ; file 3E7599
db 0x85, 0x54, 0x2F, 0x35, 0xAA, 0xFF, 0x35, 0x7D, 0x05, 0xAA, 0x1A, 0xD9, 0x60, 0x0D, 0x2A, 0x40 ; file 3E75A9
db 0x18, 0x2C, 0xA0, 0x00, 0x2F, 0xA0, 0x00, 0x06, 0xA0, 0x00, 0xC1, 0xA6, 0x66, 0x20, 0x8D, 0x06 ; file 3E75B9
db 0xAE, 0x80, 0xD4, 0x01, 0xC8, 0xB3, 0x60, 0xE0, 0x2E, 0xBF, 0x77, 0x06, 0x2F, 0x77, 0x77, 0x0A ; file 3E75C9
db 0x04, 0x18, 0x2F, 0xFF, 0x06, 0x2F, 0x35, 0xAE, 0x06, 0x10, 0xDC, 0xAE, 0x37, 0x02, 0xDC, 0x60 ; file 3E75D9
db 0x20, 0x00, 0x03, 0x4A, 0xA0, 0xD6, 0x40, 0x14, 0xFF, 0x1B, 0x1B, 0x32, 0x1B, 0x1B, 0xA8, 0x0C ; file 3E75E9
db 0x32, 0xFD, 0x1B, 0x20, 0x45, 0x59, 0xFF, 0x59, 0x09, 0x66, 0xFF, 0x7F, 0x37, 0x37, 0x02, 0xFF ; file 3E75F9
db 0x37, 0x7E, 0x4B, 0xCA, 0xEF, 0x7E, 0xA1, 0x2B, 0x92, 0xAA, 0x1A, 0xFF, 0x9A, 0x92, 0x20, 0x2B ; file 3E7609
db 0xFB, 0x6C, 0x92, 0x80, 0x9D, 0xC1, 0x60, 0x79, 0xB3, 0x2F, 0xFF, 0x77, 0x92, 0xB8, 0x06, 0x2F ; file 3E7619
db 0x1A, 0x35, 0x60, 0x7F, 0x53, 0x1A, 0x1A, 0xD5, 0x60, 0x60, 0x2C, 0x61, 0x81, 0x7C, 0xC0, 0x0E ; file 3E7629
db 0xC0, 0x9C, 0x2F, 0x53, 0x06, 0xB3, 0x2F, 0x00, 0x43, 0xB3, 0xAE, 0xDC, 0xA0, 0x98, 0xC0, 0xAA ; file 3E7639
db 0xB3, 0x06, 0x61, 0xF5, 0x60, 0x14, 0x60, 0x54, 0x20, 0xBB, 0xDC, 0xC2, 0x25, 0x06, 0x02, 0x70 ; file 3E7649
db 0x81, 0x56, 0x20, 0x00, 0xFC, 0x40, 0x3F, 0xE0, 0x27, 0x60, 0x0A, 0x46, 0x9E, 0xDC, 0x44, 0x5F ; file 3E7659
db 0x60, 0x74, 0x0C, 0x63, 0x32, 0x40, 0x24, 0x1B, 0xC0, 0x23, 0xFF, 0x59, 0x1B, 0xC8, 0x59, 0x1B ; file 3E7669
db 0xCE, 0x59, 0x1B, 0xFF, 0xA8, 0x88, 0x60, 0x1B, 0x93, 0x9F, 0xFF, 0x7A, 0xFF, 0x87, 0xD1, 0xFF ; file 3E7679
db 0x5B, 0x97, 0xFF, 0xFF, 0xCA, 0xF6, 0xCC, 0xF6, 0x64, 0x60, 0x20, 0x13, 0x8F, 0xFF, 0x78, 0x1A ; file 3E7689
db 0xBA, 0x40, 0x13, 0x35, 0x60, 0x3F, 0x3A, 0x6C, 0x60, 0x00, 0x37, 0x06, 0xFD, 0x35, 0xA0, 0x0A ; file 3E7699
db 0x1A, 0x12, 0x05, 0xDC, 0x1A, 0x92, 0xCB, 0x92, 0x12, 0xA0, 0x6A, 0xB3, 0x60, 0x11, 0xE0, 0x64 ; file 3E76A9
db 0x0A, 0xAE, 0x23, 0x53, 0x21, 0xC1, 0x34, 0xC1, 0x67, 0xA0, 0x10, 0x53, 0x00, 0xED, 0x82, 0x10 ; file 3E76B9
db 0xFF, 0x01, 0xAE, 0x0A, 0xF6, 0x13, 0xDC, 0x0A, 0x46, 0xFB, 0x74, 0x9E, 0xE0, 0xF9, 0xA8, 0x1B ; file 3E76C9
db 0x32, 0xA8, 0xA8, 0xFD, 0xA8, 0x20, 0x81, 0xC8, 0xD0, 0xD0, 0xB7, 0xCA, 0x60, 0xFF, 0xA8, 0xD0 ; file 3E76D9
db 0x13, 0x4B, 0x28, 0xBF, 0x24, 0x5B, 0xFF, 0xA5, 0x4B, 0x5B, 0xD1, 0x87, 0x62, 0x48, 0xFF, 0xF3 ; file 3E76E9
db 0x60, 0xD1, 0x2C, 0xF8, 0x09, 0xFC, 0x65, 0x60, 0x0E, 0x35, 0xED, 0x92, 0x80, 0x24, 0xB5, 0x12 ; file 3E76F9
db 0xA5, 0xFC, 0x60, 0x35, 0x12, 0xFF, 0x29, 0x60, 0x92, 0xA6, 0x1A, 0x8F, 0xA5, 0x12, 0xFF, 0x35 ; file 3E7709
db 0x45, 0xFF, 0x0E, 0xC3, 0x65, 0x60, 0x9E, 0xFF, 0xDC, 0x60, 0x9E, 0xA3, 0x29, 0x03, 0x03, 0x8F ; file 3E7719
db 0x7F, 0xD5, 0x12, 0x12, 0x12, 0x8F, 0x8F, 0xD5, 0x20, 0x02, 0xFB, 0x9E, 0x9E, 0x20, 0x44, 0xD0 ; file 3E7729
db 0x65, 0x61, 0x61, 0x61, 0xFF, 0x12, 0xD5, 0xD5, 0x8F, 0x60, 0x9E, 0x9E, 0x9E, 0xFE, 0x22, 0x91 ; file 3E7739
db 0xB7, 0x42, 0xD5, 0x9A, 0x8F, 0xCD, 0x26, 0xF9, 0x6A, 0x40, 0x64, 0x00, 0x93, 0x42, 0xCC, 0x62 ; file 3E7749
db 0xD5, 0xC0, 0xFF, 0x5F, 0x3B, 0x62, 0x3B, 0xB5, 0x3B, 0x60, 0x61, 0xFF, 0xA5, 0xCA, 0x0C, 0x96 ; file 3E7759
db 0x5F, 0xC3, 0x48, 0xBF, 0xAF, 0xB5, 0xFF, 0xFF, 0x48, 0xC1, 0x0C, 0x3B, 0xB8, 0x12, 0x67, 0xDF ; file 3E7769
db 0x60, 0xFF, 0xD1, 0x9D, 0x0E, 0x89, 0x16, 0x60, 0x62, 0x77, 0x62, 0x2A, 0xBF, 0x2A, 0x02, 0xB5 ; file 3E7779
db 0xC1, 0x0E, 0x01, 0x09, 0x00, 0x47, 0x04, 0xCE, 0x1C, 0x3F, 0x00, 0x26, 0x03, 0x00, 0x00, 0xFF ; file 3E7789
db 0x25, 0x77, 0xCF, 0x08, 0x00, 0x00, 0x1F, 0x05, 0xD7, 0x00, 0x00, 0x61, 0x29, 0x00, 0x6B, 0x28 ; file 3E7799
db 0x00, 0x69, 0x6D, 0xED, 0xFF, 0x0A, 0x02, 0x67, 0x6F, 0x0B, 0x02, 0x65, 0x71, 0xFF, 0xF7, 0x63 ; file 3E77A9
db 0x60, 0xFF, 0x25, 0x00, 0x2F, 0x6F, 0x0D, 0x77, 0xF7, 0x76, 0x76, 0x2C, 0x26, 0x02, 0x06, 0x59 ; file 3E77B9
db 0xFF, 0xFF, 0xB7, 0x53, 0x32, 0x73, 0x6C, 0x06, 0x70, 0xFF, 0x47, 0x06, 0xFF, 0xBF, 0x7E, 0x6F ; file 3E77C9
db 0xFF, 0x03, 0x2C, 0x2E, 0x61, 0x08, 0x7E, 0xFF, 0x03, 0x60, 0x60, 0x2C, 0x6F, 0x6F, 0x6F, 0x2C ; file 3E77D9
db 0xFF, 0x2E, 0x76, 0x76, 0x0D, 0x60, 0x2E, 0x76, 0x2E, 0xFE, 0xC1, 0x09, 0x53, 0x77, 0x2F, 0x53 ; file 3E77E9
db 0xAE, 0x53, 0x06, 0xFF, 0x53, 0x0A, 0x60, 0x0A, 0x59, 0x09, 0xFF, 0x03, 0xFF, 0x59, 0x37, 0xFF ; file 3E77F9
db 0x63, 0x1B, 0xBA, 0xFF, 0x9E, 0x8C, 0x00, 0x0B, 0xEA, 0x14, 0x64, 0x6F, 0x89, 0x0A, 0x83, 0x11 ; file 3E7809
db 0xE3, 0x12, 0x7E, 0xFF, 0x32, 0xFF, 0x2F, 0x2E, 0x09, 0xCF, 0x2E, 0x2E, 0xFF, 0x09, 0x09, 0x60 ; file 3E7819
db 0x66, 0x2F, 0x2F, 0x6F, 0xC8, 0xEF, 0x06, 0x2F, 0x2C, 0x53, 0x80, 0x00, 0xAE, 0xAE, 0xB3, 0x77 ; file 3E7829
db 0x2C, 0x60, 0x76, 0x40, 0x0D, 0x76, 0x76, 0x2E, 0x80, 0x16, 0xFB, 0x6F, 0x2F, 0x60, 0x00, 0x53 ; file 3E7839
db 0x60, 0xB3, 0xDC, 0x03, 0xFF, 0x1B, 0x53, 0x60, 0xC8, 0x09, 0x0A, 0x03, 0x1B, 0xED, 0x37, 0x60 ; file 3E7849
db 0x01, 0x37, 0x60, 0x20, 0x18, 0xFF, 0x09, 0xCF, 0xBE, 0x80, 0x00, 0x09, 0xFF, 0xFF, 0x37, 0x37 ; file 3E7859
db 0xD2, 0x0E, 0x0A, 0xFF, 0x2E, 0xFF, 0x7E, 0x2E, 0x2E, 0xFF, 0x2E, 0x2E, 0xF3, 0x2E, 0x2F, 0x80 ; file 3E7869
db 0x00, 0x80, 0x0A, 0x74, 0x09, 0x2E, 0x2E, 0xFD, 0x53, 0x83, 0x00, 0x6F, 0x6F, 0x09, 0x60, 0xDC ; file 3E7879
db 0x0A, 0xFF, 0x06, 0x77, 0x74, 0xDC, 0x53, 0x77, 0x1B, 0x60, 0xFF, 0x53, 0x2F, 0x59, 0x03, 0xAE ; file 3E7889
db 0x2F, 0x60, 0x6F, 0xFF, 0x2C, 0xB3, 0x53, 0x2C, 0x2F, 0x06, 0xAE, 0xB3, 0xFF, 0x06, 0xAE, 0xB8 ; file 3E7899
db 0x06, 0x53, 0xAE, 0xDC, 0x60, 0xFD, 0xB8, 0xC3, 0x0D, 0x59, 0x60, 0x74, 0x1B, 0x1B, 0x03, 0xEA ; file 3E78A9
db 0x80, 0x00, 0x60, 0xE0, 0x1C, 0xFF, 0xE0, 0x1D, 0xFF, 0x1B, 0x4E, 0xD4, 0x83, 0x00, 0x8B, 0x1D ; file 3E78B9
db 0x6E, 0x02, 0x28, 0xAE, 0xC0, 0x2E, 0x6F, 0xFF, 0xFB, 0xFF, 0x7D, 0x82, 0x00, 0x02, 0x2E, 0x6F ; file 3E78C9
db 0x60, 0x6F, 0xF7, 0x6F, 0x0D, 0x09, 0x80, 0x00, 0xC8, 0x0D, 0x0D, 0x2C, 0xFF, 0xB8, 0x0D, 0x2C ; file 3E78D9
db 0x77, 0x2F, 0x60, 0x37, 0x74, 0xFF, 0xDC, 0x2F, 0x09, 0x74, 0x0A, 0x2F, 0x09, 0x32, 0xFE, 0x00 ; file 3E78E9
db 0x01, 0x1B, 0xDC, 0xB3, 0x01, 0xAE, 0x0A, 0x17, 0x1F, 0x74, 0xA8, 0x60, 0x1B, 0x20, 0x20, 0x0B ; file 3E78F9
db 0x60, 0x36, 0x85, 0x00, 0xBE, 0xB0, 0x0B, 0x7D, 0x0D, 0xFF, 0xFF, 0xBC, 0x80, 0x00, 0x0A, 0x5D ; file 3E7909
db 0x2C, 0x80, 0x3A, 0x77, 0x60, 0x0D, 0x22, 0x00, 0x2C, 0x21, 0x00, 0xFB, 0x77, 0x2F, 0x20, 0x00 ; file 3E7919
db 0x60, 0x2C, 0x2C, 0x2F, 0x2F, 0xEA, 0x60, 0x00, 0xB3, 0x60, 0x00, 0x06, 0x60, 0x00, 0x53, 0x60 ; file 3E7929
db 0x09, 0xFF, 0x59, 0xDC, 0x06, 0x03, 0x59, 0xDC, 0x53, 0xDC, 0xFF, 0x37, 0x60, 0x53, 0x53, 0x09 ; file 3E7939
db 0x60, 0x53, 0x60, 0x6F, 0x0A, 0x0A, 0x0A, 0x9E, 0x83, 0x00, 0xDC, 0x74, 0x60, 0x01, 0xBF, 0xD0 ; file 3E7949
db 0x60, 0xD0, 0xA8, 0xA8, 0xA8, 0x84, 0x00, 0xCF, 0x3F, 0xD0, 0xA8, 0x59, 0xFF, 0x60, 0xBA, 0x0C ; file 3E7959
db 0x36, 0xEA, 0x4E, 0xFD, 0x63, 0x01, 0x3A, 0x2C, 0x6F, 0x2F, 0x21, 0x2E, 0x2E, 0xDF, 0xB3, 0x53 ; file 3E7969
db 0x2E, 0x76, 0x0D, 0x80, 0x00, 0x6F, 0x60, 0xFE, 0x60, 0x0F, 0xB3, 0xB3, 0xB3, 0x06, 0x06, 0xAE ; file 3E7979
db 0x53, 0xFF, 0x53, 0x53, 0x06, 0x0A, 0xAE, 0x53, 0x60, 0x06, 0xF5, 0x06, 0x40, 0x01, 0x53, 0x00 ; file 3E7989
db 0x44, 0x53, 0xAE, 0x0A, 0xAE, 0xFE, 0x40, 0x0D, 0x60, 0xAE, 0x32, 0xDC, 0x53, 0x0A, 0x03, 0xBE ; file 3E7999
db 0x40, 0x2E, 0x9E, 0x63, 0x9E, 0xDC, 0x03, 0xC0, 0x0E, 0x0A, 0xBF, 0xDC, 0x9E, 0xD0, 0x9E, 0x74 ; file 3E79A9
db 0xD0, 0x25, 0x00, 0x1B, 0x3F, 0x60, 0xD0, 0xD0, 0xFF, 0xFF, 0xD0, 0x00, 0x3A, 0x21, 0x20, 0xE8 ; file 3E79B9
db 0xCF, 0x0E, 0x43, 0x2B, 0xE5, 0x59, 0x7D, 0x00, 0x5B, 0x3E, 0x60, 0x6F, 0xE6, 0x40, 0x51, 0x6F ; file 3E79C9
db 0x6F, 0x80, 0x00, 0xC0, 0x20, 0x6F, 0x76, 0x06, 0xFF, 0x2F, 0x60, 0x77, 0xAE, 0xDC, 0xDC, 0x2F ; file 3E79D9
db 0x06, 0x9B, 0x0A, 0x03, 0x40, 0x38, 0xDC, 0xB3, 0xE1, 0x37, 0x80, 0x1C, 0x9E, 0xFB, 0x74, 0x03 ; file 3E79E9
db 0x20, 0x00, 0x32, 0xA8, 0x1B, 0x63, 0x4A, 0xF2, 0xE0, 0x38, 0x03, 0x40, 0x0E, 0xA0, 0x0E, 0x09 ; file 3E79F9
db 0x1B, 0x37, 0x20, 0x0C, 0xE2, 0x38, 0xC0, 0x0E, 0x09, 0xFF, 0xA0, 0x48, 0x93, 0x1D, 0x63, 0x57 ; file 3E7A09
db 0xA0, 0x0D, 0xED, 0x21, 0xE0, 0x39, 0x2F, 0x6F, 0x40, 0x3A, 0x0D, 0x60, 0x2C, 0x3B, 0x0D, 0x2C ; file 3E7A19
db 0x60, 0x44, 0xB3, 0x06, 0x2C, 0x40, 0x1C, 0x80, 0x0D, 0xE3, 0xDC, 0x60, 0x40, 0x1C, 0x20, 0x49 ; file 3E7A29
db 0xC0, 0x2A, 0x60, 0x03, 0x32, 0xF9, 0xDC, 0xE0, 0x0D, 0x80, 0x0C, 0x1B, 0x1B, 0xDC, 0x74, 0xD0 ; file 3E7A39
db 0x43, 0xBA, 0x1B, 0xA0, 0x52, 0x61, 0x29, 0x42, 0x55, 0x15, 0x2A, 0x6A, 0xEB, 0x63, 0x7F, 0x77 ; file 3E7A49
db 0xFF, 0xFF, 0x51, 0x6F, 0x60, 0x21, 0xA0, 0x75, 0xF7, 0x6F, 0x0D, 0x2C, 0x80, 0x76, 0x2F, 0x06 ; file 3E7A59
db 0x0D, 0x2F, 0x28, 0xA1, 0x5F, 0xC0, 0x6C, 0xE0, 0x51, 0x74, 0x60, 0x28, 0xD0, 0x60, 0x36, 0x80 ; file 3E7A69
db 0x36, 0xFF, 0xD0, 0x68, 0xFF, 0xD0, 0x28, 0xFF, 0xFF, 0xC8, 0x9A, 0x20, 0x7C, 0x68, 0x4C, 0x45 ; file 3E7A79
db 0x67, 0x71, 0x4E, 0x6E, 0x00, 0x7F, 0x3E, 0x27, 0x6F, 0x0D, 0x79, 0x40, 0x78, 0x60, 0x51, 0x2F ; file 3E7A89
db 0x20, 0x79, 0x20, 0x45, 0x54, 0xE0, 0x5C, 0x40, 0x5D, 0x0A, 0x60, 0x0B, 0x9E, 0x61, 0x0B, 0x60 ; file 3E7A99
db 0x60, 0x16, 0xD3, 0x61, 0x03, 0x80, 0x0A, 0x62, 0x0B, 0xCE, 0xCB, 0x78, 0x65, 0x72, 0x36, 0xB2 ; file 3E7AA9
db 0x78, 0x77, 0x6F, 0x60, 0x00, 0x6F, 0x77, 0x20, 0x30, 0x80, 0x30, 0x4B, 0x2C, 0x60, 0x40, 0x16 ; file 3E7AB9
db 0x06, 0xC0, 0x67, 0x40, 0x68, 0x53, 0x62, 0x0B, 0x5D, 0x60, 0xE2, 0x15, 0xDC, 0xD0, 0xD0, 0xC0 ; file 3E7AC9
db 0x21, 0x28, 0xC0, 0x16, 0x4B, 0x68, 0x60, 0x60, 0x3C, 0xFF, 0x60, 0x0B, 0x52, 0x4B, 0x63, 0xAA ; file 3E7AD9
db 0x8F, 0xBF, 0xFF, 0xBE, 0xBE, 0x06, 0x2C, 0x77, 0x06, 0x98, 0x63, 0x90, 0x61, 0x5A, 0x20, 0x4C ; file 3E7AE9
db 0x26, 0x9A, 0xA0, 0x4D, 0x53, 0x81, 0x00, 0x46, 0x9C, 0x53, 0x7F, 0x0A, 0x59, 0x73, 0x53, 0x0A ; file 3E7AF9
db 0xAE, 0x0D, 0xE1, 0x12, 0x55, 0x2E, 0x60, 0x00, 0x6F, 0x60, 0x7E, 0x6F, 0x60, 0x00, 0x0D, 0xC0 ; file 3E7B09
db 0x6F, 0x2E, 0x42, 0x29, 0x2F, 0x0D, 0x77, 0xE1, 0x13, 0xB3, 0xC2, 0x29, 0x60, 0x1E, 0x73, 0x0A ; file 3E7B19
db 0x03, 0x40, 0x1F, 0xE0, 0x13, 0x74, 0xD0, 0x60, 0xE0, 0x13, 0x0E, 0xE0, 0x1E, 0xB4, 0xFF, 0xD0 ; file 3E7B29
db 0xA0, 0xA2, 0x61, 0x50, 0xEA, 0x12, 0x4B, 0x4F, 0xDF, 0x0E, 0xFF, 0xFF, 0x8A, 0x6F, 0xE0, 0xAA ; file 3E7B39
db 0x7A, 0xB3, 0x9F, 0xFF, 0xB3, 0x6F, 0x2C, 0x2C, 0x61, 0x0B, 0x20, 0x6F, 0x60, 0x3C, 0x80, 0x0B ; file 3E7B49
db 0x00, 0x14, 0xB3, 0x2C, 0x06, 0x0D, 0xA0, 0x51, 0xE0, 0x36, 0x5F, 0x60, 0xB3, 0x2F, 0x77, 0x77 ; file 3E7B59
db 0x20, 0x0E, 0x2F, 0x00, 0x03, 0x85, 0x06, 0x40, 0x63, 0x2F, 0x60, 0x64, 0x40, 0x64, 0x60, 0x64 ; file 3E7B69
db 0xC0, 0x01, 0xB3, 0xFA, 0x80, 0x80, 0x77, 0x60, 0x64, 0x0D, 0x2E, 0x53, 0x0D, 0x2E, 0x2B, 0x2E ; file 3E7B79
db 0x2C, 0x00, 0x15, 0x6F, 0xE0, 0x91, 0x60, 0x81, 0x28, 0x60, 0x59, 0xB6, 0x40, 0xB5, 0x2C, 0x2F ; file 3E7B89
db 0xA0, 0x3F, 0xB3, 0x60, 0x80, 0x15, 0xAE, 0x6A, 0x80, 0xAC, 0x0A, 0x80, 0xAC, 0xDC, 0x00, 0x69 ; file 3E7B99
db 0x9E, 0x60, 0x61, 0x3F, 0x5E, 0x81, 0x66, 0x03, 0xD0, 0xD0, 0x59, 0x60, 0x67, 0xBA, 0x82, 0xA0 ; file 3E7BA9
db 0xFC, 0xD5, 0x57, 0x47, 0x66, 0xD5, 0xFF, 0xFF, 0xC4, 0x1A, 0xFF, 0xFF, 0xFF, 0xA6, 0x1A, 0x60 ; file 3E7BB9
db 0xC4, 0xA6, 0x2C, 0x2E, 0x3F, 0x1A, 0x2C, 0x2E, 0x6F, 0x56, 0x2E, 0xC0, 0x36, 0x40, 0xAB, 0xDF ; file 3E7BC9
db 0x60, 0x0D, 0x2F, 0xB3, 0x2E, 0x80, 0x4C, 0x2E, 0xB3, 0x22, 0x20, 0x11, 0xB3, 0x41, 0x79, 0x60 ; file 3E7BD9
db 0x4E, 0x00, 0x1B, 0xB3, 0xE0, 0x4E, 0xC0, 0x19, 0xFF, 0xB3, 0x53, 0x0D, 0x60, 0x06, 0xB3, 0x6F ; file 3E7BE9
db 0x6F, 0x13, 0xB3, 0x2E, 0x60, 0xBF, 0x20, 0x52, 0x76, 0x41, 0x1B, 0x00, 0x98, 0x60, 0x1E, 0x9B ; file 3E7BF9
db 0x0D, 0x6F, 0x40, 0xB6, 0x6F, 0xB3, 0xE0, 0x3F, 0xC0, 0x9B, 0x6F, 0x99, 0x0D, 0x40, 0x9C, 0x80 ; file 3E7C09
db 0x17, 0x2C, 0x77, 0xA0, 0x56, 0x61, 0x4B, 0xB3, 0x69, 0x06, 0x80, 0x2D, 0xE0, 0x63, 0x53, 0x80 ; file 3E7C19
db 0x34, 0x53, 0xAE, 0x00, 0x41, 0xA3, 0xDC, 0x03, 0x00, 0x18, 0x80, 0x41, 0xE6, 0x57, 0xD0, 0x00 ; file 3E7C29
db 0x4D, 0x37, 0x56, 0x80, 0x4D, 0x32, 0xBE, 0x80, 0x7F, 0x1B, 0x4A, 0xC4, 0x64, 0x4C, 0x9F, 0xFD ; file 3E7C39
db 0x6D, 0x2E, 0xC8, 0x0E, 0x60, 0xFF, 0xCD, 0x1A, 0x56, 0xFF, 0xC4, 0xAA, 0x8F, 0x2E, 0x65, 0x92 ; file 3E7C49
db 0x06, 0x76, 0xFF, 0xAA, 0x65, 0x6F, 0x76, 0x60, 0x76, 0x2E, 0x2C, 0xBD, 0xB3, 0x00, 0xD3, 0x06 ; file 3E7C59
db 0x76, 0x6F, 0xB3, 0x00, 0xC6, 0xB3, 0xD0, 0x40, 0xA3, 0x60, 0xD5, 0xE1, 0xD5, 0xA0, 0xC8, 0x2C ; file 3E7C69
db 0xA0, 0xC8, 0x77, 0x60, 0x7F, 0x2F, 0x06, 0xB3, 0x76, 0xB3, 0x53, 0x77, 0x80, 0x00, 0x0F, 0x6F ; file 3E7C79
db 0x76, 0xB3, 0xAE, 0x61, 0x06, 0xC0, 0xBD, 0xC0, 0xCB, 0x86, 0x00, 0x15, 0x60, 0xA1, 0x37, 0x06 ; file 3E7C89
db 0x80, 0xB4, 0xB3, 0xA0, 0xA8, 0xA0, 0x4F, 0x81, 0x64, 0x0B, 0x2F, 0xB3, 0xE0, 0xAA, 0x06, 0x60 ; file 3E7C99
db 0x00, 0x21, 0x19, 0xE0, 0x9A, 0xE0, 0x99, 0x0C, 0x40, 0x9A, 0x60, 0x99, 0xDC, 0x03, 0x61, 0x8B ; file 3E7CA9
db 0xA1, 0x66, 0xC1, 0x31, 0x81, 0x8A, 0x7E, 0xC2, 0x98, 0x9D, 0x21, 0x59, 0xA8, 0x60, 0x59, 0x40 ; file 3E7CB9
db 0x18, 0xFE, 0x60, 0xE1, 0xFF, 0x59, 0x59, 0x39, 0xFF, 0x37, 0x59, 0xD5, 0xBA, 0xB0, 0x19, 0xC0 ; file 3E7CC9
db 0x84, 0x00, 0xAA, 0x81, 0x00, 0x60, 0x1A, 0xDF, 0xCD, 0x2E, 0x76, 0x1A, 0x7D, 0x87, 0x00, 0x60 ; file 3E7CD9
db 0x76, 0x4F, 0x0D, 0xB3, 0x0D, 0x76, 0x60, 0x11, 0x00, 0x01, 0x2C, 0x80, 0x01, 0xC5, 0x2F, 0xC0 ; file 3E7CE9
db 0xE1, 0x6F, 0x41, 0xE1, 0x82, 0x36, 0x80, 0xF0, 0x2C, 0x60, 0xDE, 0x21, 0x18, 0xB3, 0xAE, 0x0D ; file 3E7CF9
db 0x76, 0xA0, 0x2C, 0x6F, 0xB3, 0x17, 0x53, 0x06, 0x0D, 0xA0, 0x19, 0x77, 0xA0, 0x19, 0x80, 0x00 ; file 3E7D09
db 0x01, 0x21, 0x9D, 0x76, 0xA0, 0x71, 0x53, 0x06, 0xB3, 0x00, 0xF4, 0x22, 0xF4, 0x0A, 0xE2, 0x00 ; file 3E7D19
db 0xC1, 0xDC, 0x80, 0x17, 0xE3, 0xB1, 0x01, 0xC0, 0xDC, 0xDC, 0x03, 0xCD, 0x03, 0x40, 0xB0, 0x03 ; file 3E7D29
db 0xD0, 0x20, 0x32, 0x06, 0x18, 0x17, 0xD0, 0xDF, 0x1B, 0x17, 0x37, 0x1B, 0x60, 0x80, 0xA3, 0xFF ; file 3E7D39
db 0x09, 0xFF, 0x59, 0x59, 0x98, 0x59, 0x37, 0x59, 0xCF, 0x37, 0x57, 0x37, 0x59, 0x09, 0x8A, 0x74 ; file 3E7D49
db 0x76, 0xA2, 0x4A, 0x85, 0x63, 0x17, 0xFD, 0xC3, 0xE0, 0x17, 0xD5, 0xAA, 0x60, 0x92, 0x7D, 0x2E ; file 3E7D59
db 0xFF, 0x2E, 0x35, 0x7D, 0x6F, 0x76, 0x35, 0x71, 0x6F, 0xEF, 0x2E, 0x1A, 0x30, 0x6F, 0x00, 0xED ; file 3E7D69
db 0x2C, 0xB3, 0xB3, 0xE6, 0x60, 0x18, 0x06, 0x76, 0xE0, 0x97, 0x60, 0xF8, 0xB3, 0x60, 0x6F, 0x30 ; file 3E7D79
db 0x80, 0x31, 0x01, 0x32, 0x81, 0x17, 0xC0, 0x1A, 0x76, 0x60, 0x00, 0xEC, 0x81, 0x2A, 0xD5, 0xAE ; file 3E7D89
db 0x20, 0x4D, 0xAE, 0x60, 0x50, 0x53, 0x40, 0x04, 0x6F, 0x2C, 0xFE, 0x60, 0x89, 0x2C, 0x53, 0x2F ; file 3E7D99
db 0x2C, 0x2C, 0xAE, 0xAE, 0x82, 0x40, 0x1E, 0x2F, 0x40, 0xC8, 0xE1, 0x2E, 0x02, 0xD9, 0x80, 0xD9 ; file 3E7DA9
db 0x00, 0xC6, 0x74, 0xD5, 0xD0, 0x00, 0x1A, 0x0A, 0xA0, 0xCA, 0xAE, 0x60, 0xF3, 0xAE, 0x60, 0x17 ; file 3E7DB9
db 0xD0, 0x03, 0x60, 0x80, 0x30, 0x60, 0x80, 0xBC, 0x02, 0x01, 0xC0, 0x01, 0xFF, 0x74, 0x1B, 0x37 ; file 3E7DC9
db 0x03, 0x32, 0x1B, 0x09, 0x74, 0xFF, 0xC8, 0x37, 0x59, 0x32, 0x59, 0x59, 0x32, 0x60, 0xFF, 0x37 ; file 3E7DD9
db 0x1B, 0x1B, 0x59, 0x1B, 0x32, 0x1B, 0x59, 0x7D, 0x32, 0x80, 0x00, 0x74, 0x32, 0xA8, 0x59, 0x16 ; file 3E7DE9
db 0xB2, 0x19, 0xD6, 0x40, 0x63, 0xFF, 0x92, 0xE0, 0x9A, 0x2A, 0x61, 0x9B, 0x60, 0x1A, 0xFF, 0x30 ; file 3E7DF9
db 0x0D, 0x6F, 0xAA, 0x8F, 0x2C, 0x6F, 0xAA, 0x7F, 0x12, 0x2F, 0x0D, 0xAA, 0x1A, 0x71, 0x2C, 0x60 ; file 3E7E09
db 0x2F, 0x4B, 0x2C, 0xB3, 0xC0, 0x13, 0x2F, 0x82, 0x18, 0xA0, 0xCD, 0x60, 0x40, 0x2E, 0x1C, 0xE5 ; file 3E7E19
db 0x2E, 0xA1, 0x5C, 0x06, 0x60, 0x2E, 0x60, 0xA9, 0x00, 0x6A, 0xE2, 0xAA, 0x40, 0xE0, 0x17, 0x60 ; file 3E7E29
db 0x2F, 0xA0, 0x44, 0x60, 0x14, 0x60, 0xD1, 0x00, 0x78, 0xB3, 0x21, 0x8E, 0xE2, 0x80, 0xE3, 0x0A ; file 3E7E39
db 0x80, 0x31, 0xE0, 0xD3, 0x20, 0x79, 0xAE, 0xDC, 0x46, 0x7F, 0x0A, 0xAE, 0x60, 0xDC, 0x60, 0x74 ; file 3E7E49
db 0x32, 0xE0, 0xD1, 0xFD, 0xA8, 0xE0, 0xE0, 0x74, 0x60, 0x60, 0xDC, 0xDC, 0x60, 0xDF, 0x1B, 0x1B ; file 3E7E59
db 0x32, 0x03, 0x32, 0xC0, 0xC7, 0x60, 0x60, 0x3A, 0x82, 0x00, 0x63, 0x00, 0x04, 0x1B, 0x37, 0x63 ; file 3E7E69
db 0x80, 0x00, 0xE0, 0x1A, 0xDF, 0x59, 0x32, 0x37, 0x37, 0xA8, 0x00, 0x1A, 0x59, 0x09, 0xFA, 0x60 ; file 3E7E79
db 0x1A, 0x09, 0x00, 0x03, 0x09, 0xC8, 0x59, 0x09, 0x36, 0xFA, 0x09, 0xF3, 0x64, 0x40, 0x33, 0x35 ; file 3E7E89
db 0x1A, 0x65, 0x2F, 0x9A, 0xFF, 0x85, 0x92, 0x3E, 0xFF, 0xAA, 0x85, 0x8F, 0xFF, 0x77, 0x12, 0x1A ; file 3E7E99
db 0x1A, 0x80, 0xD5, 0x6F, 0x76, 0x2F, 0xA0, 0x00, 0x9E, 0xC1, 0x2A, 0x69, 0x53, 0x2F, 0x77, 0xA2 ; file 3E7EA9
db 0xBE, 0x20, 0x32, 0x06, 0xF2, 0xC1, 0x7C, 0x2C, 0x60, 0x8D, 0xA0, 0x19, 0x77, 0x77, 0xAE, 0x53 ; file 3E7EB9
db 0x89, 0xB3, 0x21, 0xE6, 0x61, 0x75, 0xDC, 0xE1, 0x94, 0xE0, 0x5D, 0xA2, 0x96, 0xB3, 0x3D, 0xDC ; file 3E7EC9
db 0xC0, 0xF9, 0x17, 0x06, 0x53, 0x02, 0x20, 0xDC, 0xE0, 0xDB, 0x3E, 0x80, 0xDC, 0xDC, 0xDC, 0x0A ; file 3E7ED9
db 0xDC, 0xB8, 0x01, 0x14, 0x40, 0x16, 0x9E, 0xC0, 0xDD, 0x60, 0x03, 0x4A, 0x59, 0x20, 0x2E, 0x60 ; file 3E7EE9
db 0x2C, 0xA8, 0xFF, 0xD0, 0x60, 0x1B, 0x37, 0xA8, 0x32, 0x59, 0xA8, 0xA7, 0x74, 0xA8, 0xA8, 0xE0 ; file 3E7EF9
db 0x16, 0xE0, 0x1A, 0x59, 0x20, 0x02, 0x37, 0xFF, 0x0E, 0x59, 0x37, 0x37, 0x97, 0x59, 0x37, 0xB6 ; file 3E7F09
db 0x4F, 0xD1, 0x37, 0x59, 0xCA, 0x0B, 0xCA, 0x00, 0xB9, 0x92, 0xA0, 0x5F, 0xF3, 0x97, 0xC9, 0x63 ; file 3E7F19
db 0xAA, 0x20, 0xF1, 0x12, 0xB8, 0x53, 0xB3, 0xFF, 0x1A, 0x35, 0xB8, 0x53, 0x92, 0x1A, 0x12, 0x60 ; file 3E7F29
db 0xEF, 0x25, 0x12, 0x92, 0x12, 0x20, 0xA6, 0x2C, 0x2C, 0xB3, 0x0A, 0x60, 0x11, 0xAE, 0x20, 0x59 ; file 3E7F39
db 0x60, 0x20, 0x2A, 0xE0, 0xA1, 0xE5, 0x41, 0xE3, 0x13, 0xE0, 0x60, 0x42, 0xE0, 0x29, 0x80, 0xA3 ; file 3E7F49
db 0xE0, 0x8C, 0xE2, 0x73, 0x5B, 0x9E, 0x0A, 0xFF, 0x9F, 0xC7, 0xDC, 0x60, 0xC1, 0x77, 0x74, 0x60 ; file 3E7F59
db 0x7D, 0x0B, 0xC0, 0x13, 0x74, 0xC8, 0x1B, 0x37, 0xC8, 0x40, 0x40, 0xFE, 0xA0, 0x40, 0x7C, 0x1B ; file 3E7F69
db 0xA8, 0x28, 0xCA, 0x60, 0x1B, 0xFF, 0x87, 0x97, 0xFF, 0x2A, 0x3B, 0xFF, 0xFF, 0x83, 0xEF, 0xD1 ; file 3E7F79
db 0xFF, 0xFF, 0x5B, 0x0C, 0xF1, 0x66, 0x60, 0xFF, 0xEB, 0x65, 0x1A, 0xA0, 0xA4, 0x9A, 0x67, 0x41 ; file 3E7F89
db 0x8F, 0x21, 0xDC, 0xFF, 0xAE, 0x1A, 0x35, 0x9B, 0xDC, 0x92, 0x35, 0x35, 0x3F, 0x35, 0xD1, 0xCD ; file 3E7F99
db 0x35, 0x92, 0x60, 0xE0, 0x21, 0xA0, 0x69, 0xF7, 0xAE, 0x53, 0x29, 0xE0, 0x38, 0x35, 0x12, 0x29 ; file 3E7FA9
db 0x60, 0xF0, 0x60, 0xB8, 0x40, 0x51, 0xA2, 0x02, 0x81, 0x23, 0x9E, 0xDC, 0x2F, 0xDC, 0x4F, 0xAE ; file 3E7FB9
db 0x76, 0xDC, 0x2F, 0xE0, 0x39, 0x60, 0x37, 0xA8, 0x44, 0x82, 0xFF, 0x68, 0xC8, 0x7C, 0xCA, 0xCA ; file 3E7FC9
db 0x60, 0xA8, 0x68, 0xFF, 0x3B, 0xCA, 0x13, 0x87, 0xCA, 0x97, 0x9F, 0x5B, 0x0F, 0x97, 0xFF, 0xA5 ; file 3E7FD9
db 0x48, 0x00, 0x4D, 0x60, 0x10, 0x2A, 0xEA, 0x2A, 0xF8, 0xF6, 0xC0, 0xDC, 0x25, 0x65, 0x09, 0xEE ; file 3E7FE9
db 0x60, 0x35, 0x12, 0x92, 0xFF, 0xCD, 0xB5, 0x12, 0x8F, 0x12, 0xFF, 0x0E, 0xC1, 0x7D, 0x12, 0x02 ; file 3E7FF9
db 0x55, 0xA3, 0x29, 0x03, 0x03, 0x35, 0x20, 0x02, 0xFF, 0xC0, 0xD5, 0x35, 0xD5, 0xFF, 0x0E, 0x25 ; file 3E8009
db 0x0E, 0xFF, 0x60, 0x03, 0x03, 0x03, 0x74, 0x7C, 0x61, 0x29, 0xFF, 0xB7, 0xD5, 0x38, 0xD5, 0xC0 ; file 3E8019
db 0xBF, 0xBF, 0xC3, 0xFD, 0x38, 0xA0, 0xDA, 0xD0, 0xD0, 0x42, 0xB7, 0xB7, 0x13, 0xFF, 0x38, 0xBF ; file 3E8029
db 0xBF, 0x0C, 0x8F, 0xC4, 0x3B, 0xC4, 0xFF, 0x60, 0xD0, 0xC8, 0x61, 0xC0, 0x62, 0x8F, 0x6A, 0xBF ; file 3E8039
db 0x3B, 0xBF, 0xC3, 0x25, 0x25, 0xD1, 0x00, 0xD9, 0x60, 0xFF, 0x0C, 0xCA, 0x0C, 0x25, 0xA5, 0xA5 ; file 3E8049
db 0xD1, 0xFF, 0x05, 0x9F, 0xD0, 0xF1, 0x6A, 0x41, 0xED, 0x25, 0x03, 0x83, 0x10, 0x6E, 0x16, 0x3F ; file 3E8059
db 0x00, 0x00, 0x64, 0x03, 0x00, 0x00, 0xFF, 0x25, 0x77, 0x0C, 0x09, 0x00, 0x00, 0x1F, 0x05, 0xD7 ; file 3E8069
db 0x00, 0x00, 0x61, 0x2B, 0x00, 0x6B, 0x29, 0x00, 0x63, 0x6D, 0xED, 0xFF, 0x2A, 0x02, 0x6A, 0x6F ; file 3E8079
db 0x0B, 0x02, 0x68, 0x71, 0xFF, 0x77, 0x63, 0x60, 0xFF, 0x29, 0x00, 0x7E, 0x6F, 0x0D, 0x2A, 0x02 ; file 3E8089
db 0xB7, 0xB3, 0x74, 0xCF, 0x6C, 0x06, 0x70, 0xFF, 0x4B, 0x06, 0xFF, 0xFB, 0x03, 0x6F, 0x66, 0x08 ; file 3E8099
db 0x03, 0x77, 0x77, 0x77, 0x6F, 0xFD, 0x6F, 0x60, 0x08, 0x7E, 0x76, 0x76, 0x6F, 0x2E, 0x76, 0xFF ; file 3E80A9
db 0x76, 0x2C, 0x6F, 0x2E, 0x0D, 0x2F, 0x77, 0x2F, 0xFF, 0x2F, 0xAE, 0x60, 0x2F, 0xDC, 0x37, 0xFF ; file 3E80B9
db 0x06, 0xFF, 0x03, 0x09, 0xDA, 0xAE, 0x4A, 0x37, 0x4E, 0x03, 0xDB, 0x1B, 0x1B, 0xEB, 0x12, 0x67 ; file 3E80C9
db 0x6F, 0x8D, 0x0A, 0xFF, 0x2F, 0xFE, 0xE6, 0x12, 0x60, 0xAE, 0xCF, 0x28, 0x2E, 0x53, 0x09, 0xFF ; file 3E80D9
db 0x60, 0x60, 0x41, 0x2F, 0x2C, 0x2E, 0xB3, 0x2F, 0xFF, 0x77, 0x6F, 0x06, 0xB3, 0x2F, 0x2C, 0x53 ; file 3E80E9
db 0x06, 0x7F, 0x2F, 0x2C, 0x60, 0x76, 0x76, 0x76, 0x0D, 0x84, 0x00, 0xFD, 0x2C, 0x00, 0x0E, 0x2F ; file 3E80F9
db 0x60, 0xAE, 0x06, 0x53, 0x0A, 0xFF, 0xB3, 0xDC, 0x03, 0x03, 0xB3, 0xDC, 0x74, 0x37, 0xFF, 0x53 ; file 3E8109
db 0x60, 0x74, 0x37, 0x60, 0xDC, 0xD0, 0xDA, 0xFF, 0xFF, 0xA8, 0x36, 0xFF, 0xFF, 0x09, 0xCF, 0xFF ; file 3E8119
db 0xAF, 0xFF, 0x37, 0x09, 0xFF, 0xCC, 0x0E, 0x6E, 0xCE, 0x0E, 0x7A, 0x7E, 0xA0, 0x21, 0x2F, 0x2E ; file 3E8129
db 0xFF, 0x7E, 0x2E, 0x2E, 0x60, 0x00, 0xDE, 0x42, 0x00, 0x60, 0x2E, 0x76, 0x09, 0x20, 0x0D, 0x09 ; file 3E8139
db 0x32, 0xDF, 0x2E, 0x2E, 0x09, 0x1B, 0x2E, 0x01, 0x11, 0x0A, 0x53, 0xFF, 0x2F, 0x2C, 0xDC, 0xAE ; file 3E8149
db 0xB3, 0x2C, 0x03, 0xDC, 0xFF, 0xB3, 0x77, 0x74, 0xDC, 0x06, 0x77, 0x60, 0x76, 0xFF, 0x6F, 0x77 ; file 3E8159
db 0x06, 0x6F, 0x77, 0xB3, 0x53, 0x2C, 0xFF, 0x2F, 0x06, 0xAE, 0xB3, 0x06, 0xAE, 0xB8, 0x60, 0xFF ; file 3E8169
db 0x0A, 0x03, 0xC8, 0x59, 0xDC, 0x03, 0x1B, 0x37, 0xEF, 0x60, 0x74, 0x1B, 0x59, 0x80, 0x00, 0x1B ; file 3E8179
db 0x60, 0x37, 0x9F, 0x37, 0xFF, 0xFF, 0x59, 0x59, 0x80, 0x00, 0x60, 0x10, 0x1B, 0xF5, 0x4E, 0xF3 ; file 3E8189
db 0x10, 0x2F, 0x40, 0x1D, 0x6F, 0xFF, 0xFF, 0x6F, 0xFE, 0x60, 0x21, 0x6F, 0x6F, 0xC0, 0xFE, 0x2E ; file 3E8199
db 0x6F, 0x60, 0xEF, 0x2E, 0x6F, 0xAE, 0x09, 0x80, 0x29, 0x09, 0x6F, 0x0D, 0xFF, 0x0D, 0x09, 0x0D ; file 3E81A9
db 0x0D, 0x2C, 0xB8, 0x60, 0x32, 0xFF, 0x60, 0x53, 0x2F, 0x32, 0x03, 0xAE, 0x2F, 0x59, 0xFF, 0x03 ; file 3E81B9
db 0x0A, 0x2F, 0x59, 0x74, 0x53, 0x2F, 0x60, 0xFF, 0x06, 0x53, 0xAE, 0xDC, 0x53, 0xAE, 0x0A, 0xDC ; file 3E81C9
db 0xFF, 0x53, 0x0A, 0xDC, 0xDC, 0xAE, 0x0A, 0x0A, 0x9E, 0x5F, 0x88, 0xCC, 0x03, 0xA8, 0x60, 0x21 ; file 3E81D9
db 0x0C, 0x1B, 0x80, 0x3A, 0x68, 0x81, 0x00, 0x00, 0x0F, 0x2B, 0x40, 0x66, 0x41, 0x2D, 0x60, 0x0D ; file 3E81E9
db 0x00, 0x2E, 0xEF, 0x0D, 0x0D, 0xFF, 0x03, 0x80, 0x00, 0x06, 0x2C, 0x2C, 0xEA, 0x00, 0x0E, 0x0D ; file 3E81F9
db 0x21, 0x00, 0x2C, 0x22, 0x00, 0x77, 0x77, 0x2F, 0xFF, 0x60, 0x0D, 0x2C, 0x2F, 0x60, 0x2C, 0x2F ; file 3E8209
db 0x2F, 0xFB, 0xB3, 0x2F, 0x82, 0x00, 0xB3, 0x53, 0x60, 0x37, 0x74, 0xEF, 0xAE, 0x06, 0x09, 0x32 ; file 3E8219
db 0x80, 0x00, 0x03, 0xAE, 0x06, 0xDF, 0x63, 0x32, 0x53, 0x06, 0x60, 0xC1, 0x0D, 0x0A, 0x0A, 0xF5 ; file 3E8229
db 0xDC, 0x81, 0x00, 0x74, 0x20, 0x0F, 0xD0, 0x60, 0xD0, 0xA8, 0xFB, 0xA8, 0xA8, 0x84, 0x00, 0xBA ; file 3E8239
db 0xA8, 0xA8, 0x37, 0xFF, 0xA1, 0x60, 0xE0, 0x1C, 0x2A, 0x4B, 0xEB, 0x10, 0x67, 0x2F, 0xDC, 0x83 ; file 3E8249
db 0x1F, 0xFF, 0xBF, 0x2E, 0x60, 0x2F, 0x6F, 0x2F, 0x2F, 0x40, 0x2C, 0x2F, 0x6F, 0x76, 0x76, 0x77 ; file 3E8259
db 0x06, 0xE0, 0x47, 0x53, 0x60, 0xE0, 0x0F, 0xBE, 0x41, 0x10, 0x06, 0xB3, 0x06, 0x06, 0x53, 0x21 ; file 3E8269
db 0x00, 0x60, 0xD9, 0xB3, 0x03, 0x01, 0xA0, 0x01, 0xAE, 0xAE, 0x00, 0x1F, 0x0A, 0x60, 0xBF, 0xDC ; file 3E8279
db 0xA8, 0x53, 0x0A, 0x0A, 0x32, 0x81, 0x00, 0xAE, 0xFF, 0xDC, 0xDC, 0x74, 0xAE, 0x9E, 0x60, 0xAE ; file 3E8289
db 0xDC, 0xCB, 0x74, 0xD0, 0xE0, 0x11, 0xD0, 0x60, 0x00, 0x41, 0x00, 0x1B, 0x60, 0x1F, 0xA8, 0xA8 ; file 3E8299
db 0xFF, 0xFF, 0xD0, 0xC0, 0x3F, 0x41, 0x22, 0xEE, 0x10, 0xD5, 0x65, 0x02, 0x4F, 0x7E, 0xE0, 0x2E ; file 3E82A9
db 0x0A, 0x60, 0x2F, 0xB3, 0x2E, 0xEF, 0xFF, 0xFF, 0xB8, 0x2E, 0xC0, 0x4A, 0x6F, 0xB3, 0x2E, 0xE6 ; file 3E82B9
db 0xC0, 0x49, 0x0D, 0x6F, 0x80, 0x00, 0xC0, 0x20, 0x60, 0xDC, 0xAE, 0xFF, 0xAE, 0xAE, 0x06, 0x60 ; file 3E82C9
db 0x60, 0xDC, 0x06, 0xAE, 0x9B, 0x60, 0x74, 0x20, 0x2E, 0x03, 0x60, 0x20, 0x1F, 0x20, 0x00, 0x9E ; file 3E82D9
db 0xFF, 0x03, 0xD0, 0xD0, 0x74, 0x74, 0x32, 0x1B, 0x37, 0x7F, 0x37, 0x60, 0x03, 0x03, 0x03, 0xD0 ; file 3E82E9
db 0x74, 0x41, 0x0E, 0xB7, 0xBA, 0x09, 0x73, 0xE0, 0x3C, 0xFF, 0x60, 0x40, 0x0F, 0xFF, 0xA9, 0xD0 ; file 3E82F9
db 0x00, 0x4E, 0xB2, 0x1F, 0x64, 0xCF, 0x5D, 0x21, 0xA0, 0x70, 0x06, 0xFB, 0x6F, 0xFF, 0x40, 0x20 ; file 3E8309
db 0x0A, 0x6F, 0x0D, 0x2F, 0x6F, 0x9E, 0x01, 0x30, 0x6F, 0xB3, 0xB3, 0xB3, 0x60, 0x2F, 0x40, 0x4A ; file 3E8319
db 0x53, 0xFE, 0x81, 0x3C, 0x0A, 0x60, 0x53, 0x0A, 0x60, 0x63, 0xAE, 0xF7, 0x0A, 0x60, 0x03, 0xC1 ; file 3E8329
db 0x0D, 0xDC, 0x9E, 0x74, 0x59, 0xFF, 0x60, 0x32, 0x1B, 0x59, 0x1B, 0x74, 0xA8, 0xA8, 0x33, 0xCF ; file 3E8339
db 0x32, 0x20, 0x5B, 0x00, 0x5C, 0xFF, 0x60, 0xA1, 0x00, 0x76, 0x2E, 0x35, 0x63, 0x02, 0x77, 0x21 ; file 3E8349
db 0x60, 0x4C, 0x77, 0x6F, 0x60, 0x00, 0xC2, 0x0C, 0xBF, 0x60, 0x6F, 0x2C, 0x2F, 0x53, 0x0D, 0x20 ; file 3E8359
db 0x3C, 0x2C, 0xF7, 0xB3, 0x53, 0x0A, 0xC0, 0x57, 0xDC, 0x60, 0x53, 0xDC, 0xB3, 0x03, 0x74, 0x01 ; file 3E8369
db 0x28, 0xE0, 0x28, 0x09, 0x74, 0xA0, 0x18, 0x60, 0xB1, 0x74, 0x60, 0x67, 0x09, 0x0B, 0x09, 0x8C ; file 3E8379
db 0x68, 0x73, 0x62, 0x81, 0x7D, 0xBE, 0xE2, 0x0A, 0x7E, 0x6F, 0x6F, 0x7E, 0x2E, 0xA0, 0x87, 0x6F ; file 3E8389
db 0xBC, 0x80, 0x0A, 0x80, 0x18, 0xB3, 0x0D, 0x2F, 0x2F, 0x40, 0x62, 0x53, 0xFD, 0xAE, 0xA0, 0x54 ; file 3E8399
db 0x0A, 0x9E, 0x53, 0x0A, 0x03, 0xD0, 0x7B, 0xAE, 0xDC, 0xE0, 0x0A, 0x03, 0xD0, 0x28, 0x60, 0x80 ; file 3E83A9
db 0x23, 0x5A, 0x62, 0x32, 0xCE, 0x50, 0x43, 0x66, 0x74, 0xC2, 0x8B, 0x7E, 0x20, 0x91, 0xFF, 0x2E ; file 3E83B9
db 0xFF, 0xDC, 0x2E, 0x6F, 0x2F, 0x2E, 0x6F, 0xD6, 0x21, 0x61, 0x6F, 0x2C, 0xE2, 0x0A, 0x2C, 0xE0 ; file 3E83C9
db 0x0A, 0x77, 0x2F, 0x67, 0x06, 0x60, 0x2F, 0x01, 0x7D, 0xE2, 0x0A, 0xDC, 0x74, 0x61, 0x0B, 0xFD ; file 3E83D9
db 0x60, 0x40, 0x3E, 0xFF, 0xD0, 0xD0, 0x4D, 0xFF, 0xD0, 0x60, 0xA0, 0x6C, 0xC1, 0x3D, 0xC9, 0xA0 ; file 3E83E9
db 0xA3, 0x3C, 0xA9, 0x9C, 0x29, 0x2C, 0x85, 0x9E, 0xFF, 0x03, 0xBE, 0x2C, 0x2C, 0x2F, 0x2C, 0x77 ; file 3E83F9
db 0x2F, 0x8D, 0xB3, 0xA1, 0xA0, 0x4E, 0x53, 0x61, 0x5E, 0xA0, 0x4D, 0x00, 0x8C, 0x77, 0xDF, 0x60 ; file 3E8409
db 0xC8, 0x28, 0xCE, 0xCE, 0x20, 0x4F, 0x06, 0xB3, 0xF2, 0xC0, 0x4F, 0x2F, 0x80, 0x31, 0xE2, 0xA4 ; file 3E8419
db 0x53, 0x53, 0x0A, 0x59, 0xF2, 0xA0, 0x4F, 0x0A, 0x20, 0x52, 0x62, 0x06, 0x2F, 0x37, 0x7A, 0x2F ; file 3E8429
db 0x87, 0x2E, 0x06, 0x6F, 0x82, 0x85, 0x20, 0x76, 0x00, 0x20, 0x60, 0x20, 0x2C, 0x88, 0x01, 0x38 ; file 3E8439
db 0x42, 0x47, 0x80, 0x15, 0x53, 0xE0, 0x67, 0x80, 0x15, 0x02, 0x75, 0x9E, 0xB5, 0x60, 0x64, 0x2B ; file 3E8449
db 0x59, 0x60, 0x47, 0xCF, 0xD0, 0xA0, 0x15, 0x60, 0xF8, 0x88, 0x44, 0xCE, 0x64, 0x08, 0x45, 0x79 ; file 3E8459
db 0xFF, 0x0E, 0x92, 0x2E, 0xFF, 0x12, 0x35, 0x2C, 0x2E, 0x60, 0x0E, 0x2C, 0x6F, 0x59, 0x2C, 0x60 ; file 3E8469
db 0x00, 0x81, 0x21, 0x06, 0x0D, 0x60, 0x00, 0x60, 0x80, 0x13, 0x2B, 0x2C, 0xB3, 0x60, 0x0E, 0x0D ; file 3E8479
db 0xC0, 0x46, 0x2E, 0x00, 0x3A, 0xA0, 0x77, 0xF1, 0x77, 0x61, 0xAE, 0xA0, 0x47, 0x40, 0x48, 0x06 ; file 3E8489
db 0x0D, 0x6F, 0x60, 0xE4, 0x41, 0x18, 0x01, 0x19, 0x2C, 0x80, 0x27, 0x22, 0x5A, 0x53, 0x53, 0xB3 ; file 3E8499
db 0x9E, 0x20, 0xA9, 0x6F, 0x2E, 0x77, 0x6F, 0x22, 0x16, 0x29, 0x17, 0x0D, 0x49, 0x2C, 0x40, 0x8D ; file 3E84A9
db 0xA2, 0x7F, 0x06, 0xA0, 0x2D, 0xA1, 0x17, 0xAE, 0x80, 0x50, 0x0C, 0xA1, 0x4F, 0x01, 0x7D, 0x03 ; file 3E84B9
db 0xD0, 0xE0, 0x7D, 0x81, 0x43, 0x00, 0x7E, 0xA0, 0x6A, 0xE4, 0xC2, 0x2D, 0xC0, 0xC7, 0xBA, 0x2D ; file 3E84C9
db 0x17, 0x23, 0xAB, 0x35, 0xFF, 0xFF, 0xFF, 0x0E, 0xAA, 0xFF, 0xFF, 0xAA, 0x35, 0xFF, 0x92, 0xEF ; file 3E84D9
db 0xC9, 0x56, 0x60, 0x92, 0xC0, 0x13, 0x80, 0x2E, 0x2E, 0xAF, 0x2C, 0x2E, 0x76, 0x2E, 0x40, 0x7C ; file 3E84E9
db 0x0D, 0xA0, 0x23, 0xB3, 0x37, 0x0D, 0x2E, 0xB3, 0x40, 0x6D, 0x06, 0x6F, 0x42, 0x02, 0x00, 0x9E ; file 3E84F9
db 0xB0, 0xE0, 0x3B, 0x00, 0xA9, 0xE1, 0x1A, 0xE1, 0x30, 0x0D, 0x60, 0xA0, 0x17, 0x0D, 0x44, 0x21 ; file 3E8509
db 0x2A, 0xC0, 0x71, 0x77, 0x02, 0xBC, 0x01, 0x40, 0xC0, 0x92, 0x6F, 0x60, 0x1F, 0x05, 0x6F, 0x80 ; file 3E8519
db 0x05, 0x6F, 0x40, 0xA5, 0x41, 0x00, 0x81, 0x1F, 0x24, 0x17, 0x21, 0x76, 0x54, 0xA1, 0x17, 0x00 ; file 3E8529
db 0x18, 0x53, 0xC0, 0x44, 0x53, 0xC1, 0x4F, 0x0A, 0x61, 0x2F, 0x52, 0xC0, 0xA4, 0x03, 0x00, 0x96 ; file 3E8539
db 0x62, 0x45, 0xD0, 0x40, 0x77, 0xA8, 0xC1, 0x83, 0x4A, 0xE0, 0x00, 0x59, 0xE2, 0xDF, 0x64, 0x80 ; file 3E8549
db 0xE0, 0x21, 0x77, 0x1B, 0x60, 0x19, 0xEA, 0x6A, 0x30, 0x6D, 0xAA, 0xDD, 0x9A, 0x81, 0x00, 0x60 ; file 3E8559
db 0xC4, 0xAA, 0xFF, 0x12, 0x2E, 0xA6, 0x92, 0x8B, 0x2E, 0xAA, 0x35, 0xFF, 0x0D, 0x76, 0xAA, 0xD5 ; file 3E8569
db 0x6F, 0x76, 0x60, 0x76, 0xAD, 0x2E, 0x21, 0x96, 0x77, 0x53, 0x40, 0x1B, 0x06, 0xC0, 0x1B, 0xB3 ; file 3E8579
db 0x41, 0x60, 0xC0, 0xD2, 0xC1, 0xDF, 0x20, 0x17, 0x83, 0x00, 0xA0, 0x34, 0x53, 0x80, 0x03, 0x8E ; file 3E8589
db 0xC0, 0x2E, 0x53, 0xB3, 0x76, 0x00, 0x9A, 0xA0, 0x8C, 0x00, 0xE3, 0x76, 0xF2, 0x20, 0x1E, 0x76 ; file 3E8599
db 0xE0, 0x7D, 0x81, 0x01, 0x60, 0xB3, 0x2F, 0x0D, 0xFF, 0x0D, 0xB3, 0xB3, 0x0D, 0x2C, 0xB3, 0x06 ; file 3E85A9
db 0x77, 0x82, 0xA0, 0x71, 0xB3, 0x00, 0xB0, 0x43, 0x19, 0x01, 0xB0, 0x00, 0x50, 0xA3, 0x9F, 0x0A ; file 3E85B9
db 0x00, 0x81, 0x4F, 0x21, 0xBE, 0x80, 0xBE, 0xA0, 0x49, 0x80, 0x9D, 0xA1, 0x90, 0x00, 0x91, 0xC2 ; file 3E85C9
db 0x9D, 0xFB, 0xA0, 0xEA, 0xC0, 0x19, 0x59, 0x59, 0x64, 0xFF, 0x59, 0xFE, 0xE0, 0x18, 0x37, 0x37 ; file 3E85D9
db 0x59, 0x39, 0x59, 0x37, 0x1B, 0xC9, 0x4E, 0xD0, 0x19, 0xC1, 0x18, 0x92, 0xA0, 0xFE, 0x80, 0x33 ; file 3E85E9
db 0xFF, 0xAA, 0xFF, 0x60, 0x1A, 0x82, 0x2E, 0x76, 0x1A, 0x51, 0x6F, 0x1B, 0x76, 0xAA, 0x81, 0x00 ; file 3E85F9
db 0x7D, 0x2E, 0xC0, 0x19, 0x40, 0x8F, 0x86, 0x00, 0x18, 0x40, 0x16, 0x40, 0xE0, 0x42, 0x19, 0x6F ; file 3E8609
db 0x6F, 0xE0, 0xED, 0x81, 0x31, 0xE0, 0xB0, 0xFD, 0x06, 0x40, 0x1D, 0xAE, 0x0D, 0x2C, 0x06, 0xAE ; file 3E8619
db 0x2C, 0xCF, 0x2C, 0xB3, 0xAE, 0xAE, 0x20, 0xF1, 0xC0, 0x19, 0x76, 0x0D, 0x4D, 0x77, 0xE0, 0xA6 ; file 3E8629
db 0x2C, 0x0D, 0xE0, 0x1A, 0x20, 0xB5, 0xAE, 0xC0, 0xB6, 0x48, 0x80, 0x8A, 0x00, 0xE2, 0xC0, 0x6B ; file 3E8639
db 0x06, 0x40, 0xD5, 0x60, 0xB6, 0xAE, 0xE0, 0x97, 0xDE, 0x40, 0xA7, 0xAE, 0x60, 0x03, 0x74, 0xA0 ; file 3E8649
db 0x17, 0x9E, 0x74, 0xF2, 0x80, 0x8D, 0xD0, 0x60, 0x00, 0x61, 0xB5, 0x03, 0xCC, 0xEC, 0xD0, 0xFF ; file 3E8659
db 0x1B, 0xCC, 0x66, 0x37, 0x1B, 0xBA, 0xAA, 0x59, 0x95, 0x09, 0x62, 0x2E, 0x39, 0x20, 0xF3, 0x98 ; file 3E8669
db 0x84, 0x00, 0xEA, 0x79, 0x76, 0xDC, 0x62, 0x32, 0xA2, 0x17, 0xFF, 0xFF, 0xC4, 0xA3, 0x18, 0xAA ; file 3E8679
db 0x7D, 0xFF, 0x6F, 0x2E, 0x1A, 0x30, 0x0D, 0x2E, 0xAA, 0xBC, 0xBF, 0x0D, 0x6F, 0x1A, 0xD5, 0x2C ; file 3E8689
db 0x6F, 0x60, 0x32, 0x2F, 0x95, 0x53, 0x04, 0xC9, 0x06, 0xA1, 0xB9, 0x60, 0x02, 0x4F, 0x00, 0x33 ; file 3E8699
db 0x53, 0xBE, 0x20, 0x50, 0x53, 0xB3, 0x0D, 0x76, 0x60, 0xA0, 0x67, 0x0A, 0xAF, 0x0D, 0x77, 0x06 ; file 3E86A9
db 0x53, 0xC0, 0x4E, 0x53, 0x60, 0x17, 0xB3, 0xFE, 0xC0, 0x4D, 0x2E, 0x6F, 0x0A, 0xB3, 0x2C, 0x2C ; file 3E86B9
db 0xAE, 0x2B, 0xDC, 0x06, 0x61, 0xA1, 0x53, 0xC0, 0x77, 0xB3, 0xA1, 0x60, 0xC2, 0xE0, 0xFE, 0xE1 ; file 3E86C9
db 0xE0, 0xCC, 0x8C, 0x53, 0xAE, 0xCC, 0xCE, 0xDC, 0x5D, 0x60, 0xE0, 0x17, 0xC8, 0x59, 0x03, 0x20 ; file 3E86D9
db 0xBF, 0x63, 0xA0, 0xBF, 0xFF, 0x32, 0x1B, 0x1B, 0xA8, 0x60, 0x09, 0x59, 0xA8, 0xFF, 0x1B, 0x59 ; file 3E86E9
db 0xA8, 0xA8, 0x1B, 0xA8, 0x32, 0x32, 0xFF, 0x1B, 0x74, 0x32, 0x32, 0x59, 0x51, 0x37, 0x59, 0x41 ; file 3E86F9
db 0x60, 0x81, 0x17, 0xC1, 0xB2, 0xC1, 0xC0, 0x2D, 0x64, 0x84, 0x18, 0xCD, 0x20, 0xE4, 0xFD, 0xC4 ; file 3E8709
db 0xA5, 0xE4, 0x60, 0xAA, 0xBD, 0x2F, 0x0D, 0xAA, 0xFF, 0xA6, 0x53, 0x2C, 0x1A, 0xAA, 0x54, 0x2F ; file 3E8719
db 0x9A, 0x8F, 0xAA, 0x35, 0xAE, 0x60, 0x01, 0x2E, 0xE0, 0x48, 0x00, 0x8A, 0x76, 0xD3, 0x76, 0x2C ; file 3E8729
db 0x40, 0x01, 0xE0, 0xFD, 0x2F, 0x60, 0x7E, 0xAE, 0x2F, 0x46, 0xC0, 0xB5, 0x53, 0x6F, 0xA0, 0x2F ; file 3E8739
db 0x20, 0xA3, 0x20, 0x8D, 0x6F, 0x60, 0xA2, 0x3F, 0x2C, 0x0D, 0x2C, 0xAE, 0x2F, 0x77, 0x02, 0x2F ; file 3E8749
db 0x81, 0x2E, 0x76, 0x20, 0x99, 0x06, 0x06, 0xC0, 0x9A, 0xB3, 0x60, 0xDC, 0x81, 0xE5, 0x03, 0xDC ; file 3E8759
db 0xDC, 0x60, 0x60, 0x80, 0xD8, 0xE0, 0xE6, 0x80, 0x7F, 0x40, 0x61, 0x21, 0xD8, 0xF7, 0x03, 0x03 ; file 3E8769
db 0x74, 0xA0, 0xF8, 0x0A, 0xF0, 0x33, 0x03, 0xDF, 0xDC, 0x60, 0xA8, 0x1B, 0x32, 0x40, 0x31, 0x03 ; file 3E8779
db 0x03, 0xFC, 0x60, 0x1B, 0x81, 0x00, 0x74, 0x60, 0x74, 0x74, 0xA8, 0x59, 0xEF, 0x74, 0x74, 0x59 ; file 3E8789
db 0x09, 0x20, 0x1D, 0x37, 0x32, 0x59, 0xFF, 0x37, 0xA8, 0xCC, 0x66, 0x1B, 0x37, 0x60, 0x73, 0xE4 ; file 3E8799
db 0x00, 0xFA, 0x81, 0x00, 0x20, 0x11, 0xB7, 0xC0, 0x32, 0x0E, 0xAA, 0x1A, 0xFF, 0x30, 0xFF, 0x1A ; file 3E87A9
db 0x85, 0x78, 0xFF, 0x6C, 0xAA, 0xFF, 0x1A, 0xFF, 0xFF, 0x78, 0x1A, 0x60, 0xB3, 0x77, 0xFF, 0x0D ; file 3E87B9
db 0x6F, 0xB8, 0xB3, 0x77, 0x2C, 0x8F, 0x53, 0x3F, 0x2F, 0x77, 0x92, 0x42, 0x53, 0x2F, 0x41, 0x7C ; file 3E87C9
db 0x20, 0x92, 0xFC, 0xE0, 0x15, 0xA1, 0x5B, 0x77, 0x2C, 0x2C, 0x60, 0x0A, 0xAE, 0x08, 0x80, 0x2D ; file 3E87D9
db 0x20, 0x74, 0x20, 0xBA, 0xDC, 0x61, 0x76, 0x61, 0xFE, 0x02, 0xDF, 0x40, 0x5D, 0xFD, 0x06, 0xC0 ; file 3E87E9
db 0xEC, 0x0A, 0x2F, 0xAE, 0x06, 0xC8, 0xEE, 0xEF, 0xAE, 0x0A, 0xC0, 0xFE, 0xE0, 0xEE, 0x60, 0x03 ; file 3E87F9
db 0x63, 0xE3, 0x4A, 0x03, 0x80, 0x2E, 0x80, 0xEE, 0x41, 0x77, 0x74, 0xEC, 0x13, 0xFF, 0x32, 0x1B ; file 3E8809
db 0x60, 0x1B, 0x59, 0x37, 0x7A, 0x1B, 0xF7, 0x37, 0x59, 0x9F, 0xE0, 0x00, 0x97, 0x37, 0x7E, 0xCA ; file 3E8819
db 0xDA, 0x0A, 0xFC, 0x67, 0xC4, 0x90, 0xFF, 0x0E, 0xA6, 0x2C, 0x1A, 0x92, 0xFF, 0xB8, 0xAE, 0x35 ; file 3E8829
db 0x92, 0x12, 0x60, 0x0E, 0x35, 0xBF, 0x1A, 0x65, 0xFF, 0x25, 0x92, 0xA6, 0x00, 0x6F, 0x2F, 0xE7 ; file 3E8839
db 0x77, 0xAE, 0x53, 0xE0, 0xBB, 0x80, 0x6B, 0x65, 0x29, 0xDC, 0xC1, 0x0A, 0x40, 0x10, 0x00, 0x6E ; file 3E8849
db 0xA1, 0x6E, 0x40, 0x6F, 0xA0, 0x27, 0x06, 0x60, 0xA8, 0x01, 0x6E, 0x00, 0x70, 0x21, 0xF1, 0x53 ; file 3E8859
db 0x00, 0xC2, 0x53, 0x61, 0x58, 0x0A, 0xF2, 0x80, 0x2A, 0x03, 0x01, 0x5A, 0xC1, 0x5A, 0xFF, 0xF0 ; file 3E8869
db 0x0A, 0x03, 0x96, 0x40, 0xBB, 0x9E, 0xD0, 0x81, 0x28, 0xDC, 0x00, 0x44, 0x40, 0x00, 0x03, 0x7F ; file 3E8879
db 0xC8, 0x3E, 0x03, 0x32, 0x60, 0x74, 0xC8, 0x21, 0x44, 0xFB, 0x59, 0x1B, 0x20, 0xF5, 0x68, 0x1B ; file 3E8889
db 0xA8, 0x68, 0xCA, 0xFF, 0x60, 0x1B, 0x5B, 0x9F, 0xFF, 0x5F, 0x9D, 0xFF, 0x1F, 0xFF, 0xCA, 0xD1 ; file 3E8899
db 0xFF, 0xFF, 0xE0, 0x00, 0xCB, 0xE9, 0x40, 0x8D, 0xF5, 0xB6, 0xC1, 0x15, 0xC3, 0xC8, 0x15, 0xBD ; file 3E88A9
db 0x60, 0x92, 0xA6, 0xDF, 0x12, 0x35, 0x0E, 0x9A, 0x92, 0x20, 0x76, 0x0E, 0x35, 0xED, 0x60, 0x20 ; file 3E88B9
db 0x0F, 0x53, 0x29, 0x80, 0x68, 0x35, 0x8F, 0x21, 0x1F, 0x60, 0x35, 0x35, 0x92, 0x35, 0x60, 0xB9 ; file 3E88C9
db 0x60, 0xD2, 0x00, 0x39, 0x0E, 0x80, 0x12, 0xDC, 0x29, 0x29, 0x40, 0x38, 0xE1, 0x6C, 0xE0, 0x3A ; file 3E88D9
db 0x80, 0x3C, 0xA8, 0x61, 0x3C, 0x21, 0x6D, 0x82, 0x03, 0xDC, 0x21, 0x6F, 0x9E, 0x81, 0x6D, 0xC0 ; file 3E88E9
db 0xBD, 0xEF, 0xC0, 0x6F, 0x32, 0x32, 0xA8, 0x32, 0x80, 0x86, 0xC8, 0xFF, 0xD0, 0xC8, 0x7C, 0xCA ; file 3E88F9
db 0x89, 0x5F, 0xCA, 0x3B, 0xFF, 0x60, 0xD0, 0x68, 0x87, 0x6A, 0x3B, 0x0C, 0x0C, 0x6F, 0x44, 0x87 ; file 3E8909
db 0x9F, 0x8D, 0xC2, 0x25, 0x60, 0x3C, 0x38, 0xD3, 0xFF, 0x6A, 0x60, 0x9D, 0x65, 0x65, 0x35, 0xFF ; file 3E8919
db 0x44, 0xF9, 0x0C, 0x81, 0x2B, 0xA3, 0x57, 0x65, 0x8F, 0xCD, 0xCC, 0x9A, 0x7F, 0x35, 0x12, 0xD5 ; file 3E8929
db 0x44, 0x9D, 0x3C, 0xA5, 0xC2, 0x59, 0xFF, 0x21, 0x61, 0x29, 0x61, 0x8F, 0x35, 0xD5, 0x8F, 0xFF ; file 3E8939
db 0xCD, 0x6C, 0xCD, 0x6A, 0xFF, 0xFF, 0x97, 0x3C, 0xFF, 0x60, 0xD0, 0x42, 0x61, 0x42, 0xD5, 0xD5 ; file 3E8949
db 0xCD, 0x7F, 0x9A, 0x62, 0xC1, 0x6C, 0xB5, 0xD1, 0x97, 0x00, 0x5E, 0xFF, 0x42, 0x6C, 0xD5, 0x62 ; file 3E8959
db 0x62, 0x96, 0xC3, 0xB5, 0xF7, 0xA5, 0x44, 0x10, 0x23, 0x60, 0x0C, 0xB5, 0x9D, 0x44, 0x01, 0xA5 ; file 3E8969
db 0x40, 0x03, 0x86, 0xE1, 0x3F, 0x00, 0x83, 0x03, 0x00, 0x00, 0xFF ; file 3E8979
