; VDX media wo_s.vdx; exact encoded media bytes
; Absolute container range 3DED4B–3E3B07 inclusive.
db 0x67, 0x92, 0x01, 0x00, 0x00, 0x00, 0x0A, 0x00, 0x20, 0x77, 0x77, 0x09, 0x00, 0x00, 0x7F, 0x07 ; file 3DED4B
db 0xBF, 0xA0, 0x00, 0x50, 0x00, 0x08, 0x00, 0x80, 0x00, 0x05, 0xFF, 0x04, 0x05, 0x47, 0x3A, 0x23 ; file 3DED5B
db 0x77, 0x6C, 0x5F, 0xFF, 0x32, 0x12, 0x0C, 0x73, 0x51, 0x31, 0xB1, 0x9B, 0xFF, 0x81, 0x4C, 0x1A ; file 3DED6B
db 0x0A, 0x1A, 0x0C, 0x06, 0x42, 0xFF, 0x3A, 0x39, 0x93, 0x83, 0x6F, 0x7B, 0x51, 0x2C, 0xFF, 0x6B ; file 3DED7B
db 0x3B, 0x1A, 0xEB, 0xCF, 0xAB, 0x38, 0x26, 0xFF, 0x1A, 0x5A, 0x1D, 0x14, 0x2B, 0x19, 0x0A, 0x94 ; file 3DED8B
db 0xFF, 0x6A, 0x42, 0x8B, 0x55, 0x29, 0x6B, 0x43, 0x2A, 0xFF, 0xB9, 0x82, 0x5A, 0x5A, 0x32, 0x0C ; file 3DED9B
db 0x76, 0x4D, 0xFF, 0x3A, 0x0C, 0x0B, 0x0B, 0x5C, 0x39, 0x14, 0xE6, 0xFF, 0x9B, 0x65, 0xB0, 0x6E ; file 3DEDAB
db 0x37, 0x57, 0x53, 0x4E, 0xFF, 0x4C, 0x29, 0x0C, 0x21, 0x0C, 0x06, 0x43, 0x32, 0xFF, 0x1E, 0x5B ; file 3DEDBB
db 0x43, 0x3A, 0x29, 0x21, 0x1D, 0x8B, 0xFF, 0x60, 0x43, 0x43, 0x1C, 0x06, 0x7F, 0x40, 0x2C, 0xFF ; file 3DEDCB
db 0x6C, 0x33, 0x13, 0x4B, 0x30, 0x1D, 0x7E, 0x3B, 0xFF, 0x1D, 0xCE, 0x88, 0x56, 0x65, 0x51, 0x4C ; file 3DEDDB
db 0x80, 0xFF, 0x5C, 0x44, 0x5C, 0x3B, 0x23, 0x62, 0x23, 0x15, 0xFF, 0xE0, 0xC0, 0x9E, 0xAB, 0x76 ; file 3DEDEB
db 0x53, 0xFD, 0xEE, 0xFF, 0xC8, 0xC6, 0xAE, 0x90, 0x9A, 0x6F, 0x53, 0x19, 0xFF, 0x0F, 0x10, 0x62 ; file 3DEDFB
db 0x5D, 0x57, 0x15, 0x10, 0x0E, 0xFF, 0x22, 0x14, 0x14, 0x96, 0x59, 0x2A, 0x33, 0x2B, 0xFF, 0x2A ; file 3DEE0B
db 0x48, 0x44, 0x40, 0x6A, 0x3C, 0x23, 0x1D, 0xFF, 0x19, 0x17, 0x63, 0x42, 0x23, 0x5B, 0x33, 0x1A ; file 3DEE1B
db 0xFF, 0x33, 0x1D, 0x0F, 0x53, 0x2B, 0x0C, 0x8C, 0x69, 0xFF, 0x46, 0x4C, 0x1A, 0x12, 0xCD, 0x8C ; file 3DEE2B
db 0x64, 0x4A, 0xFF, 0x3C, 0x2B, 0x7B, 0x55, 0x3A, 0x11, 0x05, 0x05, 0xFF, 0x23, 0x12, 0x09, 0x8F ; file 3DEE3B
db 0x44, 0x30, 0x72, 0x44, 0xFF, 0x2A, 0xA3, 0x6D, 0x41, 0x22, 0x1A, 0x16, 0x9B, 0xFF, 0x64, 0x44 ; file 3DEE4B
db 0x71, 0x5B, 0x54, 0x5A, 0x2C, 0x11, 0xFF, 0xF5, 0xA2, 0x65, 0x49, 0x36, 0x31, 0x3C, 0x30, 0xFF ; file 3DEE5B
db 0x2E, 0xAA, 0x72, 0x4A, 0x6E, 0x2B, 0x11, 0xBA, 0xFF, 0x85, 0x64, 0x32, 0x25, 0x23, 0xA6, 0x93 ; file 3DEE6B
db 0x7B, 0xFF, 0x92, 0x60, 0x3C, 0x42, 0x17, 0x12, 0xD3, 0x9A, 0xFF, 0x72, 0x65, 0x49, 0x3B, 0xB3 ; file 3DEE7B
db 0x7A, 0x57, 0x4F, 0xFF, 0x4B, 0x45, 0x15, 0x0A, 0x05, 0x53, 0x2C, 0x13, 0xFF, 0x7D, 0x34, 0x1A ; file 3DEE8B
db 0x63, 0x3A, 0x15, 0x72, 0x3C, 0xFF, 0x22, 0x62, 0x35, 0x1C, 0x83, 0x73, 0x62, 0x6B, 0xFF, 0x53 ; file 3DEE9B
db 0x43, 0x7B, 0x46, 0x1A, 0x7A, 0x61, 0x5A, 0xFF, 0x23, 0x1C, 0x1A, 0x83, 0x53, 0x2A, 0x41, 0x32 ; file 3DEEAB
db 0xFF, 0x2D, 0x3B, 0x1A, 0x0C, 0x63, 0x43, 0x2A, 0x8B, 0xFF, 0x5C, 0x3B, 0x73, 0x3B, 0x19, 0x3A ; file 3DEEBB
db 0x2D, 0x2B, 0xFF, 0x63, 0x3C, 0x22, 0x0D, 0x04, 0x04, 0x53, 0x2D, 0xFF, 0x19, 0xFA, 0xDF, 0xB7 ; file 3DEECB
db 0x2A, 0x0C, 0x0C, 0xA3, 0xFF, 0x73, 0x53, 0xDE, 0x92, 0x67, 0x2D, 0x29, 0x27, 0xFF, 0x6D, 0x63 ; file 3DEEDB
db 0x5B, 0x1A, 0x0B, 0x0C, 0xFE, 0xFC, 0xFF, 0xD9, 0xCE, 0xB9, 0xA2, 0x7B, 0x4C, 0x2C, 0x9A, 0xFF ; file 3DEEEB
db 0x6C, 0x4B, 0x53, 0x3E, 0x30, 0x4A, 0x23, 0x05, 0xFF, 0x6C, 0x4A, 0x2E, 0xAB, 0x82, 0x5D, 0x54 ; file 3DEEFB
db 0x42, 0xFF, 0x3E, 0x13, 0x0B, 0x0B, 0xB6, 0x77, 0x49, 0x4F, 0xFF, 0x24, 0x12, 0x93, 0x62, 0x43 ; file 3DEF0B
db 0x54, 0x32, 0x14, 0xFF, 0x93, 0x49, 0x3B, 0xE1, 0x8E, 0x53, 0xE0, 0xA0, 0xFF, 0x78, 0x62, 0x33 ; file 3DEF1B
db 0x13, 0x64, 0x2A, 0x15, 0x73, 0xFF, 0x4B, 0x32, 0xA3, 0x6F, 0x4B, 0xC3, 0x8A, 0x66, 0xFF, 0x3A ; file 3DEF2B
db 0x15, 0x0E, 0x2B, 0x12, 0x0A, 0x39, 0x2C, 0xFF, 0x26, 0x84, 0x48, 0x20, 0x44, 0x22, 0x05, 0x4D ; file 3DEF3B
db 0xFF, 0x3C, 0x3A, 0xA4, 0x61, 0x2F, 0x5B, 0x35, 0x21, 0xFF, 0xBC, 0x7B, 0x57, 0xF9, 0xAD, 0x79 ; file 3DEF4B
db 0x6D, 0x34, 0xFF, 0x1D, 0x3C, 0x23, 0x0F, 0x25, 0x22, 0x22, 0xB3, 0xFF, 0x5E, 0x48, 0x6B, 0x43 ; file 3DEF5B
db 0x24, 0x84, 0x59, 0x3A, 0xFF, 0x5A, 0x44, 0x43, 0x4C, 0x2B, 0x13, 0x73, 0x6E, 0xFF, 0x6E, 0x44 ; file 3DEF6B
db 0x27, 0x13, 0x1A, 0x14, 0x12, 0x52, 0xFF, 0x25, 0x0A, 0x19, 0x16, 0x19, 0x83, 0x55, 0x34, 0xFF ; file 3DEF7B
db 0x29, 0x1D, 0x1B, 0x63, 0x3B, 0x1C, 0x9C, 0x61, 0xFF, 0x3C, 0xCE, 0x91, 0x6D, 0x5D, 0x59, 0x54 ; file 3DEF8B
db 0x6B, 0xFF, 0x2A, 0x1A, 0xC9, 0x79, 0x3A, 0x63, 0x4C, 0x46, 0xFF, 0xC3, 0x85, 0x59, 0x2C, 0x14 ; file 3DEF9B
db 0x13, 0x9D, 0x8A, 0xFF, 0x73, 0x5C, 0x21, 0x19, 0x09, 0x06, 0x08, 0x12, 0xFF, 0x0E, 0x10, 0x5A ; file 3DEFAB
db 0x2D, 0x19, 0xB9, 0xA3, 0x87, 0xFF, 0x61, 0x45, 0x32, 0x54, 0x33, 0x1B, 0x54, 0x39, 0xFF, 0x1E ; file 3DEFBB
db 0x71, 0x52, 0x3A, 0x91, 0x7A, 0x67, 0x15, 0xFF, 0x12, 0x11, 0x3B, 0x32, 0x32, 0x63, 0x3D, 0x29 ; file 3DEFCB
db 0xFF, 0xAB, 0x79, 0x5A, 0x8A, 0x59, 0x34, 0x49, 0x3A, 0xFF, 0x34, 0x73, 0x43, 0x1A, 0x73, 0x4B ; file 3DEFDB
db 0x2B, 0x6B, 0xFF, 0x41, 0x1C, 0x63, 0x41, 0x1D, 0x5C, 0x3A, 0x1C, 0xFF, 0x43, 0x2A, 0x1A, 0x7C ; file 3DEFEB
db 0x4D, 0x32, 0x12, 0x06, 0xFF, 0x08, 0x25, 0x0A, 0x0A, 0x6B, 0x54, 0x4E, 0x95, 0xFF, 0x5E, 0x34 ; file 3DEFFB
db 0x5A, 0x32, 0x14, 0x1B, 0x11, 0x0C, 0xFF, 0x7B, 0x53, 0x33, 0x72, 0x45, 0x24, 0x5C, 0x4A, 0xFF ; file 3DF00B
db 0x45, 0x2B, 0x24, 0x23, 0x65, 0x61, 0x5C, 0x2A, 0xFF, 0x1C, 0x13, 0x43, 0x34, 0x32, 0x63, 0x24 ; file 3DF01B
db 0x18, 0xFF, 0x4B, 0x24, 0x0B, 0x7B, 0x46, 0x23, 0x34, 0x14, 0xFF, 0x11, 0x5C, 0x21, 0x14, 0x44 ; file 3DF02B
db 0x24, 0x0B, 0x9B, 0xFF, 0x6B, 0x43, 0x34, 0x29, 0x25, 0x6B, 0x44, 0x31, 0xFF, 0x89, 0x7A, 0x69 ; file 3DF03B
db 0x93, 0x64, 0x4A, 0x24, 0x1F, 0xDF, 0x21, 0x54, 0x1C, 0x13, 0x00, 0xDC, 0x00, 0xFF, 0xFF, 0x00 ; file 3DF04B
db 0x7F, 0x02, 0x7F, 0x02, 0x7F, 0x02, 0x7F, 0x02, 0x7F, 0x02, 0x7F, 0x02, 0x7F, 0x02, 0x7F, 0x02 ; file 3DF05B
db 0x00, 0x7F, 0x02, 0x7F, 0x02, 0x7F, 0x02, 0x7F, 0x02, 0x7F, 0x02, 0x7F, 0x02, 0x7F, 0x02, 0x7F ; file 3DF06B
db 0x02, 0x00, 0x7F, 0x02, 0x7F, 0x02, 0x7F, 0x02, 0x7F, 0x02, 0x7F, 0x02, 0x7F, 0x02, 0x7F, 0x02 ; file 3DF07B
db 0x7F, 0x02, 0x00, 0x7F, 0x02, 0x7F, 0x02, 0x7F, 0x02, 0x7F, 0x02, 0x7F, 0x02, 0x7F, 0x02, 0x7F ; file 3DF08B
db 0x02, 0x7F, 0x02, 0x00, 0x7F, 0x02, 0x7F, 0x02, 0x7F, 0x02, 0x7F, 0x02, 0x7F, 0x02, 0x7F, 0x02 ; file 3DF09B
db 0x7F, 0x02, 0x7F, 0x02, 0x00, 0x7F, 0x02, 0x7F, 0x02, 0x7F, 0x02, 0x7F, 0x02, 0x7F, 0x02, 0x7F ; file 3DF0AB
db 0x02, 0x7F, 0x02, 0x7F, 0x02, 0x00, 0x7F, 0x02, 0x7F, 0x02, 0x7F, 0x02, 0x7F, 0x02, 0x7F, 0x02 ; file 3DF0BB
db 0x7F, 0x02, 0x7F, 0x02, 0x7F, 0x02, 0x00, 0x7F, 0x02, 0x7F, 0x02, 0x7F, 0x02, 0x7F, 0x02, 0x7F ; file 3DF0CB
db 0x02, 0x7F, 0x02, 0x7F, 0x02, 0x7F, 0x02, 0x00, 0x7F, 0x02, 0x7F, 0x02, 0x7F, 0x02, 0x7F, 0x02 ; file 3DF0DB
db 0x7F, 0x02, 0x7F, 0x02, 0x7F, 0x02, 0x7F, 0x02, 0x00, 0x7F, 0x02, 0x7F, 0x02, 0x7F, 0x02, 0x7F ; file 3DF0EB
db 0x02, 0x7F, 0x02, 0x7F, 0x02, 0x7F, 0x02, 0x7F, 0x02, 0x00, 0x7F, 0x02, 0x7F, 0x02, 0x7F, 0x02 ; file 3DF0FB
db 0x7F, 0x02, 0x7F, 0x02, 0x7F, 0x02, 0x7F, 0x02, 0x32, 0x28, 0x7F, 0xB3, 0xF8, 0xFF, 0xFF, 0x63 ; file 3DF10B
db 0xF1, 0xFF, 0x7F, 0x46, 0xF0, 0x7F, 0x02, 0x7F, 0x02, 0x7F, 0x02, 0x66, 0x0E, 0xB3, 0xFC, 0xFF ; file 3DF11B
db 0x76, 0xFF, 0x2F, 0x0E, 0xFF, 0x2E, 0xB3, 0xE0, 0x7E, 0x77, 0x07, 0x59, 0x81, 0xD8, 0x7F, 0x4A ; file 3DF12B
db 0x7F, 0x02, 0x7F, 0x02, 0x7F, 0x02, 0x5E, 0x12, 0xFF, 0x2F, 0xFE, 0xFF, 0xFF, 0x74, 0x08, 0xFF ; file 3DF13B
db 0x2C, 0xFF, 0xAE, 0x33, 0x73, 0x76, 0x2C, 0xEC, 0xEE, 0x53, 0x7F, 0x32, 0xC8, 0xFC, 0xFF, 0x37 ; file 3DF14B
db 0x33, 0x13, 0x7F, 0x4E, 0xF0, 0x7F, 0x02, 0x7F, 0x02, 0x7F, 0x02, 0x5A, 0x14, 0x7A, 0xFE, 0xFF ; file 3DF15B
db 0x76, 0xFF, 0x03, 0x7F, 0xDB, 0x2E, 0x1B, 0xCC, 0xCC, 0x2F, 0xFF, 0xDC, 0x33, 0x33, 0x0D, 0x53 ; file 3DF16B
db 0x80, 0xEC, 0x60, 0x1E, 0x00, 0x06, 0xFF, 0x37, 0x33, 0x33, 0x7F, 0x50, 0x7F, 0x02, 0x7F, 0x02 ; file 3DF17B
db 0xFC, 0x7F, 0x02, 0x59, 0x14, 0x76, 0xB3, 0xD9, 0xED, 0x2E, 0x6F, 0xFF, 0xC0, 0xFE, 0x0D, 0x1B ; file 3DF18B
db 0xEE, 0xCE, 0xB3, 0x32, 0xFF, 0x33, 0x33, 0xAE, 0xDC, 0xC8, 0xEC, 0x03, 0xA8, 0x3F, 0x88, 0xCC ; file 3DF19B
db 0xFF, 0x37, 0x77, 0x37, 0x7F, 0x50, 0x7F, 0x02, 0xF8, 0x7F, 0x02, 0x7F, 0x02, 0x59, 0x14, 0x2E ; file 3DF1AB
db 0x53, 0xB8, 0xBB, 0x0D, 0xFF, 0x2C, 0x00, 0xFE, 0x77, 0x06, 0xC8, 0xEE, 0x53, 0xFF, 0x1B, 0x33 ; file 3DF1BB
db 0x33, 0x0A, 0x9E, 0xEC, 0xEE, 0xFF, 0x7F, 0xA8, 0x01, 0x00, 0xFF, 0x4E, 0xFF, 0x7F, 0x7F, 0x50 ; file 3DF1CB
db 0xF0, 0x7F, 0x02, 0x7F, 0x02, 0x7F, 0x02, 0x56, 0x16, 0x2F, 0xEE, 0xFE, 0x2E, 0xFF, 0xB3, 0xCE ; file 3DF1DB
db 0x4C, 0x2F, 0x53, 0x80, 0xFE, 0x53, 0xFF, 0xAE, 0x80, 0xFE, 0x0A, 0x74, 0xB2, 0xBB, 0xDC, 0x7F ; file 3DF1EB
db 0xD0, 0x80, 0xCC, 0xFF, 0x1B, 0x7F, 0x33, 0x7F, 0x50, 0xF0, 0x7F, 0x02, 0x7F, 0x02, 0x7F, 0x02 ; file 3DF1FB
db 0x59, 0x14, 0x76, 0xDC, 0xDD, 0xDD, 0xFF, 0x2E, 0x2F, 0x68, 0xEE, 0x53, 0x60, 0xCC, 0x78, 0xFB ; file 3DF20B
db 0xDC, 0xA8, 0x80, 0x49, 0xA8, 0x07, 0x00, 0xFF, 0xA8, 0x83, 0xFF, 0x13, 0x7F, 0x4E, 0x7F, 0x02 ; file 3DF21B
db 0x7F, 0x02, 0x7F, 0x02, 0x5A, 0x14, 0x21, 0xFF, 0xFE, 0xFF, 0x2E, 0x2F, 0x6C, 0xDA, 0x2F, 0xAE ; file 3DF22B
db 0xFF, 0x80, 0xFC, 0xDC, 0x74, 0x0C, 0xEE, 0xFF, 0x59, 0x3F, 0x37, 0x00, 0xFF, 0xCF, 0xFF, 0x7F ; file 3DF23B
db 0x7F, 0x4E, 0x7F, 0x02, 0xF8, 0x7F, 0x02, 0x7F, 0x02, 0x5D, 0x12, 0x76, 0x2F, 0xA6, 0xDD, 0x2C ; file 3DF24B
db 0xFF, 0x53, 0x88, 0xEC, 0x53, 0x32, 0x81, 0xCC, 0xFF, 0x07, 0x09, 0xFF, 0x17, 0x7F, 0x4A, 0x7F ; file 3DF25B
db 0x02, 0x7F, 0x02, 0x7F, 0x02, 0x61, 0x10, 0xFF, 0x76, 0x29, 0xB7, 0xED, 0x0D, 0xB3, 0xC8, 0xEC ; file 3DF26B
db 0xFF, 0x0A, 0x74, 0xC8, 0xEC, 0xFF, 0x59, 0x7F, 0x33, 0xE0, 0x7F, 0x4A, 0x7F, 0x02, 0x7F, 0x02 ; file 3DF27B
db 0x7F, 0x02, 0x61, 0x10, 0x76, 0x03, 0xB7, 0xFF, 0xED, 0x6F, 0x2F, 0xC8, 0xEC, 0x53, 0x9E, 0xC8 ; file 3DF28B
db 0x1F, 0xEC, 0xFF, 0x1B, 0x33, 0x11, 0x7F, 0x4A, 0x7F, 0x02, 0x7F, 0x02, 0xFC, 0x7F, 0x02, 0x4E ; file 3DF29B
db 0x1A, 0x7D, 0xFC, 0xFF, 0xFF, 0xB3, 0x00, 0xFF, 0xFE, 0x2E, 0x06, 0x03, 0xE4, 0xB3, 0xCE, 0xFF ; file 3DF2AB
db 0xFF, 0x0F, 0xFF, 0xAE, 0x00, 0xF0, 0x2E, 0x0A, 0x7F, 0xFF, 0xE1, 0x6F, 0x77, 0xC8, 0xEE, 0xB3 ; file 3DF2BB
db 0x0A, 0x88, 0xFF, 0xEC, 0x53, 0xA8, 0x81, 0xC8, 0xFF, 0x09, 0xFF, 0xC1, 0x7F, 0x7F, 0x56, 0x7F ; file 3DF2CB
db 0x02, 0x7F, 0x02, 0x7F, 0x02, 0x49, 0x1C, 0x76, 0xA3, 0xFF, 0x93, 0xFE, 0x0D, 0x53, 0xC9, 0x7E ; file 3DF2DB
db 0x6F, 0x2F, 0xFF, 0xEC, 0x03, 0x2C, 0xB3, 0x83, 0xEC, 0x2C, 0xB3, 0xFF, 0xFE, 0x00, 0x6F, 0xB3 ; file 3DF2EB
db 0x7F, 0x13, 0x6F, 0x2C, 0xFF, 0xC8, 0xFE, 0x2F, 0x53, 0xC8, 0xEE, 0x0A, 0xD0, 0x3F, 0xC8, 0xEC ; file 3DF2FB
db 0xFF, 0x1B, 0x77, 0x13, 0x7F, 0x56, 0x7F, 0x02, 0xF8, 0x7F, 0x02, 0x7F, 0x02, 0x4A, 0x1C, 0x92 ; file 3DF30B
db 0xC8, 0xEC, 0x2E, 0xB3, 0xFF, 0xEE, 0x36, 0x2E, 0x2F, 0x77, 0x13, 0x0D, 0xB3, 0xFF, 0x81, 0xCC ; file 3DF31B
db 0x2E, 0x2C, 0xEC, 0x26, 0x0D, 0xB3, 0xFF, 0x33, 0x91, 0x6F, 0x2C, 0xC8, 0xFE, 0x2F, 0x06, 0xFF ; file 3DF32B
db 0xC8, 0xEC, 0xAE, 0x9E, 0xC8, 0xEE, 0x74, 0xA8, 0x3F, 0x8C, 0xCC, 0xFF, 0xBE, 0x73, 0xF7, 0x7F ; file 3DF33B
db 0x58, 0x7F, 0x02, 0xF8, 0x7F, 0x02, 0x7F, 0x02, 0x46, 0x1E, 0x9A, 0xEE, 0xFF, 0x2E, 0xA6, 0xFF ; file 3DF34B
db 0x33, 0x11, 0x76, 0xB3, 0xCC, 0xCC, 0x76, 0x0D, 0xFF, 0xEE, 0x6E, 0x2E, 0xB3, 0x11, 0x91, 0x76 ; file 3DF35B
db 0x77, 0xFF, 0xCC, 0xCC, 0x2C, 0xB3, 0x30, 0x33, 0x77, 0xB3, 0xFF, 0x80, 0xEE, 0x53, 0x0A, 0xC8 ; file 3DF36B
db 0xEE, 0x9E, 0xD0, 0xFF, 0x80, 0xEC, 0xA8, 0x59, 0xA0, 0xEA, 0xFF, 0x37, 0x83, 0x00, 0x11, 0x7F ; file 3DF37B
db 0x5A, 0x7F, 0x02, 0x7F, 0x02, 0x7F, 0x02, 0x46, 0x1E, 0x1A, 0xFF, 0xEE, 0xEE, 0x2E, 0x80, 0x33 ; file 3DF38B
db 0x33, 0x76, 0xB3, 0xFF, 0xCC, 0xCC, 0x76, 0x6F, 0x66, 0xEE, 0x2C, 0x53, 0xFF, 0x98, 0x99, 0x76 ; file 3DF39B
db 0x2C, 0xC6, 0xCC, 0xB3, 0x53, 0xFF, 0xCE, 0x8C, 0xAE, 0x60, 0x08, 0xFF, 0xDC, 0xD0, 0xFF, 0x80 ; file 3DF3AB
db 0xEC, 0xD0, 0x1B, 0xCC, 0xEC, 0x1B, 0x37, 0xFF, 0x33, 0x99, 0x59, 0x09, 0xBA, 0xAA, 0xFF, 0x20 ; file 3DF3BB
db 0x83, 0x77, 0xF7, 0x7F, 0x5C, 0x7F, 0x02, 0x7F, 0x02, 0x7F, 0x02, 0x42, 0x20, 0x1A, 0xFF, 0xCE ; file 3DF3CB
db 0xEE, 0x6F, 0x4F, 0x33, 0x33, 0x76, 0xB3, 0xFF, 0xEE, 0xCC, 0x76, 0x2F, 0x31, 0x77, 0x0D, 0x06 ; file 3DF3DB
db 0xFF, 0xCE, 0x8C, 0x0D, 0x53, 0x10, 0x73, 0x2F, 0xB3, 0xFF, 0xC0, 0xCC, 0x53, 0xAE, 0xCC, 0x8C ; file 3DF3EB
db 0xDC, 0x60, 0xFF, 0xCC, 0xCE, 0x74, 0x59, 0xC9, 0xEC, 0x32, 0x59, 0xFF, 0xEE, 0x26, 0x59, 0x37 ; file 3DF3FB
db 0x26, 0xB3, 0xFF, 0x36, 0x83, 0x77, 0x77, 0x7F, 0x5C, 0x7F, 0x02, 0x7F, 0x02, 0x7F, 0x02, 0x42 ; file 3DF40B
db 0x20, 0xC3, 0xFF, 0xFF, 0xEE, 0x56, 0x92, 0x11, 0x3B, 0x76, 0x0D, 0xFF, 0x31, 0xE6, 0x2C, 0x53 ; file 3DF41B
db 0x8C, 0x39, 0x0D, 0x2F, 0xFF, 0x70, 0xCE, 0x2F, 0x53, 0xCE, 0x8C, 0x53, 0x0A, 0xFF, 0xCF, 0x70 ; file 3DF42B
db 0x0A, 0x9E, 0x0F, 0xF4, 0xDC, 0x03, 0xFF, 0x0F, 0xCC, 0x03, 0x32, 0xFE, 0x07, 0x32, 0x59, 0xFF ; file 3DF43B
db 0xC9, 0xEC, 0x1B, 0x37, 0xCC, 0x66, 0xFF, 0xCF, 0x83, 0x7F, 0x77, 0x7F, 0x5C, 0x7F, 0x02, 0x7F ; file 3DF44B
db 0x02, 0x7F, 0x02, 0x45, 0x1E, 0x2E, 0xFF, 0xA6, 0x8C, 0x0A, 0x2F, 0x30, 0x31, 0xF7, 0x0D, 0xFF ; file 3DF45B
db 0x2F, 0x60, 0xCC, 0xB3, 0xAE, 0xCE, 0x38, 0xB3, 0xFF, 0x0A, 0x10, 0xFF, 0x06, 0xAE, 0xE0, 0xEE ; file 3DF46B
db 0xAE, 0xFF, 0x0A, 0xC8, 0xEE, 0xDC, 0x03, 0xC0, 0xFE, 0x03, 0xFF, 0xA8, 0x81, 0xEC, 0x32, 0x1B ; file 3DF47B
db 0xEC, 0x13, 0xAE, 0x07, 0xBE, 0x01, 0x88, 0x7F, 0x58, 0x7F, 0x02, 0x7F, 0x02, 0x7F, 0x02, 0x4A ; file 3DF48B
db 0x1C, 0xFF, 0x3A, 0xFF, 0xEE, 0xAE, 0x65, 0x28, 0xB1, 0xB3, 0xFF, 0x60, 0x10, 0xF7, 0x2F, 0x06 ; file 3DF49B
db 0x30, 0xEF, 0x06, 0xFF, 0xAE, 0xEF, 0x88, 0xAE, 0xDC, 0xFF, 0x08, 0x0A, 0xFF, 0x03, 0xFF, 0xF0 ; file 3DF4AB
db 0xDC, 0x03, 0xFE, 0xC0, 0x03, 0xFF, 0x32, 0xC8, 0x3E, 0x1B, 0x7A, 0xAC, 0xED, 0xFF, 0x07, 0x25 ; file 3DF4BB
db 0x37, 0x13, 0x7F, 0x58, 0x7F, 0x02, 0x7F, 0x02, 0x7F, 0x02, 0x4E, 0x1A, 0xFF, 0x9A, 0xFF, 0xCE ; file 3DF4CB
db 0x77, 0x65, 0x0C, 0x90, 0xDC, 0xFF, 0x12, 0x10, 0xF7, 0xAE, 0x03, 0x00, 0xFF, 0x0A, 0xFF, 0x60 ; file 3DF4DB
db 0x40, 0xFF, 0xDC, 0x74, 0xF0, 0xFE, 0x03, 0xFF, 0x74, 0xC0, 0xEF, 0x32, 0xA5, 0xC8, 0xFF, 0xFF ; file 3DF4EB
db 0x7F, 0xB5, 0x17, 0x00, 0xFF, 0x3C, 0xFF, 0x7F, 0x7F, 0x56, 0xF0, 0x7F, 0x02, 0x7F, 0x02, 0x7F ; file 3DF4FB
db 0x02, 0x56, 0x16, 0xC1, 0xFF, 0x08, 0xFF, 0xFF, 0xC1, 0x0F, 0x00, 0x0D, 0x9A, 0x0C, 0x80, 0xFF ; file 3DF50B
db 0xFF, 0x68, 0x03, 0x00, 0xFF, 0xA5, 0x1F, 0x00, 0xFF, 0x07, 0x9D, 0xFF, 0x03, 0x7F, 0x4E, 0x7F ; file 3DF51B
db 0x02, 0x7F, 0x02, 0x7F, 0x02, 0x7F, 0x02, 0x00, 0x7F, 0x02, 0x7F, 0x02, 0x7F, 0x02, 0x7F, 0x02 ; file 3DF52B
db 0x7F, 0x02, 0x7F, 0x02, 0x7F, 0x02, 0x7F, 0x02, 0x00, 0x7F, 0x02, 0x7F, 0x02, 0x7F, 0x02, 0x7F ; file 3DF53B
db 0x02, 0x7F, 0x02, 0x7F, 0x02, 0x7F, 0x02, 0x7F, 0x02, 0x00, 0x7F, 0x02, 0x7F, 0x02, 0x7F, 0x02 ; file 3DF54B
db 0x7F, 0x02, 0x7F, 0x02, 0x7F, 0x02, 0x7F, 0x02, 0x7F, 0x02, 0x00, 0x7F, 0x02, 0x7F, 0x02, 0x7F ; file 3DF55B
db 0x02, 0x7F, 0x02, 0x7F, 0x02, 0x7F, 0x02, 0x7F, 0x02, 0x7F, 0x02, 0x00, 0x7F, 0x02, 0x7F, 0x02 ; file 3DF56B
db 0x7F, 0x02, 0x7F, 0x02, 0x7F, 0x02, 0x7F, 0x02, 0x7F, 0x02, 0x7F, 0x02, 0x00, 0x7F, 0x02, 0x7F ; file 3DF57B
db 0x02, 0x7F, 0x02, 0x7F, 0x02, 0x7F, 0x02, 0x7F, 0x02, 0x7F, 0x02, 0x7F, 0x02, 0x00, 0x7F, 0x02 ; file 3DF58B
db 0x7F, 0x02, 0x7F, 0x02, 0x7F, 0x02, 0x7F, 0x02, 0x7F, 0x02, 0x7F, 0x02, 0x7F, 0x02, 0x00, 0x7F ; file 3DF59B
db 0x02, 0x7F, 0x02, 0x7F, 0x02, 0x7F, 0x02, 0x7F, 0x02, 0x7F, 0x02, 0x7F, 0x02, 0x7F, 0x02, 0x00 ; file 3DF5AB
db 0x7F, 0x02, 0x7F, 0x02, 0x7F, 0x02, 0x7F, 0x02, 0x7F, 0x02, 0x7F, 0x02, 0x7F, 0x02, 0x7F, 0x02 ; file 3DF5BB
db 0x00, 0x7F, 0x02, 0x7F, 0x02, 0x7F, 0x02, 0x7F, 0x02, 0x7F, 0x02, 0x7F, 0x02, 0x7F, 0x02, 0x7F ; file 3DF5CB
db 0x02, 0x00, 0x7F, 0x02, 0x7F, 0x02, 0x7F, 0x02, 0x7F, 0x02, 0x7F, 0x02, 0x7F, 0x02, 0x7F, 0x02 ; file 3DF5DB
db 0x7F, 0x02, 0x00, 0x7F, 0x02, 0x7F, 0x02, 0x7F, 0x02, 0x7F, 0x02, 0x7F, 0x02, 0x7F, 0x02, 0x7F ; file 3DF5EB
db 0x02, 0x7F, 0x02, 0x00, 0x7F, 0x02, 0x7F, 0x02, 0x7F, 0x02, 0x7F, 0x02, 0x7F, 0x02, 0x7F, 0x02 ; file 3DF5FB
db 0x7F, 0x02, 0x7F, 0x02, 0x00, 0x7F, 0x02, 0x7F, 0x02, 0x7F, 0x02, 0x7F, 0x02, 0x7F, 0x02, 0x7F ; file 3DF60B
db 0x02, 0x7F, 0x02, 0x7F, 0x02, 0x00, 0x7F, 0x02, 0x7F, 0x02, 0x7F, 0x02, 0x7F, 0x02, 0x7F, 0x02 ; file 3DF61B
db 0x7F, 0x02, 0x7F, 0x02, 0x7F, 0x02, 0x00, 0x7F, 0x02, 0x7F, 0x02, 0x7F, 0x02, 0x7F, 0x02, 0x7F ; file 3DF62B
db 0x02, 0x7F, 0x02, 0x7F, 0x02, 0x7F, 0x02, 0x00, 0x7F, 0x02, 0x7F, 0x02, 0x7F, 0x02, 0x7F, 0x02 ; file 3DF63B
db 0x7F, 0x02, 0x7F, 0x02, 0x7F, 0x02, 0x7F, 0x02, 0x00, 0x7F, 0x02, 0x7F, 0x02, 0x7F, 0x02, 0x7F ; file 3DF64B
db 0x02, 0x7F, 0x02, 0x7F, 0x02, 0x7F, 0x02, 0x7F, 0x02, 0x00, 0x7F, 0x02, 0x7F, 0x02, 0x7F, 0x02 ; file 3DF65B
db 0x7F, 0x02, 0x7F, 0x02, 0x7F, 0x02, 0x7F, 0x02, 0x7F, 0x02, 0x00, 0x7F, 0x02, 0x7F, 0x02, 0x7F ; file 3DF66B
db 0x02, 0x7F, 0x02, 0x7F, 0x02, 0x7F, 0x02, 0x7F, 0x02, 0x7F, 0x02, 0x00, 0x7F, 0x02, 0x7F, 0x02 ; file 3DF67B
db 0x7F, 0x02, 0x7F, 0x02, 0x7F, 0x02, 0x7F, 0x02, 0x7F, 0x02, 0x7F, 0x02, 0x00, 0x7F, 0x02, 0x7F ; file 3DF68B
db 0x02, 0x7F, 0x02, 0x7F, 0x02, 0x7F, 0x02, 0x7F, 0x02, 0x7F, 0x02, 0x7F, 0x02, 0x00, 0x7F, 0x02 ; file 3DF69B
db 0x7F, 0x02, 0x7F, 0x02, 0x7F, 0x02, 0x7F, 0x02, 0x7F, 0x02, 0x7F, 0x02, 0x7F, 0x02, 0x00, 0x7F ; file 3DF6AB
db 0x02, 0x7F, 0x02, 0x7F, 0x02, 0x7F, 0x02, 0x7F, 0x02, 0x7F, 0x02, 0x7F, 0x02, 0x7F, 0x02, 0x00 ; file 3DF6BB
db 0x7F, 0x02, 0x2D, 0x02, 0x00, 0x00, 0xFF, 0x25, 0x77, 0xCD, 0x08, 0x00, 0x00, 0x1F, 0x05, 0xD7 ; file 3DF6CB
db 0x00, 0x00, 0x61, 0x2B, 0x00, 0x6B, 0x29, 0x00, 0x63, 0x60, 0xFD, 0xFF, 0x25, 0x00, 0x2F, 0x6F ; file 3DF6DB
db 0x0D, 0x77, 0x76, 0x76, 0xFD, 0x2C, 0x26, 0x02, 0x06, 0x59, 0xFF, 0xFF, 0x53, 0x32, 0xEB, 0x73 ; file 3DF6EB
db 0xFF, 0x2A, 0x06, 0x6A, 0x07, 0x06, 0xFF, 0x7E, 0x6F, 0xEF, 0xFF, 0x03, 0x2C, 0x2E, 0x21, 0x08 ; file 3DF6FB
db 0x7E, 0x03, 0x60, 0xFF, 0x60, 0x2C, 0x6F, 0x6F, 0x6F, 0x2C, 0x2E, 0x76, 0xBF, 0x76, 0x0D, 0x60 ; file 3DF70B
db 0x2E, 0x76, 0x2E, 0x81, 0x09, 0x53, 0xFF, 0x77, 0x2F, 0x53, 0xAE, 0x53, 0x06, 0x53, 0x0A, 0xFF ; file 3DF71B
db 0x60, 0x0A, 0x59, 0x09, 0xFF, 0x03, 0x59, 0x37, 0x3F, 0xFF, 0x63, 0x1B, 0xBA, 0xFF, 0x9E, 0xC0 ; file 3DF72B
db 0x0A, 0x6A, 0x10, 0xF1, 0x68, 0x48, 0x0A, 0x03, 0x11, 0x63, 0x12, 0x7E, 0x32, 0xFF, 0x2F, 0xFF ; file 3DF73B
db 0x2E, 0x09, 0xCF, 0x2E, 0x2E, 0x09, 0x09, 0x60, 0xFF, 0x66, 0x2F, 0x2F, 0x6F, 0xC8, 0x06, 0x2F ; file 3DF74B
db 0x2C, 0xFD, 0x53, 0x80, 0x00, 0xAE, 0xAE, 0xB3, 0x2C, 0x60, 0x76, 0x6E, 0x00, 0x0D, 0x76, 0x76 ; file 3DF75B
db 0x2E, 0x00, 0x16, 0x6F, 0x2F, 0x60, 0x00, 0xFF, 0x53, 0x60, 0xB3, 0xDC, 0x03, 0x1B, 0x53, 0x60 ; file 3DF76B
db 0xBF, 0xC8, 0x09, 0x0A, 0x03, 0x1B, 0x37, 0x60, 0x01, 0x37, 0xDD, 0x60, 0xA0, 0x17, 0xFF, 0x09 ; file 3DF77B
db 0xCF, 0x80, 0x00, 0x09, 0xFF, 0x7F, 0xFF, 0x37, 0x37, 0xFF, 0xFF, 0x63, 0x6D, 0xEF, 0x0E, 0xFF ; file 3DF78B
db 0x0A, 0x2E, 0xFF, 0x7E, 0x2E, 0x2E, 0xFF, 0x2E, 0xE7, 0x2E, 0x2E, 0x2F, 0x80, 0x00, 0xA0, 0x0A ; file 3DF79B
db 0x74, 0x09, 0x2E, 0xFB, 0x2E, 0x53, 0x83, 0x00, 0x6F, 0x6F, 0x09, 0x60, 0xDC, 0xFF, 0x0A, 0x06 ; file 3DF7AB
db 0x77, 0x74, 0xDC, 0x53, 0x77, 0x1B, 0xFF, 0x60, 0x53, 0x2F, 0x59, 0x03, 0xAE, 0x2F, 0x60, 0xFF ; file 3DF7BB
db 0x6F, 0x2C, 0xB3, 0x53, 0x2C, 0x2F, 0x06, 0xAE, 0xFF, 0xB3, 0x06, 0xAE, 0xB8, 0x06, 0x53, 0xAE ; file 3DF7CB
db 0xDC, 0xFB, 0x60, 0xB8, 0xE3, 0x0D, 0x59, 0x60, 0x74, 0x1B, 0x1B, 0xD5, 0x03, 0x80, 0x00, 0x60 ; file 3DF7DB
db 0xC0, 0x1C, 0xFF, 0xC0, 0x1D, 0xFF, 0x1B, 0x55, 0x4E, 0x83, 0x00, 0x6E, 0xEB, 0x27, 0x67, 0xE1 ; file 3DF7EB
db 0x2D, 0xAE, 0x60, 0x2E, 0xEF, 0x6F, 0xFF, 0xFF, 0x7D, 0x82, 0x00, 0x02, 0x2E, 0x6F, 0xDF, 0x60 ; file 3DF7FB
db 0x6F, 0x6F, 0x0D, 0x09, 0x80, 0x00, 0xC8, 0x0D, 0xFF, 0x0D, 0x2C, 0xB8, 0x0D, 0x2C, 0x77, 0x2F ; file 3DF80B
db 0x60, 0xFF, 0x37, 0x74, 0xDC, 0x2F, 0x09, 0x74, 0x0A, 0x2F, 0xFB, 0x09, 0x32, 0x00, 0x01, 0x1B ; file 3DF81B
db 0xDC, 0xB3, 0x01, 0xAE, 0x7F, 0x0A, 0x17, 0x74, 0xA8, 0x60, 0x1B, 0x20, 0x20, 0x0B, 0xF8, 0x00 ; file 3DF82B
db 0x36, 0x85, 0x00, 0xB0, 0x0B, 0x7D, 0x0D, 0xFF, 0xFF, 0xBC, 0x76, 0x80, 0x00, 0x0A, 0x2C, 0x20 ; file 3DF83B
db 0x3A, 0x77, 0x60, 0x0D, 0x22, 0x00, 0xED, 0x2C, 0x21, 0x00, 0x77, 0x2F, 0x20, 0x00, 0x60, 0x2C ; file 3DF84B
db 0x2C, 0xAB, 0x2F, 0x2F, 0x60, 0x00, 0xB3, 0x60, 0x00, 0x06, 0x60, 0x00, 0x53, 0xFF, 0x60, 0x09 ; file 3DF85B
db 0x59, 0xDC, 0x06, 0x03, 0x59, 0xDC, 0xFF, 0x53, 0xDC, 0x37, 0x60, 0x53, 0x53, 0x09, 0x60, 0xBF ; file 3DF86B
db 0x53, 0x60, 0x0A, 0x0A, 0x0A, 0x9E, 0x83, 0x00, 0xDC, 0xFD, 0x74, 0x60, 0x01, 0xD0, 0x60, 0xD0 ; file 3DF87B
db 0xA8, 0xA8, 0xA8, 0xFE, 0x84, 0x00, 0xCF, 0xD0, 0xA8, 0x59, 0xFF, 0x60, 0xBA, 0xFC, 0x2C, 0x36 ; file 3DF88B
db 0x8F, 0x1C, 0x2C, 0x6F, 0x2F, 0x21, 0x2E, 0x2E, 0xDF, 0xB3, 0x53, 0x2E, 0x76, 0x0D, 0x80, 0x00 ; file 3DF89B
db 0x6F, 0x60, 0xFE, 0x60, 0x0F, 0xB3, 0xB3, 0xB3, 0x06, 0x06, 0xAE, 0x53, 0xFF, 0x53, 0x53, 0x06 ; file 3DF8AB
db 0x0A, 0xAE, 0x53, 0x60, 0x06, 0xF5, 0x06, 0x40, 0x01, 0x53, 0xE0, 0x43, 0x53, 0xAE, 0x0A, 0xAE ; file 3DF8BB
db 0xFE, 0x40, 0x0D, 0x60, 0xAE, 0x32, 0xDC, 0x53, 0x0A, 0x03, 0xBE, 0x40, 0x2E, 0x9E, 0x63, 0x9E ; file 3DF8CB
db 0xDC, 0x03, 0xC0, 0x0E, 0x0A, 0xBF, 0xDC, 0x9E, 0xD0, 0x9E, 0x74, 0xD0, 0x25, 0x00, 0x1B, 0x3F ; file 3DF8DB
db 0x60, 0xD0, 0xD0, 0xFF, 0xFF, 0xD0, 0x20, 0x3A, 0x21, 0x20, 0xAA, 0x81, 0x56, 0x6F, 0x2B, 0x53 ; file 3DF8EB
db 0x66, 0xE9, 0x48, 0x7D, 0xA0, 0x5A, 0x3E, 0x9B, 0x60, 0x6F, 0x20, 0x51, 0x6F, 0x6F, 0x80, 0x00 ; file 3DF8FB
db 0xC0, 0x20, 0x6F, 0xFF, 0x76, 0x06, 0x2F, 0x60, 0x77, 0xAE, 0xDC, 0xDC, 0x6F, 0x2F, 0x06, 0x0A ; file 3DF90B
db 0x03, 0x40, 0x38, 0xDC, 0xB3, 0xE1, 0x37, 0xEE, 0x80, 0x1C, 0x9E, 0x74, 0x03, 0x20, 0x00, 0x32 ; file 3DF91B
db 0xA8, 0x1B, 0xCB, 0x63, 0x4A, 0xE0, 0x38, 0x03, 0x40, 0x0E, 0xA0, 0x0E, 0x09, 0x1B, 0x33, 0x37 ; file 3DF92B
db 0x20, 0xE2, 0x38, 0xC0, 0x0E, 0x09, 0xFF, 0xC0, 0x48, 0xA6, 0x64, 0x69, 0x70, 0xD0, 0x0E, 0xC0 ; file 3DF93B
db 0x0D, 0x21, 0x00, 0x3A, 0x2F, 0x6F, 0x60, 0x3A, 0xDF, 0x0D, 0x60, 0x2C, 0x0D, 0x2C, 0x80, 0x44 ; file 3DF94B
db 0xB3, 0x06, 0x19, 0x2C, 0x60, 0x1C, 0xA0, 0x0D, 0xDC, 0x60, 0x60, 0x1C, 0x40, 0x49, 0xE0, 0x2A ; file 3DF95B
db 0xCF, 0x60, 0x03, 0x32, 0xDC, 0x00, 0x0E, 0xA0, 0x0C, 0x1B, 0x1B, 0x1F, 0xDC, 0x74, 0xD0, 0xBA ; file 3DF96B
db 0x1B, 0xE0, 0x52, 0x81, 0x29, 0x82, 0x55, 0xF4, 0xA9, 0x60, 0xAC, 0x0C, 0x65, 0x49, 0x64, 0x77 ; file 3DF97B
db 0xFF, 0xFF, 0x51, 0x77, 0x6F, 0x60, 0x21, 0x80, 0x75, 0x6F, 0x0D, 0x2C, 0x60, 0x76, 0x8F, 0x2F ; file 3DF98B
db 0x06, 0x0D, 0x2F, 0x01, 0x60, 0xE0, 0x6C, 0x20, 0x52, 0x74, 0xF2, 0xA0, 0x28, 0xD0, 0xA0, 0x36 ; file 3DF99B
db 0xC0, 0x36, 0xD0, 0x68, 0xFF, 0xD0, 0xAF, 0x28, 0xFF, 0xFF, 0xC8, 0x00, 0x7C, 0x68, 0x80, 0x7C ; file 3DF9AB
db 0x71, 0xF2, 0x0B, 0x79, 0x64, 0xCD, 0x6E, 0x00, 0x7F, 0x3E, 0x6F, 0x0D, 0x79, 0x84, 0x80, 0x78 ; file 3DF9BB
db 0xC0, 0x51, 0x2F, 0x60, 0x79, 0x80, 0x45, 0x40, 0x5D, 0xA0, 0x5D, 0x0A, 0x6A, 0x80, 0x0B, 0x9E ; file 3DF9CB
db 0x81, 0x0B, 0x60, 0xA0, 0x16, 0x61, 0x03, 0xA0, 0x0A, 0x62, 0x82, 0x0B, 0xCE, 0x8E, 0x0A, 0x88 ; file 3DF9DB
db 0x89, 0x47, 0x79, 0x77, 0x6F, 0x60, 0x00, 0xB3, 0x6F, 0x77, 0xA0, 0x30, 0x00, 0x31, 0x2C, 0x60 ; file 3DF9EB
db 0x80, 0x16, 0x06, 0xD4, 0x40, 0x68, 0xC0, 0x68, 0x53, 0x82, 0x0B, 0x60, 0x22, 0x16, 0xDC, 0xD0 ; file 3DF9FB
db 0xB5, 0xD0, 0x20, 0x22, 0x28, 0x00, 0x17, 0x68, 0x60, 0xE0, 0x3C, 0xFF, 0xF0, 0x80, 0x0B, 0xE6 ; file 3DFA0B
db 0x92, 0x0B, 0x3D, 0xCA, 0x85, 0xBE, 0xBE, 0x06, 0x2C, 0x85, 0x77, 0x26, 0x98, 0x63, 0xE1, 0x5A ; file 3DFA1B
db 0xA0, 0x4C, 0x46, 0x9A, 0x20, 0x4E, 0x53, 0xFC, 0x81, 0x00, 0x66, 0x9C, 0x53, 0x0A, 0x59, 0x73 ; file 3DFA2B
db 0x53, 0x0A, 0xAB, 0xAE, 0x0D, 0xE1, 0x12, 0x2E, 0x60, 0x00, 0x6F, 0xE0, 0x7E, 0x6F, 0x72, 0x60 ; file 3DFA3B
db 0x00, 0x0D, 0x40, 0x70, 0x82, 0x29, 0x2F, 0x0D, 0x77, 0xE1, 0x13, 0x99, 0xB3, 0x02, 0x2A, 0x80 ; file 3DFA4B
db 0x1E, 0x0A, 0x03, 0x60, 0x1F, 0xE0, 0x13, 0x74, 0x73, 0xD0, 0x60, 0xE0, 0x13, 0x00, 0x1F, 0xB4 ; file 3DFA5B
db 0xFF, 0xD0, 0xC0, 0xA2, 0xF8, 0xE1, 0x50, 0xEB, 0x4F, 0xCA, 0x4F, 0x0E, 0xFF, 0xFF, 0x8A, 0x6F ; file 3DFA6B
db 0xFE, 0x00, 0xAB, 0x7A, 0xB3, 0xFF, 0xB3, 0x6F, 0x2C, 0x2C, 0xE4, 0x61, 0x0B, 0xA0, 0x6F, 0x60 ; file 3DFA7B
db 0x80, 0x0B, 0x00, 0x14, 0xB3, 0x2C, 0x06, 0xF9, 0x0D, 0x20, 0x52, 0x20, 0x37, 0x60, 0xB3, 0x2F ; file 3DFA8B
db 0x77, 0x77, 0x2A, 0x20, 0x0E, 0x2F, 0x00, 0x03, 0x06, 0xC0, 0x63, 0x2F, 0xE0, 0x64, 0xC0, 0x64 ; file 3DFA9B
db 0xD4, 0xE0, 0x64, 0xC0, 0x01, 0xB3, 0x00, 0x81, 0x77, 0xE0, 0x64, 0x0D, 0x2E, 0x5F, 0x53, 0x0D ; file 3DFAAB
db 0x2E, 0x2E, 0x2C, 0x00, 0x15, 0x6F, 0x60, 0x92, 0xB1, 0x60, 0x81, 0x28, 0xE0, 0x59, 0x60, 0xB5 ; file 3DFABB
db 0x2C, 0x2F, 0xE0, 0x3F, 0xB3, 0x55, 0x60, 0x80, 0x15, 0xAE, 0xE0, 0xAC, 0x0A, 0xE0, 0xAC, 0xDC ; file 3DFACB
db 0x80, 0x69, 0xF3, 0x9E, 0x60, 0xA1, 0x3F, 0x01, 0x67, 0x03, 0xD0, 0xD0, 0x59, 0xC2, 0xE0, 0x67 ; file 3DFADB
db 0xBA, 0x22, 0xA1, 0x49, 0x58, 0x4B, 0x92, 0x86, 0x4B, 0xD5, 0xFF, 0xFF, 0xFF, 0xC4, 0x1A, 0xFF ; file 3DFAEB
db 0xFF, 0xA6, 0x1A, 0x60, 0xFF, 0xC4, 0xA6, 0x2C, 0x2E, 0x1A, 0x2C, 0x2E, 0x6F, 0xF3, 0x56, 0x2E ; file 3DFAFB
db 0xE0, 0x36, 0x00, 0xAC, 0x60, 0x0D, 0x2F, 0xB3, 0x2D, 0x2E, 0xE0, 0x4C, 0x2E, 0xB3, 0x40, 0x11 ; file 3DFB0B
db 0xB3, 0xE1, 0x79, 0xC0, 0x4E, 0xF2, 0x20, 0x1B, 0xB3, 0x40, 0x4F, 0xE0, 0x19, 0xB3, 0x53, 0x0D ; file 3DFB1B
db 0x60, 0x3F, 0x06, 0xB3, 0x6F, 0x6F, 0xB3, 0x2E, 0xE0, 0xBF, 0x80, 0x52, 0xB1, 0x76, 0x61, 0x1B ; file 3DFB2B
db 0xA0, 0x98, 0x80, 0x1E, 0x0D, 0x6F, 0x00, 0xB7, 0x6F, 0x99, 0xB3, 0x00, 0x40, 0x60, 0x9C, 0x6F ; file 3DFB3B
db 0x0D, 0xE0, 0x9C, 0xA0, 0x17, 0x2C, 0x99, 0x77, 0x00, 0x57, 0xA1, 0x4B, 0xB3, 0x06, 0xA0, 0x2D ; file 3DFB4B
db 0x60, 0x64, 0x53, 0x36, 0xA0, 0x34, 0x53, 0xAE, 0x20, 0x41, 0xDC, 0x03, 0x20, 0x18, 0xA0, 0x41 ; file 3DFB5B
db 0x6A, 0x46, 0x58, 0xD0, 0x40, 0x4D, 0x37, 0xC0, 0x4D, 0x32, 0xBE, 0x20, 0x80, 0xE5, 0x1B, 0x0A ; file 3DFB6B
db 0xC5, 0x64, 0xEE, 0x9F, 0x4E, 0x5A, 0x0E, 0x60, 0xFF, 0xFF, 0xCD, 0x1A, 0x56, 0xC4, 0xAA, 0x8F ; file 3DFB7B
db 0x2E, 0x65, 0xFF, 0x92, 0x06, 0x76, 0xAA, 0x65, 0x6F, 0x76, 0x60, 0xEF, 0x76, 0x2E, 0x2C, 0xB3 ; file 3DFB8B
db 0xA0, 0xD3, 0x06, 0x76, 0x6F, 0x85, 0xB3, 0xE0, 0xC6, 0xB3, 0x00, 0xA4, 0x00, 0xD6, 0x81, 0xD6 ; file 3DFB9B
db 0x80, 0xC9, 0x2C, 0xFE, 0x80, 0xC9, 0x77, 0x60, 0x2F, 0x06, 0xB3, 0x76, 0xB3, 0x7B, 0x53, 0x77 ; file 3DFBAB
db 0x80, 0x00, 0x6F, 0x76, 0xB3, 0xAE, 0x61, 0x06, 0xA8, 0x80, 0xBE, 0xA0, 0xCC, 0x86, 0x00, 0x60 ; file 3DFBBB
db 0xE1, 0x37, 0x06, 0x40, 0xB5, 0xB3, 0x58, 0x60, 0xA9, 0xE0, 0x4F, 0xE1, 0x64, 0x2F, 0xB3, 0xA0 ; file 3DFBCB
db 0xAB, 0x06, 0x60, 0x00, 0x60, 0x41, 0x19, 0xA0, 0x9B, 0xA0, 0x9A, 0x00, 0x9B, 0x20, 0x9A, 0xDC ; file 3DFBDB
db 0x03, 0x21, 0x8C, 0xF0, 0x01, 0x67, 0x01, 0x32, 0x41, 0x8B, 0x82, 0x99, 0x9D, 0x21, 0x59, 0xA8 ; file 3DFBEB
db 0xF3, 0x60, 0x59, 0x60, 0x18, 0x00, 0xE2, 0xFF, 0x59, 0x59, 0x39, 0x9F, 0xFF, 0x37, 0x59, 0xBA ; file 3DFBFB
db 0xFF, 0x0B, 0xD4, 0x02, 0x74, 0xC0, 0xFA, 0x84, 0x00, 0xAA, 0x81, 0x00, 0x60, 0x1A, 0xCD, 0x2E ; file 3DFC0B
db 0x76, 0xFB, 0x1A, 0x7D, 0x87, 0x00, 0x60, 0x76, 0x0D, 0xB3, 0x0D, 0xA9, 0x76, 0x80, 0x11, 0x00 ; file 3DFC1B
db 0x01, 0x2C, 0x80, 0x01, 0x2F, 0xC0, 0xE2, 0x6F, 0xD8, 0x41, 0xE2, 0xC2, 0x36, 0x40, 0xF1, 0x2C ; file 3DFC2B
db 0x60, 0x41, 0x18, 0xB3, 0xAE, 0xFB, 0x0D, 0x76, 0xE0, 0x2C, 0x6F, 0xB3, 0x53, 0x06, 0x0D, 0xA2 ; file 3DFC3B
db 0xC0, 0x19, 0x77, 0xC0, 0x19, 0x80, 0x00, 0x21, 0x21, 0x76, 0x00, 0x72, 0x53, 0x53, 0x06, 0xB3 ; file 3DFC4B
db 0xC0, 0xF4, 0xE2, 0xF4, 0x0A, 0xE0, 0xC1, 0xDC, 0xA0, 0x17, 0xBC, 0xC3, 0xB2, 0xE1, 0xC0, 0xDC ; file 3DFC5B
db 0xDC, 0x03, 0x03, 0x20, 0xB1, 0x03, 0xF9, 0xD0, 0x60, 0x32, 0x26, 0x18, 0x17, 0xD0, 0x1B, 0x17 ; file 3DFC6B
db 0x37, 0xFB, 0x1B, 0x60, 0x60, 0xA4, 0xFF, 0x09, 0x59, 0x59, 0x98, 0xFF, 0x59, 0x37, 0x59, 0xCF ; file 3DFC7B
db 0x37, 0x37, 0x59, 0x09, 0xEA, 0xF0, 0x17, 0x85, 0x63, 0x17, 0xC3, 0xE0, 0x17, 0xD5, 0xAA, 0x60 ; file 3DFC8B
db 0xFF, 0x92, 0x7D, 0x2E, 0x2E, 0x35, 0x7D, 0x6F, 0x76, 0x7F, 0x35, 0x71, 0x6F, 0x2E, 0x1A, 0x30 ; file 3DFC9B
db 0x6F, 0xE0, 0xED, 0x37, 0x2C, 0xB3, 0xB3, 0x60, 0x18, 0x06, 0x76, 0x80, 0x98, 0x60, 0xF9, 0x87 ; file 3DFCAB
db 0xB3, 0x60, 0x6F, 0xA0, 0x31, 0x21, 0x32, 0x81, 0x17, 0xC0, 0x1A, 0x76, 0xA9, 0x60, 0xE0, 0xEC ; file 3DFCBB
db 0xA1, 0x2A, 0xAE, 0x60, 0x4D, 0xAE, 0xA0, 0x50, 0x53, 0xF6, 0x40, 0x04, 0x6F, 0x2C, 0xC0, 0x89 ; file 3DFCCB
db 0x2C, 0x53, 0x2F, 0x2C, 0x17, 0x2C, 0xAE, 0xAE, 0x40, 0x1E, 0x2F, 0x20, 0xC9, 0x01, 0x2F, 0xE2 ; file 3DFCDB
db 0xD9, 0xAC, 0x60, 0xDA, 0xE0, 0xC6, 0x74, 0xD0, 0x00, 0x1A, 0x0A, 0x80, 0xCB, 0xAE, 0xBE, 0x40 ; file 3DFCEB
db 0xF4, 0xAE, 0x60, 0xD0, 0x03, 0x60, 0xA0, 0x30, 0x60, 0xF8, 0x60, 0xBD, 0x02, 0x01, 0xC0, 0x01 ; file 3DFCFB
db 0x74, 0x1B, 0x37, 0x03, 0x32, 0xFF, 0x1B, 0x09, 0x74, 0xC8, 0x37, 0x59, 0x32, 0x59, 0xFF, 0x59 ; file 3DFD0B
db 0x32, 0x60, 0x37, 0x1B, 0x1B, 0x59, 0x1B, 0xEF, 0x32, 0x1B, 0x59, 0x32, 0x80, 0x00, 0x74, 0x32 ; file 3DFD1B
db 0xA8, 0xB3, 0x59, 0x16, 0xB2, 0x19, 0x80, 0x63, 0xFF, 0x92, 0x40, 0x9B, 0x2A, 0xFE, 0xC1, 0x9B ; file 3DFD2B
db 0x60, 0x1A, 0x30, 0x0D, 0x6F, 0xAA, 0x8F, 0xFF, 0x2C, 0x6F, 0xAA, 0x12, 0x2F, 0x0D, 0xAA, 0x1A ; file 3DFD3B
db 0x5B, 0x71, 0x2C, 0x60, 0x2F, 0x2C, 0xB3, 0xC0, 0x13, 0x2F, 0x82, 0x18, 0xE2, 0x80, 0xCE, 0x60 ; file 3DFD4B
db 0x40, 0x2E, 0xE5, 0x2E, 0xE1, 0x5C, 0x06, 0x60, 0x2E, 0x00, 0xE0, 0xA9, 0x40, 0x6A, 0x62, 0xAB ; file 3DFD5B
db 0xE0, 0x17, 0x60, 0x2F, 0xC0, 0x44, 0x60, 0x14, 0x40, 0xD2, 0x12, 0x60, 0x78, 0xB3, 0x81, 0x8E ; file 3DFD6B
db 0x60, 0xE4, 0x0A, 0x80, 0x31, 0xC0, 0xD4, 0x80, 0x79, 0xFF, 0xAE, 0xDC, 0x46, 0x0A, 0xAE, 0x60 ; file 3DFD7B
db 0xDC, 0x60, 0xEB, 0x74, 0x32, 0xC0, 0xD2, 0xA8, 0xC0, 0xE1, 0x74, 0x60, 0x60, 0xFF, 0xDC, 0xDC ; file 3DFD8B
db 0x60, 0x1B, 0x1B, 0x32, 0x03, 0x32, 0xD6, 0x80, 0xC8, 0x60, 0x60, 0x82, 0x00, 0x63, 0x00, 0x04 ; file 3DFD9B
db 0x1B, 0x37, 0xF9, 0x63, 0x80, 0x00, 0xE0, 0x1A, 0x59, 0x32, 0x37, 0x37, 0xA8, 0xD6, 0x00, 0x1A ; file 3DFDAB
db 0x59, 0x09, 0x60, 0x1A, 0x09, 0x00, 0x03, 0x09, 0xC8, 0xF7, 0x59, 0x09, 0x36, 0x2D, 0x7E, 0x35 ; file 3DFDBB
db 0x1A, 0x65, 0x2F, 0xFF, 0x9A, 0x85, 0x92, 0x3E, 0xFF, 0xAA, 0x85, 0x8F, 0xEF, 0xFF, 0x12, 0x1A ; file 3DFDCB
db 0x1A, 0x40, 0xD6, 0x6F, 0x76, 0x2F, 0x3C, 0xA0, 0x00, 0xC1, 0x2A, 0x69, 0x53, 0x2F, 0x77, 0x22 ; file 3DFDDB
db 0xBF, 0x20, 0x32, 0xE5, 0x06, 0x01, 0x7D, 0x2C, 0xC0, 0x8D, 0xA0, 0x19, 0x77, 0x77, 0xAE, 0x13 ; file 3DFDEB
db 0x53, 0xB3, 0x01, 0xE7, 0xA1, 0x75, 0xDC, 0x41, 0x95, 0x00, 0x5E, 0x02, 0x97, 0x7B, 0xB3, 0xDC ; file 3DFDFB
db 0xA0, 0xFA, 0x17, 0x06, 0x53, 0x02, 0xE0, 0xDC, 0x7C, 0xA0, 0xDC, 0x40, 0xDD, 0xDC, 0xDC, 0x0A ; file 3DFE0B
db 0xDC, 0xB8, 0x01, 0x14, 0x3C, 0x40, 0x16, 0x80, 0xDE, 0x60, 0x03, 0x4A, 0x59, 0x20, 0x2E, 0x60 ; file 3DFE1B
db 0x2C, 0xFF, 0xA8, 0xD0, 0x60, 0x1B, 0x37, 0xA8, 0x32, 0x59, 0x4F, 0xA8, 0x74, 0xA8, 0xA8, 0xE0 ; file 3DFE2B
db 0x16, 0xE0, 0x1A, 0x59, 0x20, 0x02, 0xFF, 0x37, 0x0E, 0x59, 0x37, 0x37, 0x97, 0x59, 0x37, 0x5F ; file 3DFE3B
db 0xB6, 0xD1, 0x37, 0x59, 0xCA, 0xF0, 0x93, 0x92, 0xE0, 0x5F, 0xF3, 0x97, 0xC9, 0x03, 0xAB, 0x40 ; file 3DFE4B
db 0xF2, 0x12, 0xB8, 0x53, 0xB3, 0xFF, 0x1A, 0x35, 0xB8, 0x53, 0x92, 0x1A, 0x12, 0x60, 0xEF, 0x25 ; file 3DFE5B
db 0x12, 0x92, 0x12, 0xC0, 0xA6, 0x2C, 0x2C, 0xB3, 0x0A, 0xA0, 0x11, 0xAE, 0x60, 0x59, 0x60, 0x60 ; file 3DFE6B
db 0x2A, 0x80, 0xA2, 0x25, 0x42, 0x23, 0x14, 0xE0, 0xA0, 0x42, 0x20, 0x2A, 0x20, 0xA4, 0x60, 0x8D ; file 3DFE7B
db 0x42, 0x74, 0x5B, 0x9E, 0x0A, 0xFF, 0x9F, 0xC7, 0xDC, 0x60, 0xC1, 0x77, 0x74, 0x60, 0x7D, 0x0B ; file 3DFE8B
db 0x00, 0x14, 0x74, 0xC8, 0x1B, 0x37, 0xC8, 0x80, 0x40, 0xFE, 0xE0, 0x40, 0x7C, 0x1B, 0xA8, 0x28 ; file 3DFE9B
db 0xCA, 0x60, 0x1B, 0xFF, 0x87, 0x97, 0xFF, 0x2A, 0x3B, 0xFF, 0xFF, 0x83, 0xCF, 0xD1, 0xFF, 0xFF ; file 3DFEAB
db 0x5B, 0x6E, 0xA6, 0x80, 0xFE, 0x65, 0x1A, 0xFA, 0x60, 0xA5, 0x9A, 0xE7, 0x41, 0x8F, 0x21, 0xDC ; file 3DFEBB
db 0xAE, 0x1A, 0xFF, 0x35, 0x9B, 0xDC, 0x92, 0x35, 0x35, 0x35, 0xD1, 0xCF, 0xCD, 0x35, 0x92, 0x60 ; file 3DFECB
db 0x60, 0x22, 0x20, 0x6A, 0xAE, 0x53, 0x3D, 0x29, 0x60, 0x39, 0x35, 0x12, 0x29, 0x60, 0x40, 0xB9 ; file 3DFEDB
db 0xC0, 0x51, 0xFC, 0xA2, 0x02, 0x01, 0x24, 0x9E, 0xDC, 0x2F, 0xDC, 0xAE, 0x76, 0xD3, 0xDC, 0x2F ; file 3DFEEB
db 0x60, 0x3A, 0xE0, 0x37, 0xA8, 0xE4, 0x82, 0x68, 0xC8, 0xFF, 0x7C, 0xCA, 0xCA, 0x60, 0xA8, 0x68 ; file 3DFEFB
db 0x3B, 0xCA, 0xFF, 0x13, 0x87, 0xCA, 0x97, 0x9F, 0x5B, 0x97, 0xFF, 0x43, 0xA5, 0x48, 0x80, 0x4D ; file 3DFF0B
db 0xA0, 0x10, 0x0A, 0xEB, 0x2B, 0x85, 0x67, 0xE0, 0xDD, 0xFB, 0x25, 0x65, 0x29, 0xEF, 0x60, 0x35 ; file 3DFF1B
db 0x12, 0x92, 0xCD, 0xFF, 0xB5, 0x12, 0x8F, 0x12, 0xFF, 0x0E, 0xC1, 0x12, 0xBE, 0xC2, 0x55, 0xA3 ; file 3DFF2B
db 0x29, 0x03, 0x03, 0x35, 0x20, 0x02, 0xC0, 0xFF, 0xD5, 0x35, 0xD5, 0xFF, 0x0E, 0x25, 0x0E, 0x60 ; file 3DFF3B
db 0xFF, 0x03, 0x03, 0x03, 0x74, 0x7C, 0x61, 0x29, 0xB7, 0xFF, 0xD5, 0x38, 0xD5, 0xC0, 0xBF, 0xBF ; file 3DFF4B
db 0xC3, 0x38, 0xFE, 0xC0, 0xDB, 0xD0, 0xD0, 0x42, 0xB7, 0xB7, 0x13, 0x38, 0xFF, 0xBF, 0xBF, 0x0C ; file 3DFF5B
db 0x8F, 0xC4, 0x3B, 0xC4, 0x60, 0xFF, 0xD0, 0xC8, 0x61, 0xC0, 0x62, 0x8F, 0x6A, 0x3B, 0xDF, 0xBF ; file 3DFF6B
db 0xC3, 0x25, 0x25, 0xD1, 0x20, 0xDA, 0x60, 0x0C, 0xFF, 0xCA, 0x0C, 0x25, 0xA5, 0xA5, 0xD1, 0xFF ; file 3DFF7B
db 0x9F, 0x86, 0xF3, 0xF2, 0x6D, 0xFF, 0xE1, 0xEE, 0xA5, 0x03, 0x03, 0x11, 0x2D, 0x17, 0x71, 0x02 ; file 3DFF8B
db 0x6A, 0x06, 0x6A, 0xE0, 0x01, 0x3F, 0x00, 0x83, 0x03, 0x00, 0x00, 0xFF, 0x25, 0x77, 0xCE, 0x08 ; file 3DFF9B
db 0x00, 0x00, 0x0F, 0x04, 0xD7, 0x00, 0x00, 0x61, 0x19, 0x00, 0x6B, 0x18, 0x00, 0x69, 0x60, 0xFD ; file 3DFFAB
db 0xFF, 0x11, 0x00, 0xAE, 0x6F, 0x2C, 0x77, 0x76, 0x76, 0xDF, 0x0D, 0x2E, 0x76, 0x76, 0x2F, 0x12 ; file 3DFFBB
db 0x01, 0x53, 0xCE, 0xFE, 0x40, 0x01, 0xC8, 0x7A, 0xFF, 0xB8, 0x37, 0x09, 0xFF, 0xFA, 0x0A, 0x03 ; file 3DFFCB
db 0x67, 0x03, 0x03, 0xFF, 0xFF, 0x54, 0xFF, 0xFF, 0xFF, 0x06, 0x6F, 0xFF, 0xB4, 0x2F, 0x2C, 0x60 ; file 3DFFDB
db 0xFF, 0xFF, 0x9B, 0x71, 0xB3, 0x0D, 0x6F, 0x6F, 0x2C, 0x2E, 0xAF, 0x2E, 0x2E, 0x6F, 0x76, 0x50 ; file 3DFFEB
db 0x04, 0x60, 0xC0, 0x00, 0x53, 0xFF, 0x2C, 0x2F, 0x53, 0x0A, 0x53, 0x06, 0x0A, 0x0A, 0xFF, 0xB3 ; file 3DFFFB
db 0xDC, 0x03, 0x32, 0x60, 0x03, 0x59, 0x37, 0xFF, 0xFF, 0x03, 0x1B, 0x7A, 0xFF, 0xD0, 0x28, 0xFF ; file 3E000B
db 0x2F, 0xFF, 0x59, 0x68, 0xFF, 0x2B, 0x05, 0x65, 0x25, 0x05, 0x75, 0x00, 0xFD, 0x30, 0x31, 0x09 ; file 3E001B
db 0x8E, 0xFF, 0x79, 0xAE, 0x09, 0x3E, 0xEF, 0x2E, 0x53, 0x09, 0x2E, 0x40, 0x00, 0x60, 0xFF, 0xAE ; file 3E002B
db 0xFF, 0x2F, 0x2C, 0xFF, 0x06, 0xB3, 0x2C, 0xB4, 0x53, 0x7F, 0x06, 0x2C, 0x09, 0x0A, 0x53, 0x77 ; file 3E003B
db 0x60, 0x80, 0x06, 0xFF, 0x2C, 0x76, 0x76, 0x2E, 0xB3, 0x2E, 0x76, 0x2C, 0xFF, 0x06, 0x6F, 0x6F ; file 3E004B
db 0x2F, 0x53, 0x60, 0x06, 0xB8, 0xFF, 0x32, 0x37, 0xAE, 0x60, 0xC8, 0x37, 0x0A, 0x03, 0xFF, 0x32 ; file 3E005B
db 0x59, 0xDC, 0x03, 0xA8, 0x59, 0x60, 0x09, 0x77, 0x4E, 0xFF, 0xFF, 0xD0, 0x0B, 0xFF, 0x37, 0x37 ; file 3E006B
db 0x40, 0x07, 0xDF, 0x59, 0xFF, 0xFF, 0x63, 0x6D, 0x7F, 0x07, 0xFF, 0x2E, 0xFF, 0xFF, 0xFF, 0x2C ; file 3E007B
db 0x2E, 0xFF, 0x30, 0x2E, 0x2E, 0x1F, 0xFF, 0x6F, 0x2E, 0x2E, 0x60, 0x10, 0x0C, 0xF0, 0x06, 0x41 ; file 3E008B
db 0x00, 0xFF, 0x6F, 0x74, 0x2E, 0x6F, 0x6F, 0xAE, 0x60, 0x09, 0xFF, 0xDC, 0xAE, 0x2F, 0x09, 0x60 ; file 3E009B
db 0x0A, 0x2F, 0x09, 0xFB, 0x59, 0xDC, 0x41, 0x00, 0xB3, 0x60, 0x2C, 0x2F, 0xB3, 0xFF, 0xAE, 0x2F ; file 3E00AB
db 0xB3, 0x53, 0xAE, 0x2F, 0x53, 0xAE, 0xBD, 0xDC, 0x41, 0x00, 0x60, 0x60, 0x63, 0x1B, 0xF1, 0x06 ; file 3E00BB
db 0x1B, 0x25, 0x60, 0x41, 0x00, 0x74, 0x80, 0x00, 0xB1, 0x06, 0x1B, 0x45, 0x00, 0xB0, 0x07, 0x55 ; file 3E00CB
db 0x6E, 0xFB, 0x13, 0x64, 0xF5, 0x13, 0x3E, 0x70, 0x17, 0x7D, 0x41, 0x00, 0x73, 0x60, 0x2F, 0x81 ; file 3E00DB
db 0x13, 0x14, 0x00, 0x0D, 0x6F, 0x0D, 0xF1, 0x13, 0xEB, 0x0D, 0x2F, 0x80, 0x00, 0x2C, 0x30, 0x00 ; file 3E00EB
db 0x77, 0x0D, 0x2C, 0xFF, 0x2C, 0x2F, 0x60, 0x09, 0x59, 0x60, 0xB3, 0x09, 0xFF, 0x09, 0x03, 0x53 ; file 3E00FB
db 0x1B, 0x09, 0x32, 0xB3, 0x60, 0xFF, 0x09, 0x74, 0x06, 0x60, 0xB3, 0xAE, 0x0A, 0xDC, 0x7F, 0xB3 ; file 3E010B
db 0x0A, 0xDC, 0xDC, 0xAE, 0x0A, 0x0A, 0x42, 0x00, 0x9F, 0x17, 0x74, 0xA8, 0x60, 0x1B, 0x00, 0x0F ; file 3E011B
db 0x41, 0x00, 0xA8, 0xA0, 0x41, 0x00, 0x40, 0x1D, 0x9F, 0x07, 0x14, 0x07, 0x00, 0x1F, 0x29, 0x21 ; file 3E012B
db 0x1F, 0x60, 0x55, 0x0D, 0x10, 0x00, 0x2C, 0x12, 0x00, 0x2F, 0x12, 0x00, 0x60, 0x91, 0x00, 0xAA ; file 3E013B
db 0xC0, 0x00, 0xB3, 0x30, 0x00, 0x06, 0x30, 0x00, 0x53, 0x60, 0x07, 0x1B, 0x5B, 0x53, 0x06, 0x40 ; file 3E014B
db 0x00, 0x53, 0x74, 0x40, 0x00, 0x60, 0x00, 0x16, 0xC9, 0x0A, 0x10, 0x07, 0x40, 0x00, 0x9E, 0x80 ; file 3E015B
db 0x07, 0x40, 0x00, 0x9E, 0x74, 0x7F, 0x60, 0x9E, 0xD0, 0xA8, 0xA8, 0xD0, 0x32, 0x40, 0x00, 0xFF ; file 3E016B
db 0xA8, 0xA8, 0xBA, 0xD0, 0xD0, 0x59, 0xFF, 0x60, 0xD8, 0xE0, 0x16, 0xFA, 0x1C, 0x7F, 0x08, 0xFF ; file 3E017B
db 0xAE, 0x60, 0x17, 0x2E, 0x76, 0x77, 0xFF, 0x30, 0x76, 0x40, 0x00, 0x2E, 0x76, 0x60, 0xD0, 0x07 ; file 3E018B
db 0xFF, 0xB3, 0x77, 0x53, 0x06, 0x06, 0x76, 0x06, 0xAE, 0xFD, 0x53, 0xE0, 0x27, 0x0A, 0x01, 0x53 ; file 3E019B
db 0x0A, 0x60, 0xAE, 0xFB, 0x0A, 0x59, 0x30, 0x0E, 0x74, 0xAE, 0x0A, 0x9E, 0x03, 0xFF, 0x03, 0xDC ; file 3E01AB
db 0x03, 0x74, 0x74, 0x60, 0xDC, 0xDC, 0xEF, 0x74, 0xD0, 0x9E, 0xD0, 0x16, 0x00, 0x1B, 0x60, 0xD0 ; file 3E01BB
db 0xB7, 0xD0, 0xCF, 0xFF, 0x00, 0x07, 0xFF, 0x1B, 0xF4, 0x28, 0x6F, 0xFE, 0x8E, 0x06, 0x06, 0x6F ; file 3E01CB
db 0x76, 0xFF, 0xAE, 0x0D, 0x76, 0xFF, 0xFF, 0x0D, 0x6F, 0x2C, 0xFF, 0xB3, 0x6F, 0x0D, 0xFF, 0x60 ; file 3E01DB
db 0x76, 0x0D, 0x2F, 0xDC, 0x76, 0x0D, 0xB3, 0xF7, 0x53, 0x6F, 0x77, 0x40, 0x1C, 0x2F, 0x06, 0xAE ; file 3E01EB
db 0x60, 0xEF, 0x60, 0x9E, 0xDC, 0x60, 0xB0, 0x22, 0xD0, 0xB8, 0x60, 0xD3, 0x74, 0x1B, 0x50, 0x06 ; file 3E01FB
db 0x40, 0x1C, 0x74, 0xC2, 0x05, 0x7A, 0x59, 0xFF, 0x37, 0x59, 0x2A, 0x1B, 0x59, 0xCE, 0xFF, 0x60 ; file 3E020B
db 0x57, 0xD0, 0x1B, 0xCF, 0xCA, 0x29, 0x70, 0xCB, 0x30, 0x63, 0xAD, 0x2B, 0xFF, 0x51, 0x60, 0xFF ; file 3E021B
db 0x2F, 0x2C, 0x2C, 0x21, 0x6F, 0x5D, 0x2F, 0x00, 0x07, 0x2F, 0x53, 0x6F, 0x40, 0x30, 0x60, 0x50 ; file 3E022B
db 0x0D, 0xF3, 0xAE, 0x06, 0x90, 0x22, 0xD1, 0x22, 0xDC, 0xDC, 0x9E, 0x9E, 0xEB, 0x60, 0xDC, 0x70 ; file 3E023B
db 0x22, 0x9E, 0xB0, 0x0C, 0x74, 0xA8, 0x59, 0xFB, 0xBB, 0x4A, 0x60, 0x36, 0x60, 0x1B, 0xC8, 0xFF ; file 3E024B
db 0xFF, 0x58, 0x40, 0x31, 0x5F, 0x06, 0x57, 0x06, 0x30, 0x6F, 0x80, 0x2A, 0x0D, 0x00, 0x37, 0xDE ; file 3E025B
db 0xC0, 0x05, 0x0D, 0x2F, 0x60, 0x0D, 0xE0, 0x0B, 0x2C, 0xB3, 0x6B, 0x53, 0x0A, 0x50, 0x0C, 0xDC ; file 3E026B
db 0x70, 0x00, 0x03, 0x60, 0xD0, 0x11, 0xFF, 0xD0, 0x03, 0xD0, 0xD0, 0x57, 0x74, 0xD0, 0xC8, 0x3F ; file 3E027B
db 0xFF, 0xD0, 0xD0, 0xFF, 0xFF, 0x71, 0x4B, 0x3B, 0x35, 0x3B, 0xFF, 0x2C, 0xFF, 0xFF, 0xB8, 0x6F ; file 3E028B
db 0xFF, 0x71, 0x6F, 0xE7, 0x6F, 0x60, 0x2C, 0xC0, 0x09, 0x60, 0x26, 0x06, 0x0D, 0x77, 0xB9, 0x2F ; file 3E029B
db 0xA0, 0x3A, 0xC0, 0x10, 0x53, 0xAE, 0x9E, 0xE0, 0x16, 0x03, 0xFB, 0xD0, 0x0A, 0x50, 0x16, 0xDC ; file 3E02AB
db 0x03, 0xD0, 0x28, 0x60, 0x6F, 0xD0, 0xB7, 0xFF, 0xFF, 0xA0, 0x04, 0xFF, 0x7C, 0x6F, 0x09, 0xFA ; file 3E02BB
db 0xF0, 0x43, 0x6A, 0x49, 0x3B, 0x53, 0xFF, 0xFF, 0x42, 0x2E, 0x9F, 0x60, 0xFF, 0x2C, 0x6F, 0x0D ; file 3E02CB
db 0x32, 0x00, 0xB3, 0x05, 0xB3, 0x97, 0x60, 0x2F, 0x06, 0x20, 0x0A, 0x53, 0x90, 0x2A, 0x20, 0x0A ; file 3E02DB
db 0x53, 0x0E, 0xC3, 0x22, 0xD0, 0x68, 0x74, 0x30, 0x40, 0x90, 0x0A, 0xA2, 0x40, 0x3B, 0x1B, 0x9C ; file 3E02EB
db 0x96, 0x45, 0x02, 0x49, 0x21, 0xB8, 0x30, 0x72, 0x40, 0xB6, 0x41, 0xB3, 0xFC, 0x11, 0x1B, 0x98 ; file 3E02FB
db 0x42, 0xDD, 0x3E, 0x29, 0xCC, 0x6F, 0x60, 0x9F, 0xFF, 0x21, 0x2E, 0x6F, 0x3E, 0xB0, 0x3A, 0xA0 ; file 3E030B
db 0x47, 0x2C, 0xCD, 0x2E, 0x00, 0x08, 0x60, 0x0D, 0xE0, 0x0C, 0x50, 0x3A, 0x53, 0x2F, 0x74, 0x20 ; file 3E031B
db 0x3A, 0x11, 0x08, 0x60, 0xF0, 0x11, 0xD0, 0x0A, 0xDC, 0x52, 0x0D, 0x2D, 0xD0, 0x70, 0x00, 0xD0 ; file 3E032B
db 0x60, 0xD0, 0x07, 0xFF, 0x70, 0x48, 0x36, 0x17, 0xEC, 0x1B, 0x2A, 0xD6, 0x48, 0x7D, 0xFF, 0xB0 ; file 3E033B
db 0x16, 0x7D, 0x6F, 0x0D, 0x9F, 0x77, 0x60, 0xFF, 0x71, 0xB3, 0x70, 0x38, 0x40, 0x2A, 0x2F, 0x5B ; file 3E034B
db 0xB3, 0x2C, 0x80, 0x4E, 0x0D, 0x60, 0x90, 0x00, 0xB3, 0x40, 0x32, 0x75, 0x77, 0xD0, 0x13, 0x2F ; file 3E035B
db 0xC1, 0x00, 0x1D, 0xB3, 0x06, 0xF0, 0x1D, 0x0F, 0x0D, 0x2E, 0x06, 0x0D, 0x30, 0x08, 0xD1, 0x08 ; file 3E036B
db 0x80, 0x3C, 0x41, 0x50, 0xAA, 0x21, 0x16, 0x2F, 0x15, 0x09, 0x60, 0x00, 0x1B, 0xDC, 0x20, 0x11 ; file 3E037B
db 0xDC, 0x2A, 0xA0, 0x43, 0x03, 0xC1, 0x2D, 0x60, 0xD0, 0x26, 0xCE, 0x20, 0x2D, 0x10, 0x1B, 0x52 ; file 3E038B
db 0x31, 0x11, 0x68, 0x2C, 0x2C, 0xCA, 0x25, 0xC0, 0x40, 0x5A, 0xC9, 0x90, 0x5A, 0xFF, 0xC0, 0x77 ; file 3E039B
db 0xFF, 0x65, 0x0D, 0x2E, 0x35, 0x56, 0x57, 0x2E, 0x6F, 0x14, 0x10, 0x0F, 0x60, 0x10, 0x26, 0x2F ; file 3E03AB
db 0x30, 0x06, 0xB5, 0x2E, 0xF0, 0x26, 0x2E, 0x30, 0x00, 0x6F, 0x60, 0xF0, 0x43, 0x77, 0xFA, 0x30 ; file 3E03BB
db 0x0B, 0xB3, 0x60, 0x10, 0x53, 0x0D, 0xB3, 0x06, 0x77, 0x8D, 0x60, 0xA0, 0x0A, 0x77, 0x06, 0x30 ; file 3E03CB
db 0x01, 0x80, 0x45, 0x01, 0x12, 0x77, 0x17, 0x60, 0x0D, 0x77, 0xB0, 0x1F, 0x77, 0x20, 0x53, 0x41 ; file 3E03DB
db 0x00, 0xD1, 0x0C, 0xA8, 0x40, 0x47, 0x30, 0x1B, 0x71, 0x03, 0x2C, 0xC1, 0x0A, 0x2F, 0xE0, 0x0D ; file 3E03EB
db 0x06, 0xE9, 0x53, 0x31, 0x4E, 0x00, 0x40, 0x0A, 0x20, 0x1C, 0x0A, 0x60, 0x0A, 0xB0, 0x00, 0x21 ; file 3E03FB
db 0xC0, 0x38, 0x23, 0x14, 0x20, 0x32, 0x60, 0xD0, 0xF0, 0x45, 0xD0, 0xFD, 0x61, 0xF0, 0x21, 0xA8 ; file 3E040B
db 0x64, 0xFF, 0xA8, 0xA8, 0x1B, 0xF9, 0x64, 0x3B, 0x3E, 0x51, 0x31, 0x12, 0x92, 0xFF, 0xC1, 0xAA ; file 3E041B
db 0xFF, 0x06, 0xFF, 0x92, 0x35, 0x2E, 0x92, 0x1A, 0x56, 0xFF, 0x76, 0x60, 0x2E, 0x76, 0x6F, 0x2F ; file 3E042B
db 0x76, 0x2E, 0xC7, 0x77, 0xB3, 0x76, 0xA0, 0x0A, 0x20, 0x38, 0x70, 0x09, 0x76, 0x76, 0xE3, 0x6F ; file 3E043B
db 0x0D, 0x20, 0x01, 0x90, 0x01, 0x60, 0x67, 0x6F, 0x77, 0x60, 0xFF, 0x77, 0xB3, 0xB3, 0x2E, 0xB3 ; file 3E044B
db 0x06, 0x0D, 0x76, 0x3F, 0xB3, 0x53, 0x2E, 0x76, 0xB3, 0x06, 0x50, 0x41, 0x90, 0x01, 0x43, 0x2F ; file 3E045B
db 0x2E, 0x60, 0x24, 0x40, 0x00, 0x60, 0x2F, 0x10, 0x16, 0x2F, 0x54, 0x0A, 0x60, 0x80, 0x51, 0x30 ; file 3E046B
db 0x36, 0xD1, 0x4A, 0x93, 0x4A, 0xC0, 0x0A, 0x06, 0x53, 0xC0, 0x4A, 0x50, 0x31, 0x2C, 0xD0, 0x15 ; file 3E047B
db 0x80, 0x49, 0x50, 0x43, 0x74, 0x41, 0x0B, 0x60, 0x20, 0x31, 0xDD, 0xD0, 0x22, 0x3D, 0xD0, 0xD0 ; file 3E048B
db 0x32, 0xB0, 0x43, 0x37, 0x60, 0xFF, 0x32, 0xA8, 0x32, 0xBE, 0x32, 0xA8, 0x59, 0xA8, 0xFF, 0x32 ; file 3E049B
db 0x1B, 0x59, 0x59, 0x59, 0x1B, 0x1B, 0x37, 0xDC, 0xB2, 0x6F, 0x30, 0x62, 0xFF, 0x59, 0x39, 0x50 ; file 3E04AB
db 0x5B, 0xBA, 0xFF, 0xA9, 0xFF, 0x3B, 0x62, 0xA5, 0x6E, 0xC9, 0x20, 0x72, 0x35, 0x41, 0x00, 0x60 ; file 3E04BB
db 0xFF, 0xAA, 0x35, 0x77, 0x76, 0xAA, 0xCD, 0x2E, 0x76, 0xEB, 0x1A, 0xD9, 0x40, 0x00, 0x8B, 0x71 ; file 3E04CB
db 0x0A, 0x0D, 0xB3, 0x0D, 0x13, 0x76, 0x77, 0xA0, 0x46, 0x40, 0x00, 0x2E, 0x80, 0x00, 0x80, 0x69 ; file 3E04DB
db 0xB0, 0x0E, 0x9C, 0xA0, 0x46, 0x84, 0x00, 0x77, 0x60, 0x06, 0x30, 0x6A, 0x41, 0x00, 0xB3, 0x1E ; file 3E04EB
db 0xF0, 0x48, 0xB3, 0x53, 0x0D, 0x76, 0x51, 0x1B, 0x22, 0x0D, 0xE1, 0x0D, 0x19, 0x76, 0x00, 0x65 ; file 3E04FB
db 0x02, 0x50, 0x06, 0xB3, 0xF0, 0x56, 0x10, 0x00, 0xA0, 0x42, 0x1B, 0x0A, 0x60, 0xA0, 0x00, 0x0A ; file 3E050B
db 0x53, 0xE0, 0x0C, 0xD0, 0x17, 0xD0, 0x56, 0xFF, 0xDC, 0x03, 0x01, 0x60, 0xD0, 0x17, 0x32, 0x59 ; file 3E051B
db 0x75, 0x16, 0x00, 0x0B, 0x1B, 0x90, 0x0A, 0x37, 0x59, 0xCF, 0x40, 0x00, 0xA7, 0x09, 0xFF, 0x09 ; file 3E052B
db 0x40, 0x75, 0x0F, 0x0B, 0xAA, 0x47, 0x00, 0x0B, 0xB7, 0xAA, 0x60, 0xAA, 0x40, 0x0A, 0x92, 0x51 ; file 3E053B
db 0x40, 0x00, 0x2C, 0x5F, 0x6F, 0x2E, 0x12, 0x2C, 0x6F, 0xA0, 0x18, 0x77, 0x50, 0x16, 0x7F, 0x2C ; file 3E054B
db 0xB3, 0x2C, 0x76, 0x6F, 0xB3, 0x2F, 0x50, 0x19, 0x69, 0x53, 0x01, 0x0B, 0x61, 0x18, 0x2C, 0x90 ; file 3E055B
db 0x7F, 0x2C, 0x0D, 0xC1, 0x7B, 0xF3, 0xB3, 0x53, 0xA1, 0x18, 0xF0, 0x7B, 0xB3, 0x53, 0x06, 0x77 ; file 3E056B
db 0x6C, 0x51, 0x37, 0xA1, 0x18, 0x76, 0x2E, 0x50, 0x17, 0x2E, 0x0D, 0xB0, 0x24, 0x77, 0x2C, 0x2C ; file 3E057B
db 0x60, 0xA1, 0x38, 0xB3, 0x06, 0x06, 0x80, 0x70, 0x7C, 0x91, 0x22, 0xC0, 0x2F, 0x60, 0x03, 0x03 ; file 3E058B
db 0xD0, 0xDC, 0x50, 0x43, 0x71, 0xAE, 0x11, 0x18, 0x50, 0x00, 0xC0, 0x59, 0x74, 0x03, 0x03, 0x70 ; file 3E059B
db 0x01, 0xDF, 0xDC, 0xDC, 0x60, 0x03, 0x0A, 0x40, 0x00, 0x60, 0x74, 0xFF, 0x32, 0x1B, 0x37, 0x74 ; file 3E05AB
db 0x32, 0x59, 0x09, 0x74, 0xFE, 0x90, 0x17, 0x32, 0x59, 0x37, 0xA8, 0x35, 0x59, 0xA8, 0xDF, 0x60 ; file 3E05BB
db 0x09, 0x1B, 0x37, 0x98, 0x41, 0x00, 0x37, 0x1B, 0xA7, 0x37, 0xCF, 0x59, 0x40, 0x00, 0xCE, 0x0C ; file 3E05CB
db 0x35, 0xC5, 0x0C, 0x1A, 0xFE, 0x20, 0x8A, 0x12, 0x60, 0x1A, 0x7D, 0x6F, 0x2E, 0xC9, 0xFF, 0xBC ; file 3E05DB
db 0x0D, 0x6F, 0xAA, 0x82, 0x2C, 0x6F, 0xAA, 0x3B, 0x12, 0x2F, 0x00, 0x5D, 0x6F, 0x77, 0x53, 0x60 ; file 3E05EB
db 0x80, 0x30, 0x80, 0x38, 0xF0, 0x72, 0x20, 0x0A, 0x30, 0x22, 0x76, 0x76, 0x53, 0xA0, 0x0C, 0x40 ; file 3E05FB
db 0x82, 0x5F, 0x6F, 0xB3, 0xAE, 0xB3, 0x0D, 0xE0, 0x7A, 0x06, 0xE1, 0x5E, 0xB5, 0x06, 0xE0, 0x0B ; file 3E060B
db 0xB3, 0x71, 0x49, 0x60, 0xAE, 0x81, 0x41, 0x0A, 0x70, 0x80, 0x89, 0xF0, 0x7B, 0x42, 0x23, 0xB4 ; file 3E061B
db 0x17, 0x06, 0xDC, 0xAE, 0xD1, 0x0B, 0xC0, 0xC0, 0x59, 0x01, 0x0C, 0x91, 0x24, 0xE2, 0x00, 0x10 ; file 3E062B
db 0x00, 0xF0, 0x5A, 0x03, 0x74, 0x6F, 0x60, 0x03, 0x32, 0x1B, 0xC1, 0x61, 0x9E, 0xD0, 0x60, 0x0D ; file 3E063B
db 0x7F, 0x1B, 0x59, 0xA8, 0x74, 0x1B, 0xD0, 0x03, 0x61, 0x01, 0xF4, 0x41, 0x0E, 0x80, 0x3C, 0xC8 ; file 3E064B
db 0x90, 0x0D, 0xC8, 0x59, 0x37, 0x32, 0xB7, 0x1B, 0x09, 0x59, 0x70, 0x00, 0xA8, 0x60, 0xE1, 0x0C ; file 3E065B
db 0x1B, 0xFF, 0x59, 0x09, 0x73, 0xA8, 0x59, 0x37, 0x36, 0x1B, 0xF7, 0x59, 0x37, 0x20, 0x9B, 0x87 ; file 3E066B
db 0x63, 0x60, 0xAA, 0x92, 0xFF, 0x71, 0x2C, 0x1A, 0x85, 0x54, 0x2F, 0x35, 0xAA, 0x7F, 0x35, 0x7D ; file 3E067B
db 0x05, 0xAA, 0x1A, 0xD9, 0x60, 0x70, 0x97, 0x2E, 0xE0, 0x7E, 0x2E, 0x76, 0x2F, 0x50, 0x00, 0x06 ; file 3E068B
db 0x50, 0x00, 0xB1, 0x53, 0x66, 0xC0, 0x46, 0x06, 0xAE, 0xB0, 0x6A, 0x61, 0x64, 0xB3, 0x60, 0x80 ; file 3E069B
db 0x17, 0xBF, 0x77, 0x06, 0x2F, 0x77, 0x77, 0x0A, 0x14, 0x0C, 0x2F, 0xFF, 0x06, 0x2F, 0x35, 0xAE ; file 3E06AB
db 0x06, 0x10, 0xDC, 0xAE, 0xC9, 0x02, 0x30, 0x88, 0x10, 0x18, 0x4A, 0xC0, 0x6B, 0x30, 0x0A, 0x1B ; file 3E06BB
db 0x1B, 0x7F, 0x32, 0x1B, 0x1B, 0xA8, 0x0C, 0x32, 0x1B, 0xA0, 0x22, 0xDF, 0x59, 0xFF, 0x59, 0x09 ; file 3E06CB
db 0x66, 0xE0, 0x8F, 0x02, 0xFF, 0xE7, 0x37, 0x7E, 0x4B, 0xAC, 0x22, 0x90, 0x6B, 0x92, 0xAA, 0x1A ; file 3E06DB
db 0xB7, 0xFF, 0x9A, 0x92, 0xB0, 0x15, 0x6C, 0x92, 0x10, 0xA0, 0xC1, 0xFF, 0x60, 0x79, 0xB3, 0x2F ; file 3E06EB
db 0x77, 0x92, 0xB8, 0x06, 0xFF, 0x2F, 0x1A, 0x35, 0x60, 0x53, 0x1A, 0x1A, 0xD5, 0xC7, 0x60, 0x60 ; file 3E06FB
db 0x2C, 0xE1, 0x40, 0x70, 0x07, 0xE0, 0x80, 0x2F, 0x53, 0x67, 0x06, 0xB3, 0x2F, 0x10, 0x4C, 0x40 ; file 3E070B
db 0x8F, 0xB3, 0x53, 0xB0, 0x55, 0xA4, 0xE0, 0x81, 0x60, 0x82, 0x60, 0x50, 0x2A, 0xF0, 0x5D, 0xDC ; file 3E071B
db 0x02, 0x13, 0x06, 0xE0, 0x22, 0x38, 0x61, 0x2B, 0x30, 0x82, 0xC0, 0x1F, 0xB0, 0x89, 0x60, 0x0A ; file 3E072B
db 0x46, 0xFF, 0x9E, 0xDC, 0x44, 0x60, 0x74, 0x0C, 0x63, 0x32, 0xFA, 0x40, 0x12, 0x1B, 0x00, 0x12 ; file 3E073B
db 0x59, 0x1B, 0xC8, 0x59, 0x1B, 0xFF, 0xCE, 0x59, 0x1B, 0xA8, 0x88, 0x60, 0x1B, 0x93, 0xFF, 0x9F ; file 3E074B
db 0xFF, 0x7A, 0x87, 0xD1, 0xFF, 0x5B, 0x97, 0x67, 0xFF, 0xFF, 0xCA, 0x20, 0xA8, 0xDB, 0x99, 0x64 ; file 3E075B
db 0x60, 0xB0, 0x09, 0xAF, 0x8F, 0xFF, 0x78, 0x1A, 0xC0, 0x09, 0x35, 0xF0, 0x1F, 0x3A, 0xDB, 0x6C ; file 3E076B
db 0x60, 0xC0, 0x1B, 0x06, 0x35, 0x70, 0x05, 0x1A, 0x12, 0xBF, 0x05, 0xDC, 0x1A, 0x92, 0x92, 0x12 ; file 3E077B
db 0x90, 0x35, 0xB3, 0x3C, 0xD0, 0x08, 0xB0, 0x32, 0x0A, 0xAE, 0x53, 0x21, 0xA1, 0x1A, 0x21, 0x34 ; file 3E078B
db 0xF2, 0x70, 0x08, 0x53, 0x10, 0x77, 0x62, 0x08, 0x01, 0xAE, 0x0A, 0xF6, 0xBF, 0x13, 0xDC, 0x0A ; file 3E079B
db 0x46, 0x74, 0x9E, 0x90, 0x7D, 0xA8, 0xF5, 0x1B, 0x50, 0x8A, 0xA8, 0x10, 0x84, 0xC8, 0xD0, 0xD0 ; file 3E07AB
db 0xB7, 0xFF, 0xCA, 0x60, 0xA8, 0xD0, 0x13, 0x4B, 0x28, 0xBF, 0xFF, 0x24, 0x5B, 0xA5, 0x4B, 0x5B ; file 3E07BB
db 0xD1, 0x87, 0x62, 0xCF, 0x48, 0xFF, 0x60, 0xD1, 0x4C, 0xA8, 0xDB, 0xA2, 0x65, 0x60, 0xB7, 0x0E ; file 3E07CB
db 0x35, 0x92, 0x80, 0x12, 0xB5, 0x12, 0xB5, 0xAA, 0x60, 0xFF, 0x35, 0x12, 0x29, 0x60, 0x92, 0xA6 ; file 3E07DB
db 0x1A, 0x8F, 0xFF, 0xA5, 0x12, 0x35, 0x45, 0xFF, 0x0E, 0xC3, 0x65, 0xFE, 0xD1, 0x84, 0x9E, 0xA3 ; file 3E07EB
db 0x29, 0x03, 0x03, 0x8F, 0xD5, 0xBF, 0x12, 0x12, 0x12, 0x8F, 0x8F, 0xD5, 0xE0, 0x85, 0x9E, 0xEE ; file 3E07FB
db 0xE0, 0x8B, 0x74, 0xD0, 0x65, 0xC0, 0xB7, 0x12, 0xD5, 0xD5, 0xDF, 0x8F, 0x60, 0x9E, 0x9E, 0x9E ; file 3E080B
db 0x12, 0x86, 0xB7, 0x42, 0x3F, 0xD5, 0x9A, 0x8F, 0xCD, 0x26, 0x6A, 0x40, 0x8C, 0x20, 0x8D, 0xFF ; file 3E081B
db 0x42, 0xCC, 0x62, 0xD5, 0xC0, 0x5F, 0x3B, 0x62, 0xFF, 0x3B, 0xB5, 0x3B, 0x60, 0x61, 0xA5, 0xCA ; file 3E082B
db 0x0C, 0xFF, 0x96, 0x5F, 0xC3, 0x48, 0xBF, 0xB5, 0xFF, 0xFF, 0xE5, 0x48, 0x61, 0x06, 0x3B, 0xEF ; file 3E083B
db 0x94, 0xD8, 0xBB, 0x66, 0x76, 0xFF, 0xDF, 0x60, 0xFF, 0xD1, 0x9D, 0x0E, 0x09, 0xB4, 0x60, 0x62 ; file 3E084B
db 0x77, 0x62, 0x2A, 0xBF, 0x1A, 0x01, 0xB5, 0xC1, 0x0E, 0xC1, 0x04, 0x18, 0x27, 0x02, 0xCD, 0x0E ; file 3E085B
db 0x1B, 0x87, 0x67, 0x72, 0xAB, 0x7E, 0x70, 0xB3, 0x1F, 0x00, 0x00, 0x1F, 0x00, 0x12, 0xC6, 0x00 ; file 3E086B
db 0x00, 0xFF, 0x25, 0x77, 0xEA, 0x08, 0x00, 0x00, 0x0F, 0x04, 0xD7, 0x00, 0x00, 0x61, 0x17, 0x00 ; file 3E087B
db 0x6B, 0x18, 0x00, 0x66, 0x60, 0xFF, 0xFF, 0x66, 0x60, 0x77, 0x41, 0x2E, 0x76, 0x0D, 0xFF, 0x2F ; file 3E088B
db 0x76, 0x76, 0x2F, 0x6F, 0x6F, 0x0D, 0x06, 0xFF, 0x60, 0xAE, 0xB4, 0xFF, 0xFF, 0x53, 0xC8, 0x02 ; file 3E089B
db 0xFF, 0xFF, 0x0A, 0x59, 0x09, 0xFF, 0x03, 0x59, 0x37, 0x5D, 0xFF, 0x0A, 0x03, 0x64, 0x60, 0xFF ; file 3E08AB
db 0x13, 0x00, 0x66, 0x80, 0x00, 0xFF, 0x2C, 0xFF, 0xFF, 0xC8, 0x77, 0x60, 0xFF, 0x03, 0xF7, 0x06 ; file 3E08BB
db 0x0D, 0x6F, 0x10, 0x00, 0x2E, 0x76, 0x76, 0x2E, 0xFF, 0x6F, 0x76, 0x76, 0x6F, 0x60, 0x2C, 0x2C ; file 3E08CB
db 0x06, 0xFF, 0xAE, 0xB3, 0x06, 0x53, 0x0A, 0x2F, 0x0A, 0xDC, 0xFF, 0x03, 0x2F, 0x0A, 0x03, 0x59 ; file 3E08DB
db 0x60, 0x03, 0x1B, 0xFF, 0x7E, 0xFF, 0x9E, 0xA8, 0x6C, 0xFF, 0xA8, 0x68, 0x5F, 0xFF, 0xFF, 0x09 ; file 3E08EB
db 0xBA, 0xFF, 0x2B, 0x05, 0x63, 0x21, 0x05, 0xFF, 0xA0, 0xFF, 0xFF, 0x2F, 0x53, 0xFF, 0x2F, 0x2E ; file 3E08FB
db 0xFF, 0x53, 0xB8, 0x2E, 0x76, 0x53, 0x60, 0xA0, 0xFF, 0xFF, 0xB8, 0x2F, 0x09, 0xA0, 0x06, 0xB3 ; file 3E090B
db 0x09, 0x36, 0x7F, 0x53, 0x06, 0x09, 0x09, 0x0A, 0x53, 0x60, 0x70, 0x05, 0xFF, 0x0D, 0x0D, 0x76 ; file 3E091B
db 0x2E, 0x2F, 0x2C, 0x76, 0x2C, 0xFF, 0x06, 0x77, 0x6F, 0x2F, 0x53, 0x60, 0x06, 0xDC, 0xFF, 0x74 ; file 3E092B
db 0x59, 0x53, 0x60, 0x74, 0x59, 0xAE, 0x60, 0xFF, 0x4A, 0x59, 0xB8, 0x03, 0x32, 0x1B, 0x60, 0x37 ; file 3E093B
db 0xFF, 0x09, 0x02, 0xFF, 0x37, 0x37, 0xB6, 0xFF, 0x37, 0xFF, 0x59, 0xBB, 0xFF, 0x59, 0x59, 0x7A ; file 3E094B
db 0xFF, 0x63, 0xE9, 0x6D, 0x8B, 0x0B, 0x71, 0x0B, 0xBE, 0xB0, 0x0B, 0x2F, 0xFF, 0xFF, 0xFB, 0x7E ; file 3E095B
db 0x2E, 0xD0, 0x06, 0x2E, 0x60, 0x2E, 0x2E, 0x2E, 0xD5, 0x53, 0x40, 0x00, 0x6F, 0x30, 0x00, 0x6F ; file 3E096B
db 0x30, 0x00, 0x0D, 0x60, 0x7F, 0x09, 0x09, 0xDC, 0xAE, 0x09, 0x09, 0x1B, 0x40, 0x00, 0xFF, 0x59 ; file 3E097B
db 0xDC, 0x0A, 0x09, 0x59, 0x60, 0x60, 0x77, 0xFF, 0x2F, 0xB3, 0xAE, 0x2F, 0xB3, 0x53, 0xAE, 0x2F ; file 3E098B
db 0x9C, 0xC0, 0x0C, 0x70, 0x00, 0xDC, 0x60, 0xDC, 0xA0, 0x06, 0x43, 0x00, 0xA8, 0xFF, 0xA8, 0xDC ; file 3E099B
db 0x03, 0xD0, 0xA8, 0x60, 0x1B, 0x1B, 0xEB, 0xB4, 0xFF, 0x49, 0x00, 0x6E, 0x5D, 0x07, 0xB8, 0x2E ; file 3E09AB
db 0x2E, 0xF5, 0xFF, 0xC0, 0x11, 0x11, 0x10, 0x12, 0x51, 0x0D, 0x0D, 0x0D, 0x59, 0x60, 0x80, 0x12 ; file 3E09BB
db 0xC0, 0x12, 0x0D, 0x2C, 0x30, 0x00, 0x2C, 0x30, 0x00, 0xFF, 0x2F, 0x60, 0x0A, 0x09, 0x37, 0x03 ; file 3E09CB
db 0x2C, 0x09, 0xFF, 0x09, 0x74, 0x2F, 0x09, 0x09, 0x32, 0x2F, 0x60, 0xF7, 0x09, 0x1B, 0x60, 0x91 ; file 3E09DB
db 0x06, 0x06, 0xAE, 0x0A, 0x0A, 0xEA, 0x00, 0x07, 0x0A, 0x70, 0x00, 0x0A, 0x50, 0x07, 0xD0, 0xA8 ; file 3E09EB
db 0x9E, 0xFD, 0x74, 0x45, 0x00, 0x32, 0xA8, 0x60, 0xA8, 0x1B, 0x7A, 0xEF, 0xFF, 0xA8, 0x1B, 0xCF ; file 3E09FB
db 0x40, 0x00, 0xFF, 0xFF, 0xA8, 0xF3, 0x29, 0xFF, 0x5E, 0x07, 0x91, 0x06, 0xFF, 0x2C, 0x2C, 0x2C ; file 3E0A0B
db 0xFF, 0xFF, 0x77, 0x77, 0x2F, 0xFF, 0xB3, 0x2F, 0x2F, 0xE6, 0x00, 0x19, 0x2F, 0x2F, 0x30, 0x00 ; file 3E0A1B
db 0x21, 0x00, 0x06, 0x2F, 0xB3, 0xFF, 0x06, 0x06, 0x60, 0xB3, 0x0A, 0x09, 0x1B, 0x06, 0xFD, 0x53 ; file 3E0A2B
db 0x41, 0x00, 0x74, 0x1B, 0x53, 0x53, 0x0A, 0x09, 0xE9, 0x60, 0x91, 0x06, 0x40, 0x07, 0xDC, 0x80 ; file 3E0A3B
db 0x07, 0x9E, 0xAE, 0x0A, 0x4F, 0xDC, 0x9E, 0x52, 0x74, 0x70, 0x06, 0x90, 0x1E, 0xB7, 0xD4, 0x1E ; file 3E0A4B
db 0x54, 0x41, 0x1F, 0xCB, 0x0D, 0x6A, 0x85, 0x20, 0x3E, 0x00, 0x21, 0x06, 0x41, 0x00, 0xFF, 0x60 ; file 3E0A5B
db 0x2C, 0x77, 0xB3, 0xB3, 0x76, 0x76, 0xAE, 0xF5, 0x53, 0xC0, 0x1A, 0x0A, 0x70, 0x20, 0x2F, 0x60 ; file 3E0A6B
db 0x06, 0x06, 0x9D, 0x53, 0x11, 0x00, 0xAE, 0xAE, 0x53, 0x40, 0x05, 0xE0, 0x05, 0x60, 0xAF, 0x53 ; file 3E0A7B
db 0x0A, 0xDC, 0x59, 0xF0, 0x05, 0x74, 0x80, 0x21, 0x03, 0xFF, 0xDC, 0x60, 0x03, 0x74, 0x60, 0x0A ; file 3E0A8B
db 0x9E, 0x03, 0x7F, 0xD0, 0x0A, 0x74, 0xD0, 0xD0, 0x9E, 0xD0, 0x12, 0x00, 0xFB, 0x32, 0x60, 0x80 ; file 3E0A9B
db 0x00, 0xFF, 0xD0, 0xD0, 0x57, 0xFF, 0x5F, 0xD0, 0xCE, 0xFF, 0xFF, 0x57, 0xA0, 0x26, 0x6F, 0x5F ; file 3E0AAB
db 0x07, 0x39, 0xAE, 0x72, 0x01, 0x43, 0x00, 0x0D, 0x60, 0x2E, 0x60, 0x21, 0xA1, 0x21, 0xFE, 0x30 ; file 3E0ABB
db 0x15, 0x2F, 0x2E, 0x2F, 0x2F, 0xB3, 0x60, 0x53, 0xFF, 0x60, 0x03, 0x03, 0x53, 0xAE, 0x60, 0x74 ; file 3E0ACB
db 0x53, 0xDB, 0x0A, 0x60, 0x81, 0x00, 0x03, 0x60, 0x80, 0x06, 0xD0, 0x32, 0xFF, 0x1B, 0x1B, 0x1B ; file 3E0ADB
db 0x32, 0x1B, 0x37, 0x37, 0x32, 0xFF, 0x1B, 0x59, 0xA8, 0x60, 0xD0, 0xC8, 0x57, 0xFF, 0x69, 0x59 ; file 3E0AEB
db 0x60, 0x2C, 0x30, 0x06, 0xFF, 0xB0, 0x2E, 0xFF, 0x70, 0x4F, 0x06, 0xDF, 0xB3, 0xFF, 0xFF, 0x21 ; file 3E0AFB
db 0x0D, 0x30, 0x29, 0x2C, 0xFF, 0x37, 0x79, 0x6F, 0x77, 0x00, 0x2D, 0xAE, 0x53, 0x80, 0x20, 0x40 ; file 3E0B0B
db 0x20, 0xBF, 0x53, 0x0A, 0x06, 0xAE, 0xDC, 0xDC, 0xF0, 0x12, 0xDC, 0xF5, 0x03, 0x70, 0x06, 0x74 ; file 3E0B1B
db 0x40, 0x0C, 0xD0, 0x03, 0x9E, 0x4A, 0xFD, 0x42, 0x70, 0x0B, 0xCE, 0x57, 0xA8, 0x28, 0xFF, 0xFF ; file 3E0B2B
db 0xC9, 0x32, 0xD4, 0x31, 0x3B, 0x05, 0x69, 0x45, 0x33, 0xE5, 0x14, 0x2C, 0x60, 0xFF, 0xFF, 0x2C ; file 3E0B3B
db 0x0D, 0x2F, 0x06, 0x6F, 0x2C, 0xB3, 0x7D, 0x6F, 0x70, 0x00, 0x0D, 0x2C, 0xB3, 0x53, 0x60, 0xF0 ; file 3E0B4B
db 0x25, 0xB6, 0x30, 0x0B, 0x03, 0xD0, 0x70, 0x00, 0xD0, 0x0A, 0x70, 0x10, 0x60, 0x85, 0xD0, 0xF0 ; file 3E0B5B
db 0x04, 0xD0, 0x00, 0x33, 0x60, 0x05, 0x6F, 0x0A, 0x32, 0x05, 0x3E, 0xAE, 0x60, 0x10, 0x77, 0x0D ; file 3E0B6B
db 0xFF, 0x70, 0x04, 0x71, 0x70, 0x04, 0x60, 0x9A, 0x10, 0x05, 0xAE, 0xA0, 0x04, 0x0A, 0x2F, 0xA0 ; file 3E0B7B
db 0x2A, 0xD0, 0x0A, 0x03, 0xDF, 0x60, 0xDC, 0xD0, 0xD0, 0xC8, 0x90, 0x15, 0x7C, 0xD0, 0xE8, 0xB0 ; file 3E0B8B
db 0x04, 0x41, 0x15, 0x8B, 0x0E, 0x68, 0x95, 0x3C, 0x77, 0xFF, 0xFF, 0x75, 0x29, 0x00, 0x15, 0x6F ; file 3E0B9B
db 0x80, 0x3B, 0x6F, 0x2C, 0x2F, 0x10, 0x09, 0x3F, 0xB3, 0x0D, 0x2C, 0x2F, 0x53, 0x2C, 0x50, 0x2F ; file 3E0BAB
db 0x51, 0x09, 0x01, 0xD0, 0x52, 0x09, 0x00, 0x28, 0xC0, 0x09, 0x54, 0x09, 0xF0, 0x41, 0x51, 0x09 ; file 3E0BBB
db 0xF1, 0x19, 0xF2, 0x0B, 0x2F, 0x67, 0x89, 0x0E, 0x90, 0x29, 0x21, 0x2E, 0x60, 0xFF, 0xFF, 0x77 ; file 3E0BCB
db 0x6F, 0x0D, 0x77, 0x6F, 0x6F, 0x2C, 0x2E, 0x94, 0xB1, 0x05, 0xF0, 0x05, 0x60, 0xB0, 0x05, 0x0A ; file 3E0BDB
db 0x90, 0x0A, 0x00, 0x35, 0x0A, 0x51, 0xDC, 0x30, 0x42, 0x60, 0x0A, 0xF3, 0x1F, 0x57, 0x60, 0x20 ; file 3E0BEB
db 0x57, 0xA1, 0x0A, 0xD8, 0x2B, 0x1F, 0xD2, 0x41, 0x58, 0x28, 0x60, 0x0D, 0x04, 0x48, 0x21, 0x7D ; file 3E0BFB
db 0xB7, 0x0A, 0x2C, 0x77, 0x60, 0x2D, 0xB3, 0x2F, 0x11, 0x49, 0x42, 0xE9, 0x06, 0xB0, 0x1F, 0x11 ; file 3E0C0B
db 0x00, 0x2C, 0x40, 0x2F, 0x60, 0x3E, 0x3E, 0x4B, 0x3E, 0xFF, 0x70, 0x2E, 0x06, 0x20, 0x01, 0x40 ; file 3E0C1B
db 0x00, 0x06, 0x20, 0x02, 0xB5, 0x79, 0xC0, 0x3E, 0x0D, 0x40, 0x08, 0x2E, 0x6F, 0x60, 0x00, 0x6F ; file 3E0C2B
db 0xFB, 0x2C, 0x60, 0x90, 0x0E, 0xB3, 0x0D, 0x77, 0x2F, 0x06, 0xF2, 0x61, 0x0E, 0x77, 0xB0, 0x4A ; file 3E0C3B
db 0xA1, 0x29, 0x74, 0xAE, 0x0A, 0x9E, 0x20, 0xF0, 0x17, 0x10, 0x29, 0x30, 0x18, 0x90, 0x28, 0x50 ; file 3E0C4B
db 0x28, 0xD0, 0x30, 0x18, 0x90, 0x28, 0xE8, 0x21, 0x0F, 0xAB, 0x3D, 0x55, 0x50, 0x37, 0xC0, 0x4C ; file 3E0C5B
db 0x2E, 0xC4, 0x79, 0x3F, 0x2E, 0x6F, 0x60, 0xBE, 0x2F, 0x0D, 0xC3, 0x13, 0x00, 0x1D, 0x7F, 0x77 ; file 3E0C6B
db 0xB3, 0x0D, 0x2E, 0x60, 0xB3, 0x2F, 0x00, 0x3F, 0x44, 0xD1, 0x0F, 0x80, 0x06, 0x6F, 0x40, 0x06 ; file 3E0C7B
db 0xE1, 0x44, 0x31, 0x0A, 0x77, 0x10, 0x4C, 0xB9, 0x2C, 0x91, 0x01, 0xF0, 0x31, 0x2F, 0x6F, 0x2C ; file 3E0C8B
db 0xD0, 0x11, 0x2F, 0x60, 0x41, 0x00, 0x20, 0x54, 0xD0, 0x41, 0x92, 0x41, 0x40, 0x18, 0x77, 0x2F ; file 3E0C9B
db 0xE0, 0x09, 0x1B, 0xB3, 0x60, 0x90, 0x47, 0xAE, 0x2F, 0x51, 0x27, 0xD0, 0x47, 0x41, 0x34, 0x02 ; file 3E0CAB
db 0xC1, 0x40, 0xD0, 0x41, 0x00, 0x01, 0x33, 0x00, 0x19, 0x60, 0x22, 0xE0, 0x58, 0x70, 0x40, 0xA6 ; file 3E0CBB
db 0xC2, 0x2C, 0x32, 0x7E, 0xCC, 0x40, 0x42, 0x3A, 0xC4, 0x00, 0x5B, 0x35, 0xFF, 0xFF, 0xFF, 0x9A ; file 3E0CCB
db 0x14, 0xFF, 0xC4, 0x80, 0x2C, 0xDF, 0x60, 0xAA, 0x2E, 0x2E, 0x77, 0xD0, 0x18, 0x77, 0x76, 0xB7 ; file 3E0CDB
db 0x2E, 0x0D, 0xB3, 0x00, 0x55, 0xB3, 0x60, 0xB0, 0x0A, 0x6F, 0x9F, 0xB3, 0x2E, 0x76, 0x6F, 0x6F ; file 3E0CEB
db 0x20, 0x01, 0xC0, 0x5B, 0x77, 0x59, 0x60, 0xF0, 0x10, 0x30, 0x20, 0xB3, 0x2E, 0x70, 0x00, 0x76 ; file 3E0CFB
db 0x01, 0x3D, 0x45, 0x60, 0xB1, 0x1B, 0x2E, 0x40, 0x0D, 0xA1, 0x21, 0x81, 0x13, 0x60, 0x61, 0x62 ; file 3E0D0B
db 0x40, 0xA0, 0x0D, 0xB2, 0x0A, 0x42, 0x4C, 0x60, 0x18, 0x01, 0x18, 0x41, 0x32, 0x53, 0x80, 0x5F ; file 3E0D1B
db 0x71, 0xAE, 0xD1, 0x2C, 0x71, 0x44, 0x80, 0x3E, 0x9E, 0xD0, 0xDC, 0xC0, 0x4B, 0xDF, 0x13, 0xA8 ; file 3E0D2B
db 0xD0, 0x60, 0x1B, 0xF0, 0x09, 0xA8, 0xA8, 0xFB, 0x1B, 0x68, 0xB0, 0x38, 0x59, 0xA8, 0x1B, 0x37 ; file 3E0D3B
db 0xA8, 0x2A, 0x46, 0x31, 0x25, 0x10, 0x65, 0x7A, 0x50, 0x65, 0x76, 0x99, 0x66, 0x3E, 0x33, 0xFF ; file 3E0D4B
db 0x35, 0x60, 0xFF, 0xAA, 0x80, 0x76, 0x92, 0x1A, 0xFF, 0x56, 0x76, 0xAA, 0x35, 0x2E, 0x76, 0xAA ; file 3E0D5B
db 0x9A, 0xFF, 0x2E, 0x76, 0x60, 0x76, 0x6F, 0xB3, 0x77, 0x76, 0xFF, 0x0D, 0xB3, 0x6F, 0x76, 0x77 ; file 3E0D6B
db 0x06, 0x2E, 0x76, 0x0F, 0x77, 0x53, 0x2E, 0x60, 0x51, 0x47, 0x00, 0x68, 0x50, 0x48, 0xD0, 0x0D ; file 3E0D7B
db 0x7E, 0xE0, 0x01, 0x60, 0x06, 0x77, 0x76, 0x76, 0x53, 0x40, 0x00, 0x12, 0x82, 0x00, 0x2F, 0x30 ; file 3E0D8B
db 0x03, 0x90, 0x18, 0xB3, 0xD1, 0x18, 0xA0, 0x37, 0xE0, 0x37, 0xA0, 0xE0, 0x42, 0xB1, 0x51, 0x71 ; file 3E0D9B
db 0x51, 0x82, 0x0B, 0xE0, 0x4A, 0x60, 0x20, 0x17, 0x0A, 0x78, 0x30, 0x4B, 0xF0, 0x57, 0xE1, 0x50 ; file 3E0DAB
db 0xDC, 0x03, 0x00, 0x60, 0xC1, 0x20, 0xFF, 0x1B, 0x09, 0xD0, 0xA8, 0x59, 0x09, 0xD0, 0x1B, 0xF7 ; file 3E0DBB
db 0x59, 0x37, 0xA8, 0x40, 0x00, 0x99, 0x21, 0x37, 0x1B, 0xD7, 0x60, 0x59, 0xB5, 0xA0, 0x17, 0x41 ; file 3E0DCB
db 0xE0, 0x17, 0x37, 0x39, 0x8F, 0xFF, 0x1B, 0x59, 0x98, 0xFF, 0x0B, 0x61, 0x17, 0x42, 0x00, 0x1A ; file 3E0DDB
db 0x7E, 0x20, 0x73, 0xAA, 0x60, 0x1A, 0x8B, 0x2E, 0x76, 0x42, 0x00, 0xAD, 0x51, 0xF0, 0x0B, 0x51 ; file 3E0DEB
db 0x6F, 0x00, 0x68, 0x2F, 0xF0, 0x67, 0x2F, 0x95, 0x53, 0xF1, 0x0B, 0x0D, 0x70, 0x0C, 0x2F, 0xF1 ; file 3E0DFB
db 0x0B, 0xA1, 0x18, 0x2C, 0xDE, 0x43, 0x00, 0x76, 0x2C, 0x60, 0x53, 0xD0, 0x01, 0x53, 0x0A, 0x6B ; file 3E0E0B
db 0x2C, 0x76, 0xE0, 0x74, 0x0D, 0x71, 0x33, 0x60, 0x2E, 0x00, 0x2F, 0xCD, 0x76, 0x80, 0x2B, 0x76 ; file 3E0E1B
db 0x2E, 0x10, 0x22, 0x41, 0x3F, 0x06, 0x0A, 0x3F, 0xB8, 0x0A, 0xB3, 0x06, 0xDC, 0x60, 0x61, 0x17 ; file 3E0E2B
db 0xA0, 0x5D, 0x1B, 0x53, 0x60, 0x20, 0x77, 0x74, 0x03, 0x51, 0x22, 0x60, 0x50, 0x11, 0x5D, 0x2F ; file 3E0E3B
db 0x35, 0x74, 0x60, 0x60, 0x50, 0x4F, 0x09, 0xD0, 0x4F, 0x41, 0x00, 0xA3, 0x59, 0x32, 0x20, 0x0C ; file 3E0E4B
db 0x60, 0x6B, 0x81, 0x0C, 0x1B, 0xE1, 0x50, 0x37, 0xFF, 0x32, 0xA8, 0x1B, 0x09, 0x60, 0x37, 0x59 ; file 3E0E5B
db 0x4E, 0x8A, 0x50, 0x73, 0x09, 0x42, 0x00, 0x37, 0x60, 0x7F, 0xCA, 0x73, 0xE2, 0x4B, 0x85, 0xFC ; file 3E0E6B
db 0x41, 0x0C, 0x44, 0x00, 0x1A, 0x60, 0x1A, 0x7D, 0x6F, 0x76, 0xFF, 0x1A, 0x60, 0x6F, 0x2E, 0xAA ; file 3E0E7B
db 0x71, 0x0D, 0x6F, 0xEF, 0xAA, 0x49, 0x2C, 0x6F, 0xB1, 0x18, 0x06, 0x76, 0x2E, 0xB9, 0xB3, 0xB0 ; file 3E0E8B
db 0x5F, 0xC1, 0x18, 0x2C, 0xB3, 0x60, 0xC0, 0x24, 0x0D, 0x5A, 0x91, 0x0C, 0xB3, 0x50, 0x25, 0x53 ; file 3E0E9B
db 0x2F, 0xF0, 0x30, 0x77, 0xB0, 0x2C, 0x6A, 0x40, 0x45, 0xAE, 0xD0, 0x31, 0x06, 0x71, 0x0C, 0x60 ; file 3E0EAB
db 0xB3, 0xE0, 0x6F, 0x1D, 0x0A, 0x70, 0x3B, 0x53, 0xDC, 0xAE, 0x80, 0x62, 0xD0, 0x61, 0x10, 0x3C ; file 3E0EBB
db 0x3C, 0xE2, 0x69, 0x50, 0x3B, 0x53, 0x0A, 0xAE, 0xAE, 0x61, 0x24, 0x72, 0x18, 0xD0, 0xB1, 0x18 ; file 3E0ECB
db 0x80, 0x0D, 0xA0, 0x5C, 0x31, 0x63, 0xB8, 0xD0, 0x84, 0x03, 0x63, 0xF3, 0x32, 0x1B, 0x50, 0x5D ; file 3E0EDB
db 0x40, 0x25, 0x37, 0x1B, 0x74, 0x59, 0x9F, 0x1B, 0x74, 0x74, 0xA8, 0x03, 0x10, 0x00, 0x01, 0x65 ; file 3E0EEB
db 0x32, 0xBA, 0x60, 0x1A, 0x74, 0x60, 0x1A, 0x74, 0x1B, 0x09, 0xB1, 0x0E, 0x1B, 0x7D, 0x60, 0xB0 ; file 3E0EFB
db 0x0F, 0xFF, 0xA8, 0x59, 0x37, 0x36, 0xE0, 0x1B, 0xE1, 0x64, 0xE0, 0x1B, 0xAF, 0x0D, 0x62, 0x1A ; file 3E0F0B
db 0xF7, 0x45, 0xAA, 0x1A, 0x2F, 0xFF, 0x0D, 0xAA, 0x92, 0x30, 0x2C, 0x1A, 0xAA, 0x54, 0xDF, 0x2F ; file 3E0F1B
db 0x12, 0xAA, 0x45, 0xB8, 0xA0, 0x87, 0x6F, 0x2F, 0x28, 0xA0, 0x8D, 0xC0, 0x7B, 0xF0, 0x91, 0x2C ; file 3E0F2B
db 0x80, 0x3D, 0x06, 0xF0, 0x0C, 0x40, 0x39, 0x2B, 0x2F, 0x0D, 0x90, 0x81, 0x0D, 0x60, 0x0D, 0x60 ; file 3E0F3B
db 0x11, 0x3E, 0xC0, 0x7C, 0x16, 0xA0, 0x48, 0x2C, 0x2F, 0x80, 0x62, 0x2F, 0xD0, 0x18, 0x40, 0x02 ; file 3E0F4B
db 0x70, 0x76, 0x84, 0x12, 0x0D, 0x70, 0x49, 0x60, 0xA1, 0x83, 0xD1, 0x0C, 0xF1, 0x70, 0x31, 0x71 ; file 3E0F5B
db 0x60, 0x1F, 0xDC, 0x9E, 0xDC, 0x9E, 0x60, 0x10, 0x00, 0x10, 0x0E, 0xA1, 0x0E, 0x7E, 0x00, 0x5F ; file 3E0F6B
db 0x74, 0x03, 0xDC, 0x0A, 0xDC, 0xDC, 0x52, 0x72, 0xF0, 0x80, 0x72, 0xC1, 0x01, 0xE0, 0x71, 0x80 ; file 3E0F7B
db 0x0E, 0x60, 0x03, 0x32, 0x59, 0xE9, 0x03, 0xC0, 0x1A, 0xB1, 0x0E, 0x32, 0xF0, 0x1B, 0xA8, 0x59 ; file 3E0F8B
db 0xA8, 0xBF, 0x32, 0x1B, 0x32, 0x74, 0xC8, 0x59, 0xA0, 0x0D, 0x59, 0xAF, 0xFF, 0x59, 0x09, 0x7A ; file 3E0F9B
db 0x50, 0x8F, 0x3A, 0x90, 0x8F, 0x9F, 0xFE, 0xAB, 0x0D, 0x6A, 0x60, 0xBF, 0xAA, 0x1A, 0xCC, 0xFF ; file 3E0FAB
db 0xBF, 0x1A, 0x85, 0x1A, 0xFF, 0xC1, 0x1A, 0x00, 0x28, 0xC0, 0xF7, 0x1A, 0x60, 0x53, 0xE0, 0x0B ; file 3E0FBB
db 0xB8, 0x06, 0x2F, 0x77, 0xFF, 0x92, 0xB8, 0xB3, 0x2F, 0x1A, 0xD9, 0xAE, 0x06, 0x28, 0x80, 0x0B ; file 3E0FCB
db 0x00, 0x50, 0xB0, 0x5E, 0x2F, 0x44, 0x30, 0x60, 0xA1, 0x18, 0x71, 0x8E, 0x44, 0x91, 0x24, 0xD1 ; file 3E0FDB
db 0x18, 0x60, 0x01, 0x54, 0xD0, 0x30, 0xA0, 0x74, 0xDC, 0x40, 0x31, 0xD0, 0x80, 0x6F, 0x00, 0x7D ; file 3E0FEB
db 0x50, 0x32, 0x61, 0x0B, 0x0A, 0x00, 0x66, 0x03, 0xDC, 0xB1, 0x01, 0x31, 0x49, 0x80, 0x7C, 0xB0 ; file 3E0FFB
db 0x70, 0x32, 0x9E, 0xB0, 0x7C, 0x9E, 0xBC, 0xC0, 0x27, 0xF0, 0x89, 0xA8, 0xD0, 0x32, 0xA8, 0xF0 ; file 3E100B
db 0x49, 0x03, 0x73, 0x03, 0x63, 0x40, 0x7E, 0x31, 0x0C, 0x1B, 0x59, 0x74, 0x30, 0x3F, 0xFC, 0x10 ; file 3E101B
db 0x78, 0xC0, 0x3F, 0x1B, 0x6C, 0x60, 0x37, 0x2A, 0x3C, 0xFF, 0xFF, 0x7E, 0x5B, 0x0E, 0xFF, 0x93 ; file 3E102B
db 0xCA, 0xFF, 0x4F, 0xFF, 0xCA, 0xD1, 0xFF, 0xBD, 0x0B, 0x10, 0xA6, 0x9A, 0x4A, 0x5F, 0xFF, 0x1A ; file 3E103B
db 0xC9, 0x54, 0x0A, 0xC0, 0xA6, 0x1A, 0x54, 0xFF, 0xFF, 0x0B, 0x1A, 0x92, 0xFF, 0x9A, 0x13, 0xC9 ; file 3E104B
db 0xFF, 0x60, 0x53, 0x06, 0xB3, 0x2F, 0xDC, 0xAE, 0x53, 0xFF, 0x06, 0x9B, 0x60, 0x0A, 0x53, 0x1A ; file 3E105B
db 0x35, 0x21, 0xE0, 0xC0, 0x23, 0xA0, 0x8D, 0xF1, 0x5E, 0x01, 0x87, 0x31, 0x15, 0x2F, 0x53, 0x06 ; file 3E106B
db 0xFF, 0xF8, 0xCE, 0xAE, 0xDC, 0x12, 0x0A, 0x60, 0x02, 0xFF, 0x60, 0x63, 0x46, 0x1B, 0x74, 0x60 ; file 3E107B
db 0x59, 0x1B, 0xFF, 0xC8, 0xCA, 0xA8, 0x28, 0x3B, 0x87, 0x28, 0xA5, 0xFF, 0x5B, 0x9F, 0x6E, 0x5B ; file 3E108B
db 0x3B, 0xFF, 0x60, 0x9D, 0x60, 0x70, 0xAC, 0xB0, 0x07, 0x06, 0x8E, 0xFB, 0xA2, 0x50, 0xAE, 0x3A ; file 3E109B
db 0xC0, 0x8A, 0x67, 0xFF, 0x35, 0x35, 0x92, 0x69, 0xC0, 0x35, 0x92, 0x92, 0xEF, 0xFF, 0xFF, 0xD5 ; file 3E10AB
db 0x8F, 0x20, 0xB0, 0x3B, 0x60, 0x60, 0xFE, 0xF0, 0x1A, 0x35, 0xBD, 0x60, 0xDC, 0x92, 0x92, 0x8F ; file 3E10BB
db 0x3F, 0x8F, 0xC0, 0x12, 0x35, 0x35, 0x60, 0x51, 0x11, 0xA0, 0x1D, 0xFF, 0x9E, 0x29, 0x21, 0x03 ; file 3E10CB
db 0x03, 0x35, 0x8F, 0x12, 0xF5, 0x8F, 0x12, 0x01, 0x9E, 0x10, 0x00, 0x03, 0x74, 0x74, 0xD0, 0x2F ; file 3E10DB
db 0x12, 0x61, 0x61, 0x29, 0x20, 0x02, 0xDC, 0x10, 0x01, 0xF0, 0x8E, 0x3E, 0xE0, 0x8E, 0xB7, 0xB7 ; file 3E10EB
db 0xD5, 0x38, 0x60, 0xE0, 0x8F, 0x91, 0x8F, 0xFF, 0x4A, 0x4A, 0x29, 0xA3, 0x26, 0xBF, 0x6E, 0xA5 ; file 3E10FB
db 0xFD, 0x3B, 0xB0, 0x89, 0x7C, 0x5F, 0x7C, 0x3B, 0xCA, 0x0C, 0xBF, 0x0C, 0xB2, 0x83, 0xD1, 0x25 ; file 3E110B
db 0x97, 0xF0, 0x6E, 0x5F, 0xC7, 0x83, 0xD1, 0xFF, 0xB1, 0x0A, 0x5F, 0x98, 0xD4, 0xB8, 0xA5, 0x9A ; file 3E111B
db 0xFD, 0x12, 0x0A, 0x72, 0xD5, 0xC0, 0x35, 0x8F, 0xFF, 0x9F, 0xF9, 0x9D, 0xC0, 0x03, 0x15, 0x01 ; file 3E112B
db 0x12, 0x65, 0xD5, 0xBF, 0xD5, 0xFB, 0x1E, 0xA5, 0xF5, 0x0E, 0x60, 0x8F, 0x62, 0x0C, 0xA5, 0xEF ; file 3E113B
db 0x25, 0xC2, 0xD1, 0x48, 0x36, 0x75, 0xA5, 0x25, 0xB5, 0xC5, 0x9F, 0xB9, 0x10, 0x60, 0x89, 0x11 ; file 3E114B
db 0xE1, 0xBE, 0x5B, 0x98, 0x65, 0x73, 0x00, 0x5B, 0x7F, 0x30, 0x9A, 0x1F, 0x00, 0x1F, 0x00, 0x04 ; file 3E115B
db 0xC8, 0x00, 0x00, 0xFF, 0x25, 0x77, 0x70, 0x08, 0x00, 0x00, 0x0F, 0x04, 0xD7, 0x00, 0x00, 0x61 ; file 3E116B
db 0x14, 0x00, 0x6B, 0x18, 0x00, 0x63, 0x60, 0xF5, 0xFF, 0x1B, 0x00, 0x03, 0x1A, 0x01, 0xC8, 0x6B ; file 3E117B
db 0xFF, 0xFF, 0xFE, 0x0D, 0x03, 0xCE, 0x2E, 0x6F, 0xFF, 0x2E, 0x76, 0x6F, 0xFF, 0x0A, 0x2E, 0x76 ; file 3E118B
db 0x0D, 0xB3, 0x0D, 0x2C, 0xB3, 0xFF, 0x60, 0x2F, 0xDC, 0xBA, 0xFF, 0xB3, 0x32, 0xBA, 0xFF, 0x20 ; file 3E119B
db 0xAE, 0xC8, 0x09, 0x36, 0x0A, 0x74, 0x59, 0xF5, 0xCF, 0x09, 0x06, 0x6A, 0xFD, 0x05, 0x61, 0x60 ; file 3E11AB
db 0xFF, 0xB8, 0xFF, 0x0D, 0x6F, 0x06, 0x2E, 0x2E, 0x76, 0x77, 0x76, 0xFF, 0x76, 0x76, 0x2F, 0x6F ; file 3E11BB
db 0x76, 0x76, 0x60, 0x2F, 0xFF, 0x2F, 0x06, 0xAE, 0x2E, 0xAE, 0x0A, 0x0A, 0x6F, 0xFF, 0xB3, 0x60 ; file 3E11CB
db 0x74, 0x2C, 0x53, 0x60, 0xC8, 0x60, 0xFF, 0xDC, 0xA8, 0x37, 0xFF, 0x9E, 0xD0, 0xDA, 0xFF, 0x7F ; file 3E11DB
db 0x1B, 0xBA, 0x39, 0xFF, 0x37, 0x09, 0x73, 0x1A, 0x08, 0xF5, 0x69, 0x05, 0x0B, 0x2F, 0x30, 0x00 ; file 3E11EB
db 0x2E, 0xFF, 0xB8, 0x2E, 0xFF, 0x2E, 0x60, 0x33, 0x73, 0xFF, 0xCE, 0x53, 0x09, 0xDF, 0x64, 0x7E ; file 3E11FB
db 0x53, 0x09, 0x09, 0x80, 0x00, 0x09, 0xC8, 0xBF, 0x60, 0x2F, 0x2E, 0x76, 0x2E, 0x06, 0xE0, 0x09 ; file 3E120B
db 0x53, 0xBF, 0x6F, 0x6F, 0x2F, 0xAE, 0x0D, 0x2F, 0x20, 0x0A, 0xAE, 0xFF, 0x60, 0x32, 0xB3, 0x0A ; file 3E121B
db 0x60, 0x32, 0x53, 0xB8, 0xFF, 0x03, 0x32, 0x53, 0xDC, 0x03, 0xA8, 0x60, 0x37, 0xFF, 0x37, 0x09 ; file 3E122B
db 0xB9, 0x59, 0x37, 0x37, 0x98, 0x59, 0xFF, 0x59, 0x59, 0x98, 0x59, 0x1B, 0x59, 0xCF, 0x63, 0xF5 ; file 3E123B
db 0x6D, 0x6A, 0x0E, 0x68, 0x5D, 0x11, 0x60, 0x60, 0xFF, 0x2E, 0xD3, 0x2E, 0x2E, 0xD0, 0x06, 0x21 ; file 3E124B
db 0x00, 0x6F, 0x30, 0x00, 0x6F, 0x60, 0xF6, 0xE0, 0x06, 0x1B, 0x6F, 0x43, 0x00, 0x09, 0x0D, 0x0A ; file 3E125B
db 0x09, 0xFF, 0x09, 0x60, 0x0A, 0x2F, 0xB3, 0x53, 0xDC, 0xB3, 0x7F, 0x06, 0x53, 0x60, 0x06, 0x53 ; file 3E126B
db 0xAE, 0x03, 0x40, 0x00, 0xFF, 0x60, 0xAE, 0xDC, 0x03, 0x32, 0x0A, 0x60, 0x03, 0xFB, 0x32, 0xDC ; file 3E127B
db 0x20, 0x07, 0xDC, 0x9E, 0x74, 0x32, 0x60, 0xAF, 0x1B, 0x1B, 0x1B, 0xCF, 0x41, 0x00, 0xA8, 0x41 ; file 3E128B
db 0x00, 0xA8, 0x97, 0x1B, 0x52, 0x6E, 0x5F, 0x07, 0x6F, 0xC0, 0x06, 0x40, 0x00, 0xB3, 0xCE, 0x80 ; file 3E129B
db 0x00, 0x0D, 0x0D, 0x60, 0x80, 0x06, 0x20, 0x00, 0x0D, 0x0D, 0xF6, 0x30, 0x00, 0x2C, 0x0D, 0x40 ; file 3E12AB
db 0x00, 0x60, 0x0D, 0xDC, 0x09, 0xFF, 0x09, 0x2C, 0x77, 0x09, 0x09, 0x77, 0x2F, 0x1B, 0xFF, 0x09 ; file 3E12BB
db 0x2F, 0x2F, 0x60, 0x09, 0x60, 0x74, 0x53, 0x7F, 0xAE, 0x0A, 0x32, 0x53, 0xAE, 0xDC, 0x59, 0x00 ; file 3E12CB
db 0x14, 0x2A, 0x41, 0x00, 0x60, 0x90, 0x06, 0xD0, 0x44, 0x00, 0x32, 0x52, 0x07, 0x90, 0x06, 0xB5 ; file 3E12DB
db 0xDA, 0xD0, 0x06, 0xFF, 0x43, 0x00, 0x36, 0xFF, 0x5F, 0x07, 0x0D, 0x9F, 0x0D, 0xFF, 0xFF, 0x63 ; file 3E12EB
db 0x2C, 0x40, 0x00, 0x30, 0x15, 0xFF, 0xFF, 0x2F, 0x60, 0x0D, 0x2C, 0x2C, 0x2F, 0x2C, 0x77, 0xB5 ; file 3E12FB
db 0x2F, 0x11, 0x00, 0xB3, 0x30, 0x00, 0x06, 0x60, 0x40, 0x00, 0x09, 0xFE, 0x80, 0x0D, 0x1B, 0x06 ; file 3E130B
db 0x53, 0x53, 0x74, 0x53, 0x53, 0xFF, 0x53, 0x0A, 0x60, 0x59, 0x0A, 0x0A, 0x0A, 0x37, 0xFA, 0x40 ; file 3E131B
db 0x00, 0x09, 0x42, 0x00, 0xDC, 0x9E, 0x60, 0x0A, 0x9E, 0xAD, 0xD0, 0xD0, 0x06, 0xD0, 0xD0, 0xC0 ; file 3E132B
db 0x07, 0xD0, 0x70, 0x00, 0xD0, 0xAE, 0x50, 0x07, 0xFF, 0xFF, 0xA8, 0xB0, 0x23, 0xD0, 0xD0, 0x25 ; file 3E133B
db 0x59, 0xFC, 0x10, 0x26, 0x5F, 0x07, 0x77, 0x2F, 0xFF, 0x06, 0x2E, 0x0D, 0x1F, 0xFF, 0x2C, 0x2E ; file 3E134B
db 0x76, 0xFF, 0x41, 0x20, 0x80, 0x13, 0x13, 0x00, 0xFF, 0xAE, 0xAE, 0xAE, 0x0D, 0x0A, 0xDC, 0xDC ; file 3E135B
db 0x60, 0xFE, 0x80, 0x06, 0xDC, 0xAE, 0xAE, 0x0A, 0xDC, 0x0A, 0x0A, 0xFF, 0xDC, 0x60, 0xDC, 0xDC ; file 3E136B
db 0x9E, 0x03, 0x60, 0xA8, 0xFF, 0x0A, 0x9E, 0x74, 0x9E, 0xA8, 0x74, 0xD0, 0x03, 0x4C, 0x40, 0x06 ; file 3E137B
db 0x70, 0x06, 0xD0, 0x60, 0x80, 0x06, 0x31, 0x00, 0x61, 0x30, 0x00, 0x97, 0xFF, 0x4A, 0x7C, 0x40 ; file 3E138B
db 0x1A, 0x66, 0xAC, 0x2C, 0x5E, 0x07, 0x2C, 0xFD, 0x76, 0xD0, 0x06, 0x0D, 0x76, 0xFF, 0x2E, 0x0D ; file 3E139B
db 0x2C, 0xF6, 0x50, 0x07, 0x2F, 0x60, 0xE0, 0x21, 0x74, 0x6F, 0x2F, 0x53, 0xDF, 0x0A, 0x2C, 0xB3 ; file 3E13AB
db 0x53, 0xB8, 0x90, 0x1B, 0xDC, 0x60, 0xFD, 0x74, 0x10, 0x00, 0x03, 0x74, 0xA8, 0x1B, 0x60, 0x74 ; file 3E13BB
db 0xBF, 0x28, 0x1B, 0x03, 0x74, 0x32, 0x59, 0x40, 0x06, 0x1B, 0xFF, 0xB7, 0x1B, 0x37, 0xCE, 0xFF ; file 3E13CB
db 0x37, 0x1B, 0x89, 0xBF, 0xFF, 0x1B, 0xC8, 0xFF, 0xFF, 0x70, 0x2D, 0x1B, 0xB3, 0xFA, 0xD0, 0x13 ; file 3E13DB
db 0x0D, 0x10, 0x2C, 0x0D, 0x2F, 0x53, 0x6F, 0x2C, 0xD5, 0x2F, 0xC2, 0x1F, 0xDC, 0xA0, 0x0B, 0x03 ; file 3E13EB
db 0x41, 0x00, 0x0A, 0x03, 0xFF, 0x03, 0x9E, 0x60, 0xDC, 0x03, 0xD0, 0xD0, 0x03, 0xFF, 0xD0, 0xA8 ; file 3E13FB
db 0x57, 0x74, 0xA8, 0xAB, 0xFF, 0x32, 0x55, 0xB4, 0xA0, 0x24, 0x28, 0x0C, 0x37, 0x6F, 0x0A, 0x36 ; file 3E140B
db 0x67, 0xF1, 0x38, 0xF5, 0x21, 0xF3, 0x2D, 0x3E, 0x80, 0x19, 0x6F, 0x0D, 0x60, 0x0D, 0xFF, 0x77 ; file 3E141B
db 0x06, 0xAE, 0x2C, 0x2F, 0x06, 0x0A, 0x77, 0xD0, 0xF0, 0x25, 0xA0, 0x32, 0x33, 0x05, 0xD0, 0x16 ; file 3E142B
db 0x7A, 0xA0, 0x05, 0xFF, 0x74, 0xEB, 0xD0, 0x57, 0x5C, 0x09, 0x66, 0x1D, 0x3D, 0x21, 0x60, 0xFF ; file 3E143B
db 0xE1, 0xAE, 0x11, 0x0F, 0x30, 0x0A, 0xE0, 0x3A, 0x70, 0x00, 0x06, 0x60, 0xB3, 0xFF, 0x53, 0x0A ; file 3E144B
db 0x03, 0x06, 0xAE, 0xDC, 0x74, 0x53, 0x20, 0x90, 0x1B, 0x70, 0x00, 0xC1, 0x14, 0xC0, 0x1A, 0xA0 ; file 3E145B
db 0x09, 0xD0, 0x20, 0x0A, 0x11, 0x0A, 0xE4, 0x5B, 0x09, 0x32, 0x05, 0x77, 0x10, 0x09, 0xE0, 0x29 ; file 3E146B
db 0x6F, 0x0D, 0xFF, 0xA3, 0x77, 0x6F, 0x90, 0x28, 0x40, 0x13, 0xA0, 0x04, 0xAE, 0xB0, 0x13, 0xAE ; file 3E147B
db 0xE5, 0x2F, 0xB1, 0x13, 0x0A, 0x80, 0x0E, 0xA0, 0x04, 0xD0, 0xDC, 0xD0, 0x3B, 0xD0, 0xCE, 0x30 ; file 3E148B
db 0x0F, 0x68, 0x60, 0x57, 0xEF, 0x18, 0x88, 0x47, 0xF9, 0x65, 0x79, 0x47, 0xB1, 0x05, 0x2E, 0x60 ; file 3E149B
db 0x3E, 0x6F, 0x0D, 0xC3, 0x2C, 0x6F, 0x50, 0x14, 0x90, 0x0A, 0x70, 0x45, 0x63, 0x0A, 0x9E, 0x06 ; file 3E14AB
db 0x73, 0xAE, 0x0A, 0xC1, 0x14, 0xA0, 0x0A, 0x03, 0xD0, 0x60, 0xE0, 0x25, 0x83, 0xFF, 0xD0, 0x10 ; file 3E14BB
db 0x0F, 0x42, 0x00, 0x80, 0x14, 0x6B, 0x25, 0x9B, 0x4C, 0xBE, 0xFB, 0x53, 0x77, 0xA6, 0x4D, 0xBE ; file 3E14CB
db 0x74, 0x63, 0x3E, 0x2F, 0xF9, 0xB3, 0xA0, 0x2C, 0xB5, 0x4E, 0x0A, 0x06, 0xB8, 0x29, 0x06, 0xBF ; file 3E14DB
db 0x06, 0x06, 0xB3, 0x60, 0xFF, 0x21, 0xC0, 0x4C, 0x77, 0x3F, 0x6F, 0x0D, 0x77, 0x2E, 0x6F, 0x0D ; file 3E14EB
db 0x30, 0x00, 0x10, 0x36, 0xA4, 0x50, 0x3C, 0xD0, 0x16, 0x53, 0x80, 0x2F, 0x81, 0x0D, 0x0A, 0x50 ; file 3E14FB
db 0x3C, 0x74, 0xA5, 0xD0, 0xF0, 0x2D, 0xD0, 0x52, 0x17, 0xF0, 0x2D, 0x60, 0x31, 0x12, 0xD0, 0x89 ; file 3E150B
db 0xBB, 0xF0, 0x2D, 0x80, 0x53, 0xCE, 0x6D, 0x26, 0xE6, 0x49, 0x55, 0x55, 0x2F, 0x7E, 0xF1, 0x55 ; file 3E151B
db 0x7A, 0xFF, 0x37, 0xB3, 0x0D, 0x37, 0xB1, 0x0D, 0xFD, 0x77, 0xD0, 0x48, 0x06, 0x2C, 0xB3, 0xB3 ; file 3E152B
db 0x2F, 0xB3, 0xB3, 0x77, 0x0D, 0xB0, 0x18, 0xA0, 0x07, 0x2C, 0x2F, 0x00, 0x50, 0x77, 0xC4, 0x11 ; file 3E153B
db 0x37, 0x50, 0x01, 0x06, 0x60, 0x0A, 0x70, 0x3F, 0xC0, 0x0A, 0x6F, 0x06, 0xAF, 0x06, 0x0D, 0x6F ; file 3E154B
db 0x2F, 0x00, 0x11, 0x77, 0x00, 0x40, 0x60, 0x16, 0x73, 0x11, 0x2C, 0x2F, 0x70, 0x11, 0x2F, 0x30 ; file 3E155B
db 0x00, 0x30, 0x39, 0x80, 0x11, 0x34, 0xB1, 0x26, 0xF0, 0x11, 0xDC, 0xE0, 0x3F, 0x9E, 0x01, 0x40 ; file 3E156B
db 0x1C, 0xD1, 0x08, 0xA2, 0xC5, 0x5C, 0x68, 0x50, 0x5D, 0x3A, 0x4D, 0x2A, 0x4D, 0xC4, 0x30, 0x5F ; file 3E157B
db 0x35, 0xFE, 0x80, 0x5F, 0x2F, 0x6F, 0x0E, 0x27, 0x2E, 0x6F, 0x40, 0xE7, 0x2E, 0x6F, 0x2C, 0xD0 ; file 3E158B
db 0x0F, 0x90, 0x3F, 0x2F, 0x2F, 0x2E, 0x76, 0x30, 0x00, 0x6F, 0xB3, 0x30, 0x4E, 0x2C, 0x76, 0x2E ; file 3E159B
db 0x70, 0x07, 0x7C, 0xA0, 0x0A, 0xF0, 0x22, 0x77, 0x2F, 0x06, 0xB3, 0x2E, 0xF0, 0x1E, 0x73, 0x76 ; file 3E15AB
db 0x60, 0x90, 0x48, 0xA0, 0x12, 0x77, 0x2F, 0x2E, 0x50, 0x55, 0x9F, 0x2E, 0x2C, 0x2F, 0x77, 0x60 ; file 3E15BB
db 0xE1, 0x09, 0xE0, 0x49, 0x2C, 0x3A, 0xB0, 0x1B, 0x77, 0x40, 0x4A, 0x2F, 0x60, 0x2C, 0x51, 0x0C ; file 3E15CB
db 0x01, 0x14, 0x2C, 0x50, 0x50, 0xC0, 0x50, 0xAE, 0x60, 0xD1, 0x30, 0xAE, 0x00, 0x42, 0x40, 0x31 ; file 3E15DB
db 0xBE, 0x82, 0x49, 0x05, 0xA8, 0xD0, 0x60, 0x1B, 0xF0, 0x09, 0x32, 0xFE, 0x50, 0x00, 0xA8, 0x32 ; file 3E15EB
db 0x7E, 0xFF, 0x32, 0x59, 0xA8, 0xFD, 0xBE, 0xAE, 0x0A, 0x9A, 0xAC, 0xFF, 0xC4, 0xAA, 0x2C, 0xFF ; file 3E15FB
db 0xFF, 0x12, 0x80, 0x76, 0x92, 0xAA, 0x06, 0x76, 0xFF, 0x60, 0x76, 0x2E, 0x77, 0x06, 0x76, 0x2E ; file 3E160B
db 0x2F, 0xFF, 0x77, 0x76, 0x6F, 0x2F, 0x0D, 0x76, 0x77, 0x06, 0x97, 0x2E, 0x60, 0x76, 0xE0, 0x00 ; file 3E161B
db 0x76, 0xE0, 0x00, 0x40, 0x00, 0xB3, 0xAD, 0x76, 0x60, 0x68, 0x60, 0xB3, 0xF0, 0x00, 0x06, 0x10 ; file 3E162B
db 0x65, 0x53, 0xD8, 0x00, 0x65, 0x41, 0x00, 0xB0, 0x3D, 0xB3, 0x2F, 0x43, 0x00, 0x06, 0xB3, 0xA2 ; file 3E163B
db 0x40, 0x00, 0x06, 0x60, 0x4D, 0xB2, 0x13, 0x22, 0x4D, 0x06, 0x64, 0x5A, 0x0A, 0xB4, 0x51, 0x46 ; file 3E164B
db 0x10, 0x54, 0x9E, 0xC0, 0x46, 0x9E, 0x01, 0x10, 0x26, 0xD0, 0xFF, 0xD0, 0x37, 0x32, 0xD0, 0xA8 ; file 3E165B
db 0x59, 0x59, 0x32, 0xEF, 0x1B, 0x59, 0x09, 0x1B, 0x40, 0x00, 0xCC, 0xAD, 0x1B, 0x57, 0x59, 0x60 ; file 3E166B
db 0xB6, 0x10, 0x72, 0x37, 0x81, 0x4C, 0x41, 0x43, 0x00, 0xF1, 0x76, 0x19, 0x71, 0x02, 0x3B, 0x89 ; file 3E167B
db 0x15, 0x3A, 0x60, 0xAA, 0x92, 0xFF, 0x2C, 0x76, 0xAA, 0x12, 0x2E, 0x76, 0xAA, 0x47, 0x86, 0x40 ; file 3E168B
db 0x00, 0x51, 0x2E, 0xF0, 0x0B, 0x30, 0x0B, 0x71, 0x0B, 0x60, 0x0C, 0x6F, 0x8A, 0xF0, 0x0B, 0x0D ; file 3E169B
db 0xF0, 0x0B, 0x0D, 0x72, 0x0B, 0xB1, 0x0B, 0x50, 0x74, 0x2F, 0xCB, 0x60, 0x53, 0xA0, 0x49, 0x06 ; file 3E16AB
db 0x60, 0x6B, 0x50, 0x1F, 0x76, 0xB3, 0xA7, 0xAE, 0x2F, 0x6F, 0xF1, 0x0B, 0x00, 0x45, 0xB3, 0x20 ; file 3E16BB
db 0x52, 0x2F, 0x9B, 0xB3, 0x76, 0x41, 0x22, 0xAE, 0xAE, 0xA0, 0x51, 0xD0, 0x50, 0x06, 0xC3, 0xAE ; file 3E16CB
db 0x60, 0xC1, 0x52, 0x00, 0x37, 0xE0, 0x4A, 0x70, 0x51, 0xD0, 0x03, 0xFE, 0x81, 0x37, 0x03, 0x74 ; file 3E16DB
db 0x03, 0x12, 0xD0, 0x03, 0x17, 0xDB, 0x1B, 0x37, 0x30, 0x00, 0x60, 0x1B, 0xD0, 0x0A, 0x1B, 0x59 ; file 3E16EB
db 0xA5, 0x1E, 0x44, 0x00, 0x09, 0x8B, 0x20, 0x02, 0x46, 0xC0, 0x30, 0x7F, 0xCD, 0xFA, 0x70, 0x7F ; file 3E16FB
db 0x1A, 0xB0, 0x7F, 0xAA, 0x60, 0xAA, 0x51, 0x6F, 0xFB, 0x2E, 0x85, 0x41, 0x00, 0x7D, 0x6F, 0x2E ; file 3E170B
db 0x1A, 0xBC, 0x85, 0x6F, 0xE0, 0x15, 0x0D, 0xF0, 0x14, 0x10, 0x14, 0xF0, 0x16, 0x70, 0x17, 0x77 ; file 3E171B
db 0x73, 0xB3, 0x60, 0xF0, 0x74, 0x91, 0x7A, 0x2C, 0x2C, 0x6F, 0x00, 0x17, 0x56, 0xE2, 0x5A, 0x53 ; file 3E172B
db 0x53, 0xD0, 0x09, 0xAE, 0x61, 0x32, 0x0A, 0xE1, 0x32, 0xFB, 0x60, 0x2E, 0xE0, 0x20, 0x2F, 0x0D ; file 3E173B
db 0x0D, 0x2F, 0xAE, 0xFE, 0x70, 0x63, 0x0A, 0x0A, 0x53, 0x06, 0x17, 0xB3, 0x06, 0xBB, 0x17, 0xAE ; file 3E174B
db 0x90, 0x5B, 0x60, 0x03, 0x74, 0x40, 0x00, 0x32, 0xFE, 0x50, 0x70, 0x1B, 0x03, 0x32, 0xA8, 0x1B ; file 3E175B
db 0x21, 0x1B, 0xD1, 0x32, 0x22, 0x0A, 0x60, 0x09, 0x47, 0x00, 0x37, 0x2F, 0x0A, 0xFF, 0x12, 0xFA ; file 3E176B
db 0x50, 0x89, 0x6C, 0xD6, 0x77, 0x85, 0x8F, 0x2C, 0x6F, 0xAA, 0xFF, 0xA6, 0x77, 0x0D, 0xAA, 0xAA ; file 3E177B
db 0x71, 0x0D, 0x1A, 0x87, 0xAA, 0xD9, 0x77, 0x10, 0x09, 0xE0, 0x33, 0xE0, 0x20, 0x51, 0x09, 0x0D ; file 3E178B
db 0x9F, 0x6F, 0x76, 0x2E, 0x60, 0x53, 0x90, 0x21, 0x50, 0x3B, 0x6F, 0x9E, 0x90, 0x09, 0x2F, 0x77 ; file 3E179B
db 0xB3, 0xAE, 0x10, 0x09, 0x50, 0x2B, 0x2E, 0x21, 0x0D, 0x80, 0x35, 0x32, 0x33, 0x50, 0x36, 0xA1 ; file 3E17AB
db 0x32, 0x06, 0xA0, 0x79, 0x10, 0x6D, 0xA0, 0xD0, 0x3D, 0x60, 0x6D, 0xD0, 0x65, 0x21, 0x0A, 0x01 ; file 3E17BB
db 0x20, 0xDC, 0xA0, 0x6D, 0xAE, 0x76, 0x21, 0x15, 0x03, 0xDC, 0xB0, 0x66, 0x60, 0x0A, 0x60, 0xD1 ; file 3E17CB
db 0x01, 0xCC, 0xA0, 0x7B, 0x71, 0x66, 0xD0, 0x03, 0xF0, 0x67, 0xF1, 0x16, 0xDC, 0x60, 0xCF, 0x60 ; file 3E17DB
db 0x03, 0x03, 0x63, 0xB0, 0x0C, 0x90, 0x7C, 0x03, 0x74, 0xFF, 0x1B, 0x03, 0x63, 0xC8, 0x59, 0x0A ; file 3E17EB
db 0x59, 0xA8, 0xFE, 0xC0, 0x0C, 0x37, 0xFF, 0x1B, 0x37, 0x7A, 0xFF, 0x59, 0xBF, 0x37, 0xB4, 0xFF ; file 3E17FB
db 0x59, 0x59, 0x9D, 0x6D, 0x37, 0x65, 0xFF, 0xAA, 0x35, 0xAE, 0xFF, 0xAA, 0x1A, 0x42, 0xFF, 0xFF ; file 3E180B
db 0x92, 0x85, 0x92, 0xFF, 0xC0, 0x1A, 0xAA, 0x60, 0xFE, 0x01, 0x0B, 0x2F, 0x77, 0x2C, 0x6F, 0x0A ; file 3E181B
db 0xB3, 0x2F, 0x0F, 0x2C, 0x12, 0xAE, 0xB3, 0x61, 0x37, 0xE0, 0x8F, 0x00, 0x5E, 0xF1, 0x33, 0x3F ; file 3E182B
db 0x77, 0x2C, 0x0D, 0x77, 0x60, 0xAE, 0x10, 0x34, 0xB0, 0x29, 0xAA, 0xD0, 0x0A, 0x0A, 0x31, 0x85 ; file 3E183B
db 0x0A, 0x00, 0x92, 0xB3, 0x12, 0x00, 0xAE, 0xF7, 0x53, 0x53, 0x06, 0x11, 0x71, 0x02, 0x53, 0x0A ; file 3E184B
db 0x02, 0xF8, 0x62, 0x71, 0x00, 0x0B, 0xF0, 0x85, 0x03, 0x63, 0x74, 0xA8, 0x9E, 0xFE, 0x60, 0x7F ; file 3E185B
db 0x02, 0xA8, 0x74, 0x60, 0xD0, 0x74, 0xA8, 0x7F, 0x59, 0x74, 0x32, 0x1B, 0x37, 0x74, 0x1B, 0x52 ; file 3E186B
db 0x2C, 0xFE, 0x90, 0x8E, 0x7A, 0x3C, 0xFF, 0x1B, 0x5B, 0x3C, 0xFF, 0xBF, 0xCE, 0x5B, 0x0E, 0xFF ; file 3E187B
db 0xB6, 0x87, 0x5F, 0x41, 0xFF, 0xF3, 0xC0, 0xAA, 0x14, 0x21, 0xB4, 0x16, 0x54, 0xAE, 0xB3, 0x92 ; file 3E188B
db 0xFF, 0x1A, 0x21, 0xAE, 0x65, 0x1A, 0x92, 0x9B, 0xFF, 0x37, 0x12, 0x92, 0x92, 0xD1, 0x49, 0x77 ; file 3E189B
db 0x06, 0x80, 0x80, 0xC0, 0x32, 0xFF, 0x06, 0xCC, 0xDC, 0x0A, 0x53, 0x8F, 0x31, 0x06, 0xE0, 0x00 ; file 3E18AB
db 0x2B, 0xC0, 0x28, 0x11, 0x7B, 0x61, 0x7B, 0x80, 0x54, 0x53, 0x60, 0x03, 0xC7, 0x60, 0x9E, 0x9E ; file 3E18BB
db 0xD0, 0x7A, 0x20, 0x7B, 0x92, 0x2A, 0xAE, 0x11, 0xBF, 0x9E, 0x0A, 0xE8, 0x1F, 0x60, 0x74, 0x30 ; file 3E18CB
db 0x13, 0x74, 0xFE, 0x00, 0x0A, 0x4A, 0x1B, 0x63, 0x32, 0x1B, 0xA8, 0x32, 0xF9, 0xA8, 0x90, 0x81 ; file 3E18DB
db 0x40, 0x09, 0x68, 0x1B, 0xA8, 0x57, 0x9D, 0xFF, 0xD0, 0x28, 0x3B, 0xCA, 0x28, 0xC3, 0x9D, 0x97 ; file 3E18EB
db 0x3F, 0x60, 0x9D, 0xD1, 0xFF, 0xFF, 0x9D, 0x30, 0xA8, 0x70, 0x00, 0xB8, 0x92, 0xA8, 0x9A, 0x98 ; file 3E18FB
db 0xD0, 0x9E, 0xC3, 0x7C, 0x92, 0x00, 0x41, 0x65, 0xFE, 0x96, 0x98, 0x1A, 0x92, 0x60, 0xDC, 0x35 ; file 3E190B
db 0x92, 0x92, 0xFF, 0x9B, 0x9A, 0x92, 0x92, 0x92, 0xFF, 0xC2, 0x8F, 0xDD, 0x35, 0xA0, 0x31, 0xAE ; file 3E191B
db 0x53, 0xDC, 0x70, 0x82, 0x35, 0xA3, 0x3F, 0x03, 0xDC, 0x35, 0x35, 0x8F, 0xCC, 0xA0, 0x83, 0x40 ; file 3E192B
db 0x91, 0x7C, 0x20, 0x8A, 0xC1, 0x1C, 0x21, 0x63, 0x03, 0x03, 0x60, 0xB0, 0xA5, 0xFC, 0x70, 0x84 ; file 3E193B
db 0x90, 0x84, 0x9E, 0x9E, 0x9E, 0x03, 0x03, 0x74, 0xC5, 0x74, 0xA1, 0x13, 0x60, 0x21, 0x02, 0x61 ; file 3E194B
db 0x13, 0x61, 0x84, 0x01, 0x03, 0xFD, 0xC8, 0xE1, 0x84, 0x57, 0xD0, 0xD0, 0x7C, 0xA5, 0x42, 0xFF ; file 3E195B
db 0x3B, 0x6E, 0x3B, 0x6A, 0x6E, 0x5B, 0x48, 0x60, 0xFF, 0x3B, 0xCA, 0x9D, 0xFF, 0x87, 0x5F, 0x34 ; file 3E196B
db 0xFF, 0xE9, 0x9F, 0x0F, 0x6C, 0x74, 0xAD, 0xC2, 0x2A, 0xA2, 0x8F, 0xCD, 0x35, 0xCF, 0x35, 0xFF ; file 3E197B
db 0xD5, 0x12, 0xA1, 0x2B, 0x33, 0xA3, 0x12, 0x35, 0xFF, 0xD5, 0xA3, 0xC0, 0x35, 0x12, 0x12, 0x68 ; file 3E198B
db 0xC0, 0xFB, 0x3A, 0xBF, 0x42, 0xA4, 0x61, 0x61, 0x29, 0x42, 0x8F, 0xBF, 0x8F, 0xCD, 0xD5, 0x8F ; file 3E199B
db 0xB6, 0x0C, 0xE0, 0x37, 0x83, 0xFF, 0xD1, 0x60, 0xB7, 0xB7, 0xB7, 0xCD, 0x8F, 0x62, 0xDF, 0xCD ; file 3E19AB
db 0x6A, 0xB5, 0x3B, 0xB6, 0x62, 0x06, 0x60, 0xBF, 0xFF, 0xBF, 0xA5, 0xA5, 0xA5, 0xB5, 0xC1, 0x25 ; file 3E19BB
db 0x0E, 0xA6, 0x75, 0xA7, 0xA5, 0x97, 0xA7, 0x11, 0xDF, 0x82, 0x74, 0xBA, 0xB9, 0x64, 0x63, 0x71 ; file 3E19CB
db 0xFF, 0x15, 0xBE, 0x1F, 0x00, 0x1F, 0x00, 0x61, 0x61, 0x00, 0x00, 0xFF, 0x25, 0x77, 0x31, 0x08 ; file 3E19DB
db 0x00, 0x00, 0x1F, 0x05, 0xD7, 0x00, 0x00, 0x61, 0x22, 0x00, 0x6B, 0x27, 0x00, 0x69, 0x60, 0xF5 ; file 3E19EB
db 0xFF, 0x2B, 0x00, 0xB8, 0x2A, 0x02, 0x53, 0x60, 0x09, 0xFF, 0xFE, 0xED, 0x05, 0x77, 0x76, 0xFF ; file 3E19FB
db 0x0A, 0x76, 0x76, 0xFF, 0xFF, 0xB8, 0x2E, 0x6F, 0x03, 0x0D, 0x2C, 0x06, 0x60, 0xFF, 0x0D, 0x53 ; file 3E1A0B
db 0x1B, 0x73, 0x2F, 0x0A, 0x59, 0x09, 0xFF, 0x06, 0x03, 0x59, 0x37, 0x53, 0x03, 0x1B, 0x1B, 0xFA ; file 3E1A1B
db 0xC9, 0x0B, 0x68, 0xC0, 0x0B, 0xB8, 0x6F, 0xFF, 0x03, 0x2E, 0xF7, 0x76, 0xFF, 0xAE, 0x60, 0x06 ; file 3E1A2B
db 0x2F, 0x2E, 0x76, 0x60, 0xFF, 0x6F, 0x2F, 0xB3, 0x53, 0x76, 0x0D, 0x0A, 0xDC, 0xFF, 0x76, 0x0D ; file 3E1A3B
db 0x53, 0x60, 0x76, 0x2F, 0xAE, 0x60, 0xFF, 0x60, 0x0A, 0x9E, 0xD0, 0x73, 0x03, 0x74, 0x09, 0xFF ; file 3E1A4B
db 0xFF, 0xC8, 0x09, 0x09, 0x20, 0x1B, 0x37, 0x09, 0x57, 0x09, 0x63, 0x6D, 0x4A, 0x0E, 0x66, 0x29 ; file 3E1A5B
db 0x14, 0xCE, 0xA0, 0x15, 0xFF, 0x2E, 0x60, 0xFF, 0xCE, 0x09, 0x20, 0xCE, 0x53, 0xF7, 0x09, 0x09 ; file 3E1A6B
db 0x2E, 0x81, 0x00, 0x77, 0x09, 0x09, 0x60, 0xFF, 0xFF, 0xB3, 0x6F, 0x76, 0xFF, 0x06, 0x6F, 0x76 ; file 3E1A7B
db 0xFF, 0x4E, 0x53, 0x6F, 0x0D, 0x09, 0xAE, 0x2C, 0x2F, 0xFF, 0x60, 0x2E, 0x06, 0xAE, 0x03, 0x2F ; file 3E1A8B
db 0x06, 0x0A, 0xFF, 0x03, 0x2F, 0x53, 0xDC, 0x03, 0x06, 0xAE, 0xDC, 0xAF, 0x03, 0x32, 0x1B, 0x59 ; file 3E1A9B
db 0x06, 0x1D, 0x36, 0x20, 0x1E, 0x4E, 0xAC, 0xA0, 0x1E, 0xEF, 0x0C, 0x0A, 0x2E, 0xC0, 0x0B, 0x2E ; file 3E1AAB
db 0x20, 0x1B, 0x2E, 0xDE, 0xE0, 0x00, 0x6F, 0x60, 0x2E, 0x2E, 0x60, 0x0C, 0x6F, 0x09, 0xFF, 0x09 ; file 3E1ABB
db 0x6F, 0x6F, 0x0A, 0x09, 0x6F, 0x0D, 0x0A, 0xFF, 0x09, 0x60, 0x09, 0xDC, 0x2F, 0xB3, 0x09, 0x60 ; file 3E1ACB
db 0xDF, 0xB3, 0x53, 0x09, 0x1B, 0x06, 0x80, 0x00, 0x53, 0x53, 0xFF, 0x60, 0x53, 0x0A, 0xDC, 0x03 ; file 3E1ADB
db 0x53, 0xDC, 0xDC, 0xFF, 0x03, 0xAE, 0xDC, 0x9E, 0x03, 0x0A, 0xDC, 0x9E, 0x1F, 0x74, 0x07, 0x1B ; file 3E1AEB
db 0xA8, 0x60, 0x61, 0x0B, 0xE1, 0x0B, 0xE1, 0x0C, 0x7D, 0xCF, 0xF0, 0x0C, 0x41, 0x6F, 0x6F, 0x6F ; file 3E1AFB
db 0xB3, 0x80, 0x00, 0xFA, 0xE0, 0x00, 0x0D, 0x21, 0x00, 0x60, 0x6F, 0x0D, 0x2C, 0x09, 0xDF, 0x0D ; file 3E1B0B
db 0x2C, 0x77, 0x28, 0x0D, 0x00, 0x17, 0x2C, 0x2F, 0xFF, 0x2F, 0xB3, 0x60, 0x09, 0x59, 0xAE, 0xAE ; file 3E1B1B
db 0x09, 0x7F, 0x59, 0x06, 0xAE, 0x09, 0x09, 0x53, 0x0A, 0x81, 0x00, 0xFF, 0x17, 0x0A, 0x9E, 0x60 ; file 3E1B2B
db 0xD0, 0xA8, 0xA8, 0x1B, 0x3A, 0x80, 0x00, 0xA8, 0x84, 0x00, 0x36, 0x60, 0x73, 0xE0, 0x36, 0x81 ; file 3E1B3B
db 0x00, 0xDC, 0xC5, 0x37, 0xAD, 0x26, 0x0D, 0x0D, 0x2C, 0x20, 0x00, 0x77, 0x2F, 0xDF, 0xAE, 0x2F ; file 3E1B4B
db 0x2F, 0x2F, 0x61, 0xC1, 0x0A, 0x77, 0x2F, 0xFF, 0x2F, 0x06, 0x2F, 0xB3, 0xB3, 0x53, 0xB3, 0x06 ; file 3E1B5B
db 0xFB, 0x06, 0x53, 0x60, 0x00, 0x53, 0x60, 0x1B, 0x09, 0xAE, 0xFF, 0x0A, 0x63, 0x09, 0x0A, 0x0A ; file 3E1B6B
db 0xAE, 0x09, 0x03, 0x3F, 0x0A, 0x0A, 0x32, 0x03, 0xDC, 0x60, 0x41, 0x18, 0xC1, 0x18, 0xFF, 0xDC ; file 3E1B7B
db 0x9E, 0x9E, 0xD0, 0x9E, 0x9E, 0x74, 0xD0, 0xFE, 0xA1, 0x0E, 0x64, 0xD0, 0x32, 0xA8, 0xFF, 0xD0 ; file 3E1B8B
db 0xD0, 0x5D, 0x6B, 0x80, 0x00, 0xFF, 0xFF, 0x6E, 0x6A, 0x41, 0x65, 0x45, 0x47, 0xF5, 0xBE, 0x40 ; file 3E1B9B
db 0x48, 0x2F, 0x22, 0x33, 0x2F, 0x06, 0xB3, 0x06, 0xDD, 0x2E, 0x80, 0x0B, 0x2E, 0x76, 0x0A, 0xE0 ; file 3E1BAB
db 0x3D, 0x77, 0x60, 0xDF, 0x60, 0x53, 0x53, 0x53, 0xAE, 0x60, 0x00, 0x0A, 0xAE, 0xCF, 0xAE, 0x0A ; file 3E1BBB
db 0xDC, 0xDC, 0x60, 0x00, 0x80, 0x0C, 0x03, 0x9E, 0xFE, 0x00, 0x0C, 0x03, 0x9E, 0x03, 0x03, 0xD0 ; file 3E1BCB
db 0x60, 0x03, 0xDF, 0xD0, 0xD0, 0x60, 0x74, 0xD0, 0x26, 0x00, 0x59, 0xD0, 0x5F, 0x59, 0x64, 0xFF ; file 3E1BDB
db 0x60, 0xD0, 0x80, 0x33, 0x59, 0x88, 0x52, 0xD4, 0xB0, 0x0E, 0xA1, 0x0D, 0xB3, 0xE0, 0x56, 0x6F ; file 3E1BEB
db 0x81, 0x00, 0x60, 0x76, 0xFB, 0x76, 0x6F, 0x00, 0x4B, 0x6F, 0x2F, 0x0D, 0x6F, 0x2C, 0xFF, 0xB3 ; file 3E1BFB
db 0x6F, 0xB3, 0x2F, 0x06, 0x60, 0x0A, 0x74, 0xFF, 0x74, 0x74, 0x53, 0x0A, 0x74, 0x63, 0x53, 0x0A ; file 3E1C0B
db 0xFB, 0x60, 0x63, 0x80, 0x3F, 0x74, 0x2C, 0x32, 0x59, 0x60, 0x55, 0x37, 0xC4, 0x31, 0x20, 0xC4 ; file 3E1C1B
db 0x5D, 0x6F, 0x6F, 0x19, 0x06, 0x20, 0x61, 0xF5, 0xBC, 0xC3, 0x0A, 0x79, 0xC0, 0x32, 0x2C, 0x06 ; file 3E1C2B
db 0x53, 0x2F, 0x9F, 0x2F, 0x53, 0x0A, 0x2F, 0x53, 0x81, 0x00, 0x40, 0x17, 0xAE, 0xF7, 0xDC, 0x60 ; file 3E1C3B
db 0x03, 0xA0, 0x09, 0xD0, 0x60, 0x63, 0x32, 0xFF, 0xA8, 0x60, 0x9E, 0x03, 0x61, 0x60, 0xD0, 0xD0 ; file 3E1C4B
db 0x3F, 0x1B, 0xFF, 0xA8, 0x28, 0xFF, 0xFF, 0x60, 0x00, 0x62, 0x68, 0xFD, 0x70, 0xCE, 0x23, 0x2C ; file 3E1C5B
db 0x2C, 0xFF, 0xFF, 0x0D, 0x2F, 0x13, 0xFF, 0x51, 0x80, 0x00, 0x80, 0x13, 0x60, 0xC0, 0x09, 0xA1 ; file 3E1C6B
db 0x51, 0x80, 0x13, 0x33, 0x9E, 0xD0, 0x60, 0x01, 0x00, 0x2C, 0xD0, 0x61, 0x02, 0x2B, 0xE0, 0x00 ; file 3E1C7B
db 0xC9, 0xFF, 0xE0, 0x2B, 0xAC, 0x12, 0x64, 0x49, 0x73, 0xA1, 0x13, 0x6F, 0x60, 0xBE, 0x40, 0x09 ; file 3E1C8B
db 0x06, 0x6F, 0x2C, 0x2F, 0x53, 0xE0, 0x00, 0x53, 0x59, 0x2C, 0x00, 0x5C, 0xA0, 0x12, 0x74, 0xD0 ; file 3E1C9B
db 0x00, 0x68, 0xD0, 0xE0, 0x00, 0x2D, 0xD0, 0xE0, 0x00, 0x61, 0x60, 0xA1, 0x11, 0x57, 0x48, 0x7A ; file 3E1CAB
db 0x6F, 0x0A, 0xFB, 0x51, 0x0D, 0x20, 0x27, 0x0D, 0xFF, 0x7D, 0x0D, 0x2C, 0xFF, 0x21, 0x6F, 0x0D ; file 3E1CBB
db 0x2F, 0x60, 0x77, 0xB3, 0x53, 0xEB, 0xDC, 0x2F, 0x60, 0x64, 0xB3, 0xC0, 0x25, 0x06, 0x53, 0xDC ; file 3E1CCB
db 0xED, 0x74, 0xA1, 0x32, 0x68, 0x74, 0x60, 0x1B, 0xD0, 0xD0, 0xB4, 0xAA, 0x20, 0x3F, 0xB6, 0xAC ; file 3E1CDB
db 0x3E, 0x63, 0xE5, 0x85, 0x42, 0xE0, 0x86, 0x77, 0x3F, 0xFF, 0xFF, 0x7D, 0x6F, 0x60, 0x77, 0x40 ; file 3E1CEB
db 0x12, 0x40, 0x09, 0x4D, 0x06, 0x00, 0x58, 0x06, 0x0D, 0xA0, 0x7B, 0xC0, 0x62, 0x9E, 0x00, 0x30 ; file 3E1CFB
db 0x03, 0x03, 0xD0, 0xA5, 0x13, 0x40, 0x25, 0x80, 0x1C, 0x60, 0x77, 0x40, 0x0A, 0x02, 0x1D, 0xFC ; file 3E1D0B
db 0x0B, 0x49, 0x2D, 0x90, 0x37, 0x60, 0xFF, 0x7E, 0x2E, 0x0D, 0x7D, 0xFF, 0x80, 0x0A, 0xB8, 0x6F ; file 3E1D1B
db 0x6F, 0x2C, 0x2E, 0xA1, 0x14, 0x6A, 0x80, 0x1D, 0xAE, 0xE0, 0x86, 0xAE, 0xE0, 0x1E, 0x0A, 0xB3 ; file 3E1D2B
db 0x00, 0x7A, 0xA3, 0x60, 0xDC, 0x60, 0x47, 0x81, 0x00, 0x60, 0x1F, 0xD0, 0xC0, 0x48, 0xA8, 0x8B ; file 3E1D3B
db 0x60, 0x1B, 0xA4, 0x83, 0x68, 0xD1, 0x46, 0xC1, 0x90, 0xC6, 0x9C, 0x60, 0xEF, 0xFF, 0x37, 0x6F ; file 3E1D4B
db 0x2C, 0xA1, 0x9E, 0xBE, 0xFF, 0x03, 0xF7, 0x2C, 0x77, 0x0D, 0xE0, 0x62, 0x2F, 0x2F, 0x0D, 0x2C ; file 3E1D5B
db 0x56, 0x40, 0x45, 0x2F, 0xB3, 0x41, 0x00, 0x2C, 0x60, 0x70, 0x77, 0x00, 0x65, 0xFF, 0x60, 0xB3 ; file 3E1D6B
db 0xB3, 0x06, 0x0D, 0xB3, 0xB3, 0x2C, 0x33, 0x6F, 0xB3, 0xA0, 0x75, 0xE0, 0x00, 0x6F, 0x60, 0xA0 ; file 3E1D7B
db 0x11, 0x01, 0x1D, 0xD5, 0xB3, 0x00, 0x75, 0xB3, 0x60, 0x00, 0x06, 0xE0, 0x25, 0x0A, 0x9E, 0x49 ; file 3E1D8B
db 0x53, 0x60, 0x7F, 0x80, 0x00, 0x03, 0x41, 0x81, 0x01, 0x5A, 0x1B, 0xE0, 0x59, 0x95, 0xCE, 0x83 ; file 3E1D9B
db 0x00, 0xA8, 0x0B, 0x66, 0x67, 0x25, 0xAD, 0x60, 0x65, 0x2F, 0xE7, 0x6F, 0xC4, 0x0D, 0x20, 0x8C ; file 3E1DAB
db 0x00, 0x0F, 0xB3, 0x6F, 0x77, 0x7F, 0xB3, 0x0D, 0x0D, 0xB3, 0x0D, 0x2E, 0x2F, 0x21, 0x02, 0xCF ; file 3E1DBB
db 0x0D, 0x6F, 0x0D, 0x77, 0x60, 0x00, 0x60, 0x0C, 0xB3, 0x2F, 0x77, 0x2C, 0xB3, 0xB3, 0x20, 0x6A ; file 3E1DCB
db 0xB3, 0x77, 0x0D, 0xA0, 0x2B, 0x04, 0xC0, 0x20, 0x81, 0x2C, 0x77, 0x20, 0x84, 0xC1, 0x86, 0x40 ; file 3E1DDB
db 0x86, 0x80, 0x87, 0x40, 0x05, 0xB4, 0x42, 0x86, 0x00, 0x55, 0xB3, 0x81, 0x00, 0x53, 0xAE, 0xE0 ; file 3E1DEB
db 0x00, 0xAE, 0x74, 0x00, 0x55, 0xC1, 0x78, 0x03, 0xE0, 0x42, 0x03, 0xD0, 0xDC, 0x60, 0x43, 0xAF ; file 3E1DFB
db 0xCF, 0xCD, 0xD0, 0x1B, 0x82, 0xBC, 0x7A, 0x20, 0xBD, 0x32, 0x3F, 0x7E, 0xFF, 0xFF, 0x1B, 0x32 ; file 3E1E0B
db 0xB4, 0x8B, 0x9F, 0x46, 0xAC, 0xFF, 0x35, 0xFF, 0xFF, 0xC4, 0xAC, 0xFF, 0xFF, 0xAA, 0xBF, 0x2C ; file 3E1E1B
db 0x60, 0x40, 0x2E, 0x2E, 0x77, 0x40, 0x14, 0x2F, 0xEF, 0x76, 0x2E, 0x77, 0xB3, 0x80, 0x00, 0x77 ; file 3E1E2B
db 0x60, 0x2F, 0x7F, 0x2E, 0x2E, 0x0D, 0x6F, 0x76, 0x2E, 0x0D, 0xA1, 0x6D, 0xFC, 0x21, 0x6E, 0x60 ; file 3E1E3B
db 0x7D, 0x0D, 0x2E, 0xB3, 0xB3, 0x76, 0x76, 0x9F, 0xB3, 0x2C, 0x76, 0x76, 0x06, 0xE0, 0x02, 0xE0 ; file 3E1E4B
db 0x98, 0x2F, 0xB5, 0x77, 0xA0, 0x19, 0x77, 0x00, 0xBC, 0x2C, 0x6F, 0x60, 0x8D, 0x60, 0x58, 0x00 ; file 3E1E5B
db 0x9A, 0x20, 0x2B, 0x81, 0x25, 0x2F, 0x06, 0x40, 0x2A, 0x53, 0xE0, 0x4B, 0xAB, 0xAE, 0x0A, 0x40 ; file 3E1E6B
db 0x14, 0xDC, 0x00, 0x82, 0xDC, 0x40, 0xA7, 0x9E, 0x37, 0x15, 0xD0, 0x03, 0x60, 0x73, 0x99, 0xEA ; file 3E1E7B
db 0x88, 0xB3, 0x81, 0x14, 0xFA, 0xA1, 0x7F, 0x76, 0x0C, 0x14, 0xC9, 0x92, 0x2E, 0x9A, 0x1A, 0xFF ; file 3E1E8B
db 0x8B, 0x76, 0x9A, 0x1A, 0x06, 0x76, 0x92, 0x35, 0xDA, 0xA0, 0xC8, 0x76, 0x00, 0x26, 0x76, 0x0D ; file 3E1E9B
db 0xC0, 0xBE, 0x0D, 0x06, 0x2F, 0x2E, 0x76, 0x2C, 0x06, 0xA1, 0x80, 0x0D, 0xA0, 0x11, 0x82, 0x00 ; file 3E1EAB
db 0x98, 0x03, 0x14, 0xC0, 0xC1, 0x02, 0x13, 0x06, 0x77, 0x80, 0x14, 0xA0, 0x04, 0x60, 0x02, 0x60 ; file 3E1EBB
db 0x53, 0x06, 0x81, 0xCF, 0x40, 0x3E, 0x81, 0x68, 0xE0, 0x71, 0xC0, 0x26, 0x21, 0x00, 0x01, 0x0A ; file 3E1ECB
db 0x20, 0x00, 0x20, 0xB9, 0x40, 0x7C, 0xC0, 0xB9, 0x42, 0x27, 0xA0, 0x92, 0xE0, 0x93, 0x7F, 0xD0 ; file 3E1EDB
db 0x49, 0x74, 0xD0, 0x17, 0x1B, 0x37, 0x60, 0x00, 0xDB, 0x60, 0x59, 0x20, 0x57, 0x1B, 0x09, 0x60 ; file 3E1EEB
db 0x27, 0x37, 0x3A, 0x8F, 0xFF, 0x1B, 0x59, 0x41, 0xEB, 0x13, 0x06, 0xA1, 0x21, 0xE9, 0xC4, 0xFE ; file 3E1EFB
db 0xC0, 0xE9, 0x3A, 0x60, 0xAA, 0x12, 0x2E, 0x76, 0xAA, 0xFF, 0x35, 0x2E, 0x2E, 0x85, 0x12, 0x6F ; file 3E1F0B
db 0x2E, 0xAA, 0xCF, 0xCD, 0x6F, 0x2E, 0x60, 0x00, 0x15, 0x81, 0x15, 0x2C, 0x76, 0x43, 0x2E, 0xB3 ; file 3E1F1B
db 0x80, 0x2A, 0x80, 0x47, 0x21, 0x96, 0xA0, 0x96, 0x77, 0xC0, 0x14, 0x5F, 0x0D, 0x0D, 0x2E, 0x76 ; file 3E1F2B
db 0x0D, 0xC0, 0xCA, 0x2C, 0x00, 0x15, 0x9E, 0x40, 0x7B, 0xB3, 0xAE, 0x06, 0x77, 0x80, 0x5C, 0x60 ; file 3E1F3B
db 0x06, 0x77, 0x85, 0x2F, 0x20, 0x04, 0x2F, 0x60, 0x3D, 0x20, 0xB7, 0x80, 0xDA, 0x80, 0x5F, 0xDC ; file 3E1F4B
db 0xEC, 0x41, 0x3C, 0xC3, 0x3D, 0x06, 0x06, 0x62, 0xA7, 0xAE, 0x0A, 0x0A, 0xF5, 0xDC, 0xA0, 0xAB ; file 3E1F5B
db 0x0A, 0x81, 0x2A, 0x60, 0x60, 0x60, 0x03, 0x7D, 0x63, 0xC0, 0x94, 0x74, 0xDC, 0x60, 0x63, 0x74 ; file 3E1F6B
db 0x00, 0x9F, 0xFF, 0x1B, 0x60, 0x32, 0x59, 0x37, 0x1B, 0x1B, 0x37, 0xFF, 0x59, 0x32, 0x59, 0x59 ; file 3E1F7B
db 0x32, 0x74, 0x59, 0x32, 0x73, 0x03, 0x74, 0x81, 0x19, 0x01, 0x18, 0x1B, 0x59, 0x09, 0x86, 0x00 ; file 3E1F8B
db 0xD4, 0xCA, 0xED, 0x82, 0xBA, 0xC0, 0x00, 0x72, 0x9A, 0xE6, 0x65, 0x85, 0x35, 0xFF, 0x0D, 0x2E ; file 3E1F9B
db 0xAA, 0x92, 0x2C, 0x6F, 0xAA, 0xAA, 0x3F, 0x06, 0x0D, 0x35, 0x1A, 0xBC, 0x2C, 0x81, 0x2F, 0x20 ; file 3E1FAB
db 0xBC, 0xD3, 0x0D, 0xB3, 0x81, 0xAE, 0xE1, 0x17, 0x60, 0xC0, 0x00, 0x2E, 0x06, 0xFF, 0x2C, 0x6F ; file 3E1FBB
db 0x76, 0x53, 0x06, 0x2C, 0x2E, 0xB3, 0xAC, 0xA0, 0x00, 0xC0, 0xD8, 0xB3, 0x53, 0xA0, 0xB1, 0x06 ; file 3E1FCB
db 0x80, 0x31, 0x2F, 0x3E, 0xC1, 0x66, 0x60, 0xAE, 0xAE, 0x06, 0x2F, 0xC1, 0xC0, 0x01, 0xCF, 0xCC ; file 3E1FDB
db 0x01, 0xD0, 0x85, 0x2F, 0xAE, 0xDC, 0x20, 0x00, 0xC1, 0x00, 0x9B, 0x13, 0x7F, 0x9E, 0x0A, 0x60 ; file 3E1FEB
db 0x60, 0x74, 0xA8, 0x1B, 0xE0, 0xC1, 0x7A, 0xA1, 0x2F, 0x60, 0xA2, 0xC5, 0xA8, 0x03, 0x03, 0x74 ; file 3E1FFB
db 0x80, 0x1A, 0xBA, 0x81, 0x00, 0x32, 0xE0, 0x1A, 0x1B, 0x0B, 0x59, 0x20, 0x7D, 0x59, 0x7D, 0x37 ; file 3E200B
db 0x60, 0x30, 0xBE, 0xFF, 0x59, 0x37, 0x7A, 0x80, 0x00, 0xFE, 0x4E, 0x59, 0x9A, 0xAA, 0x35, 0x2F ; file 3E201B
db 0x0E, 0xAA, 0x92, 0xFF, 0xAE, 0xFF, 0x1A, 0xAA, 0xB7, 0xFF, 0x35, 0xAA, 0xDD, 0x35, 0x60, 0x6A ; file 3E202B
db 0x76, 0x2E, 0x2C, 0x60, 0x57, 0xB3, 0x2C, 0x1F, 0x0D, 0x2E, 0x7D, 0x2F, 0x2C, 0xA0, 0x13, 0x20 ; file 3E203B
db 0x2C, 0xC1, 0x2C, 0x55, 0x2E, 0x20, 0xA8, 0x6F, 0xC0, 0x6F, 0x60, 0xA0, 0x02, 0x2F, 0x60, 0xBD ; file 3E204B
db 0xC7, 0x2F, 0xAE, 0x0A, 0x80, 0x13, 0xC0, 0x41, 0xE0, 0xE4, 0xC8, 0x8E, 0xCE, 0xA0, 0xBF, 0x0A ; file 3E205B
db 0xAE, 0x60, 0xA0, 0x2B, 0xC0, 0xE2, 0x60, 0x60, 0xBE, 0xA1, 0x2A, 0x03, 0x63, 0x74, 0xA8, 0x60 ; file 3E206B
db 0xA0, 0xBF, 0x37, 0x7F, 0x63, 0x1B, 0x1B, 0x1B, 0xA8, 0x1B, 0xA8, 0x00, 0xD7, 0xFF, 0x74, 0x74 ; file 3E207B
db 0x60, 0x1B, 0x32, 0xC8, 0x1B, 0x32, 0xFF, 0x74, 0xA8, 0x59, 0x74, 0xC8, 0x1B, 0x37, 0x32, 0xFF ; file 3E208B
db 0x1B, 0x59, 0x59, 0x60, 0x59, 0x59, 0x83, 0xFF, 0xFF, 0x37, 0xCE, 0xB5, 0xFF, 0x1B, 0xB6, 0x3C ; file 3E209B
db 0xFF, 0xF7, 0xCE, 0x9D, 0x3C, 0x4E, 0x6D, 0xC0, 0x1A, 0x1A, 0xFF, 0x57, 0xFF, 0x78, 0xAA, 0x60 ; file 3E20AB
db 0x9E, 0xC9, 0xC2, 0x91, 0x45, 0xC0, 0xCC, 0xFF, 0x1A, 0x54, 0x53, 0xB3, 0x1A, 0x1A, 0x9B, 0xAE ; file 3E20BB
db 0x7F, 0x35, 0x1A, 0x92, 0x05, 0x60, 0x2C, 0x0D, 0xC0, 0x26, 0x3A, 0x20, 0x15, 0x06, 0x20, 0xF7 ; file 3E20CB
db 0x0A, 0x53, 0x06, 0x20, 0x91, 0xA0, 0x9E, 0x4C, 0x01, 0x3E, 0x20, 0xF9, 0xB3, 0xB3, 0x41, 0xF9 ; file 3E20DB
db 0x40, 0xE9, 0xAE, 0x00, 0x15, 0xF9, 0x03, 0xA0, 0xF8, 0x60, 0x7E, 0x06, 0x53, 0x18, 0xDC, 0x0A ; file 3E20EB
db 0xFF, 0x50, 0xDC, 0x9E, 0xFE, 0xC0, 0x60, 0x74, 0x02, 0xEE, 0x60, 0x14, 0xA8, 0x1B, 0x59, 0x61 ; file 3E20FB
db 0x00, 0x57, 0x1B, 0xA8, 0xFF, 0xC8, 0x4B, 0xD0, 0xC8, 0x96, 0x83, 0x60, 0x3A, 0xFF, 0xCA, 0xD1 ; file 3E210B
db 0xFF, 0x5B, 0x83, 0xFF, 0xFF, 0xA5, 0xE2, 0xE0, 0xAC, 0xD1, 0x60, 0xAD, 0x8A, 0x7F, 0xC0, 0x92 ; file 3E211B
db 0x35, 0x92, 0x78, 0xFF, 0xFF, 0x7C, 0xC0, 0x92, 0xFF, 0xFF, 0x7C, 0x12, 0xFE, 0x20, 0xB1, 0x13 ; file 3E212B
db 0x60, 0x9B, 0xDC, 0xAE, 0x53, 0x92, 0xFF, 0xA6, 0x60, 0x0A, 0xBD, 0x92, 0x35, 0xDD, 0xC0, 0x37 ; file 3E213B
db 0x35, 0x35, 0x35, 0xE0, 0xC2, 0x06, 0x06, 0xC0, 0xF8, 0xA0, 0xE0, 0x2F, 0x0A, 0x0A, 0x12, 0x21 ; file 3E214B
db 0xA0, 0xF8, 0x06, 0x01, 0x39, 0x40, 0xFB, 0xFC, 0x21, 0x4F, 0x41, 0x38, 0x01, 0xAE, 0x0A, 0x44 ; file 3E215B
db 0x9E, 0x0A, 0xF5, 0x01, 0x40, 0xFA, 0x32, 0xE1, 0x22, 0xD0, 0xD0, 0xC8, 0xD0, 0xFF, 0xD0, 0x57 ; file 3E216B
db 0x5B, 0x61, 0x6A, 0x0C, 0x83, 0x60, 0xFF, 0xC8, 0x68, 0x87, 0x25, 0xA5, 0x87, 0x25, 0xFF, 0x9F ; file 3E217B
db 0x87, 0x5F, 0xD1, 0xFF, 0x25, 0xC0, 0x0F, 0x0D, 0xB3, 0x68, 0xF1, 0x12, 0xA0, 0x8E, 0x42, 0x4E ; file 3E218B
db 0xA3, 0xB3, 0x92, 0x35, 0xD5, 0x21, 0x7F, 0x9A, 0x35, 0x92, 0x92, 0xFF, 0x38, 0xC0, 0xC1, 0x11 ; file 3E219B
db 0xFD, 0x9A, 0x81, 0x5A, 0x03, 0xD5, 0x8F, 0xBD, 0x29, 0x35, 0x7F, 0x12, 0x35, 0xD5, 0xC0, 0xCD ; file 3E21AB
db 0x9A, 0x65, 0xE0, 0x01, 0xFF, 0x03, 0x74, 0x29, 0x29, 0xC8, 0xD0, 0x35, 0x8F, 0xBF, 0x9A, 0x8F ; file 3E21BB
db 0xCD, 0x8F, 0xD5, 0x62, 0x00, 0xF1, 0xD0, 0xFF, 0xD0, 0xB7, 0x29, 0xB7, 0xB7, 0x62, 0x0C, 0xCD ; file 3E21CB
db 0xFF, 0x25, 0x62, 0x25, 0xC3, 0xA5, 0x60, 0xD0, 0xC8, 0xFF, 0x29, 0x38, 0xBF, 0xC0, 0x0C, 0x5F ; file 3E21DB
db 0x3B, 0x5F, 0xFF, 0xB5, 0xB5, 0xB6, 0xB5, 0xD1, 0xFF, 0x60, 0x3B, 0xFF, 0x5F, 0x3B, 0x0E, 0xA5 ; file 3E21EB
db 0x9F, 0xD1, 0xFF, 0x48, 0xFE, 0xB1, 0xFF, 0x69, 0x6D, 0xFF, 0x60, 0x6C, 0xA5, 0xC2, 0xC5, 0xC3 ; file 3E21FB
db 0xA9, 0xD0, 0x60, 0x81, 0x25, 0xC9, 0xD2, 0x8A, 0xFB, 0x6A, 0x72, 0x03, 0xFF, 0x61, 0x3F, 0x00 ; file 3E220B
db 0xAA, 0x02, 0x00, 0x00, 0xFF, 0x25, 0x77, 0x62, 0x08, 0x00, 0x00, 0x1F, 0x05, 0xD7, 0x00, 0x00 ; file 3E221B
db 0x61, 0x20, 0x00, 0x6B, 0x27, 0x00, 0x66, 0x60, 0xF5, 0xFF, 0x2B, 0x00, 0x7E, 0x2A, 0x02, 0xB3 ; file 3E222B
db 0x2C, 0xAE, 0x4E, 0xDE, 0xEE, 0x05, 0x76, 0xFF, 0xFF, 0x0A, 0x80, 0x00, 0x2F, 0x6F, 0xFF, 0xFF ; file 3E223B
db 0x37, 0x2C, 0x2C, 0x60, 0x76, 0x0D, 0x0A, 0xFF, 0x59, 0x2E, 0xB3, 0x60, 0x37, 0x2C, 0x53, 0x03 ; file 3E224B
db 0x7F, 0x1B, 0x2F, 0x0A, 0x03, 0xA8, 0x60, 0xCF, 0x40, 0x0A, 0x95, 0x09, 0xC0, 0x0A, 0x59, 0x40 ; file 3E225B
db 0x0B, 0xBA, 0xC0, 0x0B, 0xE9, 0x0D, 0x65, 0xFA, 0xE1, 0x0D, 0xB8, 0x60, 0x0E, 0x2E, 0xFF, 0xFF ; file 3E226B
db 0xBE, 0x6F, 0xFF, 0xFF, 0xFF, 0xC8, 0x6F, 0x60, 0x6F, 0x6F, 0x2C, 0xFF, 0x53, 0x2E, 0x76, 0x6F ; file 3E227B
db 0x06, 0x76, 0x76, 0x6F, 0xFF, 0x53, 0x76, 0x76, 0x2F, 0xAE, 0x60, 0xAE, 0xDC, 0xFF, 0x9E, 0xD0 ; file 3E228B
db 0x03, 0x74, 0xA8, 0x09, 0x60, 0xC8, 0x3F, 0x09, 0x09, 0x60, 0x28, 0x37, 0x37, 0x46, 0x14, 0x25 ; file 3E229B
db 0x0B, 0xD5, 0x6D, 0x6A, 0x0A, 0x64, 0x41, 0x18, 0x20, 0xE0, 0x0D, 0x09, 0xFF, 0xFF, 0xCE, 0x2E ; file 3E22AB
db 0x09, 0xCE, 0x2E, 0x2E, 0x09, 0x60, 0xFD, 0x73, 0x00, 0x0B, 0x09, 0x73, 0x28, 0x0D, 0x09, 0x09 ; file 3E22BB
db 0xFD, 0xC8, 0x80, 0x00, 0x74, 0x2F, 0x60, 0x76, 0x2E, 0xB3, 0xFF, 0xAE, 0x76, 0x2C, 0x53, 0x0A ; file 3E22CB
db 0x6F, 0x2F, 0x53, 0xFF, 0xDC, 0x2F, 0xB3, 0xAE, 0xDC, 0x60, 0x03, 0x32, 0xFB, 0x59, 0x37, 0x80 ; file 3E22DB
db 0x00, 0x59, 0x03, 0xA8, 0x59, 0x1B, 0x7F, 0x03, 0x32, 0x1B, 0x1B, 0x60, 0x37, 0x73, 0x20, 0x16 ; file 3E22EB
db 0x3D, 0x36, 0xA0, 0x16, 0x4E, 0xFF, 0xFF, 0x1B, 0x80, 0x00, 0x8B, 0x0C, 0xD5, 0x63, 0xC5, 0x24 ; file 3E22FB
db 0xCE, 0xC0, 0x25, 0x0A, 0xE1, 0x17, 0x60, 0x77, 0xFF, 0x2E, 0x2E, 0x53, 0x2E, 0x2E, 0x2E, 0xAE ; file 3E230B
db 0x2E, 0xFF, 0x2E, 0x6F, 0x2F, 0x2E, 0x6F, 0x6F, 0x0D, 0x60, 0xFF, 0x09, 0x09, 0x59, 0xB3, 0x09 ; file 3E231B
db 0x09, 0x09, 0x06, 0xFA, 0x80, 0x00, 0xAE, 0x00, 0x01, 0xDC, 0x60, 0xB3, 0x53, 0xAE, 0xFF, 0xDC ; file 3E232B
db 0x06, 0x53, 0x0A, 0xDC, 0x53, 0xAE, 0x0A, 0x7D, 0x9E, 0x60, 0x01, 0xDC, 0x17, 0x74, 0xA8, 0x60 ; file 3E233B
db 0x61, 0x0B, 0xB5, 0x1B, 0xA0, 0x23, 0x1B, 0xA0, 0x23, 0xA8, 0x1B, 0xF1, 0x0C, 0xB8, 0xFC, 0x40 ; file 3E234B
db 0x23, 0x40, 0x2B, 0xFF, 0x6F, 0x6F, 0xFF, 0x60, 0x0D, 0xED, 0x0D, 0xC0, 0x23, 0x0D, 0x2C, 0x81 ; file 3E235B
db 0x00, 0x0D, 0x0D, 0x2C, 0x7F, 0x2F, 0x0D, 0x2C, 0x2C, 0x2F, 0x60, 0x32, 0xA0, 0x22, 0xF9, 0xB8 ; file 3E236B
db 0xA1, 0x1A, 0xA0, 0x1B, 0xB3, 0x1B, 0x09, 0x1B, 0x01, 0x99, 0xAE, 0x22, 0x0B, 0xA1, 0x09, 0xA8 ; file 3E237B
db 0x37, 0xA0, 0x0A, 0x40, 0x2E, 0xA8, 0xF2, 0x60, 0x3A, 0x6E, 0x0D, 0x18, 0xA0, 0x09, 0xFF, 0x7E ; file 3E238B
db 0x2C, 0x2C, 0x6F, 0xFF, 0xFF, 0x77, 0x2F, 0xE0, 0x2E, 0x2F, 0x60, 0x80, 0x09, 0x5F, 0x2F, 0x77 ; file 3E239B
db 0x2F, 0x2F, 0xB3, 0x60, 0x00, 0x06, 0x60, 0x00, 0xFF, 0x06, 0x60, 0xB3, 0xB8, 0x09, 0x59, 0x06 ; file 3E23AB
db 0x53, 0xEE, 0x20, 0x18, 0x53, 0x74, 0x09, 0x60, 0x16, 0x09, 0x60, 0x0A, 0x77, 0x0A, 0xDC, 0x9E ; file 3E23BB
db 0x82, 0x00, 0xDC, 0xDC, 0x9E, 0x80, 0x32, 0xFF, 0x74, 0x60, 0x9E, 0xD0, 0x32, 0xA8, 0x9E, 0xD0 ; file 3E23CB
db 0xFF, 0xD0, 0xA8, 0x03, 0xD0, 0xD0, 0x32, 0xD0, 0xD0, 0x87, 0xD0, 0x37, 0x60, 0x41, 0x3C, 0x41 ; file 3E23DB
db 0x3D, 0x65, 0x48, 0xAE, 0x0E, 0xFF, 0xFB, 0xC8, 0xB3, 0x00, 0x45, 0xB3, 0xFF, 0x60, 0x2E, 0x0D ; file 3E23EB
db 0xFF, 0xFF, 0xB8, 0x76, 0x76, 0x60, 0xB3, 0x06, 0x53, 0xFE, 0x22, 0x00, 0x0A, 0xAE, 0xAE, 0xAE ; file 3E23FB
db 0x0D, 0xDC, 0x0A, 0xFB, 0x0A, 0x60, 0x60, 0x24, 0xA8, 0xAE, 0x0A, 0xDC, 0x03, 0xFE, 0x60, 0x0D ; file 3E240B
db 0x03, 0xDC, 0xDC, 0x03, 0x74, 0x60, 0x0A, 0xC7, 0x9E, 0x74, 0xD0, 0x00, 0x0C, 0x82, 0x00, 0x80 ; file 3E241B
db 0x0C, 0x1B, 0x60, 0x7E, 0x20, 0x0D, 0x39, 0xD0, 0xD0, 0x59, 0xFF, 0xD0, 0x60, 0x49, 0xC5, 0x64 ; file 3E242B
db 0x80, 0x55, 0x6F, 0x2D, 0x33, 0x00, 0x0B, 0x00, 0x0C, 0x76, 0xFF, 0xF7, 0xB8, 0x2C, 0x2E, 0x40 ; file 3E243B
db 0x26, 0x2F, 0x60, 0x6F, 0xB3, 0xBF, 0xDC, 0x03, 0x2E, 0x2F, 0x06, 0xDC, 0x80, 0x3D, 0x0A, 0xFF ; file 3E244B
db 0x2C, 0xB3, 0x53, 0x0A, 0x60, 0x74, 0x74, 0x74, 0xFF, 0xD0, 0x74, 0x63, 0xA8, 0x1B, 0x60, 0x63 ; file 3E245B
db 0x1B, 0xC7, 0x59, 0x03, 0x74, 0x80, 0x3D, 0x60, 0x17, 0xA0, 0x30, 0xCF, 0xFF, 0xC5, 0x37, 0x20 ; file 3E246B
db 0x3E, 0x59, 0xA0, 0x30, 0x6E, 0x0A, 0x81, 0x25, 0x8E, 0x77, 0xEF, 0x77, 0xFF, 0xBE, 0x77, 0x60 ; file 3E247B
db 0x17, 0x2C, 0x06, 0x60, 0xDD, 0x06, 0x41, 0x39, 0xAE, 0x60, 0xDC, 0xA0, 0x09, 0x63, 0xAE, 0xFA ; file 3E248B
db 0xE0, 0x22, 0x60, 0x00, 0x48, 0xA8, 0x9E, 0x74, 0xA8, 0xA8, 0xFE, 0x40, 0x47, 0x64, 0x9E, 0xD0 ; file 3E249B
db 0x64, 0xFF, 0x60, 0x37, 0xF0, 0x61, 0x13, 0x48, 0x69, 0xCE, 0x14, 0x40, 0x4F, 0xBE, 0x0D, 0x2F ; file 3E24AB
db 0x53, 0xED, 0xB8, 0x40, 0x12, 0x6F, 0x2F, 0x80, 0x09, 0x0A, 0x03, 0x74, 0xEB, 0xD0, 0x0A, 0xA0 ; file 3E24BB
db 0x1B, 0xDC, 0xA0, 0x29, 0xDC, 0x74, 0xD0, 0x07, 0xD0, 0x60, 0xD0, 0x00, 0x71, 0x00, 0x38, 0xA2 ; file 3E24CB
db 0x5C, 0x4F, 0x08, 0xC1, 0x74, 0x59, 0x53, 0x40, 0x75, 0x80, 0x37, 0xCE, 0x0D, 0x40, 0x68, 0x2C ; file 3E24DB
db 0x40, 0x1D, 0xD4, 0xE3, 0x1B, 0xA0, 0x09, 0xDC, 0x40, 0x1D, 0x03, 0xC0, 0x33, 0xD0, 0x37, 0x7A ; file 3E24EB
db 0x40, 0x33, 0x57, 0xA0, 0x09, 0xFF, 0xD0, 0xD0, 0x61, 0x2F, 0x08, 0xBF, 0x6F, 0x2C, 0xFF, 0xB8 ; file 3E24FB
db 0x0D, 0x2F, 0xE0, 0x00, 0x2F, 0x77, 0x0A, 0x0D, 0x2F, 0x00, 0x3E, 0x53, 0xDC, 0x74, 0x80, 0x07 ; file 3E250B
db 0x9F, 0x74, 0x53, 0xAE, 0x03, 0xD0, 0x60, 0x01, 0x40, 0x10, 0xD0, 0x2D, 0x05, 0x20, 0x07, 0xFF ; file 3E251B
db 0xFF, 0x80, 0x07, 0xFF, 0x60, 0x01, 0x6B, 0x48, 0xD1, 0x6A, 0x05, 0x85, 0xA1, 0x77, 0x20, 0x77 ; file 3E252B
db 0xB8, 0x20, 0x77, 0x2C, 0x2F, 0x33, 0x06, 0x6F, 0x40, 0x2C, 0xA0, 0x09, 0x53, 0x2C, 0xA0, 0x2D ; file 3E253B
db 0x20, 0x77, 0xA0, 0x80, 0x1A, 0x20, 0x44, 0x82, 0x1A, 0xA0, 0x44, 0x82, 0x1A, 0x28, 0x00, 0x8C ; file 3E254B
db 0x57, 0x72, 0x80, 0x8C, 0xB4, 0xAD, 0x52, 0x40, 0x0A, 0x37, 0x6F, 0x0D, 0xC0, 0x88, 0x11, 0x0D ; file 3E255B
db 0xE0, 0x00, 0x60, 0x68, 0x80, 0x5B, 0x2F, 0x04, 0x1A, 0xC0, 0x36, 0x41, 0x67, 0xA9, 0x9E, 0x81 ; file 3E256B
db 0x1A, 0xC1, 0x41, 0x1B, 0x40, 0x4E, 0xCE, 0xA0, 0x24, 0xB4, 0xFA, 0xCA, 0x5A, 0x67, 0x68, 0x97 ; file 3E257B
db 0xBE, 0x03, 0xBE, 0x06, 0x2C, 0x7D, 0xB3, 0x85, 0x99, 0x4E, 0x53, 0x2F, 0xB3, 0xB3, 0x40, 0x5B ; file 3E258B
db 0xFD, 0x77, 0xC2, 0x8D, 0xC8, 0x28, 0xCE, 0x2E, 0x06, 0x06, 0x1F, 0x0D, 0x6F, 0x2F, 0x77, 0x6F ; file 3E259B
db 0xC0, 0x8D, 0x00, 0x69, 0xE0, 0x0D, 0x55, 0xB3, 0xE0, 0x69, 0x06, 0xE0, 0x00, 0x06, 0x41, 0x50 ; file 3E25AB
db 0x03, 0x20, 0x75, 0x25, 0x9E, 0x20, 0x75, 0x03, 0xC2, 0x5C, 0x40, 0x5B, 0xB6, 0xA0, 0x5C, 0x80 ; file 3E25BB
db 0x28, 0xA2, 0x81, 0x00, 0x59, 0x4B, 0x69, 0x02, 0x98, 0x49, 0xA6, 0x2F, 0x01, 0xA8, 0xB3, 0xEC ; file 3E25CB
db 0x40, 0x19, 0xE0, 0x0A, 0x77, 0x2F, 0xE0, 0x21, 0x0D, 0x60, 0x0D, 0x5F, 0x77, 0x2F, 0x2C, 0x2F ; file 3E25DB
db 0x2C, 0x62, 0x76, 0x77, 0xA0, 0x2D, 0xC9, 0xB3, 0x21, 0x02, 0x60, 0x6D, 0xB3, 0x80, 0x6D, 0x00 ; file 3E25EB
db 0x79, 0x6F, 0x0D, 0x07, 0x77, 0x60, 0xB3, 0xC0, 0x00, 0xC0, 0x7A, 0xA1, 0x01, 0xE1, 0x00, 0xA0 ; file 3E25FB
db 0x71, 0xD4, 0x60, 0x28, 0x00, 0x71, 0x53, 0x40, 0x29, 0xAE, 0x80, 0x64, 0x0A, 0x60, 0x3E, 0x60 ; file 3E260B
db 0x6F, 0x74, 0x0A, 0x9E, 0x03, 0xD0, 0xE0, 0x6E, 0x80, 0x00, 0xA6, 0xE1, 0x43, 0xD0, 0xBE, 0xC2 ; file 3E261B
db 0x11, 0x40, 0x63, 0xCE, 0x60, 0x70, 0x32, 0x46, 0xEA, 0xB6, 0xCE, 0x2A, 0xAC, 0xA2, 0x82, 0xA2 ; file 3E262B
db 0x29, 0xBB, 0xC4, 0xE0, 0xBC, 0x5E, 0x00, 0xB6, 0x7D, 0x2E, 0x6F, 0x9A, 0x40, 0x2D, 0x86, 0x80 ; file 3E263B
db 0x96, 0xDE, 0x60, 0x65, 0x6F, 0x6F, 0x2F, 0x2C, 0xC1, 0x97, 0x2E, 0x0D, 0xF7, 0x0D, 0x76, 0x2E ; file 3E264B
db 0x41, 0x4A, 0xB3, 0x0D, 0x77, 0xB3, 0xBD, 0x2F, 0x80, 0x67, 0x6F, 0x76, 0xB3, 0xB3, 0xC0, 0x75 ; file 3E265B
db 0x2E, 0xF2, 0x21, 0x18, 0x0D, 0x80, 0x04, 0xE0, 0x19, 0x6F, 0x77, 0xB3, 0x2C, 0x6A, 0xA0, 0x27 ; file 3E266B
db 0x77, 0xA0, 0x90, 0x2F, 0xE0, 0x1B, 0x2F, 0xB3, 0xE0, 0x87, 0xCE, 0x20, 0x63, 0x06, 0xAE, 0x0A ; file 3E267B
db 0xA2, 0x63, 0xE4, 0x9C, 0x01, 0x03, 0xFE, 0xE1, 0x48, 0x74, 0x1B, 0xD0, 0xA8, 0x74, 0x32, 0xD0 ; file 3E268B
db 0xFF, 0x1B, 0x59, 0x32, 0xA8, 0x1B, 0x37, 0x32, 0x60, 0x7F, 0x32, 0x1B, 0xBB, 0xFF, 0x1B, 0x32 ; file 3E269B
db 0x7E, 0x80, 0x9E, 0x2B, 0xA8, 0x7A, 0xE0, 0xAD, 0x1B, 0x4A, 0xCE, 0xBB, 0x2B, 0xC4, 0xA2, 0xB9 ; file 3E26AB
db 0xFF, 0xAA, 0xFF, 0xFF, 0x35, 0xB3, 0xFF, 0xC4, 0x35, 0x5F, 0x2C, 0xFF, 0xAA, 0x35, 0x76, 0x80 ; file 3E26BB
db 0xB7, 0x2C, 0x80, 0xC3, 0xBB, 0x77, 0x2F, 0x80, 0xC3, 0x2C, 0x76, 0x2E, 0x80, 0x3A, 0x2E, 0x8F ; file 3E26CB
db 0x76, 0x2E, 0x77, 0x76, 0x40, 0x01, 0x20, 0xC6, 0xC0, 0x14, 0x6F, 0x67, 0xB3, 0x60, 0x06, 0xE0 ; file 3E26DB
db 0x01, 0x81, 0x00, 0x53, 0x2C, 0x80, 0x00, 0x9A, 0x60, 0x03, 0x60, 0xA0, 0x15, 0x2F, 0x6F, 0x00 ; file 3E26EB
db 0x9B, 0xA0, 0x16, 0x53, 0x16, 0xC1, 0x54, 0x60, 0x77, 0x04, 0x2C, 0x53, 0x00, 0x90, 0x80, 0x8F ; file 3E26FB
db 0x00, 0x8F, 0xF4, 0xC1, 0x3D, 0x02, 0x8F, 0x03, 0xE0, 0x70, 0x03, 0xD0, 0x41, 0x32, 0xFF, 0xD0 ; file 3E270B
db 0x17, 0x1B, 0x59, 0x17, 0x1B, 0x37, 0x60, 0x46, 0x81, 0x70, 0x59, 0xB6, 0xA0, 0xC0, 0xA0, 0xA9 ; file 3E271B
db 0x81, 0x00, 0x76, 0x0C, 0x2B, 0xFF, 0xAA, 0x2D, 0x76, 0xC4, 0xAA, 0x06, 0x76, 0xD5, 0x7F, 0xAA ; file 3E272B
db 0x56, 0x2E, 0xD5, 0xAA, 0xA7, 0x2E, 0x60, 0xCB, 0x6B, 0x2F, 0x0D, 0x20, 0x11, 0x2C, 0xA0, 0x11 ; file 3E273B
db 0x2F, 0x76, 0xA0, 0x0E, 0xE5, 0x60, 0x00, 0xD9, 0x2F, 0x00, 0xDA, 0x81, 0x00, 0x77, 0x6F, 0x76 ; file 3E274B
db 0xEF, 0x76, 0x0D, 0x60, 0x53, 0xE0, 0x01, 0x06, 0x53, 0x0D, 0x3E, 0x80, 0x00, 0x2F, 0x6F, 0xB3 ; file 3E275B
db 0x06, 0xAE, 0x40, 0x94, 0x00, 0x50, 0xD9, 0x76, 0xC0, 0x44, 0x20, 0x04, 0x2F, 0x6F, 0xA0, 0x2B ; file 3E276B
db 0x60, 0x53, 0xFF, 0x60, 0xDC, 0xDC, 0xB3, 0x06, 0xDC, 0x03, 0xB3, 0x80, 0xE1, 0x03, 0x80, 0xA4 ; file 3E277B
db 0x00, 0x8C, 0xC0, 0x28, 0x60, 0xAC, 0xA1, 0x8D, 0xE0, 0x15, 0xDC, 0xFF, 0x35, 0x74, 0x60, 0x60 ; file 3E278B
db 0xA8, 0x59, 0x37, 0x1B, 0xFF, 0xC8, 0x59, 0x09, 0x1B, 0x1B, 0x37, 0x59, 0x32, 0xFF, 0x37, 0x37 ; file 3E279B
db 0xA8, 0x74, 0x60, 0x1B, 0x1B, 0x59, 0x79, 0x09, 0x20, 0x2C, 0x80, 0x00, 0x59, 0x37, 0x32, 0x1B ; file 3E27AB
db 0x00, 0xE5, 0x27, 0x1B, 0x59, 0x02, 0x20, 0xCB, 0x81, 0x00, 0x09, 0x82, 0x00, 0x6C, 0x42, 0xFF ; file 3E27BB
db 0x92, 0xAA, 0xAE, 0x2E, 0xAA, 0x1A, 0x7D, 0x2E, 0xFF, 0xAA, 0x85, 0x7D, 0x6F, 0xC9, 0x1A, 0x71 ; file 3E27CB
db 0x0D, 0xFC, 0x61, 0x17, 0x41, 0x2B, 0x06, 0x2E, 0x76, 0x0D, 0xB3, 0x6F, 0xE6, 0x80, 0x17, 0x60 ; file 3E27DB
db 0x0D, 0x40, 0x01, 0x80, 0x17, 0x2E, 0x53, 0x2C, 0x5E, 0x40, 0x16, 0xB3, 0x0D, 0x76, 0x60, 0x40 ; file 3E27EB
db 0x7B, 0x0A, 0xC0, 0x7C, 0xDF, 0xAE, 0x0D, 0x2C, 0xB3, 0x06, 0x60, 0x03, 0xB3, 0x60, 0x5D, 0x2F ; file 3E27FB
db 0x60, 0xD0, 0xDC, 0x06, 0xB3, 0xE0, 0xE8, 0xDC, 0x80, 0x29, 0x18, 0x40, 0xA1, 0xC2, 0x56, 0x44 ; file 3E280B
db 0x2B, 0x60, 0xDC, 0x60, 0xA3, 0xC0, 0xDD, 0x41, 0xDE, 0xF1, 0xDC, 0xA1, 0xEC, 0x00, 0x02, 0x80 ; file 3E281B
db 0xA5, 0x60, 0x74, 0x1B, 0x03, 0xFB, 0x4A, 0xA8, 0xE0, 0xEC, 0xA8, 0xD0, 0x9E, 0x74, 0x03, 0xFF ; file 3E282B
db 0xDC, 0x60, 0x59, 0xA8, 0x74, 0x74, 0xA8, 0x03, 0xEF, 0x03, 0x74, 0x03, 0x60, 0x00, 0xBE, 0x60 ; file 3E283B
db 0x03, 0x4A, 0xE9, 0x52, 0xC0, 0x2E, 0x62, 0x16, 0x37, 0xE0, 0xB2, 0x59, 0x37, 0xA5, 0xEF, 0x1B ; file 3E284B
db 0x37, 0x4D, 0x18, 0xCC, 0x59, 0x9A, 0x85, 0x4F, 0xFF, 0x0D, 0x0E, 0xAA, 0x12, 0x2F, 0xFF, 0xAA ; file 3E285B
db 0x1A, 0xBF, 0x71, 0xFF, 0x9A, 0xAA, 0x35, 0x60, 0x21, 0x2B, 0x0D, 0xA1, 0x6F, 0xC0, 0x56, 0xA0 ; file 3E286B
db 0x00, 0x80, 0x6D, 0x40, 0xCB, 0x53, 0xA0, 0x6E, 0xB3, 0x6B, 0xAE, 0xB3, 0x20, 0x15, 0x0A, 0xE0 ; file 3E287B
db 0x19, 0x53, 0x60, 0x21, 0x8A, 0xF6, 0xC0, 0xE6, 0x2F, 0x06, 0xA0, 0x71, 0x0A, 0xAE, 0xB3, 0x2F ; file 3E288B
db 0xC9, 0x60, 0xA0, 0x2B, 0x81, 0x6C, 0x06, 0x80, 0xDE, 0xA1, 0xDE, 0xB3, 0x60, 0x19, 0xAE, 0xA0 ; file 3E289B
db 0x9F, 0x00, 0xD2, 0xAE, 0x06, 0x01, 0x43, 0xE1, 0x17, 0x20, 0xC5, 0xCE, 0xA0, 0x42, 0xAE, 0x0A ; file 3E28AB
db 0x53, 0xC0, 0xD3, 0xA0, 0x44, 0x0A, 0x02, 0xFE, 0xA1, 0x17, 0x03, 0x63, 0x1B, 0x03, 0x03, 0xC8 ; file 3E28BB
db 0x59, 0xFF, 0x03, 0x1B, 0x1B, 0x1B, 0x32, 0x1B, 0xA8, 0xA8, 0xFF, 0x60, 0x37, 0x1B, 0x32, 0x32 ; file 3E28CB
db 0x1B, 0x32, 0x74, 0xFE, 0x60, 0x00, 0x32, 0x59, 0x74, 0x32, 0x1B, 0x59, 0x60, 0xD7, 0x59, 0x09 ; file 3E28DB
db 0xB4, 0x40, 0xC9, 0x5B, 0xC0, 0xC9, 0x83, 0xFF, 0xF7, 0x59, 0xB4, 0x5B, 0x2E, 0x71, 0x3A, 0xAA ; file 3E28EB
db 0x35, 0xFF, 0xBF, 0xFF, 0x1A, 0x1A, 0xFF, 0xFF, 0xB5, 0x00, 0x5B, 0xFF, 0xF7, 0x65, 0x60, 0xB8 ; file 3E28FB
db 0x80, 0x83, 0x35, 0xAE, 0x2F, 0x2F, 0x7F, 0x1A, 0x69, 0x53, 0xB3, 0x1A, 0x92, 0xB8, 0x42, 0x15 ; file 3E290B
db 0x7B, 0xB3, 0x2C, 0x60, 0xA0, 0x2F, 0x77, 0x2C, 0x2C, 0xE0, 0xF1, 0x4B, 0x2F, 0x60, 0x40, 0xBA ; file 3E291B
db 0x53, 0xC1, 0x80, 0xC5, 0x15, 0x60, 0xE0, 0x13, 0x03, 0x06, 0xDC, 0xE0, 0x12, 0xC0, 0x2E, 0x60 ; file 3E292B
db 0x6D, 0x40, 0xAD, 0xE1, 0x16, 0x61, 0x14, 0x59, 0xDC, 0x80, 0xE8, 0xE0, 0xE6, 0x03, 0x60, 0x61 ; file 3E293B
db 0x01, 0xB8, 0x80, 0x2D, 0xFC, 0x41, 0x2E, 0x40, 0xCB, 0x03, 0x32, 0x03, 0x74, 0x0C, 0x63, 0xFF ; file 3E294B
db 0x32, 0x96, 0xCD, 0xA8, 0x59, 0x60, 0xA8, 0x3B, 0xFF, 0xB5, 0xFF, 0x57, 0x9D, 0xC3, 0xFF, 0x4B ; file 3E295B
db 0x83, 0xEF, 0xFF, 0xFF, 0x24, 0xA5, 0x2C, 0x85, 0x65, 0x60, 0x65, 0xDF, 0x1A, 0x92, 0x30, 0xFF ; file 3E296B
db 0x92, 0x80, 0x14, 0x3B, 0x12, 0xFE, 0x80, 0x14, 0xC3, 0x35, 0x60, 0xAE, 0x06, 0xB3, 0xB3, 0xFF ; file 3E297B
db 0x30, 0x0A, 0xAE, 0x53, 0x35, 0xBD, 0xDC, 0x0A, 0x9F, 0x1A, 0x1A, 0x35, 0x60, 0x60, 0x60, 0x12 ; file 3E298B
db 0xE0, 0x26, 0xB3, 0xF3, 0xB3, 0xAE, 0x80, 0xF7, 0x80, 0xF6, 0xAE, 0x2F, 0xAE, 0x06, 0xFE, 0x40 ; file 3E299B
db 0x2A, 0x01, 0x0A, 0xDC, 0x01, 0x60, 0x74, 0xFC, 0xFD, 0xC9, 0x60, 0xF4, 0xA8, 0xD0, 0x68, 0x87 ; file 3E29AB
db 0xD0, 0x68, 0xFF, 0x5F, 0x83, 0x89, 0x3B, 0x9D, 0xD1, 0x6A, 0x83, 0x8F, 0x9F, 0xFF, 0x60, 0x6E ; file 3E29BB
db 0xAC, 0xA4, 0x6C, 0x0E, 0x60, 0xA8, 0x0C, 0xFE, 0xE9, 0xA8, 0x60, 0x92, 0x12, 0x35, 0x92, 0xFF ; file 3E29CB
db 0x3A, 0x9F, 0x65, 0x92, 0xFF, 0xFF, 0x13, 0x00, 0xCF, 0x20, 0x02, 0x9B, 0xFF, 0x3E, 0xDC, 0xDC ; file 3E29DB
db 0x92, 0x35, 0x9B, 0x60, 0x92, 0x7F, 0x92, 0x92, 0xD5, 0x13, 0xC0, 0xC0, 0xD5, 0x00, 0x64, 0xF7 ; file 3E29EB
db 0xDC, 0xDC, 0x9E, 0x00, 0xC2, 0x8F, 0xCC, 0x21, 0x63, 0x0F, 0x35, 0x12, 0x35, 0x35, 0x20, 0xA4 ; file 3E29FB
db 0x60, 0x4B, 0xA1, 0x48, 0xA0, 0xFB, 0x1F, 0x12, 0xD5, 0x35, 0x8F, 0x60, 0xE0, 0x03, 0x80, 0xA5 ; file 3E2A0B
db 0x22, 0x00, 0x9F, 0xC8, 0x35, 0x9A, 0x8F, 0xCD, 0x61, 0x68, 0xE1, 0x01, 0x61, 0xFF, 0x61, 0xD5 ; file 3E2A1B
db 0x8F, 0xBF, 0xBF, 0x0C, 0xA5, 0x5F, 0xFF, 0x60, 0xD0, 0xB7, 0x3B, 0x4B, 0x8F, 0x0C, 0x5F, 0xBF ; file 3E2A2B
db 0x5F, 0x6A, 0xA5, 0xB5, 0xFF, 0xA5, 0x20, 0x21, 0x60, 0x9F, 0x6E, 0x3B, 0xFF, 0xFF, 0x9D, 0x08 ; file 3E2A3B
db 0xBA, 0xCE, 0xCB, 0xC0, 0x5D, 0xD5, 0xEA, 0x14, 0xBF, 0x65, 0x8F, 0x60, 0x39, 0xFF, 0x80, 0x28 ; file 3E2A4B
db 0xFE, 0x04, 0x17, 0x8F, 0x8F, 0xD5, 0xD5, 0xC1, 0xB5, 0xD5, 0xFD, 0xC1, 0x26, 0x19, 0xCD, 0xBF ; file 3E2A5B
db 0xA5, 0x3B, 0x2A, 0xB5, 0x7E, 0x26, 0x04, 0xFF, 0x60, 0xC4, 0xBF, 0x25, 0xC3, 0x49, 0xC6, 0x06 ; file 3E2A6B
db 0xCA, 0xFA, 0x68, 0x72, 0x8A, 0xFC, 0x40, 0xB8, 0x3F, 0x00, 0x8B, 0x02, 0x00, 0x00, 0xFF, 0x25 ; file 3E2A7B
db 0x77, 0x66, 0x08, 0x00, 0x00, 0x1F, 0x05, 0xDF, 0x00, 0x00, 0x61, 0x61, 0x6B, 0x27, 0x00, 0x64 ; file 3E2A8B
db 0x60, 0x5D, 0xFF, 0x29, 0x00, 0xAE, 0x0D, 0x53, 0x2A, 0x02, 0x59, 0xC0, 0x03, 0xEA, 0xE9, 0x05 ; file 3E2A9B
db 0x63, 0xE5, 0x05, 0xAE, 0x84, 0x00, 0x06, 0x60, 0x77, 0xFF, 0x76, 0x0D, 0xAE, 0x2E, 0x76, 0x2F ; file 3E2AAB
db 0x60, 0x6F, 0xFF, 0x6F, 0x53, 0x03, 0x2F, 0x2F, 0x0A, 0x60, 0x60, 0xFF, 0x59, 0x4E, 0xFF, 0xFF ; file 3E2ABB
db 0x37, 0x09, 0xFF, 0xFF, 0x9F, 0x1B, 0x1B, 0xFF, 0xFF, 0xA8, 0x20, 0x08, 0x0C, 0x08, 0x0A, 0xFF ; file 3E2ACB
db 0x6F, 0x0D, 0x0A, 0x2E, 0x76, 0x2E, 0xDC, 0x76, 0xFF, 0x76, 0x2E, 0x03, 0x76, 0x76, 0x6F, 0x60 ; file 3E2ADB
db 0x53, 0x7F, 0x53, 0xDC, 0x9E, 0xB3, 0xDC, 0x74, 0xA8, 0x80, 0x00, 0x7F, 0x37, 0x06, 0xB8, 0x4A ; file 3E2AEB
db 0x59, 0x60, 0xD0, 0x01, 0x08, 0xDF, 0x64, 0xFF, 0xFF, 0x09, 0x36, 0x01, 0x09, 0xCF, 0xFF, 0xF5 ; file 3E2AFB
db 0x6D, 0x49, 0x10, 0x6A, 0x09, 0x16, 0x29, 0xFF, 0xFF, 0x3E, 0xFF, 0x2E, 0x60, 0xFF, 0x73, 0x64 ; file 3E2B0B
db 0xFF, 0x0A, 0x09, 0xFF, 0x09, 0x64, 0x53, 0x09, 0x09, 0x4E, 0x77, 0x09, 0xFF, 0x09, 0x09, 0x60 ; file 3E2B1B
db 0x63, 0x76, 0x76, 0x77, 0xC8, 0xFF, 0x76, 0x2E, 0x2F, 0x61, 0x76, 0x2F, 0x06, 0x74, 0xFF, 0x2C ; file 3E2B2B
db 0xB3, 0x53, 0x60, 0x53, 0x60, 0x74, 0x59, 0xDF, 0xAE, 0x60, 0x74, 0x1B, 0x0A, 0x82, 0x00, 0x32 ; file 3E2B3B
db 0x1B, 0xFF, 0x60, 0x37, 0x37, 0x73, 0xFF, 0x59, 0x59, 0x37, 0xEA, 0x60, 0x14, 0x59, 0x82, 0x00 ; file 3E2B4B
db 0x6E, 0x6D, 0x0C, 0x2C, 0x2E, 0xFF, 0xDF, 0x71, 0x2E, 0x2E, 0xFF, 0xB3, 0x80, 0x00, 0x2E, 0x2E ; file 3E2B5B
db 0x57, 0x6F, 0x60, 0x2E, 0xE0, 0x0A, 0x6F, 0x81, 0x00, 0xAE, 0x83, 0x00, 0xFF, 0x60, 0x32, 0x2F ; file 3E2B6B
db 0x53, 0x53, 0x59, 0x2F, 0x53, 0xFF, 0xAE, 0x09, 0x06, 0x53, 0x0A, 0x09, 0xAE, 0x53, 0xFF, 0x0A ; file 3E2B7B
db 0x60, 0x0A, 0x03, 0xD0, 0x1B, 0xDC, 0x03, 0xFB, 0xD0, 0xA8, 0x82, 0x00, 0x9E, 0xD0, 0x32, 0x60 ; file 3E2B8B
db 0x1B, 0x5C, 0xE0, 0x1F, 0x80, 0x00, 0x36, 0xA8, 0xA8, 0x82, 0x00, 0x4E, 0x6A, 0x0C, 0xF9, 0x69 ; file 3E2B9B
db 0xCB, 0x2E, 0x40, 0x19, 0x60, 0x3E, 0x2E, 0x6F, 0x6F, 0xCF, 0x51, 0x6F, 0x6F, 0x0D, 0x60, 0x00 ; file 3E2BAB
db 0x21, 0x00, 0x2C, 0x60, 0xFF, 0x0D, 0x2C, 0x09, 0x09, 0x2C, 0x2C, 0xC8, 0x09, 0xF7, 0x2C, 0x2F ; file 3E2BBB
db 0x60, 0x80, 0x00, 0x2F, 0x09, 0x60, 0x09, 0xFF, 0x0A, 0x53, 0xDC, 0x09, 0x60, 0xAE, 0xDC, 0x09 ; file 3E2BCB
db 0xFD, 0x74, 0x81, 0x00, 0x0A, 0xDC, 0x17, 0x9E, 0xD0, 0x60, 0x5E, 0x41, 0x0B, 0xA8, 0xA8, 0xA8 ; file 3E2BDB
db 0xBA, 0x80, 0x00, 0xFF, 0x81, 0x00, 0x2A, 0xCF, 0x0C, 0x7D, 0x00, 0x3C, 0x21, 0x85, 0x3C, 0x60 ; file 3E2BEB
db 0x20, 0x0B, 0x21, 0x00, 0xFD, 0x2F, 0x20, 0x0A, 0x2F, 0x7D, 0x2F, 0x2F, 0xB3, 0x60, 0xFF, 0x2F ; file 3E2BFB
db 0x2F, 0x06, 0x1B, 0x2F, 0xB3, 0x06, 0xDC, 0xEF, 0xB3, 0x06, 0x06, 0x53, 0x60, 0x00, 0xAE, 0x60 ; file 3E2C0B
db 0x09, 0xFF, 0x03, 0xDC, 0xDC, 0x09, 0x63, 0x0A, 0xDC, 0x09, 0x7F, 0xC8, 0xDC, 0xDC, 0x32, 0x09 ; file 3E2C1B
db 0xDC, 0x9E, 0xC3, 0x0C, 0xDF, 0x09, 0xFF, 0xD0, 0xA8, 0xDA, 0x80, 0x00, 0xFF, 0xFF, 0xF7, 0xD0 ; file 3E2C2B
db 0xBE, 0xFF, 0xED, 0x25, 0x9B, 0xB3, 0xB3, 0x06, 0xFF, 0x21, 0x2F, 0x06, 0x53, 0x2C, 0x0D, 0xAE ; file 3E2C3B
db 0x53, 0x6F, 0x2E, 0x76, 0x53, 0xDC, 0x60, 0x3A, 0x53, 0xAE, 0x60, 0x00, 0xFD, 0x0A, 0x60, 0x00 ; file 3E2C4B
db 0xDC, 0x0A, 0x0A, 0xDC, 0xDC, 0x60, 0xFF, 0xDC, 0x59, 0xDC, 0x9E, 0x9E, 0x74, 0x9E, 0xD0, 0x6F ; file 3E2C5B
db 0x9E, 0x03, 0x74, 0xD0, 0x60, 0x00, 0xD0, 0x60, 0x80, 0x00, 0xFE, 0x45, 0x00, 0x1B, 0xD0, 0xD0 ; file 3E2C6B
db 0x36, 0xFF, 0x60, 0xD0, 0x11, 0xDA, 0x20, 0x46, 0x68, 0x51, 0xEF, 0x25, 0x56, 0xA4, 0x19, 0x23 ; file 3E2C7B
db 0x19, 0x40, 0x48, 0xFE, 0x80, 0x0D, 0x2E, 0x2F, 0x0D, 0x76, 0x76, 0x2C, 0x6F, 0xFF, 0x2C, 0x6F ; file 3E2C8B
db 0x2F, 0x60, 0x03, 0x60, 0x03, 0x03, 0xBD, 0x06, 0x00, 0x0B, 0x06, 0x0A, 0x60, 0x63, 0x00, 0x32 ; file 3E2C9B
db 0x74, 0xFB, 0x60, 0x03, 0xC3, 0x0B, 0x37, 0xC8, 0x59, 0x37, 0x37, 0xDF, 0xC8, 0x1B, 0x37, 0x1B ; file 3E2CAB
db 0x60, 0xA0, 0x17, 0xFF, 0x37, 0xB4, 0xC0, 0x5D, 0x60, 0x53, 0xFF, 0x60, 0x4B, 0xFF, 0x6F, 0x0B ; file 3E2CBB
db 0x4B, 0x6F, 0xF7, 0x6F, 0x2F, 0xB3, 0x60, 0x09, 0x53, 0x3E, 0x2F, 0x2F, 0xAB, 0x53, 0x7D, 0xC0 ; file 3E2CCB
db 0x21, 0x60, 0xA0, 0x21, 0x03, 0x20, 0x18, 0xDC, 0x7F, 0x60, 0x60, 0x74, 0x32, 0xDC, 0x60, 0x63 ; file 3E2CDB
db 0xA0, 0x16, 0x1F, 0x1B, 0x1B, 0x37, 0x9E, 0xD0, 0xC1, 0x46, 0x20, 0x5B, 0x20, 0x54, 0xF4, 0x2A ; file 3E2CEB
db 0x08, 0x66, 0x3A, 0x9B, 0xA4, 0x2E, 0x0D, 0x60, 0x0D, 0xB3, 0xFF, 0xAE, 0x0A, 0x0D, 0x2F, 0xAE ; file 3E2CFB
db 0xDC, 0x2C, 0x06, 0xFF, 0xAE, 0xDC, 0x2F, 0x06, 0xAE, 0x9E, 0x60, 0x9E, 0xD7, 0x9E, 0xD0, 0x1B ; file 3E2D0B
db 0xE0, 0x12, 0x4E, 0x60, 0x13, 0xFF, 0xD0, 0x9F, 0xD0, 0x28, 0xFF, 0x60, 0xA4, 0xEC, 0x40, 0xAE ; file 3E2D1B
db 0x44, 0x21, 0xF5, 0x0D, 0x40, 0x38, 0x2C, 0x80, 0x15, 0x77, 0xFF, 0x9B, 0x0D, 0xFF, 0x2F, 0x60 ; file 3E2D2B
db 0x2F, 0x53, 0x0A, 0x03, 0xB3, 0x53, 0xFF, 0xDC, 0x03, 0x06, 0x53, 0xDC, 0x74, 0x06, 0x0A, 0x3F ; file 3E2D3B
db 0xDC, 0xD0, 0x60, 0xD0, 0xD0, 0x57, 0x40, 0x09, 0xC0, 0x32, 0xFA, 0x81, 0x00, 0x57, 0x6F, 0x12 ; file 3E2D4B
db 0x7D, 0x2C, 0xB3, 0xFF, 0x6F, 0x7F, 0x2F, 0x06, 0x7D, 0x0D, 0x2F, 0x06, 0x6F, 0x42, 0x61, 0x7A ; file 3E2D5B
db 0x00, 0x55, 0xAE, 0x00, 0x55, 0x0A, 0x9E, 0xD0, 0xD0, 0x60, 0x56, 0x92, 0x20, 0x08, 0xBB, 0x60 ; file 3E2D6B
db 0x3A, 0x60, 0x80, 0xC8, 0x21, 0x7D, 0x0D, 0x2F, 0x68, 0x7C, 0xA1, 0x83, 0xA1, 0x47, 0x2F, 0xFF ; file 3E2D7B
db 0xFF, 0xCE, 0x6F, 0xE0, 0x00, 0xA8, 0x80, 0x1A, 0x00, 0x3D, 0xA0, 0x09, 0xAE, 0xE0, 0x6A, 0x0A ; file 3E2D8B
db 0x60, 0x3E, 0x0A, 0x4D, 0x60, 0xA0, 0x5E, 0xD0, 0xDC, 0x60, 0x3A, 0x20, 0x0A, 0xA8, 0x60, 0x2E ; file 3E2D9B
db 0xC7, 0xBE, 0x60, 0xCE, 0x6C, 0x5B, 0xEA, 0x77, 0x41, 0x0A, 0x6F, 0x2C, 0xFF, 0xFF, 0x0A, 0x0D ; file 3E2DAB
db 0x2C, 0xCE, 0x6F, 0x0D, 0x77, 0x53, 0x2F, 0x6F, 0xA0, 0x5B, 0x40, 0x23, 0xDC, 0xA0, 0x09, 0x9E ; file 3E2DBB
db 0x40, 0x69, 0x21, 0x9E, 0x20, 0x25, 0x00, 0x39, 0xC0, 0x08, 0x80, 0x44, 0xDA, 0x60, 0x44, 0xC0 ; file 3E2DCB
db 0x24, 0x1A, 0x8C, 0x5A, 0x66, 0x4C, 0x67, 0x4E, 0xC8, 0x21, 0x98, 0xE1, 0x3A, 0x80, 0x14, 0xFF ; file 3E2DDB
db 0x37, 0x6F, 0xC8, 0xC8, 0x2F, 0x6F, 0x60, 0x6F, 0x37, 0x0D, 0x2F, 0xB3, 0x40, 0x0B, 0x06, 0x0D ; file 3E2DEB
db 0x81, 0x00, 0xC0, 0x39, 0xFE, 0x40, 0x39, 0xDC, 0x03, 0x53, 0x0A, 0xDC, 0x74, 0xAE, 0x5B, 0x0A ; file 3E2DFB
db 0x9E, 0x80, 0x67, 0x9E, 0x74, 0xE0, 0x26, 0xA8, 0x20, 0x30, 0xF1, 0xBA, 0x86, 0x00, 0x0A, 0x80 ; file 3E2E0B
db 0x6A, 0xA2, 0xB3, 0xFF, 0x37, 0xB3, 0xFD, 0x2C, 0x80, 0xA4, 0xBE, 0x03, 0x7A, 0x06, 0x2C, 0x2F ; file 3E2E1B
db 0xF7, 0x0D, 0x2F, 0x77, 0xA0, 0x00, 0x6F, 0x2C, 0x60, 0xAE, 0xFF, 0x2F, 0xB3, 0xB3, 0x2F, 0x2F ; file 3E2E2B
db 0x77, 0x77, 0x2C, 0xFB, 0x77, 0x2F, 0x00, 0x01, 0x2F, 0x2C, 0x60, 0xB3, 0x2F, 0xBA, 0xC0, 0x0E ; file 3E2E3B
db 0x0D, 0x40, 0x0F, 0x6F, 0x6F, 0x2C, 0xE0, 0x00, 0x77, 0x75, 0x60, 0x00, 0x10, 0x53, 0x20, 0x6B ; file 3E2E4B
db 0xAE, 0x2F, 0x06, 0x81, 0x00, 0x1A, 0x20, 0x6B, 0x0A, 0xE2, 0x2E, 0x03, 0xD0, 0x00, 0x10, 0x82 ; file 3E2E5B
db 0x00, 0x80, 0x37, 0x19, 0x4E, 0x43, 0x6A, 0x82, 0x00, 0x74, 0x20, 0x0A, 0x9D, 0x26, 0xAD, 0x40 ; file 3E2E6B
db 0x56, 0x6F, 0x59, 0x2E, 0xFF, 0xC4, 0xA0, 0x90, 0x37, 0x6F, 0x20, 0x26, 0x1C, 0x20, 0x0C, 0x80 ; file 3E2E7B
db 0x0C, 0x2E, 0x77, 0x2C, 0xC0, 0x92, 0x20, 0x11, 0x41, 0x28, 0xFE, 0x80, 0x1C, 0xB3, 0x6F, 0x0D ; file 3E2E8B
db 0xB3, 0x2F, 0x2E, 0x60, 0x19, 0xB3, 0x00, 0x87, 0x81, 0x10, 0x2E, 0x6F, 0x00, 0x04, 0x80, 0x15 ; file 3E2E9B
db 0x40, 0x21, 0xE8, 0x40, 0x04, 0xE0, 0x20, 0x40, 0x21, 0xB3, 0xE0, 0x2D, 0xB3, 0x60, 0xB3, 0x57 ; file 3E2EAB
db 0x53, 0x53, 0x0A, 0xC0, 0x7C, 0xDC, 0xE0, 0x96, 0xDC, 0x20, 0x74, 0xBF, 0x9E, 0x01, 0x03, 0xD0 ; file 3E2EBB
db 0xF9, 0xBA, 0x20, 0xA2, 0x20, 0xEA, 0xC0, 0xC0, 0x32, 0x40, 0x7B, 0x59, 0xA0, 0x00, 0x1B, 0xA8 ; file 3E2ECB
db 0x1B, 0xF3, 0x64, 0x76, 0xC9, 0xBE, 0x69, 0xC4, 0xC4, 0xFF, 0xFF, 0x0E, 0xFF, 0x1A, 0x60, 0xFF ; file 3E2EDB
db 0x0D, 0x2E, 0x0D, 0x2D, 0x2E, 0xFF, 0x2E, 0x77, 0x0D, 0x76, 0x6F, 0x2F, 0x76, 0x76, 0xF9, 0x0D ; file 3E2EEB
db 0x00, 0x0B, 0xC0, 0xA4, 0x77, 0x76, 0x2E, 0x0D, 0x6F, 0xB7, 0x76, 0x2E, 0x2C, 0xA0, 0xBB, 0x77 ; file 3E2EFB
db 0x60, 0x00, 0x0E, 0x76, 0xBF, 0x2F, 0xB3, 0x76, 0x76, 0xB3, 0x77, 0x83, 0x00, 0x60, 0xFF, 0x2E ; file 3E2F0B
db 0x77, 0xB3, 0x77, 0x2E, 0x2F, 0x06, 0x77, 0xAA, 0xC0, 0x51, 0x2F, 0x40, 0x52, 0x06, 0x20, 0x24 ; file 3E2F1B
db 0xB3, 0x40, 0x2A, 0x06, 0x91, 0x06, 0xC0, 0x8F, 0x43, 0x8F, 0xC0, 0x34, 0x9E, 0xC0, 0x34, 0x81 ; file 3E2F2B
db 0x6E, 0x03, 0xFE, 0xA1, 0x25, 0x76, 0xD0, 0x17, 0x1B, 0x37, 0xD8, 0xE9, 0xD3, 0x1B, 0x59, 0x62 ; file 3E2F3B
db 0xD4, 0xC1, 0x76, 0x59, 0xC0, 0xC2, 0x1B, 0xBA, 0xFB, 0xFF, 0xFF, 0xCD, 0x13, 0x35, 0x7D, 0xFF ; file 3E2F4B
db 0xC0, 0x1A, 0xFD, 0xB3, 0x80, 0x00, 0x2E, 0xFF, 0xD5, 0x92, 0x2E, 0x60, 0x28, 0xE0, 0xBF, 0xC0 ; file 3E2F5B
db 0x12, 0x80, 0x00, 0x2E, 0x02, 0x01, 0xB3, 0x20, 0x02, 0xE1, 0x14, 0xC3, 0x2E, 0x2F, 0xE0, 0xCE ; file 3E2F6B
db 0xC1, 0x13, 0xC1, 0x35, 0x40, 0x13, 0xB3, 0x2E, 0xCF, 0x76, 0xB3, 0x53, 0x0D, 0x80, 0x00, 0x61 ; file 3E2F7B
db 0x46, 0x77, 0xB3, 0x2D, 0x53, 0x20, 0x64, 0x06, 0x76, 0x60, 0x47, 0x76, 0xC1, 0x52, 0x01, 0x98 ; file 3E2F8B
db 0x1F, 0xAE, 0xDC, 0x0A, 0xDC, 0x06, 0xA0, 0x80, 0x20, 0x14, 0x20, 0xBC, 0xF0, 0xE1, 0x36, 0x80 ; file 3E2F9B
db 0x8A, 0xE1, 0x97, 0x60, 0x82, 0x60, 0x3A, 0xD0, 0x60, 0xB7, 0x15, 0x59, 0x1B, 0x40, 0x14, 0x60 ; file 3E2FAB
db 0x1B, 0xA0, 0x8A, 0x1B, 0xBF, 0x37, 0x1E, 0xFF, 0x1B, 0x59, 0x8E, 0x80, 0x00, 0x09, 0xFE, 0x0B ; file 3E2FBB
db 0xD6, 0x60, 0xFF, 0xAA, 0x65, 0x2E, 0xFF, 0xAA, 0xFF, 0x12, 0x6F, 0xC4, 0xAA, 0x3A, 0x6F, 0xCD ; file 3E2FCB
db 0xAA, 0xF7, 0xD5, 0x6F, 0x60, 0x40, 0x24, 0x06, 0x2E, 0x76, 0x0D, 0x4A, 0x80, 0x00, 0x6F, 0x40 ; file 3E2FDB
db 0x10, 0x2E, 0x20, 0xE7, 0x40, 0x28, 0x6F, 0x40, 0x02, 0xE9, 0x2F, 0xA0, 0x27, 0x00, 0x12, 0x76 ; file 3E2FEB
db 0x40, 0x62, 0x53, 0x2C, 0x77, 0xF7, 0x06, 0x53, 0x53, 0x61, 0x48, 0x0D, 0x77, 0xB3, 0x06, 0xBC ; file 3E2FFB
db 0x20, 0x1A, 0x00, 0x4D, 0x0D, 0x6F, 0x77, 0xAE, 0xC0, 0xB6, 0x53, 0x0F, 0x0A, 0x53, 0x06, 0x17 ; file 3E300B
db 0x80, 0x02, 0xE0, 0xAB, 0x00, 0xAC, 0x81, 0xAC, 0xFB, 0xAE, 0x0A, 0xE0, 0xAC, 0x60, 0x60, 0xDC ; file 3E301B
db 0x60, 0x03, 0xFD, 0x74, 0xE0, 0x94, 0x32, 0xDC, 0x03, 0x32, 0x1B, 0x03, 0xF7, 0x32, 0xA8, 0xA8 ; file 3E302B
db 0x00, 0x13, 0x1B, 0x32, 0x59, 0x1B, 0xF7, 0x74, 0x74, 0x1B, 0x60, 0xAE, 0x74, 0x03, 0x03, 0x74 ; file 3E303B
db 0xE9, 0x52, 0x81, 0x15, 0x00, 0x14, 0xA8, 0x83, 0x00, 0x83, 0xA8, 0x59, 0xFB, 0x37, 0x9F, 0x8B ; file 3E304B
db 0x15, 0x3A, 0xAA, 0x92, 0x0D, 0xFF, 0xFF, 0xAA, 0x85, 0x2F, 0xFF, 0xAA, 0x1A, 0xBC, 0xFF, 0x37 ; file 3E305B
db 0x9A, 0xAA, 0xD9, 0x60, 0x13, 0x2E, 0x2C, 0x60, 0x13, 0xC0, 0xD2, 0xFE, 0x80, 0x3A, 0x0D, 0x2E ; file 3E306B
db 0x76, 0x60, 0xB3, 0x06, 0x6F, 0x37, 0x76, 0x2F, 0x53, 0x00, 0x61, 0xB3, 0xAE, 0xA0, 0x61, 0xA0 ; file 3E307B
db 0x23, 0xB5, 0x76, 0x40, 0x4B, 0x76, 0x20, 0x53, 0x2C, 0x6F, 0xC0, 0x53, 0x77, 0x47, 0x2C, 0x2C ; file 3E308B
db 0x60, 0x41, 0x4B, 0x40, 0x3A, 0x81, 0x5F, 0x06, 0x20, 0xCC, 0x1B, 0xB3, 0x60, 0x80, 0x14, 0x0A ; file 3E309B
db 0xAE, 0xA0, 0xA8, 0x21, 0x2A, 0xA0, 0xCC, 0x75, 0x53, 0x20, 0x61, 0xDC, 0x61, 0xA1, 0x9E, 0x60 ; file 3E30AB
db 0x60, 0x20, 0x03, 0x12, 0x20, 0x00, 0x60, 0x80, 0x91, 0xA0, 0xB7, 0xDC, 0x62, 0xC5, 0xE0, 0xC5 ; file 3E30BB
db 0xA0, 0x2B, 0xB4, 0x60, 0x19, 0xC0, 0x19, 0x32, 0x40, 0x1A, 0x59, 0x03, 0xC0, 0xAE, 0x60, 0xFD ; file 3E30CB
db 0xC8, 0x61, 0x19, 0x59, 0x32, 0x32, 0x59, 0xA8, 0x74, 0xF3, 0x1B, 0xA8, 0x40, 0x1A, 0x00, 0x19 ; file 3E30DB
db 0x37, 0x83, 0x1B, 0x37, 0xFF, 0x66, 0x6C, 0x59, 0x37, 0x7A, 0x3A, 0x37, 0x59, 0xFB, 0x9D, 0x18 ; file 3E30EB
db 0x8C, 0x2E, 0x0E, 0xAA, 0x35, 0xFF, 0xFF, 0xEB, 0x1A, 0x1A, 0x40, 0x43, 0xAA, 0x00, 0x56, 0xAA ; file 3E30FB
db 0x60, 0x2F, 0xEF, 0x2C, 0x0D, 0x76, 0x2D, 0xA0, 0x00, 0x65, 0xAE, 0x2F, 0x7F, 0x2C, 0x1A, 0x54 ; file 3E310B
db 0x06, 0x2F, 0x60, 0x2E, 0x81, 0x3D, 0x78, 0xA0, 0x3E, 0xE0, 0x16, 0xC0, 0x77, 0x6F, 0x0D, 0x60 ; file 3E311B
db 0xAE, 0xA0, 0x15, 0x2F, 0x06, 0x0A, 0xAE, 0x53, 0x40, 0x76, 0xDC, 0x41, 0x52, 0x20, 0xE3, 0xDE ; file 3E312B
db 0xE0, 0xE2, 0xB3, 0xB3, 0xB3, 0x0A, 0xA0, 0xD9, 0x53, 0xDC, 0x50, 0x80, 0xD8, 0x81, 0x17, 0x01 ; file 3E313B
db 0x18, 0x21, 0x43, 0x0A, 0xC0, 0xDA, 0x01, 0xA0, 0x1A, 0x36, 0x00, 0x2F, 0x03, 0xDC, 0xE0, 0xC3 ; file 3E314B
db 0x03, 0x63, 0xA0, 0xA0, 0xE1, 0x18, 0xDE, 0x60, 0xC4, 0xA8, 0x1B, 0xA8, 0xD0, 0x60, 0xDC, 0x03 ; file 3E315B
db 0x03, 0x7E, 0x40, 0xD2, 0x74, 0x60, 0x74, 0x74, 0xC8, 0x59, 0x20, 0x32, 0xFB, 0x37, 0x74, 0x01 ; file 3E316B
db 0x18, 0x59, 0x1B, 0xA8, 0x60, 0x37, 0xFF, 0x59, 0x4B, 0xFF, 0x1B, 0x13, 0xCA, 0xFF, 0xCE, 0xBF ; file 3E317B
db 0xCA, 0x5D, 0xFF, 0xBB, 0x4B, 0x0E, 0xCD, 0x45, 0xFF, 0xFB, 0xFF, 0x12, 0x49, 0xC2, 0x60, 0x1A ; file 3E318B
db 0x92, 0x79, 0x53, 0xFF, 0x12, 0xAA, 0x35, 0x60, 0xFF, 0x92, 0xAA, 0x92, 0xEF, 0xFF, 0xD1, 0x0B ; file 3E319B
db 0x1A, 0x20, 0x8D, 0x77, 0x2C, 0x53, 0xFE, 0x40, 0x2B, 0x30, 0xAE, 0x53, 0x06, 0x35, 0x3E, 0x0A ; file 3E31AB
db 0x01, 0xAE, 0x00, 0x69, 0x40, 0x6A, 0x41, 0x2D, 0x40, 0x91, 0x81, 0x15, 0x41, 0x30, 0x22, 0x2D ; file 3E31BB
db 0x88, 0x63, 0xFA, 0x20, 0xD9, 0x40, 0xE3, 0x03, 0xC0, 0x59, 0x62, 0x5A, 0xE1, 0x5A, 0x60, 0xA6 ; file 3E31CB
db 0x60, 0xF1, 0x03, 0x60, 0x40, 0xF3, 0x60, 0x48, 0xDC, 0x41, 0xDC, 0xE8, 0xDD, 0x1F, 0xE0, 0xE7 ; file 3E31DB
db 0x60, 0x03, 0x63, 0x00, 0x19, 0x32, 0x1B, 0xCB, 0x74, 0x32, 0x20, 0x18, 0x32, 0x80, 0xF4, 0x60 ; file 3E31EB
db 0x19, 0x28, 0xA8, 0xFF, 0xA8, 0x28, 0x0C, 0xD0, 0xD0, 0x3B, 0x4B, 0xD0, 0xFF, 0x7C, 0x6A, 0xB5 ; file 3E31FB
db 0x60, 0x0C, 0xC3, 0xFF, 0xFF, 0x9F, 0xCA, 0xD1, 0xFF, 0xFF, 0x83, 0x51, 0xBB, 0x21, 0x96, 0x0E ; file 3E320B
db 0xF5, 0x65, 0xC0, 0xD9, 0xB5, 0x86, 0xF4, 0x92, 0x1A, 0x69, 0xDC, 0xFF, 0x7C, 0xA6, 0x12, 0x35 ; file 3E321B
db 0xD1, 0xCD, 0x65, 0x92, 0x6F, 0xFF, 0xFF, 0x9F, 0x35, 0x01, 0x3E, 0x53, 0xDD, 0x20, 0x0F, 0xFF ; file 3E322B
db 0x35, 0x65, 0x21, 0xDC, 0x35, 0x35, 0x35, 0x8F, 0x78, 0x82, 0x42, 0x80, 0x29, 0xA0, 0xEC, 0xDC ; file 3E323B
db 0xDC, 0x21, 0x21, 0x40, 0x26, 0x48, 0x20, 0x5A, 0xE0, 0x40, 0x20, 0x41, 0x9E, 0x00, 0x28, 0xE0 ; file 3E324B
db 0x56, 0x60, 0x41, 0x2F, 0x80, 0x01, 0x43, 0x00, 0x58, 0x02, 0xFA, 0x60, 0x43, 0x60, 0x47, 0xC0 ; file 3E325B
db 0xD7, 0xC2, 0xFB, 0x61, 0xDB, 0x61, 0x38, 0x80, 0xB9, 0xD0, 0xC8, 0x40, 0x01, 0x3B, 0x61, 0xFF ; file 3E326B
db 0xBF, 0x5F, 0x3B, 0xC2, 0x6A, 0x3B, 0x0E, 0x60, 0xFF, 0xBF, 0xC1, 0xC3, 0xD1, 0x5B, 0x6E, 0xC3 ; file 3E327B
db 0xFF, 0xFB, 0xB5, 0x34, 0xB0, 0xEA, 0x65, 0x60, 0x25, 0xD5, 0x9B, 0xCF, 0x35, 0xFF, 0xD1, 0x0C ; file 3E328B
db 0x20, 0x44, 0x64, 0x2C, 0x35, 0x35, 0xFF, 0x9A, 0xD5, 0x38, 0xD5, 0x35, 0x8F, 0xA5, 0xCD, 0xFB ; file 3E329B
db 0xC0, 0x9A, 0x82, 0x2E, 0xBD, 0x29, 0x61, 0x29, 0x35, 0xBF, 0x8F, 0x9A, 0x9A, 0xBF, 0xD5, 0x02 ; file 3E32AB
db 0x20, 0x02, 0x93, 0xFF, 0x0C, 0x60, 0x42, 0x42, 0xC5, 0x8F, 0xD5, 0x8F, 0xBF, 0x62, 0xBF, 0xB5 ; file 3E32BB
db 0x3B, 0xA5, 0x02, 0xC2, 0x32, 0x8F, 0xFF, 0xBF, 0x0C, 0xA5, 0xA5, 0xBF, 0xC4, 0xB5, 0x25, 0x7D ; file 3E32CB
db 0xA5, 0xE4, 0x34, 0xB5, 0x9D, 0xFF, 0xFF, 0x48, 0x68, 0xF9, 0xF6, 0x0A, 0xF1, 0x65, 0x74, 0xE9 ; file 3E32DB
db 0xFA, 0x67, 0x70, 0xFF, 0x61, 0x00, 0x3F, 0x00, 0x4D, 0x02, 0x00, 0x00, 0xFF, 0x25, 0x77, 0x08 ; file 3E32EB
db 0x08, 0x00, 0x00, 0x1F, 0x05, 0x77, 0x00, 0x00, 0x6B, 0x26, 0x00, 0x6A, 0x60, 0xFF, 0x2A, 0x00 ; file 3E32FB
db 0xFB, 0x1F, 0x06, 0x2A, 0x02, 0x06, 0xCE, 0xFF, 0xFF, 0x61, 0xFE, 0xCA, 0x05, 0x1F, 0x76, 0x6F ; file 3E330B
db 0xFF, 0x2E, 0x76, 0x0D, 0xFF, 0xFF, 0x6F, 0x6F, 0xB3, 0xFF, 0x2C, 0x2F, 0x53, 0xFF, 0x60, 0x06 ; file 3E331B
db 0x32, 0x36, 0xFF, 0x0A, 0x59, 0x09, 0xFF, 0x0E, 0xB8, 0x1B, 0x59, 0x6B, 0x60, 0xA8, 0xA8, 0xFA ; file 3E332B
db 0xC9, 0x05, 0x69, 0x81, 0x0B, 0x0A, 0xFF, 0xFF, 0x2F, 0x2E, 0xEF, 0xFF, 0xFF, 0xAE, 0x76, 0x81 ; file 3E333B
db 0x00, 0x60, 0x6F, 0xB3, 0xFF, 0x06, 0x0A, 0x2E, 0x0D, 0x0A, 0x74, 0x76, 0x0D, 0xFF, 0x53, 0x60 ; file 3E334B
db 0x76, 0x77, 0xAE, 0x03, 0x60, 0x9E, 0xFF, 0x74, 0x37, 0xFF, 0xD0, 0x1B, 0x4E, 0xFF, 0x1B, 0x77 ; file 3E335B
db 0x37, 0x09, 0x36, 0x80, 0x00, 0x09, 0x63, 0x6D, 0x09, 0x0E, 0xFD, 0x68, 0xC4, 0x13, 0x36, 0x09 ; file 3E336B
db 0xFF, 0xFF, 0x53, 0x09, 0xEF, 0xFF, 0x77, 0x53, 0x09, 0xE0, 0x15, 0x53, 0x76, 0xBA, 0xFE, 0x80 ; file 3E337B
db 0x00, 0x09, 0xBA, 0x53, 0x2E, 0x09, 0x09, 0x03, 0xFF, 0x2C, 0x60, 0x2E, 0xB3, 0xAE, 0x03, 0x2C ; file 3E338B
db 0x06, 0x7F, 0xB8, 0x03, 0x2F, 0x53, 0xDC, 0x03, 0xB3, 0x80, 0x00, 0x5F, 0x32, 0x1B, 0x59, 0x60 ; file 3E339B
db 0x6B, 0xA0, 0x1A, 0xBA, 0x20, 0x1B, 0xA6, 0xE0, 0x06, 0xFF, 0xBE, 0x20, 0x1C, 0xAA, 0x0A, 0x67 ; file 3E33AB
db 0x69, 0x1E, 0x53, 0xFE, 0xE0, 0x1F, 0xAE, 0x60, 0xAE, 0x2E, 0x53, 0x09, 0x2E, 0xFB, 0x2E, 0x6F ; file 3E33BB
db 0x83, 0x00, 0x6F, 0x6F, 0xAE, 0x60, 0x09, 0x7F, 0x09, 0x59, 0x2F, 0x09, 0x09, 0x09, 0x06, 0x80 ; file 3E33CB
db 0x00, 0xFD, 0x53, 0x81, 0x00, 0x60, 0x53, 0xAE, 0xDC, 0x03, 0x53, 0xFD, 0x0A, 0x84, 0x00, 0xDC ; file 3E33DB
db 0xDC, 0x03, 0x3F, 0x1B, 0xD0, 0x53, 0x60, 0x59, 0x60, 0x27, 0x81, 0x00, 0x1B, 0x81, 0x00, 0x20 ; file 3E33EB
db 0xD1, 0x0C, 0xE6, 0x20, 0x1F, 0x3E, 0x6F, 0xC0, 0x28, 0x80, 0x00, 0x0D, 0x0D, 0x60, 0xFF, 0x6F ; file 3E33FB
db 0x6F, 0x0D, 0xDC, 0x6F, 0x6F, 0x2C, 0x2C, 0xFF, 0x6F, 0x0D, 0x2C, 0x2F, 0x0D, 0x2C, 0x2C, 0x2F ; file 3E340B
db 0x7C, 0xC0, 0x0C, 0xC2, 0x0B, 0xAE, 0xC8, 0x09, 0x09, 0x74, 0x60, 0x0E, 0x7F, 0x74, 0x60, 0xAE ; file 3E341B
db 0xDC, 0xDC, 0x9E, 0x0A, 0x84, 0x00, 0xBD, 0xDC, 0x80, 0x01, 0x3F, 0xA8, 0xD0, 0x60, 0xA0, 0x23 ; file 3E342B
db 0xFF, 0x5F, 0x1B, 0xCF, 0xFF, 0xFF, 0xA8, 0x20, 0x35, 0x37, 0x91, 0x19, 0x7B, 0x0D, 0x0D, 0xC0 ; file 3E343B
db 0x0B, 0x2C, 0xFF, 0xFF, 0x2C, 0x80, 0x00, 0x97, 0x7D, 0x2F, 0x60, 0x20, 0x0B, 0x2F, 0x60, 0x00 ; file 3E344B
db 0x41, 0x00, 0x06, 0xF6, 0x60, 0x00, 0x06, 0x60, 0xA0, 0x18, 0x74, 0x06, 0x03, 0x09, 0xFF, 0x32 ; file 3E345B
db 0x06, 0xDC, 0x09, 0x32, 0x53, 0xAE, 0x59, 0xFF, 0x1B, 0xEC, 0xEE, 0xDC, 0x9E, 0xCE, 0xCC, 0xD0 ; file 3E346B
db 0xC3, 0xA8, 0x60, 0x41, 0x24, 0xC1, 0x24, 0x45, 0x40, 0xCE, 0x24, 0x9B, 0x2F, 0xB8, 0xC1, 0x23 ; file 3E347B
db 0x20, 0x44, 0x00, 0x01, 0x53, 0x2E, 0x60, 0xA0, 0x09, 0x53, 0xFB, 0x06, 0x53, 0x22, 0x00, 0xAE ; file 3E348B
db 0x06, 0xAE, 0xAE, 0x0A, 0xFF, 0x60, 0x53, 0x0A, 0x03, 0x09, 0xAE, 0x0A, 0xDC, 0xDF, 0xA8, 0x0A ; file 3E349B
db 0xDC, 0x60, 0x03, 0x81, 0x00, 0x80, 0xE8, 0x7F, 0x9E, 0xD0, 0x60, 0xD0, 0xD0, 0xD0, 0x09, 0x80 ; file 3E34AB
db 0x00, 0xBF, 0xFF, 0xD0, 0xD0, 0xDA, 0xFF, 0xC8, 0xA0, 0x4B, 0x6E, 0xAA, 0x8D, 0x2F, 0x77, 0xE0 ; file 3E34BB
db 0x41, 0x6F, 0x60, 0x42, 0x51, 0xE0, 0x42, 0x06, 0x77, 0x0D, 0x60, 0x76, 0xE0, 0x29, 0x2E, 0x0D ; file 3E34CB
db 0xAE, 0x60, 0x42, 0x7F, 0xB3, 0x53, 0x76, 0x0D, 0x2F, 0xAE, 0x60, 0xA0, 0x09, 0xFB, 0x74, 0x74 ; file 3E34DB
db 0xC0, 0x08, 0x60, 0x74, 0x32, 0xA8, 0xDC, 0xF7, 0x03, 0x74, 0x1B, 0x41, 0x0A, 0x4A, 0xD0, 0xA8 ; file 3E34EB
db 0x37, 0xFF, 0xB4, 0x37, 0x09, 0x37, 0xB4, 0x59, 0x37, 0x1B, 0xAB, 0xFF, 0x6F, 0xCD, 0x39, 0xB3 ; file 3E34FB
db 0xC0, 0x1F, 0x51, 0x00, 0x2D, 0xFF, 0xFE, 0xC0, 0x20, 0xFF, 0x30, 0x60, 0x2F, 0x2C, 0xB3, 0xAE ; file 3E350B
db 0xFF, 0x6F, 0x06, 0x53, 0xAE, 0x0D, 0x06, 0xAE, 0xDC, 0x7D, 0x2F, 0x80, 0x00, 0x60, 0xDC, 0x03 ; file 3E351B
db 0x4A, 0x1B, 0x40, 0x09, 0xFA, 0xC1, 0x09, 0xA8, 0x00, 0x44, 0xA8, 0x60, 0x59, 0x1B, 0x57, 0x97 ; file 3E352B
db 0xFF, 0xA8, 0x28, 0x83, 0x2A, 0x05, 0x20, 0x60, 0x4E, 0x0A, 0xFF, 0x74, 0x80, 0x2A, 0x81, 0x00 ; file 3E353B
db 0x7D, 0x00, 0x2B, 0x30, 0x2F, 0x60, 0xA0, 0x09, 0xF1, 0xDC, 0x81, 0x4B, 0x20, 0x0A, 0x80, 0x00 ; file 3E354B
db 0x9E, 0x74, 0x60, 0x9E, 0x2D, 0x9E, 0x60, 0x12, 0xD0, 0x29, 0xA0, 0x1C, 0xFF, 0x82, 0x00, 0x6E ; file 3E355B
db 0x12, 0xEF, 0x0D, 0x2F, 0xFF, 0xB7, 0x80, 0x00, 0x7D, 0x2C, 0xB3, 0xAF, 0xFF, 0x2F, 0x2F, 0xB3 ; file 3E356B
db 0x41, 0x25, 0xD0, 0x82, 0x00, 0xDC, 0x6F, 0x74, 0xD0, 0xAE, 0x9E, 0x80, 0x1B, 0xD0, 0x7A, 0x20 ; file 3E357B
db 0x07, 0xD0, 0x81, 0x00, 0xE0, 0x6F, 0x41, 0x3B, 0xCA, 0x24, 0x66, 0xAC, 0x72, 0xFF, 0x9B, 0xF5 ; file 3E358B
db 0x60, 0x20, 0x0A, 0x53, 0xA0, 0x09, 0x53, 0x2F, 0x2C, 0x06, 0x9B, 0xAE, 0x0D, 0xA0, 0x1A, 0x60 ; file 3E359B
db 0x0A, 0x20, 0x2D, 0xA0, 0x0A, 0xD0, 0x39, 0xDC, 0x80, 0x00, 0x20, 0x0A, 0xA8, 0x60, 0x57, 0x20 ; file 3E35AB
db 0x79, 0x81, 0x00, 0xB4, 0x05, 0x7A, 0x4F, 0x0A, 0x7D, 0x42, 0x1D, 0xFF, 0xCC, 0x00, 0x46, 0x2F ; file 3E35BB
db 0xEB, 0x0D, 0x60, 0xA0, 0x77, 0x0A, 0x20, 0x0A, 0x0A, 0x2F, 0xB3, 0xAE, 0xC1, 0x24, 0x0A, 0x9E ; file 3E35CB
db 0x60, 0xA0, 0x09, 0xB4, 0x84, 0x00, 0x7A, 0xBC, 0x00, 0x30, 0x6F, 0x12, 0x6F, 0x2C, 0xFF, 0x7D ; file 3E35DB
db 0x00, 0x1B, 0x6F, 0xD7, 0x2C, 0x2F, 0x51, 0x80, 0x00, 0x60, 0x80, 0x07, 0x9E, 0x06, 0xA0, 0x60 ; file 3E35EB
db 0x40, 0xA1, 0x22, 0xE1, 0x63, 0x41, 0x3F, 0xC0, 0x3E, 0xA8, 0x40, 0x3F, 0x57, 0xC4, 0x82, 0x00 ; file 3E35FB
db 0x4A, 0x3F, 0x65, 0x25, 0x8D, 0x40, 0x8A, 0x01, 0x4A, 0xCE, 0x6F, 0x3F, 0x60, 0x77, 0x0D, 0x2F ; file 3E360B
db 0xB3, 0x6F, 0xA0, 0x19, 0xE0, 0x61, 0x35, 0x06, 0x60, 0x01, 0x06, 0x00, 0x4A, 0x9E, 0x74, 0x00 ; file 3E361B
db 0x6D, 0x80, 0x00, 0x14, 0x03, 0x01, 0x80, 0x49, 0x1F, 0x00, 0x49, 0x09, 0x82, 0x49, 0x20, 0x0B ; file 3E362B
db 0x8B, 0x49, 0x9D, 0x63, 0x69, 0x97, 0x60, 0xFF, 0xB8, 0x20, 0x6A, 0x83, 0x99, 0x7A, 0xFF, 0x63 ; file 3E363B
db 0x53, 0x77, 0x2F, 0xB3, 0x2F, 0x77, 0x2C, 0x3D, 0x77, 0xA0, 0x9B, 0x2F, 0x6F, 0x63, 0x60, 0xA0 ; file 3E364B
db 0x0C, 0xA0, 0x6E, 0xD9, 0x2F, 0x00, 0x6F, 0xC0, 0x1E, 0x06, 0x53, 0xE0, 0x0D, 0xAE, 0x77, 0xAF ; file 3E365B
db 0xB3, 0x53, 0xAE, 0x2F, 0xC0, 0x1F, 0x60, 0x80, 0x7A, 0xD0, 0x12, 0xE0, 0x0E, 0xD0, 0x60, 0x0E ; file 3E366B
db 0x82, 0x00, 0x60, 0x01, 0x0D, 0x89, 0x00, 0x2A, 0x92, 0xEC, 0xC1, 0xA5, 0x40, 0x37, 0x2F, 0x0D ; file 3E367B
db 0x40, 0x28, 0x2F, 0x2F, 0x0D, 0x9F, 0x77, 0x6F, 0x60, 0x0D, 0x2F, 0xE0, 0x18, 0x60, 0x7A, 0x0D ; file 3E368B
db 0xDC, 0xE0, 0x22, 0xA0, 0x19, 0xB3, 0x60, 0x2C, 0x80, 0x0F, 0x77, 0xB3, 0x2E, 0x80, 0x50, 0x0D ; file 3E369B
db 0x0D, 0x2C, 0xC1, 0x7D, 0x60, 0x64, 0x0F, 0xE0, 0x0F, 0xF1, 0x77, 0xE0, 0x7E, 0xA0, 0x41, 0x60 ; file 3E36AB
db 0x10, 0x0A, 0xB3, 0x06, 0xAE, 0xB9, 0x0A, 0xC1, 0x4A, 0x20, 0x28, 0xDC, 0x88, 0xCC, 0xE1, 0x66 ; file 3E36BB
db 0x32, 0xFF, 0x20, 0xFF, 0xD0, 0x32, 0x03, 0x59, 0xD0, 0x74, 0xEB, 0x32, 0x74, 0x00, 0x01, 0xA8 ; file 3E36CB
db 0x06, 0xB3, 0xA8, 0x64, 0xFF, 0x3F, 0xFF, 0x32, 0x1B, 0x64, 0xFF, 0x76, 0x28, 0xB1, 0xC2, 0xB6 ; file 3E36DB
db 0xFE, 0xA0, 0x73, 0x0A, 0x2E, 0xFF, 0x37, 0x2E, 0x2E, 0xFF, 0xFB, 0x0D, 0x2E, 0xA0, 0x8B, 0x77 ; file 3E36EB
db 0x2C, 0x2E, 0x0D, 0xB3, 0xFF, 0x2E, 0x2E, 0x77, 0x0D, 0x2E, 0x6F, 0xB3, 0x76, 0xF3, 0x76, 0x6F ; file 3E36FB
db 0x20, 0x02, 0x40, 0x10, 0x2F, 0x2F, 0x2E, 0x2C, 0xFF, 0xB3, 0x77, 0x76, 0x2F, 0x06, 0x2E, 0x76 ; file 3E370B
db 0x60, 0xDD, 0x2E, 0x62, 0x04, 0x2F, 0x77, 0x2E, 0x20, 0x84, 0x2E, 0x77, 0xC7, 0x2F, 0x2F, 0x60 ; file 3E371B
db 0x01, 0x2F, 0xA0, 0x85, 0x80, 0x00, 0xB3, 0x06, 0xB5, 0x77, 0x00, 0x23, 0x60, 0x80, 0x12, 0xDC ; file 3E372B
db 0x53, 0x02, 0x7B, 0xDC, 0xED, 0x03, 0x00, 0x7B, 0x03, 0x00, 0xE1, 0x21, 0x1B, 0x74, 0x32, 0x7F ; file 3E373B
db 0xD0, 0x1B, 0x1B, 0x32, 0xA8, 0x1B, 0x59, 0x80, 0x00, 0xFF, 0x37, 0x59, 0x60, 0x32, 0x74, 0x1B ; file 3E374B
db 0x64, 0xA8, 0x7F, 0x1B, 0x32, 0xBE, 0xA8, 0x59, 0x59, 0x1B, 0x20, 0x02, 0x8A, 0x27, 0x15, 0x36 ; file 3E375B
db 0xE1, 0xA1, 0x39, 0x09, 0xC6, 0x22, 0xC0, 0x01, 0xCC, 0x9A, 0xFF, 0xFF, 0xFF, 0x0E, 0xAA, 0xFF ; file 3E376B
db 0xFF, 0xCD, 0x92, 0xDF, 0x60, 0x65, 0x76, 0x76, 0x77, 0xE0, 0x13, 0x77, 0x2C, 0x7B, 0x76, 0x2E ; file 3E377B
db 0xC0, 0x14, 0x2E, 0xB3, 0x60, 0x77, 0x80, 0x15, 0xF5, 0x0D, 0x00, 0x16, 0x6F, 0x80, 0x16, 0x2E ; file 3E378B
db 0x76, 0x76, 0x0D, 0xFF, 0x60, 0x2F, 0x53, 0x76, 0x76, 0xB3, 0x53, 0x2E, 0x17, 0x76, 0xB3, 0xAE ; file 3E379B
db 0x81, 0x00, 0x6F, 0x00, 0x17, 0x80, 0x13, 0x80, 0x16, 0x25, 0x06, 0x80, 0x17, 0xB3, 0x20, 0x84 ; file 3E37AB
db 0x00, 0x28, 0xB3, 0xC2, 0x90, 0x40, 0x90, 0x67, 0x0A, 0x0A, 0x06, 0x40, 0xA6, 0x80, 0x38, 0x60 ; file 3E37BB
db 0x74, 0x01, 0x39, 0xF5, 0xDC, 0xA0, 0x8F, 0x60, 0x60, 0x87, 0xEF, 0x66, 0xD0, 0x32, 0xFF, 0x17 ; file 3E37CB
db 0x1B, 0x37, 0xCC, 0xEC, 0x1B, 0x37, 0x60, 0x73, 0x1B, 0x73, 0x20, 0xB4, 0x00, 0xA7, 0x1B, 0x59 ; file 3E37DB
db 0x98, 0x80, 0x00, 0xF9, 0x4E, 0xEA, 0x28, 0x21, 0xD4, 0x92, 0x94, 0xFF, 0xFF, 0xAA, 0xBD, 0x56 ; file 3E37EB
db 0x82, 0x00, 0x9A, 0xAA, 0xA7, 0x60, 0x80, 0x12, 0x06, 0xDE, 0xC0, 0x10, 0xB3, 0x2E, 0x76, 0x6F ; file 3E37FB
db 0x80, 0x00, 0x76, 0x2F, 0x69, 0x60, 0x01, 0x13, 0x01, 0x14, 0x77, 0x41, 0x02, 0x6F, 0x76, 0xC0 ; file 3E380B
db 0xA0, 0x4F, 0x53, 0x2F, 0x76, 0x77, 0xA0, 0x70, 0xE0, 0x95, 0x53, 0x40, 0x71, 0xF7, 0x0A, 0x60 ; file 3E381B
db 0x76, 0x20, 0x62, 0x76, 0x76, 0x2C, 0x2F, 0x55, 0x2C, 0x20, 0x2C, 0x53, 0x20, 0xBB, 0x60, 0x80 ; file 3E382B
db 0x3B, 0xDC, 0x81, 0x14, 0x4E, 0x60, 0x5A, 0x06, 0x2F, 0xB3, 0x00, 0x5B, 0xE0, 0x74, 0xD0, 0xA1 ; file 3E383B
db 0x15, 0x0C, 0x61, 0x16, 0xE1, 0x16, 0x60, 0x03, 0x60, 0x9C, 0xE1, 0x9C, 0x83, 0x00, 0x60, 0x9C ; file 3E384B
db 0xF9, 0x32, 0x00, 0x9B, 0xA0, 0x2B, 0x32, 0x59, 0x59, 0xA8, 0x32, 0xFF, 0x59, 0xA8, 0x74, 0x74 ; file 3E385B
db 0x17, 0xA8, 0x37, 0x60, 0xEF, 0xA8, 0x59, 0x37, 0xFF, 0x84, 0x00, 0x73, 0xA8, 0x59, 0xF3, 0x09 ; file 3E386B
db 0x36, 0x49, 0xE3, 0x60, 0xEB, 0xD5, 0xAA, 0x51, 0xFF, 0xFD, 0x92, 0x80, 0x00, 0xC0, 0xAA, 0xBC ; file 3E387B
db 0xFF, 0x3A, 0xAA, 0xBF, 0x35, 0x60, 0x2E, 0x76, 0x2E, 0x2F, 0xA0, 0x28, 0x77, 0xF6, 0xC0, 0x28 ; file 3E388B
db 0x6F, 0x0D, 0xC0, 0x29, 0x60, 0x06, 0x0D, 0x2E, 0xEF, 0x76, 0x06, 0x2F, 0x0D, 0xA0, 0x29, 0x2F ; file 3E389B
db 0x6F, 0x77, 0xFF, 0x06, 0x53, 0x77, 0x60, 0x6F, 0x2C, 0xB3, 0x06, 0xE6, 0x00, 0x15, 0xB3, 0x76 ; file 3E38AB
db 0xC0, 0x3F, 0xC0, 0x44, 0x2F, 0x60, 0x0A, 0x1B, 0xAE, 0xB3, 0x40, 0x7F, 0xDC, 0xAE, 0x01, 0x2A ; file 3E38BB
db 0xA1, 0x15, 0x40, 0x2B, 0xD4, 0x63, 0x2B, 0x80, 0xCF, 0xDC, 0xC0, 0xDD, 0xDC, 0xE0, 0xDE, 0x0A ; file 3E38CB
db 0xDC, 0xBC, 0x01, 0x01, 0xA1, 0xD1, 0x03, 0xD0, 0x60, 0x60, 0x60, 0xB3, 0xA8, 0x3D, 0x1B, 0xA1 ; file 3E38DB
db 0xB3, 0x74, 0xD0, 0x03, 0x60, 0xC1, 0x02, 0xE0, 0x41, 0xE3, 0x03, 0x74, 0xE1, 0x19, 0x61, 0x03 ; file 3E38EB
db 0x20, 0xB7, 0x1B, 0xB3, 0xC9, 0x73, 0xA8, 0x59, 0x60, 0x17, 0xC0, 0xF9, 0x59, 0x37, 0x1E, 0x80 ; file 3E38FB
db 0x00, 0xDF, 0x83, 0x59, 0x37, 0x37, 0x87, 0x6C, 0x17, 0xFF, 0xAA, 0x59, 0x35, 0xA0, 0x2E, 0x20 ; file 3E390B
db 0x42, 0x9A, 0x1A, 0x21, 0x43, 0x60, 0xC0, 0x11, 0xFF, 0x76, 0x71, 0x2C, 0x0D, 0x76, 0xD5, 0x2F ; file 3E391B
db 0x2C, 0x5F, 0x0D, 0x35, 0xB8, 0x2F, 0x2C, 0xA0, 0x6A, 0x53, 0x80, 0xC1, 0xE4, 0x00, 0xC2, 0x60 ; file 3E392B
db 0x16, 0x0D, 0x80, 0x5A, 0x60, 0xBA, 0x6F, 0x0D, 0x53, 0x76, 0xA0, 0x6A, 0x53, 0xAE, 0xC1, 0x2A ; file 3E393B
db 0x0A, 0x0A, 0x60, 0xA0, 0xAA, 0xF8, 0x80, 0x56, 0xC0, 0x7C, 0xC0, 0xAB, 0x53, 0x53, 0x06, 0x06 ; file 3E394B
db 0xE8, 0x1F, 0x8E, 0x06, 0x53, 0xE8, 0xEE, 0x80, 0xD2, 0x80, 0x42, 0x80, 0x7A, 0xBD, 0xDC, 0x82 ; file 3E395B
db 0x42, 0x03, 0x03, 0x74, 0x32, 0x60, 0x16, 0x32, 0x37, 0x59, 0x03, 0x1B, 0x40, 0x58, 0x1B, 0xA8 ; file 3E396B
db 0x60, 0xD3, 0xE0, 0x16, 0xBB, 0x1B, 0xA8, 0x60, 0xC0, 0x74, 0x32, 0x1B, 0x62, 0x19, 0x32, 0xFE ; file 3E397B
db 0x60, 0x44, 0x59, 0x37, 0x7A, 0x3C, 0x37, 0x59, 0x02, 0xFF, 0x0E, 0x59, 0xA8, 0xCA, 0x9F, 0x1B ; file 3E398B
db 0x68, 0x88, 0xB5, 0xD1, 0xCD, 0x15, 0xFF, 0x60, 0x57, 0xFF, 0x2A, 0x46, 0x8D, 0x1A, 0xFF, 0x8F ; file 3E399B
db 0x53, 0x2F, 0x1A, 0x92, 0xA6, 0x53, 0x12, 0xFF, 0xAA, 0x92, 0x71, 0xFF, 0x12, 0x85, 0x35, 0x60 ; file 3E39AB
db 0xE3, 0x2C, 0x0D, 0xC0, 0x98, 0x60, 0x17, 0x20, 0x14, 0x2F, 0x30, 0xAE, 0x85, 0x53, 0x22, 0x54 ; file 3E39BB
db 0xAE, 0xA2, 0x6A, 0xE1, 0x90, 0x60, 0xF1, 0xA0, 0x12, 0xAE, 0xD6, 0x40, 0xE6, 0x0A, 0x60, 0x20 ; file 3E39CB
db 0xE8, 0x53, 0x00, 0x2D, 0x53, 0x8F, 0xFF, 0xF0, 0xAE, 0xDC, 0xF0, 0x3F, 0x9E, 0x0A, 0x80, 0xFF ; file 3E39DB
db 0x7F, 0x03, 0x60, 0xC8, 0x7E, 0x03, 0x32, 0x60, 0xDF, 0x32, 0x32, 0x37, 0x1B, 0xC8, 0x01, 0x6A ; file 3E39EB
db 0x1B, 0xD0, 0xFF, 0x28, 0xA8, 0xD0, 0x28, 0x3B, 0x60, 0xCE, 0x9D, 0xFF, 0x4B, 0xFF, 0xBB, 0x5B ; file 3E39FB
db 0x9D, 0xFF, 0x9D, 0x3B, 0xCF, 0xFF, 0xFF, 0x5B, 0xD1, 0x8B, 0xF3, 0xC0, 0x7F, 0x0E, 0x92, 0xEA ; file 3E3A0B
db 0x41, 0x27, 0x65, 0xA0, 0xC4, 0x25, 0xC2, 0x9F, 0x35, 0x60, 0x0A, 0xFF, 0x53, 0x1A, 0x35, 0x21 ; file 3E3A1B
db 0xB8, 0xC9, 0x92, 0xC9, 0xDF, 0xBD, 0xC4, 0x35, 0x1A, 0x92, 0x40, 0x0D, 0x06, 0xB3, 0xFF, 0xAE ; file 3E3A2B
db 0xAE, 0x53, 0x53, 0x60, 0xDC, 0x0A, 0xAE, 0x63, 0x92, 0x3E, 0x40, 0x39, 0x00, 0x51, 0xC4, 0x66 ; file 3E3A3B
db 0xAE, 0xAE, 0xE1, 0x3B, 0xFF, 0xFF, 0x01, 0x0A, 0x53, 0xF0, 0xFC, 0x0A, 0x9E, 0xFF, 0xC0, 0xE8 ; file 3E3A4B
db 0xDC, 0x74, 0xE8, 0xBF, 0xD0, 0x57, 0xFE, 0x00, 0xF7, 0xC3, 0x9D, 0xC8, 0x0C, 0x0C, 0x3B, 0x3B ; file 3E3A5B
db 0xFF, 0x0C, 0x4B, 0x48, 0xCA, 0x6A, 0x48, 0xFF, 0x60, 0x38, 0x42, 0x0B, 0xE8, 0xD0, 0x2C, 0xA1 ; file 3E3A6B
db 0xD1, 0x0C, 0x92, 0x80, 0xD4, 0x60, 0x13, 0xFE, 0x24, 0xB0, 0x92, 0x92, 0x12, 0xBD, 0xA5, 0x35 ; file 3E3A7B
db 0x12, 0x6F, 0x92, 0xFF, 0x9F, 0x8F, 0xC0, 0x3B, 0xFF, 0xC4, 0xE1, 0x43, 0xFF, 0x9E, 0x35, 0x35 ; file 3E3A8B
db 0x9B, 0x21, 0x12, 0x35, 0x05, 0xBF, 0x12, 0xB5, 0x9A, 0x12, 0x65, 0x60, 0x60, 0xCC, 0x03, 0xFD ; file 3E3A9B
db 0x63, 0x80, 0xFB, 0x8F, 0x8F, 0x8F, 0x12, 0xD5, 0x12, 0xF3, 0x8F, 0xD5, 0x61, 0x75, 0x61, 0x32 ; file 3E3AAB
db 0xB7, 0x8F, 0x65, 0x0B, 0xDF, 0x62, 0x8F, 0xD5, 0xA5, 0xA5, 0x42, 0xFD, 0xB7, 0xCC, 0xFB, 0xD5 ; file 3E3ABB
db 0x0C, 0x80, 0x01, 0x0C, 0x0E, 0xBF, 0x0E, 0xD1, 0xFF, 0x60, 0x7C, 0xC3, 0xB5, 0x5F, 0x26, 0xA5 ; file 3E3ACB
db 0x5B, 0x97, 0x48, 0xB5, 0x97, 0xE4, 0xBC, 0xB6, 0x4C, 0xE3, 0x4B, 0xC2, 0x6D, 0xBF, 0xFF, 0x60 ; file 3E3ADB
db 0x0E, 0x1E, 0x25, 0xCD, 0x89, 0xE7, 0x60, 0xA7, 0x25, 0xD1, 0x0E, 0xA6, 0x14, 0xA1, 0xEA, 0x70 ; file 3E3AEB
db 0xCA, 0xD2, 0x71, 0x03, 0xFF, 0x61, 0x3F, 0x00, 0x0F, 0x02, 0x00, 0x00, 0xFF ; file 3E3AFB
