; Resource map and/or final container padding
; MacBinary file offsets 1BAE8D–1BEFFF (inclusive).
; Linear CODE decoding is provisional: embedded data can decode as instructions.
db 0x00, 0x00, 0x01, 0x00, 0x00, 0x1B, 0xAE, 0x0D, 0x00, 0x1B, 0xAD, 0x0D, 0x00, 0x00, 0x41, 0x72 ; file 1BAE8D
db 0x01, 0xAC, 0x69, 0x58, 0x18, 0x9C, 0x00, 0x00, 0x00, 0x1C, 0x20, 0xAA, 0x00, 0x22, 0x44, 0x41 ; file 1BAE9D
db 0x54, 0x41, 0x00, 0x00, 0x01, 0x1A, 0x5A, 0x45, 0x52, 0x4F, 0x00, 0x00, 0x01, 0x26, 0x44, 0x52 ; file 1BAEAD
db 0x45, 0x4C, 0x00, 0x00, 0x01, 0x32, 0x43, 0x4F, 0x44, 0x45, 0x00, 0x04, 0x01, 0x3E, 0x53, 0x49 ; file 1BAEBD
db 0x5A, 0x45, 0x00, 0x02, 0x01, 0x7A, 0x63, 0x73, 0x6E, 0x64, 0x00, 0xBA, 0x01, 0x9E, 0x73, 0x6E ; file 1BAECD
db 0x64, 0x20, 0x00, 0x60, 0x0A, 0x62, 0x41, 0x4C, 0x52, 0x54, 0x00, 0x0B, 0x0E, 0xEE, 0x44, 0x49 ; file 1BAEDD
db 0x54, 0x4C, 0x00, 0x0B, 0x0F, 0x7E, 0x4D, 0x69, 0x64, 0x69, 0x00, 0x01, 0x10, 0x0E, 0x63, 0x6D ; file 1BAEED
db 0x69, 0x64, 0x00, 0x41, 0x10, 0x26, 0x4D, 0x42, 0x41, 0x52, 0x00, 0x00, 0x13, 0x3E, 0x53, 0x4D ; file 1BAEFD
db 0x4F, 0x44, 0x00, 0x03, 0x13, 0x4A, 0x53, 0x4F, 0x4E, 0x47, 0x00, 0x44, 0x13, 0x7A, 0x49, 0x4E ; file 1BAF0D
db 0x53, 0x54, 0x00, 0x7F, 0x16, 0xB6, 0x4D, 0x44, 0x52, 0x56, 0x00, 0x00, 0x1C, 0xB6, 0x54, 0x37 ; file 1BAF1D
db 0x47, 0x4D, 0x00, 0x2F, 0x1C, 0xC2, 0x77, 0x63, 0x74, 0x62, 0x00, 0x00, 0x1F, 0x02, 0x42, 0x4E ; file 1BAF2D
db 0x44, 0x4C, 0x00, 0x00, 0x1F, 0x0E, 0x43, 0x44, 0x45, 0x46, 0x00, 0x00, 0x1F, 0x1A, 0x43, 0x55 ; file 1BAF3D
db 0x52, 0x53, 0x00, 0x07, 0x1F, 0x26, 0x46, 0x52, 0x45, 0x46, 0x00, 0x00, 0x1F, 0x86, 0x68, 0x6D ; file 1BAF4D
db 0x6E, 0x75, 0x00, 0x03, 0x1F, 0x92, 0x69, 0x63, 0x6C, 0x34, 0x00, 0x00, 0x1F, 0xC2, 0x69, 0x63 ; file 1BAF5D
db 0x6C, 0x38, 0x00, 0x00, 0x1F, 0xCE, 0x49, 0x43, 0x4E, 0x23, 0x00, 0x00, 0x1F, 0xDA, 0x69, 0x63 ; file 1BAF6D
db 0x73, 0x23, 0x00, 0x00, 0x1F, 0xE6, 0x69, 0x63, 0x73, 0x34, 0x00, 0x00, 0x1F, 0xF2, 0x69, 0x63 ; file 1BAF7D
db 0x73, 0x38, 0x00, 0x00, 0x1F, 0xFE, 0x4D, 0x45, 0x4E, 0x55, 0x00, 0x01, 0x20, 0x0A, 0x53, 0x49 ; file 1BAF8D
db 0x43, 0x4E, 0x00, 0x00, 0x20, 0x22, 0x53, 0x54, 0x52, 0x20, 0x00, 0x00, 0x20, 0x2E, 0x53, 0x54 ; file 1BAF9D
db 0x52, 0x23, 0x00, 0x04, 0x20, 0x3A, 0x76, 0x65, 0x72, 0x73, 0x00, 0x00, 0x20, 0x76, 0x57, 0x49 ; file 1BAFAD
db 0x4E, 0x44, 0x00, 0x00, 0x20, 0x82, 0x00, 0x00, 0xFF, 0xFF, 0x28, 0x00, 0x00, 0x00, 0x00, 0x00 ; file 1BAFBD
db 0x00, 0x00, 0x00, 0x00, 0xFF, 0xFF, 0x08, 0x00, 0x0C, 0xE6, 0x00, 0x00, 0x00, 0x00, 0x00, 0x00 ; file 1BAFCD
db 0xFF, 0xFF, 0x28, 0x00, 0x0D, 0xBA, 0x00, 0x00, 0x00, 0x00, 0x00, 0x02, 0xFF, 0xFF, 0x38, 0x00 ; file 1BAFDD
db 0x0E, 0xE4, 0x00, 0x00, 0x00, 0x00, 0x00, 0x05, 0xFF, 0xFF, 0x38, 0x00, 0x75, 0xE2, 0x00, 0x00 ; file 1BAFED
db 0x00, 0x00, 0x00, 0x04, 0xFF, 0xFF, 0x38, 0x00, 0xEB, 0x50, 0x00, 0x00, 0x00, 0x00, 0x00, 0x01 ; file 1BAFFD
db 0xFF, 0xFF, 0x1C, 0x01, 0x2A, 0xEA, 0x00, 0x00, 0x00, 0x00, 0x00, 0x00, 0xFF, 0xFF, 0x28, 0x01 ; file 1BB00D
db 0x2D, 0x30, 0x00, 0x00, 0x00, 0x00, 0xFF, 0xFF, 0xFF, 0xFF, 0x00, 0x01, 0x2F, 0xC4, 0x00, 0x08 ; file 1BB01D
db 0xC7, 0x2C, 0x00, 0x01, 0xFF, 0xFF, 0x00, 0x1B, 0xAC, 0xF1, 0x00, 0x08, 0xC7, 0x10, 0x00, 0x00 ; file 1BB02D
db 0xFF, 0xFF, 0x00, 0x1B, 0xAC, 0xFF, 0x00, 0x08, 0xC7, 0x20, 0x02, 0x8A, 0x00, 0x00, 0x00, 0x01 ; file 1BB03D
db 0x2F, 0xD2, 0x00, 0x00, 0x00, 0x00, 0x17, 0x94, 0x00, 0x13, 0x00, 0x01, 0x3B, 0x60, 0x00, 0x00 ; file 1BB04D
db 0x00, 0x00, 0x17, 0x82, 0x00, 0x24, 0x00, 0x01, 0x3E, 0xDB, 0x00, 0x00, 0x00, 0x00, 0x17, 0x84 ; file 1BB05D
db 0x00, 0x34, 0x00, 0x01, 0x48, 0x37, 0x00, 0x00, 0x00, 0x00, 0x17, 0x85, 0x00, 0x4C, 0x00, 0x01 ; file 1BB06D
db 0x5D, 0x51, 0x00, 0x00, 0x00, 0x00, 0x17, 0x86, 0x00, 0x63, 0x00, 0x01, 0x73, 0xA8, 0x00, 0x00 ; file 1BB07D
db 0x00, 0x00, 0x17, 0x87, 0x00, 0x7B, 0x00, 0x01, 0x83, 0x7F, 0x00, 0x00, 0x00, 0x00, 0x17, 0x88 ; file 1BB08D
db 0x00, 0x92, 0x00, 0x01, 0x92, 0x24, 0x00, 0x00, 0x00, 0x00, 0x17, 0x89, 0x00, 0xA7, 0x00, 0x01 ; file 1BB09D
db 0x9D, 0x63, 0x00, 0x00, 0x00, 0x00, 0x17, 0x8B, 0x00, 0xBD, 0x00, 0x01, 0xA7, 0xED, 0x00, 0x00 ; file 1BB0AD
db 0x00, 0x00, 0x17, 0x8C, 0x00, 0xCD, 0x00, 0x01, 0xAA, 0xEB, 0x00, 0x00, 0x00, 0x00, 0x17, 0x90 ; file 1BB0BD
db 0x00, 0xDB, 0x00, 0x01, 0xB4, 0x21, 0x00, 0x00, 0x00, 0x00, 0x17, 0x91, 0x00, 0xF2, 0x00, 0x01 ; file 1BB0CD
db 0xB5, 0x2B, 0x00, 0x00, 0x00, 0x00, 0x17, 0x92, 0x01, 0x0B, 0x00, 0x01, 0xB7, 0xB1, 0x00, 0x00 ; file 1BB0DD
db 0x00, 0x00, 0x17, 0x93, 0x01, 0x24, 0x00, 0x01, 0xBF, 0xF4, 0x00, 0x00, 0x00, 0x00, 0x17, 0x98 ; file 1BB0ED
db 0x01, 0x37, 0x00, 0x01, 0xC4, 0x2F, 0x00, 0x00, 0x00, 0x00, 0x17, 0x99, 0x01, 0x49, 0x00, 0x01 ; file 1BB0FD
db 0xCC, 0x5D, 0x00, 0x00, 0x00, 0x00, 0x17, 0x9B, 0x01, 0x5E, 0x00, 0x01, 0xD8, 0x6E, 0x00, 0x00 ; file 1BB10D
db 0x00, 0x00, 0x17, 0x9C, 0x01, 0x72, 0x00, 0x01, 0xE1, 0x6D, 0x00, 0x00, 0x00, 0x00, 0x17, 0x9D ; file 1BB11D
db 0x01, 0x85, 0x00, 0x01, 0xE6, 0xD0, 0x00, 0x00, 0x00, 0x00, 0x17, 0x9E, 0x01, 0x96, 0x00, 0x01 ; file 1BB12D
db 0xF1, 0x2F, 0x00, 0x00, 0x00, 0x00, 0x17, 0x9F, 0x01, 0xA8, 0x00, 0x02, 0x16, 0xA2, 0x00, 0x00 ; file 1BB13D
db 0x00, 0x00, 0x17, 0xA0, 0x01, 0xBD, 0x00, 0x02, 0x20, 0xCA, 0x00, 0x00, 0x00, 0x00, 0x17, 0xA1 ; file 1BB14D
db 0x01, 0xD1, 0x00, 0x02, 0x2A, 0x5A, 0x00, 0x00, 0x00, 0x00, 0x17, 0xA2, 0x01, 0xE3, 0x00, 0x02 ; file 1BB15D
db 0x56, 0x61, 0x00, 0x00, 0x00, 0x00, 0x17, 0xA3, 0x01, 0xF5, 0x00, 0x02, 0x5E, 0x88, 0x00, 0x00 ; file 1BB16D
db 0x00, 0x00, 0x17, 0xA4, 0x02, 0x08, 0x00, 0x02, 0x80, 0xEE, 0x00, 0x00, 0x00, 0x00, 0x17, 0xA5 ; file 1BB17D
db 0x02, 0x1B, 0x00, 0x02, 0xA6, 0xFF, 0x00, 0x00, 0x00, 0x00, 0x17, 0xA7, 0x02, 0x2E, 0x00, 0x02 ; file 1BB18D
db 0xC4, 0x02, 0x00, 0x00, 0x00, 0x00, 0x17, 0xA8, 0x02, 0x42, 0x00, 0x02, 0xD8, 0x27, 0x00, 0x00 ; file 1BB19D
db 0x00, 0x00, 0x17, 0xA9, 0x02, 0x54, 0x00, 0x02, 0xDE, 0xB6, 0x00, 0x00, 0x00, 0x00, 0x17, 0xAA ; file 1BB1AD
db 0x02, 0x65, 0x00, 0x03, 0x06, 0x33, 0x00, 0x00, 0x00, 0x00, 0x17, 0xAB, 0x02, 0x79, 0x00, 0x03 ; file 1BB1BD
db 0x1A, 0x1A, 0x00, 0x00, 0x00, 0x00, 0x17, 0xAC, 0x02, 0x8B, 0x00, 0x03, 0x35, 0x52, 0x00, 0x00 ; file 1BB1CD
db 0x00, 0x00, 0x17, 0xAD, 0x02, 0x9D, 0x00, 0x03, 0x3A, 0xF1, 0x00, 0x00, 0x00, 0x00, 0x17, 0xAE ; file 1BB1DD
db 0x02, 0xB0, 0x00, 0x03, 0x40, 0xD2, 0x00, 0x00, 0x00, 0x00, 0x17, 0xAF, 0x02, 0xC7, 0x00, 0x03 ; file 1BB1ED
db 0x42, 0xFB, 0x00, 0x00, 0x00, 0x00, 0x17, 0xB0, 0x02, 0xDF, 0x00, 0x03, 0x49, 0x6A, 0x00, 0x00 ; file 1BB1FD
db 0x00, 0x00, 0x17, 0xB1, 0x02, 0xF1, 0x00, 0x03, 0x50, 0x59, 0x00, 0x00, 0x00, 0x00, 0x17, 0xB2 ; file 1BB20D
db 0x03, 0x07, 0x00, 0x03, 0x58, 0xAC, 0x00, 0x00, 0x00, 0x00, 0x17, 0xBA, 0x03, 0x1D, 0x00, 0x03 ; file 1BB21D
db 0x63, 0x6E, 0x00, 0x00, 0x00, 0x00, 0x17, 0xBB, 0x03, 0x31, 0x00, 0x03, 0x6E, 0x3C, 0x00, 0x00 ; file 1BB22D
db 0x00, 0x00, 0x17, 0xBF, 0x03, 0x42, 0x00, 0x03, 0x73, 0x9D, 0x00, 0x00, 0x00, 0x00, 0x17, 0xC1 ; file 1BB23D
db 0x03, 0x56, 0x00, 0x03, 0x7A, 0xEB, 0x00, 0x00, 0x00, 0x00, 0x17, 0xC6, 0x03, 0x6D, 0x00, 0x03 ; file 1BB24D
db 0x8C, 0x32, 0x00, 0x00, 0x00, 0x00, 0x17, 0xC7, 0x03, 0x80, 0x00, 0x03, 0x92, 0x51, 0x00, 0x00 ; file 1BB25D
db 0x00, 0x00, 0x17, 0xC8, 0x03, 0x95, 0x00, 0x03, 0x9C, 0x34, 0x00, 0x00, 0x00, 0x00, 0x17, 0xCA ; file 1BB26D
db 0x03, 0xA6, 0x00, 0x03, 0xA2, 0x27, 0x00, 0x00, 0x00, 0x00, 0x17, 0xCB, 0x03, 0xBE, 0x00, 0x03 ; file 1BB27D
db 0xA9, 0x8A, 0x00, 0x00, 0x00, 0x00, 0x17, 0xCC, 0x03, 0xD5, 0x00, 0x03, 0xAF, 0xA5, 0x00, 0x00 ; file 1BB28D
db 0x00, 0x00, 0x17, 0xCD, 0x03, 0xEC, 0x00, 0x03, 0xB5, 0x2B, 0x00, 0x00, 0x00, 0x00, 0x17, 0xCE ; file 1BB29D
db 0x04, 0x03, 0x00, 0x03, 0xBA, 0x1D, 0x00, 0x00, 0x00, 0x00, 0x17, 0xCF, 0x04, 0x1A, 0x00, 0x03 ; file 1BB2AD
db 0xBD, 0xF7, 0x00, 0x00, 0x00, 0x00, 0x17, 0xD2, 0x04, 0x30, 0x00, 0x03, 0xC1, 0xAD, 0x00, 0x00 ; file 1BB2BD
db 0x00, 0x00, 0x00, 0x0A, 0x04, 0x44, 0x00, 0x03, 0xC9, 0xCE, 0x00, 0x00, 0x00, 0x00, 0x00, 0x0B ; file 1BB2CD
db 0x04, 0x5A, 0x00, 0x03, 0xF0, 0x0E, 0x00, 0x00, 0x00, 0x00, 0x00, 0x0C, 0x04, 0x70, 0x00, 0x04 ; file 1BB2DD
db 0x0A, 0x04, 0x00, 0x00, 0x00, 0x00, 0x00, 0x0D, 0x04, 0x86, 0x00, 0x04, 0x23, 0x1E, 0x00, 0x00 ; file 1BB2ED
db 0x00, 0x00, 0x00, 0x28, 0x04, 0x9C, 0x00, 0x04, 0x3A, 0xCC, 0x00, 0x00, 0x00, 0x00, 0x00, 0x29 ; file 1BB2FD
db 0x04, 0xAC, 0x00, 0x04, 0x49, 0x18, 0x00, 0x00, 0x00, 0x00, 0x00, 0x2A, 0x04, 0xBC, 0x00, 0x04 ; file 1BB30D
db 0x59, 0x91, 0x00, 0x00, 0x00, 0x00, 0x00, 0x50, 0x04, 0xCC, 0x00, 0x04, 0x6A, 0xB7, 0x00, 0x00 ; file 1BB31D
db 0x00, 0x00, 0x00, 0x53, 0x04, 0xDD, 0x00, 0x04, 0x78, 0x89, 0x00, 0x00, 0x00, 0x00, 0x00, 0x5A ; file 1BB32D
db 0x04, 0xEE, 0x00, 0x04, 0x7E, 0xC1, 0x00, 0x00, 0x00, 0x00, 0x00, 0x6E, 0x05, 0x04, 0x00, 0x04 ; file 1BB33D
db 0x92, 0x26, 0x00, 0x00, 0x00, 0x00, 0x00, 0x6F, 0x05, 0x18, 0x00, 0x04, 0x9F, 0x8E, 0x00, 0x00 ; file 1BB34D
db 0x00, 0x00, 0x00, 0x70, 0x05, 0x2C, 0x00, 0x04, 0xB2, 0xB5, 0x00, 0x00, 0x00, 0x00, 0x00, 0x71 ; file 1BB35D
db 0x05, 0x40, 0x00, 0x04, 0xCA, 0x44, 0x00, 0x00, 0x00, 0x00, 0x00, 0x78, 0x05, 0x54, 0x00, 0x04 ; file 1BB36D
db 0xE8, 0x10, 0x00, 0x00, 0x00, 0x00, 0x00, 0x79, 0x05, 0x65, 0x00, 0x04, 0xF5, 0x5F, 0x00, 0x00 ; file 1BB37D
db 0x00, 0x00, 0x00, 0x7A, 0x05, 0x76, 0x00, 0x05, 0x03, 0x03, 0x00, 0x00, 0x00, 0x00, 0x00, 0x7B ; file 1BB38D
db 0x05, 0x87, 0x00, 0x05, 0x0E, 0x2A, 0x00, 0x00, 0x00, 0x00, 0x00, 0x82, 0x05, 0x98, 0x00, 0x05 ; file 1BB39D
db 0x19, 0xB2, 0x00, 0x00, 0x00, 0x00, 0x00, 0x83, 0x05, 0xAB, 0x00, 0x05, 0x20, 0x73, 0x00, 0x00 ; file 1BB3AD
db 0x00, 0x00, 0x00, 0x84, 0x05, 0xBE, 0x00, 0x05, 0x26, 0x70, 0x00, 0x00, 0x00, 0x00, 0x00, 0x85 ; file 1BB3BD
db 0x05, 0xD1, 0x00, 0x05, 0x2C, 0x47, 0x00, 0x00, 0x00, 0x00, 0x00, 0x8C, 0x05, 0xE4, 0x00, 0x05 ; file 1BB3CD
db 0x31, 0xF3, 0x00, 0x00, 0x00, 0x00, 0x00, 0xA0, 0x05, 0xFB, 0x00, 0x05, 0x48, 0x15, 0x00, 0x00 ; file 1BB3DD
db 0x00, 0x00, 0x00, 0xA1, 0x06, 0x12, 0x00, 0x05, 0x53, 0x7D, 0x00, 0x00, 0x00, 0x00, 0x00, 0xB4 ; file 1BB3ED
db 0x06, 0x29, 0x00, 0x05, 0x6D, 0x15, 0x00, 0x00, 0x00, 0x00, 0x00, 0xB5, 0x06, 0x3D, 0x00, 0x05 ; file 1BB3FD
db 0x77, 0x7E, 0x00, 0x00, 0x00, 0x00, 0x00, 0xB6, 0x06, 0x51, 0x00, 0x05, 0x88, 0x14, 0x00, 0x00 ; file 1BB40D
db 0x00, 0x00, 0x00, 0xB7, 0x06, 0x65, 0x00, 0x05, 0xA5, 0x64, 0x00, 0x00, 0x00, 0x00, 0x00, 0xE6 ; file 1BB41D
db 0x06, 0x79, 0x00, 0x05, 0xBC, 0x97, 0x00, 0x00, 0x00, 0x00, 0x00, 0xF0, 0x06, 0x92, 0x00, 0x06 ; file 1BB42D
db 0x26, 0xBA, 0x00, 0x00, 0x00, 0x00, 0x00, 0xF1, 0x06, 0xA8, 0x00, 0x06, 0x34, 0xB5, 0x00, 0x00 ; file 1BB43D
db 0x00, 0x00, 0x00, 0xF2, 0x06, 0xBE, 0x00, 0x06, 0x46, 0x0F, 0x00, 0x00, 0x00, 0x00, 0x01, 0x04 ; file 1BB44D
db 0x06, 0xD4, 0x00, 0x06, 0x51, 0x8D, 0x00, 0x00, 0x00, 0x00, 0x01, 0x05, 0x06, 0xE9, 0x00, 0x06 ; file 1BB45D
db 0x5D, 0x92, 0x00, 0x00, 0x00, 0x00, 0x01, 0x06, 0x06, 0xFC, 0x00, 0x06, 0x6B, 0xEC, 0x00, 0x00 ; file 1BB46D
db 0x00, 0x00, 0x01, 0x08, 0x07, 0x11, 0x00, 0x06, 0x7A, 0x91, 0x00, 0x00, 0x00, 0x00, 0x01, 0x0E ; file 1BB47D
db 0x07, 0x28, 0x00, 0x06, 0x84, 0xE9, 0x00, 0x00, 0x00, 0x00, 0x01, 0x0F, 0x07, 0x40, 0x00, 0x06 ; file 1BB48D
db 0x92, 0xDD, 0x00, 0x00, 0x00, 0x00, 0x01, 0x22, 0x07, 0x58, 0x00, 0x06, 0x9E, 0x26, 0x00, 0x00 ; file 1BB49D
db 0x00, 0x00, 0x01, 0x23, 0x07, 0x6D, 0x00, 0x06, 0xC2, 0x9A, 0x00, 0x00, 0x00, 0x00, 0x01, 0x25 ; file 1BB4AD
db 0x07, 0x82, 0x00, 0x06, 0xE2, 0xFE, 0x00, 0x00, 0x00, 0x00, 0x01, 0x2C, 0x07, 0x97, 0x00, 0x06 ; file 1BB4BD
db 0xEA, 0xEA, 0x00, 0x00, 0x00, 0x00, 0x01, 0x2E, 0x07, 0xAA, 0x00, 0x06, 0xF5, 0xF0, 0x00, 0x00 ; file 1BB4CD
db 0x00, 0x00, 0x01, 0x40, 0x07, 0xBD, 0x00, 0x07, 0x0B, 0xE4, 0x00, 0x00, 0x00, 0x00, 0x01, 0x41 ; file 1BB4DD
db 0x07, 0xD0, 0x00, 0x07, 0x13, 0xB1, 0x00, 0x00, 0x00, 0x00, 0x01, 0x4A, 0x07, 0xE3, 0x00, 0x07 ; file 1BB4ED
db 0x1A, 0x37, 0x00, 0x00, 0x00, 0x00, 0x01, 0x4B, 0x07, 0xFF, 0x00, 0x07, 0x20, 0xA0, 0x00, 0x00 ; file 1BB4FD
db 0x00, 0x00, 0x01, 0x54, 0x08, 0x1B, 0x00, 0x07, 0x2A, 0x0A, 0x00, 0x00, 0x00, 0x00, 0x01, 0x55 ; file 1BB50D
db 0x08, 0x33, 0x00, 0x07, 0x34, 0xCC, 0x00, 0x00, 0x00, 0x00, 0x01, 0x5E, 0x08, 0x4B, 0x00, 0x07 ; file 1BB51D
db 0x3E, 0xFC, 0x00, 0x00, 0x00, 0x00, 0x01, 0x5F, 0x08, 0x62, 0x00, 0x07, 0x45, 0x64, 0x00, 0x00 ; file 1BB52D
db 0x00, 0x00, 0x01, 0x68, 0x08, 0x79, 0x00, 0x07, 0x4E, 0x2F, 0x00, 0x00, 0x00, 0x00, 0x01, 0x69 ; file 1BB53D
db 0x08, 0x8E, 0x00, 0x07, 0x59, 0xD7, 0x00, 0x00, 0x00, 0x00, 0x01, 0x72, 0x08, 0xA3, 0x00, 0x07 ; file 1BB54D
db 0x67, 0x6A, 0x00, 0x00, 0x00, 0x00, 0x01, 0x73, 0x08, 0xB8, 0x00, 0x07, 0x6F, 0x1B, 0x00, 0x00 ; file 1BB55D
db 0x00, 0x00, 0x01, 0x7C, 0x08, 0xCD, 0x00, 0x07, 0x76, 0x30, 0x00, 0x00, 0x00, 0x00, 0x01, 0x7D ; file 1BB56D
db 0x08, 0xE3, 0x00, 0x07, 0x82, 0x1C, 0x00, 0x00, 0x00, 0x00, 0x01, 0x86, 0x08, 0xF9, 0x00, 0x07 ; file 1BB57D
db 0x8E, 0xA1, 0x00, 0x00, 0x00, 0x00, 0x01, 0x87, 0x09, 0x0C, 0x00, 0x07, 0x92, 0xC6, 0x00, 0x00 ; file 1BB58D
db 0x00, 0x00, 0x01, 0x90, 0x09, 0x1F, 0x00, 0x07, 0x98, 0x8B, 0x00, 0x00, 0x00, 0x00, 0x01, 0xA4 ; file 1BB59D
db 0x09, 0x2F, 0x00, 0x07, 0xA5, 0x8C, 0x00, 0x00, 0x00, 0x00, 0x01, 0xA5, 0x09, 0x3E, 0x00, 0x07 ; file 1BB5AD
db 0xAF, 0x87, 0x00, 0x00, 0x00, 0x00, 0x01, 0xA6, 0x09, 0x4D, 0x00, 0x07, 0xB9, 0xAB, 0x00, 0x00 ; file 1BB5BD
db 0x00, 0x00, 0x01, 0xC2, 0x09, 0x5C, 0x00, 0x07, 0xC6, 0x44, 0x00, 0x00, 0x00, 0x00, 0x01, 0xC3 ; file 1BB5CD
db 0x09, 0x6A, 0x00, 0x07, 0xCE, 0xA1, 0x00, 0x00, 0x00, 0x00, 0x01, 0xC4, 0x09, 0x78, 0x00, 0x07 ; file 1BB5DD
db 0xD9, 0x2F, 0x00, 0x00, 0x00, 0x00, 0x01, 0xC5, 0x09, 0x86, 0x00, 0x07, 0xE4, 0xB6, 0x00, 0x00 ; file 1BB5ED
db 0x00, 0x00, 0x01, 0xCC, 0x09, 0x94, 0x00, 0x07, 0xEF, 0x61, 0x00, 0x00, 0x00, 0x00, 0x02, 0x08 ; file 1BB5FD
db 0x09, 0xA2, 0x00, 0x07, 0xF8, 0x2D, 0x00, 0x00, 0x00, 0x00, 0x02, 0x09, 0x09, 0xB6, 0x00, 0x08 ; file 1BB60D
db 0x27, 0xDB, 0x00, 0x00, 0x00, 0x00, 0x02, 0x30, 0x09, 0xCA, 0x00, 0x08, 0x59, 0xEF, 0x00, 0x00 ; file 1BB61D
db 0x00, 0x00, 0x02, 0x31, 0x09, 0xDB, 0x00, 0x08, 0x62, 0x5B, 0x00, 0x00, 0x00, 0x00, 0x02, 0x32 ; file 1BB62D
db 0x09, 0xEC, 0x00, 0x08, 0x6C, 0xA5, 0x00, 0x00, 0x00, 0x00, 0x02, 0x44, 0x09, 0xFD, 0x00, 0x08 ; file 1BB63D
db 0x73, 0x92, 0x00, 0x00, 0x00, 0x00, 0x02, 0x45, 0x0A, 0x0B, 0x00, 0x08, 0x78, 0x78, 0x00, 0x00 ; file 1BB64D
db 0x00, 0x00, 0x02, 0x58, 0x0A, 0x19, 0x00, 0x08, 0x80, 0x17, 0x00, 0x00, 0x00, 0x00, 0x02, 0x59 ; file 1BB65D
db 0x0A, 0x27, 0x00, 0x08, 0x89, 0xD5, 0x00, 0x00, 0x00, 0x00, 0x02, 0x5A, 0x0A, 0x35, 0x00, 0x08 ; file 1BB66D
db 0x92, 0x3C, 0x00, 0x00, 0x00, 0x00, 0x02, 0x80, 0x0A, 0x43, 0x00, 0x08, 0x99, 0xD1, 0x00, 0x00 ; file 1BB67D
db 0x00, 0x00, 0x02, 0x94, 0x0A, 0x59, 0x00, 0x08, 0x9F, 0x6B, 0x00, 0x00, 0x00, 0x00, 0x02, 0x9F ; file 1BB68D
db 0x0A, 0x6C, 0x00, 0x08, 0xA7, 0xBB, 0x00, 0x00, 0x00, 0x00, 0x02, 0xBC, 0x0A, 0x7F, 0x00, 0x08 ; file 1BB69D
db 0xB0, 0x5B, 0x00, 0x00, 0x00, 0x00, 0x02, 0xC6, 0x0A, 0x90, 0x00, 0x08, 0xBA, 0x30, 0x00, 0x00 ; file 1BB6AD
db 0x00, 0x00, 0x02, 0xC7, 0x0A, 0xA2, 0x00, 0x08, 0xC8, 0x29, 0x00, 0x00, 0x00, 0x00, 0x02, 0xD0 ; file 1BB6BD
db 0x0A, 0xB4, 0x00, 0x08, 0xD3, 0x9C, 0x00, 0x00, 0x00, 0x00, 0x02, 0xE4, 0x0A, 0xC5, 0x00, 0x08 ; file 1BB6CD
db 0xDC, 0x2F, 0x00, 0x00, 0x00, 0x00, 0x02, 0xE5, 0x0A, 0xD7, 0x00, 0x08, 0xE1, 0x86, 0x00, 0x00 ; file 1BB6DD
db 0x00, 0x00, 0x02, 0xEE, 0x0A, 0xE9, 0x00, 0x08, 0xE7, 0x75, 0x00, 0x00, 0x00, 0x00, 0x02, 0xEF ; file 1BB6ED
db 0x0A, 0xFC, 0x00, 0x08, 0xFA, 0x26, 0x00, 0x00, 0x00, 0x00, 0x03, 0x0C, 0x0B, 0x0F, 0x00, 0x09 ; file 1BB6FD
db 0x07, 0x38, 0x00, 0x00, 0x00, 0x00, 0x03, 0x0D, 0x0B, 0x20, 0x00, 0x09, 0x0E, 0xC7, 0x00, 0x00 ; file 1BB70D
db 0x00, 0x00, 0x03, 0x0E, 0x0B, 0x31, 0x00, 0x09, 0x19, 0x6D, 0x00, 0x00, 0x00, 0x00, 0x03, 0x16 ; file 1BB71D
db 0x0B, 0x42, 0x00, 0x09, 0x24, 0xAB, 0x00, 0x00, 0x00, 0x00, 0x03, 0x20, 0x0B, 0x53, 0x00, 0x09 ; file 1BB72D
db 0x35, 0x68, 0x00, 0x00, 0x00, 0x00, 0x03, 0x21, 0x0B, 0x63, 0x00, 0x09, 0x4B, 0x00, 0x00, 0x00 ; file 1BB73D
db 0x00, 0x00, 0x03, 0x22, 0x0B, 0x73, 0x00, 0x09, 0x61, 0xFE, 0x00, 0x00, 0x00, 0x00, 0x03, 0x2A ; file 1BB74D
db 0x0B, 0x83, 0x00, 0x09, 0x7B, 0x0A, 0x00, 0x00, 0x00, 0x00, 0x03, 0x2B, 0x0B, 0x93, 0x00, 0x09 ; file 1BB75D
db 0x8E, 0x79, 0x00, 0x00, 0x00, 0x00, 0x03, 0x2C, 0x0B, 0xA3, 0x00, 0x09, 0xA0, 0x29, 0x00, 0x00 ; file 1BB76D
db 0x00, 0x00, 0x03, 0x2D, 0x0B, 0xB3, 0x00, 0x09, 0xAC, 0xCE, 0x00, 0x00, 0x00, 0x00, 0x03, 0x34 ; file 1BB77D
db 0x0B, 0xC3, 0x00, 0x09, 0xB8, 0x36, 0x00, 0x00, 0x00, 0x00, 0x03, 0x35, 0x0B, 0xD3, 0x00, 0x09 ; file 1BB78D
db 0xCF, 0xC8, 0x00, 0x00, 0x00, 0x00, 0x03, 0x36, 0x0B, 0xE3, 0x00, 0x09, 0xE1, 0x69, 0x00, 0x00 ; file 1BB79D
db 0x00, 0x00, 0x03, 0x3E, 0x0B, 0xF3, 0x00, 0x09, 0xED, 0xEB, 0x00, 0x00, 0x00, 0x00, 0x03, 0x3F ; file 1BB7AD
db 0x0C, 0x03, 0x00, 0x0A, 0x1F, 0xD4, 0x00, 0x00, 0x00, 0x00, 0x03, 0x40, 0x0C, 0x13, 0x00, 0x0A ; file 1BB7BD
db 0x3E, 0x87, 0x00, 0x00, 0x00, 0x00, 0x03, 0x48, 0x0C, 0x23, 0x00, 0x0A, 0x55, 0xD0, 0x00, 0x00 ; file 1BB7CD
db 0x00, 0x00, 0x03, 0x49, 0x0C, 0x33, 0x00, 0x0A, 0x76, 0x41, 0x00, 0x00, 0x00, 0x00, 0x03, 0x4B ; file 1BB7DD
db 0x0C, 0x43, 0x00, 0x0A, 0x8C, 0xFA, 0x00, 0x00, 0x00, 0x00, 0x03, 0x52, 0x0C, 0x53, 0x00, 0x0A ; file 1BB7ED
db 0xA6, 0x96, 0x00, 0x00, 0x00, 0x00, 0x03, 0x53, 0x0C, 0x63, 0x00, 0x0A, 0xC6, 0x49, 0x00, 0x00 ; file 1BB7FD
db 0x00, 0x00, 0x03, 0x70, 0x0C, 0x73, 0x00, 0x0A, 0xFA, 0x1C, 0x00, 0x00, 0x00, 0x00, 0x04, 0x1A ; file 1BB80D
db 0x0C, 0x82, 0x00, 0x0B, 0x25, 0x56, 0x00, 0x00, 0x00, 0x00, 0x04, 0x1B, 0x0C, 0x91, 0x00, 0x0B ; file 1BB81D
db 0x2F, 0x3F, 0x00, 0x00, 0x00, 0x00, 0x04, 0x1C, 0x0C, 0xA0, 0x00, 0x0B, 0x38, 0x79, 0x00, 0x00 ; file 1BB82D
db 0x00, 0x00, 0x04, 0x38, 0x0C, 0xAF, 0x00, 0x0B, 0x44, 0x6E, 0x00, 0x00, 0x00, 0x00, 0x04, 0x39 ; file 1BB83D
db 0x0C, 0xC0, 0x00, 0x0B, 0x4D, 0x0B, 0x00, 0x00, 0x00, 0x00, 0x04, 0x3A, 0x0C, 0xD1, 0x00, 0x0B ; file 1BB84D
db 0x57, 0x85, 0x00, 0x00, 0x00, 0x00, 0x04, 0x60, 0x0C, 0xE2, 0x00, 0x0B, 0x62, 0x70, 0x00, 0x00 ; file 1BB85D
db 0x00, 0x00, 0x04, 0x61, 0x0C, 0xF7, 0x00, 0x0B, 0x71, 0xDE, 0x00, 0x00, 0x00, 0x00, 0x04, 0x62 ; file 1BB86D
db 0x0D, 0x0C, 0x00, 0x0B, 0x89, 0xAD, 0x00, 0x00, 0x00, 0x00, 0x04, 0x74, 0x0D, 0x21, 0x00, 0x0B ; file 1BB87D
db 0xA5, 0xF1, 0x00, 0x00, 0x00, 0x00, 0x04, 0x75, 0x0D, 0x34, 0x00, 0x0B, 0xB1, 0xC5, 0x00, 0x00 ; file 1BB88D
db 0x00, 0x00, 0x04, 0x76, 0x0D, 0x47, 0x00, 0x0B, 0xBE, 0x42, 0x00, 0x00, 0x00, 0x00, 0x04, 0x88 ; file 1BB89D
db 0x0D, 0x5A, 0x00, 0x0B, 0xCB, 0x6C, 0x00, 0x00, 0x00, 0x00, 0x00, 0x00, 0x0D, 0x6E, 0x00, 0x0B ; file 1BB8AD
db 0xD1, 0x53, 0x00, 0x00, 0x00, 0x00, 0x00, 0x01, 0x0D, 0x7D, 0x00, 0x0B, 0xF5, 0x5C, 0x00, 0x00 ; file 1BB8BD
db 0x00, 0x00, 0x00, 0x02, 0x0D, 0x8C, 0x00, 0x0C, 0x1C, 0x04, 0x00, 0x00, 0x00, 0x00, 0x00, 0x03 ; file 1BB8CD
db 0x0D, 0x9B, 0x00, 0x0C, 0x39, 0xDA, 0x00, 0x00, 0x00, 0x00, 0x12, 0x5C, 0x0D, 0xAA, 0x00, 0x0C ; file 1BB8DD
db 0x4A, 0xE9, 0x00, 0x00, 0x00, 0x00, 0x12, 0x5D, 0x0D, 0xBE, 0x00, 0x0C, 0x5A, 0x4E, 0x00, 0x00 ; file 1BB8ED
db 0x00, 0x00, 0x12, 0x5E, 0x0D, 0xD2, 0x00, 0x0C, 0x69, 0x32, 0x00, 0x00, 0x00, 0x00, 0x17, 0x83 ; file 1BB8FD
db 0x0D, 0xE9, 0x00, 0x0C, 0x76, 0x7F, 0x00, 0x00, 0x00, 0x00, 0x17, 0x8D, 0x0D, 0xFC, 0x00, 0x0C ; file 1BB90D
db 0x88, 0x8C, 0x00, 0x00, 0x00, 0x00, 0x17, 0x8E, 0x0E, 0x12, 0x00, 0x0C, 0x8F, 0x50, 0x00, 0x00 ; file 1BB91D
db 0x00, 0x00, 0x17, 0x8F, 0x0E, 0x29, 0x00, 0x0C, 0x96, 0xB3, 0x00, 0x00, 0x00, 0x00, 0x17, 0x95 ; file 1BB92D
db 0x0E, 0x39, 0x00, 0x0C, 0x99, 0x30, 0x00, 0x00, 0x00, 0x00, 0x17, 0x96, 0x0E, 0x4D, 0x00, 0x0C ; file 1BB93D
db 0x9D, 0x47, 0x00, 0x00, 0x00, 0x00, 0x17, 0x97, 0x0E, 0x5F, 0x00, 0x0C, 0xA5, 0x8B, 0x00, 0x00 ; file 1BB94D
db 0x00, 0x00, 0x17, 0x9A, 0x0E, 0x72, 0x00, 0x0C, 0xAC, 0xB9, 0x00, 0x00, 0x00, 0x00, 0x17, 0xA6 ; file 1BB95D
db 0x0E, 0x84, 0x00, 0x0C, 0xB0, 0xA8, 0x00, 0x00, 0x00, 0x00, 0x17, 0xB3, 0x0E, 0x99, 0x00, 0x0C ; file 1BB96D
db 0xB7, 0x2F, 0x00, 0x00, 0x00, 0x00, 0x17, 0xB4, 0x0E, 0xAD, 0x00, 0x0C, 0xBB, 0x69, 0x00, 0x00 ; file 1BB97D
db 0x00, 0x00, 0x17, 0xB5, 0x0E, 0xC1, 0x00, 0x0C, 0xC1, 0x01, 0x00, 0x00, 0x00, 0x00, 0x17, 0xB6 ; file 1BB98D
db 0x0E, 0xD1, 0x00, 0x0C, 0xC3, 0xC9, 0x00, 0x00, 0x00, 0x00, 0x17, 0xB7, 0x0E, 0xE3, 0x00, 0x0C ; file 1BB99D
db 0xC4, 0x9E, 0x00, 0x00, 0x00, 0x00, 0x17, 0xB8, 0x0E, 0xFA, 0x00, 0x0C, 0xCA, 0x7C, 0x00, 0x00 ; file 1BB9AD
db 0x00, 0x00, 0x17, 0xB9, 0x0F, 0x10, 0x00, 0x0C, 0xE8, 0xFB, 0x00, 0x00, 0x00, 0x00, 0x17, 0xBC ; file 1BB9BD
db 0x0F, 0x26, 0x00, 0x0C, 0xF0, 0x07, 0x00, 0x00, 0x00, 0x00, 0x17, 0xBD, 0x0F, 0x3D, 0x00, 0x0C ; file 1BB9CD
db 0xF0, 0xA1, 0x00, 0x00, 0x00, 0x00, 0x17, 0xBE, 0x0F, 0x55, 0x00, 0x0C, 0xF1, 0x51, 0x00, 0x00 ; file 1BB9DD
db 0x00, 0x00, 0x17, 0xC0, 0x0F, 0x6A, 0x00, 0x0C, 0xF7, 0x7A, 0x00, 0x00, 0x00, 0x00, 0x17, 0xC2 ; file 1BB9ED
db 0x0F, 0x82, 0x00, 0x0C, 0xFB, 0xFB, 0x00, 0x00, 0x00, 0x00, 0x17, 0xC3, 0x0F, 0x93, 0x00, 0x0C ; file 1BB9FD
db 0xFD, 0x7E, 0x00, 0x00, 0x00, 0x00, 0x17, 0xC4, 0x0F, 0xA8, 0x00, 0x0D, 0x09, 0xA6, 0x00, 0x00 ; file 1BBA0D
db 0x00, 0x00, 0x17, 0xC5, 0x0F, 0xBB, 0x00, 0x0D, 0x22, 0x6E, 0x00, 0x00, 0x00, 0x00, 0x17, 0xC9 ; file 1BBA1D
db 0x0F, 0xCF, 0x00, 0x0D, 0x22, 0xF4, 0x00, 0x00, 0x00, 0x00, 0x17, 0xD0, 0x0F, 0xE0, 0x00, 0x0D ; file 1BBA2D
db 0x27, 0x2D, 0x00, 0x00, 0x00, 0x00, 0x17, 0xD1, 0x0F, 0xF8, 0x00, 0x0D, 0x4B, 0xF8, 0x00, 0x00 ; file 1BBA3D
db 0x00, 0x00, 0x17, 0xD3, 0x10, 0x0C, 0x00, 0x0D, 0x4F, 0x3C, 0x00, 0x00, 0x00, 0x00, 0x00, 0x2B ; file 1BBA4D
db 0x10, 0x22, 0x00, 0x0D, 0x69, 0x39, 0x00, 0x00, 0x00, 0x00, 0x00, 0x3C, 0x10, 0x32, 0x00, 0x0D ; file 1BBA5D
db 0x7B, 0x16, 0x00, 0x00, 0x00, 0x00, 0x00, 0x3D, 0x10, 0x42, 0x00, 0x0D, 0x8B, 0xA8, 0x00, 0x00 ; file 1BBA6D
db 0x00, 0x00, 0x00, 0x3E, 0x10, 0x52, 0x00, 0x0D, 0x9C, 0x18, 0x00, 0x00, 0x00, 0x00, 0x00, 0x3F ; file 1BBA7D
db 0x10, 0x62, 0x00, 0x0D, 0xAA, 0xCA, 0x00, 0x00, 0x00, 0x00, 0x00, 0x51, 0x10, 0x72, 0x00, 0x0D ; file 1BBA8D
db 0xB7, 0x92, 0x00, 0x00, 0x00, 0x00, 0x00, 0x52, 0x10, 0x83, 0x00, 0x0D, 0xC2, 0x83, 0x00, 0x00 ; file 1BBA9D
db 0x00, 0x00, 0x00, 0x8D, 0x10, 0x94, 0x00, 0x0D, 0xCC, 0x03, 0x00, 0x00, 0x00, 0x00, 0x00, 0xA2 ; file 1BBAAD
db 0x10, 0xAB, 0x00, 0x0D, 0xEA, 0xF0, 0x00, 0x00, 0x00, 0x00, 0x00, 0xA3, 0x10, 0xC2, 0x00, 0x0E ; file 1BBABD
db 0x21, 0x0A, 0x00, 0x00, 0x00, 0x00, 0x00, 0xB8, 0x10, 0xD9, 0x00, 0x0E, 0x41, 0xE5, 0x00, 0x00 ; file 1BBACD
db 0x00, 0x00, 0x00, 0xBE, 0x10, 0xED, 0x00, 0x0E, 0x57, 0x7B, 0x00, 0x00, 0x00, 0x00, 0x00, 0xBF ; file 1BBADD
db 0x11, 0x03, 0x00, 0x0E, 0xB9, 0x4D, 0x00, 0x00, 0x00, 0x00, 0x00, 0xC0, 0x11, 0x19, 0x00, 0x0E ; file 1BBAED
db 0xEC, 0x3F, 0x00, 0x00, 0x00, 0x00, 0x00, 0xD2, 0x11, 0x2F, 0x00, 0x0F, 0x09, 0x75, 0x00, 0x00 ; file 1BBAFD
db 0x00, 0x00, 0x00, 0xD3, 0x11, 0x42, 0x00, 0x0F, 0x6B, 0x13, 0x00, 0x00, 0x00, 0x00, 0x00, 0xD4 ; file 1BBB0D
db 0x11, 0x55, 0x00, 0x0F, 0xAF, 0xB9, 0x00, 0x00, 0x00, 0x00, 0x00, 0xE7, 0x11, 0x68, 0x00, 0x0F ; file 1BBB1D
db 0xDC, 0x22, 0x00, 0x00, 0x00, 0x00, 0x00, 0xE8, 0x11, 0x81, 0x00, 0x10, 0x24, 0x4A, 0x00, 0x00 ; file 1BBB2D
db 0x00, 0x00, 0x01, 0x07, 0x11, 0x9A, 0x00, 0x10, 0x53, 0xD3, 0x00, 0x00, 0x00, 0x00, 0x01, 0x10 ; file 1BBB3D
db 0x11, 0xAF, 0x00, 0x10, 0x65, 0x66, 0x00, 0x00, 0x00, 0x00, 0x01, 0x11, 0x11, 0xC7, 0x00, 0x10 ; file 1BBB4D
db 0x71, 0x75, 0x00, 0x00, 0x00, 0x00, 0x01, 0x24, 0x11, 0xDF, 0x00, 0x10, 0x7B, 0x63, 0x00, 0x00 ; file 1BBB5D
db 0x00, 0x00, 0x01, 0x2D, 0x11, 0xF4, 0x00, 0x10, 0x91, 0x05, 0x00, 0x00, 0x00, 0x00, 0x01, 0x2F ; file 1BBB6D
db 0x12, 0x07, 0x00, 0x10, 0xA3, 0x75, 0x00, 0x00, 0x00, 0x00, 0x01, 0x30, 0x12, 0x1A, 0x00, 0x10 ; file 1BBB7D
db 0xA9, 0xD1, 0x00, 0x00, 0x00, 0x00, 0x01, 0x91, 0x12, 0x2D, 0x00, 0x10, 0xBA, 0x97, 0x00, 0x00 ; file 1BBB8D
db 0x00, 0x00, 0x01, 0x92, 0x12, 0x3D, 0x00, 0x10, 0xCD, 0xE5, 0x00, 0x00, 0x00, 0x00, 0x01, 0x93 ; file 1BBB9D
db 0x12, 0x4D, 0x00, 0x10, 0xDF, 0xA3, 0x00, 0x00, 0x00, 0x00, 0x01, 0xCD, 0x12, 0x5D, 0x00, 0x10 ; file 1BBBAD
db 0xEB, 0xB7, 0x00, 0x00, 0x00, 0x00, 0x01, 0xCE, 0x12, 0x6B, 0x00, 0x10, 0xF5, 0x2F, 0x00, 0x00 ; file 1BBBBD
db 0x00, 0x00, 0x01, 0xE0, 0x12, 0x79, 0x00, 0x10, 0xFD, 0x75, 0x00, 0x00, 0x00, 0x00, 0x01, 0xE1 ; file 1BBBCD
db 0x12, 0x89, 0x00, 0x11, 0x20, 0x6C, 0x00, 0x00, 0x00, 0x00, 0x01, 0xE2, 0x12, 0x99, 0x00, 0x11 ; file 1BBBDD
db 0x4C, 0x56, 0x00, 0x00, 0x00, 0x00, 0x02, 0x0A, 0x12, 0xA9, 0x00, 0x11, 0x75, 0x20, 0x00, 0x00 ; file 1BBBED
db 0x00, 0x00, 0x02, 0x4E, 0x12, 0xBD, 0x00, 0x11, 0x9A, 0xF6, 0x00, 0x00, 0x00, 0x00, 0x02, 0x4F ; file 1BBBFD
db 0x12, 0xCC, 0x00, 0x11, 0xA8, 0xDC, 0x00, 0x00, 0x00, 0x00, 0x02, 0x81, 0x12, 0xDB, 0x00, 0x11 ; file 1BBC0D
db 0xB4, 0x19, 0x00, 0x00, 0x00, 0x00, 0x02, 0x8B, 0x12, 0xF1, 0x00, 0x11, 0xB9, 0xC9, 0x00, 0x00 ; file 1BBC1D
db 0x00, 0x00, 0x02, 0x8C, 0x13, 0x04, 0x00, 0x11, 0xBF, 0x7F, 0x00, 0x00, 0x00, 0x00, 0x02, 0x95 ; file 1BBC2D
db 0x13, 0x17, 0x00, 0x11, 0xC5, 0xE9, 0x00, 0x00, 0x00, 0x00, 0x02, 0x9E, 0x13, 0x2A, 0x00, 0x11 ; file 1BBC3D
db 0xD4, 0x24, 0x00, 0x00, 0x00, 0x00, 0x02, 0xA8, 0x13, 0x3D, 0x00, 0x11, 0xDA, 0xD6, 0x00, 0x00 ; file 1BBC4D
db 0x00, 0x00, 0x02, 0xA9, 0x13, 0x4B, 0x00, 0x11, 0xE8, 0x25, 0x00, 0x00, 0x00, 0x00, 0x02, 0xBD ; file 1BBC5D
db 0x13, 0x59, 0x00, 0x11, 0xF7, 0x27, 0x00, 0x00, 0x00, 0x00, 0x02, 0xBE, 0x13, 0x6A, 0x00, 0x12 ; file 1BBC6D
db 0x02, 0xCE, 0x00, 0x00, 0x00, 0x00, 0x02, 0xC8, 0x13, 0x7B, 0x00, 0x12, 0x0E, 0x94, 0x00, 0x00 ; file 1BBC7D
db 0x00, 0x00, 0x02, 0xD1, 0x13, 0x8D, 0x00, 0x12, 0x17, 0x8D, 0x00, 0x00, 0x00, 0x00, 0x02, 0xD2 ; file 1BBC8D
db 0x13, 0x9E, 0x00, 0x12, 0x1F, 0x6E, 0x00, 0x00, 0x00, 0x00, 0x02, 0xD3, 0x13, 0xAF, 0x00, 0x12 ; file 1BBC9D
db 0x26, 0xD5, 0x00, 0x00, 0x00, 0x00, 0x02, 0xDA, 0x13, 0xC0, 0x00, 0x12, 0x2E, 0xDE, 0x00, 0x00 ; file 1BBCAD
db 0x00, 0x00, 0x02, 0xDB, 0x13, 0xCF, 0x00, 0x12, 0x39, 0x4B, 0x00, 0x00, 0x00, 0x00, 0x02, 0xDC ; file 1BBCBD
db 0x13, 0xDE, 0x00, 0x12, 0x40, 0xB9, 0x00, 0x00, 0x00, 0x00, 0x02, 0xE6, 0x13, 0xED, 0x00, 0x12 ; file 1BBCCD
db 0x47, 0x3E, 0x00, 0x00, 0x00, 0x00, 0x02, 0xE7, 0x13, 0xFF, 0x00, 0x12, 0x50, 0xAA, 0x00, 0x00 ; file 1BBCDD
db 0x00, 0x00, 0x02, 0xF0, 0x14, 0x11, 0x00, 0x12, 0x56, 0xD4, 0x00, 0x00, 0x00, 0x00, 0x03, 0x0F ; file 1BBCED
db 0x14, 0x24, 0x00, 0x12, 0x62, 0xF6, 0x00, 0x00, 0x00, 0x00, 0x03, 0x23, 0x14, 0x35, 0x00, 0x12 ; file 1BBCFD
db 0x6E, 0xBA, 0x00, 0x00, 0x00, 0x00, 0x03, 0x24, 0x14, 0x45, 0x00, 0x12, 0x7E, 0x74, 0x00, 0x00 ; file 1BBD0D
db 0x00, 0x00, 0x03, 0x2E, 0x14, 0x55, 0x00, 0x12, 0x85, 0x76, 0x00, 0x00, 0x00, 0x00, 0x03, 0x37 ; file 1BBD1D
db 0x14, 0x65, 0x00, 0x12, 0x8D, 0xDA, 0x00, 0x00, 0x00, 0x00, 0x03, 0x41, 0x14, 0x75, 0x00, 0x12 ; file 1BBD2D
db 0x9C, 0x6A, 0x00, 0x00, 0x00, 0x00, 0x03, 0x4A, 0x14, 0x85, 0x00, 0x12, 0xA9, 0x59, 0x00, 0x00 ; file 1BBD3D
db 0x00, 0x00, 0x03, 0x54, 0x14, 0x95, 0x00, 0x12, 0xC3, 0x21, 0x00, 0x00, 0x00, 0x00, 0x03, 0x55 ; file 1BBD4D
db 0x14, 0xA5, 0x00, 0x12, 0xD4, 0xFC, 0x00, 0x00, 0x00, 0x00, 0x03, 0x5C, 0x14, 0xB5, 0x00, 0x12 ; file 1BBD5D
db 0xE6, 0x29, 0x00, 0x00, 0x00, 0x00, 0x03, 0x71, 0x14, 0xC5, 0x00, 0x13, 0x66, 0x97, 0x00, 0x00 ; file 1BBD6D
db 0x00, 0x00, 0x03, 0x72, 0x14, 0xD4, 0x00, 0x13, 0x86, 0xED, 0x00, 0x00, 0x00, 0x00, 0x04, 0x63 ; file 1BBD7D
db 0x14, 0xE3, 0x00, 0x13, 0xAA, 0xD9, 0x00, 0x00, 0x00, 0x00, 0x00, 0x80, 0xFF, 0xFF, 0x00, 0x13 ; file 1BBD8D
db 0xC2, 0xEB, 0x00, 0x00, 0x00, 0x00, 0x00, 0x81, 0xFF, 0xFF, 0x00, 0x13, 0xC2, 0xFB, 0x00, 0x00 ; file 1BBD9D
db 0x00, 0x00, 0x00, 0x82, 0xFF, 0xFF, 0x00, 0x13, 0xC3, 0x0B, 0x00, 0x00, 0x00, 0x00, 0x00, 0x83 ; file 1BBDAD
db 0xFF, 0xFF, 0x00, 0x13, 0xC3, 0x1B, 0x00, 0x00, 0x00, 0x00, 0x00, 0x84, 0xFF, 0xFF, 0x00, 0x13 ; file 1BBDBD
db 0xC3, 0x2B, 0x00, 0x00, 0x00, 0x00, 0x00, 0x85, 0xFF, 0xFF, 0x00, 0x13, 0xC3, 0x3B, 0x00, 0x00 ; file 1BBDCD
db 0x00, 0x00, 0x00, 0x86, 0xFF, 0xFF, 0x00, 0x13, 0xC3, 0x4B, 0x00, 0x00, 0x00, 0x00, 0x00, 0x87 ; file 1BBDDD
db 0xFF, 0xFF, 0x00, 0x13, 0xC3, 0x5B, 0x00, 0x00, 0x00, 0x00, 0x00, 0x88, 0xFF, 0xFF, 0x00, 0x13 ; file 1BBDED
db 0xC3, 0x6B, 0x00, 0x00, 0x00, 0x00, 0x00, 0x89, 0xFF, 0xFF, 0x00, 0x13, 0xC3, 0x7B, 0x00, 0x00 ; file 1BBDFD
db 0x00, 0x00, 0x00, 0x8A, 0xFF, 0xFF, 0x00, 0x13, 0xC3, 0x8B, 0x00, 0x00, 0x00, 0x00, 0x00, 0x8B ; file 1BBE0D
db 0xFF, 0xFF, 0x00, 0x13, 0xC3, 0x9B, 0x00, 0x00, 0x00, 0x00, 0x00, 0x80, 0xFF, 0xFF, 0x00, 0x13 ; file 1BBE1D
db 0xC3, 0xAB, 0x00, 0x00, 0x00, 0x00, 0x00, 0x81, 0xFF, 0xFF, 0x00, 0x13, 0xC4, 0x4B, 0x00, 0x00 ; file 1BBE2D
db 0x00, 0x00, 0x00, 0x82, 0xFF, 0xFF, 0x00, 0x13, 0xC4, 0xF9, 0x00, 0x00, 0x00, 0x00, 0x00, 0x83 ; file 1BBE3D
db 0xFF, 0xFF, 0x00, 0x13, 0xC5, 0x7D, 0x00, 0x00, 0x00, 0x00, 0x00, 0x84, 0xFF, 0xFF, 0x00, 0x13 ; file 1BBE4D
db 0xC6, 0x5F, 0x00, 0x00, 0x00, 0x00, 0x00, 0x85, 0xFF, 0xFF, 0x00, 0x13, 0xC7, 0x79, 0x00, 0x00 ; file 1BBE5D
db 0x00, 0x00, 0x00, 0x86, 0xFF, 0xFF, 0x00, 0x13, 0xC8, 0x87, 0x00, 0x00, 0x00, 0x00, 0x00, 0x87 ; file 1BBE6D
db 0xFF, 0xFF, 0x00, 0x13, 0xC9, 0x95, 0x00, 0x00, 0x00, 0x00, 0x00, 0x88, 0xFF, 0xFF, 0x00, 0x13 ; file 1BBE7D
db 0xCA, 0x99, 0x00, 0x00, 0x00, 0x00, 0x00, 0x89, 0xFF, 0xFF, 0x00, 0x13, 0xCB, 0x51, 0x00, 0x00 ; file 1BBE8D
db 0x00, 0x00, 0x00, 0x8B, 0xFF, 0xFF, 0x00, 0x13, 0xCB, 0xC3, 0x00, 0x00, 0x00, 0x00, 0x00, 0x8A ; file 1BBE9D
db 0xFF, 0xFF, 0x00, 0x13, 0xCC, 0x57, 0x00, 0x00, 0x00, 0x00, 0x00, 0x18, 0x14, 0xF7, 0x00, 0x13 ; file 1BBEAD
db 0xCD, 0x11, 0x00, 0x00, 0x00, 0x00, 0x00, 0x46, 0x15, 0x00, 0x00, 0x13, 0xCE, 0xA3, 0x00, 0x00 ; file 1BBEBD
db 0x00, 0x00, 0x00, 0x00, 0x15, 0x0C, 0x00, 0x13, 0xE5, 0xAB, 0x00, 0x00, 0x00, 0x00, 0x00, 0x01 ; file 1BBECD
db 0x15, 0x16, 0x00, 0x13, 0xFC, 0x41, 0x00, 0x00, 0x00, 0x00, 0x00, 0x02, 0x15, 0x20, 0x00, 0x14 ; file 1BBEDD
db 0x11, 0x45, 0x00, 0x00, 0x00, 0x00, 0x00, 0x03, 0x15, 0x2A, 0x00, 0x14, 0x1F, 0x09, 0x00, 0x00 ; file 1BBEED
db 0x00, 0x00, 0x00, 0x08, 0x15, 0x34, 0x00, 0x14, 0x4C, 0xB3, 0x00, 0x00, 0x00, 0x00, 0x00, 0x09 ; file 1BBEFD
db 0x15, 0x3E, 0x00, 0x14, 0x4F, 0x26, 0x00, 0x00, 0x00, 0x00, 0x00, 0x0A, 0x15, 0x48, 0x00, 0x14 ; file 1BBF0D
db 0x51, 0x9C, 0x00, 0x00, 0x00, 0x00, 0x00, 0x0B, 0x15, 0x51, 0x00, 0x14, 0x56, 0x95, 0x00, 0x00 ; file 1BBF1D
db 0x00, 0x00, 0x00, 0x0C, 0x15, 0x5A, 0x00, 0x14, 0x5F, 0x62, 0x00, 0x00, 0x00, 0x00, 0x00, 0x0D ; file 1BBF2D
db 0x15, 0x63, 0x00, 0x14, 0x89, 0x9F, 0x00, 0x00, 0x00, 0x00, 0x00, 0x0E, 0x15, 0x6D, 0x00, 0x14 ; file 1BBF3D
db 0x92, 0xC6, 0x00, 0x00, 0x00, 0x00, 0x00, 0x0F, 0x15, 0x76, 0x00, 0x14, 0x97, 0xEE, 0x00, 0x00 ; file 1BBF4D
db 0x00, 0x00, 0x00, 0x10, 0x15, 0x7F, 0x00, 0x14, 0xA6, 0xA9, 0x00, 0x00, 0x00, 0x00, 0x00, 0x11 ; file 1BBF5D
db 0x15, 0x88, 0x00, 0x14, 0xAE, 0x72, 0x00, 0x00, 0x00, 0x00, 0x00, 0x12, 0x15, 0x91, 0x00, 0x14 ; file 1BBF6D
db 0xB6, 0xC8, 0x00, 0x00, 0x00, 0x00, 0x00, 0x13, 0x15, 0x9A, 0x00, 0x14, 0xC7, 0x64, 0x00, 0x00 ; file 1BBF7D
db 0x00, 0x00, 0x00, 0x14, 0x15, 0xA3, 0x00, 0x14, 0xCE, 0xFB, 0x00, 0x00, 0x00, 0x00, 0x00, 0x15 ; file 1BBF8D
db 0x15, 0xAC, 0x00, 0x14, 0xE1, 0xD5, 0x00, 0x00, 0x00, 0x00, 0x00, 0x16, 0x15, 0xB5, 0x00, 0x14 ; file 1BBF9D
db 0xEB, 0x73, 0x00, 0x00, 0x00, 0x00, 0x00, 0x17, 0x15, 0xBE, 0x00, 0x14, 0xF5, 0x0E, 0x00, 0x00 ; file 1BBFAD
db 0x00, 0x00, 0x00, 0x19, 0x15, 0xC7, 0x00, 0x14, 0xF7, 0xCF, 0x00, 0x00, 0x00, 0x00, 0x00, 0x1A ; file 1BBFBD
db 0x15, 0xD0, 0x00, 0x15, 0x02, 0xD2, 0x00, 0x00, 0x00, 0x00, 0x00, 0x1B, 0x15, 0xD9, 0x00, 0x15 ; file 1BBFCD
db 0x08, 0x7F, 0x00, 0x00, 0x00, 0x00, 0x00, 0x1C, 0x15, 0xE2, 0x00, 0x15, 0x16, 0xA0, 0x00, 0x00 ; file 1BBFDD
db 0x00, 0x00, 0x00, 0x1D, 0x15, 0xEB, 0x00, 0x15, 0x21, 0x53, 0x00, 0x00, 0x00, 0x00, 0x00, 0x1E ; file 1BBFED
db 0x15, 0xF4, 0x00, 0x15, 0x36, 0xD4, 0x00, 0x00, 0x00, 0x00, 0x00, 0x1F, 0x15, 0xFD, 0x00, 0x15 ; file 1BBFFD
db 0x41, 0xF1, 0x00, 0x00, 0x00, 0x00, 0x00, 0x20, 0x16, 0x06, 0x00, 0x15, 0x47, 0x10, 0x00, 0x00 ; file 1BC00D
db 0x00, 0x00, 0x00, 0x21, 0x16, 0x0F, 0x00, 0x15, 0x49, 0xFE, 0x00, 0x00, 0x00, 0x00, 0x00, 0x22 ; file 1BC01D
db 0x16, 0x18, 0x00, 0x15, 0x52, 0x62, 0x00, 0x00, 0x00, 0x00, 0x00, 0x23, 0x16, 0x21, 0x00, 0x15 ; file 1BC02D
db 0x5A, 0x4B, 0x00, 0x00, 0x00, 0x00, 0x00, 0x25, 0x16, 0x2A, 0x00, 0x15, 0x67, 0xF9, 0x00, 0x00 ; file 1BC03D
db 0x00, 0x00, 0x00, 0x26, 0x16, 0x33, 0x00, 0x15, 0x71, 0x89, 0x00, 0x00, 0x00, 0x00, 0x00, 0x27 ; file 1BC04D
db 0x16, 0x3C, 0x00, 0x15, 0x92, 0x44, 0x00, 0x00, 0x00, 0x00, 0x00, 0x28, 0x16, 0x45, 0x00, 0x15 ; file 1BC05D
db 0x96, 0x41, 0x00, 0x00, 0x00, 0x00, 0x00, 0x29, 0x16, 0x4E, 0x00, 0x15, 0x9F, 0x03, 0x00, 0x00 ; file 1BC06D
db 0x00, 0x00, 0x00, 0x2A, 0x16, 0x57, 0x00, 0x15, 0xAD, 0x67, 0x00, 0x00, 0x00, 0x00, 0x00, 0x2B ; file 1BC07D
db 0x16, 0x60, 0x00, 0x15, 0xB2, 0x4D, 0x00, 0x00, 0x00, 0x00, 0x00, 0x2C, 0x16, 0x69, 0x00, 0x15 ; file 1BC08D
db 0xB8, 0xDF, 0x00, 0x00, 0x00, 0x00, 0x00, 0x2D, 0x16, 0x72, 0x00, 0x15, 0xC2, 0x9D, 0x00, 0x00 ; file 1BC09D
db 0x00, 0x00, 0x00, 0x2E, 0x16, 0x7B, 0x00, 0x15, 0xC8, 0x0A, 0x00, 0x00, 0x00, 0x00, 0x00, 0x04 ; file 1BC0AD
db 0x16, 0x84, 0x00, 0x15, 0xD2, 0xDB, 0x00, 0x00, 0x00, 0x00, 0x00, 0x2F, 0x16, 0x8C, 0x00, 0x15 ; file 1BC0BD
db 0xDB, 0x12, 0x00, 0x00, 0x00, 0x00, 0x00, 0x30, 0x16, 0x95, 0x00, 0x16, 0x09, 0x7F, 0x00, 0x00 ; file 1BC0CD
db 0x00, 0x00, 0x00, 0x31, 0x16, 0x9E, 0x00, 0x16, 0x2B, 0xE3, 0x00, 0x00, 0x00, 0x00, 0x00, 0x32 ; file 1BC0DD
db 0x16, 0xA7, 0x00, 0x16, 0x30, 0x75, 0x00, 0x00, 0x00, 0x00, 0x00, 0x33, 0x16, 0xB0, 0x00, 0x16 ; file 1BC0ED
db 0x44, 0x16, 0x00, 0x00, 0x00, 0x00, 0x00, 0x34, 0x16, 0xB9, 0x00, 0x16, 0x48, 0xE1, 0x00, 0x00 ; file 1BC0FD
db 0x00, 0x00, 0x00, 0x35, 0x16, 0xC2, 0x00, 0x16, 0x51, 0x75, 0x00, 0x00, 0x00, 0x00, 0x00, 0x36 ; file 1BC10D
db 0x16, 0xCB, 0x00, 0x16, 0x7E, 0xE2, 0x00, 0x00, 0x00, 0x00, 0x00, 0x37, 0x16, 0xD4, 0x00, 0x16 ; file 1BC11D
db 0x8B, 0x2A, 0x00, 0x00, 0x00, 0x00, 0x00, 0x38, 0x16, 0xDD, 0x00, 0x16, 0x8F, 0x89, 0x00, 0x00 ; file 1BC12D
db 0x00, 0x00, 0x00, 0x39, 0x16, 0xE6, 0x00, 0x16, 0x98, 0x48, 0x00, 0x00, 0x00, 0x00, 0x00, 0x3A ; file 1BC13D
db 0x16, 0xEF, 0x00, 0x16, 0xA5, 0xC8, 0x00, 0x00, 0x00, 0x00, 0x00, 0x3B, 0x16, 0xF8, 0x00, 0x16 ; file 1BC14D
db 0xB7, 0x39, 0x00, 0x00, 0x00, 0x00, 0x00, 0x3C, 0x17, 0x01, 0x00, 0x16, 0xBA, 0x9E, 0x00, 0x00 ; file 1BC15D
db 0x00, 0x00, 0x00, 0x3D, 0x17, 0x0A, 0x00, 0x16, 0xBC, 0x26, 0x00, 0x00, 0x00, 0x00, 0x00, 0x3E ; file 1BC16D
db 0x17, 0x13, 0x00, 0x16, 0xBF, 0x4F, 0x00, 0x00, 0x00, 0x00, 0x00, 0x3F, 0x17, 0x1C, 0x00, 0x16 ; file 1BC17D
db 0xC2, 0xC0, 0x00, 0x00, 0x00, 0x00, 0x00, 0x40, 0x17, 0x25, 0x00, 0x16, 0xD2, 0x21, 0x00, 0x00 ; file 1BC18D
db 0x00, 0x00, 0x00, 0x41, 0x17, 0x2E, 0x00, 0x16, 0xE9, 0x39, 0x00, 0x00, 0x00, 0x00, 0x00, 0x42 ; file 1BC19D
db 0x17, 0x37, 0x00, 0x16, 0xFA, 0xA3, 0x00, 0x00, 0x00, 0x00, 0x00, 0x43, 0x17, 0x40, 0x00, 0x16 ; file 1BC1AD
db 0xFC, 0xD5, 0x00, 0x00, 0x00, 0x00, 0x00, 0x44, 0x17, 0x49, 0x00, 0x17, 0x0A, 0xFB, 0x00, 0x00 ; file 1BC1BD
db 0x00, 0x00, 0x00, 0x06, 0x17, 0x52, 0x00, 0x17, 0x11, 0x38, 0x00, 0x00, 0x00, 0x00, 0x00, 0x07 ; file 1BC1CD
db 0x17, 0x5A, 0x00, 0x17, 0x16, 0x63, 0x00, 0x00, 0x00, 0x00, 0x00, 0x80, 0xFF, 0xFF, 0x04, 0x17 ; file 1BC1DD
db 0x1F, 0x11, 0x00, 0x00, 0x00, 0x00, 0x00, 0x00, 0x17, 0x62, 0x00, 0x17, 0x1F, 0x1B, 0x00, 0x00 ; file 1BC1ED
db 0x00, 0x00, 0x00, 0x03, 0x17, 0x78, 0x00, 0x17, 0x20, 0xE7, 0x00, 0x00, 0x00, 0x00, 0x00, 0x01 ; file 1BC1FD
db 0x17, 0x88, 0x00, 0x17, 0x21, 0x9D, 0x00, 0x00, 0x00, 0x00, 0x00, 0x02, 0x17, 0x97, 0x00, 0x17 ; file 1BC20D
db 0x22, 0x51, 0x00, 0x00, 0x00, 0x00, 0x03, 0xE8, 0x17, 0xA4, 0x00, 0x17, 0x22, 0xED, 0x00, 0x00 ; file 1BC21D
db 0x00, 0x00, 0x03, 0xE9, 0x17, 0xAA, 0x00, 0x17, 0x23, 0x07, 0x00, 0x00, 0x00, 0x00, 0x03, 0xEA ; file 1BC22D
db 0x17, 0xB0, 0x00, 0x17, 0x23, 0x21, 0x00, 0x00, 0x00, 0x00, 0x03, 0xEB, 0x17, 0xB6, 0x00, 0x17 ; file 1BC23D
db 0x23, 0x3B, 0x00, 0x00, 0x00, 0x00, 0x03, 0xEC, 0x17, 0xBC, 0x00, 0x17, 0x23, 0x55, 0x00, 0x00 ; file 1BC24D
db 0x00, 0x00, 0x03, 0xED, 0x17, 0xC0, 0x00, 0x17, 0x23, 0x6B, 0x00, 0x00, 0x00, 0x00, 0x03, 0xEE ; file 1BC25D
db 0x17, 0xC4, 0x00, 0x17, 0x23, 0x81, 0x00, 0x00, 0x00, 0x00, 0x03, 0xEF, 0x17, 0xC8, 0x00, 0x17 ; file 1BC26D
db 0x23, 0x97, 0x00, 0x00, 0x00, 0x00, 0x03, 0xF0, 0x17, 0xCC, 0x00, 0x17, 0x23, 0xB1, 0x00, 0x00 ; file 1BC27D
db 0x00, 0x00, 0x03, 0xF1, 0x17, 0xD2, 0x00, 0x17, 0x23, 0xC7, 0x00, 0x00, 0x00, 0x00, 0x03, 0xF2 ; file 1BC28D
db 0x17, 0xD8, 0x00, 0x17, 0x23, 0xDD, 0x00, 0x00, 0x00, 0x00, 0x03, 0xF3, 0x17, 0xDD, 0x00, 0x17 ; file 1BC29D
db 0x23, 0xF3, 0x00, 0x00, 0x00, 0x00, 0x03, 0xF4, 0x17, 0xE2, 0x00, 0x17, 0x24, 0x0D, 0x00, 0x00 ; file 1BC2AD
db 0x00, 0x00, 0x03, 0xF5, 0x17, 0xE7, 0x00, 0x17, 0x24, 0x27, 0x00, 0x00, 0x00, 0x00, 0x03, 0xF6 ; file 1BC2BD
db 0x17, 0xED, 0x00, 0x17, 0x24, 0x41, 0x00, 0x00, 0x00, 0x00, 0x03, 0xF7, 0x17, 0xF2, 0x00, 0x17 ; file 1BC2CD
db 0x24, 0x57, 0x00, 0x00, 0x00, 0x00, 0x03, 0xF8, 0x17, 0xF7, 0x00, 0x17, 0x24, 0x71, 0x00, 0x00 ; file 1BC2DD
db 0x00, 0x00, 0x03, 0xF9, 0x17, 0xFC, 0x00, 0x17, 0x24, 0x87, 0x00, 0x00, 0x00, 0x00, 0x03, 0xFA ; file 1BC2ED
db 0x18, 0x01, 0x00, 0x17, 0x24, 0xA1, 0x00, 0x00, 0x00, 0x00, 0x03, 0xFB, 0x18, 0x06, 0x00, 0x17 ; file 1BC2FD
db 0x24, 0xBB, 0x00, 0x00, 0x00, 0x00, 0x03, 0xFC, 0x18, 0x0B, 0x00, 0x17, 0x24, 0xD5, 0x00, 0x00 ; file 1BC30D
db 0x00, 0x00, 0x03, 0xFD, 0x18, 0x10, 0x00, 0x17, 0x24, 0xEF, 0x00, 0x00, 0x00, 0x00, 0x03, 0xFE ; file 1BC31D
db 0x18, 0x15, 0x00, 0x17, 0x25, 0x09, 0x00, 0x00, 0x00, 0x00, 0x03, 0xFF, 0x18, 0x1A, 0x00, 0x17 ; file 1BC32D
db 0x25, 0x23, 0x00, 0x00, 0x00, 0x00, 0x04, 0x00, 0x18, 0x1F, 0x00, 0x17, 0x25, 0x39, 0x00, 0x00 ; file 1BC33D
db 0x00, 0x00, 0x04, 0x01, 0x18, 0x24, 0x00, 0x17, 0x25, 0x4F, 0x00, 0x00, 0x00, 0x00, 0x04, 0x02 ; file 1BC34D
db 0x18, 0x29, 0x00, 0x17, 0x25, 0x69, 0x00, 0x00, 0x00, 0x00, 0x04, 0x03, 0x18, 0x2E, 0x00, 0x17 ; file 1BC35D
db 0x25, 0x83, 0x00, 0x00, 0x00, 0x00, 0x04, 0x04, 0x18, 0x33, 0x00, 0x17, 0x25, 0x9D, 0x00, 0x00 ; file 1BC36D
db 0x00, 0x00, 0x04, 0x05, 0x18, 0x38, 0x00, 0x17, 0x25, 0xB7, 0x00, 0x00, 0x00, 0x00, 0x04, 0x06 ; file 1BC37D
db 0x18, 0x3D, 0x00, 0x17, 0x25, 0xD1, 0x00, 0x00, 0x00, 0x00, 0x04, 0x07, 0x18, 0x42, 0x00, 0x17 ; file 1BC38D
db 0x25, 0xEB, 0x00, 0x00, 0x00, 0x00, 0x04, 0x08, 0x18, 0x47, 0x00, 0x17, 0x26, 0x05, 0x00, 0x00 ; file 1BC39D
db 0x00, 0x00, 0x04, 0x09, 0x18, 0x4C, 0x00, 0x17, 0x26, 0x1F, 0x00, 0x00, 0x00, 0x00, 0x04, 0x0A ; file 1BC3AD
db 0x18, 0x51, 0x00, 0x17, 0x26, 0x39, 0x00, 0x00, 0x00, 0x00, 0x04, 0x0B, 0x18, 0x56, 0x00, 0x17 ; file 1BC3BD
db 0x26, 0x53, 0x00, 0x00, 0x00, 0x00, 0x04, 0x0C, 0x18, 0x5B, 0x00, 0x17, 0x26, 0x6D, 0x00, 0x00 ; file 1BC3CD
db 0x00, 0x00, 0x04, 0x0D, 0x18, 0x60, 0x00, 0x17, 0x26, 0x87, 0x00, 0x00, 0x00, 0x00, 0x04, 0x0E ; file 1BC3DD
db 0x18, 0x65, 0x00, 0x17, 0x26, 0x9D, 0x00, 0x00, 0x00, 0x00, 0x04, 0x0F, 0x18, 0x6A, 0x00, 0x17 ; file 1BC3ED
db 0x26, 0xB7, 0x00, 0x00, 0x00, 0x00, 0x04, 0x21, 0x18, 0x6F, 0x00, 0x17, 0x26, 0xCD, 0x00, 0x00 ; file 1BC3FD
db 0x00, 0x00, 0x04, 0x11, 0x18, 0x74, 0x00, 0x17, 0x26, 0xE7, 0x00, 0x00, 0x00, 0x00, 0x04, 0x12 ; file 1BC40D
db 0x18, 0x79, 0x00, 0x17, 0x27, 0x01, 0x00, 0x00, 0x00, 0x00, 0x04, 0x13, 0x18, 0x7E, 0x00, 0x17 ; file 1BC41D
db 0x27, 0x1B, 0x00, 0x00, 0x00, 0x00, 0x04, 0x14, 0x18, 0x83, 0x00, 0x17, 0x27, 0x35, 0x00, 0x00 ; file 1BC42D
db 0x00, 0x00, 0x04, 0x15, 0x18, 0x88, 0x00, 0x17, 0x27, 0x4B, 0x00, 0x00, 0x00, 0x00, 0x04, 0x16 ; file 1BC43D
db 0x18, 0x8D, 0x00, 0x17, 0x27, 0x61, 0x00, 0x00, 0x00, 0x00, 0x04, 0x17, 0x18, 0x92, 0x00, 0x17 ; file 1BC44D
db 0x27, 0x7B, 0x00, 0x00, 0x00, 0x00, 0x04, 0x18, 0x18, 0x97, 0x00, 0x17, 0x27, 0x95, 0x00, 0x00 ; file 1BC45D
db 0x00, 0x00, 0x04, 0x19, 0x18, 0x9C, 0x00, 0x17, 0x27, 0xAF, 0x00, 0x00, 0x00, 0x00, 0x04, 0x1A ; file 1BC46D
db 0x18, 0xA1, 0x00, 0x17, 0x27, 0xC9, 0x00, 0x00, 0x00, 0x00, 0x04, 0x1B, 0x18, 0xA6, 0x00, 0x17 ; file 1BC47D
db 0x27, 0xE3, 0x00, 0x00, 0x00, 0x00, 0x04, 0x1C, 0x18, 0xAB, 0x00, 0x17, 0x27, 0xF9, 0x00, 0x00 ; file 1BC48D
db 0x00, 0x00, 0x04, 0x1D, 0x18, 0xB0, 0x00, 0x17, 0x28, 0x13, 0x00, 0x00, 0x00, 0x00, 0x04, 0x1E ; file 1BC49D
db 0x18, 0xB5, 0x00, 0x17, 0x28, 0x2D, 0x00, 0x00, 0x00, 0x00, 0x04, 0x20, 0x18, 0xBA, 0x00, 0x17 ; file 1BC4AD
db 0x28, 0x47, 0x00, 0x00, 0x00, 0x00, 0x04, 0x10, 0x18, 0xBF, 0x00, 0x17, 0x28, 0x61, 0x00, 0x00 ; file 1BC4BD
db 0x00, 0x00, 0x04, 0x1F, 0x18, 0xC4, 0x00, 0x17, 0x28, 0x7B, 0x00, 0x00, 0x00, 0x00, 0x04, 0x22 ; file 1BC4CD
db 0x18, 0xC9, 0x00, 0x17, 0x28, 0x95, 0x00, 0x00, 0x00, 0x00, 0x04, 0x23, 0x18, 0xCE, 0x00, 0x17 ; file 1BC4DD
db 0x28, 0xAF, 0x00, 0x00, 0x00, 0x00, 0x04, 0x24, 0x18, 0xD3, 0x00, 0x17, 0x28, 0xC9, 0x00, 0x00 ; file 1BC4ED
db 0x00, 0x00, 0x04, 0x25, 0x18, 0xD8, 0x00, 0x17, 0x28, 0xDF, 0x00, 0x00, 0x00, 0x00, 0x04, 0x26 ; file 1BC4FD
db 0x18, 0xDD, 0x00, 0x17, 0x28, 0xF9, 0x00, 0x00, 0x00, 0x00, 0x04, 0x27, 0x18, 0xE2, 0x00, 0x17 ; file 1BC50D
db 0x29, 0x13, 0x00, 0x00, 0x00, 0x00, 0x04, 0x28, 0x18, 0xE7, 0x00, 0x17, 0x29, 0x29, 0x00, 0x00 ; file 1BC51D
db 0x00, 0x00, 0x04, 0x29, 0x18, 0xEC, 0x00, 0x17, 0x29, 0x43, 0x00, 0x00, 0x00, 0x00, 0x04, 0x2A ; file 1BC52D
db 0x18, 0xF1, 0x00, 0x17, 0x29, 0x59, 0x00, 0x00, 0x00, 0x00, 0x04, 0x2B, 0x18, 0xF6, 0x00, 0x17 ; file 1BC53D
db 0x29, 0x6F, 0x00, 0x00, 0x00, 0x00, 0x04, 0x2C, 0x18, 0xFB, 0x00, 0x17, 0x29, 0x89, 0x00, 0x00 ; file 1BC54D
db 0x00, 0x00, 0x00, 0x01, 0x19, 0x00, 0x00, 0x17, 0x29, 0xA3, 0x00, 0x00, 0x00, 0x00, 0x00, 0x02 ; file 1BC55D
db 0x19, 0x0D, 0x00, 0x17, 0x29, 0xDD, 0x00, 0x00, 0x00, 0x00, 0x00, 0x03, 0x19, 0x22, 0x00, 0x17 ; file 1BC56D
db 0x2A, 0x17, 0x00, 0x00, 0x00, 0x00, 0x00, 0x04, 0x19, 0x33, 0x00, 0x17, 0x2A, 0x51, 0x00, 0x00 ; file 1BC57D
db 0x00, 0x00, 0x00, 0x05, 0x19, 0x40, 0x00, 0x17, 0x2A, 0x8B, 0x00, 0x00, 0x00, 0x00, 0x00, 0x06 ; file 1BC58D
db 0x19, 0x4F, 0x00, 0x17, 0x2A, 0xC5, 0x00, 0x00, 0x00, 0x00, 0x00, 0x07, 0x19, 0x5B, 0x00, 0x17 ; file 1BC59D
db 0x2A, 0xFF, 0x00, 0x00, 0x00, 0x00, 0x00, 0x08, 0x19, 0x64, 0x00, 0x17, 0x2B, 0x39, 0x00, 0x00 ; file 1BC5AD
db 0x00, 0x00, 0x00, 0x09, 0x19, 0x6C, 0x00, 0x17, 0x2B, 0x73, 0x00, 0x00, 0x00, 0x00, 0x00, 0x0A ; file 1BC5BD
db 0x19, 0x79, 0x00, 0x17, 0x2B, 0x8D, 0x00, 0x00, 0x00, 0x00, 0x00, 0x0B, 0x19, 0x83, 0x00, 0x17 ; file 1BC5CD
db 0x2B, 0xC7, 0x00, 0x00, 0x00, 0x00, 0x00, 0x0C, 0x19, 0x8E, 0x00, 0x17, 0x2C, 0x01, 0x00, 0x00 ; file 1BC5DD
db 0x00, 0x00, 0x00, 0x0D, 0x19, 0x96, 0x00, 0x17, 0x2C, 0x3B, 0x00, 0x00, 0x00, 0x00, 0x00, 0x0E ; file 1BC5ED
db 0x19, 0xA0, 0x00, 0x17, 0x2C, 0x75, 0x00, 0x00, 0x00, 0x00, 0x00, 0x0F, 0x19, 0xAE, 0x00, 0x17 ; file 1BC5FD
db 0x2C, 0x9F, 0x00, 0x00, 0x00, 0x00, 0x00, 0x10, 0x19, 0xB7, 0x00, 0x17, 0x2C, 0xB9, 0x00, 0x00 ; file 1BC60D
db 0x00, 0x00, 0x00, 0x11, 0x19, 0xC5, 0x00, 0x17, 0x2C, 0xF3, 0x00, 0x00, 0x00, 0x00, 0x00, 0x12 ; file 1BC61D
db 0x19, 0xD6, 0x00, 0x17, 0x2D, 0x2D, 0x00, 0x00, 0x00, 0x00, 0x00, 0x13, 0x19, 0xE1, 0x00, 0x17 ; file 1BC62D
db 0x2D, 0x6F, 0x00, 0x00, 0x00, 0x00, 0x00, 0x14, 0x19, 0xEE, 0x00, 0x17, 0x2D, 0xA1, 0x00, 0x00 ; file 1BC63D
db 0x00, 0x00, 0x00, 0x15, 0x19, 0xF9, 0x00, 0x17, 0x2D, 0xD3, 0x00, 0x00, 0x00, 0x00, 0x00, 0x16 ; file 1BC64D
db 0x1A, 0x03, 0x00, 0x17, 0x2E, 0x05, 0x00, 0x00, 0x00, 0x00, 0x00, 0x17, 0x1A, 0x0D, 0x00, 0x17 ; file 1BC65D
db 0x2E, 0x37, 0x00, 0x00, 0x00, 0x00, 0x00, 0x18, 0x1A, 0x1D, 0x00, 0x17, 0x2E, 0x69, 0x00, 0x00 ; file 1BC66D
db 0x00, 0x00, 0x00, 0x19, 0x1A, 0x2F, 0x00, 0x17, 0x2E, 0x9B, 0x00, 0x00, 0x00, 0x00, 0x00, 0x1A ; file 1BC67D
db 0x1A, 0x41, 0x00, 0x17, 0x2E, 0xCD, 0x00, 0x00, 0x00, 0x00, 0x00, 0x1B, 0x1A, 0x52, 0x00, 0x17 ; file 1BC68D
db 0x2F, 0x07, 0x00, 0x00, 0x00, 0x00, 0x00, 0x1C, 0x1A, 0x64, 0x00, 0x17, 0x2F, 0x41, 0x00, 0x00 ; file 1BC69D
db 0x00, 0x00, 0x00, 0x1D, 0x1A, 0x76, 0x00, 0x17, 0x2F, 0x7B, 0x00, 0x00, 0x00, 0x00, 0x00, 0x1E ; file 1BC6AD
db 0x1A, 0x86, 0x00, 0x17, 0x2F, 0xB5, 0x00, 0x00, 0x00, 0x00, 0x00, 0x1F, 0x1A, 0x96, 0x00, 0x17 ; file 1BC6BD
db 0x2F, 0xEF, 0x00, 0x00, 0x00, 0x00, 0x00, 0x20, 0x1A, 0xA7, 0x00, 0x17, 0x30, 0x29, 0x00, 0x00 ; file 1BC6CD
db 0x00, 0x00, 0x00, 0x21, 0x1A, 0xB1, 0x00, 0x17, 0x30, 0x53, 0x00, 0x00, 0x00, 0x00, 0x00, 0x22 ; file 1BC6DD
db 0x1A, 0xC4, 0x00, 0x17, 0x30, 0x7D, 0x00, 0x00, 0x00, 0x00, 0x00, 0x23, 0x1A, 0xD5, 0x00, 0x17 ; file 1BC6ED
db 0x30, 0xA7, 0x00, 0x00, 0x00, 0x00, 0x00, 0x24, 0x1A, 0xE3, 0x00, 0x17, 0x30, 0xD1, 0x00, 0x00 ; file 1BC6FD
db 0x00, 0x00, 0x00, 0x25, 0x1A, 0xEF, 0x00, 0x17, 0x30, 0xFB, 0x00, 0x00, 0x00, 0x00, 0x00, 0x26 ; file 1BC70D
db 0x1A, 0xFB, 0x00, 0x17, 0x31, 0x25, 0x00, 0x00, 0x00, 0x00, 0x00, 0x27, 0x1B, 0x08, 0x00, 0x17 ; file 1BC71D
db 0x31, 0x4F, 0x00, 0x00, 0x00, 0x00, 0x00, 0x28, 0x1B, 0x15, 0x00, 0x17, 0x31, 0x79, 0x00, 0x00 ; file 1BC72D
db 0x00, 0x00, 0x00, 0x29, 0x1B, 0x1C, 0x00, 0x17, 0x31, 0xB3, 0x00, 0x00, 0x00, 0x00, 0x00, 0x2A ; file 1BC73D
db 0x1B, 0x22, 0x00, 0x17, 0x31, 0xE5, 0x00, 0x00, 0x00, 0x00, 0x00, 0x2B, 0x1B, 0x28, 0x00, 0x17 ; file 1BC74D
db 0x32, 0x17, 0x00, 0x00, 0x00, 0x00, 0x00, 0x2C, 0x1B, 0x33, 0x00, 0x17, 0x32, 0x49, 0x00, 0x00 ; file 1BC75D
db 0x00, 0x00, 0x00, 0x2D, 0x1B, 0x43, 0x00, 0x17, 0x32, 0x7B, 0x00, 0x00, 0x00, 0x00, 0x00, 0x2E ; file 1BC76D
db 0x1B, 0x51, 0x00, 0x17, 0x32, 0xB5, 0x00, 0x00, 0x00, 0x00, 0x00, 0x30, 0x1B, 0x61, 0x00, 0x17 ; file 1BC77D
db 0x32, 0xE7, 0x00, 0x00, 0x00, 0x00, 0x00, 0x31, 0x1B, 0x6F, 0x00, 0x17, 0x33, 0x19, 0x00, 0x00 ; file 1BC78D
db 0x00, 0x00, 0x00, 0x32, 0x1B, 0x7D, 0x00, 0x17, 0x33, 0x4B, 0x00, 0x00, 0x00, 0x00, 0x00, 0x33 ; file 1BC79D
db 0x1B, 0x8D, 0x00, 0x17, 0x33, 0x7D, 0x00, 0x00, 0x00, 0x00, 0x00, 0x34, 0x1B, 0x9D, 0x00, 0x17 ; file 1BC7AD
db 0x33, 0xAF, 0x00, 0x00, 0x00, 0x00, 0x00, 0x37, 0x1B, 0xA8, 0x00, 0x17, 0x33, 0xE1, 0x00, 0x00 ; file 1BC7BD
db 0x00, 0x00, 0x00, 0x38, 0x1B, 0xB7, 0x00, 0x17, 0x33, 0xFB, 0x00, 0x00, 0x00, 0x00, 0x00, 0x39 ; file 1BC7CD
db 0x1B, 0xBF, 0x00, 0x17, 0x34, 0x2D, 0x00, 0x00, 0x00, 0x00, 0x00, 0x3A, 0x1B, 0xC8, 0x00, 0x17 ; file 1BC7DD
db 0x34, 0x5F, 0x00, 0x00, 0x00, 0x00, 0x00, 0x3B, 0x1B, 0xCD, 0x00, 0x17, 0x34, 0x89, 0x00, 0x00 ; file 1BC7ED
db 0x00, 0x00, 0x00, 0x3C, 0x1B, 0xDB, 0x00, 0x17, 0x34, 0xB3, 0x00, 0x00, 0x00, 0x00, 0x00, 0x3D ; file 1BC7FD
db 0x1B, 0xE7, 0x00, 0x17, 0x34, 0xE5, 0x00, 0x00, 0x00, 0x00, 0x00, 0x3E, 0x1B, 0xF5, 0x00, 0x17 ; file 1BC80D
db 0x35, 0x17, 0x00, 0x00, 0x00, 0x00, 0x00, 0x3F, 0x1C, 0x03, 0x00, 0x17, 0x35, 0x49, 0x00, 0x00 ; file 1BC81D
db 0x00, 0x00, 0x00, 0x40, 0x1C, 0x11, 0x00, 0x17, 0x35, 0x7B, 0x00, 0x00, 0x00, 0x00, 0x00, 0x41 ; file 1BC82D
db 0x1C, 0x1D, 0x00, 0x17, 0x35, 0xA5, 0x00, 0x00, 0x00, 0x00, 0x00, 0x42, 0x1C, 0x26, 0x00, 0x17 ; file 1BC83D
db 0x35, 0xD7, 0x00, 0x00, 0x00, 0x00, 0x00, 0x43, 0x1C, 0x30, 0x00, 0x17, 0x36, 0x01, 0x00, 0x00 ; file 1BC84D
db 0x00, 0x00, 0x00, 0x44, 0x1C, 0x3D, 0x00, 0x17, 0x36, 0x2B, 0x00, 0x00, 0x00, 0x00, 0x00, 0x45 ; file 1BC85D
db 0x1C, 0x42, 0x00, 0x17, 0x36, 0x55, 0x00, 0x00, 0x00, 0x00, 0x00, 0x46, 0x1C, 0x4F, 0x00, 0x17 ; file 1BC86D
db 0x36, 0x7F, 0x00, 0x00, 0x00, 0x00, 0x00, 0x47, 0x1C, 0x57, 0x00, 0x17, 0x36, 0xB1, 0x00, 0x00 ; file 1BC87D
db 0x00, 0x00, 0x00, 0x48, 0x1C, 0x60, 0x00, 0x17, 0x36, 0xE3, 0x00, 0x00, 0x00, 0x00, 0x00, 0x49 ; file 1BC88D
db 0x1C, 0x68, 0x00, 0x17, 0x37, 0x1D, 0x00, 0x00, 0x00, 0x00, 0x00, 0x4A, 0x1C, 0x6E, 0x00, 0x17 ; file 1BC89D
db 0x37, 0x4F, 0x00, 0x00, 0x00, 0x00, 0x00, 0x4B, 0x1C, 0x77, 0x00, 0x17, 0x37, 0x89, 0x00, 0x00 ; file 1BC8AD
db 0x00, 0x00, 0x00, 0x4C, 0x1C, 0x81, 0x00, 0x17, 0x37, 0xBB, 0x00, 0x00, 0x00, 0x00, 0x00, 0x4D ; file 1BC8BD
db 0x1C, 0x8D, 0x00, 0x17, 0x37, 0xED, 0x00, 0x00, 0x00, 0x00, 0x00, 0x4E, 0x1C, 0x98, 0x00, 0x17 ; file 1BC8CD
db 0x38, 0x1F, 0x00, 0x00, 0x00, 0x00, 0x00, 0x4F, 0x1C, 0xA0, 0x00, 0x17, 0x38, 0x59, 0x00, 0x00 ; file 1BC8DD
db 0x00, 0x00, 0x00, 0x50, 0x1C, 0xA8, 0x00, 0x17, 0x38, 0x73, 0x00, 0x00, 0x00, 0x00, 0x00, 0x51 ; file 1BC8ED
db 0x1C, 0xB8, 0x00, 0x17, 0x38, 0xB5, 0x00, 0x00, 0x00, 0x00, 0x00, 0x52, 0x1C, 0xCA, 0x00, 0x17 ; file 1BC8FD
db 0x38, 0xF7, 0x00, 0x00, 0x00, 0x00, 0x00, 0x53, 0x1C, 0xE0, 0x00, 0x17, 0x39, 0x31, 0x00, 0x00 ; file 1BC90D
db 0x00, 0x00, 0x00, 0x54, 0x1C, 0xF4, 0x00, 0x17, 0x39, 0x6B, 0x00, 0x00, 0x00, 0x00, 0x00, 0x55 ; file 1BC91D
db 0x1D, 0x05, 0x00, 0x17, 0x39, 0xA5, 0x00, 0x00, 0x00, 0x00, 0x00, 0x56, 0x1D, 0x14, 0x00, 0x17 ; file 1BC92D
db 0x39, 0xDF, 0x00, 0x00, 0x00, 0x00, 0x00, 0x57, 0x1D, 0x23, 0x00, 0x17, 0x39, 0xF9, 0x00, 0x00 ; file 1BC93D
db 0x00, 0x00, 0x00, 0x58, 0x1D, 0x39, 0x00, 0x17, 0x3A, 0x13, 0x00, 0x00, 0x00, 0x00, 0x00, 0x59 ; file 1BC94D
db 0x1D, 0x49, 0x00, 0x17, 0x3A, 0x45, 0x00, 0x00, 0x00, 0x00, 0x00, 0x5A, 0x1D, 0x56, 0x00, 0x17 ; file 1BC95D
db 0x3A, 0x77, 0x00, 0x00, 0x00, 0x00, 0x00, 0x5B, 0x1D, 0x68, 0x00, 0x17, 0x3A, 0xA9, 0x00, 0x00 ; file 1BC96D
db 0x00, 0x00, 0x00, 0x5C, 0x1D, 0x76, 0x00, 0x17, 0x3A, 0xDB, 0x00, 0x00, 0x00, 0x00, 0x00, 0x5D ; file 1BC97D
db 0x1D, 0x84, 0x00, 0x17, 0x3B, 0x0D, 0x00, 0x00, 0x00, 0x00, 0x00, 0x5E, 0x1D, 0x95, 0x00, 0x17 ; file 1BC98D
db 0x3B, 0x3F, 0x00, 0x00, 0x00, 0x00, 0x00, 0x5F, 0x1D, 0xA2, 0x00, 0x17, 0x3B, 0x71, 0x00, 0x00 ; file 1BC99D
db 0x00, 0x00, 0x00, 0x60, 0x1D, 0xB0, 0x00, 0x17, 0x3B, 0xA3, 0x00, 0x00, 0x00, 0x00, 0x00, 0x61 ; file 1BC9AD
db 0x1D, 0xBC, 0x00, 0x17, 0x3B, 0xBD, 0x00, 0x00, 0x00, 0x00, 0x00, 0x62, 0x1D, 0xCE, 0x00, 0x17 ; file 1BC9BD
db 0x3B, 0xD7, 0x00, 0x00, 0x00, 0x00, 0x00, 0x63, 0x1D, 0xDD, 0x00, 0x17, 0x3B, 0xF1, 0x00, 0x00 ; file 1BC9CD
db 0x00, 0x00, 0x00, 0x64, 0x1D, 0xEF, 0x00, 0x17, 0x3C, 0x0B, 0x00, 0x00, 0x00, 0x00, 0x00, 0x65 ; file 1BC9DD
db 0x1E, 0x01, 0x00, 0x17, 0x3C, 0x25, 0x00, 0x00, 0x00, 0x00, 0x00, 0x66, 0x1E, 0x10, 0x00, 0x17 ; file 1BC9ED
db 0x3C, 0x3F, 0x00, 0x00, 0x00, 0x00, 0x00, 0x67, 0x1E, 0x1E, 0x00, 0x17, 0x3C, 0x59, 0x00, 0x00 ; file 1BC9FD
db 0x00, 0x00, 0x00, 0x68, 0x1E, 0x2C, 0x00, 0x17, 0x3C, 0x73, 0x00, 0x00, 0x00, 0x00, 0x00, 0x69 ; file 1BCA0D
db 0x1E, 0x32, 0x00, 0x17, 0x3C, 0xA5, 0x00, 0x00, 0x00, 0x00, 0x00, 0x6A, 0x1E, 0x38, 0x00, 0x17 ; file 1BCA1D
db 0x3C, 0xD7, 0x00, 0x00, 0x00, 0x00, 0x00, 0x6B, 0x1E, 0x41, 0x00, 0x17, 0x3C, 0xF1, 0x00, 0x00 ; file 1BCA2D
db 0x00, 0x00, 0x00, 0x6C, 0x1E, 0x46, 0x00, 0x17, 0x3D, 0x0B, 0x00, 0x00, 0x00, 0x00, 0x00, 0x6D ; file 1BCA3D
db 0x1E, 0x4E, 0x00, 0x17, 0x3D, 0x3D, 0x00, 0x00, 0x00, 0x00, 0x00, 0x6E, 0x1E, 0x56, 0x00, 0x17 ; file 1BCA4D
db 0x3D, 0x67, 0x00, 0x00, 0x00, 0x00, 0x00, 0x6F, 0x1E, 0x5D, 0x00, 0x17, 0x3D, 0xA1, 0x00, 0x00 ; file 1BCA5D
db 0x00, 0x00, 0x00, 0x70, 0x1E, 0x64, 0x00, 0x17, 0x3D, 0xD3, 0x00, 0x00, 0x00, 0x00, 0x00, 0x71 ; file 1BCA6D
db 0x1E, 0x70, 0x00, 0x17, 0x3E, 0x0D, 0x00, 0x00, 0x00, 0x00, 0x00, 0x72, 0x1E, 0x76, 0x00, 0x17 ; file 1BCA7D
db 0x3E, 0x37, 0x00, 0x00, 0x00, 0x00, 0x00, 0x73, 0x1E, 0x81, 0x00, 0x17, 0x3E, 0x69, 0x00, 0x00 ; file 1BCA8D
db 0x00, 0x00, 0x00, 0x74, 0x1E, 0x8B, 0x00, 0x17, 0x3E, 0x93, 0x00, 0x00, 0x00, 0x00, 0x00, 0x75 ; file 1BCA9D
db 0x1E, 0x96, 0x00, 0x17, 0x3E, 0xAD, 0x00, 0x00, 0x00, 0x00, 0x00, 0x76, 0x1E, 0xA2, 0x00, 0x17 ; file 1BCAAD
db 0x3E, 0xC7, 0x00, 0x00, 0x00, 0x00, 0x00, 0x77, 0x1E, 0xAD, 0x00, 0x17, 0x3E, 0xE1, 0x00, 0x00 ; file 1BCABD
db 0x00, 0x00, 0x00, 0x78, 0x1E, 0xBC, 0x00, 0x17, 0x3E, 0xFB, 0x00, 0x00, 0x00, 0x00, 0x00, 0x79 ; file 1BCACD
db 0x1E, 0xCE, 0x00, 0x17, 0x3F, 0x15, 0x00, 0x00, 0x00, 0x00, 0x00, 0x7A, 0x1E, 0xDB, 0x00, 0x17 ; file 1BCADD
db 0x3F, 0x2F, 0x00, 0x00, 0x00, 0x00, 0x00, 0x7B, 0x1E, 0xE4, 0x00, 0x17, 0x3F, 0x49, 0x00, 0x00 ; file 1BCAED
db 0x00, 0x00, 0x00, 0x7C, 0x1E, 0xEF, 0x00, 0x17, 0x3F, 0x63, 0x00, 0x00, 0x00, 0x00, 0x00, 0x7D ; file 1BCAFD
db 0x1E, 0xFE, 0x00, 0x17, 0x3F, 0x7D, 0x00, 0x00, 0x00, 0x00, 0x00, 0x7F, 0x1F, 0x09, 0x00, 0x17 ; file 1BCB0D
db 0x3F, 0x97, 0x00, 0x00, 0x00, 0x00, 0x00, 0x00, 0x1F, 0x11, 0x00, 0x17, 0x3F, 0xB1, 0x00, 0x00 ; file 1BCB1D
db 0x00, 0x00, 0x00, 0x2F, 0x1F, 0x20, 0x00, 0x17, 0x3F, 0xEB, 0x00, 0x00, 0x00, 0x00, 0x00, 0x7E ; file 1BCB2D
db 0x1F, 0x28, 0x00, 0x17, 0x40, 0x1D, 0x00, 0x00, 0x00, 0x00, 0x00, 0x35, 0x1F, 0x33, 0x00, 0x17 ; file 1BCB3D
db 0x42, 0xC7, 0x00, 0x00, 0x00, 0x00, 0x00, 0x36, 0x1F, 0x3E, 0x00, 0x17, 0x42, 0xF9, 0x00, 0x00 ; file 1BCB4D
db 0x00, 0x00, 0x00, 0x0B, 0x1F, 0x4A, 0x00, 0x17, 0x43, 0x2B, 0x00, 0x00, 0x00, 0x00, 0x00, 0x00 ; file 1BCB5D
db 0x1F, 0x62, 0x00, 0x17, 0x76, 0x04, 0x00, 0x00, 0x00, 0x00, 0x7E, 0x2E, 0x1F, 0x71, 0x00, 0x17 ; file 1BCB6D
db 0x76, 0x32, 0x00, 0x00, 0x00, 0x00, 0x7E, 0x2F, 0x1F, 0x77, 0x00, 0x17, 0x79, 0x2E, 0x00, 0x00 ; file 1BCB7D
db 0x00, 0x00, 0x7E, 0x30, 0x1F, 0x7C, 0x00, 0x17, 0x84, 0x22, 0x00, 0x00, 0x00, 0x00, 0x7E, 0x31 ; file 1BCB8D
db 0x1F, 0x82, 0x00, 0x17, 0x8A, 0x7A, 0x00, 0x00, 0x00, 0x00, 0x7E, 0x32, 0x1F, 0x87, 0x00, 0x17 ; file 1BCB9D
db 0xA6, 0x3A, 0x00, 0x00, 0x00, 0x00, 0x7E, 0x33, 0x1F, 0x8D, 0x00, 0x17, 0xAE, 0x9A, 0x00, 0x00 ; file 1BCBAD
db 0x00, 0x00, 0x7E, 0x34, 0x1F, 0x93, 0x00, 0x17, 0xBE, 0x16, 0x00, 0x00, 0x00, 0x00, 0x7E, 0x35 ; file 1BCBBD
db 0x1F, 0x99, 0x00, 0x17, 0xC9, 0x46, 0x00, 0x00, 0x00, 0x00, 0x7E, 0x36, 0x1F, 0xA2, 0x00, 0x17 ; file 1BCBCD
db 0xCA, 0x12, 0x00, 0x00, 0x00, 0x00, 0x7E, 0x37, 0x1F, 0xAA, 0x00, 0x17, 0xD9, 0x8E, 0x00, 0x00 ; file 1BCBDD
db 0x00, 0x00, 0x7E, 0x38, 0x1F, 0xB3, 0x00, 0x17, 0xE1, 0x3A, 0x00, 0x00, 0x00, 0x00, 0x7E, 0x39 ; file 1BCBED
db 0x1F, 0xBB, 0x00, 0x17, 0xF3, 0xD6, 0x00, 0x00, 0x00, 0x00, 0x7E, 0x3A, 0x1F, 0xC0, 0x00, 0x18 ; file 1BCBFD
db 0x33, 0xC2, 0x00, 0x00, 0x00, 0x00, 0x7E, 0x3B, 0x1F, 0xC6, 0x00, 0x18, 0x3D, 0x8A, 0x00, 0x00 ; file 1BCC0D
db 0x00, 0x00, 0x7E, 0x3C, 0x1F, 0xCC, 0x00, 0x18, 0x45, 0x5E, 0x00, 0x00, 0x00, 0x00, 0x7E, 0x3D ; file 1BCC1D
db 0x1F, 0xD2, 0x00, 0x18, 0x4A, 0x62, 0x00, 0x00, 0x00, 0x00, 0x7E, 0x3E, 0x1F, 0xD8, 0x00, 0x18 ; file 1BCC2D
db 0x53, 0x26, 0x00, 0x00, 0x00, 0x00, 0x7E, 0x3F, 0x1F, 0xDE, 0x00, 0x18, 0x56, 0x86, 0x00, 0x00 ; file 1BCC3D
db 0x00, 0x00, 0x7E, 0x40, 0x1F, 0xE3, 0x00, 0x18, 0x81, 0x32, 0x00, 0x00, 0x00, 0x00, 0x7E, 0x41 ; file 1BCC4D
db 0x1F, 0xE8, 0x00, 0x18, 0x84, 0xA6, 0x00, 0x00, 0x00, 0x00, 0x7E, 0x42, 0x1F, 0xEF, 0x00, 0x18 ; file 1BCC5D
db 0x8A, 0x36, 0x00, 0x00, 0x00, 0x00, 0x7E, 0x43, 0x1F, 0xF9, 0x00, 0x18, 0x98, 0xAE, 0x00, 0x00 ; file 1BCC6D
db 0x00, 0x00, 0x7E, 0x44, 0x20, 0x00, 0x00, 0x18, 0xB2, 0xF7, 0x00, 0x00, 0x00, 0x00, 0x7E, 0x45 ; file 1BCC7D
db 0x20, 0x06, 0x00, 0x18, 0xBC, 0x4F, 0x00, 0x00, 0x00, 0x00, 0x7E, 0x46, 0x20, 0x0D, 0x00, 0x18 ; file 1BCC8D
db 0xD9, 0x18, 0x00, 0x00, 0x00, 0x00, 0x7E, 0x47, 0x20, 0x14, 0x00, 0x18, 0xDF, 0x92, 0x00, 0x00 ; file 1BCC9D
db 0x00, 0x00, 0x7E, 0x48, 0x20, 0x1A, 0x00, 0x18, 0xE7, 0xCA, 0x00, 0x00, 0x00, 0x00, 0x7E, 0x49 ; file 1BCCAD
db 0x20, 0x23, 0x00, 0x18, 0xE9, 0xA0, 0x00, 0x00, 0x00, 0x00, 0x7E, 0x4A, 0x20, 0x2A, 0x00, 0x18 ; file 1BCCBD
db 0xFF, 0x4E, 0x00, 0x00, 0x00, 0x00, 0x7E, 0x4B, 0x20, 0x31, 0x00, 0x19, 0x0B, 0xB3, 0x00, 0x00 ; file 1BCCCD
db 0x00, 0x00, 0x7E, 0x4C, 0x20, 0x37, 0x00, 0x19, 0x10, 0xFC, 0x00, 0x00, 0x00, 0x00, 0x7E, 0x4D ; file 1BCCDD
db 0x20, 0x3E, 0x00, 0x19, 0x1A, 0x8A, 0x00, 0x00, 0x00, 0x00, 0x7E, 0x4E, 0x20, 0x48, 0x00, 0x19 ; file 1BCCED
db 0x1E, 0xCC, 0x00, 0x00, 0x00, 0x00, 0x7E, 0x4F, 0x20, 0x4E, 0x00, 0x19, 0x2B, 0x14, 0x00, 0x00 ; file 1BCCFD
db 0x00, 0x00, 0x7E, 0x50, 0x20, 0x55, 0x00, 0x19, 0x3F, 0x39, 0x00, 0x00, 0x00, 0x00, 0x7E, 0x51 ; file 1BCD0D
db 0x20, 0x5C, 0x00, 0x19, 0x4B, 0xD5, 0x00, 0x00, 0x00, 0x00, 0x7E, 0x53, 0x20, 0x62, 0x00, 0x19 ; file 1BCD1D
db 0x53, 0x2A, 0x00, 0x00, 0x00, 0x00, 0x7E, 0x54, 0x20, 0x69, 0x00, 0x19, 0x5B, 0xA6, 0x00, 0x00 ; file 1BCD2D
db 0x00, 0x00, 0x7E, 0x55, 0x20, 0x72, 0x00, 0x19, 0x69, 0xEE, 0x00, 0x00, 0x00, 0x00, 0x7E, 0x56 ; file 1BCD3D
db 0x20, 0x79, 0x00, 0x19, 0x79, 0x7F, 0x00, 0x00, 0x00, 0x00, 0x7E, 0x57, 0x20, 0x80, 0x00, 0x19 ; file 1BCD4D
db 0x7E, 0xCD, 0x00, 0x00, 0x00, 0x00, 0x7E, 0x58, 0x20, 0x86, 0x00, 0x19, 0x82, 0x1B, 0x00, 0x00 ; file 1BCD5D
db 0x00, 0x00, 0x7E, 0x5A, 0x20, 0x8C, 0x00, 0x19, 0x86, 0x84, 0x00, 0x00, 0x00, 0x00, 0x7E, 0x52 ; file 1BCD6D
db 0x20, 0x94, 0x00, 0x1A, 0x40, 0xBC, 0x00, 0x00, 0x00, 0x00, 0x7E, 0x59, 0x20, 0x9B, 0x00, 0x1A ; file 1BCD7D
db 0x5A, 0x3C, 0x00, 0x00, 0x00, 0x00, 0x4E, 0x20, 0x20, 0xA6, 0x00, 0x1A, 0x9D, 0x67, 0x00, 0x00 ; file 1BCD8D
db 0x00, 0x00, 0x7E, 0xA7, 0x20, 0xAA, 0x00, 0x1B, 0x9D, 0x6B, 0x00, 0x00, 0x00, 0x00, 0x00, 0x80 ; file 1BCD9D
db 0xFF, 0xFF, 0x00, 0x1B, 0x9D, 0x87, 0x00, 0x00, 0x00, 0x00, 0x00, 0x80, 0xFF, 0xFF, 0x00, 0x1B ; file 1BCDAD
db 0x9D, 0xBB, 0x00, 0x00, 0x00, 0x00, 0x01, 0x00, 0x20, 0xAF, 0x00, 0x1B, 0x9D, 0xDB, 0x00, 0x00 ; file 1BCDBD
db 0x00, 0x00, 0x01, 0x01, 0xFF, 0xFF, 0x00, 0x1B, 0x9D, 0xEF, 0x00, 0x00, 0x00, 0x00, 0x01, 0x2C ; file 1BCDCD
db 0xFF, 0xFF, 0x00, 0x1B, 0x9E, 0x37, 0x00, 0x00, 0x00, 0x00, 0x01, 0x2D, 0xFF, 0xFF, 0x00, 0x1B ; file 1BCDDD
db 0x9E, 0x7F, 0x00, 0x00, 0x00, 0x00, 0x01, 0x2E, 0xFF, 0xFF, 0x00, 0x1B, 0x9E, 0xC7, 0x00, 0x00 ; file 1BCDED
db 0x00, 0x00, 0x01, 0x2F, 0xFF, 0xFF, 0x00, 0x1B, 0x9F, 0x0F, 0x00, 0x00, 0x00, 0x00, 0x01, 0x30 ; file 1BCDFD
db 0xFF, 0xFF, 0x00, 0x1B, 0x9F, 0x57, 0x00, 0x00, 0x00, 0x00, 0x01, 0x31, 0xFF, 0xFF, 0x00, 0x1B ; file 1BCE0D
db 0x9F, 0x9F, 0x00, 0x00, 0x00, 0x00, 0x01, 0x32, 0xFF, 0xFF, 0x00, 0x1B, 0x9F, 0xE7, 0x00, 0x00 ; file 1BCE1D
db 0x00, 0x00, 0x00, 0x80, 0xFF, 0xFF, 0x00, 0x1B, 0xA0, 0x2F, 0x00, 0x00, 0x00, 0x00, 0x00, 0x80 ; file 1BCE2D
db 0x20, 0xB7, 0x00, 0x1B, 0xA0, 0x3A, 0x00, 0x00, 0x00, 0x00, 0x00, 0x81, 0x20, 0xB9, 0x00, 0x1B ; file 1BCE3D
db 0xA0, 0x76, 0x00, 0x00, 0x00, 0x00, 0x00, 0x82, 0x20, 0xBE, 0x00, 0x1B, 0xA1, 0x5E, 0x00, 0x00 ; file 1BCE4D
db 0x00, 0x00, 0x00, 0x83, 0x20, 0xC3, 0x00, 0x1B, 0xA1, 0xEE, 0x00, 0x00, 0x00, 0x00, 0x00, 0x80 ; file 1BCE5D
db 0xFF, 0xFF, 0x00, 0x1B, 0xA2, 0x3E, 0x00, 0x00, 0x00, 0x00, 0x00, 0x80, 0xFF, 0xFF, 0x00, 0x1B ; file 1BCE6D
db 0xA4, 0x42, 0x00, 0x00, 0x00, 0x00, 0x00, 0x80, 0xFF, 0xFF, 0x00, 0x1B, 0xA8, 0x46, 0x00, 0x00 ; file 1BCE7D
db 0x00, 0x00, 0x00, 0x80, 0xFF, 0xFF, 0x00, 0x1B, 0xA9, 0x4A, 0x00, 0x00, 0x00, 0x00, 0x00, 0x80 ; file 1BCE8D
db 0xFF, 0xFF, 0x00, 0x1B, 0xA9, 0x8E, 0x00, 0x00, 0x00, 0x00, 0x00, 0x80, 0xFF, 0xFF, 0x00, 0x1B ; file 1BCE9D
db 0xAA, 0x12, 0x00, 0x00, 0x00, 0x00, 0x00, 0x80, 0xFF, 0xFF, 0x04, 0x1B, 0xAB, 0x16, 0x00, 0x00 ; file 1BCEAD
db 0x00, 0x00, 0x00, 0x81, 0xFF, 0xFF, 0x04, 0x1B, 0xAB, 0x4C, 0x00, 0x00, 0x00, 0x00, 0x00, 0x80 ; file 1BCEBD
db 0xFF, 0xFF, 0x00, 0x1B, 0xAB, 0xA4, 0x00, 0x00, 0x00, 0x00, 0xBF, 0xF4, 0xFF, 0xFF, 0x00, 0x1B ; file 1BCECD
db 0xAB, 0xC8, 0x00, 0x00, 0x00, 0x00, 0x01, 0x6F, 0xFF, 0xFF, 0x20, 0x1B, 0xAB, 0xD3, 0x00, 0x00 ; file 1BCEDD
db 0x00, 0x00, 0x00, 0x80, 0xFF, 0xFF, 0x00, 0x1B, 0xAC, 0x89, 0x00, 0x00, 0x00, 0x00, 0x00, 0x81 ; file 1BCEED
db 0xFF, 0xFF, 0x00, 0x1B, 0xAC, 0x90, 0x00, 0x00, 0x00, 0x00, 0x01, 0x70, 0xFF, 0xFF, 0x20, 0x1B ; file 1BCEFD
db 0xAC, 0xB0, 0x00, 0x00, 0x00, 0x00, 0x01, 0xF4, 0xFF, 0xFF, 0x04, 0x1B, 0xAC, 0xBA, 0x00, 0x00 ; file 1BCF0D
db 0x00, 0x00, 0x00, 0x01, 0xFF, 0xFF, 0x20, 0x1B, 0xAC, 0xC2, 0x00, 0x00, 0x00, 0x00, 0x00, 0x80 ; file 1BCF1D
db 0xFF, 0xFF, 0x24, 0x1B, 0xAC, 0xD4, 0x00, 0x00, 0x00, 0x00, 0x12, 0x30, 0x36, 0x35, 0x20, 0x41 ; file 1BCF2D
db 0x6C, 0x74, 0x6F, 0x20, 0x53, 0x61, 0x78, 0x20, 0x28, 0x45, 0x62, 0x31, 0x29, 0x10, 0x30, 0x33 ; file 1BCF3D
db 0x36, 0x20, 0x28, 0x43, 0x31, 0x29, 0x20, 0x42, 0x61, 0x73, 0x73, 0x44, 0x72, 0x31, 0x0F, 0x30 ; file 1BCF4D
db 0x31, 0x38, 0x20, 0x28, 0x46, 0x23, 0x2D, 0x31, 0x29, 0x20, 0x4B, 0x69, 0x63, 0x6B, 0x17, 0x30 ; file 1BCF5D
db 0x32, 0x30, 0x20, 0x28, 0x47, 0x23, 0x2D, 0x31, 0x29, 0x20, 0x50, 0x6F, 0x77, 0x65, 0x72, 0x54 ; file 1BCF6D
db 0x6F, 0x6D, 0x4C, 0x6F, 0x77, 0x32, 0x16, 0x30, 0x32, 0x31, 0x20, 0x28, 0x41, 0x2D, 0x31, 0x29 ; file 1BCF7D
db 0x20, 0x50, 0x6F, 0x77, 0x65, 0x72, 0x54, 0x6F, 0x6D, 0x4C, 0x6F, 0x77, 0x31, 0x17, 0x30, 0x32 ; file 1BCF8D
db 0x32, 0x20, 0x28, 0x41, 0x23, 0x2D, 0x31, 0x29, 0x20, 0x50, 0x6F, 0x77, 0x65, 0x72, 0x54, 0x6F ; file 1BCF9D
db 0x6D, 0x4D, 0x69, 0x64, 0x32, 0x16, 0x30, 0x32, 0x33, 0x20, 0x28, 0x42, 0x2D, 0x31, 0x29, 0x20 ; file 1BCFAD
db 0x50, 0x6F, 0x77, 0x65, 0x72, 0x54, 0x6F, 0x6D, 0x4D, 0x69, 0x64, 0x31, 0x14, 0x30, 0x32, 0x34 ; file 1BCFBD
db 0x20, 0x28, 0x43, 0x30, 0x29, 0x20, 0x50, 0x6F, 0x77, 0x65, 0x72, 0x54, 0x6F, 0x6D, 0x48, 0x69 ; file 1BCFCD
db 0x32, 0x15, 0x30, 0x32, 0x35, 0x20, 0x28, 0x43, 0x23, 0x30, 0x29, 0x20, 0x50, 0x6F, 0x77, 0x65 ; file 1BCFDD
db 0x72, 0x54, 0x6F, 0x6D, 0x48, 0x69, 0x31, 0x0F, 0x30, 0x32, 0x37, 0x20, 0x28, 0x44, 0x23, 0x30 ; file 1BCFED
db 0x29, 0x20, 0x48, 0x69, 0x67, 0x68, 0x51, 0x0D, 0x30, 0x32, 0x38, 0x20, 0x28, 0x45, 0x30, 0x29 ; file 1BCFFD
db 0x20, 0x53, 0x6C, 0x61, 0x70, 0x16, 0x30, 0x33, 0x32, 0x20, 0x28, 0x47, 0x23, 0x30, 0x29, 0x20 ; file 1BD00D
db 0x53, 0x71, 0x75, 0x61, 0x72, 0x65, 0x20, 0x43, 0x6C, 0x69, 0x63, 0x6B, 0x18, 0x30, 0x33, 0x33 ; file 1BD01D
db 0x20, 0x28, 0x41, 0x30, 0x29, 0x20, 0x4D, 0x65, 0x74, 0x72, 0x6F, 0x6E, 0x6F, 0x6D, 0x65, 0x20 ; file 1BD02D
db 0x43, 0x6C, 0x69, 0x63, 0x6B, 0x18, 0x30, 0x33, 0x34, 0x20, 0x28, 0x41, 0x23, 0x30, 0x29, 0x20 ; file 1BD03D
db 0x4D, 0x65, 0x74, 0x72, 0x6F, 0x6E, 0x6F, 0x6D, 0x65, 0x20, 0x42, 0x65, 0x6C, 0x6C, 0x12, 0x30 ; file 1BD04D
db 0x33, 0x35, 0x20, 0x28, 0x42, 0x30, 0x29, 0x20, 0x41, 0x63, 0x20, 0x42, 0x61, 0x73, 0x73, 0x44 ; file 1BD05D
db 0x72, 0x11, 0x30, 0x34, 0x30, 0x20, 0x28, 0x45, 0x31, 0x29, 0x20, 0x41, 0x63, 0x53, 0x6E, 0x61 ; file 1BD06D
db 0x72, 0x65, 0x32, 0x14, 0x30, 0x34, 0x31, 0x20, 0x28, 0x46, 0x31, 0x29, 0x20, 0x4C, 0x6F, 0x77 ; file 1BD07D
db 0x20, 0x46, 0x6C, 0x2E, 0x20, 0x54, 0x6F, 0x6D, 0x13, 0x30, 0x34, 0x33, 0x20, 0x28, 0x47, 0x31 ; file 1BD08D
db 0x29, 0x20, 0x48, 0x69, 0x20, 0x46, 0x6C, 0x2E, 0x20, 0x54, 0x6F, 0x6D, 0x12, 0x30, 0x34, 0x34 ; file 1BD09D
db 0x20, 0x28, 0x47, 0x23, 0x31, 0x29, 0x20, 0x50, 0x65, 0x64, 0x61, 0x6C, 0x20, 0x48, 0x48, 0x10 ; file 1BD0AD
db 0x30, 0x34, 0x35, 0x20, 0x28, 0x41, 0x31, 0x29, 0x20, 0x4C, 0x6F, 0x77, 0x20, 0x54, 0x6F, 0x6D ; file 1BD0BD
db 0x11, 0x30, 0x34, 0x36, 0x20, 0x28, 0x41, 0x23, 0x31, 0x29, 0x20, 0x4F, 0x70, 0x65, 0x6E, 0x20 ; file 1BD0CD
db 0x48, 0x48, 0x14, 0x30, 0x34, 0x37, 0x20, 0x28, 0x42, 0x31, 0x29, 0x20, 0x4C, 0x6F, 0x77, 0x2D ; file 1BD0DD
db 0x4D, 0x69, 0x64, 0x2D, 0x54, 0x6F, 0x6D, 0x13, 0x30, 0x34, 0x38, 0x20, 0x28, 0x43, 0x32, 0x29 ; file 1BD0ED
db 0x20, 0x48, 0x69, 0x2D, 0x4D, 0x69, 0x64, 0x2D, 0x54, 0x6F, 0x6D, 0x11, 0x30, 0x34, 0x39, 0x20 ; file 1BD0FD
db 0x28, 0x43, 0x23, 0x32, 0x29, 0x20, 0x54, 0x6F, 0x70, 0x43, 0x79, 0x6D, 0x31, 0x11, 0x30, 0x35 ; file 1BD10D
db 0x30, 0x20, 0x28, 0x44, 0x32, 0x29, 0x20, 0x48, 0x69, 0x67, 0x68, 0x20, 0x54, 0x6F, 0x6D, 0x12 ; file 1BD11D
db 0x30, 0x35, 0x31, 0x20, 0x28, 0x44, 0x23, 0x32, 0x29, 0x20, 0x53, 0x69, 0x64, 0x65, 0x43, 0x79 ; file 1BD12D
db 0x6D, 0x31, 0x12, 0x30, 0x35, 0x32, 0x20, 0x28, 0x45, 0x32, 0x29, 0x20, 0x43, 0x68, 0x69, 0x6E ; file 1BD13D
db 0x61, 0x43, 0x79, 0x6D, 0x2E, 0x12, 0x30, 0x35, 0x33, 0x20, 0x28, 0x46, 0x31, 0x29, 0x20, 0x52 ; file 1BD14D
db 0x69, 0x64, 0x65, 0x20, 0x42, 0x65, 0x6C, 0x6C, 0x13, 0x30, 0x35, 0x35, 0x20, 0x28, 0x47, 0x32 ; file 1BD15D
db 0x29, 0x20, 0x53, 0x70, 0x6C, 0x61, 0x73, 0x68, 0x20, 0x43, 0x79, 0x6D, 0x11, 0x30, 0x35, 0x36 ; file 1BD16D
db 0x20, 0x28, 0x47, 0x23, 0x32, 0x29, 0x20, 0x43, 0x6F, 0x77, 0x62, 0x65, 0x6C, 0x6C, 0x10, 0x30 ; file 1BD17D
db 0x35, 0x37, 0x20, 0x28, 0x41, 0x32, 0x29, 0x20, 0x54, 0x6F, 0x70, 0x43, 0x79, 0x6D, 0x32, 0x13 ; file 1BD18D
db 0x30, 0x35, 0x38, 0x20, 0x28, 0x41, 0x23, 0x32, 0x29, 0x20, 0x56, 0x69, 0x62, 0x72, 0x61, 0x73 ; file 1BD19D
db 0x6C, 0x61, 0x70, 0x11, 0x30, 0x35, 0x39, 0x20, 0x28, 0x42, 0x32, 0x29, 0x20, 0x53, 0x69, 0x64 ; file 1BD1AD
db 0x65, 0x43, 0x79, 0x6D, 0x32, 0x11, 0x30, 0x36, 0x30, 0x20, 0x28, 0x43, 0x33, 0x29, 0x20, 0x48 ; file 1BD1BD
db 0x69, 0x20, 0x42, 0x6F, 0x6E, 0x67, 0x6F, 0x12, 0x30, 0x36, 0x31, 0x20, 0x28, 0x43, 0x23, 0x33 ; file 1BD1CD
db 0x29, 0x20, 0x4C, 0x6F, 0x20, 0x42, 0x6F, 0x6E, 0x67, 0x6F, 0x16, 0x30, 0x36, 0x32, 0x20, 0x28 ; file 1BD1DD
db 0x44, 0x33, 0x29, 0x20, 0x4D, 0x75, 0x74, 0x65, 0x20, 0x48, 0x69, 0x20, 0x43, 0x6F, 0x6E, 0x67 ; file 1BD1ED
db 0x61, 0x17, 0x30, 0x36, 0x33, 0x20, 0x28, 0x44, 0x23, 0x33, 0x29, 0x20, 0x4F, 0x70, 0x65, 0x6E ; file 1BD1FD
db 0x20, 0x48, 0x69, 0x20, 0x43, 0x6F, 0x6E, 0x67, 0x61, 0x11, 0x30, 0x36, 0x34, 0x20, 0x28, 0x45 ; file 1BD20D
db 0x33, 0x29, 0x20, 0x4C, 0x6F, 0x20, 0x43, 0x6F, 0x6E, 0x67, 0x61, 0x15, 0x30, 0x36, 0x35, 0x20 ; file 1BD21D
db 0x28, 0x46, 0x33, 0x29, 0x20, 0x48, 0x69, 0x67, 0x68, 0x20, 0x54, 0x69, 0x6D, 0x62, 0x61, 0x6C ; file 1BD22D
db 0x65, 0x15, 0x30, 0x36, 0x36, 0x20, 0x28, 0x46, 0x23, 0x33, 0x29, 0x20, 0x4C, 0x6F, 0x77, 0x20 ; file 1BD23D
db 0x54, 0x69, 0x6D, 0x62, 0x61, 0x6C, 0x65, 0x13, 0x30, 0x37, 0x34, 0x20, 0x28, 0x44, 0x34, 0x29 ; file 1BD24D
db 0x20, 0x4C, 0x6F, 0x6E, 0x67, 0x20, 0x47, 0x75, 0x69, 0x72, 0x6F, 0x10, 0x30, 0x37, 0x35, 0x20 ; file 1BD25D
db 0x28, 0x44, 0x23, 0x34, 0x29, 0x20, 0x43, 0x6C, 0x61, 0x76, 0x65, 0x73, 0x13, 0x30, 0x37, 0x39 ; file 1BD26D
db 0x20, 0x28, 0x47, 0x34, 0x29, 0x20, 0x4F, 0x70, 0x65, 0x6E, 0x20, 0x43, 0x75, 0x69, 0x63, 0x61 ; file 1BD27D
db 0x16, 0x30, 0x38, 0x31, 0x20, 0x28, 0x41, 0x34, 0x29, 0x20, 0x4F, 0x70, 0x65, 0x6E, 0x20, 0x54 ; file 1BD28D
db 0x72, 0x69, 0x61, 0x6E, 0x67, 0x6C, 0x65, 0x12, 0x30, 0x38, 0x36, 0x20, 0x28, 0x44, 0x35, 0x29 ; file 1BD29D
db 0x20, 0x4D, 0x75, 0x74, 0x65, 0x53, 0x75, 0x72, 0x64, 0x6F, 0x14, 0x30, 0x38, 0x37, 0x20, 0x28 ; file 1BD2AD
db 0x44, 0x23, 0x35, 0x29, 0x20, 0x4F, 0x70, 0x65, 0x6E, 0x20, 0x53, 0x75, 0x72, 0x64, 0x6F, 0x10 ; file 1BD2BD
db 0x30, 0x38, 0x38, 0x20, 0x28, 0x45, 0x35, 0x29, 0x20, 0x45, 0x6C, 0x65, 0x63, 0x20, 0x42, 0x44 ; file 1BD2CD
db 0x17, 0x30, 0x39, 0x30, 0x20, 0x28, 0x46, 0x23, 0x35, 0x29, 0x20, 0x45, 0x6C, 0x65, 0x63, 0x2E ; file 1BD2DD
db 0x20, 0x4C, 0x6F, 0x20, 0x54, 0x6F, 0x6D, 0x32, 0x16, 0x30, 0x39, 0x31, 0x20, 0x28, 0x47, 0x35 ; file 1BD2ED
db 0x29, 0x20, 0x45, 0x6C, 0x65, 0x63, 0x2E, 0x20, 0x4C, 0x6F, 0x20, 0x54, 0x6F, 0x6D, 0x31, 0x16 ; file 1BD2FD
db 0x30, 0x39, 0x32, 0x20, 0x28, 0x47, 0x23, 0x35, 0x29, 0x20, 0x45, 0x6C, 0x65, 0x63, 0x4D, 0x69 ; file 1BD30D
db 0x64, 0x20, 0x54, 0x6F, 0x6D, 0x32, 0x16, 0x30, 0x39, 0x33, 0x20, 0x28, 0x41, 0x35, 0x29, 0x20 ; file 1BD31D
db 0x45, 0x6C, 0x65, 0x63, 0x20, 0x4D, 0x69, 0x64, 0x20, 0x54, 0x6F, 0x6D, 0x31, 0x16, 0x30, 0x39 ; file 1BD32D
db 0x34, 0x20, 0x28, 0x41, 0x23, 0x35, 0x29, 0x20, 0x45, 0x6C, 0x65, 0x63, 0x20, 0x48, 0x69, 0x20 ; file 1BD33D
db 0x54, 0x6F, 0x6D, 0x32, 0x15, 0x30, 0x39, 0x35, 0x20, 0x28, 0x42, 0x35, 0x29, 0x20, 0x45, 0x6C ; file 1BD34D
db 0x65, 0x63, 0x20, 0x48, 0x69, 0x20, 0x54, 0x6F, 0x6D, 0x31, 0x13, 0x30, 0x39, 0x38, 0x20, 0x28 ; file 1BD35D
db 0x44, 0x36, 0x29, 0x20, 0x42, 0x72, 0x75, 0x73, 0x68, 0x20, 0x53, 0x6C, 0x61, 0x70, 0x15, 0x30 ; file 1BD36D
db 0x30, 0x31, 0x20, 0x42, 0x72, 0x69, 0x67, 0x68, 0x74, 0x20, 0x50, 0x69, 0x61, 0x6E, 0x6F, 0x20 ; file 1BD37D
db 0x28, 0x43, 0x32, 0x29, 0x15, 0x30, 0x30, 0x31, 0x20, 0x42, 0x72, 0x69, 0x67, 0x68, 0x74, 0x20 ; file 1BD38D
db 0x50, 0x69, 0x61, 0x6E, 0x6F, 0x20, 0x28, 0x43, 0x33, 0x29, 0x15, 0x30, 0x30, 0x31, 0x20, 0x42 ; file 1BD39D
db 0x72, 0x69, 0x67, 0x68, 0x74, 0x20, 0x50, 0x69, 0x61, 0x6E, 0x6F, 0x20, 0x28, 0x43, 0x34, 0x29 ; file 1BD3AD
db 0x15, 0x30, 0x30, 0x31, 0x20, 0x42, 0x72, 0x69, 0x67, 0x68, 0x74, 0x20, 0x50, 0x69, 0x61, 0x6E ; file 1BD3BD
db 0x6F, 0x20, 0x28, 0x43, 0x35, 0x29, 0x0F, 0x30, 0x30, 0x34, 0x20, 0x52, 0x68, 0x6F, 0x64, 0x65 ; file 1BD3CD
db 0x73, 0x20, 0x28, 0x43, 0x32, 0x29, 0x0F, 0x30, 0x30, 0x34, 0x20, 0x52, 0x68, 0x6F, 0x64, 0x65 ; file 1BD3DD
db 0x73, 0x20, 0x28, 0x43, 0x33, 0x29, 0x0F, 0x30, 0x30, 0x34, 0x20, 0x52, 0x68, 0x6F, 0x64, 0x65 ; file 1BD3ED
db 0x73, 0x20, 0x28, 0x43, 0x34, 0x29, 0x10, 0x30, 0x30, 0x38, 0x20, 0x43, 0x65, 0x6C, 0x65, 0x73 ; file 1BD3FD
db 0x74, 0x61, 0x20, 0x28, 0x43, 0x33, 0x29, 0x10, 0x30, 0x30, 0x38, 0x20, 0x43, 0x65, 0x6C, 0x65 ; file 1BD40D
db 0x73, 0x74, 0x61, 0x20, 0x28, 0x43, 0x36, 0x29, 0x15, 0x30, 0x30, 0x39, 0x20, 0x47, 0x6C, 0x6F ; file 1BD41D
db 0x63, 0x6B, 0x65, 0x6E, 0x73, 0x70, 0x69, 0x65, 0x6C, 0x20, 0x28, 0x43, 0x34, 0x29, 0x13, 0x30 ; file 1BD42D
db 0x31, 0x31, 0x20, 0x56, 0x69, 0x62, 0x72, 0x61, 0x70, 0x68, 0x6F, 0x6E, 0x65, 0x20, 0x28, 0x43 ; file 1BD43D
db 0x32, 0x29, 0x13, 0x30, 0x31, 0x31, 0x20, 0x56, 0x69, 0x62, 0x72, 0x61, 0x70, 0x68, 0x6F, 0x6E ; file 1BD44D
db 0x65, 0x20, 0x28, 0x43, 0x33, 0x29, 0x13, 0x30, 0x31, 0x31, 0x20, 0x56, 0x69, 0x62, 0x72, 0x61 ; file 1BD45D
db 0x70, 0x68, 0x6F, 0x6E, 0x65, 0x20, 0x28, 0x43, 0x34, 0x29, 0x13, 0x30, 0x31, 0x31, 0x20, 0x56 ; file 1BD46D
db 0x69, 0x62, 0x72, 0x61, 0x70, 0x68, 0x6F, 0x6E, 0x65, 0x20, 0x28, 0x43, 0x35, 0x29, 0x10, 0x30 ; file 1BD47D
db 0x31, 0x32, 0x20, 0x4D, 0x61, 0x72, 0x69, 0x6D, 0x62, 0x61, 0x20, 0x28, 0x43, 0x32, 0x29, 0x10 ; file 1BD48D
db 0x30, 0x31, 0x32, 0x20, 0x4D, 0x61, 0x72, 0x69, 0x6D, 0x62, 0x61, 0x20, 0x28, 0x43, 0x33, 0x29 ; file 1BD49D
db 0x10, 0x30, 0x31, 0x32, 0x20, 0x4D, 0x61, 0x72, 0x69, 0x6D, 0x62, 0x61, 0x20, 0x28, 0x43, 0x34 ; file 1BD4AD
db 0x29, 0x10, 0x30, 0x31, 0x32, 0x20, 0x4D, 0x61, 0x72, 0x69, 0x6D, 0x62, 0x61, 0x20, 0x28, 0x43 ; file 1BD4BD
db 0x35, 0x29, 0x12, 0x30, 0x31, 0x33, 0x20, 0x58, 0x79, 0x6C, 0x6F, 0x70, 0x68, 0x6F, 0x6E, 0x65 ; file 1BD4CD
db 0x20, 0x28, 0x43, 0x32, 0x29, 0x12, 0x30, 0x31, 0x33, 0x20, 0x58, 0x79, 0x6C, 0x6F, 0x70, 0x68 ; file 1BD4DD
db 0x6F, 0x6E, 0x65, 0x20, 0x28, 0x43, 0x33, 0x29, 0x12, 0x30, 0x31, 0x33, 0x20, 0x58, 0x79, 0x6C ; file 1BD4ED
db 0x6F, 0x70, 0x68, 0x6F, 0x6E, 0x65, 0x20, 0x28, 0x43, 0x34, 0x29, 0x12, 0x30, 0x31, 0x33, 0x20 ; file 1BD4FD
db 0x58, 0x79, 0x6C, 0x6F, 0x70, 0x68, 0x6F, 0x6E, 0x65, 0x20, 0x28, 0x43, 0x35, 0x29, 0x16, 0x30 ; file 1BD50D
db 0x31, 0x34, 0x20, 0x54, 0x75, 0x62, 0x75, 0x6C, 0x61, 0x72, 0x20, 0x42, 0x65, 0x6C, 0x6C, 0x73 ; file 1BD51D
db 0x20, 0x28, 0x43, 0x33, 0x29, 0x16, 0x30, 0x31, 0x36, 0x20, 0x48, 0x61, 0x6D, 0x6D, 0x6F, 0x6E ; file 1BD52D
db 0x64, 0x20, 0x4F, 0x72, 0x67, 0x61, 0x6E, 0x20, 0x28, 0x43, 0x32, 0x29, 0x16, 0x30, 0x31, 0x36 ; file 1BD53D
db 0x20, 0x48, 0x61, 0x6D, 0x6D, 0x6F, 0x6E, 0x64, 0x20, 0x4F, 0x72, 0x67, 0x61, 0x6E, 0x20, 0x28 ; file 1BD54D
db 0x43, 0x33, 0x29, 0x13, 0x30, 0x31, 0x38, 0x20, 0x52, 0x6F, 0x63, 0x6B, 0x20, 0x4F, 0x72, 0x67 ; file 1BD55D
db 0x61, 0x6E, 0x20, 0x28, 0x43, 0x32, 0x29, 0x13, 0x30, 0x31, 0x38, 0x20, 0x52, 0x6F, 0x63, 0x6B ; file 1BD56D
db 0x20, 0x4F, 0x72, 0x67, 0x61, 0x6E, 0x20, 0x28, 0x43, 0x33, 0x29, 0x13, 0x30, 0x31, 0x38, 0x20 ; file 1BD57D
db 0x52, 0x6F, 0x63, 0x6B, 0x20, 0x4F, 0x72, 0x67, 0x61, 0x6E, 0x20, 0x28, 0x43, 0x34, 0x29, 0x13 ; file 1BD58D
db 0x30, 0x31, 0x38, 0x20, 0x52, 0x6F, 0x63, 0x6B, 0x20, 0x4F, 0x72, 0x67, 0x61, 0x6E, 0x20, 0x28 ; file 1BD59D
db 0x43, 0x35, 0x29, 0x18, 0x30, 0x32, 0x33, 0x20, 0x54, 0x61, 0x6E, 0x67, 0x6F, 0x20, 0x41, 0x63 ; file 1BD5AD
db 0x63, 0x6F, 0x72, 0x64, 0x69, 0x6F, 0x6E, 0x20, 0x28, 0x43, 0x32, 0x29, 0x15, 0x30, 0x32, 0x34 ; file 1BD5BD
db 0x20, 0x47, 0x75, 0x69, 0x74, 0x20, 0x28, 0x6E, 0x79, 0x6C, 0x6F, 0x6E, 0x29, 0x20, 0x28, 0x45 ; file 1BD5CD
db 0x32, 0x29, 0x15, 0x30, 0x32, 0x34, 0x20, 0x47, 0x75, 0x69, 0x74, 0x20, 0x28, 0x6E, 0x79, 0x6C ; file 1BD5DD
db 0x6F, 0x6E, 0x29, 0x20, 0x28, 0x45, 0x33, 0x29, 0x15, 0x30, 0x32, 0x34, 0x20, 0x47, 0x75, 0x69 ; file 1BD5ED
db 0x74, 0x20, 0x28, 0x6E, 0x79, 0x6C, 0x6F, 0x6E, 0x29, 0x20, 0x28, 0x45, 0x34, 0x29, 0x14, 0x30 ; file 1BD5FD
db 0x32, 0x36, 0x20, 0x47, 0x75, 0x69, 0x74, 0x20, 0x28, 0x4A, 0x61, 0x7A, 0x7A, 0x29, 0x20, 0x28 ; file 1BD60D
db 0x45, 0x31, 0x29, 0x12, 0x30, 0x32, 0x36, 0x20, 0x47, 0x75, 0x69, 0x74, 0x20, 0x28, 0x6A, 0x61 ; file 1BD61D
db 0x7A, 0x7A, 0x29, 0x20, 0x45, 0x32, 0x14, 0x30, 0x32, 0x36, 0x20, 0x47, 0x75, 0x69, 0x74, 0x20 ; file 1BD62D
db 0x28, 0x6A, 0x61, 0x7A, 0x7A, 0x29, 0x20, 0x28, 0x45, 0x33, 0x29, 0x16, 0x30, 0x32, 0x36, 0x20 ; file 1BD63D
db 0x47, 0x75, 0x69, 0x74, 0x20, 0x28, 0x4A, 0x61, 0x7A, 0x7A, 0x29, 0x20, 0x45, 0x31, 0x20, 0x53 ; file 1BD64D
db 0x68, 0x2E, 0x17, 0x30, 0x32, 0x37, 0x20, 0x45, 0x20, 0x47, 0x75, 0x69, 0x74, 0x20, 0x28, 0x63 ; file 1BD65D
db 0x6C, 0x65, 0x61, 0x6E, 0x29, 0x20, 0x28, 0x43, 0x32, 0x29, 0x17, 0x30, 0x32, 0x37, 0x20, 0x45 ; file 1BD66D
db 0x20, 0x47, 0x75, 0x69, 0x74, 0x20, 0x28, 0x63, 0x6C, 0x65, 0x61, 0x6E, 0x29, 0x20, 0x28, 0x43 ; file 1BD67D
db 0x33, 0x29, 0x14, 0x30, 0x32, 0x39, 0x20, 0x4F, 0x76, 0x65, 0x72, 0x20, 0x47, 0x75, 0x69, 0x74 ; file 1BD68D
db 0x61, 0x72, 0x20, 0x28, 0x43, 0x32, 0x29, 0x14, 0x30, 0x32, 0x39, 0x20, 0x4F, 0x76, 0x65, 0x72 ; file 1BD69D
db 0x20, 0x47, 0x75, 0x69, 0x74, 0x61, 0x72, 0x20, 0x28, 0x43, 0x33, 0x29, 0x14, 0x30, 0x32, 0x39 ; file 1BD6AD
db 0x20, 0x4F, 0x76, 0x65, 0x72, 0x20, 0x47, 0x75, 0x69, 0x74, 0x61, 0x72, 0x20, 0x28, 0x43, 0x35 ; file 1BD6BD
db 0x29, 0x12, 0x30, 0x33, 0x30, 0x20, 0x44, 0x69, 0x73, 0x74, 0x20, 0x47, 0x75, 0x69, 0x74, 0x20 ; file 1BD6CD
db 0x28, 0x45, 0x31, 0x29, 0x12, 0x30, 0x33, 0x30, 0x20, 0x44, 0x69, 0x73, 0x74, 0x20, 0x47, 0x75 ; file 1BD6DD
db 0x69, 0x74, 0x20, 0x28, 0x45, 0x33, 0x29, 0x12, 0x30, 0x33, 0x32, 0x20, 0x41, 0x63, 0x6F, 0x75 ; file 1BD6ED
db 0x20, 0x42, 0x61, 0x73, 0x73, 0x20, 0x28, 0x43, 0x31, 0x29, 0x12, 0x30, 0x33, 0x32, 0x20, 0x41 ; file 1BD6FD
db 0x63, 0x6F, 0x75, 0x20, 0x42, 0x61, 0x73, 0x73, 0x20, 0x28, 0x43, 0x32, 0x29, 0x1B, 0x30, 0x33 ; file 1BD70D
db 0x33, 0x20, 0x45, 0x6C, 0x65, 0x63, 0x20, 0x42, 0x61, 0x73, 0x73, 0x20, 0x28, 0x66, 0x69, 0x6E ; file 1BD71D
db 0x67, 0x65, 0x72, 0x29, 0x20, 0x28, 0x43, 0x31, 0x29, 0x1B, 0x30, 0x33, 0x33, 0x20, 0x45, 0x6C ; file 1BD72D
db 0x65, 0x63, 0x20, 0x42, 0x61, 0x73, 0x73, 0x20, 0x28, 0x66, 0x69, 0x6E, 0x67, 0x65, 0x72, 0x29 ; file 1BD73D
db 0x20, 0x28, 0x43, 0x32, 0x29, 0x17, 0x30, 0x33, 0x34, 0x20, 0x45, 0x6C, 0x65, 0x63, 0x20, 0x42 ; file 1BD74D
db 0x61, 0x73, 0x73, 0x20, 0x28, 0x50, 0x69, 0x63, 0x6B, 0x29, 0x20, 0x43, 0x31, 0x17, 0x30, 0x33 ; file 1BD75D
db 0x34, 0x20, 0x45, 0x6C, 0x65, 0x63, 0x20, 0x42, 0x61, 0x73, 0x73, 0x20, 0x28, 0x50, 0x69, 0x63 ; file 1BD76D
db 0x6B, 0x29, 0x20, 0x43, 0x32, 0x16, 0x30, 0x33, 0x35, 0x20, 0x46, 0x72, 0x65, 0x74, 0x6C, 0x65 ; file 1BD77D
db 0x73, 0x73, 0x20, 0x42, 0x61, 0x73, 0x73, 0x20, 0x28, 0x43, 0x31, 0x29, 0x16, 0x30, 0x33, 0x35 ; file 1BD78D
db 0x20, 0x46, 0x72, 0x65, 0x74, 0x6C, 0x65, 0x73, 0x73, 0x20, 0x42, 0x61, 0x73, 0x73, 0x20, 0x28 ; file 1BD79D
db 0x43, 0x32, 0x29, 0x14, 0x30, 0x33, 0x36, 0x20, 0x53, 0x6C, 0x61, 0x70, 0x20, 0x42, 0x61, 0x73 ; file 1BD7AD
db 0x73, 0x20, 0x31, 0x20, 0x28, 0x43, 0x31, 0x29, 0x14, 0x30, 0x33, 0x36, 0x20, 0x53, 0x6C, 0x61 ; file 1BD7BD
db 0x70, 0x20, 0x42, 0x61, 0x73, 0x73, 0x20, 0x31, 0x20, 0x28, 0x43, 0x32, 0x29, 0x14, 0x30, 0x33 ; file 1BD7CD
db 0x37, 0x20, 0x53, 0x6C, 0x61, 0x70, 0x20, 0x42, 0x61, 0x73, 0x73, 0x20, 0x32, 0x20, 0x28, 0x43 ; file 1BD7DD
db 0x31, 0x29, 0x14, 0x30, 0x33, 0x37, 0x20, 0x53, 0x6C, 0x61, 0x70, 0x20, 0x42, 0x61, 0x73, 0x73 ; file 1BD7ED
db 0x20, 0x32, 0x20, 0x28, 0x43, 0x32, 0x29, 0x15, 0x30, 0x33, 0x38, 0x20, 0x53, 0x79, 0x6E, 0x74 ; file 1BD7FD
db 0x68, 0x20, 0x42, 0x61, 0x73, 0x73, 0x20, 0x31, 0x20, 0x28, 0x43, 0x31, 0x29, 0x15, 0x30, 0x33 ; file 1BD80D
db 0x38, 0x20, 0x53, 0x79, 0x6E, 0x74, 0x68, 0x20, 0x42, 0x61, 0x73, 0x73, 0x20, 0x31, 0x20, 0x28 ; file 1BD81D
db 0x43, 0x32, 0x29, 0x12, 0x30, 0x33, 0x39, 0x20, 0x53, 0x79, 0x6E, 0x74, 0x68, 0x20, 0x42, 0x20 ; file 1BD82D
db 0x32, 0x20, 0x28, 0x45, 0x31, 0x29, 0x12, 0x30, 0x33, 0x39, 0x20, 0x53, 0x79, 0x6E, 0x74, 0x68 ; file 1BD83D
db 0x20, 0x42, 0x20, 0x32, 0x20, 0x28, 0x45, 0x32, 0x29, 0x0F, 0x30, 0x34, 0x30, 0x20, 0x56, 0x69 ; file 1BD84D
db 0x6F, 0x6C, 0x69, 0x6E, 0x20, 0x28, 0x43, 0x33, 0x29, 0x0E, 0x30, 0x34, 0x32, 0x20, 0x43, 0x65 ; file 1BD85D
db 0x6C, 0x6C, 0x6F, 0x20, 0x28, 0x43, 0x32, 0x29, 0x0E, 0x30, 0x34, 0x32, 0x20, 0x43, 0x65, 0x6C ; file 1BD86D
db 0x6C, 0x6F, 0x20, 0x28, 0x43, 0x33, 0x29, 0x0E, 0x30, 0x34, 0x32, 0x20, 0x43, 0x65, 0x6C, 0x6C ; file 1BD87D
db 0x6F, 0x20, 0x28, 0x43, 0x34, 0x29, 0x0D, 0x30, 0x34, 0x35, 0x20, 0x50, 0x69, 0x7A, 0x7A, 0x20 ; file 1BD88D
db 0x28, 0x45, 0x32, 0x29, 0x0D, 0x30, 0x34, 0x35, 0x20, 0x50, 0x69, 0x7A, 0x7A, 0x20, 0x28, 0x45 ; file 1BD89D
db 0x33, 0x29, 0x0D, 0x30, 0x34, 0x35, 0x20, 0x50, 0x69, 0x7A, 0x7A, 0x20, 0x28, 0x45, 0x34, 0x29 ; file 1BD8AD
db 0x0D, 0x30, 0x34, 0x35, 0x20, 0x50, 0x69, 0x7A, 0x7A, 0x20, 0x28, 0x45, 0x35, 0x29, 0x0D, 0x30 ; file 1BD8BD
db 0x34, 0x36, 0x20, 0x48, 0x61, 0x72, 0x70, 0x20, 0x28, 0x43, 0x34, 0x29, 0x13, 0x30, 0x35, 0x32 ; file 1BD8CD
db 0x20, 0x43, 0x68, 0x6F, 0x69, 0x72, 0x20, 0x41, 0x61, 0x68, 0x73, 0x20, 0x28, 0x43, 0x32, 0x29 ; file 1BD8DD
db 0x13, 0x30, 0x35, 0x32, 0x20, 0x43, 0x68, 0x6F, 0x69, 0x72, 0x20, 0x41, 0x61, 0x68, 0x73, 0x20 ; file 1BD8ED
db 0x28, 0x43, 0x33, 0x29, 0x10, 0x30, 0x35, 0x36, 0x20, 0x54, 0x72, 0x75, 0x6D, 0x70, 0x65, 0x74 ; file 1BD8FD
db 0x20, 0x28, 0x43, 0x33, 0x29, 0x10, 0x30, 0x35, 0x36, 0x20, 0x54, 0x72, 0x75, 0x6D, 0x70, 0x65 ; file 1BD90D
db 0x74, 0x20, 0x28, 0x43, 0x34, 0x29, 0x10, 0x30, 0x35, 0x36, 0x20, 0x54, 0x72, 0x75, 0x6D, 0x70 ; file 1BD91D
db 0x65, 0x74, 0x20, 0x28, 0x43, 0x35, 0x29, 0x0D, 0x30, 0x35, 0x38, 0x20, 0x54, 0x75, 0x62, 0x61 ; file 1BD92D
db 0x20, 0x28, 0x43, 0x31, 0x29, 0x0D, 0x30, 0x35, 0x38, 0x20, 0x54, 0x75, 0x62, 0x61, 0x20, 0x28 ; file 1BD93D
db 0x43, 0x32, 0x29, 0x0D, 0x30, 0x36, 0x30, 0x20, 0x48, 0x6F, 0x72, 0x6E, 0x20, 0x28, 0x43, 0x32 ; file 1BD94D
db 0x29, 0x0D, 0x30, 0x36, 0x30, 0x20, 0x48, 0x6F, 0x72, 0x6E, 0x20, 0x28, 0x43, 0x33, 0x29, 0x0D ; file 1BD95D
db 0x30, 0x36, 0x30, 0x20, 0x48, 0x6F, 0x72, 0x6E, 0x20, 0x28, 0x43, 0x34, 0x29, 0x15, 0x30, 0x36 ; file 1BD96D
db 0x34, 0x20, 0x53, 0x6F, 0x70, 0x72, 0x61, 0x6E, 0x6F, 0x20, 0x53, 0x61, 0x78, 0x20, 0x28, 0x42 ; file 1BD97D
db 0x62, 0x33, 0x29, 0x12, 0x30, 0x36, 0x36, 0x20, 0x54, 0x65, 0x6E, 0x6F, 0x72, 0x20, 0x53, 0x61 ; file 1BD98D
db 0x78, 0x20, 0x28, 0x43, 0x32, 0x29, 0x12, 0x30, 0x36, 0x37, 0x20, 0x42, 0x61, 0x72, 0x69, 0x20 ; file 1BD99D
db 0x53, 0x61, 0x78, 0x20, 0x28, 0x42, 0x62, 0x32, 0x29, 0x10, 0x30, 0x37, 0x30, 0x20, 0x42, 0x61 ; file 1BD9AD
db 0x73, 0x73, 0x6F, 0x6F, 0x6E, 0x20, 0x28, 0x46, 0x31, 0x29, 0x11, 0x30, 0x37, 0x31, 0x20, 0x43 ; file 1BD9BD
db 0x6C, 0x61, 0x72, 0x69, 0x6E, 0x65, 0x74, 0x20, 0x28, 0x45, 0x32, 0x29, 0x11, 0x30, 0x37, 0x31 ; file 1BD9CD
db 0x20, 0x43, 0x6C, 0x61, 0x72, 0x69, 0x6E, 0x65, 0x74, 0x20, 0x28, 0x45, 0x33, 0x29, 0x10, 0x30 ; file 1BD9DD
db 0x37, 0x32, 0x20, 0x50, 0x69, 0x63, 0x63, 0x6F, 0x6C, 0x6F, 0x20, 0x28, 0x43, 0x33, 0x29, 0x11 ; file 1BD9ED
db 0x30, 0x37, 0x34, 0x20, 0x52, 0x65, 0x63, 0x6F, 0x72, 0x64, 0x65, 0x72, 0x20, 0x28, 0x43, 0x33 ; file 1BD9FD
db 0x29, 0x11, 0x30, 0x37, 0x34, 0x20, 0x52, 0x65, 0x63, 0x6F, 0x72, 0x64, 0x65, 0x72, 0x20, 0x28 ; file 1BDA0D
db 0x43, 0x34, 0x29, 0x12, 0x30, 0x37, 0x35, 0x20, 0x50, 0x61, 0x6E, 0x20, 0x46, 0x6C, 0x75, 0x74 ; file 1BDA1D
db 0x65, 0x20, 0x28, 0x43, 0x33, 0x29, 0x12, 0x30, 0x37, 0x35, 0x20, 0x50, 0x61, 0x6E, 0x20, 0x46 ; file 1BDA2D
db 0x6C, 0x75, 0x74, 0x65, 0x20, 0x28, 0x43, 0x34, 0x29, 0x10, 0x30, 0x37, 0x38, 0x20, 0x57, 0x68 ; file 1BDA3D
db 0x69, 0x73, 0x74, 0x6C, 0x65, 0x20, 0x28, 0x43, 0x33, 0x29, 0x10, 0x30, 0x37, 0x38, 0x20, 0x57 ; file 1BDA4D
db 0x68, 0x69, 0x73, 0x74, 0x6C, 0x65, 0x20, 0x28, 0x43, 0x34, 0x29, 0x10, 0x30, 0x37, 0x38, 0x20 ; file 1BDA5D
db 0x57, 0x68, 0x69, 0x73, 0x74, 0x6C, 0x65, 0x20, 0x28, 0x43, 0x35, 0x29, 0x10, 0x30, 0x37, 0x39 ; file 1BDA6D
db 0x20, 0x4F, 0x63, 0x61, 0x72, 0x69, 0x6E, 0x61, 0x20, 0x28, 0x43, 0x35, 0x29, 0x0F, 0x30, 0x38 ; file 1BDA7D
db 0x30, 0x20, 0x4C, 0x65, 0x61, 0x64, 0x20, 0x31, 0x20, 0x28, 0x43, 0x32, 0x29, 0x0F, 0x30, 0x38 ; file 1BDA8D
db 0x30, 0x20, 0x4C, 0x65, 0x61, 0x64, 0x20, 0x31, 0x20, 0x28, 0x43, 0x33, 0x29, 0x0F, 0x30, 0x38 ; file 1BDA9D
db 0x30, 0x20, 0x4C, 0x65, 0x61, 0x64, 0x20, 0x31, 0x20, 0x28, 0x43, 0x34, 0x29, 0x0F, 0x30, 0x38 ; file 1BDAAD
db 0x31, 0x20, 0x4C, 0x65, 0x61, 0x64, 0x20, 0x32, 0x20, 0x28, 0x43, 0x32, 0x29, 0x0F, 0x30, 0x38 ; file 1BDABD
db 0x31, 0x20, 0x4C, 0x65, 0x61, 0x64, 0x20, 0x32, 0x20, 0x28, 0x43, 0x33, 0x29, 0x0F, 0x30, 0x38 ; file 1BDACD
db 0x31, 0x20, 0x4C, 0x65, 0x61, 0x64, 0x20, 0x32, 0x20, 0x28, 0x43, 0x34, 0x29, 0x0F, 0x30, 0x38 ; file 1BDADD
db 0x31, 0x20, 0x4C, 0x65, 0x61, 0x64, 0x20, 0x32, 0x20, 0x28, 0x43, 0x35, 0x29, 0x0F, 0x30, 0x38 ; file 1BDAED
db 0x32, 0x20, 0x4C, 0x65, 0x61, 0x64, 0x20, 0x33, 0x20, 0x28, 0x43, 0x33, 0x29, 0x0F, 0x30, 0x38 ; file 1BDAFD
db 0x32, 0x20, 0x4C, 0x65, 0x61, 0x64, 0x20, 0x33, 0x20, 0x28, 0x43, 0x34, 0x29, 0x0F, 0x30, 0x38 ; file 1BDB0D
db 0x32, 0x20, 0x4C, 0x65, 0x61, 0x64, 0x20, 0x33, 0x20, 0x28, 0x43, 0x35, 0x29, 0x0F, 0x30, 0x38 ; file 1BDB1D
db 0x33, 0x20, 0x4C, 0x65, 0x61, 0x64, 0x20, 0x34, 0x20, 0x28, 0x43, 0x33, 0x29, 0x0F, 0x30, 0x38 ; file 1BDB2D
db 0x33, 0x20, 0x4C, 0x65, 0x61, 0x64, 0x20, 0x34, 0x20, 0x28, 0x43, 0x34, 0x29, 0x0F, 0x30, 0x38 ; file 1BDB3D
db 0x33, 0x20, 0x4C, 0x65, 0x61, 0x64, 0x20, 0x34, 0x20, 0x28, 0x43, 0x35, 0x29, 0x0F, 0x30, 0x38 ; file 1BDB4D
db 0x34, 0x20, 0x4C, 0x65, 0x61, 0x64, 0x20, 0x35, 0x20, 0x28, 0x43, 0x32, 0x29, 0x0F, 0x30, 0x38 ; file 1BDB5D
db 0x34, 0x20, 0x4C, 0x65, 0x61, 0x64, 0x20, 0x35, 0x20, 0x28, 0x43, 0x33, 0x29, 0x0F, 0x30, 0x38 ; file 1BDB6D
db 0x34, 0x20, 0x4C, 0x65, 0x61, 0x64, 0x20, 0x35, 0x20, 0x28, 0x43, 0x35, 0x29, 0x0F, 0x30, 0x38 ; file 1BDB7D
db 0x35, 0x20, 0x4C, 0x65, 0x61, 0x64, 0x20, 0x36, 0x20, 0x28, 0x43, 0x33, 0x29, 0x0F, 0x30, 0x38 ; file 1BDB8D
db 0x35, 0x20, 0x4C, 0x65, 0x61, 0x64, 0x20, 0x36, 0x20, 0x28, 0x43, 0x34, 0x29, 0x0E, 0x30, 0x38 ; file 1BDB9D
db 0x38, 0x20, 0x50, 0x61, 0x64, 0x20, 0x31, 0x20, 0x28, 0x41, 0x33, 0x29, 0x0E, 0x31, 0x30, 0x35 ; file 1BDBAD
db 0x20, 0x42, 0x61, 0x6E, 0x6A, 0x6F, 0x20, 0x28, 0x47, 0x32, 0x29, 0x0E, 0x31, 0x30, 0x35, 0x20 ; file 1BDBBD
db 0x42, 0x61, 0x6E, 0x6A, 0x6F, 0x20, 0x28, 0x47, 0x33, 0x29, 0x0E, 0x31, 0x30, 0x35, 0x20, 0x42 ; file 1BDBCD
db 0x61, 0x6E, 0x6A, 0x6F, 0x20, 0x28, 0x47, 0x34, 0x29, 0x10, 0x31, 0x30, 0x38, 0x20, 0x4B, 0x61 ; file 1BDBDD
db 0x6C, 0x69, 0x6D, 0x62, 0x61, 0x20, 0x28, 0x43, 0x33, 0x29, 0x10, 0x31, 0x30, 0x38, 0x20, 0x4B ; file 1BDBED
db 0x61, 0x6C, 0x69, 0x6D, 0x62, 0x61, 0x20, 0x28, 0x43, 0x34, 0x29, 0x10, 0x31, 0x30, 0x38, 0x20 ; file 1BDBFD
db 0x4B, 0x61, 0x6C, 0x69, 0x6D, 0x62, 0x61, 0x20, 0x28, 0x43, 0x35, 0x29, 0x14, 0x31, 0x31, 0x32 ; file 1BDC0D
db 0x20, 0x54, 0x69, 0x6E, 0x6B, 0x6C, 0x65, 0x20, 0x42, 0x65, 0x6C, 0x6C, 0x20, 0x28, 0x43, 0x32 ; file 1BDC1D
db 0x29, 0x14, 0x31, 0x31, 0x32, 0x20, 0x54, 0x69, 0x6E, 0x6B, 0x6C, 0x65, 0x20, 0x42, 0x65, 0x6C ; file 1BDC2D
db 0x6C, 0x20, 0x28, 0x43, 0x33, 0x29, 0x14, 0x31, 0x31, 0x32, 0x20, 0x54, 0x69, 0x6E, 0x6B, 0x6C ; file 1BDC3D
db 0x65, 0x20, 0x42, 0x65, 0x6C, 0x6C, 0x20, 0x28, 0x43, 0x34, 0x29, 0x12, 0x31, 0x31, 0x34, 0x20 ; file 1BDC4D
db 0x53, 0x74, 0x65, 0x65, 0x6C, 0x20, 0x44, 0x72, 0x2E, 0x20, 0x28, 0x47, 0x32, 0x29, 0x12, 0x31 ; file 1BDC5D
db 0x31, 0x34, 0x20, 0x53, 0x74, 0x65, 0x65, 0x6C, 0x20, 0x44, 0x72, 0x2E, 0x20, 0x28, 0x47, 0x33 ; file 1BDC6D
db 0x29, 0x12, 0x31, 0x31, 0x34, 0x20, 0x53, 0x74, 0x65, 0x65, 0x6C, 0x20, 0x44, 0x72, 0x2E, 0x20 ; file 1BDC7D
db 0x28, 0x47, 0x34, 0x29, 0x13, 0x31, 0x31, 0x36, 0x20, 0x54, 0x61, 0x69, 0x6B, 0x6F, 0x20, 0x44 ; file 1BDC8D
db 0x72, 0x75, 0x6D, 0x20, 0x28, 0x43, 0x34, 0x29, 0x0E, 0x30, 0x30, 0x30, 0x20, 0x50, 0x69, 0x61 ; file 1BDC9D
db 0x6E, 0x6F, 0x20, 0x28, 0x43, 0x32, 0x29, 0x0E, 0x30, 0x30, 0x30, 0x20, 0x50, 0x69, 0x61, 0x6E ; file 1BDCAD
db 0x6F, 0x20, 0x28, 0x43, 0x33, 0x29, 0x0E, 0x30, 0x30, 0x30, 0x20, 0x50, 0x69, 0x61, 0x6E, 0x6F ; file 1BDCBD
db 0x20, 0x28, 0x43, 0x34, 0x29, 0x0E, 0x30, 0x30, 0x30, 0x20, 0x50, 0x69, 0x61, 0x6E, 0x6F, 0x20 ; file 1BDCCD
db 0x28, 0x43, 0x35, 0x29, 0x13, 0x31, 0x30, 0x34, 0x20, 0x28, 0x47, 0x23, 0x36, 0x29, 0x20, 0x54 ; file 1BDCDD
db 0x69, 0x6D, 0x70, 0x61, 0x6E, 0x69, 0x20, 0x46, 0x13, 0x31, 0x31, 0x31, 0x20, 0x28, 0x44, 0x23 ; file 1BDCED
db 0x37, 0x29, 0x20, 0x54, 0x69, 0x6D, 0x70, 0x61, 0x6E, 0x69, 0x20, 0x63, 0x16, 0x31, 0x31, 0x36 ; file 1BDCFD
db 0x20, 0x28, 0x47, 0x23, 0x37, 0x29, 0x20, 0x54, 0x69, 0x6D, 0x70, 0x61, 0x6E, 0x69, 0x20, 0x66 ; file 1BDD0D
db 0x28, 0x32, 0x29, 0x12, 0x30, 0x31, 0x39, 0x20, 0x28, 0x47, 0x2D, 0x31, 0x29, 0x20, 0x47, 0x61 ; file 1BDD1D
db 0x74, 0x65, 0x64, 0x20, 0x53, 0x44, 0x15, 0x30, 0x32, 0x39, 0x20, 0x28, 0x46, 0x30, 0x29, 0x20 ; file 1BDD2D
db 0x53, 0x63, 0x72, 0x61, 0x74, 0x63, 0x68, 0x20, 0x50, 0x75, 0x73, 0x68, 0x16, 0x30, 0x33, 0x30 ; file 1BDD3D
db 0x20, 0x28, 0x46, 0x23, 0x30, 0x29, 0x20, 0x53, 0x63, 0x72, 0x61, 0x74, 0x63, 0x68, 0x20, 0x50 ; file 1BDD4D
db 0x75, 0x6C, 0x6C, 0x0F, 0x30, 0x33, 0x31, 0x20, 0x28, 0x47, 0x30, 0x29, 0x20, 0x53, 0x74, 0x69 ; file 1BDD5D
db 0x63, 0x6B, 0x73, 0x13, 0x30, 0x33, 0x37, 0x20, 0x28, 0x43, 0x23, 0x31, 0x29, 0x20, 0x53, 0x69 ; file 1BDD6D
db 0x64, 0x65, 0x53, 0x74, 0x69, 0x63, 0x6B, 0x11, 0x30, 0x33, 0x38, 0x20, 0x28, 0x44, 0x31, 0x29 ; file 1BDD7D
db 0x20, 0x41, 0x63, 0x53, 0x6E, 0x61, 0x72, 0x65, 0x31, 0x12, 0x30, 0x33, 0x39, 0x20, 0x28, 0x44 ; file 1BDD8D
db 0x23, 0x31, 0x29, 0x20, 0x48, 0x61, 0x6E, 0x64, 0x43, 0x6C, 0x61, 0x70, 0x11, 0x30, 0x34, 0x32 ; file 1BDD9D
db 0x20, 0x28, 0x46, 0x23, 0x31, 0x29, 0x20, 0x43, 0x6C, 0x6F, 0x73, 0x65, 0x48, 0x48, 0x14, 0x30 ; file 1BDDAD
db 0x35, 0x34, 0x20, 0x28, 0x46, 0x23, 0x32, 0x29, 0x20, 0x54, 0x41, 0x4D, 0x42, 0x4F, 0x55, 0x52 ; file 1BDDBD
db 0x49, 0x4E, 0x45, 0x13, 0x30, 0x36, 0x37, 0x20, 0x28, 0x47, 0x33, 0x29, 0x20, 0x48, 0x69, 0x67 ; file 1BDDCD
db 0x68, 0x20, 0x41, 0x67, 0x6F, 0x67, 0x6F, 0x13, 0x30, 0x36, 0x38, 0x20, 0x28, 0x47, 0x23, 0x33 ; file 1BDDDD
db 0x29, 0x20, 0x4C, 0x6F, 0x77, 0x20, 0x41, 0x67, 0x6F, 0x67, 0x6F, 0x0F, 0x30, 0x36, 0x39, 0x20 ; file 1BDDED
db 0x28, 0x41, 0x33, 0x29, 0x20, 0x43, 0x61, 0x62, 0x61, 0x73, 0x61, 0x11, 0x30, 0x37, 0x30, 0x20 ; file 1BDDFD
db 0x28, 0x41, 0x23, 0x33, 0x29, 0x20, 0x4D, 0x61, 0x72, 0x61, 0x63, 0x61, 0x73, 0x16, 0x30, 0x37 ; file 1BDE0D
db 0x31, 0x20, 0x28, 0x42, 0x33, 0x29, 0x20, 0x53, 0x68, 0x6F, 0x72, 0x74, 0x20, 0x57, 0x68, 0x69 ; file 1BDE1D
db 0x73, 0x74, 0x6C, 0x65, 0x15, 0x30, 0x37, 0x32, 0x20, 0x28, 0x43, 0x34, 0x29, 0x20, 0x4C, 0x6F ; file 1BDE2D
db 0x6E, 0x67, 0x20, 0x57, 0x68, 0x69, 0x73, 0x74, 0x6C, 0x65, 0x15, 0x30, 0x37, 0x33, 0x20, 0x28 ; file 1BDE3D
db 0x43, 0x23, 0x34, 0x29, 0x20, 0x53, 0x68, 0x6F, 0x72, 0x74, 0x20, 0x47, 0x75, 0x69, 0x72, 0x6F ; file 1BDE4D
db 0x16, 0x30, 0x37, 0x36, 0x20, 0x28, 0x45, 0x34, 0x29, 0x20, 0x48, 0x69, 0x20, 0x57, 0x6F, 0x6F ; file 1BDE5D
db 0x64, 0x20, 0x42, 0x6C, 0x6F, 0x63, 0x6B, 0x17, 0x30, 0x37, 0x37, 0x20, 0x28, 0x46, 0x34, 0x29 ; file 1BDE6D
db 0x20, 0x4C, 0x6F, 0x77, 0x20, 0x57, 0x6F, 0x6F, 0x64, 0x20, 0x42, 0x6C, 0x6F, 0x63, 0x6B, 0x14 ; file 1BDE7D
db 0x30, 0x37, 0x38, 0x20, 0x28, 0x46, 0x23, 0x34, 0x29, 0x20, 0x4D, 0x75, 0x74, 0x65, 0x20, 0x43 ; file 1BDE8D
db 0x75, 0x69, 0x63, 0x61, 0x17, 0x30, 0x38, 0x30, 0x20, 0x28, 0x47, 0x23, 0x34, 0x29, 0x20, 0x4D ; file 1BDE9D
db 0x75, 0x74, 0x65, 0x20, 0x54, 0x72, 0x69, 0x61, 0x6E, 0x67, 0x6C, 0x65, 0x10, 0x30, 0x38, 0x32 ; file 1BDEAD
db 0x20, 0x28, 0x41, 0x23, 0x34, 0x29, 0x20, 0x53, 0x68, 0x61, 0x6B, 0x65, 0x72, 0x14, 0x30, 0x38 ; file 1BDEBD
db 0x33, 0x20, 0x28, 0x42, 0x34, 0x29, 0x20, 0x4A, 0x69, 0x6E, 0x67, 0x6C, 0x65, 0x20, 0x42, 0x65 ; file 1BDECD
db 0x6C, 0x6C, 0x12, 0x30, 0x38, 0x34, 0x20, 0x28, 0x43, 0x35, 0x29, 0x20, 0x42, 0x65, 0x6C, 0x6C ; file 1BDEDD
db 0x20, 0x54, 0x72, 0x65, 0x65, 0x13, 0x30, 0x38, 0x35, 0x20, 0x28, 0x43, 0x23, 0x35, 0x29, 0x20 ; file 1BDEED
db 0x43, 0x61, 0x73, 0x74, 0x61, 0x6E, 0x65, 0x74, 0x73, 0x10, 0x30, 0x38, 0x39, 0x20, 0x28, 0x46 ; file 1BDEFD
db 0x35, 0x29, 0x20, 0x45, 0x6C, 0x65, 0x63, 0x20, 0x53, 0x44, 0x17, 0x30, 0x39, 0x36, 0x20, 0x28 ; file 1BDF0D
db 0x43, 0x36, 0x29, 0x20, 0x52, 0x65, 0x76, 0x65, 0x72, 0x73, 0x65, 0x20, 0x43, 0x79, 0x6D, 0x62 ; file 1BDF1D
db 0x61, 0x6C, 0x13, 0x30, 0x39, 0x37, 0x20, 0x28, 0x43, 0x23, 0x36, 0x29, 0x20, 0x42, 0x72, 0x75 ; file 1BDF2D
db 0x73, 0x68, 0x20, 0x54, 0x61, 0x70, 0x15, 0x30, 0x39, 0x39, 0x20, 0x28, 0x44, 0x23, 0x32, 0x29 ; file 1BDF3D
db 0x20, 0x42, 0x72, 0x75, 0x73, 0x68, 0x20, 0x53, 0x77, 0x69, 0x72, 0x6C, 0x0F, 0x30, 0x30, 0x34 ; file 1BDF4D
db 0x20, 0x52, 0x68, 0x6F, 0x64, 0x65, 0x73, 0x20, 0x28, 0x43, 0x35, 0x29, 0x0F, 0x30, 0x30, 0x36 ; file 1BDF5D
db 0x20, 0x48, 0x61, 0x72, 0x70, 0x73, 0x69, 0x20, 0x28, 0x43, 0x32, 0x29, 0x0F, 0x30, 0x30, 0x36 ; file 1BDF6D
db 0x20, 0x48, 0x61, 0x72, 0x70, 0x73, 0x69, 0x20, 0x28, 0x43, 0x33, 0x29, 0x0F, 0x30, 0x30, 0x36 ; file 1BDF7D
db 0x20, 0x48, 0x61, 0x72, 0x70, 0x73, 0x69, 0x20, 0x28, 0x43, 0x34, 0x29, 0x0F, 0x30, 0x30, 0x36 ; file 1BDF8D
db 0x20, 0x48, 0x61, 0x72, 0x70, 0x73, 0x69, 0x20, 0x28, 0x43, 0x35, 0x29, 0x10, 0x30, 0x30, 0x38 ; file 1BDF9D
db 0x20, 0x43, 0x65, 0x6C, 0x65, 0x73, 0x74, 0x61, 0x20, 0x28, 0x43, 0x34, 0x29, 0x10, 0x30, 0x30 ; file 1BDFAD
db 0x38, 0x20, 0x43, 0x65, 0x6C, 0x65, 0x73, 0x74, 0x61, 0x20, 0x28, 0x43, 0x35, 0x29, 0x16, 0x30 ; file 1BDFBD
db 0x31, 0x34, 0x20, 0x54, 0x75, 0x62, 0x75, 0x6C, 0x61, 0x72, 0x20, 0x42, 0x65, 0x6C, 0x6C, 0x73 ; file 1BDFCD
db 0x20, 0x28, 0x43, 0x34, 0x29, 0x16, 0x30, 0x31, 0x36, 0x20, 0x48, 0x61, 0x6D, 0x6D, 0x6F, 0x6E ; file 1BDFDD
db 0x64, 0x20, 0x4F, 0x72, 0x67, 0x61, 0x6E, 0x20, 0x28, 0x43, 0x34, 0x29, 0x16, 0x30, 0x31, 0x36 ; file 1BDFED
db 0x20, 0x48, 0x61, 0x6D, 0x6D, 0x6F, 0x6E, 0x64, 0x20, 0x4F, 0x72, 0x67, 0x61, 0x6E, 0x20, 0x28 ; file 1BDFFD
db 0x43, 0x35, 0x29, 0x13, 0x30, 0x31, 0x38, 0x20, 0x52, 0x6F, 0x63, 0x6B, 0x20, 0x4F, 0x72, 0x67 ; file 1BE00D
db 0x61, 0x6E, 0x20, 0x28, 0x43, 0x36, 0x29, 0x15, 0x30, 0x31, 0x39, 0x20, 0x43, 0x68, 0x75, 0x72 ; file 1BE01D
db 0x63, 0x68, 0x20, 0x4F, 0x72, 0x67, 0x61, 0x6E, 0x20, 0x28, 0x43, 0x33, 0x29, 0x15, 0x30, 0x31 ; file 1BE02D
db 0x39, 0x20, 0x43, 0x68, 0x75, 0x72, 0x63, 0x68, 0x20, 0x4F, 0x72, 0x67, 0x61, 0x6E, 0x20, 0x28 ; file 1BE03D
db 0x43, 0x34, 0x29, 0x15, 0x30, 0x31, 0x39, 0x20, 0x43, 0x68, 0x75, 0x72, 0x63, 0x68, 0x20, 0x4F ; file 1BE04D
db 0x72, 0x67, 0x61, 0x6E, 0x20, 0x28, 0x43, 0x35, 0x29, 0x12, 0x30, 0x32, 0x31, 0x20, 0x41, 0x63 ; file 1BE05D
db 0x63, 0x6F, 0x72, 0x64, 0x69, 0x6F, 0x6E, 0x20, 0x28, 0x43, 0x32, 0x29, 0x12, 0x30, 0x32, 0x31 ; file 1BE06D
db 0x20, 0x41, 0x63, 0x63, 0x6F, 0x72, 0x64, 0x69, 0x6F, 0x6E, 0x20, 0x28, 0x43, 0x33, 0x29, 0x12 ; file 1BE07D
db 0x30, 0x32, 0x31, 0x20, 0x41, 0x63, 0x63, 0x6F, 0x72, 0x64, 0x69, 0x6F, 0x6E, 0x20, 0x28, 0x43 ; file 1BE08D
db 0x34, 0x29, 0x18, 0x30, 0x32, 0x33, 0x20, 0x54, 0x61, 0x6E, 0x67, 0x6F, 0x20, 0x41, 0x63, 0x63 ; file 1BE09D
db 0x6F, 0x72, 0x64, 0x69, 0x6F, 0x6E, 0x20, 0x28, 0x43, 0x33, 0x29, 0x18, 0x30, 0x32, 0x33, 0x20 ; file 1BE0AD
db 0x54, 0x61, 0x6E, 0x67, 0x6F, 0x20, 0x41, 0x63, 0x63, 0x6F, 0x72, 0x64, 0x69, 0x6F, 0x6E, 0x20 ; file 1BE0BD
db 0x28, 0x43, 0x34, 0x29, 0x14, 0x30, 0x32, 0x36, 0x20, 0x47, 0x75, 0x69, 0x74, 0x20, 0x28, 0x6A ; file 1BE0CD
db 0x61, 0x7A, 0x7A, 0x29, 0x20, 0x28, 0x45, 0x34, 0x29, 0x17, 0x30, 0x32, 0x37, 0x20, 0x45, 0x20 ; file 1BE0DD
db 0x47, 0x75, 0x69, 0x74, 0x20, 0x28, 0x63, 0x6C, 0x65, 0x61, 0x6E, 0x29, 0x20, 0x28, 0x43, 0x34 ; file 1BE0ED
db 0x29, 0x17, 0x30, 0x32, 0x37, 0x20, 0x45, 0x20, 0x47, 0x75, 0x69, 0x74, 0x20, 0x28, 0x63, 0x6C ; file 1BE0FD
db 0x65, 0x61, 0x6E, 0x29, 0x20, 0x28, 0x43, 0x35, 0x29, 0x14, 0x30, 0x32, 0x39, 0x20, 0x4F, 0x76 ; file 1BE10D
db 0x65, 0x72, 0x20, 0x47, 0x75, 0x69, 0x74, 0x61, 0x72, 0x20, 0x28, 0x43, 0x34, 0x29, 0x12, 0x30 ; file 1BE11D
db 0x33, 0x30, 0x20, 0x44, 0x69, 0x73, 0x74, 0x20, 0x47, 0x75, 0x69, 0x74, 0x20, 0x28, 0x45, 0x32 ; file 1BE12D
db 0x29, 0x12, 0x30, 0x33, 0x30, 0x20, 0x44, 0x69, 0x73, 0x74, 0x20, 0x47, 0x75, 0x69, 0x74, 0x20 ; file 1BE13D
db 0x28, 0x45, 0x34, 0x29, 0x12, 0x30, 0x33, 0x30, 0x20, 0x44, 0x69, 0x73, 0x74, 0x20, 0x47, 0x75 ; file 1BE14D
db 0x69, 0x74, 0x20, 0x28, 0x45, 0x34, 0x29, 0x0F, 0x30, 0x34, 0x30, 0x20, 0x56, 0x69, 0x6F, 0x6C ; file 1BE15D
db 0x69, 0x6E, 0x20, 0x28, 0x43, 0x34, 0x29, 0x0F, 0x30, 0x34, 0x30, 0x20, 0x56, 0x69, 0x6F, 0x6C ; file 1BE16D
db 0x69, 0x6E, 0x20, 0x28, 0x43, 0x35, 0x29, 0x0F, 0x30, 0x34, 0x30, 0x20, 0x56, 0x69, 0x6F, 0x6C ; file 1BE17D
db 0x69, 0x6E, 0x20, 0x28, 0x43, 0x36, 0x29, 0x0D, 0x30, 0x34, 0x36, 0x20, 0x48, 0x61, 0x72, 0x70 ; file 1BE18D
db 0x20, 0x28, 0x43, 0x35, 0x29, 0x0D, 0x30, 0x34, 0x36, 0x20, 0x48, 0x61, 0x72, 0x70, 0x20, 0x28 ; file 1BE19D
db 0x43, 0x36, 0x29, 0x0F, 0x30, 0x34, 0x38, 0x20, 0x53, 0x74, 0x72, 0x69, 0x6E, 0x67, 0x20, 0x28 ; file 1BE1AD
db 0x47, 0x33, 0x29, 0x0F, 0x30, 0x34, 0x38, 0x20, 0x53, 0x74, 0x72, 0x69, 0x6E, 0x67, 0x20, 0x28 ; file 1BE1BD
db 0x47, 0x34, 0x29, 0x0F, 0x30, 0x34, 0x38, 0x20, 0x53, 0x74, 0x72, 0x69, 0x6E, 0x67, 0x20, 0x28 ; file 1BE1CD
db 0x47, 0x35, 0x29, 0x13, 0x30, 0x35, 0x32, 0x20, 0x43, 0x68, 0x6F, 0x69, 0x72, 0x20, 0x41, 0x61 ; file 1BE1DD
db 0x68, 0x73, 0x20, 0x28, 0x43, 0x34, 0x29, 0x0E, 0x30, 0x35, 0x39, 0x20, 0x4D, 0x75, 0x74, 0x65 ; file 1BE1ED
db 0x64, 0x20, 0x28, 0x43, 0x33, 0x29, 0x0E, 0x30, 0x35, 0x39, 0x20, 0x4D, 0x75, 0x74, 0x65, 0x64 ; file 1BE1FD
db 0x20, 0x28, 0x43, 0x34, 0x29, 0x15, 0x30, 0x36, 0x34, 0x20, 0x53, 0x6F, 0x70, 0x72, 0x61, 0x6E ; file 1BE20D
db 0x6F, 0x20, 0x53, 0x61, 0x78, 0x20, 0x28, 0x42, 0x62, 0x34, 0x29, 0x12, 0x30, 0x36, 0x35, 0x20 ; file 1BE21D
db 0x41, 0x6C, 0x74, 0x6F, 0x20, 0x53, 0x61, 0x78, 0x20, 0x28, 0x45, 0x62, 0x32, 0x29, 0x12, 0x30 ; file 1BE22D
db 0x36, 0x35, 0x20, 0x41, 0x6C, 0x74, 0x6F, 0x20, 0x53, 0x61, 0x78, 0x20, 0x28, 0x45, 0x62, 0x33 ; file 1BE23D
db 0x29, 0x12, 0x30, 0x36, 0x36, 0x20, 0x54, 0x65, 0x6E, 0x6F, 0x72, 0x20, 0x53, 0x61, 0x78, 0x20 ; file 1BE24D
db 0x28, 0x43, 0x33, 0x29, 0x12, 0x30, 0x36, 0x37, 0x20, 0x42, 0x61, 0x72, 0x69, 0x20, 0x53, 0x61 ; file 1BE25D
db 0x78, 0x20, 0x28, 0x42, 0x62, 0x31, 0x29, 0x0D, 0x30, 0x36, 0x38, 0x20, 0x4F, 0x62, 0x6F, 0x65 ; file 1BE26D
db 0x20, 0x28, 0x47, 0x33, 0x29, 0x0D, 0x30, 0x36, 0x38, 0x20, 0x4F, 0x62, 0x6F, 0x65, 0x20, 0x28 ; file 1BE27D
db 0x47, 0x34, 0x29, 0x10, 0x30, 0x37, 0x30, 0x20, 0x42, 0x61, 0x73, 0x73, 0x6F, 0x6F, 0x6E, 0x20 ; file 1BE28D
db 0x28, 0x46, 0x32, 0x29, 0x10, 0x30, 0x37, 0x30, 0x20, 0x42, 0x61, 0x73, 0x73, 0x6F, 0x6F, 0x6E ; file 1BE29D
db 0x20, 0x28, 0x46, 0x33, 0x29, 0x11, 0x30, 0x37, 0x31, 0x20, 0x43, 0x6C, 0x61, 0x72, 0x69, 0x6E ; file 1BE2AD
db 0x65, 0x74, 0x20, 0x28, 0x45, 0x34, 0x29, 0x10, 0x30, 0x37, 0x32, 0x20, 0x50, 0x69, 0x63, 0x63 ; file 1BE2BD
db 0x6F, 0x6C, 0x6F, 0x20, 0x28, 0x43, 0x34, 0x29, 0x10, 0x30, 0x37, 0x32, 0x20, 0x50, 0x69, 0x63 ; file 1BE2CD
db 0x63, 0x6F, 0x6C, 0x6F, 0x20, 0x28, 0x43, 0x35, 0x29, 0x10, 0x30, 0x37, 0x32, 0x20, 0x50, 0x69 ; file 1BE2DD
db 0x63, 0x63, 0x6F, 0x6C, 0x6F, 0x20, 0x28, 0x43, 0x36, 0x29, 0x0E, 0x30, 0x37, 0x33, 0x20, 0x46 ; file 1BE2ED
db 0x6C, 0x75, 0x74, 0x65, 0x20, 0x28, 0x47, 0x33, 0x29, 0x0E, 0x30, 0x37, 0x33, 0x20, 0x46, 0x6C ; file 1BE2FD
db 0x75, 0x74, 0x65, 0x20, 0x28, 0x47, 0x34, 0x29, 0x0E, 0x30, 0x37, 0x33, 0x20, 0x46, 0x6C, 0x75 ; file 1BE30D
db 0x74, 0x65, 0x20, 0x28, 0x47, 0x35, 0x29, 0x11, 0x30, 0x37, 0x34, 0x20, 0x52, 0x65, 0x63, 0x6F ; file 1BE31D
db 0x72, 0x64, 0x65, 0x72, 0x20, 0x28, 0x43, 0x35, 0x29, 0x11, 0x30, 0x37, 0x34, 0x20, 0x52, 0x65 ; file 1BE32D
db 0x63, 0x6F, 0x72, 0x64, 0x65, 0x72, 0x20, 0x28, 0x43, 0x36, 0x29, 0x12, 0x30, 0x37, 0x35, 0x20 ; file 1BE33D
db 0x50, 0x61, 0x6E, 0x20, 0x46, 0x6C, 0x75, 0x74, 0x65, 0x20, 0x28, 0x43, 0x35, 0x29, 0x10, 0x30 ; file 1BE34D
db 0x37, 0x38, 0x20, 0x57, 0x68, 0x69, 0x73, 0x74, 0x6C, 0x65, 0x20, 0x28, 0x43, 0x36, 0x29, 0x0F ; file 1BE35D
db 0x30, 0x38, 0x30, 0x20, 0x4C, 0x65, 0x61, 0x64, 0x20, 0x31, 0x20, 0x28, 0x43, 0x35, 0x29, 0x0F ; file 1BE36D
db 0x30, 0x38, 0x30, 0x20, 0x4C, 0x65, 0x61, 0x64, 0x20, 0x31, 0x20, 0x28, 0x43, 0x36, 0x29, 0x0F ; file 1BE37D
db 0x30, 0x38, 0x31, 0x20, 0x4C, 0x65, 0x61, 0x64, 0x20, 0x32, 0x20, 0x28, 0x43, 0x36, 0x29, 0x0F ; file 1BE38D
db 0x30, 0x38, 0x32, 0x20, 0x4C, 0x65, 0x61, 0x64, 0x20, 0x33, 0x20, 0x28, 0x43, 0x36, 0x29, 0x0F ; file 1BE39D
db 0x30, 0x38, 0x33, 0x20, 0x4C, 0x65, 0x61, 0x64, 0x20, 0x34, 0x20, 0x28, 0x43, 0x36, 0x29, 0x0F ; file 1BE3AD
db 0x30, 0x38, 0x34, 0x20, 0x4C, 0x65, 0x61, 0x64, 0x20, 0x35, 0x20, 0x28, 0x43, 0x34, 0x29, 0x0F ; file 1BE3BD
db 0x30, 0x38, 0x35, 0x20, 0x4C, 0x65, 0x61, 0x64, 0x20, 0x36, 0x20, 0x28, 0x43, 0x35, 0x29, 0x0F ; file 1BE3CD
db 0x30, 0x38, 0x35, 0x20, 0x4C, 0x65, 0x61, 0x64, 0x20, 0x36, 0x20, 0x28, 0x43, 0x36, 0x29, 0x0F ; file 1BE3DD
db 0x30, 0x38, 0x36, 0x20, 0x4C, 0x65, 0x61, 0x64, 0x20, 0x37, 0x20, 0x28, 0x43, 0x35, 0x29, 0x0E ; file 1BE3ED
db 0x30, 0x38, 0x38, 0x20, 0x50, 0x61, 0x64, 0x20, 0x31, 0x20, 0x28, 0x41, 0x34, 0x29, 0x0E, 0x30 ; file 1BE3FD
db 0x38, 0x38, 0x20, 0x50, 0x61, 0x64, 0x20, 0x31, 0x20, 0x28, 0x41, 0x35, 0x29, 0x13, 0x31, 0x31 ; file 1BE40D
db 0x32, 0x20, 0x54, 0x69, 0x6E, 0x6B, 0x6C, 0x65, 0x62, 0x65, 0x6C, 0x6C, 0x20, 0x28, 0x43, 0x35 ; file 1BE41D
db 0x29, 0x08, 0x47, 0x55, 0x32, 0x37, 0x2E, 0x4D, 0x49, 0x44, 0x0B, 0x73, 0x67, 0x75, 0x33, 0x39 ; file 1BE42D
db 0x76, 0x32, 0x2E, 0x6D, 0x69, 0x64, 0x09, 0x41, 0x47, 0x55, 0x31, 0x36, 0x2E, 0x4D, 0x49, 0x44 ; file 1BE43D
db 0x09, 0x41, 0x47, 0x55, 0x33, 0x32, 0x2E, 0x4D, 0x49, 0x44, 0x09, 0x41, 0x47, 0x55, 0x33, 0x38 ; file 1BE44D
db 0x2E, 0x4D, 0x49, 0x44, 0x09, 0x41, 0x47, 0x55, 0x35, 0x30, 0x2E, 0x4D, 0x49, 0x44, 0x09, 0x47 ; file 1BE45D
db 0x55, 0x31, 0x31, 0x41, 0x2E, 0x4D, 0x49, 0x44, 0x09, 0x47, 0x55, 0x31, 0x31, 0x42, 0x2E, 0x4D ; file 1BE46D
db 0x49, 0x44, 0x08, 0x47, 0x55, 0x31, 0x32, 0x2E, 0x4D, 0x49, 0x44, 0x08, 0x47, 0x55, 0x31, 0x35 ; file 1BE47D
db 0x2E, 0x4D, 0x49, 0x44, 0x08, 0x47, 0x55, 0x31, 0x36, 0x2E, 0x4D, 0x49, 0x44, 0x09, 0x47, 0x55 ; file 1BE48D
db 0x31, 0x36, 0x42, 0x2E, 0x4D, 0x49, 0x44, 0x08, 0x47, 0x55, 0x31, 0x37, 0x2E, 0x4D, 0x49, 0x44 ; file 1BE49D
db 0x08, 0x47, 0x55, 0x31, 0x38, 0x2E, 0x4D, 0x49, 0x44, 0x08, 0x47, 0x55, 0x31, 0x39, 0x2E, 0x4D ; file 1BE4AD
db 0x49, 0x44, 0x08, 0x47, 0x55, 0x32, 0x30, 0x2E, 0x4D, 0x49, 0x44, 0x08, 0x47, 0x55, 0x32, 0x31 ; file 1BE4BD
db 0x2E, 0x4D, 0x49, 0x44, 0x08, 0x47, 0x55, 0x32, 0x32, 0x2E, 0x4D, 0x49, 0x44, 0x08, 0x47, 0x55 ; file 1BE4CD
db 0x32, 0x33, 0x2E, 0x4D, 0x49, 0x44, 0x08, 0x47, 0x55, 0x32, 0x34, 0x2E, 0x4D, 0x49, 0x44, 0x08 ; file 1BE4DD
db 0x47, 0x55, 0x32, 0x35, 0x2E, 0x4D, 0x49, 0x44, 0x08, 0x47, 0x55, 0x32, 0x36, 0x2E, 0x4D, 0x49 ; file 1BE4ED
db 0x44, 0x08, 0x47, 0x55, 0x32, 0x38, 0x2E, 0x4D, 0x49, 0x44, 0x08, 0x47, 0x55, 0x32, 0x39, 0x2E ; file 1BE4FD
db 0x4D, 0x49, 0x44, 0x08, 0x47, 0x55, 0x33, 0x30, 0x2E, 0x4D, 0x49, 0x44, 0x08, 0x47, 0x55, 0x33 ; file 1BE50D
db 0x31, 0x2E, 0x4D, 0x49, 0x44, 0x08, 0x47, 0x55, 0x33, 0x32, 0x2E, 0x4D, 0x49, 0x44, 0x08, 0x47 ; file 1BE51D
db 0x55, 0x33, 0x33, 0x2E, 0x4D, 0x49, 0x44, 0x08, 0x47, 0x55, 0x33, 0x34, 0x2E, 0x4D, 0x49, 0x44 ; file 1BE52D
db 0x08, 0x47, 0x55, 0x33, 0x35, 0x2E, 0x4D, 0x49, 0x44, 0x08, 0x47, 0x55, 0x33, 0x36, 0x2E, 0x4D ; file 1BE53D
db 0x49, 0x44, 0x08, 0x47, 0x55, 0x33, 0x37, 0x2E, 0x4D, 0x49, 0x44, 0x08, 0x47, 0x55, 0x33, 0x38 ; file 1BE54D
db 0x2E, 0x4D, 0x49, 0x44, 0x08, 0x47, 0x55, 0x34, 0x30, 0x2E, 0x4D, 0x49, 0x44, 0x08, 0x47, 0x55 ; file 1BE55D
db 0x34, 0x31, 0x2E, 0x4D, 0x49, 0x44, 0x08, 0x47, 0x55, 0x34, 0x32, 0x2E, 0x4D, 0x49, 0x44, 0x08 ; file 1BE56D
db 0x47, 0x55, 0x34, 0x33, 0x2E, 0x4D, 0x49, 0x44, 0x08, 0x47, 0x55, 0x34, 0x34, 0x2E, 0x4D, 0x49 ; file 1BE57D
db 0x44, 0x08, 0x47, 0x55, 0x34, 0x35, 0x2E, 0x4D, 0x49, 0x44, 0x08, 0x47, 0x55, 0x34, 0x36, 0x2E ; file 1BE58D
db 0x4D, 0x49, 0x44, 0x08, 0x47, 0x55, 0x34, 0x37, 0x2E, 0x4D, 0x49, 0x44, 0x08, 0x47, 0x55, 0x34 ; file 1BE59D
db 0x38, 0x2E, 0x4D, 0x49, 0x44, 0x08, 0x47, 0x55, 0x34, 0x39, 0x2E, 0x4D, 0x49, 0x44, 0x07, 0x47 ; file 1BE5AD
db 0x55, 0x35, 0x2E, 0x4D, 0x49, 0x44, 0x08, 0x47, 0x55, 0x35, 0x30, 0x2E, 0x4D, 0x49, 0x44, 0x08 ; file 1BE5BD
db 0x47, 0x55, 0x35, 0x31, 0x2E, 0x4D, 0x49, 0x44, 0x08, 0x47, 0x55, 0x35, 0x32, 0x2E, 0x4D, 0x49 ; file 1BE5CD
db 0x44, 0x08, 0x47, 0x55, 0x35, 0x33, 0x2E, 0x4D, 0x49, 0x44, 0x08, 0x47, 0x55, 0x35, 0x34, 0x2E ; file 1BE5DD
db 0x4D, 0x49, 0x44, 0x08, 0x47, 0x55, 0x35, 0x35, 0x2E, 0x4D, 0x49, 0x44, 0x08, 0x47, 0x55, 0x35 ; file 1BE5ED
db 0x36, 0x2E, 0x4D, 0x49, 0x44, 0x08, 0x47, 0x55, 0x35, 0x38, 0x2E, 0x4D, 0x49, 0x44, 0x08, 0x47 ; file 1BE5FD
db 0x55, 0x35, 0x39, 0x2E, 0x4D, 0x49, 0x44, 0x08, 0x47, 0x55, 0x36, 0x30, 0x2E, 0x4D, 0x49, 0x44 ; file 1BE60D
db 0x08, 0x47, 0x55, 0x36, 0x31, 0x2E, 0x4D, 0x49, 0x44, 0x08, 0x47, 0x55, 0x36, 0x33, 0x2E, 0x4D ; file 1BE61D
db 0x49, 0x44, 0x08, 0x47, 0x55, 0x36, 0x37, 0x2E, 0x4D, 0x49, 0x44, 0x08, 0x47, 0x55, 0x36, 0x38 ; file 1BE62D
db 0x2E, 0x4D, 0x49, 0x44, 0x08, 0x47, 0x55, 0x36, 0x39, 0x2E, 0x4D, 0x49, 0x44, 0x08, 0x47, 0x55 ; file 1BE63D
db 0x37, 0x30, 0x2E, 0x4D, 0x49, 0x44, 0x08, 0x47, 0x55, 0x37, 0x31, 0x2E, 0x4D, 0x49, 0x44, 0x08 ; file 1BE64D
db 0x47, 0x55, 0x37, 0x32, 0x2E, 0x4D, 0x49, 0x44, 0x08, 0x47, 0x55, 0x37, 0x33, 0x2E, 0x4D, 0x49 ; file 1BE65D
db 0x44, 0x08, 0x47, 0x55, 0x37, 0x34, 0x2E, 0x4D, 0x49, 0x44, 0x08, 0x47, 0x55, 0x37, 0x35, 0x2E ; file 1BE66D
db 0x4D, 0x49, 0x44, 0x08, 0x47, 0x55, 0x37, 0x36, 0x2E, 0x4D, 0x49, 0x44, 0x07, 0x47, 0x55, 0x38 ; file 1BE67D
db 0x2E, 0x4D, 0x49, 0x44, 0x07, 0x47, 0x55, 0x39, 0x2E, 0x4D, 0x49, 0x44, 0x15, 0x56, 0x6F, 0x6C ; file 1BE68D
db 0x75, 0x6D, 0x65, 0x20, 0x53, 0x63, 0x61, 0x6C, 0x65, 0x72, 0x2F, 0x43, 0x6C, 0x69, 0x70, 0x70 ; file 1BE69D
db 0x65, 0x72, 0x0F, 0x4C, 0x6F, 0x77, 0x2D, 0x50, 0x61, 0x73, 0x73, 0x20, 0x46, 0x69, 0x6C, 0x74 ; file 1BE6AD
db 0x65, 0x72, 0x0E, 0x53, 0x71, 0x75, 0x61, 0x72, 0x65, 0x2D, 0x4F, 0x2D, 0x4D, 0x61, 0x74, 0x69 ; file 1BE6BD
db 0x63, 0x0C, 0x54, 0x72, 0x69, 0x61, 0x6E, 0x67, 0x75, 0x6C, 0x69, 0x7A, 0x65, 0x72, 0x05, 0x61 ; file 1BE6CD
db 0x67, 0x75, 0x31, 0x36, 0x05, 0x61, 0x67, 0x75, 0x33, 0x32, 0x05, 0x61, 0x67, 0x75, 0x33, 0x38 ; file 1BE6DD
db 0x05, 0x61, 0x67, 0x75, 0x35, 0x30, 0x03, 0x67, 0x75, 0x35, 0x03, 0x67, 0x75, 0x36, 0x03, 0x67 ; file 1BE6ED
db 0x75, 0x38, 0x03, 0x67, 0x75, 0x39, 0x05, 0x67, 0x75, 0x31, 0x31, 0x61, 0x05, 0x67, 0x75, 0x31 ; file 1BE6FD
db 0x31, 0x62, 0x04, 0x67, 0x75, 0x31, 0x32, 0x04, 0x67, 0x75, 0x31, 0x35, 0x04, 0x67, 0x75, 0x31 ; file 1BE70D
db 0x36, 0x05, 0x67, 0x75, 0x31, 0x36, 0x62, 0x04, 0x67, 0x75, 0x31, 0x37, 0x04, 0x67, 0x75, 0x31 ; file 1BE71D
db 0x38, 0x04, 0x67, 0x75, 0x31, 0x39, 0x04, 0x67, 0x75, 0x32, 0x30, 0x04, 0x67, 0x75, 0x32, 0x31 ; file 1BE72D
db 0x04, 0x67, 0x75, 0x32, 0x32, 0x04, 0x67, 0x75, 0x32, 0x33, 0x04, 0x67, 0x75, 0x32, 0x34, 0x04 ; file 1BE73D
db 0x67, 0x75, 0x32, 0x35, 0x04, 0x67, 0x75, 0x32, 0x36, 0x04, 0x67, 0x75, 0x32, 0x37, 0x04, 0x67 ; file 1BE74D
db 0x75, 0x32, 0x38, 0x04, 0x67, 0x75, 0x32, 0x39, 0x04, 0x67, 0x75, 0x33, 0x30, 0x04, 0x67, 0x75 ; file 1BE75D
db 0x33, 0x31, 0x04, 0x67, 0x75, 0x33, 0x32, 0x04, 0x67, 0x75, 0x33, 0x33, 0x04, 0x67, 0x75, 0x33 ; file 1BE76D
db 0x34, 0x04, 0x67, 0x75, 0x33, 0x35, 0x04, 0x67, 0x75, 0x33, 0x36, 0x04, 0x67, 0x75, 0x33, 0x37 ; file 1BE77D
db 0x04, 0x67, 0x75, 0x33, 0x38, 0x04, 0x67, 0x75, 0x33, 0x39, 0x04, 0x67, 0x75, 0x34, 0x30, 0x04 ; file 1BE78D
db 0x67, 0x75, 0x34, 0x31, 0x04, 0x67, 0x75, 0x34, 0x32, 0x04, 0x67, 0x75, 0x36, 0x31, 0x04, 0x67 ; file 1BE79D
db 0x75, 0x34, 0x34, 0x04, 0x67, 0x75, 0x34, 0x35, 0x04, 0x67, 0x75, 0x34, 0x36, 0x04, 0x67, 0x75 ; file 1BE7AD
db 0x34, 0x37, 0x04, 0x67, 0x75, 0x34, 0x38, 0x04, 0x67, 0x75, 0x34, 0x39, 0x04, 0x67, 0x75, 0x35 ; file 1BE7BD
db 0x30, 0x04, 0x67, 0x75, 0x35, 0x31, 0x04, 0x67, 0x75, 0x35, 0x32, 0x04, 0x67, 0x75, 0x35, 0x33 ; file 1BE7CD
db 0x04, 0x67, 0x75, 0x35, 0x34, 0x04, 0x67, 0x75, 0x35, 0x35, 0x04, 0x67, 0x75, 0x35, 0x36, 0x04 ; file 1BE7DD
db 0x67, 0x75, 0x35, 0x38, 0x04, 0x67, 0x75, 0x36, 0x30, 0x04, 0x67, 0x75, 0x34, 0x33, 0x04, 0x67 ; file 1BE7ED
db 0x75, 0x35, 0x39, 0x04, 0x67, 0x75, 0x36, 0x33, 0x04, 0x67, 0x75, 0x36, 0x37, 0x04, 0x67, 0x75 ; file 1BE7FD
db 0x36, 0x38, 0x04, 0x67, 0x75, 0x36, 0x39, 0x04, 0x67, 0x75, 0x37, 0x30, 0x04, 0x67, 0x75, 0x37 ; file 1BE80D
db 0x31, 0x04, 0x67, 0x75, 0x37, 0x32, 0x04, 0x67, 0x75, 0x37, 0x33, 0x04, 0x67, 0x75, 0x37, 0x34 ; file 1BE81D
db 0x04, 0x67, 0x75, 0x37, 0x35, 0x04, 0x67, 0x75, 0x37, 0x36, 0x0C, 0x42, 0x72, 0x69, 0x67, 0x68 ; file 1BE82D
db 0x74, 0x20, 0x50, 0x69, 0x61, 0x6E, 0x6F, 0x14, 0x45, 0x6C, 0x65, 0x63, 0x74, 0x72, 0x69, 0x63 ; file 1BE83D
db 0x20, 0x47, 0x72, 0x61, 0x6E, 0x64, 0x20, 0x50, 0x69, 0x61, 0x6E, 0x6F, 0x10, 0x48, 0x6F, 0x6E ; file 1BE84D
db 0x6B, 0x79, 0x2D, 0x74, 0x6F, 0x6E, 0x6B, 0x20, 0x50, 0x69, 0x61, 0x6E, 0x6F, 0x0C, 0x52, 0x68 ; file 1BE85D
db 0x6F, 0x64, 0x65, 0x73, 0x20, 0x50, 0x69, 0x61, 0x6E, 0x6F, 0x0E, 0x43, 0x68, 0x6F, 0x72, 0x75 ; file 1BE86D
db 0x73, 0x65, 0x64, 0x20, 0x50, 0x69, 0x61, 0x6E, 0x6F, 0x0B, 0x48, 0x61, 0x72, 0x70, 0x73, 0x69 ; file 1BE87D
db 0x63, 0x68, 0x6F, 0x72, 0x64, 0x08, 0x43, 0x6C, 0x61, 0x76, 0x69, 0x6E, 0x65, 0x74, 0x07, 0x43 ; file 1BE88D
db 0x65, 0x6C, 0x65, 0x73, 0x74, 0x61, 0x0C, 0x47, 0x6C, 0x6F, 0x63, 0x6B, 0x65, 0x6E, 0x73, 0x70 ; file 1BE89D
db 0x69, 0x65, 0x6C, 0x09, 0x4D, 0x75, 0x73, 0x69, 0x63, 0x20, 0x42, 0x6F, 0x78, 0x0A, 0x56, 0x69 ; file 1BE8AD
db 0x62, 0x72, 0x61, 0x70, 0x68, 0x6F, 0x6E, 0x65, 0x07, 0x4D, 0x61, 0x72, 0x69, 0x6D, 0x62, 0x61 ; file 1BE8BD
db 0x09, 0x58, 0x79, 0x6C, 0x6F, 0x70, 0x68, 0x6F, 0x6E, 0x65, 0x0D, 0x54, 0x75, 0x62, 0x75, 0x6C ; file 1BE8CD
db 0x61, 0x72, 0x20, 0x42, 0x65, 0x6C, 0x6C, 0x73, 0x08, 0x44, 0x75, 0x6C, 0x63, 0x69, 0x6D, 0x65 ; file 1BE8DD
db 0x72, 0x0D, 0x48, 0x61, 0x6D, 0x6D, 0x6F, 0x6E, 0x64, 0x20, 0x4F, 0x72, 0x67, 0x61, 0x6E, 0x10 ; file 1BE8ED
db 0x50, 0x65, 0x72, 0x63, 0x75, 0x73, 0x73, 0x69, 0x76, 0x65, 0x20, 0x4F, 0x72, 0x67, 0x61, 0x6E ; file 1BE8FD
db 0x0A, 0x52, 0x6F, 0x63, 0x6B, 0x20, 0x4F, 0x72, 0x67, 0x61, 0x6E, 0x0C, 0x43, 0x68, 0x75, 0x72 ; file 1BE90D
db 0x63, 0x68, 0x20, 0x4F, 0x72, 0x67, 0x61, 0x6E, 0x0A, 0x52, 0x65, 0x65, 0x64, 0x20, 0x4F, 0x72 ; file 1BE91D
db 0x67, 0x61, 0x6E, 0x09, 0x41, 0x63, 0x63, 0x6F, 0x72, 0x64, 0x69, 0x6F, 0x6E, 0x09, 0x48, 0x61 ; file 1BE92D
db 0x72, 0x6D, 0x6F, 0x6E, 0x69, 0x63, 0x61, 0x0F, 0x54, 0x61, 0x6E, 0x67, 0x6F, 0x20, 0x41, 0x63 ; file 1BE93D
db 0x63, 0x6F, 0x72, 0x64, 0x69, 0x6F, 0x6E, 0x11, 0x41, 0x63, 0x6F, 0x75, 0x20, 0x47, 0x75, 0x69 ; file 1BE94D
db 0x74, 0x20, 0x28, 0x6E, 0x79, 0x6C, 0x6F, 0x6E, 0x29, 0x11, 0x41, 0x63, 0x6F, 0x75, 0x20, 0x47 ; file 1BE95D
db 0x75, 0x69, 0x74, 0x20, 0x28, 0x73, 0x74, 0x65, 0x65, 0x6C, 0x29, 0x10, 0x45, 0x6C, 0x65, 0x63 ; file 1BE96D
db 0x20, 0x47, 0x75, 0x69, 0x74, 0x20, 0x28, 0x6A, 0x61, 0x7A, 0x7A, 0x29, 0x11, 0x45, 0x6C, 0x65 ; file 1BE97D
db 0x63, 0x20, 0x47, 0x75, 0x69, 0x74, 0x20, 0x28, 0x63, 0x6C, 0x65, 0x61, 0x6E, 0x29, 0x11, 0x45 ; file 1BE98D
db 0x6C, 0x65, 0x63, 0x20, 0x47, 0x75, 0x69, 0x74, 0x20, 0x28, 0x6D, 0x75, 0x74, 0x65, 0x64, 0x29 ; file 1BE99D
db 0x0F, 0x4F, 0x76, 0x65, 0x72, 0x64, 0x72, 0x69, 0x76, 0x65, 0x6E, 0x20, 0x47, 0x75, 0x69, 0x74 ; file 1BE9AD
db 0x0F, 0x44, 0x69, 0x73, 0x74, 0x6F, 0x72, 0x74, 0x69, 0x6F, 0x6E, 0x20, 0x47, 0x75, 0x69, 0x74 ; file 1BE9BD
db 0x10, 0x47, 0x75, 0x69, 0x74, 0x61, 0x72, 0x20, 0x48, 0x61, 0x72, 0x6D, 0x6F, 0x6E, 0x69, 0x63 ; file 1BE9CD
db 0x73, 0x09, 0x41, 0x63, 0x6F, 0x75, 0x20, 0x42, 0x61, 0x73, 0x73, 0x12, 0x45, 0x6C, 0x65, 0x63 ; file 1BE9DD
db 0x20, 0x42, 0x61, 0x73, 0x73, 0x20, 0x28, 0x66, 0x69, 0x6E, 0x67, 0x65, 0x72, 0x29, 0x10, 0x45 ; file 1BE9ED
db 0x6C, 0x65, 0x63, 0x20, 0x42, 0x61, 0x73, 0x73, 0x20, 0x28, 0x70, 0x69, 0x63, 0x6B, 0x29, 0x0D ; file 1BE9FD
db 0x46, 0x72, 0x65, 0x74, 0x6C, 0x65, 0x73, 0x73, 0x20, 0x42, 0x61, 0x73, 0x73, 0x0B, 0x53, 0x6C ; file 1BEA0D
db 0x61, 0x70, 0x20, 0x42, 0x61, 0x73, 0x73, 0x20, 0x31, 0x0B, 0x53, 0x6C, 0x61, 0x70, 0x20, 0x42 ; file 1BEA1D
db 0x61, 0x73, 0x73, 0x20, 0x32, 0x0C, 0x53, 0x79, 0x6E, 0x74, 0x68, 0x20, 0x42, 0x61, 0x73, 0x73 ; file 1BEA2D
db 0x20, 0x31, 0x0C, 0x53, 0x79, 0x6E, 0x74, 0x68, 0x20, 0x42, 0x61, 0x73, 0x73, 0x20, 0x32, 0x06 ; file 1BEA3D
db 0x56, 0x69, 0x6F, 0x6C, 0x69, 0x6E, 0x05, 0x56, 0x69, 0x6F, 0x6C, 0x61, 0x05, 0x43, 0x65, 0x6C ; file 1BEA4D
db 0x6C, 0x6F, 0x0A, 0x43, 0x6F, 0x6E, 0x74, 0x72, 0x61, 0x62, 0x61, 0x73, 0x73, 0x0F, 0x54, 0x72 ; file 1BEA5D
db 0x65, 0x6D, 0x6F, 0x6C, 0x6F, 0x20, 0x53, 0x74, 0x72, 0x69, 0x6E, 0x67, 0x73, 0x0D, 0x50, 0x69 ; file 1BEA6D
db 0x7A, 0x7A, 0x69, 0x63, 0x61, 0x74, 0x6F, 0x20, 0x53, 0x74, 0x72, 0x0F, 0x4F, 0x72, 0x63, 0x68 ; file 1BEA7D
db 0x65, 0x73, 0x74, 0x72, 0x61, 0x6C, 0x20, 0x48, 0x61, 0x72, 0x70, 0x0D, 0x53, 0x74, 0x72, 0x69 ; file 1BEA8D
db 0x6E, 0x67, 0x20, 0x45, 0x6E, 0x73, 0x2E, 0x20, 0x31, 0x0D, 0x53, 0x74, 0x72, 0x69, 0x6E, 0x67 ; file 1BEA9D
db 0x20, 0x45, 0x6E, 0x73, 0x2E, 0x20, 0x32, 0x0F, 0x53, 0x79, 0x6E, 0x74, 0x68, 0x20, 0x53, 0x74 ; file 1BEAAD
db 0x72, 0x69, 0x6E, 0x67, 0x73, 0x20, 0x31, 0x0F, 0x53, 0x79, 0x6E, 0x74, 0x68, 0x20, 0x53, 0x74 ; file 1BEABD
db 0x72, 0x69, 0x6E, 0x67, 0x73, 0x20, 0x32, 0x0A, 0x43, 0x68, 0x6F, 0x69, 0x72, 0x20, 0x41, 0x61 ; file 1BEACD
db 0x68, 0x73, 0x0E, 0x4F, 0x72, 0x63, 0x68, 0x65, 0x73, 0x74, 0x72, 0x61, 0x6C, 0x20, 0x48, 0x69 ; file 1BEADD
db 0x74, 0x07, 0x54, 0x72, 0x75, 0x6D, 0x70, 0x65, 0x74, 0x08, 0x54, 0x72, 0x6F, 0x6D, 0x62, 0x6F ; file 1BEAED
db 0x6E, 0x65, 0x04, 0x54, 0x75, 0x62, 0x61, 0x0D, 0x4D, 0x75, 0x74, 0x65, 0x64, 0x20, 0x54, 0x72 ; file 1BEAFD
db 0x75, 0x6D, 0x70, 0x65, 0x74, 0x0B, 0x46, 0x72, 0x65, 0x6E, 0x63, 0x68, 0x20, 0x48, 0x6F, 0x72 ; file 1BEB0D
db 0x6E, 0x0D, 0x42, 0x72, 0x61, 0x73, 0x73, 0x20, 0x53, 0x65, 0x63, 0x74, 0x69, 0x6F, 0x6E, 0x0D ; file 1BEB1D
db 0x53, 0x79, 0x6E, 0x74, 0x68, 0x20, 0x42, 0x72, 0x61, 0x73, 0x73, 0x20, 0x31, 0x0D, 0x53, 0x79 ; file 1BEB2D
db 0x6E, 0x74, 0x68, 0x20, 0x42, 0x72, 0x61, 0x73, 0x73, 0x20, 0x32, 0x0B, 0x53, 0x6F, 0x70, 0x72 ; file 1BEB3D
db 0x61, 0x6E, 0x6F, 0x20, 0x53, 0x61, 0x78, 0x08, 0x41, 0x6C, 0x74, 0x6F, 0x20, 0x53, 0x61, 0x78 ; file 1BEB4D
db 0x09, 0x54, 0x65, 0x6E, 0x6F, 0x72, 0x20, 0x53, 0x61, 0x78, 0x0C, 0x42, 0x61, 0x72, 0x69, 0x74 ; file 1BEB5D
db 0x6F, 0x6E, 0x65, 0x20, 0x53, 0x61, 0x78, 0x04, 0x4F, 0x62, 0x6F, 0x65, 0x0C, 0x45, 0x6E, 0x67 ; file 1BEB6D
db 0x6C, 0x69, 0x73, 0x68, 0x20, 0x48, 0x6F, 0x72, 0x6E, 0x07, 0x42, 0x61, 0x73, 0x73, 0x6F, 0x6F ; file 1BEB7D
db 0x6E, 0x08, 0x43, 0x6C, 0x61, 0x72, 0x69, 0x6E, 0x65, 0x74, 0x07, 0x50, 0x69, 0x63, 0x63, 0x6F ; file 1BEB8D
db 0x6C, 0x6F, 0x05, 0x46, 0x6C, 0x75, 0x74, 0x65, 0x08, 0x52, 0x65, 0x63, 0x6F, 0x72, 0x64, 0x65 ; file 1BEB9D
db 0x72, 0x09, 0x50, 0x61, 0x6E, 0x20, 0x46, 0x6C, 0x75, 0x74, 0x65, 0x0B, 0x42, 0x6F, 0x74, 0x74 ; file 1BEBAD
db 0x6C, 0x65, 0x20, 0x42, 0x6C, 0x6F, 0x77, 0x0A, 0x53, 0x68, 0x61, 0x6B, 0x75, 0x68, 0x61, 0x63 ; file 1BEBBD
db 0x68, 0x69, 0x07, 0x57, 0x68, 0x69, 0x73, 0x74, 0x6C, 0x65, 0x07, 0x4F, 0x63, 0x61, 0x72, 0x69 ; file 1BEBCD
db 0x6E, 0x61, 0x0F, 0x4C, 0x65, 0x61, 0x64, 0x20, 0x31, 0x20, 0x28, 0x73, 0x71, 0x75, 0x61, 0x72 ; file 1BEBDD
db 0x65, 0x29, 0x11, 0x4C, 0x65, 0x61, 0x64, 0x20, 0x32, 0x20, 0x28, 0x73, 0x61, 0x77, 0x74, 0x6F ; file 1BEBED
db 0x6F, 0x74, 0x68, 0x29, 0x15, 0x4C, 0x65, 0x61, 0x64, 0x20, 0x33, 0x20, 0x28, 0x63, 0x61, 0x6C ; file 1BEBFD
db 0x69, 0x6F, 0x70, 0x65, 0x20, 0x6C, 0x65, 0x61, 0x64, 0x29, 0x13, 0x4C, 0x65, 0x61, 0x64, 0x20 ; file 1BEC0D
db 0x34, 0x20, 0x28, 0x63, 0x68, 0x69, 0x66, 0x66, 0x20, 0x6C, 0x65, 0x61, 0x64, 0x29, 0x10, 0x4C ; file 1BEC1D
db 0x65, 0x61, 0x64, 0x20, 0x35, 0x20, 0x28, 0x63, 0x68, 0x61, 0x72, 0x61, 0x6E, 0x67, 0x29, 0x0E ; file 1BEC2D
db 0x4C, 0x65, 0x61, 0x64, 0x20, 0x36, 0x20, 0x28, 0x76, 0x6F, 0x69, 0x63, 0x65, 0x29, 0x0E, 0x4C ; file 1BEC3D
db 0x65, 0x61, 0x64, 0x20, 0x37, 0x20, 0x28, 0x66, 0x69, 0x66, 0x74, 0x68, 0x29, 0x15, 0x4C, 0x65 ; file 1BEC4D
db 0x61, 0x64, 0x20, 0x38, 0x20, 0x28, 0x62, 0x72, 0x61, 0x73, 0x73, 0x20, 0x2B, 0x20, 0x6C, 0x65 ; file 1BEC5D
db 0x61, 0x64, 0x29, 0x0F, 0x50, 0x61, 0x64, 0x20, 0x31, 0x20, 0x28, 0x6E, 0x65, 0x77, 0x20, 0x61 ; file 1BEC6D
db 0x67, 0x65, 0x29, 0x0C, 0x50, 0x61, 0x64, 0x20, 0x32, 0x20, 0x28, 0x77, 0x61, 0x72, 0x6D, 0x29 ; file 1BEC7D
db 0x11, 0x50, 0x61, 0x64, 0x20, 0x33, 0x20, 0x28, 0x70, 0x6F, 0x6C, 0x79, 0x73, 0x79, 0x6E, 0x74 ; file 1BEC8D
db 0x68, 0x29, 0x0D, 0x50, 0x61, 0x64, 0x20, 0x34, 0x20, 0x28, 0x63, 0x68, 0x6F, 0x69, 0x72, 0x29 ; file 1BEC9D
db 0x0D, 0x50, 0x61, 0x64, 0x20, 0x35, 0x20, 0x28, 0x62, 0x6F, 0x77, 0x65, 0x64, 0x29, 0x10, 0x50 ; file 1BECAD
db 0x61, 0x64, 0x20, 0x36, 0x20, 0x28, 0x6D, 0x65, 0x74, 0x61, 0x6C, 0x6C, 0x69, 0x63, 0x29, 0x0C ; file 1BECBD
db 0x50, 0x61, 0x64, 0x20, 0x37, 0x20, 0x28, 0x68, 0x61, 0x6C, 0x6F, 0x29, 0x0D, 0x50, 0x61, 0x64 ; file 1BECCD
db 0x20, 0x38, 0x20, 0x28, 0x73, 0x77, 0x65, 0x65, 0x70, 0x29, 0x0B, 0x46, 0x58, 0x20, 0x31, 0x20 ; file 1BECDD
db 0x28, 0x72, 0x61, 0x69, 0x6E, 0x29, 0x11, 0x46, 0x58, 0x20, 0x32, 0x20, 0x28, 0x73, 0x6F, 0x75 ; file 1BECED
db 0x6E, 0x64, 0x74, 0x72, 0x61, 0x63, 0x6B, 0x29, 0x0E, 0x46, 0x58, 0x20, 0x33, 0x20, 0x28, 0x63 ; file 1BECFD
db 0x72, 0x79, 0x73, 0x74, 0x61, 0x6C, 0x29, 0x11, 0x46, 0x58, 0x20, 0x34, 0x20, 0x28, 0x61, 0x74 ; file 1BED0D
db 0x6D, 0x6F, 0x73, 0x70, 0x68, 0x65, 0x72, 0x65, 0x29, 0x11, 0x46, 0x58, 0x20, 0x35, 0x20, 0x28 ; file 1BED1D
db 0x62, 0x72, 0x69, 0x67, 0x68, 0x74, 0x6E, 0x65, 0x73, 0x73, 0x29, 0x0E, 0x46, 0x58, 0x20, 0x36 ; file 1BED2D
db 0x20, 0x28, 0x67, 0x6F, 0x62, 0x6C, 0x69, 0x6E, 0x73, 0x29, 0x0D, 0x46, 0x58, 0x20, 0x37, 0x20 ; file 1BED3D
db 0x28, 0x65, 0x63, 0x68, 0x6F, 0x65, 0x73, 0x29, 0x0D, 0x46, 0x58, 0x20, 0x38, 0x20, 0x28, 0x73 ; file 1BED4D
db 0x63, 0x69, 0x2D, 0x66, 0x69, 0x29, 0x05, 0x53, 0x69, 0x74, 0x61, 0x72, 0x05, 0x42, 0x61, 0x6E ; file 1BED5D
db 0x6A, 0x6F, 0x08, 0x53, 0x68, 0x61, 0x6D, 0x69, 0x73, 0x65, 0x6E, 0x04, 0x4B, 0x6F, 0x74, 0x6F ; file 1BED6D
db 0x07, 0x4B, 0x61, 0x6C, 0x69, 0x6D, 0x62, 0x61, 0x07, 0x42, 0x61, 0x67, 0x70, 0x69, 0x70, 0x65 ; file 1BED7D
db 0x06, 0x46, 0x69, 0x64, 0x64, 0x6C, 0x65, 0x06, 0x53, 0x68, 0x61, 0x6E, 0x61, 0x69, 0x0B, 0x54 ; file 1BED8D
db 0x69, 0x6E, 0x6B, 0x6C, 0x65, 0x20, 0x42, 0x65, 0x6C, 0x6C, 0x05, 0x41, 0x67, 0x6F, 0x67, 0x6F ; file 1BED9D
db 0x0A, 0x53, 0x74, 0x65, 0x65, 0x6C, 0x20, 0x44, 0x72, 0x75, 0x6D, 0x09, 0x57, 0x6F, 0x6F, 0x64 ; file 1BEDAD
db 0x62, 0x6C, 0x6F, 0x63, 0x6B, 0x0A, 0x54, 0x61, 0x69, 0x6B, 0x6F, 0x20, 0x44, 0x72, 0x75, 0x6D ; file 1BEDBD
db 0x0B, 0x4D, 0x65, 0x6C, 0x6F, 0x64, 0x69, 0x63, 0x20, 0x54, 0x6F, 0x6D, 0x0A, 0x53, 0x79, 0x6E ; file 1BEDCD
db 0x74, 0x68, 0x20, 0x44, 0x72, 0x75, 0x6D, 0x0E, 0x52, 0x65, 0x76, 0x65, 0x72, 0x73, 0x65, 0x20 ; file 1BEDDD
db 0x43, 0x79, 0x6D, 0x62, 0x61, 0x6C, 0x11, 0x47, 0x75, 0x69, 0x74, 0x61, 0x72, 0x20, 0x46, 0x72 ; file 1BEDED
db 0x65, 0x74, 0x20, 0x4E, 0x6F, 0x69, 0x73, 0x65, 0x0C, 0x42, 0x72, 0x65, 0x61, 0x74, 0x68, 0x20 ; file 1BEDFD
db 0x4E, 0x6F, 0x69, 0x73, 0x65, 0x08, 0x53, 0x65, 0x61, 0x73, 0x68, 0x6F, 0x72, 0x65, 0x0A, 0x42 ; file 1BEE0D
db 0x69, 0x72, 0x64, 0x20, 0x54, 0x77, 0x65, 0x65, 0x74, 0x0E, 0x54, 0x65, 0x6C, 0x65, 0x70, 0x68 ; file 1BEE1D
db 0x6F, 0x6E, 0x65, 0x20, 0x52, 0x69, 0x6E, 0x67, 0x0A, 0x48, 0x65, 0x6C, 0x69, 0x63, 0x6F, 0x70 ; file 1BEE2D
db 0x74, 0x65, 0x72, 0x07, 0x47, 0x75, 0x6E, 0x73, 0x68, 0x6F, 0x74, 0x0E, 0x41, 0x63, 0x6F, 0x75 ; file 1BEE3D
db 0x73, 0x74, 0x69, 0x63, 0x20, 0x50, 0x69, 0x61, 0x6E, 0x6F, 0x07, 0x54, 0x69, 0x6D, 0x70, 0x61 ; file 1BEE4D
db 0x6E, 0x69, 0x0A, 0x50, 0x65, 0x72, 0x63, 0x75, 0x73, 0x73, 0x69, 0x6F, 0x6E, 0x0A, 0x56, 0x6F ; file 1BEE5D
db 0x69, 0x63, 0x65, 0x20, 0x4F, 0x6F, 0x68, 0x73, 0x0B, 0x53, 0x79, 0x6E, 0x74, 0x68, 0x20, 0x56 ; file 1BEE6D
db 0x6F, 0x69, 0x63, 0x65, 0x17, 0x4D, 0x49, 0x44, 0x49, 0x20, 0x53, 0x79, 0x6E, 0x74, 0x68, 0x20 ; file 1BEE7D
db 0x33, 0x2E, 0x33, 0x37, 0x20, 0x31, 0x32, 0x2F, 0x39, 0x2F, 0x39, 0x33, 0x0E, 0x4F, 0x77, 0x6E ; file 1BEE8D
db 0x65, 0x72, 0x20, 0x72, 0x65, 0x73, 0x6F, 0x75, 0x72, 0x63, 0x65, 0x05, 0x61, 0x74, 0x2E, 0x72 ; file 1BEE9D
db 0x6C, 0x04, 0x62, 0x2E, 0x72, 0x6C, 0x05, 0x63, 0x68, 0x2E, 0x72, 0x6C, 0x04, 0x64, 0x2E, 0x72 ; file 1BEEAD
db 0x6C, 0x05, 0x64, 0x72, 0x2E, 0x72, 0x6C, 0x05, 0x66, 0x68, 0x2E, 0x72, 0x6C, 0x05, 0x67, 0x61 ; file 1BEEBD
db 0x2E, 0x72, 0x6C, 0x08, 0x68, 0x64, 0x69, 0x73, 0x6B, 0x2E, 0x72, 0x6C, 0x07, 0x68, 0x74, 0x62 ; file 1BEECD
db 0x64, 0x2E, 0x72, 0x6C, 0x08, 0x69, 0x6E, 0x74, 0x72, 0x6F, 0x2E, 0x72, 0x6C, 0x07, 0x6A, 0x68 ; file 1BEEDD
db 0x65, 0x6B, 0x2E, 0x72, 0x6C, 0x04, 0x6B, 0x2E, 0x72, 0x6C, 0x05, 0x6C, 0x61, 0x2E, 0x72, 0x6C ; file 1BEEED
db 0x05, 0x6C, 0x69, 0x2E, 0x72, 0x6C, 0x05, 0x6D, 0x62, 0x2E, 0x72, 0x6C, 0x05, 0x6D, 0x63, 0x2E ; file 1BEEFD
db 0x72, 0x6C, 0x05, 0x6D, 0x75, 0x2E, 0x72, 0x6C, 0x04, 0x6E, 0x2E, 0x72, 0x6C, 0x04, 0x70, 0x2E ; file 1BEF0D
db 0x72, 0x6C, 0x06, 0x78, 0x6D, 0x69, 0x2E, 0x72, 0x6C, 0x09, 0x67, 0x61, 0x6D, 0x77, 0x61, 0x76 ; file 1BEF1D
db 0x2E, 0x72, 0x6C, 0x06, 0x61, 0x74, 0x2E, 0x67, 0x72, 0x76, 0x05, 0x42, 0x2E, 0x47, 0x52, 0x56 ; file 1BEF2D
db 0x06, 0x43, 0x48, 0x2E, 0x47, 0x52, 0x56, 0x06, 0x43, 0x52, 0x2E, 0x47, 0x52, 0x56, 0x05, 0x44 ; file 1BEF3D
db 0x2E, 0x47, 0x52, 0x56, 0x08, 0x44, 0x45, 0x4D, 0x4F, 0x2E, 0x47, 0x52, 0x56, 0x06, 0x44, 0x52 ; file 1BEF4D
db 0x2E, 0x47, 0x52, 0x56, 0x06, 0x45, 0x4B, 0x2E, 0x47, 0x52, 0x56, 0x05, 0x46, 0x2E, 0x47, 0x52 ; file 1BEF5D
db 0x56, 0x06, 0x47, 0x41, 0x2E, 0x47, 0x52, 0x56, 0x09, 0x47, 0x52, 0x41, 0x54, 0x45, 0x2E, 0x47 ; file 1BEF6D
db 0x52, 0x56, 0x05, 0x48, 0x2E, 0x47, 0x52, 0x56, 0x06, 0x48, 0x4D, 0x2E, 0x47, 0x52, 0x56, 0x06 ; file 1BEF7D
db 0x4A, 0x48, 0x2E, 0x47, 0x52, 0x56, 0x05, 0x4B, 0x2E, 0x47, 0x52, 0x56, 0x06, 0x4C, 0x49, 0x2E ; file 1BEF8D
db 0x47, 0x52, 0x56, 0x08, 0x4D, 0x41, 0x5A, 0x45, 0x2E, 0x47, 0x52, 0x56, 0x06, 0x4D, 0x42, 0x2E ; file 1BEF9D
db 0x47, 0x52, 0x56, 0x06, 0x4D, 0x55, 0x2E, 0x47, 0x52, 0x56, 0x05, 0x4E, 0x2E, 0x47, 0x52, 0x56 ; file 1BEFAD
db 0x05, 0x50, 0x2E, 0x47, 0x52, 0x56, 0x07, 0x52, 0x4F, 0x42, 0x2E, 0x47, 0x4A, 0x44, 0x06, 0x4C ; file 1BEFBD
db 0x41, 0x2E, 0x47, 0x52, 0x56, 0x0A, 0x73, 0x63, 0x72, 0x69, 0x70, 0x74, 0x2E, 0x67, 0x72, 0x76 ; file 1BEFCD
db 0x03, 0x6C, 0x75, 0x74, 0x04, 0x47, 0x75, 0x6D, 0x70, 0x07, 0x56, 0x69, 0x65, 0x77, 0x43, 0x74 ; file 1BEFDD
db 0x6C, 0x01, 0x14, 0x04, 0x46, 0x69, 0x6C, 0x65, 0x04, 0x45, 0x64, 0x69, 0x74, 0x04, 0x47, 0x61 ; file 1BEFED
db 0x6D, 0x65, 0x00 ; file 1BEFFD
